ply
format ascii 1.0
element vertex 4096
property float x
property float y
property float z
property float nx
property float ny
property float nz
property uchar red
property uchar green
property uchar blue
end_header
-0.610846 0.012129 0.297688 0.465368 -0.157670 0.870961 186 107 238
-0.233672 -0.129628 0.333270 -0.018356 0.514032 0.857575 125 193 236
-0.498929 0.091976 0.541283 0.798403 -0.600559 0.043372 229 50 133
0.173054 -0.196942 -0.783335 -0.410182 0.838964 0.357618 75 234 173
0.344683 -0.182003 0.194385 -0.797463 0.602357 -0.034926 25 204 123
0.350107 0.131897 0.152069 -0.721260 -0.608125 0.331615 35 49 169
0.302603 0.256581 -0.164551 0.011207 -0.999931 0.003631 128 0 127
-0.555400 -0.153977 0.488368 0.660276 0.606309 0.443199 211 204 184
-0.372541 -0.113641 0.571942 -0.197183 0.922932 0.330629 102 245 169
-0.425956 0.005442 0.739909 -0.104991 -0.016579 -0.994335 114 125 0
0.200156 0.082590 -0.198434 0.897339 -0.314136 -0.310003 241 87 87
0.275165 0.209462 0.501058 -0.572486 -0.791592 -0.213639 54 26 100
0.111688 0.129979 -0.211353 0.500972 -0.583508 -0.639176 191 53 46
0.107673 0.018154 -0.918538 -0.196754 -0.028050 0.980052 102 123 252
0.346158 -0.229280 0.373546 -0.550133 0.834762 -0.022924 57 233 124
0.373744 -0.073340 0.081912 -0.268972 0.023511 -0.962861 93 130 4
-0.419576 0.025752 0.691364 -0.992130 -0.093927 -0.082806 1 115 116
0.407291 0.044069 -0.071627 -0.978261 -0.144230 0.149010 2 109 146
0.216529 0.039367 0.257677 -0.138283 -0.293324 0.945959 109 90 248
-0.133282 0.097433 0.272362 0.623616 -0.778361 -0.072514 207 28 118
0.132129 -0.067844 0.469516 -0.450510 0.623487 -0.638987 70 206 46
0.270653 0.242999 0.053698 0.146303 -0.987039 0.065949 146 1 135
0.437062 -0.185561 -0.246482 -0.755289 0.324349 0.569504 31 168 200
-0.602293 0.189658 0.583282 0.169397 -0.958887 0.227686 149 5 156
0.101727 -0.081266 -0.925985 -0.801331 0.559352 0.212119 25 198 154
0.020474 -0.106615 -1.002874 0.204736 0.396563 0.894886 153 178 241
-0.523620 0.073770 0.376998 0.162082 -0.259373 0.952079 148 94 248
0.201416 0.239855 0.300440 0.377043 -0.920960 -0.098340 175 10 114
0.196359 0.005336 -0.005559 0.917004 0.371981 -0.143992 244 174 109
-0.694568 -0.239348 0.222757 0.055157 0.690182 0.721530 134 215 219
0.147813 -0.102234 -0.133782 0.598641 0.272991 -0.753064 203 162 31
-0.835515 0.106569 0.454252 0.948751 -0.294182 0.115446 248 89 142
-0.505698 0.296374 0.585452 -0.275991 -0.932879 -0.231441 92 8 97
0.146463 0.142310 -0.934569 0.346903 -0.668431 0.657920 171 42 211
0.227873 -0.094609 -0.526927 -0.289755 0.289038 0.912414 90 164 243
0.249112 -0.014703 0.280017 0.014350 0.278606 0.960298 129 163 249
0.239938 0.014460 -0.694189 -0.716002 0.002255 0.698094 36 127 216
0.277041 0.204227 -0.334209 0.047045 -0.759874 0.648366 133 30 210
0.321301 0.035251 -0.119167 -0.669671 -0.695644 0.260039 42 38 160
0.120175 0.279004 -0.667637 -0.157752 -0.861443 -0.482732 107 17 65
-0.385075 -0.354053 0.576082 -0.014448 0.999011 0.042065 125 254 132
0.052511 0.238733 -0.765447 0.403080 -0.853743 0.329621 178 18 169
0.246861 -0.194376 0.671950 -0.314006 0.533577 -0.785300 87 195 27
0.350024 -0.268714 -0.489134 -0.507629 0.757406 0.410669 62 224 179
0.285711 0.104202 -0.486472 -0.457561 -0.308988 -0.833765 69 88 21
-0.344439 -0.078923 0.644482 -0.865851 0.347719 -0.359712 17 171 81
-0.062562 -0.152096 0.527105 0.214306 0.971494 -0.101356 154 251 114
0.174662 0.157875 -0.667504 0.673497 -0.648724 -0.354344 213 44 82
-0.406871 -0.198004 0.469606 -0.547313 0.678144 0.490478 57 213 190
-0.395223 -0.226087 0.493570 0.281553 0.892718 -0.351829 163 241 82
0.313339 -0.122472 0.007077 0.162547 0.952817 0.256357 148 248 160
-0.043156 -0.213913 0.570677 -0.401924 0.851931 -0.335665 76 236 84
0.058968 0.109084 0.562860 -0.732461 -0.421788 -0.534412 34 73 59
0.241337 0.043037 -0.075732 -0.854594 -0.504517 0.123011 18 63 143
0.356114 0.216350 0.009393 -0.101693 -0.546572 -0.831214 114 57 21
-0.439263 0.061134 0.534267 0.963668 -0.265629 -0.028015 250 93 123
-0.702864 -0.084962 0.610249 0.796284 0.328805 -0.507758 229 169 62
-0.347955 0.168235 0.471117 -0.347218 -0.922514 0.168545 83 9 148
-0.095466 -0.197819 -0.129770 0.706690 0.705852 0.048604 217 217 133
0.228021 -0.292909 0.255493 -0.182709 0.961266 0.206364 104 250 153
-0.567802 -0.109525 0.367511 -0.196842 0.503094 0.841516 102 191 234
-0.053189 -0.140515 -1.027754 0.843171 0.371754 0.388408 235 174 177
-0.625019 0.174897 0.593609 -0.392055 -0.850595 0.350401 77 19 172
0.307745 0.118562 -0.384670 -0.832409 -0.551069 -0.058461 21 57 120
0.290249 -0.117739 0.454493 -0.811101 0.359504 -0.461381 24 173 68
0.119604 0.184815 -0.848239 -0.053257 -0.649107 0.758831 120 44 224
0.227773 0.201260 0.269511 0.399514 -0.779737 -0.482078 178 28 66
-0.119236 0.191921 0.414704 0.457521 -0.613267 0.643878 185 49 209
0.345275 0.254026 0.214397 -0.679831 -0.733244 -0.013491 40 34 125
0.285217 0.157010 -0.844248 -0.514973 -0.515649 0.684769 61 61 214
0.283793 0.156443 -0.470722 -0.411291 -0.845221 0.341234 75 19 171
0.054298 -0.198676 -0.985830 0.140218 0.884156 0.445654 145 240 184
-0.099443 -0.139166 0.486314 0.729596 0.512767 -0.452504 220 192 69
-0.389279 -0.102798 0.296813 -0.190805 0.296934 0.935641 103 165 246
0.423118 0.102029 -0.274659 -0.971880 -0.187937 -0.141874 3 103 109
-0.039349 0.204625 0.498093 0.052527 -0.948904 0.311163 134 6 167
0.089179 0.162774 -0.353563 0.434062 -0.708696 0.556183 182 37 198
-0.079887 0.233412 0.467529 -0.270932 -0.869721 0.412530 92 16 180
0.213221 0.151784 -0.832483 -0.428004 -0.743567 -0.513732 72 32 61
0.354230 0.193628 0.475427 -0.925254 -0.357953 -0.125598 9 81 111
0.133247 0.049014 -0.707232 0.270839 -0.062731 0.960579 162 119 249
0.217407 -0.100620 -0.923320 -0.120051 0.226985 0.966471 112 156 250
0.054098 -0.156428 -0.670839 0.394509 0.903596 -0.166963 177 242 106
0.192834 -0.233782 -0.203048 0.458877 0.781577 -0.422574 186 227 73
0.086704 -0.006256 -0.811246 -0.162119 0.365118 0.916737 106 174 244
0.343319 -0.134870 -0.125250 -0.667179 0.744478 0.024989 42 222 130
-0.165152 0.048571 -0.825609 0.982341 -0.044668 -0.181691 252 121 104
0.237202 0.072153 -0.457974 -0.714265 -0.189274 0.673796 36 103 213
-0.211631 -0.067686 0.680234 0.484183 0.552104 -0.678784 189 197 40
0.322399 -0.138887 0.208125 -0.125233 0.988998 -0.078741 111 253 117
0.340282 0.063120 0.122271 -0.878578 -0.158972 -0.450366 15 107 70
-0.261779 -0.236213 0.471333 -0.469929 0.882565 -0.015688 67 240 125
0.329485 -0.023987 0.246489 -0.935894 -0.327572 -0.129612 8 85 110
0.151934 -0.171453 -0.824473 -0.344462 0.715909 -0.607305 83 218 50
0.026647 0.151846 0.521981 0.193308 -0.930956 0.309764 152 8 166
0.188385 -0.218779 0.306713 0.397372 0.847874 0.351007 178 235 172
-0.499299 -0.112338 0.442833 -0.133459 0.443525 0.886270 110 184 240
-0.081211 -0.157426 0.571183 -0.875099 0.455659 -0.163023 15 185 106
0.025743 0.161412 0.473094 -0.730200 -0.608194 0.311302 34 49 167
-0.743573 -0.032625 0.411085 0.818021 -0.003185 0.575180 231 127 200
-0.440912 -0.135732 0.657993 0.107269 0.539624 -0.835045 141 196 21
0.205105 0.076942 -0.325414 0.135073 -0.176258 -0.975033 144 105 3
0.289124 -0.164081 0.093245 -0.360000 0.929527 0.079875 81 246 137
-0.627654 -0.106693 0.475124 -0.038238 0.769839 0.637092 122 225 208
-0.254837 -0.067296 0.415191 -0.679084 0.488382 0.548021 40 189 197
-0.592402 0.109019 0.520116 0.857154 -0.458297 -0.235054 236 69 97
0.207388 0.141014 0.595006 -0.780640 -0.453727 -0.429805 27 69 72
0.015511 -0.194252 0.515535 -0.201623 0.911927 0.357403 101 243 173
0.178960 0.118192 -0.206892 0.331006 -0.820762 -0.465602 169 22 68
-0.855312 0.132937 0.479820 0.963349 -0.251047 0.094519 250 95 139
0.199887 -0.084216 -0.182306 0.783668 0.490330 -0.381368 227 190 78
0.084629 -0.052474 -0.943377 0.054302 -0.065075 0.996402 134 119 254
0.290409 -0.255471 -0.351003 -0.505458 0.749961 0.426698 63 223 181
0.014094 -0.045382 -0.873388 0.984814 0.115190 0.129899 253 142 144
-0.100417 0.113219 0.702732 0.259628 -0.371425 -0.891424 160 80 13
0.204260 -0.134958 0.226758 0.210570 0.933757 0.289409 154 246 164
0.289888 -0.037339 -0.656755 -0.839905 0.123064 0.528597 20 143 194
0.280239 -0.042088 -0.889400 -0.909360 0.143892 0.390332 11 145 177
0.454596 -0.410204 -0.458061 -0.566552 0.748704 -0.344181 55 222 83
-0.726195 -0.124454 0.726967 0.846910 0.283460 -0.449883 235 163 70
0.423266 0.081256 -0.118937 -0.958026 -0.238141 0.159608 5 97 147
0.272148 -0.289167 -0.327594 -0.272859 0.954324 0.121715 92 249 143
0.382443 0.240380 0.426581 -0.606770 -0.503254 -0.615277 50 63 49
0.243024 0.073166 -0.013603 0.321993 -0.249885 0.913169 168 95 243
-0.639795 0.082083 0.525531 0.350906 -0.544433 0.761878 172 58 224
-0.649439 -0.038812 0.502904 0.979337 0.193179 0.059840 252 152 135
-0.239901 0.038557 0.559798 0.965167 -0.009900 -0.261449 250 126 94
-0.161222 0.195889 0.331401 -0.575796 -0.575126 0.581110 54 54 201
-0.685539 -0.193151 0.510654 -0.155518 0.873630 0.461069 107 238 186
0.050884 0.034483 0.654733 -0.844897 -0.305309 -0.439244 19 88 71
0.023256 0.201607 0.652691 0.000520 -0.717136 -0.696933 127 36 38
-0.482426 0.285809 0.614227 -0.249067 -0.959503 -0.131606 95 5 110
0.072221 0.471388 -0.795642 0.037186 -0.967957 0.248347 132 4 159
0.306733 0.117900 -0.604214 -0.853766 -0.468830 0.226457 18 67 156
-0.104874 -0.066138 -0.900720 0.771422 0.168644 0.613569 225 149 205
0.552471 0.073202 -0.237057 -0.973622 -0.227193 -0.021061 3 98 124
0.212253 0.139208 0.052143 -0.753833 -0.623592 0.207046 31 47 153
-0.255997 0.192517 0.501758 0.433573 -0.872755 -0.224307 182 16 98
0.080913 0.132368 -0.854062 0.296894 -0.890733 -0.344164 165 13 83
-0.098421 -0.200908 -0.859575 0.548861 0.769672 0.326123 197 225 169
0.199595 0.172075 0.410512 -0.352369 -0.861953 -0.364518 82 17 81
0.176975 0.057766 -0.644911 -0.368049 -0.890828 -0.266393 80 13 93
-0.397122 0.267386 0.661143 0.303472 -0.778902 -0.548831 166 28 57
-0.155161 0.215743 -0.287792 0.476073 -0.666660 0.573515 188 42 200
0.108974 0.175947 0.428864 0.595098 -0.803639 0.004791 203 25 128
0.169637 -0.009198 0.331915 0.746588 -0.376067 0.548799 222 79 197
0.395723 -0.063914 -0.442345 -0.939640 0.200372 0.277358 7 153 162
0.198629 0.118112 0.310270 -0.810784 -0.568925 0.137672 24 54 145
0.295074 -0.110456 0.196611 -0.374678 0.407951 0.832582 79 179 233
0.470890 0.102323 -0.202961 -0.921055 -0.384768 0.060088 10 78 135
0.362428 -0.155941 -0.323789 -0.765691 0.638970 0.073726 29 208 136
-0.560570 0.147693 0.508068 -0.744987 -0.667023 0.008618 32 42 128
0.292295 -0.105842 -0.556652 -0.966023 0.255935 -0.036020 4 160 122
0.126516 0.166643 -0.166846 -0.276825 -0.959936 -0.043473 92 5 121
-0.686192 -0.041252 0.459104 0.979803 0.025534 -0.198329 252 130 102
0.220813 -0.307196 0.269326 0.365804 0.930602 0.012941 174 246 129
-0.525851 0.080611 0.574848 -0.548083 -0.836248 -0.017139 57 20 125
0.206190 0.147501 -0.569637 0.433344 -0.848672 0.303262 182 19 166
0.311330 -0.254391 -0.045750 -0.266396 0.962707 -0.047208 93 250 121
-0.589635 -0.065158 0.406637 0.506343 0.089820 0.857642 192 138 236
0.169395 0.366053 -0.638704 0.040163 -0.987057 0.155257 132 1 147
0.118676 0.083851 0.457168 0.919680 -0.291084 0.263550 244 90 161
0.253162 0.110378 -0.708386 -0.931219 -0.341474 0.127387 8 83 143
0.145520 -0.129749 -0.377054 0.385531 0.457470 -0.801303 176 185 25
0.079474 -0.055548 -0.878450 0.867548 0.203860 0.453654 238 153 185
-0.010991 -0.157708 0.527515 0.565000 0.560696 -0.605306 199 198 50
0.079243 0.113273 0.322790 0.561379 -0.522367 0.641861 199 60 209
0.219520 -0.158660 -0.913783 -0.786656 0.568761 0.240175 27 200 158
-0.516338 -0.121714 0.572291 0.637735 0.489591 -0.594639 208 189 51
-0.416858 -0.221114 0.687928 -0.409329 0.605828 -0.682218 75 204 40
0.396600 0.031853 0.093641 -0.945731 -0.014957 -0.324607 6 125 86
0.433651 0.160275 0.423744 -0.724145 -0.326599 -0.607410 35 85 50
0.039009 0.053188 -0.600389 0.850750 -0.362381 0.380663 235 81 176
0.074629 0.013714 -1.095073 -0.367401 -0.096992 0.924991 80 115 245
0.252126 0.156925 0.367545 -0.424726 -0.905041 0.022575 73 12 130
0.241354 0.012057 -0.150932 0.541608 0.240309 -0.805551 196 158 24
-0.668104 0.048408 0.625452 0.032789 -0.191670 -0.980912 131 103 2
0.262342 -0.028285 -0.657817 -0.709904 0.085279 -0.699116 36 138 38
0.485350 0.078022 -0.236786 -0.816966 -0.251684 0.518866 23 95 193
0.358123 0.145464 0.084151 -0.878238 -0.466526 0.105122 15 68 140
0.190497 -0.135005 0.205583 0.069738 0.630406 0.773126 136 207 226
-0.623347 -0.092115 0.333206 0.881701 0.395418 0.257387 239 177 160
-0.361844 0.007487 0.634700 0.305715 -0.074595 -0.949197 166 117 6
-0.348364 -0.122087 0.746055 0.468210 0.478681 -0.742727 187 188 32
-0.509690 -0.070203 0.506374 0.945765 0.245892 -0.212287 248 158 100
0.383427 0.054543 -0.604956 -0.974286 -0.100465 -0.201678 3 114 101
0.245808 -0.255377 -0.148225 0.504553 0.704215 -0.499507 191 217 63
0.106279 0.176450 -0.882788 0.009492 -0.886583 0.462472 128 14 186
0.086774 -0.076758 0.278585 -0.685670 0.299183 0.663586 40 165 212
0.252312 0.033731 0.295129 -0.430440 -0.579702 0.691858 72 53 215
0.157432 0.149793 0.230563 -0.090373 -0.337134 0.937109 115 84 246
0.244124 0.247573 -0.511759 -0.103116 -0.988160 0.113608 114 1 141
0.023830 0.256044 0.203904 0.509976 -0.679553 -0.527383 192 40 60
0.215533 -0.069876 -0.577392 -0.290622 0.232179 0.928241 90 157 245
0.106485 -0.041510 0.609857 -0.317341 0.026616 -0.947938 87 130 6
0.185258 0.118441 -0.621301 -0.269446 -0.931476 0.244440 93 8 158
-0.278895 -0.168013 0.157518 0.789384 0.609375 -0.074396 228 205 118
0.245017 0.059269 -0.243341 0.525546 -0.753456 0.395103 194 31 177
0.020176 0.047498 0.667588 -0.039547 -0.222881 -0.974043 122 99 3
0.160906 -0.148635 -0.926133 -0.337049 0.649483 0.681593 84 210 214
0.019593 -0.084352 -0.950806 0.767332 0.332687 0.548197 225 169 197
0.240854 0.026620 -0.315853 0.797916 0.033288 -0.601849 229 131 50
0.454274 0.046401 0.186323 -0.927583 -0.105022 -0.358553 9 114 81
0.257292 0.175580 0.109974 0.170432 -0.931467 0.321439 149 8 168
-0.458042 -0.064718 0.518709 0.727084 0.583818 -0.361256 220 201 81
0.155961 0.161209 -0.713447 -0.341975 -0.612254 0.712880 83 49 218
-0.383357 -0.032419 0.599328 0.490405 0.214292 -0.844738 190 154 19
-0.598827 0.194010 0.504387 0.759595 -0.644658 -0.086208 224 45 116
0.363522 0.138866 0.464682 -0.888926 -0.367105 -0.273943 14 80 92
0.222638 -0.221495 -0.014327 0.217239 0.618472 0.755182 155 206 223
0.187573 0.275979 -0.548507 -0.051793 -0.962738 0.265431 120 4 161
0.252076 0.052862 -0.377498 -0.566669 -0.138303 -0.812255 55 109 23
0.013322 -0.285203 0.187684 0.495578 0.865032 -0.078244 190 237 117
0.085449 0.283113 -0.838408 0.296708 -0.805041 0.513686 165 24 192
0.212270 0.024357 -0.850773 -0.984097 0.173520 0.037996 2 149 132
-0.701158 -0.263759 0.436690 0.708926 0.704873 0.024060 217 217 130
0.172340 0.129908 -0.444853 0.598634 -0.692441 0.402694 203 39 178
0.429775 0.103151 0.165803 -0.875279 -0.264050 0.405171 15 93 179
0.279717 0.324089 -0.186099 -0.366975 -0.715557 0.594396 80 36 203
-0.000458 -0.127650 0.426368 0.701212 0.139608 0.699151 216 145 216
0.046833 -0.134335 -0.834192 0.545386 0.436599 0.715496 197 183 218
-0.021158 0.080377 -0.564172 0.752640 -0.493921 0.435403 223 64 183
0.190111 0.038750 -0.687473 -0.502335 -0.157364 0.850233 63 107 235
0.054402 0.162120 -0.997210 0.223668 -0.346039 0.911169 156 83 243
0.311323 0.092469 -0.005178 0.062325 -0.960482 0.271275 135 5 162
0.352364 0.117417 0.277411 -0.613847 -0.496727 -0.613558 49 64 49
0.230412 -0.107780 -0.126904 0.815461 0.526241 -0.241025 231 194 96
0.249244 0.177284 -0.092963 0.761172 -0.647400 0.038598 224 44 132
-0.324790 -0.065055 0.529161 0.312872 0.319714 -0.894368 167 168 13
0.128334 -0.124555 -0.947484 -0.471057 0.760523 0.446889 67 224 184
-0.392129 0.004072 0.632240 -0.904924 0.335520 -0.261800 12 170 94
0.168116 0.025779 -1.070693 -0.389279 -0.116878 0.913675 77 112 243
0.295619 -0.137261 0.345070 -0.819401 0.331554 -0.467604 23 169 67
0.294016 -0.225491 -0.462259 -0.531078 0.740907 0.411112 59 221 179
-0.009151 0.070895 -0.537468 0.940316 -0.336789 0.048771 247 84 133
0.212346 -0.124359 -0.522569 -0.023950 0.813618 -0.580907 124 231 53
-0.054691 0.240397 0.584552 -0.473762 -0.849134 -0.233496 67 19 97
0.567176 0.289600 -0.090385 -0.731598 -0.617722 -0.288417 34 48 90
0.139581 0.223144 -1.014400 0.132066 -0.705003 0.696799 144 37 216
0.194860 -0.073855 -0.791747 -0.703790 0.646308 0.294899 37 209 165
-0.506089 -0.016542 0.536427 -0.685252 -0.438107 -0.581801 40 71 53
-0.125327 0.037637 0.392467 0.742890 0.328743 0.583131 222 169 201
0.167282 0.019460 -0.011436 0.744288 0.117844 -0.657380 222 142 43
0.465527 0.170390 -0.238286 -0.913473 -0.356511 0.196132 11 82 152
-0.361551 -0.353578 0.526965 0.490651 0.857718 -0.153563 190 236 107
0.258523 0.124671 0.217988 -0.347739 -0.838713 0.419092 83 20 180
0.209325 0.256450 0.677543 -0.463323 -0.677936 -0.570732 68 41 54
-0.678816 -0.258697 0.520864 0.091867 0.985237 0.144461 139 253 145
0.376106 0.155332 -0.167311 -0.535104 -0.816054 -0.218449 59 23 99
0.088342 0.095569 0.432889 0.434976 -0.435639 -0.788045 182 71 27
0.112541 -0.202843 0.581338 -0.194951 0.748747 -0.633539 102 222 46
0.121642 -0.012983 -0.746939 0.266172 0.525271 0.808235 161 194 230
-0.379767 -0.208656 0.427548 0.815356 0.561161 0.142452 231 199 145
-0.815889 -0.097441 0.578574 0.849945 0.211581 -0.482521 235 154 65
-0.008238 -0.194685 -0.191480 0.532903 0.589136 0.607399 195 202 204
0.342616 0.161932 -0.223574 -0.669489 -0.537448 -0.512771 42 58 62
0.146217 -0.074811 -0.708170 0.397852 0.527770 0.750448 178 194 223
-0.665013 -0.331098 0.422900 0.534628 0.798172 0.277660 195 229 162
0.347710 0.033646 -0.635201 -0.899287 -0.021755 0.436817 12 124 183
0.314169 0.027578 -0.499950 -0.645805 -0.142272 0.750130 45 109 223
-0.000553 -0.172503 0.593401 0.457117 0.520102 -0.721483 185 193 35
0.175773 0.193474 -1.010258 -0.522613 -0.722978 0.451861 60 35 185
-0.727117 0.093444 0.568306 0.921514 -0.364022 0.135281 244 81 144
0.328034 0.051070 0.314530 -0.695505 -0.434812 -0.572024 38 72 54
-0.536061 -0.041531 0.583252 -0.827321 0.472757 0.303383 22 187 166
0.200815 -0.213915 -0.093618 -0.514502 0.690973 0.507784 61 215 192
0.358596 0.133082 -0.278453 -0.492225 -0.544511 0.679133 64 58 214
0.425988 0.001275 0.292054 -0.618309 0.034970 -0.785157 48 131 27
-0.513672 0.173082 0.275766 0.588131 -0.655724 0.473421 202 43 187
0.287496 -0.062078 0.372818 -0.940894 0.077086 -0.329812 7 137 85
0.209028 -0.202465 -0.898500 -0.457647 0.827958 0.324107 69 233 168
0.349837 0.050444 -0.291278 -0.555650 -0.051434 0.829824 56 120 233
0.382261 -0.026806 -0.521104 -0.975262 -0.116632 -0.187781 3 112 103
-0.571881 0.052924 0.489873 -0.518384 0.004368 0.855137 61 128 236
-0.671078 -0.061416 0.472158 0.647102 0.750859 -0.132169 210 223 110
0.019623 -0.143642 0.561401 -0.280586 0.808125 0.517885 91 230 193
-0.061370 0.109230 -1.089939 0.783431 -0.283173 0.553218 227 91 198
0.305109 -0.090681 -0.362288 -0.813129 0.092460 0.574694 23 139 200
-0.682286 -0.052936 0.435372 0.726587 0.142948 0.672040 220 145 213
-0.008424 0.183772 0.573440 0.051465 -0.701417 -0.710891 134 38 36
0.109452 -0.171475 -0.809540 -0.193088 0.803363 0.563316 102 229 199
0.360993 -0.075158 0.451110 -0.785984 0.349725 -0.509825 27 172 62
-0.553924 0.108963 0.431804 0.544288 -0.733388 0.407299 196 33 179
0.427590 -0.172550 -0.658218 -0.915266 0.318268 0.246967 10 168 158
0.174725 0.171745 -0.699159 0.155174 -0.548342 0.821731 147 57 232
0.036872 -0.056625 0.436890 0.769826 0.274567 0.576177 225 162 200
0.136369 -0.104631 -0.440251 0.830885 0.306851 -0.464191 233 166 68
-0.176888 0.239472 -0.641226 0.882837 -0.465180 0.064861 240 68 135
0.130447 0.150637 0.029951 0.830115 -0.364496 -0.421962 233 81 73
-0.101065 -0.096001 0.291846 0.701568 0.049274 0.710897 216 133 218
0.285570 -0.025596 -0.037440 -0.869533 -0.124001 0.478054 16 111 188
0.071071 -0.167616 -0.756227 0.150531 0.821391 0.550143 146 232 197
-0.410289 -0.146406 0.469996 0.796048 0.457375 0.396378 228 185 178
-0.481157 0.220304 0.477554 -0.644047 -0.726630 0.239191 45 34 157
0.003170 -0.024738 0.557561 -0.991661 -0.001832 0.128859 1 127 143
-0.364059 0.307618 0.501865 0.676525 -0.730525 -0.092994 213 34 115
-0.142447 0.078973 0.554562 -0.166340 -0.217923 -0.961686 106 99 4
0.295221 0.107353 -0.703478 -0.000307 -0.764816 0.644249 127 29 209
-0.314509 -0.066203 0.451665 -0.135523 0.715779 0.685050 110 218 214
-0.017067 -0.006150 -0.867927 0.804450 0.424259 0.415770 230 181 180
0.393664 0.056245 0.251861 -0.982765 -0.124677 0.136490 2 111 144
0.184178 0.276958 -0.568038 -0.370802 -0.897944 -0.237071 80 13 97
0.180994 -0.272210 0.394837 0.126068 0.781193 -0.611428 143 227 49
0.245138 -0.062644 -0.576866 -0.579832 0.445532 -0.682126 53 184 40
0.124359 -0.006136 0.503702 0.395010 0.328958 -0.857761 177 169 18
0.144065 0.207762 0.553204 -0.899468 -0.428111 0.087631 12 72 138
-0.583694 0.372400 0.385066 0.175220 -0.825671 0.536251 149 22 195
0.090415 -0.068952 -0.428317 0.989088 0.133903 0.061436 253 144 135
-0.005014 0.033781 -1.050485 0.824898 -0.164161 0.540919 232 106 196
-0.598232 -0.218927 0.436255 -0.082527 0.914015 0.397199 116 244 178
-0.466752 -0.165160 0.613809 0.450593 0.706919 -0.545189 184 217 57
0.033484 -0.040374 0.445944 -0.381063 0.217491 0.898604 78 155 242
-0.089422 -0.286453 0.713536 -0.536514 0.578827 -0.614094 59 201 49
0.175799 0.167905 -0.803118 -0.673657 -0.643862 0.362806 41 45 173
0.215816 -0.095800 0.373455 -0.963939 0.147379 -0.221589 4 146 99
-0.573659 -0.117361 0.564094 0.411371 0.785024 -0.463153 179 227 68
-0.248528 -0.081277 0.553674 0.929388 0.339258 -0.145404 245 170 108
0.316620 -0.138300 -0.162323 0.581428 0.557254 0.592798 201 198 203
0.118297 0.193714 -0.363694 0.794020 -0.569777 -0.211862 228 54 100
-0.125778 -0.092462 -0.728616 0.816448 0.136140 0.561140 231 144 199
-0.185231 -0.310410 0.670567 0.644732 0.524739 -0.555850 209 194 56
0.158614 0.003610 -0.971467 -0.690783 -0.371931 0.620070 39 80 206
0.413544 -0.027996 -0.297010 -0.865009 0.094698 -0.492739 17 139 64
0.314388 -0.019861 0.513955 -0.697447 0.187394 -0.691702 38 151 39
0.041655 -0.189656 0.367233 0.242598 0.967458 -0.071915 158 250 118
-0.429662 -0.086591 0.552221 -0.985916 0.163382 0.035718 1 148 132
0.284517 -0.161236 -0.051144 0.572772 0.615618 -0.541246 200 205 58
0.121670 0.117314 -1.042706 0.504241 -0.384866 0.773058 191 78 226
0.174782 0.135877 -0.235634 0.061130 -0.753903 0.654136 135 31 210
0.440557 0.132104 -0.055928 -0.901875 -0.340805 0.265467 12 84 161
-0.244408 -0.186295 0.549455 -0.732905 0.561184 -0.384607 34 199 78
0.259640 0.377954 -0.213435 -0.039972 -0.970584 -0.237421 122 3 97
0.178656 0.038004 -0.739609 -0.933180 -0.348262 0.088818 8 83 138
0.278199 0.092631 -0.077012 0.284174 -0.881223 0.377743 163 15 175
-0.567498 -0.176877 0.525563 0.814551 0.577881 -0.050596 231 201 121
0.309947 0.133249 0.243615 -0.601933 -0.585908 -0.542575 50 52 58
-0.624871 0.202141 0.666876 0.478930 -0.464840 -0.744681 188 68 32
0.455921 0.146571 -0.253748 -0.914363 -0.211354 -0.345356 10 100 83
-0.193116 -0.240495 0.618134 0.179742 0.800813 -0.571306 150 229 54
-0.626940 0.228559 0.435379 0.568607 -0.822212 0.025574 199 22 130
0.213733 -0.026506 0.398206 -0.676848 0.715172 0.174372 41 218 149
0.407489 -0.129221 -0.427803 -0.820394 0.432268 0.374297 22 182 175
0.114310 0.103381 0.075503 0.920607 -0.335579 0.199675 244 84 152
0.137334 0.425056 0.484857 0.103969 -0.926122 -0.362613 140 9 81
-0.602106 0.181254 0.605751 0.630766 -0.566070 -0.530753 207 55 59
0.319709 -0.031650 -0.054406 -0.570713 0.016700 0.820979 54 129 232
0.539352 -0.197865 -0.123788 -0.890170 0.452830 -0.050429 14 185 121
0.156710 -0.066514 -0.757980 -0.499890 0.123871 -0.857185 63 143 18
-0.743598 -0.164099 0.583247 0.742772 0.593337 -0.310228 222 203 87
0.290973 -0.173873 -0.322132 -0.009433 0.834889 0.550338 126 233 197
-0.700738 -0.161931 0.713316 0.337667 0.472585 -0.814030 170 187 23
0.367829 -0.200369 -0.105562 -0.417773 0.835357 0.357273 74 234 173
0.217895 -0.175484 -0.574411 0.371933 0.847574 -0.378528 174 235 79
-0.625630 0.257281 0.402263 0.477448 -0.724643 0.496928 188 35 190
0.456510 0.225008 -0.325527 -0.749647 -0.526280 -0.401321 31 60 76
0.183168 0.135129 -0.479632 -0.035871 -0.657402 0.752686 122 43 223
0.267012 -0.180705 0.224737 -0.416249 0.725280 -0.548366 74 219 57
0.093187 0.252054 0.510212 0.135864 -0.905932 -0.401034 144 11 76
-0.013224 0.248413 0.539661 -0.779269 -0.623649 -0.061662 28 47 119
0.132329 -0.067471 -0.171565 0.910887 0.194226 0.364090 243 152 173
-0.264133 0.002208 0.308798 -0.513950 -0.031526 0.857241 61 123 236
0.463272 0.235316 0.057323 -0.825492 -0.538276 -0.169770 22 58 105
0.195042 0.042018 0.541622 -0.251924 -0.222514 -0.941818 95 99 7
0.345452 -0.150867 0.014364 -0.481684 0.852739 -0.202030 66 236 101
0.219416 0.015991 -0.769315 -0.744109 -0.158357 0.649019 32 107 210
-0.106010 -0.148045 0.041634 0.749873 0.405885 0.522444 223 179 194
-0.197571 -0.117104 0.483965 0.185146 0.493374 -0.849884 151 190 19
0.114315 0.016832 -0.822144 -0.197965 -0.788506 0.582296 102 26 201
-0.599974 -0.059174 0.571494 -0.142216 0.707540 0.692216 109 217 215
-0.718070 -0.155355 0.395591 0.389246 0.645549 0.657080 177 209 211
0.301019 0.119231 -0.600270 -0.414808 -0.736232 0.534694 74 33 195
-0.638602 0.003411 0.338040 0.794754 0.102502 0.598214 228 140 203
0.301562 -0.188297 -0.407013 -0.687694 0.725709 -0.020584 39 220 124
0.132082 0.060112 -0.341766 0.595520 -0.199129 0.778270 203 102 226
0.334757 -0.202924 0.049443 -0.291521 0.921805 -0.255520 90 245 94
-0.047292 -0.206167 -0.825855 0.687097 0.697979 0.201800 215 216 153
0.561482 0.258899 -0.203713 -0.752936 -0.635839 -0.169695 31 46 105
-0.211370 0.166197 0.496998 0.628581 -0.558071 -0.541704 207 56 58
0.134460 0.248823 0.515252 -0.572743 -0.786198 0.232073 54 27 157
0.208283 0.230810 -0.812076 -0.284853 -0.859022 0.425370 91 17 181
0.263422 0.212981 0.102498 0.408469 -0.664591 -0.625677 179 42 47
0.005532 -0.153386 0.743201 -0.098605 0.256234 -0.961572 114 160 4
0.322931 0.120913 -0.211826 -0.384784 -0.549540 -0.741584 78 57 32
-0.600578 0.216625 0.738895 0.197129 -0.393249 -0.898051 152 77 12
0.181263 0.211155 0.211929 -0.302504 -0.710108 0.635797 88 36 208
0.220679 0.031854 0.716711 -0.578411 -0.138314 -0.803934 53 109 24
-0.745196 0.336415 0.356437 0.807102 -0.589709 0.028815 230 52 131
0.253055 -0.151131 0.226668 0.185158 0.965711 0.181984 151 250 150
0.257192 0.006630 -0.589632 -0.976027 -0.000426 0.217651 3 127 155
0.033548 0.416378 -0.695476 0.417538 -0.881140 -0.221933 180 15 99
0.401742 -0.011053 0.518825 -0.949607 0.076258 -0.304026 6 137 88
0.279875 0.037818 -0.476559 -0.361925 -0.526537 -0.769266 81 60 29
-0.054009 0.139000 0.695023 -0.166384 -0.473310 -0.865040 106 67 17
0.201531 0.127504 0.409234 -0.621151 -0.451924 0.640262 48 69 209
0.408239 0.022230 -0.267897 -0.997727 -0.048663 -0.046619 0 121 121
-0.707579 -0.089231 0.450568 0.800852 0.391834 0.452881 229 177 185
0.242598 -0.057937 -0.444823 -0.860528 0.509152 -0.015986 17 192 125
0.210986 -0.184314 -0.293315 0.216098 0.729305 -0.649166 155 220 44
-0.374187 -0.207155 0.718819 -0.487288 0.499222 -0.716469 65 191 36
-0.068902 -0.177698 0.577355 0.171644 0.888605 -0.425346 149 240 73
-0.102262 0.216005 -0.895671 0.776641 -0.554823 0.298328 226 56 165
0.409063 0.087039 0.187649 -0.960368 -0.273703 -0.052734 5 92 120
0.369299 -0.020645 -0.179181 -0.612011 -0.358823 0.704761 49 81 217
-0.803250 0.047620 0.633031 0.811641 -0.125717 -0.570468 230 111 54
-0.255802 0.139447 0.606634 -0.791469 -0.446271 -0.417636 26 70 74
0.329212 0.073316 -0.089034 -0.798152 -0.454913 0.394978 25 69 177
0.169408 0.071317 0.036505 0.600180 -0.338606 -0.724658 204 84 35
-0.554723 0.157685 0.494210 -0.128097 -0.854036 0.504197 111 18 191
0.049386 0.126873 0.414431 0.487628 -0.803622 0.341189 189 25 171
0.097907 -0.115380 -0.681965 -0.330680 0.925718 -0.183570 85 245 104
0.262101 0.178529 0.569789 -0.747492 -0.440115 -0.497549 32 71 64
0.371407 0.159571 0.358783 -0.936814 -0.315341 -0.151462 8 87 108
-0.863325 0.047997 0.553840 0.908496 -0.215691 -0.357927 243 99 81
0.232774 0.136958 -0.228756 0.677184 -0.436154 -0.592614 213 71 51
0.219401 -0.212127 -0.097953 0.488106 0.749462 0.447280 189 223 184
0.255049 -0.116185 0.282878 -0.192597 0.782307 0.592370 102 227 203
-0.664379 0.083045 0.480507 0.899456 -0.299593 0.318155 242 89 168
0.120601 -0.291924 -0.348119 0.630333 0.772920 -0.072637 207 226 118
-0.801633 -0.132449 0.465134 0.850187 0.480409 0.215380 235 188 154
-0.412824 -0.169500 0.573276 0.337286 0.908632 0.246223 170 243 158
-0.452712 -0.012800 0.672691 -0.759689 -0.053502 -0.648082 30 120 44
-0.499474 0.040729 0.414078 0.388635 -0.101215 0.915816 177 114 244
0.026694 0.147217 0.503271 -0.028256 -0.864416 0.501982 123 17 191
0.177023 0.007959 0.109132 0.393480 0.480494 -0.783772 177 188 27
0.241286 0.092588 0.158452 0.528777 -0.178979 -0.829676 194 104 21
-0.610516 0.001042 0.643322 -0.725252 0.197275 -0.659615 35 152 43
0.357566 -0.201364 -0.306716 -0.207874 0.711126 0.671631 100 218 213
-0.582015 -0.057304 0.428805 -0.073261 0.343734 0.936205 118 171 246
-0.505723 0.114414 0.625512 -0.616889 -0.235602 -0.750959 48 97 31
-0.695798 0.067593 0.453129 0.762631 -0.287858 0.579250 224 90 201
0.118984 -0.052709 -0.868960 -0.444773 0.550042 0.706846 70 197 217
0.015141 -0.185430 -0.765231 0.694289 0.643006 -0.323275 216 209 86
0.228234 0.070587 -0.450644 0.359542 -0.349246 0.865307 173 82 237
-0.124214 -0.069997 -0.858636 0.956356 0.155745 -0.247240 249 147 95
-0.308331 -0.284908 0.517375 0.040406 0.978918 0.200219 132 252 153
-0.080555 -0.098663 0.695519 0.143263 0.303963 -0.941851 145 166 7
0.229919 0.153997 0.376516 -0.211934 -0.930797 -0.297828 100 8 89
-0.672995 -0.113962 0.575528 0.444041 0.815920 -0.370273 184 231 80
-0.824376 -0.055838 0.549106 0.948490 0.233534 -0.214075 248 157 100
-0.078911 0.192079 -0.783073 0.864291 -0.439410 0.244784 237 71 158
0.335059 -0.024526 -0.684668 -0.976738 -0.048477 0.208884 2 121 154
0.161770 -0.065558 0.450845 0.380682 0.594589 -0.708198 176 203 37
0.136268 0.024955 -0.831439 -0.662433 -0.307876 -0.682931 43 88 40
-0.413713 0.113585 0.584988 -0.300540 -0.821662 -0.484300 89 22 65
0.225473 0.005401 -1.028437 -0.707012 0.095677 0.700700 37 139 216
0.180711 0.093419 0.541447 -0.927121 -0.370938 0.053409 9 80 134
0.303825 0.082113 0.016008 -0.720669 -0.367534 -0.587839 35 80 52
0.266006 0.229479 0.447135 -0.657588 -0.743285 -0.122905 43 32 111
0.196608 -0.193635 -0.821513 0.010077 0.728165 0.685328 128 220 214
-0.270452 -0.174631 0.450761 0.882994 0.468658 -0.026106 240 187 124
0.057886 -0.183411 0.537828 0.109760 0.606036 -0.787828 141 204 27
-0.498400 0.055791 0.615452 -0.255419 -0.654821 -0.711316 94 44 36
0.304681 -0.112174 -0.671981 -0.638882 0.245807 0.728978 46 158 220
0.529010 0.152808 0.318607 -0.921206 -0.251606 -0.296772 10 95 89
0.175325 0.029434 -0.151097 0.558072 0.216512 -0.801048 198 155 25
-0.407864 0.054728 0.568585 -0.695939 -0.114718 -0.708879 38 112 37
-0.650801 0.056313 0.575438 0.146134 -0.817487 -0.557099 146 23 56
-0.565850 -0.011625 0.553193 0.744737 -0.036453 -0.666362 222 122 42
0.184095 -0.106020 -0.061982 0.891288 0.300031 -0.339981 241 165 84
0.332689 -0.033568 -0.734055 -0.588934 0.146856 0.794726 52 146 228
0.094978 -0.149485 -0.849578 -0.227254 0.692874 0.684311 98 215 214
-0.728054 -0.028193 0.438495 0.758892 0.386655 0.524004 224 176 194
-0.073803 -0.157808 -0.991813 0.708143 0.514421 0.483637 217 193 189
0.151873 -0.028571 -0.699949 0.479347 0.322186 0.816347 188 168 231
0.439273 -0.165781 -0.350945 -0.617903 0.624337 0.477911 48 207 188
-0.658491 0.194085 0.425717 0.283240 -0.618582 0.732893 163 48 220
-0.728217 0.043155 0.541197 0.152985 -0.058404 -0.986501 147 120 1
-0.617983 -0.007816 0.463312 0.987169 -0.029824 -0.156872 253 123 107
0.190689 -0.259690 0.609315 -0.020161 0.546236 -0.837389 124 197 20
-0.872303 -0.007131 0.597095 0.977957 0.194562 0.075796 252 152 137
0.175572 -0.117470 -1.030850 -0.671279 0.528559 0.519625 41 194 193
0.334209 -0.047466 -0.175930 -0.726837 -0.075319 -0.682667 34 117 40
0.293065 -0.034521 0.609175 -0.757772 0.186782 -0.625215 30 151 47
0.124902 -0.136461 0.293299 0.595938 0.794321 0.117947 203 228 142
0.220911 -0.226848 -0.009506 0.118574 0.874748 -0.469847 142 239 67
-0.013082 -0.111475 0.455175 0.961945 0.222130 0.159125 250 155 147
0.244500 -0.220377 0.106979 -0.210477 0.905780 0.367781 100 242 174
0.288334 -0.002609 -0.147995 -0.241468 0.246718 -0.938522 96 158 7
0.271382 0.151957 0.615149 -0.373679 -0.273700 -0.886258 79 92 14
-0.825138 0.146513 0.516082 0.841103 -0.470605 0.266602 234 67 161
-0.239983 -0.012917 0.597588 -0.931878 0.255545 -0.257488 8 160 94
0.076934 -0.221726 -0.922636 0.121656 0.878350 0.462279 143 239 186
0.326985 0.101427 -0.196427 -0.009058 -0.475902 -0.879452 126 66 15
-0.066477 0.110415 -1.004075 0.758703 -0.143325 0.635474 224 109 208
-0.147371 -0.010931 0.466834 0.021317 -0.487523 0.872850 130 65 238
0.349966 -0.094934 -0.410251 -0.809431 0.365303 -0.459757 24 174 68
0.253164 -0.140701 0.366481 -0.836581 0.517236 0.180553 20 193 150
-0.781362 -0.097700 0.254853 0.807168 0.388514 0.444451 230 177 184
-0.311512 0.001888 0.664999 0.426385 -0.258165 -0.866918 181 94 16
0.183345 -0.045820 0.129189 0.593140 -0.014451 -0.804970 203 125 24
0.243912 0.042294 -1.004476 -0.873759 -0.372973 0.312148 16 79 167
0.048069 -0.022561 -1.030441 0.308302 0.021144 0.951054 166 130 248
0.120180 -0.188330 -0.820656 -0.018832 0.928118 0.371809 125 245 174
0.263883 -0.201569 -0.507313 0.027883 0.769529 -0.638003 131 225 46
0.276130 -0.059670 -1.098330 -0.832544 0.090808 0.546465 21 139 197
0.163629 0.257792 -0.370886 0.655507 -0.745674 0.119502 211 32 142
-0.021643 -0.056651 -0.958244 0.525375 0.426058 0.736516 194 181 221
-0.246473 -0.323951 0.572059 0.136400 0.987554 0.078304 144 253 137
0.193189 0.068767 -0.576525 0.688854 -0.572602 -0.444531 215 54 70
0.269149 -0.126865 -0.386125 0.105728 0.517431 0.849169 140 193 235
-0.609687 -0.008434 0.556150 0.841604 0.495907 -0.213959 234 190 100
0.269137 0.090346 0.477922 -0.956900 -0.206948 -0.203750 5 101 101
-0.295472 0.125341 0.638978 0.717488 -0.365124 -0.593208 218 80 51
0.333695 0.012899 -0.061373 -0.842067 -0.134570 -0.522316 20 110 60
-0.013508 -0.124456 0.299230 -0.387673 0.489079 0.781352 78 189 227
0.219108 -0.224503 0.050592 0.347621 0.908643 0.231359 171 243 156
-0.091656 0.012491 0.579002 0.326275 -0.286821 -0.900710 169 90 12
-0.577187 0.047851 0.607781 0.417034 -0.864086 0.281846 180 17 163
0.380624 0.088059 -0.424912 -0.950762 -0.293919 0.098305 6 90 140
0.221766 0.246928 -0.544348 0.474891 -0.874459 0.098998 188 16 140
-0.091427 -0.281014 -1.023633 0.723203 0.536437 0.434986 219 195 182
0.014901 0.055049 -0.924446 0.451731 -0.324173 0.831174 185 86 233
-0.443142 -0.161946 0.473306 -0.139734 0.831119 -0.538253 109 233 58
0.112779 -0.284656 -0.563839 0.520276 0.796306 0.308561 193 229 166
0.312353 0.371969 -0.193859 -0.340592 -0.938415 -0.058090 84 7 120
-0.807496 0.080299 0.571111 0.792906 -0.162944 -0.587154 228 106 52
-0.040528 0.361641 -0.790986 0.614191 -0.734946 0.287445 205 33 164
0.276880 -0.093608 -0.392015 -0.942702 0.240848 -0.230879 7 158 98
0.304285 0.034154 -0.197549 0.397935 0.204510 -0.894329 178 153 13
-0.237810 0.171616 0.349340 0.363447 -0.866079 -0.343240 173 17 83
0.079627 -0.002556 -0.873912 0.878950 0.156182 -0.450614 239 147 70
0.116139 0.014546 -0.776250 -0.313247 0.935964 -0.160773 87 246 107
0.391849 -0.026682 0.284849 -0.933891 0.106605 0.341297 8 141 171
-0.301515 0.330747 -0.933683 0.813191 -0.564515 0.141570 231 55 145
-0.105531 -0.081630 0.687617 0.109989 0.354670 -0.928500 141 172 9
-0.001376 0.114935 -1.186613 0.626611 -0.182330 0.757704 207 104 224
-0.310901 0.009368 0.579869 -0.981531 0.132818 -0.137679 2 144 109
-0.315766 -0.065444 0.558203 -0.963723 0.061151 0.259805 4 135 160
-0.224665 0.096174 -0.752203 0.984258 -0.176658 0.005270 252 104 128
0.311751 -0.238398 -0.586875 -0.051943 0.928023 -0.368883 120 245 80
-0.334692 0.070209 0.467579 -0.554809 -0.691850 0.462094 56 39 186
-0.197696 0.329502 0.590896 0.070745 -0.862841 -0.500501 136 17 63
0.162951 0.181821 0.477181 0.700975 -0.587483 -0.404349 216 52 75
-0.049459 -0.039432 -1.026419 0.890881 0.258176 0.373734 241 160 175
0.124139 -0.072395 -0.618137 0.853666 0.480190 0.201671 236 188 153
0.178010 0.066635 0.536384 -0.988873 0.032424 0.145185 1 131 146
0.316579 0.127633 -0.039630 -0.336988 -0.791895 0.509256 84 26 192
-0.608853 -0.083896 0.643876 0.294304 0.413994 -0.861391 165 180 17
-0.486988 0.146927 0.497900 0.189985 -0.799652 0.569616 151 25 200
0.194277 -0.239188 -0.792775 0.157046 0.979611 -0.125295 147 252 111
-0.234419 0.167714 0.571879 0.354020 -0.838151 -0.414936 172 20 74
0.080965 -0.173560 -0.887478 0.298273 0.437481 0.848319 165 183 235
-0.182066 -0.119900 0.626033 -0.467647 0.560685 -0.683329 67 198 40
-0.617846 0.009434 0.437582 0.596024 -0.348683 0.723309 203 83 219
0.502266 -0.184135 -0.258215 -0.881965 0.468507 -0.051378 15 187 120
-0.125185 0.016270 0.590957 -0.934239 -0.353425 -0.047828 8 82 121
-0.484357 -0.133855 0.614005 0.439541 0.608852 -0.660380 183 205 43
0.154924 0.111897 -0.069118 0.949215 -0.311187 -0.046414 248 87 121
0.169549 -0.063861 -0.776586 0.006151 0.560684 0.828007 128 198 233
-0.027257 0.159668 -0.779221 0.694243 -0.536300 0.480010 216 59 188
-0.364958 -0.041988 0.641577 0.770309 0.137786 -0.622606 225 145 48
0.323945 -0.114389 -0.494130 -0.721721 0.364767 0.588271 35 174 202
-0.646218 -0.022516 0.569729 -0.838246 0.465555 0.283906 20 186 163
0.005058 0.192520 -0.981861 0.561288 -0.766346 0.312520 199 29 167
0.087682 0.254515 -0.490638 0.623606 -0.775888 0.095467 207 28 139
-0.001025 0.271666 -0.784951 0.506781 -0.775163 -0.377220 192 28 79
0.237763 -0.205929 0.406330 -0.211822 0.920555 0.328191 100 244 169
0.389176 0.213205 -0.396029 -0.913793 -0.403915 0.042845 10 76 132
0.129699 -0.186201 -0.791700 -0.388944 0.841126 0.375806 77 234 175
-0.310013 0.121990 0.201808 -0.170690 -0.822802 0.542089 105 22 196
0.270322 0.360383 -0.171135 -0.008311 -0.963479 -0.267655 126 4 93
0.267044 0.114984 -0.577094 -0.645343 -0.606216 0.464795 45 50 186
0.086810 -0.141693 -0.213390 0.905598 0.377899 0.192573 242 175 152
0.037463 -0.079142 0.540473 0.806451 0.590954 -0.020251 230 202 124
-0.055572 0.025199 -0.819322 -0.029835 -0.146987 0.988688 123 108 253
-0.405324 -0.196573 0.560594 0.300486 0.813864 -0.497326 165 231 64
0.173297 0.322818 0.570531 -0.483510 -0.869848 -0.097889 65 16 115
-0.439514 -0.095151 0.565068 -0.748668 0.396683 -0.531168 32 178 59
0.207269 0.140295 -0.626284 -0.553003 -0.671674 0.492992 56 41 190
-0.161403 0.270714 0.724309 -0.019238 -0.636927 -0.770684 125 46 29
-0.422830 -0.267068 0.497640 -0.129765 0.990625 0.042696 110 253 132
0.068534 -0.017062 -0.581409 0.924000 -0.131737 -0.358985 245 110 81
0.119643 -0.070750 0.558317 0.352137 0.086802 -0.931915 172 138 8
0.108155 -0.143856 0.444708 0.216140 0.922720 -0.319172 155 245 86
0.354982 0.054284 -0.101865 -0.284739 -0.286334 0.914842 91 90 244
0.410855 -0.025018 -0.083898 -0.631287 0.209359 -0.746757 47 154 32
-0.056167 0.017415 -0.756082 0.968421 -0.029700 -0.247544 250 123 95
0.313710 0.054397 0.142939 -0.601657 0.025015 0.798363 50 130 229
0.236252 -0.052735 -0.256557 0.511523 0.548531 -0.661406 192 197 43
0.134811 -0.239718 -0.343701 0.571663 0.812702 -0.112774 200 231 113
-0.460870 0.240159 0.509167 0.319592 -0.947553 0.002203 168 6 127
0.273176 0.150141 -0.054371 -0.488445 -0.554134 0.674060 65 56 213
0.332352 0.104293 -0.685128 -0.903874 -0.252839 0.345086 12 95 171
0.333000 0.085874 -0.642329 -0.838481 -0.148029 0.524439 20 108 194
0.019757 -0.175322 0.650247 -0.676669 0.680350 -0.281501 41 214 91
0.156580 0.013996 -0.446865 0.028465 0.029189 0.999169 131 131 254
0.196469 0.077837 -0.807028 -0.960583 -0.277885 -0.007814 5 92 126
-0.374120 0.000286 0.580892 0.559642 -0.238139 -0.793782 198 97 26
0.233171 -0.129547 0.047005 0.818538 0.319074 0.477689 231 168 188
-0.739614 -0.145474 0.583112 0.936141 0.304492 -0.175852 246 166 105
0.384576 -0.134122 -0.145428 -0.822319 0.565680 -0.061625 22 199 119
0.116135 -0.231640 -0.571643 0.600008 0.646020 -0.471855 204 209 67
-0.253064 0.186563 0.481893 0.270372 -0.718585 0.640730 161 35 209
0.140432 -0.094620 -1.008900 0.016493 0.360267 0.932703 129 173 246
0.352899 0.056931 -0.298254 -0.563853 -0.369013 0.738850 55 80 221
0.023783 -0.207532 0.479166 -0.289356 0.940663 0.177275 90 247 150
0.229167 0.164045 -0.628659 -0.073115 -0.802233 0.592517 118 25 203
-0.702187 -0.061071 0.683231 0.606685 0.101482 -0.788438 204 140 26
0.284662 0.223582 -0.496816 -0.543205 -0.707250 -0.452467 58 37 69
-0.340843 -0.186501 0.732074 -0.367571 0.517718 -0.772566 80 193 28
0.224820 -0.242333 -0.656552 -0.405897 0.913850 0.011258 75 244 128
-0.321781 0.136592 0.566830 -0.394710 -0.769138 0.502624 77 29 191
-0.016567 0.016097 0.677065 -0.157462 -0.255006 -0.954032 107 94 5
-0.469125 -0.036752 0.584938 0.537768 0.272246 -0.797927 196 162 25
0.146495 -0.004490 0.077437 0.015627 -0.026667 0.999522 129 124 254
0.293306 0.049232 -0.830138 -0.183307 -0.217933 0.958595 104 99 249
0.015292 0.111696 -0.740082 0.644627 -0.625887 -0.439002 209 47 71
0.128480 -0.088145 -0.936392 -0.139649 0.302481 0.942870 109 166 247
0.431239 0.275732 0.009158 -0.457210 -0.854672 -0.245957 69 18 96
-0.190156 -0.090133 0.490205 0.586018 0.788746 0.185641 202 228 151
0.022296 -0.015540 -0.269349 0.449253 0.089621 0.888898 184 138 240
0.265728 -0.154132 -0.229164 0.398094 0.917053 -0.023138 178 244 124
-0.400710 0.015078 0.558557 0.976011 -0.051316 0.211589 251 120 154
-0.134133 -0.150347 0.421494 0.465176 0.735748 0.492226 186 221 190
-0.134851 0.294668 0.471855 -0.411688 -0.904460 -0.111649 75 12 113
0.088711 0.164142 -0.699358 0.541526 -0.812102 -0.217348 196 23 99
-0.743591 0.031998 0.466227 0.947681 -0.137090 -0.288284 248 110 90
-0.467192 -0.194896 0.390044 0.576625 0.700969 0.419699 201 216 181
0.317116 0.161121 -0.266330 -0.808100 -0.493549 -0.321535 24 64 86
-0.659712 -0.320464 0.461988 0.555529 0.786736 -0.269136 198 227 93
0.211006 -0.168046 -0.194939 0.760096 0.648605 0.039567 224 210 132
0.092662 -0.158096 -0.611643 0.422362 0.856182 -0.297596 181 236 89
0.071353 -0.078567 -0.717014 0.927736 0.373115 -0.009586 245 175 126
0.388193 0.090501 -0.274091 -0.800875 -0.223730 0.555467 25 98 198
0.352135 0.211245 -0.182158 -0.592179 -0.714592 -0.372401 51 36 80
0.338037 0.069642 -0.412742 -0.956375 -0.110190 -0.270565 5 113 93
0.318771 0.090889 -0.722065 -0.856236 -0.267633 0.441851 18 93 183
0.311341 0.199545 -0.337553 -0.355337 -0.874224 -0.330860 82 16 85
0.241911 -0.006969 -0.502653 0.339636 0.196833 0.919731 170 152 244
0.138441 0.088009 0.304956 0.275499 -0.678698 -0.680786 162 40 40
0.338610 -0.103564 -0.092041 0.073623 0.988997 -0.128318 136 253 111
0.439066 -0.179691 -0.352964 -0.611250 0.552056 0.567104 49 197 199
-0.010211 -0.210452 0.244696 0.363315 0.906452 0.215285 173 243 154
-0.364980 -0.184803 0.669218 -0.738807 0.455061 -0.497074 33 185 64
-0.033477 0.151733 0.450130 -0.689449 -0.712198 0.132039 39 36 144
0.040218 -0.114286 -0.579730 0.655648 0.333651 -0.677350 211 170 41
0.406569 -0.178158 -0.029786 -0.679428 0.368266 0.634632 40 174 208
-0.207624 -0.043315 0.628468 -0.964511 0.210415 -0.159510 4 154 107
0.200608 0.241259 0.541387 -0.437729 -0.683331 -0.584338 71 40 52
-0.483856 -0.223464 0.588896 0.456344 0.761246 -0.460711 185 224 68
0.266236 -0.081800 -0.284008 0.233239 0.971626 -0.039278 157 251 122
0.083923 0.239384 -0.741556 0.336801 -0.938201 -0.079649 170 7 117
-0.129907 0.252637 -0.463990 0.718762 -0.689307 0.090756 219 39 139
-0.402970 -0.236543 0.410107 0.396934 0.780909 0.482312 178 227 188
-0.032362 0.077517 -0.905727 0.702134 -0.373038 0.606506 217 79 204
0.110036 -0.155137 -0.346456 0.450324 0.842645 -0.295226 184 234 89
0.630029 0.152968 -0.436071 -0.870621 -0.490206 0.041440 16 64 132
0.318281 0.200902 0.040002 -0.260566 -0.542712 -0.798479 94 58 25
0.315059 -0.084723 0.082984 -0.591062 0.469519 0.655895 52 187 211
0.164330 -0.250857 -0.125386 0.258108 0.928397 -0.267319 160 245 93
0.131346 0.080536 -0.735789 -0.465313 -0.774342 -0.428810 68 28 72
-0.611138 -0.267241 0.568095 0.103766 0.915990 -0.387549 140 244 78
0.391141 0.001298 0.172038 -0.829601 0.423882 -0.363436 21 181 81
0.125201 -0.118777 -0.589534 0.298294 0.942069 -0.153381 165 247 107
0.241247 -0.166631 -0.885326 -0.578727 0.793768 -0.187106 53 228 103
0.472003 0.108436 0.197496 -0.848610 -0.124503 -0.514159 19 111 61
-0.069572 0.154737 -0.616340 0.380819 -0.598812 0.704558 176 51 217
-0.170376 0.045039 0.600397 -0.788977 -0.399664 0.466673 26 76 187
0.306323 -0.107517 -0.834971 -0.890681 0.384367 0.242795 13 176 158
-0.503440 -0.038932 0.353895 0.189577 0.164281 0.968025 151 148 250
-0.463981 -0.025874 0.475896 -0.325902 0.502480 0.800813 85 191 229
0.339305 -0.163047 -0.216533 -0.247498 0.945567 0.211302 95 248 154
-0.485188 0.175802 0.277408 0.704206 -0.547033 0.452602 217 57 185
0.260473 -0.198518 0.248518 -0.183335 0.962108 -0.201834 104 250 101
0.371141 0.127855 -0.259782 0.321703 -0.922517 -0.213236 168 9 100
0.023642 -0.012614 -0.786292 0.948560 -0.112397 0.295975 248 113 165
-0.651263 0.165730 0.567391 0.828483 -0.432066 -0.356279 233 72 82
0.120040 0.101161 -0.882408 -0.449379 -0.833540 0.321356 70 21 168
-0.261389 0.158296 0.544225 -0.494004 -0.380812 -0.781628 64 78 27
0.219993 -0.162546 0.488935 -0.630115 0.766650 0.123304 47 225 143
0.442030 -0.133331 0.098795 -0.849463 0.351952 0.393119 19 172 177
-0.022427 0.280175 -0.779627 0.534036 -0.839623 0.099191 195 20 140
0.294361 -0.149557 0.121140 -0.223152 0.608646 -0.761415 99 205 30
-0.059683 0.050726 0.767846 -0.013454 -0.049845 -0.998666 125 121 0
-0.845665 -0.180640 0.545830 0.871503 0.393599 -0.292510 238 177 90
0.226431 -0.053521 -0.592756 -0.356989 0.345474 -0.867875 81 171 16
0.299688 -0.060289 -0.228093 -0.666934 0.067049 -0.742094 42 136 32
0.375928 -0.076417 -0.464533 -0.937877 0.210956 0.275472 7 154 162
0.139657 -0.135971 -0.940949 -0.669047 0.732405 0.126333 42 220 143
0.237700 0.039465 -1.013530 -0.280654 -0.194139 0.939970 91 102 247
0.263161 0.339826 0.613155 -0.525160 -0.746531 -0.408532 60 32 75
0.077661 0.131204 -0.478520 0.394617 -0.586832 0.707040 177 52 217
0.260181 0.139978 -0.035343 -0.017281 -0.839423 0.543204 125 20 196
-0.219883 -0.140276 -0.948321 0.862427 0.345958 0.369504 237 171 174
0.210339 0.189942 -0.633932 -0.100511 -0.994844 0.013536 114 0 129
-0.677044 -0.161088 0.561790 0.809391 0.492665 -0.319637 230 190 86
0.208453 0.300518 -0.057249 0.448196 -0.887755 0.104934 184 14 140
0.459262 -0.017123 -0.473497 -0.961411 0.107587 0.253206 4 141 159
0.337312 0.128591 -0.076673 -0.608567 -0.387594 0.692399 49 78 215
0.203532 0.189764 0.424484 0.118510 -0.821768 -0.557362 142 22 56
0.126712 -0.165518 -0.156829 0.810220 0.547885 0.208247 230 197 154
-0.645895 -0.162834 0.661268 0.384111 0.480285 -0.788534 176 188 26
-0.287674 0.192903 0.596382 0.423797 -0.805435 -0.414332 181 24 74
0.442722 0.140863 0.126533 -0.623877 -0.675668 0.392747 47 41 177
0.162090 0.189285 -0.306234 0.673195 -0.683051 -0.283283 213 40 91
0.418178 -0.030455 -0.221591 -0.970727 0.232827 0.058992 3 157 135
0.160879 -0.112262 -0.544968 0.639721 0.738768 0.212080 209 221 154
-0.131164 0.272545 0.568234 -0.101211 -0.992071 -0.074506 114 1 118
0.096018 0.180614 0.367496 0.584728 -0.702966 0.404886 202 37 179
0.437830 -0.183762 0.475838 -0.821350 0.483511 -0.302657 22 189 88
0.222111 -0.136863 -0.509354 -0.472724 0.870514 -0.136883 67 238 110
0.193405 -0.230988 0.283828 -0.656106 0.619990 0.430276 43 206 182
-0.385038 -0.209122 0.559033 -0.173940 0.959501 0.221590 105 249 155
0.031969 -0.155540 0.441522 -0.242920 0.860688 0.447444 96 237 184
0.033257 0.002023 0.692285 0.273277 -0.133514 -0.952625 162 110 6
-0.415871 0.146613 0.476066 -0.527470 -0.765810 0.367845 60 29 174
0.204404 0.048603 -1.053085 -0.499341 -0.120286 0.858015 63 112 236
0.252561 -0.072503 0.111301 -0.039334 0.749891 0.660392 122 223 211
-0.424212 -0.042473 0.587844 0.924752 0.217959 -0.311974 245 155 87
-0.035365 -0.159639 -0.972665 0.875626 0.480711 0.046853 239 188 133
0.063227 -0.106573 -0.812591 0.616922 0.256594 0.744021 206 160 222
-0.094232 0.150311 0.578673 0.625519 -0.408927 -0.664458 207 75 42
-0.827902 0.191311 0.664636 0.515051 -0.667975 -0.537151 193 42 59
0.292880 0.193819 -0.908487 -0.829029 -0.526508 0.188416 21 60 151
0.205402 -0.206335 0.310137 0.037133 0.972144 0.231425 132 251 157
0.549979 0.009831 0.036125 -0.905300 0.024789 -0.424050 12 130 73
-0.475483 0.165713 0.369574 -0.054743 -0.520554 0.852072 120 61 236
-0.470134 0.101258 0.409199 -0.060820 -0.438249 0.896793 119 71 241
0.093727 -0.090523 0.392326 0.460691 0.491103 -0.739312 186 190 33
-0.033433 -0.134220 -1.061414 0.897605 0.258077 0.357354 241 160 173
0.392802 -0.181657 -0.484180 -0.764585 0.629712 -0.137377 30 207 109
0.159992 0.100855 -0.547357 0.635062 -0.644770 0.425403 208 45 181
-0.418274 -0.180993 0.498079 -0.464686 0.789654 0.400641 68 228 178
0.197275 0.179263 -0.904540 -0.003527 -0.656583 0.754245 127 43 223
0.093693 0.184181 0.021813 0.841312 -0.443418 0.309153 234 70 166
0.070775 -0.094790 -0.983105 0.262918 0.411054 0.872874 161 179 238
-0.498904 -0.074221 0.647620 0.676610 0.579997 -0.453655 213 201 69
-0.534745 0.130873 0.464113 0.911621 -0.344805 0.223732 243 83 156
0.396789 -0.054972 -0.270550 -0.900059 0.158105 -0.406074 12 147 75
0.230255 -0.171927 -0.225877 0.082115 0.562124 -0.822967 137 199 22
-0.510069 0.256718 0.563149 0.156334 -0.979582 0.126409 147 2 143
-0.635406 0.190572 0.513559 0.023302 -0.787676 0.615649 130 27 205
0.069803 0.086611 -0.784889 -0.023418 -0.274077 0.961423 124 92 250
0.337016 0.211944 0.070253 -0.187571 -0.504360 -0.842875 103 63 20
0.173649 -0.088152 -0.470271 0.866586 -0.043452 0.497132 237 121 190
0.240156 -0.285755 -0.131660 0.386434 0.909675 -0.152183 176 243 108
0.347743 0.241906 -0.523835 -0.722166 -0.651775 0.231659 35 44 157
0.287194 -0.040431 -0.395986 -0.989412 0.052389 -0.135346 1 134 110
-0.774703 -0.030266 0.528197 0.876101 0.396090 0.274881 239 178 162
0.384794 0.071548 -0.137514 0.869330 -0.373518 -0.323649 238 79 86
-0.710123 0.031924 0.546033 0.697725 -0.053229 -0.714386 216 120 36
0.268254 0.141137 -0.531047 -0.655559 -0.616001 -0.436790 43 48 71
-0.076319 -0.064884 -0.917198 0.979714 0.132351 0.150479 252 144 146
-0.007243 -0.007710 0.527945 0.573157 -0.150838 0.805444 200 108 230
0.098400 0.074399 -0.644535 0.493389 -0.253081 -0.832176 190 95 21
0.268032 -0.137963 -0.644729 -0.822170 0.453701 0.343791 22 185 171
0.298815 -0.208889 0.464234 -0.491110 0.593612 -0.637524 64 203 46
0.210226 0.120388 -0.352499 -0.168332 -0.302148 0.938281 106 88 247
0.168480 -0.076849 -0.683310 -0.247587 0.938188 0.241877 95 247 158
-0.810385 -0.228344 0.718864 0.411444 0.563999 -0.715974 179 199 36
-0.678350 -0.013218 0.651646 0.812648 -0.084984 -0.576525 231 116 53
0.454004 0.005309 -0.523963 -0.908424 -0.047613 0.415330 11 121 180
-0.525721 -0.054576 0.488794 0.911151 0.397921 0.107070 243 178 141
0.294849 -0.057386 -0.968300 -0.937075 0.345214 0.052135 8 171 134
0.234450 -0.136274 0.291837 -0.308426 0.474425 0.824496 88 187 232
0.250506 -0.156094 -1.049750 -0.567402 0.581561 0.582959 55 201 201
-0.462636 -0.067953 0.422439 0.658241 0.532303 0.532327 211 195 195
0.354666 -0.033337 0.452596 -0.598231 -0.012818 -0.801221 51 125 25
-0.090125 0.021163 -0.325315 0.931337 0.115246 0.345442 246 142 171
0.061851 -0.146492 -0.793033 0.065232 0.995403 -0.070126 135 254 118
0.218415 0.210887 -0.821019 -0.552147 -0.663942 0.504296 57 42 191
-0.162133 -0.048789 0.460423 0.227218 0.873833 -0.429871 156 238 72
0.231387 0.090778 0.180900 0.038626 -0.315420 -0.948166 132 87 6
0.484706 0.101660 0.342554 -0.910862 -0.328622 -0.249674 11 85 95
0.142509 -0.237193 0.439372 0.528160 0.551974 -0.645269 194 197 45
-0.354874 -0.223277 0.511551 0.724733 0.629890 -0.279284 219 207 91
-0.435957 -0.112972 0.606693 -0.400485 0.490834 -0.773753 76 190 28
0.188782 0.031209 -0.497559 0.636238 -0.563439 -0.527008 208 55 60
-0.853882 0.063206 0.563265 0.996962 0.077361 -0.009047 254 137 126
0.466913 0.011775 -0.199894 -0.978960 -0.040552 0.199984 2 122 152
-0.562861 -0.032505 0.630426 -0.496892 0.670218 0.551277 64 212 197
0.197426 -0.297717 0.363588 -0.075880 0.918111 -0.388992 117 244 77
0.103225 0.192374 -0.738621 0.234067 -0.877801 0.417946 157 15 180
0.020785 0.104071 -0.937838 0.560204 -0.429913 0.708058 198 72 217
-0.408783 -0.327492 0.589032 -0.321132 0.899838 -0.295239 86 242 89
-0.502474 -0.027167 0.555444 -0.075167 0.030763 -0.996696 117 131 0
-0.319712 -0.236311 0.433347 0.373056 0.733463 0.568209 175 221 199
-0.147211 -0.106186 0.427177 0.968019 0.212340 0.133610 250 154 144
0.039140 -0.066596 0.469648 -0.902857 0.393724 -0.172714 12 177 105
-0.292020 0.124178 0.628406 -0.064766 -0.600688 -0.796856 119 50 25
-0.507979 0.052704 0.314506 0.115931 -0.089612 0.989207 142 116 253
0.236563 0.116410 -0.942239 -0.032979 -0.993150 0.112093 123 0 141
0.188129 -0.221159 -0.519343 -0.499459 0.860132 -0.103510 63 237 114
0.092473 0.041102 -0.933418 0.969856 -0.243568 0.007361 251 96 128
0.157651 0.010370 0.438595 -0.802667 -0.034108 0.595452 25 123 203
0.449880 -0.304953 0.186077 -0.657046 0.739507 -0.146354 43 221 108
0.311858 0.025208 -0.899702 -0.936672 -0.200024 0.287466 8 101 164
0.281632 -0.263416 -0.034821 0.186212 0.928072 -0.322503 151 245 86
-0.651445 -0.049001 0.576949 0.540509 0.259468 -0.800329 196 160 25
0.068417 -0.082136 0.538870 -0.698156 0.657370 -0.283627 38 211 91
0.262713 0.147497 0.543438 -0.390728 -0.423506 -0.817297 77 73 23
0.213337 0.045983 0.638991 -0.593085 -0.237604 -0.769282 51 97 29
-0.167403 -0.089992 0.593230 0.229783 0.787291 -0.572165 156 227 54
-0.579746 -0.122990 0.499939 0.217264 0.513399 0.830191 155 192 233
0.158497 -0.182366 0.078966 0.787223 0.603261 -0.127889 227 204 111
0.107307 -0.085092 -0.703528 0.258101 0.736700 0.625025 160 221 207
0.211424 0.059244 0.355843 0.589606 -0.661072 -0.464056 202 43 68
0.137862 0.102642 -0.673673 -0.114060 -0.864199 -0.490051 112 17 65
0.397478 -0.116201 0.537372 -0.568204 0.222353 -0.792277 55 155 26
-0.488524 0.018740 0.550097 0.818952 -0.179047 0.545215 231 104 197
0.223789 0.090901 -0.815015 -0.612089 -0.572882 -0.545117 49 54 57
0.256416 0.047886 -0.823665 -0.803748 -0.180915 0.566797 25 104 199
-0.186119 -0.264994 0.374722 -0.300518 0.794071 0.528338 89 228 194
-0.975028 0.371416 0.636176 0.594288 -0.695900 -0.403169 203 38 76
-0.801278 -0.044206 0.533639 0.994122 0.069564 -0.082962 254 136 116
0.261473 0.046403 0.446675 -0.873207 -0.179653 -0.453027 16 104 69
0.204853 -0.273517 0.564993 -0.539518 0.763852 -0.354188 58 224 82
0.183934 0.123677 -0.325900 0.408208 -0.644471 -0.646547 179 45 45
-0.638232 -0.189041 0.396198 0.763426 0.643054 -0.060515 224 209 119
-0.512394 0.131480 0.586060 0.552036 -0.699415 -0.453955 197 38 69
0.161136 -0.128118 -1.012297 -0.336829 0.326706 0.883068 84 169 240
0.232179 0.050783 -0.823169 -0.273229 -0.238697 0.931864 92 97 246
0.196489 -0.149724 -0.786921 -0.865524 0.490506 -0.101351 17 190 114
0.224831 -0.032728 -0.140766 0.856316 0.423196 0.296019 236 181 165
0.152414 0.039830 -0.767351 -0.764337 -0.414339 0.494077 30 74 190
-0.435338 0.073807 0.605686 0.719289 -0.312599 -0.620407 219 87 48
0.125395 0.004040 0.405953 0.485026 0.155566 -0.860551 189 147 17
0.305660 0.272648 -0.110284 -0.563330 -0.795490 -0.223283 55 26 99
0.066496 0.101459 -0.895651 0.436682 -0.767312 0.469618 183 29 187
0.406004 0.247670 -0.574517 -0.729111 -0.680473 -0.073167 34 40 118
0.294354 0.034005 -0.318447 0.621958 -0.779180 -0.077758 206 28 117
-0.349835 -0.161593 0.520472 -0.228947 0.814569 -0.532974 98 231 59
-0.736570 -0.046564 0.551408 0.979056 -0.008107 -0.203432 252 126 101
-0.605515 -0.219328 0.426442 0.029731 0.911544 0.410126 131 243 179
-0.870062 -0.177099 0.443077 0.778876 0.432884 0.453833 226 182 185
0.195381 -0.257726 -0.556494 0.026455 0.990943 0.131651 130 253 144
-0.046860 0.324685 0.278213 0.672804 -0.730503 0.117051 213 34 142
-0.505005 -0.333118 0.586747 0.445396 0.869958 -0.211652 184 238 100
-0.162350 -0.020485 -0.008374 0.898366 0.067428 0.434042 242 136 182
-0.661030 0.027807 0.540825 0.999190 0.033451 -0.022392 254 131 124
-0.050885 0.207774 -0.740366 0.779779 -0.621162 -0.078111 226 48 117
0.195290 0.252272 -0.362764 -0.302486 -0.942106 0.144701 88 7 145
0.290711 0.073238 -0.090596 0.668334 -0.631192 -0.393608 212 47 77
0.296717 0.129797 -0.197726 -0.577972 -0.797616 0.172501 53 25 149
0.295496 0.206237 -0.750165 -0.449067 -0.570063 0.688017 70 54 215
-0.382498 -0.278354 0.388479 -0.311872 0.843090 0.438105 87 234 183
-0.728893 -0.107988 0.749210 0.245899 0.227058 -0.942326 158 156 7
-0.142292 -0.185390 0.620454 -0.577535 0.647984 -0.496558 53 210 64
-0.664114 -0.228082 0.609805 -0.086611 0.685968 -0.722459 116 214 35
0.200457 -0.221183 -0.654376 -0.125442 0.991888 0.020564 111 253 130
-0.809208 -0.066685 0.712103 0.612099 0.142442 -0.777846 205 145 28
0.183144 -0.136768 -0.624148 -0.233419 0.970841 -0.054612 97 251 120
0.188823 -0.082494 -0.596432 -0.931544 0.339107 -0.131273 8 170 110
-0.023696 -0.084355 -0.903789 0.910359 0.283477 0.301475 243 163 165
-0.660579 0.084170 0.480583 0.800610 -0.382457 0.461249 229 78 186
-0.048351 -0.137339 0.421142 -0.715746 0.679833 0.159796 36 214 147
-0.300778 0.088072 0.573476 -0.898109 -0.354050 -0.260861 12 82 94
0.196134 -0.164552 -0.795787 -0.105196 0.758485 0.643145 114 224 209
-0.048789 -0.017049 0.611532 0.592156 0.065407 -0.803165 202 135 25
0.241706 0.129556 0.203438 -0.255178 -0.950677 0.176345 94 6 149
-0.611833 0.166173 0.518474 0.601404 -0.779578 -0.174846 204 28 105
0.149432 -0.188482 0.483700 -0.032142 0.954722 -0.295759 123 249 89
-0.036038 0.245070 0.619617 0.012863 -0.779170 -0.626680 129 28 47
0.297129 -0.247969 -0.702892 -0.711520 0.628572 0.314063 36 207 167
-0.237784 -0.035173 0.343015 0.975829 0.070568 0.206828 251 136 153
0.283154 -0.148053 -0.176460 0.303284 0.826299 -0.474604 166 232 66
0.302052 -0.219044 -0.750333 -0.513884 0.638879 0.572500 61 208 200
0.174625 0.104111 -0.828502 0.003675 -0.176705 0.984257 127 104 252
-0.394604 0.223975 0.642425 0.074919 -0.947847 -0.309795 137 6 88
0.383616 -0.212866 0.412905 -0.782254 0.464366 -0.415263 27 186 74
0.046464 0.233037 -0.876205 0.314711 -0.934508 0.166288 167 8 148
-0.163591 0.200152 0.775674 -0.179608 -0.437268 -0.881214 104 71 15
-0.421274 0.099118 0.460317 0.522455 -0.328262 0.786947 194 85 227
0.303734 -0.336293 0.041710 -0.087653 0.995210 0.043282 116 254 133
0.169165 0.091852 -0.242122 0.396805 -0.625560 -0.671730 178 47 41
0.129905 0.120427 -0.895558 0.309630 -0.358990 0.880486 166 81 239
0.342606 -0.280936 -0.202221 -0.283640 0.811062 0.511592 91 230 192
0.070015 -0.119148 -0.943203 -0.329447 0.433948 0.838543 85 182 234
0.257927 -0.045955 0.428168 -0.180469 0.122034 -0.975981 104 143 3
0.336605 -0.184716 0.177088 -0.569829 0.619614 -0.539790 54 206 58
-0.644959 -0.013122 0.403250 0.356834 0.175150 0.917601 172 149 244
0.254976 0.263164 -0.240276 -0.035170 -0.996771 -0.072187 123 0 118
0.163545 0.209629 -0.299489 0.638961 -0.757710 -0.132681 208 30 110
0.294356 0.320674 -0.642315 -0.469958 -0.824967 -0.313958 67 22 87
0.163533 -0.164547 0.469299 -0.391192 0.891001 -0.230406 77 241 98
-0.316213 -0.128972 0.575988 0.890476 0.452249 -0.050226 241 185 121
0.154619 -0.250298 0.200720 0.310993 0.745003 0.590131 167 222 202
0.553558 0.067593 -0.642221 -0.923537 -0.177304 0.340062 9 104 170
-0.683336 0.159350 0.402846 0.778114 -0.590079 -0.215281 226 52 100
-0.705060 0.150022 0.585527 0.514871 -0.749680 -0.415798 193 31 74
-0.317449 0.147458 0.398123 0.155021 -0.463418 0.872475 147 68 238
0.079299 0.178083 0.373413 0.532527 -0.713854 0.454782 195 36 185
0.143101 -0.252721 -0.697605 0.023332 0.859756 0.510172 130 237 192
-0.080146 -0.053215 0.405995 0.553291 0.760941 0.338878 198 224 170
0.307321 0.010421 0.128302 -0.799421 -0.474801 0.368090 25 66 174
0.353144 -0.002907 -0.671187 -0.799943 0.393165 0.453335 25 177 185
0.152640 0.118547 0.487113 -0.622157 -0.481032 0.617680 48 66 206
0.083091 0.019750 -0.922206 -0.361672 -0.346070 0.865696 81 83 237
-0.206039 0.094932 0.672992 -0.433100 -0.467473 -0.770645 72 67 29
0.422848 0.311531 -0.149854 -0.761992 -0.643632 0.071459 30 45 136
-0.604174 -0.152511 0.592006 0.268641 0.682063 -0.680163 161 214 40
0.085100 0.137295 0.533816 -0.790173 -0.602356 0.113111 26 50 141
-0.282998 0.139227 0.263487 0.794749 -0.582190 -0.171550 228 53 105
0.213416 -0.268977 -0.043691 0.468537 0.669857 -0.575990 187 212 54
0.286968 0.248152 -0.420238 -0.527031 -0.831556 0.175363 60 21 149
0.226048 -0.199646 -0.445842 -0.202920 0.817259 0.539362 101 231 196
0.098048 0.269887 0.577568 0.069366 -0.905530 -0.418574 136 12 74
0.095997 0.102242 0.470574 -0.875655 -0.430830 0.218206 15 72 155
0.025568 -0.144894 0.587243 -0.682037 0.620235 0.387470 40 206 176
0.063009 0.049913 -0.474030 0.809899 -0.158682 -0.564697 230 107 55
0.166832 0.126078 -0.804929 0.066836 -0.729220 -0.681007 136 34 40
0.186002 -0.023068 -0.870146 -0.410302 0.052779 0.910421 75 134 243
0.207937 0.062384 0.406808 0.077301 -0.521021 0.850036 137 61 235
0.039303 -0.082366 -0.952337 0.115528 0.345717 0.931200 142 171 246
-0.539968 -0.138154 0.383557 0.666436 0.279221 0.691302 212 163 215
0.297141 0.070427 0.008375 -0.001972 -0.091065 -0.995843 127 115 0
0.478807 -0.152759 -0.621879 -0.783218 0.616284 0.082240 27 206 137
-0.697108 0.214466 0.530599 0.413013 -0.900619 -0.135300 180 12 110
0.007978 -0.087067 -0.663670 0.932961 0.246357 -0.262472 246 158 94
-0.000503 0.245964 -0.831557 0.475249 -0.874536 0.096568 188 15 139
0.231725 0.081898 -0.171020 -0.958428 -0.283569 -0.031700 5 91 123
0.443253 -0.130792 -0.110266 -0.802952 0.306401 0.511259 25 166 192
0.111691 0.178391 -0.816429 -0.629074 -0.744121 0.224834 47 32 156
0.211762 0.202927 -0.418307 0.174953 -0.978380 -0.110293 149 2 113
0.257388 -0.176169 -0.238954 0.391458 0.919703 -0.030133 177 244 123
-0.029423 -0.007459 0.459070 0.987843 0.155091 -0.010609 253 147 126
-0.719096 -0.100310 0.557463 0.814311 0.193215 0.547326 231 152 197
0.042775 0.079658 -0.824599 0.628146 -0.256365 0.734649 207 94 221
0.177690 0.159505 -0.822017 -0.266465 -0.779613 -0.566745 93 28 55
0.104637 -0.026770 0.565007 -0.726620 0.549576 -0.412299 34 197 74
0.138009 -0.199268 -0.496511 0.641143 0.663313 0.385941 209 212 176
-0.468382 0.114803 0.496219 0.853338 -0.518774 -0.051849 236 61 120
0.009347 0.056945 -0.918466 0.350512 -0.516072 0.781544 172 61 227
0.182714 0.259274 -0.247477 -0.199506 -0.877739 -0.435627 102 15 71
0.104134 -0.163175 -1.028707 -0.071927 0.457233 0.886434 118 185 240
-0.567422 0.088286 0.646519 0.853859 -0.270550 -0.444665 236 93 70
-0.586154 0.145805 0.625313 0.507410 -0.329705 -0.796134 192 85 25
-0.225285 -0.021719 0.522180 -0.975289 0.218264 -0.034228 3 155 123
-0.055078 -0.006923 -0.806219 0.994337 -0.088649 -0.058617 254 116 120
-0.424091 0.317979 0.425746 0.599948 -0.742496 0.297930 203 32 165
-0.448739 0.168961 0.395485 -0.193838 -0.717054 0.669522 102 36 212
-0.717940 -0.124838 0.650997 0.522681 0.609610 -0.595969 194 205 51
0.494489 0.202660 -0.115511 -0.662841 -0.517895 -0.540765 42 61 58
-0.648055 -0.262769 0.532945 -0.130151 0.989456 0.063543 110 253 135
-0.315205 -0.039515 0.583735 -0.248393 0.281690 -0.926797 95 163 9
0.194735 -0.019000 -0.582131 -0.476616 0.350903 0.806043 66 172 230
0.267645 -0.250811 0.005309 0.168903 0.957883 0.232233 149 249 157
0.021837 -0.022245 0.596464 -0.995297 -0.054496 0.080092 0 120 137
0.039201 0.023414 -0.914814 0.097862 0.063838 0.993150 139 135 254
0.078995 0.086080 0.684007 -0.331450 -0.442564 -0.833234 85 71 21
0.196187 0.207357 -0.501515 0.115922 -0.729103 0.674516 142 34 213
0.122331 -0.071971 0.367335 0.097701 0.767385 0.633699 139 225 208
0.144842 -0.217032 0.460148 -0.274263 0.941946 -0.193695 92 247 102
0.024872 0.053675 0.673016 -0.099651 -0.169820 -0.980424 114 105 2
-0.054131 0.074155 -0.687387 0.895824 -0.121253 -0.427547 241 112 72
0.277683 -0.151479 -0.272687 -0.197323 0.733848 0.650024 102 221 210
0.235646 0.179259 -0.648831 0.063432 -0.680186 0.730290 135 40 220
0.397436 0.002652 0.243535 -0.997448 0.067938 0.021972 0 136 130
0.155174 -0.205461 0.076309 0.733671 0.637835 0.234294 221 208 157
0.066381 -0.046245 -0.747725 0.875724 -0.297278 0.380439 239 89 176
-0.457081 0.143536 0.649050 -0.623273 -0.568488 -0.536984 48 55 59
-0.091800 0.144194 0.460517 0.318371 -0.588192 -0.743418 168 52 32
0.287745 -0.157063 -0.396842 -0.378688 0.882502 -0.278900 79 240 91
0.193375 -0.100739 0.349159 0.068599 0.981868 -0.176717 136 252 104
0.003217 -0.077412 0.332875 0.947745 0.209613 -0.240502 248 154 96
0.111830 0.211936 -0.854452 -0.422057 -0.668227 0.612650 73 42 205
-0.590707 0.094277 0.510165 -0.643043 -0.596433 0.480378 45 51 188
0.271519 0.211997 -0.729369 -0.449759 -0.504034 0.737337 70 63 221
-0.127484 -0.068180 0.675639 -0.392197 0.235142 -0.889320 77 157 14
-0.067909 -0.191297 0.437847 -0.153919 0.507534 0.847772 107 192 235
-0.407886 -0.178835 0.445553 0.116488 0.992910 0.023672 142 254 130
0.159112 0.244871 -0.281405 0.434456 -0.893541 0.113283 182 13 141
0.300827 0.085378 0.552807 -0.790109 -0.357138 -0.498176 26 81 63
0.314325 0.269751 -0.581410 -0.525185 -0.751063 -0.400107 60 31 76
-0.151641 -0.179580 -0.901138 0.890591 0.357966 0.280548 241 173 163
0.186847 0.070160 -0.525122 -0.022480 -0.100838 0.994649 124 114 254
0.051560 0.023159 0.559023 -0.994299 -0.036081 -0.100335 0 122 114
-0.122745 0.107599 -0.842604 0.959047 -0.248013 0.136812 249 95 144
0.426980 -0.233055 0.125951 -0.719192 0.558299 0.413600 35 198 180
-0.283450 0.106563 0.563709 -0.475831 -0.854217 -0.209516 66 18 100
0.268972 0.123000 -0.687444 -0.798468 -0.453883 0.395523 25 69 177
0.137601 0.266063 -0.958416 0.003535 -0.998644 0.051932 127 0 134
-0.533923 0.104204 0.675983 0.659496 -0.213269 -0.720820 211 100 35
0.123865 0.204585 -0.683522 0.205294 -0.882324 0.423508 153 15 181
0.037249 0.007415 0.663947 -0.865856 -0.087959 -0.492501 17 116 64
-0.627337 -0.178993 0.433118 0.686699 0.578187 0.440618 215 201 183
0.184147 0.000704 -0.567924 -0.812081 -0.059585 0.580494 23 119 201
0.258837 -0.203077 -0.073341 0.222250 0.682309 -0.696462 155 214 38
-0.371036 -0.134340 0.481787 -0.795026 0.504496 -0.336776 26 191 84
0.187251 -0.016170 -0.186928 -0.259808 0.233121 0.937099 94 157 246
0.134628 -0.140797 0.219333 0.463254 0.809769 -0.360097 186 230 81
0.051055 -0.048311 -0.719105 0.790569 0.295496 0.536362 228 165 195
-0.223735 0.292481 0.520208 0.025295 -0.981352 0.190548 130 2 151
-0.102651 0.170792 0.600954 0.736586 -0.418806 -0.531078 221 74 59
-0.066303 -0.297220 0.261252 -0.018835 0.909061 0.416237 125 243 180
-0.002527 -0.226564 0.760249 -0.528272 0.489759 -0.693588 60 189 39
-0.000630 -0.010255 -0.104861 0.875194 -0.028082 -0.482956 239 123 65
-0.599211 0.081788 0.509431 0.600637 -0.749446 0.278507 204 31 163
0.246128 0.187558 -0.677827 -0.574130 -0.580438 0.577465 54 53 201
-0.743180 -0.137875 0.567944 0.856674 0.407681 -0.316079 236 179 87
-0.173522 0.112357 0.404134 -0.179025 -0.628690 0.756768 104 47 223
0.341613 0.334085 -0.331082 -0.537917 -0.842776 0.019323 58 20 129
0.081400 -0.007548 0.425195 -0.906204 0.152102 0.394536 11 146 177
0.120039 -0.080286 -0.691005 0.196820 0.512534 0.835806 152 192 234
0.322673 0.229819 0.311576 -0.523493 -0.687628 -0.503113 60 39 63
0.212000 -0.129872 -0.877316 -0.609460 0.736286 0.294011 49 221 164
0.141681 -0.252860 -0.627029 0.387012 0.921926 -0.016533 176 245 125
-0.810660 0.204161 0.441364 0.921887 -0.387249 -0.012774 245 78 125
-0.002308 -0.207984 0.259636 0.014072 0.475399 0.879658 129 188 239
0.098983 0.121747 -0.826947 -0.399934 -0.843957 -0.357478 76 19 81
0.372746 0.013815 -0.327807 -0.491061 -0.256359 0.832550 64 94 233
0.064752 -0.413710 -0.556097 0.424915 0.835361 0.348740 181 234 171
0.267295 0.093442 -0.367959 0.462284 0.048678 -0.885395 186 133 14
-0.421075 0.106934 -0.164898 0.867599 -0.339504 0.363331 238 84 173
-0.024304 -0.045343 -0.813234 0.994349 0.103667 -0.022895 254 140 124
-0.554196 0.231833 0.571629 0.445954 -0.757622 -0.476586 184 30 66
0.108398 -0.103378 -1.003202 0.462926 0.498906 0.732661 186 191 220
0.159433 0.049551 -0.626086 -0.067095 -0.291928 0.954084 118 90 249
0.273226 -0.086395 0.241078 -0.068355 0.961205 -0.267231 118 250 93
0.298748 0.165370 0.441710 -0.511007 -0.859543 0.007571 62 17 128
-0.511697 0.151610 0.544994 0.014558 -0.452900 0.891442 129 69 241
0.094572 0.125173 0.042026 0.952725 -0.236979 -0.190148 248 97 103
0.035418 -0.260179 0.531576 0.138744 0.955519 -0.260257 145 249 94
0.081665 0.158930 0.528165 0.060803 -0.715181 -0.696289 135 36 38
0.162539 -0.131735 -0.427867 0.103893 0.985569 -0.133638 140 253 110
-0.030580 -0.165490 -0.291863 0.812246 0.567101 0.136577 231 199 144
0.304367 -0.098968 -0.011797 -0.230567 0.718034 -0.656708 98 219 43
-0.467914 0.170504 0.529036 0.130546 -0.977685 0.164592 144 2 148
-0.014491 0.283094 -0.636984 0.723497 -0.673877 -0.149805 219 41 108
-0.483780 0.227479 0.478753 0.409873 -0.873482 -0.262743 179 16 94
0.210826 -0.155992 0.054906 0.199491 0.772457 0.602921 152 225 204
0.344679 0.137845 -0.290835 0.306066 -0.320596 -0.896405 166 86 13
0.500443 0.089145 0.009248 -0.980051 -0.061743 -0.188910 2 119 103
-0.226574 -0.212029 0.533043 0.347066 0.935765 -0.062358 171 246 119
-0.023728 -0.004661 -0.897393 0.903358 -0.085561 0.420267 242 116 181
0.055740 -0.165572 0.277654 0.104698 0.918168 0.382107 140 244 176
0.008002 -0.077910 0.551083 0.754144 0.656388 -0.020557 223 211 124
-0.015924 -0.073555 -0.927857 0.650387 0.470214 0.596570 210 187 203
0.168931 0.218029 0.413055 -0.633697 -0.706412 0.315293 46 37 167
-0.032863 0.273549 0.622822 -0.073364 -0.796585 -0.600059 118 25 50
0.160531 0.086285 -0.423154 0.697322 -0.330226 0.636155 216 85 208
0.202771 0.145978 0.443989 0.363750 -0.587282 -0.723040 173 52 35
0.444986 -0.224911 -0.250991 -0.630186 0.642715 -0.435640 47 209 71
0.170993 0.198908 -1.026308 -0.596605 -0.618127 0.511842 51 48 192
0.142353 -0.330540 -0.745953 0.041751 0.982380 -0.182173 132 252 104
-0.639928 0.196494 0.597303 -0.016546 -0.863254 -0.504499 125 17 63
0.039046 0.021706 -0.589172 0.925815 0.085754 -0.368121 245 138 80
0.376551 0.128323 -0.381996 -0.611378 -0.729976 -0.305535 49 34 88
0.172900 0.005222 -0.644042 -0.677771 0.343655 0.650021 41 171 210
0.029649 -0.039623 -0.785428 0.486135 -0.045830 0.872681 189 121 238
-0.155680 -0.140548 0.567118 -0.454143 0.697007 -0.554919 69 216 56
0.321834 -0.040399 0.031627 0.281143 -0.313755 -0.906927 163 87 11
-0.372173 0.037478 0.558673 -0.538526 -0.842300 -0.022832 58 20 124
0.098981 0.248708 0.734441 -0.292267 -0.513315 -0.806900 90 62 24
0.340174 -0.031821 -0.427332 -0.991447 0.044391 0.122729 1 133 143
0.330443 -0.188973 0.420005 -0.228503 0.448320 -0.864174 98 184 17
0.107973 -0.049418 0.424273 0.270344 0.760196 0.590776 161 224 202
0.264275 0.116831 -0.144102 0.176034 -0.782043 0.597846 149 27 203
0.318862 0.049345 -0.223419 -0.398967 -0.089789 0.912559 76 116 243
0.252966 0.147344 0.093187 -0.358215 -0.643619 0.676341 81 45 213
0.065985 0.078784 -0.834597 0.507746 -0.466870 0.724035 192 67 219
0.503309 -0.108501 -0.363628 -0.926950 0.324638 0.188078 9 168 151
0.354645 -0.015888 -0.371445 -0.427650 -0.218551 -0.877126 72 99 15
-0.425701 0.333944 0.436915 -0.051092 -0.961656 0.269458 120 4 161
-0.002353 -0.152711 -0.504597 0.900316 0.380324 -0.211623 242 175 100
0.022850 -0.133125 -0.645667 0.828624 0.541340 -0.142596 233 196 109
0.090475 -0.139962 0.258307 -0.052373 0.620895 0.782142 120 206 227
-0.198807 -0.251814 0.606910 0.076328 0.993780 -0.081090 137 254 117
-0.097778 0.082194 -0.715364 0.886716 -0.364389 -0.284525 240 81 91
0.439250 0.172291 -0.718727 -0.852696 -0.454119 0.258235 18 69 160
0.305790 0.118832 -0.664959 -0.868268 -0.275057 0.412860 16 92 180
0.250519 0.285696 0.342184 0.064157 -0.996229 0.058408 135 0 134
-0.014360 -0.250244 -0.769959 0.769585 0.608130 0.194721 225 205 152
0.195463 0.214926 -0.175371 0.685000 -0.673848 -0.276954 214 41 92
0.077066 0.003303 0.692073 0.014796 -0.002043 -0.999888 129 127 0
0.103333 -0.101875 -0.883973 -0.203185 0.922602 -0.327904 101 245 85
-0.599939 0.107125 0.476785 0.000038 -0.818446 0.574584 127 23 200
0.029196 0.227670 -0.819332 0.411677 -0.859184 0.303850 179 17 166
0.280111 0.112769 -0.271614 -0.030732 -0.482609 -0.875297 123 65 15
-0.470029 0.110600 0.657472 -0.784764 -0.399565 -0.473807 27 76 67
0.228014 -0.335695 -0.115659 -0.350908 0.931766 0.093141 82 246 139
0.311648 -0.009666 -0.690049 -0.962892 -0.005668 0.269829 4 126 161
0.278290 -0.038130 -0.139250 0.316524 -0.324113 0.891495 167 86 241
-0.714537 -0.085694 0.485543 0.822586 0.470248 -0.319717 232 187 86
0.480924 0.220873 -0.223612 -0.750995 -0.529438 0.394591 31 59 177
-0.238617 -0.099483 0.400057 0.962217 0.272160 -0.008168 250 162 126
-0.578273 0.083361 0.511033 0.726631 -0.615618 0.304995 220 49 166
-0.825601 -0.180142 0.422998 0.673193 0.601986 0.429446 213 204 182
0.251864 0.223463 0.443424 -0.577106 -0.713635 0.397082 53 36 178
0.144575 0.084576 -1.090412 -0.211907 -0.175292 0.961441 100 105 250
0.040548 -0.268971 -0.418419 0.549745 0.817136 -0.173407 197 231 105
0.207426 -0.117387 -0.551910 -0.478839 0.839545 -0.256665 66 234 94
-0.732120 0.089100 0.404184 0.021951 -0.339740 0.940263 130 84 247
0.140321 -0.035397 -0.486915 0.551410 0.285509 0.783857 197 163 227
-0.451513 0.009628 0.565955 0.960604 -0.238984 -0.141871 249 97 109
0.067369 -0.051315 -0.904324 -0.364057 0.576510 0.731504 81 201 220
-0.761358 0.153932 0.607544 0.624326 -0.710623 -0.324395 207 36 86
-0.775550 0.122365 0.584133 0.919089 -0.391578 -0.044061 244 77 121
0.066960 -0.051675 -0.621654 0.967012 0.241058 0.082332 250 158 137
0.222836 0.227327 0.366255 0.422171 -0.826930 -0.371429 181 22 80
-0.253552 -0.189727 0.484090 -0.853056 0.460140 0.246101 18 186 158
0.217608 0.292505 0.358586 -0.737235 -0.549434 0.393201 33 57 177
0.365355 -0.047728 0.228012 -0.549099 0.189232 -0.814053 57 151 23
0.397680 0.029781 -0.407620 -0.983823 -0.178862 0.010041 2 104 128
0.204577 -0.205249 0.617900 -0.059914 0.345712 -0.936426 119 171 8
-0.431051 -0.100759 0.427235 0.704709 0.340137 -0.622650 217 170 48
0.356430 -0.230817 -0.193649 -0.594256 0.797479 0.104343 51 229 140
-0.756155 0.087051 0.411430 0.439206 -0.169953 0.882164 183 105 239
-0.543403 -0.028632 0.484967 0.809677 0.430165 0.399226 230 182 178
0.148779 0.122876 0.142738 0.814029 -0.576636 -0.069622 231 53 118
-0.371553 -0.084048 0.440025 -0.460633 0.320380 0.827753 68 168 233
0.209017 -0.159647 -0.501153 0.310549 0.603377 -0.734503 167 204 33
0.346462 -0.164672 -0.207625 -0.570255 0.767651 -0.292441 54 225 90
-0.505350 0.281037 0.418318 0.515323 -0.856054 -0.040179 193 18 122
0.322292 -0.083900 -0.163138 -0.686024 0.170156 -0.707403 40 149 37
0.181170 0.150458 0.240387 -0.594521 -0.731298 -0.334286 51 34 84
0.389188 -0.060634 -0.305725 -0.352522 0.326793 0.876889 82 169 239
0.216236 0.067495 -0.645554 0.443878 -0.774590 0.450536 184 28 184
0.035833 0.214391 0.336700 0.080830 -0.778230 0.622755 137 28 206
-0.078772 0.199828 -0.918182 0.814802 -0.525083 0.245735 231 60 158
-0.026744 0.301460 0.473332 -0.352175 -0.935068 -0.040261 82 8 122
0.242077 -0.168260 0.306880 -0.640291 0.679590 0.358029 45 214 173
0.282941 0.246556 0.203915 0.252759 -0.842482 -0.475749 159 20 66
-0.571925 -0.054392 0.591900 0.402607 0.186009 -0.896275 178 151 13
-0.641872 -0.001589 0.627023 0.265857 -0.181040 -0.946860 161 104 6
0.144310 -0.089866 0.547498 -0.430600 0.659409 -0.616250 72 211 48
0.242073 0.011066 -0.142446 0.909055 -0.305440 -0.283416 243 88 91
0.224976 -0.194039 0.342676 -0.473081 0.878533 -0.066139 67 239 119
0.239071 -0.167688 0.511483 -0.441473 0.545564 -0.712363 71 197 36
-0.105287 -0.074923 0.482790 0.942521 0.114369 -0.313964 247 142 87
0.347057 -0.156675 -0.568307 -0.618407 0.773304 -0.139906 48 226 109
0.133081 -0.125870 0.240738 -0.265457 0.913409 0.308573 93 243 166
-0.526622 0.175323 0.533371 -0.790043 -0.543759 0.283122 26 58 163
0.303754 0.009385 -0.280623 -0.991303 0.041811 -0.124781 1 132 111
0.277747 0.051402 0.055756 0.323824 -0.823278 -0.466210 168 22 68
-0.439620 0.093619 0.381803 -0.173563 -0.218150 0.960357 105 99 249
0.149663 -0.155538 -0.712919 -0.592595 0.540615 0.597132 51 196 203
0.346886 -0.050291 -0.808437 -0.949863 0.161787 0.267554 6 148 161
-0.615572 0.082649 0.515739 0.931139 -0.346442 0.113830 246 83 142
0.440219 -0.328450 -0.190076 -0.659518 0.749844 0.052623 43 223 134
0.423980 0.011694 -0.200391 -0.998309 -0.007346 -0.057658 0 126 120
-0.013446 0.214313 0.509094 -0.534231 -0.748227 0.393389 59 32 177
0.099652 -0.113761 0.566294 0.292058 0.404548 -0.866627 164 179 17
0.273298 -0.178723 -0.981640 -0.545774 0.546217 0.635435 57 197 208
-0.077095 -0.043405 0.519256 0.826826 0.100734 -0.553364 232 140 56
0.061552 0.056575 -0.952561 0.757976 -0.405025 0.511299 224 75 192
0.355931 0.026741 0.036425 0.310463 -0.586521 -0.748068 167 52 32
0.354082 0.321728 0.026403 -0.331951 -0.910809 0.245430 85 11 158
0.188940 -0.062231 0.365369 -0.562601 0.015100 0.826591 55 129 232
0.401035 -0.023673 -0.597666 -0.996340 0.005565 -0.085296 0 128 116
0.173051 -0.071753 -0.861273 -0.451514 0.421218 0.786581 69 181 227
-0.602100 -0.113486 0.675057 -0.131506 0.629607 -0.765703 110 207 29
0.269900 -0.164283 0.056420 0.451575 0.795916 0.403234 185 228 178
-0.720987 -0.060484 0.616207 0.535655 0.364413 -0.761759 195 173 30
0.242249 -0.236549 0.310479 -0.089498 0.833118 -0.545807 116 233 57
-0.662912 0.188872 0.593059 0.603993 -0.795442 -0.049648 204 26 121
0.366605 0.067150 -0.193082 -0.915264 -0.163335 0.368258 10 106 174
0.333783 0.333443 -0.001614 -0.193488 -0.967714 0.161530 102 4 148
-0.085270 0.151126 -0.850350 0.891469 -0.452913 -0.012356 241 69 125
-0.698523 -0.002464 0.479231 0.968537 -0.173729 0.178197 250 105 150
-0.511509 0.085566 0.482867 0.881874 -0.217028 -0.418566 239 99 74
0.185799 -0.330654 -0.952032 -0.288555 0.834232 0.469886 90 233 187
0.097468 -0.358698 0.489360 0.329945 0.852837 -0.404728 169 236 75
-0.666235 -0.120264 0.607576 0.451071 0.491747 -0.744795 185 190 32
0.352223 0.190068 0.281271 -0.343385 -0.831021 -0.437596 83 21 71
0.163937 -0.001800 0.530701 -0.914907 0.060620 0.399088 10 135 178
0.286266 0.178761 0.115831 -0.047780 -0.998630 -0.021357 121 0 124
0.285385 0.167577 -0.346214 -0.355160 -0.766904 -0.534528 82 29 59
0.322238 -0.136329 -0.669064 -0.633480 0.366395 0.681511 46 174 214
0.265531 -0.020842 0.123331 -0.868857 0.494646 0.020322 16 190 130
0.255720 -0.063531 0.288115 -0.903491 0.329822 -0.273716 12 169 92
0.373966 0.158926 -0.406541 -0.858216 -0.513287 -0.000927 18 62 127
0.070352 -0.035418 -0.638369 0.820220 0.238089 -0.520148 232 157 61
0.170571 0.085359 -0.494127 -0.318996 -0.716933 0.619878 86 36 206
0.131991 -0.135927 0.266336 0.420053 0.381210 0.823550 181 176 232
-0.177672 0.140177 0.610775 -0.365397 -0.926914 -0.085533 80 9 116
0.016428 0.224835 -1.015984 0.504198 -0.804157 0.314826 191 24 167
-0.351019 0.218320 0.467469 0.011360 -0.868351 -0.495820 128 16 64
0.333024 -0.222868 0.171132 -0.479808 0.848412 -0.223564 66 235 98
0.074834 0.196540 -0.843560 0.241216 -0.415648 0.876956 158 74 239
-0.523469 0.127702 0.490149 0.573543 -0.695808 0.432319 200 38 182
-0.114103 0.052033 -0.042697 -0.395850 -0.288876 0.871696 77 90 238
0.332528 -0.159177 0.489841 -0.645168 0.258803 -0.718873 45 160 35
0.016694 0.045458 0.518096 0.282257 0.029003 -0.958900 163 131 5
0.022518 0.168855 -0.678433 0.599144 -0.777754 0.190065 203 28 151
0.125162 -0.290035 -0.706481 0.027819 0.983543 0.178522 131 252 150
-0.421600 0.370644 0.393084 0.259415 -0.925296 0.276643 160 9 162
-0.675415 0.080167 0.603436 0.752754 -0.155801 0.639599 223 107 209
-0.774931 0.182357 0.466368 0.610187 -0.650436 0.452333 205 44 185
0.110850 0.223204 -0.615080 0.197545 -0.980128 -0.018041 152 2 125
0.349822 0.272017 -0.555616 -0.630507 -0.597350 0.495616 47 51 190
0.310723 -0.145856 0.427151 -0.746332 0.524252 -0.410059 32 194 75
0.096348 0.170325 -0.965306 -0.133010 -0.267303 0.954388 110 93 249
0.286333 -0.007596 0.014078 0.387668 0.895746 -0.217607 176 241 99
0.116533 0.125008 -0.327097 0.681730 -0.464198 -0.565478 214 68 55
-0.395466 -0.095318 0.644761 0.125409 0.283669 -0.950686 143 163 6
0.327081 -0.022897 -0.445788 -0.779811 0.476822 0.405630 28 188 179
0.283012 -0.162728 -0.237991 0.168991 0.900077 -0.401626 149 242 76
0.319650 -0.110959 0.598327 -0.800106 0.286994 -0.526750 25 164 60
0.157014 -0.106623 -0.779792 -0.611393 0.380162 0.694028 49 175 215
-0.273969 0.118713 0.573461 -0.801271 -0.467181 0.373775 25 67 175
0.020639 0.017540 0.448859 0.999247 -0.037641 -0.009395 254 122 126
0.116838 0.195686 0.442218 -0.071307 -0.996616 -0.040887 118 0 122
-0.658102 -0.201158 0.399843 0.659486 0.596769 0.457105 211 203 185
-0.727173 -0.038436 0.565373 0.900339 -0.017376 -0.434842 242 125 72
-0.133138 -0.181471 0.387215 -0.248343 0.673653 0.696072 95 213 216
0.142541 0.058065 -0.965889 -0.554745 -0.711502 0.431304 56 36 182
-0.113814 0.092024 -0.012480 0.614402 -0.185593 0.766854 205 103 225
0.025207 0.053941 -0.889386 0.381802 -0.264811 0.885496 176 93 240
0.088033 -0.019993 0.574042 -0.361321 0.233498 -0.902732 81 157 12
0.525557 0.040451 0.013517 -0.905115 -0.148177 -0.398511 12 108 76
0.329013 -0.080465 -0.287741 -0.847751 0.383371 0.366531 19 176 174
-0.042832 0.102263 -0.719134 0.577974 -0.637651 -0.509261 201 46 62
0.315814 -0.095348 -0.227592 -0.551072 0.402011 -0.731237 57 178 34
-0.410755 -0.332951 0.426847 0.505399 0.862722 0.016815 191 237 129
-0.709944 0.097286 0.618220 0.697208 -0.402534 -0.593184 216 76 51
0.256154 -0.048010 -0.310418 -0.943618 0.281913 0.173522 7 163 149
0.266385 0.024282 -0.656592 -0.106037 -0.078276 0.991276 113 117 253
0.050443 -0.183577 -0.986386 0.443027 0.885227 0.141777 183 240 145
-0.523467 -0.109704 0.610184 0.352431 0.357534 -0.864848 172 173 17
-0.705458 -0.108607 0.584957 0.744658 0.446069 -0.496495 222 184 64
0.079722 0.144600 -0.887920 0.458165 -0.686249 0.564931 185 40 199
0.064917 0.035500 -0.745503 0.547814 -0.776284 0.311903 197 28 167
-0.066957 0.086004 -0.867182 0.674376 -0.240143 -0.698247 213 96 38
-0.418866 0.109390 0.516847 0.552682 -0.619827 -0.557097 197 48 56
0.277642 -0.258367 0.109787 0.321483 0.905498 -0.276986 168 242 92
0.123280 0.254051 -0.356881 0.493751 -0.652631 0.574703 190 44 200
0.136619 0.273078 0.064092 0.690588 -0.717895 -0.087840 215 35 116
0.290264 0.060733 0.561380 -0.941353 -0.271157 -0.200819 7 92 101
-0.023486 -0.089189 0.466816 0.418057 0.839229 0.347740 180 234 171
0.183599 0.066490 0.242435 0.682688 -0.725260 0.089080 214 35 138
0.035834 -0.123973 -0.620233 0.833192 0.183354 -0.521702 233 150 60
0.248726 -0.146037 -0.136684 0.535477 0.841446 0.072346 195 234 136
0.348073 0.217857 -0.623078 -0.910203 -0.413354 -0.025851 11 74 124
0.178316 0.112430 0.539475 -0.577997 -0.324834 -0.748600 53 86 32
0.365676 -0.316557 -0.015249 -0.301896 0.884368 -0.356023 89 240 82
-0.414783 0.038580 0.559519 0.865255 0.200029 -0.459699 237 153 68
-0.002104 0.166806 0.642266 -0.186026 -0.458806 -0.868845 103 69 16
0.218551 -0.025335 -0.470270 -0.038909 0.178312 -0.983204 122 150 2
-0.607499 -0.230661 0.457028 0.186112 0.848895 0.494712 151 235 190
0.289998 0.015072 -0.420385 -0.643345 -0.046025 -0.764192 45 121 30
-0.679306 0.147953 0.545859 0.648732 -0.694842 -0.310390 210 38 87
0.001078 0.030688 -0.942362 0.496814 0.248538 0.831508 190 159 233
-0.111606 0.122579 0.516897 -0.219798 -0.689378 -0.690251 99 39 39
0.149068 0.210388 -0.657780 -0.390368 -0.884265 0.256298 77 14 160
-0.185286 -0.194077 0.572266 0.673899 0.655065 -0.341687 213 211 83
0.221565 -0.120794 0.555133 -0.918324 0.394122 -0.036739 10 177 122
-0.251096 0.227327 0.468339 -0.826979 -0.384358 -0.410336 22 78 75
-0.031234 0.070921 -0.949802 0.716765 -0.301803 0.628620 218 89 207
0.263180 -0.195737 -0.562728 -0.778281 0.626460 0.042731 28 207 132
0.217649 -0.077027 0.532074 -0.044546 -0.014896 -0.998896 121 125 0
-0.513165 0.040379 0.454576 0.966367 -0.217735 0.136841 250 99 144
-0.824365 0.036089 0.496536 0.969461 -0.100189 0.223846 251 114 156
-0.668350 0.345560 0.516835 0.346804 -0.903168 -0.253012 171 12 95
-0.795819 -0.186411 0.517170 0.864277 0.502092 -0.030478 237 191 123
0.186743 -0.042564 0.115744 0.849574 0.512336 0.125447 235 192 143
0.039041 -0.298490 0.589704 -0.104228 0.874814 -0.473114 114 239 67
0.175408 -0.119583 -0.635675 -0.599271 0.642968 0.476935 51 209 188
0.304666 0.128572 0.389499 -0.763059 -0.612610 0.206034 30 49 153
-0.388137 -0.159488 0.625070 -0.667194 0.731546 -0.140334 42 220 109
0.279085 0.296468 -0.305829 0.158919 -0.985978 -0.050919 147 1 121
0.200688 0.094144 -0.860033 -0.580346 -0.342380 0.738901 53 83 221
0.077171 -0.256826 0.473886 -0.660058 0.746782 -0.081482 43 222 117
0.235586 0.346427 0.244254 -0.061171 -0.985736 -0.156791 119 1 107
0.296380 0.246344 0.085484 -0.036941 -0.944687 -0.325885 122 7 85
0.131900 0.415137 -0.773027 -0.101374 -0.988513 0.112094 114 1 141
-0.547620 -0.046143 0.615397 -0.075578 0.341876 -0.936701 117 171 8
-0.706623 -0.023616 0.631284 -0.000084 0.159530 -0.987193 127 147 1
-0.706612 -0.305380 0.466036 0.690420 0.722715 -0.031687 215 219 123
0.149971 -0.130263 0.698611 -0.271817 0.481449 -0.833260 92 188 21
-0.275300 0.063439 0.707456 0.128386 -0.328431 -0.935762 143 85 8
0.295157 -0.350849 -0.935969 -0.473238 0.861200 0.185420 67 237 151
-0.472945 -0.019172 0.710300 -0.659262 0.051818 -0.750125 43 134 31
0.035459 -0.051731 -0.879666 0.584499 0.142704 0.798747 202 145 229
0.355941 0.192020 0.040167 -0.575815 -0.817147 0.026609 54 23 130
0.166358 0.169804 0.319176 -0.674912 -0.736766 0.040867 41 33 132
0.184353 0.184505 -0.506968 0.114714 -0.953481 -0.278775 142 5 91
-0.655693 -0.145666 0.603207 0.521895 0.485377 -0.701452 194 189 38
0.327001 0.156879 -0.468502 -0.867435 -0.491439 0.077748 16 64 137
0.092196 -0.076033 -1.031895 0.051453 0.592007 0.804289 134 202 230
0.287700 0.062250 0.387347 -0.645181 0.044476 -0.762734 45 133 30
0.371021 -0.070420 -0.382614 -0.963639 0.263260 -0.045752 4 161 121
-0.393947 -0.025568 0.405356 0.003860 0.338379 0.941002 127 170 247
0.154581 0.069425 -0.806657 -0.081383 -0.497587 0.863588 117 64 237
0.309981 0.074950 -0.047043 -0.663211 -0.743589 -0.085016 42 32 116
-0.784477 0.141115 0.624927 0.666088 -0.418650 -0.617300 212 74 48
0.355287 -0.280274 -0.149288 -0.389109 0.855391 -0.341907 77 236 83
0.241343 0.013047 0.311058 -0.703309 -0.656707 -0.272199 37 43 92
0.139414 -0.267158 -0.446850 0.366383 0.926828 0.082182 174 245 137
0.411243 0.234657 -0.213789 -0.548553 -0.684197 -0.480587 57 40 66
0.322625 0.053673 0.063478 -0.233706 -0.005790 -0.972290 97 126 3
0.222981 0.108594 0.038147 -0.053107 -0.378164 0.924214 120 79 245
-0.304680 0.091360 0.452863 0.464767 -0.644026 -0.607637 186 45 50
0.267818 -0.230810 0.706855 -0.391992 0.570046 -0.722073 77 200 35
0.304778 0.158319 -0.150993 -0.399435 -0.875073 0.273310 76 15 162
0.315548 0.085023 -0.725353 -0.984899 -0.109700 -0.133938 1 113 110
0.125460 -0.206288 -0.736276 -0.332842 0.871529 0.360075 85 238 173
-0.555337 0.157773 0.367485 0.362861 -0.542776 0.757448 173 58 224
-0.699068 -0.170806 0.453206 0.832659 0.522491 0.183526 233 194 150
0.389503 0.123704 -0.243267 -0.761645 -0.314939 0.566313 30 87 199
0.039120 -0.184891 -0.840547 0.834270 0.550117 0.036956 233 197 132
0.308565 -0.134520 -0.274841 -0.592325 0.525764 0.610512 51 194 205
-0.451613 0.076461 0.450218 0.974250 -0.212533 0.075276 251 100 137
0.200158 0.145443 -0.489813 -0.240278 -0.590749 0.770248 96 52 225
0.110206 -0.138578 -0.961008 -0.170733 0.513620 0.840860 105 192 234
-0.055772 0.017447 0.620533 -0.603585 -0.556183 0.571267 50 56 200
0.165826 0.208854 -0.004940 0.623858 -0.674308 0.395108 207 41 177
0.245194 -0.259314 -0.471036 -0.195541 0.978783 0.061211 102 252 135
0.090594 0.160713 -0.709080 0.415772 -0.470766 0.778147 180 67 226
0.342027 -0.087717 0.073964 -0.729141 0.661251 -0.176355 34 211 105
-0.121760 0.228278 0.608543 -0.063539 -0.951073 -0.302363 119 6 88
-0.228909 -0.115687 0.581330 -0.248741 0.946956 -0.203478 95 248 101
-0.422226 -0.038586 0.579578 -0.004495 0.340825 -0.940116 126 170 7
0.327130 -0.173455 0.275434 -0.672943 0.699290 -0.241125 41 216 96
0.003757 0.320497 0.523593 0.010367 -0.967130 -0.254070 128 4 95
-0.222178 -0.065480 -0.095659 0.958313 0.195151 0.208692 249 152 154
0.283224 0.204929 0.258014 -0.474506 -0.870219 -0.132522 67 16 110
-0.540388 0.135656 0.629286 -0.578109 -0.792956 -0.192383 53 26 102
-0.552236 -0.044185 0.511579 -0.254629 0.403093 0.879022 95 178 239
-0.614702 -0.095148 0.558939 0.882996 0.175923 -0.435165 240 149 72
-0.215160 -0.109888 0.484905 0.745320 0.614393 -0.258881 222 205 94
-0.135885 0.069835 0.713768 0.122326 -0.259871 -0.957864 143 94 5
-0.108636 -0.142216 0.540606 0.316047 0.924292 -0.214005 167 245 100
0.239700 0.035495 0.155003 0.729806 -0.272445 -0.627023 220 92 47
-0.397851 0.209581 0.395974 0.556613 -0.664402 -0.498750 198 42 63
-0.016213 -0.050060 -0.799980 0.722313 0.317716 0.614265 219 168 205
0.188575 -0.147458 0.323099 0.909996 0.408762 -0.069439 243 179 118
0.234846 -0.076298 0.249794 0.315365 0.143322 -0.938085 167 145 7
0.189663 -0.251836 -0.211984 0.624331 0.777103 0.079512 207 226 137
0.177292 0.168204 -1.043722 -0.274668 -0.435413 0.857306 92 71 236
0.290275 -0.122799 0.315975 -0.413175 0.790804 -0.451570 74 228 69
-0.435638 0.015246 0.535287 -0.980773 -0.079998 0.178002 2 117 150
0.383502 -0.163700 -0.609822 -0.615072 0.399363 -0.679850 49 178 40
0.293702 0.036857 -0.680544 -0.854760 -0.177553 0.487710 18 104 189
-0.002614 -0.181135 -0.687200 0.374472 0.802036 0.465305 175 229 186
0.246754 -0.235200 0.385047 -0.763303 0.531038 0.367922 30 195 174
-0.489669 -0.261588 0.520727 0.181428 0.788494 -0.587674 150 228 52
-0.128869 -0.018160 0.577548 0.898734 0.342328 -0.274024 242 171 92
0.324806 -0.000030 -0.553911 -0.558174 -0.044044 0.828554 56 121 233
-0.482898 0.103178 0.581850 0.799242 -0.422151 -0.427785 229 73 72
-0.486809 0.013988 0.565209 0.904004 0.070987 0.421590 242 136 181
-0.536931 -0.343986 0.573350 0.054366 0.993769 -0.097303 134 254 115
-0.001883 -0.105169 -0.844359 0.619442 0.746847 -0.241892 206 222 96
0.060007 -0.401889 -0.762078 0.322927 0.913625 -0.246998 168 243 96
0.189372 0.067815 -0.491257 0.755155 -0.296040 0.584895 223 89 202
-0.717964 -0.277294 0.524906 0.333100 0.895736 -0.294451 169 241 89
0.421710 -0.091452 -0.115843 -0.972372 0.224702 -0.063259 3 156 119
-0.308186 -0.061803 0.573510 0.703629 0.102102 -0.703194 217 140 37
0.288962 0.066358 -0.599245 -0.991755 -0.090728 -0.090505 1 115 115
0.457306 -0.128953 0.030271 -0.808079 0.390846 -0.440735 24 177 71
0.432987 -0.035134 -0.106489 -0.832023 -0.036998 -0.553505 21 122 56
-0.107491 0.175538 0.523112 -0.293368 -0.883390 0.365455 90 14 174
-0.538352 -0.066472 0.404689 -0.063955 0.151324 0.986413 119 146 253
0.297247 -0.235990 -0.621943 -0.229101 0.945416 -0.231735 98 248 97
-0.420137 0.296780 0.373714 0.501788 -0.849467 0.163140 191 19 148
0.243710 -0.125018 -0.040465 -0.276080 0.594735 0.755030 92 203 223
0.207582 0.019914 0.515221 -0.274678 -0.032049 -0.961002 92 123 4
-0.067792 -0.171574 0.527961 -0.222848 0.955338 0.194082 99 249 152
-0.541943 -0.021162 0.499397 0.924639 -0.158866 -0.346127 245 107 83
0.208459 -0.201126 0.420642 -0.094562 0.924017 -0.370474 115 245 80
0.082202 0.315209 0.505998 0.178764 -0.963507 -0.199242 150 4 102
0.214956 -0.095404 0.459499 -0.953201 0.227622 0.198987 5 156 152
0.177844 -0.059511 -0.815143 -0.849027 0.433044 0.302698 19 182 166
-0.018727 0.253250 0.627500 -0.285399 -0.904128 -0.317962 91 12 86
-0.005004 -0.015271 -0.477353 0.981506 -0.190819 0.015317 252 103 129
0.276183 -0.251321 -0.735000 -0.645088 0.764093 -0.004868 45 224 126
-0.033595 0.230575 0.456642 0.723276 -0.683354 -0.099501 219 40 114
0.169844 0.019580 -0.254700 0.657264 0.318345 0.683126 211 168 214
0.099926 0.103833 -0.607625 0.940968 -0.318390 0.114922 247 86 142
0.104499 0.052975 -0.728998 -0.667642 -0.084003 0.739728 42 116 221
-0.513836 -0.159203 0.499983 0.737032 0.495107 -0.460057 221 190 68
0.334850 0.045658 -0.499867 -0.939885 -0.341111 -0.016127 7 84 125
0.235382 -0.089835 -0.101395 0.212474 0.696018 0.685867 154 216 214
-0.351829 0.001822 -0.461613 0.827028 0.135082 0.545691 232 144 197
-0.862865 0.072509 0.386662 0.846630 -0.163123 0.506566 235 106 192
0.309954 -0.233256 0.123072 -0.311558 0.683333 -0.660294 87 214 43
0.056311 0.060586 0.099577 0.655050 0.031271 0.754938 211 131 223
-0.524800 0.204661 0.604941 -0.271375 -0.594495 -0.756922 92 51 30
0.223002 -0.117416 -0.023347 0.970248 0.177732 0.164408 251 150 148
-0.268145 -0.025999 0.620782 -0.463466 0.213348 -0.860048 68 154 17
-0.415951 -0.207289 0.565579 0.133474 0.990915 -0.016495 144 253 125
0.091410 -0.150836 -0.593751 0.609878 0.467551 -0.639878 205 187 45
-0.114137 -0.005084 0.466342 0.851377 0.394964 0.345195 236 177 171
0.399855 -0.172131 0.059589 -0.791349 0.468765 0.392462 26 187 177
0.031499 -0.113668 -1.020429 0.078212 0.148123 0.985872 137 146 253
-0.655597 -0.076676 0.561968 0.795735 0.483648 -0.364542 228 189 81
0.448547 -0.174336 -0.228553 -0.808091 0.373659 0.455376 24 175 185
0.377124 0.017210 -0.096066 -0.842910 -0.144627 0.518252 20 109 193
0.394998 0.183081 -0.264079 -0.853123 -0.367775 -0.370030 18 80 80
-0.018166 -0.231069 0.310535 0.407834 0.614374 0.675438 179 205 213
-0.793723 0.236350 0.163196 0.837565 -0.393248 0.379263 234 77 175
0.433112 -0.164675 0.046184 -0.594716 0.641699 -0.484288 51 209 65
-0.604513 -0.077336 0.647560 0.810403 0.348730 -0.470782 230 171 67
-0.298067 -0.086434 0.484764 -0.912970 0.320207 0.252888 11 168 159
0.142439 0.082629 -0.361510 -0.156443 -0.231808 0.960099 107 97 249
0.522160 -0.282733 -0.374705 -0.873947 0.485912 0.010295 16 189 128
-0.367947 0.180461 0.605857 0.390708 -0.804631 -0.447119 177 24 70
0.417558 -0.153565 -0.565288 -0.819181 0.314200 -0.479813 23 167 66
-0.479915 -0.090299 0.509898 -0.311329 0.391334 0.865986 87 177 237
0.250248 -0.007518 0.338533 -0.486867 0.859513 -0.155559 65 237 107
0.183651 -0.000092 0.568336 -0.875779 0.131510 -0.464454 15 144 68
-0.121593 -0.094007 -1.132600 0.671307 0.098416 0.734616 213 140 221
0.336548 -0.218938 -0.110469 -0.662628 0.743296 0.091840 43 222 139
-0.599117 -0.111201 0.440614 0.914443 0.393546 0.094420 244 177 139
0.169142 -0.083676 -0.401637 0.957208 0.249629 0.146418 249 159 146
0.192369 0.181044 -0.703295 -0.672659 -0.737143 0.064421 41 33 135
-0.563166 -0.113753 0.595712 0.590593 0.802400 0.085760 202 229 138
0.227303 0.023352 -0.624168 -0.639563 -0.105950 0.761403 45 113 224
-0.306024 0.035382 0.556610 0.978115 -0.191310 -0.081799 252 103 117
0.333964 0.151739 -0.711752 -0.673320 -0.612175 0.414586 41 49 180
-0.498228 -0.061367 0.631708 -0.008712 0.815330 0.578931 126 231 201
0.363268 -0.211928 0.334971 -0.691304 0.641483 -0.332564 39 209 85
-0.325825 0.088959 0.594630 -0.765792 -0.468937 -0.440069 29 67 71
-0.462725 0.363196 0.381059 0.460590 -0.884888 -0.069506 186 14 118
-0.631973 0.183347 0.475597 0.831078 -0.524655 0.184518 233 60 151
0.216543 0.087218 -0.359612 -0.107354 -0.894334 -0.434329 113 13 72
0.059601 0.212581 -0.691252 0.730957 -0.680811 0.046893 220 40 133
0.331728 -0.223486 -0.050230 -0.371083 0.921098 0.117796 80 244 142
-0.022093 -0.162484 0.490492 0.358009 0.845448 0.396293 173 235 178
-0.158752 -0.070183 0.598144 0.811144 0.286940 -0.509619 230 164 62
0.266168 0.052132 0.200552 -0.286848 -0.427745 -0.857177 90 72 18
-0.721456 0.059633 0.536071 0.950827 -0.304038 -0.059062 248 88 119
-0.875003 -0.161030 0.543773 0.782359 0.549503 0.293190 227 197 164
0.141513 0.149513 0.583646 -0.223452 -0.645323 -0.730498 99 45 34
0.102350 -0.070242 -0.765380 -0.340083 0.662897 0.667016 84 212 212
0.118898 -0.079288 -0.652191 0.823498 0.446276 -0.350268 232 184 82
0.028572 0.052742 0.571783 0.234577 -0.413973 -0.879546 157 74 15
-0.806886 -0.049097 0.600366 0.771119 0.080556 -0.631574 225 137 46
0.246736 0.100699 0.227269 0.351819 -0.930826 -0.098928 172 8 114
-0.299572 0.207298 0.604658 -0.073972 -0.971010 0.227305 118 3 156
-0.112774 -0.073153 -0.604662 0.945163 0.159570 0.284964 248 147 163
0.213823 -0.171083 -0.336248 0.466585 0.818692 0.334725 186 231 170
0.266845 0.191098 -0.237792 0.070107 -0.920810 -0.383660 136 10 78
-0.030022 -0.055904 -0.767032 0.924476 0.201801 -0.323451 245 153 86
0.310526 0.029366 -0.400375 -0.926910 -0.156258 0.341207 9 107 171
-0.033388 -0.144921 -0.897965 0.864398 0.316999 0.390292 237 167 177
0.125995 -0.064579 -0.738778 0.551536 0.343033 0.760353 197 171 224
-0.024571 0.120517 0.644082 0.032856 -0.195001 -0.980253 131 102 2
0.291101 -0.288164 0.296726 -0.213848 0.917752 -0.334666 100 244 84
-0.806935 -0.029617 0.584825 0.988693 0.081021 -0.126185 253 137 111
0.251650 -0.139166 0.017141 -0.334347 0.889034 0.312778 84 240 167
0.215508 0.145506 -1.037022 -0.639969 -0.213714 0.738083 45 100 221
0.353222 -0.199300 -0.741950 -0.814106 0.517482 0.263520 23 193 161
0.437349 -0.282006 0.025345 -0.765904 0.642805 -0.013905 29 209 125
0.255978 -0.070799 0.525936 -0.932117 0.275003 -0.235651 8 162 97
-0.193452 -0.097265 0.597637 -0.297327 0.922072 0.247750 89 245 159
-0.211507 -0.144207 -0.845669 0.925331 0.312747 0.214363 245 167 154
0.410084 -0.096375 -0.143173 -0.682020 0.519964 0.514282 40 193 193
0.248009 0.008018 -0.010332 0.743150 -0.229888 -0.628394 222 98 47
0.025483 0.084578 -0.757125 0.691180 -0.545085 -0.474502 215 58 67
0.349348 -0.191330 -0.203831 -0.451750 0.747680 -0.486720 69 222 65
0.263877 0.116591 -0.130545 0.297793 -0.385386 0.873382 165 78 238
0.093046 -0.002742 0.344028 -0.293032 -0.268861 -0.917521 90 93 10
-0.450542 -0.005953 0.600562 -0.433335 0.140481 -0.890217 72 145 13
-0.627155 0.258275 0.448051 0.190630 -0.971145 0.143307 151 3 145
0.249254 -0.133479 -0.929552 -0.230434 0.264884 0.936342 98 161 246
-0.680680 0.168792 0.401180 0.774865 -0.590127 0.226570 226 52 156
0.433370 -0.099679 0.168288 -0.932507 0.286812 -0.219476 8 164 99
0.294024 0.032419 -0.006854 0.412827 0.083952 -0.906932 180 138 11
-0.562010 -0.096218 0.531817 0.802514 0.589587 0.091427 229 202 139
-0.497270 0.189243 0.455056 0.195091 -0.804726 0.560674 152 24 198
-0.131097 0.049574 0.575776 -0.805229 0.073465 -0.588396 24 136 52
-0.299537 0.206756 0.479814 0.615706 -0.688492 0.383257 206 39 176
0.178419 -0.159764 -1.003840 -0.396259 0.673443 0.624062 76 213 207
0.088114 -0.087054 -0.716020 0.547415 0.183770 0.816435 197 150 231
0.311654 -0.150245 -0.244685 -0.255223 0.722663 -0.642354 94 219 45
-0.809007 0.117137 0.549841 0.956509 -0.159413 -0.244289 249 107 96
0.261540 0.191209 -0.306740 -0.503088 -0.861521 -0.068443 63 17 118
-0.377926 -0.018937 0.583322 0.366951 0.150466 -0.917991 174 146 10
-0.173146 0.168457 0.384640 -0.742214 -0.670147 -0.004492 32 42 126
0.308767 0.277270 -0.107442 -0.184725 -0.937613 0.294549 103 7 165
-0.522107 -0.207002 0.462549 0.695482 0.630306 0.344992 216 207 171
-0.612321 0.002797 0.607384 -0.101589 0.059678 -0.993035 114 135 0
-0.507787 0.287710 0.545798 0.177237 -0.958256 -0.224348 150 5 98
-0.337778 -0.147952 0.466882 -0.243025 0.964643 0.101994 96 250 140
0.309325 0.128722 -0.180438 -0.623200 -0.622037 -0.474016 48 48 67
0.275691 -0.208993 -0.190263 -0.142581 0.921455 0.361374 109 244 173
0.069645 0.191362 0.647640 -0.579657 -0.583534 -0.568759 53 53 54
0.431981 0.193661 -0.204483 -0.496585 -0.818268 0.289554 64 23 164
0.257855 -0.253314 0.576104 -0.186841 0.910223 -0.369574 103 243 80
0.570371 -0.276523 -0.285703 -0.768631 0.584737 -0.259402 29 202 94
0.025003 -0.185828 -0.580498 0.855372 0.411124 0.315144 236 179 167
0.298210 0.235341 -0.151701 -0.120102 -0.983100 -0.138164 112 2 109
0.296803 0.136580 0.071958 0.368232 -0.455549 -0.810481 174 69 24
0.030653 -0.021420 0.566561 -0.746777 0.242911 -0.619126 32 158 48
0.111476 -0.179690 -0.826809 -0.010866 0.957891 0.286926 126 249 164
0.026355 -0.060718 -0.710967 0.876203 0.286980 0.387183 239 164 176
0.321125 0.241343 -0.375220 -0.733945 -0.572480 0.365500 33 54 174
-0.049596 0.092007 0.217632 0.518151 -0.170954 0.838030 193 105 234
-0.511235 0.269903 0.576359 0.449888 -0.852345 -0.266661 184 18 93
0.139162 0.106396 0.413235 0.148993 -0.548989 -0.822442 146 57 22
-0.653414 0.019813 0.450781 -0.108935 -0.894517 0.433558 113 13 182
0.415465 0.055998 0.232549 -0.914816 -0.320826 -0.245322 10 86 96
-0.054171 -0.171181 0.548952 0.204051 0.638841 -0.741785 153 208 32
-0.043887 -0.088690 0.439240 -0.865170 0.141562 0.481083 17 145 188
0.455449 -0.090370 -0.461972 -0.958639 0.284624 -0.000002 5 163 127
-0.490380 0.301194 0.640706 0.046506 -0.879355 -0.473889 133 15 67
0.175443 0.357528 -0.445832 -0.067082 -0.995341 0.069258 118 0 136
0.313594 0.011886 -0.228569 -0.856460 -0.052928 -0.513493 18 120 62
-0.692428 0.158667 0.440334 0.324957 -0.856766 0.400444 168 18 178
0.154711 -0.118041 -0.903002 0.274063 0.835867 0.475621 162 234 188
0.264606 -0.254471 0.023592 0.486388 0.618890 -0.616768 189 206 48
0.232056 0.264779 -0.220337 -0.159644 -0.926341 -0.341183 107 9 83
0.205154 -0.076281 -0.333947 0.392457 0.566329 -0.724741 177 199 35
-0.633837 -0.154934 0.470004 0.267912 0.632929 0.726377 161 208 220
-0.013286 -0.182537 -0.993958 0.478202 0.769284 0.423703 188 225 181
0.182261 -0.228263 -0.820013 -0.313535 0.884692 0.344987 87 240 171
-0.473911 0.166711 0.556537 -0.681419 -0.703065 0.203394 40 37 153
0.280600 -0.136720 0.375598 -0.409933 0.510985 -0.755546 75 192 31
0.053557 -0.034270 -0.424625 0.547394 0.066283 0.834246 197 135 233
0.162683 0.127316 -0.859722 -0.824727 -0.350180 0.444071 22 82 184
0.235164 0.090726 -0.356938 -0.428497 -0.533764 0.729031 72 59 220
-0.684424 0.339004 0.602684 0.232611 -0.861453 -0.451431 157 17 69
0.063522 -0.133061 -0.857503 -0.225727 0.708556 0.668578 98 217 212
0.143567 -0.175602 0.064116 0.480461 0.654251 0.584049 188 210 201
-0.041567 0.167831 -0.978923 -0.108157 -0.734697 0.669718 113 33 212
0.165217 0.082532 0.395656 -0.831735 -0.543528 0.113110 21 58 141
-0.319629 -0.214949 0.316169 0.063998 0.666003 0.743199 135 212 222
0.125798 0.120682 -0.470925 0.671178 -0.497928 0.549170 213 64 197
0.026184 -0.172682 -0.880770 0.894897 0.445067 0.032775 241 184 131
-0.063699 -0.048527 -0.771242 0.751179 -0.188086 0.632735 223 103 208
0.084729 0.154511 0.421181 -0.710065 -0.704059 0.010465 36 37 128
0.228210 -0.011251 0.398675 -0.740122 -0.036928 -0.671458 33 122 41
-0.302085 0.243337 0.349790 0.351605 -0.912995 0.206915 172 11 153
0.248191 -0.305261 -0.663937 -0.106857 0.918069 0.381748 113 244 176
0.000977 -0.069116 0.338682 0.125985 0.278591 0.952111 143 163 248
0.197654 -0.014905 -1.012215 -0.769922 0.617790 0.159861 29 206 147
0.392116 0.111197 -0.128995 -0.796452 -0.296571 -0.526982 25 89 60
0.204051 0.128572 -0.376748 -0.354080 -0.592915 -0.723242 82 51 35
0.374756 -0.234376 0.219983 -0.445763 0.796132 0.409230 70 229 179
0.048686 0.126446 0.532929 0.244529 -0.900701 -0.359086 158 12 81
-0.006442 -0.302997 -0.376949 0.762285 0.618876 -0.189512 224 206 103
-0.558777 0.107264 0.584016 0.655619 -0.682473 -0.323103 211 40 86
0.260549 -0.054619 -0.151950 0.484776 0.645141 0.590580 189 209 202
0.137000 -0.028260 -0.003118 -0.992493 0.118233 -0.031290 0 142 123
0.194652 -0.113114 -1.038793 -0.129621 0.227861 0.965027 110 156 250
0.310903 -0.359657 -0.322971 0.047654 0.819056 -0.571731 133 231 54
0.393824 0.273014 -0.056677 -0.423007 -0.656297 0.624772 73 43 207
0.029584 -0.182483 -0.883361 0.595811 0.802764 -0.024075 203 229 124
-0.549951 -0.006753 0.555637 -0.926696 0.219199 0.305264 9 155 166
0.370497 0.148645 0.294268 -0.954730 -0.283275 0.090811 5 91 139
0.082860 0.214668 -0.895717 0.342541 -0.876413 0.338476 171 15 170
-0.815822 0.177811 0.500778 0.853231 -0.521468 0.008255 236 61 128
-0.730008 0.303840 0.422305 0.349913 -0.870793 0.345371 172 16 171
0.371989 0.170507 -0.187381 -0.725741 -0.619799 0.298579 34 48 165
0.099281 0.215739 -0.233379 0.439938 -0.896155 0.057973 183 13 134
-0.242503 0.142145 0.586918 0.464632 -0.449565 -0.762895 186 70 30
0.342572 -0.083653 -0.822480 -0.843607 0.392247 0.366701 19 177 174
0.398902 -0.080513 0.429089 -0.869486 0.307272 -0.386753 16 166 78
-0.010986 0.010309 -0.812316 0.900976 -0.122479 -0.416222 242 111 74
0.444110 0.163190 0.238562 -0.873187 -0.333811 0.355127 16 84 172
0.110699 0.283774 -0.385325 0.441828 -0.897058 -0.008646 183 13 126
0.233483 -0.091128 0.168286 -0.123078 0.528281 0.840102 111 194 234
-0.696100 -0.084638 0.445892 0.846220 0.118833 0.519414 235 142 193
0.189923 -0.103935 -0.777455 -0.355030 0.750333 0.557633 82 223 198
0.332797 -0.117497 0.031735 -0.624693 0.775562 -0.090897 47 226 115
0.177342 0.092468 -0.347657 0.383250 -0.467354 0.796680 176 67 229
-0.264627 0.212738 0.618487 -0.831011 -0.525636 -0.182010 21 60 104
0.005154 -0.089881 -0.862002 0.814201 0.349050 0.463940 231 172 186
-0.034200 -0.016578 0.695867 0.465107 0.068699 -0.882585 186 136 14
-0.416649 0.112283 0.648303 0.532525 -0.687814 -0.493284 195 39 64
0.445519 -0.380156 -0.093427 -0.357557 0.838494 -0.411194 81 234 75
0.477757 -0.111712 -0.029338 -0.975453 0.215312 -0.046173 3 154 121
-0.082547 0.209650 0.481334 -0.396943 -0.719734 0.569578 76 35 200
-0.163527 0.193323 0.492109 0.277385 -0.905926 0.319932 162 11 168
-0.642290 -0.109570 0.411549 0.805779 0.529198 0.265839 230 194 161
-0.332285 0.195039 0.567726 0.514655 -0.698880 -0.496685 193 38 64
-0.057200 -0.101977 -0.482429 0.802800 0.274297 0.529409 229 162 194
-0.618394 0.114106 0.648323 -0.198557 -0.355932 -0.913174 102 82 11
-0.351654 0.136024 0.508021 0.255042 -0.787608 0.560916 160 27 199
-0.851949 0.333613 0.530998 0.661822 -0.740151 0.119026 211 33 142
-0.721186 -0.059567 0.390659 0.736708 0.273090 0.618613 221 162 206
-0.768816 0.185087 0.540424 0.868401 -0.494971 -0.029715 238 64 123
0.150589 -0.093795 -0.872609 -0.588905 0.512960 0.624551 52 192 207
-0.770906 0.101710 0.596982 0.903721 -0.421684 0.073969 242 73 136
0.169333 0.174656 -0.748361 -0.507185 -0.845495 -0.167036 62 19 106
-0.330132 0.097911 0.476282 -0.215106 -0.602153 0.768857 100 50 225
0.147563 -0.268087 0.558191 -0.428820 0.897721 -0.101043 72 241 114
-0.230016 0.036447 0.702473 -0.019949 -0.392775 -0.919418 124 77 10
0.312508 0.113114 0.456026 -0.963030 -0.269340 0.005394 4 93 128
-0.436666 -0.088320 0.501731 0.745034 0.312536 0.589276 222 167 202
0.457834 -0.062976 -0.407569 -0.800241 0.176446 0.573133 25 149 200
-0.439284 0.171582 0.586146 -0.048040 -0.764608 -0.642703 121 30 45
0.184071 -0.118790 0.380784 0.116734 0.818843 -0.562023 142 231 55
0.074786 -0.201102 -1.045059 0.315962 0.546576 0.775515 167 197 226
0.075669 0.083551 -0.743879 0.671543 -0.493277 -0.552909 213 64 57
0.221958 0.181932 -0.210845 -0.160793 -0.682689 0.712798 106 40 218
0.160803 0.167670 -0.915091 0.279147 -0.938713 -0.202222 163 7 101
0.312164 0.199870 0.032454 -0.203865 -0.653707 -0.728770 101 44 34
0.421978 0.212813 -0.117499 -0.742587 -0.565744 -0.358467 32 55 81
-0.400818 -0.232927 0.682512 0.146869 0.864943 -0.479899 146 237 66
-0.558898 -0.297211 0.429175 0.508787 0.859595 -0.047243 192 237 121
-0.030254 0.102628 -0.900527 0.840757 -0.540354 -0.033836 234 58 123
-0.446413 -0.125551 0.469447 0.964913 0.210049 0.157553 250 154 147
-0.648526 -0.137026 0.377989 0.602707 0.502565 0.619817 204 191 206
0.059707 0.017427 -0.471989 0.964769 0.083560 -0.249478 250 138 95
-0.659502 -0.222966 0.648967 0.238295 0.619811 -0.747697 157 206 32
-0.724991 -0.093089 0.620127 0.605518 0.441748 -0.661972 204 183 43
-0.175482 -0.147652 0.542198 0.599741 0.679327 -0.422877 203 214 73
-0.269794 0.195422 0.262367 0.891764 -0.452471 -0.005168 241 69 126
0.353615 0.034710 -0.428670 -0.934927 0.076098 0.346584 8 137 171
-0.169864 -0.004940 0.500766 0.662113 -0.509248 0.549792 211 62 197
-0.570973 -0.062475 0.530380 0.593490 0.127927 -0.794610 203 143 26
0.303397 0.341906 -0.991805 -0.416449 -0.723348 0.550762 74 35 197
-0.718856 -0.009969 0.715783 0.371116 -0.054457 -0.926988 174 120 9
0.281686 0.172873 -1.003938 -0.396955 -0.321669 0.859625 76 86 237
-0.749233 0.149806 0.564120 0.954572 -0.290076 0.068172 249 90 136
0.023292 0.162668 -0.761240 0.589584 -0.446972 0.672761 202 70 213
0.417586 0.117516 -0.160389 -0.821909 -0.509921 -0.253863 22 62 95
0.302160 -0.211860 0.134443 -0.411916 0.616830 -0.670706 74 206 41
0.005132 0.056789 -1.061247 0.800440 -0.112699 0.588722 229 113 202
0.243965 0.115788 -0.504389 -0.230735 -0.609224 0.758688 98 49 224
0.049922 0.006932 0.598971 -0.841749 -0.135179 -0.522672 20 110 60
0.139049 -0.148569 -0.784686 -0.026006 0.964073 0.264361 124 250 161
-0.462317 0.098090 0.741404 -0.512815 -0.124099 -0.849482 62 111 19
0.329202 -0.188121 -0.434529 -0.652146 0.674223 -0.346596 44 213 83
0.177036 0.155317 0.042126 -0.494806 -0.662921 0.561874 64 42 199
-0.749673 -0.100265 0.570218 0.836634 0.434116 -0.334046 234 182 84
-0.111004 0.201583 -0.864255 0.886760 -0.459580 -0.049432 240 68 121
0.359081 -0.113229 0.207448 -0.218419 0.485473 -0.846528 99 189 19
0.250029 0.241648 -0.213684 0.188238 -0.952803 -0.238189 151 6 97
0.368571 0.365979 0.033152 -0.437245 -0.793186 -0.423878 71 26 73
0.141006 0.025561 0.050402 0.737403 -0.138203 -0.661163 221 109 43
0.241927 -0.094774 0.217534 -0.458559 0.365806 0.809882 69 174 230
0.185725 0.018477 -0.848224 -0.651637 -0.509353 0.562075 44 62 199
0.206693 0.130523 -0.209039 0.110091 -0.704584 -0.701028 141 37 38
0.077852 -0.151593 -0.920682 -0.282738 0.606128 0.743416 91 204 222
-0.533187 0.096386 0.509762 0.613402 -0.452514 0.647279 205 69 210
0.105128 0.032131 -0.790724 0.716944 0.101548 -0.689695 218 140 39
-0.150992 0.044258 0.543855 0.585767 -0.168893 -0.792687 202 105 26
0.342640 0.159589 0.210959 -0.614341 -0.747217 -0.253479 49 32 95
-0.841578 0.013764 0.431262 0.972580 -0.113925 0.202752 251 112 153
0.055422 0.195232 -1.117750 -0.051146 -0.510870 0.858135 120 62 236
0.356062 -0.052851 -0.484587 -0.978807 0.176055 0.104602 2 149 140
0.151755 -0.006976 -0.206691 0.997269 -0.068239 0.028244 254 118 131
0.053248 0.106240 -0.764237 0.434172 -0.380794 -0.816389 182 78 23
0.554805 0.087391 -0.170889 -0.906924 -0.223813 -0.356926 11 98 81
-0.546172 -0.144622 0.591521 0.892829 0.310727 -0.326046 241 167 85
0.415767 0.099794 -0.120479 -0.683766 -0.712308 0.158369 40 36 147
0.314258 -0.107842 0.300614 -0.540550 0.786754 -0.298034 58 227 89
0.073382 0.009623 0.677485 -0.973062 -0.050195 -0.225013 3 121 98
0.136084 0.077937 0.366289 0.890236 -0.220359 0.398649 241 99 178
-0.675895 0.044582 0.505931 0.897878 -0.437554 -0.048589 241 71 121
-0.474098 0.084680 0.587657 -0.020334 -0.474124 -0.880223 124 67 15
0.501035 0.150882 -0.376754 -0.837737 -0.476839 -0.266124 20 66 93
-0.875785 -0.026575 0.425735 0.705396 0.148709 0.693038 217 146 215
-0.468588 -0.112571 0.494446 0.829111 0.245170 -0.502461 233 158 63
0.210545 0.267202 0.023072 0.282472 -0.925470 0.252419 163 9 159
-0.473561 0.010890 0.607824 -0.547119 -0.647152 0.530901 57 44 195
0.322788 0.044546 -0.362841 -0.707114 -0.282177 0.648357 37 91 210
-0.073062 -0.046750 0.710257 0.626900 0.204768 -0.751709 207 153 31
0.370576 -0.132439 0.437785 -0.850255 0.444923 -0.281263 19 184 91
0.096761 -0.258464 0.519728 0.308294 0.901251 -0.304470 166 242 88
-0.111218 0.184206 0.557124 0.097028 -0.922372 -0.373919 139 9 79
-0.576038 -0.130023 0.464783 -0.703880 0.383210 0.598082 37 176 203
0.369172 -0.270568 -0.244232 -0.418706 0.809660 0.411261 74 230 179
-0.432927 0.148087 0.560020 0.332683 -0.803359 0.493900 169 25 190
-0.697572 0.141415 0.505655 0.757407 -0.634039 -0.155979 224 46 107
-0.077123 -0.116571 0.495340 0.409920 0.823035 0.393165 179 232 177
-0.531241 0.073464 0.488495 0.996612 -0.076236 0.030878 254 117 131
0.192217 0.235919 -0.353037 0.227379 -0.965441 0.127366 156 4 143
0.347962 0.030783 -0.042910 0.676639 -0.480942 -0.557543 213 66 56
0.332564 0.018242 -0.150161 -0.740083 0.273218 0.614516 33 162 205
0.397480 -0.179181 0.423126 -0.880227 0.452689 -0.142385 15 185 109
0.074046 0.038045 -0.993717 -0.063698 -0.418408 0.906023 119 74 243
0.277140 -0.116659 -0.757977 -0.974305 0.202965 0.097643 3 153 139
-0.392492 -0.272986 0.518087 -0.174415 0.935460 0.307397 105 246 166
-0.006746 -0.081793 -0.687888 0.930332 0.155688 0.332030 246 147 169
0.108470 -0.275361 -0.810911 0.088787 0.881376 0.463997 138 239 186
0.121162 0.302594 -0.684877 -0.199875 -0.952585 -0.229418 102 6 98
0.263408 -0.163997 -0.853988 -0.611611 0.743811 0.269586 49 222 161
-0.431790 0.196616 0.502232 0.691352 -0.720378 0.055568 215 35 134
0.065243 0.060097 0.399870 0.794611 -0.330035 0.509580 228 85 192
0.248469 -0.137857 -0.683774 -0.928712 0.351487 0.118111 9 172 142
-0.206815 0.025651 0.568086 -0.718923 -0.186807 -0.669517 35 103 42
0.095002 -0.133578 -0.908713 -0.671292 0.718042 -0.183802 41 219 104
-0.351442 -0.127406 0.803984 -0.241438 0.500577 -0.831343 96 191 21
-0.631700 -0.139945 0.538615 0.664128 0.690754 0.285994 212 215 163
0.432321 -0.149825 -0.403598 -0.322615 0.558207 0.764411 86 198 224
0.387479 -0.240863 0.171191 -0.561252 0.765027 -0.315801 55 225 87
0.191751 0.243417 -0.872645 -0.579033 -0.769853 0.268417 53 29 161
-0.425816 0.034388 0.354755 0.316878 0.155559 0.935623 167 147 246
0.393461 0.100760 -0.507771 -0.764483 -0.269003 0.585835 30 93 202
0.072159 -0.103346 0.522970 0.289021 0.366542 -0.884372 164 174 14
0.342023 0.203597 0.465238 -0.655629 -0.713879 -0.246024 43 36 96
0.090203 -0.031371 -0.337115 0.674955 0.057475 0.735617 213 134 221
0.181961 0.042737 0.318973 0.902795 0.050031 0.427152 242 133 181
0.280917 -0.216984 0.065145 0.127800 0.685323 -0.716938 143 214 36
0.338607 0.342821 -0.361493 -0.186537 -0.976865 0.104588 103 2 140
0.317825 -0.105088 0.093793 -0.681589 0.116299 0.722434 40 142 219
-0.772112 -0.118905 0.469066 0.755799 0.554195 0.348765 223 198 171
0.061268 -0.053462 -0.484923 0.013903 -0.069395 -0.997492 129 118 0
0.286019 0.162516 -0.316976 -0.821298 -0.505232 0.264971 22 63 161
-0.080821 -0.243156 0.619043 0.282789 0.858524 -0.427747 163 236 72
0.222505 -0.104960 -0.545698 -0.158147 0.604245 -0.780947 107 204 27
0.364888 0.159358 -0.133727 -0.451595 -0.879535 -0.149933 69 15 108
0.264172 -0.023846 -0.364408 -0.921654 -0.347337 0.172947 9 83 149
-0.290714 0.105693 0.502421 -0.662793 -0.717253 -0.215067 42 36 100
-0.003191 0.040590 0.507484 0.752913 -0.654599 0.067989 223 44 136
0.156867 0.057142 0.035749 0.679828 -0.149925 0.717883 214 108 219
-0.251716 0.037291 0.619921 -0.737519 -0.072161 -0.671460 33 118 41
-0.036316 -0.060353 -0.799174 0.938092 0.336903 0.080502 247 170 137
0.117275 -0.253443 -0.657129 0.115502 0.963689 -0.240757 142 250 96
-0.662832 -0.296953 0.408821 0.239863 0.748273 0.618509 158 222 206
0.275514 0.202437 -0.144612 0.191466 -0.891714 -0.410105 151 13 75
0.247078 0.024839 -0.958025 -0.978644 -0.060276 0.196524 2 119 152
-0.511154 -0.160978 0.562028 0.886668 0.403279 -0.226242 240 178 98
-0.584333 -0.108012 0.463579 0.833995 0.545312 0.084188 233 197 138
0.025157 -0.029669 -0.806407 0.985061 0.017835 0.171278 253 129 149
0.213666 0.122587 -0.171593 -0.022686 -0.473297 0.880611 124 67 239
-0.501581 -0.126287 0.494686 -0.849192 0.525608 -0.051086 19 194 120
0.247895 0.176168 -0.683190 -0.747931 -0.570195 0.339819 32 54 170
0.173164 -0.111266 -0.748226 0.241147 0.275449 0.930578 158 162 246
0.184834 0.007302 -0.352949 -0.204631 0.978149 -0.036739 101 252 122
0.116753 0.255064 0.667037 -0.336955 -0.712303 -0.615699 84 36 48
0.070334 -0.162179 0.460523 0.702689 0.549387 -0.452109 217 197 69
-0.112447 -0.224180 0.472258 -0.244116 0.927670 -0.282551 96 245 91
0.293766 0.037185 -0.045332 -0.220263 -0.069645 0.972951 99 118 251
0.138092 -0.073198 -0.609220 0.634427 0.732201 -0.247758 208 220 95
0.080125 0.037300 -1.025583 0.308925 -0.134764 0.941490 166 110 247
0.069246 0.074456 -0.678880 0.271042 -0.663973 -0.696905 162 42 38
0.096565 0.029849 -0.415877 0.838669 -0.162533 -0.519825 234 106 61
-0.692024 0.037724 0.473315 0.804815 -0.507642 0.307527 230 62 166
-0.047460 -0.004814 -0.769055 0.985873 -0.095933 0.137300 253 115 145
0.204219 -0.230770 -0.917182 -0.561773 0.641042 0.522950 55 209 194
-0.200123 0.077930 0.328748 0.621573 -0.323069 -0.713634 206 86 36
0.436383 0.050965 -0.333876 -0.581526 -0.332576 -0.742442 53 85 32
-0.046506 -0.145744 0.384054 -0.753798 0.622092 0.211639 31 206 154
-0.367876 -0.102425 -0.030181 0.472417 0.252632 0.844393 187 159 235
-0.414608 0.077542 0.604444 0.508090 -0.332041 -0.794728 192 85 26
0.167706 0.151671 -0.342025 0.842973 -0.438129 0.312155 234 71 167
0.224228 -0.089611 -0.294579 0.070814 0.334844 0.939609 136 170 247
0.272906 0.102179 0.292042 0.044171 -0.788868 -0.612974 133 26 49
0.030610 0.234986 0.503439 -0.330689 -0.875373 -0.352658 85 15 82
0.360008 0.073221 -0.299497 -0.739232 -0.571595 0.356112 33 54 172
0.072313 -0.135567 -0.629364 0.829977 0.430593 0.354580 233 182 172
0.193652 -0.229964 0.010166 0.756637 0.653647 -0.015684 223 210 125
0.206402 0.098933 0.413826 -0.784081 -0.573986 0.236127 27 54 157
0.141762 0.022749 -0.858223 -0.278977 -0.091350 0.955943 91 115 249
-0.299940 0.019399 0.725507 -0.620894 -0.043774 -0.782671 48 121 27
0.168014 0.261585 0.454115 -0.367483 -0.820916 -0.437096 80 22 71
-0.778491 -0.063634 0.496931 0.678463 0.442223 0.586623 214 183 202
-0.685107 -0.103944 0.532695 -0.724682 0.687644 0.044527 35 215 133
0.256890 -0.141455 -1.026585 -0.599712 0.363675 0.712801 51 173 218
0.067828 -0.128902 -0.701106 0.789214 0.614093 0.005605 228 205 128
0.025258 0.151822 -0.038712 0.764106 -0.617719 -0.185917 224 48 103
-0.756727 0.080772 0.650207 0.611211 -0.102030 -0.784864 205 114 27
-0.638095 0.092548 0.698432 -0.033889 -0.245468 -0.968812 123 96 3
0.213643 -0.172745 0.544696 -0.853761 0.507974 -0.114259 18 192 112
0.068666 -0.216113 0.319413 0.208569 0.659549 0.722146 154 211 219
0.173113 0.031420 0.643796 -0.904990 -0.110964 -0.410707 12 113 75
0.044415 -0.064036 0.577819 0.461314 0.100789 -0.881494 186 140 15
0.258628 0.287453 -0.605977 -0.548543 -0.829604 -0.104202 57 21 114
0.268901 0.511021 0.013893 0.169376 -0.980517 0.099490 149 2 140
0.235694 -0.072906 0.358059 -0.757168 0.190087 0.624951 30 151 207
-0.049657 -0.140841 0.544588 -0.916969 0.386600 -0.098530 10 176 114
0.161180 0.089697 0.598204 -0.965608 -0.100022 -0.239992 4 114 96
0.180356 0.260791 -0.188177 0.512829 -0.744696 0.427123 192 32 181
-0.056531 -0.243890 0.498591 0.452965 0.878358 -0.152676 185 239 108
0.037096 0.188452 -0.463514 0.816475 -0.547384 0.183682 231 57 150
-0.348803 -0.244007 0.403378 0.467990 0.867623 0.167975 187 238 148
-0.450888 0.049210 0.656051 -0.085043 -0.167925 -0.982125 116 106 2
-0.492533 0.398568 0.562673 0.335033 -0.880538 -0.335271 170 15 84
0.390142 0.026492 -0.145932 -0.866852 -0.221429 0.446696 16 99 184
0.391999 -0.331299 0.294119 -0.649853 0.721507 -0.238994 44 219 97
-0.599467 0.105349 0.540067 0.895112 -0.441802 -0.059879 241 71 119
-0.491358 0.292269 0.576504 -0.240520 -0.938483 -0.247789 96 7 95
0.194590 -0.236273 -0.931132 -0.432766 0.534454 0.725998 72 195 220
-0.632624 0.206335 0.427047 0.012542 -0.965487 0.260149 129 4 160
0.063331 0.217430 0.355188 0.281183 -0.771020 0.571371 163 29 200
-0.597554 0.014022 0.444391 -0.367348 0.196558 0.909077 80 152 243
-0.545793 0.231241 0.441304 0.637163 -0.770592 -0.014576 208 29 125
0.015539 -0.193937 0.653872 -0.041663 0.758734 -0.650067 122 224 44
-0.641015 0.103331 0.592804 0.138338 -0.849576 -0.509003 145 19 62
0.302781 0.158157 -0.407647 -0.661591 -0.734740 0.149851 43 33 146
0.187504 -0.100957 0.334875 -0.874193 0.245749 0.418801 16 158 180
-0.794794 -0.061326 0.590682 0.902720 0.411537 0.125435 242 179 143
0.460663 0.011520 0.103464 -0.910968 0.094648 0.401472 11 139 178
0.182105 0.172197 0.492752 -0.613607 -0.775950 -0.146249 49 28 108
-0.082796 0.245229 0.482750 -0.476777 -0.845897 0.239043 66 19 157
-0.752743 0.031309 0.583745 0.830373 -0.215443 -0.513872 233 100 61
-0.006147 0.027030 0.424379 -0.733621 0.009118 0.679497 33 128 214
0.231268 -0.387833 -0.045501 0.065931 0.973619 -0.218445 135 251 99
-0.492930 0.115522 0.532329 -0.609936 -0.791594 -0.036844 49 26 122
0.170194 -0.156020 -0.113693 0.855603 0.398465 0.330407 236 178 169
0.215375 0.126066 0.175810 0.441114 -0.794111 -0.418098 183 26 74
-0.032009 -0.057964 -1.071785 0.872961 0.182060 0.452541 238 150 185
0.085976 0.067445 -0.777988 0.602740 -0.182168 0.776865 204 104 226
0.307342 0.215607 -0.406509 -0.605753 -0.676272 -0.419190 50 41 74
0.242112 0.009202 0.010948 0.750462 -0.596070 -0.285496 223 51 91
0.248923 0.100492 0.329492 -0.257186 -0.946461 -0.195105 94 6 102
0.039011 0.244748 0.617595 -0.195196 -0.738371 -0.645529 102 33 45
0.205708 -0.193134 -0.921674 -0.503054 0.831841 0.234472 63 233 157
-0.609198 -0.070687 0.613642 -0.798611 0.583262 -0.148416 25 201 108
-0.221147 -0.188300 0.552407 0.635064 0.700051 -0.326532 208 216 85
0.255449 -0.081000 -0.565269 0.775362 0.598628 -0.201140 226 203 101
-0.027573 -0.085072 -1.024238 0.679858 0.188266 0.708765 214 151 217
0.241894 -0.146607 0.451630 -0.745776 0.610819 -0.265929 32 205 93
-0.436083 0.035132 0.503757 -0.944851 0.271668 0.182900 7 162 150
-0.336754 0.196322 0.645362 0.065201 -0.631733 -0.772439 135 46 29
0.067673 0.063506 -0.104289 0.973045 -0.209241 -0.096962 251 100 115
-0.572683 0.094048 0.684724 0.403425 -0.494398 -0.769947 178 64 29
-0.007092 -0.176800 -0.361520 0.865671 0.306855 0.395542 237 166 177
-0.200232 0.028662 0.356379 0.687624 -0.172168 0.705359 215 105 217
0.180204 -0.045284 0.216528 0.718015 0.474993 0.508759 219 188 192
0.368344 -0.018963 0.431893 -0.986486 0.155492 -0.051649 1 147 120
0.170948 -0.073052 0.404500 -0.376447 0.875006 0.304389 79 239 166
-0.481095 -0.050781 0.693220 -0.111699 0.361839 -0.925525 113 173 9
-0.405110 -0.039235 0.597246 -0.989070 -0.002074 0.147434 1 127 146
0.111460 -0.076853 0.534815 -0.627137 0.515368 -0.584033 47 193 53
0.127913 -0.114731 0.284214 0.106542 0.608366 0.786473 141 205 227
-0.874514 0.109963 0.684461 0.720617 -0.312759 -0.618783 219 87 48
0.170939 -0.207644 0.560800 0.367709 0.647122 -0.667850 174 210 42
0.426983 0.214512 -0.471790 -0.542311 -0.526246 0.654953 58 60 211
-0.572967 -0.011017 0.565636 0.876767 0.015297 -0.480673 239 129 66
-0.642417 -0.014083 0.607615 -0.538382 -0.115691 -0.834722 58 112 21
-0.033655 0.053458 0.652693 -0.604685 -0.204193 -0.769845 50 101 29
-0.420522 -0.106317 0.697162 0.752204 0.427337 -0.501570 223 181 63
-0.720300 -0.239747 0.411109 0.290930 0.762478 0.577916 164 224 201
0.207961 0.130747 0.509329 -0.572326 -0.376318 -0.728579 54 79 34
0.260364 -0.052045 -0.916564 -0.983654 0.114519 -0.138962 2 142 109
-0.227006 -0.204710 0.537457 -0.194835 0.917565 -0.346573 102 244 83
0.256935 -0.102263 -0.329804 -0.713576 0.588229 0.380520 36 202 176
0.027448 0.204641 0.417240 0.427126 -0.893393 -0.139330 181 13 109
0.342017 0.128169 0.193846 -0.891255 -0.362114 0.273016 13 81 162
-0.220379 -0.176698 0.562823 0.503086 0.521105 -0.689459 191 193 39
0.306781 -0.126219 -0.396383 -0.506266 0.757026 -0.413045 62 224 74
0.041680 -0.176715 0.396563 0.146895 0.957149 0.249575 146 249 159
0.081651 -0.135320 -1.066334 0.130409 0.563690 0.815627 144 199 231
0.059297 0.259135 -0.987080 -0.280005 -0.827263 0.487066 91 22 189
0.191976 0.169678 -0.704232 -0.583760 -0.711631 -0.390903 53 36 77
0.227458 0.157943 -0.563882 -0.845410 -0.503756 -0.177515 19 63 104
0.182504 0.045188 -0.699875 -0.695806 -0.106443 0.710298 38 113 218
0.228941 0.003027 -0.715972 -0.938651 0.177893 0.295446 7 150 165
0.124722 -0.082373 -0.604299 0.799654 0.466007 0.378671 229 186 175
0.090733 0.253842 0.290255 0.513723 -0.830580 -0.215002 192 21 100
0.240433 0.168313 -0.133139 0.692260 -0.706281 -0.148132 215 37 108
0.385639 -0.258881 -0.314752 -0.718022 0.671990 0.181311 35 213 150
-0.767661 0.075331 0.527064 0.851783 -0.327608 0.408825 236 85 179
-0.331601 -0.093817 0.585511 -0.064273 0.541598 -0.838177 119 196 20
0.207004 -0.059530 -0.550068 0.065474 0.923648 0.377607 135 245 175
-0.031947 0.069738 -0.638237 0.956838 -0.194492 -0.215948 249 102 99
0.240225 0.112401 0.101284 0.076479 -0.496509 0.864656 137 64 237
-0.690698 -0.218849 0.642049 0.243019 0.687575 -0.684239 158 215 40
0.173102 -0.272482 -0.601390 -0.127929 0.939520 0.317706 111 247 168
-0.031575 0.151446 -0.767820 0.894386 -0.437456 0.093310 241 71 139
-0.561345 0.022229 0.533348 -0.575143 -0.501741 -0.646117 54 63 45
0.424864 -0.211340 -0.196938 -0.595967 0.622541 -0.507215 51 206 62
0.358880 0.196345 -0.190067 -0.543116 -0.509178 -0.667655 58 62 42
0.005165 0.017442 -0.618648 0.913638 0.027750 0.405581 243 131 179
0.169225 0.070643 0.379635 -0.024517 0.010865 -0.999640 124 128 0
0.079823 0.209822 0.490800 -0.621538 -0.782974 0.025352 48 27 130
-0.189320 -0.144127 -0.914829 0.781142 0.299916 0.547602 227 165 197
-0.210865 0.033837 -0.837480 0.990867 -0.122597 0.056145 253 111 134
0.076858 -0.139221 -1.049519 -0.152864 0.714560 0.682669 108 218 214
0.346411 0.082439 0.479048 -0.856771 -0.328279 -0.397713 18 85 76
0.018442 -0.359378 -1.126659 0.218971 0.686258 0.693615 155 214 215
0.325648 -0.041119 0.650227 -0.507358 0.187500 -0.841089 62 151 20
0.430743 -0.073729 0.017041 -0.897564 0.254800 -0.359799 13 159 81
0.416213 0.165427 -0.271788 -0.908326 -0.272493 -0.317320 11 92 87
0.241875 0.119192 0.352551 -0.093369 -0.670374 -0.736126 115 42 33
0.186451 0.148955 0.093054 0.467375 -0.397321 0.789745 187 76 228
0.050273 -0.133723 -0.809118 0.097951 0.832519 0.545269 139 233 197
0.212264 -0.095947 -0.303127 -0.563018 0.710982 -0.421326 55 218 73
0.319575 -0.045179 -0.218726 -0.549117 0.238477 0.800999 57 157 229
-0.560441 -0.252768 0.480249 -0.089722 0.964500 0.248374 116 250 159
-0.016890 0.056583 -0.684160 0.983719 -0.177396 0.028771 252 104 131
0.011494 0.295238 0.483462 -0.075499 -0.996991 0.017596 117 0 129
-0.558879 -0.343557 0.355668 0.506025 0.862494 -0.006536 192 237 126
-0.660107 0.204118 0.559230 0.325632 -0.770034 -0.548645 169 29 57
0.077617 0.216684 0.565969 0.058195 -0.770652 -0.634594 134 29 46
0.361198 -0.131061 -0.468488 -0.581947 0.425237 0.693189 53 181 215
-0.715893 -0.209816 0.412111 0.609625 0.518388 0.599693 205 193 203
0.264806 -0.145411 -0.793313 -0.654190 0.540915 0.528627 44 196 194
-0.099247 0.071200 -0.991498 0.935451 -0.217301 0.278769 246 99 163
0.066073 0.112799 -0.904072 0.511925 -0.545876 0.663289 192 57 212
0.189756 -0.002549 0.576419 -0.935203 -0.078492 -0.345304 8 117 83
-0.118368 0.002187 -1.047072 0.796129 -0.123311 0.592430 229 111 203
-0.276874 0.075993 -1.054526 0.988394 -0.133946 0.071668 253 110 136
0.225834 0.061505 -0.952013 -0.785486 -0.540843 0.300832 27 58 165
-0.723717 -0.155536 0.517301 0.786967 0.605420 0.118954 227 204 142
-0.864432 -0.054909 0.735885 0.811340 0.119950 -0.572136 230 142 54
-0.458415 0.167667 0.293899 -0.219546 -0.966846 0.130416 99 4 144
0.077675 -0.237171 0.153452 0.343487 0.719001 0.604197 171 219 204
-0.064519 -0.045971 0.643617 -0.532951 0.366254 -0.762772 59 174 30
0.198671 0.058686 0.416340 -0.857222 -0.449679 0.250917 18 70 159
0.301109 0.114707 -0.639851 -0.856682 -0.438960 0.270943 18 71 162
0.205872 0.072770 0.429400 -0.322480 -0.130595 -0.937524 86 110 7
0.340593 0.089875 -0.302810 0.004077 -0.425629 0.904888 128 73 242
-0.024827 -0.223518 -0.570778 0.566503 0.815368 0.119371 199 231 142
-0.744257 0.213664 0.632006 0.626773 -0.594370 -0.503864 207 51 63
0.216459 0.068072 -0.832606 -0.087787 -0.182773 0.979228 116 104 252
-0.004037 0.211076 0.582093 0.567582 -0.729643 -0.381408 199 34 78
0.226863 -0.121101 0.320019 -0.429289 0.852164 0.299210 72 236 165
0.180825 -0.149722 -0.523248 0.408430 0.904480 -0.122890 179 242 111
-0.713156 -0.046096 0.585343 0.712052 0.110388 -0.693395 218 141 39
0.546070 0.015985 -0.279920 -0.952389 0.164520 -0.256686 6 148 94
-0.003473 0.016663 0.486634 0.295924 -0.370501 0.880431 165 80 239
0.149648 -0.192996 0.064380 0.535507 0.843306 0.045480 195 235 133
-0.229067 0.183235 0.384666 0.489398 -0.740932 0.459901 189 33 186
0.272339 -0.080887 -0.646142 -0.185218 0.677415 -0.711901 103 213 36
0.122826 0.200608 -1.086367 -0.033699 -0.679367 0.733025 123 40 220
0.002807 -0.244636 0.385043 0.707318 0.671470 -0.220975 217 213 99
-0.071116 -0.215489 -0.679459 0.716554 0.640868 -0.275388 218 209 92
0.292527 -0.116334 0.233333 -0.150148 0.400151 -0.904066 108 178 12
-0.577125 -0.012049 0.484755 -0.694496 0.268395 0.667563 38 161 212
0.078254 -0.053082 0.719374 -0.633422 0.257342 -0.729761 46 160 34
0.361066 0.095549 -0.561746 -0.861910 -0.483542 -0.152641 17 65 108
0.312640 -0.122474 -0.693593 -0.485531 0.359724 0.796780 65 173 229
0.065765 -0.015184 -0.917443 -0.228289 -0.023140 0.973318 98 124 251
-0.393655 -0.172503 0.454604 -0.277325 0.950145 -0.142530 92 248 109
-0.846616 0.019581 0.497361 0.759960 -0.078098 0.645260 224 117 209
0.080374 0.013935 -0.535048 0.644200 -0.524445 0.556743 209 60 198
0.335316 -0.090298 -0.562850 -0.890514 0.084061 0.447122 13 138 184
-0.068073 0.192334 0.302772 0.472713 -0.632555 0.613528 187 46 205
0.036764 0.064125 0.542215 0.965120 -0.142412 -0.219687 250 109 99
-0.000143 0.069371 -0.696706 0.898434 -0.254133 -0.358096 242 95 81
0.101268 0.012516 -0.947926 -0.140488 -0.046340 0.988997 109 121 253
0.190066 0.011622 -0.871117 -0.874572 -0.196589 0.443256 15 102 184
0.117403 0.024373 0.466051 0.621577 -0.155685 -0.767727 206 107 29
0.475054 -0.075515 -0.274706 -0.630642 0.226138 -0.742396 47 156 32
0.354263 -0.178948 -0.493015 -0.828367 0.528598 -0.185452 21 194 103
0.223585 -0.284087 -0.848541 -0.154016 0.976047 0.153661 107 251 147
0.240013 -0.245056 0.520643 -0.726245 0.684301 0.065574 34 214 135
-0.045312 0.166811 -0.769642 0.848474 -0.296233 0.438564 235 89 183
0.160631 0.223097 0.364154 -0.446634 -0.746450 0.493285 70 32 190
0.321844 -0.181417 -0.393034 -0.700131 0.465765 -0.541184 38 186 58
0.172477 0.106203 -0.708924 0.177779 -0.529762 -0.829305 150 59 21
0.071643 -0.121119 0.457042 -0.381661 0.551852 0.741481 78 197 222
0.163418 -0.282162 -0.860325 -0.481862 0.815003 0.321836 66 231 168
0.194002 -0.086776 0.422996 0.422556 0.602378 -0.677191 181 204 41
0.306744 -0.287520 -0.776722 -0.635300 0.757096 -0.152314 46 224 108
0.034964 -0.004320 -0.852587 0.756922 -0.144793 0.637263 224 109 208
-0.559963 0.054866 0.595603 -0.637252 -0.716243 0.284440 46 36 163
-0.390037 0.122690 0.461733 0.585525 -0.784138 0.205643 202 27 153
0.243376 -0.038208 0.240647 -0.409258 0.019192 0.912217 75 129 243
0.349056 0.116379 -0.314762 -0.701171 -0.357262 0.617028 38 81 206
0.269012 -0.010570 -0.929741 -0.893481 0.381749 0.236559 13 176 157
0.002991 0.012628 0.571626 0.858338 -0.352935 -0.372415 236 82 80
0.212402 -0.070020 -0.870693 -0.819474 0.553600 0.148291 23 198 146
0.199447 0.188231 -0.578590 -0.245158 -0.957560 0.151581 96 5 146
0.218524 -0.215386 0.251209 -0.221459 0.973827 -0.051157 99 251 120
-0.324837 -0.252244 0.605573 0.184997 0.881875 -0.433674 151 239 72
0.270076 -0.065106 -0.513320 -0.545274 0.582004 0.603281 57 201 204
0.346343 0.252668 -0.160578 -0.525485 -0.740284 0.419339 60 33 180
-0.358609 0.117630 0.489532 0.359684 -0.472665 0.804496 173 67 230
0.253305 -0.289700 -0.275989 0.236195 0.969773 0.061257 157 251 135
0.173170 0.179250 0.348458 0.168329 -0.908643 0.382143 148 11 176
0.336674 -0.115960 0.156444 -0.750027 0.657753 0.069434 31 211 136
-0.291035 -0.124311 0.428874 0.461673 0.591653 0.660912 186 202 211
0.228732 0.219439 -0.520547 -0.430078 -0.901800 0.042294 72 12 132
0.288969 0.210539 -0.368953 -0.383597 -0.898981 -0.211392 78 12 100
0.235890 0.188922 -1.015434 -0.505765 -0.292035 0.811737 63 90 230
0.444175 -0.159351 -0.289899 -0.811301 0.558121 0.174045 24 198 149
0.433502 -0.102125 0.008446 -0.962551 0.095544 0.253705 4 139 159
0.262313 -0.175307 -0.420501 -0.583622 0.420341 -0.694765 53 181 38
0.367969 0.201799 -0.182634 -0.546167 -0.773186 -0.322311 57 28 86
-0.268915 0.124582 0.591249 -0.824029 -0.456215 -0.335923 22 69 84
0.196763 0.010293 0.417205 0.829362 -0.197585 -0.522607 233 102 60
0.212052 -0.123616 -0.657311 -0.317937 0.947638 0.029983 86 248 131
0.327846 -0.251465 0.038585 -0.382179 0.900896 0.205733 78 242 153
-0.578907 0.152470 0.467772 0.154201 -0.898533 0.410927 147 12 179
0.352328 0.169109 -0.147284 -0.407556 -0.504369 0.761256 75 63 224
-0.892325 -0.051834 0.537655 0.985925 0.071908 -0.150934 253 136 108
0.365391 -0.061924 -0.231566 -0.973705 0.227136 0.017520 3 156 129
0.352286 -0.019013 0.127657 -0.770220 0.199481 0.605780 29 152 204
-0.844188 0.123529 0.506314 0.590739 -0.426442 0.684963 202 73 214
-0.382790 -0.133620 0.692296 0.268524 0.354248 -0.895770 161 172 13
0.168705 0.268768 0.453212 -0.227364 -0.844516 -0.484869 98 19 65
0.135610 0.045182 -1.085535 0.188273 -0.029186 0.981683 151 123 252
0.249745 0.072558 -0.237289 0.102491 -0.709297 0.697419 140 37 216
-0.237617 -0.372343 0.566733 -0.370650 0.916148 0.152616 80 244 146
0.030003 0.164782 -0.734130 0.660589 -0.626361 -0.413877 211 47 74
0.391279 -0.089818 0.025829 -0.724644 0.328130 0.605989 35 169 204
-0.104298 0.077238 -0.711205 0.753469 -0.522259 -0.399413 223 60 76
0.255973 -0.224025 -0.973869 -0.308080 0.626696 0.715779 88 207 218
0.070123 0.210165 0.463024 -0.440298 -0.837481 0.323672 71 20 168
0.315230 0.018941 0.427035 -0.971786 -0.046879 0.231161 3 121 156
0.284630 -0.074465 0.216945 -0.691123 0.712685 -0.120122 39 218 112
-0.530451 -0.139254 0.657162 0.610951 0.323679 -0.722475 205 168 35
0.438244 0.170725 -0.372812 -0.839033 -0.507594 0.195886 20 62 152
0.034516 0.021486 -0.706082 0.856276 -0.221222 0.466746 236 99 187
-0.332568 0.242299 0.594349 -0.650025 -0.759427 -0.027169 44 30 124
0.013280 -0.182956 0.425087 0.415913 0.542373 -0.729964 180 196 34
-0.509432 0.031794 0.574525 -0.887619 -0.181155 0.423457 14 104 181
-0.204287 -0.071549 0.596507 0.757467 0.413728 -0.505047 224 180 63
-0.635348 -0.010224 0.736873 -0.535000 0.034879 -0.844132 59 131 19
0.304884 0.284210 0.060606 0.043252 -0.998863 -0.020056 133 0 124
0.400247 0.054404 0.277217 -0.912940 -0.162321 0.374423 11 106 175
0.281482 0.308853 0.406631 -0.482211 -0.866215 -0.130939 66 17 110
-0.238066 0.102153 0.568614 0.477707 -0.492719 -0.727340 188 64 34
0.034030 -0.063005 -1.026483 0.207618 0.231229 0.950488 153 156 248
-0.220234 0.111698 -0.633662 0.898532 -0.410401 0.155600 242 75 147
-0.015555 -0.196076 -0.172995 0.608163 0.654951 0.448528 205 211 184
0.021290 0.001366 -0.773800 -0.035818 0.053223 0.997940 122 134 254
0.450835 0.116794 -0.290630 -0.966327 -0.256525 -0.020166 4 94 124
0.221485 -0.158799 -0.142006 0.264903 0.634930 -0.725735 161 208 34
0.129310 0.061637 0.459202 0.883925 -0.178930 -0.432043 240 104 72
0.413582 -0.173876 -0.523573 -0.761894 0.465154 -0.450721 30 186 70
0.225565 0.036628 -0.524499 0.518020 -0.839643 0.163261 193 20 148
0.261773 -0.001046 0.091704 -0.967513 -0.154290 -0.200284 4 107 101
0.076367 0.081763 0.418685 -0.668552 -0.624093 -0.404408 42 47 75
-0.673689 0.030734 0.639331 -0.765864 -0.611064 -0.200132 29 49 101
-0.878949 -0.138410 0.470507 0.748598 0.443373 0.492973 222 184 190
0.340251 -0.230793 -0.259031 -0.266660 0.873403 -0.407504 93 238 75
-0.739850 0.099566 0.495487 0.560956 -0.685025 0.464832 199 40 186
0.295300 -0.100912 -0.282396 -0.972237 0.232551 0.025993 3 157 130
0.178458 0.112356 0.425248 0.344738 -0.490626 -0.800276 171 64 25
0.186782 0.000710 0.487518 -0.802007 0.124354 -0.584227 25 143 53
0.214988 -0.178586 -0.409651 0.122155 0.856531 0.501431 143 236 191
0.250575 -0.117102 -0.526006 -0.949376 0.286919 0.127915 6 164 143
0.232875 0.086863 -0.473545 -0.019723 -0.906053 -0.422704 124 11 73
-0.724744 0.178557 0.390161 0.656485 -0.333923 0.676404 211 84 213
0.281864 0.103316 0.384279 -0.561526 -0.718735 0.410010 55 35 179
0.020635 0.294667 0.327425 0.503271 -0.853981 0.132044 191 18 144
-0.541473 0.038158 0.690458 0.336281 -0.074961 -0.938774 170 117 7
-0.020932 -0.163162 -1.002841 -0.053064 0.468183 0.882037 120 187 239
0.291557 0.268565 -0.248481 -0.301249 -0.892339 -0.336126 89 13 84
-0.114102 -0.012290 0.588738 -0.886777 -0.116472 -0.447281 14 112 70
-0.408005 -0.055223 0.372602 0.666606 0.290231 0.686587 212 164 215
-0.237990 -0.134885 0.589296 0.383798 0.742188 -0.549415 176 222 57
-0.410253 -0.051469 0.608592 0.313844 0.348923 -0.883037 167 171 14
0.519902 -0.133090 0.073612 -0.717322 0.472601 -0.511955 36 187 62
-0.023482 0.296799 -0.904487 0.562438 -0.723496 0.400272 199 35 178
-0.001627 0.082742 -0.899240 -0.147673 -0.952370 -0.266803 108 6 93
-0.222059 0.210582 0.650886 -0.258546 -0.577787 -0.774155 94 53 28
0.238047 0.001187 -0.256645 0.985405 -0.125045 -0.115503 253 111 112
0.189900 -0.146106 -0.587825 -0.341385 0.901308 0.266648 83 242 161
0.191558 -0.088072 -1.028717 -0.764418 0.185628 0.617420 30 151 206
0.063320 -0.137416 0.420012 -0.029004 0.606641 -0.794447 123 204 26
0.159764 0.016754 -0.682724 -0.063491 -0.257010 0.964321 119 94 250
-0.166206 0.166886 0.494627 -0.734568 -0.608320 -0.300594 33 49 89
0.198006 0.356134 -0.122280 0.053636 -0.717535 0.694454 134 36 216
0.260758 -0.057870 -0.471385 0.000659 0.941759 -0.336287 127 247 84
0.090690 0.133210 -0.915266 0.391639 -0.859483 0.328493 177 17 169
0.362408 0.212933 -0.047605 -0.673272 -0.624429 0.395972 41 47 177
-0.893817 0.183642 0.612817 0.819672 -0.354177 -0.450218 232 82 70
0.182971 0.214576 -0.073794 0.826776 -0.558242 -0.069335 232 56 118
-0.319501 -0.198628 0.626767 0.738257 0.526595 -0.421514 221 194 73
0.393092 0.003353 0.270263 -0.605352 0.041823 -0.794859 50 132 26
0.250917 -0.283535 -0.414604 -0.140816 0.962241 -0.232946 109 250 97
-0.484753 -0.166906 0.541799 0.601698 0.797469 0.044763 204 229 133
-0.675012 -0.150836 0.412827 0.209232 0.487683 0.847577 154 189 235
0.453164 -0.133027 0.480776 -0.731989 0.259633 -0.629907 34 160 47
0.260953 -0.187585 0.274693 0.170801 0.758418 -0.628991 149 224 47
0.363308 -0.012773 0.224722 -0.845031 -0.111150 -0.523037 19 113 60
0.218520 0.029662 -0.081135 0.935736 0.028867 0.351518 246 131 172
0.260025 -0.217049 -0.859910 -0.633029 0.573328 0.520163 46 200 193
0.156090 0.017840 -0.688484 0.849114 -0.261094 0.459168 235 94 186
-0.649930 -0.021991 0.638187 0.523995 -0.048922 -0.850315 194 121 19
-0.128191 -0.079714 0.578702 -0.741777 0.317603 -0.590674 32 167 52
-0.608320 -0.310443 0.604011 -0.275671 0.952405 0.130115 92 248 144
-0.537123 0.138258 0.585859 -0.515685 -0.562572 -0.646205 61 55 45
0.087937 0.077063 0.677345 -0.396385 -0.231872 -0.888321 76 97 14
0.094304 -0.039501 0.702350 0.256621 0.238931 -0.936514 160 157 8
0.244068 -0.065521 -0.793581 -0.893433 0.436473 0.106153 13 183 141
0.072556 -0.049760 -0.766573 0.741264 0.553162 -0.380184 222 198 79
-0.093973 0.258266 -0.885983 0.669610 -0.725187 0.160396 212 35 147
-0.107734 0.152500 0.398418 0.622137 -0.529920 0.576307 206 59 200
-0.032148 0.177703 -0.740931 0.757692 -0.652604 0.003314 224 44 127
0.453623 -0.140678 0.030459 -0.905752 0.365028 0.215334 12 174 154
0.098587 0.130544 -0.853585 0.205492 -0.508830 0.835981 153 62 234
0.217755 0.115282 -0.909819 -0.701832 -0.332436 0.630015 38 85 207
-0.576486 -0.159882 0.586380 -0.020912 0.730921 -0.682142 124 220 40
0.378812 0.123134 0.621913 -0.784194 -0.235737 -0.573992 27 97 54
0.234353 -0.003859 0.553087 -0.982035 0.091915 -0.164797 2 139 106
0.087697 0.181851 -0.394203 0.934763 -0.345710 0.081877 246 83 137
0.108057 -0.078973 0.472866 -0.115848 0.018610 -0.993093 112 129 0
0.094947 -0.161753 0.436418 -0.207015 0.977723 -0.034691 101 252 123
0.234606 -0.113757 -0.195556 0.771164 0.505296 0.387276 225 191 176
-0.710850 0.007238 0.596860 0.331288 0.577081 -0.746476 169 201 32
0.215046 -0.043626 -0.322922 0.631285 0.253123 0.733081 207 159 220
-0.685498 -0.204137 0.407923 0.704437 0.608325 0.365662 217 205 174
-0.616870 0.079992 0.553832 -0.531512 -0.814485 0.232614 59 23 157
-0.627002 0.032643 0.570778 -0.784397 -0.072694 0.615984 27 118 206
0.088080 0.016232 -0.852596 -0.555016 -0.218391 0.802660 56 99 229
-0.186155 -0.304272 0.530573 -0.356529 0.902612 0.241202 82 242 158
0.337340 -0.041541 0.254674 -0.957408 0.013983 0.288399 5 129 164
-0.164774 0.081418 0.547899 0.539276 -0.126517 -0.832571 196 111 21
-0.080263 0.140745 0.680188 0.583890 -0.439443 -0.682615 201 71 40
0.100678 -0.134842 -0.803148 0.454792 0.890456 -0.015907 185 241 125
0.433725 -0.089703 0.201744 -0.962477 0.269158 0.034520 4 161 131
-0.601773 -0.000452 0.408960 0.805037 0.124000 0.580121 230 143 201
-0.655328 0.074799 0.584387 0.442189 -0.543787 -0.713277 183 58 36
0.202439 -0.034166 -0.319323 0.784042 0.086167 0.614698 227 138 205
0.182693 0.141855 0.318633 0.657100 -0.667460 -0.350309 211 42 82
-0.056318 -0.020705 -0.336770 0.958174 0.047225 -0.282263 249 133 91
0.046482 -0.298271 -0.424953 0.672865 0.736903 0.065010 213 221 135
0.063087 -0.335975 0.451049 -0.429253 0.808837 0.401901 72 230 178
-0.027358 -0.042250 -0.919968 0.790207 0.217979 0.572763 228 155 200
-0.252927 -0.117600 0.559709 0.054787 0.694689 -0.717220 134 216 36
0.278388 -0.325218 0.376254 -0.623803 0.774807 0.102690 47 226 140
0.053848 0.167828 0.436889 0.028646 -0.815218 0.578445 131 23 201
-0.825414 -0.147060 0.414572 0.788063 0.338249 0.514339 227 170 193
0.230699 -0.110969 -1.070810 -0.821609 0.342524 0.455672 22 171 185
-0.432862 -0.290582 0.498780 0.558839 0.826564 0.067012 198 232 136
0.160872 -0.062527 -0.808356 0.113959 0.993218 0.023040 142 254 130
-0.504290 -0.183174 0.698412 0.411588 0.376390 -0.830016 179 175 21
0.398241 0.175647 -0.480955 -0.941667 -0.286609 0.176402 7 90 149
-0.027241 0.012131 -1.048854 0.419203 -0.105802 0.901707 180 114 242
0.115177 -0.130099 -0.254492 0.936149 0.270730 0.224343 246 162 156
-0.177010 0.021754 -1.039673 0.856327 -0.074561 0.511023 236 117 192
-0.074167 -0.119522 -0.617319 0.981372 0.191109 0.019638 252 151 130
0.165563 0.245355 -0.849879 -0.253163 -0.816936 0.518194 95 23 193
0.395327 0.070741 0.229406 -0.996075 -0.004284 -0.088410 0 126 116
0.354905 -0.027019 -0.877630 -0.875564 0.237280 0.420817 15 157 181
0.333456 -0.145672 -0.492450 -0.797653 0.558096 -0.228644 25 198 98
0.387509 -0.229015 0.095447 -0.590485 0.663967 -0.458775 52 212 69
-0.511968 -0.140847 0.566772 0.762703 0.341143 -0.549460 224 170 57
0.326579 0.255136 0.011804 -0.389606 -0.803009 0.450982 77 25 185
0.403322 -0.000989 0.217471 -0.871717 -0.221487 -0.437096 16 99 71
-0.410779 0.047575 0.607963 0.594413 -0.035546 -0.803374 203 122 25
0.407754 0.105240 0.172152 -0.891201 -0.152739 -0.427121 13 108 73
-0.634462 0.263650 0.562529 0.352613 -0.935766 0.002622 172 8 127
0.061073 -0.190308 -0.905194 0.375164 0.869602 0.321005 175 238 168
0.324843 0.082743 0.438770 -0.780781 -0.423673 -0.459220 27 73 68
0.364580 0.142390 -0.606806 -0.802406 -0.490248 -0.340295 25 64 84
-0.480247 0.169654 0.448093 -0.341015 -0.886673 0.312281 84 14 167
0.120115 -0.129981 -1.002751 -0.073468 0.457920 0.885953 118 185 240
0.447253 0.166811 -0.996886 -0.703618 -0.226668 0.673457 37 98 213
-0.524251 -0.291865 0.260286 0.356701 0.641464 0.679182 172 209 214
0.356167 -0.159023 0.402136 -0.838781 0.381486 -0.388479 20 176 77
0.091832 -0.072729 -0.892382 0.272506 0.875595 0.398841 162 239 178
0.275266 0.032227 0.437241 -0.993521 -0.073532 0.086655 0 118 138
0.092683 -0.223565 -0.671820 0.355988 0.769504 0.530222 172 225 195
-0.151833 0.303702 0.499855 0.388127 -0.823955 -0.412861 176 22 74
0.004206 0.179096 -0.904851 0.833610 -0.514376 0.201277 233 61 153
0.252455 -0.257179 0.628590 -0.716930 0.576217 -0.392411 36 200 77
0.072500 0.171049 0.604224 0.016819 -0.567798 -0.822996 129 55 22
-0.043797 -0.215357 -0.611998 0.778740 0.563433 -0.275876 226 199 92
0.051640 0.187053 -0.856843 0.520848 -0.853302 0.024348 193 18 130
-0.680798 -0.036020 0.490724 0.683010 0.358230 0.636528 214 173 208
-0.789795 -0.078037 0.663053 0.598133 0.576207 -0.556977 203 200 56
-0.159017 0.121616 -0.969075 0.963251 -0.229901 0.138901 250 98 145
0.144647 -0.008676 0.428056 0.781525 -0.018902 -0.623588 227 125 47
0.262356 0.145037 -0.480067 -0.862739 -0.445826 -0.238582 17 70 97
-0.618267 0.204446 0.598453 0.362694 -0.864054 -0.349091 173 17 82
0.414732 0.028878 0.016721 -0.999217 -0.022929 -0.032240 0 124 123
-0.024865 -0.034788 -0.736739 0.959001 -0.045697 -0.279694 249 121 91
0.401735 0.279338 -0.266955 -0.471595 -0.630486 0.616511 67 47 206
0.057645 0.118788 -0.849748 0.373241 -0.822447 -0.429270 175 22 72
0.354312 0.207042 -0.344570 -0.551778 -0.826028 -0.114972 57 22 112
-0.397842 -0.049435 0.423504 -0.766694 0.210114 0.606657 29 154 204
-0.368747 0.119189 0.646855 0.792256 -0.437276 -0.425582 228 71 73
0.195265 0.079946 0.157894 0.555846 -0.166543 -0.814432 198 106 23
0.032324 -0.001101 0.617678 -0.971101 -0.110879 0.211348 3 113 154
0.078677 -0.234849 -0.499506 0.520015 0.845381 0.122133 193 235 143
-0.508940 0.155175 0.509344 0.356398 -0.859796 0.365694 172 17 174
0.255707 0.125351 0.077082 0.112647 -0.377796 -0.919011 141 79 10
0.423540 -0.001961 -0.275892 -0.434017 0.331545 -0.837680 72 169 20
0.186332 -0.131915 -0.177959 0.630019 0.392624 -0.670017 207 177 42
0.160992 0.038860 -0.833418 -0.485242 -0.237578 0.841485 65 97 234
0.192902 0.087995 -0.522356 -0.116291 -0.733163 0.670036 112 34 212
0.302547 -0.067034 -0.308341 -0.892923 0.449587 0.023672 13 184 130
-0.019417 0.251113 -1.029094 0.305847 -0.584130 0.751831 166 53 223
-0.690634 0.011381 0.661679 0.599644 0.064246 -0.797684 203 135 25
0.323226 -0.195235 -0.460206 -0.671796 0.707464 -0.219511 41 217 99
-0.709558 0.200856 0.724234 0.557978 -0.475257 -0.680288 198 66 40
0.228159 -0.156241 -0.556262 -0.403430 0.878608 -0.255524 76 239 94
0.287489 0.276704 -0.414566 -0.538039 -0.808580 0.238143 58 24 157
0.228146 -0.115688 0.643616 -0.442069 0.399582 -0.803063 71 178 25
0.320988 0.236850 0.050897 -0.256756 -0.945789 0.198896 94 6 152
-0.051793 0.297275 -0.159859 -0.097760 -0.865521 0.491239 115 17 190
0.169235 0.094741 0.654657 -0.085626 -0.201286 -0.975783 116 101 3
0.287568 -0.202466 -0.116516 -0.473589 0.823973 -0.311098 67 232 87
-0.230286 0.078893 -0.008294 -0.462875 -0.650236 0.602444 68 44 204
0.354810 -0.254105 0.031475 -0.267772 0.957107 -0.110657 93 249 113
0.174261 0.158149 -0.568854 0.651348 -0.757900 -0.036515 210 30 122
-0.808920 -0.281827 0.480262 0.461495 0.792357 0.398990 186 228 178
0.069188 0.055651 0.405484 0.926809 0.000791 -0.375532 245 127 79
-0.174872 0.102041 0.534195 0.851726 -0.399592 -0.338953 236 76 84
0.383905 0.075475 -0.077534 -0.757231 -0.286021 -0.587191 30 91 52
0.232177 0.183653 0.279418 -0.355237 -0.910864 0.210078 82 11 154
-0.027389 -0.039774 -1.060031 0.984230 0.053616 0.168571 252 134 148
0.220275 -0.129428 0.576521 -0.540544 0.566965 -0.621581 58 199 48
-0.156006 -0.014251 0.772078 0.062031 -0.060289 -0.996252 135 119 0
0.278394 -0.023990 0.281190 0.812315 0.268335 -0.517823 231 161 61
0.403823 -0.259382 -0.184816 -0.524044 0.743215 -0.415945 60 222 74
-0.729125 0.082181 0.270169 0.398161 -0.240976 0.885098 178 96 240
0.243246 0.021416 -0.674864 -0.580373 -0.003340 0.814344 53 127 231
0.230567 -0.221126 -0.608246 0.444051 0.887077 0.126146 184 240 143
0.064693 -0.161505 -0.773424 0.553069 0.598148 0.579943 198 203 201
-0.417123 0.131295 0.651472 0.582384 -0.363427 -0.727151 201 81 34
0.258654 -0.215412 0.481920 -0.454752 0.600882 -0.657375 69 204 43
-0.484529 0.023215 0.533246 0.089744 -0.046221 -0.994892 138 121 0
-0.818970 0.069745 0.503356 0.958558 -0.206433 -0.196344 249 101 102
0.278363 -0.261697 0.346543 -0.438244 0.855324 0.276339 71 236 162
0.287522 -0.059655 -0.348853 0.147131 0.402473 0.903531 146 178 242
0.322064 -0.258383 -0.223885 -0.584305 0.749268 0.311747 53 223 167
0.289197 -0.143570 -0.580632 -0.473670 0.766797 0.433197 67 225 182
0.081157 0.032925 0.641605 0.079909 0.127958 -0.988555 137 143 1
-0.058989 -0.084442 -0.932222 0.837345 0.261120 0.480281 234 160 188
0.179790 0.044693 0.112285 0.931053 -0.095041 -0.352288 246 115 82
0.463491 0.117227 0.203385 -0.872160 -0.356658 -0.334861 16 82 84
0.167662 0.068533 -0.426746 0.610577 -0.678395 0.408628 205 41 179
0.128309 0.028296 -0.675500 0.178955 -0.118617 -0.976681 150 112 2
-0.451356 0.024141 0.708143 -0.117923 -0.204698 -0.971696 112 101 3
0.355363 -0.037827 -0.441940 -0.891108 0.403360 -0.207911 13 178 100
0.046959 0.180763 -0.693573 0.494414 -0.746020 0.446104 190 32 184
0.355418 -0.099150 0.020117 0.077966 0.348942 -0.933895 137 171 8
-0.437914 0.001742 0.347959 -0.384888 -0.037931 0.922184 78 122 245
-0.093434 -0.158482 0.399494 -0.159729 0.865979 0.473884 107 237 187
0.230512 -0.119047 0.400417 -0.626705 0.754400 -0.195248 47 223 102
0.318864 0.129952 -0.450650 -0.644916 -0.421014 0.637833 45 73 208
0.514236 0.018369 -0.398175 -0.992023 -0.093796 0.084221 1 115 138
0.225091 0.142562 0.331934 -0.868810 -0.403372 0.287158 16 76 164
-0.258172 0.010759 0.272073 0.674967 0.100945 0.730910 213 140 220
0.068429 -0.190142 0.520482 -0.460239 0.886544 -0.047108 68 240 121
0.051296 -0.331582 -0.827051 -0.011966 0.999385 -0.032966 125 254 123
-0.353956 0.156989 0.550438 0.815470 -0.532203 0.227529 231 59 156
0.225074 -0.173242 -0.483803 0.024721 0.984443 -0.173956 130 253 105
0.202447 -0.280450 -0.969481 -0.059193 0.855476 0.514449 119 236 193
0.261045 0.105428 0.283864 -0.477886 -0.661295 0.578199 66 43 201
-0.473318 0.056322 0.518190 0.939417 -0.283305 0.192961 247 91 152
-0.680957 -0.202928 0.500745 0.480176 0.834177 0.271256 188 233 162
0.474626 -0.219816 0.258778 -0.825940 0.451598 -0.337466 22 185 84
0.477606 0.326233 0.288317 -0.613549 -0.668792 -0.419851 49 42 73
-0.548544 -0.102288 0.514543 0.964778 0.245662 -0.094091 250 158 115
0.119820 -0.172526 0.482353 -0.139787 0.947945 -0.286113 109 248 91
0.122545 -0.167403 -0.504817 0.558189 0.453365 0.694899 198 185 216
0.229334 0.000669 0.363625 0.827586 -0.430956 -0.359693 233 72 81
0.258641 0.080257 0.106515 0.679587 -0.298039 -0.670323 214 89 42
0.242625 0.000767 -0.697090 -0.409933 -0.012982 0.912023 75 125 243
0.174413 0.081853 0.677330 -0.401334 -0.181559 -0.897757 76 104 13
-0.066257 0.042301 0.626353 0.779066 -0.140040 -0.611102 226 109 49
0.312532 0.214399 -0.509743 -0.480662 -0.635789 -0.603934 66 46 50
0.259793 0.074836 -0.273693 0.636855 -0.628945 -0.445919 208 47 70
0.276182 0.125773 -0.470998 -0.429229 -0.799197 0.420770 72 25 181
0.206904 -0.111455 0.582151 -0.473212 0.084355 -0.876901 67 138 15
0.432576 -0.025542 -0.186808 -0.599233 0.570609 -0.561538 51 200 55
-0.316807 0.150900 0.527187 0.389652 -0.811273 -0.435899 177 24 71
0.355366 0.147293 0.093251 -0.290305 -0.719576 -0.630820 90 35 47
0.227018 0.065006 -0.866999 -0.369383 -0.380584 0.847769 80 78 235
0.208407 0.274141 -0.834721 -0.334626 -0.862365 0.379936 84 17 175
0.161176 -0.079242 -0.830351 0.091445 0.313818 -0.945070 139 167 7
0.388714 0.129410 -0.583022 -0.777903 -0.335082 0.531589 28 84 195
0.361673 -0.114459 0.076941 -0.322882 0.847713 -0.420867 86 235 73
0.243430 0.171565 -0.584498 -0.065654 -0.728124 0.682294 119 34 214
-0.397178 -0.254032 0.657164 0.038382 0.643794 -0.764236 132 209 30
-0.371366 -0.145916 0.677586 -0.456142 0.565494 -0.687133 69 199 39
0.386056 0.072505 0.068211 -0.708182 -0.417623 -0.569270 37 74 54
-0.642453 0.062144 0.337052 0.901059 -0.373952 0.219664 242 79 155
0.205205 0.180297 0.521612 -0.533513 -0.600557 -0.595563 59 50 51
0.207527 0.009649 0.188095 -0.572370 0.063230 0.817554 54 135 231
0.315565 -0.036759 -0.142477 -0.086895 0.373623 0.923502 116 175 245
0.474015 0.052958 -0.035738 -0.994123 0.084524 -0.067641 0 138 118
0.191996 -0.165710 -0.070223 0.556525 0.584822 0.590138 198 202 202
-0.092799 -0.047574 0.529943 0.241403 0.259661 0.935041 158 160 246
-0.286740 -0.026980 0.356638 0.956851 0.203134 0.207780 249 153 153
0.342807 0.155051 -0.277803 -0.808703 -0.587918 0.018756 24 52 129
-0.163132 0.196930 0.668375 -0.458189 -0.512694 -0.726091 69 62 34
-0.081459 0.493737 0.583955 0.326755 -0.937163 -0.122294 169 8 111
-0.172131 0.278896 0.642429 -0.200673 -0.845634 -0.494604 101 19 64
0.251979 0.234200 0.033870 0.328434 -0.931161 -0.158338 169 8 107
0.345667 0.070212 0.299483 -0.950428 -0.137405 0.278939 6 109 163
0.217688 0.089319 0.389469 -0.400825 -0.755522 -0.518194 76 31 61
0.225062 0.216339 -0.449771 -0.335065 -0.785443 0.520396 84 27 193
0.650511 0.267830 -0.359424 -0.819298 -0.573277 -0.010243 23 54 126
-0.604745 -0.237435 0.488131 0.683678 0.699076 -0.209468 214 216 100
0.092398 -0.059339 0.550898 0.343443 0.221318 -0.912724 171 155 11
-0.415280 -0.226383 0.531038 -0.438656 0.850554 0.290066 71 235 164
0.220784 0.021181 0.026433 0.997976 -0.007379 -0.063161 254 126 119
-0.139467 -0.297339 0.571702 -0.195241 0.974945 0.106598 102 251 141
0.281106 -0.048424 0.188774 0.085574 0.995741 0.034315 138 254 131
0.409212 0.098875 -0.026810 -0.609661 -0.082501 -0.788357 49 116 26
0.226613 -0.117617 0.337634 -0.280107 0.699345 0.657615 91 216 211
0.141215 -0.116845 -0.695196 0.381983 0.837637 0.390453 176 234 177
-0.496748 -0.068386 0.515668 0.861577 -0.279604 0.423682 237 91 181
0.318941 -0.080368 -0.527132 -0.725241 0.232637 0.648001 35 157 210
-0.852270 -0.063786 0.556312 0.954811 0.208206 -0.212101 249 154 100
-0.462467 0.079350 0.455786 0.912444 0.139244 0.384781 243 145 176
0.395949 0.203859 -0.139669 -0.573289 -0.819052 0.022207 54 23 130
-0.019448 0.334767 0.673448 0.123646 -0.776663 -0.617662 143 28 48
0.416984 0.073753 -0.249855 -0.938871 -0.184154 -0.290875 7 104 90
0.246082 0.038287 0.263947 0.289771 -0.767662 -0.571601 164 29 54
0.051994 -0.192007 0.658665 -0.104975 0.553570 -0.826160 114 198 22
-0.023128 0.105239 -0.822894 0.950696 -0.215902 -0.222628 248 99 99
0.478753 -0.026284 -0.407523 -0.724856 0.200651 -0.659032 35 153 43
0.176918 -0.282966 -0.692624 -0.082287 0.991457 -0.101203 117 253 114
0.119800 -0.032611 -0.871404 -0.551620 0.004711 0.834083 57 128 233
-0.193995 0.109833 0.578106 0.400865 -0.831319 -0.384988 178 21 78
0.103047 0.211643 0.675202 -0.478051 -0.591014 -0.649746 66 52 44
-0.684036 -0.079412 0.421715 0.193599 0.419890 0.886686 152 181 240
-0.484676 -0.088300 0.401044 0.902684 0.428907 -0.034654 242 182 123
0.160689 -0.041185 -0.430540 0.441088 -0.159080 -0.883252 183 107 14
-0.043603 0.223175 -0.705660 0.794426 -0.607174 -0.015076 228 50 125
0.160664 -0.145071 -0.709323 -0.873419 0.408032 0.265801 16 179 161
0.222445 0.150320 -0.523963 0.011328 -0.941700 0.336263 128 7 170
-0.045460 -0.213541 0.498015 0.351240 0.896371 0.270462 172 241 161
0.141320 -0.065622 0.504407 0.154243 0.782615 -0.603095 147 227 50
-0.433932 0.057453 0.652435 0.039267 -0.549927 -0.834289 132 57 21
0.099728 0.153383 -0.878945 -0.239432 -0.469551 0.849820 96 67 235
0.315239 -0.010172 0.061739 0.072215 0.091698 -0.993165 136 139 0
-0.132788 0.052620 0.501511 -0.644990 -0.132414 0.752632 45 110 223
-0.125774 -0.242082 0.477550 -0.453851 0.829463 0.325592 69 233 169
-0.172722 -0.140949 0.635234 -0.431895 0.449685 -0.781825 72 184 27
0.308061 -0.178711 -0.785483 -0.773254 0.599325 0.207093 28 203 153
0.262539 0.145784 0.336367 -0.016297 -0.646409 -0.762817 125 45 30
-0.414724 0.089737 0.639111 -0.331845 -0.669364 -0.664704 85 42 42
0.403105 -0.047528 -0.145603 -0.497138 0.592531 -0.633846 64 203 46
-0.279036 -0.187563 0.667930 -0.622157 0.634504 -0.458613 48 208 69
0.163584 0.108769 -0.881251 -0.544672 -0.556289 0.627595 58 56 207
-0.578786 0.045106 0.605887 0.680486 -0.347459 -0.645145 214 83 45
0.081175 -0.277616 0.466181 -0.301440 0.948532 -0.097062 89 248 115
0.227239 0.060631 -0.008009 -0.570653 -0.197990 0.796966 54 102 229
0.215956 -0.205223 0.327111 -0.436172 0.607897 0.663488 71 205 212
0.405703 -0.242555 0.240631 -0.680485 0.490896 -0.544023 40 190 58
0.063559 0.116848 -0.350844 0.897879 -0.303653 -0.318759 241 88 86
-0.202149 -0.047424 0.484222 0.934488 0.257048 0.246291 246 160 158
-0.086426 0.206200 0.684762 -0.185686 -0.709753 -0.679538 103 37 40
0.120613 0.085709 -0.836768 -0.330143 -0.917368 0.222355 85 10 155
0.212328 0.020264 -0.694685 -0.452528 0.000012 0.891750 69 127 241
0.248301 0.062204 0.613048 -0.375508 -0.105694 -0.920773 79 114 10
0.234434 0.091557 0.449613 -0.786011 -0.601314 -0.143557 27 50 109
-0.395789 0.034008 0.466524 0.069700 0.410889 -0.909017 136 179 11
0.196499 0.275167 -0.802440 -0.286025 -0.783400 0.551791 91 27 197
-0.853207 -0.056053 0.522532 0.967368 0.199622 0.156048 250 152 147
-0.519174 -0.121904 0.540347 0.087224 0.863815 -0.496202 138 237 64
0.081606 0.039647 0.271818 0.183100 -0.246061 -0.951803 150 96 6
0.418667 -0.031358 -0.585534 -0.983638 0.153446 -0.094396 2 147 115
-0.097398 0.023945 -0.691556 0.952340 -0.096132 0.289494 248 115 164
0.103942 -0.070262 0.382651 -0.868822 -0.065647 0.490753 16 119 190
-0.224664 0.161247 0.575538 -0.223676 -0.748764 -0.623956 98 32 47
0.336819 0.084772 -0.025484 -0.161640 -0.743241 -0.649203 106 32 44
0.097256 -0.178897 0.601754 0.031970 0.780341 -0.624536 131 226 47
-0.144914 -0.016374 0.613603 -0.976748 -0.071399 0.202152 2 118 153
0.130308 -0.120522 -0.453991 0.523571 0.286584 -0.802336 194 164 25
0.410757 0.042920 -0.087558 -0.857801 -0.188835 -0.478036 18 103 66
-0.657647 0.062234 0.646545 0.185139 -0.524471 -0.831056 151 60 21
-0.451940 0.120453 0.669214 0.355241 -0.507687 -0.784893 172 62 27
0.357899 -0.276359 0.104454 -0.606957 0.778607 -0.159294 50 226 107
0.252728 0.156253 -0.088022 0.221040 -0.697262 -0.681885 155 38 40
0.326073 -0.264094 0.033556 -0.326054 0.945186 0.017691 85 248 129
0.108701 0.084041 -0.994028 -0.040917 -0.114350 0.992598 122 112 254
-0.540506 0.226655 0.426955 -0.099101 -0.796871 0.595966 114 25 203
-0.592778 -0.087152 0.585148 -0.836710 0.504145 0.213903 20 191 154
0.303064 -0.094116 0.193821 -0.340999 0.294328 -0.892799 84 165 13
0.306392 0.260146 0.162722 -0.572075 -0.808751 0.136575 54 24 144
-0.514733 -0.230362 0.417412 -0.060226 0.874537 0.481204 119 239 188
0.457617 0.093811 -0.147536 -0.932322 -0.246858 0.264267 8 96 161
-0.529010 0.043055 0.517438 0.951512 -0.120722 0.282932 248 112 163
0.122213 -0.235927 0.580134 0.028556 0.869742 -0.492680 131 238 64
0.177389 -0.078536 -0.485402 0.239904 0.225963 0.944133 158 156 247
-0.197558 0.253867 0.475041 -0.187256 -0.917548 0.350771 103 10 172
0.313872 0.249793 0.075879 -0.299461 -0.855697 0.422026 89 18 181
-0.019752 0.040737 0.468769 0.641472 0.087906 -0.762094 209 138 30
0.260261 -0.058919 -0.305090 0.113635 0.078943 0.990381 141 137 253
-0.646060 0.279577 0.444954 0.553193 -0.774759 0.306148 198 28 166
-0.788303 0.048827 0.501022 0.900951 -0.281523 0.330201 242 91 169
0.026435 -0.039916 0.651349 -0.784429 -0.048494 -0.618321 27 121 48
0.126715 -0.076068 -0.018418 0.526904 0.237761 0.815992 194 157 231
0.277976 0.041136 0.266046 0.291321 -0.138172 -0.946594 164 109 6
-0.065147 0.277754 0.621659 -0.329771 -0.943561 -0.030716 85 7 123
-0.101710 -0.130495 0.472993 0.908393 0.374262 0.186412 243 175 151
0.275017 -0.193984 -0.587375 -0.818297 0.458536 0.346605 23 185 171
0.375750 0.211401 -0.669399 -0.622496 -0.282556 0.729837 48 91 220
0.380692 -0.075718 -0.681491 -0.989010 0.073094 0.128513 1 136 143
0.168735 0.235934 0.064853 0.580346 -0.755211 -0.304721 201 31 88
-0.624596 0.031065 0.486251 0.174185 -0.087374 0.980829 149 116 252
0.245723 -0.218440 -0.368992 0.356736 0.780632 -0.513179 172 227 62
-0.219558 -0.241219 0.472213 0.581787 0.723568 -0.371447 201 219 80
0.142826 -0.067687 -0.956142 -0.592347 0.260073 0.762553 51 160 224
0.202358 -0.131308 0.501845 0.177392 0.939374 -0.293442 150 247 90
0.116852 -0.208743 -0.681941 -0.025332 0.896575 -0.442168 124 241 71
0.129160 -0.205662 -0.450889 0.549973 0.791091 0.267777 197 228 161
0.207106 -0.177869 -0.456110 0.240503 0.479786 0.843780 158 188 235
0.071817 0.266897 -0.930395 0.291961 -0.766257 0.572371 164 29 200
0.068092 0.085726 -0.921672 0.723486 -0.153622 0.673029 219 107 213
0.163699 0.164432 0.581809 -0.138971 -0.650610 -0.746588 109 44 32
0.245259 0.153568 -0.220614 0.189780 -0.767473 0.612348 151 29 205
-0.393449 0.139183 0.656023 0.346878 -0.588712 -0.730133 171 52 34
0.188117 -0.092995 0.385586 -0.748395 0.650077 0.131550 32 210 144
0.310146 0.235595 0.148541 -0.658118 -0.566177 0.496310 43 55 190
-0.076965 -0.090720 -0.898251 0.933254 0.308710 -0.183670 246 166 104
0.126069 0.000508 -0.780116 0.421649 0.008875 0.906716 181 128 243
-0.638404 0.066404 0.468257 0.955395 -0.154204 0.251875 249 107 159
-0.157574 -0.018886 -0.743181 0.988039 -0.064372 -0.140126 253 119 109
-0.683843 0.050918 0.460122 0.567759 -0.272618 0.776743 199 92 226
0.207722 -0.192382 -0.142019 0.060568 0.956067 -0.286824 135 249 90
0.330060 -0.144974 -0.382946 -0.336355 0.930212 -0.146873 84 246 108
0.344599 -0.227548 0.460365 -0.903724 0.426118 0.041295 12 181 132
0.057416 0.168241 -0.775230 0.410579 -0.274266 0.869599 179 92 238
-0.053788 0.229922 0.425466 -0.460115 -0.627265 0.628357 68 47 207
0.082974 -0.043923 0.549627 -0.811054 -0.157831 0.563277 24 107 199
-0.670667 -0.048450 0.410313 0.640797 0.239639 0.729351 209 158 220
-0.267441 -0.127750 0.660026 -0.263102 0.242252 -0.933858 93 158 8
0.256486 -0.082276 -0.445636 -0.358635 0.372170 0.856078 81 174 236
0.222264 -0.122334 -0.886619 -0.649353 0.479997 0.589868 44 188 202
0.220425 -0.120281 -0.623915 0.540921 0.375138 0.752779 196 175 223
-0.007008 -0.199575 0.723803 0.182848 0.499353 -0.846885 150 191 19
0.348261 0.178473 -0.204780 -0.719676 -0.678370 -0.147924 35 41 108
-0.287792 -0.220725 0.611836 -0.052329 0.827756 -0.558643 120 233 56
-0.198355 -0.031084 0.686212 0.163925 0.331873 -0.928972 148 169 9
-0.319343 0.076083 0.658800 -0.863947 -0.118967 -0.489329 17 112 65
0.027990 0.122044 0.539203 0.258868 -0.576141 -0.775274 160 54 28
0.226889 0.157799 0.018793 -0.238521 -0.813049 0.531092 97 23 195
0.122006 0.068308 0.582889 -0.465615 -0.297874 -0.833351 68 89 21
0.287450 -0.248643 0.337791 -0.365012 0.899944 0.238470 80 242 157
0.375761 -0.138237 -0.089231 -0.624883 0.630904 -0.459871 47 207 68
0.162757 -0.110227 -0.808363 -0.138286 0.491187 0.860007 109 190 237
0.278410 -0.057791 -0.100217 -0.563681 0.798699 -0.210577 55 229 100
0.200776 0.131312 0.147543 0.466447 -0.532891 0.706013 186 59 217
0.287499 -0.184806 -0.679750 -0.503507 0.517595 0.691792 63 193 215
0.375052 0.073002 -0.918957 -0.955490 -0.054462 0.289954 5 120 164
0.239440 -0.121961 -0.440020 -0.318587 0.825139 0.466527 86 232 186
0.017494 -0.051500 0.245549 -0.760509 0.381398 0.525510 30 176 194
-0.697217 0.205146 0.476553 0.516971 -0.813514 0.266339 193 23 161
-0.459261 0.229382 0.368561 0.645606 -0.762597 -0.040479 209 30 122
-0.226814 0.177469 0.523915 0.338796 -0.613887 -0.712994 170 49 36
-0.660361 -0.011415 0.180886 0.658282 0.030523 0.752153 211 131 223
0.251239 0.145936 -0.226877 0.500141 -0.854268 0.141720 191 18 145
-0.725255 0.074443 0.293311 0.970805 -0.234845 0.048846 251 97 133
0.312410 -0.156897 0.161681 -0.446623 0.664434 -0.599213 70 212 51
0.284539 -0.004795 -0.351132 -0.757091 0.063544 -0.650212 30 135 44
-0.475162 -0.121940 0.737854 0.464208 0.262347 -0.845982 186 160 19
-0.000797 -0.265110 0.526718 -0.010022 0.999739 -0.020527 126 254 124
-0.373754 -0.067368 0.544790 0.704485 0.417302 0.574074 217 180 200
-0.776094 -0.008798 0.448290 0.611413 0.260025 0.747370 205 160 222
0.123278 0.185646 -0.247145 0.714034 -0.589336 -0.377941 218 52 79
0.208952 0.131089 -0.730845 -0.322465 -0.645809 0.692060 86 45 215
-0.096948 0.024861 -0.706852 0.650673 -0.056338 0.757265 210 120 224
-0.834234 0.216379 0.497998 0.665875 -0.746034 -0.006668 212 32 126
0.384238 -0.240813 0.089946 -0.441257 0.894472 0.072193 71 241 136
0.163808 -0.033339 -0.423593 0.958833 -0.100300 -0.265668 249 114 93
0.187561 -0.105231 -0.161864 0.567803 0.302019 -0.765758 199 166 29
0.092484 0.022752 0.229938 0.873929 -0.199525 -0.443213 238 102 70
0.194606 0.004022 -0.642737 -0.304406 0.304636 0.902515 88 166 242
0.236366 -0.161285 -0.051521 0.178987 0.443923 0.878007 150 184 239
0.256511 0.032722 -0.026917 0.960965 -0.238550 -0.140148 250 97 109
-0.474274 -0.128639 0.622278 0.473830 0.714855 -0.514264 187 218 61
-0.464979 -0.126921 0.620870 0.273263 0.744119 -0.609602 162 222 49
0.305267 -0.128275 -0.322095 -0.078440 0.568024 -0.819265 117 199 23
-0.500507 0.094836 0.274865 0.525303 -0.341107 0.779553 194 84 226
0.233630 0.097820 -0.491344 -0.004063 -0.742309 0.670045 126 32 212
0.365603 -0.272715 0.016031 -0.452552 0.884584 -0.112730 69 240 113
-0.221687 0.271936 0.593946 -0.832996 -0.553104 -0.013958 21 56 125
0.372234 -0.168325 -0.236351 -0.700354 0.579366 -0.416941 38 201 74
0.226519 -0.133458 -0.239732 0.359689 0.723887 -0.588737 173 219 52
0.088937 0.084290 -0.418093 0.734310 -0.651412 -0.190921 221 44 103
0.346148 -0.366434 -0.505808 -0.342420 0.697106 0.629914 83 216 207
0.260141 -0.117980 -0.466758 -0.345185 0.917947 -0.195502 83 244 102
0.171240 0.016841 -1.012638 -0.428433 -0.100418 0.897976 72 114 241
0.197982 -0.040052 -0.354256 0.994828 0.084285 0.056691 254 138 134
-0.078769 -0.247524 0.623563 -0.573421 0.664942 -0.478582 54 212 66
-0.610084 0.070574 0.463917 -0.957394 0.103598 0.269561 5 140 161
0.031395 -0.158389 -1.030982 0.403113 0.376032 0.834326 178 175 233
0.330676 -0.205706 -0.247041 -0.753079 0.604810 0.258993 31 204 160
-0.747979 0.117805 0.471181 0.780459 -0.432661 0.451319 227 72 185
-0.791367 -0.151659 0.532706 0.650401 0.562811 0.510120 210 199 192
0.400781 0.059910 -0.159575 -0.478471 -0.134033 -0.867813 66 110 16
-0.066271 -0.002490 -0.902225 0.999757 0.007763 0.020659 254 128 130
0.313824 -0.047550 0.222875 -0.870496 0.280307 0.404555 16 163 179
0.001221 0.132971 -0.792050 0.891542 -0.451325 0.038191 241 69 132
0.117743 -0.350109 0.337036 0.002470 0.930690 0.365800 127 246 174
-0.181443 -0.067577 0.455790 0.975440 0.181345 -0.125025 251 150 111
0.304032 0.096599 -0.253441 -0.496178 -0.072654 -0.865175 64 118 17
-0.764985 0.146690 0.429927 0.830503 -0.510611 -0.222577 233 62 99
0.360438 0.154260 -0.087123 -0.625690 -0.762264 0.165728 47 30 148
0.092077 0.025749 0.563504 0.210973 0.518773 -0.828471 154 193 21
0.303489 0.086732 0.412624 -0.889497 -0.407304 -0.207119 14 75 101
0.154039 -0.239041 0.382928 -0.058520 0.894697 0.442823 120 241 183
0.299064 0.171472 0.220134 -0.522140 -0.523691 0.673140 60 60 213
0.026431 -0.227989 -0.717342 0.720916 0.692961 0.009297 219 215 128
0.068824 0.146385 -0.918346 0.371504 -0.805865 0.461049 174 24 186
-0.344154 0.108638 0.531746 0.627593 -0.500387 -0.596439 207 63 51
0.028627 0.043107 -0.948141 0.557470 -0.309871 0.770200 198 87 225
0.158686 0.138924 0.689290 -0.685276 -0.582090 -0.437685 40 53 71
0.254585 -0.157735 -0.960371 -0.493731 0.726209 0.478383 64 220 188
0.112112 0.248777 -0.042131 0.603681 -0.791559 0.094885 204 26 139
-0.094245 -0.006601 0.266885 -0.562401 0.163940 0.810450 55 148 230
-1.045344 -0.059968 0.572769 0.997726 -0.005141 -0.067209 254 126 118
-0.006132 0.185254 0.676674 0.064525 -0.509791 -0.857875 135 62 18
0.151926 -0.085890 -0.747967 -0.893949 0.257941 0.366498 13 160 174
0.416449 -0.158442 0.144247 -0.817869 0.533109 -0.216529 23 195 99
0.432763 -0.187238 0.442051 -0.746818 0.387062 -0.540782 32 176 58
0.501521 -0.206648 0.039917 -0.900761 0.366942 -0.232343 12 174 97
0.375250 0.052163 0.276591 -0.549890 -0.033681 -0.834558 57 123 21
0.307413 0.127042 -0.171082 0.618871 -0.630101 0.469011 206 47 187
0.083617 -0.022040 -0.855163 0.280889 0.096875 0.954838 163 139 249
0.093590 0.129053 -0.615840 0.833546 -0.297059 -0.465787 233 89 68
0.220490 -0.102925 -0.426160 0.403585 0.591178 -0.698303 178 202 38
0.221543 -0.177757 -0.623630 -0.303598 0.791427 0.530538 88 228 195
-0.102311 0.127476 -1.057124 0.659405 -0.443281 0.607196 211 70 204
0.174641 -0.158962 -0.298875 0.595067 0.773934 -0.216614 203 226 99
-0.649322 0.218662 0.447164 0.458594 -0.875924 -0.149827 185 15 108
0.263123 -0.056581 -0.137093 0.747647 0.559944 -0.357052 222 198 81
0.038656 -0.131002 -0.794551 0.559750 0.764820 -0.318951 198 225 86
-0.108204 0.189660 0.619968 -0.355556 -0.763124 -0.539650 82 30 58
0.260308 0.240262 -0.013666 0.187868 -0.946686 -0.261707 151 6 94
-0.090939 -0.145918 0.550903 -0.057208 0.998287 0.012263 120 254 129
-0.720223 0.024109 0.621183 0.639955 -0.000623 -0.768412 209 127 29
-0.320754 0.226287 0.640397 -0.109446 -0.967528 -0.227842 113 4 98
0.092646 0.276774 0.530209 0.105108 -0.770758 -0.628398 140 29 47
0.215846 -0.161505 -0.491875 -0.644681 0.542766 0.538323 45 196 196
-0.388329 -0.223427 0.598497 -0.785914 0.617718 -0.027616 27 206 123
0.255787 -0.000681 -0.801756 -0.817872 0.208044 -0.536472 23 154 59
-0.578370 -0.063029 0.568332 0.583708 0.545458 -0.601465 201 197 50
-0.002182 0.078627 -0.960988 0.471947 -0.171877 0.864711 187 105 237
0.161545 -0.171368 -0.491376 -0.023540 0.881628 -0.471359 124 239 67
0.371134 -0.027037 0.141611 -0.921717 -0.011677 -0.387686 9 126 78
-0.612751 -0.001686 0.530601 0.986235 0.150737 -0.067964 253 146 118
-0.037525 -0.026328 0.547367 -0.872420 0.119612 -0.473896 16 142 67
0.115401 -0.262205 -0.724600 0.186168 0.943875 0.272841 151 247 162
0.299841 0.058673 -0.199062 -0.113177 -0.313758 0.942734 113 87 247
0.320960 -0.123976 0.073443 0.137424 0.618881 -0.773370 145 206 28
-0.649782 -0.054010 0.522614 0.933502 0.196146 -0.300166 246 152 89
0.169363 -0.178541 -0.668626 0.513941 0.856025 0.055554 193 236 134
-0.188103 0.176655 -1.013493 0.786453 -0.325176 0.525121 227 86 194
0.262732 0.266241 -0.081897 0.085646 -0.952250 0.293062 138 6 164
-0.384828 -0.261143 0.562564 0.394065 0.833706 -0.386842 177 233 78
0.136669 -0.006284 -0.873830 -0.998484 -0.021742 -0.050560 0 124 121
-0.140951 0.158404 0.550514 0.235018 -0.542771 -0.806329 157 58 24
0.060770 0.012643 -0.653379 0.770316 0.015827 -0.637466 225 129 46
-0.669826 0.049848 0.475676 0.999374 -0.021478 -0.028116 254 124 123
0.050973 -0.014951 -0.815033 -0.621399 0.101077 0.776947 48 140 226
0.332622 0.150157 -0.496071 -0.872693 -0.484890 -0.057346 16 65 120
0.041386 -0.088868 -0.294167 0.961167 0.209701 0.179395 250 154 150
-0.222251 0.220705 0.672013 0.454109 -0.542649 -0.706623 185 58 37
-0.052508 -0.114824 0.557445 0.453488 0.350021 -0.819655 185 172 22
0.451462 0.029442 -0.184282 -0.950395 -0.175807 0.256596 6 105 160
0.018030 -0.087126 -0.525595 0.543541 0.527841 0.652647 196 194 210
0.378098 0.039638 0.122059 -0.862522 -0.065273 -0.501793 17 119 63
-0.600453 0.063459 0.590954 0.935600 -0.353034 -0.004459 246 82 126
0.022823 -0.116371 0.515114 -0.470632 0.453777 0.756698 67 185 223
-0.246970 0.050639 0.685546 0.605669 0.024498 -0.795339 204 130 26
0.192307 0.108420 -0.957533 -0.440374 -0.263997 0.858124 71 93 236
0.258822 -0.040312 -0.617597 -0.604847 0.364294 0.708131 50 173 217
0.090341 0.083702 -0.941748 0.256716 -0.589283 0.766056 160 52 225
0.601157 0.038194 -0.326511 -0.954112 -0.101637 0.281674 5 114 163
0.137031 -0.207192 0.591257 -0.542413 0.774143 -0.326329 58 226 85
0.269849 -0.117505 0.314402 -0.906916 0.416082 -0.066168 11 180 119
-0.568580 -0.023118 0.481459 0.970209 0.023729 -0.241106 251 130 96
0.037986 -0.311155 -0.742881 0.479992 0.863719 -0.153617 188 237 107
-0.007984 -0.070727 0.656098 0.418957 0.179145 -0.890158 180 150 14
-0.095128 -0.167691 -0.756855 0.864881 0.495918 0.077754 237 190 137
0.282319 0.166671 -0.716893 -0.478736 -0.611847 -0.629647 66 49 47
0.337175 0.044694 -0.653385 -0.971758 -0.207695 0.112020 3 101 141
0.233439 0.300908 -0.937847 -0.431005 -0.834157 0.344116 72 21 171
0.183765 -0.120588 0.311052 -0.677675 0.563534 -0.472425 41 199 67
0.080751 -0.256773 0.599509 -0.765059 0.607604 -0.213314 29 204 100
-0.516017 0.242019 0.517767 -0.494740 -0.835043 0.240700 64 21 158
-0.421638 0.031978 0.602192 -0.906539 0.183831 0.379992 11 150 175
-0.303767 0.243227 0.536716 0.423268 -0.840378 0.338538 181 20 170
-0.322637 -0.020869 0.696134 -0.292730 0.166090 -0.941660 90 148 7
-0.319529 0.426750 0.665722 -0.148764 -0.835820 -0.528465 108 20 60
0.184109 -0.237003 -0.458585 -0.104212 0.984185 0.143246 114 252 145
-0.701102 -0.092875 0.389952 0.174574 0.391726 0.903369 149 177 242
0.261248 0.140722 0.424304 -0.740767 -0.487929 -0.461725 33 65 68
0.133403 0.044010 0.332645 -0.950320 -0.145138 0.275365 6 108 162
0.333594 0.023911 0.215682 -0.950676 -0.232168 -0.205701 6 97 101
0.237270 0.053746 -0.299558 0.716893 -0.688896 -0.107181 218 39 113
-0.351435 0.079475 0.616754 -0.325557 -0.159772 -0.931926 85 107 8
0.194958 -0.090464 -0.355389 0.391674 0.725657 -0.565698 177 220 55
0.030768 0.139004 0.503297 -0.699853 -0.322612 0.637281 38 86 208
0.401616 0.221056 -0.065538 -0.622651 -0.706672 0.336037 48 37 170
0.362369 0.309921 -0.442577 -0.329855 -0.737069 0.589852 85 33 202
0.182120 -0.238078 -0.511518 -0.203479 0.767639 -0.607723 101 225 50
-0.040138 0.003025 0.565074 -0.848049 -0.059956 0.526515 19 119 194
-1.036416 -0.051098 0.626100 0.931878 0.061680 -0.357491 246 135 81
-0.392611 -0.184183 0.431519 0.336069 0.903877 0.264695 170 242 161
0.243593 -0.012500 -0.653426 -0.899698 -0.144324 -0.411965 12 109 74
-0.226919 -0.138035 0.478984 0.651725 0.733563 -0.192719 210 221 102
0.325279 -0.251725 -0.178163 -0.056262 0.975330 0.213462 120 251 154
-0.501872 0.006129 0.582040 0.338673 0.475607 0.811849 170 188 231
-0.103822 0.086048 0.559475 -0.155573 -0.978296 0.136875 107 2 144
0.481451 0.061324 -0.104047 -0.966285 -0.220135 -0.133542 4 99 110
0.328751 -0.127435 -0.910281 -0.934394 0.220508 0.279793 8 155 163
0.150209 -0.045584 -0.727954 -0.833172 0.439107 0.336168 21 183 170
0.412487 -0.001353 0.110216 -0.876800 0.159618 -0.453590 15 147 69
-0.588403 -0.011225 0.321909 -0.642507 0.142230 0.752964 45 145 223
0.210262 -0.037446 0.538628 -0.903442 0.361593 0.230309 12 173 156
-0.602671 -0.164666 0.493084 0.009690 0.793928 0.607935 128 228 205
-0.586010 0.012684 0.526561 0.737991 0.663967 0.120489 221 212 142
0.053938 0.144027 0.286745 0.129760 -0.379696 0.915966 144 79 244
0.152974 0.242592 -1.127573 -0.112843 -0.641857 0.758476 113 45 224
0.381606 0.024536 0.095368 -0.464682 0.128432 -0.876114 68 143 15
-0.424710 -0.157735 0.667985 0.517575 0.686962 -0.510097 193 215 62
0.459083 0.165290 0.128622 -0.865299 -0.421689 -0.270993 17 73 92
0.351957 0.027811 0.040967 -0.226723 0.034569 -0.973346 98 131 3
0.107619 -0.303642 -0.911011 0.119156 0.977349 -0.174905 142 252 105
0.253476 -0.017855 0.511351 -0.572293 -0.177478 -0.800614 54 104 25
-0.804668 -0.067208 0.573576 0.846721 0.345319 -0.404744 235 171 75
0.049629 0.018233 -0.391918 0.735721 -0.114827 0.667480 221 112 212
-0.486772 -0.123355 0.614516 -0.131283 0.526537 -0.839955 110 194 20
0.237997 -0.255178 -0.545755 -0.321538 0.756298 0.569760 86 223 200
-0.643116 0.182588 0.488108 0.700170 -0.706488 -0.103137 216 37 114
0.203479 -0.359646 -0.440602 0.031719 0.997417 -0.064439 131 254 119
-0.000238 -0.124357 -0.927283 0.809446 0.496957 0.312780 230 190 167
0.207101 -0.128192 -0.246181 0.373826 0.458337 0.806338 175 185 230
0.256697 -0.123127 0.377673 -0.685781 0.726916 -0.036012 40 220 122
0.348302 0.198528 0.242097 -0.689657 -0.660839 -0.296081 39 43 89
0.082125 0.121135 -0.964691 0.112676 -0.725669 0.678756 141 34 214
0.423277 0.031513 0.161405 -0.841421 0.078538 -0.534643 20 137 59
0.297906 -0.208367 -0.221255 -0.557275 0.701659 -0.443980 56 216 70
0.128045 0.415088 -0.993437 0.119755 -0.956179 0.267170 142 5 161
0.269114 0.262031 -0.149817 0.290408 -0.946918 -0.137878 164 6 109
0.300273 0.126216 0.115177 -0.687808 -0.696170 -0.205592 39 38 101
0.233072 -0.126184 -0.835435 -0.750799 0.237108 0.616507 31 157 206
-0.053951 -0.105073 0.522397 0.288376 0.609965 -0.738094 164 205 33
0.215032 -0.039105 0.391277 -0.783682 0.067653 0.617467 27 136 206
-0.494570 0.129212 0.711524 0.518867 -0.387483 -0.761993 193 78 30
0.034866 0.090530 -0.314979 0.721636 -0.124258 -0.681029 219 111 40
-0.597245 -0.153413 0.633639 0.643685 0.519045 -0.562372 209 193 55
-0.492010 0.262655 0.382331 0.206164 -0.877944 0.432100 153 15 182
0.100736 -0.114459 -0.820428 0.832586 0.548615 0.076297 233 197 137
0.445917 0.120583 -0.037787 -0.810496 -0.422441 0.405758 24 73 179
-0.483880 0.155486 0.489329 -0.584858 -0.789819 0.184733 52 26 151
-0.473974 0.246254 0.554427 0.662696 -0.733217 -0.152406 211 34 108
-0.557775 0.052212 0.630318 -0.182223 -0.444270 -0.877165 104 70 15
-0.750546 0.263968 0.550196 0.507749 -0.861502 -0.002534 192 17 127
-0.343876 -0.066779 0.567598 -0.892677 0.439598 0.099401 13 183 140
0.299244 0.151308 0.255681 -0.509529 -0.713352 -0.481154 62 36 66
-0.427194 -0.174625 0.701486 -0.292029 0.408767 -0.864655 90 179 17
-0.206259 -0.277242 0.420352 -0.678644 0.734400 0.009979 40 221 128
0.462342 -0.038789 0.184580 -0.926897 0.098179 -0.362248 9 140 81
-0.701661 0.050657 0.607302 0.940086 -0.043050 -0.338209 247 122 84
-0.493792 0.104109 0.636269 -0.939129 -0.310288 -0.147505 7 87 108
0.474659 -0.042775 -0.071048 -0.888160 0.020254 0.459088 14 130 186
0.237875 -0.114954 -0.558101 -0.669942 0.741310 -0.040465 42 222 122
-0.705292 -0.089377 0.510063 0.973879 0.216420 -0.068720 251 155 118
-0.760904 -0.115091 0.533863 0.402313 0.904099 0.144043 178 242 145
0.385568 -0.254222 0.394626 -0.677751 0.593626 -0.433890 41 203 72
0.115572 0.079404 -0.563480 0.695782 -0.304954 -0.650300 216 88 44
-0.626270 -0.105082 0.537099 0.878429 0.477577 0.016805 239 188 129
0.377830 -0.194130 -0.067998 -0.650647 0.520027 0.553381 44 193 198
0.121675 0.100029 -0.702289 0.249993 -0.893131 0.373925 159 13 175
0.376270 -0.105416 -0.528385 -0.960532 0.274895 0.042562 5 162 132
0.178820 0.254597 -0.960002 -0.554608 -0.828376 0.078759 56 21 137
-0.421818 -0.002142 0.535218 0.944792 -0.008510 -0.327560 247 126 85
0.127564 0.041981 0.216788 0.913039 0.021011 0.407332 243 130 179
-0.630953 -0.016170 0.516332 0.902151 0.316560 -0.293111 242 167 90
0.093262 -0.113983 -0.776190 -0.435334 0.612847 -0.659472 71 205 43
0.327246 0.076397 0.439226 -0.982204 -0.076483 -0.171537 2 117 105
-0.703286 -0.133228 0.554668 0.939064 0.341678 -0.037624 247 171 122
-0.616308 -0.001882 0.721676 -0.070635 0.158178 -0.984881 118 147 1
0.283523 -0.130520 -0.383239 -0.427324 0.736450 -0.524438 73 221 60
0.263583 -0.223675 -0.245288 0.103676 0.774035 -0.624597 140 226 47
0.132168 -0.274989 -0.665749 -0.182107 0.966111 -0.182937 104 250 104
0.236939 0.041263 -0.390487 0.956823 -0.143275 -0.252908 249 109 95
0.085441 0.227315 -0.728747 -0.102404 -0.923660 -0.369278 114 9 80
0.266311 -0.050026 0.431739 -0.648270 0.246763 -0.720315 44 158 35
0.167921 -0.108116 -0.703585 0.236258 0.697355 -0.676667 157 216 41
0.252096 0.156001 0.633273 -0.421434 -0.289546 -0.859393 73 90 17
-0.637777 -0.335149 0.505076 0.061062 0.990409 -0.123940 135 253 111
-0.529561 -0.026750 0.471438 0.954141 -0.134913 0.267231 249 110 161
-0.030524 -0.107574 -0.788954 0.881026 0.299885 -0.365872 239 165 80
-0.125245 -0.130789 0.675957 0.462207 0.321676 -0.826371 186 168 22
0.150798 -0.082571 0.556088 0.108500 0.278286 -0.954350 141 162 5
0.090939 -0.016573 0.475028 -0.821088 -0.224618 0.524749 22 98 194
0.255045 -0.100801 0.053521 0.218469 0.971263 -0.094447 155 251 115
-0.702092 0.059257 0.461083 0.980428 -0.162943 -0.110501 252 106 113
0.177846 -0.126944 -0.875556 -0.620195 0.525406 0.582501 48 194 201
0.051141 0.281178 0.409088 0.339584 -0.900589 0.271334 170 12 162
-0.812226 -0.158011 0.415426 0.930224 0.343470 0.129271 246 171 143
-0.398206 -0.047479 0.454795 0.086219 0.717319 0.691390 138 218 215
0.092905 -0.095200 -0.877739 0.326543 0.198845 0.924029 169 152 245
0.146361 0.064711 -0.025577 0.902408 -0.427488 -0.053975 242 72 120
0.382087 0.200066 -0.013788 -0.839324 -0.540116 0.061720 20 58 135
0.170245 0.282580 -0.460688 0.121833 -0.899954 -0.418615 143 12 74
-0.640725 -0.199723 0.133918 0.756558 0.470169 0.454490 223 187 185
0.227468 0.000826 -0.249713 0.289179 0.133782 -0.947881 164 144 6
0.247261 -0.066606 -0.228054 0.481965 0.834958 0.265623 188 233 161
0.169425 -0.115020 -0.612020 0.489492 0.871835 0.017395 189 238 129
0.261866 0.042287 -0.763982 -0.768657 -0.029558 0.638978 29 123 208
0.337153 -0.261149 -0.735714 -0.847313 0.523028 -0.092209 19 194 115
0.268208 -0.223243 -0.773757 -0.441842 0.547282 0.710815 71 197 218
0.321331 0.206883 0.132162 -0.566969 -0.674436 0.472951 55 41 187
0.005498 -0.025812 0.407064 0.849661 0.373251 0.372506 235 175 174
-0.503241 0.083353 0.490237 -0.760653 -0.283249 -0.584103 30 91 53
-0.612368 0.164296 0.430358 0.687580 -0.718876 -0.102237 215 35 114
0.187065 -0.185074 0.588356 -0.777342 0.522430 -0.350438 28 194 82
-0.812884 -0.136094 0.475080 0.878240 0.477869 0.018302 239 188 129
-0.317180 -0.266394 0.428543 0.731178 0.582497 0.355074 220 201 172
-0.176340 0.149340 0.639290 -0.324452 -0.474507 -0.818275 86 67 23
-0.098875 0.016904 -1.046197 0.900303 -0.078698 0.428091 242 117 182
-0.014538 0.027496 -0.818186 0.781242 -0.201201 -0.590913 227 101 52
0.267615 -0.256746 0.157436 -0.291752 0.870627 -0.396092 90 238 76
0.200823 -0.146787 0.252646 0.733917 0.648054 0.203450 221 210 153
0.061023 -0.075689 -0.666032 0.244705 0.498276 -0.831770 158 191 21
-0.010330 0.308571 -0.609710 0.575785 -0.757872 0.306761 200 30 166
-0.604956 0.131865 0.389114 -0.058638 -0.501682 0.863063 120 63 237
-0.525995 -0.069286 0.461667 0.941508 0.318890 -0.108961 247 168 113
0.231323 -0.148108 0.410228 -0.728008 0.639832 -0.246212 34 209 96
-0.549756 0.067706 0.212114 0.958629 -0.231280 -0.165955 249 98 106
0.231169 0.208682 0.479919 -0.242263 -0.577360 -0.779720 96 53 28
0.163548 0.042161 0.440950 -0.894300 -0.186333 0.406825 13 103 179
-0.423610 -0.113191 0.532633 -0.372401 0.503640 -0.779528 80 191 28
0.024108 0.126027 0.649651 -0.212053 -0.477859 -0.852458 100 66 18
-0.795245 0.059948 0.452402 0.561858 -0.367804 0.740970 199 80 221
0.390440 -0.104590 -0.021441 -0.822084 0.567330 0.048113 22 199 133
0.125837 -0.203878 -0.718409 0.173225 0.673843 -0.718282 149 213 35
0.474244 0.128686 0.061847 -0.719847 -0.257272 0.644695 35 94 209
-0.615933 -0.072766 0.552206 0.937815 0.296735 -0.180143 247 165 104
-0.273913 -0.164933 0.259254 0.616500 0.694341 0.371239 206 216 174
-0.057586 0.043099 -0.604185 0.953043 -0.110815 0.281833 249 113 163
0.187284 0.010135 0.513780 -0.980952 -0.099655 0.166740 2 114 148
0.171391 0.006952 0.293293 0.015841 -0.212712 0.976987 129 100 252
-0.251313 -0.088054 0.601533 -0.810444 0.532097 -0.245058 24 195 96
0.311640 0.013736 -0.241490 -0.384250 -0.003112 0.923224 78 127 245
-0.521936 -0.029673 0.601130 0.894558 0.089757 -0.437847 241 138 71
-0.844087 -0.147294 0.713248 0.325316 0.477180 -0.816375 168 188 23
0.057329 -0.077542 0.644142 -0.911173 0.266242 -0.314449 11 161 87
-0.540177 0.015223 0.506553 -0.197211 -0.539500 0.818564 102 58 231
-0.589793 0.091583 0.551079 0.380580 -0.500646 0.777504 176 63 226
0.151268 -0.034354 -0.672205 0.360094 0.437231 0.824112 173 183 232
0.052970 0.216702 0.672155 -0.525519 -0.724466 -0.446070 60 35 70
0.378529 0.149811 -0.229422 -0.838024 -0.537981 0.091062 20 58 139
-0.503911 0.009427 0.182116 0.922543 -0.015122 0.385597 245 125 176
0.128067 0.271943 -0.858408 -0.205408 -0.955030 -0.213834 101 5 100
0.241992 0.030162 0.320284 -0.690865 0.160210 0.705010 39 147 217
0.131998 0.058687 -0.284234 0.618773 -0.355368 -0.700595 206 82 38
-0.228007 0.185582 0.444899 0.822990 -0.347895 0.449061 232 83 184
0.323784 -0.270516 0.117071 -0.406070 0.680078 -0.610411 75 214 49
0.122732 -0.171377 -0.087699 0.380623 0.508550 0.772336 176 192 225
-0.219731 -0.251638 0.538398 -0.609604 0.783399 0.121116 49 227 142
-0.663407 -0.211272 0.650777 0.465564 0.750588 -0.468901 186 223 67
0.325570 -0.031277 -0.427371 -0.987603 0.128924 0.089548 1 143 138
0.266515 -0.006387 -0.485280 -0.761095 0.168950 -0.626252 30 149 47
0.160941 -0.170528 0.234697 0.655794 0.753513 0.046398 211 223 133
0.033713 0.033794 0.485237 0.940232 -0.048252 -0.337100 247 121 84
0.316677 0.021898 0.359467 -0.974905 -0.203006 0.091371 3 101 139
-0.065497 0.035759 0.540480 -0.113163 -0.108694 -0.987613 113 113 1
-0.508765 0.136121 0.477247 0.736452 -0.557729 0.382854 221 56 176
0.283867 0.119021 -0.272325 -0.808471 -0.485819 -0.332197 24 65 85
-0.032383 -0.026242 0.445814 0.969645 0.002463 -0.244506 251 127 96
-0.638002 -0.107059 0.420359 0.173745 0.230138 0.957523 149 156 249
0.317862 0.011528 -0.026957 -0.890932 0.050807 0.451286 13 133 185
0.061395 0.284713 -0.908721 0.086332 -0.837276 0.539922 138 20 196
0.402339 -0.159818 -0.008992 -0.759090 0.640568 -0.115994 30 209 112
0.414663 -0.155955 0.141141 -0.908756 0.384498 -0.162245 11 176 106
0.314332 0.105139 0.152351 -0.825333 -0.464241 0.321413 22 68 168
0.200238 0.098887 -0.614061 0.145025 -0.416857 0.897328 145 74 241
0.313501 -0.255817 -0.413153 -0.354510 0.796731 0.489431 82 229 189
0.354818 0.290238 0.109887 -0.748152 -0.622259 0.230351 32 48 156
0.471589 -0.183803 -0.090024 -0.899375 0.430872 0.073990 12 182 136
-0.385684 -0.105443 0.574326 -0.665833 0.591545 0.454687 42 202 185
-0.028032 0.028796 0.202554 0.774731 -0.139784 0.616647 226 109 206
0.473176 -0.226388 -0.091815 -0.865064 0.468221 0.180094 17 187 150
-0.385410 0.246495 0.487512 0.320410 -0.832494 -0.451986 168 21 69
0.009832 0.246230 -1.000195 0.685344 -0.721636 -0.097697 214 35 115
0.149746 0.045631 -0.794267 -0.540042 -0.246064 0.804865 58 96 230
0.278471 0.195847 0.407275 -0.565117 -0.811055 -0.151104 55 24 108
0.159648 -0.061973 -0.379182 0.963726 0.128634 -0.233849 250 143 97
0.141090 0.256982 -0.322490 0.607433 -0.786177 0.113801 204 27 142
0.282795 -0.236473 0.468920 -0.346914 0.658228 -0.668122 83 211 42
-0.146697 -0.105967 0.653661 -0.066671 0.719136 -0.691663 118 219 39
-0.146398 0.167429 0.486459 0.742298 -0.535688 -0.402532 222 59 76
0.266407 -0.082042 0.042958 0.778043 0.334223 0.531925 226 170 195
0.008060 0.069721 0.416507 -0.907085 -0.277831 0.316238 11 92 167
0.154386 -0.131080 -0.459247 -0.324944 0.823722 0.464644 86 232 186
0.256349 0.057407 0.455507 -0.142761 -0.188995 -0.971545 109 103 3
0.067231 -0.196004 -1.045393 0.087160 0.756371 0.648310 138 223 210
0.055270 0.015703 -0.711163 0.857656 0.235081 -0.457344 236 157 69
-0.028039 -0.077000 0.097017 0.570256 0.193185 0.798429 200 152 229
-0.539622 0.154202 0.366612 0.920411 -0.304461 -0.245250 244 88 96
-0.535706 -0.155036 0.658316 0.813232 0.303201 -0.496712 231 166 64
0.135672 -0.188281 -0.676751 -0.092364 0.992196 -0.083763 115 254 116
-0.183186 -0.289762 -0.332381 0.846667 0.493629 0.198709 235 190 152
-0.583231 -0.101093 0.612264 0.706353 0.585869 -0.397270 217 202 76
-0.755639 -0.063496 0.477410 0.926745 0.121428 0.355526 245 142 172
0.328827 -0.211538 -0.315421 -0.524792 0.830693 -0.185858 60 233 103
0.095237 -0.234244 -0.487680 0.062375 0.982910 0.173197 135 252 149
0.161631 0.116686 -0.975769 -0.250828 -0.690595 0.678354 95 39 213
-0.355620 0.131396 0.454465 0.355041 -0.932308 0.068903 172 8 136
0.288977 0.015300 0.212868 -0.030006 0.004546 -0.999539 123 128 0
-0.052856 -0.075842 0.494425 0.185613 0.972043 0.143808 151 251 145
0.284324 -0.076195 0.192814 0.294183 0.514995 -0.805131 165 193 24
0.098966 0.211338 -0.236562 0.812289 -0.577511 -0.081649 231 53 117
0.186574 -0.129567 -0.565168 0.091990 0.446622 -0.889981 139 184 14
0.170488 0.197124 -0.109888 0.579192 -0.536991 -0.613334 201 59 49
0.174318 0.034696 0.620285 -0.638345 0.090651 -0.764394 46 139 30
0.314741 -0.101296 0.378989 -0.639312 0.768934 -0.004515 45 225 126
-0.025589 -0.060857 -0.008337 0.271314 0.138669 0.952449 162 145 248
-0.099285 0.258160 0.678585 -0.304774 -0.719192 -0.624401 88 35 47
0.322837 0.179815 -0.411696 -0.071683 -0.979759 -0.186909 118 2 103
0.126216 0.052397 -0.772038 0.099277 -0.753946 -0.649391 140 31 44
-0.842374 0.132885 0.271293 0.808918 -0.190572 0.556178 230 103 198
0.143685 0.083682 -0.007718 0.934499 -0.201589 -0.293382 246 101 90
-0.638631 -0.009664 0.663767 0.695104 0.031825 -0.718204 216 131 35
0.241796 -0.160585 0.129347 0.520252 0.552461 -0.651249 193 197 44
0.240467 0.055533 -0.111258 -0.585082 -0.805856 0.090972 52 24 139
0.136751 0.003355 -0.617507 0.239525 -0.432601 0.869186 158 72 238
-0.503832 -0.005888 0.555237 0.469929 0.128007 -0.873373 187 143 16
0.092846 -0.302468 -0.630322 0.358872 0.931229 -0.063438 173 246 119
-0.698944 -0.260733 0.439417 0.600767 0.742783 0.295554 204 222 165
0.128723 -0.203743 -0.419161 0.582961 0.681507 -0.442385 201 214 71
0.327436 0.074221 -0.148826 -0.891711 -0.432001 0.135008 13 72 144
-0.289781 -0.114632 0.648786 -0.059174 0.645199 -0.761719 119 209 30
0.296554 0.066301 0.121821 -0.757280 -0.651933 0.038862 30 44 132
-0.289370 0.002193 0.520347 0.799381 0.139425 -0.584423 229 145 52
0.275811 0.011403 -0.399207 -0.916723 -0.366369 -0.159353 10 80 107
0.279780 -0.138810 -0.616364 -0.792454 0.575629 0.201664 26 200 153
0.157315 -0.123238 -0.897835 -0.446315 0.398691 0.801154 70 178 229
-0.555162 -0.217614 0.684449 -0.053477 0.595263 -0.801750 120 203 25
-0.420492 0.269976 0.368583 0.622932 -0.667989 0.407119 206 42 179
0.150532 0.308500 -0.833087 0.037372 -0.787369 0.615348 132 27 205
0.112516 -0.025745 -0.946483 -0.896672 -0.059438 0.438687 13 119 183
0.245035 0.402433 -0.841017 -0.507933 -0.809455 0.294595 62 24 165
-0.436636 -0.059972 0.655051 0.324499 0.334612 -0.884723 168 170 14
-0.199629 -0.012594 0.268030 -0.749776 -0.009290 0.661627 31 126 211
0.312956 0.157015 -0.085443 -0.484929 -0.787588 0.380197 65 27 175
0.286021 -0.159517 -0.356175 -0.195352 0.974389 -0.111372 102 251 113
0.017376 -0.144440 0.159524 0.936900 0.348749 -0.024328 246 171 124
0.390305 -0.272077 -0.264992 -0.560320 0.823797 -0.086021 56 232 116
-0.778557 0.127677 0.429866 0.919507 -0.218293 0.326887 244 99 169
0.271288 -0.137419 -0.012699 -0.155042 0.414042 0.896957 107 180 241
-0.515034 0.110424 0.629856 0.044065 -0.660084 -0.749899 133 43 31
0.036250 -0.176677 -0.432282 0.246048 0.835863 -0.490707 158 234 64
0.064757 0.128471 -0.871534 -0.452408 -0.474985 0.754796 69 66 223
0.376783 -0.226224 -0.607448 -0.761138 0.589272 0.270977 30 202 162
-0.367899 0.098243 0.468936 0.168578 -0.900788 0.400202 148 12 178
0.300657 0.160419 0.291402 -0.863111 -0.429121 0.266260 17 72 161
-0.581109 0.199460 0.690199 0.332536 -0.658441 -0.675185 169 43 41
0.088044 0.057528 0.308561 0.945224 -0.317839 0.074363 248 86 136
-0.486081 -0.070710 0.586397 0.389122 0.365382 -0.845624 177 174 19
0.201360 -0.177671 -0.812333 -0.590042 0.473631 0.653853 52 187 210
-0.666514 0.026610 0.507944 0.795645 0.393258 0.460758 228 177 186
0.324581 -0.203132 0.280958 -0.068867 0.508091 -0.858546 118 192 18
0.255466 0.097974 -0.126353 0.687655 -0.622777 -0.373201 215 48 79
-0.075724 -0.164031 0.561687 -0.054863 0.995823 0.072984 120 254 136
0.094843 -0.086576 -0.004921 0.782584 0.431638 0.448610 227 182 184
-0.701717 -0.252623 0.534294 0.339523 0.940581 0.005575 170 247 128
-0.011900 0.083552 -0.915345 0.721227 -0.471752 0.507230 219 67 192
-0.750338 -0.122992 0.549135 0.915739 0.337016 -0.218730 244 170 99
-0.825637 0.095551 0.569803 0.962164 -0.214344 -0.168216 250 100 106
0.007461 -0.052082 -0.876604 0.810533 0.174786 0.559005 230 149 198
0.253876 -0.154942 0.129251 0.006511 0.654888 0.755698 128 210 223
0.400305 -0.111618 -0.213140 -0.830297 0.529534 -0.173784 21 195 105
0.083665 -0.028013 -1.004790 0.851843 0.252402 0.458973 236 159 186
0.175113 0.155918 0.513547 -0.410954 -0.670123 -0.618103 75 42 48
-0.324307 -0.138044 0.479771 -0.896191 0.434556 0.089464 13 182 138
0.192482 -0.245534 0.113559 0.741825 0.618279 -0.259667 222 206 94
0.206655 0.206504 -0.407934 0.067902 -0.915823 0.395799 136 10 177
-0.485882 -0.151336 0.508184 0.627741 0.777860 0.029590 207 226 131
0.140897 -0.142575 0.022120 0.232664 0.615844 0.752731 157 206 223
0.108164 0.239098 -1.012691 0.018446 -0.682442 0.730707 129 40 220
0.258604 0.058110 0.296351 -0.851281 -0.362781 0.379092 18 81 175
0.125471 0.104730 0.652142 -0.443634 -0.396183 -0.803883 70 76 25
0.079836 0.222267 0.464051 0.307298 -0.908470 -0.283285 166 11 91
0.160508 -0.036315 0.541793 -0.987063 0.030609 -0.157385 1 131 107
0.205302 -0.069582 0.373015 -0.955072 0.166510 -0.245177 5 148 96
0.053605 -0.170377 -0.784144 0.135912 0.959214 -0.247865 144 249 95
0.242501 -0.059772 -0.077831 0.059417 0.064118 -0.996172 135 135 0
0.179319 0.326555 0.623537 -0.374289 -0.611060 -0.697505 79 49 38
-0.065328 0.342347 -0.966108 0.435913 -0.785817 0.438716 183 27 183
-0.686045 0.141403 0.386432 0.777842 -0.553676 0.297330 226 56 165
-0.588211 0.291322 0.501674 0.309442 -0.931871 0.189374 166 8 151
-0.548562 -0.082093 0.713097 0.827643 0.154815 -0.539480 233 147 58
-0.420635 0.232798 0.539226 0.582152 -0.780781 -0.226894 201 27 98
0.258911 -0.059826 -0.864887 -0.883445 0.264122 -0.386995 14 161 78
0.047496 -0.148189 0.535870 -0.540364 0.834285 -0.109428 58 233 113
0.177771 0.016978 -0.368678 0.906959 0.058688 0.417111 243 134 180
0.433582 0.217070 -0.128229 -0.653282 -0.534436 0.536285 44 59 195
-0.699337 0.122536 0.558380 0.137639 -0.895595 -0.423042 145 13 73
0.414070 -0.175787 0.190571 -0.896486 0.371249 0.241841 13 174 158
0.215320 0.164465 0.517832 -0.455807 -0.497146 -0.738300 69 64 33
-0.295462 0.039201 0.611111 -0.104507 0.283858 -0.953154 114 163 5
0.400706 -0.129556 -0.179765 -0.752492 0.657340 -0.040753 31 211 122
0.011525 0.168474 -0.594437 0.831795 -0.467006 0.300037 233 67 165
-0.083401 0.091103 0.489593 0.626867 -0.380055 -0.680144 207 79 40
0.173963 -0.118638 -0.714700 -0.783834 0.572670 0.240113 27 200 158
-0.603856 0.166117 0.461206 0.049451 -0.807083 0.588363 133 24 202
0.121916 0.093022 -0.672696 0.486519 -0.551659 0.677474 189 57 213
0.288113 0.020993 -0.070059 -0.615558 -0.151253 -0.773441 49 108 28
0.236525 0.107553 -0.506971 -0.825194 -0.202220 -0.527410 22 101 60
0.374176 0.167006 -0.597923 -0.614970 -0.391320 0.684603 49 77 214
0.054075 -0.019203 -0.911972 -0.224221 0.661843 0.715324 98 211 218
-0.810246 0.065621 0.593782 0.881019 -0.304432 -0.362114 239 88 81
-0.480289 0.112841 0.492082 0.867926 -0.262230 -0.421828 238 94 73
0.199892 -0.161586 -0.717423 -0.668136 0.652026 0.358407 42 210 173
0.211159 0.321177 0.464637 -0.267599 -0.768363 -0.581386 93 29 53
0.283437 0.097517 0.347773 -0.772644 -0.564626 -0.290207 28 55 90
0.247742 -0.087608 0.439351 -0.925144 0.244358 -0.290512 9 158 90
0.139633 0.061094 -0.918927 -0.348557 -0.160279 0.923482 83 107 245
0.305913 0.292558 -0.513291 -0.636921 -0.724505 0.263485 46 35 161
-0.632749 -0.196009 0.552098 0.595910 0.681836 -0.424252 203 214 73
0.243406 -0.188088 -0.624335 -0.691925 0.658223 -0.296619 39 211 89
0.182744 -0.096327 0.069326 -0.360178 0.267492 0.893711 81 161 241
0.512147 0.128126 0.057398 -0.924939 -0.247417 -0.288570 9 95 90
0.182443 -0.270659 -0.270901 0.628878 0.682124 0.373120 207 214 175
-0.132398 0.124540 0.496727 0.021553 -0.738206 0.674231 130 33 213
0.304832 -0.065039 -0.795289 -0.940442 0.333169 -0.067576 7 169 118
-0.035729 -0.115199 -0.773130 0.947423 0.254498 0.193960 248 159 152
-0.002841 -0.072982 0.444592 -0.085399 0.989683 0.115044 116 253 142
0.202849 -0.151360 -0.098804 0.386437 0.547863 -0.741965 176 197 32
0.236749 0.168825 -0.861919 -0.709546 -0.418941 0.566597 37 74 199
0.296855 0.140228 -0.011652 0.402978 -0.741790 0.536056 178 32 195
-0.330177 -0.291929 0.656680 -0.148923 0.747740 -0.647075 108 222 44
0.333309 0.034669 -0.031163 -0.607767 -0.140702 0.781551 50 109 227
0.385880 -0.077394 0.107804 -0.852181 0.492996 -0.175338 18 190 105
0.431676 -0.111082 -0.304765 -0.906167 0.314057 0.283249 11 167 163
-0.287360 0.000074 -0.001368 0.980815 -0.168470 0.098076 252 106 140
0.517939 0.003620 -0.662305 -0.965193 0.042991 0.257982 4 132 160
0.203688 -0.054417 -0.889889 -0.626282 0.252753 0.737487 47 159 221
-0.042649 -0.058601 0.559101 -0.462377 -0.194182 -0.865159 68 102 17
0.271511 -0.076925 0.064227 0.003146 0.131266 -0.991342 127 144 1
-0.171249 0.062659 -0.768371 0.956535 -0.230895 0.178123 249 98 150
0.224866 0.256562 0.460766 -0.085473 -0.812272 -0.576982 116 23 53
-0.578743 0.074420 0.711529 0.405017 -0.057268 -0.912514 179 120 11
-0.519570 -0.230050 0.678095 0.404081 0.693119 -0.596913 179 215 51
0.256981 -0.104578 -0.691798 -0.659649 0.734212 -0.160608 43 221 107
0.385140 -0.098044 -0.332059 -0.622434 0.541671 0.564951 48 196 199
0.055654 -0.179725 -0.909854 0.253128 0.757503 0.601760 159 224 204
-0.074992 0.048643 -0.851807 0.956442 -0.116327 -0.267744 249 112 93
-0.589594 -0.182940 0.611793 -0.049455 0.570576 -0.819754 121 200 22
0.056080 0.276368 0.463014 -0.645147 -0.761892 0.057506 45 30 134
0.289963 -0.153414 0.184209 -0.447891 0.883096 0.139767 70 240 145
0.115630 0.129346 0.052701 0.936957 -0.319634 -0.141228 246 86 109
0.159548 -0.229818 0.310594 -0.302176 0.705255 0.641331 88 217 209
-0.078971 0.186608 -0.866742 0.735495 -0.371213 0.566788 221 80 199
0.218188 -0.212997 0.515976 -0.113117 0.624155 -0.773068 113 207 28
-0.050707 -0.184709 -0.716095 0.892516 0.425111 -0.150651 241 181 108
-0.476851 0.252442 0.590268 -0.234972 -0.901242 -0.364075 97 12 81
-0.615976 -0.006313 0.533341 -0.552237 0.354871 0.754387 57 172 223
0.004753 -0.154240 -0.209362 0.711499 0.674694 -0.196360 218 213 102
0.148678 0.207288 -0.951430 -0.279339 -0.802443 0.527310 91 25 194
-0.494527 -0.156728 0.676530 -0.285187 0.742906 -0.605606 91 222 50
-0.608064 -0.173765 0.557929 0.892620 0.435339 0.117091 241 183 142
-0.538117 -0.096319 0.482077 0.691593 0.483639 0.536463 215 189 195
-0.765901 0.157029 0.580465 0.763079 -0.646190 0.012204 224 45 129
-0.262757 -0.321085 0.627577 -0.304319 0.952252 -0.024631 88 248 124
0.175351 -0.102582 0.422728 0.211632 0.196440 -0.957404 154 152 5
-0.957325 0.086676 0.623331 0.994181 -0.099477 -0.041343 254 114 122
0.286716 -0.175490 0.260981 0.105625 0.889473 -0.444613 140 240 70
0.376388 0.167347 0.311411 -0.724063 -0.687655 0.053518 35 39 134
0.069859 -0.008901 -0.843925 0.925801 0.095474 0.365757 245 139 174
0.254679 -0.293373 0.078721 0.480185 0.751076 -0.453109 188 223 69
-0.538292 -0.286848 0.392694 0.548220 0.811012 -0.204242 197 230 101
0.379297 -0.200562 0.237195 -0.532236 0.488847 -0.691197 59 189 39
-0.123037 0.195298 -1.059388 0.750481 -0.435263 0.497316 223 72 190
-0.128250 -0.186347 0.707706 0.162702 0.418742 -0.893411 148 180 13
0.255007 0.150235 -0.025079 0.479236 -0.839278 0.256796 188 20 160
-0.478174 0.100529 0.513850 -0.473386 -0.880837 -0.005691 67 15 126
0.114135 0.043279 -1.032702 0.426578 -0.238650 0.872398 181 97 238
0.016815 0.167246 -0.719577 0.750058 -0.534831 -0.389062 223 59 77
0.184136 -0.016455 0.278222 -0.065678 -0.184542 0.980628 119 103 252
0.136911 0.048089 0.309923 0.748597 -0.429963 0.504712 222 72 191
0.107378 0.303760 -0.673703 -0.078409 -0.996921 -0.001030 117 0 127
0.109438 -0.141005 -0.683099 -0.294823 0.430324 0.853171 89 182 236
-0.349201 0.162350 0.319087 -0.501822 -0.718938 0.480939 63 35 188
-0.792992 0.093466 0.620691 0.465485 -0.299635 -0.832792 186 89 21
-0.474448 -0.221642 0.465489 0.150640 0.895537 0.418714 146 241 180
-0.170569 0.162424 0.404973 0.778884 -0.625908 0.039743 226 47 132
0.331113 -0.186925 -0.397640 -0.760310 0.448995 0.469396 30 184 187
-0.456024 -0.172265 0.425121 0.164755 0.710270 0.684377 148 218 214
0.457661 0.057547 0.359459 -0.886898 -0.175267 -0.427426 14 105 73
0.281383 0.148760 0.225131 -0.531939 -0.846411 0.025108 59 19 130
0.004259 0.214661 0.653028 -0.187963 -0.598492 -0.778767 103 51 28
0.092959 -0.085109 0.494172 0.164168 0.431998 -0.886807 148 182 14
0.443059 -0.123858 0.104449 -0.614631 0.528965 -0.585171 49 194 52
0.184013 0.052588 -0.448682 -0.101335 -0.442603 0.890973 114 71 241
-0.623771 0.153986 0.629594 0.594167 -0.583067 -0.554074 203 53 56
0.333501 -0.050099 0.023852 -0.876060 0.088472 0.474017 15 138 187
-0.547005 -0.141682 0.154329 0.211708 0.941770 -0.261245 154 247 94
0.002475 -0.087216 0.366641 0.818955 0.524909 0.231912 231 194 157
0.229433 0.154091 -0.487410 0.048806 -0.993432 -0.103493 133 0 114
0.183157 0.081445 -0.509887 0.141556 -0.909734 0.390315 145 11 177
0.040241 -0.073756 -0.097931 0.804321 0.273046 0.527743 230 162 194
-0.114119 -0.201391 -0.693161 0.788834 0.581087 -0.200196 228 201 101
0.143937 -0.014611 0.309001 0.629979 0.191036 0.752750 207 151 223
-0.423574 0.000380 0.622899 -0.013785 -0.096025 -0.995283 125 115 0
0.353835 -0.109525 -0.139481 -0.842036 0.252159 0.476856 20 159 188
-0.575834 0.012925 0.474745 0.936290 0.023639 0.350431 246 130 172
0.217856 0.127746 -0.775941 -0.823809 -0.265767 0.500707 22 93 191
0.103037 0.198995 -0.727279 0.076158 -0.974020 -0.213274 137 3 100
-0.165759 -0.025411 -0.387378 0.852159 0.133964 -0.505844 236 144 63
-0.047546 -0.158881 0.542060 0.508015 0.549556 -0.663257 192 197 42
0.335605 0.198735 0.178459 -0.645241 -0.644845 0.409682 45 45 179
0.152874 -0.192405 0.149114 0.880167 0.436898 -0.185546 239 183 103
0.580447 0.015233 -0.257323 -0.903788 -0.013876 -0.427755 12 125 72
-0.488832 0.133802 0.541834 -0.640526 -0.529063 -0.556614 45 60 56
0.211994 0.202578 0.156669 0.375347 -0.910393 -0.174066 175 11 105
0.209088 -0.091664 -0.104453 0.287728 0.624588 -0.726018 164 207 34
-0.307290 0.147026 0.404398 -0.253796 -0.789446 0.558894 95 26 198
-0.330122 0.225760 0.450902 0.128043 -0.985240 0.113613 143 1 141
0.427770 0.031123 -0.434830 -0.973218 0.002877 0.229868 3 127 156
0.143959 0.211052 -0.721641 -0.156927 -0.836889 0.524395 107 20 194
0.117632 0.013696 -0.445258 0.963846 -0.088491 0.251338 250 116 159
-0.272188 0.113299 0.460776 -0.737179 -0.668970 -0.095110 33 42 115
0.084316 0.028027 -1.041613 0.156568 0.059163 0.985894 147 135 253
-0.107633 0.009702 0.583161 -0.888157 0.000711 -0.459540 14 127 68
-0.247129 -0.111689 0.486446 0.747042 0.662562 0.054228 222 211 134
0.144396 -0.190381 -0.230143 0.756541 0.408238 -0.510870 223 179 62
0.140873 0.059535 0.400533 -0.812558 -0.518582 -0.266125 23 61 93
-0.581000 0.184900 0.348922 0.437910 -0.821188 0.365904 183 22 174
0.172273 -0.188158 0.385547 -0.578961 0.607907 0.543372 53 205 196
0.366578 -0.093621 -0.357465 -0.661885 0.294929 0.689148 43 165 215
0.318064 0.237036 0.175466 -0.341976 -0.822363 -0.454721 83 22 69
0.268732 -0.058378 0.044727 -0.288849 0.747553 -0.598105 90 222 51
0.328863 0.121640 0.455022 -0.637498 -0.755002 -0.153516 46 31 107
0.309403 0.155232 -0.361184 -0.609922 -0.425253 -0.668697 49 73 42
0.138447 -0.169128 -0.631363 0.410547 0.758508 -0.506081 179 224 62
0.157018 -0.099490 -0.647427 0.007407 0.937710 0.347340 128 247 171
0.139444 -0.068831 0.085525 0.495252 0.093271 0.863728 190 139 237
0.544542 -0.082468 -0.237998 -0.872013 0.160693 0.462355 16 147 186
-0.077105 0.193180 -0.530122 0.834193 -0.367933 -0.410789 233 80 75
0.036679 0.010087 -0.921342 0.177394 -0.096548 0.979393 150 115 252
0.246914 0.058533 -0.230386 0.679365 -0.009995 0.733733 214 126 221
0.314348 -0.094500 -0.045254 0.108179 0.961159 0.253912 141 250 159
0.264619 0.311286 0.057142 0.126163 -0.886287 -0.445621 143 14 70
0.297733 -0.247458 -0.357336 -0.174603 0.876952 0.447737 105 239 184
0.333836 -0.157457 0.062965 -0.159592 0.712270 0.683522 107 218 214
0.067911 -0.205454 0.322375 0.811339 0.564216 -0.152936 230 199 108
0.009039 0.111652 -0.664694 0.400920 -0.881541 0.249297 178 15 159
0.071762 -0.179590 0.621614 -0.111024 0.711706 -0.693648 113 218 39
-0.396063 -0.240527 0.736970 0.497380 0.366079 -0.786511 190 174 27
-0.019753 -0.076572 0.558321 -0.952102 0.303738 -0.035277 6 166 123
0.355401 -0.099007 -0.793640 -0.799853 0.272268 0.534887 25 162 195
0.358222 0.044884 0.423150 -0.966860 -0.104222 -0.233064 4 114 97
0.031421 -0.189950 -0.494613 0.449597 0.875371 0.177729 184 239 150
-0.042522 -0.019787 -0.918164 0.811349 -0.034367 -0.583551 230 123 53
-0.027617 -0.137141 0.443929 -0.807174 0.467922 0.359887 24 187 173
0.036184 -0.058929 -0.522173 0.600738 0.797238 0.059379 204 229 135
0.142817 0.002556 0.507999 -0.962629 -0.164636 0.215035 4 106 154
0.086041 -0.118440 -0.484858 0.842474 0.449574 -0.296851 234 184 89
0.218135 -0.150048 -0.083595 0.300030 0.952742 0.047588 165 248 133
-0.224646 -0.126572 0.669792 -0.425744 0.732521 -0.531182 73 220 59
0.226863 -0.176642 0.261562 0.525612 0.779778 -0.340116 194 226 84
0.232995 -0.268134 -0.398766 -0.293143 0.771194 0.565091 90 225 199
0.119364 0.083594 0.511139 -0.792812 -0.607549 -0.048300 26 50 121
0.329407 -0.140036 0.413109 -0.737289 0.475258 -0.480141 33 188 66
-0.170701 0.024978 0.480176 0.188351 -0.319648 0.928628 151 86 245
-0.544989 0.190862 0.493081 -0.168334 -0.826363 0.537389 106 22 196
-0.368705 0.350253 0.552256 0.349106 -0.862908 -0.365396 172 17 80
0.162203 -0.114792 -0.612500 -0.352376 0.808912 -0.470630 82 230 67
0.179110 0.027620 -0.257582 0.781669 -0.531227 0.326789 227 59 169
-0.110690 0.025309 0.552930 0.339301 -0.841275 0.420868 170 20 181
-0.169562 -0.054788 0.757537 -0.366999 0.126883 -0.921527 80 143 10
0.168933 0.108967 -0.963733 -0.582143 -0.617953 0.528435 53 48 194
-0.030011 -0.302712 0.446978 0.314573 0.905425 -0.285044 167 242 91
0.028243 0.175076 -0.959827 0.157854 -0.758644 0.632093 147 30 208
0.135570 -0.081059 -0.004000 0.656349 0.707430 -0.262202 211 217 94
0.221343 0.148368 0.398037 -0.275280 -0.757854 -0.591505 92 30 52
-0.564333 -0.040866 0.456789 0.821613 0.258095 -0.508271 232 160 62
0.255731 0.093291 0.471380 -0.802875 -0.588796 -0.093327 25 52 115
0.374887 -0.153879 0.105818 -0.937495 0.218617 0.270760 7 155 162
-0.572922 0.112951 0.490552 0.697299 -0.673737 0.244647 216 41 158
-0.033458 -0.090256 0.641943 -0.307473 0.331907 -0.891795 88 169 13
0.360537 -0.108831 0.448235 -0.896914 0.394365 -0.200053 13 177 101
-0.593055 0.253507 0.665352 0.412265 -0.545943 -0.729372 180 57 34
0.188375 -0.111739 -0.429423 0.593841 0.637801 -0.490472 203 208 64
-0.544966 0.073981 0.489577 -0.688001 -0.608089 -0.396084 39 49 76
0.230040 -0.092921 -0.680630 -0.359534 0.330245 0.872739 81 169 238
0.403201 -0.159485 0.319113 -0.959495 0.246421 -0.136548 5 158 110
0.203439 0.046768 -0.741720 -0.830295 -0.505193 -0.235349 21 63 97
0.308734 -0.071136 -0.231260 -0.382594 0.801071 -0.460333 78 229 68
0.097602 -0.133840 -0.508722 0.601028 0.305139 -0.738685 204 166 33
-0.376204 0.228356 0.641786 -0.603180 -0.566934 -0.561034 50 55 55
-0.767636 0.169470 0.521296 0.589083 -0.544406 0.597162 202 58 203
0.168007 -0.071253 -0.515329 -0.287292 0.624564 -0.726211 90 207 34
0.235065 0.063814 0.065243 0.329451 -0.388789 -0.860410 169 77 17
0.227248 -0.062015 -0.950089 -0.955185 0.116356 0.272181 5 142 162
-0.724718 0.212154 0.545317 0.700149 -0.580158 -0.416183 216 53 74
0.328051 -0.149848 -0.252732 -0.524803 0.688392 -0.500698 60 215 63
0.336700 0.205595 -0.135576 -0.401840 -0.800532 0.444604 76 25 184
0.245371 -0.231221 -0.101835 0.217596 0.902154 -0.372518 155 242 80
-0.688443 -0.001172 0.450823 0.962396 -0.101548 -0.251957 250 114 95
0.166644 -0.156611 -0.236254 -0.394879 0.905720 -0.154087 77 242 107
-0.134920 0.144399 -0.787143 0.913198 -0.294994 0.281155 243 89 163
0.271859 0.137659 0.379246 -0.549289 -0.725597 -0.414476 57 34 74
0.150494 -0.031149 0.461858 -0.514245 0.775759 0.365718 61 226 174
0.142773 0.189909 -0.648981 0.409933 -0.908647 0.079478 179 11 137
0.167347 0.069844 -0.597428 0.886027 -0.463439 -0.013423 240 68 125
0.257920 0.039135 -0.944896 -0.519668 -0.307735 0.797022 61 88 229
-0.059349 0.187152 0.348677 0.042025 -0.640696 0.766644 132 45 225
0.502136 -0.069485 -0.275610 -0.908527 0.162250 0.385037 11 148 176
-0.310346 -0.192475 -0.040980 0.590338 0.550106 0.590664 202 197 202
0.337277 0.056984 -0.278848 -0.989953 -0.104560 -0.095181 1 114 115
0.252051 -0.233820 0.367320 -0.642905 0.758942 -0.103341 45 224 114
0.083384 0.154593 -0.630227 0.797785 -0.504755 -0.329791 229 63 85
0.112428 0.092178 -0.942585 0.063772 -0.335629 0.939833 135 84 247
0.020039 0.011876 0.103294 -0.482373 -0.098015 0.870465 65 115 238
0.288761 -0.096457 0.502523 -0.761044 0.563645 -0.321117 30 199 86
0.041390 -0.178049 -0.745374 -0.665482 0.704834 0.245646 42 217 158
-0.394169 -0.269566 0.571644 -0.023334 0.733663 -0.679112 124 221 40
0.186500 0.038254 -0.115272 0.961201 -0.241841 0.132688 250 96 144
-0.575885 -0.101576 0.610929 -0.672785 0.739494 -0.022566 41 221 124
-0.877049 0.045755 0.518867 0.999724 -0.018368 -0.014643 254 125 125
-0.676937 0.107960 0.605723 0.932660 -0.229402 -0.278425 246 98 92
0.392612 0.074845 0.179783 -0.629527 -0.281584 -0.724159 47 91 35
-0.061371 -0.004822 0.504878 0.887555 0.457176 -0.056890 240 185 120
0.241211 -0.076250 -0.054865 0.436282 0.402167 -0.804935 183 178 24
0.387150 -0.175210 0.309163 -0.933262 0.355987 -0.047919 8 172 121
-0.565228 0.146446 0.531772 0.510873 -0.705988 -0.490500 192 37 64
0.540277 0.008311 -0.181297 -0.962594 0.013977 -0.270588 4 129 92
0.312270 -0.180390 0.309610 -0.396256 0.520455 -0.756378 76 193 31
-0.457058 -0.078914 0.728955 -0.109380 0.233658 -0.966147 113 157 4
0.040410 -0.040910 0.492983 -0.579516 0.258560 -0.772857 53 160 28
0.027914 -0.068736 0.668922 -0.561514 0.516414 -0.646544 55 193 45
-0.266991 -0.070937 0.426219 0.493739 0.710701 0.501124 190 218 191
-0.569764 0.216755 0.443554 0.250586 -0.962985 0.099331 159 4 140
-0.053524 0.212253 0.430142 -0.566132 -0.815458 -0.120512 55 23 112
0.281342 -0.340251 -0.358738 -0.069665 0.651898 0.755100 118 210 223
-0.397368 0.184151 0.599751 0.435931 -0.506354 -0.744023 183 62 32
-0.012228 0.183939 -0.899242 0.839835 -0.517501 0.163919 234 61 148
-0.670241 0.464275 0.618359 0.031333 -0.900592 -0.433534 131 12 72
-0.854876 -0.107481 0.604786 0.771309 0.536237 -0.342829 225 195 83
0.350034 -0.116926 -0.288255 -0.809601 0.582736 0.070458 24 201 136
0.135957 -0.242416 -0.419221 0.523592 0.798734 -0.296439 194 229 89
0.055762 -0.049735 -0.401589 0.877877 0.456379 0.145088 239 185 145
-0.583600 0.107660 0.671767 -0.797202 -0.476433 -0.370782 25 66 80
0.299362 0.129271 0.265781 -0.495147 -0.674548 -0.547553 64 41 57
0.158599 -0.249098 -0.751355 0.263312 0.746730 0.610787 161 222 205
-0.015604 0.291243 0.309936 0.649991 -0.710285 0.270197 210 36 161
0.258966 0.067049 -0.620866 -0.756993 -0.554419 -0.345806 30 56 83
-0.525416 -0.241522 0.580115 0.341137 0.827852 -0.445295 170 233 70
-0.407362 0.010304 0.449797 -0.527765 0.395429 0.751731 60 177 223
-0.413090 0.079574 0.624273 -0.048779 -0.512240 -0.857456 121 62 18
0.209519 -0.291057 -0.462959 -0.076441 0.912290 -0.402348 117 243 76
0.193034 0.118453 0.214771 -0.748673 -0.341913 -0.567966 32 83 55
-0.355113 -0.160323 0.563041 -0.314232 0.767296 -0.559030 87 225 56
-0.026753 -0.029988 0.471294 0.886946 -0.137772 0.440847 240 109 183
-0.377035 -0.110451 0.628925 0.042631 0.554070 -0.831378 132 198 21
-0.608504 -0.044530 0.538920 0.666525 0.201071 0.717855 212 153 219
0.404831 -0.152061 -0.418554 -0.849827 0.416510 0.322975 19 180 168
0.123585 0.232363 0.417537 0.566543 -0.763022 0.311169 199 30 167
0.236574 0.138888 0.092766 0.860152 -0.373683 -0.347131 237 79 83
-0.770929 0.018112 0.584018 0.894817 -0.126151 -0.428239 241 111 72
0.300806 -0.113038 0.215766 -0.580034 0.222399 0.783645 53 155 227
-0.720960 -0.214083 0.497377 0.586946 0.801298 -0.115832 202 229 112
0.048764 -0.299631 0.579632 -0.011707 0.879690 -0.475403 126 239 66
-0.475293 -0.210115 0.451481 -0.773638 0.630918 -0.058540 28 207 120
-0.506525 0.006360 0.428167 -0.790597 0.050082 0.610286 26 133 205
0.193778 0.335439 0.096415 0.510613 -0.851333 0.120442 192 18 142
0.062364 -0.041106 -0.942946 0.671041 0.211060 0.710744 213 154 218
0.202934 -0.017138 0.469620 -0.957677 0.207596 0.199397 5 153 152
0.356868 -0.197589 -0.095422 -0.536235 0.520682 -0.664336 59 193 42
0.378138 -0.152658 0.143844 -0.702097 0.466986 -0.537572 37 187 58
-0.462436 -0.193424 0.518021 0.364934 0.909391 0.199579 174 243 152
-0.458293 0.031210 0.446568 0.862499 -0.426007 -0.273155 237 73 92
-0.174384 -0.297306 0.498208 0.249153 0.882225 -0.399503 159 239 76
-0.322693 0.067056 0.559866 0.111060 -0.302148 -0.946769 141 88 6
0.026971 -0.090235 0.620152 -0.449291 0.305041 -0.839695 70 166 20
0.332048 -0.364654 -0.208625 -0.353810 0.870471 0.342198 82 238 171
0.146492 0.227568 -0.443946 -0.140231 -0.838143 -0.527117 109 20 60
0.312744 0.037746 -0.227741 -0.924670 -0.223384 0.308360 9 99 166
-0.578894 -0.226546 0.418589 0.588045 0.745048 0.314811 202 222 167
0.278998 -0.077130 -0.928697 -0.339076 0.300325 0.891534 84 165 241
0.109536 0.157663 0.442762 -0.841273 -0.539893 -0.027853 20 58 123
-0.470853 0.112939 0.690407 -0.534310 -0.667870 -0.518134 59 42 61
0.201284 -0.065143 0.542511 -0.077991 0.281924 -0.956262 117 163 5
-0.182756 0.261684 0.493802 -0.409559 -0.908133 0.086923 75 11 138
0.160272 0.050562 -0.664952 -0.151872 -0.001465 0.988399 108 127 253
0.248060 0.128105 -0.364471 -0.180324 -0.631123 -0.754431 104 47 31
-0.567276 0.450371 0.531814 0.380338 -0.924817 0.007536 175 9 128
0.439580 0.147339 -0.856060 -0.811533 -0.396395 0.429285 24 76 182
0.000359 0.134728 -0.555637 0.315408 -0.482424 -0.817181 167 65 23
0.147622 0.127781 -0.299561 0.786123 -0.289476 0.546091 227 90 197
-0.441677 -0.292064 0.419004 -0.019478 0.946255 0.322835 125 248 168
0.120224 0.047129 -0.764961 -0.233409 -0.109765 0.966163 97 113 250
-0.516343 0.103207 0.439761 0.794541 -0.237468 0.558850 228 97 198
0.248907 -0.141151 -0.873622 -0.802133 0.424452 0.420027 25 181 181
0.082642 -0.104367 -0.772856 0.519288 0.555174 0.649709 193 198 210
-0.569642 0.210886 0.555956 0.370824 -0.892400 -0.257121 174 13 94
0.123754 0.224184 -0.638511 -0.096062 -0.700451 -0.707206 115 38 37
0.242450 0.026017 0.328260 0.390215 0.083296 -0.916948 177 138 10
0.283327 -0.118401 -0.304442 -0.995002 0.080485 0.059098 0 137 135
0.085711 0.016949 -0.355784 0.909006 -0.087637 0.407464 243 116 179
0.157098 0.202638 0.584539 -0.404011 -0.738159 -0.540274 75 33 58
0.412922 0.170368 -0.195826 -0.944936 -0.325960 -0.029089 7 85 123
-0.906678 0.100951 0.637807 0.943692 -0.313094 -0.106854 247 87 113
0.038391 0.098592 -0.594594 0.934763 -0.349373 0.064471 246 82 135
-0.308407 0.147761 0.674255 -0.753795 -0.619495 -0.219133 31 48 99
0.055257 -0.126902 -0.858187 -0.568965 0.754761 -0.326519 54 223 85
0.156166 -0.111428 0.567547 -0.645116 0.171841 -0.744511 45 149 32
0.066363 0.173300 -0.718563 0.424902 -0.858706 0.286500 181 18 164
-0.197178 0.001077 0.386664 0.965949 0.017394 0.258148 250 129 160
0.201228 0.201489 0.328429 -0.305627 -0.828036 0.470052 88 21 187
-0.267924 -0.123075 0.607647 0.673521 0.319713 -0.666448 213 168 42
-0.397518 0.143878 0.723018 -0.404204 -0.227559 -0.885910 75 98 14
-0.194194 0.014194 -1.001969 0.914494 -0.134215 0.381691 244 110 176
0.162007 -0.233226 -0.635198 -0.164976 0.966612 0.196074 106 250 152
0.210383 0.136684 -0.194099 0.550733 -0.434355 0.712761 197 72 218
0.270527 -0.167327 0.383734 -0.838193 0.445296 -0.314870 20 184 87
-0.540620 0.090776 0.538833 -0.454590 -0.794328 -0.402978 69 26 76
-0.026098 -0.132093 -0.792894 0.491681 0.860334 0.134445 190 237 144
0.343621 -0.165126 -0.003055 -0.548985 0.484032 0.681417 57 189 214
-0.396530 -0.200369 0.479199 0.464857 0.447078 -0.764218 186 184 30
0.266921 0.279139 -0.623660 -0.374625 -0.796275 0.474977 79 25 188
-0.555398 0.118469 0.633408 0.391732 -0.837639 -0.380666 177 20 78
-0.373622 -0.105365 -0.455451 0.893660 0.338326 0.294800 241 170 165
-0.535345 0.272984 0.390879 -0.121623 -0.875902 0.466908 111 15 187
0.293780 -0.129480 0.237166 -0.716005 0.697924 0.015464 36 216 129
0.067417 -0.048204 -1.029566 0.538203 0.003528 0.842808 196 127 234
-0.659536 -0.117098 0.614151 0.700711 0.338352 -0.628110 216 170 47
-0.035290 0.005812 -0.566980 0.567259 -0.118594 0.814956 199 112 231
0.162426 0.172144 -0.652023 -0.124723 -0.754965 -0.643795 111 31 45
0.146935 -0.085960 -0.820307 -0.068468 0.952393 0.297085 118 248 165
-0.408447 -0.077288 0.593183 0.810355 0.584521 -0.040752 230 202 122
0.201845 -0.176004 0.057346 0.148380 0.624323 -0.766945 146 207 29
-0.165917 -0.300381 0.425822 0.123933 0.748306 0.651674 143 222 210
0.174026 0.035142 0.017296 0.708482 0.028351 -0.705159 217 131 37
-0.587773 0.061551 0.573069 -0.447172 -0.714781 -0.537704 70 36 58
0.007413 0.325700 -0.554238 0.701692 -0.666075 0.252930 216 42 159
0.294715 0.180062 0.490244 -0.850190 -0.477300 -0.222174 19 66 99
0.254442 -0.310707 -0.873128 -0.449197 0.719837 0.529204 70 219 194
0.041155 0.155068 -0.634603 0.688729 -0.651428 -0.318269 215 44 86
0.210706 -0.251968 -0.862545 -0.444448 0.820566 0.359356 70 232 173
-0.091513 -0.030633 0.672748 -0.668861 0.118522 -0.733878 42 142 33
0.175377 -0.047260 0.503624 -0.990589 -0.011216 -0.136409 1 126 110
-0.157215 0.245746 0.288049 -0.249979 -0.568977 0.783438 95 54 227
-0.533713 0.217994 0.339552 0.382418 -0.552004 0.740977 176 57 221
0.270702 0.033781 -0.287929 -0.681091 -0.003312 -0.732192 40 127 34
-0.297600 0.046658 0.674572 -0.607294 -0.173329 -0.775339 50 105 28
0.285634 0.044353 -0.567550 -0.024549 -0.146229 0.988946 124 108 253
0.286717 -0.227814 -0.321947 0.449006 0.775576 -0.443708 184 226 70
-0.174367 0.194112 0.544693 -0.155476 -0.859246 0.487364 107 17 189
0.198756 -0.182975 0.372820 0.074485 0.534133 -0.842113 136 195 20
0.110923 0.051764 -0.902240 -0.649916 -0.286643 0.703878 44 90 217
-0.577434 -0.158923 0.408370 -0.422657 0.841443 -0.336651 73 234 84
0.267607 -0.235210 0.407771 -0.274310 0.954165 0.119677 92 249 142
0.067216 0.087852 0.587973 -0.666949 -0.533691 -0.519954 42 59 61
-0.091979 -0.019752 0.464648 0.658201 -0.752522 -0.021966 211 31 124
-0.252802 0.105023 0.542951 -0.577947 -0.790399 -0.203095 53 26 101
0.308145 -0.085435 -0.273909 0.095661 0.598616 -0.795304 139 203 26
-0.586237 0.157997 0.549215 -0.030529 -0.897170 0.440629 123 13 183
0.178360 -0.171541 -0.675249 0.013395 0.644065 0.764854 129 209 225
0.153258 -0.149444 0.463806 0.225986 0.433571 -0.872322 156 182 16
-0.858027 -0.024049 0.600889 0.939219 0.100631 -0.328241 247 140 85
-0.069176 -0.334495 -1.010731 0.501584 0.691651 0.519646 191 215 193
0.108947 -0.087794 0.313794 0.572791 0.321292 -0.754110 200 168 31
0.253826 -0.047928 0.676252 -0.530525 0.064707 -0.845196 59 135 19
0.224495 -0.027027 0.434587 -0.985409 -0.071437 -0.154483 1 118 107
-0.135428 0.122739 -0.764792 0.750476 -0.486876 -0.446920 223 65 70
0.095800 -0.001396 -0.713638 0.829366 -0.234068 0.507310 233 97 192
0.252889 0.086470 0.472400 -0.840322 -0.516921 -0.163252 20 61 106
0.020403 0.215058 0.591775 0.104285 -0.767208 -0.632864 140 29 46
0.508088 0.148250 -0.168698 -0.919904 -0.391968 -0.011727 10 77 126
0.338671 0.006472 -0.203537 -0.980887 -0.181989 -0.068859 2 104 118
0.071075 0.130169 0.403679 -0.287984 -0.486659 0.824760 90 65 232
0.358494 0.097674 -0.179384 -0.764565 -0.420267 -0.488688 30 73 65
-0.106671 0.002840 0.486281 0.548591 0.282219 0.787020 197 163 227
0.257266 0.123577 -0.389657 -0.052811 -0.575572 -0.816044 120 54 23
0.036491 -0.280705 -0.218654 0.637750 0.523123 -0.565347 208 194 55
0.269735 0.126109 -0.062246 0.171205 -0.959303 0.224559 149 5 156
0.299699 -0.105338 0.300757 -0.743932 0.666460 0.048947 32 212 133
0.235787 0.282459 0.003809 0.030896 -0.911427 0.410300 131 11 179
-0.646113 0.036587 0.497026 0.978868 0.072822 0.191086 252 136 151
0.339463 0.095755 -0.016695 -0.763378 -0.571819 -0.300462 30 54 89
-0.892337 0.015867 0.613516 0.981030 0.175158 -0.083065 252 149 116
-0.703759 0.148695 0.447455 0.151410 -0.728542 0.668058 146 34 212
0.264568 0.280464 0.196392 -0.264834 -0.953692 0.142602 93 5 145
0.302983 -0.282412 -0.145726 -0.122555 0.757712 -0.640978 111 224 45
-0.043368 0.115938 0.583611 0.298935 -0.722658 -0.623221 165 35 48
-0.633676 -0.137301 0.453723 -0.161501 0.935228 0.315065 106 246 167
0.207372 0.147868 0.002492 -0.153393 -0.530902 0.833435 107 59 233
0.341268 0.148028 -0.006545 -0.721084 -0.658087 -0.216702 35 43 99
0.406446 -0.219480 0.305934 -0.775570 0.487445 -0.401109 28 189 76
0.353429 -0.224048 0.045956 -0.514326 0.857587 0.003695 61 236 127
0.184455 -0.186522 -0.606714 0.039927 0.890322 0.453578 132 241 185
-0.670922 -0.009006 0.598110 0.795122 0.282376 -0.536698 228 163 59
-0.388532 -0.132891 0.518274 0.900559 0.127499 -0.415616 242 143 74
0.409964 0.125019 -0.258972 -0.248148 -0.181583 0.951551 95 104 248
-0.031209 0.190821 0.624781 -0.554621 -0.437951 -0.707527 56 71 37
0.241143 -0.004191 0.061773 0.880858 0.026667 -0.472629 239 130 67
-0.531859 -0.326251 0.540313 0.124570 0.838624 -0.530275 143 234 59
-0.143282 -0.038593 0.490168 -0.428619 0.478789 0.766190 72 188 225
0.312553 0.087432 -0.018405 -0.875582 -0.095144 0.473608 15 115 187
0.273648 -0.120226 -0.336180 -0.673516 0.561109 -0.481179 41 199 66
0.017817 0.023940 -0.826024 0.556122 0.027023 0.830662 198 130 233
-0.283501 -0.216940 0.512125 -0.469047 0.764881 0.441533 67 225 183
0.380401 0.119563 0.208514 -0.834825 -0.341373 0.431893 21 83 182
0.128854 0.279166 0.650806 0.057255 -0.598955 -0.798734 134 51 25
0.310975 -0.104640 -0.018723 -0.642076 0.634834 -0.429795 45 208 72
0.204038 -0.049272 -0.487976 -0.624403 0.179012 -0.760313 47 150 30
0.169418 -0.183140 -1.007203 -0.441421 0.568931 0.693877 71 200 215
-0.005713 0.061978 0.546071 -0.694665 -0.163207 -0.700574 38 106 38
0.376174 -0.119450 -0.122787 -0.579417 0.346454 0.737730 53 171 221
0.204371 -0.167369 0.160021 0.028625 0.723240 -0.690004 131 219 39
0.317371 -0.078838 0.310070 -0.958980 0.168684 -0.227823 5 149 98
0.003433 -0.075858 0.658315 -0.913456 0.387439 -0.124455 11 176 111
-0.728486 0.012455 0.453004 0.955456 0.122414 0.268549 249 143 161
0.359732 0.036830 -0.258425 -0.646843 -0.119445 0.753211 45 112 223
-0.146091 0.237422 0.532446 -0.057387 -0.981725 0.181446 120 2 150
0.127163 0.080347 -0.300789 0.751880 -0.410985 -0.515528 223 75 61
-0.767541 0.188498 0.546988 0.493398 -0.808843 0.319894 190 24 168
-0.050294 -0.285855 0.429879 0.437778 0.899059 -0.006531 183 242 126
-0.376756 0.225704 0.309695 0.537157 -0.806407 0.247326 195 24 159
0.262418 -0.065570 0.210668 -0.253305 -0.103388 -0.961846 95 114 4
-0.669759 -0.182956 0.701764 0.116646 0.769830 -0.627499 142 225 47
0.038318 0.180388 -0.660489 0.763169 -0.537930 0.358055 224 58 173
0.009029 -0.055869 0.482152 0.686875 0.527562 -0.499882 215 194 63
-0.474616 0.088011 0.564505 -0.030338 -0.683219 0.729583 123 40 220
0.201659 -0.130370 0.624538 -0.048235 0.303877 -0.951489 121 166 6
0.339743 -0.138415 0.125050 -0.133040 0.504389 -0.853166 110 191 18
0.002569 0.134784 0.599206 -0.817904 -0.539215 0.200699 23 58 153
0.033112 0.216885 0.470077 -0.019715 -0.996839 -0.076957 124 0 117
-0.137132 -0.118581 0.547742 -0.277514 0.859754 -0.428730 92 237 72
0.227877 0.188774 -0.659862 -0.550620 -0.681063 0.482670 57 40 189
-0.172255 -0.276670 0.664928 -0.547897 0.716301 -0.432113 57 218 72
-0.552006 -0.189036 0.636890 0.332420 0.936230 0.113887 169 246 142
0.049493 -0.042688 -0.774066 0.810731 -0.014599 0.585237 230 125 202
0.302123 -0.184540 0.256014 -0.528234 0.848235 0.038287 60 235 132
0.260074 0.284787 -0.302138 -0.136381 -0.974327 0.179131 110 3 150
-0.001942 0.009435 -0.651976 0.417517 -0.003969 -0.908660 180 126 11
0.114965 -0.010098 -0.599285 0.952861 -0.296300 0.065289 248 89 135
-0.418229 0.089369 0.637649 0.713823 -0.252018 -0.653409 218 95 44
0.186639 -0.007230 -0.836711 -0.944846 0.326689 -0.023232 7 169 124
0.132463 0.052464 -0.775968 0.582500 -0.226409 0.780661 201 98 227
-0.266458 0.158546 0.617914 -0.565945 -0.566528 -0.598959 55 55 51
-0.405587 0.423252 0.600431 0.607416 -0.739770 -0.289459 204 33 90
-0.602794 0.031544 0.543521 -0.993609 -0.104605 0.042405 0 114 132
0.148902 0.233013 0.329799 0.262338 -0.906539 0.330705 160 11 169
0.141899 0.021240 0.673302 -0.561514 -0.109116 -0.820241 55 113 22
0.409261 0.122056 -0.746366 -0.907906 -0.398575 0.129784 11 76 144
0.037477 -0.305669 -0.849609 0.301808 0.892146 0.336136 165 241 170
0.457009 0.103137 -0.418148 -0.893088 -0.089021 0.440988 13 116 183
-0.434508 -0.043213 0.463252 0.974097 0.225937 0.009405 251 156 128
0.286900 -0.164562 0.611002 -0.613820 0.417682 -0.669901 49 180 42
-0.006211 -0.093186 0.195413 -0.612028 0.459293 0.643794 49 186 209
-0.372633 0.250831 0.556994 -0.086434 -0.913414 0.397748 116 11 178
-0.137359 -0.178808 0.482104 -0.041567 0.734742 0.677072 122 221 213
0.181109 0.242076 0.176337 0.637239 -0.544584 -0.545302 208 58 57
-0.603229 -0.185502 0.503443 0.843064 0.520064 -0.137032 234 193 110
-0.516977 -0.000158 0.599964 -0.580721 0.105595 -0.807225 53 140 24
0.194019 -0.205361 0.424597 -0.046480 0.850088 -0.524586 121 235 60
0.132592 -0.178313 -0.760819 -0.100009 0.988077 -0.117056 114 253 112
-0.035436 0.100402 -0.794986 0.968115 -0.160016 0.192741 250 107 152
-0.507976 -0.236762 0.587349 0.684915 0.706850 -0.176789 214 217 104
0.344546 0.226264 -0.761370 -0.395721 -0.737101 0.547802 77 33 197
0.078227 0.038363 -0.115763 0.422363 -0.182624 0.887839 181 104 240
0.362735 0.186255 0.121187 -0.748522 -0.632258 0.199912 32 46 152
0.432547 0.071117 -0.143206 -0.869194 -0.395504 0.296780 16 77 165
0.035447 0.223501 -0.783299 0.299451 -0.842437 0.447917 165 20 184
0.309458 -0.050758 -0.296653 -0.299151 0.728117 -0.616729 89 220 48
0.225987 -0.130105 -0.454995 -0.040283 0.963797 -0.263575 122 250 93
-0.289487 0.187251 0.611226 0.881596 -0.471561 -0.020466 239 67 124
-0.337606 -0.285030 0.528103 -0.134407 0.974884 0.177584 110 251 150
0.263243 -0.257721 -0.383810 -0.093921 0.989268 0.111923 115 253 141
0.307765 -0.158173 -0.300587 -0.783810 0.527113 0.328319 27 194 169
-0.203820 0.044250 0.350791 -0.075996 -0.331333 0.940448 117 85 247
0.379767 -0.077360 -0.099091 -0.350637 0.442090 -0.825597 82 183 22
0.174887 0.290599 0.498589 -0.326731 -0.871319 -0.366128 85 16 80
0.159699 -0.042863 -0.898115 -0.982508 0.186217 0.001049 2 151 127
-0.533113 0.136655 0.358323 -0.388599 -0.731204 0.560653 77 34 198
-0.428284 0.240649 0.484117 0.551734 -0.833397 -0.032234 197 21 123
-0.623902 0.118816 0.464536 0.775510 -0.315026 0.547122 226 87 197
0.325693 -0.017274 -0.045579 -0.777840 0.087196 0.622384 28 138 206
-0.739683 0.248672 0.554828 0.605358 -0.698211 -0.382156 204 38 78
0.101679 -0.155332 0.172713 0.584942 0.541292 0.604025 202 196 204
0.357118 0.208243 -0.484156 -0.811555 -0.571226 -0.122799 24 54 111
0.282434 0.117248 -0.840092 -0.950962 -0.300997 -0.071225 6 89 118
-0.070738 0.188008 0.611308 -0.475657 -0.670798 -0.569017 66 41 54
-0.325270 -0.186983 0.594449 0.381137 0.922151 -0.066119 176 245 119
0.236352 0.248380 0.090005 -0.123336 -0.914824 0.384558 111 10 176
0.135060 -0.056781 -0.466143 0.955903 0.193289 -0.221107 249 152 99
-0.707880 -0.246468 0.455911 0.371339 0.923401 0.097150 174 245 139
-0.430352 -0.189125 0.337670 -0.084368 0.747723 0.658629 116 222 211
0.243373 0.157944 -0.452287 -0.263652 -0.698288 0.665493 93 38 212
0.113740 0.154975 -0.307094 0.555906 -0.811858 -0.178482 198 23 104
0.450211 0.116931 -0.482040 -0.928623 -0.250687 0.273522 9 95 162
0.106815 0.040823 -0.895579 0.129627 -0.325051 0.936770 144 86 246
-0.012467 0.177919 0.665370 0.332702 -0.423575 -0.842552 169 73 20
0.374540 -0.256976 -0.241182 -0.736575 0.676132 -0.017369 33 213 125
-0.397154 0.122472 0.548340 -0.726401 -0.661023 -0.188125 34 43 103
0.174819 0.107154 -0.543048 0.771761 -0.628555 0.096457 225 47 139
-0.457677 -0.182654 0.572458 0.270345 0.955555 0.117595 161 249 142
0.148331 -0.125703 0.659980 -0.617724 0.333166 -0.712332 48 169 36
0.240522 0.206730 0.489076 -0.261215 -0.801343 -0.538160 94 25 58
-0.134809 0.207832 0.527278 -0.780029 -0.605517 0.157808 28 50 147
0.323155 -0.095243 -0.157103 -0.363230 0.431754 -0.825623 81 182 22
0.202691 0.029805 -0.075150 0.865354 0.117174 -0.487270 237 142 65
0.177453 -0.150069 -1.030167 -0.339127 0.659353 0.671004 84 211 213
0.141023 -0.251225 -1.015285 0.022142 0.659035 0.751786 130 211 223
0.158919 0.060079 -0.725768 -0.991964 -0.014499 -0.125686 1 125 111
0.055509 0.116587 -0.883038 0.127591 -0.754851 0.643367 143 31 209
-0.297546 -0.190435 0.590251 -0.608885 0.789229 -0.079850 49 228 117
0.264976 -0.076501 -0.758519 -0.767852 0.148498 0.623179 29 146 206
0.315566 -0.097708 -0.131180 0.930689 0.335359 -0.146126 246 170 108
-0.787032 -0.146666 0.691768 0.689569 0.317046 -0.651135 215 167 44
-0.518011 -0.144789 0.433936 -0.198651 0.414467 0.888119 102 180 240
-0.578075 -0.123498 0.632897 -0.638919 0.631879 -0.438761 46 208 71
0.159248 0.137372 -0.617660 0.213312 -0.675682 -0.705657 154 41 37
0.296319 0.249495 -1.031136 -0.758829 -0.509150 0.406134 30 62 179
-0.410460 0.095865 0.735834 0.208817 -0.522580 -0.826623 154 60 22
0.421758 0.008948 -0.006779 -0.987296 -0.151917 -0.046551 1 108 121
0.314474 0.008039 0.164403 -0.615678 0.527070 -0.585779 49 194 52
0.256260 0.089122 -0.039635 0.433989 -0.147842 0.888705 182 108 240
0.147571 -0.199133 -0.326377 -0.158662 0.964876 -0.209381 107 250 100
0.321763 0.112601 -0.001425 -0.533620 -0.786615 -0.310624 59 27 87
0.348392 -0.065047 0.387813 -0.960319 0.150416 0.234868 5 146 157
-0.863715 -0.155272 0.562324 0.895947 0.419577 -0.145722 241 180 108
-0.718551 -0.005724 0.558050 -0.162023 -0.011445 0.986721 106 126 253
0.290778 0.174657 -0.412655 0.025183 -0.848716 -0.528249 130 19 60
0.431224 0.061855 0.099003 -0.978347 -0.031641 0.204537 2 123 153
0.239783 0.263804 -0.737731 -0.275151 -0.687229 0.672316 92 39 213
0.067338 -0.082156 0.465517 0.695315 0.399246 -0.597612 216 178 51
-0.534148 -0.155064 0.598515 0.492773 0.846071 -0.203318 190 235 101
0.257556 0.070054 -0.524695 0.198123 -0.610143 -0.767120 152 49 29
-0.520296 0.303102 0.481929 0.575248 -0.773483 -0.266108 200 28 93
-0.634938 -0.174010 0.506470 -0.290536 0.721698 0.628284 90 219 207
0.135489 -0.220543 -0.661545 0.029497 0.993957 0.105735 131 254 140
0.107880 0.139736 -0.586837 0.536055 -0.823754 0.184594 195 22 151
-0.014612 -0.326459 0.613979 -0.100205 0.831851 -0.545879 114 233 57
-0.753785 -0.187058 0.463546 0.790556 0.566167 0.233400 228 199 157
-0.355120 0.119066 0.501745 -0.918511 -0.363348 -0.155935 10 81 107
0.336750 -0.209840 -0.278431 -0.502735 0.848804 0.163676 63 235 148
0.385515 -0.078064 -0.618351 -0.993379 0.105090 -0.046407 0 140 121
-0.275591 -0.101167 0.700227 0.567868 0.285308 -0.772092 199 163 29
0.339795 0.032963 0.402393 -0.472815 -0.095383 -0.875984 67 115 15
0.013955 -0.197712 -0.073822 0.263201 0.698170 0.665795 161 216 212
-0.202376 0.075121 0.675105 0.798259 -0.135694 -0.586830 229 110 52
0.453064 -0.096874 -0.490291 -0.842808 0.172890 0.509691 20 149 192
-0.228428 0.031313 0.199365 0.975114 -0.033309 0.219189 251 123 155
0.147338 0.018381 0.129182 0.975796 -0.215233 -0.038698 251 100 122
-0.174328 0.194922 0.002457 0.546768 -0.800991 -0.243841 197 25 96
-0.237343 -0.066244 0.504121 -0.946710 0.273800 0.169627 6 162 149
0.482543 -0.220538 -0.100328 -0.224457 0.972790 -0.057439 98 251 120
0.174501 -0.287106 -0.671359 -0.197393 0.979994 0.025462 102 252 130
0.159188 0.033284 -0.770688 0.769024 0.100613 0.631252 225 140 207
-0.717472 -0.019551 0.517346 0.958001 0.156661 -0.240189 249 147 96
-0.424729 -0.131440 0.572218 0.322664 0.738518 -0.592013 168 221 52
0.315013 -0.122005 0.523919 -0.759715 0.304069 -0.574783 30 166 54
0.336356 0.067723 0.315440 -0.725635 -0.018654 -0.687827 34 125 39
0.224748 0.131665 -0.497475 -0.127625 -0.416136 0.900301 111 74 242
-0.033538 0.137119 0.393631 0.880706 -0.468786 0.067792 239 67 136
-0.587020 -0.150169 0.583323 0.289090 0.957138 0.017724 164 249 129
-0.433590 0.270914 0.538746 0.315783 -0.948639 0.019121 167 6 129
-0.470231 0.268533 0.288857 0.129601 -0.890937 0.435241 144 13 182
0.052075 -0.103780 0.765763 -0.477575 0.296191 -0.827160 66 165 22
-0.849665 -0.193761 0.177340 0.624193 0.457587 0.633244 207 185 208
-0.489791 -0.283394 0.450732 0.661958 0.693602 0.284128 211 215 163
-0.315297 -0.198698 0.622241 -0.466024 0.881447 -0.076636 68 239 117
-0.001890 -0.257921 -0.835449 0.560814 0.774874 0.291646 199 226 164
0.098996 0.171005 -0.883691 0.122777 -0.540233 0.832511 143 58 233
0.252211 0.143153 -0.366333 -0.592405 -0.244185 0.767744 51 96 225
-0.669657 0.182690 0.540869 0.168296 -0.974211 0.150296 148 3 146
0.286073 -0.131765 0.072213 0.462865 0.751516 0.470085 186 223 187
-0.465041 -0.283865 0.192895 0.027303 0.966064 0.256856 130 250 160
0.341830 -0.024242 -0.165230 -0.084915 -0.076920 0.993415 116 117 254
-0.470206 0.284589 0.295347 0.160038 -0.976074 0.147201 147 3 146
0.294131 -0.295675 0.379011 -0.589247 0.802607 0.092791 52 229 139
-0.090210 0.194002 0.542162 -0.153467 -0.985544 0.071767 107 1 136
0.158795 -0.347498 -0.024432 -0.169067 0.954884 0.244157 105 249 158
-0.094582 -0.050430 0.663890 -0.284994 0.427732 -0.857802 91 182 18
0.304714 -0.169647 -0.658325 -0.654986 0.459205 0.600103 43 186 204
0.080522 -0.001093 -0.986670 0.001044 0.267802 0.963474 127 161 250
-0.592522 -0.145616 0.462545 0.488531 0.657290 0.573854 189 211 200
0.261274 0.104044 -0.238207 -0.825329 -0.487575 -0.284785 22 65 91
-0.003598 -0.096891 0.667816 -0.332311 0.135960 -0.933319 85 144 8
0.170564 0.190120 -0.266438 -0.710414 -0.703767 0.004895 36 37 128
0.111758 0.102047 0.522264 -0.968721 -0.245481 0.036318 3 96 132
0.317228 0.230552 -0.055960 0.106383 -0.976731 0.186225 141 2 151
-0.363911 0.204978 0.621804 0.533072 -0.740444 -0.409362 195 33 75
0.158207 0.048198 -0.443181 0.897521 -0.360676 -0.253711 241 81 95
-0.239997 0.021729 0.469800 -0.951190 -0.007978 -0.308503 6 126 88
0.038275 -0.113927 -0.730455 0.702116 0.634374 -0.323422 217 208 86
0.424558 0.113185 0.435299 -0.862704 -0.260517 -0.433442 17 94 72
-0.141143 0.073743 0.439136 -0.647483 -0.257193 0.717368 44 94 218
0.288788 -0.137583 -0.156152 -0.710703 0.652121 0.263892 36 210 161
-0.040940 -0.183847 0.559515 0.631683 0.449578 -0.631551 208 184 46
-0.011973 0.095943 -0.923685 0.223617 -0.369689 0.901846 156 80 242
0.366318 -0.174327 -0.421397 -0.658615 0.524447 0.539613 43 194 196
0.314510 -0.129869 0.431730 -0.795662 0.571550 -0.200629 26 200 101
-0.224188 0.073704 0.419139 0.514277 -0.186383 -0.837126 193 103 20
-0.043280 -0.110842 -0.880389 0.670878 0.316551 0.670610 213 167 213
0.003008 0.093595 0.540685 -0.939515 -0.338977 -0.049057 7 84 121
-0.540212 0.255561 0.617516 0.221477 -0.806514 -0.548163 155 24 57
0.274369 -0.008147 -0.726614 -0.845774 -0.006487 0.533502 19 126 195
0.113610 -0.098459 -0.850845 -0.284555 0.108020 0.952555 91 141 248
0.228694 0.228358 -0.021518 0.593316 -0.715481 0.368867 203 36 174
-0.561145 0.221575 0.413618 0.400805 -0.800441 0.445701 178 25 184
-0.148610 -0.085030 0.656662 0.183626 0.313892 -0.931533 150 167 8
-0.010949 -0.243386 -0.037779 0.356347 0.676930 0.644036 172 213 209
-0.014726 0.121611 -0.769795 0.896153 -0.438555 0.067674 241 71 136
0.070416 0.142802 -0.777318 0.011935 -0.901074 0.433501 129 12 182
0.213118 -0.155326 -0.065099 -0.523100 0.773225 0.358455 60 226 173
-0.527977 0.081954 0.675363 0.515330 -0.217463 -0.828942 193 99 21
0.245792 0.211330 -0.697247 -0.688644 -0.697454 0.198311 39 38 152
-0.031595 -0.320985 0.658547 -0.350354 0.778176 -0.521244 82 226 61
0.077266 -0.237862 -0.634328 0.460655 0.832560 -0.307638 186 233 88
0.130753 0.037504 0.498441 0.699542 -0.194555 -0.687597 216 102 39
0.130843 0.098530 -0.822697 -0.536330 -0.734638 -0.415521 59 33 74
0.103710 0.298112 0.578697 -0.356189 -0.930139 -0.089277 82 8 116
0.361364 -0.081575 -0.207890 -0.691414 0.489993 0.530900 39 189 195
0.164285 -0.105918 -0.841663 -0.068561 0.541262 0.838054 118 196 234
-0.691300 -0.122416 0.309320 0.710613 0.376367 0.594456 218 175 203
0.022541 -0.141455 -0.882339 0.682171 0.514836 0.519217 214 193 193
0.117922 -0.111395 -0.745937 0.075299 0.994324 -0.075164 137 254 117
0.104817 -0.036235 -0.381724 0.822845 0.105131 -0.558456 232 140 56
0.022117 -0.087620 0.530511 -0.825139 0.212196 -0.523563 22 154 60
0.174608 0.035395 -0.302705 -0.616202 0.016444 -0.787417 48 129 27
-0.030689 -0.204473 -1.014504 0.371042 0.681753 0.630509 174 214 207
0.195477 0.094974 -0.097075 0.493949 -0.501446 0.710328 190 63 218
-0.335406 -0.072521 0.421552 0.283330 0.354852 0.890957 163 172 241
0.164412 0.374469 0.296495 0.261711 -0.913183 -0.312417 160 11 87
-0.662782 0.360455 0.439611 0.433994 -0.850692 -0.296601 182 19 89
0.272079 -0.208555 -0.391125 0.246652 0.493353 0.834126 158 190 233
0.388756 0.047655 0.215521 -0.799319 -0.236452 -0.552431 25 97 57
-0.865876 -0.057104 0.654778 0.851296 0.230864 -0.471165 236 156 67
-0.021913 -0.079355 0.518509 0.712293 0.223162 -0.665461 218 155 42
0.081998 0.247757 0.336492 -0.357040 -0.872741 0.332935 81 16 169
-0.151414 0.049179 -0.869137 0.864979 -0.024010 -0.501234 237 124 63
0.016883 -0.123182 0.434200 0.756096 0.649731 0.078536 223 210 137
0.241640 -0.153624 0.420797 -0.794983 0.551936 0.251731 26 197 159
-0.287915 -0.112654 0.334812 -0.518185 0.845188 0.130927 61 235 144
-0.083170 0.023270 -0.898758 0.874823 -0.350488 0.334429 239 82 170
-0.022804 0.118574 -1.069621 0.117736 -0.245191 0.962299 142 96 250
0.473239 0.096757 -0.286688 -0.943516 -0.237359 -0.231169 7 97 98
0.323263 0.070661 -0.748576 -0.878939 -0.426118 0.214220 15 73 154
-0.486873 -0.000583 0.692791 -0.926929 -0.101119 -0.361355 9 114 81
0.269746 0.001330 -0.900589 -0.944211 0.111002 0.310070 7 141 167
-0.550821 -0.096933 0.349857 -0.822912 0.548674 0.147560 22 197 146
0.238180 -0.241686 -0.500323 -0.194117 0.721572 0.664569 102 219 212
0.084430 0.051372 0.436062 -0.392246 -0.919808 -0.009791 77 10 126
0.169617 0.018787 -0.522181 -0.195622 0.161286 -0.967326 102 148 4
0.154705 0.140700 -0.911191 -0.591649 -0.597941 0.540757 52 51 196
-0.242080 0.129249 0.503092 -0.020107 -0.984444 0.174544 124 1 149
0.083588 -0.221768 -0.838585 0.337957 0.934150 0.114670 170 246 142
0.146022 -0.057080 -0.498796 0.531891 0.803056 -0.268688 195 229 93
-0.542053 0.121258 0.667136 -0.132836 -0.337028 -0.932077 110 84 8
0.123032 0.309918 -0.809075 -0.054325 -0.865402 0.498125 120 17 191
-0.160474 -0.163801 -1.146764 0.488526 0.280195 0.826337 189 163 232
-0.661186 0.184355 0.498493 0.248770 -0.949406 -0.191682 159 6 103
-0.010599 -0.116977 0.091765 0.205257 0.290234 0.934684 153 164 246
0.070749 0.192848 -0.821656 0.143616 -0.943912 -0.297328 145 7 89
0.022268 0.207444 0.414400 0.629655 -0.745667 -0.217979 207 32 99
0.253445 -0.271352 -0.868303 -0.694866 0.688082 0.209056 38 215 154
-0.105415 0.011449 -0.965347 0.958710 -0.046169 0.280613 249 121 163
0.072093 -0.060029 -0.943454 0.295575 -0.058044 0.953555 165 120 249
-0.168078 -0.262535 0.526861 -0.067291 0.990104 0.123153 118 253 143
-0.351113 -0.077283 0.652635 -0.792935 0.215812 -0.569806 26 155 54
0.154706 -0.076783 -0.949339 0.364062 0.669114 0.647878 173 212 210
-0.666995 0.217425 0.574532 0.000102 -0.976281 -0.216505 127 3 99
0.125161 0.206099 0.409372 -0.486830 -0.714822 -0.502022 65 36 63
0.221021 -0.020694 -0.871431 -0.928975 0.088281 0.359460 9 138 173
0.164382 0.222010 -0.099775 0.519947 -0.560580 0.644520 193 56 209
0.049231 0.263478 -0.466369 0.377331 -0.892436 0.247346 175 13 159
0.223842 -0.047911 -0.233631 0.907231 -0.150034 -0.392965 243 108 77
0.278747 0.173649 -0.837046 -0.475386 -0.500403 0.723606 66 63 219
0.181406 0.257566 0.311170 0.147951 -0.892702 0.425669 146 13 181
0.087653 -0.117774 -0.708808 0.466421 0.615631 0.635177 186 205 208
0.028670 0.061150 -0.825540 0.590782 -0.332898 -0.734952 202 85 33
0.294402 -0.257643 -0.220443 -0.537041 0.789358 -0.297492 59 228 89
0.150528 -0.032023 0.432444 -0.169034 0.894000 -0.414960 105 241 74
-0.402003 -0.258519 0.494467 -0.015174 0.992333 -0.122661 125 254 111
0.077842 0.235021 0.338338 -0.339995 -0.651077 0.678603 84 44 214
-0.723283 -0.200026 0.286466 0.499781 0.614805 0.610109 191 205 205
-0.293331 0.237699 0.528347 -0.754186 -0.625572 0.199657 31 47 152
0.302872 0.055586 0.174684 -0.131684 -0.264812 -0.955267 110 93 5
0.138573 -0.026794 -0.944559 -0.389742 -0.010940 0.920859 77 126 244
0.204553 -0.078271 -0.850087 0.188348 0.369993 0.909742 151 174 243
0.022822 0.068038 -0.775934 0.875357 -0.480406 0.054409 239 66 134
-0.369211 0.283667 0.534091 0.769194 -0.560139 -0.307545 225 56 88
0.256915 -0.028507 -0.066425 0.791443 -0.604248 0.092208 228 50 139
0.232636 0.072369 -0.898565 -0.983637 -0.164929 -0.072500 2 106 118
0.287313 0.064967 0.080830 0.396524 -0.861887 -0.316100 178 17 87
0.228593 0.081947 -0.577576 -0.134309 -0.501689 0.854558 110 63 236
-0.560545 -0.207931 0.531155 0.032297 0.850139 -0.525567 131 235 60
0.162481 0.127363 -0.929858 -0.260429 -0.873083 0.412193 94 16 180
0.254570 -0.215618 0.591512 -0.707918 0.508949 -0.489719 37 192 65
0.121932 -0.154015 0.458330 -0.656442 0.744803 -0.119800 43 222 112
0.234050 0.122710 -0.523123 -0.423912 -0.642331 -0.638522 73 45 46
-0.573609 0.014258 0.571601 0.120598 0.369806 -0.921249 142 174 10
0.129369 -0.083741 -0.264140 0.721154 0.579175 -0.380122 219 201 79
-0.562881 0.131088 0.608415 -0.663303 -0.676605 -0.319741 42 41 86
0.321465 -0.035948 -0.198815 -0.981222 0.128973 0.143421 2 143 145
-0.687655 0.215591 0.468937 0.544293 -0.743694 0.388156 196 32 176
0.013913 -0.034479 0.557616 -0.018850 0.408453 -0.912585 125 179 11
-0.454004 0.072061 0.504373 -0.608545 -0.181953 0.772377 49 104 225
0.223635 -0.101623 -0.678211 -0.469521 0.840333 0.270908 67 234 162
-0.082001 0.016932 0.453797 0.983817 -0.111004 0.140647 252 113 145
0.219739 -0.084190 -0.227025 0.465839 0.796744 -0.384958 186 229 78
-0.543609 -0.076531 0.575437 0.878760 0.125458 -0.460480 239 143 68
-0.570892 -0.126370 0.569397 0.589629 0.482935 -0.647389 202 189 44
-0.020525 -0.079774 -0.588389 -0.351360 0.553584 0.755044 82 198 223
-0.381190 -0.104139 0.616636 -0.678527 0.493459 -0.544151 40 190 58
-0.472389 0.081297 0.627912 -0.007823 0.125412 -0.992074 126 143 1
0.339207 -0.154111 0.288388 -0.774013 0.626270 -0.093220 28 207 115
0.355515 -0.201360 -0.213990 -0.758942 0.623991 0.186124 30 207 151
0.262155 -0.058853 0.565583 -0.356003 0.138549 -0.924157 82 145 9
0.183706 -0.079484 0.366214 -0.342437 0.671816 0.656811 83 213 211
-0.091077 0.129328 -1.054844 0.866589 -0.221525 0.447159 237 99 184
0.292771 -0.032763 0.152601 -0.978914 0.078188 0.188719 2 137 151
0.284669 0.212189 0.055272 0.141937 -0.983996 -0.107729 145 2 113
0.059177 -0.309253 0.548145 -0.148150 0.976402 -0.157135 108 251 107
0.116141 0.107437 -0.839976 0.117284 -0.375332 0.919440 142 79 244
0.083379 -0.418272 -0.853668 0.295923 0.885312 0.358681 165 240 173
-0.285256 0.028896 0.443961 0.644907 -0.396256 0.653510 209 76 210
0.098864 -0.053240 0.531362 -0.495463 0.138203 -0.857564 64 145 18
-0.664531 0.170524 0.463725 -0.191006 -0.978016 0.083678 103 2 138
0.098341 -0.155296 -0.763249 0.007033 0.882787 0.469721 128 240 187
0.320346 -0.240546 -0.640239 -0.575693 0.816601 0.041715 54 231 132
0.017961 -0.075798 0.473132 0.728152 -0.037831 -0.684371 220 122 40
0.322239 -0.196753 -0.255700 -0.418336 0.569416 -0.707644 74 200 37
0.252321 0.251018 0.029570 0.254161 -0.837479 -0.483768 159 20 65
-0.444598 -0.203139 0.637592 -0.503342 0.862417 -0.053693 63 237 120
0.302739 0.249604 -0.729580 -0.756213 -0.618908 0.212356 31 48 154
0.230944 -0.220667 0.484078 -0.468940 0.739936 -0.482276 67 221 66
0.269912 0.015040 0.311932 0.396257 -0.068578 -0.915575 178 118 10
-0.144638 -0.092001 0.694083 0.101514 0.454311 -0.885040 140 185 14
0.150469 0.057284 -1.083264 -0.278714 -0.075247 0.957422 91 117 249
0.449576 -0.177549 -0.372257 -0.841871 0.500758 -0.201233 20 191 101
-0.144546 0.285635 0.795554 -0.287416 -0.566463 -0.772342 90 55 29
0.113312 0.088511 -0.788588 -0.055010 -0.929149 0.365590 120 9 174
0.085440 -0.233100 0.586525 -0.692311 0.719550 -0.054351 39 219 120
0.275378 -0.219279 -0.020078 -0.372965 0.808502 0.455215 79 230 185
0.290068 -0.144061 0.114383 0.234323 0.953547 0.189318 157 249 151
-0.394180 -0.104673 0.563029 -0.813022 0.469975 -0.343684 23 187 83
-0.109943 0.045844 -0.960209 0.905469 -0.072660 0.418147 242 118 180
-0.572955 0.016297 0.498996 0.994579 -0.055734 -0.087788 254 120 116
0.266507 0.113907 0.053666 -0.230504 -0.906735 0.353128 98 11 172
0.386434 -0.051322 -0.136996 -0.957715 0.072378 0.278467 5 136 163
-0.507341 -0.175888 0.441059 -0.396067 0.876321 -0.274213 77 239 92
0.479865 0.122683 -0.136051 -0.944714 -0.283316 -0.165069 7 91 106
0.163145 -0.242066 0.268426 -0.285574 0.958356 0.001459 91 249 127
0.202378 0.294485 -0.038565 0.238702 -0.883697 0.402618 157 14 178
0.305561 -0.147163 -0.704001 -0.885942 0.394850 -0.243309 14 177 96
0.235680 -0.008834 -0.562108 -0.914234 0.399049 -0.070259 10 178 118
-0.111366 -0.145420 0.353749 -0.200155 0.733579 0.649462 101 221 210
0.282087 0.002158 0.334840 0.170130 -0.085837 -0.981676 149 116 2
-0.254487 0.199103 0.396930 -0.269921 -0.774652 0.571889 93 28 200
0.029064 0.292239 0.469552 -0.244026 -0.919278 -0.308834 96 10 88
0.023892 0.238408 -0.758426 -0.077075 -0.991182 0.107789 117 1 141
0.207502 0.066803 0.236142 -0.238274 -0.727745 0.643127 97 34 209
0.187328 -0.100860 -0.920836 -0.829435 0.553064 -0.078469 21 198 117
0.209567 0.083264 -0.245598 0.138375 -0.836023 -0.530960 145 20 59
-0.510021 -0.070908 0.651589 0.879865 0.341882 -0.330081 239 171 85
-0.550985 -0.143011 0.568851 -0.230753 0.743284 -0.627919 98 222 47
0.153705 0.097447 0.452519 -0.452183 -0.228994 0.862028 69 98 237
0.390654 0.119223 -0.557133 -0.960819 -0.097622 0.259415 4 115 160
-0.555064 -0.111634 0.637760 -0.041063 0.582359 -0.811894 122 201 23
0.280858 0.056219 -0.664950 -0.873515 -0.342493 0.345933 16 83 171
-0.503892 0.253752 0.519052 0.191467 -0.930805 -0.311355 151 8 87
0.198594 -0.318939 -0.908085 -0.420992 0.712006 0.561972 73 218 199
0.213012 0.010289 -0.447823 0.981919 -0.079446 0.171822 252 117 149
0.162218 0.402272 -0.682966 0.108356 -0.924451 -0.365581 141 9 80
0.190438 0.217531 -0.343390 0.341103 -0.650372 -0.678723 170 44 40
0.026732 0.141555 -0.942338 0.569163 -0.772154 0.282546 200 29 163
-0.144267 -0.004103 -0.876532 0.921364 0.045211 -0.386064 244 133 78
0.294537 -0.014111 -0.613062 -0.994355 0.011025 -0.105527 0 128 114
0.285548 -0.052400 -0.241089 -0.912212 0.283401 0.295895 11 163 165
-0.435957 0.081338 0.487909 0.087435 -0.987148 -0.133772 138 1 110
-0.032515 -0.021006 -0.634354 0.984997 0.073829 -0.155981 253 136 107
0.188735 0.096409 -0.759901 -0.920523 -0.390617 -0.007419 10 77 126
0.247903 0.095391 0.410641 -0.883604 -0.348920 0.312246 14 83 167
-0.093784 0.060123 0.270427 -0.282046 -0.307210 0.908885 91 88 243
0.258121 0.013833 0.568796 -0.845087 0.068904 -0.530169 19 136 59
-0.208533 -0.095767 0.366609 0.949251 0.281778 0.139728 248 163 145
-0.749602 -0.113066 0.373089 0.684775 0.359342 0.634001 214 173 208
0.054313 -0.201336 0.605511 -0.870417 0.367696 -0.327374 16 174 85
0.044550 -0.077847 -0.880861 0.735312 0.672969 0.080179 221 213 137
0.005598 -0.158833 -0.381033 0.929667 0.291066 -0.225830 246 164 98
-0.726324 0.015667 0.598682 -0.838774 -0.443288 0.316153 20 70 167
0.209916 0.113878 -0.941214 -0.498915 -0.848490 -0.176488 63 19 104
0.232981 -0.242275 -0.964514 -0.641522 0.414900 0.645218 45 180 209
-0.703203 0.222570 0.457455 0.531818 -0.823619 0.197031 195 22 152
0.167419 -0.214302 -0.689357 -0.418240 0.867905 -0.267987 74 238 93
0.301543 -0.020034 -0.312969 -0.884170 0.464752 -0.047433 14 186 121
0.173883 -0.138717 -0.435804 -0.018010 0.743053 0.668991 125 222 212
0.168499 0.394797 0.519491 -0.315089 -0.923813 0.217460 87 9 155
0.233427 0.187710 0.002181 0.085154 -0.981120 0.173645 138 2 149
0.291313 -0.155365 -0.323040 -0.562525 0.810575 -0.162892 55 230 106
0.345714 -0.000024 -0.239716 -0.855535 0.096416 0.508689 18 139 192
0.088797 0.194120 0.542902 -0.253114 -0.964441 -0.076073 95 4 117
0.082004 -0.069952 0.709808 -0.134395 0.152263 -0.979160 110 146 2
0.164853 0.167228 -0.644445 -0.202283 -0.512084 -0.834776 101 62 21
0.101627 -0.332247 -0.891829 0.135602 0.928767 0.344971 144 245 171
0.286300 -0.066810 -0.087767 0.922595 0.364345 0.126771 245 173 143
0.005660 -0.312381 0.593727 0.163936 0.932840 -0.320833 148 246 86
0.061222 -0.053604 0.624378 -0.901022 0.162823 -0.402056 12 148 76
0.414233 -0.067189 -0.335321 -0.455469 0.358618 -0.814826 69 173 23
-0.361312 0.072042 0.497122 0.476016 -0.461112 0.748856 188 68 222
0.306162 0.208117 0.337246 -0.561685 -0.819047 -0.116927 55 23 112
-0.437665 -0.036609 0.648599 0.692778 0.434373 -0.575655 215 182 54
0.413403 0.102997 -0.256340 -0.843459 -0.499669 0.197250 19 63 152
0.442703 0.003880 -0.115223 -0.550712 0.087719 -0.830073 57 138 21
0.304163 -0.259636 -0.239461 0.449053 0.880493 0.151934 184 239 146
0.272496 0.202538 -0.797696 -0.439873 -0.884235 0.156969 71 14 147
0.119756 0.072985 0.001795 0.548725 -0.630931 0.548476 197 47 197
-0.380356 -0.015998 0.646271 0.805344 -0.111594 -0.582210 230 113 53
-0.100488 0.231453 0.432038 -0.294307 -0.886001 -0.358310 89 14 81
0.268436 -0.057950 -0.179748 -0.270682 0.269101 -0.924292 92 161 9
-0.342265 0.103696 0.552982 0.792536 -0.414411 -0.447381 228 74 70
0.111804 -0.115026 -0.702915 0.161235 0.906767 -0.389585 148 243 77
0.477158 0.161934 -0.270092 -0.952750 -0.268598 -0.141856 6 93 109
0.418580 -0.062779 -0.299121 -0.889475 0.215043 0.403227 14 154 178
0.396954 0.032704 0.113309 -0.956281 0.131453 -0.261242 5 144 94
-0.051250 0.286940 -0.280206 -0.215241 -0.783598 0.582791 100 27 201
0.364858 0.177696 -0.365525 -0.323174 -0.933513 -0.155280 86 8 107
0.379174 0.211897 -0.619097 -0.850074 -0.525145 0.039956 19 60 132
0.239492 -0.083197 -0.646673 -0.828543 0.215070 0.516974 21 154 193
0.318049 0.178979 0.190082 -0.672882 -0.666250 0.321466 41 42 168
0.119481 -0.144913 -0.665787 -0.006711 0.944366 0.328827 126 247 169
-0.113315 0.098030 0.715810 -0.434241 -0.407316 -0.803448 72 75 25
0.043747 -0.054927 -0.891920 0.497201 -0.050811 0.866147 190 121 237
-0.078352 -0.144215 0.554717 0.135112 0.602782 -0.786384 144 204 27
0.097698 -0.158492 0.575378 -0.666663 0.596888 0.446414 42 203 184
0.141393 -0.120499 -0.022499 0.966683 0.253357 0.036540 250 159 132
0.301788 0.052301 -0.452417 -0.391154 -0.692712 -0.605928 77 39 50
0.405671 -0.121711 -0.416107 -0.801598 0.592208 -0.082043 25 203 117
0.255478 0.163581 0.633035 -0.672455 -0.342923 -0.655902 41 83 43
0.369915 -0.166848 0.054035 -0.744151 0.510006 0.431431 32 192 182
0.134767 0.278467 -0.727597 -0.196893 -0.969798 -0.143959 102 3 109
-0.121234 -0.051470 0.661654 0.148338 0.182827 -0.971890 146 150 3
0.195945 0.096953 -0.360903 0.385361 -0.446646 -0.807468 176 70 24
0.349670 0.138928 0.109796 -0.700564 -0.556158 -0.447101 38 56 70
-0.156741 0.244155 0.305807 0.550948 -0.739989 0.385840 197 33 176
0.363526 -0.132663 -0.200882 -0.012604 0.472115 -0.881447 125 187 15
0.073095 0.062405 0.523880 0.209851 0.093025 -0.973298 154 139 3
0.414520 0.065684 -0.288051 -0.730475 -0.242048 -0.638607 34 96 46
0.130507 0.065490 -0.864659 -0.092180 -0.100561 0.990651 115 114 253
-0.716608 -0.029534 0.612828 0.884145 0.035717 -0.465845 240 132 68
0.303882 -0.042727 0.328874 -0.988503 -0.074884 0.131352 1 117 144
0.250060 -0.207136 -0.726654 0.215488 0.975832 0.036296 154 251 132
-0.776134 -0.171844 0.490723 0.885086 0.465401 -0.004889 240 186 126
0.147614 0.058361 0.275014 0.303394 -0.347477 0.887250 166 83 240
-0.629390 -0.100702 0.531346 0.730835 0.270671 0.626592 220 162 207
0.141434 -0.061455 0.606040 -0.248458 0.173166 -0.953038 95 149 5
0.369283 0.234863 -0.128896 -0.563086 -0.688751 0.456680 55 39 185
0.433301 -0.102099 -0.325664 -0.960223 0.232911 0.154029 5 157 147
0.173491 -0.051058 -0.692878 -0.913909 0.044809 -0.403439 10 133 76
0.202242 -0.039239 -0.265599 0.584037 0.059714 0.809527 201 135 230
-0.695147 -0.110179 0.385195 0.895536 0.319111 0.310133 241 168 167
0.051134 0.200553 -0.899658 0.205067 -0.942319 0.264543 153 7 161
0.319653 -0.162222 0.510551 -0.673144 0.305342 -0.673530 41 166 41
-0.757359 -0.185854 0.407687 0.645332 0.602853 0.469164 209 204 187
0.264367 -0.021359 -0.173707 0.763362 -0.583274 0.277614 224 53 162
0.252349 0.137870 0.466187 -0.431684 -0.872558 -0.228673 72 16 98
0.105366 0.035812 -0.890130 -0.293566 -0.391639 0.872031 90 77 238
0.282970 -0.106311 -0.444737 -0.905484 0.419792 -0.062241 12 181 119
0.289177 -0.047551 -0.482374 -0.327892 0.206897 0.921781 85 153 245
0.207144 -0.020786 -0.633178 -0.178522 0.158127 -0.971147 104 147 3
0.031417 -0.190818 0.538477 -0.779935 0.504031 -0.371018 28 191 80
-0.344566 -0.025054 0.453430 0.040920 0.125365 0.991266 132 143 253
-0.639032 0.271509 0.583382 0.043946 -0.971865 -0.231403 133 3 97
0.420884 0.060524 -0.143862 -0.874610 -0.116812 0.470544 15 112 187
0.378401 0.164862 -0.193357 -0.768214 -0.624905 -0.139068 29 47 109
-0.083790 -0.120008 0.694586 0.333416 0.287365 -0.897917 170 164 13
-0.407578 0.019836 0.630600 -0.299896 0.255999 -0.918981 89 160 10
0.005218 -0.299421 -1.000643 0.289982 0.775169 0.561269 164 226 199
-0.237904 0.102887 0.540221 -0.077002 -0.823726 0.561734 117 22 199
0.081139 0.133958 -0.797879 0.482286 -0.463088 0.743606 188 68 222
0.201869 0.025926 0.514109 -0.977965 -0.137351 -0.157225 2 109 107
0.101574 -0.043012 -0.631810 0.766772 0.063261 0.638795 225 135 208
0.040144 -0.084314 -0.680941 0.988307 0.144052 0.049978 253 145 133
-0.009955 0.054036 0.579258 -0.477373 -0.374091 -0.795092 66 79 26
-0.323454 -0.178928 0.549380 0.121875 0.882312 -0.454612 143 239 69
0.288940 0.231261 -0.590389 -0.255794 -0.928781 -0.268207 94 9 93
0.169217 0.146961 0.450668 -0.240336 -0.637989 -0.731579 96 46 34
-0.072142 -0.141833 -0.062609 0.881736 0.432365 -0.188685 239 182 103
0.276385 0.054701 -0.947909 -0.583827 -0.101825 0.805468 53 114 230
0.095369 -0.288351 -0.757021 0.038623 0.993629 -0.105876 132 254 114
0.349068 0.062822 0.318204 -0.968822 -0.243476 -0.045855 3 96 121
-0.007182 0.110548 0.436647 -0.114021 -0.859728 0.497862 112 17 190
-0.373868 -0.211068 0.526598 0.468951 0.878699 0.089295 187 239 138
0.201766 0.164405 0.511820 -0.608255 -0.499527 -0.616846 49 63 48
0.463720 -0.005462 0.445246 -0.992361 -0.042365 0.115862 0 122 142
0.175022 -0.189030 -0.945882 -0.568736 0.640609 0.515906 54 209 193
0.290895 0.089872 -0.090577 -0.273210 -0.267730 0.923946 92 93 245
0.171708 0.085344 -0.423376 0.753900 -0.262562 -0.602242 223 94 50
0.088391 -0.324253 -0.683657 -0.305714 0.940073 -0.151000 88 247 108
-0.171205 0.208453 0.661264 -0.011876 -0.741955 -0.670345 125 32 42
-0.561315 -0.163953 0.389182 0.366594 0.709313 0.602066 174 217 204
0.119236 0.110254 -0.655955 0.782309 -0.496672 0.375911 227 64 175
0.052442 -0.089625 -0.986658 -0.494231 0.190857 0.848121 64 151 235
0.004626 0.082502 0.554701 -0.246740 -0.042037 -0.968170 96 122 4
-0.585077 -0.176508 0.662787 -0.391195 0.799260 -0.456235 77 229 69
0.191440 -0.100304 0.011968 0.389222 0.373447 0.842047 177 175 234
-0.383922 0.234125 0.600358 -0.017506 -0.885983 -0.463387 125 14 68
0.250785 0.100625 -0.083067 -0.622708 -0.488692 -0.611076 48 65 49
0.076426 -0.075068 -0.753087 0.926975 0.374665 0.018526 245 175 129
0.178698 0.227299 0.378496 -0.785920 -0.476756 0.393743 27 66 177
0.090504 0.007357 -0.846394 0.434108 -0.289575 0.853051 182 90 236
0.327131 -0.170079 0.447329 -0.529964 0.537583 -0.655853 59 196 43
-0.652619 -0.043194 0.656334 0.490578 0.130434 -0.861580 190 144 17
0.389044 0.116009 -0.337375 -0.807412 -0.381597 0.449966 24 78 184
-0.329605 0.240028 0.602927 -0.335997 -0.877885 -0.341209 84 15 83
0.029785 0.058960 -0.722090 0.949147 -0.224589 0.220637 248 98 155
0.050088 0.034610 -1.044154 0.048081 -0.004855 0.998832 133 126 254
0.156267 0.190492 -0.917234 -0.106507 -0.993816 0.031385 113 0 131
-0.613569 0.123921 0.483965 0.834892 -0.430423 0.343061 233 72 171
0.223611 -0.202188 -0.807118 -0.246660 0.906843 -0.341753 96 243 83
0.206140 0.115646 0.359340 0.077889 -0.650119 -0.755829 137 44 31
-0.104576 0.002049 -1.075094 0.682305 -0.082290 0.726421 214 117 220
-0.800076 0.108233 0.603985 0.530416 -0.440645 -0.724217 195 71 35
-0.715685 -0.082089 0.462190 0.874724 0.282291 0.393917 239 163 177
0.304076 0.138317 -0.073733 0.367244 -0.439711 -0.819626 174 71 22
0.281631 0.042500 0.318710 -0.530494 0.397378 -0.748777 59 178 32
0.139248 -0.182428 -0.394541 0.458038 0.701441 -0.546061 185 216 57
0.027522 -0.117486 -0.095046 0.925156 0.370931 0.080595 245 174 137
-0.036687 -0.046082 -0.419257 0.975833 0.100908 -0.193824 251 140 102
0.230614 -0.175792 0.260433 -0.434455 0.850348 0.296913 72 235 165
-0.803496 0.128119 0.503337 0.973162 -0.189386 0.130725 251 103 144
0.086107 0.102841 -1.013463 -0.364666 -0.410348 0.835843 81 75 234
0.188558 0.206600 -0.369515 0.463580 -0.875954 -0.133410 186 15 110
0.162197 -0.033154 -0.968141 -0.191746 0.151361 0.969703 103 146 251
-0.222615 -0.013083 0.373090 0.455317 0.643110 0.615707 185 209 206
-0.480770 0.198082 0.598808 -0.695591 -0.715105 0.069122 38 36 136
-0.107732 0.008997 0.540029 -0.986068 0.154707 -0.061123 1 147 119
0.066457 -0.116002 0.467498 -0.690532 0.720349 0.065297 39 219 135
-0.354985 -0.042524 0.630995 0.698339 0.076196 -0.711700 216 137 36
0.401576 -0.091531 0.265725 -0.964317 0.217002 -0.151668 4 155 108
-0.077278 -0.210633 -0.875767 0.758855 0.491611 0.427151 224 190 181
0.240673 0.316447 -0.415537 -0.133121 -0.951722 -0.276593 110 6 92
0.084600 0.117099 -0.637503 0.471505 -0.636358 -0.610518 187 46 49
0.212672 -0.084518 0.196812 0.883309 0.283680 0.373216 240 163 175
-0.694995 0.096688 0.532482 0.879635 -0.304860 -0.365105 239 88 80
0.268492 0.015721 0.004039 0.524924 0.227322 -0.820231 194 156 22
0.087101 -0.032779 -0.708210 0.156883 0.270880 0.949743 147 162 248
0.271637 -0.150235 -0.544109 -0.867500 0.497195 0.015515 16 190 129
0.056873 -0.012526 -0.798707 0.173753 0.084785 -0.981133 149 138 2
0.393021 0.172480 0.226899 -0.864487 -0.489867 0.112660 17 65 141
-0.109798 -0.022725 -0.202026 0.985306 0.055249 -0.161613 253 134 106
-0.153953 0.116007 0.531416 -0.006627 -0.941287 0.337544 126 7 170
0.212920 0.066847 0.439805 -0.842604 -0.471906 -0.259467 20 67 94
0.040629 -0.022315 -0.971795 -0.000809 0.080878 0.996724 127 137 254
0.325321 0.235178 0.160329 -0.523926 -0.797657 0.298737 60 25 165
-0.537306 0.056110 0.615289 0.090964 -0.074542 -0.993060 139 117 0
0.134486 0.166839 -0.959786 -0.630243 -0.772976 0.072812 47 28 136
0.165036 0.225635 -0.652723 0.163887 -0.969358 -0.182992 148 3 104
-0.810860 -0.199180 0.460196 0.659396 0.577774 0.481014 211 201 188
-0.332715 -0.271227 0.424525 -0.012883 0.938529 0.344960 125 247 171
-0.003256 -0.184911 -0.520968 0.832807 0.508594 0.218553 233 192 155
0.030106 0.083124 0.131675 0.850075 -0.526658 0.001748 235 60 127
0.215574 0.133051 -0.539684 -0.330051 -0.497740 0.802073 85 64 229
0.295560 -0.033597 0.372586 -0.987141 0.015203 -0.159130 1 129 107
0.256437 -0.026734 0.242232 -0.513845 0.363316 0.777152 61 173 226
0.236775 0.072003 0.003985 -0.192395 -0.675052 -0.712242 102 41 36
0.229174 0.126087 -0.296796 -0.063978 -0.768845 -0.636226 119 29 46
0.288639 0.081025 -0.412131 -0.518785 -0.554543 -0.650649 61 56 44
0.258187 0.059343 -0.561422 -0.102130 -0.248722 0.963175 114 95 250
0.313533 -0.127776 0.177056 0.233167 0.198699 -0.951920 157 152 6
-0.431884 -0.130634 0.529442 -0.794464 0.516704 0.319130 26 193 168
0.314146 -0.029492 -0.046706 -0.776904 0.295053 -0.556205 28 165 56
-0.427364 0.024059 0.657384 0.146236 -0.474313 -0.868126 146 67 16
0.291985 -0.213251 -0.925730 -0.357800 0.630587 0.688723 81 207 215
0.238270 0.106012 -0.853280 -0.950093 -0.285437 0.125891 6 91 143
0.011272 0.031421 -0.922974 0.574115 -0.091946 0.813596 200 115 231
-0.045430 -0.070294 0.590925 -0.895981 -0.049911 -0.441280 13 121 71
0.334605 -0.183140 -0.678213 -0.333985 0.744112 0.578577 84 222 201
-0.559682 -0.004774 0.463923 0.255026 -0.156207 0.954233 160 107 249
0.236828 -0.102973 -0.747468 -0.524747 0.830129 -0.188485 60 233 103
-0.114935 -0.138548 -0.848834 0.915887 0.397357 0.057085 244 178 134
-0.355933 0.046747 -0.120839 0.620941 -0.178423 0.763281 206 104 224
0.411914 -0.185765 -0.288382 -0.755129 0.626809 -0.192070 31 207 103
0.309949 -0.045855 -0.023689 -0.711087 -0.350774 -0.609355 36 82 49
0.413513 -0.338687 -0.432359 -0.695174 0.711614 0.101681 38 218 140
-0.546057 0.136131 0.366072 -0.123613 -0.504372 0.854593 111 63 236
-0.825189 0.079846 0.607282 0.838806 -0.151342 -0.522972 234 108 60
-0.400250 0.020063 0.480982 -0.910066 -0.058764 0.410277 11 120 179
-0.266286 0.012941 0.568082 -0.540581 -0.384808 -0.748128 58 78 32
-0.206763 -0.094830 0.780919 0.145070 0.315823 -0.937662 145 167 7
-0.521488 -0.011437 0.453494 0.931780 0.351092 -0.092310 246 172 115
0.231943 0.061282 -0.793590 -0.122026 -0.117058 0.985600 111 112 253
0.104166 -0.048771 -0.457677 0.258074 0.163754 -0.952146 160 148 6
0.353893 -0.023465 -0.005169 -0.370389 0.141942 -0.917968 80 145 10
0.406324 0.050520 -0.398864 -0.861881 -0.293983 0.413202 17 90 180
0.045909 -0.031130 -1.081479 0.067524 -0.023675 0.997437 136 124 254
0.322396 0.037904 -0.218728 -0.562472 -0.592945 0.576230 55 51 200
-0.699165 -0.006698 0.620354 0.692750 -0.086306 -0.715995 215 116 36
-0.051921 0.008950 -0.702176 0.778733 -0.577489 -0.245114 226 53 96
-0.527403 -0.101062 0.568603 -0.772950 0.615129 0.155452 28 205 147
-0.117796 0.090415 -0.846101 0.919763 -0.270852 -0.284035 244 92 91
-0.082127 0.185289 -0.869620 0.860362 -0.505423 -0.065766 237 63 119
0.280341 -0.046558 -0.208418 -0.217620 0.468679 -0.856143 99 187 18
-0.604625 0.171905 0.607438 0.696101 -0.645911 -0.313436 216 45 87
0.125389 0.093663 0.343451 0.882008 -0.452346 -0.132080 239 69 110
0.242161 -0.173983 0.423543 -0.396981 0.454233 0.797545 76 185 229
0.189404 -0.045105 0.362487 -0.379853 0.137431 -0.914781 79 145 10
0.228609 0.231631 0.130671 0.064874 -0.970358 0.232803 135 3 157
0.358581 -0.011803 -0.168160 -0.993952 0.055829 -0.094567 0 134 115
-0.773718 -0.176558 0.532355 0.629124 0.725257 -0.279651 207 219 91
0.141100 -0.171355 0.499568 -0.353713 0.864493 -0.357127 82 237 81
-0.818460 -0.145120 0.532523 0.944716 0.319115 0.075345 247 168 137
0.068165 0.181924 -0.989311 -0.059976 -0.670260 0.739699 119 42 221
-0.008420 0.085322 -0.865602 0.539394 -0.710824 -0.451423 196 36 69
0.055042 0.163001 0.674279 -0.224693 -0.620234 -0.751547 98 48 31
0.027974 0.124417 -1.018776 0.388629 -0.566115 0.726967 177 55 220
-0.138888 -0.107519 -1.064907 0.579078 0.340489 0.740768 201 170 221
0.285360 -0.254626 -0.022434 -0.160080 0.977171 -0.139682 107 252 109
0.121277 -0.202447 0.327799 0.589312 0.807764 -0.015108 202 230 125
-0.713165 0.002974 0.483303 0.889682 -0.345260 0.298768 240 83 165
-0.470825 0.038620 0.642223 -0.482770 -0.171499 -0.858791 65 105 18
0.217055 0.136788 0.219919 0.864247 -0.303375 0.401299 237 88 178
0.238527 -0.399982 0.209722 -0.418381 0.814787 0.401348 74 231 178
-0.747984 -0.193632 0.644806 0.406531 0.696844 -0.590881 179 216 52
0.056385 -0.394864 -0.897939 0.268218 0.960634 -0.072395 161 249 118
0.150738 -0.076340 0.134422 0.191688 0.074896 0.978594 151 137 252
-0.486619 0.043484 0.694561 0.141276 -0.110006 -0.983839 145 113 2
0.405931 0.159930 0.009551 -0.713522 -0.524249 -0.464811 36 60 68
0.171487 0.005016 0.590082 -0.217772 0.167789 -0.961469 99 148 4
-0.679228 0.047081 0.136575 0.772593 -0.050814 -0.632865 226 121 46
0.076538 -0.113232 -0.726316 0.579782 0.642781 0.500685 201 209 191
0.093908 -0.153511 -0.434537 0.447439 0.496498 0.743834 184 190 222
0.410498 0.020770 -0.351188 -0.993266 -0.076947 0.086609 0 117 138
0.189882 -0.052082 0.481398 -0.289190 0.146776 -0.945953 90 146 6
0.364704 -0.194688 -0.261289 -0.710036 0.578319 0.401741 36 201 178
0.251057 -0.173772 -0.030718 -0.149805 0.959326 -0.239272 108 249 96
0.320517 -0.016356 0.407231 -0.920424 0.217179 -0.325043 10 155 86
-0.438651 0.263644 0.439444 -0.403820 -0.798605 0.446273 76 25 184
0.075817 0.108105 0.502264 0.336421 -0.550940 -0.763732 170 57 30
0.332858 0.008145 -0.324746 -0.837292 -0.309743 0.450557 20 88 184
-0.733064 0.186197 0.686140 0.153017 -0.973795 0.168255 147 3 148
0.263847 -0.044004 0.403390 -0.261261 0.175428 -0.949193 94 149 6
-0.419597 0.109604 0.709392 -0.813206 -0.291578 -0.503664 23 90 63
0.395462 0.084348 -0.237214 -0.909167 -0.416399 -0.005262 11 74 126
-0.673030 0.019723 0.561473 0.912037 -0.062493 -0.405318 243 119 75
-0.031455 0.155636 -0.967061 0.344833 -0.523980 0.778804 171 60 226
0.229628 -0.302005 -0.291321 0.083409 0.904832 0.417518 138 242 180
-0.546937 -0.113040 0.563903 -0.896153 0.440442 0.054048 13 183 134
0.085477 0.116608 -0.341250 0.868609 -0.257860 0.423115 238 94 181
-0.636118 0.047396 0.481834 -0.513864 -0.414399 0.751144 61 74 223
0.112401 0.019018 -0.054669 0.679093 0.046662 0.732568 214 133 220
0.353817 -0.241115 -0.301696 -0.705761 0.627979 -0.327938 37 207 85
0.195994 -0.108105 -0.496658 0.338242 0.402819 -0.850488 170 178 19
-0.511856 0.022252 0.488112 0.780497 0.251229 0.572459 227 159 200
0.107650 0.119211 0.647041 -0.077840 -0.356362 -0.931100 117 82 8
0.112241 0.092200 -0.927599 -0.273664 -0.569571 0.775046 92 54 226
-0.537739 -0.226542 0.565040 0.621588 0.767902 -0.154774 206 225 107
-0.070113 -0.162891 0.564618 -0.315841 0.446773 -0.837042 87 184 20
0.327391 -0.201109 0.477770 -0.713836 0.552839 -0.429893 36 197 72
0.066753 -0.039234 -0.499932 0.853288 0.284511 0.436982 236 163 183
0.343980 0.067312 -0.304638 -0.217227 -0.232632 -0.947995 99 97 6
-0.323874 -0.101613 0.297827 0.618908 0.345415 0.705437 206 171 217
0.055338 0.058607 -0.039696 0.930565 -0.320380 -0.177216 246 86 104
0.392883 0.120352 -0.473460 -0.336961 -0.543017 0.769148 84 58 225
0.182621 0.181330 0.480925 -0.685072 -0.666963 0.292979 40 42 164
0.409036 0.286710 -0.337861 -0.555317 -0.831564 -0.011152 56 21 126
-0.559522 0.140091 0.551115 0.283981 -0.884799 -0.369438 163 14 80
0.170773 0.256922 -0.728193 -0.360402 -0.931979 -0.039062 81 8 122
-0.295160 -0.171031 0.416163 -0.706287 0.676981 0.207017 37 213 153
0.188318 -0.115397 0.164703 0.618246 0.717909 -0.319966 206 219 86
-0.147548 0.123468 -0.797599 0.926393 -0.258950 -0.273389 245 94 92
0.397431 0.551197 0.231752 -0.291903 -0.938042 -0.186734 90 7 103
0.382534 0.045096 0.097837 -0.741182 -0.168555 -0.649799 32 106 44
-0.483295 0.028392 0.536732 0.869606 -0.402054 0.286597 238 76 164
0.265617 0.228401 0.398456 -0.511508 -0.749189 -0.420802 62 31 73
-0.645107 0.241316 0.629801 0.373168 -0.870269 -0.321525 175 16 86
0.323297 0.043150 0.397937 -0.708475 -0.171845 -0.684495 37 105 40
0.110821 -0.115388 -0.687539 0.763578 0.359351 0.536484 224 173 195
0.140105 -0.050285 0.322931 0.775333 0.443441 0.449688 226 184 184
0.129991 -0.031937 0.616952 -0.553994 0.173704 -0.814198 56 149 23
-0.280956 -0.038915 0.438567 -0.816493 -0.082130 0.571484 23 117 200
-0.665016 0.057264 0.551116 -0.259738 -0.239776 0.935438 94 96 246
0.050377 0.058633 -0.662537 0.742039 -0.551410 -0.381215 222 57 78
-0.120676 -0.009466 0.600147 -0.993925 0.060908 -0.091665 0 135 115
-0.605616 0.104466 0.582929 0.505558 -0.667131 -0.547126 191 42 57
-0.583278 0.070117 0.224118 0.935299 -0.204693 0.288646 246 101 164
-0.728078 0.374512 0.522559 0.474015 -0.870803 0.130429 187 16 144
-0.329220 -0.230073 0.495325 -0.402908 0.865164 0.298591 76 237 165
-0.577785 -0.052231 0.256216 0.979414 0.002969 0.201838 252 127 153
-0.658606 0.157569 0.457019 0.440735 -0.847464 0.295900 183 19 165
0.104522 0.180314 0.360540 0.502950 -0.863489 -0.037780 191 17 122
0.341587 -0.089163 -0.404486 -0.882548 0.453257 0.125167 14 185 143
0.221306 -0.125664 0.561901 -0.032188 0.601593 -0.798154 123 204 25
0.326914 -0.299067 0.287281 -0.684126 0.712311 0.156793 40 218 147
0.125708 -0.079386 -0.422151 0.890477 0.403568 0.210200 241 178 154
-0.371678 -0.102636 0.575862 0.854035 0.490554 0.173153 236 190 149
0.318047 -0.172629 -0.673747 -0.896041 0.436473 -0.081255 13 183 117
-0.582983 0.210821 0.608913 -0.143278 -0.847974 -0.510305 109 19 62
-0.052390 -0.286151 0.645887 -0.464656 0.772759 -0.432364 68 226 72
0.135463 0.082630 -0.680579 0.739460 -0.257872 -0.621853 221 94 48
-0.231022 0.177899 0.674181 0.410387 -0.382536 -0.827798 179 78 21
0.278469 0.226536 0.364902 -0.264883 -0.946177 -0.185972 93 6 103
0.254969 -0.032559 -0.138496 0.041326 0.955171 -0.293158 132 249 90
0.226415 -0.199218 -0.847614 -0.616065 0.737007 0.278001 48 221 162
-0.911881 -0.121040 0.462014 0.855703 0.343768 0.386775 236 171 176
-0.018317 -0.033935 -1.030158 0.656700 0.297477 0.693002 211 165 215
-0.671379 0.229345 0.672339 0.252876 -0.549652 -0.796201 159 57 25
0.382838 -0.188545 -0.699096 -0.872509 0.382455 -0.304066 16 176 88
0.002548 -0.127167 -0.203223 -0.598470 0.560514 0.572414 51 198 200
-0.038401 0.138607 -0.875855 0.808323 -0.482976 0.336671 230 65 170
0.274850 0.004375 -0.365436 0.622027 -0.313002 -0.717713 206 87 35
-0.141995 -0.069815 0.506783 -0.358186 0.083896 -0.929873 81 138 8
0.363234 -0.196047 -0.445199 -0.768842 0.299551 0.564935 29 165 199
0.040098 -0.124272 -0.527688 0.622501 0.678011 0.390888 206 213 177
0.081416 -0.044915 -0.798640 0.158984 0.366089 0.916899 147 174 244
-0.206073 0.148922 0.703951 0.393103 -0.406060 -0.824976 177 75 22
-0.672304 -0.255566 0.256345 0.629603 0.774946 -0.055297 207 226 120
-0.211905 0.240998 0.579464 0.277127 -0.750821 -0.599556 162 31 51
-0.088913 0.221738 -0.960479 0.701971 -0.640835 0.310752 217 45 167
0.288190 -0.199344 -0.259772 -0.170274 0.980055 0.102467 105 252 140
-0.315003 -0.023243 0.411524 0.332413 0.202746 0.921084 169 153 244
0.136160 0.320981 -0.401454 0.439432 -0.784098 0.438281 183 27 183
0.136537 0.104958 -0.589658 0.459467 -0.527535 0.714561 186 60 218
-0.207061 -0.219108 0.618838 0.612020 0.492774 -0.618551 205 190 48
-0.031254 -0.080663 0.432077 0.842406 0.315257 0.436996 234 167 183
0.303533 -0.087026 0.180178 -0.012517 0.869459 -0.493847 125 238 64
-0.086325 -0.110376 0.661350 -0.471719 0.252142 -0.844930 67 159 19
0.125684 -0.122642 -0.646752 -0.037167 0.982882 0.180447 122 252 150
-0.707952 0.049805 0.473140 0.999913 -0.000583 -0.013183 254 127 125
-0.564086 0.046778 0.616461 0.704764 -0.180223 -0.686169 217 104 40
-0.214003 0.100491 0.559817 0.601011 -0.475226 -0.642609 204 66 45
-0.034675 -0.275588 -0.181226 0.882370 0.401962 -0.244641 240 178 96
0.173928 0.242976 -0.298734 -0.044386 -0.757621 0.651184 121 30 210
-0.045287 0.179807 0.493474 -0.147468 -0.893440 -0.424285 108 13 73
0.153041 -0.110358 -0.355769 0.613189 0.318472 0.722893 205 168 219
0.037223 -0.275090 -0.783637 0.377601 0.883531 0.277112 175 240 162
0.175002 -0.197893 0.172443 -0.258980 0.880459 -0.397141 94 239 76
0.238722 -0.162078 -0.937185 -0.269147 0.491376 0.828317 93 190 233
-0.559756 0.202580 0.440992 0.524787 -0.754455 0.394204 194 31 177
-0.628080 0.205716 0.497626 -0.265044 -0.927310 0.264287 93 9 161
0.193128 0.188995 -0.369611 0.013812 -0.551986 0.833739 129 57 233
0.332223 0.182950 0.157022 -0.651523 -0.686354 -0.323165 44 39 86
0.317166 0.039998 0.378976 -0.651751 0.052777 -0.756595 44 134 31
0.529240 0.239487 -0.183138 -0.820422 -0.562035 -0.105000 22 55 114
0.380692 -0.013753 0.194207 -0.827818 0.196279 -0.525540 21 152 60
-0.203619 -0.199329 0.481907 -0.104871 0.775149 0.623013 114 226 206
-0.302945 -0.134726 0.560736 0.121825 0.399186 -0.908740 143 178 11
0.135037 0.005394 0.337742 0.042312 0.481068 0.875662 132 188 239
-0.736913 -0.194149 0.400352 0.822475 0.438462 0.362333 232 183 173
-0.802408 -0.330049 0.592042 0.433740 0.900579 -0.028761 182 242 123
0.211076 -0.034585 0.066734 0.901441 0.183024 0.392309 242 150 177
0.002338 0.157537 -1.041914 0.711848 -0.461667 0.529279 218 68 194
-0.056060 -0.133947 -0.748006 0.809900 0.529340 -0.252708 230 194 95
0.320850 -0.180442 0.323662 -0.725571 0.578010 -0.373432 34 201 79
0.299626 0.149940 -0.516066 -0.306614 -0.912921 -0.269375 88 11 93
0.183808 -0.189831 0.143603 0.585634 0.753914 -0.297736 202 223 89
-0.374080 0.040020 0.362694 -0.128519 -0.178482 0.975514 111 104 251
-0.005332 0.059789 -0.643165 0.505053 -0.272599 0.818908 191 92 231
-0.403568 -0.076158 -0.016672 0.808738 0.192086 0.555918 230 151 198
-0.320483 0.021043 0.563776 0.700735 0.109532 0.704963 216 141 217
-0.649847 0.105754 0.508466 0.418669 -0.860535 0.290166 180 17 164
-0.619532 -0.226853 0.496541 0.351290 0.918637 0.180838 172 244 150
0.449192 -0.367841 -0.415971 -0.577668 0.780783 -0.238068 53 227 97
0.213604 0.254635 -0.488795 0.087711 -0.897084 -0.433068 138 13 72
0.102146 0.124516 -0.146201 0.515818 -0.243749 0.821291 193 96 232
0.425239 0.025765 0.490471 -0.944487 -0.191653 -0.266858 7 103 93
-0.441135 0.138424 0.635163 -0.388205 -0.826336 -0.408002 78 22 75
-0.268673 0.132054 0.564878 -0.239366 -0.866503 -0.438037 96 17 71
-0.660105 0.144996 0.526073 0.514107 -0.842703 -0.159832 193 20 107
-0.481951 -0.137808 0.671439 0.028489 0.482004 -0.875706 131 188 15
-0.389010 -0.064531 0.597485 0.978340 0.171767 0.115530 252 149 142
0.067041 0.098033 -0.781646 0.657277 -0.743772 -0.121618 211 32 111
-0.001131 -0.008769 0.520333 -0.361066 -0.143543 -0.921427 81 109 10
-0.499581 -0.002122 0.254644 0.838522 -0.050800 -0.542495 234 121 58
0.033904 0.091604 -1.062928 0.140825 -0.644469 0.751550 145 45 223
-0.093719 -0.128635 0.428135 0.387404 0.658414 0.645298 176 211 209
0.372130 -0.047259 0.074441 -0.788563 0.236277 0.567751 26 157 199
-0.036517 0.212421 0.599852 0.621855 -0.643126 -0.446861 206 45 70
-0.188798 -0.129137 0.601520 0.405692 0.532742 -0.742697 179 195 32
0.132058 -0.048574 -0.670680 0.072241 0.098192 0.992542 136 140 254
0.526272 -0.206518 -0.251551 -0.866600 0.384676 -0.317849 17 176 86
0.331256 0.065097 0.037017 -0.487397 0.433621 -0.757903 65 182 30
-0.529020 -0.161521 0.624161 -0.206373 0.392306 -0.896385 101 177 13
-0.823921 0.086098 0.611945 0.861355 -0.251198 -0.441550 237 95 71
0.437297 -0.152950 -0.183933 -0.838583 0.532804 -0.113574 20 195 113
-0.196469 -0.102791 0.627648 -0.207028 0.556262 -0.804806 101 198 24
0.119721 -0.140458 -0.684476 -0.530726 0.637407 0.558608 59 208 198
-0.002713 0.206688 -0.695370 0.787168 -0.615025 -0.045937 227 49 121
-0.913309 -0.047265 0.426335 0.856250 0.102664 0.506257 236 140 192
-0.518156 -0.240161 0.506303 -0.368387 0.660018 0.654727 80 211 210
-0.449366 -0.056858 0.424223 -0.301814 0.006214 0.953347 89 128 249
-0.239060 0.019622 0.633972 -0.740826 -0.218683 -0.635102 33 99 46
0.306239 -0.286840 0.589312 -0.572800 0.673866 -0.466696 54 213 67
0.187752 -0.030999 0.147267 0.882264 0.144657 0.447979 239 145 184
-0.659376 0.083131 0.583357 -0.164045 -0.919856 0.356307 106 10 172
0.221667 -0.147628 -0.519537 -0.569368 0.738458 -0.361246 54 221 81
0.042656 -0.210658 -0.524536 0.773425 0.616438 -0.147709 226 206 108
0.294306 -0.057434 0.368962 -0.974467 0.077841 0.210608 3 137 154
0.085040 -0.039383 -0.976080 -0.104143 0.121223 0.987147 114 142 253
0.107528 0.062029 -0.687521 -0.294740 -0.599612 0.744039 89 51 222
0.196008 -0.226953 -0.820832 -0.582779 0.812201 0.026401 53 231 130
0.176702 0.244453 -0.827291 -0.595150 -0.766236 0.242239 51 29 158
0.053121 -0.008268 -0.773641 0.987268 -0.110007 -0.114895 253 113 112
-0.026991 0.076971 -0.806549 0.862055 -0.401562 -0.309208 237 76 88
0.352948 0.206966 0.083853 -0.686880 -0.546201 -0.479437 39 57 66
-0.012022 0.275587 0.550452 -0.333484 -0.847209 -0.413551 84 19 74
-0.513701 -0.021816 0.361710 0.087091 -0.388781 0.917205 138 77 244
-0.203500 0.058657 0.552419 0.973368 0.041295 0.225500 251 132 156
-0.226320 0.215118 0.720177 0.046063 -0.550375 -0.833646 133 57 21
-0.161637 -0.023818 0.492499 -0.079807 -0.134626 0.987677 117 110 253
0.360376 -0.188477 -0.657995 -0.839412 0.530147 0.119714 20 195 142
0.269661 0.007633 0.646281 -0.864228 0.054891 -0.500097 17 134 63
0.108291 -0.111401 -0.721525 -0.774983 0.566709 0.279720 28 199 163
0.304871 0.009714 -0.885920 -0.992425 0.095465 -0.077324 0 139 117
0.260503 -0.207849 -0.280208 -0.177689 0.982311 0.059091 104 252 135
0.194142 -0.246186 -0.481169 -0.229156 0.878484 -0.419229 98 239 74
0.157883 0.035167 -0.288931 0.923014 -0.203312 0.326665 245 101 169
0.192996 -0.143739 0.522000 -0.650600 0.744479 -0.149903 44 222 108
0.056418 -0.212726 -0.925214 0.422953 0.701905 0.573097 181 216 200
0.204818 0.028589 0.417768 -0.989285 -0.121649 0.080731 1 111 137
0.042167 0.136388 0.195353 -0.247549 -0.571846 0.782120 95 54 227
0.444870 0.009057 0.289361 -0.937722 -0.342173 0.059959 7 83 135
0.003298 0.250851 -0.582979 0.423137 -0.706570 -0.567199 181 37 55
-0.680515 -0.291821 0.601796 0.421204 0.862302 -0.281111 181 237 91
-0.483416 -0.181185 0.408777 0.663358 0.640120 0.387560 212 209 176
-0.777526 -0.043065 0.646667 0.844656 0.519497 -0.129148 235 193 111
0.214531 0.222321 0.379264 -0.481174 -0.839559 0.252216 66 20 159
0.109029 -0.246798 0.291753 0.513609 0.743274 0.428660 192 222 182
0.225094 -0.082231 -0.709466 -0.780926 0.533166 0.325406 27 195 168
0.114361 -0.106824 -0.677677 0.720710 0.272915 -0.637256 219 162 46
0.395726 0.129370 -0.089000 -0.411786 -0.485434 -0.771224 74 65 29
0.164144 0.115324 -0.923725 -0.351152 -0.664935 0.659206 82 42 211
0.139517 -0.086085 -0.709684 0.770470 0.337209 -0.540986 225 170 58
0.286577 0.293078 -0.714493 -0.540339 -0.841234 0.018957 58 20 129
0.359276 -0.016246 -0.442828 -0.733100 -0.114051 0.670490 34 112 212
0.558205 -0.111294 -0.339595 -0.967336 0.242778 0.072943 4 158 136
0.179130 0.137329 -0.908843 -0.307366 -0.951002 0.033496 88 6 131
-0.521002 0.318635 0.397415 -0.299986 -0.825127 0.478722 89 22 188
0.198943 0.058053 0.559035 -0.142984 -0.329708 -0.933193 109 85 8
0.151699 -0.110783 0.542433 0.226288 0.241395 -0.943675 156 158 7
-0.111232 -0.036685 -0.996634 0.726062 0.305768 0.615906 220 166 206
-0.088532 0.009473 -0.942407 0.856525 -0.034520 0.514949 236 123 193
0.321187 0.103972 0.072548 -0.721875 -0.663020 0.198245 35 42 152
0.291257 -0.048624 -0.221384 -0.589516 0.801150 -0.103102 52 229 114
-0.063837 0.062704 0.431917 -0.086684 -0.968405 0.233834 116 4 157
-0.016268 -0.189112 0.646459 -0.622784 0.730940 -0.279047 48 220 91
0.220789 0.102889 0.249361 0.018691 -0.975535 0.219048 129 3 155
0.196052 0.291066 -1.090872 -0.114261 -0.712582 0.692222 112 36 215
0.093289 -0.018197 0.508573 -0.919495 0.392388 -0.023654 10 177 124
-0.049103 0.128683 0.497465 0.641432 -0.721887 -0.259699 209 35 94
0.094526 -0.029469 -0.526578 0.960460 -0.215808 -0.175908 249 99 105
0.410566 0.245087 -0.499439 -0.634436 -0.608549 -0.476612 46 49 66
0.521649 -0.038316 -0.032404 -0.976719 0.161402 0.141316 2 148 145
