ply
format ascii 1.0
element vertex 4096
property float x
property float y
property float z
property float nx
property float ny
property float nz
property uchar red
property uchar green
property uchar blue
end_header
-0.189698 -0.247153 0.226481 0.168748 0.964152 -0.204783 149 250 101
-0.115292 -0.142880 -0.052167 0.836933 0.522365 -0.163334 234 194 106
-0.169688 -0.279703 -0.047015 -0.575150 0.770955 0.273554 54 225 162
0.229034 0.030109 0.582636 0.089872 -0.636093 -0.766360 138 46 29
-0.261798 0.021357 0.045703 0.730851 -0.188004 -0.656133 220 103 43
0.126763 0.002109 0.464268 0.742270 0.205671 -0.637758 222 153 46
0.299681 -0.210263 0.786015 -0.507375 0.861581 -0.015812 62 237 125
0.262800 0.042567 -0.523080 0.870817 -0.481551 0.098929 238 66 140
0.153477 0.130780 -0.648465 0.561164 -0.369527 0.740638 199 80 221
-0.484814 0.051190 -0.528340 0.971422 -0.159742 -0.175560 251 107 105
0.504678 0.385248 -0.036074 -0.324923 -0.878377 -0.350540 86 15 82
-0.333387 -0.289357 -0.064951 0.562115 0.606144 0.562687 199 204 199
0.469697 0.009641 -0.480581 -0.777331 0.521452 0.351916 28 193 172
0.341952 -0.143697 -0.669654 -0.144709 0.704795 0.694495 109 217 216
-0.383164 -0.303013 -0.590360 0.398679 0.814383 0.421704 178 231 181
0.204701 -0.222624 0.554378 -0.405586 0.904448 0.132191 75 242 144
0.409295 0.201581 -0.398366 0.061226 -0.892539 0.446795 135 13 184
0.309922 0.219286 -0.326948 0.655432 -0.749228 0.095217 211 31 139
0.439343 0.086854 -0.317047 -0.028940 -0.449103 0.893011 123 70 241
-0.181566 -0.052336 -0.696309 0.309303 0.808985 0.499875 166 230 191
0.393001 0.110152 0.032270 -0.690410 -0.343695 -0.636560 39 83 46
-0.352465 0.154791 -0.111585 0.768404 -0.631065 -0.106360 225 47 113
-0.328522 0.101946 0.097817 0.889808 -0.295210 -0.347983 240 89 83
0.194938 -0.017906 0.757742 -0.982832 -0.180580 -0.037845 2 104 122
-0.075386 0.100927 -0.042433 -0.643802 -0.662614 0.382702 45 43 176
0.031388 -0.061203 -0.726216 -0.918919 0.203559 0.337863 10 153 170
0.226039 -0.301583 -0.490861 -0.409256 0.912232 -0.018511 75 243 125
-0.444413 -0.247916 -0.228412 0.585437 0.796819 -0.149478 202 229 108
0.461559 0.123084 -0.573203 -0.682455 -0.453832 0.572968 40 69 200
0.102902 -0.179372 -0.694090 0.732015 0.556233 -0.393394 220 198 77
0.212313 0.183300 0.838994 0.736205 -0.658141 -0.157644 221 43 107
0.378428 0.131903 -0.138149 0.534588 -0.489543 -0.688886 195 65 39
0.346512 -0.210852 0.102558 -0.805588 0.583261 0.104088 24 201 140
-0.127295 -0.280670 0.184045 -0.121404 0.955200 -0.269915 112 249 93
-0.243907 -0.023337 -0.525804 0.863128 0.299596 0.406512 237 165 179
0.180675 -0.034488 0.749027 0.458489 0.110612 -0.881790 185 141 15
0.452789 0.043758 -0.584658 -0.660640 -0.625604 0.414940 43 47 180
0.398037 0.282474 -0.422965 -0.241892 -0.759157 0.604292 96 30 204
-0.085960 0.162062 -0.256266 0.055542 -0.530313 -0.845981 134 59 19
0.021587 -0.179169 0.521084 0.398502 0.876314 0.270684 178 239 162
0.416886 0.142043 -0.529034 -0.729856 -0.683565 0.006934 34 40 128
0.665634 -0.183920 -0.244439 -0.930997 0.348116 0.109818 8 171 141
-0.175829 -0.107885 0.156147 -0.489202 0.866310 0.100935 65 237 140
0.415289 -0.024128 0.854290 -0.359629 -0.281605 -0.889587 81 91 14
-0.213064 0.317508 -0.669350 0.657229 -0.728225 -0.194261 211 34 102
-0.320581 0.101028 0.160659 0.884285 -0.324748 -0.335528 240 86 84
0.580919 0.036007 -0.147975 -0.939585 -0.106150 -0.325441 7 113 86
0.095602 0.210295 -0.114500 0.168265 -0.985101 -0.035534 148 1 122
-0.315482 0.206969 -0.230098 -0.022443 -0.801714 0.597287 124 25 203
-0.439276 0.155360 -0.301091 0.670802 -0.348905 -0.654439 213 83 44
0.312899 -0.127142 0.692812 -0.277455 0.835686 0.473970 92 234 187
0.536249 0.332421 -0.194411 -0.477021 -0.788824 -0.387565 66 26 78
-0.282183 -0.278408 -0.535891 0.770534 0.625269 -0.123754 225 207 111
0.334729 -0.175972 -0.577929 -0.087105 0.614383 0.784185 116 205 227
0.283416 0.177713 0.615588 -0.031368 -0.659267 -0.751255 123 43 31
0.244174 -0.033083 0.078600 -0.140724 -0.000436 -0.990049 109 127 1
0.486623 -0.221028 -0.056097 -0.881209 0.404935 -0.243921 15 179 96
0.029654 -0.010310 -0.760081 0.240948 0.379668 0.893194 158 175 241
-0.098261 0.169300 -0.760773 -0.291526 -0.430733 0.854097 90 72 236
0.137463 -0.007954 -0.642711 -0.746208 -0.149878 0.648621 32 108 210
0.454337 -0.214294 0.877278 -0.834640 0.425118 -0.350214 21 181 82
0.399673 0.078303 -0.393526 -0.540122 -0.832832 0.121076 58 21 142
-0.152727 0.229186 -0.554489 0.143198 -0.983935 -0.106616 145 2 113
-0.103419 0.204518 -0.583542 -0.667260 -0.713345 0.214251 42 36 154
0.216822 0.057739 0.810410 -0.792391 -0.487761 0.366341 26 65 174
0.356879 -0.368964 -0.097459 -0.177202 0.958425 -0.223656 104 249 98
0.088285 -0.204331 0.120560 0.300301 0.856098 -0.420614 165 236 73
0.056623 -0.029747 -0.437558 -0.959464 0.196338 -0.202190 5 152 101
0.295390 -0.091537 -0.296776 0.354982 0.441912 -0.823834 172 183 22
0.575660 0.113389 -0.288756 -0.523226 -0.747615 -0.409031 60 32 75
0.383050 0.223517 -0.235049 0.499070 -0.866344 -0.019428 191 17 125
-0.322090 -0.168848 -0.091635 0.688928 0.539569 -0.483987 215 196 65
0.388204 0.317881 -0.396374 -0.116996 -0.990967 -0.065553 112 1 119
-0.077715 -0.103368 0.100171 0.762334 0.451228 -0.463941 224 185 68
-0.130870 0.346644 -0.544651 -0.145169 -0.968938 -0.200213 108 3 101
0.478847 -0.044696 -0.486919 -0.791753 0.295892 0.534392 26 165 195
0.352935 -0.208407 -0.510065 -0.842845 0.527897 -0.104581 20 194 114
-0.056419 0.101496 -0.763043 -0.278356 -0.387210 0.878969 92 78 239
0.256986 -0.045105 -0.751222 -0.966473 0.237110 0.098534 4 157 140
0.415627 -0.344907 0.670463 -0.221063 0.975257 0.002265 99 251 127
0.390332 -0.053777 -0.333693 0.279159 0.922495 0.266597 163 245 161
-0.109645 0.100476 0.255339 0.789180 -0.421163 -0.447009 228 73 70
0.059528 -0.126537 0.735150 0.924758 0.372681 -0.077017 245 175 117
0.422756 -0.068340 -0.584460 -0.290011 0.138415 0.946961 90 145 248
0.110774 -0.168305 0.571306 0.403673 0.612553 0.679578 178 205 214
0.318011 0.067005 0.136820 0.528224 -0.219979 -0.820115 194 99 22
0.525116 -0.046623 -0.278679 -0.752793 0.526399 0.395229 31 194 177
-0.348267 -0.067241 -0.592475 0.872544 0.221323 -0.435527 238 155 71
0.170097 0.373371 0.105075 -0.208152 -0.864095 0.458271 100 17 185
-0.005744 0.265805 -0.698938 0.214790 -0.965593 -0.146611 154 4 108
0.335434 0.027610 0.900993 -0.929361 -0.181533 -0.321455 9 104 86
0.192056 0.266167 -0.205519 -0.451801 -0.886095 0.103499 69 14 140
0.381221 0.012740 -0.522890 -0.196118 -0.114914 -0.973824 102 112 3
0.122678 -0.199509 0.817052 0.309604 0.746734 -0.588670 166 222 52
0.230421 -0.112681 -0.611112 -0.892034 0.376858 0.249507 13 175 159
0.288634 0.144111 -0.502165 -0.048251 -0.981799 -0.183691 121 2 104
0.508772 -0.006377 -0.311782 -0.977458 0.211121 0.002105 2 154 127
0.198857 0.101997 0.690712 0.225783 -0.387102 -0.893965 156 78 13
-0.213044 -0.161757 -0.714769 0.660837 0.591319 0.462208 211 202 186
0.338580 0.158810 0.717434 -0.687800 -0.521910 0.504521 39 60 191
-0.089663 -0.215114 0.126766 0.264219 0.626152 0.733568 161 207 221
0.327313 -0.058611 0.029731 0.242386 0.232648 -0.941873 158 157 7
-0.085424 -0.034392 -0.521092 0.625638 0.404475 -0.667066 207 179 42
0.334529 -0.199548 -0.681695 0.195818 0.866094 0.459931 152 237 186
0.091281 -0.040314 -0.715215 -0.151644 0.987862 -0.033653 108 253 123
0.260813 0.132292 0.768720 0.524674 -0.807839 0.268539 194 24 161
-0.081019 0.200351 0.101021 -0.104590 -0.862500 -0.495132 114 17 64
-0.160316 -0.068286 0.102818 0.449208 0.408184 -0.794732 184 179 26
0.310925 0.097714 0.148598 -0.781149 -0.565112 -0.265433 27 55 93
0.305708 0.029177 -0.526078 -0.782507 -0.171926 -0.598435 27 105 51
0.063225 -0.110847 0.121564 0.349811 0.571732 0.742129 172 200 222
0.452686 -0.013791 -0.234569 -0.793267 0.052324 0.606622 26 134 204
-0.155697 0.274539 0.061524 -0.529411 -0.764029 0.368760 60 30 174
0.155436 -0.078414 -0.080499 0.456153 0.859182 0.231799 185 237 157
0.316488 0.124405 -0.334390 -0.278806 -0.850955 0.445131 91 19 184
0.461255 0.201130 -0.513621 -0.785726 -0.618150 0.022927 27 48 130
-0.369317 -0.113132 0.041512 0.666064 0.397667 -0.631047 212 178 47
0.330909 0.136232 -0.386487 0.131958 -0.643928 -0.753620 144 45 31
0.178155 -0.044323 -0.751127 -0.151914 0.070779 0.985856 108 136 253
-0.203783 -0.233859 0.009938 -0.537263 0.819310 -0.200200 58 231 101
-0.089015 -0.009377 -0.152971 -0.102382 0.031876 -0.994234 114 131 0
-0.236537 -0.059597 -0.168485 0.290628 0.622230 -0.726887 164 206 34
0.240714 -0.263650 0.230867 -0.111426 0.762948 -0.636785 113 224 46
0.176526 0.131282 0.754470 0.282471 -0.434083 -0.855443 163 72 18
0.014697 0.084279 -0.258088 0.604378 -0.083720 0.792286 204 116 228
0.309829 -0.210683 -0.550424 -0.719639 0.644039 -0.259487 35 209 94
0.391785 -0.032548 -0.239372 0.505153 0.486982 0.712509 191 189 218
-0.021312 -0.176218 0.381981 -0.225894 0.962968 -0.147187 98 250 108
0.283725 -0.108525 0.776600 -0.665909 0.427846 0.611156 42 182 205
0.234130 -0.011467 -0.062161 -0.985615 0.044073 0.163156 1 133 148
0.303705 0.206125 -0.487615 0.190858 -0.772470 0.605692 151 29 204
0.095605 -0.019150 -0.687388 -0.807139 -0.131150 0.575609 24 110 200
-0.340289 -0.242840 -0.564022 0.371016 0.928349 0.022692 174 245 130
-0.266924 -0.061804 -0.823849 0.409319 0.151080 0.899796 179 146 242
0.365718 0.111172 0.836123 -0.881439 -0.309791 -0.356503 15 88 82
-0.093122 -0.037258 0.236687 -0.583437 0.220783 0.781573 53 155 227
-0.000042 0.153599 -0.713686 -0.771613 -0.620373 -0.140540 29 48 109
0.268397 -0.255205 -0.646968 -0.277545 0.956278 0.092202 92 249 139
0.460340 0.020112 0.714451 -0.961596 -0.069349 0.265564 4 118 161
0.030315 -0.073228 0.264678 0.307655 0.911470 0.273075 166 243 162
0.220080 -0.262448 -0.660804 -0.305052 0.742804 0.595975 88 222 203
-0.091124 0.003161 -0.035287 -0.916033 0.112758 0.384929 10 141 176
-0.124486 -0.153043 0.151414 0.641037 0.729122 0.239694 209 220 158
0.318029 -0.209500 0.776559 0.101346 0.938855 0.329060 140 247 169
0.304152 -0.156165 -0.632236 -0.541658 0.652662 0.529754 58 210 195
-0.068771 0.183714 -0.084053 0.385512 -0.613472 -0.689226 176 49 39
0.145073 -0.068592 0.796569 0.438409 0.247626 -0.863990 183 159 17
0.242175 -0.362589 0.409465 -0.228368 0.950012 -0.212899 98 248 100
0.022202 -0.085071 -0.380870 -0.577093 0.422435 0.698937 53 181 216
-0.281237 -0.108823 -0.495691 0.663798 0.463057 -0.587324 212 186 52
-0.216125 -0.076243 -0.002432 -0.210545 -0.015548 0.977461 100 125 252
-0.483785 0.158700 -0.502637 0.933779 -0.355863 -0.037661 246 82 122
0.497515 -0.085538 -0.234055 -0.698181 0.570963 -0.431908 38 200 72
0.386267 -0.068300 -0.619975 -0.861062 -0.113664 0.495634 17 113 190
0.303766 0.116840 0.023462 0.118073 -0.453948 -0.883171 142 69 14
0.510031 0.344793 -0.432667 -0.146585 -0.968928 -0.199228 108 3 102
-0.141633 0.178858 -0.714721 -0.241737 -0.323296 0.914900 96 86 244
0.020547 -0.024248 0.654834 0.961965 0.093720 -0.256593 250 139 94
0.250347 -0.068702 0.808771 -0.674272 0.607754 -0.419515 41 204 74
-0.451624 -0.245636 -0.153426 0.452724 0.857187 0.245501 185 236 158
0.237300 -0.102017 -0.275693 -0.908581 0.380336 0.172700 11 175 149
0.014494 0.038503 0.570863 0.465127 -0.147925 -0.872797 186 108 16
-0.378638 -0.396775 -0.313755 0.238768 0.814522 0.528719 157 231 194
0.319351 -0.143808 -0.009970 0.360464 0.857657 -0.366730 173 236 80
-0.032783 -0.233219 -0.535370 0.237946 0.950846 -0.198175 157 248 102
-0.197769 -0.096957 -0.207370 0.041444 0.851150 -0.523283 132 236 60
0.390267 0.110885 -0.076990 -0.293562 -0.703520 0.647211 90 37 210
0.500922 -0.131533 0.770470 -0.926089 0.377050 -0.013891 9 175 125
0.420747 -0.280484 0.589907 -0.403118 0.912232 0.073003 76 243 136
0.308236 0.171015 -0.489909 -0.540720 -0.840446 -0.035681 58 20 122
0.335890 -0.110457 -0.117396 -0.553452 0.385665 0.738210 56 176 221
0.039225 0.143393 0.590733 0.544617 -0.531231 -0.648989 196 59 44
-0.112350 -0.157496 -0.609856 0.899813 0.416512 0.129828 242 180 144
-0.065253 0.156204 0.375511 -0.171934 -0.864881 -0.471613 105 17 67
0.375897 0.171881 -0.454785 0.037321 -0.936992 0.347353 132 8 171
0.134108 0.055425 0.201083 -0.904891 -0.179291 0.386039 12 104 176
0.201370 0.227920 0.784314 -0.141782 -0.984667 0.101629 109 1 140
-0.159655 -0.037765 -0.540590 0.761371 0.309424 0.569711 224 166 200
0.145195 0.233295 -0.425897 -0.597184 -0.670535 0.440175 51 42 183
-0.357288 0.011452 -0.729218 0.477956 0.013768 0.878276 188 129 239
-0.227330 -0.107481 -0.139812 -0.143279 0.284376 0.947946 109 163 248
-0.029435 0.175435 0.527137 -0.049501 -0.960855 -0.272593 121 4 92
0.107184 0.036690 0.860164 0.807838 -0.060039 -0.586339 230 119 52
0.311278 -0.159679 -0.340508 0.565455 0.465341 -0.680968 199 186 40
-0.184134 0.036382 -0.272913 -0.321168 -0.075755 0.943988 86 117 247
0.360612 -0.117802 -0.128442 -0.038556 0.686037 0.726544 122 214 220
-0.509042 -0.202592 -0.324102 0.811445 0.483787 -0.327883 230 189 85
0.256740 0.049642 0.796060 0.519954 -0.849699 -0.087515 193 19 116
-0.168390 -0.172479 0.036870 0.355023 0.554279 -0.752817 172 198 31
0.077828 -0.195163 -0.547322 -0.684726 0.727694 0.040148 40 220 132
-0.212166 -0.368002 -0.032519 -0.102231 0.992639 -0.064941 114 254 119
-0.172081 -0.004194 0.097066 -0.053543 -0.256299 -0.965113 120 94 4
0.408302 0.097542 0.190366 -0.898178 -0.172484 -0.404384 12 105 75
0.155645 0.151275 0.840033 0.883207 -0.454382 -0.116115 240 69 112
0.461224 -0.030208 -0.558368 -0.671025 0.531073 -0.517385 41 195 61
0.109374 -0.058473 0.639105 0.940073 0.338132 0.043926 247 170 133
-0.234635 0.013649 -0.049939 0.989112 -0.147010 0.006784 253 108 128
0.118220 0.215862 -0.560369 0.604133 -0.638073 -0.477374 204 46 66
0.237151 0.099213 0.840311 0.300710 -0.609872 -0.733232 165 49 34
0.080684 0.030592 0.688364 0.318667 -0.264062 0.910342 168 93 243
0.252319 0.095975 -0.562840 0.616221 -0.344412 0.708274 206 83 217
0.121717 0.193232 -0.712361 -0.428522 -0.598822 0.676596 72 51 213
0.246800 0.118168 0.000826 0.917023 -0.392665 -0.069872 244 77 118
0.399536 -0.207880 -0.548303 -0.721534 0.513410 0.464541 35 192 186
0.104810 0.187396 -0.119840 -0.469254 -0.847149 -0.249278 67 19 95
0.577779 0.053360 -0.508009 -0.853294 -0.041878 0.519746 18 122 193
0.174338 -0.071793 0.648124 0.060662 0.717585 0.693825 135 218 215
0.332387 -0.103773 0.681825 0.349889 0.934849 0.060287 172 246 135
-0.315832 -0.220102 0.008783 0.501748 0.860731 -0.085973 191 237 116
-0.370816 -0.263734 -0.184080 0.315451 0.807363 0.498654 167 230 191
-0.031347 0.000840 -0.785909 -0.500583 0.033938 0.865023 63 131 237
0.120217 -0.038008 0.521320 0.399267 0.052346 0.915339 178 134 244
-0.269680 -0.096007 0.007286 0.613340 0.366360 0.699710 205 174 216
-0.153848 0.092340 0.099512 0.620732 -0.433788 0.653085 206 72 210
0.090489 0.020600 0.694389 -0.099187 -0.257831 -0.961085 114 94 4
0.409225 0.014248 -0.231740 0.384190 -0.171484 0.907189 176 105 243
0.077624 -0.086496 0.855855 0.807626 0.340254 -0.481630 230 170 66
0.054260 -0.254774 0.131426 0.635955 0.589175 -0.498432 208 202 63
-0.177408 0.096277 -0.786029 0.368281 -0.448207 0.814542 174 70 231
-0.127572 -0.151534 -0.666753 0.764300 0.644809 -0.008184 224 209 126
-0.375462 0.168563 -0.535005 0.837197 -0.426281 -0.342616 234 73 83
-0.231308 0.176600 0.018767 0.639507 -0.580791 -0.503698 209 53 63
0.068384 -0.092680 -0.412033 0.480564 0.619790 -0.620418 188 206 48
-0.272724 0.139098 -0.243786 0.340645 -0.713423 0.612363 170 36 205
0.173760 -0.098187 0.728284 -0.605458 0.225626 -0.763226 50 156 30
-0.075667 -0.118654 0.276443 -0.573759 0.818633 -0.025302 54 231 124
-0.301606 -0.000468 -0.385654 0.672139 0.277798 -0.686336 213 162 39
0.306937 -0.003363 0.249324 -0.542485 -0.132688 0.829521 58 110 233
0.293736 0.025052 0.717924 -0.593814 0.535403 0.600607 51 195 204
-0.222199 0.176141 0.131592 0.762172 -0.641669 0.085764 224 45 138
0.415055 0.061876 0.760141 -0.697688 -0.064703 0.713474 38 119 218
0.320035 -0.021287 0.522660 -0.998153 -0.014240 0.059057 0 125 135
0.452087 -0.089431 -0.159491 -0.945525 0.001439 0.325545 6 127 169
0.184361 0.191264 0.124393 -0.727790 -0.685520 -0.019587 34 40 125
0.205310 0.098965 0.005890 -0.755513 -0.444328 0.481427 31 70 188
0.040875 0.132240 -0.149676 0.256672 -0.966492 -0.003679 160 4 127
-0.252362 -0.155305 0.053439 0.312794 0.892659 -0.324531 167 241 86
0.569139 0.265850 -0.302489 -0.733222 -0.640178 0.229252 34 45 156
0.198870 -0.184073 -0.385699 0.009935 0.806322 -0.591394 128 230 52
-0.254105 -0.174157 -0.117344 -0.421880 0.903989 0.069439 73 242 136
0.120354 -0.237965 0.058272 -0.608778 0.674846 0.417099 49 213 180
-0.014495 0.010850 0.515312 0.151192 0.249926 -0.956388 146 159 5
-0.032090 -0.123552 0.564070 0.598127 0.635778 -0.487883 203 208 65
0.156287 0.178090 0.644110 -0.026469 -0.859769 -0.509996 124 17 62
0.286228 0.065077 0.332124 -0.162186 0.021240 -0.986532 106 130 1
-0.435053 0.173706 -0.086520 0.941588 -0.272020 0.198536 247 92 152
-0.100633 -0.023550 -0.688978 -0.587166 0.081425 0.805361 52 137 230
0.114119 -0.072368 -0.772117 0.119368 0.211213 0.970124 142 154 251
-0.340192 -0.301627 -0.404206 0.479095 0.863661 -0.156709 188 237 107
-0.028161 -0.338732 -0.266463 -0.084015 0.897436 0.433070 116 241 182
0.328335 0.185892 0.742870 -0.798726 -0.597584 -0.070211 25 51 118
-0.183406 0.177949 -0.032004 -0.041741 -0.813331 0.580302 122 23 201
-0.445591 0.058671 -0.473978 0.836348 -0.107948 0.537466 234 113 196
0.249680 0.203621 -0.004041 -0.693939 -0.706856 -0.137122 39 37 110
-0.263527 -0.105611 -0.587547 0.949731 0.108231 -0.293764 248 141 90
0.352893 -0.058849 -0.064186 0.854083 0.496999 -0.153412 236 190 107
0.019903 0.141505 -0.727551 -0.326216 -0.635441 0.699856 85 46 216
0.204946 -0.080619 0.046429 -0.446469 0.668420 -0.594878 70 212 51
-0.006946 -0.120554 -0.087001 -0.209948 0.797149 0.566105 100 229 199
0.537999 0.063216 -0.164717 -0.251723 -0.040939 -0.966933 95 122 4
-0.449727 0.246568 -0.104007 0.663766 -0.743193 0.084133 212 32 138
-0.412734 0.121190 -0.158714 0.945949 -0.268872 -0.181349 248 93 104
-0.299711 -0.183730 0.022358 0.628895 0.644207 0.435304 207 209 183
0.168531 -0.007392 -0.644599 -0.001769 0.532319 -0.846542 127 195 19
-0.062355 0.208612 -0.782538 -0.433839 -0.509218 0.743291 72 62 222
0.246104 0.107034 0.821855 -0.070849 -0.979644 0.187822 118 2 151
0.511240 0.062548 0.963071 -0.972031 -0.046813 -0.230138 3 121 98
0.455627 -0.058951 -0.271506 -0.868624 0.194518 0.455691 16 152 185
0.187875 -0.052077 0.568806 -0.499654 0.376271 -0.780235 63 175 28
0.375121 -0.197980 0.348594 -0.754335 0.381409 0.534328 31 176 195
-0.336187 0.250969 -0.045464 0.568612 -0.795862 -0.208048 199 26 100
-0.023318 -0.152800 0.159265 0.051030 0.941184 -0.334018 134 247 84
0.128576 0.092008 -0.548069 0.965378 -0.192660 0.175864 250 102 149
0.461839 0.148699 -0.539714 -0.664460 -0.426707 0.613526 42 73 205
0.154426 0.059459 -0.511669 0.806898 -0.560088 0.187660 230 56 151
0.241196 0.168533 0.076833 0.585188 -0.621795 -0.520505 202 48 61
0.354897 -0.083129 0.940578 -0.800860 0.382064 -0.461140 25 176 68
-0.216712 0.213145 0.073365 0.086585 -0.996222 -0.006661 138 0 126
-0.277513 -0.177070 -0.006465 0.097984 0.776012 0.623060 139 226 206
0.343640 -0.118372 0.901423 -0.327225 0.561521 -0.760012 85 199 30
0.466942 -0.121004 0.573786 -0.883944 0.452863 -0.116440 14 185 112
0.275879 0.289577 0.683410 -0.131229 -0.984773 0.114021 110 1 142
0.412594 -0.154486 -0.465535 0.061535 0.968558 -0.241058 135 250 96
-0.033331 0.237043 0.433196 0.482963 -0.868329 -0.112921 189 16 113
-0.265523 -0.036968 0.139871 0.601742 0.213047 0.769752 204 154 225
0.405994 0.054637 0.884762 -0.792886 -0.608407 0.034232 26 49 131
-0.299554 -0.121170 0.078562 0.949053 0.204837 -0.239457 248 153 96
-0.434936 0.112691 -0.504677 0.930414 -0.330778 -0.157845 246 85 107
0.151813 -0.024941 0.256833 -0.175277 0.130024 -0.975895 105 144 3
0.371426 -0.016937 0.767422 -0.421811 -0.324311 0.846699 73 86 235
0.214991 -0.165305 0.483439 -0.129233 0.699051 -0.703297 111 216 37
0.169142 -0.095066 0.431076 -0.952998 0.289073 0.090728 5 164 139
0.437769 -0.169448 -0.226287 -0.353683 0.635765 -0.686084 82 208 40
0.398365 -0.126075 -0.688193 -0.851026 0.411179 0.326629 18 179 169
0.420882 -0.253976 0.943682 -0.033946 0.965876 -0.256772 123 250 94
-0.369136 -0.357302 -0.233079 0.221066 0.962556 0.156897 155 250 147
-0.111548 0.098631 0.160608 -0.894729 -0.441611 -0.066636 13 71 119
-0.167794 0.127132 -0.765514 0.086046 -0.627885 0.773535 138 47 226
-0.219356 0.037727 -0.419296 0.578744 -0.442462 0.685042 201 71 214
0.096623 -0.097128 0.717577 0.845708 0.304785 -0.438045 235 166 71
0.526419 -0.218227 -0.478341 -0.207962 0.894780 0.395120 100 241 177
0.162286 0.032217 0.723912 0.237591 0.008718 -0.971326 157 128 3
0.292981 0.160966 0.031371 -0.647444 -0.543308 -0.534447 44 58 59
-0.247252 0.032383 0.052797 -0.242480 -0.083130 -0.966588 96 116 4
0.044803 -0.054829 -0.771701 -0.014627 0.038837 0.999138 125 132 254
-0.302870 -0.142080 -0.664020 0.531540 0.688797 0.492974 195 215 190
-0.168165 0.187351 0.209061 0.548903 -0.806120 -0.221080 197 24 99
0.497775 0.170467 -0.161923 -0.609169 -0.465778 0.641844 49 68 209
0.348944 -0.189583 0.518129 0.049058 0.949844 -0.308853 133 248 88
-0.055947 0.165242 -0.389727 0.317172 -0.240514 -0.917363 167 96 10
0.308306 0.155822 0.659847 -0.179918 -0.798089 -0.575051 104 25 54
0.208703 0.126345 0.809337 0.775031 -0.572118 -0.268345 226 54 93
0.359172 0.143092 0.737304 -0.698049 -0.375634 0.609612 38 79 205
-0.121591 -0.097129 0.202099 0.296826 0.910606 0.287561 165 243 164
0.280573 0.081498 -0.718051 -0.154843 -0.238846 0.958633 107 97 249
-0.055160 0.015741 -0.791251 -0.205790 -0.055631 0.977014 101 120 252
-0.216098 0.031088 -0.122786 0.934154 0.033493 -0.355294 246 131 82
-0.225151 -0.200807 -0.371659 -0.224958 0.952092 -0.207156 98 248 101
-0.329383 0.096454 -0.655900 0.367000 -0.283919 0.885833 174 91 240
-0.359479 0.380580 -0.471965 0.161439 -0.739967 0.652982 148 33 210
-0.420348 0.213318 -0.422792 0.478769 -0.833667 0.275283 188 21 162
0.025271 -0.345903 0.569084 -0.237302 0.855160 -0.460858 97 236 68
-0.314322 0.074263 0.057931 0.859412 -0.488388 0.151289 237 65 146
0.468880 -0.149294 -0.428971 -0.503558 0.435848 -0.745966 63 183 32
0.344085 -0.171488 -0.292132 0.205440 0.934898 0.289413 153 246 164
0.391789 -0.093607 -0.227824 -0.570801 0.628288 0.528622 54 207 194
0.093948 -0.184351 0.404519 -0.037623 0.996109 0.079700 122 254 137
-0.345392 0.159286 -0.598831 0.642319 -0.739279 0.202219 209 33 153
-0.318174 -0.358408 -0.059926 0.398025 0.877417 -0.267797 178 239 93
0.581368 -0.163249 -0.260022 -0.833540 0.452642 -0.316744 21 185 87
0.480182 0.360067 -0.261803 -0.382305 -0.924009 -0.007169 78 9 126
0.210162 0.243674 -0.630980 0.635858 -0.766154 0.093232 208 29 139
0.226210 0.099578 -0.258212 0.513050 -0.433198 -0.741026 192 72 33
0.471424 -0.070847 -0.457183 0.387731 0.677765 -0.624739 176 213 47
0.177029 -0.127323 -0.333800 0.018514 0.339849 0.940298 129 170 247
-0.356128 -0.123807 -0.235638 0.466047 0.548057 -0.694575 186 197 38
-0.025291 0.241904 0.422301 0.137640 -0.983158 -0.120233 145 2 112
0.258268 -0.163791 -0.104450 -0.126507 0.939458 0.318457 111 247 168
0.445327 0.113348 0.022781 -0.940584 -0.229852 0.249941 7 98 159
0.469711 0.294600 -0.200694 -0.589209 -0.765195 0.259441 52 29 160
0.437001 -0.024359 0.777801 -0.952497 0.210699 0.219900 6 154 155
-0.281821 0.201764 -0.008404 -0.235402 -0.969223 -0.072061 97 3 118
0.120681 0.041805 0.651451 0.357437 -0.863836 0.355002 173 17 172
-0.067891 -0.264739 -0.099585 0.564911 0.728252 0.387974 199 220 176
-0.048956 -0.057985 -0.137047 -0.828400 0.204069 0.521641 21 153 194
0.391416 -0.013735 0.618347 -0.857108 -0.103083 -0.504718 18 114 63
0.419832 0.005270 -0.599999 -0.810151 -0.133390 0.570844 24 110 200
0.434943 0.088376 -0.372618 0.199986 -0.959542 -0.198206 152 5 102
0.265058 -0.248872 -0.680897 0.203633 0.749612 0.629775 153 223 207
0.181100 -0.132602 -0.736438 -0.761164 0.193138 0.619134 30 152 206
-0.311109 -0.227755 -0.405375 0.725823 0.555198 -0.406123 220 198 75
0.295520 -0.142520 0.891310 0.165804 0.830351 -0.532003 148 233 59
0.306544 0.061595 -0.590087 -0.524260 -0.712440 -0.466455 60 36 68
-0.146521 -0.066346 -0.671750 0.662261 0.539158 -0.520307 211 196 61
0.298375 0.170691 -0.198778 -0.644277 -0.671645 -0.365786 45 41 80
0.393582 0.063566 -0.142072 -0.565215 -0.741178 0.362198 55 32 173
0.441228 0.112821 0.780113 -0.544746 -0.457316 0.702933 58 69 217
-0.348762 -0.167655 -0.477699 0.206617 0.416411 0.885388 153 180 240
-0.086938 0.106623 0.384761 0.395805 -0.742134 0.540902 177 32 196
-0.217168 -0.093728 -0.165983 0.838169 0.297812 -0.456926 234 165 69
-0.043259 0.135492 -0.070522 0.847373 -0.530180 0.029482 235 59 131
-0.336762 0.027702 -0.137818 0.664037 -0.269555 -0.697420 212 93 38
-0.292070 0.046543 -0.075421 -0.529406 -0.659776 0.533315 60 43 195
0.341961 -0.052805 0.752687 -0.680078 0.477030 -0.556719 40 188 56
-0.139332 0.104970 0.064616 -0.728475 -0.465935 0.502224 34 68 191
-0.439793 0.161161 -0.149052 0.847413 -0.393332 -0.356625 235 77 82
-0.267075 0.101122 -0.212819 0.728971 -0.683107 0.044346 220 40 133
-0.182394 0.048600 0.302581 0.517654 0.035413 -0.854857 193 132 18
0.518525 -0.022239 -0.104974 -0.900039 0.200594 -0.386901 12 153 78
0.213558 0.057792 0.621517 0.164709 -0.386073 0.907644 148 78 243
-0.230408 -0.236238 -0.584748 0.430793 0.892866 -0.131176 182 241 110
0.546468 -0.215493 0.005975 -0.825124 0.564892 0.008223 22 199 128
-0.092257 -0.206155 -0.721711 0.743921 0.620353 0.248485 222 206 159
0.198072 0.267085 0.431886 0.195764 -0.924734 0.326411 152 9 169
0.146668 0.111003 0.857197 0.413918 -0.326393 -0.849788 180 85 19
-0.148548 0.009327 0.094045 -0.501782 -0.198118 -0.842000 63 102 20
0.177550 0.186012 -0.116533 -0.130719 -0.849912 0.510453 110 19 192
-0.305167 0.233260 -0.188410 -0.355399 -0.715175 0.601844 82 36 204
0.172525 0.045199 -0.310501 0.693788 -0.223854 -0.684505 215 98 40
0.020691 0.111504 -0.040637 -0.857561 -0.507628 -0.083088 18 62 116
0.295780 0.004324 0.646229 0.023955 0.131624 -0.991010 130 144 1
0.331538 -0.065890 -0.319848 -0.784904 0.240167 0.571179 27 158 200
0.323501 0.053133 0.836255 -0.339580 -0.481044 0.808259 84 66 230
0.130751 -0.035612 0.658441 -0.825277 0.564705 0.005168 22 199 128
-0.190793 -0.153287 0.255843 0.387901 0.510610 -0.767340 176 192 29
-0.339604 -0.015429 -0.204631 -0.861568 0.398121 0.314962 17 178 167
0.387519 -0.079441 -0.706548 -0.737469 0.375378 0.561455 33 175 199
0.092272 0.039492 -0.654971 0.591664 -0.663281 0.458249 202 42 185
-0.254141 -0.208349 0.159216 0.645165 0.764041 -0.002011 209 224 127
-0.039999 -0.129744 0.667601 0.733516 0.370236 -0.569982 221 174 54
0.258343 0.176596 0.065074 -0.611231 -0.541973 0.576768 49 58 201
-0.371961 -0.093547 -0.189443 0.600778 0.209667 0.771431 204 154 225
-0.055096 0.171799 0.382514 0.592285 -0.373763 0.713792 203 79 218
-0.362097 0.295134 -0.585512 -0.072275 -0.986976 0.143717 118 1 145
-0.395444 -0.135770 -0.296710 0.746207 0.284661 -0.601784 222 163 50
-0.202045 -0.228420 0.065073 0.377349 0.580941 -0.721190 175 201 35
0.368953 -0.194435 -0.263646 -0.518860 0.812984 0.264273 61 231 161
0.332675 0.186791 0.863940 -0.501261 -0.826021 -0.257735 63 22 94
-0.218410 0.055445 -0.024230 0.067864 -0.616643 0.784312 136 48 227
-0.247588 -0.100508 -0.739143 -0.078632 0.281488 0.956337 117 163 249
-0.018533 -0.081141 0.314264 0.666355 0.116259 -0.736515 212 142 33
0.451743 0.332084 -0.352459 -0.403257 -0.898489 -0.173500 76 12 105
-0.246774 -0.097033 0.050813 0.404441 0.897870 0.173944 179 241 149
-0.447232 -0.145533 -0.651631 0.847099 0.359099 0.391754 235 173 177
0.197255 -0.044383 0.131064 -0.787545 -0.125535 -0.603336 27 111 50
-0.290517 -0.003940 0.066015 0.897536 0.227470 -0.377738 241 156 79
-0.119761 -0.197735 0.254402 0.422732 0.610135 -0.670099 181 205 42
-0.037864 0.079325 0.079354 -0.735204 -0.158385 0.659083 33 107 211
-0.270103 0.071078 0.018159 0.880972 -0.198042 -0.429730 239 102 72
0.047565 -0.073429 -0.019082 0.975636 0.194021 -0.102422 251 152 114
0.432188 -0.135647 0.890679 -0.646307 0.589405 -0.484654 45 202 65
0.309031 0.107211 0.812724 0.110898 -0.786986 -0.606923 141 27 50
0.461968 -0.054725 -0.031862 -0.486103 0.711548 -0.507349 65 218 62
0.106785 0.227589 0.243017 0.210781 -0.776065 -0.594386 154 28 51
-0.199353 0.046064 0.066258 -0.998774 -0.049480 0.001619 0 121 127
0.261374 0.132458 -0.563073 0.268643 -0.589022 -0.762158 161 52 30
0.162276 -0.024746 0.066069 -0.900324 -0.025475 0.434475 12 124 182
-0.267325 -0.031759 0.008450 0.528268 0.018224 0.848882 194 129 235
0.167596 -0.122547 0.897522 0.758856 0.427570 -0.491245 224 182 64
-0.289628 -0.087032 -0.464488 -0.165333 0.033697 -0.985662 106 131 1
0.233671 0.071476 0.645146 0.358251 -0.276686 -0.891684 173 92 13
-0.213290 0.184133 0.081652 0.475596 -0.730522 -0.490047 188 34 65
0.273860 0.174297 -0.534516 -0.284845 -0.452622 0.844983 91 69 235
-0.303703 0.005213 -0.736723 0.632892 -0.388629 0.669638 208 77 212
-0.261846 0.048062 0.148236 0.930234 -0.145604 -0.336844 246 108 84
0.222466 0.144655 0.242185 -0.295792 -0.572987 -0.764325 89 54 30
-0.068356 0.073764 -0.304482 0.095260 -0.886215 -0.453375 139 14 69
-0.431880 0.037581 -0.001221 0.868888 -0.151109 -0.471380 238 108 67
-0.095100 0.268395 -0.742599 -0.433698 -0.881348 0.187432 72 15 151
-0.075714 0.150862 -0.165076 0.212525 -0.964290 -0.158043 154 4 107
-0.204622 0.003089 -0.083109 -0.664828 -0.528601 -0.527812 42 60 60
0.225536 -0.062178 0.503186 -0.733783 0.424293 -0.530601 33 181 59
0.167058 -0.194980 -0.435350 0.745847 0.477418 -0.464526 222 188 68
-0.201114 0.143526 -0.089576 -0.138547 -0.989001 -0.051789 109 1 120
-0.340365 -0.029274 -0.287933 0.438011 0.046432 -0.897770 183 133 13
-0.185723 0.132905 -0.321009 -0.451465 -0.328751 0.829519 69 85 233
-0.301841 0.083421 -0.068635 0.963092 -0.242619 -0.116578 250 96 112
0.196930 -0.158206 0.652717 -0.603803 0.742744 0.289402 50 222 164
0.056024 0.043376 0.677653 0.343052 -0.145838 -0.927926 171 108 9
0.105270 0.117531 -0.731085 -0.658843 -0.472620 0.585284 43 67 202
-0.121637 0.121260 -0.598899 -0.376758 -0.204187 0.903527 79 101 242
0.359810 -0.263229 -0.396241 -0.735795 0.586523 0.338521 33 202 170
0.542944 -0.124047 -0.358628 -0.969143 0.220681 0.109822 3 155 141
-0.181699 0.010354 0.075644 0.424440 -0.174731 0.888437 181 105 240
0.424866 -0.079570 -0.167157 -0.453806 0.355502 -0.817116 69 172 23
0.365898 0.130413 0.843078 -0.385188 -0.922150 0.035639 78 9 132
0.341556 0.115806 -0.182444 -0.527340 -0.585551 -0.615664 60 52 49
0.405981 -0.075429 0.705120 -0.854132 0.445852 0.267721 18 184 161
0.467783 -0.030698 -0.233688 -0.444167 -0.000023 0.895944 70 127 241
-0.418216 -0.041072 -0.460682 0.798761 -0.054399 0.599183 229 120 203
0.486391 0.260497 -0.365488 -0.457735 -0.887427 0.054336 69 14 134
0.159834 0.207155 0.710226 -0.465569 -0.829585 -0.308276 68 21 88
0.107356 0.075238 0.359219 -0.908659 -0.416375 -0.031165 11 74 123
0.279260 -0.269570 -0.288796 0.004332 0.875743 0.482758 128 239 189
-0.296043 -0.108081 0.022180 -0.359007 0.686479 0.632346 81 215 208
0.385967 -0.097595 -0.617781 -0.610879 0.376472 0.696488 49 175 216
-0.134488 0.103144 -0.734867 -0.472717 -0.478452 0.740015 67 66 221
0.272679 -0.180576 0.707194 -0.470153 0.782975 -0.407317 67 227 75
0.379299 -0.329768 0.736021 -0.594423 0.803439 -0.033862 51 229 123
-0.022652 0.097970 0.543560 0.443270 -0.876824 -0.186257 184 15 103
-0.286409 -0.094177 -0.509852 -0.327511 0.565253 0.757117 85 199 224
0.458638 0.002605 -0.219961 0.674193 -0.141298 -0.724913 213 109 35
0.217660 -0.039050 -0.688941 -0.788835 0.487109 0.374786 26 189 175
-0.178729 0.179198 -0.194088 -0.216800 -0.675560 -0.704710 99 41 37
0.429087 0.032662 0.807933 -0.837658 0.007073 0.546149 20 128 197
-0.147248 -0.068293 -0.584178 0.583692 0.332704 -0.740684 201 169 33
0.077562 -0.055140 -0.724061 -0.797411 0.563543 0.215765 25 199 155
-0.374050 -0.109132 0.104427 0.856980 0.332179 -0.394008 236 169 77
0.383400 0.239898 -0.119602 -0.754481 -0.647914 -0.104716 31 44 114
0.009817 -0.309927 -0.664000 0.452116 0.852282 -0.263073 185 236 93
-0.306102 -0.223704 0.053367 0.534483 0.836239 0.122607 195 234 143
0.361913 -0.018617 -0.684321 0.291569 0.098280 0.951488 164 140 248
-0.090020 0.128516 0.104476 -0.523052 -0.564771 -0.638318 60 55 46
-0.404724 -0.078793 -0.494959 0.705490 0.166287 -0.688936 217 148 39
-0.062367 0.115531 0.165678 0.778437 -0.613234 -0.134089 226 49 110
0.177448 0.072063 -0.502249 -0.318896 -0.721324 -0.614815 86 35 49
0.040794 -0.242562 -0.570552 -0.262982 0.925637 -0.272096 93 245 92
-0.127390 -0.184064 0.038643 -0.817774 0.371578 0.439518 23 174 183
0.261382 -0.110675 0.868701 0.283727 0.670573 -0.685442 163 212 40
-0.032547 0.015818 0.430717 -0.739265 -0.522951 0.424275 33 60 181
-0.128595 -0.231444 0.170344 -0.422219 0.711497 0.561697 73 218 199
-0.232640 -0.139527 0.164501 0.854428 0.248834 -0.456109 236 159 69
-0.165540 0.223730 -0.128059 -0.555424 -0.760867 0.335537 56 30 170
0.040169 -0.070851 0.815580 0.970078 0.101709 -0.220465 251 140 99
0.170543 0.210864 0.792243 0.545594 -0.837700 -0.024194 197 20 124
-0.266921 0.058148 -0.112595 0.664763 -0.266455 -0.697920 212 93 38
-0.357121 -0.109235 -0.190130 0.253293 0.603415 -0.756130 159 204 31
0.197968 0.153390 0.792909 -0.115159 -0.753167 -0.647671 112 31 44
0.378425 0.041922 -0.482442 0.772527 -0.178373 0.609414 225 104 205
0.503085 0.126857 -0.361377 -0.390358 -0.751104 0.532413 77 31 195
-0.289131 -0.075565 -0.405512 0.934582 0.262769 -0.239811 246 161 96
-0.225698 -0.066500 -0.027875 0.860925 0.319866 -0.395593 237 168 77
0.436417 0.092610 0.846388 -0.312828 -0.380825 -0.870121 87 78 16
0.278447 0.002942 0.625009 -0.932193 -0.189688 0.308279 8 103 166
0.275447 -0.117747 -0.682332 -0.942304 0.152213 0.298152 7 146 165
0.433803 0.034302 0.278776 -0.720250 -0.290336 0.630035 35 90 207
-0.000658 -0.102898 0.277586 0.902142 0.211602 -0.375984 242 154 79
-0.424881 -0.265681 -0.430192 0.711168 0.670118 0.212561 218 212 154
0.202411 0.115441 -0.658374 -0.713265 -0.620723 0.325511 36 48 169
-0.211467 -0.174316 -0.545766 -0.530722 0.742106 -0.409406 59 222 75
0.028392 -0.098592 -0.731349 0.561336 0.171178 0.809691 199 149 230
0.473522 0.043006 0.788455 -0.905191 -0.012489 -0.424821 12 125 73
-0.022741 -0.019699 0.501753 0.243182 0.292017 0.924980 158 164 245
0.007483 -0.013517 0.498796 0.925373 -0.030702 0.377812 245 123 175
0.268300 -0.250950 0.436964 -0.382461 0.881263 0.277666 78 239 162
-0.149687 0.045695 -0.008865 -0.228630 -0.202591 0.952200 98 101 248
0.018799 0.241764 -0.381619 0.034610 -0.736751 0.675278 131 33 213
-0.349218 -0.030684 0.058045 0.945953 0.166831 -0.278102 248 148 92
0.419866 0.155666 -0.327144 0.770757 -0.635115 -0.050611 225 46 121
-0.275740 -0.024966 0.002065 0.437373 -0.048404 -0.897977 183 121 13
0.493936 -0.227685 -0.146180 -0.721502 0.681632 -0.121709 35 214 111
0.021406 0.019206 -0.625185 0.890125 -0.097647 -0.445131 240 115 70
-0.350430 0.116552 -0.296489 -0.267998 -0.958151 0.100613 93 5 140
-0.167720 -0.074201 -0.720935 0.002215 0.145744 0.989320 127 146 253
-0.116158 0.191307 -0.588998 0.688281 -0.690914 -0.221148 215 39 99
-0.036035 0.166161 -0.718108 0.525061 -0.679188 0.512850 194 40 192
-0.213742 -0.224214 0.192637 0.037419 0.763586 0.644621 132 224 209
0.262585 0.028552 0.768758 0.207594 -0.635774 -0.743435 153 46 32
-0.117822 -0.059777 0.606014 0.796013 0.169302 -0.581119 228 149 53
-0.236397 -0.061349 -0.662438 0.459313 0.819722 0.342180 186 232 171
0.137893 0.078118 0.610109 -0.518477 -0.418871 0.745473 61 74 222
-0.175011 -0.008028 -0.490434 -0.515324 -0.045248 0.855800 61 121 236
0.439297 -0.289988 0.102849 -0.554735 0.809764 -0.191184 56 230 103
0.202252 -0.160733 -0.686714 -0.079380 0.686915 0.722390 117 215 219
0.412580 -0.071084 -0.390024 -0.695814 0.192260 0.692011 38 152 215
0.635119 0.043787 -0.103142 -0.995560 -0.006182 -0.093924 0 126 115
0.156089 0.219864 -0.662949 0.206143 -0.916166 0.343723 153 10 171
-0.228237 -0.091209 -0.255440 0.679390 0.625097 0.384296 214 207 176
-0.366703 0.188366 -0.072928 0.578257 -0.815853 0.001729 201 23 127
-0.183310 0.003827 -0.357422 0.846754 0.159874 -0.507394 235 147 62
0.217982 -0.196336 0.835064 0.016418 0.816317 0.577371 129 231 201
0.373936 0.469860 0.838479 0.096449 -0.985041 -0.142800 139 1 109
-0.024727 -0.019059 -0.167416 -0.917179 0.384699 -0.103875 10 176 114
-0.123090 -0.014499 -0.770709 0.351278 -0.197180 0.915273 172 102 244
-0.297048 0.024165 -0.205854 0.607664 0.049727 0.792636 204 133 228
0.393938 0.194596 0.850356 -0.647390 -0.743597 0.167181 44 32 148
0.600065 -0.198053 -0.183509 -0.934662 0.347459 -0.075363 8 171 117
0.196716 -0.006889 -0.242619 0.619008 0.045703 0.784054 206 133 227
0.472680 -0.083280 -0.512351 -0.912969 0.401374 -0.073391 11 178 118
0.516787 -0.143172 -0.407227 -0.509718 0.335697 0.792146 62 170 228
-0.278016 0.107635 0.015902 0.089330 -0.989890 0.110172 138 1 141
0.471571 -0.235265 -0.143312 -0.499054 0.696516 -0.515569 63 216 61
-0.231941 0.333262 0.153689 0.659035 -0.740462 -0.131867 211 33 110
-0.171147 -0.046434 0.372841 0.813019 0.113389 0.571090 231 141 200
0.112129 0.086086 0.546805 -0.891057 -0.437280 0.121673 13 71 143
-0.329314 0.011365 -0.067303 -0.358950 -0.566189 -0.742014 81 55 32
0.582713 -0.000863 0.826530 -0.984410 0.159656 -0.073798 1 147 118
0.140453 0.183198 -0.436842 -0.024932 -0.885094 -0.464744 124 14 68
-0.024735 0.036615 0.492022 -0.789971 0.449628 -0.416871 26 184 74
-0.000794 -0.215248 0.507311 -0.126367 0.972369 0.196289 111 251 152
0.209327 0.175520 -0.716294 -0.729152 -0.420638 0.539815 34 73 196
-0.358205 0.235376 -0.249564 0.552307 -0.833482 -0.016296 197 21 125
0.277857 0.040722 -0.338475 -0.451706 -0.088298 0.887786 69 116 240
-0.225408 -0.099937 0.123826 0.531901 0.627859 -0.568220 195 207 55
-0.249422 -0.044285 0.068142 0.433799 0.553604 0.710873 182 198 218
0.408080 0.078237 0.529206 -0.973156 -0.130703 -0.189430 3 110 103
0.406393 0.129033 -0.550986 -0.453989 -0.594156 0.663983 69 51 212
0.324587 0.066362 0.860295 -0.211674 -0.857605 -0.468729 100 18 67
0.538201 -0.119366 -0.271728 -0.998899 0.030844 0.035348 0 131 132
0.097652 0.296153 0.266510 -0.418989 -0.860217 -0.290645 74 17 90
0.307840 -0.162140 -0.558516 -0.552362 0.452402 0.700164 57 185 216
-0.217809 -0.089730 -0.761558 -0.319293 0.678884 0.661187 86 214 211
-0.362846 -0.237700 -0.056113 0.760212 0.649227 -0.024127 224 210 124
-0.014393 -0.116564 0.460277 -0.156150 0.882955 -0.442727 107 240 71
-0.002627 0.261563 -0.091923 0.553318 -0.790531 -0.262487 198 26 94
0.018645 0.010663 -0.755525 -0.782506 -0.054204 0.620279 27 120 206
-0.364581 -0.076933 -0.446913 0.681373 0.469992 -0.561105 214 187 55
0.251815 0.016348 0.580157 -0.663604 -0.532708 0.525217 42 59 194
0.157017 -0.162846 0.753345 0.700531 0.704860 -0.111481 216 217 113
-0.281998 -0.145677 0.296230 0.881551 0.348112 0.318881 239 171 168
0.079916 0.318467 -0.061418 0.412159 -0.747382 0.521101 180 32 193
-0.317656 0.001632 -0.475542 -0.285840 0.443785 0.849323 91 184 235
0.188511 0.148680 0.151667 0.614376 -0.787936 0.041208 205 27 132
-0.148220 0.157467 0.098434 0.592426 -0.683760 0.426033 203 40 181
0.241387 -0.057460 0.831665 0.272091 0.260517 -0.926335 162 160 9
0.499489 -0.080657 -0.370526 -0.799825 0.589934 0.110713 25 202 141
0.565959 -0.095998 -0.354709 -0.857284 0.344218 0.382856 18 171 176
0.200010 -0.029817 0.575279 0.611998 -0.170819 -0.772191 205 105 29
-0.191124 -0.242831 0.060085 0.661069 0.663242 -0.350852 211 212 82
0.519641 -0.190669 -0.334551 -0.604685 0.683391 0.409064 50 214 179
-0.186499 -0.153442 -0.001837 0.588565 0.709580 -0.387412 202 217 78
0.113522 -0.052930 0.698863 0.314813 0.270651 -0.909748 167 162 11
0.467241 -0.258729 0.891492 -0.617862 0.762536 -0.191795 48 224 103
0.131331 -0.087998 0.162903 -0.653988 0.234765 -0.719156 44 157 35
0.271298 -0.141513 0.797181 0.073130 0.842449 0.533790 136 234 195
-0.336596 0.110198 -0.066398 0.798964 -0.581028 -0.155121 229 53 107
-0.152741 -0.144484 0.135279 -0.812485 0.429635 0.394059 23 182 177
-0.147286 0.095175 -0.384834 -0.432876 -0.341938 0.834084 72 83 233
0.071887 0.074179 0.150955 0.636880 -0.302347 -0.709204 208 88 37
-0.250287 0.066795 0.087747 0.416352 -0.165882 -0.893943 180 106 13
-0.385630 -0.263182 -0.614950 0.127106 0.679356 0.722717 143 214 219
0.315268 -0.285496 -0.099463 -0.014693 0.873564 -0.486488 125 238 65
-0.084748 -0.111253 0.132045 -0.622918 0.460938 -0.632068 48 186 46
0.276410 0.039755 0.764855 -0.696389 -0.587380 -0.412344 38 52 74
0.148970 -0.128362 0.565954 -0.625644 0.558476 -0.544678 47 198 58
0.365848 -0.002223 1.017018 0.589924 0.094626 -0.801895 202 139 25
0.085513 -0.041206 -0.663190 -0.064906 0.172706 -0.982833 119 149 2
0.109272 0.198651 -0.735319 0.426390 -0.889294 0.165374 181 14 148
-0.419713 0.189584 -0.241847 0.507281 -0.809738 -0.294943 192 24 89
-0.076307 0.258774 -0.664408 0.053081 -0.950032 0.307607 134 6 166
0.497178 -0.216888 -0.309196 -0.677192 0.735007 -0.034299 41 221 123
-0.430086 -0.349276 -0.275121 0.634257 0.773046 0.010817 208 226 128
-0.214167 0.063751 -0.744720 0.215973 -0.131531 0.967500 155 110 250
0.417746 -0.091140 0.836451 -0.320117 0.374001 0.870430 86 175 238
-0.263587 0.096395 0.208337 0.725295 -0.210537 -0.655456 219 100 43
0.073038 -0.063827 0.707439 0.747683 0.401924 -0.528609 222 178 60
0.116551 -0.109941 0.296323 -0.630330 0.521490 0.575093 47 193 200
-0.235247 0.035200 0.085745 0.540426 -0.207846 -0.815316 196 100 23
-0.335365 -0.153981 -0.416371 0.887097 0.453978 0.083439 240 185 138
0.316060 0.200509 -0.431294 0.796982 -0.603959 0.007277 229 50 128
0.050715 0.281936 -0.554285 0.304548 -0.938144 -0.164730 166 7 106
0.230472 -0.066508 0.265334 -0.842306 0.106698 0.528333 20 141 194
-0.028914 -0.251660 0.340496 -0.244061 0.838147 -0.487795 96 234 65
0.122645 0.116226 0.368984 0.658147 -0.593557 -0.463178 211 51 68
-0.126146 0.182540 0.302471 0.075530 -0.993314 0.087304 137 0 138
-0.013059 0.138980 0.299206 0.027791 -0.913396 -0.406122 131 11 75
-0.049594 -0.174932 -0.723345 0.192302 0.936303 0.293863 152 246 164
0.523470 -0.265112 -0.339220 -0.229272 0.970587 -0.073457 98 251 118
-0.124659 0.077990 -0.052585 -0.850268 -0.158586 0.501891 19 107 191
-0.131494 -0.132437 0.053731 -0.220284 0.749576 -0.624188 99 223 47
-0.230334 -0.038010 -0.506459 0.463074 0.530812 0.709789 186 195 217
0.340408 0.101748 0.787855 0.223286 -0.594633 0.772370 155 51 225
0.309976 -0.039964 -0.035163 -0.932405 0.223992 0.283634 8 156 163
-0.279180 0.008414 0.034274 0.754568 0.242145 -0.609912 223 158 49
0.269739 -0.066810 0.934797 0.363693 0.004293 -0.931509 173 128 8
-0.101766 0.126438 0.331906 0.291178 -0.832235 0.471805 164 21 187
-0.429897 -0.020868 -0.386120 0.628056 0.727979 -0.274942 207 220 92
0.467388 -0.182039 -0.438587 -0.476011 0.879377 0.010456 66 239 128
-0.029331 0.174176 -0.030218 0.613618 -0.557562 0.559104 205 56 198
0.374010 0.023331 0.824236 -0.762278 -0.097642 0.639843 30 115 209
-0.278078 0.313215 -0.538356 0.136082 -0.973859 0.181881 144 3 150
-0.156117 0.211954 -0.021717 0.433228 -0.450487 0.780625 182 70 227
0.504124 -0.103451 0.911948 -0.941177 0.337276 0.020771 7 170 130
0.279752 -0.190866 -0.260527 -0.443043 0.734398 -0.514172 71 221 61
-0.315915 -0.152389 0.049138 0.805958 0.541769 -0.238577 230 196 97
0.213969 -0.101921 -0.631903 0.451902 0.400369 0.797176 185 178 229
0.500801 0.184762 -0.353544 -0.794201 -0.598785 0.103443 26 51 140
-0.372713 -0.267715 -0.408365 0.481877 0.860048 -0.167668 188 237 106
-0.538918 0.311926 -0.304733 0.859025 -0.480202 -0.177432 237 66 104
-0.172784 -0.303309 -0.680252 -0.475324 0.537659 0.696412 66 196 216
0.148648 0.240881 0.007639 0.411312 -0.903979 0.116810 179 12 142
-0.148342 0.057262 -0.068424 0.482511 0.022806 -0.875593 189 130 15
-0.291001 0.141487 0.093462 0.912830 -0.257737 0.316723 243 94 167
-0.303586 -0.253390 0.073636 0.396601 0.647233 -0.650998 178 210 44
0.309237 0.128152 0.815729 0.210996 -0.977170 -0.024894 154 2 124
-0.285486 0.059175 -0.004678 0.786623 -0.076295 -0.612701 227 117 49
-0.000977 -0.092984 -0.432056 0.431622 0.162827 -0.887237 182 148 14
-0.390662 -0.275638 -0.153102 0.438477 0.872577 -0.215283 183 238 100
0.357831 -0.184150 0.829342 -0.158560 0.694135 -0.702165 107 216 37
-0.199590 -0.103625 -0.558167 0.246607 0.322065 0.914034 158 168 244
-0.287426 -0.202514 -0.258438 -0.141953 0.951846 0.271732 109 248 162
-0.134126 0.060051 0.116802 0.862987 -0.188030 -0.468933 237 103 67
0.428646 -0.173793 -0.123473 -0.689055 0.704788 -0.168750 39 217 105
0.348055 0.059353 -0.679253 -0.773791 -0.191297 0.603865 28 103 204
-0.206754 0.103033 -0.372101 -0.138189 -0.976092 0.167774 109 3 148
-0.182521 -0.005437 -0.101484 -0.881137 -0.293438 0.370800 15 90 174
0.391438 -0.237495 -0.439947 0.091093 0.891259 -0.444252 139 241 70
-0.171156 -0.030322 -0.595205 0.538417 0.830538 -0.142526 196 233 109
0.493374 0.165139 -0.599608 -0.900936 -0.432686 -0.033114 12 72 123
0.322071 -0.015092 -0.781775 -0.557426 0.002386 0.830223 56 127 233
-0.118939 0.206408 0.193880 0.422578 -0.863735 0.274574 181 17 162
0.065833 -0.188061 -0.749605 -0.609518 0.723970 0.323042 49 219 168
-0.427921 0.070768 -0.492512 0.818292 -0.431768 0.379440 231 72 175
-0.321049 0.006945 0.057910 0.835329 -0.380067 -0.397207 234 79 76
0.436812 -0.136924 -0.514514 -0.640418 0.417461 0.644663 45 180 209
-0.238167 -0.164620 -0.521392 -0.075271 0.931375 -0.356196 117 246 82
0.205417 -0.031389 -0.297113 0.990950 -0.012355 0.133663 253 125 144
-0.324885 -0.238104 -0.610863 0.328938 0.684405 0.650684 169 214 210
0.126634 0.037366 -0.303442 -0.440125 0.088093 0.893605 71 138 241
-0.178854 -0.054276 0.120910 0.355392 0.237591 -0.904017 172 157 12
0.164463 0.032564 0.569107 -0.317872 -0.007649 0.948103 86 126 248
0.197042 -0.167419 0.649172 0.682257 0.572100 -0.455223 214 200 69
0.095968 0.146891 -0.777482 -0.009723 -0.684216 0.729215 126 40 220
0.326369 0.169469 0.900644 0.220570 -0.404782 -0.887412 155 75 14
0.146843 -0.072550 0.860905 0.483946 0.155784 -0.861120 189 147 17
0.594547 0.163318 -0.410090 -0.839087 -0.402428 0.366038 20 76 174
0.621806 -0.106939 -0.229898 -0.818746 0.185955 -0.543208 23 151 58
0.371591 0.308817 0.854109 -0.193880 -0.970036 -0.146429 102 3 108
0.582029 0.280144 -0.269005 -0.597826 -0.801519 0.013082 51 25 129
-0.250670 -0.051352 0.065280 0.782941 0.024978 -0.621595 227 130 48
0.138375 -0.022037 -0.487756 0.871178 0.064281 0.486742 238 135 189
-0.068137 -0.008792 0.237407 0.803816 0.457466 0.380269 229 185 175
0.137290 -0.061427 0.566155 0.600886 0.569352 -0.561048 204 200 55
0.502292 -0.130372 -0.300246 -0.738670 0.618057 0.269020 33 206 161
-0.311761 -0.203188 0.089971 0.697699 0.630418 -0.340277 216 207 84
-0.287526 -0.233536 -0.642933 0.759686 0.535945 0.368293 224 195 174
0.134439 -0.195970 -0.312368 0.562759 0.765706 -0.311443 199 225 87
0.331378 0.212763 0.592970 -0.408664 -0.847534 -0.338645 75 19 84
0.209329 -0.091999 -0.595127 -0.241130 0.911452 -0.333333 96 243 85
-0.055312 0.243747 0.251000 0.242458 -0.954110 -0.175750 158 5 105
-0.217973 -0.048459 -0.009392 0.876971 -0.052372 -0.477681 239 120 66
0.453572 0.336064 -0.622578 -0.452744 -0.810821 0.370935 69 24 174
-0.441705 -0.083471 -0.597235 0.842972 0.347597 0.410578 234 171 179
0.412380 -0.174679 0.862111 -0.082281 0.787351 0.610989 117 227 205
0.439698 0.069337 0.783879 -0.978241 -0.206332 0.021734 2 101 130
0.151985 0.181576 -0.038532 -0.070882 -0.986137 0.150032 118 1 146
-0.430991 -0.056866 -0.150734 0.974421 -0.014922 -0.224236 251 125 98
0.097724 0.339407 0.557264 0.244862 -0.947884 0.203857 158 6 153
0.139162 0.199914 0.667592 0.267052 -0.911479 -0.312872 161 11 87
-0.089239 -0.168995 0.570116 0.051349 0.862873 -0.502805 134 237 63
0.394302 0.009669 0.578201 -0.992074 -0.044484 0.117518 1 121 142
-0.055651 -0.045593 0.248630 -0.552263 0.496560 0.669652 57 190 212
-0.096842 0.148966 -0.532195 -0.720592 -0.692679 -0.030704 35 39 123
0.381312 0.048962 -0.021379 0.194991 -0.240683 -0.950816 152 96 6
-0.311936 0.157815 -0.509343 0.461333 -0.813202 0.354788 186 23 172
0.168741 0.250798 0.389744 0.004835 -0.935127 -0.354279 128 8 82
-0.128352 -0.188256 0.391232 0.733357 0.465831 -0.495165 221 186 64
-0.256822 -0.163289 -0.720769 0.890099 0.369987 0.266145 240 174 161
-0.159732 -0.029652 0.127262 0.876341 0.103892 -0.470354 239 140 67
0.133486 -0.002476 0.674028 0.662661 -0.131829 -0.737225 211 110 33
0.094826 -0.245314 0.494900 0.225160 0.973143 0.047916 156 251 133
0.469041 -0.247500 -0.009051 -0.634748 0.731570 0.248797 46 220 159
0.162835 -0.262689 0.331485 -0.317450 0.911916 0.260066 87 243 160
-0.133978 0.189856 -0.599472 0.687340 -0.554369 -0.469297 215 56 67
-0.445223 -0.035277 -0.557576 0.986205 0.060601 0.154033 253 135 147
0.198462 -0.217108 -0.607795 -0.094578 0.939451 0.329372 115 247 169
0.225265 0.079560 0.621096 -0.898662 -0.412916 0.148008 12 74 146
0.117817 -0.212880 0.425582 0.243874 0.854151 -0.459295 158 236 68
0.383232 -0.046616 -0.503207 -0.777043 -0.091923 0.622699 28 115 206
-0.338004 -0.107635 -0.166703 0.766657 0.642056 -0.001100 225 209 127
0.301280 0.268928 0.867278 0.170054 -0.942864 -0.286513 149 7 90
-0.093219 -0.182967 0.236169 0.473853 0.866177 0.158748 187 237 147
-0.200663 -0.160025 0.028159 0.178659 0.808616 -0.560554 150 230 56
-0.384606 -0.094351 -0.014660 0.841105 0.292342 -0.455060 234 164 69
-0.357166 -0.221399 -0.231761 0.620349 0.598347 -0.507098 206 203 62
0.424629 -0.118852 -0.468560 0.142271 0.948536 0.282911 145 248 163
-0.151832 -0.014523 -0.721717 -0.053115 0.244557 0.968179 120 158 250
0.353847 0.048385 0.911935 -0.772050 0.025733 -0.635041 29 130 46
0.237849 -0.132421 -0.394366 -0.791887 0.461020 0.400469 26 186 178
0.301105 -0.060396 -0.586797 0.476078 0.849876 0.225966 188 235 156
0.504481 -0.328623 -0.164655 -0.234480 0.915948 0.325668 97 244 169
0.186339 -0.089196 0.736524 0.888508 0.372052 0.268572 240 174 161
0.224725 -0.101930 -0.521220 0.046300 0.904006 -0.425006 133 242 73
0.448449 0.213725 -0.555992 -0.657803 -0.709547 0.252662 43 37 159
-0.324933 0.046081 0.197606 0.980385 -0.083190 -0.178676 252 116 104
0.182959 -0.049993 0.732566 0.383329 0.584158 -0.715414 176 201 36
0.276398 0.033723 -0.750807 -0.714695 -0.126739 0.687857 36 111 215
-0.089604 0.201670 -0.539722 -0.397663 -0.891968 0.215077 76 13 154
0.023019 -0.146075 0.015434 0.101695 0.964685 -0.242982 140 250 96
-0.043697 0.032885 -0.739545 -0.169356 -0.465171 0.868870 105 68 238
0.246291 -0.126656 -0.637621 -0.686743 0.701272 0.191316 39 216 151
-0.205417 0.325045 0.064344 0.209706 -0.833784 -0.510713 154 21 62
0.291310 -0.015245 0.796160 -0.090188 0.214470 -0.972558 116 154 3
0.573325 0.276244 -0.271741 -0.699519 -0.711179 0.069982 38 36 136
-0.377210 0.159728 -0.092045 0.759659 -0.435796 -0.482701 224 71 65
0.034769 -0.185292 0.530357 0.137428 0.656176 -0.741988 145 211 32
0.433648 0.027116 0.748944 -0.965096 -0.086710 0.247124 4 116 159
0.237985 0.023522 0.636252 0.892983 0.201024 -0.402705 241 153 76
0.443848 0.083585 0.880908 -0.943943 -0.180453 0.276421 7 104 162
-0.252363 -0.010795 -0.705340 -0.630691 -0.045976 0.774671 47 121 226
0.459037 0.121618 0.896670 -0.518495 -0.834568 0.186171 61 21 151
0.256339 -0.349771 0.736372 0.264811 0.935234 0.234974 161 246 157
0.056314 -0.037535 0.028545 0.349867 0.847906 0.398306 172 235 178
0.283837 -0.259648 0.727533 -0.331359 0.913728 -0.235163 85 244 97
-0.183529 -0.081688 -0.086248 0.092852 0.243366 -0.965480 139 158 4
0.455055 0.062026 0.711184 -0.898426 -0.193560 -0.394164 12 102 77
0.198301 0.069077 -0.024012 0.756526 -0.279290 0.591326 223 91 202
0.307547 0.038871 -0.384782 -0.725141 -0.490695 0.483104 35 64 189
0.372412 -0.256092 0.883955 -0.380437 0.768516 0.514443 78 225 193
0.231146 -0.032920 -0.606804 0.751676 0.483103 0.448993 223 189 184
0.042177 0.198038 0.581408 0.762155 -0.645750 -0.046111 224 45 121
0.236289 -0.007281 -0.718924 0.888413 -0.457687 0.035296 240 69 132
-0.229641 0.222950 -0.116576 -0.004158 -0.920832 -0.389938 126 10 77
0.420523 -0.066696 -0.457708 -0.903678 0.427251 -0.028684 12 181 123
-0.213433 -0.087316 -0.591497 0.091261 0.995820 -0.003719 139 254 127
0.540679 -0.069632 -0.403376 -0.948465 0.239888 0.207045 6 158 153
-0.010882 0.058485 -0.769894 0.128729 -0.160395 0.978623 143 107 252
-0.094373 0.223557 0.550041 0.548865 -0.736400 -0.395553 197 33 77
0.236858 -0.103130 0.640361 -0.728594 0.367163 -0.578223 34 174 53
-0.122247 0.128608 0.349336 0.643081 -0.346752 -0.682796 209 83 40
-0.054286 -0.083532 0.191790 0.482190 0.077618 -0.872622 188 137 16
-0.332277 0.091543 -0.698381 0.802653 -0.456076 0.384374 229 69 176
0.373132 -0.118695 0.844271 0.468972 0.753481 -0.460795 187 223 68
0.179307 -0.122721 -0.095636 0.679398 0.612608 -0.403894 214 205 76
0.217464 -0.118781 0.782628 -0.645367 0.602805 -0.469177 45 204 67
-0.025316 0.102874 -0.003138 -0.765439 -0.263917 0.586900 29 93 202
0.462026 0.215796 0.840834 0.083984 -0.925027 -0.370501 138 9 80
-0.350493 0.163643 -0.531132 0.236552 -0.847498 -0.475174 157 19 66
0.302713 -0.004499 -0.542521 0.644116 -0.148841 -0.750307 209 108 31
0.341056 0.008030 0.887580 0.224920 -0.077374 -0.971300 156 117 3
0.001676 0.211320 -0.573007 -0.429660 -0.901355 -0.054323 72 12 120
-0.282821 -0.200287 0.466648 0.691613 0.460243 -0.556639 215 186 56
0.478919 0.086351 -0.249045 0.206529 -0.537264 -0.817737 153 58 23
-0.371891 0.232288 -0.288657 0.288896 -0.727350 0.622496 164 34 206
0.274440 -0.213177 0.820676 0.542328 0.840141 0.006570 196 234 128
0.406013 0.028124 -0.409451 0.117298 -0.046639 0.992001 142 121 253
0.428871 -0.039618 -0.041895 -0.352482 0.245167 0.903133 82 158 242
0.391947 0.185304 0.847643 -0.866336 -0.499321 -0.011805 17 63 125
-0.484343 0.010080 -0.314084 0.868095 -0.302179 -0.393826 238 88 77
0.090843 -0.006083 -0.223587 -0.890185 -0.408154 0.202436 14 75 153
0.364342 -0.065419 -0.348858 0.269453 0.390553 -0.880263 161 177 15
0.387817 0.155630 -0.054684 0.524585 -0.530289 -0.666036 194 59 42
0.267603 0.233902 -0.607396 -0.317592 -0.931716 -0.176185 87 8 105
0.138471 0.110364 -0.603939 0.790303 -0.516424 -0.329739 228 61 85
0.330431 -0.060436 -0.357976 -0.141318 0.320263 -0.936729 109 168 8
0.298668 -0.084371 -0.374069 -0.570180 0.783026 0.248526 54 227 159
0.285359 -0.009652 -0.645671 0.590606 -0.478864 -0.649518 202 66 44
0.316574 0.241092 -0.713195 -0.492868 -0.797433 0.348112 64 25 171
-0.228383 0.251738 0.195882 0.027711 -0.968087 0.249078 131 4 159
-0.387739 0.084414 -0.099305 0.880349 -0.189937 0.434637 239 103 182
0.062137 0.175902 0.540412 -0.020510 -0.856161 0.516302 124 18 193
-0.330493 0.160172 -0.229416 0.147093 -0.951111 0.271572 146 6 162
0.112544 -0.084382 -0.723633 0.166684 0.701934 0.692464 148 216 215
0.226373 0.014896 0.657577 -0.718569 -0.296329 -0.629164 35 89 47
0.297498 0.225347 0.117844 -0.487558 -0.872304 -0.037040 65 16 122
-0.100040 -0.162292 -0.654426 0.169550 0.816881 0.551324 149 231 197
-0.409815 0.105298 -0.282955 0.774537 -0.345068 0.530114 226 83 195
-0.271632 0.295480 -0.039879 -0.077165 -0.934809 0.346665 117 8 171
0.352422 0.188336 0.939339 0.076664 -0.709015 -0.701014 137 37 38
0.382065 0.257981 0.855742 -0.224638 -0.898657 -0.376766 98 12 79
0.029120 0.218746 0.147764 -0.622939 -0.760918 0.181523 48 30 150
0.102045 0.169245 -0.122782 0.613172 -0.642891 -0.459033 205 45 68
0.235892 -0.013832 -0.593848 0.975357 0.104476 -0.194328 251 140 102
-0.179161 -0.020039 -0.692436 -0.966939 -0.082711 -0.241222 4 116 96
0.437251 -0.052694 -0.408032 -0.725370 0.101596 0.680821 35 140 214
-0.387259 -0.074009 -0.699192 0.063079 0.273968 0.959668 135 162 249
0.268035 -0.026309 0.824826 -0.603854 0.683454 0.410185 50 214 179
-0.240664 0.185758 -0.731584 -0.248051 -0.642204 0.725290 95 45 219
-0.030088 0.021686 -0.694575 0.856211 -0.489940 0.163894 236 65 148
-0.050654 -0.161725 -0.206797 0.293727 0.600232 -0.743939 164 204 32
0.402387 0.122976 -0.611332 -0.584233 -0.248839 0.772497 53 95 225
-0.391690 0.355144 -0.192091 0.214614 -0.962287 -0.167166 154 4 106
-0.344082 -0.100367 -0.090276 0.597831 0.250813 -0.761375 203 159 30
0.419980 -0.044323 -0.467629 -0.592350 0.374496 0.713354 51 175 218
0.167631 -0.118445 0.792221 0.265112 0.535310 -0.801972 161 195 25
0.285510 0.074766 0.652376 -0.974883 0.105912 0.195925 3 141 152
-0.014614 0.008591 0.307231 -0.410556 -0.577058 0.706009 75 53 217
0.185483 0.063674 -0.485906 0.990823 -0.077577 -0.110691 253 117 113
-0.087387 0.099171 -0.010526 0.185568 -0.876079 -0.445029 151 15 70
0.131794 0.000695 0.511190 -0.497013 -0.089874 0.863076 64 116 237
0.151700 0.132263 0.692353 0.687764 -0.590855 0.421747 215 52 181
-0.236591 0.188758 -0.571426 -0.124975 -0.606273 0.785375 111 50 227
0.350896 -0.052713 0.112459 -0.747904 0.235210 -0.620739 32 157 48
0.336871 -0.036480 -0.560068 -0.255814 0.115989 0.959743 94 142 249
0.543839 -0.010792 -0.259857 -0.755961 0.146475 -0.638019 31 146 46
0.139318 -0.133707 0.689607 0.352558 0.358995 -0.864191 172 173 17
-0.017385 -0.223714 0.445737 -0.241809 0.706815 -0.664787 96 217 42
0.382977 0.014495 -0.114923 -0.450464 -0.249650 -0.857179 70 95 18
-0.334295 -0.063131 -0.218515 -0.224016 0.243130 0.943772 98 158 247
0.370509 0.195899 0.161065 -0.559216 -0.702270 -0.440562 56 37 71
-0.183288 -0.154826 -0.643342 0.447611 0.763034 -0.466286 184 224 68
-0.120411 -0.069830 0.095662 0.653859 0.341746 0.675039 210 171 213
0.195726 -0.095264 -0.681373 -0.861600 0.311753 0.400568 17 167 178
0.411754 -0.119021 0.966859 -0.039582 0.745305 -0.665548 122 222 42
0.396390 0.277884 -0.316426 -0.513662 -0.788177 0.339012 62 27 170
0.356851 -0.183846 -0.379204 -0.111390 0.733048 0.670994 113 220 213
0.330598 0.001487 0.889888 -0.522856 0.074634 -0.849148 60 137 19
0.211963 0.130792 0.868634 0.456548 -0.419259 -0.784720 185 74 27
0.352499 0.042028 0.842489 -0.490851 -0.672586 -0.553799 64 41 56
0.011589 0.065410 0.204127 -0.952046 -0.305302 0.019986 6 88 130
-0.358534 -0.139116 0.003185 0.898841 0.273769 -0.342250 242 162 83
0.116496 -0.186538 -0.719797 -0.305495 0.952167 0.007117 88 248 128
0.454202 0.156273 -0.607370 -0.409761 -0.884767 0.221999 75 14 155
0.338216 0.208780 -0.279755 0.531821 -0.839763 0.109380 195 20 141
-0.157077 0.101009 0.132487 -0.649594 -0.675444 -0.349004 44 41 83
-0.452434 0.192273 -0.065522 0.863226 -0.407994 0.297291 237 75 165
0.494470 -0.178791 0.631060 -0.899238 0.436776 -0.024442 12 183 124
0.395773 0.133413 -0.320289 0.686607 -0.604333 -0.404170 215 50 75
-0.063670 0.041807 -0.676366 0.928607 0.007897 -0.370981 245 128 80
-0.180605 -0.204465 -0.089321 -0.641327 0.752445 0.150090 45 223 146
0.297423 -0.034422 0.560764 -0.675210 0.175695 0.716396 41 149 218
-0.318276 -0.143810 -0.128675 0.238508 0.948828 -0.206978 157 248 101
0.177535 0.219415 0.821989 0.113763 -0.909536 -0.399753 142 11 76
-0.249619 -0.075827 -0.032614 -0.928441 0.319510 0.189503 9 168 151
0.170229 0.011313 -0.687379 0.774405 0.142285 0.616483 226 145 206
-0.074382 -0.382463 -0.418429 0.412791 0.627855 -0.659850 180 207 43
0.143014 -0.120851 0.198173 0.522469 0.767543 -0.371355 194 225 80
-0.030151 -0.175021 0.548724 0.867284 0.277766 -0.413116 238 162 74
-0.223977 0.073333 -0.219504 -0.516753 -0.850774 -0.095653 61 19 115
0.544555 -0.191132 0.017018 -0.683783 0.716313 -0.139059 40 218 109
-0.155748 0.228350 0.098828 -0.410078 -0.744354 -0.527043 75 32 60
-0.355880 -0.065643 -0.065593 0.542901 0.072433 0.836667 196 136 234
-0.069586 -0.135225 -0.629540 0.675482 0.737149 0.018334 213 221 129
0.453785 0.161671 -0.064467 0.084936 -0.874065 -0.478326 138 16 66
0.588238 -0.008480 -0.150711 -0.999101 0.033636 -0.025815 0 131 124
-0.458593 0.049636 -0.499673 0.958196 -0.221263 0.181394 249 99 150
0.211155 0.254164 0.667068 0.046611 -0.904298 -0.424349 133 12 73
0.157924 -0.180913 -0.585629 -0.287758 0.624773 0.725847 90 207 220
-0.317670 -0.094516 -0.661669 0.295408 0.446965 0.844368 165 184 235
0.393979 -0.180557 -0.222820 -0.637646 0.769921 -0.025069 46 225 124
-0.089882 -0.004804 -0.785272 0.188371 0.066526 0.979842 151 135 252
0.160885 -0.045356 0.578100 0.916436 0.267688 -0.297471 244 161 89
-0.293101 -0.099230 -0.182189 -0.427223 0.221109 0.876693 73 155 239
0.462781 -0.007342 -0.546337 -0.503252 0.055565 0.862351 63 134 237
0.468284 -0.112558 -0.027657 -0.363732 0.261284 -0.894108 81 160 13
-0.392591 0.024372 0.161740 0.708364 0.024489 -0.705423 217 130 37
-0.208986 -0.386120 -0.010321 0.240501 0.871796 -0.426768 158 238 73
0.326821 0.043200 0.950025 -0.091105 -0.253901 -0.962930 115 95 4
0.605547 -0.090538 -0.308082 -0.729981 0.151187 0.666536 34 146 212
0.477420 0.178033 0.802638 -0.631176 -0.763490 0.136747 47 30 144
0.091382 0.255901 0.263043 0.169258 -0.641074 0.748583 149 45 222
0.190869 0.158174 0.809199 0.549105 -0.731392 -0.404413 197 34 75
0.437490 -0.065693 0.015733 -0.029984 0.485219 0.873878 123 189 238
-0.083841 0.085206 0.732638 0.836239 -0.127504 -0.533336 234 111 59
0.011809 -0.110364 -0.772831 0.364762 0.585732 0.723787 174 202 219
0.473832 -0.269585 -0.150269 0.347227 0.893903 -0.283499 171 241 91
-0.251587 -0.172947 -0.075220 0.180211 0.827430 0.531868 150 232 195
0.076357 -0.080355 -0.681813 -0.904580 0.149712 0.399150 12 146 178
0.181443 -0.281340 -0.657567 -0.114260 0.922376 0.369008 112 245 174
0.164822 0.055322 -0.393824 -0.577697 -0.291526 0.762417 53 90 224
-0.269851 -0.111797 -0.696164 0.687406 0.453521 0.567267 215 185 199
0.170088 0.067971 -0.499484 0.142374 -0.239506 -0.960399 145 96 5
0.178577 0.261725 -0.105358 -0.233462 -0.927341 0.292461 97 9 164
0.546065 -0.141981 -0.428314 -0.922056 0.378277 0.081974 9 175 137
-0.168635 0.214563 -0.026654 -0.164896 -0.826317 0.538525 106 22 196
-0.258569 -0.262018 -0.607936 -0.177442 0.750537 0.636560 104 223 208
-0.156596 0.253049 -0.478580 0.335926 -0.873647 0.351986 170 16 172
-0.330202 -0.092734 -0.554353 0.538615 0.636769 0.551743 196 208 197
-0.071727 -0.136666 -0.617932 0.737834 0.648588 0.186907 221 210 151
-0.507814 0.030540 -0.489662 0.979568 -0.177105 0.095285 252 104 139
-0.199925 0.158510 -0.147239 -0.796174 -0.458200 0.395171 25 69 177
-0.208557 -0.032151 0.092578 0.778098 0.108496 -0.618702 226 141 48
-0.219786 0.193122 -0.521806 0.196420 -0.764924 0.613442 152 29 205
0.326648 0.126848 -0.539335 0.686363 -0.721556 -0.090900 215 35 115
0.425701 0.165809 0.965662 -0.596649 -0.483109 -0.640793 51 65 45
0.263160 0.101553 0.677342 -0.892038 -0.424239 0.155849 13 73 147
0.208239 0.186812 -0.623124 0.376031 -0.911221 -0.168156 175 11 106
0.276620 0.026056 0.335540 -0.967932 -0.092063 -0.233735 4 115 97
-0.296237 -0.024464 -0.712141 0.030901 0.365549 0.930279 131 174 246
0.253488 0.230489 0.722241 -0.377489 -0.910560 -0.168474 79 11 106
-0.352168 0.014131 0.070478 0.998221 -0.048584 0.034559 254 121 131
0.541139 0.000033 -0.112966 -0.977474 -0.186224 0.099326 2 103 140
-0.218192 0.091842 -0.278638 -0.148963 -0.256275 0.955057 108 94 249
0.234210 0.194720 -0.628935 -0.273617 -0.707742 0.651334 92 37 210
-0.306398 0.170819 0.145761 0.341763 -0.479949 -0.807989 171 66 24
0.337233 0.032296 0.798578 -0.938536 -0.333174 0.090253 7 85 139
0.317482 -0.036210 -0.254883 -0.854129 0.271151 -0.443781 18 162 70
0.235903 0.046032 0.434035 -0.456610 -0.480591 -0.748692 69 66 32
0.475072 0.145540 0.346414 -0.884281 -0.424492 0.194563 14 73 152
-0.101422 -0.031241 0.121486 -0.906000 0.084036 -0.414852 11 138 74
0.241083 0.113832 -0.624932 0.493281 -0.446216 0.746703 190 70 222
-0.091367 -0.065755 -0.732171 0.927840 -0.319178 -0.192973 245 86 102
0.305632 0.063831 -0.545908 0.184524 -0.269047 0.945286 151 93 248
-0.123441 0.123623 -0.596222 0.014355 -0.445870 0.894983 129 70 241
0.100689 -0.017703 0.696597 -0.122760 0.051382 -0.991105 111 134 1
0.375971 -0.077181 -0.163282 -0.651701 0.733759 -0.192053 44 221 103
-0.230360 -0.084904 -0.237411 0.519195 0.326319 0.789907 193 169 228
0.253019 -0.049110 0.695247 0.024665 0.470767 0.881913 130 187 239
-0.165158 -0.160372 -0.160322 -0.384646 0.699259 0.602565 78 216 204
0.143731 0.169079 0.325924 -0.733204 -0.680008 -0.000484 34 40 127
0.045691 -0.200945 0.572115 -0.246897 0.969012 0.007632 96 251 128
0.263242 0.005827 0.081632 -0.765971 -0.144862 0.626341 29 109 207
0.126920 0.246339 -0.590827 -0.397233 -0.773448 -0.493947 76 28 64
0.520009 0.274323 -0.121831 -0.174780 -0.977761 -0.115912 105 2 112
0.502591 0.049082 0.853968 -0.992904 0.108112 0.049533 0 141 133
0.285671 0.035713 -0.114972 -0.627224 -0.283136 0.725551 47 91 220
0.117770 0.160489 -0.646767 -0.397617 -0.539434 0.742234 76 58 222
0.406408 -0.075795 0.825802 -0.957594 0.127602 0.258324 5 143 160
0.472708 0.198116 -0.307975 0.048567 -0.907876 -0.416415 133 11 74
-0.251724 -0.075874 0.150574 0.921299 0.230063 -0.313494 244 156 87
-0.302781 -0.037746 0.080643 0.926029 0.016664 -0.377085 245 129 79
0.259160 -0.282983 -0.156358 0.035400 0.999149 0.021180 132 254 130
-0.146577 0.139240 -0.488215 -0.415833 -0.772756 -0.479511 74 28 66
0.399901 -0.253773 0.086837 -0.131013 0.730228 -0.670525 110 220 42
-0.423050 -0.118089 -0.312090 0.933390 0.358364 0.018943 246 173 129
-0.259291 0.104425 -0.040410 0.326806 -0.733585 -0.595861 169 33 51
0.303637 0.205666 0.012530 0.782731 -0.613814 0.102781 227 49 140
-0.273447 -0.241625 -0.613856 -0.171616 0.879187 0.444498 105 239 184
-0.114312 -0.133959 -0.226143 0.007845 0.956448 0.291796 128 249 164
-0.271233 -0.180195 -0.605972 0.022716 0.846129 0.532494 130 235 195
-0.095822 0.114024 0.223509 -0.291856 -0.942154 -0.164821 90 7 106
0.327315 0.244430 -0.086211 0.402713 -0.733342 -0.547752 178 33 57
-0.279804 -0.367149 -0.239927 0.075001 0.831230 0.550846 137 233 197
0.189394 0.125537 0.522990 0.897306 -0.383683 0.218242 241 78 155
-0.367940 0.117432 -0.644209 0.667163 -0.314253 0.675380 212 87 213
0.348349 0.147746 0.739161 -0.535305 -0.619940 -0.573692 59 48 54
0.482231 0.033020 -0.396375 -0.996957 -0.036659 -0.068800 0 122 118
-0.011533 -0.200273 -0.793360 -0.324959 0.349222 0.878889 86 172 239
0.473924 0.038194 1.032573 -0.965779 -0.129574 -0.224681 4 110 98
-0.321506 -0.125489 -0.040172 0.555087 0.560283 -0.614786 198 198 49
-0.326225 0.115940 -0.794883 0.333954 -0.277172 0.900916 170 92 242
-0.244693 0.224193 -0.625334 -0.391277 -0.919302 -0.042257 77 10 122
0.435291 0.208105 -0.219855 -0.680698 -0.705802 -0.196199 40 37 102
-0.333771 -0.113307 -0.500516 0.857566 0.498121 0.128282 236 191 143
-0.281738 0.166903 -0.114558 0.308133 -0.658668 -0.686447 166 43 39
-0.310987 -0.073409 -0.717112 -0.024654 0.266410 0.963544 124 161 250
0.000745 -0.112667 0.222331 0.444136 0.555143 0.703249 184 198 217
0.504968 -0.008694 -0.430907 -0.988109 0.056205 -0.143111 1 134 109
-0.128925 -0.230434 -0.673731 0.273184 0.789360 0.549801 162 228 197
-0.323990 -0.182265 -0.446087 0.402968 0.653997 0.640238 178 210 209
0.023375 -0.215423 0.549492 0.478444 0.845529 -0.237006 188 235 97
-0.356193 0.048250 -0.594037 0.785455 -0.414495 0.459624 227 74 186
-0.394629 -0.121902 -0.356992 -0.024152 0.232060 0.972402 124 157 251
0.446099 0.096683 -0.541684 -0.863898 -0.414144 -0.286644 17 74 90
0.109895 -0.121785 -0.549596 0.695747 0.343451 -0.630855 216 171 47
0.171632 -0.026485 -0.602898 0.866779 -0.002243 -0.498687 238 127 63
0.260212 0.145341 0.132086 0.917504 -0.370299 -0.145140 244 80 108
-0.281382 -0.074008 0.240443 0.547398 0.756805 -0.357214 197 223 81
0.328713 -0.238128 -0.043521 -0.598894 0.690298 0.405974 51 215 179
0.324039 -0.161713 -0.257674 0.350580 0.933086 0.080273 172 246 137
-0.212627 0.051166 -0.531249 0.255560 0.677551 0.689647 160 213 215
-0.344393 -0.059722 -0.580835 0.827196 0.479572 0.292845 232 188 164
0.057119 0.038541 0.445309 -0.988024 0.038115 0.149517 1 132 146
-0.252562 -0.204356 0.093924 0.555194 0.675346 -0.485456 198 213 65
-0.156473 -0.183022 -0.680807 0.327029 0.778158 0.536211 169 226 195
0.087350 -0.274740 -0.049360 -0.069547 0.863385 -0.499730 118 237 63
-0.089909 0.107298 -0.447704 -0.551547 -0.328415 0.766772 57 85 225
0.264501 -0.155573 0.774572 -0.210559 0.735335 -0.644164 100 221 45
-0.026707 -0.123300 0.496114 0.959294 0.268459 -0.087662 249 161 116
-0.132830 -0.016867 0.153743 -0.001183 -0.097889 -0.995197 127 115 0
0.589894 0.020801 -0.655196 -0.689711 -0.126513 0.712947 39 111 218
0.356495 0.038809 0.839663 -0.704995 -0.270795 -0.655478 37 92 43
0.176079 0.107342 0.187317 0.840333 -0.539176 -0.055942 234 58 120
0.232095 0.090267 0.742349 -0.071590 -0.853475 -0.516193 118 18 61
0.207351 0.089952 -0.398006 0.740714 -0.297966 0.602128 221 89 204
0.070831 -0.208599 -0.542645 0.437513 0.786710 -0.435511 183 227 71
0.425905 -0.124068 0.953995 -0.545571 0.828564 -0.125835 57 233 111
0.382843 -0.150377 0.870068 -0.352985 0.764280 -0.539702 82 224 58
0.451498 -0.130022 0.936331 -0.883105 0.301435 -0.359531 14 165 81
0.153469 0.063067 0.835567 0.720490 -0.495788 -0.484859 219 64 65
0.346048 0.155737 -0.371227 -0.895647 -0.444758 -0.002534 13 70 127
0.294434 -0.068147 -0.257411 0.682541 0.166783 -0.711563 214 148 36
0.216381 -0.085288 -0.142969 -0.864511 0.495629 0.083505 17 190 138
-0.283556 -0.217781 -0.041696 0.247810 0.956692 -0.152745 159 249 108
-0.164252 -0.116650 -0.732994 0.596961 0.698734 0.394218 203 216 177
0.344903 0.079246 0.790541 -0.278143 -0.757785 -0.590253 92 30 52
-0.302673 0.026860 0.221188 0.634712 -0.217511 -0.741504 208 99 32
-0.352308 -0.106811 -0.010774 0.619868 0.345020 -0.704787 206 171 37
-0.212957 0.244902 -0.090978 0.817397 -0.575952 0.011857 231 54 129
0.008647 -0.049351 0.862954 0.918511 0.114460 -0.378466 244 142 79
0.386596 0.073184 0.787297 -0.791077 -0.262906 -0.552338 26 93 57
-0.131704 -0.320127 -0.212924 0.109826 0.979863 -0.166754 141 252 106
0.470093 0.145675 -0.394071 -0.735817 -0.507601 0.448234 33 62 184
-0.104274 0.152252 -0.696733 0.559039 -0.766622 -0.315857 198 29 87
0.207689 -0.004900 -0.442315 0.244373 -0.073944 -0.966858 158 118 4
0.317788 0.169362 -0.516182 0.052338 -0.526177 0.848763 134 60 235
-0.336500 -0.131919 -0.024501 0.715996 0.302584 -0.629121 218 166 47
-0.257131 -0.175552 -0.416688 0.207673 0.434469 -0.876418 153 182 15
-0.202929 0.250299 -0.638056 0.559594 -0.811610 -0.167761 198 24 106
0.196213 0.232485 0.606785 0.306892 -0.680324 -0.665565 166 40 42
0.221484 0.216469 -0.335687 0.157960 -0.641933 0.750314 147 45 223
0.055975 -0.267299 -0.598131 0.126532 0.945103 0.301281 143 248 165
0.245005 0.299979 -0.614204 -0.207631 -0.971992 0.110093 101 3 141
-0.190152 -0.092033 -0.076907 0.661928 0.596991 -0.453270 211 203 69
0.245517 -0.111918 0.792448 0.010405 0.978255 0.207145 128 252 153
0.569056 -0.110710 -0.250224 -0.207265 0.689511 -0.693985 101 215 39
-0.318914 0.051996 0.064337 0.991267 0.021263 -0.130148 253 130 110
0.312556 -0.051625 0.610118 -0.365327 0.088609 0.926652 80 138 245
-0.105253 0.118200 -0.761786 0.115311 -0.440881 0.890128 142 71 240
0.189585 -0.027934 0.849043 -0.225632 -0.008788 -0.974173 98 126 3
0.371358 -0.189892 0.839434 -0.298225 0.743294 -0.598812 89 222 51
0.377085 -0.072938 0.127990 -0.911048 0.271215 -0.310539 11 162 87
0.013828 -0.058833 0.515773 0.847567 0.530028 -0.026456 235 195 124
0.354708 0.161971 -0.620485 -0.557700 -0.606710 0.566457 56 50 199
-0.166192 0.245815 -0.130479 -0.401046 -0.732366 0.550274 76 34 197
-0.371579 -0.105098 -0.109871 0.722475 0.165835 -0.671214 219 148 41
0.385001 0.226227 0.021834 -0.548814 -0.798298 -0.248039 57 25 95
0.415422 0.024559 0.969660 -0.655908 0.099447 0.748261 43 140 222
0.357661 -0.145822 -0.494248 0.124583 0.925797 -0.356902 143 245 81
0.415525 0.283778 -0.226817 -0.429323 -0.770134 0.471778 72 29 187
-0.099115 0.188269 0.297587 -0.028646 -0.963432 -0.266419 123 4 93
-0.057841 0.297027 0.008278 -0.605263 -0.790593 0.092845 50 26 139
0.316682 0.035177 0.827168 0.193005 -0.130547 0.972474 152 110 251
0.056861 0.149716 -0.675740 -0.222227 -0.561778 0.796882 99 55 229
-0.273229 0.097282 0.074864 0.827253 -0.523249 0.204606 232 60 153
0.442357 -0.139343 0.914459 -0.712811 0.444390 -0.542603 36 184 58
0.021200 0.019600 0.163366 -0.026877 0.990471 -0.135076 124 253 110
0.390954 -0.122741 0.044941 -0.213799 0.444043 -0.870124 100 184 16
0.522104 0.049375 -0.437080 -0.974571 -0.210991 0.075456 3 100 137
0.258865 -0.089782 0.163249 -0.622843 0.607304 0.493202 48 204 190
0.510984 0.321615 -0.063025 -0.380576 -0.924690 0.010552 78 9 128
0.359311 -0.028060 0.632401 -0.704259 0.248200 0.665143 37 159 212
0.082958 -0.017033 -0.713960 -0.502772 -0.277802 0.818564 63 92 231
0.419920 -0.115641 -0.612766 -0.554247 0.810681 -0.188700 56 230 103
0.164934 -0.042216 0.461815 -0.923671 0.244235 0.295266 9 158 165
0.428449 0.157325 -0.539084 -0.436329 -0.855183 0.279783 71 18 163
-0.127766 -0.208094 -0.502776 0.092617 0.983884 -0.152954 139 252 107
0.316038 -0.256389 -0.501705 -0.108176 0.932186 0.345438 113 246 171
-0.294638 0.060872 0.061052 0.891636 -0.283963 0.352634 241 91 172
-0.096499 0.088663 0.469002 0.794249 -0.175723 -0.581627 228 105 53
0.056104 -0.083381 -0.239477 -0.793192 0.189437 0.578757 26 151 201
-0.160219 0.090992 0.140481 0.820585 -0.541312 -0.183362 232 58 104
0.395218 0.005076 0.727176 -0.994550 0.104229 0.002410 0 140 127
0.451562 -0.229090 -0.280654 -0.284542 0.872266 0.397729 91 238 178
0.231171 -0.130020 0.779261 0.656149 0.508970 0.557152 211 192 198
0.353675 0.082256 0.792075 -0.828403 -0.238497 0.506822 21 97 192
0.251028 0.043657 -0.565084 0.931461 -0.203284 -0.301754 246 101 89
-0.016582 -0.014152 -0.313018 -0.499763 0.077912 -0.862651 63 137 17
0.438720 0.074197 0.011848 -0.667984 -0.729250 0.148296 42 34 146
0.373167 0.064601 -0.257454 -0.741639 -0.378580 0.553759 32 79 198
0.301881 0.235131 0.330609 0.022259 -0.994180 -0.105409 130 0 114
0.075302 0.056676 -0.644882 -0.809758 -0.318293 -0.492932 24 86 64
0.435419 0.072565 -0.455276 -0.881301 0.042978 0.470597 15 132 187
0.169410 0.040390 -0.098443 0.944914 -0.081669 0.316968 247 117 167
0.511327 0.119542 -0.095316 -0.848631 -0.433546 -0.303091 19 72 88
0.236593 -0.243268 -0.657204 -0.035562 0.893898 0.446858 122 241 184
0.271235 0.051162 0.666189 0.567410 -0.772252 0.285786 199 29 163
0.346265 0.116355 0.760006 -0.671911 -0.705702 -0.224768 41 37 98
-0.122074 0.031017 0.519866 0.663939 -0.115025 -0.738887 212 112 33
0.461010 -0.090052 -0.478806 -0.338394 0.924306 -0.176485 84 245 104
0.053278 0.192821 -0.281028 0.502033 -0.733452 -0.458269 191 33 69
0.441761 0.096763 -0.186351 -0.750685 -0.319723 0.578143 31 86 201
0.443355 0.210634 -0.298317 -0.572373 -0.797336 -0.191428 54 25 103
0.376515 -0.358074 -0.144033 -0.004107 0.940583 -0.339538 126 247 84
0.421543 0.190364 -0.527667 -0.491542 -0.526080 0.693993 64 60 215
0.399113 -0.177985 -0.273227 -0.881036 0.470801 -0.046072 15 187 121
-0.169588 0.020276 0.090765 -0.882135 -0.071533 0.465532 15 118 186
0.285972 0.155689 0.666162 -0.678972 -0.485168 0.551007 40 65 197
0.530422 0.128326 -0.160988 -0.792968 -0.606589 0.057021 26 50 134
-0.256032 0.151574 0.113734 -0.108086 -0.992081 0.063977 113 1 135
-0.058412 -0.047112 0.604981 0.776128 -0.188224 -0.601829 226 103 50
0.208411 -0.196236 -0.634216 0.066757 0.986405 0.150163 136 253 146
0.195787 -0.235298 -0.487278 0.380838 0.878868 0.287321 176 239 164
-0.379977 -0.111166 -0.674285 0.769147 0.226660 0.597526 225 156 203
0.104728 -0.093077 0.340202 0.921611 0.099509 -0.375142 245 140 79
0.221678 0.024496 0.687948 0.980064 -0.100730 0.171253 252 114 149
-0.108420 -0.000524 -0.059454 -0.956437 -0.249239 0.152016 5 95 146
0.286556 -0.170152 0.696498 -0.194320 0.947532 0.253816 102 248 159
0.131826 0.024014 -0.647318 -0.964341 0.102613 0.243962 4 140 158
0.424589 -0.096817 1.065344 0.139231 0.239172 -0.960943 145 157 4
-0.147818 -0.130946 -0.680603 -0.097969 0.614407 0.782883 115 205 227
0.157609 0.198338 -0.247828 0.373325 -0.887662 -0.269601 175 14 93
0.124965 -0.025192 0.409616 0.437939 -0.197367 0.877072 183 102 239
-0.313926 -0.207578 0.119556 0.671548 0.632624 -0.385758 213 208 78
-0.441500 0.236227 -0.311605 0.586625 -0.758816 0.282965 202 30 163
-0.328629 -0.169547 -0.011828 0.510912 0.543935 0.665660 192 196 212
0.357467 -0.182738 -0.220266 -0.392460 0.641783 -0.658855 77 209 43
-0.211061 0.172919 -0.823931 -0.346796 -0.618982 0.704694 83 48 217
0.398282 0.092921 0.649184 -0.502806 -0.513780 -0.695138 63 61 38
-0.297366 0.213810 0.041028 0.671859 -0.737263 0.071049 213 33 136
0.500141 0.062768 -0.281704 -0.264348 -0.678727 -0.685164 93 40 40
0.120859 -0.150805 0.672142 0.666513 0.436107 -0.604625 212 183 50
0.112406 -0.124691 -0.309446 0.709116 0.474986 0.521097 217 188 193
-0.380590 -0.208605 -0.603418 0.816790 0.576774 -0.013656 231 201 125
0.234278 0.117419 0.656841 -0.548617 -0.452163 -0.703255 57 69 37
0.381854 0.148030 -0.473686 -0.416271 -0.729477 0.542754 74 34 196
0.285082 -0.126121 0.669250 -0.071496 0.988216 -0.135343 118 253 110
0.607683 -0.005374 -0.615261 -0.764244 0.056527 0.642446 30 134 209
0.383889 0.009363 0.099162 -0.938750 0.102513 -0.328998 7 140 85
0.013546 -0.219683 -0.789645 0.268986 0.647463 0.713048 161 210 218
-0.403186 -0.092019 -0.406206 0.965912 0.183904 -0.182189 250 150 104
-0.232230 0.031650 0.054297 0.769162 -0.155549 0.619834 225 107 206
0.200752 -0.159523 -0.137486 -0.612506 0.353835 0.706850 49 172 217
0.089653 -0.110190 -0.562340 -0.696673 0.698104 -0.165220 38 216 106
-0.235697 -0.187918 -0.180839 -0.419334 0.894360 0.155820 74 241 147
0.770704 0.102477 -0.394178 -0.960613 -0.241671 0.137176 5 96 144
-0.072756 0.013588 -0.542795 -0.451924 0.545856 -0.705554 69 197 37
0.084785 0.171591 -0.697157 -0.743832 -0.298375 0.598069 32 89 203
-0.225375 -0.103021 0.000908 -0.288945 0.321761 -0.901654 90 168 12
-0.210725 0.018004 -0.038168 0.764114 -0.131451 -0.631546 224 110 46
0.400054 -0.008828 -0.053635 -0.527939 0.283457 -0.800583 60 163 25
-0.413149 0.102421 -0.075759 0.690012 -0.301207 0.658148 215 89 211
0.256499 0.227589 -0.358320 0.464709 -0.471432 -0.749531 186 67 31
-0.281319 -0.295582 -0.531661 0.238233 0.919259 -0.313383 157 244 87
0.342820 -0.322823 -0.414420 -0.324747 0.902374 0.283302 86 242 163
0.519584 0.154759 -0.335635 -0.637122 -0.688320 -0.346831 46 39 83
-0.095909 0.188148 -0.029174 0.142714 -0.988613 0.047715 145 1 133
-0.306747 -0.149843 -0.283639 -0.041542 0.535488 0.843520 122 195 235
-0.284596 -0.169371 -0.217640 0.420719 0.830408 -0.365263 181 233 80
0.358202 -0.190147 0.967874 0.237194 0.556316 -0.796399 157 198 25
-0.120397 0.036140 -0.756806 0.032465 -0.171695 0.984615 131 105 253
0.328029 -0.078525 -0.164047 0.944188 0.010947 0.329225 247 128 169
-0.326299 -0.152390 0.037768 0.835991 0.541711 0.087569 234 196 138
0.465619 0.112298 -0.470777 -0.944653 -0.325968 0.037092 7 85 132
-0.055774 -0.093830 -0.257525 0.814538 0.498819 -0.296155 231 191 89
-0.048570 0.046752 0.215154 -0.597343 -0.440368 0.670267 51 71 212
0.105265 -0.015685 0.564013 0.923946 -0.376034 -0.070163 245 79 118
0.074106 0.010274 0.456134 0.575121 0.191253 -0.795398 200 151 26
0.123538 -0.120388 0.413452 -0.650461 0.747613 0.134070 44 222 144
-0.298026 -0.187934 -0.550858 -0.295021 0.929417 0.221691 89 246 155
-0.159306 -0.107384 -0.642798 0.740055 0.362076 -0.566762 221 173 55
0.412612 0.001877 -0.754300 -0.545781 -0.137613 0.826551 57 109 232
0.061196 -0.328962 0.388785 0.076261 0.997088 -0.000644 137 254 127
-0.021160 0.147233 0.006845 0.394280 -0.833912 0.386178 177 21 176
-0.115620 0.189091 0.406635 0.114999 -0.982300 -0.147861 142 2 108
-0.297269 -0.187992 -0.437011 0.270625 0.960455 0.065479 162 249 135
0.265870 0.258877 -0.631663 0.165534 -0.957471 -0.236323 148 5 97
0.133241 -0.257610 0.414484 0.134069 0.734422 -0.665320 144 221 42
-0.016194 -0.152058 -0.716302 -0.150445 0.792905 0.590481 108 228 202
0.227762 0.139009 -0.630202 -0.741736 -0.620214 0.255271 32 48 160
0.130685 -0.299747 -0.429340 0.071402 0.750519 -0.656980 136 223 43
0.432266 -0.281301 0.749255 -0.663563 0.728491 -0.170249 42 220 105
0.242863 0.278614 0.002480 -0.170869 -0.972406 -0.158842 105 3 107
0.350989 -0.286500 0.808693 -0.394386 0.878082 0.270984 77 239 162
0.212964 -0.225764 -0.273329 0.577432 0.816379 -0.009905 201 231 126
-0.187083 -0.093032 0.042000 -0.113186 0.393307 -0.912414 113 177 11
-0.202673 0.083209 0.095454 -0.226594 -0.741375 0.631679 98 32 208
-0.058812 0.049917 -0.821880 0.257871 -0.291185 0.921257 160 90 244
0.343595 -0.034660 0.098866 0.175453 0.409033 -0.895494 149 179 13
0.476463 0.126756 -0.341696 -0.676543 -0.725527 0.126101 41 34 143
0.040759 0.196026 0.257715 0.165678 -0.985215 0.043618 148 1 133
0.090870 -0.328278 -0.742523 0.437499 0.818952 0.371366 183 231 174
0.518530 0.122873 0.810762 -0.781341 -0.392048 -0.485597 27 77 65
0.294908 0.166740 0.795577 0.732224 -0.531401 -0.425983 220 59 73
0.129510 -0.208231 -0.642068 0.515476 0.720019 -0.464604 193 219 68
0.227447 -0.048091 0.828146 0.948675 0.234431 -0.212269 248 157 100
-0.298100 -0.118255 0.087955 0.374023 0.541343 -0.753030 175 196 31
0.312024 -0.037333 -0.005744 -0.785452 0.151831 0.600010 27 146 204
-0.105329 0.044992 0.134383 0.397401 0.048312 -0.916372 178 133 10
0.305968 -0.118931 0.743002 -0.801064 0.472424 -0.367577 25 187 80
-0.065504 -0.026570 -0.326791 -0.704015 -0.005627 0.710163 37 126 218
-0.069789 -0.126144 0.247344 -0.217522 0.963453 -0.156343 99 250 107
0.411795 -0.231184 -0.556819 -0.315965 0.852309 0.416815 87 236 180
-0.355036 -0.019679 -0.473875 0.975471 0.155074 -0.156229 251 147 107
0.346190 -0.044644 -0.516089 -0.733794 0.551856 -0.396234 33 197 76
0.495193 0.042639 -0.284371 -0.958962 -0.013402 0.283218 5 125 163
0.241995 0.010442 0.607041 -0.528276 -0.151565 -0.835435 60 108 20
0.090125 -0.120265 0.020593 -0.856845 0.462575 0.227686 18 186 156
-0.097302 -0.159709 0.319577 0.577283 0.483249 -0.658191 201 189 43
0.340475 -0.210960 -0.590100 0.118597 0.734315 0.668368 142 221 212
-0.133054 -0.044096 -0.182960 0.931369 0.247550 0.266966 246 159 161
0.030414 -0.119558 -0.658443 -0.916090 0.286076 0.280963 10 163 163
0.397242 0.103492 -0.411191 0.733944 -0.643223 -0.218154 221 45 99
0.554363 0.120168 -0.109572 -0.787960 -0.613845 -0.048093 27 49 121
-0.121883 -0.121797 -0.722689 -0.626108 0.485027 0.610522 47 189 205
0.302654 0.173824 0.306447 -0.405224 -0.861480 -0.306015 75 17 88
0.203210 0.206960 0.622154 -0.751704 -0.649114 0.116589 31 44 142
-0.413504 -0.160329 -0.545146 0.944606 0.277071 0.175930 247 162 149
-0.334705 -0.317835 -0.573521 0.556262 0.817353 0.150025 198 231 146
-0.123870 -0.022362 -0.393990 0.620354 0.205385 0.756953 206 153 224
0.076683 0.021240 0.557654 0.845799 0.034972 -0.532354 235 131 59
-0.017464 0.011663 -0.009241 0.954985 -0.001927 -0.296649 249 127 89
0.372649 -0.012640 0.799084 -0.905743 0.269499 0.327110 12 161 169
0.527432 -0.043710 -0.195286 -0.958074 0.284187 -0.036492 5 163 122
0.440060 -0.267645 -0.200835 0.116177 0.983078 0.141636 142 252 145
0.388176 0.168440 -0.583192 -0.258423 -0.568407 0.781109 94 55 227
0.385274 -0.086042 0.277927 -0.966148 0.234265 0.108068 4 157 141
-0.238513 -0.014904 -0.127461 -0.702679 0.138001 0.697996 37 145 216
-0.376561 -0.028352 -0.601490 0.809880 0.098956 -0.578188 230 140 53
0.249505 -0.128114 0.546004 0.812439 0.569979 0.122745 231 200 143
-0.249253 -0.073127 -0.095757 -0.677077 0.162129 0.717830 41 148 219
0.162905 -0.153017 -0.288137 0.266832 0.785950 0.557749 161 227 198
0.430078 -0.199028 -0.330640 -0.601327 0.748559 -0.279402 50 222 91
-0.140409 0.111164 -0.506187 -0.514571 -0.442774 -0.734281 61 71 33
0.402668 -0.034082 -0.227998 -0.379494 0.713451 -0.589044 79 218 52
0.357098 0.140773 0.905474 0.080782 -0.499735 -0.862403 137 63 17
-0.135073 0.220400 0.104186 0.293384 -0.955352 -0.035044 164 5 123
0.062428 -0.100236 0.670811 0.902188 0.333147 -0.273989 242 169 92
-0.073924 -0.279165 -0.277742 0.045566 0.786293 0.616171 133 227 206
0.488266 -0.167985 0.832831 -0.778846 0.509685 0.365541 28 192 174
-0.505233 -0.193239 -0.244606 0.799145 0.412513 -0.437265 229 180 71
0.276923 -0.007962 -0.720248 -0.842281 0.260276 0.472037 20 160 187
0.082265 0.161968 0.443265 -0.090336 -0.898727 0.429103 115 12 182
0.430191 0.273662 0.463405 -0.705851 -0.577685 0.409945 37 53 179
-0.311747 0.052016 -0.298532 0.640774 -0.348349 0.684151 209 83 214
0.401196 -0.229906 -0.425097 -0.580582 0.627550 0.518754 53 207 193
-0.082325 0.014006 0.040245 -0.991829 0.024380 -0.125227 1 130 111
0.056248 -0.072673 0.453247 -0.151834 0.149140 -0.977089 108 146 2
-0.050862 0.151868 -0.594968 -0.417054 -0.401169 0.815555 74 76 231
0.018020 -0.062039 0.217819 -0.797275 0.469014 -0.379971 25 187 79
-0.137063 0.123457 -0.702866 -0.739435 -0.666819 -0.092674 33 42 115
0.551234 -0.003371 -0.173046 -0.775863 0.299070 -0.555512 28 165 56
0.233116 0.076441 -0.035719 0.327713 -0.105809 -0.938834 169 114 7
0.026259 -0.216914 -0.698811 0.270073 0.727194 0.631071 161 220 207
0.188405 -0.209951 -0.321504 0.770633 0.544015 0.331923 225 196 169
0.426181 -0.225379 0.735178 -0.713366 0.602865 0.357300 36 204 173
0.359339 0.041242 0.833311 -0.918870 0.009774 -0.394440 10 128 77
0.106586 0.118284 -0.611527 -0.288127 -0.463408 0.837995 90 68 234
0.181964 -0.463448 0.630412 0.143235 0.978971 0.145258 145 252 146
0.500047 0.014937 -0.423283 -0.854948 0.130713 0.501975 18 144 191
0.581300 -0.148292 -0.026833 -0.755094 0.315303 0.574819 31 167 200
0.433750 -0.076213 -0.565373 -0.408817 0.098990 0.907232 75 140 243
0.318049 0.046734 -0.331928 -0.875047 -0.078728 0.477593 15 117 188
0.052265 0.165866 -0.544998 0.270252 -0.733449 0.623711 161 33 207
-0.230769 0.081805 0.093232 0.487108 -0.686666 -0.539644 189 39 58
0.349850 0.133148 -0.205972 -0.132617 -0.444763 -0.885775 110 70 14
-0.252041 -0.034013 -0.177428 -0.855290 0.122125 0.503551 18 143 191
-0.361156 0.000579 -0.710622 0.308143 0.072155 0.948600 166 136 248
-0.108169 -0.081885 -0.032608 0.723184 0.562984 0.400067 219 199 178
0.070893 -0.016172 0.092416 0.235809 0.041585 -0.970909 157 132 3
0.328779 -0.293975 -0.306015 0.296856 0.947579 -0.118198 165 248 112
-0.315040 -0.010335 -0.263214 0.896425 0.097309 -0.432380 241 139 72
0.262153 0.006497 -0.446515 0.948957 -0.144563 0.280325 248 109 163
-0.179919 -0.048119 -0.543633 0.954928 0.236274 0.179688 249 157 150
0.443885 0.091853 0.514334 -0.940690 -0.314995 0.126015 7 87 143
-0.068806 -0.109933 0.159077 -0.117061 0.979005 -0.166869 112 252 106
0.236475 -0.353350 0.767896 0.065147 0.978438 0.195998 135 252 152
-0.449904 0.110919 -0.095991 0.889931 -0.274577 -0.364184 240 92 81
0.030347 -0.170238 -0.657874 0.858619 0.486965 -0.160122 236 189 107
0.015997 -0.326554 -0.017075 -0.037517 0.945256 -0.324167 122 248 86
-0.053404 -0.025673 -0.763332 0.512095 0.002304 0.858926 192 127 237
0.378490 -0.088324 0.135736 -0.108800 0.122964 -0.986429 113 143 1
0.127766 -0.375614 -0.359507 -0.306640 0.893802 -0.327245 88 241 85
0.536314 0.131058 0.288194 -0.811992 -0.430849 -0.393749 23 72 77
-0.053291 0.211629 -0.441793 -0.262673 -0.899556 0.349002 94 12 171
-0.188474 -0.082234 -0.798324 -0.052220 0.390378 0.919172 120 177 244
0.411596 -0.307607 -0.438889 -0.430486 0.874546 0.223272 72 239 155
0.223774 -0.122771 -0.428202 0.615081 0.359044 -0.701971 205 173 37
-0.138693 0.021817 -0.097554 -0.876125 0.232404 0.422367 15 157 181
0.346919 -0.088094 0.903078 0.248613 0.493769 -0.833297 159 190 21
-0.051790 0.226259 -0.657324 -0.145744 -0.964709 0.219308 108 4 155
-0.234637 0.176000 -0.611986 0.853143 -0.513403 0.092543 236 62 139
0.127904 0.192669 0.690569 0.440564 -0.753260 -0.488368 183 31 65
0.310613 -0.094380 0.083166 0.941969 0.078583 -0.326372 247 137 85
0.151994 0.027068 -0.762721 0.025655 -0.222542 0.974586 130 99 251
0.245543 0.036928 -0.525266 -0.641869 -0.181273 0.745080 45 104 222
0.467790 -0.142777 0.115800 -0.703743 0.683458 -0.193986 37 214 102
0.334108 0.065042 -0.056584 -0.687377 -0.046303 0.724823 39 121 219
0.125176 -0.115117 -0.338781 0.112003 0.431547 0.895110 141 182 241
0.289337 -0.101824 -0.550731 -0.745058 0.365011 0.558261 32 174 198
0.415815 0.188181 0.842217 -0.164816 -0.973639 -0.157679 106 3 107
-0.222507 0.036525 -0.005792 0.148664 -0.278654 0.948815 146 91 248
0.009616 0.190808 -0.727775 -0.042440 -0.608123 0.792708 122 49 228
-0.202480 -0.171880 -0.319958 -0.816209 0.549626 0.178087 23 197 150
-0.149792 -0.256769 -0.119040 -0.543441 0.810995 0.216701 58 230 155
0.317929 0.154167 -0.583610 -0.863095 -0.394806 0.314952 17 77 167
0.254497 -0.177254 0.054796 -0.201321 0.592248 -0.780200 101 203 28
-0.181307 -0.015100 0.160031 -0.062942 0.093233 -0.993653 119 139 0
0.093659 -0.189424 -0.449136 0.765887 0.272483 -0.582383 225 162 53
-0.333139 0.064939 -0.036499 0.787399 -0.508375 0.348651 227 62 171
-0.155704 0.152437 0.105209 -0.516918 -0.428375 -0.741141 61 72 33
-0.253565 0.232347 0.103809 0.701675 -0.704769 0.104659 216 37 140
0.142731 -0.099536 0.409862 -0.531496 0.775156 -0.341535 59 226 83
-0.056991 -0.106603 -0.751849 -0.195426 0.538328 0.819764 102 196 232
0.334585 0.157983 -0.138002 -0.613180 -0.674666 0.410898 49 41 179
0.233348 0.110129 -0.037906 0.529081 -0.734611 -0.424759 194 33 73
0.414584 -0.103471 -0.270195 -0.792839 0.489245 0.363381 26 189 173
-0.277029 -0.039212 -0.110302 0.589863 0.184575 -0.786126 202 151 27
-0.127796 -0.076701 0.112318 0.965422 0.212575 0.150907 250 154 146
-0.143104 0.163145 0.218490 0.734024 -0.616937 -0.283897 221 48 91
0.246837 -0.220418 -0.107144 0.300057 0.953736 0.018790 165 249 129
0.265391 0.038388 -0.279589 -0.227473 -0.176839 -0.957593 98 104 5
0.436106 0.195533 -0.225818 0.154095 -0.913716 -0.376003 147 11 79
0.374728 -0.004114 0.449219 -0.961360 -0.211656 0.176037 4 100 149
0.344935 0.034281 -0.299866 0.820448 0.414739 -0.393518 232 180 77
-0.148544 0.188181 -0.464517 0.241136 -0.437201 0.866435 158 71 237
-0.072429 0.046336 0.352437 -0.010089 0.126738 -0.991885 126 143 1
0.409530 0.065036 -0.068317 -0.593074 -0.336976 0.731239 51 84 220
-0.261697 0.003464 0.090469 0.977513 0.141757 -0.156117 252 145 107
0.057941 -0.072921 -0.462025 0.921308 0.216484 -0.322996 244 155 86
-0.289649 0.154658 0.084829 0.522623 -0.730375 -0.439793 194 34 71
0.152173 -0.201976 0.603974 0.603201 0.701693 0.379178 204 216 175
0.277189 0.059079 0.466032 -0.817961 -0.122880 0.561997 23 111 199
0.311257 -0.112911 0.909473 -0.446397 0.833096 0.326621 70 233 169
0.452129 0.148363 -0.725662 -0.363742 -0.499350 0.786347 81 63 227
-0.193933 0.178822 0.241985 0.674067 -0.721736 0.157261 213 35 147
-0.335891 -0.109737 -0.629920 0.191194 0.918034 -0.347360 151 244 83
0.129505 0.259554 0.519978 0.390879 -0.810219 0.436760 177 24 183
0.179584 0.128813 -0.715716 0.207889 -0.455705 0.865514 154 69 237
0.390176 0.182091 -0.438775 -0.272246 -0.877991 0.393719 92 15 177
0.463554 0.160680 0.818095 -0.488641 -0.859844 0.147978 65 17 146
0.202776 -0.218134 0.642289 -0.083214 0.961643 -0.261379 116 250 94
0.163090 -0.114691 0.023621 -0.706826 0.525236 0.473841 37 194 187
0.478530 -0.240468 0.635422 -0.770348 0.615409 0.166838 29 205 148
-0.009450 0.074483 0.320712 0.423741 -0.754790 0.500735 181 31 191
-0.275914 0.006455 0.156819 0.866170 0.034970 -0.498525 237 131 63
-0.211936 -0.062588 0.502788 0.832830 0.456426 -0.313161 233 185 87
-0.294869 0.077244 0.056845 0.041892 -0.498429 -0.865918 132 63 17
0.218521 -0.035247 0.968068 0.421163 0.114891 -0.899679 181 142 12
-0.316809 0.124376 -0.162605 -0.380347 -0.561701 0.734730 79 55 221
0.313972 -0.166043 -0.404934 0.470982 0.850725 0.233330 187 235 157
-0.124230 -0.142267 0.055483 -0.452969 0.269370 0.849858 69 161 235
0.485120 -0.041727 -0.044801 -0.689889 -0.331996 -0.643298 39 85 45
-0.121160 -0.171788 -0.679841 -0.678499 0.348374 0.646742 40 171 209
-0.225649 -0.042934 -0.714309 0.512391 -0.234022 0.826250 192 97 232
0.409657 0.037276 -0.045360 -0.860891 -0.252143 -0.441918 17 95 71
-0.404835 0.051432 -0.617855 0.916434 -0.061336 -0.395458 244 119 77
-0.212384 -0.257268 -0.677800 0.035865 0.653531 0.756050 132 210 223
0.521519 0.110210 -0.519732 -0.683101 -0.147760 0.715221 40 108 218
0.403208 0.182348 0.763020 -0.728323 -0.638704 0.248200 34 46 159
0.169219 -0.079018 -0.705029 -0.271465 0.197711 0.941922 92 152 247
-0.046945 0.056255 0.085989 -0.736172 -0.614988 0.282561 33 49 163
0.446438 0.084109 -0.251457 -0.828300 -0.157099 0.537810 21 107 196
0.135887 0.082191 0.705755 0.657133 -0.657477 -0.368647 211 43 80
-0.133516 -0.180074 0.154969 -0.277409 0.876588 0.393241 92 239 177
-0.248249 0.066211 -0.044417 0.816709 -0.421530 -0.394080 231 73 77
0.172032 0.154076 -0.222410 -0.776467 -0.625856 -0.073510 28 47 118
-0.124777 0.415341 -0.589580 -0.173380 -0.827311 0.534318 105 22 195
-0.346328 0.044685 -0.135715 0.971109 -0.120379 0.206051 251 112 153
-0.051950 0.208867 0.047308 -0.227628 -0.905864 0.357205 98 12 173
0.468798 -0.199714 -0.188633 -0.623510 0.638511 -0.451153 48 208 69
-0.109932 -0.220394 0.349057 0.181990 0.971208 0.153732 150 251 147
-0.319044 -0.270029 -0.076731 0.580684 0.669639 -0.463023 201 212 68
0.435245 0.100895 0.824627 -0.891350 -0.447857 -0.070135 13 70 118
0.565320 0.050445 -0.368627 -0.896294 -0.263509 0.356680 13 93 172
-0.331584 -0.027745 0.174286 0.700734 -0.037881 -0.712417 216 122 36
-0.145065 0.085324 0.075687 -0.379576 -0.391095 0.838431 79 77 234
0.450160 -0.079065 -0.299676 -0.860761 0.121914 0.494193 17 143 190
0.485108 0.127808 0.833368 -0.466381 -0.461890 -0.754418 68 68 31
-0.173487 0.003618 -0.704552 -0.741637 0.189327 0.643530 32 151 209
0.464708 -0.177476 0.717000 -0.768269 0.444125 0.460995 29 184 186
0.196304 -0.196055 0.025994 -0.675136 0.713870 -0.185957 41 218 103
-0.084935 -0.217159 -0.801997 0.260039 0.737975 0.622714 160 221 206
-0.469225 -0.166489 -0.055877 0.920841 0.319904 -0.222964 244 168 99
-0.029107 0.189550 0.487212 0.210324 -0.799455 -0.562704 154 25 55
0.491615 -0.004748 -0.158386 -0.411628 0.178870 -0.893626 75 150 13
0.336698 -0.088449 -0.563406 0.394104 0.525722 -0.753856 177 194 31
0.110072 -0.208798 0.731509 0.735375 0.666777 -0.120966 221 212 112
-0.196498 -0.077364 0.383223 0.975239 0.147139 -0.165104 251 146 106
-0.017067 -0.180701 0.008163 -0.649358 0.687096 0.325935 44 215 169
0.235588 0.232162 0.786391 -0.616596 -0.710603 -0.338901 48 36 84
-0.187244 0.128580 0.225713 0.724660 -0.383791 -0.572340 219 78 54
-0.175535 0.083634 0.127925 -0.652286 -0.640046 -0.406035 44 45 75
-0.128950 -0.125988 -0.780268 -0.607897 0.309400 0.731254 49 166 220
0.156432 0.219276 0.777830 0.461536 -0.758713 -0.459716 186 30 68
-0.007496 0.101365 0.387558 0.762683 -0.645641 0.038255 224 45 132
-0.256273 0.236793 -0.352984 0.248498 -0.716701 0.651605 159 36 210
-0.242905 -0.118081 -0.092525 0.797981 0.504612 -0.329535 229 191 85
0.209079 -0.158763 -0.456327 0.137903 0.935145 0.326322 145 246 169
0.452328 0.191416 -0.309785 0.073339 -0.952059 0.296994 136 6 165
0.414332 -0.122062 -0.165154 -0.842691 0.533641 0.071404 20 195 136
0.383914 0.100982 -0.227564 -0.874339 -0.438234 0.208525 16 71 154
0.076690 -0.098086 -0.287035 0.748761 0.635264 0.189201 222 208 151
0.420894 0.085531 -0.620911 -0.445078 -0.558007 -0.700381 70 56 38
0.081243 -0.080732 -0.679352 -0.862061 0.473295 0.181225 17 187 150
-0.154645 0.148375 0.128405 0.208434 -0.821315 -0.531033 154 22 59
-0.166419 -0.177620 0.034078 -0.648941 0.715468 -0.258807 44 218 94
0.210197 -0.027350 -0.333429 0.124072 0.424292 0.896985 143 181 241
0.062297 -0.158297 -0.545922 -0.657258 0.441078 0.611115 43 183 205
-0.165430 0.070509 -0.054878 0.439624 -0.874739 0.203867 183 15 153
0.590323 -0.173767 1.004729 -0.641988 0.602875 -0.473702 45 204 67
-0.025156 -0.251586 -0.693294 0.086907 0.786771 0.611097 138 227 205
-0.269236 -0.134383 -0.785352 -0.207150 0.385455 0.899174 101 176 242
0.178173 0.026081 -0.422122 0.964204 0.001734 0.265155 250 127 161
0.183040 -0.043321 0.509782 0.510545 0.317904 0.798925 192 168 229
-0.325090 0.025015 -0.010616 0.999934 -0.010894 -0.003710 254 126 127
0.418567 0.270534 -0.366442 -0.177624 -0.952067 -0.249036 104 6 95
-0.183378 -0.299264 -0.095517 -0.476022 0.786609 0.393254 66 227 177
-0.091007 -0.214117 0.158768 0.114784 0.986387 -0.117753 142 253 112
0.624336 -0.076957 -0.110452 -0.956632 0.270892 0.107108 5 162 141
0.337154 0.192034 -0.475591 0.612511 -0.785627 0.087300 205 27 138
0.037690 0.075082 0.513618 0.871162 -0.383576 0.306506 238 78 166
-0.360381 0.139967 -0.625719 0.791798 -0.597297 -0.127639 228 51 111
0.461044 0.233524 -0.482178 -0.610323 -0.780747 -0.133944 49 27 110
0.135302 0.019923 -0.574836 0.790041 -0.044350 -0.611448 228 121 49
0.268075 -0.151649 0.347557 -0.939390 0.322330 0.116830 7 168 142
0.261655 -0.012580 0.619961 -0.978647 0.151313 0.139117 2 146 145
0.440948 -0.108597 0.242293 -0.348228 0.356859 -0.866827 83 172 16
-0.329491 -0.051229 -0.574893 0.944761 -0.114575 0.307081 247 112 166
0.208272 -0.173682 -0.100302 0.350309 0.936580 -0.010073 172 246 126
0.450919 -0.143170 0.109275 -0.097164 0.724512 -0.682380 115 219 40
-0.442199 0.087048 -0.088318 0.948675 -0.315200 0.025769 248 87 130
-0.052214 0.027958 -0.619872 -0.980241 0.157341 0.119881 2 147 142
0.333034 0.036062 -0.466156 -0.952107 0.123129 -0.279877 6 143 91
0.411453 0.039657 0.317853 -0.934759 -0.254949 -0.247441 8 94 95
-0.207101 -0.139705 0.117101 0.447919 0.510196 -0.734213 184 192 33
-0.229152 -0.257248 -0.499962 0.232987 0.965857 -0.113298 157 250 113
0.684864 -0.209560 -0.531996 -0.805791 0.263225 0.530484 24 161 195
-0.129462 0.177995 0.267823 0.738242 -0.429688 -0.519969 221 72 61
0.045493 -0.026439 -0.704269 -0.552088 -0.044213 0.832613 57 121 233
-0.322282 -0.157649 -0.693885 0.609814 0.669253 -0.424531 205 212 73
0.091408 0.007233 -0.782696 0.226839 -0.090060 0.969759 156 116 251
0.536914 -0.004241 -0.048366 -0.974359 -0.096835 -0.203093 3 115 101
-0.150275 0.080064 -0.793162 0.511540 -0.289865 0.808891 192 90 230
-0.216069 -0.058854 -0.110526 0.989404 0.066693 0.128963 253 136 143
-0.164313 0.159933 0.057125 -0.754715 -0.429927 0.495549 31 72 190
0.378518 0.092632 -0.540357 -0.826673 -0.557393 0.076969 22 56 137
0.265881 -0.043402 -0.462121 -0.930250 0.366218 -0.022781 8 174 124
0.125969 -0.032569 -0.600210 -0.983369 -0.059131 0.171723 2 119 149
-0.096999 -0.042346 0.177076 -0.384646 0.469818 -0.794555 78 187 26
0.359041 0.197472 -0.258645 0.630663 -0.746814 -0.211029 207 32 100
0.003284 -0.186445 0.232751 -0.755572 0.651593 0.067362 31 210 136
0.290015 -0.045252 -0.585709 0.305980 0.295211 0.905112 166 165 242
-0.111606 0.106868 0.435968 0.609314 -0.101160 -0.786450 205 114 27
-0.499942 0.060139 -0.417288 0.870531 -0.199947 0.449662 238 102 184
0.282345 0.009055 -0.654495 0.688359 -0.048661 0.723736 215 121 219
-0.342479 0.093983 -0.025228 0.453674 -0.304807 -0.837420 185 88 20
-0.292096 -0.079254 -0.496806 -0.564135 0.605563 0.561289 55 204 199
0.430599 0.221778 -0.370890 -0.135512 -0.917915 0.372919 110 10 175
-0.365945 0.072359 -0.751477 0.713562 -0.237434 0.659131 218 97 211
0.283018 -0.085488 -0.081937 -0.993008 0.116737 -0.017557 0 142 125
0.457775 0.277953 -0.324160 -0.111132 -0.993608 -0.019806 113 0 124
-0.098252 -0.030984 -0.711630 0.887954 0.094487 0.450123 240 139 184
0.472146 -0.239308 -0.409527 -0.636308 0.764981 0.099583 46 225 140
-0.218506 0.013432 -0.724667 0.966932 -0.209295 -0.145736 250 100 108
0.129683 0.178754 -0.462262 0.363023 -0.772945 -0.520356 173 28 61
0.001363 0.064790 0.238800 0.354821 -0.246353 0.901893 172 96 242
0.184149 -0.176384 0.781657 0.761319 0.605370 -0.232207 224 204 97
0.191754 -0.083916 -0.721721 0.090450 0.244263 0.965481 139 158 250
-0.173569 0.149484 -0.509464 -0.315612 -0.262386 0.911890 87 94 243
0.103253 0.184985 0.638819 0.569221 -0.769507 -0.289563 200 29 90
0.368296 -0.140749 -0.107084 -0.001208 0.874387 -0.485227 127 238 65
0.351916 -0.042550 -0.454192 0.201141 0.306857 0.930258 153 166 246
0.225039 -0.176042 0.558535 -0.744698 0.661056 -0.091820 32 211 115
0.235723 -0.067648 0.792948 0.692707 0.633643 -0.344463 215 208 83
0.128164 -0.067471 0.260621 0.022366 0.232151 -0.972423 130 157 3
0.178576 -0.137529 0.159426 0.101771 0.836874 -0.537852 140 234 58
-0.185632 -0.011385 0.092704 0.251413 -0.009366 0.967835 159 126 250
0.335905 -0.016630 0.865879 -0.765182 -0.071374 0.639846 29 118 209
-0.046162 -0.105668 -0.000845 0.726562 0.376770 -0.574588 220 175 54
0.525309 0.178764 0.691448 -0.846736 -0.189250 0.497215 19 103 190
0.510610 0.151819 -0.431762 -0.913470 -0.323108 0.247333 11 86 159
-0.160287 -0.107635 -0.736579 0.713221 0.334756 0.615835 218 170 206
-0.495930 -0.089626 -0.641724 0.942090 0.330536 -0.056687 247 169 120
-0.469410 -0.063695 -0.430479 0.961107 0.215840 -0.172299 250 155 105
-0.261945 0.095440 -0.179012 0.872626 -0.373830 0.314285 238 79 167
-0.220498 -0.003993 0.183239 0.412449 0.128919 -0.901813 180 143 12
-0.316556 -0.092239 -0.094976 0.831266 0.399011 -0.387024 233 178 78
0.371417 -0.148161 0.752688 -0.781087 0.323064 0.534353 27 168 195
0.213675 0.062194 0.885949 0.573282 -0.625928 -0.528736 200 47 60
0.428496 -0.102223 0.774617 -0.675754 0.293219 0.676298 41 164 213
-0.191119 -0.212068 0.020126 0.323797 0.845350 -0.424899 168 235 73
0.260168 -0.185620 0.107032 -0.138500 0.787732 0.600246 109 227 204
-0.195874 -0.076191 -0.252416 -0.044944 0.997299 0.058090 121 254 134
-0.274053 -0.210110 -0.532102 -0.374690 0.531547 0.759648 79 195 224
0.282108 -0.135287 -0.384345 -0.322491 0.547064 -0.772477 86 197 29
0.412191 0.183398 -0.428909 -0.644649 -0.724327 -0.244496 45 35 96
0.385045 -0.087753 -0.254842 0.425037 0.344799 -0.836933 181 171 20
-0.240548 0.093539 -0.375529 -0.576560 -0.650262 -0.494711 53 44 64
0.516905 -0.258851 0.075954 -0.629899 0.776588 -0.011755 47 226 126
-0.448467 0.080689 -0.103730 0.841062 -0.499571 0.207470 234 63 153
-0.525838 0.230530 -0.283658 0.843421 -0.464495 -0.269975 235 68 93
0.010236 -0.152873 0.604429 0.186543 0.630152 -0.753731 151 207 31
-0.258685 -0.066946 -0.702125 -0.102795 0.096082 0.990051 114 139 253
-0.039464 0.177278 0.626277 0.208785 -0.482871 -0.850438 154 65 19
-0.041367 -0.101435 0.454308 0.493670 0.842223 -0.216680 190 234 99
0.200241 -0.046465 -0.210296 -0.844088 0.516165 0.145221 19 193 146
0.298555 0.066725 0.878140 -0.534836 -0.353418 -0.767494 59 82 29
0.334827 0.247580 -0.241836 0.495792 -0.666863 -0.556313 190 42 56
-0.147534 0.030310 -0.606699 0.872300 -0.279446 0.401252 238 91 178
0.519474 -0.032638 -0.295719 -0.387799 0.494927 -0.777598 78 190 28
0.624991 -0.031665 -0.124630 -0.987323 0.092178 0.129217 1 139 143
-0.341586 -0.122097 -0.568872 0.063199 0.430065 0.900583 135 182 242
-0.175235 0.073704 -0.691092 -0.363242 0.083949 0.927905 81 138 245
-0.451353 -0.228523 -0.578262 0.818146 0.534736 -0.211412 231 195 100
-0.227390 0.008376 -0.272581 -0.871680 0.000645 0.490075 16 127 189
-0.298265 0.116112 -0.534320 -0.186585 -0.904267 -0.384040 103 12 78
0.587579 -0.189668 -0.417490 -0.890188 0.452278 0.054864 14 185 134
0.403795 -0.225618 -0.454953 -0.075046 0.938307 0.337563 117 247 170
-0.191474 0.091009 -0.511269 0.212725 -0.850526 -0.480993 154 19 66
0.410603 -0.248178 0.886383 -0.158891 0.710425 -0.685602 107 218 40
-0.237868 0.092837 0.138107 0.674633 -0.451374 -0.584065 213 69 53
0.539223 0.159807 0.087811 -0.561859 -0.707544 -0.428598 55 37 72
0.507001 -0.162211 -0.448605 -0.798036 0.502657 0.332377 25 191 169
-0.389877 -0.001278 -0.630446 0.817821 0.148536 0.555973 231 146 198
0.062895 -0.152482 -0.626423 0.137183 0.981629 0.132613 144 252 144
-0.326228 -0.253706 0.037586 0.528217 0.834572 -0.156448 194 233 107
0.294394 0.095690 -0.565124 -0.489902 -0.842576 0.223743 65 20 156
0.068494 -0.156415 -0.731616 0.460550 0.826816 0.322907 186 232 168
-0.050189 0.047641 0.451517 0.854652 0.005806 -0.519170 236 128 61
-0.228233 -0.063214 -0.728127 0.507616 0.295786 0.809220 192 165 230
0.080831 0.175097 0.463625 0.503160 -0.436711 -0.745730 191 71 32
0.293379 0.115298 0.684432 -0.679686 -0.690418 0.247689 40 39 159
0.219553 0.005255 0.779794 0.080660 -0.462286 -0.883055 137 68 14
-0.037799 -0.328142 0.317493 -0.166435 0.985151 -0.042166 106 253 122
0.015436 -0.157491 0.618283 0.473438 0.682225 -0.557158 187 214 56
0.373409 -0.031837 0.883803 -0.093659 0.203038 -0.974681 115 153 3
-0.152412 0.093804 -0.620433 0.601742 -0.763542 -0.234329 204 30 97
0.454628 -0.340642 -0.463827 -0.383388 0.738474 0.554680 78 221 198
0.110456 0.029061 0.284926 -0.864199 -0.399315 -0.306116 17 76 88
0.401501 0.072975 -0.512403 -0.866115 -0.278850 0.414835 17 91 180
0.208649 0.067149 0.811731 0.967543 -0.201174 -0.152936 250 101 108
0.556044 -0.154106 -0.073982 -0.594431 0.571843 -0.565374 51 200 55
0.282491 -0.082695 0.830688 0.155185 0.927413 -0.340327 147 245 84
-0.120088 0.032111 0.089097 0.872097 0.333203 0.358362 238 169 173
0.321046 -0.257801 0.225379 -0.581016 0.711767 -0.394726 53 218 77
0.273862 0.053588 0.711574 0.912459 -0.322399 -0.251948 243 86 95
-0.340992 0.020428 -0.067606 0.667805 -0.566732 0.482547 212 55 189
-0.212449 0.125642 0.209304 -0.544417 -0.748267 -0.379088 58 32 79
0.505848 -0.188024 -0.344185 -0.344775 0.788541 -0.509248 83 228 62
-0.159657 -0.051057 -0.628513 0.808357 0.038919 -0.587404 230 132 52
0.383802 0.072107 -0.518372 -0.254778 -0.942745 0.215223 95 7 154
-0.074427 -0.091687 -0.165059 -0.607260 0.655067 0.449581 50 211 184
-0.292508 -0.364378 -0.610902 0.156439 0.975151 0.156868 147 251 147
0.251757 -0.134218 0.879062 0.777038 0.424572 -0.464705 226 181 68
0.117397 -0.033160 0.550106 0.141886 0.599520 0.787683 145 203 227
-0.292941 0.230924 -0.697173 0.779919 -0.620000 0.085588 226 48 138
0.258499 -0.045305 0.840554 0.550299 0.288342 -0.783601 197 164 27
0.200937 -0.230180 0.821116 0.525521 0.828627 -0.192887 194 233 102
0.261347 0.064346 -0.678288 -0.991040 -0.098045 0.090700 1 114 139
0.182808 -0.069220 0.808699 -0.648302 0.563474 -0.512055 44 199 62
0.385325 0.077057 -0.283981 -0.628204 -0.453988 0.631866 47 69 208
-0.295656 0.126358 -0.754609 0.717818 -0.693907 -0.056831 219 39 120
0.385749 0.029334 -0.103788 -0.789626 -0.090641 -0.606857 26 115 50
-0.291319 0.186623 -0.045722 0.671796 -0.719670 -0.175403 213 35 105
0.069615 0.141499 -0.678977 0.856709 -0.475466 -0.199953 236 66 102
0.202411 0.009545 0.831066 0.142390 -0.271857 -0.951745 145 92 6
0.275538 0.066675 0.789641 0.808660 -0.582802 0.080066 230 53 137
-0.217232 0.145080 -0.472846 -0.933414 -0.269323 0.237074 8 93 157
0.073108 0.160315 -0.712933 -0.734880 -0.386421 0.557342 33 78 198
-0.115720 0.032264 -0.609394 -0.232352 -0.175563 0.956656 97 105 249
0.141044 0.007728 0.757539 0.593136 -0.266279 -0.759793 203 93 30
0.134603 0.042233 -0.119752 -0.830207 0.073760 -0.552554 21 136 57
-0.072266 0.030310 0.538710 0.791893 0.058150 -0.607885 228 134 49
-0.088035 -0.113742 0.487469 0.449827 0.398560 -0.799253 184 178 25
0.440600 0.240652 0.151184 -0.814768 -0.450287 0.365233 23 70 174
-0.063321 -0.056416 -0.624067 0.129657 -0.115777 0.984776 144 112 253
-0.029951 -0.246328 -0.211195 -0.245432 0.950450 0.190808 96 248 151
-0.333576 0.195788 -0.537776 0.859637 -0.452267 0.237652 237 69 157
0.496870 -0.062107 -0.163172 -0.961515 0.272052 0.038432 4 162 132
-0.060854 0.013513 -0.713677 -0.590884 -0.000080 0.806757 52 127 230
-0.078486 0.007807 0.186324 -0.244740 -0.943937 0.221552 96 7 155
0.038333 0.209057 -0.636617 0.168103 -0.709729 -0.684125 148 37 40
0.354214 -0.018831 0.927351 0.558098 0.150949 -0.815930 198 146 23
0.219744 0.040997 0.237946 0.083359 -0.427194 0.900309 138 73 242
0.337073 0.234186 0.902694 0.055022 -0.700107 -0.711915 134 38 36
0.046428 0.305148 -0.556382 -0.112478 -0.947611 -0.298968 113 6 89
0.581852 -0.082290 -0.401338 -0.672010 0.731665 0.114314 41 220 142
0.058260 0.093436 -0.651658 0.280399 -0.386306 0.878717 163 78 239
0.358596 0.235780 0.690777 0.342517 -0.925552 0.161353 171 9 148
0.135894 0.088862 0.255213 0.373598 -0.754756 -0.539229 175 31 58
0.474605 0.199538 1.014948 -0.313292 -0.476850 -0.821257 87 66 22
0.188946 0.168933 -0.059025 -0.583915 -0.590838 0.556735 53 52 198
0.315012 -0.085525 -0.650632 -0.350830 0.414613 0.839651 82 180 234
0.247199 -0.223622 -0.523930 -0.374015 0.894258 0.245793 79 241 158
0.132117 0.012601 -0.655628 0.615535 0.478288 0.626384 205 188 207
0.367101 0.038682 -0.297004 -0.606994 0.780581 0.149169 50 227 146
0.076402 0.068040 -0.776461 -0.864611 -0.215333 0.453959 17 100 185
0.197262 0.185799 -0.039132 0.434211 -0.412740 -0.800691 182 74 25
-0.072161 0.139668 0.151467 -0.473185 -0.835540 -0.279230 67 20 91
0.021168 -0.006990 -0.776859 -0.368640 -0.283548 0.885271 80 91 240
-0.026230 0.058516 -0.773922 -0.729800 -0.196229 0.654894 34 102 210
0.276010 -0.308436 0.054650 -0.107000 0.985283 0.133301 113 253 144
0.011213 0.003614 0.692540 0.845574 0.048395 -0.531661 235 133 59
-0.113296 0.132261 0.278968 0.517515 -0.471848 0.713819 193 67 218
-0.041894 0.081945 -0.384746 0.001253 -0.993871 -0.110540 127 0 113
0.277767 -0.131046 -0.120076 0.560051 0.720782 -0.408431 198 219 75
-0.293072 -0.173071 0.189329 0.810172 0.471825 -0.347854 230 187 83
0.072393 -0.022035 0.040045 -0.364545 0.242096 0.899164 81 158 242
0.477054 0.099505 -0.489538 -0.733765 -0.368572 0.570740 33 80 200
-0.070410 0.283181 0.468361 0.474792 -0.785667 -0.396612 188 27 76
0.140762 0.090760 -0.642912 0.663248 -0.451793 0.596645 212 69 203
0.513747 -0.102814 -0.417284 -0.394609 0.406256 0.824160 77 179 232
0.016332 -0.100579 0.296555 0.662646 0.644804 -0.380957 211 209 78
-0.339489 -0.089261 -0.469484 0.620807 0.196212 -0.759012 206 152 30
0.037383 -0.250253 -0.458282 -0.266042 0.834811 0.481988 93 233 188
-0.280743 0.140483 -0.133550 0.662139 -0.739119 0.123593 211 33 143
0.512400 -0.158943 0.848330 -0.955658 0.294317 -0.009811 5 165 126
-0.159639 0.041872 0.123712 0.854111 -0.100776 0.510234 236 114 192
-0.062639 -0.218990 0.123836 -0.414309 0.705509 -0.574982 74 217 54
0.019145 -0.046032 0.150901 -0.307645 0.926043 -0.218628 88 245 99
-0.150243 -0.269242 -0.029888 -0.634264 0.772384 0.033648 46 225 131
0.035232 -0.028053 0.337549 0.467698 0.883209 0.034647 187 240 131
-0.280710 0.310998 -0.073914 0.104209 -0.990371 -0.091134 140 1 115
0.519185 -0.038846 -0.406470 -0.992954 -0.031055 -0.114363 0 123 112
-0.406552 0.192315 -0.126879 0.869511 -0.474596 0.136785 238 66 144
0.380767 -0.293940 -0.506775 -0.165726 0.924190 0.344104 106 245 171
0.129974 0.091288 -0.687076 0.521455 -0.287010 0.803561 193 90 229
0.382903 -0.195248 -0.470351 -0.692841 0.721068 -0.005649 39 219 126
0.060235 -0.111971 0.635256 -0.542727 0.276156 -0.793212 58 162 26
0.223231 -0.018169 -0.627287 -0.744739 0.595666 0.300908 32 203 165
0.361951 -0.024596 -0.413052 -0.700450 0.484179 0.524348 38 189 194
-0.164799 0.049671 0.005451 0.181656 -0.070632 -0.980822 150 118 2
-0.245652 0.105753 0.059030 0.121618 -0.348127 0.929525 143 83 246
0.513669 -0.183322 -0.500375 -0.300890 0.853843 0.424755 89 236 181
-0.309242 -0.260209 -0.013806 0.323451 0.785887 -0.527030 168 227 60
-0.013028 -0.184271 0.353045 0.507908 0.610247 -0.607970 192 205 49
0.212174 0.149880 0.053296 -0.094627 -0.346934 -0.933104 115 83 8
0.449867 0.020707 -0.130332 -0.984693 -0.168879 0.043114 1 105 132
0.194502 0.044002 0.783980 0.732599 -0.298310 -0.611808 220 89 49
0.401923 0.070323 -0.477326 0.647583 -0.274652 0.710776 210 92 218
0.286295 0.083816 -0.610305 -0.258171 -0.424195 0.867990 94 73 238
0.638614 -0.036583 -0.358532 -0.910819 0.006880 0.412749 11 128 180
-0.172810 -0.022705 -0.646433 0.774968 0.117566 0.620970 226 142 206
-0.104510 0.166969 -0.690812 0.398101 -0.735875 0.547726 178 33 197
-0.150385 0.146725 0.090502 0.389446 -0.256962 0.884478 177 94 240
0.306233 -0.169157 0.942801 0.190521 0.491236 -0.849934 151 190 19
0.425264 0.022971 0.603396 -0.835335 -0.165778 0.524150 20 106 194
0.313662 0.252704 0.846064 -0.172237 -0.985025 -0.007754 105 1 126
0.374483 0.110987 0.718044 -0.832463 -0.446336 0.328313 21 70 169
0.187715 -0.187505 -0.568852 0.127659 0.781851 0.610257 143 227 205
0.589967 0.006038 0.528518 -0.987559 -0.132623 0.084483 1 110 138
-0.152689 -0.108056 -0.631792 -0.786347 0.454398 0.418546 27 185 180
-0.369941 -0.146709 -0.229228 0.599563 0.635841 0.486036 203 208 189
0.205309 -0.065943 0.650200 -0.630405 0.529483 0.567660 47 195 199
0.427164 -0.109859 0.976267 -0.447169 0.235940 -0.862770 70 157 17
-0.078819 -0.045265 -0.657855 0.214788 0.650959 0.728092 154 210 220
-0.251724 -0.179709 -0.622717 0.416316 0.613535 0.671011 180 205 213
-0.133510 0.213547 -0.463963 -0.022875 -0.927542 0.373018 124 9 175
0.421868 0.136728 0.831404 0.057735 -0.595598 -0.801205 134 51 25
0.213069 -0.122298 0.613971 0.526732 0.569518 0.631033 194 200 207
-0.131184 -0.098345 -0.759157 0.574886 0.613285 0.541653 200 205 196
-0.229985 -0.272966 0.158697 0.349341 0.871293 -0.344688 172 238 83
-0.152021 -0.168502 0.054002 0.341237 0.387849 -0.856230 171 176 18
0.360831 0.145888 0.326611 -0.518747 -0.802484 0.294823 61 25 165
0.045863 -0.105093 0.030759 -0.553323 0.823673 -0.124087 56 232 111
-0.426612 0.114358 -0.108786 0.920994 -0.368110 -0.127538 244 80 111
-0.351045 0.193477 0.033545 0.456814 -0.832098 -0.314537 185 21 87
-0.078045 0.109729 -0.628001 -0.718775 -0.678105 -0.153416 35 41 107
-0.359058 -0.099315 0.068387 0.938494 0.345016 0.013890 247 171 129
0.536126 0.084124 -0.494558 -0.859420 -0.415813 0.297486 17 74 165
0.274529 -0.157487 -0.738992 0.122503 0.461198 0.878800 143 186 239
0.230226 0.029032 0.787737 0.980671 -0.092539 0.172396 252 115 149
-0.005721 -0.201395 -0.643780 -0.024084 0.795206 -0.605860 124 228 50
-0.191349 -0.086100 0.164077 0.341922 0.905362 0.251813 171 242 159
-0.219892 0.059035 -0.166496 -0.549296 -0.318531 0.772536 57 86 225
0.029880 0.057995 0.228551 -0.060457 -0.290831 -0.954862 119 90 5
0.244163 0.111198 0.486190 0.332180 -0.500120 0.799710 169 63 229
0.574821 0.148581 -0.351263 -0.930458 -0.359999 0.068180 8 81 136
0.375213 -0.148743 0.495930 -0.823818 0.566808 0.007306 22 199 128
0.467690 -0.191543 0.824325 -0.818387 0.573354 0.038827 23 200 132
0.037287 -0.117882 0.489167 0.890018 0.391495 0.233664 240 177 157
0.506631 0.288877 -0.365948 -0.479011 -0.758742 -0.441429 66 30 71
0.182067 -0.060610 -0.494874 0.547355 0.218903 0.807765 197 155 230
0.168100 -0.053818 -0.644959 0.138767 0.597478 0.789787 145 203 228
-0.254105 0.172962 0.130363 0.231582 -0.896248 -0.378297 157 13 79
0.169708 -0.084215 -0.569031 0.550380 0.582881 0.597772 197 201 203
-0.059417 -0.033421 -0.722878 0.922503 -0.238799 0.303254 245 97 166
-0.373428 0.150118 -0.138183 0.363424 -0.628247 0.687916 173 47 215
0.273987 -0.155149 0.417125 -0.350644 0.416090 -0.838998 82 180 20
0.339975 0.054681 -0.436839 -0.290112 -0.136936 -0.947145 90 110 6
-0.120248 -0.104178 -0.099770 0.521968 0.592863 0.613240 194 203 205
-0.189044 -0.200849 0.176767 0.211481 0.645138 -0.734216 154 209 33
0.315562 0.082824 0.487185 -0.935147 -0.346436 0.074048 8 83 136
0.424071 0.169697 1.026725 -0.139904 -0.606139 -0.782958 109 50 27
-0.414631 -0.068339 -0.093387 0.987861 0.070558 0.138391 253 136 145
0.059734 -0.183352 -0.693746 0.329310 0.944099 0.015247 169 247 129
0.534299 0.165092 0.981754 -0.819268 -0.571456 -0.047310 23 54 121
0.255542 -0.023571 -0.632484 -0.759789 0.015231 -0.649991 30 129 44
0.156923 0.292204 -0.098678 -0.512924 -0.823078 0.243827 62 22 158
0.037358 0.134706 -0.534916 -0.547671 -0.538478 0.640389 57 58 209
-0.263114 0.093823 -0.729706 0.658098 -0.329080 0.677210 211 85 213
-0.112778 -0.108898 -0.663539 0.710883 0.431599 0.555309 218 182 198
0.331418 -0.014109 0.911077 -0.546536 0.286183 0.787018 57 163 227
0.147065 0.161426 -0.221200 0.637415 -0.635406 0.435845 208 46 183
0.363508 -0.170572 -0.323604 0.539810 0.840797 0.040825 196 234 132
0.100129 -0.127116 -0.035874 0.448501 0.850475 0.274844 184 235 162
0.372963 -0.031677 0.072301 -0.873845 0.061357 -0.482318 16 135 66
0.325969 0.161798 -0.316577 0.124080 -0.990737 0.055170 143 1 134
-0.286959 -0.280654 -0.624227 0.683026 0.729107 -0.043337 214 220 121
-0.102927 -0.101830 -0.251954 0.164615 0.364728 -0.916447 148 174 10
0.267110 -0.072587 0.841661 0.492083 0.048301 -0.869207 190 133 16
0.353521 0.139620 0.875860 -0.502707 -0.863645 0.037448 63 17 132
0.209501 0.032679 -0.709217 -0.927850 -0.323969 0.184763 9 86 151
0.009056 0.028788 -0.274958 0.244474 -0.476576 0.844457 158 66 235
0.372005 0.103865 0.897788 -0.799788 -0.470868 0.372321 25 67 174
0.147315 -0.088327 0.416153 -0.554998 0.660047 0.506275 56 211 192
0.414143 -0.189427 -0.085037 -0.053029 0.609826 -0.790759 120 205 26
-0.276827 0.411631 -0.092354 -0.131629 -0.991298 -0.001322 110 1 127
0.212641 0.079379 0.780333 -0.103911 -0.406646 -0.907657 114 75 11
0.354424 -0.127613 0.725419 -0.800995 0.404202 0.441619 25 179 183
0.196064 -0.028555 0.445995 0.876745 0.375076 -0.301058 239 175 89
-0.537913 0.029346 -0.201617 0.965681 -0.052714 -0.254327 250 120 95
-0.183568 -0.235989 0.126603 -0.267693 0.910157 0.316156 93 243 167
-0.364197 0.020391 -0.535674 0.688019 -0.424708 0.588433 215 73 202
0.323748 0.109750 0.789618 0.043955 -0.554151 -0.831255 133 56 21
0.223357 0.018039 0.154087 -0.914159 0.252144 -0.317390 10 159 87
0.081846 -0.227218 0.864541 0.638384 0.396333 -0.659838 208 178 43
0.496652 -0.027731 -0.388683 -0.785769 0.300651 0.540533 27 165 196
0.503449 0.053734 -0.469982 -0.847287 -0.023824 0.530601 19 124 195
0.261047 0.119003 -0.003372 0.668412 -0.706641 -0.232130 212 37 97
0.403949 -0.014456 0.895097 -0.876293 0.170297 -0.450677 15 149 70
-0.167173 0.174640 0.480812 0.396298 -0.879002 -0.265147 178 15 93
0.291984 -0.071836 0.801670 -0.175952 0.400739 0.899138 105 178 242
0.389939 0.172854 -0.381326 -0.108308 -0.879966 -0.462525 113 15 68
-0.441126 0.034864 -0.173818 0.937144 -0.185873 -0.295318 246 103 89
0.194717 -0.167800 -0.649620 -0.779093 0.299386 0.550801 28 165 197
0.402209 -0.069301 0.642960 -0.911282 0.215579 -0.350843 11 154 82
0.226567 0.111686 0.080453 -0.759492 -0.317185 0.567948 30 87 199
-0.241184 0.023390 0.047404 0.812726 -0.314294 0.490607 231 87 190
-0.079030 -0.157578 -0.641806 -0.353205 0.934903 -0.034677 82 246 123
0.213299 -0.118128 -0.429275 0.113482 0.993427 0.014982 141 254 129
-0.091685 0.070997 -0.293458 -0.760674 -0.648064 0.037261 30 44 132
0.365680 -0.057295 0.764496 -0.303640 0.271159 0.913387 88 162 243
-0.199100 0.025223 0.183128 0.419608 -0.484735 0.767438 180 65 225
0.255104 -0.127359 -0.006822 -0.225807 0.900447 0.371761 98 242 174
-0.361189 -0.088821 0.022560 0.828945 0.558398 -0.032267 233 198 123
-0.094270 0.091613 -0.725524 -0.482493 -0.802145 0.351801 65 25 172
0.170195 0.247690 -0.700593 -0.183794 -0.853000 0.488477 104 18 189
0.502417 -0.060428 -0.088803 -0.679544 0.582339 0.446208 40 201 184
-0.223592 0.005074 -0.321131 0.687915 -0.185974 0.701560 215 103 216
0.025357 0.270568 -0.369201 0.246196 -0.896897 -0.367373 158 13 80
0.348944 -0.249895 -0.507744 0.155662 0.885407 0.437977 147 240 183
-0.340377 0.327158 0.074866 0.518205 -0.843291 -0.142564 193 19 109
0.526526 0.058266 -0.444022 -0.915675 -0.304823 0.261958 10 88 160
-0.270218 0.141143 0.132652 0.739806 -0.531257 -0.412860 221 59 74
0.432687 0.194359 -0.089644 -0.556201 -0.264079 0.787974 56 93 227
0.253294 0.079485 -0.119329 0.093961 -0.180121 0.979147 139 104 252
-0.287289 -0.316829 0.140544 0.532223 0.709609 -0.461730 195 217 68
-0.089495 -0.108542 0.665293 0.769497 0.260819 -0.582965 225 160 53
0.508810 -0.342945 -0.361040 -0.358766 0.789825 0.497457 81 228 190
0.630773 -0.077761 -0.243733 -0.942633 0.293122 -0.159761 7 164 107
-0.268484 -0.090733 0.098617 0.981564 0.157594 0.108149 252 147 141
-0.231389 0.241069 0.146342 0.235250 -0.958981 -0.158157 157 5 107
0.232848 0.053171 -0.638101 -0.265637 -0.919625 0.289357 93 10 164
0.321784 -0.079960 0.599961 -0.663158 0.504553 0.552854 42 191 197
0.265340 -0.127848 0.834119 -0.835057 0.470671 -0.284866 21 187 91
0.588937 -0.020171 -0.321308 -0.894706 -0.035001 0.445281 13 123 184
-0.004054 -0.132649 -0.663885 0.595732 0.800189 -0.069291 203 229 118
0.414862 -0.035880 0.866893 -0.888613 0.287730 -0.357181 14 164 81
-0.290195 -0.158790 0.004606 0.512492 0.350293 -0.783994 192 172 27
0.255171 -0.020134 -0.559995 -0.655314 -0.004920 0.755341 43 126 223
0.213478 0.118873 -0.526211 0.582408 -0.800399 0.141996 201 25 145
-0.295986 0.002790 -0.143920 0.916038 -0.196046 -0.349915 244 102 82
-0.047818 -0.048886 0.432688 -0.347847 0.431007 0.832608 83 182 233
0.137938 -0.192620 -0.652539 -0.591207 0.728054 0.347003 52 220 171
-0.133783 -0.135534 0.096265 0.798884 0.429989 -0.420588 229 182 73
0.308681 -0.214668 -0.137347 0.105338 0.978323 0.178291 140 252 150
0.485480 -0.164305 -0.654194 -0.873395 0.271598 0.404246 16 162 179
-0.250497 0.260222 0.043204 -0.052073 -0.943431 0.327454 120 7 169
0.356315 -0.160369 -0.588644 0.470123 0.877885 0.091117 187 239 139
-0.219151 -0.061854 -0.781892 0.006333 0.235906 0.971755 128 157 251
-0.200946 0.103388 -0.144466 -0.813170 -0.295853 0.501225 23 89 191
0.467264 0.207216 -0.211392 0.331885 -0.933911 -0.132902 169 8 110
0.441639 -0.134449 0.876073 -0.097742 0.469893 -0.877295 115 187 15
-0.193356 0.232117 -0.613181 0.562855 -0.794745 0.227099 199 26 156
-0.174816 -0.136497 -0.144008 0.223046 0.936628 0.270147 155 246 161
0.549275 -0.134473 0.135263 -0.782751 0.617688 -0.075912 27 206 117
0.082808 0.231613 0.583980 0.227199 -0.689364 -0.687865 156 39 39
-0.151423 -0.184844 -0.687430 0.580177 0.778482 -0.239501 201 226 96
0.281026 0.092250 -0.557940 0.426897 -0.903877 0.027669 181 12 131
0.288249 -0.149403 -0.408113 -0.215228 0.866526 0.450343 100 237 184
-0.003539 -0.070864 -0.217715 -0.986825 0.124475 -0.103360 1 143 114
0.597785 0.024113 -0.420424 -0.916059 -0.058126 0.396809 10 120 178
0.190075 0.257206 -0.005835 0.518098 -0.744443 -0.421165 193 32 73
0.270456 0.023039 0.890029 0.771382 -0.090578 -0.629893 225 115 47
0.496038 -0.090056 -0.591047 -0.096390 0.916633 -0.387934 115 244 78
-0.219602 0.017041 -0.082392 0.871278 0.193269 -0.451134 238 152 69
0.336210 0.027471 0.924718 -0.079651 -0.549782 -0.831502 117 57 21
0.079823 -0.442778 -0.405926 -0.207752 0.978062 0.015267 101 252 129
-0.312845 -0.143368 -0.142348 0.269667 0.958912 -0.088133 161 249 116
0.305103 0.231374 -0.332258 -0.539703 -0.830784 0.136086 58 21 144
-0.151885 0.055396 -0.675838 -0.546643 -0.314970 0.775870 57 87 226
0.309852 -0.164406 0.934947 -0.479948 0.838237 -0.258860 66 234 94
0.371352 0.216998 -0.694052 -0.222827 -0.874073 0.431676 99 16 182
0.165163 -0.058994 0.010670 0.209097 0.159315 -0.964830 154 147 4
-0.184801 0.191071 0.160624 0.053163 -0.889191 -0.454437 134 14 69
0.335471 0.036514 -0.508874 0.480327 0.139055 0.865996 188 145 237
0.156012 0.091991 0.831732 0.492532 -0.385540 -0.780238 190 78 28
0.279813 0.145046 0.449442 -0.534492 -0.617373 0.577208 59 48 201
-0.249596 -0.195867 -0.321207 0.571459 0.786375 -0.234627 200 227 97
0.120088 -0.028586 0.470418 -0.866963 0.400344 0.296817 16 178 165
0.423590 -0.071632 -0.156087 -0.842723 0.407844 0.351399 20 179 172
-0.252598 -0.089590 -0.028071 0.885341 0.409753 0.219712 240 179 155
0.058727 0.121597 0.529495 0.353816 -0.726213 -0.589431 172 34 52
-0.154426 -0.059836 -0.124876 0.900882 0.091176 -0.424380 242 139 73
-0.337152 -0.130247 -0.461932 0.719195 0.294418 -0.629347 219 165 47
0.437623 0.298758 0.863664 -0.736934 -0.675289 -0.030204 33 41 123
-0.134953 -0.101086 -0.053062 0.917938 0.394214 -0.044549 244 177 121
0.132441 -0.077564 0.056102 -0.817471 0.497682 0.289921 23 190 164
0.386399 0.043099 -0.493110 -0.632741 -0.339206 -0.696116 46 84 38
-0.154093 0.022378 -0.042448 -0.425942 -0.792826 -0.435891 73 26 71
0.191289 -0.137989 -0.324094 -0.182338 0.660467 -0.728379 104 211 34
0.174697 -0.114006 -0.646434 -0.831108 0.427695 0.355438 21 182 172
-0.193085 -0.257148 -0.507072 0.337078 0.720776 0.605690 170 219 204
0.209822 -0.020009 -0.625898 -0.056153 -0.203034 0.977560 120 101 252
0.389895 0.085400 -0.317470 -0.784307 -0.599873 -0.158161 27 51 107
-0.461565 0.176779 -0.508917 0.847572 -0.352601 -0.396604 235 82 76
0.360415 -0.074956 0.269976 0.085884 0.745689 0.660736 138 222 211
-0.473651 0.019983 -0.512610 0.506107 -0.273809 0.817854 192 92 231
0.543097 0.084373 -0.313858 -0.961083 -0.125441 -0.246137 4 111 96
-0.155437 -0.172217 -0.781474 -0.328750 0.713419 0.618836 85 218 206
0.375258 -0.084968 0.115756 -0.745730 0.265375 -0.611116 32 161 49
0.481399 -0.073696 -0.712394 -0.849005 0.153870 0.505485 19 147 191
0.048490 -0.199438 -0.549067 -0.593453 0.514437 0.619006 51 193 206
0.368750 -0.040512 -0.212736 -0.991199 0.096986 -0.090105 1 139 116
0.240268 -0.008063 0.811140 0.803739 0.576489 -0.147187 229 201 108
0.484840 -0.013382 -0.415290 -0.974271 -0.013973 -0.224947 3 125 98
-0.333990 0.046033 -0.688853 0.686181 -0.284657 0.669422 214 91 212
0.188273 0.157939 -0.215976 0.487156 -0.824189 0.288777 189 22 164
0.416999 0.195692 -0.190020 -0.442781 -0.893832 -0.070782 71 13 118
0.116238 0.164617 0.684279 -0.057453 -0.954736 0.291854 120 5 164
0.272296 -0.002489 -0.085027 -0.616486 0.777406 0.124839 48 226 143
0.576440 -0.024789 -0.278397 -0.850598 -0.088529 -0.518311 19 116 61
-0.297453 -0.111426 -0.408999 0.444238 0.562611 0.697224 184 199 216
-0.180601 -0.214345 0.377654 0.683253 0.590992 -0.428829 214 202 72
-0.311829 0.090601 -0.719107 0.931342 -0.268024 0.246506 246 93 158
0.503270 -0.223766 -0.437738 -0.626839 0.701044 0.340015 47 216 170
-0.093329 -0.026179 0.345231 0.820053 0.536472 0.199277 232 195 152
-0.452650 0.048349 -0.468713 0.952668 -0.082900 0.292493 248 116 164
0.343719 0.066311 -0.198942 0.405069 0.092313 0.909614 179 139 243
0.173199 0.162292 0.663644 0.600245 -0.412274 -0.685373 204 74 40
0.325311 0.056182 0.830166 0.912882 -0.373653 -0.164410 243 79 106
0.539852 -0.006560 -0.299298 -0.022685 0.083963 -0.996211 124 138 0
0.278060 0.072701 0.607742 -0.818095 -0.567527 0.092917 23 55 139
0.282108 -0.103680 -0.308537 -0.843565 0.527016 0.103209 19 194 140
0.493375 -0.162615 -0.069292 0.209796 0.686705 -0.696004 154 215 38
0.084908 -0.146334 -0.675003 -0.778635 0.394435 0.488005 28 177 189
-0.024793 -0.263444 0.121281 -0.211298 0.656288 0.724320 100 211 219
-0.028215 0.123264 -0.664930 0.779655 -0.313679 -0.541981 226 87 58
0.310943 -0.196580 0.599780 -0.315825 0.781123 -0.538611 87 227 58
0.364703 -0.162851 -0.522729 0.148599 0.852951 0.500392 146 236 191
0.312548 -0.247920 0.743292 0.505762 0.780008 -0.368501 191 226 80
0.564637 0.065461 -0.288017 -0.832325 -0.309167 0.460055 21 88 186
0.105035 -0.071689 0.203045 -0.917037 0.295490 0.267823 10 165 161
0.164374 -0.162501 -0.213526 -0.368763 0.777776 0.508997 80 226 192
0.181355 -0.124743 0.582050 -0.498507 0.749993 0.434743 63 223 182
0.337063 -0.187167 -0.387311 -0.199170 0.979946 0.006069 102 252 128
0.451242 0.002128 -0.611319 -0.878785 -0.097846 0.467080 15 115 187
-0.165430 -0.128652 0.112775 -0.198275 0.470407 0.859886 102 187 237
0.077772 0.118345 -0.027372 -0.795656 -0.417453 0.438935 26 74 183
-0.126838 -0.010075 -0.723286 0.471566 -0.302628 0.828276 187 88 233
0.241420 0.059453 -0.589295 -0.070270 -0.974667 0.212335 118 3 154
0.597625 0.111272 -0.460748 -0.806326 -0.156742 0.570324 24 107 200
-0.125910 -0.167002 0.130835 -0.222907 0.755699 -0.615818 99 223 48
-0.442447 -0.137670 -0.146121 0.483556 0.386901 -0.785163 189 176 27
-0.226083 -0.247913 -0.261470 0.102538 0.994534 -0.019703 140 254 124
-0.029152 0.286668 -0.266185 0.237466 -0.911337 0.336267 157 11 170
-0.076242 -0.215339 0.406871 0.472110 0.880857 0.034692 187 239 131
-0.264412 -0.074797 0.149125 0.811054 0.184509 -0.555110 230 151 56
0.588329 0.033334 -0.312098 -0.986401 0.106782 -0.124943 1 141 111
0.325963 0.231374 -0.357579 -0.593857 -0.655880 0.465999 51 43 186
-0.240422 0.176454 -0.626585 0.871987 -0.403764 0.276789 238 76 162
-0.320880 0.231760 -0.263885 -0.452014 -0.851004 0.267349 69 18 161
0.045286 -0.139723 -0.503925 0.400600 0.759301 -0.512817 178 224 62
-0.292308 -0.309717 0.060774 0.274531 0.961335 -0.021630 162 250 124
0.454340 -0.188483 0.317650 -0.942903 0.326665 -0.064988 7 169 119
0.503863 0.058988 0.896699 -0.963074 -0.260449 -0.068223 4 94 118
-0.252820 0.028577 -0.608651 -0.715603 -0.279136 0.640308 36 91 209
0.195432 0.256872 -0.636884 0.443096 -0.887906 0.123647 183 14 143
-0.242612 0.034105 -0.311514 0.896597 -0.381797 0.224376 241 78 156
0.405427 -0.005958 -0.056868 -0.449624 0.414064 -0.791448 70 180 26
0.167451 0.020303 -0.486797 0.933344 -0.021110 0.358363 246 124 173
0.179912 0.013772 0.657406 -0.949200 -0.094026 -0.300298 6 115 89
0.420019 0.033968 -0.455072 -0.954352 -0.296630 -0.034974 5 89 123
0.403954 0.062685 -0.217268 -0.002687 -0.982328 0.187147 127 2 151
-0.273540 -0.088327 -0.172773 0.567361 0.094863 -0.817987 199 139 23
0.234165 -0.047647 -0.093105 0.761725 0.001858 -0.647898 224 127 44
0.258119 -0.214094 0.790049 0.138607 0.932251 0.334209 145 246 170
0.235606 -0.283841 0.819178 0.100936 0.994211 -0.036837 140 254 122
0.312463 -0.085506 -0.489041 -0.330962 0.391124 0.858770 85 177 236
-0.004177 0.121862 -0.164240 -0.006773 -0.727774 -0.685783 126 34 40
-0.220265 0.090552 0.209178 0.817079 -0.454181 -0.355107 231 69 82
-0.191575 0.054132 0.519246 0.978274 -0.161401 -0.130115 252 106 110
-0.403078 -0.011900 -0.184251 0.951249 0.011696 -0.308202 248 128 88
-0.401398 -0.221732 -0.081685 0.786025 0.598550 0.154609 227 203 147
0.213421 -0.226137 -0.121627 0.167118 0.944375 -0.283246 148 247 91
-0.169212 0.041569 -0.779819 -0.753370 -0.082315 0.652424 31 117 210
-0.246085 -0.195549 -0.019064 -0.091239 0.861334 -0.499779 115 237 63
0.209301 -0.203527 -0.463010 0.323334 0.876277 0.357202 168 239 173
0.386790 -0.025802 -0.552244 -0.834103 0.164043 -0.526652 21 148 60
-0.016159 0.238487 -0.057033 0.361562 -0.540387 -0.759773 173 58 30
-0.264112 0.183889 -0.193362 -0.903530 -0.428386 0.010941 12 72 128
0.054915 0.173699 0.445892 -0.296217 -0.646606 0.702963 89 45 217
-0.209590 -0.334614 -0.634495 -0.311128 0.699911 0.642903 87 216 209
0.059975 0.214122 -0.697790 -0.121066 -0.747148 0.653539 112 32 210
-0.090435 -0.138409 -0.777575 0.464241 0.713196 0.525198 186 218 194
-0.583591 0.197122 -0.499924 0.932912 -0.357066 0.046670 246 81 133
0.261123 0.041106 0.116226 -0.644906 -0.174962 0.743966 45 105 222
-0.205288 -0.095514 -0.705304 -0.120768 0.279863 0.952414 112 163 248
0.336595 -0.058248 0.746001 -0.657539 0.622885 0.423858 43 206 181
-0.260053 0.146695 0.035238 0.352295 -0.691068 -0.631121 172 39 47
-0.001972 -0.179962 -0.492933 -0.494702 0.442536 0.747951 64 183 222
-0.151547 0.087558 0.189799 0.054808 -0.496967 -0.866037 134 64 17
-0.484981 0.045106 0.013515 0.986750 -0.099593 -0.128085 253 114 111
0.460319 0.185385 -0.313880 -0.340599 -0.922570 -0.181268 84 9 104
0.389854 0.281878 -0.361765 -0.353016 -0.871606 0.340123 82 16 170
0.155268 0.236558 0.209150 0.134011 -0.987553 -0.082339 144 1 117
0.263429 0.124938 0.852012 0.740261 -0.341767 -0.578973 221 83 53
0.268360 0.041629 0.217097 0.522611 -0.308713 -0.794716 194 88 26
0.426485 -0.070603 -0.549987 -0.934363 0.248009 0.255845 8 159 160
-0.251266 0.315341 -0.598481 0.183073 -0.975812 -0.119482 150 3 112
-0.267490 -0.021485 0.043515 0.625636 0.082937 -0.775694 207 138 28
0.447397 -0.169816 -0.549582 -0.573216 0.776297 0.262272 54 226 160
0.361135 0.212928 -0.076622 -0.498444 -0.683745 -0.532960 63 40 59
-0.025525 -0.185963 0.079394 0.100096 0.480212 -0.871423 140 188 16
0.316911 0.166771 -0.505878 -0.327723 -0.944767 -0.003573 85 7 127
-0.236224 -0.006828 0.055955 0.913081 0.108944 -0.392957 243 141 77
0.273804 0.029476 -0.550610 -0.430578 -0.741960 0.513905 72 32 193
0.107185 -0.128852 0.642736 0.673379 0.615587 0.409406 213 205 179
-0.386107 -0.204817 -0.387259 0.773434 0.558224 0.300308 226 198 165
-0.103217 0.067723 -0.030508 0.893467 -0.030093 -0.448119 241 123 70
0.339018 0.285629 0.847733 -0.133006 -0.969044 -0.207998 110 3 100
0.233954 -0.049619 -0.482528 0.382798 -0.069957 -0.921179 176 118 10
0.300633 0.057362 -0.432404 -0.988782 -0.020407 -0.147963 1 124 108
0.271786 0.209178 0.733837 0.178521 -0.981406 0.070522 150 2 136
0.439136 -0.210792 0.870024 0.016365 0.964473 -0.263676 129 250 93
0.196829 0.302600 0.603240 -0.372018 -0.872289 0.317354 80 16 167
-0.184112 -0.480928 -0.474560 -0.207917 0.914088 0.348158 100 244 171
0.511045 0.226912 -0.419643 -0.104692 -0.971415 0.213055 114 3 154
0.277389 0.191015 -0.459086 0.503101 -0.784437 -0.362695 191 27 81
0.308752 -0.170355 0.789384 0.204540 0.975842 0.076782 153 251 137
0.457337 0.025749 0.269594 -0.998348 0.056271 -0.011616 0 134 126
0.328699 0.075336 -0.297593 -0.350442 -0.641890 -0.682032 82 45 40
-0.054569 -0.052642 -0.735163 -0.446293 0.298247 0.843724 70 165 235
0.468440 -0.252608 -0.451014 -0.497205 0.857233 -0.133933 64 236 110
-0.137555 -0.010047 0.169943 -0.223716 0.583369 -0.780789 98 201 27
-0.014816 0.238776 -0.475807 -0.353283 -0.734996 0.578768 82 33 201
0.069464 -0.080572 0.524963 -0.506637 0.263635 0.820863 62 161 232
-0.001669 0.024241 0.721272 0.915379 0.179597 0.360314 244 150 173
-0.058573 -0.058370 0.386501 0.644133 0.398149 0.653123 209 178 210
0.250697 0.215026 -0.770730 -0.720619 -0.462352 0.516661 35 68 193
0.470643 -0.277512 -0.199334 -0.585114 0.806961 0.080345 52 230 137
0.209228 -0.062349 -0.576515 -0.906639 -0.020073 -0.421429 11 124 73
-0.227895 -0.158671 -0.766667 0.500839 0.513212 0.696975 191 192 216
-0.295659 0.057581 -0.240712 -0.035286 -0.339372 -0.939990 123 84 7
-0.100256 -0.148548 -0.819477 -0.119954 0.479663 0.869215 112 188 238
-0.217411 0.153952 0.052785 -0.078938 -0.963572 0.255534 117 4 160
0.025462 -0.037304 -0.743212 -0.093391 0.098314 0.990764 115 140 253
0.436246 0.007362 1.027562 -0.580320 0.076023 -0.810833 53 137 24
-0.086158 -0.089356 -0.281686 -0.562067 0.646402 -0.515991 55 209 61
-0.123697 0.193467 0.051688 0.001432 -0.838216 -0.545337 127 20 57
-0.315893 0.175972 -0.661169 -0.117604 -0.877622 0.464703 112 15 186
0.159355 0.185529 -0.277742 0.826990 -0.515155 -0.225175 232 61 98
0.234087 -0.037462 -0.560324 0.059786 0.203886 -0.977168 135 153 2
0.185338 -0.011197 0.468699 0.816269 0.407198 -0.409749 231 179 75
0.254125 0.201277 -0.442065 -0.789235 -0.552737 0.267563 26 57 161
0.154883 0.195520 0.469614 -0.337142 -0.932338 -0.130691 84 8 110
-0.318365 -0.040344 -0.728277 0.374119 0.357135 0.855856 175 173 236
0.002583 0.074711 0.797891 0.496053 -0.340967 -0.798544 190 84 25
-0.396393 0.208420 -0.182110 0.532644 -0.554684 0.639231 195 56 209
0.244437 -0.031656 0.794986 -0.337581 0.231758 -0.912320 84 157 11
0.097534 0.095000 -0.467313 0.802431 -0.124528 0.583607 229 111 201
-0.232119 -0.293867 -0.328846 -0.449866 0.626176 0.636808 70 207 208
0.346032 -0.392085 -0.505788 -0.438865 0.834893 -0.332193 71 233 85
0.058245 -0.076590 -0.537599 0.534983 0.242021 -0.809456 195 158 24
-0.293785 0.165419 -0.609463 0.365629 -0.578820 0.728891 174 53 220
-0.202368 0.234205 -0.582034 -0.489706 -0.825685 0.280057 65 22 163
0.024681 0.032673 0.154595 0.512133 0.163493 -0.843202 192 148 19
0.476561 -0.093061 -0.313971 -0.384998 0.452370 0.804449 78 185 230
0.148600 0.022208 -0.599909 -0.938957 0.137876 -0.315199 7 145 87
0.317176 -0.259555 -0.543298 -0.532627 0.811252 0.241203 59 230 158
0.045596 0.197654 -0.607379 0.139546 -0.942363 0.304104 145 7 166
0.538766 0.054288 -0.355025 -0.904387 -0.071667 0.420653 12 118 181
-0.130698 -0.050266 -0.651878 0.966677 0.246969 0.067392 250 158 136
-0.337266 0.026358 -0.147501 0.791555 -0.387826 0.472262 228 78 187
0.473857 0.156384 -0.197522 -0.619691 -0.680173 -0.391596 48 40 77
0.212206 0.004495 -0.027578 0.804993 -0.326806 0.495160 230 85 190
0.286220 0.177384 0.778605 -0.030273 -0.532594 0.845829 123 59 235
-0.336476 0.121947 -0.198077 0.752756 -0.561751 -0.343212 223 55 83
-0.236608 0.197968 0.070592 0.619228 -0.776320 -0.117829 206 28 112
0.234514 -0.276528 -0.487629 -0.026359 0.925010 0.379027 124 245 175
0.343049 0.003487 -0.707764 -0.796729 -0.063761 0.600964 25 119 204
-0.293414 0.107291 -0.524420 0.457619 -0.732571 0.503910 185 34 191
0.079506 0.060870 0.326381 -0.397999 -0.461014 -0.793135 76 68 26
0.369320 0.032908 -0.373045 0.882804 -0.041254 -0.467926 240 122 67
0.358031 0.008630 -0.002421 0.024192 0.171990 -0.984802 130 149 1
0.021882 -0.009341 0.365681 -0.688478 0.007583 0.725218 39 128 219
-0.122216 0.055528 0.126862 0.882871 -0.112323 0.455984 240 113 185
0.246823 0.081005 0.499426 -0.650234 -0.757413 -0.059343 44 30 119
0.482851 -0.114477 0.686491 -0.014345 0.814170 -0.580449 125 231 53
0.277054 -0.078575 0.714299 -0.226469 0.703610 -0.673532 98 217 41
-0.172611 0.091608 -0.657481 0.263527 -0.384973 0.884505 161 78 240
0.300146 -0.031308 0.873367 0.589568 0.343633 -0.730976 202 171 34
0.168280 -0.217784 -0.145931 0.230615 0.973004 -0.009002 156 251 126
0.228233 0.119510 0.811205 -0.151611 -0.915575 -0.372473 108 10 80
0.462372 -0.091216 -0.073851 -0.491956 0.179875 -0.851836 64 150 18
0.317593 0.110821 -0.157676 0.853232 -0.475934 -0.213266 236 66 100
0.296099 0.119837 0.571595 0.208524 -0.776466 0.594658 154 28 203
0.362734 0.106997 0.816822 -0.856174 -0.461852 -0.231643 18 68 97
0.349800 0.107363 0.897515 -0.175301 -0.650471 -0.739024 105 44 33
-0.207960 -0.159312 0.119858 0.634235 0.532574 -0.560456 208 195 56
-0.347568 0.051409 -0.060815 0.852764 -0.162424 0.496398 236 106 190
0.227873 0.183180 0.614097 0.427589 -0.843370 -0.325414 182 19 86
0.088166 0.004920 0.575371 0.173729 -0.036757 -0.984107 149 122 2
-0.270559 -0.049343 -0.025056 0.882838 -0.143038 -0.447366 240 109 70
0.363163 -0.171336 0.853604 -0.134778 0.983339 -0.121980 110 252 111
0.522125 0.042201 -0.481207 -0.963017 -0.075945 0.258516 4 117 160
0.335990 0.290512 -0.066951 0.014314 -0.998722 0.048474 129 0 133
-0.059472 0.058382 0.456502 -0.128033 -0.171410 -0.976845 111 105 2
-0.122275 -0.212530 0.130285 -0.199161 0.606577 0.769675 102 204 225
0.345744 0.114211 0.022242 0.356376 -0.934034 -0.024016 172 8 124
0.041203 -0.164272 0.421980 0.580999 0.753078 -0.308729 201 223 88
-0.013485 -0.154195 -0.734686 -0.661701 0.471104 0.583277 43 187 201
0.258959 0.218047 -0.615626 -0.507967 -0.780877 0.363595 62 27 173
0.201059 0.151338 -0.364792 -0.739449 -0.654449 -0.157832 33 44 107
0.157126 -0.048277 0.709461 -0.080979 0.171368 0.981873 117 149 252
-0.348101 -0.023851 -0.700238 -0.517614 0.373070 0.769996 61 175 225
-0.153500 -0.058072 -0.018374 0.899968 0.422311 -0.108216 242 181 113
-0.272165 -0.022113 -0.778138 0.679891 0.091009 0.727644 214 139 220
-0.145701 -0.162568 -0.563165 0.332500 0.934099 0.130009 169 246 144
0.358445 0.045129 -0.361289 -0.591733 -0.195479 0.782074 52 102 227
-0.198848 -0.123723 -0.155894 -0.586197 0.192910 0.786866 52 152 227
-0.394329 -0.022056 -0.671708 0.515365 -0.003896 0.856962 193 127 236
-0.292085 -0.144716 -0.463071 -0.506787 0.850723 -0.139421 62 235 109
0.379275 0.115367 -0.342476 -0.682257 -0.462626 -0.566129 40 68 55
-0.369863 -0.117470 -0.676787 0.092563 0.364196 0.926711 139 173 245
0.092642 0.198534 0.004334 -0.743956 -0.659766 0.106013 32 43 141
0.464017 -0.035924 -0.619240 -0.875259 -0.084940 0.476138 15 116 188
0.250928 -0.188579 0.859416 -0.637901 0.571896 -0.515769 46 200 61
0.364567 0.214010 -0.630673 -0.755262 -0.558639 0.342784 31 56 171
0.482114 -0.111353 -0.388288 -0.848002 0.462326 -0.259127 19 186 94
0.169103 -0.210059 0.401850 -0.537512 0.842940 0.023085 58 234 130
0.266957 -0.094136 -0.531025 0.618277 0.435635 -0.654183 206 183 44
0.391582 0.003165 -0.363662 -0.447728 0.130935 -0.884531 70 144 14
-0.088296 -0.051382 -0.780231 -0.395521 -0.053036 0.916925 77 120 244
0.158039 -0.126531 0.851820 0.825351 0.254237 -0.504142 232 159 63
0.276068 0.032327 -0.438221 0.864662 -0.402968 -0.299962 237 76 89
0.328419 -0.086228 0.722576 -0.597505 0.281745 0.750738 51 163 223
0.343046 -0.022487 -0.401232 -0.709267 -0.346475 -0.613918 37 83 49
0.070376 -0.011454 0.613646 0.054328 0.164216 -0.984927 134 148 1
-0.173036 -0.032267 -0.137217 0.199378 -0.056331 0.978302 152 120 252
-0.333287 -0.049345 -0.136334 0.354583 -0.018939 0.934833 172 125 246
-0.157549 -0.054703 0.259262 0.958373 -0.011061 -0.285304 249 126 91
-0.272663 -0.156145 -0.590944 0.215508 0.494728 0.841903 154 190 234
-0.313818 -0.218685 -0.529473 0.119165 0.775077 0.620528 142 226 206
-0.089276 0.028078 -0.654029 -0.290503 -0.278970 0.915305 90 91 244
-0.114796 0.169308 -0.463916 0.391093 -0.897397 0.204268 177 13 153
-0.011426 0.066558 -0.361329 -0.539954 -0.382144 -0.749944 58 78 31
0.223823 0.100381 -0.450969 -0.333693 -0.570064 -0.750784 84 54 31
0.325263 0.016941 -0.037056 -0.992110 -0.055604 0.112367 1 120 141
0.243749 0.125530 -0.280188 -0.524347 -0.838645 -0.147427 60 20 108
0.052107 0.242710 -0.434429 0.563139 -0.745802 -0.355886 199 32 82
0.242963 -0.225474 0.170052 0.110093 0.650130 -0.751805 141 210 31
0.009075 -0.168547 0.155587 -0.829072 0.557728 0.039746 21 198 132
0.454806 0.138493 -0.491693 -0.150686 -0.549837 -0.821568 108 57 22
-0.095793 0.154165 -0.704401 -0.262439 -0.712018 0.651273 94 36 210
-0.313287 -0.045110 0.014248 0.756186 0.166529 -0.632812 223 148 46
-0.052843 0.144562 -0.200215 -0.616193 -0.478157 -0.625838 48 66 47
-0.178261 -0.139722 0.118754 -0.465456 0.775661 -0.426265 68 226 73
0.320882 0.252778 0.786595 -0.648461 -0.749954 -0.130642 44 31 110
0.268853 -0.147632 0.128112 0.228156 0.670598 -0.705863 156 213 37
-0.189479 -0.306189 0.074488 0.120637 0.990574 0.064883 142 253 135
-0.272120 0.191428 -0.196629 0.962649 -0.252338 -0.098143 250 95 114
0.173249 0.277364 -0.608384 0.381489 -0.917030 -0.116288 176 10 112
-0.260558 0.002819 -0.628114 0.939905 0.171886 0.295017 247 149 165
0.362890 -0.169538 -0.236919 0.440951 0.855117 0.272649 183 236 162
0.255377 -0.256170 0.068490 -0.416421 0.903248 0.103621 74 242 140
-0.320790 -0.028751 -0.219300 0.826346 0.421651 -0.373314 232 181 79
-0.140586 0.016592 -0.077342 0.515229 0.431267 -0.740640 193 182 33
0.073089 0.063207 -0.457070 0.826258 -0.148092 -0.543477 232 108 58
0.256959 -0.159052 -0.594720 -0.793641 0.349983 -0.497640 26 172 64
-0.168339 0.092924 -0.782016 0.346164 -0.269012 0.898779 171 93 242
0.423467 0.149627 0.892792 -0.650682 -0.366166 -0.665233 44 80 42
-0.017474 0.261747 -0.453126 0.590276 -0.807107 0.012394 202 24 129
0.405429 -0.003562 -0.286964 -0.966540 -0.039650 0.253433 4 122 159
-0.298706 0.055265 -0.038337 0.768159 -0.504100 0.394735 225 63 177
0.556262 -0.258856 -0.199487 -0.797757 0.555352 0.234878 25 198 157
0.048950 -0.132606 -0.579936 -0.681015 0.707559 -0.188623 40 217 103
-0.262549 -0.095182 -0.075632 0.701270 0.139020 -0.699210 216 145 38
0.153586 0.157373 0.814450 0.751199 -0.533594 -0.388557 223 59 77
0.206728 0.162011 -0.553504 -0.735824 -0.668444 -0.108379 33 42 113
-0.180407 -0.027210 0.167803 -0.542531 0.319992 -0.776701 58 168 28
-0.292682 0.372715 -0.076561 0.099318 -0.994947 0.014715 140 0 129
0.066821 -0.067025 0.596581 -0.347424 0.210609 -0.913751 83 154 10
0.376210 0.129763 -0.291989 0.801143 -0.331017 -0.498595 229 85 63
0.084364 -0.075441 -0.017771 0.517336 0.631364 -0.577704 193 207 53
-0.232401 -0.024961 -0.481596 0.955657 0.193782 -0.221741 249 152 99
0.269362 -0.067410 0.806219 -0.664410 0.241138 0.707397 42 158 217
0.286445 -0.182222 -0.538263 0.521761 0.846623 0.104860 194 235 140
0.493121 -0.032547 -0.544538 -0.687645 -0.083782 0.721197 39 116 219
0.493448 0.055654 -0.368122 -0.950450 -0.310854 0.003808 6 87 127
0.393918 -0.051333 0.025681 0.819947 0.567169 -0.077498 232 199 117
0.014179 0.128496 0.532536 -0.765860 -0.284614 -0.576587 29 91 53
-0.053966 0.116126 0.327985 0.301786 -0.940352 -0.157044 165 7 107
-0.235102 -0.019445 0.133606 0.635835 0.564724 -0.526118 208 199 60
0.547637 -0.095849 -0.242356 -0.789675 0.524459 -0.318365 26 194 86
0.045799 0.029812 -0.213082 0.654654 -0.707560 -0.266059 210 37 93
0.207541 -0.136882 -0.659724 -0.145484 0.886781 0.438696 108 240 183
0.136306 -0.071854 0.345827 0.014873 0.705004 -0.709048 129 217 37
-0.247998 -0.210274 -0.070589 -0.145181 0.973305 0.177762 108 251 150
-0.145890 0.085622 -0.731685 -0.288897 -0.315205 0.903983 90 87 242
-0.122648 -0.023211 -0.669823 -0.977637 -0.193217 0.083031 2 102 138
0.451556 -0.192518 1.111038 -0.021883 0.366422 -0.930192 124 174 8
-0.280957 0.108289 -0.338410 0.224044 -0.972856 -0.057922 156 3 120
-0.237163 -0.060076 -0.780843 0.466398 0.264191 0.844202 186 161 235
-0.174909 0.193238 -0.560210 0.598544 -0.800486 -0.031099 203 25 123
0.320266 0.134148 -0.357224 0.366393 -0.376593 -0.850843 174 79 19
0.240693 -0.108493 -0.420820 0.508115 0.656439 -0.557590 192 211 56
-0.286692 -0.239543 -0.665811 0.713005 0.700193 -0.036785 218 216 122
-0.058033 0.197331 -0.702759 0.507077 -0.859744 -0.060930 192 17 119
-0.305511 -0.135358 0.170626 0.813818 0.449031 0.368878 231 184 174
-0.283957 0.195420 0.176289 0.860840 -0.458000 -0.221790 237 69 99
0.229581 0.142372 -0.233641 -0.330490 -0.932508 0.145622 85 8 146
-0.233641 0.046321 0.100117 0.874015 -0.363988 0.321884 238 81 168
-0.454183 -0.044067 -0.042094 0.951086 0.167172 -0.259785 248 148 94
-0.315321 -0.118880 -0.071852 0.966602 0.247078 0.068073 250 159 136
0.311402 -0.235524 -0.098369 -0.322304 0.879319 -0.350597 86 239 82
-0.375230 -0.044435 -0.407605 0.809321 0.563657 -0.165198 230 199 106
-0.160724 -0.044749 0.102968 -0.560491 0.510569 0.652050 56 192 210
-0.152253 0.058457 0.030512 0.420487 -0.905466 0.057635 181 12 134
-0.180473 -0.028894 -0.595739 0.598919 0.126961 -0.790681 203 143 26
0.099764 -0.008796 0.279721 0.116481 0.379991 -0.917627 142 175 10
-0.077765 -0.258785 -0.252875 -0.334999 0.695394 0.635770 84 216 208
0.328049 -0.003799 -0.016694 -0.955368 0.209267 0.208518 5 154 154
-0.128652 0.002115 -0.128857 0.850762 -0.021068 0.525128 235 124 194
-0.180437 -0.226700 -0.110554 0.114329 0.908412 0.402140 142 243 178
-0.156464 0.001672 -0.696081 -0.984102 -0.019691 0.176508 2 124 150
-0.304453 -0.081069 0.091367 0.928690 -0.055837 -0.366631 245 120 80
0.189652 -0.054020 0.656356 0.551514 -0.120583 0.825404 197 112 232
-0.248297 -0.042414 0.258565 0.992527 0.059292 -0.106656 254 135 113
-0.261150 -0.182873 -0.365453 0.449871 0.835636 0.315165 184 234 167
-0.111039 -0.358844 -0.721200 0.096647 0.942051 0.321247 139 247 168
0.068527 0.234322 -0.160880 0.168850 -0.979522 0.109663 149 2 141
0.024249 0.094417 -0.575715 0.777495 -0.437538 -0.451732 226 71 69
0.314323 -0.026406 -0.136667 -0.374312 -0.154768 0.914296 79 107 244
-0.134841 -0.078578 -0.001247 0.951993 0.302046 -0.049767 248 166 121
0.384382 -0.187939 -0.521153 -0.380949 0.924438 -0.017072 78 245 125
0.184030 -0.225252 0.242307 -0.194868 0.686252 -0.700774 102 214 38
0.393997 -0.109962 0.938434 -0.561449 0.550330 -0.617990 55 197 48
0.450213 -0.252633 -0.556501 -0.096217 0.894694 0.436194 115 241 183
-0.234889 0.005586 0.318232 0.303022 -0.094220 -0.948315 166 115 6
0.002681 -0.189992 -0.594918 -0.326502 0.885472 -0.330660 85 240 85
0.039716 -0.145767 0.484207 0.894802 0.445473 -0.029733 241 184 123
-0.359905 0.183865 -0.229886 0.123950 -0.626106 0.769823 143 47 225
0.190011 -0.035124 -0.060128 0.912818 0.275973 0.301001 243 162 165
0.428723 0.080923 -0.243089 -0.636613 -0.662730 0.394352 46 43 177
-0.102523 -0.230435 -0.005707 -0.312848 0.808979 -0.497673 87 230 64
-0.335041 0.031747 -0.657556 0.991949 -0.000006 -0.126638 253 127 111
0.101783 -0.106944 0.203698 0.192180 0.873085 -0.448096 152 238 70
0.522976 0.049215 0.060834 -0.853238 -0.093229 0.513121 18 115 192
-0.043743 -0.142758 0.326471 -0.061471 0.727098 -0.683776 119 220 40
0.016524 -0.122307 -0.432424 -0.841190 0.514382 0.166765 20 193 148
0.160990 0.084608 0.714596 0.266479 -0.831348 0.487698 161 21 189
0.315377 0.201741 -0.516759 0.666144 -0.657593 -0.351885 212 43 82
0.591456 -0.166072 -0.186688 -0.907623 0.391847 0.150590 11 177 146
0.130079 0.117244 -0.385001 0.317884 -0.440091 -0.839804 168 71 20
0.217131 -0.228985 -0.496477 0.461752 0.773264 0.434566 186 226 182
-0.436742 0.131075 -0.484897 0.469431 -0.280989 0.837066 187 91 234
0.052059 -0.232676 0.358691 -0.049749 0.997565 0.048887 121 254 133
-0.049236 0.086069 -0.488544 -0.905258 -0.424712 -0.011323 12 73 126
0.146197 -0.006419 -0.638276 -0.350433 0.092184 0.932040 82 139 246
-0.202118 0.229338 0.167914 -0.114611 -0.992912 0.031468 112 0 131
0.345629 -0.184778 -0.676438 -0.401399 0.915824 0.012067 76 244 129
-0.404999 -0.145939 -0.649365 0.624215 0.631671 0.459725 207 208 186
-0.110751 0.133357 -0.647170 -0.803485 -0.325738 0.498303 25 85 191
0.258853 -0.168646 0.908605 0.616548 0.663861 -0.423269 206 212 73
0.130969 0.089664 -0.401647 0.293760 -0.483420 0.824628 164 65 232
-0.208558 0.353330 0.090693 0.287958 -0.931565 0.221963 164 8 155
0.330450 0.275151 -0.003191 -0.046268 -0.969830 0.239352 121 3 158
0.209951 0.125911 0.009994 -0.635423 -0.191237 -0.748108 46 103 32
-0.490485 -0.133784 -0.534043 0.916532 0.176156 0.359080 244 149 173
-0.323961 -0.281002 -0.254208 0.256369 0.768067 0.586812 160 225 202
-0.199722 0.025044 -0.010939 0.790542 -0.504192 0.347611 228 63 171
0.216562 0.221685 0.496316 -0.439917 -0.636405 -0.633610 71 46 46
0.462566 -0.051191 -0.529495 -0.871926 0.354400 0.337854 16 172 170
0.350086 0.031558 -0.563338 -0.784191 -0.304967 0.540406 27 88 196
0.236556 0.288236 0.143065 -0.296769 -0.778619 -0.552884 89 28 57
-0.147327 -0.056786 0.395341 0.976317 0.201139 0.079678 251 153 137
0.407297 -0.018157 -0.367727 -0.409512 0.535021 -0.738953 75 195 33
0.158682 -0.024977 0.018318 -0.862097 0.505459 -0.036071 17 191 122
-0.224012 0.172666 0.204641 0.433208 -0.816134 -0.382435 182 23 78
-0.511218 0.039647 -0.518374 0.946567 -0.053099 0.318106 248 120 168
-0.373604 -0.163508 -0.236895 0.843010 0.534749 -0.058125 234 195 120
0.277602 0.227289 0.531468 -0.532160 -0.846484 0.016471 59 19 129
0.049616 -0.075445 0.798584 0.962670 0.179289 -0.202784 250 150 101
-0.517305 0.363243 -0.515165 0.593049 -0.804965 -0.018024 203 24 125
0.044249 0.163462 0.418456 0.071894 -0.639802 -0.765170 136 45 29
-0.106396 0.206009 -0.580379 0.737545 -0.424418 -0.525259 221 73 60
0.160720 0.033466 0.829637 0.818787 -0.070990 -0.569691 231 118 54
0.577606 -0.246288 -0.378398 -0.768197 0.451918 0.453478 29 185 185
0.432053 0.091837 0.687217 -0.865990 -0.362530 0.344433 17 81 171
0.244213 0.155415 -0.306005 0.602245 -0.589692 0.538113 204 52 196
0.062643 -0.238163 -0.494647 -0.315704 0.948445 0.027974 87 248 131
0.189123 0.129206 0.596382 -0.479690 -0.768771 0.422951 66 29 181
-0.367731 -0.216468 -0.708409 0.044315 0.774246 0.631332 133 226 207
0.441533 0.062969 -0.296694 -0.705215 -0.530301 0.470587 37 59 187
0.160755 0.148002 0.867088 0.693085 -0.532058 -0.486361 215 59 65
0.335967 -0.001466 -0.371486 -0.869254 -0.479866 -0.118855 16 66 112
0.371415 -0.215905 0.083550 0.022718 0.980726 0.194065 130 252 152
0.108555 0.211477 0.064236 -0.409515 -0.858344 0.309100 75 18 166
-0.059534 0.105483 -0.032596 -0.745794 -0.661738 0.076777 32 43 137
0.505267 0.141852 -0.303406 -0.525372 -0.646152 0.553599 60 45 198
-0.068759 -0.116445 0.051702 0.405958 0.685016 -0.604940 179 214 50
-0.425955 -0.132426 -0.144868 0.655817 0.739359 0.152487 211 221 146
-0.195090 0.183226 -0.635465 -0.469417 -0.523982 0.710697 67 60 218
-0.051568 0.037207 0.242170 -0.944566 -0.301998 0.128807 7 88 143
0.199090 0.191044 -0.675939 -0.731282 -0.590728 0.340981 34 52 170
-0.114907 0.198733 0.243861 0.336672 -0.879718 0.335779 170 15 170
0.025447 0.120053 0.574609 0.586496 -0.799892 -0.127263 202 25 111
0.310830 -0.079764 0.851098 0.264748 0.454948 -0.850253 161 185 19
0.285829 -0.220659 -0.078240 -0.588592 0.808259 0.016649 52 230 129
-0.009865 -0.020801 0.445307 -0.999796 -0.016372 0.011842 0 125 129
0.172884 -0.241953 -0.043036 -0.101367 0.798270 0.593708 114 229 203
-0.249074 -0.196246 -0.398603 -0.188391 0.946644 0.261483 103 248 160
0.022340 0.196093 0.444052 0.286331 -0.929774 -0.231375 164 8 97
0.357745 -0.083943 -0.159147 0.255245 0.883226 -0.393398 160 240 77
-0.332146 -0.130245 -0.062483 0.727483 0.667223 -0.159945 220 212 107
0.220563 -0.238826 -0.607436 -0.399480 0.910705 0.105039 76 243 140
0.098880 -0.084518 0.025417 -0.187124 0.087383 0.978442 103 138 252
0.586509 -0.164624 -0.459240 -0.787638 0.395736 0.472249 27 177 187
0.334116 0.116692 0.410823 -0.833086 -0.548760 -0.069494 21 57 118
-0.156638 -0.153704 -0.148016 0.517501 0.627264 -0.582007 193 207 53
-0.078440 -0.032810 0.528013 0.834784 0.467038 -0.291566 233 187 90
-0.040672 -0.082653 0.094341 -0.955033 0.292881 -0.046179 5 164 121
-0.214225 -0.064027 0.145732 0.150868 0.558726 -0.815515 146 198 23
-0.276325 0.142563 -0.009332 0.940959 -0.249768 -0.228499 247 95 98
-0.193556 0.062537 -0.770070 0.967300 -0.143946 0.208829 250 109 154
-0.172069 -0.289694 -0.611763 -0.093824 0.995471 0.015326 115 254 129
0.274781 0.023844 0.926629 -0.273275 -0.043841 -0.960936 92 121 4
0.442134 0.122481 -0.440021 0.188210 -0.938133 -0.290662 151 7 90
-0.208481 0.284549 0.153363 0.515170 -0.848452 0.121364 193 19 142
0.344140 -0.078373 0.760668 -0.479853 0.656916 -0.581552 66 211 53
-0.371554 -0.193747 -0.409578 0.674299 0.225198 -0.703283 213 156 37
0.274391 -0.246700 0.706781 -0.097991 0.808780 0.579890 115 230 201
0.301217 0.012079 0.874059 0.038906 0.069077 0.996852 132 136 254
0.082441 0.186004 0.162424 0.574734 -0.442156 -0.688606 200 71 39
-0.254895 0.155889 -0.449770 0.118282 -0.908164 0.401556 142 11 178
0.255528 0.081953 -0.714634 -0.744150 -0.524178 0.414100 32 60 180
-0.126889 -0.249862 -0.638622 0.117387 0.890949 -0.438669 142 241 71
-0.228721 -0.102014 -0.100102 0.969166 0.147811 0.197151 251 146 152
-0.245512 -0.136615 -0.397268 0.276887 0.489038 0.827149 162 189 232
-0.203676 -0.256300 0.210256 0.528020 0.848035 0.045084 194 235 133
0.258228 0.049863 0.337105 -0.533949 -0.374266 -0.758171 59 79 30
0.178850 0.147485 -0.377152 -0.603325 -0.778055 0.175011 50 28 149
-0.367976 -0.033365 -0.640519 -0.389155 0.140593 0.910380 77 145 243
-0.542489 -0.062674 -0.765211 0.959539 0.023588 0.280587 249 130 163
0.164840 0.109735 0.111080 0.327180 -0.534115 -0.779535 169 59 28
0.366022 0.015678 0.849532 -0.977634 -0.056146 0.202683 2 120 153
0.051683 -0.220099 -0.048170 0.263858 0.963308 -0.049160 161 250 121
0.036516 -0.009985 0.265026 0.586457 -0.005835 -0.809960 202 126 24
0.093353 -0.061830 -0.722767 -0.257926 0.312809 0.914125 94 167 244
0.454785 -0.202454 -0.291501 0.110915 0.966948 0.229587 141 250 156
-0.255320 -0.079199 -0.560723 -0.614204 0.218916 0.758175 49 155 224
0.318643 -0.028556 -0.595784 0.561854 0.489158 0.667117 199 189 212
-0.148093 0.238778 -0.013091 -0.424625 -0.782557 0.455300 73 27 185
-0.309713 0.195246 -0.679566 0.586744 -0.759940 0.279683 202 30 163
-0.177223 -0.234520 -0.141888 -0.507597 0.467575 0.723684 62 187 219
-0.229716 -0.246605 -0.198101 0.344300 0.909269 -0.233855 171 243 97
0.493223 -0.050427 0.812938 -0.932702 0.055662 0.356327 8 134 172
0.283172 -0.082705 -0.425128 0.996786 -0.051612 0.061261 254 120 135
0.490245 0.101145 0.644000 -0.900255 -0.159955 0.404915 12 107 179
-0.407990 -0.007032 -0.345526 0.794200 -0.018437 0.607376 228 125 204
-0.206854 -0.251460 0.017836 -0.051078 0.976947 0.207279 120 252 153
0.207935 -0.102408 0.818549 -0.635092 0.767043 -0.091126 46 225 115
-0.327848 0.165187 -0.466181 0.208931 -0.965039 0.158268 154 4 147
0.138726 -0.083666 -0.348303 0.206782 0.637882 -0.741854 153 208 32
0.397579 0.320175 -0.695480 -0.302315 -0.684945 0.662915 88 40 212
0.190533 -0.192523 -0.642631 0.401053 0.883253 0.242943 178 240 158
0.098291 0.149413 -0.631792 -0.382788 -0.777529 -0.498920 78 28 63
-0.226969 -0.062614 0.079041 0.536824 0.602155 0.590957 195 204 202
0.428905 -0.272568 0.083866 -0.421760 0.862352 0.280121 73 237 163
0.500165 -0.123880 -0.124604 -0.567474 0.506485 0.649189 55 192 210
0.451122 -0.114873 0.877614 -0.458337 0.827754 0.323652 69 233 168
-0.068532 0.064742 -0.694450 -0.586628 -0.071573 0.806688 52 118 230
0.430276 -0.004545 0.953878 -0.866378 -0.270991 -0.419468 17 92 74
0.099878 -0.078884 0.643929 -0.190659 0.962987 0.190536 103 250 151
0.033466 -0.029869 -0.764921 0.147654 0.733398 0.663571 146 221 212
-0.174273 -0.049892 -0.015476 -0.352766 0.192850 0.915623 82 152 244
0.062951 0.044553 -0.785786 0.282436 -0.021386 0.959048 163 124 249
0.100976 -0.083658 -0.701189 -0.559211 0.282381 0.779452 56 163 226
0.005544 -0.038216 0.365965 0.657612 0.445468 0.607540 211 184 204
-0.320905 -0.013264 0.129500 0.805537 0.026241 -0.591965 230 130 52
-0.029130 -0.191085 0.247112 -0.317640 0.835492 -0.448395 87 234 70
0.232109 -0.194442 0.055394 -0.487061 0.868836 0.088863 65 238 138
0.188706 -0.192241 -0.542615 -0.300659 0.668088 -0.680634 89 212 40
0.199752 -0.114115 -0.326418 -0.530613 0.708897 0.464667 59 217 186
0.112950 0.212167 -0.694932 -0.306509 -0.558041 0.771131 88 56 225
-0.082587 0.084897 0.495535 0.760309 -0.648423 0.038436 224 44 132
0.411719 -0.040989 0.835216 -0.975505 0.139663 -0.169956 3 145 105
0.145001 -0.056850 0.277780 -0.884066 0.435685 -0.169133 14 183 105
-0.422748 -0.069825 -0.076365 0.973441 0.077929 -0.215267 251 137 100
-0.169191 0.060207 -0.115619 -0.948400 -0.085517 -0.305326 6 116 88
0.439972 0.005300 -0.387912 -0.870436 -0.037177 0.490876 16 122 190
0.085623 0.110942 -0.249572 0.658636 -0.439385 -0.610851 211 71 49
0.155328 0.109086 0.768115 0.575164 -0.311963 -0.756218 200 87 31
-0.270114 -0.070782 0.086167 0.573172 0.106457 -0.812490 200 141 23
-0.155848 -0.309531 -0.637563 -0.212702 0.947194 0.239962 100 248 158
0.533239 -0.041949 -0.472112 -0.908975 0.400408 -0.115920 11 178 112
-0.152643 -0.161577 0.417336 0.621985 0.537002 0.569880 206 195 200
-0.035021 0.128229 -0.598371 -0.010415 -0.448820 0.893562 126 70 241
-0.154922 -0.167452 -0.393304 -0.359047 0.768498 -0.529619 81 225 59
0.055588 0.124457 0.112884 -0.811148 -0.548922 0.201802 24 57 153
-0.132562 0.076931 0.380984 0.922462 -0.324422 -0.209321 245 86 100
0.436487 -0.098361 -0.388537 -0.850896 0.165261 0.498663 19 148 191
0.230688 -0.122170 -0.765208 -0.082506 0.504985 0.859176 116 191 237
0.213996 0.021670 -0.700472 -0.597641 -0.013514 0.801650 51 125 229
0.258700 -0.111404 1.042892 0.448498 0.200219 -0.871069 184 153 16
-0.166454 0.135715 -0.175250 0.705710 -0.700760 -0.104446 217 38 114
-0.278990 0.051037 -0.018627 0.100271 -0.265832 0.958790 140 93 249
0.345030 0.207511 -0.465909 -0.110373 -0.992419 -0.054053 113 0 120
-0.093927 -0.057764 0.258954 0.301035 0.953607 -0.003383 165 249 127
0.535382 -0.030665 -0.269512 -0.965781 -0.007069 0.259262 4 126 160
-0.243404 -0.096450 -0.684754 -0.425678 0.457741 0.780558 73 185 227
0.207154 -0.237246 -0.582960 -0.365140 0.926353 -0.092426 80 245 115
0.247030 -0.089908 0.364578 -0.809620 0.547037 0.212760 24 197 154
-0.045886 0.036889 -0.749133 -0.752644 0.399250 0.523571 31 178 194
-0.265163 -0.093008 -0.197246 0.804918 0.168387 -0.568992 230 148 54
-0.371182 -0.077469 -0.510676 0.899276 0.088445 0.428346 242 138 182
0.520740 0.162768 0.003219 -0.689344 -0.637744 -0.343638 39 46 83
-0.216027 -0.117705 0.124873 0.815961 0.232917 -0.529110 231 157 60
-0.406119 -0.145281 -0.629480 0.683155 0.697046 0.217776 214 216 155
-0.284915 -0.197386 -0.767589 0.026303 0.684405 0.728628 130 214 220
-0.235485 0.221138 -0.814005 -0.031150 -0.712216 0.701268 123 36 216
0.243623 0.212407 -0.621457 -0.052387 -0.951767 0.302315 120 6 166
0.490955 0.005919 -0.350056 -0.844498 0.056919 -0.532525 19 134 59
-0.236908 0.069826 0.007996 0.348864 -0.849196 0.396434 171 19 178
0.381502 -0.026986 0.100985 0.086043 0.136119 -0.986949 138 144 1
-0.369006 0.241412 -0.172572 -0.039123 -0.925154 0.377570 122 9 175
-0.111672 -0.095382 -0.734771 0.726412 0.555933 0.404061 220 198 179
-0.084669 -0.132475 -0.741699 0.192089 0.885448 0.423184 151 240 181
0.473313 0.233098 0.138425 -0.277972 -0.877412 -0.390998 92 15 77
0.517208 -0.120571 -0.280698 -0.946677 0.235016 -0.220387 6 157 99
-0.010269 0.220077 0.211522 0.232155 -0.923490 -0.305402 157 9 88
-0.135031 -0.115189 -0.742351 0.740141 0.671411 0.037396 221 213 132
-0.113478 -0.215301 -0.569689 0.609913 0.789526 -0.068227 205 228 118
0.185923 0.081769 0.806692 0.937285 -0.256653 -0.235854 247 94 97
0.171568 0.016739 -0.622764 -0.785912 -0.054700 0.615915 27 120 206
-0.213019 -0.119184 -0.722444 -0.190485 0.784819 0.589724 103 227 202
-0.105878 0.183617 -0.480879 0.039335 -0.785500 -0.617610 132 27 48
0.560525 -0.018734 -0.183985 -0.607671 -0.001421 -0.794188 50 127 26
0.435481 0.153684 0.997437 -0.551696 -0.554234 -0.623262 57 56 48
-0.175601 0.149812 -0.435708 0.470915 -0.782615 -0.407128 187 27 75
0.471729 -0.238204 -0.546870 -0.699404 0.570375 0.430704 38 200 182
0.266885 -0.088896 0.771801 -0.346072 0.730213 -0.589086 83 220 52
0.444574 -0.025720 -0.349923 0.817893 0.292093 0.495715 231 164 190
-0.314453 0.017286 -0.109601 0.975734 -0.126311 0.178855 251 111 150
0.278106 -0.061349 0.832329 0.600829 0.464836 -0.650332 204 186 44
0.356351 0.107662 -0.341735 0.661712 -0.186512 -0.726189 211 103 34
0.034363 -0.141703 -0.577494 0.924451 0.381180 0.009585 245 176 128
0.000977 -0.159972 0.600025 0.888626 0.244499 -0.388026 240 158 78
0.350846 0.053464 0.783216 -0.860216 -0.504574 -0.073718 17 63 118
-0.016590 0.036727 0.383366 -0.779440 -0.541032 -0.315844 28 58 87
0.342807 -0.015162 0.650619 -0.571656 0.015862 -0.820340 54 129 22
0.203106 0.231395 0.575643 -0.512273 -0.653033 -0.557785 62 44 56
0.042237 0.230320 0.116533 -0.603469 -0.784109 0.144907 50 27 145
-0.146605 0.101003 -0.107475 0.483379 -0.866281 -0.126103 189 17 111
-0.426588 0.151692 -0.602447 0.941970 -0.276214 -0.190781 247 92 103
0.302423 0.073079 -0.611491 0.288092 -0.929362 0.230846 164 9 156
-0.269581 0.047535 -0.306379 0.706798 0.188178 -0.681928 217 151 40
0.599701 0.179295 -0.419552 -0.673775 -0.401305 0.620469 41 76 206
0.433834 0.173421 -0.290403 -0.737853 -0.614415 0.279405 33 49 163
0.432793 -0.210369 0.120202 0.715501 0.686157 -0.131325 218 214 110
0.179928 0.044300 0.695478 0.880046 -0.088631 0.466545 239 116 186
-0.019637 0.123305 -0.683264 0.887141 -0.452223 -0.092063 240 69 115
0.024405 0.076370 -0.251718 -0.828882 -0.479551 0.288074 21 66 164
-0.252165 0.322871 -0.635153 0.310018 -0.913056 -0.264984 167 11 93
0.246092 0.029383 -0.261792 -0.990919 -0.117714 -0.064991 1 112 119
0.057931 -0.183224 -0.807459 -0.597649 0.517152 0.612674 51 193 205
0.489219 0.036132 0.136330 -0.874626 -0.145342 -0.462499 15 108 68
0.519786 -0.013794 -0.250652 -0.040499 0.000900 -0.999179 122 127 0
-0.269764 -0.167862 -0.602530 -0.116373 0.819594 -0.561002 112 231 55
0.273070 -0.159035 0.013341 -0.137431 0.801792 -0.581587 109 229 53
0.041140 0.183076 -0.044987 0.847843 -0.530226 0.004843 235 59 128
0.404021 -0.136227 -0.219596 0.060433 0.296222 -0.953205 135 165 5
-0.165654 0.119011 -0.029361 -0.034408 -0.973953 -0.224124 123 3 98
0.160970 0.276349 0.598725 -0.070282 -0.949280 -0.306477 118 6 88
0.189719 0.115863 -0.545106 -0.542660 -0.206667 0.814131 58 101 231
0.366398 -0.149242 0.782123 -0.358621 0.897951 0.255098 81 241 160
0.280642 0.203055 -0.611197 -0.092548 -0.686113 0.721584 115 40 219
0.126976 0.017138 -0.609396 -0.005477 -0.089088 -0.996009 126 116 0
0.270499 0.182733 -0.222042 -0.125241 -0.548377 -0.826800 111 57 22
0.140723 0.157391 -0.581855 -0.145034 -0.947686 0.284354 109 6 163
0.449048 -0.095088 -0.139087 -0.883044 0.388100 -0.263841 14 176 93
0.112657 0.038333 -0.700655 -0.415831 0.043011 0.908424 74 132 243
0.291925 0.202390 0.691423 -0.015443 -0.948684 0.315847 125 6 167
-0.341148 -0.032568 0.084783 0.650876 0.217564 -0.727342 210 155 34
-0.163147 -0.242703 -0.698074 0.724388 0.608071 0.324827 219 205 168
0.321584 -0.069530 -0.157736 -0.077086 0.905935 -0.416340 117 243 74
0.201290 0.102707 0.935842 0.413968 -0.095172 -0.905303 180 115 12
0.066251 0.169177 0.697018 0.777214 -0.419742 -0.468780 226 73 67
0.291130 -0.026903 0.812550 0.452078 0.292964 -0.842495 185 164 20
-0.167245 -0.030949 -0.858330 -0.015881 0.012163 0.999800 125 129 254
0.339680 0.202535 -0.633762 0.106622 -0.994071 0.021330 141 0 130
0.084865 0.320566 -0.575989 -0.013196 -0.820923 0.570886 125 22 200
0.409280 -0.096774 -0.640270 -0.478110 0.850910 0.217632 66 235 155
-0.347861 -0.203628 -0.309764 0.679361 0.687855 -0.255588 214 215 94
0.078324 -0.139911 -0.367935 0.570394 0.723731 0.388413 200 219 177
-0.298370 -0.027060 -0.012974 0.664697 0.115806 0.738084 212 142 221
0.226121 -0.111375 0.846933 0.480837 0.583815 -0.654183 188 201 44
0.050848 -0.120895 0.509470 0.145276 0.679829 -0.718838 146 214 35
0.110919 0.196610 -0.680034 -0.449783 -0.892361 0.037254 70 13 132
0.329025 0.184813 -0.432784 0.849348 -0.496161 -0.180089 235 64 104
0.455755 -0.247516 -0.492063 -0.229466 0.970563 -0.073167 98 251 118
0.398863 -0.117196 -0.418386 -0.745150 0.545440 -0.383727 32 197 78
0.079318 0.178844 -0.591903 0.512399 -0.720154 0.467789 192 35 187
0.204358 0.126326 0.594834 0.235678 -0.964271 -0.120988 157 4 112
0.205659 0.204289 -0.384344 -0.141696 -0.843868 0.517502 109 19 193
-0.013720 0.075164 -0.030592 -0.349298 -0.328228 -0.877643 82 85 15
-0.046911 -0.056726 -0.074568 0.006956 0.412520 0.910922 128 180 243
0.362466 -0.170252 0.818537 -0.517209 0.471628 -0.714186 61 187 36
0.356052 0.066200 -0.639308 -0.946099 -0.300605 0.120557 6 89 142
0.507294 -0.037086 -0.111241 -0.903769 0.194723 -0.381162 12 152 78
0.166118 -0.052115 0.899312 0.907534 -0.078871 -0.412506 243 117 74
0.341253 -0.207662 0.904318 0.026545 0.515711 -0.856351 130 193 18
-0.210358 0.045846 -0.030514 -0.886135 -0.299357 -0.353766 14 89 82
0.173739 0.014882 0.016737 -0.052590 -0.119501 0.991440 120 112 253
0.050825 0.293324 0.249414 -0.267494 -0.954934 -0.128641 93 5 111
0.236113 0.148341 0.532265 -0.332532 -0.457265 -0.824822 85 69 22
0.172071 0.216688 0.603277 -0.119256 -0.822364 -0.556323 112 22 56
0.401657 -0.160198 0.786733 -0.876518 0.406876 0.257231 15 179 160
0.181791 0.132286 -0.577500 -0.696808 -0.211921 0.685236 38 100 214
-0.076791 -0.052023 -0.201459 -0.902308 0.415762 -0.113938 12 180 112
0.329538 -0.033690 -0.637281 0.276172 0.603009 0.748405 162 204 222
0.163287 0.182193 -0.099932 0.756112 -0.581084 -0.301059 223 53 89
-0.098328 -0.008943 -0.140685 -0.128143 0.118281 -0.984677 111 142 1
-0.163998 -0.055532 -0.635782 0.483572 0.088976 0.870771 189 138 238
0.414797 -0.010367 0.648127 -0.900611 0.127637 0.415463 12 143 180
0.487385 -0.176285 -0.189812 -0.828858 0.548630 -0.109540 21 197 113
-0.064372 0.025272 -0.619287 -0.286531 0.035692 0.957406 90 132 249
0.259598 0.097244 -0.665641 -0.920851 -0.219209 0.322460 10 99 168
0.258565 0.127355 0.880346 0.482205 -0.299094 -0.823421 188 89 22
-0.358259 0.123918 -0.482139 0.562686 -0.823958 -0.066915 199 22 118
-0.384062 -0.142174 -0.091752 0.795019 0.511818 -0.325556 228 192 85
0.520375 -0.006040 -0.219062 -0.740775 -0.015033 0.671585 33 125 213
0.281192 -0.100676 -0.611352 -0.626505 0.097041 0.773353 47 139 226
-0.072027 0.048158 -0.100808 0.934189 -0.035339 -0.355025 246 122 82
0.450522 -0.038113 -0.575823 -0.867454 0.265367 0.420837 16 161 181
0.278778 0.102882 -0.025692 -0.252527 -0.541923 -0.801592 95 58 25
-0.307620 -0.105584 -0.132003 0.116349 0.314698 0.942034 142 167 247
0.464634 -0.119164 -0.099845 -0.597482 0.589658 -0.543433 51 202 58
-0.310271 -0.180043 -0.600766 0.819466 0.367257 -0.439997 231 174 71
-0.270630 0.033300 0.068254 0.624023 -0.746646 -0.230466 207 32 98
-0.166441 -0.092025 -0.178082 0.586804 -0.017405 -0.809542 202 125 24
0.196547 -0.209732 0.738830 0.009731 0.649015 -0.760713 128 210 30
0.071801 -0.001531 0.686426 0.155556 0.135084 -0.978547 147 144 2
0.123658 0.291638 -0.573430 -0.396807 -0.889946 0.224812 76 14 156
-0.082428 -0.153394 -0.215790 -0.892081 0.321492 0.317544 13 168 167
-0.220125 0.044272 -0.602099 -0.616177 0.151349 0.772929 48 146 226
0.146971 -0.092449 0.315773 0.478852 0.233569 -0.846254 188 157 19
-0.159770 -0.026567 -0.305291 0.987015 -0.049934 -0.152667 253 121 108
-0.444647 -0.032690 -0.001510 0.772089 0.104532 -0.626859 225 140 47
0.298621 0.101448 -0.239229 -0.372632 -0.835462 -0.403916 79 20 76
0.261273 -0.331628 -0.499337 -0.044382 0.998460 0.033275 121 254 131
0.165713 0.113745 0.765922 0.340486 -0.845656 0.411018 170 19 179
0.337786 -0.214034 -0.411360 -0.518969 0.817213 -0.250667 61 231 95
-0.403534 0.093204 -0.255124 0.345535 -0.901009 -0.262276 171 12 94
-0.272379 -0.221883 0.027634 0.796246 0.565670 0.214499 229 199 154
-0.374743 0.313486 -0.209618 0.044004 -0.998889 -0.016839 133 0 125
-0.378590 0.060893 -0.299569 0.782129 -0.154998 0.603531 227 107 204
-0.214745 0.192970 -0.703399 0.524532 -0.642164 0.559009 194 45 198
0.473887 0.202572 -0.171809 0.417097 -0.847590 -0.328057 180 19 85
-0.196247 0.163992 -0.556538 0.766334 -0.620540 -0.166321 225 48 106
0.394520 -0.328292 -0.542128 -0.154546 0.879182 0.450726 107 239 184
0.373087 -0.009819 -0.657641 -0.535581 0.242390 0.808950 59 158 230
-0.253127 0.088524 0.120474 0.937543 -0.182040 -0.296436 247 104 89
0.099693 -0.102148 0.651658 -0.299283 0.833192 -0.464995 89 233 68
0.013731 -0.023817 -0.660172 0.969179 0.172697 -0.175692 251 149 105
0.398303 -0.199677 0.819009 -0.155836 0.982002 -0.106707 107 252 113
-0.187220 0.110707 -0.176561 0.792222 -0.608506 -0.045886 228 49 121
0.324598 -0.233817 0.936745 0.000817 0.756123 -0.654429 127 223 44
-0.093730 0.217467 -0.513326 0.672571 -0.668946 -0.316481 213 42 87
0.060510 -0.097306 0.316838 -0.757733 0.477107 0.445207 30 188 184
0.393985 0.054203 -0.591656 0.644760 -0.174623 0.744172 209 105 222
-0.187140 -0.089614 -0.725878 0.807764 0.562098 0.177663 230 199 150
0.334882 0.229927 -0.412323 -0.156201 -0.982372 0.102693 107 2 140
-0.168262 0.079056 0.075487 -0.506333 -0.859422 0.070862 62 17 136
0.186499 -0.181267 -0.618506 -0.151909 0.880213 0.449610 108 239 184
0.461770 0.074350 -0.604606 -0.847868 -0.246364 0.469495 19 96 187
0.178563 0.089564 0.323587 0.928350 -0.286945 0.236281 245 90 157
-0.245407 -0.003091 0.255582 0.951547 0.185803 -0.245023 248 151 96
0.441316 0.096551 -0.573370 -0.881245 -0.402604 0.247624 15 76 159
0.358327 0.409240 0.756107 -0.239543 -0.970797 -0.013136 96 3 125
-0.059763 0.228581 0.264724 -0.147052 -0.806121 -0.573189 108 24 54
-0.094467 0.032866 -0.654494 0.518134 -0.851979 0.075295 193 18 137
0.091534 -0.017380 -0.117413 0.997531 -0.069540 -0.009789 254 118 126
0.123158 -0.072882 -0.085173 -0.527669 0.331002 0.782306 60 169 227
-0.176979 -0.147134 0.246060 0.614694 0.707418 0.348872 205 217 171
0.289900 -0.047341 0.918890 0.313194 0.370376 -0.874489 167 174 16
0.227605 -0.175469 0.685839 0.656463 0.736616 -0.162646 211 221 106
0.345607 -0.325938 -0.624161 -0.556737 0.787600 0.264066 56 227 161
-0.189027 0.225656 0.107048 0.462379 -0.755596 0.463983 186 31 186
-0.029628 0.024400 0.239052 -0.520344 0.315896 -0.793380 61 167 26
-0.302058 -0.058847 0.027969 -0.045830 0.729083 0.682890 121 220 214
-0.154191 -0.141810 0.333381 0.462965 0.449584 -0.763896 186 184 30
0.559837 0.001334 -0.348396 -0.958764 -0.120582 0.257355 5 112 160
0.417342 -0.148474 -0.230143 -0.698652 0.485414 0.525603 38 189 194
0.219274 0.152283 -0.239382 -0.322250 -0.945139 -0.053541 86 6 120
0.362734 -0.128269 -0.482647 0.480487 0.825302 0.296662 188 232 165
-0.066019 0.242808 0.226577 -0.304818 -0.825694 0.474675 88 22 188
-0.340050 -0.027355 -0.055583 0.415374 0.402293 -0.815858 180 178 23
0.387115 0.171125 0.863455 -0.469851 -0.873532 -0.127209 67 16 111
0.258197 0.010834 0.581222 0.856913 0.023225 -0.514938 236 130 61
-0.319404 0.164573 -0.019679 -0.412395 -0.909232 0.056818 74 11 134
-0.014897 -0.088021 -0.305624 0.807168 0.570875 0.150274 230 200 146
0.022429 0.185431 0.341584 0.098642 -0.904457 -0.415004 140 12 74
-0.331004 -0.090265 -0.105930 -0.017182 0.868932 0.494633 125 238 190
0.388012 0.150385 0.987856 0.020416 -0.684924 -0.728329 130 40 34
-0.033608 -0.371643 -0.595341 -0.020678 0.985033 -0.171124 124 253 105
-0.188774 -0.226165 0.302867 0.418908 0.794642 0.439386 180 228 183
0.268638 0.205889 -0.468142 -0.104838 -0.861625 0.496600 114 17 190
0.389558 -0.028081 0.766473 -0.839195 0.207749 0.502586 20 153 191
-0.156436 -0.087311 0.152912 0.966604 0.254941 0.026118 250 160 130
0.370438 -0.008560 -0.272651 -0.947484 -0.282534 -0.149829 6 91 108
0.236894 -0.189300 0.038757 -0.166824 0.656225 -0.735893 106 211 33
0.220986 -0.151639 -0.467077 0.544270 0.818012 0.186084 196 231 151
0.318696 0.115576 -0.605604 0.908673 -0.415723 0.038562 243 74 132
-0.230969 -0.326811 -0.186202 -0.193943 0.980604 0.028314 102 252 131
-0.064212 -0.141310 0.405984 0.832070 0.554069 0.025828 233 198 130
0.062232 0.088918 0.143406 -0.750795 -0.252702 -0.610285 31 95 49
0.606000 -0.093316 -0.179825 -0.984620 0.123172 -0.123907 1 143 111
0.375991 -0.164664 -0.218251 -0.258433 0.771838 0.580929 94 225 201
-0.164611 0.353174 0.165001 0.345213 -0.936537 0.061038 171 8 135
-0.033654 -0.007238 0.578896 0.899237 -0.150627 -0.410712 242 108 75
-0.216181 0.024276 -0.327259 0.102464 -0.728315 0.677539 140 34 213
0.183369 -0.044999 -0.329852 -0.605919 0.677890 0.416325 50 213 180
-0.206386 -0.074531 -0.736599 0.910666 0.407631 0.067269 243 179 136
-0.009688 -0.138998 0.257504 0.238969 0.861843 -0.447348 157 237 70
0.111807 0.288410 0.248106 -0.576117 -0.769106 0.276704 54 29 162
-0.152010 0.198995 0.373613 0.800610 -0.597053 -0.050511 229 51 121
0.397245 -0.024247 0.779626 0.885132 0.311116 -0.346046 240 167 83
0.113330 0.012890 0.627720 0.497204 0.039871 0.866717 190 132 238
0.549335 0.069341 -0.563542 -0.863400 -0.209326 0.459046 17 100 186
-0.357204 0.062974 -0.697964 0.379236 -0.258376 0.888494 175 94 240
-0.335507 0.235082 -0.138302 0.614923 -0.786532 0.056902 205 27 134
0.494753 0.003147 0.590005 -0.979576 -0.143609 0.140738 2 109 145
-0.265864 0.108907 -0.357792 0.602330 -0.768159 0.217094 204 29 155
0.323899 0.138186 -0.593099 -0.649110 -0.399286 0.647477 44 76 210
0.309120 0.107011 0.895323 0.221191 -0.235465 -0.946378 155 97 6
-0.362648 -0.118581 -0.352546 0.409540 0.720598 0.559478 179 219 198
0.583233 0.116566 -0.270284 -0.911160 -0.406555 0.067077 11 75 136
0.446866 -0.100795 -0.363920 0.557898 0.723001 0.407455 198 219 179
0.410296 0.151436 0.908316 -0.323165 -0.412563 -0.851679 86 74 18
-0.354164 0.208315 -0.047976 0.831081 -0.496159 -0.251259 233 64 95
-0.111114 0.186919 -0.719473 0.510262 -0.813390 0.279339 192 23 163
-0.072172 -0.133704 -0.679469 0.588537 0.665966 0.458382 202 212 185
-0.114313 -0.076996 -0.028462 0.293370 0.392333 -0.871785 164 177 16
0.326582 0.095533 0.815575 -0.356894 -0.629250 -0.690413 81 47 39
-0.392271 0.098290 -0.006233 0.923346 -0.362604 -0.126297 245 81 111
-0.181226 0.230172 -0.158422 -0.309014 -0.597363 0.740046 88 51 221
0.249935 0.184686 -0.535733 -0.124540 -0.808973 0.574502 111 24 200
0.324760 0.120814 0.856576 -0.200816 -0.650784 -0.732225 101 44 34
0.462667 0.353418 -0.123921 -0.133483 -0.944159 -0.301241 110 7 89
0.147666 0.071968 0.102489 0.855971 -0.384745 0.345377 236 78 171
-0.059859 0.257449 0.493406 0.348958 -0.913635 -0.208563 171 11 100
-0.442083 -0.113060 -0.295838 0.782925 0.436639 -0.443142 227 183 70
-0.290988 0.098439 -0.584347 -0.407327 -0.820392 0.401299 75 22 178
0.368831 0.109749 -0.440433 0.736069 -0.619001 -0.273936 221 48 92
-0.043435 0.027538 -0.122356 0.811054 0.044186 0.583300 230 133 201
-0.170456 0.156659 0.146081 0.330783 -0.683589 0.650606 169 40 210
-0.419770 0.156223 -0.585895 0.714047 -0.698565 0.046309 218 38 133
0.393738 0.189246 0.875195 0.075118 -0.991525 0.105998 137 1 141
0.198282 0.011461 -0.459504 0.491057 -0.638766 -0.592318 190 46 51
-0.292958 -0.089231 -0.015870 0.991531 0.119931 0.049825 253 142 133
-0.367317 0.055482 -0.034466 0.508882 -0.715289 0.478958 192 36 188
0.173656 -0.015644 0.011508 0.988775 0.087686 -0.120976 253 138 112
0.534967 -0.131487 -0.466427 -0.384952 0.562408 0.731785 78 199 220
0.485187 -0.016131 -0.136583 -0.870749 -0.050848 0.489091 16 121 189
-0.085114 0.038542 -0.654099 0.166069 -0.340993 0.925281 148 84 245
-0.030493 -0.065999 -0.022201 0.380136 0.319893 -0.867851 175 168 16
0.061536 0.209474 -0.774662 -0.518700 -0.485992 0.703393 61 65 217
-0.187404 -0.102952 0.025334 0.938166 0.260392 -0.228126 247 160 98
-0.299796 -0.066187 0.113040 0.870002 0.411041 0.272288 238 179 162
-0.235921 -0.055682 -0.044403 0.770103 0.307508 -0.558911 225 166 56
0.249099 0.170048 -0.509481 -0.145950 -0.658481 -0.738310 108 43 33
-0.078877 -0.112214 -0.281114 -0.678582 0.539888 -0.498044 40 196 63
0.194728 -0.201476 -0.638231 0.466351 0.772555 0.430901 186 226 182
-0.084763 -0.091830 -0.621561 0.865336 0.377100 -0.330135 237 175 85
0.316204 0.153621 -0.029876 -0.120168 -0.949820 -0.288794 112 6 90
-0.172826 0.147346 -0.569714 0.575819 -0.792696 0.200165 200 26 153
-0.212116 0.143217 -0.749185 0.223808 -0.582984 0.781051 156 53 227
0.428295 -0.036836 -0.029117 -0.988581 -0.117391 0.094487 1 112 139
0.476409 0.151754 -0.326073 0.490838 -0.470467 -0.733307 190 67 34
-0.217785 -0.200134 -0.676910 0.756911 0.653113 -0.022996 224 210 124
0.270608 -0.189021 -0.472947 -0.538140 0.785123 0.306573 58 227 166
0.150641 -0.259503 0.648722 -0.022348 0.435107 -0.900101 124 182 12
0.542516 0.113777 0.958256 -0.715459 -0.273360 -0.642956 36 92 45
-0.355997 -0.143846 -0.231364 0.133378 0.667259 -0.732787 144 212 34
0.406365 0.041781 0.859820 -0.844796 -0.353144 0.402008 19 82 178
-0.455015 -0.082984 -0.665279 0.984144 0.157812 -0.080968 252 147 117
-0.153186 -0.196841 -0.178856 -0.413412 0.778686 0.471952 74 226 187
0.452679 0.184452 -0.299607 -0.625646 -0.768800 -0.132341 47 29 110
0.310056 -0.296982 0.875806 0.023560 0.772824 -0.634183 130 226 46
0.520949 -0.194374 -0.162408 -0.575228 0.625526 0.527095 54 207 194
0.427513 0.120035 0.858906 -0.910135 -0.401798 0.101054 11 76 140
0.288491 -0.235299 0.966151 0.354418 0.640112 -0.681648 172 209 40
0.466733 0.032517 0.074103 -0.999458 0.032698 0.003726 0 131 127
0.144759 0.133881 -0.351007 -0.541130 -0.747603 0.385056 58 32 176
0.213590 -0.052649 -0.160307 0.337002 -0.072321 -0.938722 170 118 7
0.142909 0.210256 -0.409866 -0.319251 -0.942375 -0.100037 86 7 114
0.338349 -0.254248 -0.474440 0.096001 0.990584 -0.097604 139 253 115
-0.212279 -0.178838 0.323520 0.668072 0.672066 -0.319384 212 213 86
-0.342909 0.054672 -0.774011 0.847411 -0.428564 0.313413 235 72 167
-0.234711 -0.085340 -0.521642 -0.212029 -0.054057 0.975767 100 120 251
-0.263911 0.129543 -0.087741 -0.233746 -0.377746 0.895919 97 79 241
-0.123873 0.175771 -0.628958 0.352391 -0.465956 0.811607 172 68 230
0.127474 0.121536 0.061172 0.597496 -0.683699 -0.418992 203 40 74
-0.257962 0.047387 -0.146087 -0.187726 -0.202608 0.961098 103 101 250
0.376066 -0.115738 -0.455475 -0.121100 0.992488 0.017380 112 254 129
0.307837 0.136812 -0.625139 -0.550973 -0.829979 0.086968 57 21 138
0.392108 -0.077221 -0.079796 -0.932538 0.162068 0.322655 8 148 168
-0.261642 -0.101615 0.215682 0.920443 0.303300 -0.246564 244 166 96
-0.271426 0.049880 0.049936 0.665804 -0.217394 -0.713754 212 99 36
0.554971 -0.196266 0.775965 -0.885635 0.458582 0.073162 14 185 136
0.198558 -0.114116 0.833386 0.628013 0.563888 0.536311 207 199 195
-0.022599 -0.111446 0.147972 -0.753348 0.647398 -0.115515 31 210 112
-0.156856 0.012773 0.231520 0.721611 -0.551205 0.418867 219 57 180
-0.242640 0.050415 0.085408 0.510825 -0.091451 -0.854807 192 115 18
-0.048108 0.060028 -0.784689 -0.380794 -0.208297 0.900893 78 100 242
0.269217 0.016538 -0.553959 -0.799088 0.001792 0.601212 25 127 204
0.331573 0.063993 -0.106297 -0.617979 -0.266070 0.739803 48 93 221
-0.292888 -0.086128 -0.105688 0.595127 0.086567 0.798956 203 138 229
0.299797 0.167248 -0.594205 -0.331817 -0.837366 -0.434414 85 20 72
-0.299239 0.162885 -0.631627 -0.046867 -0.819801 0.570728 121 22 200
-0.255368 0.003553 0.305052 0.997261 -0.052231 -0.052371 254 120 120
-0.173883 -0.135023 -0.682361 0.732455 0.481850 0.480969 220 188 188
0.239468 0.086452 -0.103823 -0.105777 0.069363 0.991968 114 136 253
0.575882 0.247015 -0.441766 -0.616791 -0.531519 0.580566 48 59 201
-0.264914 0.172630 -0.464877 0.925464 -0.297828 -0.234126 245 89 97
0.403283 -0.031766 0.899926 0.015630 0.197886 -0.980100 129 152 2
0.031883 -0.047383 -0.505564 0.546671 0.224625 0.806656 197 156 230
0.286031 0.238192 -0.305471 -0.117152 -0.885928 0.448784 112 14 184
0.338299 -0.002341 -0.386926 0.429943 0.272481 -0.860757 182 162 17
0.554354 -0.052322 -0.331188 -0.934615 0.208939 0.287820 8 154 164
0.361521 -0.032812 -0.113717 -0.915168 0.341696 0.213802 10 171 154
0.226474 0.111637 -0.141431 -0.646024 -0.687585 0.331481 45 39 169
0.151682 0.037567 0.153931 -0.573487 0.411559 0.708330 54 179 217
-0.515288 0.000433 -0.319638 0.981622 -0.107929 -0.157381 252 113 107
0.193272 -0.165449 0.684310 0.489377 0.838445 0.239833 189 234 158
-0.229825 -0.019416 -0.296307 0.900072 -0.385517 0.203092 242 78 153
-0.174391 0.235419 0.187803 0.180949 -0.676180 -0.714169 150 41 36
-0.112205 -0.128079 -0.038311 -0.391580 0.402405 0.827488 77 178 233
0.140168 -0.116323 0.798016 0.162348 0.682728 -0.712409 148 214 36
0.434816 0.062265 -0.623862 -0.559011 -0.222066 0.798870 56 99 229
-0.227590 0.123140 -0.693561 0.827767 -0.504497 -0.245528 233 63 96
-0.202140 0.046970 0.264005 0.848622 -0.111897 -0.517030 235 113 61
0.294299 -0.203100 0.740323 -0.221112 0.664617 -0.713718 99 212 36
0.189186 -0.192885 -0.334072 0.382515 0.877862 -0.288168 176 239 90
0.553154 0.110362 0.844202 -0.980757 -0.149526 0.125531 2 108 143
0.380734 0.010272 0.809997 -0.828321 -0.511349 0.228926 21 62 156
-0.243553 -0.008146 0.160618 0.381847 0.094255 -0.919407 176 139 10
0.449153 -0.092051 -0.515927 -0.009720 0.802274 -0.596877 126 229 51
-0.016727 0.021539 -0.341080 0.792092 -0.093356 -0.603220 228 115 50
0.071338 0.131943 0.101255 -0.773177 -0.445826 0.451040 28 70 185
-0.081550 0.226358 -0.149759 -0.461588 -0.523293 0.716311 68 60 218
0.237127 0.095893 -0.512370 -0.451896 -0.468019 0.759439 69 67 224
0.439272 -0.072934 -0.206831 -0.927302 0.259751 -0.269518 9 160 93
-0.163676 -0.010920 0.087126 -0.991547 -0.113823 -0.062287 1 112 119
0.379205 -0.262706 0.307189 -0.071747 0.874109 -0.480401 118 238 66
0.345344 0.213568 -0.568766 -0.484275 -0.852408 0.197177 65 18 152
-0.072546 0.179237 -0.127589 -0.590762 -0.729691 -0.344312 52 34 83
0.306816 -0.032525 0.740505 0.401267 0.343638 -0.849057 178 171 19
-0.063309 0.275838 0.457171 0.564445 -0.766639 -0.306051 199 29 88
0.285518 0.058828 0.263503 0.952063 -0.018263 0.305355 248 125 166
-0.097358 -0.017219 0.117239 -0.800287 0.125216 0.586397 25 143 202
0.309167 -0.296915 0.860575 0.436349 0.848456 -0.299535 183 235 89
0.107825 0.140090 0.415247 0.374624 -0.922592 -0.092098 175 9 115
-0.144689 -0.209807 -0.608172 0.633562 0.765062 -0.115237 208 225 112
-0.196354 0.042363 -0.331633 -0.055019 0.439738 0.896439 120 183 241
-0.135336 -0.063236 0.042432 -0.761433 0.312550 -0.567919 30 167 55
0.257235 0.118587 0.733091 -0.369885 -0.804114 -0.465388 80 24 68
0.505831 -0.008360 -0.252458 0.527822 0.224038 -0.819275 194 156 23
-0.119300 -0.121136 0.044280 0.110322 0.763378 0.636461 141 224 208
0.485567 0.111680 -0.225738 -0.739017 -0.625040 -0.251353 33 47 95
0.262303 -0.269182 0.047350 0.261961 0.923221 -0.281140 160 245 91
-0.041175 -0.051990 -0.202932 -0.968932 0.233887 -0.080425 3 157 117
-0.291364 0.096657 -0.149438 -0.205520 -0.424329 0.881877 101 73 239
-0.262258 -0.139644 -0.313341 0.564424 0.752914 -0.338446 199 223 84
0.548629 0.205342 -0.283915 -0.732691 -0.523516 0.434851 34 60 182
0.460240 0.374200 -0.480043 0.166940 -0.967512 -0.189872 148 4 103
-0.311619 -0.091036 -0.205304 0.921746 0.373265 -0.105156 245 175 114
0.254921 -0.125335 0.796512 0.378620 0.582266 -0.719454 175 201 35
-0.243711 0.158821 0.108047 0.437665 -0.806062 0.398388 183 24 178
-0.426266 0.158087 -0.176611 0.914997 -0.284292 -0.286284 244 91 90
0.276883 0.136181 0.787922 0.581349 -0.589235 -0.561102 201 52 55
0.047782 -0.106166 -0.495415 -0.322142 0.503662 0.801591 86 191 229
-0.395287 -0.184572 -0.473436 0.670331 0.706441 0.227151 212 217 156
-0.256443 -0.126906 -0.632390 0.679352 0.722144 -0.130342 214 219 110
0.406026 0.131695 -0.478265 -0.764163 -0.590317 -0.259963 30 52 94
-0.117955 -0.004465 -0.654902 0.109490 -0.169809 -0.979376 141 105 2
-0.057170 0.329193 -0.043916 -0.363663 -0.925180 -0.108587 81 9 113
0.349275 -0.131037 0.798928 -0.686578 0.606481 -0.400989 39 204 76
0.351811 -0.225829 0.225032 -0.103733 0.659020 -0.744937 114 211 32
0.410922 0.115541 0.817960 -0.659192 -0.740170 0.132721 43 33 144
0.361445 0.073117 -0.420119 0.880883 -0.113175 -0.459606 239 113 68
0.109945 -0.116957 -0.674097 -0.547312 0.518243 0.657171 57 193 211
-0.106066 0.048558 -0.699318 0.457111 -0.059097 0.887444 185 119 240
0.286532 -0.078526 0.844831 -0.790539 0.256055 -0.556313 26 160 56
0.283001 0.224443 0.815538 -0.048619 -0.852517 -0.520434 121 18 61
-0.097427 0.165246 0.499412 0.781526 -0.471611 -0.408412 227 67 75
0.303661 -0.050513 0.783137 -0.849590 -0.103199 0.517249 19 114 193
-0.303523 -0.180651 -0.467056 -0.169784 0.686252 0.707271 105 214 217
0.297323 -0.066557 -0.233978 -0.605600 0.751186 0.262617 50 223 160
-0.127717 0.028433 0.191697 -0.344119 0.001117 -0.938925 83 127 7
0.410573 -0.163759 0.009704 -0.844378 0.453798 0.284768 19 185 163
-0.168699 0.085758 0.205384 0.816793 -0.414741 -0.401047 231 74 76
-0.035533 0.104291 0.463609 0.579370 -0.468084 -0.667254 201 67 42
0.349740 0.107800 0.660220 -0.667942 -0.349744 0.656912 42 82 211
0.359442 -0.107234 0.783594 -0.759380 0.643511 -0.096099 30 209 115
0.549672 -0.270919 -0.207027 -0.655279 0.733017 0.182470 43 220 150
0.423851 -0.285886 -0.635703 -0.274553 0.633468 0.723422 92 208 219
-0.362335 0.297798 -0.183108 0.236607 -0.964289 -0.119012 157 4 112
0.258083 -0.279191 -0.396810 0.292816 0.858685 -0.420618 164 236 73
0.317387 0.241054 0.786370 -0.055212 -0.965074 0.256093 120 4 160
-0.155592 -0.136856 0.159036 0.237693 0.781595 -0.576725 157 227 53
-0.078975 0.269924 0.165634 -0.170591 -0.985181 -0.017799 105 1 125
-0.014685 -0.108070 -0.412213 0.695867 0.385522 -0.605922 216 176 50
-0.363779 -0.182315 -0.145374 0.902385 0.412179 -0.125737 242 180 111
0.477961 -0.026885 -0.335199 -0.056517 -0.073792 -0.995671 120 118 0
0.456413 -0.129758 0.685523 -0.958098 0.231348 0.168899 5 156 149
0.372714 0.054672 -0.101366 -0.312722 -0.945385 0.091935 87 6 139
0.295064 0.071133 0.513771 -0.668679 -0.480337 0.567578 42 66 199
-0.216256 -0.099756 -0.086990 0.892140 0.201353 -0.404404 241 153 75
0.445383 -0.028514 -0.243706 -0.265650 0.001512 0.964068 93 127 250
0.304648 -0.271744 0.878259 -0.271992 0.896481 -0.349776 92 241 82
0.408950 0.113571 0.817033 -0.887670 -0.457497 0.052329 14 69 134
0.607906 -0.016705 -0.191561 -0.850623 0.181469 -0.493466 19 150 64
-0.237235 -0.223466 0.027264 0.547210 0.779094 -0.305899 197 226 88
-0.203116 -0.170719 -0.509407 0.814793 0.526765 -0.242138 231 194 96
-0.186240 0.218472 -0.197949 0.834838 -0.549087 -0.039353 233 57 122
0.075625 0.288336 -0.391402 0.322839 -0.762654 -0.560477 168 30 56
0.323090 -0.049609 -0.510337 0.413356 0.835335 0.362427 180 234 173
0.236910 -0.088522 -0.533771 0.891364 0.239670 -0.384746 241 158 78
0.007271 -0.016466 0.000268 -0.591090 0.403896 0.698198 52 178 216
-0.286577 -0.060223 -0.705634 0.962814 0.087824 0.255491 250 138 160
0.270878 -0.061294 -0.545662 -0.202861 0.257208 0.944824 101 160 247
-0.187549 -0.097196 -0.615849 0.972574 0.225529 0.056886 251 156 134
-0.313796 0.137234 -0.118675 0.666189 -0.475346 -0.574664 212 66 54
0.318848 0.208637 -0.477555 -0.489505 -0.468430 0.735499 65 67 221
0.255260 -0.016049 0.886811 0.140744 -0.551868 0.821969 145 57 232
-0.093596 -0.069244 -0.664109 0.957567 0.222782 0.182850 249 155 150
0.309413 0.070002 0.870340 -0.187354 -0.320898 -0.928398 103 86 9
0.415936 0.010131 -0.679068 0.305973 -0.084065 0.948322 166 116 248
-0.391713 0.192348 -0.431879 0.543287 -0.836826 -0.067543 196 20 118
0.511597 -0.213418 -0.264438 0.004909 0.719559 0.694414 128 219 216
0.163578 0.002648 0.093817 -0.965736 -0.044565 -0.255672 4 121 94
0.416589 -0.197075 -0.479357 -0.628596 0.716776 0.301827 47 218 165
-0.088779 0.122956 0.091300 -0.536695 -0.760358 0.365807 59 30 174
0.414514 -0.100279 0.822125 -0.633974 0.773228 -0.013994 46 226 125
0.397275 -0.156224 -0.452279 -0.313661 0.449175 0.836576 87 184 234
-0.165059 -0.139905 0.115707 -0.562517 0.782325 0.267474 55 227 161
0.626380 0.128748 -0.325521 -0.910008 -0.287754 -0.298470 11 90 89
0.320442 0.026834 0.880826 0.913268 0.312480 0.261338 243 167 160
0.310216 0.056781 -0.602319 -0.966017 0.160650 -0.202489 4 147 101
-0.310852 0.020014 -0.460312 0.441700 -0.034931 0.896483 183 123 241
-0.280967 -0.053133 -0.063109 -0.741323 0.644500 -0.187243 32 209 103
-0.003119 -0.048066 0.311248 0.214602 0.362200 0.907060 154 173 243
0.174539 0.188579 -0.622864 0.705860 -0.703456 0.083132 217 37 138
0.315992 0.165035 -0.354656 0.517181 -0.855731 0.015741 193 18 129
-0.234050 0.212009 -0.197749 -0.767506 -0.621260 0.158018 29 48 147
0.441196 0.130613 -0.119155 -0.710761 -0.603070 -0.362113 36 50 81
-0.434235 0.237836 -0.067168 0.724858 -0.598276 -0.341537 219 51 83
-0.171187 0.335317 -0.244451 -0.026786 -0.983079 0.181214 124 2 150
0.205052 0.149822 0.232195 0.793034 -0.548469 0.265101 228 57 161
-0.083360 0.023064 -0.450027 0.007476 -0.470087 0.882588 128 67 240
-0.347977 0.085977 -0.048137 0.800165 -0.098124 -0.591699 229 114 52
-0.000100 0.122098 0.489079 0.341725 -0.793436 -0.503670 171 26 63
-0.012779 0.140011 -0.697188 0.691295 -0.700235 0.178275 215 38 150
0.302251 0.250868 -0.512291 0.087050 -0.518774 0.850468 138 61 235
-0.186902 0.031319 -0.082887 0.399142 -0.163861 -0.902128 178 106 12
0.315599 -0.006234 0.941773 -0.017788 0.073090 -0.997167 125 136 0
-0.321790 -0.130814 0.049274 0.606377 0.359842 -0.709099 204 173 37
0.277916 -0.167292 -0.005471 -0.546449 0.763388 -0.344430 57 224 83
-0.014848 0.185471 0.026931 -0.539570 -0.698424 0.470179 58 38 187
0.381658 0.020899 -0.468205 -0.745759 -0.055751 -0.663878 32 120 42
-0.302487 -0.268540 -0.223642 -0.300388 0.774883 0.556169 89 226 198
0.165110 -0.029185 0.309147 -0.895498 0.164332 -0.413617 13 148 74
-0.279406 0.001308 -0.614968 0.500658 0.202765 0.841563 191 153 234
0.408188 0.141917 -0.144920 0.323741 -0.910633 -0.256786 168 11 94
0.149627 0.223023 0.477149 -0.540664 -0.753667 0.373721 58 31 175
0.146603 0.093889 0.615040 0.270862 -0.471538 -0.839218 162 67 20
0.224058 -0.158941 0.732248 -0.257668 0.874908 0.410054 94 239 179
-0.252076 -0.136112 -0.685444 -0.131968 0.403110 0.905586 110 178 242
0.057043 -0.044906 -0.777977 -0.843552 0.272940 0.462518 19 162 186
0.201373 -0.010141 0.756477 -0.757226 0.433229 -0.488796 30 182 65
0.316873 -0.121241 -0.756039 -0.215518 0.490867 0.844157 100 190 235
0.499142 -0.170307 -0.438038 -0.779565 0.542924 0.312269 28 196 167
-0.404102 -0.031347 -0.202150 0.987526 0.028535 0.154850 253 131 147
0.242635 0.027381 -0.677397 -0.809029 -0.004442 0.587752 24 126 202
-0.063483 0.020727 -0.229423 0.407579 0.155019 -0.899916 179 147 12
0.190391 -0.025241 -0.602228 0.207236 0.706144 -0.677062 153 217 41
0.065640 0.004760 0.841293 0.800629 -0.010131 -0.599074 229 126 51
0.330649 0.095593 0.938813 0.412771 -0.482275 -0.772678 180 66 28
0.156336 0.056489 -0.768430 -0.431570 -0.143985 0.890514 72 109 241
0.452996 -0.190537 0.813405 -0.333189 0.810050 0.482498 85 230 189
0.450199 0.061693 -0.018240 -0.857465 -0.206047 -0.471485 18 101 67
0.285178 -0.229866 -0.481232 0.360235 0.886539 -0.290310 173 240 90
0.585859 0.273623 -0.500661 -0.663104 -0.696138 0.275111 42 38 162
0.432840 -0.142349 -0.229457 -0.648633 0.747307 -0.144248 44 222 109
-0.151827 -0.092197 0.131385 -0.339250 0.270038 0.901104 84 161 242
-0.340369 0.026969 -0.109649 0.555605 -0.187172 -0.810105 198 103 24
-0.306839 0.013638 -0.033228 0.505324 -0.217412 0.835093 191 99 233
0.447478 0.111102 -0.557167 -0.690055 -0.261088 0.675024 39 94 213
0.459852 -0.044355 -0.323997 -0.539363 -0.415267 -0.732558 58 74 34
-0.067800 -0.089534 -0.684933 -0.151711 0.447138 0.881505 108 184 239
0.346096 0.178693 -0.302355 -0.516173 -0.714928 0.471639 61 36 187
0.150778 -0.230570 0.255275 -0.158546 0.782381 0.602281 107 227 204
0.180323 0.009679 0.503957 0.728638 0.496932 -0.471322 220 190 67
0.064870 0.117910 0.027761 0.129734 -0.494910 -0.859205 144 64 17
0.376810 -0.139778 0.460460 -0.914471 0.279316 0.292788 10 163 164
-0.080275 -0.109177 -0.104699 0.420855 0.597142 0.682864 181 203 214
0.264460 -0.103834 0.754736 0.187272 0.741677 0.644084 151 222 209
-0.216840 0.212928 -0.718508 -0.105624 -0.728808 0.676522 114 34 213
0.412663 0.136886 0.875950 -0.280041 -0.954160 -0.105619 91 5 114
-0.148552 0.107899 -0.218702 0.290503 -0.734480 0.613309 164 33 205
0.112923 0.118507 0.074711 -0.728435 -0.542561 -0.418341 34 58 74
-0.224578 -0.290205 -0.065659 -0.210053 0.911498 -0.353622 100 243 82
-0.166761 0.228678 -0.508987 -0.147636 -0.891190 -0.428934 108 13 72
0.463537 -0.037427 1.033496 0.069445 -0.076460 -0.994651 136 117 0
0.401774 0.293131 -0.489176 0.200043 -0.978936 -0.040839 153 2 122
-0.106840 -0.118029 -0.502191 0.749935 0.660258 0.040714 223 211 132
0.177890 -0.194872 0.368791 0.172285 0.891586 0.418799 149 241 180
0.102498 -0.151090 -0.659646 0.007395 0.914279 0.405018 128 244 179
0.259450 -0.053282 0.905703 0.198538 0.355505 -0.913345 152 172 11
-0.271385 -0.143241 -0.023580 0.599512 0.688811 -0.407584 203 215 75
0.134927 -0.040906 -0.476338 0.739327 0.134701 0.659736 221 144 211
0.311737 -0.209747 -0.683273 -0.071787 0.966647 0.245847 118 250 158
-0.069301 -0.291084 -0.762409 -0.026387 0.856758 0.515043 124 236 193
-0.206146 0.113624 -0.589527 0.771313 -0.487165 -0.409569 225 65 75
-0.321771 -0.194523 -0.189413 0.447787 0.885578 0.123444 184 240 143
0.386054 0.398454 -0.318722 0.228048 -0.947713 -0.223237 156 6 99
0.143671 0.071220 0.151649 0.432584 -0.555069 0.710471 182 56 218
0.190790 0.035758 0.294677 -0.874566 0.383420 -0.296857 15 176 89
0.154956 0.004733 0.065276 0.988759 -0.022580 0.147800 253 124 146
0.307961 0.086340 0.791225 -0.046722 -0.993471 -0.104075 121 0 114
-0.492498 0.136016 -0.607407 0.771993 -0.633955 -0.046127 225 46 121
0.135740 -0.178011 0.569466 -0.155644 0.506965 0.847798 107 192 235
-0.098105 -0.167678 -0.610936 0.321575 0.946344 0.031964 168 248 131
-0.045321 -0.121326 -0.726927 -0.028265 0.775111 0.631192 123 226 207
-0.203750 -0.233483 0.023847 -0.018132 0.793123 0.608792 125 228 205
0.374228 0.074110 -0.413454 0.363166 -0.237181 -0.901030 173 97 12
-0.259309 0.097893 -0.592075 -0.003106 -0.243499 0.969896 127 96 251
-0.195754 0.267691 0.148804 0.063130 -0.937845 -0.341264 135 7 83
0.187376 0.073314 0.297047 -0.730644 -0.263355 0.629924 34 93 207
0.402738 -0.171928 -0.258506 -0.733044 0.639310 0.232228 34 209 157
-0.030897 0.052633 0.114161 0.565382 -0.254574 -0.784561 199 95 27
-0.043183 0.006786 -0.706577 0.972627 -0.043405 0.228284 251 121 156
0.048371 0.048665 0.571283 -0.537235 0.142131 0.831371 59 145 233
-0.100649 -0.109663 -0.356684 -0.791900 0.596479 0.130800 26 203 144
-0.319823 -0.293049 -0.263084 0.327599 0.935573 -0.131840 169 246 110
0.328038 -0.086182 -0.435107 0.544072 0.345998 -0.764377 196 171 30
-0.196602 0.092150 -0.670792 0.323169 -0.778884 0.537495 168 28 196
0.453639 0.002127 -0.320475 -0.919319 0.066487 0.387856 10 135 176
-0.070181 -0.103978 -0.683784 -0.724371 0.365820 0.584348 35 174 202
0.221779 -0.173377 -0.710005 -0.511310 0.823356 0.246266 62 232 158
-0.231687 -0.133261 0.149634 0.613019 0.683887 -0.395609 205 214 77
0.157485 -0.021640 -0.589978 0.323497 0.393406 0.860570 168 177 237
0.444533 -0.262817 0.467447 -0.534598 0.757599 0.374498 59 224 175
0.370988 -0.230827 0.835193 -0.737040 0.675316 -0.026822 33 213 124
0.239715 0.034978 -0.170709 -0.851847 -0.519636 0.065839 18 61 135
0.077209 -0.150660 -0.519388 0.706724 0.529317 -0.469430 217 194 67
0.488325 0.154733 -0.109076 -0.349574 -0.840240 0.414481 82 20 180
0.153788 -0.147436 0.821070 0.715656 0.613518 0.333815 218 205 170
-0.097226 0.013595 -0.717658 0.890702 -0.182925 0.416160 241 104 180
-0.153623 -0.197254 -0.525136 -0.663991 0.537940 0.519361 42 196 193
0.078175 -0.061208 0.410666 -0.346705 0.126315 -0.929430 83 143 8
0.339123 -0.066099 0.845859 0.247739 0.494569 -0.833083 159 190 21
-0.141927 -0.158820 0.448387 0.571579 0.450027 -0.686130 200 184 40
0.060539 -0.090118 -0.339076 0.935523 0.334343 -0.114066 246 170 112
-0.290071 0.152618 -0.379120 0.607008 -0.640868 -0.469925 204 45 67
0.491889 0.048997 -0.450439 0.120306 -0.279452 0.952593 142 91 248
0.223669 0.128606 -0.767411 -0.474628 -0.181979 0.861169 66 104 237
-0.345179 -0.085432 -0.288115 0.265332 0.660731 0.702164 161 211 217
0.394943 -0.115788 -0.107838 -0.440476 0.655937 -0.612966 71 211 49
0.276905 -0.138179 0.680861 0.882247 0.457587 -0.110700 239 185 113
0.457080 -0.109536 0.732605 -0.642291 0.486006 0.592672 45 189 203
0.308429 0.187355 -0.704264 -0.139136 -0.413178 0.899959 109 74 242
-0.092205 -0.155965 0.390284 0.600045 0.798617 -0.046452 204 229 121
0.126442 0.032391 -0.550652 0.465131 0.070270 -0.882448 186 136 14
-0.371716 0.182392 0.046282 0.748777 -0.637920 -0.179974 222 46 104
0.469037 -0.070184 -0.169911 -0.854419 0.285659 0.434013 18 163 182
0.070951 0.066450 0.456081 -0.710526 -0.381477 0.591294 36 78 202
0.309303 0.192751 -0.467259 0.301437 -0.921073 -0.246494 165 10 96
-0.253928 0.087080 -0.688563 0.845765 -0.261775 0.464926 235 94 186
-0.216047 -0.040242 0.164617 -0.013005 -0.076228 -0.997006 125 117 0
0.196336 0.101495 0.296394 0.282890 -0.240452 -0.928524 163 96 9
0.057875 0.127651 -0.494584 0.672927 -0.533697 -0.512187 213 59 62
0.300108 0.245383 -0.640000 0.349764 -0.912994 0.210018 172 11 154
-0.393628 0.091440 -0.032140 0.704210 -0.245911 -0.666045 217 96 42
0.203724 0.096027 0.511936 0.431903 -0.465963 -0.772229 182 68 29
-0.328275 0.342115 -0.302094 0.284798 -0.948254 -0.140372 163 6 109
0.138736 0.132008 -0.601207 -0.019652 -0.986970 0.159703 124 1 147
0.367999 0.152962 0.097120 -0.744286 -0.661758 0.090083 32 43 138
0.121790 0.127455 -0.030207 0.163013 -0.274102 -0.947784 148 92 6
-0.396931 0.128028 -0.079220 0.462398 -0.531870 0.709438 186 59 217
0.292010 0.048916 -0.172387 0.089401 -0.635249 -0.767116 138 46 29
0.434607 0.057373 -0.314260 -0.469562 -0.097583 0.877490 67 115 239
0.394433 0.122940 0.098970 0.252200 -0.298518 -0.920479 159 89 10
-0.248607 0.095970 -0.524710 0.929052 -0.194453 -0.314721 245 102 87
0.359879 0.081920 0.290266 -0.938169 -0.284800 0.196795 7 91 152
0.308801 0.246601 0.770139 -0.219436 -0.958378 0.182643 99 5 150
-0.083232 0.021031 -0.701865 -0.408520 -0.555807 -0.724010 75 56 35
0.283352 -0.103937 -0.346409 0.141630 0.347358 0.926976 145 171 245
-0.446783 0.003374 -0.363931 0.927716 0.142647 0.344956 245 145 171
-0.332008 0.118087 -0.686558 0.025201 -0.303921 0.952364 130 88 248
0.285473 -0.352751 0.827646 -0.222215 0.972121 -0.074838 99 251 117
-0.013692 0.059294 0.374933 0.071312 -0.980859 0.181193 136 2 150
-0.167662 -0.131253 -0.495388 0.693025 0.697459 0.182394 215 216 150
0.228350 -0.104105 -0.170718 0.407399 0.758310 -0.508913 179 224 62
0.350071 0.169345 -0.108532 -0.736611 -0.580695 -0.346696 33 53 83
0.541268 -0.046430 -0.232842 -0.785968 -0.034775 -0.617288 27 123 48
0.188825 0.004061 0.717898 0.300102 -0.040512 -0.953047 165 122 5
-0.213657 -0.257168 -0.506875 0.693528 0.698155 -0.177758 215 216 104
0.174032 0.139306 -0.115769 -0.369381 -0.927292 0.060730 80 9 135
0.049581 0.014626 0.443389 -0.034041 -0.207740 0.977592 123 101 252
-0.127466 -0.143333 -0.546582 0.278280 0.902331 0.329180 162 242 169
0.403570 0.199785 0.932171 -0.352798 -0.750616 -0.558668 82 31 56
0.263559 0.009577 0.228621 0.992546 -0.106439 -0.059364 254 113 119
0.324454 -0.051406 0.131411 0.390182 0.692005 0.607360 177 215 204
-0.269703 0.059338 -0.254197 -0.549991 -0.306203 -0.777014 57 88 28
-0.269163 0.008409 -0.409267 0.778224 0.041742 -0.626598 226 132 47
-0.390258 0.199380 -0.523217 0.713215 -0.698676 -0.056357 218 38 120
-0.092589 0.206724 0.023041 -0.171456 -0.915221 0.364655 105 10 173
0.444768 -0.209215 0.786231 -0.410069 0.759318 0.505252 75 224 191
-0.245119 0.025002 -0.048629 0.991767 0.095244 -0.085602 253 139 116
0.241307 -0.106426 -0.078959 0.500918 0.831428 -0.240436 191 233 96
0.220504 -0.282083 0.473433 0.065091 0.964720 0.255107 135 250 160
0.584189 0.277947 -0.353029 -0.674940 -0.721593 0.154142 41 35 147
0.293979 0.175627 0.523280 -0.413347 -0.482546 0.772200 74 65 225
-0.193438 -0.012676 -0.709990 0.980006 0.015525 -0.198361 252 129 102
0.406367 0.100905 -0.137006 -0.491529 -0.707543 -0.507723 64 37 62
0.244019 -0.106815 -0.496530 0.098446 0.897262 -0.430383 140 241 72
0.193621 0.144394 0.589220 -0.567829 -0.674837 0.471344 55 41 187
0.372667 0.067635 -0.192295 -0.795134 -0.489684 0.357731 26 65 173
0.144075 -0.161083 -0.004180 0.865984 0.289840 -0.407509 237 164 75
0.349355 -0.020483 -0.364664 -0.853142 -0.143922 0.501433 18 109 191
0.001968 0.059810 0.616055 0.879240 -0.282413 -0.383641 239 91 78
0.186907 0.304577 -0.578328 -0.075293 -0.969242 0.234311 117 3 157
0.375538 -0.163767 -0.635611 0.201613 0.446002 0.872029 153 184 238
0.227139 0.245337 -0.158195 -0.237984 -0.970554 -0.037262 97 3 122
-0.313533 0.199207 0.010012 0.756249 -0.600217 0.260437 223 50 160
0.324843 0.043702 -0.269504 0.848265 -0.241752 -0.471172 235 96 67
-0.006323 -0.222957 -0.514040 -0.130827 0.422085 -0.897067 110 181 13
0.292074 0.119796 0.031672 -0.676103 -0.525973 -0.515981 41 60 61
-0.178281 0.321778 0.022374 -0.334259 -0.933830 -0.127404 84 8 111
0.455432 -0.029413 -0.432421 -0.611591 -0.361898 -0.703553 49 81 37
-0.288884 -0.060748 -0.701808 0.442132 0.296724 0.846448 183 165 235
-0.125344 0.120756 0.138626 0.452563 -0.431836 -0.780195 185 72 28
-0.231355 -0.055657 0.084776 0.898449 0.362618 0.247585 242 173 159
0.548048 -0.065394 -0.309973 -0.969407 0.221402 -0.105973 3 155 113
-0.354875 0.200103 -0.001149 0.694219 -0.576962 -0.430319 216 53 72
0.199997 0.090325 0.410245 -0.985464 -0.058356 0.159547 1 120 147
-0.049156 0.064226 0.163710 0.969330 -0.122420 0.213104 251 111 154
0.373854 0.213927 -0.116883 0.453970 -0.714155 -0.532817 185 36 59
0.435415 0.180027 -0.069621 -0.315057 -0.445231 -0.838158 87 70 20
0.113531 0.097870 -0.119004 0.220780 -0.546427 -0.807882 155 57 24
-0.319820 0.139175 -0.674978 0.922297 -0.290550 -0.254851 245 90 95
-0.264915 -0.198095 0.014504 -0.051413 0.976814 0.207824 120 252 153
0.328868 0.263723 -0.405331 -0.022933 -0.999450 0.023968 124 0 130
-0.295311 -0.245190 -0.447940 -0.259624 0.830593 0.492657 94 233 190
0.099405 -0.036815 -0.108372 0.431640 -0.900284 0.056356 182 12 134
-0.226787 -0.155036 -0.050531 0.320642 0.907236 0.272233 168 243 162
0.304845 -0.128325 -0.000427 -0.759008 0.610749 -0.225594 30 205 98
0.147936 -0.048447 0.460014 -0.254796 0.963019 -0.087596 95 250 116
0.345118 0.203557 -0.518488 -0.073257 -0.822020 0.564727 118 22 199
0.369457 -0.256671 -0.305962 -0.518012 0.798327 -0.307145 61 229 88
0.243251 0.124523 0.725900 -0.738395 -0.671593 0.061126 33 41 135
-0.233159 0.086004 -0.016904 0.073977 -0.422741 -0.903226 136 73 12
0.203406 -0.021685 0.632615 -0.771413 -0.089001 -0.630080 29 116 47
0.137238 -0.157886 -0.312438 0.494168 0.595179 -0.633688 190 203 46
-0.199638 -0.093430 -0.651551 -0.509756 0.115215 0.852569 62 142 236
0.431087 0.072154 -0.314430 -0.748761 -0.292737 0.594694 32 90 203
0.102745 0.117630 -0.428569 0.626631 -0.747929 -0.218941 207 32 99
0.357469 -0.356549 -0.563210 -0.217713 0.907231 0.359908 99 243 173
-0.107243 -0.025830 -0.620655 -0.922977 0.118815 0.366056 9 142 174
0.063970 0.175876 -0.699061 -0.703516 -0.647601 0.292709 37 44 164
0.199043 -0.002424 0.709221 -0.170686 0.203600 -0.964061 105 153 4
-0.389846 0.025617 -0.354885 0.351736 -0.157664 0.922726 172 107 245
0.247205 0.010884 -0.164865 0.670887 -0.183577 -0.718478 213 104 35
0.209913 0.151198 0.796607 0.549207 -0.485815 -0.679968 197 65 40
0.219542 -0.018699 -0.427700 0.997996 0.001886 -0.063242 254 127 119
0.008496 0.245332 0.473510 0.169196 -0.801967 -0.572906 149 25 54
-0.216902 -0.102222 -0.612192 0.304651 0.808636 -0.503286 166 230 63
0.362274 0.197516 -0.236530 0.495331 -0.857271 -0.140481 190 18 109
0.119033 -0.097348 0.580130 -0.532021 0.548752 0.644845 59 197 209
0.381942 0.106675 0.665594 -0.143059 -0.333726 -0.931752 109 84 8
0.292200 -0.142559 -0.731292 -0.564102 0.526495 0.636075 55 194 208
-0.103378 -0.059627 0.021651 -0.762562 0.513555 -0.393397 30 192 77
0.201067 -0.205155 0.910951 0.525337 0.583888 -0.618947 194 201 48
0.488816 -0.242562 0.117365 -0.640223 0.760996 0.104879 45 224 140
0.218148 -0.198854 -0.543822 0.083986 0.944016 -0.319032 138 247 86
0.413880 0.063250 -0.270749 -0.286420 -0.593696 0.751990 90 51 223
-0.097727 0.000847 0.154347 -0.668668 0.172041 0.723385 42 149 219
0.375312 -0.098444 0.628945 -0.289485 0.470185 -0.833742 90 187 21
-0.197294 -0.048936 -0.782464 0.137727 0.386273 0.912044 145 176 243
-0.318169 -0.066553 -0.693834 0.809559 0.040878 0.585614 230 132 202
-0.114101 0.217314 -0.658218 0.152050 -0.970169 0.188821 146 3 151
0.511232 0.019859 -0.301877 -0.385834 -0.370502 -0.844903 78 80 19
-0.160287 0.028438 0.066922 0.879556 -0.204226 -0.429737 239 101 72
0.276491 -0.066050 -0.000339 0.078547 0.234163 -0.969019 137 157 3
0.434378 -0.068879 -0.428897 -0.940715 0.200509 -0.273592 7 153 92
-0.092040 0.106463 0.377068 0.754967 -0.585829 -0.294667 223 52 89
-0.243547 -0.248750 -0.308926 -0.263315 0.633548 0.727518 93 208 220
-0.082689 -0.108194 0.308289 0.182431 0.983064 -0.017458 150 252 125
-0.017119 -0.026911 0.637779 0.426238 -0.186280 -0.885224 181 103 14
0.207331 -0.017842 0.760915 0.798825 0.184927 -0.572434 229 151 54
0.343546 -0.188671 0.797149 -0.184746 0.724951 -0.663563 103 219 42
0.310381 -0.193941 -0.533634 0.191119 0.976559 -0.099026 151 252 114
0.227570 -0.195249 0.438732 -0.461701 0.747385 0.477752 68 222 188
0.265358 -0.085998 0.749532 -0.584736 0.782088 -0.215458 52 227 100
0.554151 -0.163867 -0.152859 -0.793786 0.540701 0.278471 26 196 163
-0.202101 0.164799 -0.453017 0.685133 -0.395437 -0.611737 214 77 49
0.443462 -0.019020 -0.365715 -0.998446 0.015800 0.053444 0 129 134
0.016291 0.225770 -0.272616 0.666515 -0.664774 0.337391 212 42 170
0.086980 0.019343 0.374500 -0.508825 -0.808114 0.296731 62 24 165
-0.037248 0.026332 0.559913 0.976986 -0.059403 -0.204865 252 119 101
0.430379 -0.163895 0.858847 -0.464504 0.582483 -0.667046 68 201 42
-0.041535 0.092465 -0.627025 -0.810599 -0.568417 -0.140825 24 55 109
-0.356169 0.068591 0.098802 0.899231 -0.170753 -0.402773 242 105 76
0.328576 -0.064693 0.919654 0.437303 0.146483 -0.887304 183 146 14
0.068859 0.229901 -0.678999 -0.106932 -0.991933 0.068078 113 1 136
-0.189914 -0.040389 0.158736 0.071720 0.465866 0.881944 136 186 239
0.438390 -0.210785 0.184570 -0.421362 0.578158 -0.698704 73 201 38
0.307192 -0.042958 -0.159846 0.743719 0.276631 -0.608569 222 162 49
-0.137354 0.170199 0.316397 0.884413 -0.466654 0.006830 240 68 128
0.449607 -0.001999 -0.456631 -0.976347 0.133304 -0.170223 3 144 105
0.035188 0.118969 -0.251941 0.564137 -0.631736 0.531656 199 46 195
0.525896 -0.082435 -0.331735 -0.810984 0.431284 0.395346 24 182 177
-0.203865 -0.056323 -0.617832 -0.367990 0.227737 0.901509 80 156 242
0.151615 -0.094054 0.894292 0.924309 0.224861 -0.308368 245 156 88
0.069522 -0.181237 0.653150 0.460649 0.729282 -0.505915 186 220 62
-0.114971 0.156763 -0.101224 -0.346372 -0.685418 0.640491 83 40 209
-0.195005 -0.027736 -0.695213 -0.978642 -0.106847 -0.175623 2 113 105
0.007565 -0.079723 -0.775685 -0.503020 0.284325 0.816168 63 163 231
0.192460 -0.155968 0.238236 -0.087304 0.689613 -0.718896 116 215 35
0.629802 0.105041 -0.268818 -0.883955 -0.306848 0.352801 14 88 172
0.409236 0.082609 -0.409751 -0.369640 -0.926009 -0.076640 80 9 117
-0.224378 -0.182268 0.107570 0.503442 0.760499 0.410106 191 224 179
-0.144242 -0.088709 0.159129 -0.362599 0.590851 -0.720706 81 202 35
0.100285 0.223130 -0.727427 -0.648282 -0.702334 0.294037 44 37 164
-0.253664 -0.022324 -0.379618 0.641432 0.646470 0.413088 209 209 180
0.188419 0.054263 -0.617099 -0.991876 -0.054638 -0.114880 1 120 112
-0.319340 -0.098666 -0.231856 0.081736 0.868582 0.488757 137 238 189
-0.142302 -0.061192 0.115654 -0.430623 0.105448 0.896351 72 140 241
0.149125 -0.212070 -0.184774 0.269847 0.776114 -0.569938 161 226 54
-0.375285 -0.018630 -0.110533 0.991442 0.087747 -0.096664 253 138 115
-0.266109 0.192880 0.111585 0.720851 -0.690848 -0.055700 219 39 120
-0.462160 0.127482 -0.192235 0.876221 -0.385426 0.289282 239 78 164
0.168221 -0.003783 -0.662405 -0.780773 0.112370 0.614627 27 141 205
0.405042 0.118481 -0.076531 0.297694 -0.877491 -0.376015 165 15 79
0.266878 -0.089165 0.595200 0.295424 0.740220 0.603986 165 221 204
0.193654 0.077803 0.707056 -0.609359 -0.218218 -0.762274 49 99 30
-0.025424 -0.245047 0.332169 0.566544 0.571300 -0.593838 199 200 51
-0.337498 0.180974 -0.493117 -0.222479 -0.974880 0.010554 99 3 128
-0.282808 0.070471 -0.562215 -0.108352 -0.327987 0.938448 113 85 247
0.539621 0.413544 -0.312051 -0.265157 -0.963819 0.027300 93 4 130
-0.296602 -0.184839 -0.156025 0.777246 0.617378 0.121377 226 206 142
0.356990 -0.125254 -0.612264 -0.760916 0.433478 0.482809 30 182 189
-0.252412 -0.077389 0.131787 0.914770 0.398256 -0.067738 244 178 118
0.116148 -0.202129 -0.521769 -0.365673 0.930666 -0.011978 80 246 125
-0.350048 0.068524 -0.769116 0.584292 -0.490653 0.646423 201 64 209
0.302537 0.256031 0.758226 -0.006857 -0.985917 -0.167094 126 1 106
0.129561 0.133743 -0.047240 -0.462273 -0.635817 0.618094 68 46 206
0.169563 -0.003240 -0.500167 -0.988551 -0.134846 -0.067697 1 110 118
-0.187531 0.286217 0.125975 -0.119481 -0.879497 -0.460661 112 15 68
-0.094414 0.038945 0.339340 0.791142 -0.479339 -0.379907 228 66 79
-0.078382 -0.128157 0.281398 0.433469 0.567431 -0.700091 182 199 38
0.007645 -0.167767 0.259429 0.452016 0.546940 -0.704655 185 197 37
0.204417 0.144088 -0.582872 0.544478 -0.833285 -0.095807 196 21 115
-0.274080 -0.055507 0.067680 0.709599 0.079570 -0.700099 217 137 38
0.536187 0.146473 -0.515756 -0.745947 -0.524822 0.410031 32 60 179
0.465746 -0.133343 0.856569 -0.879056 0.287190 0.380502 15 164 176
0.471939 -0.038391 -0.067962 -0.861075 0.338566 -0.379372 17 170 79
0.241528 -0.019266 0.813602 -0.089598 -0.191406 -0.977413 116 103 2
0.503430 0.082048 -0.383242 -0.780461 -0.588670 0.210588 27 52 154
0.348102 0.231155 0.879964 -0.276313 -0.711751 -0.645803 92 36 45
0.066671 0.212466 0.501846 0.291555 -0.924124 -0.246963 164 9 96
0.339757 -0.113099 -0.466098 -0.222849 0.513951 -0.828367 99 193 21
-0.211079 0.073753 0.198953 0.280831 -0.297048 -0.912632 163 89 11
-0.055486 0.081267 -0.709436 0.445973 -0.778404 0.441809 184 28 183
0.325518 0.029670 0.797796 -0.594308 -0.430858 0.679087 51 72 214
0.388643 -0.003381 -0.175460 -0.861075 -0.234514 0.451169 17 97 185
0.432639 0.164889 0.917076 -0.510779 -0.702457 -0.495640 62 37 64
0.353198 0.259690 0.546030 -0.120758 -0.979127 -0.163488 112 2 106
-0.190206 0.116282 0.224080 0.338386 -0.614351 0.712789 170 49 218
-0.038585 -0.011784 -0.478388 -0.909833 0.333731 0.246633 11 170 158
0.060697 0.087133 0.125961 -0.269047 -0.860281 -0.433048 93 17 72
-0.055267 -0.154053 0.494435 0.727101 0.642245 -0.242580 220 209 96
-0.345507 0.207835 0.075273 0.767410 -0.552804 -0.324792 225 57 86
-0.443343 -0.102241 -0.198080 0.901881 0.420233 -0.100077 242 181 114
-0.006240 0.169560 -0.309449 0.219701 -0.756358 -0.616161 155 31 48
-0.326541 0.108887 -0.489550 0.617267 -0.297707 0.728253 206 89 220
0.427365 -0.153095 -0.365990 -0.048622 0.998135 -0.036914 121 254 122
0.183235 -0.189700 -0.543027 0.154837 0.917094 -0.367374 147 244 80
-0.371606 0.128821 -0.675350 0.839173 -0.542981 0.030991 234 58 131
0.474805 -0.105941 -0.635034 -0.003866 0.853060 0.521798 127 236 194
0.061401 0.231694 0.871718 0.641359 -0.635054 -0.430541 209 46 72
-0.353655 -0.256517 -0.219815 0.317905 0.924317 -0.211127 168 245 100
0.552087 0.219697 0.014856 -0.872009 -0.489372 -0.010729 16 65 126
0.491481 0.043817 -0.441623 -0.884371 -0.044332 0.464674 14 121 186
0.042412 -0.376432 -0.578075 0.430543 0.897748 -0.093168 182 241 115
0.050647 -0.104687 0.714528 0.465715 0.513904 -0.720425 186 193 35
0.536100 0.164053 -0.508244 -0.689053 -0.533619 0.490364 39 59 190
0.359768 -0.130160 0.021016 -0.310316 0.950131 -0.030901 87 248 123
-0.225089 -0.043015 0.073041 0.307764 0.387928 0.868788 166 176 238
0.016103 -0.167205 -0.269751 0.444480 0.700848 0.557898 184 216 198
-0.022210 -0.018285 -0.650626 -0.501583 0.862614 0.065665 63 237 135
0.364517 -0.208974 0.907955 -0.385537 0.841791 -0.377822 78 234 79
0.022485 0.261561 0.267015 -0.657310 -0.710567 -0.251073 43 36 95
-0.321615 0.179310 -0.447898 0.205329 -0.975736 0.076024 153 3 137
0.087700 -0.060634 -0.474900 0.995905 0.090379 0.002224 254 139 127
0.213853 -0.201189 -0.633030 -0.256596 0.497290 0.828771 94 190 233
-0.007238 0.186526 -0.713169 0.061425 -0.770525 0.634443 135 29 208
0.390508 0.123409 -0.086998 -0.065973 -0.572628 -0.817156 119 54 23
0.228123 -0.166199 -0.758559 -0.626196 0.506774 0.592502 47 192 203
-0.110786 -0.322401 -0.443261 -0.267838 0.772425 0.575867 93 225 200
0.274816 -0.165609 0.744734 0.169833 0.976751 0.130821 149 252 144
0.229188 0.240228 -0.652932 -0.115013 -0.587519 0.800995 112 52 229
0.571560 0.040015 0.352194 -0.946780 -0.172572 0.271709 6 105 162
0.295769 -0.208332 -0.508031 -0.174088 0.922691 -0.343999 105 245 83
-0.233554 -0.117922 -0.366464 0.863309 0.126886 -0.488465 237 143 65
0.294692 0.166345 0.874074 0.688887 -0.501226 -0.523648 215 63 60
0.270864 0.130656 -0.569469 0.693219 -0.608451 -0.386309 215 49 78
0.448569 0.226834 -0.418589 -0.045405 -0.983788 0.173490 121 2 149
0.193583 0.125331 -0.681805 0.942895 -0.311603 0.117699 247 87 142
0.104602 -0.132555 0.594300 0.658069 0.614286 -0.435428 211 205 71
0.000503 0.313731 0.204536 -0.756704 -0.653755 -0.001856 31 44 127
-0.366267 -0.183003 -0.097396 0.445370 0.877782 0.176476 184 239 150
-0.174430 0.150486 0.022536 0.623553 -0.687064 -0.372995 207 39 79
0.358193 -0.218689 0.004679 0.230382 0.697734 -0.678300 156 216 41
0.410527 0.160438 0.447338 0.029936 -0.440712 0.897150 131 71 241
0.419647 -0.154204 -0.458975 0.239771 0.940169 0.242059 158 247 158
0.003766 -0.140572 0.148652 -0.905081 0.340197 0.255137 12 170 160
-0.362175 0.194620 -0.025547 0.299256 -0.818479 -0.490446 165 23 64
-0.286562 0.112234 -0.038925 0.788696 -0.379674 0.483535 228 79 189
-0.251274 0.210891 0.146791 0.267477 -0.926489 -0.264714 161 9 93
-0.177566 -0.158260 -0.672462 -0.442164 0.683612 0.580660 71 214 201
0.344965 0.068450 -0.251009 -0.778900 -0.459113 0.427235 28 68 181
-0.377915 -0.030712 -0.162449 0.161222 -0.432519 0.887094 148 72 240
-0.126234 -0.208333 -0.585937 -0.047867 0.998850 -0.002727 121 254 127
-0.298429 0.025169 -0.271650 -0.827115 0.140191 0.544267 22 145 196
0.413476 0.035208 -0.196571 -0.720715 -0.678623 -0.141563 35 40 109
0.161291 0.068515 -0.434343 0.415649 -0.108410 -0.903041 180 113 12
-0.318228 -0.114482 -0.273845 -0.406823 0.814632 -0.413364 75 231 74
0.284633 -0.127842 -0.467517 0.618856 0.403996 0.673650 206 179 213
-0.296570 -0.166874 -0.365083 -0.208064 0.673201 -0.709584 100 213 37
0.227430 -0.089494 0.615960 0.054915 0.154814 -0.986416 134 147 1
0.329172 -0.116408 0.860810 0.089996 0.882522 -0.461580 138 240 68
-0.204771 -0.086232 0.260606 0.874137 0.408498 -0.262704 238 179 94
-0.047640 -0.180710 -0.129288 0.056982 0.800751 -0.596281 134 229 51
0.608787 -0.039310 0.985673 -0.987255 0.116224 0.108714 1 142 141
0.382716 0.195992 -0.608321 -0.589528 -0.674578 0.444298 52 41 184
0.109660 0.040640 0.562044 -0.909204 0.068081 0.410748 11 136 179
0.456221 0.191891 -0.097034 -0.211961 -0.797130 -0.565382 100 25 55
-0.240877 0.198796 -0.111134 0.198218 -0.927511 0.316912 152 9 167
0.264956 0.116324 0.568778 -0.052446 -0.322327 -0.945175 120 86 6
0.189231 0.002666 0.157757 -0.969297 0.142670 -0.200273 3 145 101
0.119351 0.214408 -0.098982 0.186435 -0.708166 -0.680986 151 37 40
0.293023 -0.398893 -0.584288 -0.026988 0.840463 0.541197 124 234 196
0.473741 0.116486 -0.543700 -0.754723 -0.278779 0.593864 31 91 203
0.175044 0.021532 0.537425 0.523103 0.194121 0.829868 194 152 233
0.205004 0.171959 0.425135 -0.966738 -0.255552 0.010524 4 94 128
0.390227 -0.047729 0.104318 -0.781436 0.149559 -0.605798 27 146 50
-0.189048 0.001000 -0.740053 -0.105806 0.061115 0.992507 114 135 254
-0.139371 0.149440 -0.086945 -0.174779 -0.825701 0.536348 105 22 195
-0.213303 -0.014038 -0.365025 0.751926 -0.085531 -0.653675 223 116 44
0.056168 -0.100479 -0.472941 -0.888776 0.371527 -0.268412 14 174 93
0.341945 0.159358 -0.454859 0.520194 -0.838848 -0.160411 193 20 107
0.546238 0.112034 -0.414503 -0.694885 -0.329433 -0.639225 38 85 45
0.254568 -0.023339 0.857585 0.835676 0.076487 0.543870 234 137 196
-0.341252 -0.132852 -0.109636 0.736562 0.556447 0.384505 221 198 176
0.463142 0.028211 -0.483557 -0.890377 -0.134464 0.434913 13 110 182
0.343188 -0.026736 -0.009978 -0.129650 -0.040608 0.990728 110 122 253
0.076418 -0.026307 -0.560893 -0.712908 0.672953 -0.197221 36 213 102
-0.158445 0.171446 -0.039514 -0.628001 -0.769219 0.117970 47 29 142
0.147631 -0.188517 0.444281 -0.651643 0.655280 -0.382060 44 211 78
0.151129 0.031854 0.707478 -0.977694 -0.209630 0.013065 2 100 129
-0.168211 0.049279 0.109416 -0.675752 -0.723296 0.142133 41 35 145
0.323952 0.168158 0.861890 0.126928 -0.723481 -0.678576 143 35 40
0.032021 0.113908 -0.692406 -0.761153 -0.239279 0.602821 30 96 204
0.499985 -0.060328 -0.312100 -0.983919 -0.012265 -0.178191 2 125 104
0.248526 0.088936 -0.318559 -0.723699 -0.397047 0.564459 35 76 199
-0.134374 -0.054738 -0.507374 -0.661809 -0.054366 -0.747699 43 120 32
0.420196 0.195543 -0.093753 -0.455472 -0.692568 0.559370 69 39 198
-0.297450 0.082603 -0.216162 0.931726 -0.331957 -0.147278 246 85 108
-0.406936 -0.137943 -0.445245 0.952848 0.301154 0.037247 248 165 132
-0.016185 0.221117 0.519028 0.470522 -0.878233 -0.085531 187 15 116
0.287642 0.164410 0.763337 0.603752 -0.792194 -0.088954 204 26 116
0.063145 -0.197077 -0.649427 0.085283 0.856503 -0.509047 138 236 62
0.637689 -0.033794 -0.297969 -0.996444 -0.008427 0.083839 0 126 138
-0.448477 -0.211917 -0.405066 0.810077 0.422624 -0.406403 230 181 75
0.315000 0.010469 0.764165 -0.937419 -0.346752 -0.031746 7 83 123
0.061186 -0.094790 -0.722151 0.211361 0.347253 0.913642 154 171 243
-0.261101 -0.068321 -0.686580 0.440461 0.248378 0.862729 183 159 237
0.516500 0.070280 -0.526460 -0.852567 -0.201381 0.482261 18 101 188
0.259331 -0.032743 0.786166 -0.692505 0.407266 -0.595459 39 179 51
-0.426339 0.060590 -0.157108 0.899691 -0.414176 -0.137892 242 74 109
-0.283207 -0.278505 -0.115652 0.412438 0.898388 0.150980 180 242 146
0.451657 -0.049761 -0.508216 -0.846966 0.324661 -0.421003 19 168 73
-0.078237 0.165230 0.060127 -0.434210 -0.653540 0.619957 72 44 206
-0.405184 -0.148636 -0.509442 0.778155 0.586599 0.224448 226 202 156
0.419200 0.101300 0.864647 -0.344353 -0.681685 -0.645544 83 40 45
-0.262393 0.263935 0.219850 0.518244 -0.739220 -0.430090 193 33 72
-0.008036 0.023151 -0.545337 -0.962248 -0.178135 -0.205783 4 104 101
0.299541 0.258931 0.847135 0.357271 -0.929883 -0.087603 173 8 116
-0.241729 0.005305 -0.713471 0.846189 -0.052683 0.530272 235 120 195
-0.247286 0.195226 -0.742236 0.127738 -0.779882 0.612754 143 28 205
0.344875 -0.314901 0.851584 0.388807 0.806911 -0.444662 177 230 70
0.464937 0.095264 -0.482016 -0.634407 -0.336246 0.696036 46 84 216
0.294218 -0.017774 0.098370 -0.683679 0.041250 -0.728616 40 132 34
0.202288 -0.200133 -0.414472 -0.124948 0.945032 -0.302163 111 247 88
-0.160793 -0.170874 -0.681153 0.842449 0.515373 -0.157071 234 193 107
0.396935 -0.097208 0.724943 -0.810365 0.583638 -0.051718 24 201 120
0.032415 -0.321396 -0.737272 0.050621 0.994099 0.095944 133 254 139
-0.122057 -0.232369 -0.635560 -0.210996 0.963552 -0.164462 100 250 106
0.135254 0.135864 -0.594134 -0.327858 -0.862721 0.384996 85 17 176
-0.362561 0.035656 -0.625562 0.970646 -0.213921 0.109928 251 100 141
0.335542 -0.035378 -0.265098 0.589498 0.430724 -0.683352 202 182 40
-0.297169 0.231157 -0.745056 0.559668 -0.791400 0.245884 198 26 158
-0.333004 0.116365 -0.683665 0.490639 -0.597354 0.634382 190 51 208
0.213761 0.070464 -0.391288 0.939626 0.172626 -0.295470 247 149 89
0.217438 0.146471 0.215214 0.686487 -0.708520 0.163510 215 37 148
0.045409 0.290686 -0.644717 0.101431 -0.988493 -0.112222 140 1 113
-0.135323 -0.042268 -0.263869 -0.828609 -0.000654 0.559827 21 127 198
0.207232 -0.197740 0.433947 -0.324419 0.779681 0.535584 86 226 195
0.375585 -0.034479 0.349125 -0.435249 0.832140 -0.343659 72 233 83
-0.302194 0.088728 -0.127892 0.252936 -0.159895 -0.954179 159 107 5
0.235423 0.220405 -0.563580 -0.650055 -0.755092 0.085230 44 31 138
0.147926 0.224464 0.845358 0.772024 -0.426675 -0.471092 225 73 67
0.032792 0.005858 -0.738456 -0.844786 0.096868 0.526264 19 139 194
-0.291796 -0.236923 -0.140967 0.483127 0.864845 -0.136497 189 237 110
0.371273 -0.049279 0.670755 -0.554392 0.819852 -0.143152 56 232 109
-0.142328 0.052681 -0.684321 -0.807564 -0.559712 0.185911 24 56 151
-0.226242 0.169340 -0.535280 -0.399512 -0.781222 -0.479669 76 27 66
0.072078 0.213753 -0.402077 -0.457925 -0.878506 0.136132 69 15 144
0.378980 -0.078385 -0.313129 0.660547 0.723810 0.199439 211 219 152
0.178281 0.045035 0.777222 0.441149 -0.456654 -0.772564 183 69 28
0.128822 0.202120 -0.682917 -0.382906 -0.591183 0.709849 78 52 218
0.137076 0.042609 0.776408 0.913315 -0.100357 -0.394694 243 114 77
0.377199 -0.118200 -0.084060 0.368899 0.684484 0.628805 174 214 207
0.318517 -0.001034 1.011002 0.740866 0.088288 -0.665825 221 138 42
-0.116095 -0.095438 -0.593059 0.106535 0.052189 0.992938 141 134 254
-0.142855 0.025567 0.340259 0.992020 0.012671 0.125446 253 129 143
-0.305341 -0.193129 -0.548293 -0.110951 0.695441 0.709966 113 216 218
0.257257 0.001634 0.381229 -0.959410 -0.052952 0.277001 5 120 162
-0.066563 -0.251529 -0.059466 -0.134597 0.981378 -0.137046 110 252 110
-0.384781 0.193129 -0.553883 0.372714 -0.828377 0.418181 175 21 180
-0.253360 0.100368 -0.680684 0.451403 -0.616262 -0.645334 185 48 45
-0.134504 -0.157778 -0.016088 0.256303 0.685173 -0.681797 160 214 40
-0.384310 -0.267289 -0.112847 0.579077 0.712697 0.395894 201 218 177
-0.236196 -0.223314 0.463241 0.817982 0.474707 -0.324899 231 188 86
-0.007003 -0.137869 -0.621400 -0.327661 0.880235 0.343255 85 239 171
-0.511457 -0.167235 -0.582028 0.910163 0.351157 0.219756 243 172 155
0.123052 -0.109587 0.805441 0.781785 0.403705 -0.475221 227 178 66
-0.227334 -0.051868 -0.165291 0.561574 0.794276 0.231863 199 228 157
0.210966 -0.122900 -0.552358 -0.906313 0.274265 0.321520 11 162 168
0.054544 0.109119 0.478698 0.802575 -0.556835 -0.214027 229 56 100
-0.111825 -0.332095 0.318563 0.197501 0.965936 0.167214 152 250 148
0.254299 -0.003226 0.993027 0.636908 -0.073420 -0.767436 208 118 29
0.324905 -0.054581 -0.230408 -0.249623 0.110758 -0.961988 95 141 4
0.167178 0.161827 -0.386918 0.859620 -0.413946 -0.299503 237 74 89
-0.159307 -0.106151 -0.016979 0.409181 0.904067 0.123424 179 242 143
0.176401 -0.099057 0.825121 0.234385 0.661657 -0.712232 157 211 36
0.366208 -0.016591 0.788102 0.986449 0.142175 -0.081877 253 145 117
0.428002 0.005504 -0.393033 -0.196439 0.023818 0.980227 102 130 252
0.370385 -0.034967 0.225882 -0.761349 0.636161 0.125087 30 208 143
0.175058 -0.038187 -0.741120 0.468205 0.037815 0.882810 187 132 240
-0.001026 0.219006 -0.578287 -0.507678 -0.799938 0.319939 62 25 168
0.335217 -0.004432 0.707894 -0.967285 0.001433 0.253689 4 127 159
-0.238974 0.060606 0.190372 0.913798 -0.377013 -0.151113 244 79 108
-0.170812 -0.045399 0.077849 0.905357 -0.400341 0.141616 242 76 145
0.393198 -0.181753 0.467506 -0.674701 0.715620 0.180737 41 218 150
0.449200 -0.143118 -0.582571 -0.867150 0.493793 -0.064960 16 190 119
0.431838 0.096162 -0.314785 -0.601719 -0.779771 0.172891 50 28 149
0.254470 0.003035 0.085293 0.597751 -0.095244 -0.796004 203 115 26
0.238661 0.139142 0.773554 0.181478 -0.784955 -0.592377 150 27 51
0.290209 -0.001050 0.847358 -0.128164 0.002221 -0.991751 111 127 1
0.160606 0.240036 -0.039451 0.169397 -0.874362 -0.454748 149 16 69
0.361199 -0.256936 -0.632190 -0.425408 0.613312 0.665490 73 205 212
-0.386034 -0.062802 -0.713737 0.961620 0.273370 0.023560 250 162 130
0.166444 -0.011241 -0.602753 -0.576919 -0.299265 0.760003 53 89 224
-0.323780 -0.083036 0.133211 0.934465 0.353460 -0.042918 246 172 122
0.234869 0.020430 0.761799 0.309438 -0.573637 -0.758412 166 54 30
-0.389496 0.224870 -0.442548 0.798176 -0.517466 -0.308454 229 61 88
-0.166000 0.102853 0.099599 0.393136 -0.919222 0.021799 177 10 130
0.427477 0.301387 -0.590941 -0.249746 -0.788705 0.561758 95 26 199
0.406696 -0.201877 -0.402033 -0.820191 0.560611 -0.114024 22 198 112
-0.092697 -0.029213 -0.776155 0.490752 0.399078 0.774531 190 178 226
0.179639 -0.228261 0.248163 -0.295734 0.892803 -0.339771 89 241 84
0.182201 0.207464 -0.249880 0.693079 -0.571859 -0.438884 215 54 71
0.410255 -0.173624 -0.136163 -0.829997 0.306037 0.466311 21 166 186
0.341880 0.179388 -0.597456 -0.621289 -0.747371 -0.235449 48 32 97
0.181929 -0.440673 -0.620393 -0.285909 0.930489 0.229011 91 246 156
-0.238354 -0.209153 -0.158938 0.701922 0.658701 0.270959 216 211 162
0.416623 -0.147732 0.913858 -0.437831 0.793766 -0.422184 71 228 73
-0.339470 0.251010 -0.637197 -0.052768 -0.779405 0.624294 120 28 207
-0.390980 0.020155 -0.558109 0.796807 -0.072491 -0.599870 229 118 51
0.055299 -0.199332 0.230335 -0.594490 0.768168 -0.237695 51 225 97
-0.188305 0.117286 -0.349643 0.738762 -0.441265 -0.509426 221 71 62
0.376049 0.038573 0.739173 -0.656553 -0.227060 -0.719293 43 98 35
0.275708 -0.008234 -0.428047 0.696598 -0.105288 -0.709694 216 114 37
0.152103 -0.126269 0.520550 0.478930 0.384341 -0.789246 188 176 26
0.197257 0.174200 0.201010 -0.388525 -0.564787 -0.728055 77 55 34
0.033578 0.158378 -0.089372 -0.486137 -0.740891 0.463413 65 33 186
0.319822 0.028491 0.798078 -0.896981 -0.369191 0.243153 13 80 158
-0.208746 -0.091175 0.052886 0.359426 0.361463 0.860324 173 173 237
0.247590 -0.098778 0.761028 -0.284372 0.662991 0.692514 91 212 215
-0.028587 0.094149 0.522798 0.669742 -0.550426 -0.498474 212 57 63
-0.150107 -0.061866 -0.672247 -0.676924 0.379890 0.630442 41 175 207
-0.119956 0.069122 -0.514464 0.943527 -0.320020 -0.085700 247 86 116
-0.415211 0.060081 0.030769 0.913123 -0.083091 -0.399128 243 116 76
0.218250 0.046581 0.232997 -0.987022 -0.121199 -0.105349 1 112 114
0.046772 0.102631 -0.747535 -0.696396 -0.447996 0.560653 38 70 198
0.447474 0.002911 -0.333390 -0.453875 -0.061707 0.888926 69 119 240
-0.239296 -0.047985 0.247304 0.976193 0.041138 -0.212968 251 132 100
0.545134 -0.174299 -0.124344 -0.481853 0.750899 0.451628 66 223 185
0.244848 0.002304 -0.523267 0.992097 -0.026349 0.122677 253 124 143
0.398833 -0.101487 1.010152 -0.261094 0.442738 -0.857796 94 183 18
0.382180 -0.208681 -0.152780 -0.636681 0.768847 0.059262 46 225 135
-0.235838 0.301780 -0.218199 -0.263521 -0.906423 0.330083 93 11 169
-0.241549 -0.151995 0.331505 0.951075 0.305094 -0.048727 248 166 121
0.436967 -0.295962 -0.520775 -0.548787 0.820722 -0.158896 57 232 107
0.433357 -0.096789 0.906416 -0.616424 0.729048 0.297507 48 220 165
0.272688 0.205942 0.884906 -0.080087 -0.996112 -0.036713 117 0 122
-0.074556 -0.221310 0.176518 0.161921 0.974235 -0.156994 148 251 107
-0.129123 -0.035047 0.349334 0.565336 0.115804 -0.816691 199 142 23
-0.385770 -0.011783 -0.435708 0.962042 -0.060669 -0.266074 250 119 93
-0.342542 -0.013310 -0.398082 0.835806 0.070218 -0.544516 234 136 58
-0.133526 0.311905 -0.424404 -0.728306 -0.641604 0.240656 34 45 158
0.353698 0.002453 0.862896 -0.117879 -0.100847 -0.987894 112 114 1
-0.275851 0.213945 -0.099073 0.582702 -0.812390 0.021928 201 23 130
0.276464 -0.200443 0.722787 -0.074423 0.980534 -0.181699 118 252 104
0.228245 0.059370 0.065058 -0.864208 -0.283072 -0.415951 17 91 74
0.090047 -0.176336 0.710916 0.435617 0.570728 -0.696065 183 200 38
0.120003 -0.079500 0.589584 0.492372 0.264300 -0.829286 190 161 21
0.365228 0.232467 0.154972 -0.423886 -0.692798 -0.583396 73 39 53
-0.407101 -0.086786 -0.144362 0.814355 0.413965 -0.406767 231 180 75
0.332893 -0.198707 0.016948 -0.574300 0.791053 -0.210749 54 228 100
-0.024804 -0.180534 0.503105 0.867456 0.427318 -0.254793 238 181 95
-0.021483 0.240731 -0.606465 -0.139736 -0.783574 0.605381 109 27 204
0.141544 -0.020664 0.898205 0.515511 0.072764 -0.853788 193 136 18
0.300853 0.065838 0.909412 0.198695 -0.363129 -0.910306 152 81 11
0.461677 0.247756 -0.291745 -0.255866 -0.959749 -0.115822 94 5 112
0.443307 -0.100754 0.951489 -0.670977 0.339376 -0.659252 41 170 43
-0.107092 -0.066043 -0.590811 -0.122208 0.065119 0.990366 111 135 253
0.355830 -0.117866 0.806873 -0.213091 0.913157 -0.347473 100 243 83
0.310272 -0.102206 -0.337101 0.613317 0.475105 -0.630966 205 188 47
0.167254 0.064216 -0.545353 0.962718 -0.270430 -0.006472 250 93 126
0.471002 0.303519 -0.284899 -0.551093 -0.726673 0.410174 57 34 179
0.307528 0.037513 0.762797 0.727709 -0.675976 -0.116171 220 41 112
0.422586 -0.056418 -0.377062 -0.934753 0.302838 -0.185814 8 166 103
0.272391 -0.198774 -0.759278 -0.504818 0.724958 0.468610 63 219 187
-0.229555 -0.101826 0.106943 0.776408 0.628146 -0.051226 226 207 120
0.420558 0.063334 -0.344583 0.631561 -0.318726 -0.706785 208 86 37
-0.222866 0.259723 -0.527291 0.338142 -0.932160 -0.129378 170 8 111
-0.220409 0.220609 -0.428888 -0.201753 -0.591782 0.780442 101 52 227
0.242635 0.198321 0.008868 -0.722332 -0.633337 -0.277706 35 46 92
-0.240266 -0.163152 0.136613 0.629898 0.711211 -0.312101 207 218 87
-0.365711 0.148891 -0.479626 0.931353 -0.327313 -0.159524 246 85 107
0.333159 -0.211159 -0.372255 -0.776944 0.620194 0.108250 28 206 141
-0.273142 0.111559 -0.703976 0.669144 -0.645338 0.368490 212 45 174
0.560901 -0.156829 -0.129998 -0.547199 0.827955 0.122736 57 233 143
-0.146948 0.143644 -0.766831 0.232209 -0.702599 0.672632 157 37 213
-0.288181 -0.103163 -0.077611 -0.000887 0.994880 0.101060 127 254 140
-0.365260 -0.214139 -0.621839 0.837690 0.542763 -0.060692 234 196 119
0.299590 -0.104906 -0.244234 0.111756 0.626662 -0.771236 141 207 29
0.067770 -0.059544 0.614527 -0.420875 0.198111 -0.885221 73 152 14
0.314730 0.117993 -0.011877 -0.599586 -0.799737 0.030284 51 25 131
0.102436 -0.260140 0.300931 -0.031080 0.764700 0.643637 123 224 209
0.326925 -0.153624 0.165024 -0.262677 0.652325 0.710966 94 210 218
-0.046215 -0.320545 -0.655043 0.056811 0.817814 0.572671 134 231 200
-0.306809 0.040095 -0.447283 0.754955 -0.551000 0.355586 223 57 172
0.511296 0.358058 -0.309346 -0.541221 -0.826227 0.156294 58 22 147
-0.004144 -0.018645 -0.497313 -0.834387 0.000575 0.551179 21 127 197
-0.287458 -0.208231 0.015468 0.704026 0.662473 -0.255884 217 211 94
0.329222 0.023891 0.016234 -0.998830 -0.041883 0.024170 0 122 130
0.381985 0.045611 0.114964 -0.845962 -0.125807 0.518191 19 111 193
0.173086 0.035294 0.555683 0.447590 -0.289299 -0.846149 184 90 19
-0.412897 -0.314164 -0.629743 0.490225 0.731520 0.473876 190 220 187
-0.276208 0.017362 -0.192104 -0.132316 0.190870 0.972657 110 151 251
0.270491 -0.153550 -0.773932 0.517116 0.327448 0.790803 193 169 228
-0.093430 -0.133032 0.623721 0.946687 0.300782 -0.115387 248 165 112
-0.030825 0.068152 -0.082354 -0.171945 -0.796654 -0.579463 105 25 53
-0.354177 0.181750 -0.298060 0.651824 -0.624565 -0.430168 210 47 72
0.070567 0.164869 0.615168 0.490998 -0.861955 -0.126310 190 17 111
-0.108255 -0.049558 0.183304 0.558424 -0.076235 -0.826046 198 117 22
-0.230799 0.015094 -0.008144 -0.691262 0.218626 -0.688738 39 155 39
0.186886 0.195380 0.628049 -0.714496 -0.699466 -0.015547 36 38 125
0.489771 0.044699 -0.334793 -0.960082 0.018524 0.279106 5 129 163
-0.120871 -0.046356 0.168061 -0.183656 0.786726 0.589349 104 227 202
-0.313085 0.029918 -0.361833 0.815852 -0.297068 0.496121 231 89 190
-0.175475 -0.287153 0.054126 0.324229 0.871884 -0.367006 168 238 80
0.169740 0.221905 -0.541581 -0.239683 -0.792332 -0.561037 96 26 55
0.377017 -0.231843 -0.278298 0.020792 0.926604 -0.375463 130 245 79
0.377830 -0.326918 -0.318794 -0.056530 0.975206 0.213958 120 251 154
0.455024 0.095187 0.989443 -0.359427 -0.331288 -0.872388 81 85 16
0.444744 -0.008323 0.887283 -0.764890 -0.251987 -0.592829 29 95 51
-0.018531 0.032526 -0.788442 -0.785130 -0.182359 0.591876 27 104 202
0.136265 0.049316 0.734066 0.960117 -0.278969 -0.018762 249 91 125
0.604783 -0.009498 -0.248031 -0.992766 -0.048893 -0.109662 0 121 113
0.412675 0.122843 0.311714 -0.642885 -0.569539 -0.512175 45 54 62
0.387784 -0.098480 -0.628093 -0.614756 0.326614 0.717913 49 169 219
-0.098690 0.052550 0.490027 0.731821 -0.585656 -0.348491 220 52 83
-0.194857 -0.021051 0.183774 0.291323 0.056144 -0.954976 164 134 5
-0.095557 0.034310 -0.442163 -0.300605 0.240964 -0.922807 89 158 9
0.442850 0.149852 0.560829 -0.584968 -0.542945 -0.602514 52 58 50
-0.144599 -0.104757 0.364233 0.105436 0.621912 -0.775957 140 206 28
0.331014 -0.137500 -0.117905 -0.482259 0.675556 -0.557719 66 213 56
-0.045282 -0.122122 0.535926 0.610223 0.284612 -0.739340 205 163 33
-0.098396 -0.324942 0.381854 0.330023 0.609231 -0.721056 169 205 35
-0.264276 -0.010038 0.005687 -0.126377 -0.984566 0.121073 111 1 142
0.531522 -0.411980 -0.414164 -0.622054 0.653201 0.431715 48 210 182
0.151291 -0.156345 -0.518114 -0.468986 0.591773 -0.655634 67 202 43
0.183556 0.032145 -0.543110 0.892830 -0.119133 0.434353 241 112 182
-0.082377 -0.081432 0.597244 0.958020 0.232420 -0.167867 249 157 106
-0.066589 -0.251881 0.302470 0.780850 0.600255 -0.173110 227 204 105
-0.087260 -0.101415 -0.689995 -0.478503 0.206489 0.853462 66 153 236
0.424590 0.003186 0.912641 -0.835895 -0.125623 -0.534321 20 111 59
0.311820 0.050153 0.725875 0.245185 -0.889802 -0.384885 158 14 78
0.207463 0.040785 -0.226106 -0.727913 -0.203726 0.654705 34 101 210
-0.393238 0.003113 -0.055510 0.924690 0.052653 0.377062 245 134 175
0.453627 0.166287 -0.454574 -0.800852 -0.562218 0.206269 25 55 153
0.356259 -0.220374 -0.241208 -0.077658 0.776853 0.624875 117 226 207
0.186876 0.214771 -0.071971 -0.303223 -0.952402 -0.031407 88 6 123
-0.188275 -0.119326 -0.695110 0.810075 0.561877 -0.167547 230 199 106
-0.405245 -0.192754 -0.045301 0.927825 0.372766 -0.013661 245 175 125
0.468698 -0.220190 -0.322904 -0.566002 0.768280 -0.298978 55 225 89
-0.166080 0.072345 0.014171 0.184435 -0.118844 0.975633 151 112 251
0.457340 0.036924 -0.453003 -0.721490 0.085772 0.687092 35 138 215
0.107510 -0.242277 0.465105 0.487482 0.826929 0.280266 189 232 163
-0.438787 -0.059528 0.040517 0.827278 0.172528 -0.534644 232 149 59
-0.187508 0.050245 -0.339476 0.316008 -0.399607 -0.860496 167 76 17
0.023351 -0.056199 -0.791244 -0.200877 0.181565 0.962644 101 150 250
-0.019525 -0.052964 -0.067597 -0.915746 0.287615 -0.280513 10 164 91
0.283770 0.190584 -0.210330 0.753382 -0.654152 -0.067089 223 44 118
-0.047531 0.106446 -0.711946 -0.095181 -0.949245 -0.299789 115 6 89
0.406459 -0.278303 -0.373626 0.389319 0.920698 0.027322 177 244 130
0.273536 -0.186713 0.781519 0.580200 0.812226 -0.060475 201 231 119
-0.269691 -0.099757 -0.482003 -0.167075 0.944369 0.283290 106 247 163
0.192243 -0.104373 0.767556 0.726783 0.495447 -0.475729 220 190 66
-0.162088 0.055796 0.123140 0.757748 -0.174254 -0.628851 224 105 47
0.302897 -0.098028 0.767539 -0.199785 0.978666 -0.047937 102 252 121
0.222351 0.126363 -0.741293 -0.376847 -0.292798 0.878781 79 90 239
0.092671 -0.129227 0.472049 -0.661471 0.728958 0.176285 43 220 149
0.022646 0.077111 -0.749115 -0.793519 -0.158099 0.587650 26 107 202
0.224349 -0.049775 -0.330106 0.372803 0.216855 -0.902215 175 155 12
-0.049444 -0.107938 0.274015 0.558600 0.483357 -0.674042 198 189 41
-0.410839 0.437096 -0.349515 0.589558 -0.798178 -0.123829 202 25 111
0.002461 0.037237 -0.665863 0.957982 -0.281564 -0.054708 249 91 120
0.372319 -0.046536 0.370553 -0.982182 -0.018639 0.187007 2 125 151
0.353264 -0.272909 0.490017 -0.457953 0.515589 -0.724187 69 193 35
0.357089 0.087018 -0.483230 -0.859266 -0.509655 0.043746 17 62 133
-0.077019 0.066080 -0.671037 -0.113578 -0.908477 -0.402205 113 11 76
0.004068 0.068945 0.547640 0.738650 -0.287645 -0.609636 221 90 49
-0.463014 0.174528 -0.285897 0.886973 -0.440274 0.139419 240 71 145
0.291952 -0.130929 0.749975 -0.451981 0.616299 -0.644895 69 206 45
0.183328 -0.061450 -0.653890 0.553454 0.084360 0.828596 198 138 233
-0.278535 -0.024624 -0.202699 0.568878 0.739160 0.360585 200 221 173
0.560815 0.016594 0.784632 -0.997135 0.052021 -0.054918 0 134 120
0.209644 -0.164030 0.659353 -0.754080 0.653740 -0.063147 31 210 119
0.159959 -0.094842 -0.321035 -0.412646 0.369892 0.832408 74 174 233
0.060259 0.186511 0.555278 -0.081232 -0.794819 0.601386 117 26 204
0.391495 -0.162286 -0.244812 -0.511449 0.796962 -0.321360 62 229 86
0.534957 -0.050542 -0.413168 -0.911388 0.382322 0.152324 11 176 146
0.167933 -0.239048 0.111618 0.027227 0.968225 -0.248593 130 250 95
-0.239651 -0.146644 -0.220623 0.685871 0.724707 -0.066180 214 219 119
0.038720 -0.040022 -0.672997 -0.970816 0.122302 0.206295 3 143 153
0.368978 0.166226 -0.621338 -0.135057 -0.941668 0.308256 110 7 166
0.227638 0.009673 -0.427648 0.626597 0.060466 -0.776994 207 135 28
-0.041134 -0.133107 0.121824 -0.643499 0.577548 0.502342 45 201 191
-0.062484 0.200787 -0.101734 -0.384727 -0.904148 -0.185746 78 12 103
0.003593 0.015039 0.004917 -0.779477 -0.552776 0.294710 28 57 165
0.325838 0.088672 0.687650 -0.838808 -0.322266 0.438801 20 86 183
0.185981 0.180027 -0.663449 -0.146213 -0.843016 0.517635 108 20 193
0.315307 -0.034400 -0.624478 -0.560283 -0.124307 0.818920 56 111 231
0.078388 0.278826 -0.618731 0.364875 -0.832959 0.415987 174 21 180
0.445571 -0.036534 -0.594679 -0.986929 0.157812 -0.032647 1 147 123
0.022075 0.054946 -0.467527 0.848100 -0.359872 -0.388867 235 81 77
-0.152331 0.211873 0.232864 0.196671 -0.965538 0.170458 152 4 149
0.536434 0.000747 -0.268944 -0.975417 -0.008075 0.220217 3 126 155
-0.367373 -0.054766 -0.746764 0.996580 0.000454 -0.082628 254 127 116
0.517871 0.185881 0.095516 -0.811923 -0.576598 -0.091192 23 53 115
0.217833 -0.073009 -0.647783 -0.272205 0.478361 0.834910 92 188 233
0.242771 -0.158973 -0.769646 -0.785563 0.352656 0.508454 27 172 192
-0.354479 0.181069 -0.592257 0.748388 -0.400214 -0.528909 222 76 60
0.165749 0.154527 0.146777 -0.870115 -0.271144 0.411559 16 92 179
0.200116 -0.014891 0.874557 0.560349 0.426907 -0.709760 198 181 37
-0.267994 -0.137064 0.100719 0.773129 0.443882 -0.453034 226 184 69
0.495781 -0.046372 -0.329251 -0.131348 0.116657 -0.984448 110 142 1
0.556879 0.037612 0.866562 -0.958902 0.030184 0.282129 5 131 163
0.562787 -0.024553 0.115958 -0.887342 -0.090054 -0.452232 14 116 69
0.254687 0.085760 0.806909 -0.046089 -0.176974 -0.983136 121 104 2
-0.010803 0.099905 -0.014148 -0.955139 -0.209704 0.209126 5 100 154
0.223940 0.029110 0.828588 -0.475557 -0.056287 -0.877883 66 120 15
0.222397 -0.086981 0.887125 0.480094 0.199703 -0.854183 188 152 18
-0.084030 -0.082064 -0.200067 0.945834 -0.007417 -0.324567 248 126 86
-0.316208 -0.101401 -0.548202 0.329121 0.753377 -0.569299 169 223 54
-0.462875 -0.127677 -0.135571 0.841750 0.399238 -0.363409 234 178 81
0.116145 -0.074720 -0.287718 -0.704839 0.601358 0.376259 37 204 175
-0.009977 0.027241 0.262110 -0.541111 -0.292738 0.788355 58 90 228
0.351953 -0.168383 0.908247 -0.092129 0.452941 -0.886768 115 185 14
0.269772 -0.056217 0.868881 0.684165 0.014121 -0.729191 214 129 34
0.037114 -0.095365 -0.781581 0.648733 0.673464 0.354388 210 213 172
-0.204088 -0.038953 -0.588385 -0.266359 0.439480 -0.857852 93 183 18
-0.035057 -0.175225 -0.678195 -0.422798 0.901119 -0.096055 73 242 115
0.363122 0.022036 -0.502386 -0.953437 0.227286 0.198240 5 156 152
0.192368 0.237283 -0.453897 0.409015 -0.802275 0.434813 179 25 182
0.243526 -0.076864 0.871006 0.672365 0.547728 -0.497915 213 197 64
0.191452 -0.294797 -0.329937 0.138679 0.840580 0.523634 145 234 194
-0.230774 -0.023241 0.322282 0.902915 0.160551 -0.398709 242 147 76
-0.099353 -0.026229 0.631314 0.917083 0.133575 -0.375656 244 144 79
-0.389368 -0.018778 -0.332416 0.917921 0.068728 -0.390764 244 136 77
0.322727 0.083410 0.912075 0.553496 -0.427091 -0.715007 198 73 36
-0.199622 0.081540 0.176703 0.848313 -0.272447 -0.454024 235 92 69
0.043578 0.170725 0.387760 -0.105614 -0.660763 -0.743127 114 43 32
-0.219061 -0.133359 -0.015415 0.297140 0.458410 -0.837596 165 185 20
0.028381 -0.270102 -0.608994 -0.380195 0.806691 0.452440 79 230 185
-0.462296 -0.141860 -0.104489 0.922026 0.241499 -0.302567 245 158 88
0.208835 -0.087971 -0.618173 -0.510944 0.437520 0.739941 62 183 221
0.326088 -0.138765 -0.182340 -0.532793 0.440036 -0.722842 59 183 35
0.101784 -0.014961 -0.241511 -0.647637 -0.323854 0.689699 44 86 215
-0.064342 0.195149 -0.044912 0.276258 -0.834199 -0.477277 162 21 66
0.289701 -0.195228 0.772175 0.545363 0.829751 -0.118714 197 233 112
-0.175027 -0.223242 -0.673796 -0.490566 0.812380 0.315252 64 231 167
0.511377 -0.059393 0.949522 -0.979351 0.197556 -0.042941 2 152 122
0.438067 0.277569 0.558145 -0.740855 -0.656127 0.143633 33 43 145
0.264894 -0.011937 0.820887 0.854240 0.015865 -0.519636 236 129 61
-0.112212 0.004108 0.152083 -0.879599 0.353932 -0.317863 15 172 86
0.566075 0.106102 -0.180661 -0.829885 -0.306873 -0.465961 21 88 68
0.253783 0.072114 0.562775 0.215956 -0.369728 0.903695 155 80 242
-0.482944 0.206021 -0.365944 0.776088 -0.609112 0.163311 226 49 148
0.343627 -0.137732 -0.522162 -0.243691 0.648950 0.720748 96 210 219
-0.079482 0.075638 0.014929 -0.909266 -0.146097 0.389733 11 108 177
0.265370 0.092052 0.011348 -0.933530 -0.301559 0.193866 8 89 152
-0.241463 -0.016413 -0.098761 0.742637 -0.109071 -0.660752 222 113 43
-0.253185 0.050512 0.031739 -0.083740 -0.331176 0.939846 116 85 247
0.334089 0.126198 0.999227 0.184800 -0.268490 -0.945390 151 93 6
0.317016 -0.067408 -0.396972 -0.439900 0.382873 -0.812340 71 176 23
-0.454345 0.137510 -0.659652 0.862313 -0.295261 0.411384 237 89 179
0.305592 0.121770 0.504666 -0.671260 -0.599823 0.435456 41 51 183
0.228625 -0.013356 0.764651 -0.069365 0.143694 -0.987188 118 145 1
0.418136 0.190884 0.893563 -0.362115 -0.925794 -0.108531 81 9 113
-0.073950 -0.102598 0.485491 -0.485374 0.734999 0.473487 65 221 187
0.209685 0.005007 0.661512 0.608398 -0.304437 0.732919 205 88 220
0.382413 -0.135837 -0.260849 0.412195 0.855064 -0.314581 180 236 87
-0.167422 -0.094623 -0.131847 -0.920893 0.389412 0.017711 10 177 129
0.206692 -0.247898 -0.069830 -0.435733 0.877047 0.202301 71 239 153
0.041668 -0.130005 0.470230 -0.801688 0.592813 0.076608 25 203 137
0.515236 0.073892 0.881341 -0.817093 -0.298220 0.493381 23 89 190
0.263847 0.132446 0.585946 -0.266400 -0.960997 -0.074265 93 4 118
0.243592 0.174690 0.005623 -0.821637 -0.292683 0.489131 22 90 189
-0.154815 -0.091547 -0.839444 0.230807 0.274922 0.933352 156 162 246
0.208872 -0.212195 0.726798 0.124769 0.743786 0.656670 143 222 211
-0.220459 0.158072 -0.556457 0.289707 -0.779171 -0.555845 164 28 56
0.099482 0.225708 0.340779 -0.701150 -0.693398 -0.166096 38 39 106
-0.470637 -0.108794 -0.592377 0.910064 0.269885 -0.314555 243 161 87
-0.483611 0.195277 -0.333654 0.765448 -0.597598 0.238676 225 51 157
0.397591 -0.305315 -0.466846 -0.579333 0.768531 0.271538 53 225 162
0.041858 0.016694 0.663506 0.956743 0.035392 -0.288774 249 132 90
0.249830 0.076651 0.024491 0.071673 -0.665255 -0.743168 136 42 32
0.210116 0.032183 0.844727 0.550861 -0.673350 -0.493104 197 41 64
0.360579 0.243141 -0.683976 -0.675070 -0.418201 0.607773 41 74 204
0.430668 0.361917 -0.425947 0.097219 -0.989985 0.102363 139 1 140
0.154121 -0.129990 0.767977 -0.259142 0.495674 -0.828947 94 190 21
-0.359531 0.234782 -0.047689 0.824744 -0.562947 0.053741 232 55 134
0.435293 -0.009420 0.573972 -0.793217 0.038433 0.607725 26 132 204
0.048252 -0.148847 0.502566 -0.154008 0.978446 -0.137569 107 252 109
-0.557223 -0.016853 -0.436910 0.992709 -0.097714 -0.070572 254 115 118
0.511165 0.153623 0.598005 -0.741887 -0.667827 -0.060097 32 42 119
0.377943 -0.152588 0.707018 -0.609382 0.507503 -0.609175 49 192 49
-0.221663 -0.120899 -0.192123 -0.567189 0.416081 0.710755 55 180 218
-0.213614 0.237797 0.068055 0.089111 -0.832199 0.547269 138 21 197
0.208102 -0.059609 -0.152605 0.413820 0.189948 0.890322 180 151 241
-0.302683 0.221598 -0.409109 0.265536 -0.947522 0.178027 161 6 150
0.417453 0.087594 -0.453127 0.020897 -0.409754 0.911956 130 75 243
-0.275705 -0.078925 -0.148219 0.887882 0.145946 -0.436309 240 146 71
0.244549 -0.163295 -0.647208 -0.246711 0.646960 0.721510 96 209 219
0.379927 0.084204 -0.584546 -0.421749 -0.545835 0.724011 73 57 219
0.042609 0.039073 0.775531 0.917799 0.003554 -0.397029 244 127 76
0.284183 0.249662 0.363045 -0.376050 -0.704650 0.601710 79 37 204
0.513023 0.084971 -0.387958 -0.595030 -0.417224 -0.686923 51 74 39
0.390158 0.125396 0.162310 -0.895945 -0.274484 0.349200 13 92 172
0.580459 0.015492 -0.056206 -0.608378 -0.145057 -0.780279 49 109 28
-0.368526 -0.041118 -0.089238 0.886047 0.339609 -0.315573 240 170 87
0.035800 0.026864 0.124627 -0.505266 0.011579 -0.862886 63 128 17
-0.207492 0.043282 0.208201 0.357684 -0.105155 -0.927903 173 114 9
0.528280 -0.020349 0.860406 -0.984452 0.062207 -0.164270 1 135 106
0.358306 -0.166497 0.814309 0.096036 0.817433 -0.567961 139 231 55
-0.097479 0.069011 0.211004 -0.369691 -0.847593 -0.380676 80 19 78
0.392717 0.091689 -0.528033 -0.239962 -0.928681 -0.282789 96 9 91
0.492015 0.193202 -0.115541 -0.493218 -0.694391 -0.523981 64 38 60
0.251422 -0.032870 -0.638625 -0.266885 0.312745 0.911572 93 167 243
0.166552 0.037764 0.418155 -0.842030 -0.417922 0.341066 20 74 170
-0.076244 0.054677 0.167558 -0.800347 0.019435 -0.599222 25 129 51
0.220507 -0.180330 0.079332 -0.298065 0.954529 -0.005697 89 249 126
0.405860 -0.119181 -0.138772 -0.817189 0.437049 -0.375752 23 183 79
-0.421213 0.032773 -0.555713 0.876233 -0.038725 0.480329 239 122 188
0.562975 -0.190794 -0.472505 -0.614233 0.788044 -0.041276 49 227 122
0.087971 0.048188 -0.446739 -0.211864 -0.975712 -0.055668 100 3 120
0.563270 0.007929 -0.115274 -0.891657 -0.101671 0.441147 13 114 183
0.088005 -0.126607 0.580728 0.679115 0.436002 -0.590513 214 183 52
0.336677 -0.169743 0.127448 -0.096107 0.947692 -0.304375 115 248 88
-0.150383 0.185807 0.449034 0.693885 -0.389057 -0.605935 215 77 50
0.051156 -0.149723 -0.054202 0.882760 0.425480 -0.199255 240 181 102
0.218206 -0.401219 0.086747 0.091236 0.880777 -0.464660 139 239 68
0.046759 -0.020044 0.146480 -0.679602 0.319894 0.660158 40 168 211
-0.225015 0.133349 -0.564443 0.664433 -0.498749 -0.556577 212 63 56
-0.350091 0.181978 -0.179671 0.023015 -0.833850 -0.551510 130 21 57
0.309129 -0.123125 0.858009 0.439674 0.878912 -0.184933 183 239 103
-0.274809 -0.037058 -0.046288 -0.675170 0.727937 -0.119392 41 220 112
-0.137325 -0.101271 0.213737 0.388131 0.487916 -0.781852 176 189 27
0.209887 -0.054273 0.667322 0.873577 0.098005 -0.476717 238 139 66
0.464414 -0.041565 -0.408445 -0.773111 0.013760 0.634121 28 129 208
-0.219154 -0.002837 -0.695759 -0.720836 0.161420 0.674047 35 148 213
0.121942 0.144995 -0.177231 -0.760564 -0.604993 0.235639 30 50 157
0.048824 -0.327563 0.589523 0.570738 0.751076 0.331878 200 223 169
0.348171 0.006724 0.765885 0.915491 -0.044444 -0.399877 244 121 76
0.496250 -0.125808 -0.528293 -0.855272 0.486867 0.177397 18 189 150
-0.351968 0.148121 0.037492 0.131582 -0.915637 -0.379862 144 10 79
-0.311871 -0.125490 0.028112 -0.070065 0.804957 0.589182 118 230 202
0.461973 -0.163911 -0.481327 -0.606199 0.659779 0.444089 50 211 184
0.115725 -0.153365 -0.012545 -0.884272 0.419221 -0.205710 14 180 101
0.266680 0.301980 0.592075 0.370875 -0.816024 -0.443347 174 23 70
-0.376779 0.086174 0.050039 0.778022 -0.059982 -0.625367 226 119 47
0.195386 -0.087947 -0.184473 0.655002 0.561441 -0.505723 211 199 63
0.283048 -0.258167 -0.567972 -0.690794 0.717354 0.090596 39 218 139
-0.245835 0.063974 0.073023 0.018123 -0.483628 -0.875086 129 65 15
-0.322749 -0.005987 -0.081952 0.984744 0.124654 -0.121411 253 143 112
0.226502 0.172306 -0.670986 0.327098 -0.943577 -0.051666 169 7 120
0.313632 -0.255099 -0.258851 -0.161073 0.985578 -0.051882 106 253 120
-0.292810 -0.077747 0.183620 0.723616 0.505905 -0.469511 219 192 67
0.145938 -0.089965 -0.267502 0.438341 0.578896 -0.687558 183 201 39
-0.009009 -0.230051 -0.685797 0.660367 0.717479 0.221673 211 218 155
0.430101 0.238171 0.827383 -0.699484 -0.604495 0.381192 38 50 176
0.220048 0.038386 0.855513 0.695086 -0.212600 -0.686773 216 100 39
-0.107621 -0.118922 -0.196463 0.210705 0.278135 -0.937147 154 162 8
0.556748 0.067660 -0.455922 -0.935936 -0.213703 0.279919 8 100 163
-0.199985 0.156482 0.104921 0.342479 -0.573937 -0.743845 171 54 32
-0.157612 0.153081 -0.158377 -0.550611 -0.800772 -0.235780 57 25 97
0.385137 0.154088 0.721157 -0.022685 -0.689581 0.723853 124 39 219
0.066614 0.097937 -0.012721 -0.719712 -0.101687 -0.686785 35 114 39
0.604310 0.124817 -0.338468 -0.679790 -0.438185 0.588115 40 71 202
0.495057 -0.106259 0.765128 -0.858946 0.291880 0.420734 17 164 181
0.345545 0.030548 -0.659238 -0.553449 -0.327166 0.765935 56 85 225
0.450229 -0.024744 -0.267078 0.108045 0.083196 -0.990659 141 138 1
-0.294610 0.087981 -0.383445 0.638462 -0.100942 -0.763006 208 114 30
0.225345 0.239947 -0.785797 -0.457347 -0.587859 0.667275 69 52 212
-0.344898 -0.025698 -0.682759 0.630690 0.115745 0.767354 207 142 225
-0.412953 0.004875 0.032418 0.868160 -0.067054 -0.491733 238 118 64
0.454963 -0.172363 0.861577 -0.606502 0.788916 0.098827 50 228 140
0.485669 -0.051229 -0.433226 -0.443449 0.202809 0.873053 70 153 238
0.453645 -0.135028 -0.009182 0.128026 0.638842 -0.758611 143 208 30
0.311203 -0.143717 0.890062 -0.055844 0.576313 -0.815319 120 200 23
0.037940 0.151212 -0.324820 0.252370 -0.840432 -0.479566 159 20 66
0.331560 0.009038 -0.476376 -0.487354 0.370615 0.790652 65 174 228
-0.391475 0.032189 -0.004507 0.636982 -0.016058 -0.770711 208 125 29
-0.301435 0.146223 -0.599943 0.580687 -0.705325 0.406593 201 37 179
0.422430 -0.022989 0.813312 -0.986210 0.163514 0.025552 1 148 130
-0.198320 0.199677 -0.769731 -0.249709 -0.692291 0.677036 95 39 213
0.582011 -0.124742 -0.312991 -0.680220 0.209211 0.702518 40 154 217
-0.305174 -0.155889 -0.230904 0.640776 0.695840 0.324366 209 216 168
0.301362 -0.168703 -0.691317 -0.836305 0.451004 0.311752 20 185 167
0.432909 -0.194540 -0.343969 -0.440611 0.797647 0.411851 71 229 180
-0.168332 0.139901 -0.553161 -0.417568 -0.908579 -0.010980 74 11 126
0.305850 0.063449 -0.355123 0.677989 -0.453148 -0.578782 213 69 53
-0.157087 0.180583 -0.749334 0.436147 -0.897588 -0.064123 183 13 119
-0.158735 -0.092081 -0.014802 -0.237215 0.939540 -0.246968 97 247 96
-0.249079 0.028421 -0.240369 -0.781209 -0.584515 0.219214 27 52 155
0.467753 -0.160227 -0.295027 -0.669421 0.678019 0.303588 42 213 166
-0.216200 0.179656 0.096047 -0.347552 -0.713481 -0.608401 83 36 49
0.416432 0.067046 0.888995 -0.258165 -0.221705 -0.940318 94 99 7
0.287295 -0.296458 0.373967 -0.150675 0.803092 -0.576489 108 229 53
0.140573 -0.172469 0.631202 -0.737916 0.581102 -0.343220 33 201 83
-0.319462 0.124413 -0.669706 0.618107 -0.408760 0.671460 206 75 213
-0.117686 -0.240368 -0.746678 0.108918 0.685591 0.719793 141 214 219
0.565164 0.059250 -0.585345 -0.927135 -0.125206 0.353192 9 111 172
0.323408 0.105850 -0.169474 -0.150341 -0.966981 0.205780 108 4 153
-0.327189 -0.066191 -0.084400 -0.044442 0.662192 0.748015 121 211 222
0.308697 -0.117812 0.833774 0.641563 0.336689 -0.689229 209 170 39
0.549223 0.259752 0.995450 -0.322367 -0.801612 -0.503486 86 25 63
-0.179660 0.167575 -0.673482 0.605343 -0.527011 -0.596506 204 60 51
0.530454 -0.153546 0.916560 -0.836882 0.284426 -0.467687 20 163 67
-0.229451 0.097768 -0.300196 0.945491 -0.285391 -0.156837 248 91 107
-0.043115 0.295109 0.211917 -0.111793 -0.981018 -0.158447 113 2 107
0.268953 -0.200925 -0.309580 0.279635 0.955389 0.095061 163 249 139
0.123772 0.240110 0.494680 0.025819 -0.975449 -0.218709 130 3 99
0.479516 -0.061198 -0.424385 -0.725498 0.211099 -0.655050 34 154 43
-0.112833 0.141947 0.345005 0.848951 -0.526284 0.048037 235 60 133
0.302109 -0.187243 -0.085196 0.444790 0.881910 -0.156196 184 239 107
-0.139949 -0.168949 -0.562671 0.906482 0.362482 -0.216558 243 173 99
0.603090 -0.072283 -0.201080 -0.946478 0.272849 0.172434 6 162 149
-0.279124 0.230516 -0.006199 0.313616 -0.946328 -0.078155 167 6 117
0.297069 0.251472 -0.531113 0.351831 -0.903916 -0.243211 172 12 96
-0.064271 -0.105179 0.417027 -0.388505 0.844197 -0.369318 77 235 80
-0.164871 -0.250433 0.319553 0.566115 0.447746 -0.692126 199 184 39
0.003414 -0.094753 -0.195328 -0.767924 0.331408 0.548143 29 169 197
-0.322670 0.215160 -0.613362 0.364186 -0.930106 -0.047655 173 8 121
0.202913 -0.230315 -0.326988 -0.674766 0.728026 0.121119 41 220 142
-0.236896 -0.173560 -0.038221 0.566987 0.814486 -0.123034 199 231 111
0.205241 0.118824 0.644619 -0.025626 -0.444497 -0.895414 124 70 13
-0.014980 -0.113002 -0.719488 0.843871 0.438759 0.308824 235 183 166
0.252345 0.306035 0.778721 0.388693 -0.715522 -0.580471 177 36 53
-0.161632 -0.068265 0.202255 0.489342 0.427830 0.759938 189 182 224
0.032091 0.143869 -0.497457 0.022636 -0.684102 -0.729035 130 40 34
0.476532 -0.200701 0.825511 -0.671876 0.589614 0.448261 41 202 184
0.081266 0.334171 0.676294 0.281848 -0.936267 0.209681 163 8 154
-0.350416 0.046961 -0.481346 0.544985 0.037551 -0.837604 196 132 20
-0.004702 0.069882 0.191549 -0.331167 -0.253119 0.908988 85 95 243
0.336085 0.056997 -0.509619 -0.079574 -0.536239 -0.840307 117 59 20
0.306864 0.024513 -0.547594 -0.728172 -0.607519 -0.317311 34 50 87
-0.174793 0.255858 -0.522941 0.017995 -0.999185 -0.036127 129 0 122
-0.232542 0.224734 -0.396648 0.008163 -0.998622 0.051850 128 0 134
0.222810 0.200337 0.354980 0.209929 -0.633123 -0.745041 154 46 32
0.497304 -0.163128 -0.348169 -0.103124 0.511193 -0.853257 114 192 18
-0.158324 -0.065478 0.563940 0.771783 0.247077 -0.585921 225 159 52
0.513742 0.255693 -0.315493 -0.553254 -0.832375 0.032574 56 21 131
-0.028662 0.185229 -0.054495 -0.356266 -0.542094 0.761058 82 58 224
0.261249 0.050217 -0.512532 0.715726 -0.687122 -0.124900 218 39 111
0.335082 0.173173 0.796016 -0.349603 -0.897202 0.269826 82 13 161
-0.318952 0.233300 -0.049284 0.193957 -0.900923 -0.388226 152 12 78
0.072846 0.093686 0.592154 0.296251 -0.349493 -0.888870 165 82 14
0.357735 0.178264 0.065341 -0.739296 -0.670130 -0.066077 33 42 119
0.348601 0.030295 0.848109 -0.935853 -0.322493 -0.142045 8 86 109
0.225122 0.020059 -0.470224 -0.897734 -0.400603 -0.183279 13 76 104
0.357456 -0.130927 -0.038837 -0.073581 0.212219 0.974448 118 154 251
0.182587 -0.073666 0.810832 0.295492 0.592523 -0.749400 165 203 31
0.350503 -0.068090 0.783481 -0.574661 0.133576 0.807417 54 144 230
0.467682 -0.007145 0.917611 -0.694683 -0.020459 -0.719025 38 124 35
-0.418122 -0.174530 0.047355 0.881896 0.287240 -0.373836 239 164 79
-0.020193 -0.067902 0.084467 -0.579832 0.152413 0.800354 53 146 229
0.340404 -0.033066 0.852452 -0.543542 -0.261487 -0.797613 58 94 25
0.108818 0.386503 0.788480 0.336107 -0.898540 -0.282239 170 12 91
0.363473 0.128437 -0.720088 -0.679554 -0.276516 0.679519 40 92 214
-0.128443 0.007728 -0.552599 -0.264130 0.088878 -0.960383 93 138 5
0.214479 0.068934 -0.425905 0.946575 -0.306123 0.101414 248 88 140
0.109577 0.218283 0.469861 0.343886 -0.865098 -0.365169 171 17 80
0.150966 -0.011249 0.903413 0.544583 -0.111503 -0.831262 196 113 21
0.098571 -0.047035 0.028573 -0.830425 -0.056176 -0.554292 21 120 56
0.574650 0.320686 0.033571 -0.688450 -0.667658 -0.283318 39 42 91
-0.307276 0.070488 -0.452970 -0.026478 -0.574593 0.818011 124 54 231
0.311833 0.107493 0.734243 -0.464061 -0.885719 -0.012225 68 14 125
-0.432733 -0.181159 -0.775821 0.168745 0.480509 0.860602 149 188 237
0.529733 0.275038 -0.319268 0.039035 -0.820634 -0.570119 132 22 54
-0.103740 0.081365 -0.655196 -0.305970 -0.207317 0.929194 88 101 245
0.235381 -0.131402 0.131282 -0.710178 0.696467 0.102860 36 216 140
0.511240 0.172697 -0.126584 -0.674158 -0.737700 0.036201 41 33 132
0.560352 0.056744 -0.252922 -0.967249 -0.250622 0.040233 4 95 132
-0.128665 0.146315 0.471873 0.755275 -0.542108 -0.368345 223 58 80
-0.048101 0.038752 0.249035 -0.108334 0.091306 0.989913 113 139 253
0.474929 0.195546 -0.246144 0.207944 -0.885147 -0.416263 154 14 74
0.422723 -0.249818 0.209106 -0.784355 0.614724 0.083074 27 205 138
0.091466 -0.091389 0.563718 0.471365 0.703454 0.531946 187 217 195
-0.225094 -0.038387 -0.043979 0.074086 0.205614 -0.975825 136 153 3
0.353688 0.240941 -0.406260 -0.329940 -0.884488 0.329879 85 14 169
0.546030 -0.281417 -0.156795 -0.602497 0.796136 0.056247 50 229 134
-0.090158 -0.015318 -0.759994 0.087643 0.112259 0.989806 138 141 253
0.310122 -0.173787 -0.380814 0.615187 0.783169 0.090499 205 227 139
0.342367 0.115942 -0.054269 0.096840 -0.762748 0.639404 139 30 209
-0.049941 -0.130728 0.195742 -0.911251 0.332434 0.243124 11 169 158
-0.167906 -0.094454 0.436087 0.852544 0.403955 -0.331646 236 179 85
0.151542 0.165492 -0.631257 -0.253430 -0.889441 0.380352 95 14 175
0.209685 0.067777 -0.653530 -0.806079 -0.535194 -0.252597 24 59 95
-0.417463 0.205274 -0.098783 0.589994 -0.693476 0.413518 202 39 180
0.368241 -0.083654 -0.134727 -0.973614 0.141662 -0.178908 3 145 104
0.328247 -0.210227 0.800496 0.018980 0.933546 -0.357954 129 246 81
0.169233 0.028559 0.618881 -0.077182 -0.128313 0.988726 117 111 253
0.148015 0.012453 -0.715770 -0.703473 -0.115119 0.701337 37 112 216
0.289138 0.019975 -0.020384 -0.987912 0.151495 0.032840 1 146 131
0.047260 -0.264640 0.687638 0.232340 0.773684 -0.589432 157 226 52
0.567741 0.150360 -0.306893 -0.626084 -0.772905 -0.103136 47 28 114
0.130076 -0.102170 -0.775632 -0.567504 0.191781 0.800724 55 151 229
-0.161151 0.066280 -0.022502 0.521183 -0.363693 -0.772072 193 81 29
0.466384 0.049763 -0.523718 -0.971451 -0.038524 0.234092 3 122 157
-0.305023 0.146874 0.158733 0.730639 -0.247208 -0.636439 220 95 46
-0.188338 0.049241 0.102246 -0.868150 -0.209369 -0.449977 16 100 70
0.168255 -0.071306 0.553692 -0.889409 0.416666 0.187994 14 180 151
0.470312 0.061159 -0.562302 0.073470 -0.960508 0.268377 136 5 161
-0.023688 -0.223990 0.351742 -0.303653 0.897455 -0.319951 88 241 86
0.349300 0.177283 0.933711 0.057974 -0.733273 -0.677458 134 34 41
-0.436202 0.133450 -0.207370 0.922210 -0.380069 -0.071248 245 79 118
-0.065853 -0.199134 -0.217779 0.904100 0.411047 -0.116803 242 179 112
-0.302366 -0.158757 0.092160 0.463866 0.673564 -0.575448 186 213 54
0.231746 0.230961 -0.141383 0.483337 -0.869017 -0.105809 189 16 114
0.327144 0.071436 0.258094 -0.995297 -0.082655 0.050516 0 116 133
-0.129602 0.087204 -0.685345 -0.000577 -0.419561 0.907727 127 74 243
0.294842 -0.023954 0.548773 -0.655410 -0.000993 0.755273 43 127 223
-0.293039 -0.238283 0.152184 0.615500 0.590416 -0.522081 205 202 60
-0.308376 -0.073264 -0.793590 0.777183 0.190538 0.599734 226 151 203
0.421168 -0.033505 0.834924 -0.943390 -0.162540 0.289128 7 106 164
-0.179168 0.225629 0.099414 -0.251801 -0.813264 0.524593 95 23 194
0.215832 -0.103899 0.600418 -0.836754 0.471285 -0.278807 20 187 91
0.136624 -0.254858 0.621567 0.018492 0.998161 -0.057721 129 254 120
-0.380220 -0.224058 0.043867 0.864596 0.502463 0.002272 237 191 127
0.353772 0.047285 0.586419 -0.990960 0.005430 0.134045 1 128 144
-0.021383 0.150494 0.058848 0.351584 -0.495664 -0.794170 172 64 26
0.358233 0.302197 -0.563865 -0.396341 -0.879946 0.261932 76 15 160
-0.263458 0.093830 -0.020944 -0.156444 -0.918084 -0.364208 107 10 81
-0.259749 0.071192 -0.545801 0.627018 -0.652617 -0.425370 207 44 73
-0.252302 -0.208742 0.116363 0.497975 0.784773 -0.368987 190 227 80
0.496479 0.059370 0.216365 -0.753789 -0.154114 0.638788 31 107 208
0.289661 -0.107483 -0.590593 -0.283364 0.917126 0.280331 91 244 163
0.609533 -0.174910 -0.052649 -0.922382 0.261998 0.283846 9 160 163
0.194288 -0.147257 0.847275 0.267446 0.334015 -0.903829 161 170 12
0.024813 -0.159323 -0.615123 0.182100 0.744790 0.641971 150 222 209
-0.378207 -0.249913 -0.494022 0.460394 0.876378 -0.141418 186 239 109
-0.138729 -0.055087 0.421190 0.966895 -0.020450 -0.254352 250 124 95
0.015517 0.023627 0.584123 0.694546 -0.001177 -0.719447 216 127 35
0.251149 -0.067640 -0.546669 -0.100121 0.245020 -0.964334 114 158 4
0.500707 0.003256 -0.357423 -0.953765 -0.019794 0.299900 5 124 165
-0.350852 -0.238429 -0.094382 0.636252 0.569464 -0.520475 208 200 61
0.374294 0.088880 -0.338756 -0.771812 -0.479656 0.417415 29 66 180
0.304030 0.004909 0.791527 0.254670 0.244100 -0.935713 159 158 8
0.348880 0.160433 -0.431542 0.409291 -0.903930 -0.124064 179 12 111
0.474582 -0.131646 0.914640 -0.672478 0.395620 -0.625506 41 177 47
0.138539 0.170304 0.328353 -0.334746 -0.935051 -0.116723 84 8 112
-0.227106 -0.041711 -0.204343 0.586038 -0.394318 0.707866 202 77 217
-0.095887 -0.184188 0.264795 0.250095 0.778515 -0.575645 159 226 54
0.303994 0.003401 -0.142114 0.785144 -0.613797 -0.082478 227 49 116
-0.048908 0.043041 -0.536979 0.501443 -0.112976 -0.857783 191 113 18
-0.265526 0.118505 -0.508613 -0.251535 -0.872439 -0.419023 95 16 74
0.442660 0.113224 -0.312522 0.144662 -0.138407 0.979753 145 109 252
-0.178265 -0.109390 0.072642 -0.761783 0.645121 -0.059207 30 209 119
-0.272311 -0.233324 -0.053220 -0.238022 0.722770 -0.648806 97 219 44
-0.039890 -0.148246 0.267061 -0.206014 0.747830 -0.631116 101 222 47
0.370698 0.297277 -0.085069 -0.323023 -0.929222 -0.179454 86 9 104
-0.286797 0.065971 -0.010201 -0.132582 -0.801866 0.582609 110 25 201
-0.217351 0.181255 -0.034482 -0.348700 -0.887639 0.300840 83 14 165
-0.368394 -0.139829 -0.005572 0.960186 0.265203 -0.087813 249 161 116
0.061298 -0.129111 -0.767979 0.580591 0.367201 0.726690 201 174 220
0.499356 -0.149578 0.789636 -0.862240 0.340316 -0.375137 17 170 79
0.372812 0.018980 0.899166 -0.954220 -0.173100 -0.243927 5 105 96
0.137365 -0.035710 -0.692927 -0.807941 -0.038420 0.588009 24 122 202
-0.342817 -0.228997 -0.578124 0.606759 0.759219 0.235436 204 224 157
0.388847 -0.075684 -0.640950 0.170243 0.364370 0.915561 149 173 244
0.005572 0.015019 0.763327 0.752735 -0.155417 -0.639715 223 107 45
0.172389 0.078408 0.669957 0.904854 -0.138427 -0.402587 242 109 76
-0.410041 -0.048750 -0.034546 0.899321 -0.001694 -0.437285 242 127 71
0.331630 0.077050 -0.076551 0.589417 -0.159618 -0.791902 202 107 26
0.178894 -0.210975 0.403740 -0.144415 0.761495 0.631878 109 224 208
-0.144324 -0.022441 -0.655460 -0.193871 -0.281809 0.939680 102 91 247
-0.293486 -0.000250 -0.614834 0.798519 -0.176271 0.575583 229 105 200
0.224250 0.053476 -0.657760 0.002566 -0.161572 0.986858 127 106 253
-0.301073 0.008197 -0.318346 0.940559 -0.173920 0.291722 247 105 164
0.340287 0.434547 -0.498648 0.112734 -0.985540 0.126501 141 1 143
0.257302 -0.106121 -0.268981 0.824289 0.148723 -0.546287 232 146 57
0.179366 0.053434 -0.584037 -0.922655 -0.382769 0.046849 9 78 133
-0.213518 0.024892 0.059490 -0.939734 -0.026990 0.340838 7 124 170
-0.182209 0.158292 -0.011224 0.372866 -0.623626 -0.687068 175 47 39
0.406865 -0.215022 0.203926 -0.636380 0.540161 0.550678 46 196 197
0.452872 0.246149 -0.522420 -0.295448 -0.667675 0.683316 89 42 214
0.244797 -0.245934 0.703412 -0.097263 0.911741 0.399083 115 243 178
0.145499 0.231263 0.557864 0.539654 -0.840740 -0.043932 196 20 121
-0.283177 -0.145320 -0.064969 -0.292218 0.944238 0.151736 90 247 146
0.308414 0.211166 0.281330 -0.610917 -0.522405 -0.594872 49 60 51
-0.092243 0.256607 -0.516754 0.517271 -0.850332 -0.096778 193 19 115
-0.071682 -0.163296 0.119514 0.484917 0.855305 -0.182506 189 236 104
0.254966 -0.254219 -0.580464 0.132786 0.979910 0.148812 144 252 146
0.180907 0.100430 0.184201 -0.800903 -0.382446 0.460748 25 78 186
-0.284359 0.180957 -0.331709 0.208737 -0.838055 -0.504076 154 20 63
-0.293098 -0.167690 -0.654793 -0.117352 0.634628 0.763856 112 208 224
0.484664 0.299016 -0.289648 -0.268564 -0.927653 -0.259485 93 9 94
-0.120796 0.075115 0.229440 0.377242 -0.148349 -0.914156 175 108 10
0.285192 0.084203 0.387347 -0.482192 -0.821251 -0.305022 66 22 88
0.435998 0.068347 -0.543717 -0.764313 -0.369746 0.528313 30 80 194
0.506037 -0.291930 -0.417630 -0.078912 0.982950 0.166081 117 252 148
0.300144 0.209595 0.855671 0.590810 -0.770121 -0.240534 202 29 96
-0.271082 -0.001255 -0.287636 -0.780680 -0.062338 -0.621814 27 119 48
-0.196210 -0.035271 0.147200 0.767022 0.041078 -0.640304 225 132 45
0.428699 0.049335 -0.032342 -0.883680 -0.233750 -0.405551 14 97 75
0.408370 -0.404528 -0.404106 0.190629 0.981554 -0.014565 151 252 125
-0.360306 0.020394 -0.080499 0.679897 -0.198904 -0.705817 214 102 37
0.232764 -0.142817 -0.675308 -0.381602 0.713874 0.587166 78 218 202
-0.201681 -0.102087 0.078534 -0.157742 0.464597 -0.871359 107 186 16
-0.078746 0.191364 -0.012458 0.263626 -0.895398 -0.358838 161 13 81
0.375362 0.000033 -0.535618 0.372151 0.755597 0.539052 174 223 196
0.279424 -0.198346 0.657456 -0.862286 0.491883 0.120470 17 190 142
0.292236 0.000056 0.871849 0.025465 -0.159276 -0.986906 130 107 1
-0.104220 -0.133260 0.097424 0.165929 0.813168 0.557876 148 231 198
0.225520 0.074707 0.619578 0.622440 -0.214668 -0.752653 206 100 31
0.195720 0.171439 -0.425033 0.421050 -0.543980 -0.725812 181 58 34
0.547095 -0.259116 -0.488844 -0.506029 0.861779 0.035668 62 237 132
0.450839 -0.138132 0.040395 -0.552918 0.783186 0.284433 57 227 163
0.448362 0.083568 -0.316017 -0.811063 -0.561353 -0.164500 24 55 106
-0.409006 -0.182954 -0.427837 0.626346 0.770055 -0.121267 207 225 112
-0.226630 0.082418 0.170132 0.964423 -0.187216 -0.186653 250 103 103
0.248878 0.186424 0.902514 0.376911 -0.540537 -0.752169 175 58 31
0.271506 -0.028245 -0.589860 -0.813359 -0.280662 0.509584 23 91 192
0.312986 -0.111674 -0.269241 -0.095486 0.253556 -0.962596 115 159 4
0.295618 0.264692 -0.566691 -0.672729 -0.723035 0.157025 41 35 147
-0.375218 0.003236 -0.628885 0.540083 -0.556193 0.631633 196 56 208
0.169554 -0.023833 -0.655792 0.171533 -0.088673 0.981180 149 116 252
-0.257692 0.047190 -0.555627 -0.157189 -0.554028 0.817524 107 56 231
0.301678 0.155561 0.823791 0.775834 -0.529083 0.343734 226 60 171
0.222463 -0.054916 0.940285 0.176378 0.086329 -0.980529 149 138 2
-0.259327 0.105568 -0.743787 0.625890 -0.763554 0.158891 207 30 147
0.225789 0.225303 -0.198095 -0.305323 -0.582634 0.753204 88 53 223
0.383214 -0.181034 0.583909 -0.821594 0.399384 0.406787 22 178 179
0.377583 0.018262 -0.687960 -0.806259 -0.297712 0.511190 24 89 192
0.414459 0.169564 -0.503005 -0.301295 -0.911011 0.281566 89 11 163
0.287300 -0.214787 0.738571 -0.270133 0.958433 0.091840 93 249 139
0.418828 0.182905 -0.435983 -0.095152 -0.697565 0.710175 115 38 218
-0.009876 -0.126730 0.209895 0.032434 0.795785 -0.604711 131 228 50
-0.168370 -0.075123 -0.694134 0.169071 0.048109 0.984429 149 133 253
0.392512 -0.019279 -0.567075 -0.898667 -0.045521 0.436263 12 121 183
-0.003295 -0.168925 0.600456 0.789802 0.544240 0.282871 228 196 163
0.336688 0.049868 0.706993 -0.995282 -0.078791 -0.056615 0 117 120
-0.161848 -0.085629 -0.066650 -0.700981 0.315609 0.639545 38 167 209
0.324359 0.083570 0.915193 0.343866 -0.413682 -0.842985 171 74 20
-0.403239 0.053193 -0.561092 0.994794 -0.042615 -0.092573 254 122 115
0.083876 0.128654 0.115861 0.868817 -0.237875 -0.434250 238 97 72
-0.140988 0.113139 -0.752311 0.635095 -0.694455 0.338211 208 38 170
0.225907 0.120822 -0.678964 -0.235715 -0.490328 0.839057 97 64 234
-0.204358 0.112567 0.176537 0.895863 -0.437878 -0.075446 241 71 117
-0.092190 -0.236051 0.538570 0.575647 0.567586 -0.588623 200 199 52
0.544009 0.131082 -0.189821 -0.340947 -0.254101 -0.905090 84 95 12
-0.376213 -0.133886 -0.511010 0.775155 0.621157 -0.115317 226 206 112
-0.242127 -0.217271 0.110521 0.486177 0.728325 0.482881 189 220 189
0.524422 0.191308 -0.454314 -0.905589 -0.385759 0.176351 12 78 149
0.283098 -0.133722 0.087531 -0.418837 0.809784 0.410883 74 230 179
0.326630 0.208903 0.701511 -0.633752 -0.669129 0.388105 46 42 176
-0.385080 0.000003 -0.025311 0.905833 -0.010671 -0.423500 242 126 73
0.465973 -0.075445 0.401940 -0.093389 0.811727 -0.576522 115 230 53
0.179490 0.029612 0.092338 0.738640 -0.634373 -0.227997 221 46 98
-0.393531 0.055940 -0.434750 0.995465 0.090838 0.028260 254 139 131
0.161662 0.193419 0.740207 0.099681 -0.732933 -0.672958 140 34 41
0.371994 0.075380 -0.490358 -0.683099 -0.108706 -0.722190 40 113 35
-0.113774 -0.015628 0.485566 0.624933 0.132546 -0.769344 207 144 29
0.045650 0.152144 0.553786 0.918971 -0.372522 -0.129305 244 80 111
0.066418 0.239543 0.159001 -0.527836 -0.634588 -0.564525 60 46 55
-0.333859 0.051277 -0.580061 -0.022798 -0.463289 0.885914 124 68 240
0.399840 -0.199309 -0.440806 0.297859 0.752022 -0.587999 165 223 52
0.436402 0.093003 0.693722 -0.952586 -0.297889 0.061987 6 89 135
-0.039474 0.019027 -0.643301 0.400739 -0.073947 0.913203 178 118 243
-0.040770 0.017653 0.387807 -0.759178 -0.618831 0.201735 30 48 153
-0.253738 -0.247528 -0.409959 -0.067102 0.926141 0.371160 118 245 174
0.402231 -0.034567 0.300405 -0.718816 0.068773 -0.691790 35 136 39
0.175271 -0.032607 -0.624656 0.118109 0.976036 0.182768 142 251 150
0.040730 -0.360379 -0.426685 0.455201 0.757669 -0.467685 185 224 67
-0.139220 0.060899 -0.674223 -0.265820 -0.409364 0.872789 93 75 238
0.144827 0.290510 -0.610294 0.130107 -0.967119 0.218525 144 4 155
0.356920 0.001101 0.882464 -0.941037 0.327967 0.082986 7 169 138
0.461475 -0.269385 -0.459572 0.086051 0.946966 -0.309597 138 248 88
0.530920 -0.008268 -0.574106 -0.866836 -0.073837 0.493095 16 118 190
-0.168718 -0.202294 -0.071260 0.318366 0.819308 0.476842 168 231 188
0.437115 -0.188185 -0.299236 -0.100064 0.873712 -0.476040 114 238 66
0.032020 0.178116 -0.543491 -0.537733 -0.647247 0.540292 58 44 196
0.284208 0.130110 0.868027 -0.353272 -0.893128 -0.278427 82 13 92
-0.302146 0.130667 -0.131214 0.097242 -0.944528 0.313704 139 7 167
0.159952 0.106173 0.879607 0.364517 -0.181391 -0.913359 173 104 11
0.093406 0.020869 0.561597 0.398519 0.095705 0.912153 178 139 243
0.201124 0.360676 0.155393 -0.061029 -0.881655 0.467931 119 15 187
0.146027 0.157275 0.746013 0.711618 -0.567889 -0.413645 218 55 74
-0.055321 -0.002330 -0.397694 0.972137 0.009459 0.234222 251 128 157
-0.286094 0.135529 -0.559517 0.447528 -0.803619 0.392321 184 25 177
-0.181429 0.203293 -0.047499 0.347383 -0.680888 0.644761 171 40 209
0.285548 0.030492 0.888638 0.115877 -0.118644 -0.986152 142 112 1
0.414827 -0.190381 0.218088 -0.399465 0.702329 0.589204 76 217 202
-0.291370 0.118965 -0.768400 0.360094 -0.583200 0.728155 173 53 220
0.083711 0.266264 0.595609 0.227222 -0.934080 0.275436 156 8 162
-0.292306 -0.067349 -0.152518 0.328954 0.774558 0.540231 169 226 196
-0.292644 -0.108005 -0.191754 0.702048 0.481710 -0.524484 217 188 60
0.296302 -0.041837 -0.299590 0.025752 -0.002224 -0.999666 130 127 0
-0.150541 0.011191 0.491890 0.757876 -0.222171 -0.613403 224 99 49
0.094102 0.084129 0.729509 0.861560 -0.299239 -0.410086 237 89 75
-0.049166 0.051839 -0.452064 0.946349 -0.221612 -0.235184 248 99 97
-0.157111 -0.113715 -0.502370 -0.352008 0.935561 0.028564 82 246 131
0.491221 0.007442 -0.396552 0.804278 0.592890 -0.040230 230 203 122
0.438268 -0.165482 0.941397 -0.700094 0.508950 -0.500838 38 192 63
-0.254141 -0.276596 0.043662 0.355673 0.889036 0.288291 172 240 164
0.570892 -0.051109 -0.388451 -0.970001 0.081828 -0.228915 3 137 98
-0.016079 -0.059461 0.606136 0.807256 0.375610 -0.455252 230 175 69
-0.249328 0.276216 -0.509412 0.136863 -0.976239 0.168007 144 3 148
-0.031305 -0.065486 -0.373845 0.087445 0.642102 0.761616 138 209 224
-0.324928 0.138005 -0.031364 0.508944 -0.855285 -0.097282 192 18 115
-0.215779 0.104402 0.147049 0.271566 -0.368405 -0.889118 162 80 14
0.146638 -0.163344 -0.585502 -0.203398 0.961028 -0.187228 101 250 103
0.527013 -0.050249 -0.255323 -0.527396 0.297315 -0.795901 60 165 26
0.140575 -0.298112 -0.543009 -0.081175 0.996627 0.012087 117 254 129
0.008631 0.221501 -0.618520 0.073944 -0.760810 0.644749 136 30 209
0.275194 -0.206245 0.780551 -0.574543 0.816083 -0.062521 54 231 119
-0.246129 0.250272 0.118341 0.601165 -0.798863 0.020458 204 25 130
-0.318599 0.144775 -0.264757 0.400305 -0.384971 -0.831597 178 78 21
-0.142938 0.038672 -0.073507 -0.979649 -0.139699 0.144127 2 109 145
0.228529 -0.032637 -0.099434 0.968165 0.115389 -0.222131 250 142 99
0.592897 -0.046415 -0.336179 -0.968714 0.092789 -0.230181 3 139 98
-0.335914 -0.214657 -0.439976 0.405251 0.569447 0.715194 179 200 218
-0.173167 0.274293 -0.138385 -0.363611 -0.888687 0.279324 81 14 163
0.020667 0.182595 0.481943 0.645895 -0.628837 0.432878 209 47 182
-0.313895 0.006873 -0.379726 0.814082 -0.398811 -0.422161 231 76 73
-0.442101 0.016507 -0.026515 0.925451 -0.014667 -0.378583 245 125 79
0.173117 0.014924 0.555580 0.607902 -0.044507 -0.792763 205 121 26
0.245641 -0.109924 0.940080 0.270509 0.224760 -0.936113 161 156 8
0.005252 0.029221 0.118525 -0.258347 -0.343240 -0.903019 94 83 12
0.024966 0.070863 0.016536 -0.857156 -0.484275 -0.175387 18 65 105
0.424179 -0.099899 -0.348488 -0.394195 0.833407 0.387354 77 233 176
0.194570 0.012434 0.072874 0.504287 -0.808505 -0.303340 191 24 88
0.236660 0.148338 -0.002634 0.359390 -0.482060 -0.799035 173 66 25
0.497491 -0.241867 -0.450750 -0.439307 0.716466 0.541928 71 218 196
0.201174 0.090868 0.522666 0.590310 -0.117762 -0.798540 202 112 25
0.261194 0.222846 0.648566 -0.555695 -0.818048 0.148327 56 23 146
-0.327422 -0.055345 0.024895 0.889796 0.280427 -0.360033 240 163 81
0.221688 -0.028905 0.135885 -0.946406 0.152267 0.284836 6 146 163
-0.201608 0.157002 0.182956 -0.007760 -0.796100 0.605115 126 25 204
-0.230164 0.100362 -0.371532 0.195898 -0.958245 0.208303 152 5 154
0.233947 -0.115579 0.837773 0.925663 0.297275 -0.234041 245 165 97
0.377306 -0.058816 0.920302 -0.757653 0.640772 0.123992 30 209 143
0.255292 -0.153215 0.110482 -0.772729 0.627120 -0.098028 28 207 115
0.265988 0.167893 0.156804 -0.219545 -0.947178 -0.233783 99 6 97
-0.273557 0.253217 -0.089046 -0.241203 -0.920993 0.305931 96 10 166
-0.247004 0.168394 -0.351991 0.618874 -0.764517 -0.180301 206 30 104
-0.373645 0.138494 -0.452154 0.475113 -0.828505 -0.296391 188 21 89
-0.102681 0.089483 -0.046107 0.417105 -0.212229 -0.883732 180 100 14
0.311421 0.219122 -0.622206 -0.462558 -0.883825 0.069956 68 14 136
0.255393 0.018581 0.668793 -0.441729 -0.192587 -0.876234 71 102 15
0.400981 -0.441111 -0.567289 -0.162754 0.986635 0.007908 106 253 128
-0.210142 0.209857 0.009685 -0.308728 -0.951082 -0.011387 88 6 126
0.476571 -0.209790 0.794616 -0.466864 0.884195 -0.015419 67 240 125
0.415868 -0.035511 0.010130 -0.984040 0.167933 -0.058861 2 148 119
-0.334956 -0.324124 -0.161199 -0.365098 0.921624 -0.131575 80 245 110
0.422139 -0.027835 -0.385357 -0.001367 0.612423 -0.790529 127 205 26
0.121773 -0.024147 0.781408 0.689759 0.104830 -0.716410 215 140 36
0.014794 -0.244123 -0.442647 -0.663305 0.663347 -0.346406 42 212 83
0.038305 -0.128971 -0.701702 -0.319630 0.947532 0.004457 86 248 128
0.150419 0.058845 -0.553505 -0.566210 -0.810788 0.148423 55 24 146
-0.032186 0.071831 -0.708471 -0.414273 -0.367973 0.832450 74 80 233
0.274049 -0.072553 -0.706135 -0.581874 0.264127 0.769194 53 161 225
0.183636 -0.025284 0.665243 0.985865 0.167295 -0.009034 253 148 126
-0.254780 -0.019186 -0.527042 0.536073 0.805542 0.252444 195 230 159
0.138145 0.043291 -0.173171 0.770412 -0.234707 -0.592772 225 97 51
-0.160521 -0.047735 -0.036407 0.522961 0.140379 -0.840717 194 145 20
-0.542411 0.011861 -0.204158 0.928120 -0.109860 -0.355701 245 113 82
-0.258495 -0.147398 0.146002 0.672136 0.217642 -0.707718 213 155 37
-0.069674 0.175322 -0.712545 0.080733 -0.987255 0.137148 137 1 144
-0.255786 -0.218097 -0.447967 -0.578929 0.798233 -0.166329 53 229 106
0.460413 0.200373 -0.109570 -0.625388 -0.743383 0.237218 47 32 157
0.210496 0.351585 0.049483 0.582071 -0.680138 -0.445652 201 40 70
0.181490 -0.100040 -0.201292 -0.217455 0.361644 0.906602 99 173 243
0.101392 0.139064 -0.581380 -0.360694 -0.916854 -0.171112 81 10 105
0.187591 0.132347 -0.084834 -0.201399 -0.702371 0.682725 101 37 214
-0.279159 0.336625 0.179162 0.398652 -0.889392 -0.223737 178 14 98
0.211924 -0.210493 0.762866 0.303652 0.681163 -0.666192 166 214 42
0.177964 0.197913 0.377926 -0.459492 -0.666297 -0.587295 68 42 52
0.085335 0.091945 -0.721722 0.299198 -0.346077 0.889219 165 83 240
0.205810 0.043774 -0.701186 -0.497167 -0.010800 0.867588 64 126 238
0.312249 -0.219357 0.942521 0.233924 0.658314 -0.715474 157 211 36
0.437818 -0.156383 -0.557501 -0.389100 0.842542 0.372457 77 234 174
-0.187413 0.198591 0.072281 -0.254097 -0.966322 0.040703 95 4 132
0.271387 0.160402 0.708957 -0.518135 -0.820890 -0.240156 61 22 96
-0.327337 0.045118 -0.606586 0.830105 -0.165315 0.532538 233 106 195
0.221727 0.181482 -0.715318 -0.400542 -0.415085 0.816866 76 74 231
0.320221 -0.036482 -0.354706 -0.083991 0.364598 -0.927369 116 173 9
-0.355993 -0.204362 -0.115287 0.744916 0.442526 -0.499271 222 183 63
0.583326 -0.236993 -0.357282 -0.480205 0.835393 -0.267437 66 234 93
0.181555 -0.018911 -0.572909 -0.650062 0.164940 0.741764 44 148 222
0.560409 -0.239638 -0.292033 -0.257641 0.966140 -0.013949 94 250 125
0.417033 -0.002608 -0.418111 -0.378678 -0.105793 -0.919462 79 114 10
-0.232818 -0.354152 -0.192002 -0.290661 0.932294 -0.215276 90 246 100
-0.077119 -0.140859 0.023451 -0.533706 0.412612 0.738180 59 180 221
0.411858 -0.168394 -0.498085 -0.645609 0.559389 0.519878 45 198 193
0.215550 0.127628 -0.120248 -0.705942 -0.688929 0.164384 37 39 148
-0.396670 -0.255465 -0.028346 0.518772 0.613022 -0.595885 193 205 51
0.282748 -0.019951 0.950239 0.563316 0.357573 0.744860 199 173 222
0.358761 -0.057348 0.774939 -0.538787 0.545559 0.641930 58 197 209
-0.085150 0.095229 -0.803594 0.623974 -0.108998 0.773806 207 113 226
0.170305 -0.212661 0.860254 0.753624 0.616587 -0.227754 223 206 98
-0.320629 -0.094760 -0.011624 0.908324 0.257689 -0.329459 243 160 85
0.103344 -0.025495 -0.231358 0.974705 -0.066424 -0.213399 251 119 100
0.230320 0.155611 -0.069079 0.848875 -0.457055 -0.265540 235 69 93
0.180503 0.139965 -0.609473 -0.363796 -0.931254 0.020473 81 8 130
0.001268 0.129864 -0.770291 -0.611084 -0.368558 0.700530 49 80 216
-0.328678 -0.102464 -0.008853 0.617193 0.554879 -0.557837 206 198 56
-0.268562 0.029288 -0.074018 0.642426 0.355603 0.678848 209 172 214
0.376293 -0.126542 0.283951 -0.853531 0.434856 0.287028 18 182 164
-0.495807 -0.117017 -0.289234 0.966565 0.251770 -0.048615 250 159 121
0.121636 -0.139108 -0.672840 -0.742928 0.513486 0.429407 32 192 182
0.249358 0.147006 0.122201 0.653316 -0.745113 -0.134106 210 32 110
-0.175866 0.283859 -0.040524 0.037666 -0.661402 -0.749085 132 43 31
0.207455 0.190736 -0.575578 0.469638 -0.876629 -0.104702 187 15 114
0.258253 -0.107828 0.874973 0.087081 0.812292 -0.576713 138 231 53
0.065109 -0.238232 -0.120353 -0.458299 0.866214 0.199084 69 237 152
-0.322690 -0.021845 -0.291573 0.865605 -0.440078 0.238871 237 71 157
0.290284 0.033032 -0.449994 -0.789384 -0.595078 0.150846 26 51 146
0.246848 0.291137 -0.592620 0.260404 -0.937590 0.230467 160 7 156
-0.107055 0.035152 -0.592898 0.693529 -0.009059 0.720372 215 126 219
0.175540 0.003427 -0.643859 0.840352 -0.255843 0.477863 234 94 188
0.415807 0.246336 -0.456089 -0.277074 -0.853729 -0.440883 92 18 71
