ply
format ascii 1.0
element vertex 4096
property float x
property float y
property float z
property float nx
property float ny
property float nz
property uchar red
property uchar green
property uchar blue
end_header
-0.323886 0.256950 -0.762051 0.147451 -0.947782 0.282786 146 6 163
-0.326104 -0.182832 -0.579961 -0.531117 0.491156 -0.690421 59 190 39
-0.027848 0.157547 0.659010 0.036277 -0.458299 -0.888058 132 69 14
-0.427634 -0.229105 0.247507 0.694816 0.691855 0.196387 216 215 152
-0.246840 0.141074 0.095704 -0.000243 -0.449787 0.893136 127 70 241
0.291428 0.090091 0.159273 -0.792725 -0.282354 -0.540243 26 91 58
0.769020 -0.207168 0.550014 -0.364621 0.810290 0.458783 81 230 185
0.302458 0.168074 -0.408978 0.557075 -0.824982 0.095248 198 22 139
0.145368 -0.248550 -0.799992 -0.015388 0.680313 -0.732760 125 214 34
-0.443163 -0.217121 0.338684 0.698307 0.661406 -0.273695 216 211 92
-0.399245 0.042630 -0.434395 -0.676154 -0.141776 -0.722991 41 109 35
-0.003615 -0.264150 0.201054 -0.045337 0.924932 0.377420 121 245 175
-0.535806 -0.052766 -0.350320 0.877861 0.164968 -0.449606 239 148 70
-0.458082 0.187858 -0.779123 0.495882 -0.731949 0.467281 190 34 187
0.430775 -0.160731 -0.332272 -0.805340 0.475921 -0.353451 24 188 82
0.086819 0.033014 -1.058551 0.066158 -0.172676 0.982754 135 105 252
0.418440 0.228945 -0.722094 -0.570779 -0.818479 0.065595 54 23 135
0.275066 -0.266061 0.517186 -0.092471 0.970301 0.223529 115 251 155
0.470805 0.165633 -0.490156 -0.769427 -0.634225 -0.075775 29 46 117
-0.454300 -0.117794 0.505978 0.870240 0.203671 -0.448554 238 153 70
-0.359213 0.159649 -0.877967 0.442041 -0.543852 0.713319 183 58 218
0.419575 -0.228935 -0.667293 -0.115040 0.990340 -0.077409 112 253 117
0.160684 -0.188277 -0.748219 0.045541 0.487402 -0.871989 133 189 16
-0.172072 -0.196488 0.129766 -0.024984 0.625721 0.779646 124 207 226
0.167108 -0.216783 0.403482 -0.568607 0.686997 0.452461 55 215 185
0.346934 -0.048144 0.101008 -0.768146 0.247648 -0.590443 29 159 52
-0.417506 -0.051971 -0.908320 0.487098 0.111350 0.866219 189 141 237
-0.577214 -0.007826 -0.648715 0.939211 -0.160104 0.303727 247 107 166
-0.557962 -0.158186 -0.577690 0.935294 0.283152 0.212252 246 163 154
-0.408656 0.209675 -0.549082 -0.416064 -0.789552 -0.451108 74 26 69
-0.575149 -0.035749 -0.422892 0.967944 0.215731 -0.128630 250 155 111
0.427376 -0.173624 -0.918243 -0.660273 0.711630 0.240044 43 218 158
0.047501 0.282391 0.346683 -0.554269 -0.830197 0.059661 56 21 135
0.522194 0.212493 0.467736 -0.059860 -0.774073 0.630260 119 28 207
0.549367 0.138966 0.692178 0.036277 -0.458299 -0.888058 132 69 14
-0.022659 0.092475 0.076709 0.518317 -0.443196 0.731386 193 70 220
0.092018 -0.085243 -0.714900 -0.028322 0.208807 -0.977547 123 154 2
-0.403272 -0.155230 -0.854391 0.463769 0.666940 0.583189 186 212 201
0.508257 0.052861 0.388392 -0.206361 -0.030820 0.977990 101 123 252
-0.126368 0.052324 0.074636 0.041302 -0.192273 0.980472 132 102 252
0.331553 -0.237162 -0.942278 -0.337448 0.935493 0.104793 84 246 140
-0.364789 -0.279168 0.358767 0.573640 0.775379 -0.264053 200 226 93
0.290238 0.156176 0.672711 0.036277 -0.458299 -0.888058 132 69 14
-0.012673 -0.146331 0.089008 0.177094 0.291592 0.940006 150 164 247
-0.069626 -0.319842 0.347984 -0.246429 0.964718 0.092694 96 250 139
0.484132 0.020522 -0.287186 -0.955300 0.029842 -0.294127 5 131 89
-0.168498 -0.085074 0.083997 -0.036917 0.142496 0.989107 122 145 253
0.112457 -0.224833 0.597243 -0.016959 0.558802 -0.829128 125 198 21
0.629195 -0.222505 0.600416 0.020942 0.848298 -0.529105 130 235 60
0.131866 0.072091 -0.017850 0.857335 -0.148751 0.492799 236 108 190
0.797480 -0.069898 0.487649 -0.421985 0.279186 0.862545 73 163 237
-0.272995 0.310003 0.382849 0.386713 -0.922076 0.015131 176 9 129
0.229184 0.028554 0.707680 0.000333 -0.294430 -0.955673 127 89 5
0.428706 0.264904 0.533588 -0.057394 -0.944912 0.322255 120 7 168
-0.383179 -0.236268 -0.646385 0.051700 0.971068 -0.233139 134 251 97
0.169180 -0.253083 -0.807567 0.016087 0.967804 -0.251191 129 250 95
0.490271 -0.161307 -0.660817 -0.770294 0.634423 -0.064453 29 208 119
0.434160 -0.047678 0.382156 -0.263628 0.557645 0.787104 93 198 227
0.179199 0.061614 -0.151715 0.931778 -0.298417 0.206731 246 89 153
-0.019405 -0.083328 0.697981 0.011677 0.525042 -0.850996 128 194 18
0.336871 0.192059 -0.452187 0.511616 -0.855508 -0.079718 192 18 117
-0.460905 -0.115836 -0.851621 0.635366 0.465576 0.616075 208 186 206
0.516834 0.028994 -0.668357 -0.997789 -0.065637 0.010465 0 119 128
0.236527 0.085804 -1.053947 0.034890 -0.285453 0.957757 131 91 249
0.384005 0.200127 -0.378718 -0.475058 -0.868012 -0.144481 66 16 109
0.123442 -0.240030 0.192164 -0.376062 0.918169 -0.124671 79 244 111
0.336453 -0.230230 -0.738922 0.441746 0.802931 -0.400202 183 229 76
-0.230821 0.077296 -0.611918 -0.414280 -0.432652 -0.800740 74 72 25
0.260184 0.279885 0.547501 -0.057394 -0.944912 0.322255 120 7 168
-0.268020 0.088094 -0.581958 -0.708015 -0.396048 -0.584689 37 77 52
-0.362954 0.160552 0.595812 0.304376 -0.274468 -0.912153 166 92 11
0.357190 0.191936 0.642686 0.005013 -0.682509 -0.730860 128 40 34
0.697626 -0.220690 0.606035 0.020942 0.848298 -0.529105 130 235 60
0.228945 -0.269991 0.563698 -0.060276 0.977872 0.200333 119 252 153
0.343825 -0.205122 -0.398851 0.708285 0.653889 0.266010 217 210 161
-0.575295 0.114300 -0.581184 0.942249 -0.218569 0.253760 247 99 159
0.629045 -0.032301 0.417689 -0.122451 0.398563 0.908930 111 178 243
-0.080685 0.306045 0.283031 -0.073469 -0.917572 0.390722 118 10 177
-0.400135 -0.238218 0.399930 0.709595 0.652373 -0.266239 217 210 93
0.241491 0.112166 0.693432 0.036277 -0.458299 -0.888058 132 69 14
-0.535103 0.173525 -0.449090 0.469894 -0.864308 -0.179364 187 17 104
-0.280163 0.218299 -0.875701 0.284704 -0.699461 0.655513 163 38 211
-0.505956 -0.051177 0.414884 0.963233 -0.047511 -0.264433 250 121 93
0.091818 0.128737 -0.735317 -0.063181 -0.257698 -0.964158 119 94 4
-0.388193 0.211252 -0.816644 0.495882 -0.731949 0.467281 190 34 187
0.431564 0.095357 -0.183431 -0.924492 -0.350456 -0.149985 9 82 108
0.816287 0.158215 0.637253 -0.531062 -0.591297 -0.606911 59 52 50
0.022505 0.283811 0.290709 -0.294970 -0.935531 0.194355 89 8 152
-0.481534 -0.106373 0.458327 0.870240 0.203671 -0.448554 238 153 70
-0.234680 0.197114 -0.918061 0.284704 -0.699461 0.655513 163 38 211
0.310376 0.193421 -0.315195 0.414446 -0.881486 0.226313 180 15 156
0.490134 -0.169236 -0.737222 -0.770294 0.634423 -0.064453 29 208 119
0.119285 -0.004185 0.708507 -0.016541 0.128095 -0.991624 125 143 1
-0.286707 0.212584 -0.878957 0.284704 -0.699461 0.655513 163 38 211
0.173135 0.181747 0.010298 0.510324 -0.805611 0.300932 192 24 165
-0.235161 -0.246242 0.182345 0.037082 0.796556 0.603427 132 229 204
0.460654 -0.184536 -0.535499 -0.770294 0.634423 -0.064453 29 208 119
0.231984 -0.239540 0.584886 -0.016959 0.558802 -0.829128 125 198 21
-0.066338 -0.291628 0.552415 -0.011435 0.928864 -0.370244 126 245 80
0.516504 0.120985 0.700115 0.036277 -0.458299 -0.888058 132 69 14
-0.091358 0.129553 -0.710353 -0.371318 -0.453624 -0.810153 80 69 24
0.350895 -0.235907 0.476096 -0.126541 0.649068 0.750132 111 210 223
0.464135 0.001012 -0.237399 -0.940050 0.300511 -0.161243 7 165 106
0.333350 -0.072380 0.365892 -0.263628 0.557645 0.787104 93 198 227
0.013685 0.168846 -0.758451 0.025247 -0.495723 -0.868114 130 64 16
0.329729 -0.193457 0.635135 0.020942 0.848298 -0.529105 130 235 60
-0.050128 -0.244359 0.587409 -0.016959 0.558802 -0.829128 125 198 21
0.360137 0.174032 -0.115062 -0.704038 -0.679687 -0.205806 37 40 101
-0.294970 0.058597 0.058957 -0.025042 -0.038369 0.998950 124 122 254
0.538177 -0.226596 0.590254 0.020942 0.848298 -0.529105 130 235 60
0.397927 0.025270 0.707664 -0.016541 0.128095 -0.991624 125 143 1
0.421992 0.120991 -1.002309 -0.675264 -0.222970 0.703067 41 99 217
0.288490 0.013427 0.192228 -0.838024 -0.184662 -0.513435 20 103 62
0.860287 0.101530 0.531347 -0.740850 -0.494591 0.454445 33 64 185
-0.228460 0.075250 0.073906 -0.242404 -0.180285 0.953277 96 104 249
-0.146030 -0.309078 0.504540 0.087764 0.920958 -0.379649 138 244 79
0.517352 -0.162048 0.660133 0.017580 0.468175 -0.883461 129 187 14
0.352933 0.220844 -0.929304 -0.439591 -0.780037 0.445312 71 28 184
0.042843 -0.094991 0.691639 0.011677 0.525042 -0.850996 128 194 18
0.212101 -0.099580 0.270019 -0.804498 0.583850 -0.109095 24 201 113
0.774957 0.210415 0.602462 -0.333090 -0.817295 -0.470192 85 23 67
0.287277 0.029569 0.342718 -0.190944 0.043192 0.980650 103 133 252
-0.404951 -0.189173 -0.523818 -0.531117 0.491156 -0.690421 59 190 39
0.167201 0.107543 -1.044942 0.034890 -0.285453 0.957757 131 91 249
0.425506 0.082800 -0.117621 -0.944491 -0.254870 -0.207312 7 95 101
0.209220 0.047640 -0.262496 0.941530 0.108501 0.318981 247 141 168
0.193074 -0.116930 0.317473 -0.804498 0.583850 -0.109095 24 201 113
-0.177729 -0.256362 -0.793636 -0.100504 0.963345 -0.248728 114 250 95
0.194887 0.131332 0.261620 -0.545933 -0.694198 -0.469091 57 38 67
0.113809 0.247502 -0.926804 -0.010726 -0.902555 0.430441 126 12 182
0.150747 -0.059395 0.703729 -0.008797 0.052045 -0.998606 126 134 0
0.760524 0.006877 0.701812 -0.008797 0.052045 -0.998606 126 134 0
-0.551393 -0.136568 -0.413213 0.967944 0.215731 -0.128630 250 155 111
0.281642 0.209720 -0.164336 0.021033 -0.997218 0.071515 130 0 136
0.439558 0.213081 -0.736278 -0.570779 -0.818479 0.065595 54 23 135
0.254689 -0.195983 -0.062431 0.629703 0.767085 0.122695 207 225 143
0.119912 0.123483 -1.035288 0.024618 -0.563757 0.825574 130 55 232
0.280758 -0.249439 -0.955230 0.010241 0.847668 0.530428 128 235 195
-0.015573 -0.140006 0.663065 0.011677 0.525042 -0.850996 128 194 18
-0.328163 0.039684 -0.955548 0.433314 -0.310199 0.846177 182 87 235
0.426831 -0.217526 -0.793140 -0.602676 0.750450 0.271307 50 223 162
0.262840 -0.048437 -0.471521 0.979569 0.200644 -0.013687 252 153 125
0.691353 -0.177487 0.655414 0.017580 0.468175 -0.883461 129 187 14
0.678770 0.158630 0.456519 -0.264025 -0.539822 0.799301 93 58 229
-0.210494 -0.317272 0.303168 -0.049644 0.922417 0.382991 121 245 176
0.047182 -0.156933 -1.014228 0.009021 0.499993 0.865982 128 191 237
0.326727 0.189527 -0.365111 0.557075 -0.824982 0.095248 198 22 139
-0.491674 0.176802 -0.734816 0.642701 -0.717088 0.269666 209 36 161
-0.471739 0.082999 0.120708 0.703995 -0.350966 0.617425 217 82 206
-0.299737 -0.198684 -0.890646 0.482312 0.517504 0.706799 188 193 217
-0.374300 0.265770 0.276425 0.386713 -0.922076 0.015131 176 9 129
-0.295524 0.212359 -0.875368 0.284704 -0.699461 0.655513 163 38 211
0.250145 -0.089797 0.225315 -0.808436 0.250074 -0.532817 24 159 59
-0.214646 -0.151243 0.653401 0.011677 0.525042 -0.850996 128 194 18
-0.051129 0.181049 0.645930 0.036277 -0.458299 -0.888058 132 69 14
0.434072 0.023812 0.371823 -0.206361 -0.030820 0.977990 101 123 252
0.294032 0.157127 -0.484799 0.828317 -0.557537 0.055155 233 56 134
0.343181 -0.196077 -0.156874 -0.774426 0.625102 -0.097529 28 207 115
0.075984 0.115533 -1.039238 0.034890 -0.285453 0.957757 131 91 249
0.132926 -0.147691 -0.729424 -0.028322 0.208807 -0.977547 123 154 2
-0.086211 0.245016 -0.814361 -0.121932 -0.989976 -0.071272 111 1 118
0.119726 -0.181646 -1.000715 0.009021 0.499993 0.865982 128 191 237
-0.566335 -0.001725 -0.679475 0.972409 -0.168200 0.161648 251 106 148
-0.242421 -0.180322 -0.936517 0.501525 0.358041 0.787578 191 173 227
0.402952 0.131341 -0.120729 -0.704619 -0.679350 -0.204926 37 40 101
0.364387 0.238070 -0.727826 0.140468 -0.953412 -0.266972 145 5 93
0.328429 -0.095628 0.380715 -0.263628 0.557645 0.787104 93 198 227
0.200469 -0.196964 0.030813 0.368486 0.769310 0.521900 174 225 194
-0.062430 -0.251318 0.582970 -0.016959 0.558802 -0.829128 125 198 21
0.351186 0.131794 0.385602 -0.101714 -0.511874 0.853018 114 62 236
0.261237 0.027790 -0.603886 0.997376 -0.020535 0.069427 254 124 136
0.079744 -0.015088 -1.066527 0.066158 -0.172676 0.982754 135 105 252
0.124560 0.270196 0.469538 -0.427422 -0.836810 0.342141 73 20 171
0.220249 0.090879 0.700592 0.007575 0.029582 -0.999534 128 131 0
0.837435 -0.135473 0.633603 -0.814746 0.371217 -0.445406 23 174 70
0.094048 0.243695 0.240663 -0.554269 -0.830197 0.059661 56 21 135
0.205279 0.228503 0.447088 -0.101141 -0.723762 0.682597 114 35 214
0.227824 -0.170867 0.400368 -0.172880 0.487340 0.855928 105 189 236
0.027519 -0.181517 -0.751396 0.045541 0.487402 -0.871989 133 189 16
0.282675 -0.143564 -0.694127 0.418005 0.512946 -0.749772 180 192 31
-0.098071 -0.240119 0.591246 -0.016959 0.558802 -0.829128 125 198 21
-0.216591 0.032935 0.068921 -0.242404 -0.180285 0.953277 96 104 249
-0.132750 -0.334946 0.355813 -0.049644 0.922417 0.382991 121 245 176
-0.246625 0.125601 -0.629842 -0.414280 -0.432652 -0.800740 74 72 25
-0.166468 0.136053 0.094763 -0.037414 -0.300091 0.953176 122 89 249
0.705243 0.167426 0.471204 -0.264025 -0.539822 0.799301 93 58 229
0.046639 0.008517 0.041176 0.209530 -0.178864 0.961304 154 104 250
-0.066526 -0.095709 0.689696 0.011677 0.525042 -0.850996 128 194 18
-0.013195 -0.087739 -0.718370 0.067988 0.006595 -0.997664 136 128 0
0.402305 0.179461 0.422707 -0.111069 -0.559776 0.821167 113 56 232
-0.174597 0.077271 -0.640994 -0.414280 -0.432652 -0.800740 74 72 25
0.199298 -0.187439 -0.745734 0.045541 0.487402 -0.871989 133 189 16
0.318640 -0.036302 0.351726 -0.190944 0.043192 0.980650 103 133 252
-0.026619 0.267166 0.570892 0.047593 -0.749211 -0.660620 133 31 43
-0.481346 0.158850 0.278141 0.841239 -0.540457 -0.014925 234 58 125
0.048426 -0.026120 -0.713763 0.067988 0.006595 -0.997664 136 128 0
0.451214 0.177301 0.656998 0.005013 -0.682509 -0.730860 128 40 34
0.323991 0.210778 -0.162025 0.021033 -0.997218 0.071515 130 0 136
0.502992 0.112725 -0.736906 -0.966397 -0.256907 -0.008684 4 94 126
0.092888 0.101579 -1.044013 0.034890 -0.285453 0.957757 131 91 249
0.519678 0.200480 0.636866 0.006760 -0.645757 -0.763513 128 45 30
0.328383 0.102856 0.093777 -0.759108 -0.517402 -0.395033 30 61 77
0.024821 0.151110 -0.747999 0.025247 -0.495723 -0.868114 130 64 16
0.763742 -0.042229 0.462187 -0.421985 0.279186 0.862545 73 163 237
0.228633 0.012972 0.286121 -0.805722 0.145694 -0.574095 24 146 54
-0.046595 -0.019200 0.076065 0.375302 0.145263 0.915449 175 146 244
0.224195 -0.079893 -0.264495 0.975218 0.103012 0.195805 251 140 152
-0.128285 -0.226589 -0.939011 0.237401 0.841496 0.485310 157 234 189
0.341065 -0.194465 -0.545177 0.723251 0.685999 -0.079458 219 214 117
-0.246413 -0.318700 0.308317 0.131903 0.979567 0.151822 144 252 146
-0.465898 0.162175 -0.810499 0.438069 -0.540943 0.717967 183 58 219
0.050782 -0.130335 0.072091 0.177094 0.291592 0.940006 150 164 247
0.732041 0.066379 0.440417 -0.280373 -0.075330 0.956931 91 117 249
0.496895 0.133996 -0.687748 -0.966397 -0.256907 -0.008684 4 94 126
0.099127 -0.052413 -0.710482 0.067988 0.006595 -0.997664 136 128 0
-0.424843 0.237592 -0.732445 0.642701 -0.717088 0.269666 209 36 161
-0.087590 -0.225184 -0.767847 -0.391849 0.583396 -0.711409 77 201 36
0.068486 -0.263114 0.207177 -0.045337 0.924932 0.377420 121 245 175
-0.312276 0.238026 0.180459 0.134808 -0.788432 0.600168 144 26 204
0.291048 -0.127352 -0.554985 0.889317 0.453086 0.061874 240 185 135
-0.568067 0.136286 -0.544524 0.956039 -0.279262 -0.089459 249 91 116
-0.184254 -0.063421 -1.022978 0.328795 0.188941 0.925308 169 151 245
0.197675 -0.193284 0.406681 -0.566709 0.515980 0.642344 55 193 209
0.149387 0.224115 0.164960 -0.104959 -0.990785 0.085605 114 1 138
0.025118 0.135066 0.069413 0.209530 -0.178864 0.961304 154 104 250
-0.337998 0.245530 -0.792968 0.147451 -0.947782 0.282786 146 6 163
0.189068 0.139086 0.332801 -0.599100 -0.367847 0.711173 51 80 218
0.518641 0.029004 -0.593185 -0.999543 -0.010306 0.028401 0 126 131
-0.106693 -0.118801 -1.031363 0.012299 0.324492 0.945808 129 168 248
0.090946 -0.276732 0.411553 -0.486362 0.754192 0.441188 65 223 183
0.355880 0.097598 0.047825 -0.759108 -0.517402 -0.395033 30 61 77
0.202186 -0.235553 -0.973362 0.020801 0.471972 0.881368 130 187 239
0.371765 0.230936 0.609797 0.006760 -0.645757 -0.763513 128 45 30
-0.315934 -0.049590 0.061951 -0.156817 0.065365 0.985462 107 135 253
0.249044 0.116160 0.364042 -0.101714 -0.511874 0.853018 114 62 236
-0.182703 0.201341 -0.706158 -0.425989 -0.451589 -0.783965 73 69 27
-0.092318 -0.201140 0.617399 -0.016959 0.558802 -0.829128 125 198 21
0.069770 -0.266681 -0.901844 -0.028353 0.998995 -0.034707 123 254 123
0.028127 -0.017225 0.045117 0.375302 0.145263 0.915449 175 146 244
0.187452 -0.165787 -0.005953 0.368486 0.769310 0.521900 174 225 194
-0.398695 -0.227694 0.429557 0.709595 0.652373 -0.266239 217 210 93
0.298815 -0.211186 -0.028218 -0.217098 0.947841 -0.233380 99 248 97
-0.321736 0.197175 0.128918 0.134808 -0.788432 0.600168 144 26 204
-0.270675 0.057736 -0.561406 -0.677269 -0.367707 -0.637258 41 80 46
-0.546086 0.077228 -0.382127 0.925056 -0.171947 -0.338682 245 105 84
0.518872 -0.021391 -0.790099 -0.997789 -0.065637 0.010465 0 119 128
0.364541 0.176646 -0.138843 -0.704619 -0.679350 -0.204926 37 40 101
0.477942 -0.172232 -0.621002 -0.770294 0.634423 -0.064453 29 208 119
0.773777 0.220028 0.586589 -0.333090 -0.817295 -0.470192 85 23 67
0.499245 0.126478 -0.726797 -0.966397 -0.256907 -0.008684 4 94 126
0.170062 0.243541 0.457815 -0.101141 -0.723762 0.682597 114 35 214
0.222002 -0.246935 -0.958099 0.010241 0.847668 0.530428 128 235 195
-0.058010 -0.099167 0.088889 -0.026217 0.133717 0.990673 124 144 253
-0.033263 -0.031992 0.707460 -0.016541 0.128095 -0.991624 125 143 1
-0.081455 -0.000720 -1.053150 0.066158 -0.172676 0.982754 135 105 252
0.339100 0.196838 -0.118413 -0.704038 -0.679687 -0.205806 37 40 101
0.423774 0.142095 0.685433 0.036277 -0.458299 -0.888058 132 69 14
0.086181 -0.042691 0.017262 0.574980 0.250621 0.778837 200 159 226
0.264443 -0.058998 -0.511590 0.979569 0.200644 -0.013687 252 153 125
0.274693 -0.172026 -1.009092 0.020801 0.471972 0.881368 130 187 239
0.146926 -0.199473 -0.991379 0.020801 0.471972 0.881368 130 187 239
-0.136167 0.202476 0.629459 0.005013 -0.682509 -0.730860 128 40 34
-0.269737 0.111782 0.670193 0.430982 -0.520199 -0.737324 182 61 33
-0.496346 -0.111384 0.411477 0.872002 0.374339 -0.315408 238 175 87
0.065829 -0.087474 -0.714617 -0.028322 0.208807 -0.977547 123 154 2
0.144463 0.075356 -1.053707 0.034890 -0.285453 0.957757 131 91 249
0.271433 0.227992 0.611399 0.006760 -0.645757 -0.763513 128 45 30
-0.091535 -0.139376 -1.022920 0.009021 0.499993 0.865982 128 191 237
-0.537078 0.045998 -0.804163 0.882193 -0.346001 0.319403 239 83 168
0.231975 -0.027904 -0.330594 0.975218 0.103012 0.195805 251 140 152
0.000298 -0.217291 -0.772813 0.045541 0.487402 -0.871989 133 189 16
0.482220 0.155789 -0.523675 -0.769427 -0.634225 -0.075775 29 46 117
0.823500 -0.197865 0.578022 -0.738148 0.432997 0.517350 33 182 193
-0.180498 0.346048 0.382568 0.216982 -0.967263 -0.131611 155 4 110
-0.580152 -0.024143 -0.471806 0.989257 0.139533 -0.043608 253 145 121
0.765708 0.198265 0.629528 -0.002627 -0.847051 -0.531505 127 19 59
0.432232 0.005576 0.372000 -0.190944 0.043192 0.980650 103 133 252
-0.502766 0.117602 0.277485 0.940852 -0.338746 0.006962 247 84 128
0.130611 0.268602 0.575806 0.006760 -0.645757 -0.763513 128 45 30
-0.263748 -0.161692 -0.935147 0.351877 0.412496 0.840255 172 180 234
0.348270 -0.114376 0.050474 -0.796829 0.530190 -0.289761 25 195 90
0.749133 0.139946 0.472775 -0.389575 -0.353389 0.850498 77 82 235
0.448698 0.053736 -0.191792 -0.924492 -0.350456 -0.149985 9 82 108
0.289994 -0.113182 -0.643595 0.889317 0.453086 0.061874 240 185 135
-0.154041 -0.245988 -0.755863 -0.323023 0.631724 -0.704686 86 208 37
0.285473 -0.258126 -0.831815 -0.028353 0.998995 -0.034707 123 254 123
-0.213703 -0.199709 0.620846 -0.016959 0.558802 -0.829128 125 198 21
0.202072 -0.103021 0.325557 -0.804498 0.583850 -0.109095 24 201 113
0.225234 -0.075650 0.270063 -0.989029 0.040569 -0.142042 1 132 109
-0.320816 0.271364 0.439469 0.554222 -0.793586 -0.251117 198 26 95
0.133065 0.050978 0.700738 0.000333 -0.294430 -0.955673 127 89 5
-0.271441 0.261801 0.202519 0.134808 -0.788432 0.600168 144 26 204
-0.302499 -0.225607 -0.646301 -0.297830 0.829865 -0.471828 89 233 67
-0.082701 -0.225709 -0.770970 -0.391849 0.583396 -0.711409 77 201 36
0.396853 0.018835 0.021963 -0.858945 0.006099 -0.512032 17 128 62
-0.482379 0.029837 0.107563 0.592037 -0.274454 0.757739 202 92 224
0.291625 -0.133213 -0.466370 0.723251 0.685999 -0.079458 219 214 117
0.081866 -0.142252 -1.023066 0.009021 0.499993 0.865982 128 191 237
-0.572612 -0.082311 -0.589811 0.985640 0.147848 0.081575 253 146 137
-0.371139 0.030190 0.642964 0.805118 -0.045171 -0.591392 230 121 52
-0.122829 -0.336239 0.428147 -0.245669 0.969299 0.010331 96 251 128
-0.292785 -0.023781 -0.980074 0.465765 0.135365 0.874494 186 144 238
0.728139 -0.120460 0.686366 0.017580 0.468175 -0.883461 129 187 14
-0.205291 -0.201550 0.132765 -0.024984 0.625721 0.779646 124 207 226
-0.156062 0.204367 0.136122 0.077412 -0.565419 0.821163 137 55 232
0.838457 0.142915 0.540801 -0.740850 -0.494591 0.454445 33 64 185
0.521109 -0.040495 -0.696559 -0.997789 -0.065637 0.010465 0 119 128
-0.546079 -0.013188 -0.365477 0.863899 0.028849 -0.502839 237 131 63
0.076963 -0.258166 0.229712 -0.497520 0.863265 -0.085130 64 237 116
-0.289639 -0.256788 -0.728163 -0.102360 0.980679 -0.166708 114 252 106
0.227673 0.024968 0.316962 -0.992395 0.115965 0.041277 0 142 132
0.256181 0.049884 -1.065369 0.034890 -0.285453 0.957757 131 91 249
0.694050 0.225021 0.587242 -0.002627 -0.847051 -0.531505 127 19 59
0.398620 0.154950 -0.184097 -0.704619 -0.679350 -0.204926 37 40 101
0.578058 0.237535 0.580414 -0.087175 -0.895052 -0.437359 116 13 71
0.434936 -0.103387 -0.261733 -0.940050 0.300511 -0.161243 7 165 106
0.277407 -0.099859 -0.560234 0.889317 0.453086 0.061874 240 185 135
-0.092633 -0.328311 0.402397 -0.245669 0.969299 0.010331 96 251 128
-0.559376 -0.102988 -0.416966 0.967944 0.215731 -0.128630 250 155 111
0.523123 -0.072058 0.417984 -0.213896 0.413606 0.884974 100 180 240
-0.526706 -0.135099 -0.711140 0.891123 0.293443 0.346109 241 164 171
0.233488 -0.111413 0.684124 0.011677 0.525042 -0.850996 128 194 18
-0.295534 0.156520 -0.597816 -0.602042 -0.495825 -0.625861 50 64 47
0.476933 -0.153357 -0.856210 -0.862507 0.403972 0.304776 17 179 166
-0.178707 -0.091042 -0.633575 -0.583793 0.269114 -0.766005 53 161 29
0.738353 -0.092542 0.466309 -0.242757 0.405036 0.881485 96 179 239
-0.013726 -0.267525 0.208032 -0.049654 0.924251 0.378543 121 245 175
-0.097381 -0.260081 -0.896056 0.237401 0.841496 0.485310 157 234 189
-0.264791 0.300799 0.474077 0.138736 -0.825431 -0.547190 145 22 57
0.270428 -0.086113 -0.560579 0.889317 0.453086 0.061874 240 185 135
-0.142749 0.170747 -0.983396 0.236022 -0.470237 0.850394 157 67 235
-0.142746 -0.238265 -0.754117 -0.323023 0.631724 -0.704686 86 208 37
0.367589 0.190807 -0.196272 -0.704619 -0.679350 -0.204926 37 40 101
0.425443 -0.224835 -0.699007 -0.653200 0.756951 -0.018857 44 224 125
-0.377842 0.256595 0.228739 0.446801 -0.878519 0.169033 184 15 149
0.264001 0.204434 0.631258 0.006760 -0.645757 -0.763513 128 45 30
-0.126373 0.270435 0.559997 0.047593 -0.749211 -0.660620 133 31 43
0.302249 0.097440 0.359152 -0.101714 -0.511874 0.853018 114 62 236
-0.238225 0.159654 0.105891 -0.078855 -0.595243 0.799667 117 51 229
0.373523 -0.209992 0.610359 0.020942 0.848298 -0.529105 130 235 60
-0.552173 0.176493 -0.554843 0.613263 -0.783377 -0.101140 205 27 114
-0.156310 -0.129506 -1.014453 0.501525 0.358041 0.787578 191 173 227
0.127132 0.034222 -0.021044 0.857335 -0.148751 0.492799 236 108 190
-0.087459 0.189306 0.119285 0.077412 -0.565419 0.821163 137 55 232
-0.418825 0.043319 0.070914 0.359187 -0.303873 0.882409 173 88 240
0.335472 0.267408 0.508871 -0.083334 -0.986221 0.142913 116 1 145
0.741826 0.142942 0.690516 -0.533828 -0.337480 -0.775329 59 84 28
0.827387 0.093993 0.496263 -0.626130 -0.354101 0.694675 47 82 216
-0.383121 0.260094 0.260879 0.446801 -0.878519 0.169033 184 15 149
-0.143139 -0.324332 0.468205 0.087764 0.920958 -0.379649 138 244 79
-0.333285 0.026780 0.674595 0.543211 -0.294999 -0.786064 196 89 27
0.276572 0.212098 -0.025830 -0.337645 -0.928866 -0.152328 84 9 108
-0.335220 -0.298788 0.365391 0.573640 0.775379 -0.264053 200 226 93
-0.556596 0.176096 -0.578585 0.613263 -0.783377 -0.101140 205 27 114
-0.029917 -0.158717 0.651324 0.011677 0.525042 -0.850996 128 194 18
-0.528737 -0.195011 -0.627512 0.774689 0.630004 0.054323 226 207 134
0.322413 -0.206383 -0.235088 0.352402 0.935478 0.026336 172 246 130
-0.112281 0.342656 0.454811 0.161293 -0.898685 -0.407861 148 12 75
0.728439 0.057010 0.703441 0.007575 0.029582 -0.999534 128 131 0
0.617136 -0.072869 0.433874 -0.122451 0.398563 0.908930 111 178 243
0.271706 -0.036614 0.213085 -0.805722 0.145694 -0.574095 24 146 54
0.417151 0.171841 -0.304924 -0.482261 -0.875437 -0.032158 66 15 123
0.280600 -0.196928 -0.161381 0.833290 0.541072 0.113437 233 196 141
0.092448 -0.282482 0.492425 -0.227570 0.973580 0.018830 98 251 129
0.083735 0.273861 0.570942 0.006760 -0.645757 -0.763513 128 45 30
0.151307 -0.169579 0.025157 0.368486 0.769310 0.521900 174 225 194
-0.158825 -0.111301 0.678810 0.011677 0.525042 -0.850996 128 194 18
-0.415858 0.033042 -0.908263 0.539715 -0.073252 0.838655 196 118 234
-0.530569 -0.014722 0.261297 0.981200 0.188278 0.042405 252 151 132
0.681595 0.183348 0.474146 -0.264025 -0.539822 0.799301 93 58 229
-0.361980 0.038896 -0.938520 0.433314 -0.310199 0.846177 182 87 235
0.143750 -0.272752 0.551540 -0.060276 0.977872 0.200333 119 252 153
-0.353995 -0.246914 -0.709654 0.132871 0.983031 -0.126470 144 252 111
-0.484503 0.179472 -0.440472 -0.625058 -0.586796 -0.514756 47 52 61
0.639846 0.051490 0.702606 0.007575 0.029582 -0.999534 128 131 0
0.046838 0.024782 0.044159 0.209530 -0.178864 0.961304 154 104 250
0.252329 -0.044401 0.339172 -0.190944 0.043192 0.980650 103 133 252
-0.562904 0.126658 -0.469138 0.966960 -0.166253 -0.193258 250 106 102
-0.310153 0.004171 0.699867 0.567315 -0.315061 -0.760849 199 87 30
0.539385 -0.093978 0.698503 -0.008797 0.052045 -0.998606 126 134 0
-0.536660 -0.110405 -0.373135 0.877861 0.164968 -0.449606 239 148 70
-0.480965 0.181381 -0.748162 0.642701 -0.717088 0.269666 209 36 161
-0.182110 -0.083926 0.083191 -0.131379 0.124348 0.983503 110 143 252
0.374208 -0.237454 -0.841956 -0.252592 0.957950 0.136124 95 249 144
-0.520882 0.065729 0.201814 0.940852 -0.338746 0.006962 247 84 128
-0.381841 0.249775 -0.643997 -0.416064 -0.789552 -0.451108 74 26 69
0.272213 -0.098880 -1.042502 0.005603 0.295544 0.955313 128 165 249
-0.555123 0.115738 -0.651892 0.939211 -0.160104 0.303727 247 107 166
0.573176 -0.159665 0.465945 -0.123243 0.398163 0.908998 111 178 243
0.832130 0.079851 0.493329 -0.626130 -0.354101 0.694675 47 82 216
0.440822 0.231705 0.483604 -0.059860 -0.774073 0.630260 119 28 207
0.269840 -0.148137 -0.704411 0.418005 0.512946 -0.749772 180 192 31
-0.163273 -0.156981 -0.993992 0.254303 0.657411 0.709324 159 211 217
-0.360387 0.130322 -0.899599 0.442041 -0.543852 0.713319 183 58 218
-0.580627 0.093167 -0.544155 0.956039 -0.279262 -0.089459 249 91 116
0.627347 -0.200358 0.635851 0.020942 0.848298 -0.529105 130 235 60
0.214249 -0.265112 0.487905 -0.092471 0.970301 0.223529 115 251 155
-0.516492 0.031369 0.152740 0.876217 -0.278709 0.393148 239 91 177
0.221918 0.170740 -0.145431 0.657649 -0.726208 0.200301 211 34 153
0.363020 -0.177904 -0.165187 -0.675481 0.707325 -0.208366 41 217 100
0.192576 0.143373 -0.093989 0.931778 -0.298417 0.206731 246 89 153
-0.163099 -0.281063 0.223882 0.037082 0.796556 0.603427 132 229 204
0.359854 -0.023945 -1.053488 -0.410945 0.309050 0.857678 75 166 236
-0.458895 0.125003 -0.842779 0.438069 -0.540943 0.717967 183 58 219
0.517383 0.060204 -0.626117 -0.999543 -0.010306 0.028401 0 126 131
0.514773 0.058667 -0.718549 -0.999543 -0.010306 0.028401 0 126 131
-0.483819 0.224402 -0.574509 0.147758 -0.969939 -0.193353 146 3 102
0.369592 0.230038 -0.696403 0.140468 -0.953412 -0.266972 145 5 93
-0.573869 -0.043574 -0.426381 0.967944 0.215731 -0.128630 250 155 111
-0.493920 0.099190 0.373436 0.890129 -0.338677 -0.304908 240 84 88
0.270710 -0.179517 0.413955 -0.172880 0.487340 0.855928 105 189 236
0.430845 -0.000610 -1.027768 -0.478509 0.368470 0.797031 66 174 229
0.210921 0.194659 -0.769784 0.385434 -0.692516 -0.609805 176 39 49
-0.493662 0.228940 -0.615021 0.685720 -0.670313 0.283670 214 42 163
-0.420197 0.227991 -0.570494 -0.416064 -0.789552 -0.451108 74 26 69
-0.185929 -0.267694 -0.839237 0.237980 0.842294 0.483638 157 234 189
0.045314 -0.186645 0.090825 0.308584 0.649586 0.694848 166 210 216
-0.103021 0.315639 0.507534 0.195709 -0.815663 -0.544418 152 23 58
-0.308608 0.287934 0.247345 0.090987 -0.825921 0.556396 139 22 198
0.383730 0.193352 0.431076 -0.059860 -0.774073 0.630260 119 28 207
0.236496 0.166075 -0.210208 0.657649 -0.726208 0.200301 211 34 153
0.114980 -0.155803 0.031705 0.705415 0.215913 0.675108 217 155 213
-0.233302 -0.052388 -0.593461 -0.514935 0.053064 -0.855585 61 134 18
-0.325740 -0.303977 0.370749 0.573640 0.775379 -0.264053 200 226 93
0.512512 -0.110255 -0.812653 -0.862507 0.403972 0.304776 17 179 166
-0.167838 -0.105327 0.682372 0.011677 0.525042 -0.850996 128 194 18
0.255304 -0.084380 -0.383668 0.949128 0.195870 0.246559 248 152 158
0.057586 -0.291110 0.517185 -0.227570 0.973580 0.018830 98 251 129
-0.460860 0.069508 -0.381627 -0.624042 -0.243028 -0.742637 47 96 32
-0.013751 0.050951 -0.717491 0.067988 0.006595 -0.997664 136 128 0
0.173460 -0.259761 -0.833021 0.016087 0.967804 -0.251191 129 250 95
-0.393528 0.028868 -0.437043 -0.676154 -0.141776 -0.722991 41 109 35
0.258819 0.280048 0.557043 -0.087175 -0.895052 -0.437359 116 13 71
-0.500152 0.200080 -0.485485 0.469894 -0.864308 -0.179364 187 17 104
0.253178 -0.198714 -0.994292 0.020801 0.471972 0.881368 130 187 239
-0.159949 0.287692 0.528940 0.195709 -0.815663 -0.544418 152 23 58
-0.287426 0.028014 0.706940 0.567315 -0.315061 -0.760849 199 87 30
0.241451 0.186372 0.647088 0.005013 -0.682509 -0.730860 128 40 34
0.063345 0.259693 -0.885550 0.018652 -0.973625 -0.227392 129 3 98
-0.426382 -0.089143 0.571982 0.866592 0.204226 -0.455314 237 153 69
0.438260 -0.116847 -0.306200 -0.940050 0.300511 -0.161243 7 165 106
-0.101294 -0.311434 0.504173 -0.013099 0.927828 -0.372778 125 245 79
0.323030 0.114351 0.695635 0.036277 -0.458299 -0.888058 132 69 14
-0.514482 0.072878 0.177688 0.876217 -0.278709 0.393148 239 91 177
-0.302764 0.024431 0.696987 0.567315 -0.315061 -0.760849 199 87 30
0.285683 -0.109222 -0.610626 0.889317 0.453086 0.061874 240 185 135
-0.506301 0.106581 0.218930 0.940852 -0.338746 0.006962 247 84 128
0.228284 -0.180568 0.405985 -0.172880 0.487340 0.855928 105 189 236
0.364114 0.217081 -0.555219 0.283320 -0.957634 -0.051647 163 5 120
-0.164198 0.237477 0.594650 0.047593 -0.749211 -0.660620 133 31 43
0.225085 -0.020385 -0.300236 0.975218 0.103012 0.195805 251 140 152
-0.407800 -0.167178 -0.839973 0.482312 0.517504 0.706799 188 193 217
0.090087 -0.282851 0.464319 -0.230922 0.972972 0.000756 98 251 127
-0.188763 -0.224907 -0.721048 -0.323023 0.631724 -0.704686 86 208 37
-0.340994 0.099042 0.637531 0.430982 -0.520199 -0.737324 182 61 33
0.063809 -0.291002 0.538055 -0.092471 0.970301 0.223529 115 251 155
-0.459999 0.168757 0.375691 0.802626 -0.566117 -0.187890 229 55 103
-0.309354 -0.002135 -0.512656 -0.716978 0.053838 -0.695014 36 134 38
-0.131569 -0.099621 0.686390 0.011677 0.525042 -0.850996 128 194 18
0.032914 -0.287740 0.336898 -0.519583 0.847162 0.111135 61 235 141
0.576344 0.217197 0.622377 -0.087175 -0.895052 -0.437359 116 13 71
0.140982 -0.114390 0.681018 0.011677 0.525042 -0.850996 128 194 18
-0.515707 0.151187 -0.745653 0.642701 -0.717088 0.269666 209 36 161
-0.528695 0.031468 0.228841 0.976624 -0.161392 -0.141978 252 106 109
-0.171696 0.047991 -0.637146 -0.600696 -0.132496 -0.788422 50 110 26
0.423085 0.223525 -0.652988 -0.613617 -0.788823 -0.035111 49 26 123
-0.552872 0.027203 -0.730360 0.972409 -0.168200 0.161648 251 106 148
0.494376 0.114876 0.392524 -0.101714 -0.511874 0.853018 114 62 236
-0.396670 -0.241967 -0.716035 0.132871 0.983031 -0.126470 144 252 111
-0.282412 -0.184567 0.615781 0.455355 0.495603 -0.739615 185 190 33
0.311811 -0.232598 0.465838 -0.132113 0.687494 0.714071 110 215 218
0.328984 -0.028267 0.134573 -0.808436 0.250074 -0.532817 24 159 59
0.401534 0.234823 -0.755024 -0.284880 -0.953979 0.093637 91 5 139
-0.187347 -0.318413 0.472343 0.087764 0.920958 -0.379649 138 244 79
-0.517388 -0.059421 0.374721 0.963233 -0.047511 -0.264433 250 121 93
-0.197937 0.310666 0.271939 -0.056397 -0.931984 0.358086 120 8 173
0.370075 0.179823 -0.168409 -0.704619 -0.679350 -0.204926 37 40 101
-0.452509 0.198658 0.317595 0.802626 -0.566117 -0.187890 229 55 103
-0.499900 -0.045341 -0.338943 -0.432352 0.313338 -0.845513 72 167 19
0.252495 -0.017858 0.338035 -0.190944 0.043192 0.980650 103 133 252
0.277589 -0.144883 0.664458 0.017580 0.468175 -0.883461 129 187 14
0.027404 0.201335 -0.987486 -0.009702 -0.473787 0.880586 126 67 239
0.213692 -0.163958 0.191506 -0.749914 0.501412 -0.431527 31 191 72
-0.143863 -0.079615 0.083978 -0.026217 0.133717 0.990673 124 144 253
-0.462676 -0.129537 0.483018 0.872002 0.374339 -0.315408 238 175 87
0.241385 -0.109977 -0.281829 0.836454 0.521363 0.168896 234 193 149
0.277271 -0.162094 0.405361 -0.172880 0.487340 0.855928 105 189 236
-0.037716 -0.098619 -0.708221 -0.514091 -0.033312 -0.857088 61 123 18
0.611870 -0.223906 0.597485 0.020942 0.848298 -0.529105 130 235 60
0.488091 -0.000137 -0.895220 -0.922057 -0.099931 0.373932 9 114 175
-0.120160 0.260097 0.572169 0.047593 -0.749211 -0.660620 133 31 43
0.118240 -0.263924 -0.862068 -0.028353 0.998995 -0.034707 123 254 123
-0.519112 -0.174700 -0.477460 0.287325 0.956713 0.046315 164 249 133
0.176032 -0.201862 0.051660 0.321837 0.703090 0.634102 168 217 208
0.129895 -0.272011 0.543753 -0.060276 0.977872 0.200333 119 252 153
0.425539 0.126124 0.693747 0.036277 -0.458299 -0.888058 132 69 14
-0.446186 -0.076088 0.095977 0.300442 0.269580 0.914910 165 161 244
-0.281291 0.131166 0.649764 0.430982 -0.520199 -0.737324 182 61 33
0.438696 0.207014 -0.819482 -0.570779 -0.818479 0.065595 54 23 135
0.454440 -0.177194 -0.446892 -0.706325 0.668282 -0.233463 37 212 97
0.871863 0.080293 0.578024 -0.997684 -0.013191 -0.066728 0 125 118
0.356731 0.058244 0.078969 -0.762948 -0.169411 -0.623867 30 105 47
0.031403 0.147175 0.666783 0.036277 -0.458299 -0.888058 132 69 14
0.077680 0.233147 -0.797990 -0.014791 -0.582119 -0.812969 125 53 23
0.099337 0.242957 0.279530 -0.554269 -0.830197 0.059661 56 21 135
-0.282926 -0.265015 0.525038 0.300624 0.715529 -0.630590 165 218 47
-0.446341 -0.118450 0.520850 0.866592 0.204226 -0.455314 237 153 69
-0.435987 0.225079 0.256472 0.735872 -0.659881 0.151822 221 43 146
0.023459 -0.266667 -0.869236 0.016087 0.967804 -0.251191 129 250 95
0.253126 -0.014046 0.337990 -0.190944 0.043192 0.980650 103 133 252
0.504387 0.067741 -0.382318 -0.872373 -0.395677 -0.287062 16 77 90
-0.233976 0.226747 -0.718949 -0.245589 -0.811152 -0.530772 96 24 59
0.645076 -0.212853 0.616520 0.020942 0.848298 -0.529105 130 235 60
0.332470 0.194696 -0.508732 0.511616 -0.855508 -0.079718 192 18 117
0.335823 -0.199681 -0.668887 0.889317 0.453086 0.061874 240 185 135
-0.293334 -0.204470 0.588777 0.300624 0.715529 -0.630590 165 218 47
-0.249779 0.278709 0.511206 0.138736 -0.825431 -0.547190 145 22 57
0.253816 -0.100434 -0.683200 0.740193 0.343316 -0.578143 221 171 53
0.425796 -0.070980 0.700703 -0.008797 0.052045 -0.998606 126 134 0
0.426061 -0.168600 0.654844 0.017580 0.468175 -0.883461 129 187 14
-0.390996 -0.152076 -0.867760 0.463769 0.666940 0.583189 186 212 201
-0.016541 0.062121 -1.046479 0.066158 -0.172676 0.982754 135 105 252
-0.539166 0.145359 -0.407039 0.755934 -0.403924 -0.515179 223 75 61
-0.500184 -0.201017 -0.525506 0.051700 0.971068 -0.233139 134 251 97
0.742475 0.030233 0.703188 -0.008797 0.052045 -0.998606 126 134 0
0.383913 -0.210614 -0.435973 -0.243496 0.924351 -0.293743 96 245 90
-0.390376 0.114284 0.085365 0.189659 -0.545106 0.816633 151 57 231
-0.470241 0.230244 -0.593438 0.147758 -0.969939 -0.193353 146 3 102
0.225644 -0.069362 -1.051360 0.005603 0.295544 0.955313 128 165 249
-0.325607 0.200834 -0.610239 -0.416361 -0.789447 -0.451018 74 26 69
0.422043 0.015341 -0.022458 -0.896750 -0.295167 -0.329723 13 89 85
0.179988 -0.172755 -1.006476 0.009021 0.499993 0.865982 128 191 237
0.805409 0.119491 0.490054 -0.389575 -0.353389 0.850498 77 82 235
0.489259 -0.094020 -0.888578 -0.876889 0.152487 0.455866 15 146 185
-0.026930 -0.019831 -1.060179 0.066158 -0.172676 0.982754 135 105 252
-0.021373 -0.309837 0.435963 -0.253145 0.967399 -0.007506 95 250 126
-0.323289 0.096983 -0.528135 -0.677269 -0.367707 -0.637258 41 80 46
0.435296 -0.013343 -0.109969 -0.945241 0.267323 -0.187236 6 161 103
0.377260 -0.077487 0.040445 -0.778893 0.523240 -0.345753 28 194 83
0.099235 -0.271737 0.412151 -0.486362 0.754192 0.441188 65 223 183
0.024118 -0.210182 -0.767596 0.045541 0.487402 -0.871989 133 189 16
-0.268863 -0.124095 -0.582210 -0.531117 0.491156 -0.690421 59 190 39
0.286397 -0.146680 -1.022941 0.020801 0.471972 0.881368 130 187 239
0.279108 0.085239 0.179885 -0.792725 -0.282354 -0.540243 26 91 58
0.295470 0.272883 0.523323 -0.083334 -0.986221 0.142913 116 1 145
0.064735 -0.288878 0.476632 -0.230922 0.972972 0.000756 98 251 127
0.770593 0.101783 0.688625 -0.533828 -0.337480 -0.775329 59 84 28
-0.061142 -0.317640 0.347620 -0.246429 0.964718 0.092694 96 250 139
0.143119 -0.059646 -0.028705 0.718824 0.227448 0.656932 219 156 211
-0.218447 0.185929 0.127399 -0.078855 -0.595243 0.799667 117 51 229
-0.523205 -0.060807 0.295514 0.981200 0.188278 0.042405 252 151 132
-0.465575 -0.175436 0.198480 0.644388 0.609305 0.462073 209 205 186
-0.229757 0.012408 0.712494 0.000333 -0.294430 -0.955673 127 89 5
0.669699 0.120303 0.704869 0.007575 0.029582 -0.999534 128 131 0
0.409651 -0.212405 -0.852025 -0.660273 0.711630 0.240044 43 218 158
0.519189 0.020379 -0.576995 -0.999543 -0.010306 0.028401 0 126 131
0.498710 -0.036532 -0.340324 -0.955300 0.029842 -0.294127 5 131 89
-0.220463 -0.216563 -0.911292 0.237980 0.842294 0.483638 157 234 189
0.265068 -0.067051 -0.584924 0.979569 0.200644 -0.013687 252 153 125
0.502234 0.111394 -0.510441 -0.939202 -0.343348 0.003385 7 83 127
-0.450515 0.232919 -0.591783 0.147758 -0.969939 -0.193353 146 3 102
-0.198632 -0.219733 0.147571 -0.024984 0.625721 0.779646 124 207 226
-0.220691 0.222967 0.604077 0.195709 -0.815663 -0.544418 152 23 58
0.221153 0.172602 -0.136172 0.657649 -0.726208 0.200301 211 34 153
0.373175 0.210881 -0.407718 -0.475058 -0.868012 -0.144481 66 16 109
0.366250 0.191667 0.642999 0.005013 -0.682509 -0.730860 128 40 34
0.521388 0.059214 -0.485547 -0.999543 -0.010306 0.028401 0 126 131
-0.211943 0.108271 0.084351 -0.242404 -0.180285 0.953277 96 104 249
-0.574935 -0.013782 -0.415088 0.863899 0.028849 -0.502839 237 131 63
0.235237 -0.112909 -1.037831 0.012299 0.324492 0.945808 129 168 248
0.592268 -0.058424 0.424187 -0.123243 0.398163 0.908998 111 178 243
-0.248343 -0.319511 0.396362 0.166318 0.969833 -0.178222 148 251 104
0.256807 -0.011529 -0.551876 0.997376 -0.020535 0.069427 254 124 136
0.207265 -0.227858 0.441932 -0.132113 0.687494 0.714071 110 215 218
-0.537008 -0.145002 -0.386757 0.860281 0.185284 -0.474960 237 151 66
-0.084259 0.301480 0.271639 -0.073469 -0.917572 0.390722 118 10 177
0.684663 0.061581 0.703244 0.007575 0.029582 -0.999534 128 131 0
0.057902 0.274072 0.327555 -0.554269 -0.830197 0.059661 56 21 135
-0.020195 0.063088 0.697947 0.007575 0.029582 -0.999534 128 131 0
-0.397858 0.143862 -0.486111 -0.539064 -0.569923 -0.620160 58 54 48
-0.260126 -0.052595 0.069798 -0.062868 0.071491 0.995458 119 136 254
0.077080 0.150822 0.666767 0.036277 -0.458299 -0.888058 132 69 14
0.809060 -0.071336 0.493780 -0.421985 0.279186 0.862545 73 163 237
-0.232285 -0.218918 -0.901373 0.237980 0.842294 0.483638 157 234 189
-0.067755 -0.159324 0.650431 0.011677 0.525042 -0.850996 128 194 18
0.089130 0.270118 0.574156 0.006760 -0.645757 -0.763513 128 45 30
0.393164 -0.233645 0.585563 -0.016959 0.558802 -0.829128 125 198 21
-0.413220 0.177001 0.509872 0.786483 -0.408230 -0.463457 227 75 68
0.091873 -0.263836 -0.853948 0.016087 0.967804 -0.251191 129 250 95
-0.035033 0.133649 -0.739098 -0.380109 -0.462784 -0.800842 79 68 25
0.300928 -0.197981 0.023447 -0.217098 0.947841 -0.233380 99 248 97
0.798793 -0.011270 0.469315 -0.421985 0.279186 0.862545 73 163 237
-0.164503 0.254791 -0.816194 -0.121932 -0.989976 -0.071272 111 1 118
-0.502553 -0.113718 -0.790086 0.890436 0.252123 0.378890 241 159 175
-0.183136 -0.110443 -0.637017 -0.583793 0.269114 -0.766005 53 161 29
0.423317 0.159017 0.673880 0.005013 -0.682509 -0.730860 128 40 34
0.866971 -0.063495 0.595578 -0.965441 0.258708 -0.031537 4 160 123
-0.248813 0.254142 -0.824586 0.194366 -0.948013 0.251978 152 6 159
0.083264 -0.111608 -0.720278 -0.028322 0.208807 -0.977547 123 154 2
0.427948 -0.179471 0.649121 0.017580 0.468175 -0.883461 129 187 14
-0.021628 -0.291608 0.265798 -0.049654 0.924251 0.378543 121 245 175
-0.388245 -0.241929 0.417160 0.573640 0.775379 -0.264053 200 226 93
0.705974 -0.164095 0.662801 0.017580 0.468175 -0.883461 129 187 14
0.123528 0.253766 -0.855235 0.018652 -0.973625 -0.227392 129 3 98
0.336327 0.062388 -1.064562 0.034890 -0.285453 0.957757 131 91 249
0.583738 0.143436 0.423599 -0.176477 -0.545227 0.819502 104 57 231
0.520327 0.023789 -0.535720 -0.999543 -0.010306 0.028401 0 126 131
-0.433771 0.150454 0.123236 0.596529 -0.571653 0.563352 203 54 199
0.090013 0.232034 0.201915 -0.315953 -0.782673 0.536280 87 27 195
0.486744 0.156274 -0.781069 -0.826057 -0.439836 0.352383 22 71 172
-0.073422 0.240709 -0.790850 -0.196925 -0.750933 -0.630333 102 31 47
0.529976 -0.067495 0.699966 -0.008797 0.052045 -0.998606 126 134 0
0.377084 0.201287 0.440190 -0.059860 -0.774073 0.630260 119 28 207
-0.145315 0.132837 0.666964 0.036277 -0.458299 -0.888058 132 69 14
0.517020 0.017098 -0.725238 -0.997789 -0.065637 0.010465 0 119 128
0.570295 -0.141302 0.672180 0.017580 0.468175 -0.883461 129 187 14
0.471940 0.164036 -0.488324 -0.769427 -0.634225 -0.075775 29 46 117
0.224117 0.242434 -0.934682 -0.010726 -0.902555 0.430441 126 12 182
0.212079 0.236093 -0.802545 -0.014791 -0.582119 -0.812969 125 53 23
-0.422677 -0.113538 -0.886638 0.463769 0.666940 0.583189 186 212 201
0.156688 0.251141 -0.846011 -0.003231 -0.957249 -0.289247 127 5 90
-0.136898 0.077720 0.695752 0.036277 -0.458299 -0.888058 132 69 14
0.500041 0.117584 -0.552329 -0.966397 -0.256907 -0.008684 4 94 126
-0.236151 0.069314 -0.985296 0.337464 -0.228117 0.913280 170 98 243
-0.230118 -0.297260 0.511319 0.217104 0.728989 -0.649185 155 220 44
0.374448 0.226277 -0.887785 -0.262350 -0.932620 0.247775 94 8 159
-0.039821 0.175053 -0.760752 -0.380109 -0.462784 -0.800842 79 68 25
0.301486 0.231346 -0.768089 0.204503 -0.820540 -0.533754 153 22 59
-0.106085 0.104078 0.683408 0.036277 -0.458299 -0.888058 132 69 14
-0.036351 -0.116291 -1.033139 0.012299 0.324492 0.945808 129 168 248
-0.347385 0.128014 0.084546 0.189659 -0.545106 0.816633 151 57 231
0.261415 0.030261 -0.605719 0.997376 -0.020535 0.069427 254 124 136
0.235581 0.079661 0.246670 -0.792725 -0.282354 -0.540243 26 91 58
0.286056 -0.001626 0.201614 -0.838024 -0.184662 -0.513435 20 103 62
0.419954 -0.153557 -0.267894 -0.940050 0.300511 -0.161243 7 165 106
0.671850 0.000180 0.702244 -0.008797 0.052045 -0.998606 126 134 0
0.271566 -0.207207 0.610788 0.020942 0.848298 -0.529105 130 235 60
-0.523643 -0.010958 0.311815 0.976624 -0.161392 -0.141978 252 106 109
-0.392532 0.178493 -0.842969 0.438069 -0.540943 0.717967 183 58 219
0.751440 0.192831 0.638258 -0.002627 -0.847051 -0.531505 127 19 59
0.275306 -0.092544 -0.583600 0.889317 0.453086 0.061874 240 185 135
0.196457 -0.035349 -0.196594 0.941530 0.108501 0.318981 247 141 168
0.168210 -0.173476 0.018967 0.368486 0.769310 0.521900 174 225 194
-0.240507 -0.138030 0.661198 0.011677 0.525042 -0.850996 128 194 18
-0.178495 0.128374 -0.666589 -0.414280 -0.432652 -0.800740 74 72 25
0.187570 -0.199643 0.619592 0.020942 0.848298 -0.529105 130 235 60
0.148182 0.201347 0.354895 -0.810536 -0.576208 0.104959 24 54 140
-0.181575 0.089608 -0.999893 0.325768 -0.228213 0.917493 169 98 244
-0.102351 0.333458 0.356146 -0.092252 -0.968116 0.232897 115 4 157
0.326182 -0.184961 0.428259 -0.172880 0.487340 0.855928 105 189 236
-0.156633 0.211686 -0.938623 0.347647 -0.709246 0.613279 171 37 205
-0.433798 -0.201857 0.399465 0.698307 0.661406 -0.273695 216 211 92
-0.111440 0.255024 -0.901179 0.011179 -0.930719 0.365564 128 8 174
-0.236732 -0.119283 0.091696 -0.049134 0.470405 0.881082 121 187 239
0.334870 -0.136281 0.047245 -0.796829 0.530190 -0.289761 25 195 90
0.688350 -0.091183 0.451914 -0.242757 0.405036 0.881485 96 179 239
0.584592 0.086939 0.703236 0.007575 0.029582 -0.999534 128 131 0
0.153039 0.262843 0.475759 -0.101141 -0.723762 0.682597 114 35 214
0.201864 0.281402 0.565610 0.006760 -0.645757 -0.763513 128 45 30
0.219228 -0.071637 -0.710382 0.740193 0.343316 -0.578143 221 171 53
-0.083485 -0.253059 -0.915028 0.237401 0.841496 0.485310 157 234 189
0.206417 0.092678 -0.229605 0.938693 -0.281138 0.199544 247 91 152
0.403503 -0.069607 0.700970 -0.008797 0.052045 -0.998606 126 134 0
0.365426 0.177419 -0.144453 -0.704619 -0.679350 -0.204926 37 40 101
-0.325378 -0.154607 0.101525 -0.106246 0.462759 0.880094 113 186 239
0.666556 -0.229754 0.590273 0.020942 0.848298 -0.529105 130 235 60
-0.340217 -0.223269 -0.618380 -0.297830 0.829865 -0.471828 89 233 67
-0.454498 -0.122593 0.116870 0.347148 0.618357 0.705069 171 206 217
-0.059674 0.307352 0.291369 -0.115973 -0.918683 0.377586 112 10 175
-0.303158 0.054885 0.684866 0.543211 -0.294999 -0.786064 196 89 27
0.266909 -0.254761 -0.808310 -0.015388 0.680313 -0.732760 125 214 34
0.420367 -0.054261 -0.093025 -0.945241 0.267323 -0.187236 6 161 103
0.753492 -0.200689 0.640313 0.020942 0.848298 -0.529105 130 235 60
0.053161 -0.223035 -0.774366 -0.015388 0.680313 -0.732760 125 214 34
0.456744 0.018953 -0.181439 -0.944491 -0.254870 -0.207312 7 95 101
-0.480289 -0.017839 -0.871243 0.539715 -0.073252 0.838655 196 118 234
-0.058225 0.178141 -1.000909 -0.009702 -0.473787 0.880586 126 67 239
-0.514756 -0.011501 -0.837386 0.923358 0.258992 0.283430 245 160 163
-0.462842 0.234472 -0.608996 0.147758 -0.969939 -0.193353 146 3 102
-0.254081 0.047817 0.062968 -0.062868 0.071491 0.995458 119 136 254
-0.290843 -0.061072 -0.973197 0.351877 0.412496 0.840255 172 180 234
-0.357655 -0.136953 -0.523306 -0.532435 0.470025 -0.703981 59 187 37
-0.341591 0.239039 -0.812849 0.147451 -0.947782 0.282786 146 6 163
0.396472 0.220510 -0.530528 -0.206517 -0.972188 -0.110459 101 3 113
0.355892 0.267911 0.524248 -0.083334 -0.986221 0.142913 116 1 145
0.199527 0.207250 0.033816 0.510324 -0.805611 0.300932 192 24 165
-0.241462 -0.046665 -1.000949 0.351877 0.412496 0.840255 172 180 234
0.120848 0.217301 0.229798 -0.793883 -0.603237 0.076517 26 50 137
0.196153 -0.073674 -0.715446 -0.028322 0.208807 -0.977547 123 154 2
-0.472782 -0.142981 -0.440257 -0.532435 0.470025 -0.703981 59 187 37
-0.177101 0.133398 0.093510 -0.037414 -0.300091 0.953176 122 89 249
-0.518267 -0.066217 0.205280 0.981200 0.188278 0.042405 252 151 132
-0.266730 0.138227 -0.617478 -0.708015 -0.396048 -0.584689 37 77 52
-0.051507 -0.028687 -1.060080 0.066158 -0.172676 0.982754 135 105 252
0.574528 0.011149 0.703673 -0.008797 0.052045 -0.998606 126 134 0
-0.311788 0.229065 0.168577 0.134808 -0.788432 0.600168 144 26 204
0.333373 -0.210460 -0.711628 0.418005 0.512946 -0.749772 180 192 31
0.011897 -0.071579 -0.716553 0.067988 0.006595 -0.997664 136 128 0
0.242913 -0.260538 -0.866475 -0.028353 0.998995 -0.034707 123 254 123
0.262599 -0.245663 0.469312 -0.132113 0.687494 0.714071 110 215 218
-0.541607 -0.108339 -0.382037 0.877861 0.164968 -0.449606 239 148 70
-0.044356 -0.264799 -0.866384 0.016087 0.967804 -0.251191 129 250 95
0.498455 -0.146557 -0.634704 -0.968367 0.248137 -0.026315 4 159 124
0.398679 0.013279 0.018834 -0.858945 0.006099 -0.512032 17 128 62
0.640541 -0.059424 0.431131 -0.122451 0.398563 0.908930 111 178 243
0.104821 -0.258281 -0.831717 0.016087 0.967804 -0.251191 129 250 95
-0.335272 0.227630 0.171552 0.107970 -0.791929 0.600991 141 26 204
-0.235207 0.109045 -0.626804 -0.414280 -0.432652 -0.800740 74 72 25
-0.447702 -0.008433 0.077483 0.582397 0.178019 0.793173 201 150 228
0.286371 0.019149 0.193629 -0.838024 -0.184662 -0.513435 20 103 62
-0.386201 0.084312 0.071752 0.359187 -0.303873 0.882409 173 88 240
-0.248065 -0.261739 -0.819034 0.237980 0.842294 0.483638 157 234 189
-0.349219 -0.021355 -0.473019 -0.716978 0.053838 -0.695014 36 134 38
-0.471655 0.083366 0.456162 0.904471 -0.380336 -0.193070 242 79 102
-0.112436 -0.313987 0.307968 -0.049644 0.922417 0.382991 121 245 176
0.787644 0.220605 0.573305 -0.539320 -0.742860 0.396601 58 32 178
-0.505063 0.032786 0.382006 0.972896 -0.162643 -0.164379 251 106 106
-0.457799 0.228417 -0.574767 0.147758 -0.969939 -0.193353 146 3 102
0.153106 0.258968 -0.899228 0.011179 -0.930719 0.365564 128 8 174
0.145588 0.228222 -0.966437 -0.010726 -0.902555 0.430441 126 12 182
-0.541994 -0.009831 -0.766524 0.890436 0.252123 0.378890 241 159 175
0.410214 0.090145 0.368879 -0.206361 -0.030820 0.977990 101 123 252
-0.400965 -0.146813 -0.497133 -0.532435 0.470025 -0.703981 59 187 37
0.022633 0.161698 0.086557 0.518317 -0.443196 0.731386 193 70 220
0.390071 -0.061563 0.019412 -0.920763 0.283778 -0.267706 10 163 93
-0.368544 0.057893 0.059934 0.154861 -0.049473 0.986697 147 121 253
0.458242 -0.194189 -0.604983 -0.653200 0.756951 -0.018857 44 224 125
0.121593 -0.034065 0.705306 -0.008797 0.052045 -0.998606 126 134 0
0.403152 0.186887 -0.362130 -0.475058 -0.868012 -0.144481 66 16 109
0.450985 -0.146865 -0.359652 -0.805340 0.475921 -0.353451 24 188 82
0.372988 -0.057335 -1.035164 -0.410945 0.309050 0.857678 75 166 236
-0.209449 0.221014 -0.903516 0.284704 -0.699461 0.655513 163 38 211
-0.039694 -0.089363 0.693979 0.011677 0.525042 -0.850996 128 194 18
-0.103821 0.118168 -0.698266 -0.371318 -0.453624 -0.810153 80 69 24
0.867409 0.079036 0.644868 -0.997684 -0.013191 -0.066728 0 125 118
-0.161122 0.246668 -0.770550 -0.196925 -0.750933 -0.630333 102 31 47
0.523847 -0.058412 0.411782 -0.213896 0.413606 0.884974 100 180 240
0.520386 -0.232311 0.583859 -0.016959 0.558802 -0.829128 125 198 21
-0.132491 0.143351 0.098394 -0.037414 -0.300091 0.953176 122 89 249
-0.161699 -0.050847 0.707167 -0.016541 0.128095 -0.991624 125 143 1
-0.341855 -0.095753 0.077100 0.022961 0.341944 0.939440 130 171 247
-0.581914 0.047188 -0.495890 0.966960 -0.166253 -0.193258 250 106 102
0.380714 -0.056325 -1.031826 -0.410945 0.309050 0.857678 75 166 236
-0.147078 -0.146053 -1.009926 0.254303 0.657411 0.709324 159 211 217
-0.033254 0.111162 -0.726876 0.025247 -0.495723 -0.868114 130 64 16
0.427505 0.108679 0.702689 0.007575 0.029582 -0.999534 128 131 0
0.245042 -0.048728 0.703455 -0.008797 0.052045 -0.998606 126 134 0
-0.159056 -0.060115 0.080753 -0.036917 0.142496 0.989107 122 145 253
-0.208331 -0.031403 -1.020144 0.308825 -0.209293 0.927806 166 100 245
0.420218 -0.216377 -0.507589 -0.115040 0.990340 -0.077409 112 253 117
0.117190 -0.039756 -0.007719 0.705415 0.215913 0.675108 217 155 213
-0.513524 -0.043927 -0.811770 0.923358 0.258992 0.283430 245 160 163
-0.194362 -0.145243 -0.983068 0.501525 0.358041 0.787578 191 173 227
0.520520 0.061636 -0.483762 -0.939202 -0.343348 0.003385 7 83 127
0.144484 0.194884 -0.771808 -0.014791 -0.582119 -0.812969 125 53 23
0.054231 0.243540 -0.819713 -0.003231 -0.957249 -0.289247 127 5 90
-0.072845 0.256051 -0.881125 0.018652 -0.973625 -0.227392 129 3 98
-0.417177 -0.235395 -0.663495 0.122889 0.989704 -0.073373 143 253 118
0.276433 -0.112496 -0.453696 0.889317 0.453086 0.061874 240 185 135
-0.325862 -0.093447 -0.942638 0.351877 0.412496 0.840255 172 180 234
-0.097530 0.178245 0.112618 0.077412 -0.565419 0.821163 137 55 232
0.295991 0.213114 -0.075066 -0.337645 -0.928866 -0.152328 84 9 108
-0.301085 0.091742 -0.548708 -0.677269 -0.367707 -0.637258 41 80 46
-0.503849 0.091289 0.167042 0.876217 -0.278709 0.393148 239 91 177
0.489005 -0.107619 -0.882672 -0.862507 0.403972 0.304776 17 179 166
0.868234 0.097032 0.596200 -0.936648 -0.350209 -0.006640 8 82 126
0.817882 -0.085295 0.674833 -0.596060 0.273063 -0.755083 51 162 31
-0.230341 -0.028230 0.069929 -0.062868 0.071491 0.995458 119 136 254
-0.486243 0.136945 -0.389882 -0.625058 -0.586796 -0.514756 47 52 61
-0.314405 0.229694 -0.848670 0.284704 -0.699461 0.655513 163 38 211
0.517084 0.056186 -0.638107 -0.999543 -0.010306 0.028401 0 126 131
0.146505 -0.203437 0.068393 0.321837 0.703090 0.634102 168 217 208
-0.352681 0.259567 0.406422 0.554222 -0.793586 -0.251117 198 26 95
-0.269379 -0.181870 0.122620 -0.106246 0.462759 0.880094 113 186 239
0.488086 -0.112241 -0.879147 -0.862507 0.403972 0.304776 17 179 166
0.735429 -0.063931 0.455361 -0.421985 0.279186 0.862545 73 163 237
0.029854 0.269550 0.233216 -0.294970 -0.935531 0.194355 89 8 152
0.410369 -0.129388 0.417526 -0.213896 0.413606 0.884974 100 180 240
-0.092990 -0.103803 0.684339 0.011677 0.525042 -0.850996 128 194 18
0.466677 0.191084 -0.774783 -0.570779 -0.818479 0.065595 54 23 135
0.705065 -0.229068 0.551247 -0.175678 0.794156 0.581767 105 228 201
-0.304132 -0.128259 -0.558041 -0.531117 0.491156 -0.690421 59 190 39
-0.503865 -0.111898 -0.373605 -0.852906 0.328276 -0.405938 18 169 75
0.380244 -0.188893 -0.258652 -0.524180 0.849290 -0.062775 60 235 119
-0.128275 0.346457 0.399911 -0.092252 -0.968116 0.232897 115 4 157
-0.479947 -0.074139 -0.383530 -0.578287 0.482395 -0.657936 53 189 43
0.095002 -0.235266 0.590568 -0.016959 0.558802 -0.829128 125 198 21
0.367850 0.165494 -0.113251 -0.704619 -0.679350 -0.204926 37 40 101
0.661440 -0.225557 0.596799 0.020942 0.848298 -0.529105 130 235 60
-0.274472 0.258401 0.198734 0.134808 -0.788432 0.600168 144 26 204
0.103899 0.233880 0.604935 0.006760 -0.645757 -0.763513 128 45 30
0.518507 0.022861 -0.600096 -0.999543 -0.010306 0.028401 0 126 131
0.049489 0.190671 0.092990 0.241398 -0.655812 0.715289 158 43 218
0.467825 -0.012802 -0.948579 -0.922057 -0.099931 0.373932 9 114 175
-0.132038 -0.173653 -0.989738 0.254303 0.657411 0.709324 159 211 217
0.631783 0.147964 0.685633 0.005013 -0.682509 -0.730860 128 40 34
0.455489 -0.196353 -0.596481 -0.653200 0.756951 -0.018857 44 224 125
-0.292987 -0.170423 -0.596609 -0.531117 0.491156 -0.690421 59 190 39
0.506251 0.196371 0.640223 0.006760 -0.645757 -0.763513 128 45 30
0.284309 -0.143882 -0.389748 0.836454 0.521363 0.168896 234 193 149
0.053418 0.027999 0.041590 0.463842 -0.165004 0.870416 186 106 238
0.362769 0.037441 0.704989 0.000333 -0.294430 -0.955673 127 89 5
-0.418516 -0.227038 -0.615776 0.051700 0.971068 -0.233139 134 251 97
-0.343333 0.228428 -0.835370 0.442041 -0.543852 0.713319 183 58 218
-0.432950 -0.138983 0.528162 0.694878 0.486814 -0.529298 216 189 60
-0.417030 -0.083037 -0.442401 -0.532435 0.470025 -0.703981 59 187 37
0.366302 0.161927 -1.004110 -0.325302 -0.669428 0.667866 86 42 212
-0.130296 0.077600 -0.673123 -0.399565 -0.127399 -0.907809 76 111 11
-0.530088 -0.107420 -0.725901 0.891123 0.293443 0.346109 241 164 171
-0.531448 -0.182390 -0.541676 0.612863 0.753012 -0.239526 205 223 96
0.262290 0.200825 0.426188 -0.101141 -0.723762 0.682597 114 35 214
0.518255 0.014892 -0.621266 -0.997789 -0.065637 0.010465 0 119 128
0.306298 0.217136 0.450004 -0.101141 -0.723762 0.682597 114 35 214
0.004562 0.030012 -1.053541 0.066158 -0.172676 0.982754 135 105 252
0.043608 -0.257157 -0.831306 0.016087 0.967804 -0.251191 129 250 95
0.023988 -0.096787 -0.715896 0.067988 0.006595 -0.997664 136 128 0
0.199202 -0.029118 -0.206818 0.941530 0.108501 0.318981 247 141 168
0.054601 0.245384 -0.930800 0.011179 -0.930719 0.365564 128 8 174
-0.105142 -0.178234 0.117261 -0.024984 0.625721 0.779646 124 207 226
0.486922 0.026291 -0.891039 -0.922057 -0.099931 0.373932 9 114 175
-0.517207 -0.040433 -0.804413 0.890436 0.252123 0.378890 241 159 175
0.125662 -0.231886 -0.973520 0.020801 0.471972 0.881368 130 187 239
-0.484177 -0.133643 0.418702 0.872002 0.374339 -0.315408 238 175 87
-0.512896 0.159918 -0.729135 0.642701 -0.717088 0.269666 209 36 161
0.084602 -0.257686 0.368042 -0.548008 0.833441 0.071159 57 233 136
0.301520 0.171296 -0.385154 0.414446 -0.881486 0.226313 180 15 156
0.438154 -0.021438 -0.135957 -0.945241 0.267323 -0.187236 6 161 103
0.429841 0.169040 -0.920789 -0.836250 -0.490790 0.244563 20 64 158
0.780225 0.145944 0.489510 -0.389575 -0.353389 0.850498 77 82 235
-0.468328 -0.183958 0.232433 0.694816 0.691855 0.196387 216 215 152
0.515737 0.073504 -0.607155 -0.939202 -0.343348 0.003385 7 83 127
0.314611 0.212370 -0.111803 -0.337645 -0.928866 -0.152328 84 9 108
-0.121849 -0.132526 0.666222 0.011677 0.525042 -0.850996 128 194 18
-0.328994 0.063154 0.663909 0.543211 -0.294999 -0.786064 196 89 27
0.171335 -0.221301 0.415654 -0.568607 0.686997 0.452461 55 215 185
0.226856 0.067657 -1.059003 0.034890 -0.285453 0.957757 131 91 249
-0.022351 0.092457 0.692826 0.036277 -0.458299 -0.888058 132 69 14
0.311016 0.204182 -0.053904 -0.337645 -0.928866 -0.152328 84 9 108
-0.268099 -0.004208 0.714966 -0.016541 0.128095 -0.991624 125 143 1
0.638136 0.235008 0.509859 -0.027522 -0.819288 0.572722 123 23 200
0.264558 -0.121423 -0.361262 0.836454 0.521363 0.168896 234 193 149
-0.109585 0.250555 -0.912615 0.011179 -0.930719 0.365564 128 8 174
0.069738 -0.158202 0.068359 0.593758 0.259434 0.761673 203 160 224
0.745450 -0.154117 0.496557 -0.242757 0.405036 0.881485 96 179 239
-0.252712 0.064939 -0.980269 0.337464 -0.228117 0.913280 170 98 243
-0.112084 -0.209513 0.612161 -0.016959 0.558802 -0.829128 125 198 21
0.641955 -0.198752 0.639004 0.020942 0.848298 -0.529105 130 235 60
0.594927 -0.150009 0.464664 -0.123243 0.398163 0.908998 111 178 243
-0.072791 -0.262972 -0.861164 0.016087 0.967804 -0.251191 129 250 95
-0.386914 -0.241621 0.192792 0.074013 0.789293 0.609539 136 228 205
0.471343 -0.168181 -0.502263 -0.770294 0.634423 -0.064453 29 208 119
-0.295550 0.212168 -0.875560 0.284704 -0.699461 0.655513 163 38 211
-0.119247 -0.311800 0.503893 -0.013099 0.927828 -0.372778 125 245 79
0.072429 -0.046636 0.028684 0.574980 0.250621 0.778837 200 159 226
0.256424 -0.261798 -0.913782 -0.028353 0.998995 -0.034707 123 254 123
-0.013075 0.314322 0.407656 -0.337072 -0.940728 -0.037584 84 7 122
0.193958 -0.188894 -0.746827 0.045541 0.487402 -0.871989 133 189 16
0.735113 -0.197964 0.643954 0.020942 0.848298 -0.529105 130 235 60
-0.214553 0.254618 -0.763328 -0.196925 -0.750933 -0.630333 102 31 47
-0.042694 0.324638 0.399019 -0.276212 -0.948338 0.156083 92 6 147
0.525336 0.110086 0.393799 -0.206361 -0.030820 0.977990 101 123 252
0.179881 0.183647 0.003946 0.510324 -0.805611 0.300932 192 24 165
-0.298838 -0.304356 0.411571 0.478671 0.820085 -0.313584 188 232 87
0.009911 0.159835 -1.010008 -0.009702 -0.473787 0.880586 126 67 239
0.508469 -0.053046 -0.859111 -0.922057 -0.099931 0.373932 9 114 175
-0.430725 -0.159294 -0.830102 0.482312 0.517504 0.706799 188 193 217
-0.413049 -0.072226 0.083958 0.300442 0.269580 0.914910 165 161 244
-0.271510 0.259327 0.199284 0.134808 -0.788432 0.600168 144 26 204
0.360399 -0.002748 0.084765 -0.871126 0.006781 -0.491013 16 128 64
-0.132491 0.260270 0.191060 0.008262 -0.825408 0.564476 128 22 199
-0.127770 0.237944 -0.770576 -0.196925 -0.750933 -0.630333 102 31 47
-0.317640 -0.028534 -0.966100 0.465765 0.135365 0.874494 186 144 238
-0.373221 -0.263342 0.238445 0.410820 0.892270 0.187300 179 241 151
0.166373 0.080906 0.699888 0.007575 0.029582 -0.999534 128 131 0
0.150945 -0.191348 0.052735 0.321837 0.703090 0.634102 168 217 208
-0.164874 0.295866 0.514924 0.195709 -0.815663 -0.544418 152 23 58
0.404464 -0.165269 0.432869 -0.213896 0.413606 0.884974 100 180 240
0.429410 0.141355 -0.277635 -0.924492 -0.350456 -0.149985 9 82 108
0.651219 -0.142940 0.672923 0.017580 0.468175 -0.883461 129 187 14
0.499594 -0.168681 0.457456 -0.213896 0.413606 0.884974 100 180 240
-0.293442 -0.269081 0.512058 0.478671 0.820085 -0.313584 188 232 87
0.391849 0.206259 0.630846 0.006760 -0.645757 -0.763513 128 45 30
0.297099 0.065606 0.700426 0.007575 0.029582 -0.999534 128 131 0
0.251030 -0.069746 -0.668543 0.740193 0.343316 -0.578143 221 171 53
0.436980 -0.000772 -0.100525 -0.945241 0.267323 -0.187236 6 161 103
-0.368307 0.250086 -0.761894 0.147451 -0.947782 0.282786 146 6 163
-0.354583 0.203145 -0.847674 0.442041 -0.543852 0.713319 183 58 218
0.333015 0.176867 0.656592 0.005013 -0.682509 -0.730860 128 40 34
0.141845 -0.210138 0.606545 -0.016959 0.558802 -0.829128 125 198 21
0.169794 0.009964 0.709493 -0.016541 0.128095 -0.991624 125 143 1
0.603952 -0.209646 0.496827 -0.125053 0.686697 0.716107 111 215 218
0.499987 -0.003931 -0.341162 -0.955300 0.029842 -0.294127 5 131 89
-0.244321 0.055574 -0.588627 -0.708015 -0.396048 -0.584689 37 77 52
0.168080 -0.158072 0.348095 -0.835460 0.543522 0.081176 20 196 137
-0.438891 -0.008458 0.555001 0.796599 -0.044220 -0.602888 229 121 50
0.401012 -0.073386 -0.030750 -0.920763 0.283778 -0.267706 10 163 93
-0.282636 0.251224 -0.733644 -0.409396 -0.780311 -0.472768 75 28 67
-0.441872 -0.176193 0.166423 0.644388 0.609305 0.462073 209 205 186
0.079877 -0.107919 -0.719392 -0.028322 0.208807 -0.977547 123 154 2
-0.564930 0.038163 -0.662458 0.939211 -0.160104 0.303727 247 107 166
0.515094 -0.082023 -0.590248 -0.956748 0.290255 -0.019605 5 164 125
0.520054 -0.082634 -0.826722 -0.968367 0.248137 -0.026315 4 159 124
0.788745 0.162150 0.500146 -0.389575 -0.353389 0.850498 77 82 235
-0.306740 -0.177864 -0.905271 0.463769 0.666940 0.583189 186 212 201
0.634835 0.205599 0.476866 -0.189525 -0.552903 0.811405 103 57 230
-0.331511 -0.291627 0.281082 0.419414 0.879698 0.224105 180 239 156
0.483362 0.176192 -0.706042 -0.769427 -0.634225 -0.075775 29 46 117
-0.030661 -0.303893 0.520544 -0.011435 0.928864 -0.370244 126 245 80
0.415086 -0.091196 -0.123289 -0.940050 0.300511 -0.161243 7 165 106
0.322415 -0.228223 0.590664 -0.016959 0.558802 -0.829128 125 198 21
0.250205 -0.089831 -0.681526 0.740193 0.343316 -0.578143 221 171 53
0.429004 0.119652 0.697229 0.036277 -0.458299 -0.888058 132 69 14
-0.419959 0.074017 -0.895955 0.433314 -0.310199 0.846177 182 87 235
0.517893 0.034905 -0.617361 -0.999543 -0.010306 0.028401 0 126 131
0.643676 -0.064149 0.699139 -0.008797 0.052045 -0.998606 126 134 0
0.830569 0.096844 0.500584 -0.626130 -0.354101 0.694675 47 82 216
-0.306999 -0.312698 0.322227 0.131903 0.979567 0.151822 144 252 146
-0.306789 0.083197 -0.537716 -0.677269 -0.367707 -0.637258 41 80 46
0.464017 0.028634 0.706997 -0.016541 0.128095 -0.991624 125 143 1
-0.039929 -0.182885 -0.998337 0.009021 0.499993 0.865982 128 191 237
0.236078 -0.116322 -0.715343 0.740193 0.343316 -0.578143 221 171 53
-0.009596 0.195819 0.119737 -0.037414 -0.300091 0.953176 122 89 249
0.156252 -0.109864 -0.026112 0.705415 0.215913 0.675108 217 155 213
0.221350 0.263396 -0.888444 0.018652 -0.973625 -0.227392 129 3 98
-0.434432 0.090220 0.093419 0.359187 -0.303873 0.882409 173 88 240
-0.249709 -0.188095 -0.928342 0.501525 0.358041 0.787578 191 173 227
0.497618 0.083853 -0.385991 -0.830057 -0.443506 -0.338095 21 70 84
0.273005 -0.130100 -0.376309 0.836454 0.521363 0.168896 234 193 149
0.489321 0.233599 0.606155 -0.087175 -0.895052 -0.437359 116 13 71
0.251309 -0.058743 0.702877 -0.008797 0.052045 -0.998606 126 134 0
-0.521277 -0.051672 0.210351 0.981200 0.188278 0.042405 252 151 132
0.768104 -0.219904 0.571781 -0.364621 0.810290 0.458783 81 230 185
0.337421 -0.204347 -0.164137 -0.774426 0.625102 -0.097529 28 207 115
0.011702 0.244388 -0.824252 0.018652 -0.973625 -0.227392 129 3 98
0.302477 -0.005775 0.176304 -0.838024 -0.184662 -0.513435 20 103 62
0.221763 -0.021021 -0.283355 0.975218 0.103012 0.195805 251 140 152
0.245671 0.176469 0.125368 -0.667778 -0.604069 -0.434941 42 50 72
0.105046 0.236962 0.249136 -0.554269 -0.830197 0.059661 56 21 135
0.403280 0.118471 -1.021080 -0.675264 -0.222970 0.703067 41 99 217
0.191678 0.202079 0.033282 0.510324 -0.805611 0.300932 192 24 165
0.272384 0.244209 0.473684 -0.101141 -0.723762 0.682597 114 35 214
-0.202186 0.296688 0.500278 0.195709 -0.815663 -0.544418 152 23 58
0.510836 -0.021745 0.702519 -0.008797 0.052045 -0.998606 126 134 0
0.712252 0.029686 0.431730 -0.280373 -0.075330 0.956931 91 117 249
0.160819 -0.223111 0.204025 -0.376062 0.918169 -0.124671 79 244 111
-0.400965 -0.070471 0.079973 0.244724 0.337057 0.909122 158 170 243
-0.366255 -0.027073 0.055314 0.154861 -0.049473 0.986697 147 121 253
-0.412265 -0.233416 0.208317 0.694816 0.691855 0.196387 216 215 152
0.280204 0.065624 -1.061553 0.034890 -0.285453 0.957757 131 91 249
0.471322 -0.107475 0.422017 -0.213896 0.413606 0.884974 100 180 240
0.472609 -0.181921 -0.652639 -0.770294 0.634423 -0.064453 29 208 119
0.450168 -0.023437 0.376770 -0.190944 0.043192 0.980650 103 133 252
0.127058 -0.274158 0.480329 -0.227570 0.973580 0.018830 98 251 129
0.257139 0.008509 -0.550718 0.997376 -0.020535 0.069427 254 124 136
0.210304 -0.085988 -0.210596 0.936399 0.250287 0.245997 246 159 158
0.329544 0.209018 -0.275545 0.081144 -0.996531 0.018472 137 0 129
0.058664 -0.029526 -1.062705 0.005603 0.295544 0.955313 128 165 249
-0.553497 -0.142796 -0.617895 0.935294 0.283152 0.212252 246 163 154
0.406143 0.225297 -0.838057 -0.284880 -0.953979 0.093637 91 5 139
-0.349255 0.206638 -0.848313 0.442041 -0.543852 0.713319 183 58 218
0.687966 -0.192088 0.647609 0.017580 0.468175 -0.883461 129 187 14
-0.071925 0.247206 -0.922294 0.011179 -0.930719 0.365564 128 8 174
0.793157 0.201903 0.545773 -0.539320 -0.742860 0.396601 58 32 178
0.198974 -0.066194 -1.052184 0.005603 0.295544 0.955313 128 165 249
-0.163596 -0.011570 0.073590 -0.036917 0.142496 0.989107 122 145 253
-0.483394 0.223906 -0.571698 0.147758 -0.969939 -0.193353 146 3 102
-0.279605 -0.267098 -0.794050 -0.100504 0.963345 -0.248728 114 250 95
0.284135 -0.036845 -1.061763 0.005603 0.295544 0.955313 128 165 249
-0.251475 -0.295792 0.248755 0.037082 0.796556 0.603427 132 229 204
0.518948 0.061469 -0.417924 -0.872373 -0.395677 -0.287062 16 77 90
-0.548700 0.138029 -0.659497 0.942249 -0.218569 0.253760 247 99 159
0.254905 0.181777 -0.213722 0.657649 -0.726208 0.200301 211 34 153
0.206730 -0.067197 -1.051919 0.005603 0.295544 0.955313 128 165 249
-0.432717 -0.139368 -0.849115 0.463769 0.666940 0.583189 186 212 201
0.448431 0.205586 -0.692927 -0.613617 -0.788823 -0.035111 49 26 123
0.245194 -0.118376 -0.704892 0.740193 0.343316 -0.578143 221 171 53
0.251678 0.234567 0.605663 0.006760 -0.645757 -0.763513 128 45 30
0.447828 0.004253 0.704429 -0.008797 0.052045 -0.998606 126 134 0
0.083860 -0.284292 0.416783 -0.230922 0.972972 0.000756 98 251 127
0.092713 0.041096 0.018561 0.580535 -0.216550 0.784911 201 99 227
-0.378086 -0.239025 -0.795322 0.234676 0.843361 0.483394 157 235 189
-0.228115 0.259899 -0.818896 0.194366 -0.948013 0.251978 152 6 159
-0.008154 -0.306312 0.444474 -0.253145 0.967399 -0.007506 95 250 126
0.216428 -0.151177 -0.101856 0.706018 0.647738 0.286311 217 210 164
0.496792 0.127830 -0.493897 -0.966397 -0.256907 -0.008684 4 94 126
-0.372758 -0.078496 -0.929010 0.465765 0.135365 0.874494 186 144 238
0.524532 -0.212114 0.612933 0.020942 0.848298 -0.529105 130 235 60
0.690574 -0.050481 0.699438 -0.008797 0.052045 -0.998606 126 134 0
0.548742 0.235213 0.591008 -0.087175 -0.895052 -0.437359 116 13 71
0.192022 -0.021747 -1.065894 0.005603 0.295544 0.955313 128 165 249
0.326981 -0.010380 0.137965 -0.838024 -0.184662 -0.513435 20 103 62
-0.271511 -0.300903 0.256734 0.037082 0.796556 0.603427 132 229 204
-0.019885 0.074053 0.067870 0.209530 -0.178864 0.961304 154 104 250
0.442041 -0.019097 -0.152236 -0.945241 0.267323 -0.187236 6 161 103
-0.450715 -0.146272 0.490627 0.698307 0.661406 -0.273695 216 211 92
-0.187882 0.042604 -0.623909 -0.600696 -0.132496 -0.788422 50 110 26
0.013879 0.309908 0.492752 -0.248413 -0.967763 0.041540 95 4 132
0.110339 0.226945 -0.794144 -0.014791 -0.582119 -0.812969 125 53 23
0.156247 -0.164679 0.014446 0.368486 0.769310 0.521900 174 225 194
-0.408045 0.233744 -0.591772 -0.416064 -0.789552 -0.451108 74 26 69
-0.203886 -0.274632 0.545501 0.217104 0.728989 -0.649185 155 220 44
0.308657 0.246826 -0.878123 -0.255363 -0.959524 0.118756 94 5 142
-0.249885 0.182644 -0.658977 -0.414280 -0.432652 -0.800740 74 72 25
0.201522 0.211406 0.135399 -0.545933 -0.694198 -0.469091 57 38 67
-0.009975 0.315821 0.487871 -0.248413 -0.967763 0.041540 95 4 132
-0.217646 -0.047014 0.708595 -0.016541 0.128095 -0.991624 125 143 1
-0.515301 -0.095097 0.347869 0.957852 0.227211 -0.175770 249 156 105
0.023911 -0.281029 0.555888 -0.060276 0.977872 0.200333 119 252 153
0.274243 0.116065 -0.546537 0.962329 -0.270068 -0.031418 250 93 123
0.812135 -0.202243 0.616837 -0.290711 0.926951 -0.237169 90 245 97
-0.215843 0.120114 0.670648 0.036277 -0.458299 -0.888058 132 69 14
0.098502 0.293176 0.550407 0.047593 -0.749211 -0.660620 133 31 43
-0.374028 -0.039438 -0.934380 0.465765 0.135365 0.874494 186 144 238
-0.360235 0.118055 -0.909047 0.442041 -0.543852 0.713319 183 58 218
0.767305 -0.212941 0.621216 0.020942 0.848298 -0.529105 130 235 60
-0.305587 -0.132773 -0.931823 0.351877 0.412496 0.840255 172 180 234
0.135574 0.045541 -0.032315 0.857335 -0.148751 0.492799 236 108 190
-0.417398 -0.211664 0.418987 0.709595 0.652373 -0.266239 217 210 93
-0.262681 0.316874 0.307200 0.455393 -0.890042 -0.021030 185 14 124
-0.097226 -0.131052 0.092184 0.073370 0.400866 0.913194 136 178 243
-0.462041 -0.026606 -0.364418 -0.578287 0.482395 -0.657936 53 189 43
0.316258 0.208819 -0.227888 0.081144 -0.996531 0.018472 137 0 129
-0.462094 -0.224204 -0.613635 0.051700 0.971068 -0.233139 134 251 97
0.777739 0.116186 0.476006 -0.389575 -0.353389 0.850498 77 82 235
-0.534636 0.016821 -0.344096 0.863899 0.028849 -0.502839 237 131 63
0.306549 -0.147206 -0.632387 0.889317 0.453086 0.061874 240 185 135
0.008963 -0.157979 0.088545 0.177094 0.291592 0.940006 150 164 247
0.168785 0.062415 0.699359 0.007575 0.029582 -0.999534 128 131 0
-0.056121 0.246773 -0.840031 0.018652 -0.973625 -0.227392 129 3 98
-0.348529 -0.243411 -0.802018 0.234676 0.843361 0.483394 157 235 189
0.440629 -0.112444 -0.306469 -0.762590 0.414588 -0.496562 30 180 64
-0.393731 -0.160624 -0.512140 -0.531117 0.491156 -0.690421 59 190 39
0.071363 -0.258983 0.254148 -0.497520 0.863265 -0.085130 64 237 116
0.258348 -0.035511 0.339952 -0.190944 0.043192 0.980650 103 133 252
0.871130 0.068876 0.591242 -0.997684 -0.013191 -0.066728 0 125 118
-0.527987 -0.141881 -0.702092 0.891123 0.293443 0.346109 241 164 171
-0.024107 0.283730 0.552287 0.047593 -0.749211 -0.660620 133 31 43
-0.318365 0.184400 -0.597940 -0.602042 -0.495825 -0.625861 50 64 47
-0.451168 0.203822 0.307765 0.802626 -0.566117 -0.187890 229 55 103
-0.245588 -0.088386 -0.585119 -0.716978 0.053838 -0.695014 36 134 38
-0.362121 0.123549 -0.903689 0.442041 -0.543852 0.713319 183 58 218
0.353689 0.206038 -0.494283 0.511616 -0.855508 -0.079718 192 18 117
0.516965 0.028857 -0.399196 -0.967755 0.015401 -0.251423 4 129 95
0.584967 -0.050287 0.419633 -0.123243 0.398163 0.908998 111 178 243
0.325953 0.209100 -0.255334 0.081144 -0.996531 0.018472 137 0 129
0.281985 -0.168984 -0.300755 0.836454 0.521363 0.168896 234 193 149
0.485465 0.105177 -0.858752 -0.836250 -0.490790 0.244563 20 64 158
-0.530396 -0.113598 -0.719869 0.891123 0.293443 0.346109 241 164 171
0.185740 -0.048152 0.704007 -0.008797 0.052045 -0.998606 126 134 0
-0.167919 -0.267884 -0.847767 0.237980 0.842294 0.483638 157 234 189
0.253459 0.234343 -0.791098 0.204503 -0.820540 -0.533754 153 22 59
-0.275894 0.308818 0.384775 0.386713 -0.922076 0.015131 176 9 129
-0.247076 -0.323723 0.341301 0.131903 0.979567 0.151822 144 252 146
0.041302 0.241046 -0.941440 0.011179 -0.930719 0.365564 128 8 174
-0.457767 0.125599 -0.843017 0.438069 -0.540943 0.717967 183 58 219
-0.247831 -0.198106 0.133160 -0.049134 0.470405 0.881082 121 187 239
0.399915 0.264506 0.560726 -0.087175 -0.895052 -0.437359 116 13 71
0.769119 -0.008515 0.700934 -0.008797 0.052045 -0.998606 126 134 0
0.440065 0.199678 0.444196 -0.059860 -0.774073 0.630260 119 28 207
-0.012130 0.128400 0.091016 0.518317 -0.443196 0.731386 193 70 220
0.383583 0.064904 0.037524 -0.757650 -0.516816 -0.398581 30 61 76
-0.183094 -0.288732 0.237595 -0.049654 0.924251 0.378543 121 245 175
-0.178947 -0.055659 0.706833 -0.016541 0.128095 -0.991624 125 143 1
-0.508098 0.086791 0.173322 0.876217 -0.278709 0.393148 239 91 177
0.458040 0.010323 -0.191004 -0.945241 0.267323 -0.187236 6 161 103
0.395238 0.229050 -0.606414 0.283320 -0.957634 -0.051647 163 5 120
-0.492064 -0.037691 0.454004 0.933066 -0.032221 -0.358260 246 123 81
0.236822 0.191451 0.642313 0.005013 -0.682509 -0.730860 128 40 34
-0.457415 -0.176685 -0.796868 0.672772 0.636699 0.376819 213 208 175
0.230923 0.242976 -0.819820 -0.003231 -0.957249 -0.289247 127 5 90
0.215901 -0.027275 -0.688706 0.650466 -0.035470 -0.758706 210 122 30
0.007463 -0.199886 -0.762711 0.045541 0.487402 -0.871989 133 189 16
0.307984 -0.222408 -0.754652 0.441746 0.802931 -0.400202 183 229 76
-0.182930 -0.145128 -0.651118 -0.440158 0.494094 -0.749754 71 190 31
0.052041 -0.167418 0.083357 0.177094 0.291592 0.940006 150 164 247
-0.232760 -0.044845 -1.005486 0.351877 0.412496 0.840255 172 180 234
0.522156 -0.003255 -0.481179 -0.999543 -0.010306 0.028401 0 126 131
0.245432 0.051261 0.333615 -0.190944 0.043192 0.980650 103 133 252
0.102946 0.060545 -1.054799 0.066158 -0.172676 0.982754 135 105 252
0.267371 0.273046 0.508065 -0.083334 -0.986221 0.142913 116 1 145
0.393149 -0.032949 0.702972 -0.008797 0.052045 -0.998606 126 134 0
-0.463368 0.158218 -0.815024 0.438069 -0.540943 0.717967 183 58 219
-0.208013 0.226553 -0.730664 -0.245589 -0.811152 -0.530772 96 24 59
0.422398 -0.078542 0.700338 -0.008797 0.052045 -0.998606 126 134 0
0.235833 -0.258952 0.571724 -0.016959 0.558802 -0.829128 125 198 21
-0.511340 -0.096160 0.198472 0.939958 0.202633 0.274627 247 153 162
0.173173 -0.002002 -0.139210 0.941530 0.108501 0.318981 247 141 168
0.256620 0.066703 -0.409912 0.887047 -0.334352 0.318365 240 84 168
-0.519961 -0.050973 -0.790926 0.890436 0.252123 0.378890 241 159 175
0.262380 -0.127431 -0.331931 0.836454 0.521363 0.168896 234 193 149
0.195907 -0.046043 -0.191334 0.941530 0.108501 0.318981 247 141 168
-0.429760 0.068274 -0.409787 -0.720517 -0.141913 -0.678761 35 109 40
0.521484 -0.034653 -0.624236 -0.997789 -0.065637 0.010465 0 119 128
-0.023203 0.256278 -0.900687 0.011179 -0.930719 0.365564 128 8 174
0.513383 0.034174 -0.385082 -0.967755 0.015401 -0.251423 4 129 95
0.488784 -0.167421 -0.703222 -0.770294 0.634423 -0.064453 29 208 119
-0.413546 0.204469 -0.535458 -0.416064 -0.789552 -0.451108 74 26 69
0.506047 -0.179544 0.650636 0.017580 0.468175 -0.883461 129 187 14
-0.230321 0.179622 -0.938619 0.284704 -0.699461 0.655513 163 38 211
0.440568 0.208075 -0.611405 -0.613617 -0.788823 -0.035111 49 26 123
0.521725 -0.066997 -0.804042 -0.997789 -0.065637 0.010465 0 119 128
-0.192484 -0.212427 0.141904 -0.024984 0.625721 0.779646 124 207 226
-0.447347 0.115447 0.111340 0.703995 -0.350966 0.617425 217 82 206
-0.466320 0.214495 -0.697811 0.644055 -0.688674 0.333048 209 39 169
-0.166521 0.256781 -0.840388 -0.121932 -0.989976 -0.071272 111 1 118
0.237912 -0.182937 -0.057885 0.629703 0.767085 0.122695 207 225 143
-0.417963 -0.235581 0.236105 0.694816 0.691855 0.196387 216 215 152
-0.159048 0.130361 0.667680 0.036277 -0.458299 -0.888058 132 69 14
0.310106 -0.078339 0.139715 -0.808436 0.250074 -0.532817 24 159 59
0.142347 -0.274737 0.560810 -0.060276 0.977872 0.200333 119 252 153
0.464034 -0.083640 0.409116 -0.213896 0.413606 0.884974 100 180 240
0.413290 -0.076559 -0.089131 -0.945241 0.267323 -0.187236 6 161 103
0.037395 0.185382 0.646613 0.005013 -0.682509 -0.730860 128 40 34
-0.082326 0.068824 0.076900 -0.037414 -0.300091 0.953176 122 89 249
-0.182722 0.235984 -0.751074 -0.196925 -0.750933 -0.630333 102 31 47
0.399360 -0.207711 0.458075 -0.132113 0.687494 0.714071 110 215 218
-0.215642 -0.109683 0.087747 -0.049134 0.470405 0.881082 121 187 239
-0.573294 0.084791 -0.612016 0.939211 -0.160104 0.303727 247 107 166
0.500412 0.116023 -0.546443 -0.939202 -0.343348 0.003385 7 83 127
0.460664 -0.215742 0.477150 -0.132113 0.687494 0.714071 110 215 218
0.458140 0.198827 -0.710747 -0.613617 -0.788823 -0.035111 49 26 123
0.392881 0.215070 -0.899984 -0.439591 -0.780037 0.445312 71 28 184
-0.497813 0.043545 -0.850059 0.712378 -0.086273 0.696473 218 116 216
-0.455985 -0.190249 0.210925 0.694816 0.691855 0.196387 216 215 152
0.507918 -0.121355 -0.745266 -0.968367 0.248137 -0.026315 4 159 124
0.311043 0.172508 -0.584784 0.828317 -0.557537 0.055155 233 56 134
-0.004707 -0.075026 -1.047708 0.012299 0.324492 0.945808 129 168 248
-0.327472 -0.219406 0.158863 0.113728 0.721620 0.682884 142 219 214
0.174672 0.096075 0.699006 0.036277 -0.458299 -0.888058 132 69 14
0.517888 0.041938 -0.614969 -0.999543 -0.010306 0.028401 0 126 131
0.206173 -0.071702 -0.715315 -0.028322 0.208807 -0.977547 123 154 2
0.230238 0.102375 -0.300440 0.890807 -0.292666 0.347576 241 90 171
-0.275395 0.168874 -0.627745 -0.708015 -0.396048 -0.584689 37 77 52
0.309852 0.075622 0.700819 0.007575 0.029582 -0.999534 128 131 0
-0.337002 0.029306 0.056778 -0.025042 -0.038369 0.998950 124 122 254
-0.288869 0.280370 0.232888 0.090987 -0.825921 0.556396 139 22 198
0.384543 -0.131617 0.673731 0.011677 0.525042 -0.850996 128 194 18
-0.027020 0.139790 -1.021200 -0.009702 -0.473787 0.880586 126 67 239
0.478062 0.014741 -0.915974 -0.922057 -0.099931 0.373932 9 114 175
-0.114136 0.104901 -1.020034 0.325768 -0.228213 0.917493 169 98 244
-0.277873 -0.254926 -0.724431 -0.102360 0.980679 -0.166708 114 252 106
-0.194848 -0.018615 0.711883 -0.016541 0.128095 -0.991624 125 143 1
0.530590 0.187364 0.648145 0.005013 -0.682509 -0.730860 128 40 34
0.260175 -0.182193 -0.139564 0.706018 0.647738 0.286311 217 210 164
0.303655 -0.208695 -0.171694 0.158702 0.983027 0.092041 147 252 139
-0.334296 -0.236126 -0.821637 0.234676 0.843361 0.483394 157 235 189
-0.404073 0.248714 -0.741112 0.495882 -0.731949 0.467281 190 34 187
-0.089653 0.234628 -0.950060 0.347647 -0.709246 0.613279 171 37 205
-0.503268 0.114286 0.183925 0.940852 -0.338746 0.006962 247 84 128
-0.187620 0.192213 -0.943730 0.284704 -0.699461 0.655513 163 38 211
0.206828 0.202268 0.008449 0.484103 -0.817918 0.310894 189 23 167
-0.189603 0.089059 0.687747 0.036277 -0.458299 -0.888058 132 69 14
-0.522516 0.059098 0.239937 0.976624 -0.161392 -0.141978 252 106 109
-0.275552 -0.230986 -0.859125 0.234676 0.843361 0.483394 157 235 189
0.383192 0.196479 -0.942112 -0.439591 -0.780037 0.445312 71 28 184
0.497936 -0.092149 0.698964 -0.008797 0.052045 -0.998606 126 134 0
0.413785 -0.213559 0.606234 0.020942 0.848298 -0.529105 130 235 60
0.046785 0.132300 0.064175 0.209530 -0.178864 0.961304 154 104 250
-0.037539 0.178918 0.647585 0.036277 -0.458299 -0.888058 132 69 14
0.596057 0.023417 0.406163 -0.187837 -0.053583 0.980738 103 120 252
0.452940 0.005655 0.376028 -0.190944 0.043192 0.980650 103 133 252
0.737805 0.091150 0.704522 0.007575 0.029582 -0.999534 128 131 0
0.066678 0.101564 0.048469 0.463842 -0.165004 0.870416 186 106 238
0.122846 -0.239790 -0.967602 0.010241 0.847668 0.530428 128 235 195
0.427341 -0.156741 -0.316895 -0.940050 0.300511 -0.161243 7 165 106
-0.518849 -0.081240 0.285445 0.981200 0.188278 0.042405 252 151 132
0.448610 -0.105538 -0.312959 -0.762590 0.414588 -0.496562 30 180 64
0.265634 -0.259246 0.483698 -0.092471 0.970301 0.223529 115 251 155
-0.282174 -0.087441 0.677386 0.413731 0.471918 -0.778537 180 187 28
-0.496842 0.108466 -0.364140 -0.624042 -0.243028 -0.742637 47 96 32
0.234950 -0.062950 0.336605 -0.190944 0.043192 0.980650 103 133 252
0.364794 0.117405 0.378591 -0.101714 -0.511874 0.853018 114 62 236
-0.311390 0.254129 0.201414 0.134808 -0.788432 0.600168 144 26 204
0.276833 -0.250492 0.576587 -0.016959 0.558802 -0.829128 125 198 21
0.232421 -0.103449 0.233944 -0.583011 0.613471 -0.532684 53 205 59
-0.554168 -0.027141 -0.380174 0.863899 0.028849 -0.502839 237 131 63
0.148068 -0.160185 0.653771 0.017580 0.468175 -0.883461 129 187 14
0.575509 -0.233066 0.582223 -0.016959 0.558802 -0.829128 125 198 21
0.328063 -0.061879 0.120194 -0.808436 0.250074 -0.532817 24 159 59
0.637993 0.235393 0.510404 -0.027522 -0.819288 0.572722 123 23 200
0.295156 0.271423 0.513069 -0.083334 -0.986221 0.142913 116 1 145
0.645574 0.134190 0.430763 -0.176477 -0.545227 0.819502 104 57 231
-0.322342 -0.013764 -0.500158 -0.716978 0.053838 -0.695014 36 134 38
-0.378363 -0.214796 0.515350 0.709595 0.652373 -0.266239 217 210 93
0.059611 -0.280534 0.383508 -0.486362 0.754192 0.441188 65 223 183
0.173097 0.060235 -0.126199 0.931778 -0.298417 0.206731 246 89 153
0.347290 0.202025 -0.377122 0.557075 -0.824982 0.095248 198 22 139
0.521845 -0.061448 -0.757879 -0.997789 -0.065637 0.010465 0 119 128
0.432612 -0.209438 -0.473149 -0.706325 0.668282 -0.233463 37 212 97
0.235008 0.256453 0.587005 0.006760 -0.645757 -0.763513 128 45 30
0.239173 -0.075153 -0.328903 0.949128 0.195870 0.246559 248 152 158
0.801591 0.193937 0.612236 -0.333090 -0.817295 -0.470192 85 23 67
0.216321 0.075635 -0.288245 0.887047 -0.334352 0.318365 240 84 168
-0.106828 0.073261 -0.682843 -0.399565 -0.127399 -0.907809 76 111 11
-0.155053 -0.209296 -0.722506 -0.323023 0.631724 -0.704686 86 208 37
0.104279 -0.133813 0.033224 0.574980 0.250621 0.778837 200 159 226
-0.529182 0.023598 -0.820445 0.712378 -0.086273 0.696473 218 116 216
-0.010483 -0.293637 0.545650 -0.011435 0.928864 -0.370244 126 245 80
-0.124178 0.243456 0.168099 0.000068 -0.802414 0.596767 127 25 203
0.210196 0.217676 -0.789324 -0.014791 -0.582119 -0.812969 125 53 23
0.761081 -0.225495 0.588542 -0.290711 0.926951 -0.237169 90 245 97
-0.055150 0.062109 0.697653 0.007575 0.029582 -0.999534 128 131 0
0.873402 -0.039784 0.552793 -0.998904 0.004706 -0.046571 0 128 121
-0.380034 0.126720 0.091264 0.189659 -0.545106 0.816633 151 57 231
0.200220 0.076099 -0.225549 0.931778 -0.298417 0.206731 246 89 153
-0.159491 0.068519 0.079207 0.041302 -0.192273 0.980472 132 102 252
0.113419 0.259340 -0.879930 0.018652 -0.973625 -0.227392 129 3 98
-0.090547 -0.324790 0.343863 -0.246429 0.964718 0.092694 96 250 139
0.396246 0.189832 -0.357119 -0.475058 -0.868012 -0.144481 66 16 109
-0.004711 -0.223070 0.147094 0.308584 0.649586 0.694848 166 210 216
0.318924 -0.078727 0.126154 -0.808436 0.250074 -0.532817 24 159 59
0.399571 0.237087 0.484978 -0.101141 -0.723762 0.682597 114 35 214
0.101105 0.196594 0.080088 0.276073 -0.680202 0.679049 162 40 214
0.261618 0.092775 -0.396455 0.887047 -0.334352 0.318365 240 84 168
0.688507 -0.162896 0.484909 -0.242757 0.405036 0.881485 96 179 239
0.409534 0.249897 0.588706 -0.087175 -0.895052 -0.437359 116 13 71
-0.406670 0.242990 0.234227 0.446801 -0.878519 0.169033 184 15 149
-0.418101 -0.088390 0.091230 0.244724 0.337057 0.909122 158 170 243
-0.080416 -0.188231 0.627281 0.020942 0.848298 -0.529105 130 235 60
-0.288758 0.048831 0.059748 -0.156817 0.065365 0.985462 107 135 253
-0.279073 0.286575 0.491913 0.138736 -0.825431 -0.547190 145 22 57
0.363266 -0.106248 0.028445 -0.778893 0.523240 -0.345753 28 194 83
0.341320 -0.210517 -0.331465 0.358096 0.932588 0.045249 173 246 133
0.066156 -0.235523 0.157413 -0.045769 0.830540 0.555075 121 233 198
-0.222349 0.241410 0.575849 0.195709 -0.815663 -0.544418 152 23 58
-0.288983 0.016938 -0.978856 0.337464 -0.228117 0.913280 170 98 243
-0.522021 0.173042 -0.675810 0.644055 -0.688674 0.333048 209 39 169
-0.133096 0.351312 0.418183 -0.092252 -0.968116 0.232897 115 4 157
0.199343 -0.143608 -1.023507 0.009021 0.499993 0.865982 128 191 237
0.533621 0.253468 0.522800 -0.103233 -0.808188 0.579807 114 24 201
0.310336 -0.043341 0.155792 -0.808436 0.250074 -0.532817 24 159 59
0.481449 0.164856 -0.591743 -0.769427 -0.634225 -0.075775 29 46 117
0.271041 0.143793 0.131799 -0.667778 -0.604069 -0.434941 42 50 72
-0.382099 -0.230038 -0.620195 0.051700 0.971068 -0.233139 134 251 97
0.148818 0.050376 0.700929 0.000333 -0.294430 -0.955673 127 89 5
0.337120 -0.098078 0.092831 -0.768146 0.247648 -0.590443 29 159 52
-0.095399 -0.202854 -0.745233 -0.391849 0.583396 -0.711409 77 201 36
0.046833 0.272629 0.283972 -0.386216 -0.904855 0.179091 78 12 150
-0.213729 0.204955 0.626612 0.005013 -0.682509 -0.730860 128 40 34
-0.509162 0.049251 0.341450 0.972896 -0.162643 -0.164379 251 106 106
0.104927 -0.286529 0.535646 -0.092471 0.970301 0.223529 115 251 155
-0.382805 -0.251202 0.401748 0.573640 0.775379 -0.264053 200 226 93
0.151549 -0.193034 0.054298 0.321837 0.703090 0.634102 168 217 208
0.174289 0.042701 -0.717726 -0.063181 -0.257698 -0.964158 119 94 4
-0.291545 0.255948 -0.784830 0.194366 -0.948013 0.251978 152 6 159
0.466289 0.123908 -0.361619 -0.830057 -0.443506 -0.338095 21 70 84
-0.293926 0.287958 0.244980 0.090987 -0.825921 0.556396 139 22 198
-0.255704 -0.107350 -0.965193 0.351877 0.412496 0.840255 172 180 234
-0.313389 0.062217 0.675045 0.543211 -0.294999 -0.786064 196 89 27
-0.541744 0.010336 -0.780530 0.890436 0.252123 0.378890 241 159 175
0.496945 -0.111847 -0.417219 -0.805340 0.475921 -0.353451 24 188 82
0.487627 -0.041394 -0.319325 -0.762590 0.414588 -0.496562 30 180 64
-0.250236 0.066853 -0.589104 -0.708015 -0.396048 -0.584689 37 77 52
0.341066 -0.250707 -0.796632 -0.064863 0.956928 -0.282988 119 249 91
-0.156864 -0.028568 -1.036636 0.308825 -0.209293 0.927806 166 100 245
-0.327149 -0.165126 0.106842 -0.106246 0.462759 0.880094 113 186 239
-0.491417 -0.158817 0.248209 0.787006 0.616221 0.029878 227 206 131
-0.481391 -0.204065 -0.711299 0.652306 0.644964 0.398143 210 209 178
0.316263 -0.096062 0.376948 -0.263628 0.557645 0.787104 93 198 227
-0.520230 0.009363 0.312197 0.976624 -0.161392 -0.141978 252 106 109
0.191547 0.216866 0.132752 -0.104959 -0.990785 0.085605 114 1 138
-0.113695 0.256883 -0.888040 0.018652 -0.973625 -0.227392 129 3 98
-0.116933 0.320780 0.311019 -0.056397 -0.931984 0.358086 120 8 173
-0.348373 -0.176827 0.580356 0.455355 0.495603 -0.739615 185 190 33
0.455522 0.054212 -0.234969 -0.924492 -0.350456 -0.149985 9 82 108
0.317048 -0.175969 -0.399216 0.708285 0.653889 0.266010 217 210 161
0.389881 0.199103 -0.391888 -0.475058 -0.868012 -0.144481 66 16 109
0.168447 0.047016 -0.124327 0.931778 -0.298417 0.206731 246 89 153
-0.132024 0.281930 0.546554 0.047593 -0.749211 -0.660620 133 31 43
0.573693 0.126782 0.699460 0.036277 -0.458299 -0.888058 132 69 14
-0.199848 0.274478 0.212821 0.008262 -0.825408 0.564476 128 22 199
0.491671 0.005063 -0.313240 -0.955300 0.029842 -0.294127 5 131 89
-0.026598 0.238528 0.599849 0.006760 -0.645757 -0.763513 128 45 30
0.017909 0.173422 -0.760940 0.025247 -0.495723 -0.868114 130 64 16
-0.402608 0.198976 0.489261 0.571585 -0.797890 -0.191474 200 25 103
-0.070788 -0.112565 0.090359 -0.026217 0.133717 0.990673 124 144 253
0.262626 0.225329 0.452220 -0.101141 -0.723762 0.682597 114 35 214
0.464259 0.230439 0.484274 -0.059860 -0.774073 0.630260 119 28 207
-0.557782 0.163468 -0.603863 0.942249 -0.218569 0.253760 247 99 159
-0.535368 0.145500 -0.701098 0.882193 -0.346001 0.319403 239 83 168
-0.399643 -0.198089 0.499571 0.709595 0.652373 -0.266239 217 210 93
0.680423 -0.098582 0.697021 -0.008797 0.052045 -0.998606 126 134 0
0.042664 0.000281 0.710362 -0.016541 0.128095 -0.991624 125 143 1
-0.403152 0.249988 -0.740094 0.495882 -0.731949 0.467281 190 34 187
-0.452947 0.072796 -0.879510 0.433314 -0.310199 0.846177 182 87 235
0.242900 -0.114546 0.365591 -0.260207 0.561740 0.785328 94 199 227
0.222404 0.076628 -0.695603 0.735551 -0.125977 -0.665654 221 111 42
-0.397854 0.141281 0.567412 0.786483 -0.408230 -0.463457 227 75 68
0.378775 0.181603 -0.204219 -0.704619 -0.679350 -0.204926 37 40 101
0.070252 0.182370 0.078372 0.241398 -0.655812 0.715289 158 43 218
0.389716 0.212063 0.625918 0.006760 -0.645757 -0.763513 128 45 30
0.412304 0.026962 0.707643 -0.016541 0.128095 -0.991624 125 143 1
0.237691 -0.205800 0.097881 -0.189987 0.981783 -0.002741 103 252 127
0.447653 -0.078812 0.700102 -0.008797 0.052045 -0.998606 126 134 0
-0.429962 0.230007 0.319457 0.802626 -0.566117 -0.187890 229 55 103
0.518921 0.241954 0.583157 -0.087175 -0.895052 -0.437359 116 13 71
-0.410163 -0.169605 -0.836584 0.482312 0.517504 0.706799 188 193 217
0.642427 0.187804 0.466513 -0.189525 -0.552903 0.811405 103 57 230
-0.452193 -0.054362 0.538458 0.866592 0.204226 -0.455314 237 153 69
0.714130 0.195949 0.638397 -0.087175 -0.895052 -0.437359 116 13 71
0.177855 0.132788 -0.053923 0.768004 -0.227756 0.598579 225 98 203
-0.272080 -0.145992 -0.939365 0.351877 0.412496 0.840255 172 180 234
-0.236758 -0.121197 0.671635 0.011677 0.525042 -0.850996 128 194 18
0.050145 -0.134038 -0.724109 -0.028322 0.208807 -0.977547 123 154 2
0.330763 -0.210383 -0.204728 0.352402 0.935478 0.026336 172 246 130
0.391783 -0.018156 0.365169 -0.190944 0.043192 0.980650 103 133 252
-0.063085 0.060650 -1.043604 0.066158 -0.172676 0.982754 135 105 252
-0.450043 -0.108539 0.107298 0.244724 0.337057 0.909122 158 170 243
-0.179082 0.141010 -0.987992 0.325768 -0.228213 0.917493 169 98 244
0.455937 -0.028344 0.702659 -0.008797 0.052045 -0.998606 126 134 0
0.289286 0.198093 -0.258379 0.414446 -0.881486 0.226313 180 15 156
-0.474716 0.169522 0.265399 0.841239 -0.540457 -0.014925 234 58 125
0.001892 -0.032885 0.706758 -0.016541 0.128095 -0.991624 125 143 1
0.585556 -0.085782 0.698524 -0.008797 0.052045 -0.998606 126 134 0
0.157407 -0.219507 0.088940 -0.160893 0.986944 -0.007426 106 253 126
0.143263 0.113784 0.688585 0.036277 -0.458299 -0.888058 132 69 14
0.202029 0.200819 0.396635 -0.427422 -0.836810 0.342141 73 20 171
-0.151477 0.136209 0.664972 0.036277 -0.458299 -0.888058 132 69 14
0.351995 -0.153342 -0.999889 -0.430037 0.504829 0.748476 72 191 222
0.260523 -0.096373 -0.394231 0.949128 0.195870 0.246559 248 152 158
0.374925 -0.261376 0.565570 -0.060276 0.977872 0.200333 119 252 153
0.319982 0.177055 0.012320 -0.704038 -0.679687 -0.205806 37 40 101
-0.511529 -0.068193 0.397641 0.963233 -0.047511 -0.264433 250 121 93
-0.454949 -0.029725 0.535343 0.796599 -0.044220 -0.602888 229 121 50
0.129258 0.250293 -0.920566 -0.010726 -0.902555 0.430441 126 12 182
0.347397 -0.195532 0.632507 0.020942 0.848298 -0.529105 130 235 60
0.185441 0.239222 -0.806887 -0.003231 -0.957249 -0.289247 127 5 90
-0.388770 0.202990 -0.555722 -0.416064 -0.789552 -0.451108 74 26 69
0.021119 -0.055883 0.054584 0.177094 0.291592 0.940006 150 164 247
0.277495 0.122155 -0.499288 0.962329 -0.270068 -0.031418 250 93 123
0.697342 -0.210518 0.524401 -0.227530 0.766855 0.600136 98 225 204
0.603025 -0.230769 0.586131 0.020942 0.848298 -0.529105 130 235 60
0.003160 0.278495 0.240457 -0.115973 -0.918683 0.377586 112 10 175
-0.490106 -0.043914 -0.347536 -0.852906 0.328276 -0.405938 18 169 75
0.016434 0.246071 0.181959 -0.141546 -0.839477 0.524636 109 20 194
0.396733 -0.189443 -0.949835 -0.430037 0.504829 0.748476 72 191 222
-0.206030 -0.230924 0.593864 0.217104 0.728989 -0.649185 155 220 44
0.171125 0.215566 0.394097 -0.427422 -0.836810 0.342141 73 20 171
0.697156 -0.142153 0.477760 -0.242757 0.405036 0.881485 96 179 239
-0.459565 -0.103580 -0.423031 -0.578287 0.482395 -0.657936 53 189 43
0.498217 -0.144071 -0.602493 -0.968367 0.248137 -0.026315 4 159 124
-0.389120 0.064336 0.615877 0.805118 -0.045171 -0.591392 230 121 52
0.003995 0.087410 -1.043418 0.066158 -0.172676 0.982754 135 105 252
0.448505 -0.191675 -0.470386 -0.706325 0.668282 -0.233463 37 212 97
0.093984 -0.222295 0.124512 0.308469 0.846614 0.433695 166 235 182
-0.360711 -0.235775 -0.639351 0.051700 0.971068 -0.233139 134 251 97
0.807921 0.077891 0.473920 -0.389575 -0.353389 0.850498 77 82 235
0.037071 -0.295438 0.469930 -0.230922 0.972972 0.000756 98 251 127
-0.070761 0.202086 0.630280 0.006760 -0.645757 -0.763513 128 45 30
0.394479 -0.228539 -0.628035 0.168914 0.984721 -0.042350 149 253 122
0.411707 0.045868 -1.036011 -0.675264 -0.222970 0.703067 41 99 217
0.124345 -0.021240 0.706220 -0.016541 0.128095 -0.991624 125 143 1
0.210066 0.181194 0.170165 -0.545933 -0.694198 -0.469091 57 38 67
0.676095 0.123456 0.705011 0.007575 0.029582 -0.999534 128 131 0
-0.283657 0.058328 -0.547950 -0.677269 -0.367707 -0.637258 41 80 46
-0.288163 -0.212679 -0.632612 -0.297830 0.829865 -0.471828 89 233 67
-0.364347 0.075389 0.060152 0.154861 -0.049473 0.986697 147 121 253
-0.367249 -0.210023 0.546492 0.455355 0.495603 -0.739615 185 190 33
0.316787 0.227012 -0.745275 0.409759 -0.876294 -0.253389 179 15 95
-0.148260 -0.274617 0.564120 0.217104 0.728989 -0.649185 155 220 44
-0.508132 -0.121306 0.215355 0.981200 0.188278 0.042405 252 151 132
0.330691 -0.179557 -0.426725 0.708285 0.653889 0.266010 217 210 161
0.189890 -0.274551 0.518800 -0.092471 0.970301 0.223529 115 251 155
0.091565 -0.245080 0.277068 -0.497520 0.863265 -0.085130 64 237 116
-0.227025 -0.262910 -0.799079 -0.100504 0.963345 -0.248728 114 250 95
0.327421 -0.016672 -1.068258 0.005603 0.295544 0.955313 128 165 249
0.450292 0.034519 -0.171181 -0.944491 -0.254870 -0.207312 7 95 101
-0.274855 0.250143 -0.819545 0.194366 -0.948013 0.251978 152 6 159
0.241784 -0.181337 -0.087765 0.629703 0.767085 0.122695 207 225 143
0.255410 -0.090784 -0.378989 0.949128 0.195870 0.246559 248 152 158
0.302113 -0.205289 -0.205417 0.158702 0.983027 0.092041 147 252 139
-0.059311 -0.167900 0.110436 -0.024984 0.625721 0.779646 124 207 226
0.440774 0.181858 -0.414033 -0.727343 -0.652255 -0.213390 34 44 100
-0.318823 -0.054711 0.677749 0.413731 0.471918 -0.778537 180 187 28
0.240003 0.140662 -1.027138 0.024618 -0.563757 0.825574 130 55 232
-0.435050 -0.078140 -0.895091 0.487098 0.111350 0.866219 189 141 237
0.130149 -0.199488 0.617567 0.020942 0.848298 -0.529105 130 235 60
0.136929 -0.062104 -0.711258 -0.028322 0.208807 -0.977547 123 154 2
-0.413442 0.238833 0.230524 0.446801 -0.878519 0.169033 184 15 149
0.253385 0.201204 -0.118932 0.569352 -0.812155 0.127449 200 23 143
0.457995 -0.212760 0.609263 0.020942 0.848298 -0.529105 130 235 60
-0.296372 0.193017 -0.625924 -0.602042 -0.495825 -0.625861 50 64 47
-0.165654 0.280903 0.221716 0.008262 -0.825408 0.564476 128 22 199
0.547624 -0.133492 0.451016 -0.123243 0.398163 0.908998 111 178 243
0.319540 -0.162924 -0.468790 0.723251 0.685999 -0.079458 219 214 117
-0.291894 0.219474 -0.869352 0.284704 -0.699461 0.655513 163 38 211
0.133906 0.108531 -0.006763 0.768004 -0.227756 0.598579 225 98 203
-0.289958 0.126999 -0.943103 0.433314 -0.310199 0.846177 182 87 235
0.140119 0.161520 0.012139 0.510324 -0.805611 0.300932 192 24 165
0.341453 -0.028372 -1.060709 -0.410945 0.309050 0.857678 75 166 236
0.012043 0.261732 0.205833 -0.141546 -0.839477 0.524636 109 20 194
0.652051 -0.224308 0.528739 -0.175678 0.794156 0.581767 105 228 201
0.506873 -0.110117 -0.600854 -0.968367 0.248137 -0.026315 4 159 124
0.354166 0.233824 -0.880853 -0.262350 -0.932620 0.247775 94 8 159
-0.089964 0.299736 0.266469 -0.073469 -0.917572 0.390722 118 10 177
-0.123977 -0.092955 0.690607 0.011677 0.525042 -0.850996 128 194 18
-0.324559 0.231361 -0.664556 -0.409396 -0.780311 -0.472768 75 28 67
0.175464 0.239939 -0.809148 -0.003231 -0.957249 -0.289247 127 5 90
0.417965 0.199753 0.442190 -0.059860 -0.774073 0.630260 119 28 207
-0.517670 -0.052348 0.372423 0.963233 -0.047511 -0.264433 250 121 93
0.192894 -0.092439 -0.137760 0.936399 0.250287 0.245997 246 159 158
0.338000 0.239156 -0.877001 -0.255363 -0.959524 0.118756 94 5 142
0.854707 0.007948 0.657331 -0.556831 0.006191 -0.830603 56 128 21
0.223209 0.202571 0.632473 0.006760 -0.645757 -0.763513 128 45 30
0.277641 -0.111865 0.684451 0.011677 0.525042 -0.850996 128 194 18
-0.464039 0.047828 0.509028 0.914453 -0.081983 -0.396301 244 117 76
0.428340 0.000906 -0.054509 -0.945241 0.267323 -0.187236 6 161 103
-0.070208 -0.156380 0.652213 0.011677 0.525042 -0.850996 128 194 18
0.394197 0.095036 0.702033 0.007575 0.029582 -0.999534 128 131 0
0.277534 -0.168220 -0.275792 0.833290 0.541072 0.113437 233 196 141
-0.120517 0.131588 -0.698128 -0.371318 -0.453624 -0.810153 80 69 24
-0.277096 -0.238863 0.175887 0.074013 0.789293 0.609539 136 228 205
0.517733 0.043101 -0.620016 -0.999543 -0.010306 0.028401 0 126 131
0.144957 0.028471 -0.712000 -0.063181 -0.257698 -0.964158 119 94 4
0.222423 -0.062833 -0.701063 0.740193 0.343316 -0.578143 221 171 53
-0.272960 0.026194 0.708232 0.000333 -0.294430 -0.955673 127 89 5
0.032926 -0.289804 0.352693 -0.519583 0.847162 0.111135 61 235 141
-0.237405 0.325282 0.318373 0.147038 -0.929066 0.339436 146 9 170
-0.108392 -0.001445 0.074192 -0.036917 0.142496 0.989107 122 145 253
0.396127 -0.200269 -0.413545 -0.243496 0.924351 -0.293743 96 245 90
-0.136834 -0.165133 0.645899 0.011677 0.525042 -0.850996 128 194 18
-0.325717 0.050480 -0.504698 -0.676154 -0.141776 -0.722991 41 109 35
0.286320 0.134719 0.120942 -0.667778 -0.604069 -0.434941 42 50 72
-0.557988 -0.137182 -0.463867 0.967944 0.215731 -0.128630 250 155 111
-0.437227 0.225933 0.266194 0.735872 -0.659881 0.151822 221 43 146
-0.338546 0.248348 0.474762 0.571585 -0.797890 -0.191474 200 25 103
0.171888 -0.251450 -0.949916 0.010241 0.847668 0.530428 128 235 195
-0.497408 -0.019455 0.438445 0.933066 -0.032221 -0.358260 246 123 81
-0.436483 0.143369 -0.452085 -0.539064 -0.569923 -0.620160 58 54 48
-0.579620 -0.039807 -0.509854 0.989257 0.139533 -0.043608 253 145 121
-0.357611 -0.060173 0.651218 0.451450 0.483454 -0.749977 185 189 31
-0.367259 -0.057628 -0.463080 -0.532435 0.470025 -0.703981 59 187 37
-0.312169 0.263063 -0.743065 0.101289 -0.994188 0.036481 140 0 132
-0.160669 -0.204080 0.616816 -0.016959 0.558802 -0.829128 125 198 21
-0.481165 0.016931 0.101940 0.592037 -0.274454 0.757739 202 92 224
-0.057561 0.118995 -0.719938 -0.380109 -0.462784 -0.800842 79 68 25
0.255375 -0.270079 0.526480 -0.092471 0.970301 0.223529 115 251 155
0.244780 -0.175956 -1.006281 0.020801 0.471972 0.881368 130 187 239
-0.195267 0.256686 -0.856320 0.194366 -0.948013 0.251978 152 6 159
0.041848 -0.266812 -0.882814 -0.028353 0.998995 -0.034707 123 254 123
-0.378085 0.166520 -0.524695 -0.609653 -0.508461 -0.608104 49 62 49
0.489428 -0.162144 -0.658986 -0.770294 0.634423 -0.064453 29 208 119
0.411602 -0.098043 -0.994277 -0.478509 0.368470 0.797031 66 174 229
0.557458 0.238991 0.581540 -0.087175 -0.895052 -0.437359 116 13 71
0.674910 -0.199213 0.501451 -0.227530 0.766855 0.600136 98 225 204
0.160171 0.050967 -0.081319 0.931778 -0.298417 0.206731 246 89 153
0.052192 -0.006476 -1.063159 0.066158 -0.172676 0.982754 135 105 252
0.087659 -0.184122 0.071566 0.239330 0.703576 0.669106 158 217 212
-0.179449 0.213188 -0.924897 0.284704 -0.699461 0.655513 163 38 211
0.466411 0.016599 -0.224300 -0.945241 0.267323 -0.187236 6 161 103
0.476351 -0.159215 0.660818 0.017580 0.468175 -0.883461 129 187 14
0.532335 -0.109508 0.437714 -0.213896 0.413606 0.884974 100 180 240
-0.285390 -0.229778 -0.856456 0.234676 0.843361 0.483394 157 235 189
0.337704 -0.198478 -0.128769 -0.774426 0.625102 -0.097529 28 207 115
0.353281 0.158756 -0.041156 -0.704038 -0.679687 -0.205806 37 40 101
0.346959 0.203363 -0.166960 -0.704619 -0.679350 -0.204926 37 40 101
-0.155412 0.053891 -0.650545 -0.600696 -0.132496 -0.788422 50 110 26
0.364725 0.198940 -0.256450 -0.482261 -0.875437 -0.032158 66 15 123
0.203317 0.113253 0.329736 -0.859661 -0.510736 -0.011506 17 62 126
-0.089092 -0.311258 0.304420 -0.049644 0.922417 0.382991 121 245 176
0.779512 0.155771 0.493267 -0.389575 -0.353389 0.850498 77 82 235
-0.498477 -0.219616 -0.602593 0.051700 0.971068 -0.233139 134 251 97
0.142832 -0.158176 0.014332 0.368486 0.769310 0.521900 174 225 194
0.635327 -0.084845 0.441576 -0.122451 0.398563 0.908930 111 178 243
-0.103288 -0.256858 -0.898754 0.237401 0.841496 0.485310 157 234 189
0.378663 0.265553 0.521251 -0.083334 -0.986221 0.142913 116 1 145
-0.436686 0.207865 0.185042 0.735872 -0.659881 0.151822 221 43 146
-0.157579 -0.198542 -0.957514 0.254303 0.657411 0.709324 159 211 217
0.228488 0.010843 -0.679697 0.650466 -0.035470 -0.758706 210 122 30
-0.565877 0.031807 -0.413122 0.925056 -0.171947 -0.338682 245 105 84
0.431014 -0.144918 -0.316271 -0.940050 0.300511 -0.161243 7 165 106
-0.479796 -0.183530 -0.747178 0.652306 0.644964 0.398143 210 209 178
-0.430779 -0.228399 0.343026 0.698307 0.661406 -0.273695 216 211 92
0.543961 -0.027906 0.701907 -0.008797 0.052045 -0.998606 126 134 0
-0.298352 -0.277324 0.483009 0.478671 0.820085 -0.313584 188 232 87
0.513847 0.053535 -0.799272 -0.997789 -0.065637 0.010465 0 119 128
-0.579978 -0.045999 -0.537794 0.989257 0.139533 -0.043608 253 145 121
0.428045 -0.024462 0.703107 -0.008797 0.052045 -0.998606 126 134 0
0.256862 -0.155959 0.146721 -0.583011 0.613471 -0.532684 53 205 59
-0.073946 0.260550 0.191078 0.000068 -0.802414 0.596767 127 25 203
0.155796 0.056780 -0.054541 0.768004 -0.227756 0.598579 225 98 203
0.213705 0.206112 -0.781031 0.385434 -0.692516 -0.609805 176 39 49
0.187356 0.075916 0.699900 0.007575 0.029582 -0.999534 128 131 0
0.419606 -0.032667 -0.058350 -0.945241 0.267323 -0.187236 6 161 103
-0.373717 0.123550 0.603354 0.304376 -0.274468 -0.912153 166 92 11
0.260562 0.065858 -0.533994 0.962329 -0.270068 -0.031418 250 93 123
0.493086 -0.020639 0.385003 -0.190944 0.043192 0.980650 103 133 252
0.095905 0.261139 -0.891951 0.011179 -0.930719 0.365564 128 8 174
0.148126 0.007875 0.709584 -0.016541 0.128095 -0.991624 125 143 1
0.692197 -0.197680 0.642711 0.020942 0.848298 -0.529105 130 235 60
-0.051601 0.226126 -0.975018 -0.009702 -0.473787 0.880586 126 67 239
0.750370 0.053726 0.444791 -0.280373 -0.075330 0.956931 91 117 249
0.240429 -0.100800 -1.041721 0.005603 0.295544 0.955313 128 165 249
-0.459170 0.185706 0.197709 0.735872 -0.659881 0.151822 221 43 146
0.390888 -0.004355 -1.045678 -0.410945 0.309050 0.857678 75 166 236
0.458783 -0.191303 -0.579752 -0.770294 0.634423 -0.064453 29 208 119
0.123442 0.180924 -0.762155 0.025247 -0.495723 -0.868114 130 64 16
0.490652 -0.128878 -0.849831 -0.862507 0.403972 0.304776 17 179 166
0.456531 0.123853 -0.920211 -0.836250 -0.490790 0.244563 20 64 158
0.398469 0.006967 0.019111 -0.858945 0.006099 -0.512032 17 128 62
0.233511 -0.208221 0.037605 -0.191966 0.950200 -0.245497 103 248 96
-0.152830 0.227411 0.606885 0.047593 -0.749211 -0.660620 133 31 43
0.498163 0.244989 0.505365 -0.059860 -0.774073 0.630260 119 28 207
0.233230 0.256210 -0.905569 -0.010726 -0.902555 0.430441 126 12 182
0.397169 -0.216880 -0.479770 -0.115040 0.990340 -0.077409 112 253 117
-0.363740 -0.163505 0.579823 0.455355 0.495603 -0.739615 185 190 33
-0.514742 0.024724 0.332480 0.976624 -0.161392 -0.141978 252 106 109
0.398973 -0.193750 -0.936702 -0.660273 0.711630 0.240044 43 218 158
-0.111863 -0.195633 0.131010 -0.024984 0.625721 0.779646 124 207 226
0.127887 -0.163279 0.032406 0.368486 0.769310 0.521900 174 225 194
-0.034499 0.132278 0.671779 0.036277 -0.458299 -0.888058 132 69 14
-0.523606 -0.040903 0.216429 0.981200 0.188278 0.042405 252 151 132
-0.500452 -0.016071 0.117929 0.582397 0.178019 0.793173 201 150 228
0.632520 -0.158025 0.473273 -0.123243 0.398163 0.908998 111 178 243
0.317539 0.208121 -0.981560 -0.325302 -0.669428 0.667866 86 42 212
0.052062 -0.031223 0.038887 0.593758 0.259434 0.761673 203 160 224
-0.393865 0.255564 -0.720586 0.101289 -0.994188 0.036481 140 0 132
0.691652 -0.226150 0.597044 0.020942 0.848298 -0.529105 130 235 60
-0.085081 0.063190 -1.039831 0.308825 -0.209293 0.927806 166 100 245
-0.414884 0.110533 -0.440989 -0.609653 -0.508461 -0.608104 49 62 49
0.279283 0.215938 -0.076934 0.021033 -0.997218 0.071515 130 0 136
0.367506 -0.199529 -0.296167 -0.524180 0.849290 -0.062775 60 235 119
-0.558021 -0.043035 -0.390124 0.877861 0.164968 -0.449606 239 148 70
0.436359 0.039331 -1.007166 -0.905106 -0.165334 0.391725 12 106 177
0.806791 0.039209 0.460179 -0.280373 -0.075330 0.956931 91 117 249
0.114231 -0.047089 -0.709417 0.067988 0.006595 -0.997664 136 128 0
0.287843 -0.207281 -0.002149 -0.217098 0.947841 -0.233380 99 248 97
0.856708 0.127234 0.629197 -0.936648 -0.350209 -0.006640 8 82 126
-0.414209 0.149233 0.532910 0.766629 -0.431213 -0.475746 225 72 66
-0.167356 0.234257 0.598074 0.047593 -0.749211 -0.660620 133 31 43
0.415496 0.005772 -0.009467 -0.858945 0.006099 -0.512032 17 128 62
-0.005311 -0.177246 -0.750723 0.045541 0.487402 -0.871989 133 189 16
-0.040794 -0.162409 0.648897 0.011677 0.525042 -0.850996 128 194 18
0.582259 0.092341 0.405426 -0.217141 -0.030744 0.975656 99 123 251
0.256936 -0.054918 0.229170 -0.805722 0.145694 -0.574095 24 146 54
-0.422001 0.167752 -0.833081 0.438069 -0.540943 0.717967 183 58 219
0.188671 -0.069954 -0.144562 0.936399 0.250287 0.245997 246 159 158
0.002227 0.098772 -0.721437 -0.063181 -0.257698 -0.964158 119 94 4
0.421132 -0.196122 -0.868720 -0.660273 0.711630 0.240044 43 218 158
-0.148424 -0.180393 0.637155 0.020942 0.848298 -0.529105 130 235 60
-0.256010 -0.210640 0.139361 -0.106246 0.462759 0.880094 113 186 239
0.082410 0.223392 0.154189 0.116226 -0.987493 0.106534 142 1 141
-0.176483 0.026027 0.708317 0.000333 -0.294430 -0.955673 127 89 5
0.345355 -0.054524 0.100386 -0.768146 0.247648 -0.590443 29 159 52
-0.058986 -0.122258 -1.030797 0.012299 0.324492 0.945808 129 168 248
-0.424588 0.237150 -0.734227 0.642701 -0.717088 0.269666 209 36 161
0.514884 0.038929 -0.791978 -0.997789 -0.065637 0.010465 0 119 128
-0.467782 0.025756 0.504959 0.914453 -0.081983 -0.396301 244 117 76
0.214467 -0.101760 0.689818 0.011677 0.525042 -0.850996 128 194 18
0.047545 -0.155272 -1.015191 0.009021 0.499993 0.865982 128 191 237
0.337972 0.220142 -0.687259 0.409759 -0.876294 -0.253389 179 15 95
-0.068443 -0.108914 -1.035252 0.012299 0.324492 0.945808 129 168 248
-0.329512 -0.011860 0.692071 0.567315 -0.315061 -0.760849 199 87 30
0.075708 -0.243634 -0.960548 0.010241 0.847668 0.530428 128 235 195
-0.411195 -0.202782 0.165877 0.347148 0.618357 0.705069 171 206 217
0.117658 -0.244727 0.386288 -0.486362 0.754192 0.441188 65 223 183
-0.269266 0.174853 -0.922115 0.442041 -0.543852 0.713319 183 58 218
-0.146834 0.253522 0.181636 0.000068 -0.802414 0.596767 127 25 203
0.586807 0.099212 0.406655 -0.217141 -0.030744 0.975656 99 123 251
0.088870 -0.155042 0.655319 0.017580 0.468175 -0.883461 129 187 14
-0.468942 -0.121542 0.132109 0.644388 0.609305 0.462073 209 205 186
-0.134406 -0.006269 -1.039081 0.308825 -0.209293 0.927806 166 100 245
0.309468 0.213051 -0.126065 0.021033 -0.997218 0.071515 130 0 136
0.464954 0.181204 -0.561081 -0.769427 -0.634225 -0.075775 29 46 117
0.446745 -0.154540 0.662707 0.017580 0.468175 -0.883461 129 187 14
-0.069816 -0.178225 -1.000716 0.009021 0.499993 0.865982 128 191 237
-0.450599 0.088024 -0.875130 0.433314 -0.310199 0.846177 182 87 235
0.430254 0.152630 -0.309182 -0.924492 -0.350456 -0.149985 9 82 108
0.135079 0.145602 0.671830 0.036277 -0.458299 -0.888058 132 69 14
-0.013236 0.208343 -0.781787 0.025247 -0.495723 -0.868114 130 64 16
0.765797 -0.130500 0.491764 -0.421985 0.279186 0.862545 73 163 237
0.424907 0.002602 -0.034754 -0.945241 0.267323 -0.187236 6 161 103
-0.240099 -0.269406 0.213225 0.037082 0.796556 0.603427 132 229 204
0.321802 -0.165004 -0.466161 0.723251 0.685999 -0.079458 219 214 117
-0.046895 0.250118 0.177047 0.000068 -0.802414 0.596767 127 25 203
-0.109573 0.307917 0.516748 0.195709 -0.815663 -0.544418 152 23 58
0.576055 0.068971 0.702640 0.007575 0.029582 -0.999534 128 131 0
-0.440706 -0.088624 -0.890563 0.487098 0.111350 0.866219 189 141 237
0.269978 0.246315 -0.922975 -0.262350 -0.932620 0.247775 94 8 159
0.300251 0.188262 -0.316747 0.414446 -0.881486 0.226313 180 15 156
0.395276 0.234066 -0.781779 -0.284880 -0.953979 0.093637 91 5 139
0.217670 0.178329 0.654436 0.005013 -0.682509 -0.730860 128 40 34
0.577260 -0.058603 0.422231 -0.123243 0.398163 0.908998 111 178 243
0.280648 -0.245541 -0.961459 0.010241 0.847668 0.530428 128 235 195
-0.401526 0.244969 -0.749681 0.495882 -0.731949 0.467281 190 34 187
-0.195819 -0.316538 0.471355 0.229997 0.964631 -0.128794 156 250 111
-0.401148 -0.154873 -0.856487 0.463769 0.666940 0.583189 186 212 201
-0.580020 -0.021119 -0.611214 0.985640 0.147848 0.081575 253 146 137
0.227320 0.211217 -0.979967 -0.009702 -0.473787 0.880586 126 67 239
-0.386501 0.183195 0.549758 0.786483 -0.408230 -0.463457 227 75 68
0.117114 -0.056682 -0.002226 0.705415 0.215913 0.675108 217 155 213
0.035751 0.197053 0.635703 0.005013 -0.682509 -0.730860 128 40 34
-0.092829 -0.238789 -0.935200 0.237401 0.841496 0.485310 157 234 189
0.316910 -0.101405 0.691443 0.011677 0.525042 -0.850996 128 194 18
-0.292741 0.234474 0.171404 0.134808 -0.788432 0.600168 144 26 204
0.392900 0.168796 -0.210332 -0.704619 -0.679350 -0.204926 37 40 101
0.122157 -0.244441 -0.795689 -0.015388 0.680313 -0.732760 125 214 34
-0.018986 0.146152 -0.746441 0.025247 -0.495723 -0.868114 130 64 16
0.428202 0.060433 -1.015549 -0.675264 -0.222970 0.703067 41 99 217
0.243400 -0.017222 -0.391194 0.949128 0.195870 0.246559 248 152 158
-0.263852 0.130047 0.660747 0.430982 -0.520199 -0.737324 182 61 33
-0.438198 0.236087 -0.598260 0.147758 -0.969939 -0.193353 146 3 102
-0.575351 -0.079543 -0.540157 0.989257 0.139533 -0.043608 253 145 121
0.755868 -0.152673 0.498763 -0.242757 0.405036 0.881485 96 179 239
0.420204 0.157184 -0.974407 -0.439591 -0.780037 0.445312 71 28 184
0.492631 -0.017145 -0.318612 -0.955300 0.029842 -0.294127 5 131 89
-0.331983 0.238426 0.185186 0.107970 -0.791929 0.600991 141 26 204
-0.503961 -0.075528 0.426423 0.933066 -0.032221 -0.358260 246 123 81
0.281658 0.066331 0.700331 0.007575 0.029582 -0.999534 128 131 0
0.519925 0.017858 -0.552027 -0.999543 -0.010306 0.028401 0 126 131
-0.038681 0.254976 0.583847 0.047593 -0.749211 -0.660620 133 31 43
0.203913 -0.220267 -0.981588 0.020801 0.471972 0.881368 130 187 239
0.097915 0.103959 0.032057 0.580535 -0.216550 0.784911 201 99 227
-0.129622 -0.279308 0.221599 -0.049654 0.924251 0.378543 121 245 175
-0.164172 0.257078 -0.848526 -0.121932 -0.989976 -0.071272 111 1 118
-0.529376 0.009316 0.249334 0.976624 -0.161392 -0.141978 252 106 109
0.521708 -0.132685 0.445978 -0.213896 0.413606 0.884974 100 180 240
0.039289 0.269431 0.573070 0.047593 -0.749211 -0.660620 133 31 43
-0.290135 0.099339 0.667049 0.430982 -0.520199 -0.737324 182 61 33
0.274712 -0.245236 -0.961831 0.010241 0.847668 0.530428 128 235 195
-0.563728 0.107435 -0.456723 0.966960 -0.166253 -0.193258 250 106 102
0.132718 0.290977 0.555366 0.047593 -0.749211 -0.660620 133 31 43
-0.045094 0.149331 -0.743386 -0.380109 -0.462784 -0.800842 79 68 25
-0.252013 -0.041930 -0.998854 0.351877 0.412496 0.840255 172 180 234
0.408698 0.207785 -0.449792 -0.272789 -0.927767 -0.254625 92 9 95
0.401320 -0.053135 -1.021211 -0.478509 0.368470 0.797031 66 174 229
-0.479359 -0.172096 0.355141 0.698307 0.661406 -0.273695 216 211 92
-0.304392 -0.177972 0.606667 0.455355 0.495603 -0.739615 185 190 33
0.125526 -0.241770 0.173065 -0.376062 0.918169 -0.124671 79 244 111
0.316483 0.025929 0.708519 0.000333 -0.294430 -0.955673 127 89 5
0.260212 -0.041813 -0.609760 0.997376 -0.020535 0.069427 254 124 136
-0.460528 -0.063235 0.518614 0.866592 0.204226 -0.455314 237 153 69
0.522522 -0.062385 -0.699189 -0.997789 -0.065637 0.010465 0 119 128
-0.466079 -0.181645 0.216328 0.694816 0.691855 0.196387 216 215 152
0.318930 0.187207 -0.554646 0.828317 -0.557537 0.055155 233 56 134
0.119472 -0.058866 0.704032 -0.008797 0.052045 -0.998606 126 134 0
0.519133 0.028694 -0.575963 -0.999543 -0.010306 0.028401 0 126 131
0.273284 -0.225350 0.593605 -0.016959 0.558802 -0.829128 125 198 21
0.256220 0.181173 0.103924 -0.641011 -0.589694 -0.491290 45 52 64
0.433846 0.208491 -0.503276 -0.613617 -0.788823 -0.035111 49 26 123
-0.213259 -0.262187 -0.835379 0.237980 0.842294 0.483638 157 234 189
0.460657 0.188580 -0.579182 -0.769427 -0.634225 -0.075775 29 46 117
0.093683 -0.282538 0.510280 -0.227570 0.973580 0.018830 98 251 129
0.050371 0.299484 0.468144 -0.248413 -0.967763 0.041540 95 4 132
0.489348 0.139169 -0.456945 -0.769427 -0.634225 -0.075775 29 46 117
-0.162645 0.234604 -0.755702 -0.196925 -0.750933 -0.630333 102 31 47
0.712200 0.101968 0.704648 0.007575 0.029582 -0.999534 128 131 0
0.094007 0.071147 0.025895 0.580535 -0.216550 0.784911 201 99 227
0.364831 0.189817 -0.971908 -0.439591 -0.780037 0.445312 71 28 184
0.094832 -0.227369 0.595894 -0.016959 0.558802 -0.829128 125 198 21
0.107580 0.243936 0.369733 -0.554269 -0.830197 0.059661 56 21 135
0.092257 -0.220607 -0.772933 -0.015388 0.680313 -0.732760 125 214 34
0.134943 0.202370 0.258279 -0.810536 -0.576208 0.104959 24 54 140
0.411617 0.089321 0.369150 -0.206361 -0.030820 0.977990 101 123 252
0.216774 -0.129484 0.226208 -0.749914 0.501412 -0.431527 31 191 72
0.040760 -0.122262 -1.032093 0.012299 0.324492 0.945808 129 168 248
-0.289447 -0.247499 0.541805 0.300624 0.715529 -0.630590 165 218 47
0.509538 -0.116077 -0.755095 -0.968367 0.248137 -0.026315 4 159 124
0.353848 -0.110216 0.043659 -0.778893 0.523240 -0.345753 28 194 83
-0.020210 0.211091 -0.982762 -0.009702 -0.473787 0.880586 126 67 239
0.149292 0.191192 0.307718 -0.810536 -0.576208 0.104959 24 54 140
-0.263544 -0.263738 0.207185 0.037082 0.796556 0.603427 132 229 204
0.285800 -0.144939 -0.693326 0.418005 0.512946 -0.749772 180 192 31
-0.443085 -0.216047 -0.575446 0.051700 0.971068 -0.233139 134 251 97
0.158310 0.195258 0.209587 -0.545933 -0.694198 -0.469091 57 38 67
0.032668 0.225761 0.158975 -0.315953 -0.782673 0.536280 87 27 195
-0.503939 -0.118023 -0.783964 0.890436 0.252123 0.378890 241 159 175
0.256896 0.124830 -0.349853 0.890807 -0.292666 0.347576 241 90 171
0.566529 0.125929 0.699607 0.036277 -0.458299 -0.888058 132 69 14
-0.041641 -0.255049 -0.927638 0.030432 0.917977 0.395464 131 244 177
0.766193 -0.129614 0.491671 -0.421985 0.279186 0.862545 73 163 237
-0.319284 0.248280 -0.793510 0.147451 -0.947782 0.282786 146 6 163
-0.454283 -0.000921 0.533626 0.817078 -0.072759 -0.571917 231 118 54
0.258911 -0.093221 -0.390532 0.949128 0.195870 0.246559 248 152 158
-0.083163 0.219819 0.615171 0.006760 -0.645757 -0.763513 128 45 30
-0.522993 -0.001631 -0.819572 0.923358 0.258992 0.283430 245 160 163
0.130457 0.228041 -0.795294 -0.014791 -0.582119 -0.812969 125 53 23
-0.099881 -0.114734 -0.688637 -0.324252 0.262300 -0.908878 86 160 11
0.595419 -0.148344 0.464002 -0.123243 0.398163 0.908998 111 178 243
-0.566564 0.013347 -0.405626 0.925056 -0.171947 -0.338682 245 105 84
0.468987 0.131160 -0.862955 -0.836250 -0.490790 0.244563 20 64 158
-0.438311 0.225390 0.294251 0.841239 -0.540457 -0.014925 234 58 125
0.046588 0.185668 0.089382 0.241398 -0.655812 0.715289 158 43 218
-0.101609 0.334139 0.359270 -0.092252 -0.968116 0.232897 115 4 157
0.353689 -0.000599 0.705061 -0.016541 0.128095 -0.991624 125 143 1
-0.181192 -0.107052 -1.008817 0.501525 0.358041 0.787578 191 173 227
0.353020 0.202821 -0.186565 -0.482261 -0.875437 -0.032158 66 15 123
-0.222866 0.120162 0.085180 -0.000243 -0.449787 0.893136 127 70 241
0.281889 -0.139430 -0.391506 0.836454 0.521363 0.168896 234 193 149
0.578432 -0.236483 0.579860 -0.016959 0.558802 -0.829128 125 198 21
0.407667 -0.237022 0.486637 -0.126541 0.649068 0.750132 111 210 223
-0.472247 0.116468 0.417514 0.890129 -0.338677 -0.304908 240 84 88
-0.405079 -0.241472 -0.721021 0.132871 0.983031 -0.126470 144 252 111
0.191646 -0.009873 0.706566 -0.016541 0.128095 -0.991624 125 143 1
0.385895 0.262182 0.568275 -0.087175 -0.895052 -0.437359 116 13 71
-0.236647 0.034287 0.705751 0.000333 -0.294430 -0.955673 127 89 5
0.275635 -0.107819 -0.476471 0.889317 0.453086 0.061874 240 185 135
0.555845 0.196005 0.640971 0.006760 -0.645757 -0.763513 128 45 30
-0.115913 -0.091391 -0.676181 -0.324252 0.262300 -0.908878 86 160 11
0.414685 -0.119192 -0.982649 -0.478509 0.368470 0.797031 66 174 229
0.465209 -0.159497 -0.868401 -0.602676 0.750450 0.271307 50 223 162
-0.445764 -0.199156 0.375461 0.698307 0.661406 -0.273695 216 211 92
-0.071303 0.324379 0.346818 -0.276212 -0.948338 0.156083 92 6 147
0.457064 0.111768 0.702444 0.036277 -0.458299 -0.888058 132 69 14
-0.139877 0.345013 0.389313 -0.092252 -0.968116 0.232897 115 4 157
-0.521578 -0.058973 0.359380 0.963233 -0.047511 -0.264433 250 121 93
0.477469 -0.063584 0.700633 -0.008797 0.052045 -0.998606 126 134 0
0.304415 -0.183863 -0.709577 0.418005 0.512946 -0.749772 180 192 31
-0.247701 -0.040414 -0.579223 -0.716978 0.053838 -0.695014 36 134 38
0.204798 -0.193250 0.021659 0.528291 0.731504 0.431057 194 220 182
0.191123 -0.189335 0.201240 -0.749914 0.501412 -0.431527 31 191 72
0.298666 0.165228 -0.472501 0.828317 -0.557537 0.055155 233 56 134
-0.313189 -0.225664 -0.850137 0.234676 0.843361 0.483394 157 235 189
-0.154893 0.348373 0.407697 0.216982 -0.967263 -0.131611 155 4 110
-0.200699 -0.196653 -0.689814 -0.438269 0.817991 -0.372574 71 231 79
-0.274510 -0.209306 0.139370 0.113728 0.721620 0.682884 142 219 214
0.669836 0.224303 0.497921 -0.264025 -0.539822 0.799301 93 58 229
-0.076047 -0.253955 -0.917113 0.237401 0.841496 0.485310 157 234 189
0.796781 0.175437 0.510192 -0.626130 -0.354101 0.694675 47 82 216
-0.216910 0.120179 -0.642286 -0.414280 -0.432652 -0.800740 74 72 25
0.427848 0.210573 -0.501726 -0.206517 -0.972188 -0.110459 101 3 113
-0.044525 -0.079762 0.084826 0.375302 0.145263 0.915449 175 146 244
0.096695 0.048620 -0.714224 -0.063181 -0.257698 -0.964158 119 94 4
0.492121 0.149251 -0.607801 -0.966397 -0.256907 -0.008684 4 94 126
-0.199812 -0.238690 0.587223 0.217104 0.728989 -0.649185 155 220 44
-0.189322 -0.175450 -0.967535 0.254303 0.657411 0.709324 159 211 217
0.299050 -0.211950 -0.086604 0.004431 0.998158 0.060510 128 254 135
0.006542 0.246469 -0.833586 0.018652 -0.973625 -0.227392 129 3 98
0.063732 -0.028361 -1.063096 0.005603 0.295544 0.955313 128 165 249
-0.019969 -0.207740 -0.984194 0.009021 0.499993 0.865982 128 191 237
0.039453 -0.032322 0.706204 -0.016541 0.128095 -0.991624 125 143 1
-0.390417 -0.269451 0.304274 0.419414 0.879698 0.224105 180 239 156
-0.389125 0.219078 0.169958 0.107970 -0.791929 0.600991 141 26 204
-0.232583 -0.127364 0.096242 -0.049134 0.470405 0.881082 121 187 239
0.828792 0.173197 0.558002 -0.740850 -0.494591 0.454445 33 64 185
-0.121966 0.018506 0.710653 0.000333 -0.294430 -0.955673 127 89 5
-0.557669 0.173390 -0.591558 0.685720 -0.670313 0.283670 214 42 163
0.646529 -0.200044 0.495055 -0.125053 0.686697 0.716107 111 215 218
0.280249 -0.126311 0.155268 -0.583011 0.613471 -0.532684 53 205 59
-0.214461 -0.020676 -1.015647 0.325768 -0.228213 0.917493 169 98 244
0.310947 -0.206268 -0.210193 0.158702 0.983027 0.092041 147 252 139
-0.355453 0.178951 -0.557778 -0.609653 -0.508461 -0.608104 49 62 49
0.201878 0.094334 -0.206701 0.931778 -0.298417 0.206731 246 89 153
0.222317 0.041637 -0.319079 0.975218 0.103012 0.195805 251 140 152
-0.359629 -0.162780 0.582839 0.455355 0.495603 -0.739615 185 190 33
0.312798 0.178478 -0.460938 0.511616 -0.855508 -0.079718 192 18 117
0.222138 -0.135786 0.209563 -0.749914 0.501412 -0.431527 31 191 72
-0.169581 0.342265 0.428370 0.216982 -0.967263 -0.131611 155 4 110
0.485469 -0.024761 -0.908266 -0.922057 -0.099931 0.373932 9 114 175
-0.563010 -0.048941 -0.690717 0.891123 0.293443 0.346109 241 164 171
0.240077 0.013858 -0.392920 0.975218 0.103012 0.195805 251 140 152
-0.294669 0.264660 -0.748137 0.101289 -0.994188 0.036481 140 0 132
0.329695 0.148284 0.031846 -0.757650 -0.516816 -0.398581 30 61 76
0.587700 0.111646 0.407245 -0.217141 -0.030744 0.975656 99 123 251
-0.360051 0.272438 0.318624 0.386713 -0.922076 0.015131 176 9 129
0.182286 -0.135914 0.295430 -0.804498 0.583850 -0.109095 24 201 113
0.238857 0.046940 -1.065615 0.034890 -0.285453 0.957757 131 91 249
-0.525783 -0.036328 0.325933 0.976624 -0.161392 -0.141978 252 106 109
-0.055450 -0.313962 0.324470 -0.246429 0.964718 0.092694 96 250 139
0.705058 0.013332 0.702637 -0.008797 0.052045 -0.998606 126 134 0
-0.491443 -0.080734 -0.846653 0.635366 0.465576 0.616075 208 186 206
-0.573417 0.011958 -0.650026 0.939211 -0.160104 0.303727 247 107 166
-0.520492 0.034065 0.282314 0.976624 -0.161392 -0.141978 252 106 109
0.210723 -0.056565 -0.712213 -0.028322 0.208807 -0.977547 123 154 2
-0.396830 -0.209750 0.164916 0.347148 0.618357 0.705069 171 206 217
0.280911 0.096261 0.355900 -0.101714 -0.511874 0.853018 114 62 236
-0.565140 0.137458 -0.598944 0.942249 -0.218569 0.253760 247 99 159
0.243933 -0.169774 -1.009571 0.020801 0.471972 0.881368 130 187 239
0.203948 0.102328 -0.720860 0.735551 -0.125977 -0.665654 221 111 42
-0.098993 -0.329984 0.408082 -0.245669 0.969299 0.010331 96 251 128
-0.499540 -0.211862 -0.658960 0.587402 0.777048 0.226176 202 226 156
-0.299877 0.238852 -0.842724 0.194366 -0.948013 0.251978 152 6 159
-0.557660 -0.102033 -0.411066 0.877861 0.164968 -0.449606 239 148 70
0.412794 -0.116516 -0.157113 -0.940050 0.300511 -0.161243 7 165 106
-0.200217 0.206406 -0.703483 -0.245589 -0.811152 -0.530772 96 24 59
0.009882 0.068927 0.060427 0.209530 -0.178864 0.961304 154 104 250
-0.322456 0.135646 -0.919046 0.442041 -0.543852 0.713319 183 58 218
-0.434498 0.229074 0.302890 0.802626 -0.566117 -0.187890 229 55 103
0.042790 0.228688 0.169210 -0.315953 -0.782673 0.536280 87 27 195
-0.211977 -0.135647 0.663059 0.011677 0.525042 -0.850996 128 194 18
-0.110620 0.073364 0.697566 0.007575 0.029582 -0.999534 128 131 0
-0.131904 -0.163651 -0.692977 -0.391849 0.583396 -0.711409 77 201 36
-0.467753 -0.078369 0.107902 0.582397 0.178019 0.793173 201 150 228
0.007362 0.181303 -0.998486 -0.009702 -0.473787 0.880586 126 67 239
0.222808 -0.020570 0.705118 -0.008797 0.052045 -0.998606 126 134 0
0.169191 -0.045000 -0.095801 0.936399 0.250287 0.245997 246 159 158
0.293806 0.152172 0.390988 -0.101714 -0.511874 0.853018 114 62 236
0.284332 0.255131 -0.863327 -0.255363 -0.959524 0.118756 94 5 142
-0.446521 0.097260 -0.402759 -0.624042 -0.243028 -0.742637 47 96 32
-0.363774 -0.249406 -0.739293 0.132871 0.983031 -0.126470 144 252 111
0.382895 -0.222069 0.468853 -0.132113 0.687494 0.714071 110 215 218
0.481851 0.074648 -0.336086 -0.824439 -0.432624 -0.364881 22 72 80
0.508651 -0.042400 -0.855818 -0.922057 -0.099931 0.373932 9 114 175
-0.009141 -0.306426 0.495911 -0.230922 0.972972 0.000756 98 251 127
0.220447 0.155514 0.670202 0.036277 -0.458299 -0.888058 132 69 14
-0.286895 -0.102128 0.078576 -0.106246 0.462759 0.880094 113 186 239
-0.407501 0.090777 -0.896190 0.433314 -0.310199 0.846177 182 87 235
0.849734 0.146224 0.611317 -0.936648 -0.350209 -0.006640 8 82 126
0.508616 0.079162 -0.410912 -0.872373 -0.395677 -0.287062 16 77 90
0.244213 0.207926 0.071825 -0.281592 -0.957652 -0.060074 91 5 119
-0.371519 -0.265376 0.384645 0.573640 0.775379 -0.264053 200 226 93
0.476305 -0.022866 -0.930358 -0.922057 -0.099931 0.373932 9 114 175
0.308486 0.208225 -0.225823 0.081144 -0.996531 0.018472 137 0 129
-0.255194 0.192969 0.622016 0.304376 -0.274468 -0.912153 166 92 11
0.081146 0.137060 0.047488 0.463842 -0.165004 0.870416 186 106 238
-0.516399 -0.068863 0.195649 0.939958 0.202633 0.274627 247 153 162
-0.528875 -0.195754 -0.616921 0.774689 0.630004 0.054323 226 207 134
0.473081 0.068740 -0.909905 -0.905106 -0.165334 0.391725 12 106 177
0.410266 -0.074385 -0.070761 -0.945241 0.267323 -0.187236 6 161 103
0.360411 0.193785 -0.181465 -0.704619 -0.679350 -0.204926 37 40 101
-0.122914 0.325263 0.485964 0.195709 -0.815663 -0.544418 152 23 58
-0.400079 0.166006 -0.504532 -0.539064 -0.569923 -0.620160 58 54 48
0.483299 -0.128157 0.677415 0.017580 0.468175 -0.883461 129 187 14
-0.258291 -0.262697 -0.782169 -0.102360 0.980679 -0.166708 114 252 106
0.614878 -0.162472 0.661849 0.017580 0.468175 -0.883461 129 187 14
-0.276955 0.106966 0.078519 -0.000243 -0.449787 0.893136 127 70 241
0.598840 0.015285 0.406252 -0.187837 -0.053583 0.980738 103 120 252
0.390941 0.243092 0.599686 0.006760 -0.645757 -0.763513 128 45 30
0.444896 0.036217 -0.148686 -0.944491 -0.254870 -0.207312 7 95 101
0.744539 0.164175 0.481989 -0.264025 -0.539822 0.799301 93 58 229
0.235510 0.262193 0.487289 -0.101141 -0.723762 0.682597 114 35 214
-0.593346 0.049353 -0.568691 0.939211 -0.160104 0.303727 247 107 166
0.179123 0.186136 0.198863 -0.545933 -0.694198 -0.469091 57 38 67
-0.258775 -0.158402 -0.938845 0.351877 0.412496 0.840255 172 180 234
-0.082193 -0.276512 0.566395 -0.016959 0.558802 -0.829128 125 198 21
0.053845 0.250356 0.590558 0.006760 -0.645757 -0.763513 128 45 30
0.275024 0.125526 0.151053 -0.667778 -0.604069 -0.434941 42 50 72
0.260307 -0.035520 -0.463439 0.979569 0.200644 -0.013687 252 153 125
0.518046 0.029997 -0.613731 -0.999543 -0.010306 0.028401 0 126 131
0.510594 -0.106808 -0.706586 -0.968367 0.248137 -0.026315 4 159 124
0.509633 0.123338 0.399421 -0.101714 -0.511874 0.853018 114 62 236
-0.469170 -0.229763 -0.674610 0.122889 0.989704 -0.073373 143 253 118
0.202451 -0.000413 -0.226171 0.941530 0.108501 0.318981 247 141 168
-0.297611 -0.309289 0.400543 0.478671 0.820085 -0.313584 188 232 87
-0.039885 -0.255904 -0.831825 0.016087 0.967804 -0.251191 129 250 95
-0.331682 0.109161 -0.526242 -0.677269 -0.367707 -0.637258 41 80 46
-0.520424 0.198406 -0.532060 0.613263 -0.783377 -0.101140 205 27 114
0.375077 0.179893 0.654055 0.005013 -0.682509 -0.730860 128 40 34
-0.509684 -0.179343 -0.440035 0.287325 0.956713 0.046315 164 249 133
-0.446321 0.016499 -0.381382 -0.720517 -0.141913 -0.678761 35 109 40
-0.235982 0.090336 -0.616294 -0.414280 -0.432652 -0.800740 74 72 25
-0.509329 0.089968 0.295549 0.976624 -0.161392 -0.141978 252 106 109
0.564180 -0.093608 0.435790 -0.123243 0.398163 0.908998 111 178 243
0.060081 0.140115 -1.022146 0.024618 -0.563757 0.825574 130 55 232
-0.568376 -0.119966 -0.513163 0.967944 0.215731 -0.128630 250 155 111
-0.057209 -0.143130 -0.717291 -0.391849 0.583396 -0.711409 77 201 36
-0.580540 -0.023109 -0.477297 0.989257 0.139533 -0.043608 253 145 121
0.403219 -0.192333 -0.929222 -0.660273 0.711630 0.240044 43 218 158
0.469626 -0.157492 -0.436438 -0.706325 0.668282 -0.233463 37 212 97
0.187962 0.212466 0.407547 -0.427422 -0.836810 0.342141 73 20 171
0.126611 0.212259 -0.980516 -0.009702 -0.473787 0.880586 126 67 239
-0.286622 0.096545 0.073268 -0.000243 -0.449787 0.893136 127 70 241
-0.018375 0.087871 -0.717562 0.067988 0.006595 -0.997664 136 128 0
-0.508831 -0.122771 0.338739 0.968821 0.247758 0.001672 251 159 127
0.408162 -0.118074 -0.133017 -0.940050 0.300511 -0.161243 7 165 106
0.365746 0.170125 0.663112 0.005013 -0.682509 -0.730860 128 40 34
0.420099 0.060122 0.370019 -0.206361 -0.030820 0.977990 101 123 252
-0.068380 0.204526 0.127966 0.077412 -0.565419 0.821163 137 55 232
-0.408628 -0.018162 -0.917389 0.539715 -0.073252 0.838655 196 118 234
0.393458 0.004508 0.705057 -0.016541 0.128095 -0.991624 125 143 1
0.518938 -0.156669 0.663015 0.017580 0.468175 -0.883461 129 187 14
-0.250631 0.097503 -0.609387 -0.708015 -0.396048 -0.584689 37 77 52
0.351735 -0.215324 -0.628137 0.723251 0.685999 -0.079458 219 214 117
0.360938 0.181555 -0.142730 -0.704619 -0.679350 -0.204926 37 40 101
0.093880 0.261520 -0.890869 0.018652 -0.973625 -0.227392 129 3 98
0.035436 -0.018380 0.042305 0.375302 0.145263 0.915449 175 146 244
-0.226589 -0.229246 -0.886189 0.237980 0.842294 0.483638 157 234 189
-0.079630 -0.282865 0.562060 -0.016959 0.558802 -0.829128 125 198 21
0.139251 0.256175 -0.864261 0.018652 -0.973625 -0.227392 129 3 98
0.799439 0.056003 0.693189 -0.334890 -0.349262 -0.875137 84 82 15
0.397426 0.233821 0.607585 0.006760 -0.645757 -0.763513 128 45 30
0.293618 0.198135 -0.989490 0.024618 -0.563757 0.825574 130 55 232
-0.082036 0.129544 0.096028 -0.037414 -0.300091 0.953176 122 89 249
-0.435331 -0.199652 0.400881 0.698307 0.661406 -0.273695 216 211 92
-0.223265 0.222973 -0.718137 -0.245589 -0.811152 -0.530772 96 24 59
0.393454 -0.022560 0.365688 -0.190944 0.043192 0.980650 103 133 252
-0.454440 0.110549 0.483261 0.904471 -0.380336 -0.193070 242 79 102
0.597629 -0.200156 0.486996 -0.123243 0.398163 0.908998 111 178 243
-0.381853 0.262611 0.276967 0.386713 -0.922076 0.015131 176 9 129
-0.236077 0.050946 -0.989911 0.337464 -0.228117 0.913280 170 98 243
0.038377 0.302035 0.455853 -0.248413 -0.967763 0.041540 95 4 132
0.281091 -0.088106 0.179156 -0.808436 0.250074 -0.532817 24 159 59
0.087584 -0.035087 0.013779 0.574980 0.250621 0.778837 200 159 226
-0.383689 -0.236932 -0.649266 0.051700 0.971068 -0.233139 134 251 97
-0.171254 0.256898 -0.833912 -0.121932 -0.989976 -0.071272 111 1 118
0.179748 0.104358 -0.092488 0.931778 -0.298417 0.206731 246 89 153
-0.046887 0.325244 0.486645 -0.248413 -0.967763 0.041540 95 4 132
0.615889 -0.146243 0.670469 0.017580 0.468175 -0.883461 129 187 14
-0.087844 0.195442 -0.749741 -0.380109 -0.462784 -0.800842 79 68 25
0.413175 -0.121122 -0.167919 -0.940050 0.300511 -0.161243 7 165 106
-0.386482 -0.019935 -0.434469 -0.716978 0.053838 -0.695014 36 134 38
0.154253 0.176531 0.254972 -0.793883 -0.603237 0.076517 26 50 137
0.204319 0.115866 -0.187065 0.938693 -0.281138 0.199544 247 91 152
0.116781 0.221599 0.100064 0.116226 -0.987493 0.106534 142 1 141
0.299153 -0.155971 0.097355 -0.606800 0.660431 -0.442295 50 211 71
0.447040 0.162321 -0.375674 -0.727343 -0.652255 -0.213390 34 44 100
-0.318560 -0.307034 0.374464 0.478671 0.820085 -0.313584 188 232 87
0.276986 0.115003 -0.415929 0.887047 -0.334352 0.318365 240 84 168
0.002767 -0.303601 0.496916 -0.230922 0.972972 0.000756 98 251 127
0.435485 0.055941 0.701189 0.007575 0.029582 -0.999534 128 131 0
-0.154688 -0.302120 0.273909 -0.049644 0.922417 0.382991 121 245 176
-0.345132 -0.219995 -0.609519 -0.297830 0.829865 -0.471828 89 233 67
0.445893 0.163298 -0.374748 -0.727343 -0.652255 -0.213390 34 44 100
-0.521031 -0.065544 0.354843 0.957852 0.227211 -0.175770 249 156 105
0.123501 -0.195503 0.623693 0.020942 0.848298 -0.529105 130 235 60
0.135226 -0.235966 0.186555 -0.376062 0.918169 -0.124671 79 244 111
-0.572030 -0.093313 -0.508876 0.989257 0.139533 -0.043608 253 145 121
-0.517193 -0.072109 0.367275 0.957852 0.227211 -0.175770 249 156 105
0.190601 0.165133 0.664019 0.036277 -0.458299 -0.888058 132 69 14
-0.197995 -0.039988 0.709175 -0.016541 0.128095 -0.991624 125 143 1
0.160085 0.015707 0.710396 -0.016541 0.128095 -0.991624 125 143 1
0.197488 0.123213 0.323126 -0.859661 -0.510736 -0.011506 17 62 126
0.180125 0.108229 -0.088598 0.931778 -0.298417 0.206731 246 89 153
-0.091441 -0.302624 0.525755 -0.013099 0.927828 -0.372778 125 245 79
-0.519087 -0.080095 0.346627 0.957852 0.227211 -0.175770 249 156 105
0.629426 0.073224 0.703170 0.007575 0.029582 -0.999534 128 131 0
0.159643 -0.243947 -0.961670 0.010241 0.847668 0.530428 128 235 195
0.335890 0.146745 -1.025843 0.024618 -0.563757 0.825574 130 55 232
0.137199 -0.204338 0.340046 -0.835460 0.543522 0.081176 20 196 137
-0.405239 0.099830 0.590875 0.817078 -0.072759 -0.571917 231 118 54
-0.082756 -0.234607 0.163222 -0.024984 0.625721 0.779646 124 207 226
0.117440 -0.205471 -0.987471 0.020801 0.471972 0.881368 130 187 239
-0.033683 -0.313284 0.394306 -0.245669 0.969299 0.010331 96 251 128
-0.317330 -0.285216 0.433398 0.478671 0.820085 -0.313584 188 232 87
-0.137235 0.151828 0.657493 0.036277 -0.458299 -0.888058 132 69 14
0.221022 0.126230 -0.251037 0.938693 -0.281138 0.199544 247 91 152
-0.397604 0.228976 -0.593056 -0.416064 -0.789552 -0.451108 74 26 69
-0.161674 -0.249816 -0.882308 0.237980 0.842294 0.483638 157 234 189
0.203273 0.142009 0.236059 -0.545933 -0.694198 -0.469091 57 38 67
0.873847 -0.046158 0.527330 -0.965441 0.258708 -0.031537 4 160 123
-0.277519 -0.261147 -0.805570 0.237980 0.842294 0.483638 157 234 189
-0.544710 0.068052 -0.736956 0.972409 -0.168200 0.161648 251 106 148
-0.161287 0.252712 -0.792820 -0.121932 -0.989976 -0.071272 111 1 118
0.778829 -0.010300 0.700755 -0.008797 0.052045 -0.998606 126 134 0
0.058968 -0.173868 -0.745477 0.045541 0.487402 -0.871989 133 189 16
0.211830 -0.173620 0.183515 -0.749914 0.501412 -0.431527 31 191 72
-0.081857 0.114776 -0.706434 -0.371318 -0.453624 -0.810153 80 69 24
0.064581 0.121171 -0.731510 -0.063181 -0.257698 -0.964158 119 94 4
-0.018083 -0.281833 0.242396 -0.049654 0.924251 0.378543 121 245 175
-0.413269 -0.254803 0.287214 0.694816 0.691855 0.196387 216 215 152
0.350486 0.204790 -0.501443 0.511616 -0.855508 -0.079718 192 18 117
-0.362644 0.099215 0.624753 0.430982 -0.520199 -0.737324 182 61 33
0.108512 0.223367 -0.791548 -0.014791 -0.582119 -0.812969 125 53 23
-0.078655 -0.320229 0.328005 -0.246429 0.964718 0.092694 96 250 139
0.755773 -0.017973 0.450438 -0.421985 0.279186 0.862545 73 163 237
0.383692 -0.243095 -0.784662 -0.252592 0.957950 0.136124 95 249 144
-0.450508 -0.195303 0.372668 0.698307 0.661406 -0.273695 216 211 92
-0.544130 0.121190 -0.685156 0.972409 -0.168200 0.161648 251 106 148
-0.442904 -0.172407 0.447399 0.698307 0.661406 -0.273695 216 211 92
0.084350 0.046818 -1.055959 0.066158 -0.172676 0.982754 135 105 252
0.659282 -0.211524 0.619212 0.020942 0.848298 -0.529105 130 235 60
0.124246 -0.201413 -0.757465 0.045541 0.487402 -0.871989 133 189 16
-0.498637 -0.103053 0.415030 0.872002 0.374339 -0.315408 238 175 87
0.314239 -0.209168 -0.039198 -0.754795 0.602387 -0.259643 31 204 94
-0.312595 -0.033393 0.061408 -0.156817 0.065365 0.985462 107 135 253
0.816355 -0.023233 0.481844 -0.474929 0.278960 0.834640 66 163 233
0.664511 0.094338 0.423149 -0.187837 -0.053583 0.980738 103 120 252
0.238179 0.043133 0.703192 0.000333 -0.294430 -0.955673 127 89 5
0.517140 0.222149 0.618516 0.006760 -0.645757 -0.763513 128 45 30
0.146263 0.114369 0.688405 0.036277 -0.458299 -0.888058 132 69 14
0.174570 0.132172 -0.049941 0.768004 -0.227756 0.598579 225 98 203
0.691858 0.195505 0.642599 0.006760 -0.645757 -0.763513 128 45 30
0.407715 -0.028166 -0.005872 -0.920763 0.283778 -0.267706 10 163 93
-0.208073 -0.035971 0.073660 -0.131379 0.124348 0.983503 110 143 252
0.168813 0.022886 -0.134808 0.941530 0.108501 0.318981 247 141 168
-0.238312 -0.235256 -0.707612 -0.323023 0.631724 -0.704686 86 208 37
-0.377404 0.027339 0.634653 0.805118 -0.045171 -0.591392 230 121 52
-0.399816 0.095593 -0.898360 0.433314 -0.310199 0.846177 182 87 235
-0.579878 -0.030289 -0.485265 0.989257 0.139533 -0.043608 253 145 121
0.302383 0.253393 -0.816735 0.159991 -0.947468 -0.276960 147 6 92
-0.003181 0.311943 0.438140 -0.248413 -0.967763 0.041540 95 4 132
-0.315877 -0.135710 -0.926072 0.351877 0.412496 0.840255 172 180 234
-0.527347 -0.049163 -0.335359 0.863899 0.028849 -0.502839 237 131 63
0.508714 -0.108680 -0.655028 -0.968367 0.248137 -0.026315 4 159 124
-0.396995 0.250228 -0.637715 0.147758 -0.969939 -0.193353 146 3 102
0.221948 0.229248 -0.797823 -0.014791 -0.582119 -0.812969 125 53 23
0.540210 -0.166676 0.658135 0.017580 0.468175 -0.883461 129 187 14
-0.263198 0.252635 -0.819163 0.194366 -0.948013 0.251978 152 6 159
0.029091 -0.202832 0.113162 0.308584 0.649586 0.694848 166 210 216
0.484675 0.178226 -0.736404 -0.769427 -0.634225 -0.075775 29 46 117
-0.061614 -0.173878 -1.003311 0.009021 0.499993 0.865982 128 191 237
0.289811 0.041102 0.703835 0.000333 -0.294430 -0.955673 127 89 5
0.322529 0.188395 -0.997004 0.024618 -0.563757 0.825574 130 55 232
-0.214006 -0.234822 -0.718365 -0.323023 0.631724 -0.704686 86 208 37
0.330536 -0.204819 -0.363553 0.358096 0.932588 0.045249 173 246 133
0.195896 -0.235369 -0.788815 -0.015388 0.680313 -0.732760 125 214 34
-0.275299 0.011560 0.712740 0.000333 -0.294430 -0.955673 127 89 5
0.228108 -0.058309 -0.295339 0.975218 0.103012 0.195805 251 140 152
0.347270 -0.217835 0.458185 -0.132113 0.687494 0.714071 110 215 218
-0.097631 -0.329280 0.374467 -0.245669 0.969299 0.010331 96 251 128
0.354144 -0.206865 -0.533185 0.723251 0.685999 -0.079458 219 214 117
0.103187 0.291286 0.510564 -0.240694 -0.944314 0.224360 96 7 156
0.410062 0.164576 -0.971471 -0.439591 -0.780037 0.445312 71 28 184
-0.227887 -0.129176 0.666833 0.011677 0.525042 -0.850996 128 194 18
0.486303 0.029398 -0.891736 -0.922057 -0.099931 0.373932 9 114 175
0.243005 -0.154326 0.658766 0.017580 0.468175 -0.883461 129 187 14
0.416262 -0.230609 0.482538 -0.126541 0.649068 0.750132 111 210 223
-0.500408 -0.175550 -0.726334 0.652306 0.644964 0.398143 210 209 178
-0.210868 0.088465 0.080878 -0.242404 -0.180285 0.953277 96 104 249
-0.102143 0.255383 0.578813 0.047593 -0.749211 -0.660620 133 31 43
-0.298756 -0.260119 -0.754254 0.132871 0.983031 -0.126470 144 252 111
0.214400 0.071460 0.282036 -0.792725 -0.282354 -0.540243 26 91 58
0.254937 0.023287 -0.514713 0.997376 -0.020535 0.069427 254 124 136
0.380233 -0.248969 0.492346 -0.126541 0.649068 0.750132 111 210 223
-0.495293 -0.204870 -0.687218 0.652306 0.644964 0.398143 210 209 178
-0.464993 0.181344 0.206971 0.735872 -0.659881 0.151822 221 43 146
-0.340733 -0.017397 0.055870 -0.156817 0.065365 0.985462 107 135 253
0.252659 0.080740 -0.384133 0.887047 -0.334352 0.318365 240 84 168
0.499169 0.066490 -0.367024 -0.830057 -0.443506 -0.338095 21 70 84
0.130331 0.229057 -0.965067 -0.010726 -0.902555 0.430441 126 12 182
-0.538719 0.039065 -0.803160 0.972409 -0.168200 0.161648 251 106 148
-0.088685 -0.227636 0.157437 -0.024984 0.625721 0.779646 124 207 226
-0.518929 0.042017 0.284025 0.976624 -0.161392 -0.141978 252 106 109
0.358427 -0.216527 -0.953576 -0.430037 0.504829 0.748476 72 191 222
0.447240 0.052724 -0.180444 -0.924492 -0.350456 -0.149985 9 82 108
-0.481137 0.164866 -0.790670 0.495882 -0.731949 0.467281 190 34 187
-0.237931 0.260091 -0.764197 -0.121932 -0.989976 -0.071272 111 1 118
0.148155 0.135548 -1.027891 0.024618 -0.563757 0.825574 130 55 232
0.320194 -0.224917 0.592937 -0.016959 0.558802 -0.829128 125 198 21
-0.211053 0.034084 0.070547 -0.242404 -0.180285 0.953277 96 104 249
0.523424 -0.001605 -0.435955 -0.999543 -0.010306 0.028401 0 126 131
-0.420516 0.094379 -0.888206 0.433314 -0.310199 0.846177 182 87 235
0.637237 0.089048 0.703698 0.007575 0.029582 -0.999534 128 131 0
0.159237 0.055304 -1.059510 0.066158 -0.172676 0.982754 135 105 252
0.018906 -0.007105 0.709805 -0.016541 0.128095 -0.991624 125 143 1
-0.247130 -0.175687 0.121230 -0.049134 0.470405 0.881082 121 187 239
0.062134 0.163906 -1.007242 -0.009702 -0.473787 0.880586 126 67 239
0.160810 0.044813 0.702647 0.000333 -0.294430 -0.955673 127 89 5
0.818480 0.122774 0.659255 -0.334890 -0.349262 -0.875137 84 82 15
0.195049 -0.131574 -1.030410 0.009021 0.499993 0.865982 128 191 237
-0.224298 -0.140739 -0.966053 0.501525 0.358041 0.787578 191 173 227
0.123124 -0.067778 -0.712070 -0.028322 0.208807 -0.977547 123 154 2
0.321990 0.217429 -0.965831 -0.439591 -0.780037 0.445312 71 28 184
0.297257 0.185500 0.648285 0.005013 -0.682509 -0.730860 128 40 34
-0.544306 -0.175054 -0.615364 0.935294 0.283152 0.212252 246 163 154
0.694007 -0.093459 0.697168 -0.008797 0.052045 -0.998606 126 134 0
0.243821 -0.140918 0.178316 -0.583011 0.613471 -0.532684 53 205 59
0.279939 0.216104 -0.057721 -0.337645 -0.928866 -0.152328 84 9 108
0.043875 -0.279002 0.551998 -0.060276 0.977872 0.200333 119 252 153
-0.148930 -0.080814 0.697755 0.011677 0.525042 -0.850996 128 194 18
-0.563696 0.066966 -0.425017 0.925056 -0.171947 -0.338682 245 105 84
0.054003 -0.076116 0.703438 0.011677 0.525042 -0.850996 128 194 18
-0.091700 0.252963 -0.907030 0.011179 -0.930719 0.365564 128 8 174
0.306308 -0.265575 0.565418 -0.060276 0.977872 0.200333 119 252 153
-0.263929 0.055639 0.061785 -0.062868 0.071491 0.995458 119 136 254
-0.260307 -0.237084 -0.699168 -0.323023 0.631724 -0.704686 86 208 37
-0.524184 0.200698 -0.572612 0.613263 -0.783377 -0.101140 205 27 114
0.513610 0.078312 -0.709481 -0.939202 -0.343348 0.003385 7 83 127
-0.350749 -0.110073 -0.924054 0.351877 0.412496 0.840255 172 180 234
0.870021 0.052993 0.610955 -0.997684 -0.013191 -0.066728 0 125 118
-0.200015 0.221495 0.610195 0.047593 -0.749211 -0.660620 133 31 43
0.520800 -0.028356 -0.649950 -0.997789 -0.065637 0.010465 0 119 128
-0.507725 0.103569 0.264936 0.940852 -0.338746 0.006962 247 84 128
0.247004 -0.261493 -0.934893 0.030432 0.917977 0.395464 131 244 177
-0.338458 0.244955 -0.794655 0.147451 -0.947782 0.282786 146 6 163
0.500788 0.161462 0.423758 -0.111069 -0.559776 0.821167 113 56 232
0.714045 0.238558 0.547777 -0.170974 -0.906405 0.386262 105 11 176
0.589046 -0.015778 0.702141 -0.008797 0.052045 -0.998606 126 134 0
-0.506238 -0.043862 -0.835566 0.923358 0.258992 0.283430 245 160 163
0.812831 -0.187259 0.553922 -0.738148 0.432997 0.517350 33 182 193
0.775082 -0.164177 0.509340 -0.242757 0.405036 0.881485 96 179 239
0.015620 -0.300518 0.455704 -0.230922 0.972972 0.000756 98 251 127
0.320774 -0.183237 0.001968 -0.754795 0.602387 -0.259643 31 204 94
-0.514287 0.108384 -0.351882 -0.466444 -0.234143 -0.852999 68 97 18
-0.214095 0.117978 0.671822 0.036277 -0.458299 -0.888058 132 69 14
0.374170 -0.148054 -0.990714 -0.430037 0.504829 0.748476 72 191 222
-0.344737 -0.029657 0.056046 -0.156817 0.065365 0.985462 107 135 253
0.441867 0.179314 0.655054 0.005013 -0.682509 -0.730860 128 40 34
-0.026866 -0.301954 0.525292 -0.011435 0.928864 -0.370244 126 245 80
-0.074694 0.334774 0.448380 -0.337072 -0.940728 -0.037584 84 7 122
-0.272459 -0.052993 0.703134 0.366163 0.328787 -0.870531 174 169 16
-0.045958 -0.256817 -0.835731 0.016087 0.967804 -0.251191 129 250 95
-0.326431 0.100295 0.645159 0.430982 -0.520199 -0.737324 182 61 33
-0.111658 -0.333132 0.402237 -0.245669 0.969299 0.010331 96 251 128
0.328017 -0.238579 -0.941013 -0.337448 0.935493 0.104793 84 246 140
0.517486 0.036214 -0.631201 -0.999543 -0.010306 0.028401 0 126 131
0.032087 0.005037 0.711153 -0.016541 0.128095 -0.991624 125 143 1
0.190863 -0.054349 -0.168786 0.936399 0.250287 0.245997 246 159 158
0.616304 0.179670 0.454869 -0.189525 -0.552903 0.811405 103 57 230
-0.518248 0.183635 -0.453647 0.469894 -0.864308 -0.179364 187 17 104
-0.421908 -0.236232 -0.682708 0.122889 0.989704 -0.073373 143 253 118
0.421134 -0.078288 -0.134491 -0.940050 0.300511 -0.161243 7 165 106
0.392233 0.159549 -0.177381 -0.704619 -0.679350 -0.204926 37 40 101
-0.553937 0.041777 -0.385571 0.925056 -0.171947 -0.338682 245 105 84
-0.177649 -0.076404 0.700082 0.011677 0.525042 -0.850996 128 194 18
0.140469 -0.262825 -0.848594 -0.028353 0.998995 -0.034707 123 254 123
-0.132615 0.335216 0.351465 -0.092252 -0.968116 0.232897 115 4 157
0.072057 0.152758 0.665563 0.036277 -0.458299 -0.888058 132 69 14
-0.081816 0.233915 -0.955327 0.347647 -0.709246 0.613279 171 37 205
-0.250393 -0.100463 0.684240 0.011677 0.525042 -0.850996 128 194 18
-0.194090 0.235090 -0.746458 -0.196925 -0.750933 -0.630333 102 31 47
0.152644 -0.177011 0.294081 -0.804498 0.583850 -0.109095 24 201 113
-0.339945 -0.165419 -0.556927 -0.531117 0.491156 -0.690421 59 190 39
-0.486206 0.116464 0.156226 0.703995 -0.350966 0.617425 217 82 206
-0.399543 -0.074716 0.612309 0.805118 -0.045171 -0.591392 230 121 52
0.048707 0.283735 0.376592 -0.554269 -0.830197 0.059661 56 21 135
0.467941 -0.099654 -0.337735 -0.762590 0.414588 -0.496562 30 180 64
-0.573653 -0.035185 -0.662650 0.985640 0.147848 0.081575 253 146 137
-0.161389 0.241116 0.590725 0.047593 -0.749211 -0.660620 133 31 43
0.501521 -0.106476 -0.848768 -0.862507 0.403972 0.304776 17 179 166
0.501163 0.117428 -0.672516 -0.966397 -0.256907 -0.008684 4 94 126
0.175485 0.210459 0.387052 -0.427422 -0.836810 0.342141 73 20 171
0.017576 -0.168443 0.646798 0.017580 0.468175 -0.883461 129 187 14
0.095656 -0.281502 0.428953 -0.230922 0.972972 0.000756 98 251 127
0.297615 -0.166069 0.084387 -0.606800 0.660431 -0.442295 50 211 71
0.207794 -0.157287 -0.063675 0.629703 0.767085 0.122695 207 225 143
-0.313957 0.017895 -0.509307 -0.676154 -0.141776 -0.722991 41 109 35
-0.524330 -0.051265 0.279186 0.981200 0.188278 0.042405 252 151 132
0.442018 -0.175524 -0.404529 -0.706325 0.668282 -0.233463 37 212 97
0.299488 0.197273 -0.990254 0.024618 -0.563757 0.825574 130 55 232
0.321937 -0.181602 -0.398390 0.708285 0.653889 0.266010 217 210 161
-0.408534 0.253687 -0.726342 0.222890 -0.974340 -0.031341 155 3 123
-0.172115 -0.309205 0.498201 0.087764 0.920958 -0.379649 138 244 79
-0.180894 0.078935 -0.638635 -0.414280 -0.432652 -0.800740 74 72 25
0.443055 0.097667 -0.259663 -0.924492 -0.350456 -0.149985 9 82 108
0.376378 0.185180 0.423099 -0.111069 -0.559776 0.821167 113 56 232
-0.450079 -0.205986 -0.760456 0.672772 0.636699 0.376819 213 208 175
-0.225449 -0.206157 -0.926123 0.254303 0.657411 0.709324 159 211 217
-0.197149 0.336641 0.339666 -0.056397 -0.931984 0.358086 120 8 173
0.353055 -0.006870 0.357131 -0.190944 0.043192 0.980650 103 133 252
-0.524198 0.198932 -0.559016 0.613263 -0.783377 -0.101140 205 27 114
0.304183 0.212526 0.624770 0.006760 -0.645757 -0.763513 128 45 30
-0.394260 -0.208494 0.488423 0.709595 0.652373 -0.266239 217 210 93
0.259847 -0.037068 -0.603106 0.997376 -0.020535 0.069427 254 124 136
0.840131 0.041461 0.667352 -0.556831 0.006191 -0.830603 56 128 21
-0.475859 0.089773 0.436622 0.890129 -0.338677 -0.304908 240 84 88
0.506628 0.050925 -0.365949 -0.872373 -0.395677 -0.287062 16 77 90
0.267586 -0.117346 -0.388841 0.836454 0.521363 0.168896 234 193 149
0.242791 -0.189278 -0.043285 0.629703 0.767085 0.122695 207 225 143
0.140284 0.115263 -0.012385 0.768004 -0.227756 0.598579 225 98 203
0.320032 -0.144254 0.073459 -0.796829 0.530190 -0.289761 25 195 90
-0.187477 -0.175960 -0.668767 -0.440158 0.494094 -0.749754 71 190 31
-0.361390 -0.243939 -0.685298 0.122889 0.989704 -0.073373 143 253 118
0.226422 0.074534 0.322168 -0.859661 -0.510736 -0.011506 17 62 126
-0.454161 -0.031833 0.087477 0.582397 0.178019 0.793173 201 150 228
0.701580 0.052840 0.703114 0.007575 0.029582 -0.999534 128 131 0
-0.437270 0.237144 -0.602856 0.147758 -0.969939 -0.193353 146 3 102
-0.163978 -0.201084 0.618903 -0.016959 0.558802 -0.829128 125 198 21
0.379162 0.236241 -0.808639 -0.284880 -0.953979 0.093637 91 5 139
0.534499 0.119158 0.701793 0.036277 -0.458299 -0.888058 132 69 14
0.307630 0.172061 -0.404700 0.557075 -0.824982 0.095248 198 22 139
0.839459 0.068492 0.494145 -0.626130 -0.354101 0.694675 47 82 216
0.831402 0.179945 0.569601 -0.740850 -0.494591 0.454445 33 64 185
0.205152 -0.192006 -0.996751 0.020801 0.471972 0.881368 130 187 239
0.490252 -0.185368 0.462997 -0.213896 0.413606 0.884974 100 180 240
-0.470876 -0.120391 0.471203 0.872002 0.374339 -0.315408 238 175 87
-0.300106 -0.314758 0.373922 0.166318 0.969833 -0.178222 148 251 104
-0.403082 -0.145550 0.561335 0.694878 0.486814 -0.529298 216 189 60
0.165530 -0.066131 -0.712947 -0.028322 0.208807 -0.977547 123 154 2
0.334060 -0.193462 -0.067683 -0.774426 0.625102 -0.097529 28 207 115
-0.423820 -0.146449 0.533283 0.694878 0.486814 -0.529298 216 189 60
-0.321815 0.102415 -0.935802 0.433314 -0.310199 0.846177 182 87 235
-0.054918 0.133626 -0.729647 -0.380109 -0.462784 -0.800842 79 68 25
-0.070311 -0.150372 -0.716013 -0.391849 0.583396 -0.711409 77 201 36
-0.139926 0.297538 0.521386 0.195709 -0.815663 -0.544418 152 23 58
0.518609 0.049448 -0.404265 -0.967755 0.015401 -0.251423 4 129 95
-0.256411 0.054309 0.699576 0.000333 -0.294430 -0.955673 127 89 5
-0.365195 -0.168411 -0.539631 -0.531117 0.491156 -0.690421 59 190 39
0.517272 0.005240 -0.775574 -0.997789 -0.065637 0.010465 0 119 128
-0.453005 0.203133 0.272033 0.841239 -0.540457 -0.014925 234 58 125
0.362456 -0.096597 0.044876 -0.778893 0.523240 -0.345753 28 194 83
0.287708 -0.192098 -0.236637 0.833290 0.541072 0.113437 233 196 141
-0.494593 0.201329 -0.476942 0.469894 -0.864308 -0.179364 187 17 104
0.204798 -0.093089 -0.719843 -0.028322 0.208807 -0.977547 123 154 2
0.132208 -0.072329 0.703219 -0.008797 0.052045 -0.998606 126 134 0
-0.085257 0.244777 -0.928070 0.011179 -0.930719 0.365564 128 8 174
-0.284227 -0.180170 -0.610282 -0.531117 0.491156 -0.690421 59 190 39
0.259151 -0.030822 -0.477289 0.979569 0.200644 -0.013687 252 153 125
0.345231 0.205268 -0.336997 0.557075 -0.824982 0.095248 198 22 139
0.000471 0.110903 -1.037867 0.034890 -0.285453 0.957757 131 91 249
0.134338 -0.039409 0.704915 -0.008797 0.052045 -0.998606 126 134 0
-0.160740 -0.069296 0.704699 0.011677 0.525042 -0.850996 128 194 18
0.574263 -0.089073 0.435171 -0.123243 0.398163 0.908998 111 178 243
-0.151122 -0.239569 -0.905333 0.237401 0.841496 0.485310 157 234 189
-0.154376 -0.267341 -0.845595 -0.100504 0.963345 -0.248728 114 250 95
-0.465335 -0.156519 -0.808516 0.482312 0.517504 0.706799 188 193 217
0.231630 0.166776 0.160387 -0.667778 -0.604069 -0.434941 42 50 72
-0.505334 -0.183904 -0.704731 0.652306 0.644964 0.398143 210 209 178
0.290924 0.208970 -0.177515 0.021033 -0.997218 0.071515 130 0 136
-0.575312 -0.069371 -0.580639 0.985640 0.147848 0.081575 253 146 137
-0.017148 -0.268402 -0.898527 0.030432 0.917977 0.395464 131 244 177
0.207445 0.211929 0.032914 0.510324 -0.805611 0.300932 192 24 165
0.524326 0.046391 0.702288 0.000333 -0.294430 -0.955673 127 89 5
-0.470503 0.206911 -0.487202 -0.416064 -0.789552 -0.451108 74 26 69
-0.485621 0.124231 0.369849 0.890129 -0.338677 -0.304908 240 84 88
0.357862 -0.193786 -0.202380 -0.675481 0.707325 -0.208366 41 217 100
0.014968 0.077918 -0.716699 -0.063181 -0.257698 -0.964158 119 94 4
-0.078294 -0.193351 0.130254 -0.024984 0.625721 0.779646 124 207 226
0.038533 -0.191631 0.098498 0.308584 0.649586 0.694848 166 210 216
0.102396 -0.247796 -0.954413 0.010241 0.847668 0.530428 128 235 195
-0.299521 -0.218461 0.569951 0.300624 0.715529 -0.630590 165 218 47
-0.134169 -0.202860 -0.726309 -0.323023 0.631724 -0.704686 86 208 37
0.476328 -0.145222 0.668233 0.017580 0.468175 -0.883461 129 187 14
-0.288950 -0.062661 -0.538393 -0.716978 0.053838 -0.695014 36 134 38
-0.499280 -0.204358 -0.539220 0.051700 0.971068 -0.233139 134 251 97
0.237401 0.125047 0.209483 -0.667778 -0.604069 -0.434941 42 50 72
-0.033333 -0.066337 -0.712105 -0.514091 -0.033312 -0.857088 61 123 18
0.336659 -0.210882 -0.265912 0.352402 0.935478 0.026336 172 246 130
-0.296330 -0.147858 -0.577986 -0.531117 0.491156 -0.690421 59 190 39
0.427436 0.124003 0.390019 -0.101714 -0.511874 0.853018 114 62 236
-0.274364 0.113703 -0.591622 -0.708015 -0.396048 -0.584689 37 77 52
-0.176684 -0.271056 0.211507 0.037082 0.796556 0.603427 132 229 204
0.224524 0.187809 -0.075360 0.569352 -0.812155 0.127449 200 23 143
0.175463 0.281302 0.511450 -0.083334 -0.986221 0.142913 116 1 145
-0.141786 -0.159751 -0.685853 -0.583793 0.269114 -0.766005 53 161 29
0.107970 0.238653 -0.804139 -0.003231 -0.957249 -0.289247 127 5 90
-0.480942 0.057330 -0.864257 0.539715 -0.073252 0.838655 196 118 234
0.222612 -0.172152 -0.046797 0.629703 0.767085 0.122695 207 225 143
-0.137704 0.061397 -1.022487 0.325768 -0.228213 0.917493 169 98 244
0.137406 -0.214465 0.603720 -0.016959 0.558802 -0.829128 125 198 21
0.247557 -0.056579 -0.665170 0.740193 0.343316 -0.578143 221 171 53
0.334975 -0.105741 0.092408 -0.768146 0.247648 -0.590443 29 159 52
0.750235 0.169672 0.487583 -0.264025 -0.539822 0.799301 93 58 229
0.324971 -0.181944 -0.405628 0.708285 0.653889 0.266010 217 210 161
0.393596 -0.231211 -0.693687 0.168914 0.984721 -0.042350 149 253 122
0.236935 0.222760 -0.973650 -0.009702 -0.473787 0.880586 126 67 239
-0.398084 0.020296 -0.431101 -0.676154 -0.141776 -0.722991 41 109 35
0.140266 0.220930 0.087582 -0.087324 -0.989105 -0.118518 116 1 112
-0.184901 -0.255669 -0.785892 -0.102360 0.980679 -0.166708 114 252 106
-0.166427 0.278779 0.218622 0.008262 -0.825408 0.564476 128 22 199
0.329019 0.025571 -1.075269 0.034890 -0.285453 0.957757 131 91 249
0.080528 -0.254470 0.246355 -0.497520 0.863265 -0.085130 64 237 116
0.226120 0.186368 0.141636 -0.667778 -0.604069 -0.434941 42 50 72
-0.050730 0.176095 -0.756177 -0.380109 -0.462784 -0.800842 79 68 25
0.363415 0.158433 -0.074759 -0.704038 -0.679687 -0.205806 37 40 101
-0.152860 0.141252 0.096934 -0.037414 -0.300091 0.953176 122 89 249
0.092013 0.139984 -1.023188 0.024618 -0.563757 0.825574 130 55 232
-0.232351 -0.242456 -0.716799 -0.323023 0.631724 -0.704686 86 208 37
-0.462012 -0.182051 0.375343 0.698307 0.661406 -0.273695 216 211 92
0.314929 0.182650 0.011126 -0.704038 -0.679687 -0.205806 37 40 101
0.231922 0.094843 -0.311543 0.887047 -0.334352 0.318365 240 84 168
-0.293047 0.285908 0.241793 0.090987 -0.825921 0.556396 139 22 198
-0.551235 -0.127465 -0.407853 0.877861 0.164968 -0.449606 239 148 70
0.309293 0.175001 -0.446121 0.511616 -0.855508 -0.079718 192 18 117
-0.293810 0.259631 -0.737843 -0.409396 -0.780311 -0.472768 75 28 67
0.331975 -0.183886 -0.536592 0.723251 0.685999 -0.079458 219 214 117
0.556019 -0.229273 0.586669 0.020942 0.848298 -0.529105 130 235 60
0.230708 0.160176 -0.212594 0.657649 -0.726208 0.200301 211 34 153
-0.386084 -0.170441 -0.525006 -0.531117 0.491156 -0.690421 59 190 39
0.148417 0.213648 0.372198 -0.415723 -0.638556 0.647627 74 46 210
0.464556 -0.104121 -0.932718 -0.876889 0.152487 0.455866 15 146 185
-0.048836 -0.316721 0.474819 -0.253145 0.967399 -0.007506 95 250 126
0.105421 -0.236702 0.281046 -0.497520 0.863265 -0.085130 64 237 116
-0.250851 -0.120992 0.671568 0.011677 0.525042 -0.850996 128 194 18
0.323944 0.167099 -1.011588 0.024618 -0.563757 0.825574 130 55 232
0.503945 -0.051795 0.701014 -0.008797 0.052045 -0.998606 126 134 0
0.513846 0.080367 -0.435663 -0.939202 -0.343348 0.003385 7 83 127
0.051007 0.177526 -1.000037 -0.009702 -0.473787 0.880586 126 67 239
0.342357 -0.170227 0.652316 0.017580 0.468175 -0.883461 129 187 14
0.829493 0.111574 0.659510 -0.334890 -0.349262 -0.875137 84 82 15
0.429743 0.165915 -0.927396 -0.836250 -0.490790 0.244563 20 64 158
-0.367472 -0.081579 0.631484 0.451450 0.483454 -0.749977 185 189 31
0.469981 0.141459 0.687649 0.036277 -0.458299 -0.888058 132 69 14
0.696762 0.156974 0.461344 -0.264025 -0.539822 0.799301 93 58 229
0.516724 0.059076 -0.649736 -0.999543 -0.010306 0.028401 0 126 131
-0.257468 0.220994 -0.882682 0.284704 -0.699461 0.655513 163 38 211
-0.452016 -0.121134 0.114370 0.347148 0.618357 0.705069 171 206 217
-0.494183 -0.186210 -0.719266 0.652306 0.644964 0.398143 210 209 178
0.667170 0.237219 0.523887 -0.170974 -0.906405 0.386262 105 11 176
-0.193340 -0.332362 0.350351 0.131903 0.979567 0.151822 144 252 146
0.030345 -0.265615 -0.908651 0.030432 0.917977 0.395464 131 244 177
0.256730 0.226518 -0.777815 0.204503 -0.820540 -0.533754 153 22 59
0.065192 -0.218998 -0.770871 -0.015388 0.680313 -0.732760 125 214 34
0.280659 0.206588 -0.739899 0.359926 -0.620575 -0.696663 173 48 38
0.692676 -0.172775 0.657937 0.017580 0.468175 -0.883461 129 187 14
0.506336 0.092747 -0.422708 -0.872373 -0.395677 -0.287062 16 77 90
-0.285342 -0.048068 -0.980279 0.465765 0.135365 0.874494 186 144 238
0.819316 0.192703 0.601001 -0.531062 -0.591297 -0.606911 59 52 50
-0.476961 0.204608 -0.697677 0.644055 -0.688674 0.333048 209 39 169
0.011331 -0.299712 0.353709 -0.246429 0.964718 0.092694 96 250 139
-0.301150 0.297324 0.329793 0.386713 -0.922076 0.015131 176 9 129
0.003638 0.276982 0.561938 0.047593 -0.749211 -0.660620 133 31 43
0.414764 -0.178382 -0.360118 -0.243496 0.924351 -0.293743 96 245 90
-0.325880 -0.233458 0.540368 0.300624 0.715529 -0.630590 165 218 47
-0.383159 0.226808 -0.797619 0.495882 -0.731949 0.467281 190 34 187
0.228519 0.262705 0.486796 -0.101141 -0.723762 0.682597 114 35 214
0.361900 -0.070993 -1.035555 -0.410945 0.309050 0.857678 75 166 236
-0.445008 -0.197820 -0.507473 -0.297830 0.829865 -0.471828 89 233 67
0.780160 0.205687 0.535188 -0.539320 -0.742860 0.396601 58 32 178
-0.582581 0.065946 -0.593232 0.939211 -0.160104 0.303727 247 107 166
-0.001004 0.096960 -1.041403 0.066158 -0.172676 0.982754 135 105 252
0.055141 0.053720 0.699866 0.000333 -0.294430 -0.955673 127 89 5
0.269186 0.149455 -0.360619 0.890807 -0.292666 0.347576 241 90 171
0.161921 -0.019082 -1.066542 0.005603 0.295544 0.955313 128 165 249
-0.065652 -0.297073 0.538735 -0.011435 0.928864 -0.370244 126 245 80
-0.199293 -0.240264 0.585630 0.217104 0.728989 -0.649185 155 220 44
-0.303552 0.229424 -0.679550 -0.409396 -0.780311 -0.472768 75 28 67
-0.291075 0.301918 0.352276 0.386713 -0.922076 0.015131 176 9 129
-0.524308 -0.201639 -0.613818 0.774689 0.630004 0.054323 226 207 134
0.414463 -0.183100 -0.925667 -0.660273 0.711630 0.240044 43 218 158
0.200118 0.054216 -0.715987 0.735551 -0.125977 -0.665654 221 111 42
0.054950 -0.273790 0.333585 -0.519583 0.847162 0.111135 61 235 141
-0.470355 0.097993 0.443559 0.890129 -0.338677 -0.304908 240 84 88
-0.108395 0.250942 -0.858727 -0.121932 -0.989976 -0.071272 111 1 118
0.108353 0.259011 0.583720 0.006760 -0.645757 -0.763513 128 45 30
-0.245164 -0.304524 0.480885 0.166318 0.969833 -0.178222 148 251 104
-0.313572 0.153246 -0.911132 0.442041 -0.543852 0.713319 183 58 218
0.274010 -0.092526 -0.565101 0.889317 0.453086 0.061874 240 185 135
-0.367419 -0.093303 0.079408 0.244724 0.337057 0.909122 158 170 243
-0.192269 -0.332003 0.380712 0.166318 0.969833 -0.178222 148 251 104
-0.351167 0.256872 -0.748087 0.147451 -0.947782 0.282786 146 6 163
0.221840 0.016725 -0.303597 0.975218 0.103012 0.195805 251 140 152
-0.512349 -0.108995 0.336389 0.968821 0.247758 0.001672 251 159 127
0.268371 -0.077743 -0.505287 0.979569 0.200644 -0.013687 252 153 125
0.254539 -0.146820 -0.208949 0.833290 0.541072 0.113437 233 196 141
-0.441645 -0.171946 0.451726 0.698307 0.661406 -0.273695 216 211 92
0.430403 -0.115516 -0.257914 -0.940050 0.300511 -0.161243 7 165 106
0.482798 -0.120347 0.682032 0.011677 0.525042 -0.850996 128 194 18
-0.389645 0.095214 -0.456592 -0.677269 -0.367707 -0.637258 41 80 46
-0.041593 0.026619 -0.710763 -0.514091 -0.033312 -0.857088 61 123 18
0.241351 -0.208442 0.429545 -0.132113 0.687494 0.714071 110 215 218
0.231433 -0.207110 0.062477 -0.189987 0.981783 -0.002741 103 252 127
-0.071662 0.096853 -0.701632 -0.399565 -0.127399 -0.907809 76 111 11
0.257116 -0.143350 -0.244425 0.833290 0.541072 0.113437 233 196 141
-0.412914 0.047638 0.069996 0.359187 -0.303873 0.882409 173 88 240
0.297994 -0.137262 -1.028258 0.020801 0.471972 0.881368 130 187 239
-0.235254 -0.223516 0.592411 0.217104 0.728989 -0.649185 155 220 44
0.049660 0.264461 0.578591 0.006760 -0.645757 -0.763513 128 45 30
-0.218075 -0.109275 0.087393 -0.049134 0.470405 0.881082 121 187 239
0.473374 0.071740 0.701944 0.007575 0.029582 -0.999534 128 131 0
0.415647 0.248491 0.590364 -0.087175 -0.895052 -0.437359 116 13 71
-0.475896 -0.050063 -0.369438 -0.578287 0.482395 -0.657936 53 189 43
0.824679 0.152336 0.528592 -0.740850 -0.494591 0.454445 33 64 185
-0.380825 -0.210804 0.518571 0.709595 0.652373 -0.266239 217 210 93
-0.331878 0.242462 0.519191 0.571585 -0.797890 -0.191474 200 25 103
-0.322971 -0.297942 0.289886 0.419414 0.879698 0.224105 180 239 156
0.521561 0.238898 0.588885 -0.087175 -0.895052 -0.437359 116 13 71
0.459458 0.157409 -0.402985 -0.727343 -0.652255 -0.213390 34 44 100
0.091604 0.239912 0.215219 -0.386216 -0.904855 0.179091 78 12 150
-0.447795 0.190693 0.178917 0.596529 -0.571653 0.563352 203 54 199
0.342237 0.206178 0.442888 -0.059860 -0.774073 0.630260 119 28 207
-0.342518 0.138534 -0.536951 -0.609653 -0.508461 -0.608104 49 62 49
0.252508 -0.182338 -0.120329 0.706018 0.647738 0.286311 217 210 164
0.196598 0.224885 -0.972164 -0.010726 -0.902555 0.430441 126 12 182
0.442345 -0.031577 -0.999708 -0.876889 0.152487 0.455866 15 146 185
0.129233 -0.200971 -0.990159 0.020801 0.471972 0.881368 130 187 239
-0.409040 -0.059012 0.078748 0.300442 0.269580 0.914910 165 161 244
0.193228 -0.037803 -0.186230 0.941530 0.108501 0.318981 247 141 168
-0.417275 -0.238567 0.353392 0.709595 0.652373 -0.266239 217 210 93
0.496290 0.135059 -0.651903 -0.966397 -0.256907 -0.008684 4 94 126
0.822008 0.144529 0.645581 -0.531062 -0.591297 -0.606911 59 52 50
-0.084236 -0.216418 0.606937 -0.016959 0.558802 -0.829128 125 198 21
-0.130766 -0.149727 0.103077 0.073370 0.400866 0.913194 136 178 243
0.356056 -0.129063 0.010161 -0.778893 0.523240 -0.345753 28 194 83
0.268001 0.063387 0.207604 -0.792725 -0.282354 -0.540243 26 91 58
0.160110 0.180602 0.333126 -0.810536 -0.576208 0.104959 24 54 140
-0.137316 -0.096727 0.688096 0.011677 0.525042 -0.850996 128 194 18
0.262401 -0.046301 -0.471575 0.979569 0.200644 -0.013687 252 153 125
0.514458 0.045757 -0.789708 -0.997789 -0.065637 0.010465 0 119 128
0.732794 -0.204971 0.530753 -0.227530 0.766855 0.600136 98 225 204
0.199929 0.203477 0.631500 0.006760 -0.645757 -0.763513 128 45 30
0.431949 0.027957 -0.079547 -0.944491 -0.254870 -0.207312 7 95 101
0.356588 0.210035 -0.518565 0.511616 -0.855508 -0.079718 192 18 117
0.003380 -0.288709 0.262000 -0.049654 0.924251 0.378543 121 245 175
0.417811 0.033724 0.368704 -0.206361 -0.030820 0.977990 101 123 252
0.701699 0.067992 0.703563 0.007575 0.029582 -0.999534 128 131 0
0.180845 -0.260877 -0.836848 0.016087 0.967804 -0.251191 129 250 95
0.670471 0.049200 0.421824 -0.187837 -0.053583 0.980738 103 120 252
-0.156582 -0.213038 0.610695 -0.016959 0.558802 -0.829128 125 198 21
-0.156881 0.145482 -0.993444 0.236022 -0.470237 0.850394 157 67 235
0.176548 0.236077 -0.949196 -0.010726 -0.902555 0.430441 126 12 182
0.520956 -0.051035 -0.777331 -0.997789 -0.065637 0.010465 0 119 128
0.100430 0.099753 -0.728135 -0.063181 -0.257698 -0.964158 119 94 4
-0.339010 0.044188 -0.491033 -0.676154 -0.141776 -0.722991 41 109 35
-0.582826 0.009673 -0.622135 0.939211 -0.160104 0.303727 247 107 166
-0.301590 -0.061652 -0.525276 -0.716978 0.053838 -0.695014 36 134 38
0.448835 0.169025 -0.402281 -0.727343 -0.652255 -0.213390 34 44 100
0.292565 -0.201798 -0.226045 0.833290 0.541072 0.113437 233 196 141
0.144821 -0.118548 0.678505 0.011677 0.525042 -0.850996 128 194 18
-0.308787 -0.283438 0.451090 0.478671 0.820085 -0.313584 188 232 87
0.195020 0.195854 0.165981 -0.545933 -0.694198 -0.469091 57 38 67
-0.291260 0.252450 -0.798210 0.194366 -0.948013 0.251978 152 6 159
-0.173835 0.083232 0.691398 0.036277 -0.458299 -0.888058 132 69 14
-0.267202 -0.025099 0.067376 -0.062868 0.071491 0.995458 119 136 254
0.612235 0.077622 0.703170 0.007575 0.029582 -0.999534 128 131 0
-0.528560 -0.010786 0.197340 0.981200 0.188278 0.042405 252 151 132
-0.084164 -0.173423 0.114072 -0.024984 0.625721 0.779646 124 207 226
0.190435 0.115808 -1.042632 0.024618 -0.563757 0.825574 130 55 232
0.253077 -0.081138 -0.377673 0.949128 0.195870 0.246559 248 152 158
-0.504396 -0.176450 -0.718341 0.652306 0.644964 0.398143 210 209 178
0.486290 -0.133989 -0.855402 -0.862507 0.403972 0.304776 17 179 166
0.251162 -0.054460 -0.391494 0.949128 0.195870 0.246559 248 152 158
-0.161680 -0.310537 0.497382 0.087764 0.920958 -0.379649 138 244 79
-0.456633 0.196488 0.232277 0.735872 -0.659881 0.151822 221 43 146
0.425036 0.053020 -0.078866 -0.944491 -0.254870 -0.207312 7 95 101
0.264739 -0.085534 -0.419073 0.949128 0.195870 0.246559 248 152 158
0.813600 0.070478 0.681994 -0.334890 -0.349262 -0.875137 84 82 15
-0.366225 -0.208249 0.548311 0.455355 0.495603 -0.739615 185 190 33
0.668978 0.202620 0.633745 -0.087175 -0.895052 -0.437359 116 13 71
0.761240 0.144140 0.480064 -0.389575 -0.353389 0.850498 77 82 235
0.113474 0.018533 -0.709035 0.067988 0.006595 -0.997664 136 128 0
0.202490 0.180804 -0.041264 0.484103 -0.817918 0.310894 189 23 167
0.517044 0.045683 -0.643329 -0.999543 -0.010306 0.028401 0 126 131
0.388658 0.024424 -1.050608 -0.470241 -0.070022 0.879756 67 118 239
0.249450 0.201963 0.087804 -0.641011 -0.589694 -0.491290 45 52 64
-0.450930 0.139342 0.454338 0.890129 -0.338677 -0.304908 240 84 88
-0.482328 -0.150231 -0.797087 0.672772 0.636699 0.376819 213 208 175
-0.119915 -0.021195 -1.047271 0.308825 -0.209293 0.927806 166 100 245
0.631995 0.173513 0.661776 0.005013 -0.682509 -0.730860 128 40 34
0.516830 0.071612 -0.495781 -0.939202 -0.343348 0.003385 7 83 127
0.420464 0.016958 -0.019611 -0.896750 -0.295167 -0.329723 13 89 85
0.113370 0.057560 0.007825 0.580535 -0.216550 0.784911 201 99 227
-0.530960 0.194953 -0.569204 0.613263 -0.783377 -0.101140 205 27 114
0.106624 -0.037544 0.000514 0.574980 0.250621 0.778837 200 159 226
-0.436931 -0.230155 0.284332 0.787006 0.616221 0.029878 227 206 131
-0.470930 0.003543 -0.875398 0.539715 -0.073252 0.838655 196 118 234
0.221911 0.150575 -0.720356 0.359926 -0.620575 -0.696663 173 48 38
0.582092 0.150231 0.683174 0.005013 -0.682509 -0.730860 128 40 34
0.126368 0.081160 0.699593 0.007575 0.029582 -0.999534 128 131 0
-0.173335 -0.272151 0.558504 0.217104 0.728989 -0.649185 155 220 44
-0.454562 0.200792 0.269040 0.841239 -0.540457 -0.014925 234 58 125
0.398576 0.224665 -0.863828 -0.255363 -0.959524 0.118756 94 5 142
0.023605 0.163312 0.658137 0.036277 -0.458299 -0.888058 132 69 14
-0.358346 -0.223593 0.531946 0.478671 0.820085 -0.313584 188 232 87
0.130493 -0.143945 0.662639 0.011677 0.525042 -0.850996 128 194 18
-0.462051 0.046205 0.513952 0.914453 -0.081983 -0.396301 244 117 76
0.516501 -0.071903 -0.509080 -0.956748 0.290255 -0.019605 5 164 125
0.725838 -0.209591 0.624945 0.020942 0.848298 -0.529105 130 235 60
0.179881 0.074291 -0.136486 0.931778 -0.298417 0.206731 246 89 153
-0.443232 -0.086675 -0.424992 -0.578287 0.482395 -0.657936 53 189 43
-0.289929 -0.022932 0.707139 0.366163 0.328787 -0.870531 174 169 16
0.335752 0.210474 -0.224256 0.081144 -0.996531 0.018472 137 0 129
0.865991 -0.016811 0.649581 -0.556831 0.006191 -0.830603 56 128 21
-0.502687 0.072972 0.151466 0.876217 -0.278709 0.393148 239 91 177
0.863142 -0.072957 0.635189 -0.965441 0.258708 -0.031537 4 160 123
0.498935 -0.139048 -0.581550 -0.968367 0.248137 -0.026315 4 159 124
0.338631 -0.039809 -1.057941 -0.410945 0.309050 0.857678 75 166 236
-0.019240 0.245493 -0.928266 0.011179 -0.930719 0.365564 128 8 174
0.281315 0.273986 0.522682 -0.083334 -0.986221 0.142913 116 1 145
0.203810 -0.020027 -0.223512 0.941530 0.108501 0.318981 247 141 168
0.004928 0.258600 0.198902 -0.141546 -0.839477 0.524636 109 20 194
0.080791 -0.118154 0.046101 0.593758 0.259434 0.761673 203 160 224
0.308795 -0.182409 -0.361414 0.708285 0.653889 0.266010 217 210 161
0.504938 0.102724 -0.639486 -0.939202 -0.343348 0.003385 7 83 127
-0.095986 -0.203485 0.137820 -0.024984 0.625721 0.779646 124 207 226
0.198791 0.276945 0.497490 -0.101141 -0.723762 0.682597 114 35 214
-0.045280 0.244670 -0.929564 0.011179 -0.930719 0.365564 128 8 174
-0.183150 0.257469 -0.862719 0.194366 -0.948013 0.251978 152 6 159
0.094783 -0.262264 -0.847706 0.016087 0.967804 -0.251191 129 250 95
-0.478749 0.114518 -0.838564 0.438069 -0.540943 0.717967 183 58 219
0.229260 0.156009 -0.222947 0.657649 -0.726208 0.200301 211 34 153
0.513857 0.006612 -0.829882 -0.922057 -0.099931 0.373932 9 114 175
0.445494 0.148182 -0.909126 -0.836250 -0.490790 0.244563 20 64 158
0.501083 -0.132430 -0.598176 -0.968367 0.248137 -0.026315 4 159 124
-0.165389 -0.136030 -1.005706 0.501525 0.358041 0.787578 191 173 227
-0.160758 0.081708 0.081847 0.041302 -0.192273 0.980472 132 102 252
0.103215 -0.265526 -0.914465 0.030432 0.917977 0.395464 131 244 177
-0.531275 -0.039126 -0.341531 0.863899 0.028849 -0.502839 237 131 63
-0.528403 0.026058 0.236997 0.976624 -0.161392 -0.141978 252 106 109
0.347915 0.110363 0.046412 -0.759108 -0.517402 -0.395033 30 61 77
0.017270 -0.299133 0.531005 -0.011435 0.928864 -0.370244 126 245 80
-0.554564 0.007272 -0.378882 0.863899 0.028849 -0.502839 237 131 63
0.434017 0.021454 -0.080972 -0.944491 -0.254870 -0.207312 7 95 101
0.259731 -0.008338 -0.592948 0.997376 -0.020535 0.069427 254 124 136
0.415523 0.217608 -0.872282 -0.836250 -0.490790 0.244563 20 64 158
-0.456036 0.214342 -0.719929 0.642701 -0.717088 0.269666 209 36 161
0.283602 0.178366 -0.707948 0.677083 -0.519710 -0.521018 213 61 61
-0.530081 -0.015198 0.272354 0.976624 -0.161392 -0.141978 252 106 109
0.282503 -0.100549 -0.628419 0.889317 0.453086 0.061874 240 185 135
0.035315 -0.040722 -1.059105 0.005603 0.295544 0.955313 128 165 249
-0.421172 -0.156478 0.527534 0.694878 0.486814 -0.529298 216 189 60
-0.132350 0.082574 -0.672917 -0.399565 -0.127399 -0.907809 76 111 11
0.322063 -0.175355 -0.553157 0.723251 0.685999 -0.079458 219 214 117
-0.214811 0.031141 -1.002635 0.325768 -0.228213 0.917493 169 98 244
0.500302 0.117008 -0.476978 -0.939202 -0.343348 0.003385 7 83 127
0.216171 0.151033 -0.193269 0.938693 -0.281138 0.199544 247 91 152
-0.580637 -0.038211 -0.527832 0.989257 0.139533 -0.043608 253 145 121
0.189532 0.196436 0.637363 0.006760 -0.645757 -0.763513 128 45 30
-0.080138 -0.164093 -0.721852 -0.391849 0.583396 -0.711409 77 201 36
0.545683 0.188195 0.647486 0.006760 -0.645757 -0.763513 128 45 30
0.260827 0.171208 -0.718630 0.359926 -0.620575 -0.696663 173 48 38
0.333027 0.067385 -1.062952 0.034890 -0.285453 0.957757 131 91 249
0.644904 -0.242568 0.554994 -0.060276 0.977872 0.200333 119 252 153
-0.218382 0.160085 0.649917 0.036277 -0.458299 -0.888058 132 69 14
-0.138674 0.179249 0.117188 0.077412 -0.565419 0.821163 137 55 232
-0.407933 -0.024553 0.068231 0.300442 0.269580 0.914910 165 161 244
0.279541 0.103543 0.169683 -0.792725 -0.282354 -0.540243 26 91 58
0.142584 -0.182085 0.642057 0.017580 0.468175 -0.883461 129 187 14
-0.440541 0.006340 0.551735 0.796599 -0.044220 -0.602888 229 121 50
-0.145378 -0.008794 0.073870 -0.036917 0.142496 0.989107 122 145 253
0.208513 -0.267592 0.545840 -0.060276 0.977872 0.200333 119 252 153
0.521263 0.051619 -0.492687 -0.999543 -0.010306 0.028401 0 126 131
0.140763 -0.037805 -0.707548 0.067988 0.006595 -0.997664 136 128 0
0.367362 0.198724 -0.290123 -0.482261 -0.875437 -0.032158 66 15 123
0.046033 -0.085280 0.059009 0.177094 0.291592 0.940006 150 164 247
-0.049359 -0.317154 0.436755 -0.253145 0.967399 -0.007506 95 250 126
-0.176217 -0.331569 0.398056 0.166318 0.969833 -0.178222 148 251 104
0.488836 0.166147 -0.742067 -0.966397 -0.256907 -0.008684 4 94 126
0.157843 0.245954 -0.828857 -0.003231 -0.957249 -0.289247 127 5 90
-0.492765 0.139850 0.322541 0.841239 -0.540457 -0.014925 234 58 125
0.181352 0.184036 0.002493 0.510324 -0.805611 0.300932 192 24 165
-0.319068 -0.275725 0.455567 0.478671 0.820085 -0.313584 188 232 87
-0.520986 0.198194 -0.621622 0.685720 -0.670313 0.283670 214 42 163
0.287742 -0.205611 -0.743295 0.441746 0.802931 -0.400202 183 229 76
0.275829 0.104489 -1.049810 0.034890 -0.285453 0.957757 131 91 249
0.434910 0.084357 -0.178354 -0.924492 -0.350456 -0.149985 9 82 108
0.006795 0.072625 0.061788 0.209530 -0.178864 0.961304 154 104 250
-0.521274 -0.176045 -0.495698 0.612863 0.753012 -0.239526 205 223 96
-0.270543 -0.285347 0.504474 0.478671 0.820085 -0.313584 188 232 87
-0.156081 -0.192031 -0.964085 0.254303 0.657411 0.709324 159 211 217
0.873734 -0.041079 0.545540 -0.998904 0.004706 -0.046571 0 128 121
-0.247005 0.322490 0.408946 0.455393 -0.890042 -0.021030 185 14 124
-0.196697 0.043037 0.075778 0.041302 -0.192273 0.980472 132 102 252
0.197448 -0.219365 -0.981918 0.020801 0.471972 0.881368 130 187 239
-0.214091 -0.003810 -0.602010 -0.514935 0.053064 -0.855585 61 134 18
-0.109284 0.256238 -0.884916 0.018652 -0.973625 -0.227392 129 3 98
-0.428731 -0.184102 0.456316 0.709595 0.652373 -0.266239 217 210 93
-0.267951 0.248406 0.552310 0.138736 -0.825431 -0.547190 145 22 57
0.030550 -0.296923 0.388701 -0.230922 0.972972 0.000756 98 251 127
-0.447078 0.210839 0.248338 0.735872 -0.659881 0.151822 221 43 146
0.085346 0.286692 0.556814 0.047593 -0.749211 -0.660620 133 31 43
0.212406 0.098940 -0.710873 0.735551 -0.125977 -0.665654 221 111 42
-0.429062 0.045712 -0.898659 0.539715 -0.073252 0.838655 196 118 234
0.482381 0.055873 -0.893846 -0.905106 -0.165334 0.391725 12 106 177
0.390980 0.050517 0.030535 -0.896750 -0.295167 -0.329723 13 89 85
-0.300391 -0.270945 0.496579 0.478671 0.820085 -0.313584 188 232 87
-0.302349 0.004975 0.705353 0.567315 -0.315061 -0.760849 199 87 30
0.379110 0.133301 0.389836 -0.101714 -0.511874 0.853018 114 62 236
0.445111 -0.207513 -0.780231 -0.602676 0.750450 0.271307 50 223 162
0.005475 -0.170588 0.645421 0.017580 0.468175 -0.883461 129 187 14
0.430891 0.213337 -0.808507 -0.570779 -0.818479 0.065595 54 23 135
-0.332391 0.202404 -0.861991 0.442041 -0.543852 0.713319 183 58 218
0.516550 -0.086283 0.423044 -0.213896 0.413606 0.884974 100 180 240
0.582410 0.242557 0.569269 -0.087175 -0.895052 -0.437359 116 13 71
-0.012723 0.192892 -0.992471 -0.009702 -0.473787 0.880586 126 67 239
0.382955 0.112823 -0.023415 -0.757650 -0.516816 -0.398581 30 61 76
0.355852 0.205144 0.631471 0.006760 -0.645757 -0.763513 128 45 30
-0.260923 0.171470 -0.647027 -0.708015 -0.396048 -0.584689 37 77 52
-0.142762 -0.097410 -0.663207 -0.583793 0.269114 -0.766005 53 161 29
-0.431438 -0.105568 0.554992 0.866592 0.204226 -0.455314 237 153 69
-0.358725 0.226932 0.503763 0.571585 -0.797890 -0.191474 200 25 103
-0.158029 -0.232968 0.597293 -0.016959 0.558802 -0.829128 125 198 21
0.871479 0.034148 0.592889 -0.997684 -0.013191 -0.066728 0 125 118
0.178789 0.091669 -0.106482 0.931778 -0.298417 0.206731 246 89 153
-0.461895 -0.228870 -0.650370 0.122889 0.989704 -0.073373 143 253 118
0.079453 0.302850 0.533777 -0.240694 -0.944314 0.224360 96 7 156
0.119871 0.171155 -0.756681 0.025247 -0.495723 -0.868114 130 64 16
0.341956 -0.167421 0.653795 0.017580 0.468175 -0.883461 129 187 14
0.426251 0.183164 -0.904723 -0.836250 -0.490790 0.244563 20 64 158
0.825110 0.039704 0.677409 -0.556831 0.006191 -0.830603 56 128 21
-0.335252 -0.132385 0.090272 0.022961 0.341944 0.939440 130 171 247
-0.007769 0.109930 0.076733 0.518317 -0.443196 0.731386 193 70 220
0.607583 -0.121621 0.453945 -0.123243 0.398163 0.908998 111 178 243
-0.520395 -0.074192 -0.339155 -0.432352 0.313338 -0.845513 72 167 19
0.178993 0.257089 0.473503 -0.101141 -0.723762 0.682597 114 35 214
-0.377485 -0.209829 0.529859 0.709595 0.652373 -0.266239 217 210 93
0.293410 -0.165364 -0.362346 0.708285 0.653889 0.266010 217 210 161
0.046388 -0.259544 -0.923978 0.030432 0.917977 0.395464 131 244 177
-0.240888 -0.302942 0.493480 0.166318 0.969833 -0.178222 148 251 104
0.431705 0.202108 -0.852883 -0.826057 -0.439836 0.352383 22 71 172
0.407813 0.026714 -1.040187 -0.470241 -0.070022 0.879756 67 118 239
-0.333917 0.245226 0.194495 0.107970 -0.791929 0.600991 141 26 204
0.256230 0.136845 0.681298 0.036277 -0.458299 -0.888058 132 69 14
-0.431245 -0.098627 -0.442060 -0.532435 0.470025 -0.703981 59 187 37
0.080546 0.017080 -1.060929 0.066158 -0.172676 0.982754 135 105 252
-0.302645 -0.166598 0.615364 0.455355 0.495603 -0.739615 185 190 33
0.124016 0.192125 -0.991378 -0.009702 -0.473787 0.880586 126 67 239
0.412253 -0.255519 0.570430 -0.016959 0.558802 -0.829128 125 198 21
0.271969 -0.109475 -1.039222 0.005603 0.295544 0.955313 128 165 249
0.309108 -0.006437 0.165719 -0.838024 -0.184662 -0.513435 20 103 62
-0.312838 0.009398 -0.508688 -0.676154 -0.141776 -0.722991 41 109 35
0.143514 0.269070 0.480950 -0.101141 -0.723762 0.682597 114 35 214
-0.380392 -0.271033 0.348758 0.573640 0.775379 -0.264053 200 226 93
-0.501287 0.072547 0.365009 0.972896 -0.162643 -0.164379 251 106 106
-0.429000 0.010893 -0.901740 0.539715 -0.073252 0.838655 196 118 234
0.059399 0.254904 0.221519 -0.386216 -0.904855 0.179091 78 12 150
-0.349821 -0.118669 -0.517024 -0.532435 0.470025 -0.703981 59 187 37
-0.381879 -0.224301 -0.596253 0.051700 0.971068 -0.233139 134 251 97
-0.539046 0.037281 -0.803044 0.972409 -0.168200 0.161648 251 106 148
0.489237 0.096155 -0.381554 -0.830057 -0.443506 -0.338095 21 70 84
0.486285 0.016011 -0.895358 -0.922057 -0.099931 0.373932 9 114 175
0.852414 -0.091987 0.642446 -0.814746 0.371217 -0.445406 23 174 70
-0.580287 0.041284 -0.613325 0.939211 -0.160104 0.303727 247 107 166
-0.024775 0.239277 -0.943923 0.011179 -0.930719 0.365564 128 8 174
0.374138 -0.058358 0.369619 -0.263628 0.557645 0.787104 93 198 227
-0.307721 -0.312472 0.321398 0.131903 0.979567 0.151822 144 252 146
-0.464718 0.086922 0.481654 0.904471 -0.380336 -0.193070 242 79 102
-0.274786 0.234846 0.571032 0.138736 -0.825431 -0.547190 145 22 57
0.174207 0.280376 0.504321 -0.083334 -0.986221 0.142913 116 1 145
0.103558 -0.266029 -0.910679 -0.028353 0.998995 -0.034707 123 254 123
0.013575 -0.119139 -0.719867 -0.028322 0.208807 -0.977547 123 154 2
0.389898 0.230370 0.476423 -0.101141 -0.723762 0.682597 114 35 214
-0.066420 0.331363 0.459536 -0.337072 -0.940728 -0.037584 84 7 122
-0.446553 -0.004998 0.544623 0.796599 -0.044220 -0.602888 229 121 50
-0.539059 0.105927 -0.731538 0.972409 -0.168200 0.161648 251 106 148
-0.137981 -0.210488 0.612033 -0.016959 0.558802 -0.829128 125 198 21
-0.109994 0.110691 0.088995 -0.037414 -0.300091 0.953176 122 89 249
-0.464201 0.141167 0.146034 0.596529 -0.571653 0.563352 203 54 199
0.012669 0.309486 0.475685 -0.248413 -0.967763 0.041540 95 4 132
-0.043540 0.064023 -0.711049 -0.514091 -0.033312 -0.857088 61 123 18
-0.021224 -0.191278 0.624739 0.020942 0.848298 -0.529105 130 235 60
0.158601 0.196189 -0.988810 -0.009702 -0.473787 0.880586 126 67 239
-0.322412 0.284262 0.244151 0.090987 -0.825921 0.556396 139 22 198
-0.496513 -0.151164 0.224598 0.787006 0.616221 0.029878 227 206 131
-0.482820 0.028818 0.469624 0.914453 -0.081983 -0.396301 244 117 76
-0.244981 -0.200675 0.134618 0.073370 0.400866 0.913194 136 178 243
0.044371 -0.219146 -0.978423 0.020801 0.471972 0.881368 130 187 239
0.466396 -0.175267 -0.512896 -0.770294 0.634423 -0.064453 29 208 119
-0.318840 0.248259 0.533957 0.571585 -0.797890 -0.191474 200 25 103
0.067721 0.241975 -0.814682 -0.003231 -0.957249 -0.289247 127 5 90
-0.450251 -0.229089 -0.633830 0.122889 0.989704 -0.073373 143 253 118
0.513532 -0.080281 -0.488237 -0.956748 0.290255 -0.019605 5 164 125
0.261374 -0.025616 0.230377 -0.805722 0.145694 -0.574095 24 146 54
-0.500438 0.119716 0.179591 0.876217 -0.278709 0.393148 239 91 177
0.205730 0.225139 0.443587 -0.101141 -0.723762 0.682597 114 35 214
0.029081 0.104594 -1.040790 0.034890 -0.285453 0.957757 131 91 249
0.295144 -0.210980 -0.102329 0.004431 0.998158 0.060510 128 254 135
0.440673 -0.083150 0.699937 -0.008797 0.052045 -0.998606 126 134 0
0.098076 0.173733 0.058420 0.276073 -0.680202 0.679049 162 40 214
0.524044 0.032659 0.706515 -0.016541 0.128095 -0.991624 125 143 1
0.076084 -0.282772 0.405492 -0.486362 0.754192 0.441188 65 223 183
0.260087 0.015562 -0.652827 0.650466 -0.035470 -0.758706 210 122 30
-0.036699 0.135989 0.669774 0.036277 -0.458299 -0.888058 132 69 14
0.059774 -0.017569 -0.712933 0.067988 0.006595 -0.997664 136 128 0
0.780518 -0.216208 0.575118 -0.364621 0.810290 0.458783 81 230 185
-0.299463 0.252383 0.538321 0.138736 -0.825431 -0.547190 145 22 57
0.681914 0.116539 0.704850 0.007575 0.029582 -0.999534 128 131 0
0.718508 0.154301 0.466722 -0.264025 -0.539822 0.799301 93 58 229
0.473620 0.075306 -0.905887 -0.905106 -0.165334 0.391725 12 106 177
0.456054 0.195591 -0.601585 -0.613617 -0.788823 -0.035111 49 26 123
-0.108742 0.092551 -1.025021 0.325768 -0.228213 0.917493 169 98 244
-0.447737 -0.039825 0.085802 0.300442 0.269580 0.914910 165 161 244
0.521905 0.055966 -0.468525 -0.999543 -0.010306 0.028401 0 126 131
-0.349278 0.022445 0.665169 0.543211 -0.294999 -0.786064 196 89 27
-0.149994 -0.334846 0.416067 0.229997 0.964631 -0.128794 156 250 111
-0.565311 0.085965 -0.636081 0.939211 -0.160104 0.303727 247 107 166
0.430168 0.139954 -0.279031 -0.924492 -0.350456 -0.149985 9 82 108
-0.362223 -0.212971 -0.837546 0.482312 0.517504 0.706799 188 193 217
0.462511 -0.162750 0.658670 0.017580 0.468175 -0.883461 129 187 14
0.832314 0.188520 0.580420 -0.740850 -0.494591 0.454445 33 64 185
0.443404 0.143178 0.403533 -0.111069 -0.559776 0.821167 113 56 232
-0.097927 0.059750 -0.684865 -0.399565 -0.127399 -0.907809 76 111 11
0.615203 -0.161209 0.662525 0.017580 0.468175 -0.883461 129 187 14
0.573616 -0.219799 0.602555 0.020942 0.848298 -0.529105 130 235 60
-0.423591 -0.217021 -0.575180 0.051700 0.971068 -0.233139 134 251 97
0.065608 0.128831 -1.030016 0.024618 -0.563757 0.825574 130 55 232
0.128359 0.225822 -0.793667 -0.014791 -0.582119 -0.812969 125 53 23
-0.292228 0.251725 -0.800192 0.194366 -0.948013 0.251978 152 6 159
0.521527 0.005383 -0.500167 -0.999543 -0.010306 0.028401 0 126 131
0.476121 0.184745 -0.708617 -0.613617 -0.788823 -0.035111 49 26 123
-0.387596 -0.255933 0.377448 0.573640 0.775379 -0.264053 200 226 93
0.256794 -0.012176 -0.551886 0.997376 -0.020535 0.069427 254 124 136
0.074841 -0.221766 0.137094 0.308469 0.846614 0.433695 166 235 182
0.533729 0.149930 0.683124 0.005013 -0.682509 -0.730860 128 40 34
-0.494675 -0.157542 0.307734 0.787006 0.616221 0.029878 227 206 131
-0.178818 0.331027 0.327943 -0.056397 -0.931984 0.358086 120 8 173
0.383211 -0.247493 0.491572 -0.126541 0.649068 0.750132 111 210 223
0.435547 -0.007041 -0.102237 -0.945241 0.267323 -0.187236 6 161 103
0.263190 0.090918 -0.402785 0.887047 -0.334352 0.318365 240 84 168
0.103802 -0.004193 0.708765 -0.016541 0.128095 -0.991624 125 143 1
-0.339655 -0.066130 -0.489634 -0.532435 0.470025 -0.703981 59 187 37
0.656566 0.041396 0.418734 -0.187837 -0.053583 0.980738 103 120 252
-0.330742 -0.162690 -0.903538 0.463769 0.666940 0.583189 186 212 201
0.017121 0.142265 0.078688 0.518317 -0.443196 0.731386 193 70 220
0.518630 -0.010915 -0.747398 -0.997789 -0.065637 0.010465 0 119 128
-0.074781 0.005222 0.712960 -0.016541 0.128095 -0.991624 125 143 1
0.552175 0.068503 0.398152 -0.206361 -0.030820 0.977990 101 123 252
0.137135 0.214528 0.341956 -0.810536 -0.576208 0.104959 24 54 140
0.680926 0.178647 0.657317 0.005013 -0.682509 -0.730860 128 40 34
0.160872 0.128363 -1.033177 0.024618 -0.563757 0.825574 130 55 232
0.465551 -0.255386 0.563598 -0.060276 0.977872 0.200333 119 252 153
0.200351 0.236484 0.454820 -0.101141 -0.723762 0.682597 114 35 214
-0.132768 0.027923 0.070121 0.041302 -0.192273 0.980472 132 102 252
-0.015574 -0.308044 0.508587 -0.227570 0.973580 0.018830 98 251 129
-0.312816 -0.260568 -0.772516 0.132871 0.983031 -0.126470 144 252 111
0.325077 -0.192674 0.636206 0.020942 0.848298 -0.529105 130 235 60
-0.550360 -0.056668 -0.715696 0.890436 0.252123 0.378890 241 159 175
0.785422 -0.188182 0.529518 -0.364621 0.810290 0.458783 81 230 185
-0.573696 0.061039 -0.623293 0.939211 -0.160104 0.303727 247 107 166
-0.569701 -0.068489 -0.436800 0.967944 0.215731 -0.128630 250 155 111
0.497397 -0.133615 -0.473723 -0.968367 0.248137 -0.026315 4 159 124
0.376386 -0.223382 -0.580281 0.168914 0.984721 -0.042350 149 253 122
0.847377 -0.116866 0.630926 -0.814746 0.371217 -0.445406 23 174 70
0.149948 -0.263362 -0.871799 -0.028353 0.998995 -0.034707 123 254 123
-0.127862 -0.135386 -0.684615 -0.324252 0.262300 -0.908878 86 160 11
0.376065 -0.223057 -0.912829 -0.660273 0.711630 0.240044 43 218 158
-0.136249 0.169430 0.110199 0.077412 -0.565419 0.821163 137 55 232
0.237398 -0.087297 -0.312420 0.949128 0.195870 0.246559 248 152 158
0.319611 -0.176265 -0.607338 0.889317 0.453086 0.061874 240 185 135
0.448679 -0.201256 -0.557388 -0.653200 0.756951 -0.018857 44 224 125
0.408764 -0.120496 0.680924 0.011677 0.525042 -0.850996 128 194 18
0.322107 -0.198553 0.626663 0.020942 0.848298 -0.529105 130 235 60
0.157513 -0.255391 -0.942171 0.030432 0.917977 0.395464 131 244 177
0.172772 0.214130 -0.786103 -0.014791 -0.582119 -0.812969 125 53 23
0.527088 0.173931 0.660665 0.005013 -0.682509 -0.730860 128 40 34
-0.397217 0.202146 0.492142 0.571585 -0.797890 -0.191474 200 25 103
0.806730 -0.136151 0.665245 -0.596060 0.273063 -0.755083 51 162 31
-0.327831 0.212422 0.150176 0.107970 -0.791929 0.600991 141 26 204
0.424718 -0.091474 -0.179960 -0.940050 0.300511 -0.161243 7 165 106
0.264466 -0.261557 0.533215 -0.060276 0.977872 0.200333 119 252 153
0.243618 0.258209 -0.867158 0.159991 -0.947468 -0.276960 147 6 92
0.389146 0.093694 -0.010379 -0.757650 -0.516816 -0.398581 30 61 76
-0.025063 0.011967 -0.718520 0.067988 0.006595 -0.997664 136 128 0
0.470852 -0.179416 -0.800769 -0.602676 0.750450 0.271307 50 223 162
0.486354 -0.107981 -0.889496 -0.876889 0.152487 0.455866 15 146 185
-0.385676 0.199739 -0.552885 -0.416064 -0.789552 -0.451108 74 26 69
-0.017745 -0.308470 0.497696 -0.230922 0.972972 0.000756 98 251 127
-0.427342 -0.060727 0.574094 0.796599 -0.044220 -0.602888 229 121 50
0.493290 0.070581 -0.357955 -0.830057 -0.443506 -0.338095 21 70 84
-0.241273 -0.255909 0.195481 0.037082 0.796556 0.603427 132 229 204
0.602866 0.145389 0.687839 0.005013 -0.682509 -0.730860 128 40 34
-0.446464 0.225224 -0.550088 0.147758 -0.969939 -0.193353 146 3 102
-0.163734 -0.126406 0.095489 0.073370 0.400866 0.913194 136 178 243
0.322104 0.191780 -0.556087 0.828317 -0.557537 0.055155 233 56 134
-0.354101 -0.017651 0.054546 -0.025042 -0.038369 0.998950 124 122 254
0.727102 0.220438 0.524209 -0.318551 -0.765839 0.558583 86 29 198
0.643037 0.077511 0.703400 0.007575 0.029582 -0.999534 128 131 0
0.493710 0.145820 -0.683110 -0.966397 -0.256907 -0.008684 4 94 126
-0.366528 -0.258331 0.416176 0.573640 0.775379 -0.264053 200 226 93
0.588977 0.173543 0.444757 -0.176477 -0.545227 0.819502 104 57 231
0.410925 -0.130640 -0.979614 -0.478509 0.368470 0.797031 66 174 229
0.149839 0.100543 -0.030245 0.768004 -0.227756 0.598579 225 98 203
-0.002356 -0.304789 0.461758 -0.230922 0.972972 0.000756 98 251 127
0.867381 -0.056641 0.639249 -0.965441 0.258708 -0.031537 4 160 123
0.345910 0.201770 -0.371259 0.557075 -0.824982 0.095248 198 22 139
0.479946 -0.006812 -0.917089 -0.922057 -0.099931 0.373932 9 114 175
-0.143434 0.223463 -0.932485 0.347647 -0.709246 0.613279 171 37 205
0.709345 0.210067 0.501358 -0.264025 -0.539822 0.799301 93 58 229
-0.504173 0.077336 0.343190 0.972896 -0.162643 -0.164379 251 106 106
0.017379 -0.109122 -0.717838 -0.028322 0.208807 -0.977547 123 154 2
-0.380811 -0.226217 0.479446 0.573640 0.775379 -0.264053 200 226 93
-0.563873 -0.046060 -0.402659 0.877861 0.164968 -0.449606 239 148 70
0.378309 0.226285 -0.648007 0.283320 -0.957634 -0.051647 163 5 120
0.174519 -0.241863 0.449357 -0.132113 0.687494 0.714071 110 215 218
-0.137649 -0.246859 -0.899280 0.237980 0.842294 0.483638 157 234 189
-0.458689 0.196904 -0.759977 0.642701 -0.717088 0.269666 209 36 161
-0.009463 0.238071 0.162172 -0.141546 -0.839477 0.524636 109 20 194
-0.414844 0.227934 -0.762232 0.495882 -0.731949 0.467281 190 34 187
0.636933 -0.232645 0.584465 0.020942 0.848298 -0.529105 130 235 60
0.001893 -0.173074 0.097421 0.308584 0.649586 0.694848 166 210 216
0.100350 0.086135 -1.048888 0.034890 -0.285453 0.957757 131 91 249
-0.539112 -0.085119 -0.368646 0.877861 0.164968 -0.449606 239 148 70
0.424588 -0.109004 -0.211878 -0.940050 0.300511 -0.161243 7 165 106
0.034683 0.004523 -0.714497 0.067988 0.006595 -0.997664 136 128 0
0.444291 0.161988 -0.885534 -0.836250 -0.490790 0.244563 20 64 158
0.490609 0.155862 -0.635048 -0.966397 -0.256907 -0.008684 4 94 126
-0.371181 -0.160904 -0.529686 -0.531117 0.491156 -0.690421 59 190 39
0.847937 0.151074 0.609034 -0.936648 -0.350209 -0.006640 8 82 126
0.411298 -0.222268 -0.569705 -0.115040 0.990340 -0.077409 112 253 117
0.522023 -0.058908 -0.724917 -0.997789 -0.065637 0.010465 0 119 128
-0.387707 -0.089134 0.614433 0.451450 0.483454 -0.749977 185 189 31
-0.332269 -0.082103 -0.505884 -0.532435 0.470025 -0.703981 59 187 37
-0.277324 -0.146648 -0.591746 -0.531117 0.491156 -0.690421 59 190 39
0.275981 -0.214692 -0.039696 0.004431 0.998158 0.060510 128 254 135
-0.299952 0.298916 0.396196 0.386713 -0.922076 0.015131 176 9 129
0.023679 0.159638 0.660036 0.036277 -0.458299 -0.888058 132 69 14
-0.471388 0.033539 0.100316 0.592037 -0.274454 0.757739 202 92 224
-0.449370 -0.062211 0.540309 0.866592 0.204226 -0.455314 237 153 69
-0.275096 0.310747 0.297642 0.455393 -0.890042 -0.021030 185 14 124
-0.184815 0.057746 0.698542 0.000333 -0.294430 -0.955673 127 89 5
-0.512914 -0.165215 -0.721116 0.891123 0.293443 0.346109 241 164 171
-0.307037 0.236794 -0.688696 -0.409396 -0.780311 -0.472768 75 28 67
0.016774 -0.212859 -0.981621 0.009021 0.499993 0.865982 128 191 237
0.440613 0.194660 0.438250 -0.111069 -0.559776 0.821167 113 56 232
0.084485 -0.152233 -0.732052 0.045541 0.487402 -0.871989 133 189 16
0.175270 0.081552 -1.052983 0.034890 -0.285453 0.957757 131 91 249
-0.498704 0.177525 -0.423263 0.353238 -0.825973 -0.439308 172 22 71
-0.448889 -0.005174 0.541549 0.796599 -0.044220 -0.602888 229 121 50
0.277048 0.120890 -0.502073 0.962329 -0.270068 -0.031418 250 93 123
0.087307 -0.146116 -0.728485 0.045541 0.487402 -0.871989 133 189 16
0.206678 0.145351 0.227150 -0.545933 -0.694198 -0.469091 57 38 67
0.314463 0.129615 0.379916 -0.101714 -0.511874 0.853018 114 62 236
0.399321 -0.200098 -0.916925 -0.660273 0.711630 0.240044 43 218 158
0.793282 -0.003877 0.464226 -0.421985 0.279186 0.862545 73 163 237
0.414938 -0.091308 0.400833 -0.213896 0.413606 0.884974 100 180 240
0.344118 -0.182887 -0.079768 -0.774426 0.625102 -0.097529 28 207 115
0.028773 0.254035 -0.907987 0.011179 -0.930719 0.365564 128 8 174
-0.000551 0.177094 0.112317 0.518317 -0.443196 0.731386 193 70 220
0.222958 -0.107214 0.353739 -0.260207 0.561740 0.785328 94 199 227
0.855708 0.129957 0.626526 -0.936648 -0.350209 -0.006640 8 82 126
-0.184386 0.323646 0.466288 0.195709 -0.815663 -0.544418 152 23 58
0.503471 -0.044394 -0.356887 -0.963168 0.030245 -0.267194 4 131 93
0.374416 -0.105216 0.004890 -0.778893 0.523240 -0.345753 28 194 83
0.455154 0.180536 -0.459007 -0.727343 -0.652255 -0.213390 34 44 100
0.494786 0.137938 -0.569677 -0.966397 -0.256907 -0.008684 4 94 126
-0.157319 0.212048 0.141530 0.077412 -0.565419 0.821163 137 55 232
0.135970 0.223298 0.139057 -0.104959 -0.990785 0.085605 114 1 138
0.290834 0.155003 -0.458233 0.828317 -0.557537 0.055155 233 56 134
-0.144402 -0.293078 0.253282 -0.049654 0.924251 0.378543 121 245 175
0.261953 0.042235 -0.609900 0.997376 -0.020535 0.069427 254 124 136
0.177705 0.042370 0.703406 0.000333 -0.294430 -0.955673 127 89 5
0.223750 -0.259279 -0.938241 0.030432 0.917977 0.395464 131 244 177
0.331943 -0.210035 -0.232881 0.352402 0.935478 0.026336 172 246 130
-0.195694 0.252054 -0.873419 0.194366 -0.948013 0.251978 152 6 159
0.104917 -0.244333 0.216357 -0.376062 0.918169 -0.124671 79 244 111
0.504652 -0.136965 -0.772286 -0.968367 0.248137 -0.026315 4 159 124
-0.039600 -0.209504 0.144458 -0.024984 0.625721 0.779646 124 207 226
0.306309 0.061643 0.145803 -0.838024 -0.184662 -0.513435 20 103 62
-0.295137 -0.106564 -0.550300 -0.532435 0.470025 -0.703981 59 187 37
0.324067 0.243512 -0.778139 0.204503 -0.820540 -0.533754 153 22 59
0.255804 -0.015007 -0.538504 0.997376 -0.020535 0.069427 254 124 136
0.781323 0.100064 0.470949 -0.389575 -0.353389 0.850498 77 82 235
0.403542 0.166729 -0.240074 -0.704619 -0.679350 -0.204926 37 40 101
-0.496014 -0.108847 0.170190 0.837758 0.303660 0.453819 234 166 185
-0.458463 -0.129493 0.127980 0.644388 0.609305 0.462073 209 205 186
0.268416 -0.074918 -0.460633 0.979569 0.200644 -0.013687 252 153 125
-0.198346 0.036868 -0.614973 -0.600696 -0.132496 -0.788422 50 110 26
0.198174 -0.134876 0.360203 -0.566709 0.515980 0.642344 55 193 209
0.365617 -0.143414 0.666988 0.017580 0.468175 -0.883461 129 187 14
-0.463913 -0.026075 0.523067 0.817078 -0.072759 -0.571917 231 118 54
0.024893 -0.211027 -0.768027 0.045541 0.487402 -0.871989 133 189 16
0.204716 -0.259921 0.472215 -0.126541 0.649068 0.750132 111 210 223
0.076375 0.129264 0.048553 0.463842 -0.165004 0.870416 186 106 238
0.431259 -0.054061 -0.148371 -0.940050 0.300511 -0.161243 7 165 106
0.245076 0.264580 0.491237 -0.101141 -0.723762 0.682597 114 35 214
0.015438 -0.166650 -0.743717 0.045541 0.487402 -0.871989 133 189 16
-0.416227 -0.228051 -0.783614 0.672772 0.636699 0.376819 213 208 175
0.126127 0.006009 -0.708256 0.067988 0.006595 -0.997664 136 128 0
0.210006 -0.078964 -1.048298 0.005603 0.295544 0.955313 128 165 249
-0.270036 -0.113295 -0.573778 -0.532435 0.470025 -0.703981 59 187 37
-0.090268 0.341268 0.425504 -0.337072 -0.940728 -0.037584 84 7 122
-0.475493 0.232575 -0.609144 0.147758 -0.969939 -0.193353 146 3 102
-0.210109 -0.100081 -0.612819 -0.583793 0.269114 -0.766005 53 161 29
0.432127 -0.201643 0.626064 0.020942 0.848298 -0.529105 130 235 60
0.577593 0.040697 0.704060 0.000333 -0.294430 -0.955673 127 89 5
-0.304525 0.116282 -0.559213 -0.677269 -0.367707 -0.637258 41 80 46
0.034157 0.236298 -0.799454 -0.014791 -0.582119 -0.812969 125 53 23
0.729453 0.020658 0.436060 -0.280373 -0.075330 0.956931 91 117 249
0.398252 -0.223560 0.592255 -0.016959 0.558802 -0.829128 125 198 21
0.450305 -0.197969 -0.544036 -0.770294 0.634423 -0.064453 29 208 119
-0.265913 0.040345 0.062758 -0.062868 0.071491 0.995458 119 136 254
0.168584 0.076266 -0.082720 0.931778 -0.298417 0.206731 246 89 153
0.614219 0.154290 0.679605 0.005013 -0.682509 -0.730860 128 40 34
0.152420 -0.170997 -1.007204 0.009021 0.499993 0.865982 128 191 237
-0.583414 -0.021459 -0.537233 0.989257 0.139533 -0.043608 253 145 121
0.474465 0.027612 0.380466 -0.206361 -0.030820 0.977990 101 123 252
-0.122136 0.201989 -0.969392 0.347647 -0.709246 0.613279 171 37 205
-0.258018 -0.219840 -0.887106 0.237980 0.842294 0.483638 157 234 189
0.415816 0.254280 0.578483 -0.087175 -0.895052 -0.437359 116 13 71
-0.349171 0.231619 -0.642371 -0.416361 -0.789447 -0.451018 74 26 69
0.547100 0.236894 0.587896 -0.087175 -0.895052 -0.437359 116 13 71
-0.332204 -0.253720 -0.739657 0.132871 0.983031 -0.126470 144 252 111
0.031735 -0.207419 0.116277 0.308584 0.649586 0.694848 166 210 216
0.517603 0.220731 0.477418 -0.059860 -0.774073 0.630260 119 28 207
0.060942 -0.156896 0.074771 0.593758 0.259434 0.761673 203 160 224
0.525874 -0.222510 0.495528 -0.125053 0.686697 0.716107 111 215 218
0.083858 -0.143403 -1.022422 0.009021 0.499993 0.865982 128 191 237
0.209604 -0.036693 -0.701953 0.740193 0.343316 -0.578143 221 171 53
-0.003083 0.021554 0.054439 0.209530 -0.178864 0.961304 154 104 250
0.393586 -0.025477 0.365843 -0.190944 0.043192 0.980650 103 133 252
0.240638 -0.147467 -0.169951 0.706018 0.647738 0.286311 217 210 164
-0.181988 0.112045 0.676195 0.036277 -0.458299 -0.888058 132 69 14
0.406621 0.191637 -0.388729 -0.272789 -0.927767 -0.254625 92 9 95
0.267836 0.104555 0.186330 -0.792725 -0.282354 -0.540243 26 91 58
0.737715 0.214637 0.603575 -0.002627 -0.847051 -0.531505 127 19 59
0.281036 -0.149492 0.662084 0.017580 0.468175 -0.883461 129 187 14
0.005546 0.174576 -0.761959 0.025247 -0.495723 -0.868114 130 64 16
-0.330636 -0.138431 0.617005 0.455355 0.495603 -0.739615 185 190 33
-0.413903 -0.126373 0.564766 0.694878 0.486814 -0.529298 216 189 60
-0.522733 0.006282 0.161880 0.939958 0.202633 0.274627 247 153 162
0.695713 0.210190 0.496938 -0.264025 -0.539822 0.799301 93 58 229
-0.191697 0.010346 -0.615582 -0.600696 -0.132496 -0.788422 50 110 26
0.437992 0.050433 0.373489 -0.206361 -0.030820 0.977990 101 123 252
0.110697 -0.171086 0.647251 0.017580 0.468175 -0.883461 129 187 14
0.321806 -0.262206 0.519788 -0.092471 0.970301 0.223529 115 251 155
0.024078 -0.201227 0.113888 0.308584 0.649586 0.694848 166 210 216
0.008448 0.001245 0.050255 0.375302 0.145263 0.915449 175 146 244
-0.171214 -0.030845 0.076083 -0.036917 0.142496 0.989107 122 145 253
-0.500464 0.123735 0.264729 0.940852 -0.338746 0.006962 247 84 128
-0.400624 -0.242159 0.197936 0.694816 0.691855 0.196387 216 215 152
-0.466632 -0.161861 0.412346 0.698307 0.661406 -0.273695 216 211 92
0.466490 -0.175054 -0.511914 -0.770294 0.634423 -0.064453 29 208 119
0.434405 0.078466 -0.995163 -0.905106 -0.165334 0.391725 12 106 177
0.362043 0.222954 -0.675078 0.140468 -0.953412 -0.266972 145 5 93
-0.122372 -0.077278 -1.042138 0.328795 0.188941 0.925308 169 151 245
0.051497 0.213631 0.621598 0.006760 -0.645757 -0.763513 128 45 30
0.360596 -0.101247 -1.023419 -0.478509 0.368470 0.797031 66 174 229
-0.515592 -0.110199 -0.354955 -0.432352 0.313338 -0.845513 72 167 19
-0.492959 -0.036801 -0.864746 0.539715 -0.073252 0.838655 196 118 234
-0.462374 0.102316 0.462312 0.904471 -0.380336 -0.193070 242 79 102
-0.003490 0.313913 0.519541 0.047593 -0.749211 -0.660620 133 31 43
0.289847 0.156638 -0.417334 0.962329 -0.270068 -0.031418 250 93 123
-0.550104 0.088561 -0.683168 0.972409 -0.168200 0.161648 251 106 148
-0.209518 -0.118250 -0.985688 0.501525 0.358041 0.787578 191 173 227
-0.484572 0.093003 -0.851221 0.438069 -0.540943 0.717967 183 58 219
0.153520 0.240848 -0.811912 -0.003231 -0.957249 -0.289247 127 5 90
0.472289 -0.147680 -0.876878 -0.862507 0.403972 0.304776 17 179 166
0.229179 0.044052 -0.681951 0.735551 -0.125977 -0.665654 221 111 42
-0.266073 0.304444 0.457349 0.571585 -0.797890 -0.191474 200 25 103
-0.390684 -0.008179 -0.432438 -0.676154 -0.141776 -0.722991 41 109 35
0.179444 -0.106618 -0.072138 0.936399 0.250287 0.245997 246 159 158
0.184293 -0.235946 -0.789108 -0.015388 0.680313 -0.732760 125 214 34
0.659366 -0.131453 0.465252 -0.122451 0.398563 0.908930 111 178 243
0.278851 -0.024098 0.206234 -0.805722 0.145694 -0.574095 24 146 54
0.453454 0.051527 -0.215946 -0.924492 -0.350456 -0.149985 9 82 108
0.263656 0.073049 -1.058737 0.034890 -0.285453 0.957757 131 91 249
0.212829 -0.120475 0.243530 -0.749914 0.501412 -0.431527 31 191 72
0.454017 0.117602 0.699309 0.036277 -0.458299 -0.888058 132 69 14
0.592710 0.002219 0.703047 -0.008797 0.052045 -0.998606 126 134 0
0.418692 -0.147371 0.665947 0.017580 0.468175 -0.883461 129 187 14
0.323287 0.252310 -0.800956 0.159991 -0.947468 -0.276960 147 6 92
0.455012 -0.156567 0.441019 -0.213896 0.413606 0.884974 100 180 240
-0.412994 -0.000087 -0.413159 -0.676154 -0.141776 -0.722991 41 109 35
-0.306192 -0.083806 -0.955608 0.351877 0.412496 0.840255 172 180 234
0.426597 -0.154596 -0.956181 -0.430037 0.504829 0.748476 72 191 222
0.756251 -0.089541 0.473836 -0.421985 0.279186 0.862545 73 163 237
-0.338615 0.276570 0.383732 0.554222 -0.793586 -0.251117 198 26 95
-0.526231 0.184742 -0.479894 0.469894 -0.864308 -0.179364 187 17 104
-0.084418 0.126557 0.672692 0.036277 -0.458299 -0.888058 132 69 14
0.089519 0.288536 0.459865 -0.518348 -0.796525 0.311228 61 25 167
-0.267814 -0.151247 -0.938572 0.351877 0.412496 0.840255 172 180 234
-0.564618 -0.099979 -0.451366 0.967944 0.215731 -0.128630 250 155 111
0.452001 -0.124371 -0.950094 -0.876889 0.152487 0.455866 15 146 185
-0.059200 0.132482 0.670665 0.036277 -0.458299 -0.888058 132 69 14
-0.079858 -0.003166 -0.686654 -0.514091 -0.033312 -0.857088 61 123 18
0.797574 0.207297 0.591859 -0.333090 -0.817295 -0.470192 85 23 67
0.336090 -0.208402 -0.333660 0.358096 0.932588 0.045249 173 246 133
0.331624 -0.070592 0.111510 -0.768146 0.247648 -0.590443 29 159 52
0.835917 -0.155030 0.620080 -0.814746 0.371217 -0.445406 23 174 70
-0.097282 0.122674 -0.703786 -0.371318 -0.453624 -0.810153 80 69 24
-0.266319 -0.299443 0.474059 0.478671 0.820085 -0.313584 188 232 87
-0.417553 -0.159538 0.131082 0.347148 0.618357 0.705069 171 206 217
-0.140165 0.255158 -0.862936 -0.121932 -0.989976 -0.071272 111 1 118
-0.061595 -0.199867 0.617629 -0.016959 0.558802 -0.829128 125 198 21
-0.543175 -0.135779 -0.395167 0.877861 0.164968 -0.449606 239 148 70
0.005762 0.257995 -0.883001 0.018652 -0.973625 -0.227392 129 3 98
0.228295 -0.261425 -0.880064 -0.028353 0.998995 -0.034707 123 254 123
0.244881 0.084623 -0.358384 0.887047 -0.334352 0.318365 240 84 168
0.454309 0.193736 -0.557882 -0.769427 -0.634225 -0.075775 29 46 117
0.523731 -0.242905 0.520179 -0.060276 0.977872 0.200333 119 252 153
-0.062953 0.316258 0.317195 -0.294970 -0.935531 0.194355 89 8 152
-0.371685 0.256653 0.373689 0.554222 -0.793586 -0.251117 198 26 95
-0.153732 0.123142 -0.676855 -0.425989 -0.451589 -0.783965 73 69 27
-0.161059 0.059348 -0.647159 -0.600696 -0.132496 -0.788422 50 110 26
-0.395190 -0.245701 0.390998 0.573640 0.775379 -0.264053 200 226 93
0.266328 0.256222 -0.847241 0.159991 -0.947468 -0.276960 147 6 92
0.203434 -0.214944 0.130575 -0.226328 0.951787 0.207067 98 248 153
-0.232254 -0.226513 -0.888161 0.237980 0.842294 0.483638 157 234 189
0.362369 0.214248 -0.931543 -0.439591 -0.780037 0.445312 71 28 184
-0.305976 0.095670 -0.946386 0.433314 -0.310199 0.846177 182 87 235
-0.575214 -0.038990 -0.636886 0.985640 0.147848 0.081575 253 146 137
0.769352 -0.185335 0.652807 0.017580 0.468175 -0.883461 129 187 14
-0.349277 -0.094134 0.634343 0.451450 0.483454 -0.749977 185 189 31
0.522310 -0.055950 -0.679010 -0.997789 -0.065637 0.010465 0 119 128
-0.520673 -0.024103 0.345898 0.972896 -0.162643 -0.164379 251 106 106
0.303964 -0.263831 0.519459 -0.092471 0.970301 0.223529 115 251 155
-0.174781 0.314313 0.285076 -0.056397 -0.931984 0.358086 120 8 173
0.680981 0.020419 0.422264 -0.187837 -0.053583 0.980738 103 120 252
-0.491883 0.229960 -0.608554 0.147758 -0.969939 -0.193353 146 3 102
0.529138 -0.118702 0.683683 0.011677 0.525042 -0.850996 128 194 18
0.814996 0.168866 0.628006 -0.531062 -0.591297 -0.606911 59 52 50
0.367661 0.015261 0.072129 -0.871126 0.006781 -0.491013 16 128 64
-0.133945 0.338760 0.365672 -0.092252 -0.968116 0.232897 115 4 157
-0.144936 -0.312066 0.497544 0.087764 0.920958 -0.379649 138 244 79
0.320444 0.253979 0.589854 0.006760 -0.645757 -0.763513 128 45 30
-0.522777 -0.163467 -0.697205 0.891123 0.293443 0.346109 241 164 171
0.421588 0.046111 -0.054663 -0.944491 -0.254870 -0.207312 7 95 101
-0.312253 -0.060579 -0.514192 -0.716978 0.053838 -0.695014 36 134 38
0.219521 -0.274010 0.532819 -0.082193 0.176792 -0.980810 117 150 2
0.111587 -0.239721 0.365442 -0.548008 0.833441 0.071159 57 233 136
0.254638 -0.104147 -0.365402 0.949128 0.195870 0.246559 248 152 158
0.213766 -0.028928 -1.063800 0.005603 0.295544 0.955313 128 165 249
0.015848 -0.158168 0.652291 0.011677 0.525042 -0.850996 128 194 18
-0.130535 0.325879 0.322147 -0.056397 -0.931984 0.358086 120 8 173
-0.513779 0.085878 0.222196 0.940852 -0.338746 0.006962 247 84 128
-0.551580 0.176208 -0.599620 0.685720 -0.670313 0.283670 214 42 163
0.276073 0.108779 -0.427861 0.962329 -0.270068 -0.031418 250 93 123
0.691959 0.067245 0.428742 -0.280373 -0.075330 0.956931 91 117 249
0.220030 0.095414 0.700724 0.007575 0.029582 -0.999534 128 131 0
-0.218417 0.288602 0.506559 0.195709 -0.815663 -0.544418 152 23 58
-0.039389 -0.039811 -0.709503 -0.514091 -0.033312 -0.857088 61 123 18
0.342961 0.228022 -0.914556 -0.262350 -0.932620 0.247775 94 8 159
-0.328907 -0.249061 -0.699979 0.132871 0.983031 -0.126470 144 252 111
-0.332775 -0.124182 0.624907 0.451450 0.483454 -0.749977 185 189 31
-0.470005 -0.186675 -0.758124 0.652306 0.644964 0.398143 210 209 178
-0.219023 -0.254726 0.192552 0.037082 0.796556 0.603427 132 229 204
-0.583286 -0.003066 -0.604462 0.985640 0.147848 0.081575 253 146 137
0.837443 -0.140423 0.629464 -0.814746 0.371217 -0.445406 23 174 70
-0.585138 0.005501 -0.597616 0.985640 0.147848 0.081575 253 146 137
-0.193250 -0.331561 0.382201 0.166318 0.969833 -0.178222 148 251 104
0.758065 0.173987 0.493083 -0.264025 -0.539822 0.799301 93 58 229
0.724106 0.144663 0.463272 -0.389575 -0.353389 0.850498 77 82 235
0.401604 0.144251 -0.158890 -0.704619 -0.679350 -0.204926 37 40 101
-0.094818 -0.197717 0.133228 -0.024984 0.625721 0.779646 124 207 226
0.173052 0.070998 0.699646 0.007575 0.029582 -0.999534 128 131 0
0.849477 -0.083146 0.650669 -0.596060 0.273063 -0.755083 51 162 31
0.505807 0.101204 -0.552628 -0.939202 -0.343348 0.003385 7 83 127
0.096689 0.053079 -1.055690 0.066158 -0.172676 0.982754 135 105 252
0.189448 -0.072544 -0.144884 0.936399 0.250287 0.245997 246 159 158
0.129043 0.157629 0.665376 0.036277 -0.458299 -0.888058 132 69 14
-0.056074 0.093499 -1.038304 0.066158 -0.172676 0.982754 135 105 252
-0.081918 0.145482 -0.723683 -0.380109 -0.462784 -0.800842 79 68 25
0.179392 -0.257434 0.573902 -0.016959 0.558802 -0.829128 125 198 21
0.502655 0.085099 0.702561 0.007575 0.029582 -0.999534 128 131 0
0.175505 0.104346 0.694772 0.036277 -0.458299 -0.888058 132 69 14
-0.274491 -0.266636 -0.794327 -0.100504 0.963345 -0.248728 114 250 95
-0.423165 0.097957 0.564955 0.766629 -0.431213 -0.475746 225 72 66
0.283208 0.201855 0.020758 -0.294495 -0.938285 -0.181367 89 7 104
-0.588520 0.047893 -0.584382 0.939211 -0.160104 0.303727 247 107 166
-0.437074 -0.194160 0.409708 0.698307 0.661406 -0.273695 216 211 92
-0.551014 -0.165830 -0.598108 0.935294 0.283152 0.212252 246 163 154
-0.215090 0.223930 0.155157 0.077412 -0.565419 0.821163 137 55 232
0.329365 -0.211614 -0.146747 -0.774426 0.625102 -0.097529 28 207 115
0.041480 0.012080 0.711906 -0.016541 0.128095 -0.991624 125 143 1
0.481404 -0.153690 -0.479867 -0.770294 0.634423 -0.064453 29 208 119
0.332276 -0.231183 -0.958802 -0.431950 0.503753 0.748099 72 191 222
-0.405190 0.151590 0.545882 0.786483 -0.408230 -0.463457 227 75 68
-0.362121 0.005292 -0.945269 0.539715 -0.073252 0.838655 196 118 234
0.092870 0.147531 -0.743976 0.025247 -0.495723 -0.868114 130 64 16
-0.221750 0.214483 -0.705864 -0.245589 -0.811152 -0.530772 96 24 59
0.462619 -0.180535 0.454060 -0.213896 0.413606 0.884974 100 180 240
-0.353707 -0.069672 -0.481371 -0.532435 0.470025 -0.703981 59 187 37
0.003768 0.038957 -0.716376 0.067988 0.006595 -0.997664 136 128 0
0.515549 0.075617 -0.444807 -0.939202 -0.343348 0.003385 7 83 127
0.510354 0.087378 -0.693437 -0.939202 -0.343348 0.003385 7 83 127
-0.112266 -0.222978 0.603089 -0.016959 0.558802 -0.829128 125 198 21
0.613238 -0.208144 0.622810 0.020942 0.848298 -0.529105 130 235 60
-0.469476 0.224038 -0.671976 0.644055 -0.688674 0.333048 209 39 169
-0.419036 0.206372 -0.791558 0.495882 -0.731949 0.467281 190 34 187
-0.515750 -0.091527 0.259418 0.981200 0.188278 0.042405 252 151 132
0.267059 -0.069098 -0.472442 0.979569 0.200644 -0.013687 252 153 125
-0.478189 0.146442 -0.814854 0.438069 -0.540943 0.717967 183 58 219
0.586260 -0.020910 0.406930 -0.122451 0.398563 0.908930 111 178 243
0.251929 0.246733 0.595376 0.006760 -0.645757 -0.763513 128 45 30
-0.154239 0.221434 -0.742638 -0.196925 -0.750933 -0.630333 102 31 47
0.481993 0.019882 -0.280304 -0.955300 0.029842 -0.294127 5 131 89
-0.498700 0.128403 0.253516 0.940852 -0.338746 0.006962 247 84 128
0.343106 0.233340 -0.724599 0.409759 -0.876294 -0.253389 179 15 95
0.309569 -0.156569 -0.607223 0.889317 0.453086 0.061874 240 185 135
-0.053858 -0.318288 0.442297 -0.253145 0.967399 -0.007506 95 250 126
0.203811 -0.147925 0.661378 0.017580 0.468175 -0.883461 129 187 14
0.005440 0.285478 0.552433 0.047593 -0.749211 -0.660620 133 31 43
-0.263895 -0.220256 0.584899 0.300624 0.715529 -0.630590 165 218 47
-0.164682 -0.042390 -1.034227 0.328795 0.188941 0.925308 169 151 245
-0.376401 -0.079186 -0.470559 -0.532435 0.470025 -0.703981 59 187 37
0.066056 -0.289014 0.511220 -0.227570 0.973580 0.018830 98 251 129
0.450080 0.086769 -0.955439 -0.905106 -0.165334 0.391725 12 106 177
0.301527 0.211100 -0.075055 -0.337645 -0.928866 -0.152328 84 9 108
0.197221 0.099913 -0.177659 0.931778 -0.298417 0.206731 246 89 153
0.016790 -0.251098 0.176647 -0.045769 0.830540 0.555075 121 233 198
0.800865 0.193028 0.614331 -0.333090 -0.817295 -0.470192 85 23 67
0.304052 -0.249500 0.576699 -0.016959 0.558802 -0.829128 125 198 21
0.867896 0.098559 0.563302 -0.936648 -0.350209 -0.006640 8 82 126
-0.130393 0.015323 -0.663125 -0.600696 -0.132496 -0.788422 50 110 26
-0.187127 -0.089805 -1.012878 0.501525 0.358041 0.787578 191 173 227
-0.468578 -0.190358 0.297127 0.787006 0.616221 0.029878 227 206 131
0.525752 0.044201 0.391811 -0.206361 -0.030820 0.977990 101 123 252
0.248367 -0.131755 -0.235465 0.833290 0.541072 0.113437 233 196 141
0.040641 0.078674 0.055537 0.209530 -0.178864 0.961304 154 104 250
0.412018 -0.179761 -0.362184 -0.243496 0.924351 -0.293743 96 245 90
0.139516 0.200553 0.283618 -0.810536 -0.576208 0.104959 24 54 140
0.777027 0.128413 0.672867 -0.334890 -0.349262 -0.875137 84 82 15
0.018996 -0.254393 0.579232 -0.016959 0.558802 -0.829128 125 198 21
-0.474825 0.021574 -0.871317 0.539715 -0.073252 0.838655 196 118 234
0.514080 -0.203154 0.626885 0.020942 0.848298 -0.529105 130 235 60
0.682199 -0.098452 0.697012 -0.008797 0.052045 -0.998606 126 134 0
-0.184797 -0.126708 -0.997585 0.501525 0.358041 0.787578 191 173 227
0.036787 0.092651 0.058977 0.209530 -0.178864 0.961304 154 104 250
0.085028 0.240917 0.598817 0.006760 -0.645757 -0.763513 128 45 30
0.224569 -0.195911 0.136052 -0.583011 0.613471 -0.532684 53 205 59
0.500979 0.029571 -0.855501 -0.922057 -0.099931 0.373932 9 114 175
0.032788 0.280978 0.295866 -0.386216 -0.904855 0.179091 78 12 150
0.019069 0.268512 0.572656 0.047593 -0.749211 -0.660620 133 31 43
-0.289154 0.054731 0.059293 -0.156817 0.065365 0.985462 107 135 253
-0.333150 0.153701 -0.559026 -0.609653 -0.508461 -0.608104 49 62 49
0.166093 -0.197193 0.381958 -0.566709 0.515980 0.642344 55 193 209
0.204303 0.236757 0.455695 -0.101141 -0.723762 0.682597 114 35 214
-0.384613 -0.091816 0.614567 0.451450 0.483454 -0.749977 185 189 31
0.279770 -0.047507 0.703212 -0.008797 0.052045 -0.998606 126 134 0
-0.395860 0.182748 0.138580 0.247633 -0.642798 0.724906 159 45 219
-0.189786 -0.051811 -1.023383 0.328795 0.188941 0.925308 169 151 245
0.222583 0.105573 0.343700 -0.599100 -0.367847 0.711173 51 80 218
-0.590740 0.049010 -0.576928 0.939211 -0.160104 0.303727 247 107 166
0.048319 0.299436 0.454738 -0.248413 -0.967763 0.041540 95 4 132
-0.507530 -0.124313 0.214787 0.981200 0.188278 0.042405 252 151 132
0.074232 -0.263627 0.357762 -0.548008 0.833441 0.071159 57 233 136
0.189188 -0.151908 -0.029368 0.528291 0.731504 0.431057 194 220 182
-0.173128 -0.271816 0.558949 0.217104 0.728989 -0.649185 155 220 44
0.332588 0.210307 -0.219346 0.081144 -0.996531 0.018472 137 0 129
-0.320675 0.242836 -0.686858 -0.409396 -0.780311 -0.472768 75 28 67
-0.087669 0.126004 0.672845 0.036277 -0.458299 -0.888058 132 69 14
-0.285501 0.288832 0.464410 0.571585 -0.797890 -0.191474 200 25 103
0.363985 0.201473 -0.314310 -0.482261 -0.875437 -0.032158 66 15 123
0.410180 -0.067610 -0.060651 -0.945241 0.267323 -0.187236 6 161 103
0.477797 -0.116738 0.427911 -0.213896 0.413606 0.884974 100 180 240
-0.011398 0.198638 -0.776192 0.025247 -0.495723 -0.868114 130 64 16
0.336176 0.205256 -0.316346 0.414446 -0.881486 0.226313 180 15 156
0.196729 0.053020 -0.719506 0.735551 -0.125977 -0.665654 221 111 42
0.405437 0.229246 -0.624176 -0.206517 -0.972188 -0.110459 101 3 113
-0.216790 -0.194811 0.624211 -0.016959 0.558802 -0.829128 125 198 21
0.417671 -0.232048 -0.719328 -0.653200 0.756951 -0.018857 44 224 125
0.490053 -0.150545 -0.552282 -0.770294 0.634423 -0.064453 29 208 119
0.553191 0.205621 0.462240 -0.059860 -0.774073 0.630260 119 28 207
0.777638 0.206142 0.533429 -0.318551 -0.765839 0.558583 86 29 198
0.429842 -0.210024 -0.807202 -0.602676 0.750450 0.271307 50 223 162
0.341100 -0.189137 -0.095868 -0.774426 0.625102 -0.097529 28 207 115
0.557841 0.177433 0.657606 0.005013 -0.682509 -0.730860 128 40 34
-0.235164 0.078717 0.072857 -0.242404 -0.180285 0.953277 96 104 249
-0.114316 0.101812 -0.684298 -0.371318 -0.453624 -0.810153 80 69 24
-0.377599 0.206605 0.532126 0.571585 -0.797890 -0.191474 200 25 103
0.159870 -0.059198 -0.047190 0.718824 0.227448 0.656932 219 156 211
0.338554 -0.137694 0.669481 0.017580 0.468175 -0.883461 129 187 14
0.174978 -0.131069 -0.038897 0.705415 0.215913 0.675108 217 155 213
-0.473669 -0.048577 -0.370306 -0.578287 0.482395 -0.657936 53 189 43
-0.062323 0.244629 -0.929148 0.011179 -0.930719 0.365564 128 8 174
0.517302 -0.099739 0.429515 -0.213896 0.413606 0.884974 100 180 240
-0.390010 0.068345 -0.913370 0.433314 -0.310199 0.846177 182 87 235
-0.255797 0.141762 0.096048 -0.000243 -0.449787 0.893136 127 70 241
-0.381457 -0.216110 0.503884 0.709595 0.652373 -0.266239 217 210 93
0.063411 0.268871 0.306366 -0.554269 -0.830197 0.059661 56 21 135
0.216117 0.128917 0.236786 -0.667778 -0.604069 -0.434941 42 50 72
0.057586 -0.153493 0.655748 0.011677 0.525042 -0.850996 128 194 18
-0.021056 -0.114941 -0.717580 -0.514091 -0.033312 -0.857088 61 123 18
0.235615 0.079066 0.700359 0.007575 0.029582 -0.999534 128 131 0
0.264040 0.115334 0.692718 0.036277 -0.458299 -0.888058 132 69 14
0.177721 0.149284 0.283653 -0.793883 -0.603237 0.076517 26 50 137
0.417191 0.011901 -0.012237 -0.858945 0.006099 -0.512032 17 128 62
-0.074576 0.253481 -0.870265 0.018652 -0.973625 -0.227392 129 3 98
0.790608 0.207914 0.595721 -0.333090 -0.817295 -0.470192 85 23 67
0.801533 0.189687 0.619501 -0.531062 -0.591297 -0.606911 59 52 50
0.224520 -0.167691 -0.736350 -0.028322 0.208807 -0.977547 123 154 2
0.460723 0.110713 -0.920741 -0.905106 -0.165334 0.391725 12 106 177
0.150425 0.042299 -1.061202 0.066158 -0.172676 0.982754 135 105 252
-0.513855 -0.040542 0.384202 0.963233 -0.047511 -0.264433 250 121 93
-0.352202 0.077863 -0.486374 -0.677269 -0.367707 -0.637258 41 80 46
0.441098 -0.081384 -0.984271 -0.478509 0.368470 0.797031 66 174 229
0.017005 0.202316 -0.987073 -0.009702 -0.473787 0.880586 126 67 239
0.872295 0.027023 0.582097 -0.997684 -0.013191 -0.066728 0 125 118
-0.303515 0.293451 0.259889 0.147038 -0.929066 0.339436 146 9 170
0.203783 0.282158 0.533869 -0.083334 -0.986221 0.142913 116 1 145
0.378216 0.240198 -0.771212 -0.284880 -0.953979 0.093637 91 5 139
0.278702 -0.142911 0.394727 -0.172880 0.487340 0.855928 105 189 236
-0.209609 0.009273 0.713467 0.000333 -0.294430 -0.955673 127 89 5
0.283196 0.138905 -0.468647 0.962329 -0.270068 -0.031418 250 93 123
-0.374086 0.225083 0.175169 0.107970 -0.791929 0.600991 141 26 204
-0.373600 0.191777 -0.844556 0.442041 -0.543852 0.713319 183 58 218
0.352990 0.134022 -1.035042 0.024618 -0.563757 0.825574 130 55 232
-0.405245 -0.244720 0.223303 0.694816 0.691855 0.196387 216 215 152
0.823313 0.014672 0.473134 -0.474929 0.278960 0.834640 66 163 233
0.156344 -0.264578 -0.912039 -0.028353 0.998995 -0.034707 123 254 123
-0.319772 -0.285964 0.242060 0.074013 0.789293 0.609539 136 228 205
-0.027066 -0.305036 0.517564 -0.011435 0.928864 -0.370244 126 245 80
0.353030 0.179868 -0.110023 -0.704038 -0.679687 -0.205806 37 40 101
0.058543 0.118935 -0.730517 -0.063181 -0.257698 -0.964158 119 94 4
0.472990 -0.073156 0.406381 -0.213896 0.413606 0.884974 100 180 240
-0.028082 0.155269 0.660176 0.036277 -0.458299 -0.888058 132 69 14
0.275540 0.165695 0.097295 -0.641011 -0.589694 -0.491290 45 52 64
-0.080869 0.153739 0.658809 0.036277 -0.458299 -0.888058 132 69 14
-0.064770 0.218951 -0.774278 -0.380109 -0.462784 -0.800842 79 68 25
0.227523 -0.199557 0.128622 -0.583011 0.613471 -0.532684 53 205 59
-0.464578 -0.140621 -0.822346 0.463769 0.666940 0.583189 186 212 201
-0.578366 0.055697 -0.611668 0.939211 -0.160104 0.303727 247 107 166
-0.066968 -0.121122 0.674010 0.011677 0.525042 -0.850996 128 194 18
0.270268 0.178012 0.403861 -0.111069 -0.559776 0.821167 113 56 232
0.531223 0.245953 0.511898 -0.103233 -0.808188 0.579807 114 24 201
0.779255 -0.203487 0.636846 0.020942 0.848298 -0.529105 130 235 60
0.448942 -0.055207 -0.253594 -0.940050 0.300511 -0.161243 7 165 106
-0.522093 -0.048754 0.216269 0.981200 0.188278 0.042405 252 151 132
-0.578821 -0.013496 -0.639511 0.985640 0.147848 0.081575 253 146 137
-0.279442 0.298680 0.263772 0.147038 -0.929066 0.339436 146 9 170
-0.331884 -0.043688 -0.492633 -0.716978 0.053838 -0.695014 36 134 38
0.860685 -0.082150 0.634981 -0.965441 0.258708 -0.031537 4 160 123
-0.374656 -0.142848 -0.891307 0.463769 0.666940 0.583189 186 212 201
-0.509258 0.079981 0.307396 0.976624 -0.161392 -0.141978 252 106 109
0.285176 0.253094 -0.877969 -0.255363 -0.959524 0.118756 94 5 142
-0.138057 -0.210856 -0.953100 0.254303 0.657411 0.709324 159 211 217
0.447509 -0.188798 -0.826669 -0.602676 0.750450 0.271307 50 223 162
-0.037492 -0.077954 -1.046277 0.012299 0.324492 0.945808 129 168 248
0.518113 0.009386 -0.669385 -0.997789 -0.065637 0.010465 0 119 128
-0.577278 -0.041892 -0.463397 0.989257 0.139533 -0.043608 253 145 121
-0.441421 -0.224511 0.286208 0.787006 0.616221 0.029878 227 206 131
-0.020968 0.317692 0.513997 0.047593 -0.749211 -0.660620 133 31 43
-0.244784 -0.232003 0.164140 0.037082 0.796556 0.603427 132 229 204
0.220517 0.178670 -0.746102 0.359926 -0.620575 -0.696663 173 48 38
-0.560539 0.140296 -0.476597 0.956039 -0.279262 -0.089459 249 91 116
-0.311539 -0.227781 0.165719 0.074013 0.789293 0.609539 136 228 205
0.333228 -0.240137 0.582413 -0.016959 0.558802 -0.829128 125 198 21
0.090146 0.212992 0.099734 0.241398 -0.655812 0.715289 158 43 218
0.204686 0.169154 -0.745805 0.359926 -0.620575 -0.696663 173 48 38
0.733481 0.215777 0.521457 -0.318551 -0.765839 0.558583 86 29 198
-0.159780 -0.280899 0.553213 0.217104 0.728989 -0.649185 155 220 44
0.343801 -0.177409 0.427518 -0.172880 0.487340 0.855928 105 189 236
-0.345226 0.203378 -0.596580 -0.416361 -0.789447 -0.451018 74 26 69
-0.535943 -0.046233 -0.349958 0.863899 0.028849 -0.502839 237 131 63
0.150594 -0.160539 -0.733242 0.045541 0.487402 -0.871989 133 189 16
-0.506646 0.097593 0.305339 0.976624 -0.161392 -0.141978 252 106 109
-0.349479 0.191031 -0.573265 -0.602042 -0.495825 -0.625861 50 64 47
0.182777 -0.052916 -1.056197 0.005603 0.295544 0.955313 128 165 249
0.669690 0.137630 0.439338 -0.264025 -0.539822 0.799301 93 58 229
0.055504 -0.264075 -0.857197 0.016087 0.967804 -0.251191 129 250 95
0.010048 0.098222 -0.721803 -0.063181 -0.257698 -0.964158 119 94 4
0.087232 0.301861 0.537959 -0.240694 -0.944314 0.224360 96 7 156
-0.519801 -0.061720 0.220799 0.981200 0.188278 0.042405 252 151 132
0.043188 0.119953 0.681313 0.036277 -0.458299 -0.888058 132 69 14
0.474436 -0.138549 -0.882904 -0.862507 0.403972 0.304776 17 179 166
0.176003 -0.120422 -1.034483 0.012299 0.324492 0.945808 129 168 248
0.009097 -0.245204 -0.794024 -0.015388 0.680313 -0.732760 125 214 34
0.276757 -0.138453 0.668034 0.011677 0.525042 -0.850996 128 194 18
0.334812 -0.053006 0.355611 -0.190944 0.043192 0.980650 103 133 252
0.015135 -0.197492 0.617660 -0.016959 0.558802 -0.829128 125 198 21
0.218660 -0.059745 0.320378 -0.989029 0.040569 -0.142042 1 132 109
0.108856 -0.275222 0.553099 -0.060276 0.977872 0.200333 119 252 153
0.724029 0.191718 0.645084 -0.087175 -0.895052 -0.437359 116 13 71
0.519782 -0.074526 -0.707996 -0.956748 0.290255 -0.019605 5 164 125
0.201116 0.189793 0.382505 -0.415723 -0.638556 0.647627 74 46 210
-0.407107 0.245313 0.331349 0.554222 -0.793586 -0.251117 198 26 95
0.444439 0.188623 0.434651 -0.111069 -0.559776 0.821167 113 56 232
0.506007 0.048874 -0.837946 -0.922057 -0.099931 0.373932 9 114 175
-0.395283 0.255532 0.269315 0.446801 -0.878519 0.169033 184 15 149
0.034416 -0.251782 -0.811187 0.016087 0.967804 -0.251191 129 250 95
0.191362 0.135031 0.679585 0.036277 -0.458299 -0.888058 132 69 14
0.773095 -0.159576 0.506679 -0.242757 0.405036 0.881485 96 179 239
-0.134074 0.334956 0.349807 -0.092252 -0.968116 0.232897 115 4 157
-0.070797 0.035697 -1.047469 0.066158 -0.172676 0.982754 135 105 252
-0.180300 0.016746 0.711175 0.000333 -0.294430 -0.955673 127 89 5
-0.088374 0.253216 -0.870261 0.018652 -0.973625 -0.227392 129 3 98
-0.112561 -0.086436 0.085727 -0.026217 0.133717 0.990673 124 144 253
-0.431405 -0.062656 0.568868 0.796599 -0.044220 -0.602888 229 121 50
0.130515 0.034780 -0.026761 0.857335 -0.148751 0.492799 236 108 190
0.240499 0.150607 0.382086 -0.599100 -0.367847 0.711173 51 80 218
-0.472315 0.097471 -0.855334 0.438069 -0.540943 0.717967 183 58 219
-0.551687 -0.163412 -0.533799 0.612863 0.753012 -0.239526 205 223 96
-0.249557 0.072798 -0.979472 0.337464 -0.228117 0.913280 170 98 243
-0.013056 -0.219899 -0.977246 0.009021 0.499993 0.865982 128 191 237
-0.010478 0.299702 0.317145 -0.294970 -0.935531 0.194355 89 8 152
-0.324695 0.270831 0.432592 0.554222 -0.793586 -0.251117 198 26 95
-0.429344 -0.209556 0.392311 0.709595 0.652373 -0.266239 217 210 93
0.506032 -0.129124 0.440524 -0.213896 0.413606 0.884974 100 180 240
-0.444655 0.022255 0.544432 0.817078 -0.072759 -0.571917 231 118 54
0.461762 -0.018438 -0.965035 -0.922057 -0.099931 0.373932 9 114 175
-0.284572 0.304912 0.339413 0.455393 -0.890042 -0.021030 185 14 124
0.277694 -0.052599 0.200625 -0.805722 0.145694 -0.574095 24 146 54
0.205284 0.218421 0.050081 0.342540 -0.665216 0.663441 171 42 212
-0.273170 0.305209 0.437667 0.554222 -0.793586 -0.251117 198 26 95
0.220039 0.085155 0.327617 -0.859661 -0.510736 -0.011506 17 62 126
0.490428 -0.109274 -0.398907 -0.805340 0.475921 -0.353451 24 188 82
0.115580 0.181589 0.059173 0.276073 -0.680202 0.679049 162 40 214
0.326585 0.201549 -0.313221 0.414446 -0.881486 0.226313 180 15 156
0.665685 -0.210530 0.621059 0.020942 0.848298 -0.529105 130 235 60
0.021022 0.148863 -0.746826 0.025247 -0.495723 -0.868114 130 64 16
0.364289 -0.203018 0.447068 -0.132113 0.687494 0.714071 110 215 218
-0.298739 -0.272999 0.493727 0.478671 0.820085 -0.313584 188 232 87
-0.415123 -0.233247 -0.640885 0.051700 0.971068 -0.233139 134 251 97
0.092530 0.242407 -0.816392 -0.003231 -0.957249 -0.289247 127 5 90
0.250714 0.074682 -1.057779 0.034890 -0.285453 0.957757 131 91 249
0.486731 0.011765 -0.296516 -0.955300 0.029842 -0.294127 5 131 89
-0.203595 -0.219301 -0.914809 0.237401 0.841496 0.485310 157 234 189
0.490800 0.103893 -0.843088 -0.836250 -0.490790 0.244563 20 64 158
-0.043678 -0.228456 0.597995 -0.016959 0.558802 -0.829128 125 198 21
0.044055 0.302287 0.493430 -0.240694 -0.944314 0.224360 96 7 156
-0.561171 0.093077 -0.645137 0.939211 -0.160104 0.303727 247 107 166
0.220475 0.133649 0.223523 -0.667778 -0.604069 -0.434941 42 50 72
0.852856 0.086834 0.515570 -0.626130 -0.354101 0.694675 47 82 216
0.000683 -0.263335 0.199573 -0.045337 0.924932 0.377420 121 245 175
0.303115 -0.005035 0.347326 -0.190944 0.043192 0.980650 103 133 252
0.254924 -0.132908 -0.702308 0.418005 0.512946 -0.749772 180 192 31
-0.463498 0.183049 0.317685 0.802626 -0.566117 -0.187890 229 55 103
0.401343 -0.237842 -0.788870 -0.252592 0.957950 0.136124 95 249 144
-0.478125 0.221359 -0.660789 0.644055 -0.688674 0.333048 209 39 169
-0.196076 -0.327391 0.329408 -0.049644 0.922417 0.382991 121 245 176
0.546054 0.178155 0.656850 0.005013 -0.682509 -0.730860 128 40 34
-0.497713 -0.189872 -0.478882 0.612863 0.753012 -0.239526 205 223 96
-0.018733 -0.267152 0.206464 -0.049654 0.924251 0.378543 121 245 175
0.265485 0.088301 -0.576132 0.962329 -0.270068 -0.031418 250 93 123
0.368547 -0.103330 0.395240 -0.213896 0.413606 0.884974 100 180 240
-0.168083 -0.319822 0.473378 0.087764 0.920958 -0.379649 138 244 79
-0.015256 -0.253477 -0.820897 0.016087 0.967804 -0.251191 129 250 95
0.340550 0.178765 -0.063686 -0.704038 -0.679687 -0.205806 37 40 101
0.070110 0.281371 0.409202 -0.518348 -0.796525 0.311228 61 25 167
-0.568975 0.073411 -0.631370 0.939211 -0.160104 0.303727 247 107 166
0.079514 0.013905 -0.711380 0.067988 0.006595 -0.997664 136 128 0
-0.412852 -0.230161 -0.786074 0.672772 0.636699 0.376819 213 208 175
0.712590 -0.235464 0.562250 -0.175678 0.794156 0.581767 105 228 201
-0.303497 0.185436 0.608165 0.304376 -0.274468 -0.912153 166 92 11
0.460946 -0.066380 0.400303 -0.213896 0.413606 0.884974 100 180 240
-0.465814 -0.163093 0.182536 0.644388 0.609305 0.462073 209 205 186
0.259386 -0.036288 -0.540629 0.979569 0.200644 -0.013687 252 153 125
0.014132 0.244911 -0.826294 0.018652 -0.973625 -0.227392 129 3 98
-0.099899 0.066759 -1.034093 0.308825 -0.209293 0.927806 166 100 245
-0.306387 0.230428 0.169154 0.134808 -0.788432 0.600168 144 26 204
0.473678 0.165458 -0.517877 -0.769427 -0.634225 -0.075775 29 46 117
0.519451 0.027685 -0.565143 -0.999543 -0.010306 0.028401 0 126 131
-0.209547 -0.094069 0.688746 0.011677 0.525042 -0.850996 128 194 18
0.250586 -0.060767 -0.384266 0.949128 0.195870 0.246559 248 152 158
0.140977 0.290861 0.549318 -0.240694 -0.944314 0.224360 96 7 156
-0.504191 0.080812 0.160376 0.876217 -0.278709 0.393148 239 91 177
0.473637 0.018839 -0.253270 -0.955300 0.029842 -0.294127 5 131 89
0.448732 0.204542 -0.674730 -0.613617 -0.788823 -0.035111 49 26 123
0.158985 0.037646 -0.095203 0.931778 -0.298417 0.206731 246 89 153
-0.235058 -0.016508 0.068789 -0.062868 0.071491 0.995458 119 136 254
-0.330856 -0.126012 0.087845 0.022961 0.341944 0.939440 130 171 247
-0.573489 0.016722 -0.427524 0.966960 -0.166253 -0.193258 250 106 102
-0.353147 0.062255 -0.481355 -0.676154 -0.141776 -0.722991 41 109 35
-0.372050 -0.200517 -0.558269 -0.297830 0.829865 -0.471828 89 233 67
-0.178281 -0.288307 0.237188 -0.049654 0.924251 0.378543 121 245 175
0.171392 0.051281 -1.061035 0.066158 -0.172676 0.982754 135 105 252
0.244361 0.035802 -0.408206 0.887047 -0.334352 0.318365 240 84 168
-0.247226 0.240687 0.569209 0.138736 -0.825431 -0.547190 145 22 57
0.140415 0.095013 0.698155 0.036277 -0.458299 -0.888058 132 69 14
0.440701 -0.188588 -0.842373 -0.602676 0.750450 0.271307 50 223 162
-0.509705 -0.123507 -0.764742 0.891123 0.293443 0.346109 241 164 171
-0.332470 -0.031973 0.058152 -0.156817 0.065365 0.985462 107 135 253
0.441342 -0.183383 -0.855347 -0.602676 0.750450 0.271307 50 223 162
-0.423415 0.243331 0.301620 0.554222 -0.793586 -0.251117 198 26 95
0.430286 0.183329 -0.890594 -0.836250 -0.490790 0.244563 20 64 158
0.348020 -0.177119 0.648777 0.017580 0.468175 -0.883461 129 187 14
-0.289426 -0.239696 -0.837193 0.234676 0.843361 0.483394 157 235 189
-0.268845 0.173864 -0.923130 0.442041 -0.543852 0.713319 183 58 218
0.079470 0.056715 0.698952 0.000333 -0.294430 -0.955673 127 89 5
-0.047658 0.210177 -0.777330 -0.380109 -0.462784 -0.800842 79 68 25
0.740345 -0.222122 0.605429 0.020942 0.848298 -0.529105 130 235 60
0.235374 -0.267066 0.551355 -0.060276 0.977872 0.200333 119 252 153
-0.556359 -0.150980 -0.594367 0.935294 0.283152 0.212252 246 163 154
0.229882 0.261033 0.485225 -0.101141 -0.723762 0.682597 114 35 214
-0.210814 0.256153 -0.846334 0.194366 -0.948013 0.251978 152 6 159
-0.238876 -0.217250 0.598235 0.217104 0.728989 -0.649185 155 220 44
0.136645 0.213675 0.080761 0.342540 -0.665216 0.663441 171 42 212
0.229610 -0.128338 -0.186032 0.706018 0.647738 0.286311 217 210 164
0.014095 -0.247367 0.584068 -0.016959 0.558802 -0.829128 125 198 21
0.307697 -0.206837 -0.018815 -0.217098 0.947841 -0.233380 99 248 97
-0.569862 -0.118130 -0.558123 0.985640 0.147848 0.081575 253 146 137
0.302911 -0.203699 0.436367 -0.132113 0.687494 0.714071 110 215 218
0.434166 -0.254251 0.548612 -0.060276 0.977872 0.200333 119 252 153
-0.375914 -0.240621 -0.664876 0.122889 0.989704 -0.073373 143 253 118
0.200171 0.174271 0.366594 -0.415723 -0.638556 0.647627 74 46 210
-0.063766 -0.194021 0.131257 -0.024984 0.625721 0.779646 124 207 226
-0.171854 0.144398 0.659913 0.036277 -0.458299 -0.888058 132 69 14
-0.258070 -0.261182 -0.815079 0.237980 0.842294 0.483638 157 234 189
-0.225627 -0.126548 0.668486 0.011677 0.525042 -0.850996 128 194 18
-0.239368 -0.098038 0.685888 0.011677 0.525042 -0.850996 128 194 18
0.259082 -0.195582 0.628931 0.020942 0.848298 -0.529105 130 235 60
-0.230937 -0.261953 -0.793792 -0.100504 0.963345 -0.248728 114 250 95
-0.585750 0.019237 -0.491036 0.966960 -0.166253 -0.193258 250 106 102
-0.367417 0.014502 0.057581 0.154861 -0.049473 0.986697 147 121 253
0.225899 -0.122078 0.365346 -0.260207 0.561740 0.785328 94 199 227
0.478441 0.023986 -0.268349 -0.955300 0.029842 -0.294127 5 131 89
0.250455 -0.261113 -0.889188 -0.028353 0.998995 -0.034707 123 254 123
0.312349 0.175785 -1.005311 0.024618 -0.563757 0.825574 130 55 232
0.396057 0.133455 0.688760 0.036277 -0.458299 -0.888058 132 69 14
0.095931 0.023834 -1.060778 0.066158 -0.172676 0.982754 135 105 252
-0.120002 0.223452 -0.755739 -0.196925 -0.750933 -0.630333 102 31 47
0.516364 0.066169 0.702105 0.007575 0.029582 -0.999534 128 131 0
0.405350 -0.172510 -0.956305 -0.430037 0.504829 0.748476 72 191 222
-0.308417 0.256685 0.204104 0.134808 -0.788432 0.600168 144 26 204
-0.341239 -0.249722 0.489727 0.478671 0.820085 -0.313584 188 232 87
0.706965 -0.052284 0.699200 -0.008797 0.052045 -0.998606 126 134 0
-0.133337 0.052729 0.075009 0.041302 -0.192273 0.980472 132 102 252
0.414242 -0.244379 0.494112 -0.126541 0.649068 0.750132 111 210 223
-0.289697 -0.210889 -0.628497 -0.297830 0.829865 -0.471828 89 233 67
0.160651 0.254270 -0.911420 0.011179 -0.930719 0.365564 128 8 174
0.521756 -0.065124 -0.789360 -0.997789 -0.065637 0.010465 0 119 128
0.370123 -0.227596 -0.703254 0.168914 0.984721 -0.042350 149 253 122
0.158986 0.170320 0.255112 -0.793883 -0.603237 0.076517 26 50 137
0.518841 -0.007595 -0.706455 -0.997789 -0.065637 0.010465 0 119 128
0.720599 -0.131793 0.680210 0.017580 0.468175 -0.883461 129 187 14
0.488790 -0.169120 -0.789397 -0.602676 0.750450 0.271307 50 223 162
0.415365 -0.142592 -0.220704 -0.940050 0.300511 -0.161243 7 165 106
0.198396 -0.160251 -0.734004 -0.028322 0.208807 -0.977547 123 154 2
0.446012 0.188689 0.646327 0.005013 -0.682509 -0.730860 128 40 34
0.655022 0.004243 0.702604 -0.008797 0.052045 -0.998606 126 134 0
-0.158260 -0.313731 0.490425 0.087764 0.920958 -0.379649 138 244 79
-0.156737 -0.212259 -0.945103 0.254303 0.657411 0.709324 159 211 217
0.623231 0.189563 0.647016 0.006760 -0.645757 -0.763513 128 45 30
-0.354481 -0.276965 0.262240 0.410820 0.892270 0.187300 179 241 151
-0.442485 0.205363 0.202273 0.735872 -0.659881 0.151822 221 43 146
-0.113431 0.128702 -0.699760 -0.371318 -0.453624 -0.810153 80 69 24
0.391343 -0.107412 -0.036566 -0.778893 0.523240 -0.345753 28 194 83
0.149981 0.186453 0.232309 -0.545933 -0.694198 -0.469091 57 38 67
0.404006 0.047650 -1.040555 -0.470241 -0.070022 0.879756 67 118 239
0.195293 0.244478 0.462547 -0.101141 -0.723762 0.682597 114 35 214
-0.092447 -0.189992 -0.988789 0.254303 0.657411 0.709324 159 211 217
0.123509 -0.227343 -0.975901 0.020801 0.471972 0.881368 130 187 239
0.873923 0.046667 0.550356 -0.998904 0.004706 -0.046571 0 128 121
-0.590162 0.022647 -0.549169 0.989257 0.139533 -0.043608 253 145 121
-0.279954 0.306790 0.359897 0.455393 -0.890042 -0.021030 185 14 124
0.377026 -0.217242 -0.927427 -0.660273 0.711630 0.240044 43 218 158
0.259854 -0.099678 0.205946 -0.808436 0.250074 -0.532817 24 159 59
0.475720 -0.160177 -0.843168 -0.602676 0.750450 0.271307 50 223 162
0.011654 -0.245538 -0.953817 0.030432 0.917977 0.395464 131 244 177
0.294286 -0.054841 0.174747 -0.808436 0.250074 -0.532817 24 159 59
0.012709 0.166650 -0.757225 0.025247 -0.495723 -0.868114 130 64 16
0.431580 0.214523 -0.599209 -0.613617 -0.788823 -0.035111 49 26 123
0.324362 -0.182384 -0.630810 0.889317 0.453086 0.061874 240 185 135
-0.393764 0.235577 0.391567 0.554222 -0.793586 -0.251117 198 26 95
0.131747 0.018812 -0.033724 0.857335 -0.148751 0.492799 236 108 190
0.418759 -0.111458 -0.983779 -0.478509 0.368470 0.797031 66 174 229
-0.170612 -0.260596 -0.812911 -0.100504 0.963345 -0.248728 114 250 95
-0.295027 -0.230462 0.558476 0.300624 0.715529 -0.630590 165 218 47
-0.471770 0.124856 0.409590 0.890129 -0.338677 -0.304908 240 84 88
0.302802 -0.150341 -0.512506 0.723251 0.685999 -0.079458 219 214 117
-0.495925 -0.136476 0.382861 0.872002 0.374339 -0.315408 238 175 87
0.318893 0.238083 0.603284 0.006760 -0.645757 -0.763513 128 45 30
-0.074197 0.105808 0.683818 0.036277 -0.458299 -0.888058 132 69 14
0.492163 0.183074 0.437324 -0.111069 -0.559776 0.821167 113 56 232
0.403556 0.223041 -0.566046 -0.206517 -0.972188 -0.110459 101 3 113
0.382704 0.022907 -1.053911 -0.470241 -0.070022 0.879756 67 118 239
0.276051 0.254839 -0.883494 -0.255363 -0.959524 0.118756 94 5 142
0.368500 0.140340 -0.032402 -0.704038 -0.679687 -0.205806 37 40 101
-0.309007 0.213747 -0.648167 -0.416361 -0.789447 -0.451018 74 26 69
0.522549 -0.049700 -0.617001 -0.997789 -0.065637 0.010465 0 119 128
0.458363 -0.036675 0.702204 -0.008797 0.052045 -0.998606 126 134 0
0.352602 0.207710 -0.358950 0.557075 -0.824982 0.095248 198 22 139
0.714167 -0.151918 0.669417 0.017580 0.468175 -0.883461 129 187 14
0.539473 -0.199659 0.478894 -0.123243 0.398163 0.908998 111 178 243
-0.173813 -0.073966 0.701639 0.011677 0.525042 -0.850996 128 194 18
-0.032707 -0.118119 -0.713579 -0.324252 0.262300 -0.908878 86 160 11
-0.403767 0.186859 0.144927 0.247633 -0.642798 0.724906 159 45 219
0.148919 -0.183523 0.321305 -0.835460 0.543522 0.081176 20 196 137
0.026147 -0.276541 0.564159 -0.016959 0.558802 -0.829128 125 198 21
0.849901 -0.131291 0.561992 -0.965441 0.258708 -0.031537 4 160 123
0.637239 -0.220344 0.518855 -0.175678 0.794156 0.581767 105 228 201
0.274976 0.220244 -0.974585 -0.009702 -0.473787 0.880586 126 67 239
-0.584495 0.087936 -0.569158 0.956039 -0.279262 -0.089459 249 91 116
-0.450803 0.161718 0.429855 0.890129 -0.338677 -0.304908 240 84 88
-0.283722 0.305431 0.378415 0.386713 -0.922076 0.015131 176 9 129
0.295614 -0.061274 0.702355 -0.008797 0.052045 -0.998606 126 134 0
-0.094671 0.063368 -1.036598 0.308825 -0.209293 0.927806 166 100 245
0.285425 0.090271 0.167986 -0.792725 -0.282354 -0.540243 26 91 58
0.511694 -0.101155 -0.693761 -0.968367 0.248137 -0.026315 4 159 124
0.508278 0.234537 0.600457 -0.087175 -0.895052 -0.437359 116 13 71
-0.419209 -0.180563 0.150336 0.347148 0.618357 0.705069 171 206 217
-0.563605 0.147060 -0.530473 0.956039 -0.279262 -0.089459 249 91 116
0.437420 -0.023478 0.703076 -0.008797 0.052045 -0.998606 126 134 0
-0.257742 -0.070962 0.700359 0.413731 0.471918 -0.778537 180 187 28
0.228733 0.224472 0.613998 0.006760 -0.645757 -0.763513 128 45 30
0.256152 -0.009526 -0.541884 0.997376 -0.020535 0.069427 254 124 136
0.263016 0.067526 -0.473188 0.962329 -0.270068 -0.031418 250 93 123
0.266597 0.098627 -0.404181 0.887047 -0.334352 0.318365 240 84 168
0.452582 -0.201419 -0.699123 -0.653200 0.756951 -0.018857 44 224 125
0.416113 0.054365 -0.041263 -0.896750 -0.295167 -0.329723 13 89 85
-0.540161 -0.152316 -0.395349 0.877861 0.164968 -0.449606 239 148 70
-0.469921 0.182996 -0.459436 -0.539064 -0.569923 -0.620160 58 54 48
-0.204606 -0.269680 0.550820 0.217104 0.728989 -0.649185 155 220 44
0.464056 -0.139096 -0.378973 -0.805340 0.475921 -0.353451 24 188 82
-0.464227 -0.214596 -0.574091 0.051700 0.971068 -0.233139 134 251 97
0.335778 0.211162 -0.155051 -0.482261 -0.875437 -0.032158 66 15 123
-0.436109 -0.050057 0.561728 0.796599 -0.044220 -0.602888 229 121 50
0.487674 0.238943 0.595548 -0.087175 -0.895052 -0.437359 116 13 71
0.280258 0.141491 0.120845 -0.667778 -0.604069 -0.434941 42 50 72
-0.168663 -0.142152 -0.659186 -0.583793 0.269114 -0.766005 53 161 29
0.291705 0.077135 -1.058541 0.034890 -0.285453 0.957757 131 91 249
0.178380 -0.221753 0.161053 -0.376062 0.918169 -0.124671 79 244 111
-0.374548 0.052431 -0.927122 0.433314 -0.310199 0.846177 182 87 235
0.032272 0.078504 -1.046886 0.066158 -0.172676 0.982754 135 105 252
0.481789 0.168660 0.426095 -0.111069 -0.559776 0.821167 113 56 232
0.453556 0.119518 0.390442 -0.101714 -0.511874 0.853018 114 62 236
0.156633 -0.059808 -0.043436 0.718824 0.227448 0.656932 219 156 211
0.268703 -0.080361 -0.519842 0.979569 0.200644 -0.013687 252 153 125
0.222864 -0.037489 0.297462 -0.989029 0.040569 -0.142042 1 132 109
0.294973 0.214866 -0.738548 0.409759 -0.876294 -0.253389 179 15 95
-0.455286 0.230456 -0.583072 0.147758 -0.969939 -0.193353 146 3 102
-0.327591 0.155933 -0.566464 -0.609653 -0.508461 -0.608104 49 62 49
-0.496122 -0.036384 0.443319 0.933066 -0.032221 -0.358260 246 123 81
-0.292323 -0.211241 -0.885431 0.234676 0.843361 0.483394 157 235 189
-0.419298 -0.251125 0.317401 0.698307 0.661406 -0.273695 216 211 92
-0.108823 0.036885 0.704995 0.000333 -0.294430 -0.955673 127 89 5
-0.070724 -0.064780 -0.689738 -0.514091 -0.033312 -0.857088 61 123 18
0.100226 0.154224 -1.013709 0.024618 -0.563757 0.825574 130 55 232
0.538134 -0.000082 0.393028 -0.206361 -0.030820 0.977990 101 123 252
-0.394877 0.182624 0.138135 0.247633 -0.642798 0.724906 159 45 219
0.299379 0.088119 0.147592 -0.838024 -0.184662 -0.513435 20 103 62
0.495579 -0.138486 -0.823154 -0.862507 0.403972 0.304776 17 179 166
0.201047 0.016633 -0.227825 0.941530 0.108501 0.318981 247 141 168
-0.512801 0.103836 -0.807332 0.763172 -0.316350 0.563463 224 87 199
-0.124296 0.112727 0.089075 -0.037414 -0.300091 0.953176 122 89 249
0.518437 0.007103 -0.652841 -0.997789 -0.065637 0.010465 0 119 128
0.734937 -0.060707 0.698515 -0.008797 0.052045 -0.998606 126 134 0
0.389640 0.226956 0.472764 -0.101141 -0.723762 0.682597 114 35 214
-0.232992 0.223269 0.599202 0.195709 -0.815663 -0.544418 152 23 58
0.278800 0.035647 0.340800 -0.190944 0.043192 0.980650 103 133 252
0.278321 -0.129658 0.153524 -0.583011 0.613471 -0.532684 53 205 59
0.033237 -0.170664 0.645933 0.017580 0.468175 -0.883461 129 187 14
0.220118 0.033529 -0.303860 0.975218 0.103012 0.195805 251 140 152
0.235492 0.067589 -0.350111 0.887047 -0.334352 0.318365 240 84 168
-0.049006 0.078673 0.081309 -0.037414 -0.300091 0.953176 122 89 249
0.272277 0.053442 0.204299 -0.838024 -0.184662 -0.513435 20 103 62
-0.467974 0.179954 0.267664 0.841239 -0.540457 -0.014925 234 58 125
-0.542228 0.065091 -0.754967 0.972409 -0.168200 0.161648 251 106 148
-0.506379 -0.210030 -0.564425 0.612863 0.753012 -0.239526 205 223 96
0.193158 0.107698 -0.733800 0.735551 -0.125977 -0.665654 221 111 42
0.359429 0.265787 0.511651 -0.083334 -0.986221 0.142913 116 1 145
0.473841 -0.053570 0.397433 -0.213896 0.413606 0.884974 100 180 240
0.445725 -0.000795 -0.144706 -0.945241 0.267323 -0.187236 6 161 103
0.501868 0.112955 -0.453687 -0.939202 -0.343348 0.003385 7 83 127
-0.282801 0.134489 -0.944023 0.433314 -0.310199 0.846177 182 87 235
0.264819 0.073037 -0.465317 0.962329 -0.270068 -0.031418 250 93 123
0.340261 0.107893 0.369957 -0.101714 -0.511874 0.853018 114 62 236
0.493496 0.133370 -0.450539 -0.769427 -0.634225 -0.075775 29 46 117
0.277775 -0.214102 -0.049546 0.004431 0.998158 0.060510 128 254 135
-0.525680 -0.129591 -0.718451 0.891123 0.293443 0.346109 241 164 171
0.471530 -0.145089 0.439647 -0.213896 0.413606 0.884974 100 180 240
-0.525972 -0.036007 0.324272 0.976624 -0.161392 -0.141978 252 106 109
-0.450639 -0.150376 0.144605 0.644388 0.609305 0.462073 209 205 186
-0.450177 0.162924 -0.458152 -0.539064 -0.569923 -0.620160 58 54 48
0.390011 0.078597 0.701515 0.007575 0.029582 -0.999534 128 131 0
-0.302659 0.183828 -0.894580 0.442041 -0.543852 0.713319 183 58 218
-0.547859 -0.024875 -0.369206 0.863899 0.028849 -0.502839 237 131 63
0.215813 -0.168419 0.650756 0.017580 0.468175 -0.883461 129 187 14
-0.073923 -0.323625 0.431164 -0.253145 0.967399 -0.007506 95 250 126
0.377695 0.133152 0.688166 0.036277 -0.458299 -0.888058 132 69 14
0.082744 -0.264909 -0.861446 -0.028353 0.998995 -0.034707 123 254 123
0.286051 0.230449 -0.772623 0.204503 -0.820540 -0.533754 153 22 59
-0.381353 -0.218942 -0.584803 -0.297830 0.829865 -0.471828 89 233 67
0.494708 0.151608 0.681289 0.005013 -0.682509 -0.730860 128 40 34
0.397218 -0.176191 -0.270236 -0.675481 0.707325 -0.208366 41 217 100
-0.151597 0.132215 -0.683241 -0.425989 -0.451589 -0.783965 73 69 27
-0.184787 -0.064238 -1.022622 0.328795 0.188941 0.925308 169 151 245
0.354257 0.187694 -0.140109 -0.704619 -0.679350 -0.204926 37 40 101
-0.029314 -0.041553 -1.058469 0.005603 0.295544 0.955313 128 165 249
-0.499540 -0.144061 -0.408702 -0.852906 0.328276 -0.405938 18 169 75
0.318082 -0.217295 0.598117 -0.016959 0.558802 -0.829128 125 198 21
0.259256 -0.244046 -0.798202 -0.015388 0.680313 -0.732760 125 214 34
0.248846 0.120425 0.198329 -0.667778 -0.604069 -0.434941 42 50 72
0.098803 0.287291 0.557103 0.047593 -0.749211 -0.660620 133 31 43
-0.117863 0.012966 -1.040248 0.308825 -0.209293 0.927806 166 100 245
-0.347913 0.278046 0.350159 0.386713 -0.922076 0.015131 176 9 129
-0.496867 -0.130829 -0.791586 0.891123 0.293443 0.346109 241 164 171
0.080974 0.055928 -0.715147 -0.063181 -0.257698 -0.964158 119 94 4
0.220164 -0.158522 0.656087 0.017580 0.468175 -0.883461 129 187 14
-0.040623 -0.200590 -0.988107 0.009021 0.499993 0.865982 128 191 237
0.457117 0.094381 -0.935969 -0.905106 -0.165334 0.391725 12 106 177
-0.305624 -0.299293 0.261448 0.410820 0.892270 0.187300 179 241 151
-0.354865 -0.059593 0.653245 0.451450 0.483454 -0.749977 185 189 31
0.386974 0.158116 -0.154550 -0.704619 -0.679350 -0.204926 37 40 101
0.518527 -0.073499 -0.839144 -0.876889 0.152487 0.455866 15 146 185
-0.295461 0.090398 0.068867 -0.137932 -0.483884 0.864194 109 65 237
-0.071097 0.182781 0.644221 0.036277 -0.458299 -0.888058 132 69 14
-0.072091 -0.171958 0.643152 0.017580 0.468175 -0.883461 129 187 14
0.373439 -0.127145 -0.026095 -0.778893 0.523240 -0.345753 28 194 83
-0.446485 -0.218004 0.285360 0.787006 0.616221 0.029878 227 206 131
-0.127780 -0.065454 -0.663399 -0.583793 0.269114 -0.766005 53 161 29
0.385064 -0.123137 -0.046219 -0.778893 0.523240 -0.345753 28 194 83
-0.001219 0.125045 -1.030609 0.024618 -0.563757 0.825574 130 55 232
-0.356426 0.142890 0.096575 0.189659 -0.545106 0.816633 151 57 231
0.516092 0.027721 -0.747069 -0.997789 -0.065637 0.010465 0 119 128
0.787970 -0.110074 0.496000 -0.421985 0.279186 0.862545 73 163 237
0.112379 -0.034047 -1.061622 0.005603 0.295544 0.955313 128 165 249
0.458505 0.134743 -0.356723 -0.830057 -0.443506 -0.338095 21 70 84
-0.449903 0.104902 0.109377 0.592037 -0.274454 0.757739 202 92 224
0.200152 -0.198027 0.622680 0.020942 0.848298 -0.529105 130 235 60
0.269080 0.099472 -0.562032 0.962329 -0.270068 -0.031418 250 93 123
0.427239 -0.173237 -0.919766 -0.660273 0.711630 0.240044 43 218 158
0.501833 0.198752 0.638169 0.006760 -0.645757 -0.763513 128 45 30
0.383120 0.111646 0.377320 -0.101714 -0.511874 0.853018 114 62 236
0.330516 -0.256318 0.526706 -0.082193 0.176792 -0.980810 117 150 2
-0.429987 0.060234 0.560556 0.817078 -0.072759 -0.571917 231 118 54
0.041739 0.178773 0.084697 0.241398 -0.655812 0.715289 158 43 218
0.504395 -0.047193 -0.867594 -0.922057 -0.099931 0.373932 9 114 175
0.220368 0.049257 -0.313382 0.975218 0.103012 0.195805 251 140 152
-0.512129 -0.003887 0.133089 0.939958 0.202633 0.274627 247 153 162
0.233548 -0.266279 0.546963 -0.060276 0.977872 0.200333 119 252 153
0.340747 0.237897 -0.879732 -0.262350 -0.932620 0.247775 94 8 159
-0.513753 -0.068967 0.389680 0.963233 -0.047511 -0.264433 250 121 93
0.033081 0.220404 0.151400 -0.315953 -0.782673 0.536280 87 27 195
-0.267332 0.080383 0.689049 0.036277 -0.458299 -0.888058 132 69 14
-0.462973 0.186564 0.219869 0.735872 -0.659881 0.151822 221 43 146
-0.416429 0.139439 -0.465905 -0.539064 -0.569923 -0.620160 58 54 48
0.266804 -0.007638 0.227319 -0.805722 0.145694 -0.574095 24 146 54
0.070191 -0.262453 0.318426 -0.519583 0.847162 0.111135 61 235 141
0.191352 -0.058889 0.703398 -0.008797 0.052045 -0.998606 126 134 0
-0.273404 -0.233887 0.564899 0.300624 0.715529 -0.630590 165 218 47
0.473927 -0.232120 0.584938 -0.016959 0.558802 -0.829128 125 198 21
-0.512323 -0.108730 0.282068 0.968821 0.247758 0.001672 251 159 127
-0.079457 -0.050676 -1.055090 0.012299 0.324492 0.945808 129 168 248
-0.502820 0.021269 0.406676 0.972896 -0.162643 -0.164379 251 106 106
0.335598 0.152213 0.015530 -0.757650 -0.516816 -0.398581 30 61 76
-0.341510 0.215460 -0.846386 0.442041 -0.543852 0.713319 183 58 218
0.508688 -0.098338 -0.519151 -0.956748 0.290255 -0.019605 5 164 125
0.383179 -0.029079 0.044330 -0.858945 0.006099 -0.512032 17 128 62
-0.578864 -0.050946 -0.528343 0.989257 0.139533 -0.043608 253 145 121
-0.331899 -0.130550 -0.538511 -0.532435 0.470025 -0.703981 59 187 37
0.273963 0.244915 0.597108 0.006760 -0.645757 -0.763513 128 45 30
-0.118232 -0.127816 0.092452 0.073370 0.400866 0.913194 136 178 243
-0.033145 0.230801 0.606326 0.006760 -0.645757 -0.763513 128 45 30
-0.300678 0.212738 -0.654089 -0.416361 -0.789447 -0.451018 74 26 69
0.338445 -0.039280 0.703124 -0.008797 0.052045 -0.998606 126 134 0
0.512479 -0.120794 0.438190 -0.213896 0.413606 0.884974 100 180 240
-0.094688 0.093358 0.689405 0.036277 -0.458299 -0.888058 132 69 14
-0.117168 0.062629 -0.676800 -0.399565 -0.127399 -0.907809 76 111 11
-0.386122 -0.172402 -0.850941 0.482312 0.517504 0.706799 188 193 217
-0.026575 -0.191353 -0.759719 0.045541 0.487402 -0.871989 133 189 16
-0.422958 0.249360 -0.694394 0.222890 -0.974340 -0.031341 155 3 123
-0.237927 -0.244470 0.180175 0.037082 0.796556 0.603427 132 229 204
0.140831 -0.046351 -1.057982 0.005603 0.295544 0.955313 128 165 249
0.047000 -0.098078 0.062797 0.177094 0.291592 0.940006 150 164 247
0.359460 0.023010 -1.066327 -0.470241 -0.070022 0.879756 67 118 239
0.358709 -0.209831 -0.517241 0.723251 0.685999 -0.079458 219 214 117
0.043550 -0.169739 0.085676 0.177094 0.291592 0.940006 150 164 247
0.195702 -0.197284 0.409810 -0.568607 0.686997 0.452461 55 215 185
0.285355 -0.145888 -1.023340 0.020801 0.471972 0.881368 130 187 239
0.428323 -0.157443 -0.953268 -0.430037 0.504829 0.748476 72 191 222
0.351305 0.006540 0.706023 -0.016541 0.128095 -0.991624 125 143 1
0.707242 -0.164557 0.662582 0.017580 0.468175 -0.883461 129 187 14
0.281638 -0.208221 -0.000198 -0.217098 0.947841 -0.233380 99 248 97
-0.123813 -0.256915 0.189591 0.037082 0.796556 0.603427 132 229 204
0.523310 -0.049175 -0.541153 -0.997789 -0.065637 0.010465 0 119 128
-0.540697 0.183212 -0.537294 0.613263 -0.783377 -0.101140 205 27 114
0.723623 -0.107607 0.469175 -0.242757 0.405036 0.881485 96 179 239
-0.201207 0.007059 -1.013455 0.325768 -0.228213 0.917493 169 98 244
-0.403518 -0.150893 0.555849 0.694878 0.486814 -0.529298 216 189 60
0.464011 0.184786 -0.581483 -0.769427 -0.634225 -0.075775 29 46 117
0.225520 -0.014086 -0.305717 0.975218 0.103012 0.195805 251 140 152
0.306442 -0.028946 0.703945 -0.008797 0.052045 -0.998606 126 134 0
0.405846 0.186544 -0.368931 -0.475058 -0.868012 -0.144481 66 16 109
0.061231 0.306786 0.530793 -0.240694 -0.944314 0.224360 96 7 156
0.369009 -0.242855 -0.776484 -0.064863 0.956928 -0.282988 119 249 91
-0.271548 0.202774 0.134702 -0.078855 -0.595243 0.799667 117 51 229
0.860923 -0.087541 0.583469 -0.965441 0.258708 -0.031537 4 160 123
0.617365 0.038624 0.704713 0.000333 -0.294430 -0.955673 127 89 5
0.225348 -0.055732 -0.693101 0.740193 0.343316 -0.578143 221 171 53
-0.332530 0.275548 0.400394 0.554222 -0.793586 -0.251117 198 26 95
0.182731 -0.142408 -0.729739 -0.028322 0.208807 -0.977547 123 154 2
0.461352 0.012980 -0.203927 -0.945241 0.267323 -0.187236 6 161 103
0.475522 -0.047113 -0.930693 -0.876889 0.152487 0.455866 15 146 185
0.831313 -0.173968 0.569168 -0.738148 0.432997 0.517350 33 182 193
-0.391927 0.232269 -0.779761 0.495882 -0.731949 0.467281 190 34 187
0.220409 -0.038769 -0.689352 0.740193 0.343316 -0.578143 221 171 53
-0.016885 0.181605 0.647042 0.036277 -0.458299 -0.888058 132 69 14
0.104734 0.024898 -1.061183 0.066158 -0.172676 0.982754 135 105 252
0.722676 -0.023851 0.436148 -0.421985 0.279186 0.862545 73 163 237
-0.034118 0.165245 0.109149 -0.037414 -0.300091 0.953176 122 89 249
-0.130558 0.255197 -0.879911 -0.121932 -0.989976 -0.071272 111 1 118
0.309197 0.212772 0.445806 -0.101141 -0.723762 0.682597 114 35 214
0.442812 0.155559 -0.345500 -0.830057 -0.443506 -0.338095 21 70 84
-0.182545 0.284296 0.525905 0.195709 -0.815663 -0.544418 152 23 58
-0.320306 0.026254 -0.964495 0.433314 -0.310199 0.846177 182 87 235
-0.189170 0.341487 0.401795 0.216982 -0.967263 -0.131611 155 4 110
0.780246 0.212144 0.547397 -0.539320 -0.742860 0.396601 58 32 178
-0.183242 0.146688 -0.674383 -0.425989 -0.451589 -0.783965 73 69 27
-0.067834 0.154729 -1.013046 0.236022 -0.470237 0.850394 157 67 235
-0.082482 0.080311 0.696637 0.036277 -0.458299 -0.888058 132 69 14
0.220915 0.182337 -0.998110 0.024618 -0.563757 0.825574 130 55 232
0.436074 0.045529 0.372930 -0.206361 -0.030820 0.977990 101 123 252
0.255024 -0.061307 -1.054025 0.005603 0.295544 0.955313 128 165 249
-0.341976 0.196230 0.592077 0.304376 -0.274468 -0.912153 166 92 11
0.278448 0.217093 -0.060575 0.021033 -0.997218 0.071515 130 0 136
-0.432622 -0.234176 0.324366 0.698307 0.661406 -0.273695 216 211 92
-0.151059 0.152054 0.656812 0.036277 -0.458299 -0.888058 132 69 14
-0.348137 -0.283820 0.280981 0.410820 0.892270 0.187300 179 241 151
0.204022 0.165292 0.360213 -0.415723 -0.638556 0.647627 74 46 210
-0.409036 -0.213189 -0.805442 0.482312 0.517504 0.706799 188 193 217
-0.026749 0.094352 -0.718357 -0.063181 -0.257698 -0.964158 119 94 4
0.471850 -0.143128 -0.884154 -0.862507 0.403972 0.304776 17 179 166
0.115911 0.175789 0.655469 0.036277 -0.458299 -0.888058 132 69 14
0.170709 0.042325 -0.141292 0.931778 -0.298417 0.206731 246 89 153
-0.024546 0.142702 0.666806 0.036277 -0.458299 -0.888058 132 69 14
-0.305731 -0.257063 -0.798977 0.234676 0.843361 0.483394 157 235 189
0.376230 -0.218235 -0.465983 -0.115040 0.990340 -0.077409 112 253 117
0.869793 -0.045746 0.629598 -0.998904 0.004706 -0.046571 0 128 121
-0.119241 -0.134760 -0.687510 -0.324252 0.262300 -0.908878 86 160 11
0.098480 0.247476 0.334456 -0.554269 -0.830197 0.059661 56 21 135
0.689768 0.219912 0.595404 -0.002627 -0.847051 -0.531505 127 19 59
-0.327989 0.243195 0.527746 0.571585 -0.797890 -0.191474 200 25 103
-0.297670 -0.161200 0.108336 -0.106246 0.462759 0.880094 113 186 239
0.508406 0.092818 -0.682032 -0.939202 -0.343348 0.003385 7 83 127
0.140291 0.283453 0.505783 -0.083334 -0.986221 0.142913 116 1 145
0.397450 0.189065 -0.356466 -0.475058 -0.868012 -0.144481 66 16 109
0.076546 0.022814 -0.711523 0.067988 0.006595 -0.997664 136 128 0
-0.453680 -0.031434 -0.375306 -0.578287 0.482395 -0.657936 53 189 43
-0.038939 0.232529 0.153397 0.000068 -0.802414 0.596767 127 25 203
-0.215126 -0.059288 0.706968 -0.016541 0.128095 -0.991624 125 143 1
-0.318402 0.253147 -0.777658 0.147451 -0.947782 0.282786 146 6 163
0.335634 -0.188375 -0.418209 0.708285 0.653889 0.266010 217 210 161
-0.379422 -0.241823 -0.686968 0.122889 0.989704 -0.073373 143 253 118
0.036217 0.175602 0.652309 0.036277 -0.458299 -0.888058 132 69 14
-0.465107 -0.048601 0.516429 0.870240 0.203671 -0.448554 238 153 70
-0.526481 0.016230 -0.332264 -0.070553 -0.008368 -0.997473 118 126 0
0.188315 0.010216 -0.188061 0.941530 0.108501 0.318981 247 141 168
0.164039 -0.071263 -0.714000 -0.028322 0.208807 -0.977547 123 154 2
0.222657 0.171728 -0.144278 0.657649 -0.726208 0.200301 211 34 153
0.142681 -0.212743 0.080652 0.321837 0.703090 0.634102 168 217 208
0.340412 -0.123758 -1.025129 -0.478509 0.368470 0.797031 66 174 229
0.374261 0.260959 0.573099 -0.087175 -0.895052 -0.437359 116 13 71
-0.231353 0.252519 0.555969 0.195709 -0.815663 -0.544418 152 23 58
-0.202769 0.252315 -0.866976 0.194366 -0.948013 0.251978 152 6 159
-0.548312 -0.160291 -0.429814 0.967944 0.215731 -0.128630 250 155 111
-0.106396 0.205092 -0.746512 -0.380109 -0.462784 -0.800842 79 68 25
0.022941 0.045396 0.702419 0.000333 -0.294430 -0.955673 127 89 5
0.475736 0.162569 -0.514579 -0.769427 -0.634225 -0.075775 29 46 117
0.203746 0.149951 -0.136346 0.938693 -0.281138 0.199544 247 91 152
-0.095361 0.137979 -1.014668 0.236022 -0.470237 0.850394 157 67 235
0.498801 0.071253 -0.849415 -0.905106 -0.165334 0.391725 12 106 177
-0.171840 0.154090 -0.984533 0.236022 -0.470237 0.850394 157 67 235
0.163917 0.085674 -0.728532 -0.063181 -0.257698 -0.964158 119 94 4
0.425973 -0.011664 0.371540 -0.190944 0.043192 0.980650 103 133 252
-0.253297 -0.317168 0.404491 0.166318 0.969833 -0.178222 148 251 104
-0.143444 0.319801 0.304294 -0.056397 -0.931984 0.358086 120 8 173
-0.569934 -0.083702 -0.619645 0.985640 0.147848 0.081575 253 146 137
0.148544 -0.262668 -0.850686 -0.028353 0.998995 -0.034707 123 254 123
0.180809 0.243194 -0.934166 -0.010726 -0.902555 0.430441 126 12 182
-0.462750 0.023148 0.517110 0.914453 -0.081983 -0.396301 244 117 76
-0.374488 -0.244554 0.439337 0.573640 0.775379 -0.264053 200 226 93
0.028233 -0.199363 -0.989533 0.009021 0.499993 0.865982 128 191 237
-0.270377 0.170648 -0.924633 0.442041 -0.543852 0.713319 183 58 218
-0.443673 0.100350 0.529739 0.766629 -0.431213 -0.475746 225 72 66
0.363848 0.232655 -0.873945 -0.255363 -0.959524 0.118756 94 5 142
0.322779 0.102208 -1.052200 0.034890 -0.285453 0.957757 131 91 249
0.102993 -0.199266 -0.757375 0.045541 0.487402 -0.871989 133 189 16
0.505676 0.102327 -0.475061 -0.939202 -0.343348 0.003385 7 83 127
-0.308021 -0.314865 0.365952 0.166318 0.969833 -0.178222 148 251 104
0.487477 0.231037 0.610736 0.006760 -0.645757 -0.763513 128 45 30
0.602499 0.193026 0.643904 0.006760 -0.645757 -0.763513 128 45 30
0.373900 -0.173523 0.651197 0.017580 0.468175 -0.883461 129 187 14
-0.428869 0.174961 0.479180 0.890129 -0.338677 -0.304908 240 84 88
0.055219 -0.175421 0.643850 0.017580 0.468175 -0.883461 129 187 14
-0.301339 -0.259910 0.522052 0.300624 0.715529 -0.630590 165 218 47
-0.245339 0.324244 0.370778 0.455393 -0.890042 -0.021030 185 14 124
0.132306 0.245038 -0.825541 -0.003231 -0.957249 -0.289247 127 5 90
-0.428850 -0.040137 0.570591 0.796599 -0.044220 -0.602888 229 121 50
-0.048825 0.305348 0.525989 0.047593 -0.749211 -0.660620 133 31 43
-0.417604 -0.162976 0.526242 0.694878 0.486814 -0.529298 216 189 60
0.496883 0.129469 -0.552511 -0.966397 -0.256907 -0.008684 4 94 126
0.470382 0.004903 -0.254188 -0.762590 0.414588 -0.496562 30 180 64
0.481605 0.052083 -0.897239 -0.905106 -0.165334 0.391725 12 106 177
-0.171110 -0.201173 0.133557 -0.024984 0.625721 0.779646 124 207 226
0.370351 0.216060 -0.502071 0.283320 -0.957634 -0.051647 163 5 120
0.362473 -0.221152 -0.583911 0.168914 0.984721 -0.042350 149 253 122
-0.390918 -0.238876 -0.666469 0.122889 0.989704 -0.073373 143 253 118
0.092278 -0.244831 0.287355 -0.519583 0.847162 0.111135 61 235 141
0.312364 0.144761 0.069674 -0.759108 -0.517402 -0.395033 30 61 77
0.411511 0.041121 -1.037064 -0.470241 -0.070022 0.879756 67 118 239
0.650640 0.236287 0.514385 -0.170974 -0.906405 0.386262 105 11 176
0.315658 0.181289 -0.372121 0.414446 -0.881486 0.226313 180 15 156
-0.152555 -0.262038 -0.825792 -0.100504 0.963345 -0.248728 114 250 95
0.207990 0.213585 0.114940 -0.104959 -0.990785 0.085605 114 1 138
0.369419 0.026753 -1.060706 -0.470241 -0.070022 0.879756 67 118 239
-0.253326 0.302751 0.474039 0.138736 -0.825431 -0.547190 145 22 57
-0.212803 -0.304514 0.272142 -0.049644 0.922417 0.382991 121 245 176
0.521513 -0.057872 -0.767016 -0.997789 -0.065637 0.010465 0 119 128
-0.340124 0.252984 0.454939 0.554222 -0.793586 -0.251117 198 26 95
0.509055 0.006659 -0.371239 -0.963168 0.030245 -0.267194 4 131 93
0.311624 0.212464 0.445839 -0.101141 -0.723762 0.682597 114 35 214
-0.107804 -0.218527 0.605998 -0.016959 0.558802 -0.829128 125 198 21
-0.466547 -0.050671 -0.880910 0.487098 0.111350 0.866219 189 141 237
0.404859 -0.238586 0.581993 -0.016959 0.558802 -0.829128 125 198 21
-0.158577 -0.017416 0.074620 -0.036917 0.142496 0.989107 122 145 253
0.234679 -0.163142 -0.119793 0.706018 0.647738 0.286311 217 210 164
-0.255125 -0.295184 0.248178 0.037082 0.796556 0.603427 132 229 204
0.373278 -0.143592 -0.059463 -0.774426 0.625102 -0.097529 28 207 115
-0.286239 -0.156030 0.106998 -0.106246 0.462759 0.880094 113 186 239
0.148885 0.072548 0.699508 0.007575 0.029582 -0.999534 128 131 0
0.744357 0.220361 0.533944 -0.318551 -0.765839 0.558583 86 29 198
-0.212983 0.338004 0.342617 0.147038 -0.929066 0.339436 146 9 170
0.627629 -0.006057 0.702308 -0.008797 0.052045 -0.998606 126 134 0
-0.530726 -0.015316 0.268047 0.976624 -0.161392 -0.141978 252 106 109
-0.181284 -0.199574 0.620275 -0.016959 0.558802 -0.829128 125 198 21
-0.430623 0.077993 0.557388 0.817078 -0.072759 -0.571917 231 118 54
0.448183 -0.050076 -0.239609 -0.940050 0.300511 -0.161243 7 165 106
0.113043 0.257187 -0.902538 0.011179 -0.930719 0.365564 128 8 174
-0.123318 0.169961 -0.718330 -0.371318 -0.453624 -0.810153 80 69 24
-0.402747 0.222926 0.177475 0.107970 -0.791929 0.600991 141 26 204
-0.287931 -0.314775 0.385191 0.166318 0.969833 -0.178222 148 251 104
0.243869 -0.223136 -0.778466 -0.015388 0.680313 -0.732760 125 214 34
0.215015 0.084324 0.293432 -0.922667 -0.169743 0.346226 9 105 171
-0.380985 -0.242645 -0.778225 0.264488 0.945444 0.190214 161 248 151
-0.408878 -0.161240 0.539295 0.694878 0.486814 -0.529298 216 189 60
-0.182111 0.234259 0.597009 0.047593 -0.749211 -0.660620 133 31 43
0.622084 0.185125 0.459936 -0.189525 -0.552903 0.811405 103 57 230
-0.301766 0.133483 0.636160 0.430982 -0.520199 -0.737324 182 61 33
0.532257 -0.159872 0.661582 0.017580 0.468175 -0.883461 129 187 14
0.267832 0.041676 0.215787 -0.838024 -0.184662 -0.513435 20 103 62
0.708280 -0.051438 0.699233 -0.008797 0.052045 -0.998606 126 134 0
-0.550834 -0.172931 -0.568472 0.774689 0.630004 0.054323 226 207 134
-0.153682 0.178267 0.117926 0.077412 -0.565419 0.821163 137 55 232
0.251227 -0.254356 -0.807605 -0.015388 0.680313 -0.732760 125 214 34
0.029063 -0.125482 -0.721671 -0.028322 0.208807 -0.977547 123 154 2
-0.362170 -0.161466 0.105504 0.347148 0.618357 0.705069 171 206 217
0.440213 -0.053205 -0.198974 -0.940050 0.300511 -0.161243 7 165 106
0.202250 0.045729 -0.712025 0.735551 -0.125977 -0.665654 221 111 42
0.460969 0.192914 -0.627349 -0.613617 -0.788823 -0.035111 49 26 123
-0.031912 -0.284206 0.246375 -0.049654 0.924251 0.378543 121 245 175
-0.498123 0.167514 -0.410302 -0.625058 -0.586796 -0.514756 47 52 61
0.686869 0.175026 0.470268 -0.264025 -0.539822 0.799301 93 58 229
0.190238 -0.227290 0.593996 -0.016959 0.558802 -0.829128 125 198 21
0.709442 0.142847 0.690944 0.005013 -0.682509 -0.730860 128 40 34
0.512509 -0.106303 -0.772289 -0.968367 0.248137 -0.026315 4 159 124
0.353992 0.217421 -0.617060 0.283320 -0.957634 -0.051647 163 5 120
-0.418020 -0.146768 -0.484205 -0.532435 0.470025 -0.703981 59 187 37
-0.335413 -0.023956 -0.957343 0.465765 0.135365 0.874494 186 144 238
0.455279 -0.035244 -0.253335 -0.940050 0.300511 -0.161243 7 165 106
0.147496 -0.221041 -0.979843 0.020801 0.471972 0.881368 130 187 239
-0.155016 -0.005464 0.073031 -0.036917 0.142496 0.989107 122 145 253
0.774390 -0.073031 0.697525 -0.008797 0.052045 -0.998606 126 134 0
0.016333 0.212791 -0.981445 -0.009702 -0.473787 0.880586 126 67 239
0.127066 -0.120852 0.676840 0.011677 0.525042 -0.850996 128 194 18
0.149626 0.101875 -0.731926 -0.063181 -0.257698 -0.964158 119 94 4
-0.158490 0.271855 0.553192 0.195709 -0.815663 -0.544418 152 23 58
-0.422161 0.088975 0.568080 0.817078 -0.072759 -0.571917 231 118 54
0.456906 0.264136 0.536358 -0.057394 -0.944912 0.322255 120 7 168
0.171330 -0.169331 0.010654 0.368486 0.769310 0.521900 174 225 194
-0.394686 -0.261715 0.277775 0.410820 0.892270 0.187300 179 241 151
0.350623 0.173221 -1.000427 -0.325302 -0.669428 0.667866 86 42 212
-0.056429 -0.061099 -1.051813 0.012299 0.324492 0.945808 129 168 248
-0.430209 -0.220536 -0.771349 0.672772 0.636699 0.376819 213 208 175
0.216577 0.209225 0.626786 0.006760 -0.645757 -0.763513 128 45 30
0.205928 0.017048 0.709805 -0.016541 0.128095 -0.991624 125 143 1
-0.307584 -0.304764 0.397153 0.478671 0.820085 -0.313584 188 232 87
0.170851 -0.254510 0.460855 -0.132113 0.687494 0.714071 110 215 218
0.435656 -0.095526 -0.251285 -0.940050 0.300511 -0.161243 7 165 106
0.052688 -0.272793 0.566142 -0.016959 0.558802 -0.829128 125 198 21
-0.190016 -0.307070 0.281251 -0.049644 0.922417 0.382991 121 245 176
0.405288 0.230153 -0.791181 -0.284880 -0.953979 0.093637 91 5 139
0.158561 0.013945 -1.066731 0.066158 -0.172676 0.982754 135 105 252
-0.344626 0.097921 -0.925769 0.433314 -0.310199 0.846177 182 87 235
-0.550410 0.172677 -0.514594 0.613263 -0.783377 -0.101140 205 27 114
-0.023654 -0.033387 -0.718723 0.067988 0.006595 -0.997664 136 128 0
0.483378 0.093544 0.384425 -0.206361 -0.030820 0.977990 101 123 252
0.127280 0.227896 0.181618 -0.104959 -0.990785 0.085605 114 1 138
-0.035770 -0.161010 0.102869 0.308584 0.649586 0.694848 166 210 216
0.244741 0.128427 0.370889 -0.101714 -0.511874 0.853018 114 62 236
0.059842 0.182587 -0.764955 0.025247 -0.495723 -0.868114 130 64 16
-0.166944 -0.266142 -0.835873 -0.100504 0.963345 -0.248728 114 250 95
-0.502684 -0.086866 0.167793 0.837758 0.303660 0.453819 234 166 185
0.376624 -0.217837 -0.926768 -0.660273 0.711630 0.240044 43 218 158
0.441821 0.053760 -0.156245 -0.944491 -0.254870 -0.207312 7 95 101
0.016672 -0.032657 -0.715970 0.067988 0.006595 -0.997664 136 128 0
0.143480 0.195969 0.637454 0.005013 -0.682509 -0.730860 128 40 34
-0.334680 -0.173425 -0.566672 -0.531117 0.491156 -0.690421 59 190 39
-0.195114 -0.253819 -0.768734 -0.102360 0.980679 -0.166708 114 252 106
-0.466981 0.004310 -0.356903 -0.720517 -0.141913 -0.678761 35 109 40
0.279856 -0.184100 -0.217109 0.833290 0.541072 0.113437 233 196 141
-0.275196 -0.193587 0.609772 0.300624 0.715529 -0.630590 165 218 47
0.447436 0.200136 -0.553093 -0.613617 -0.788823 -0.035111 49 26 123
0.401466 0.070718 -0.016067 -0.896750 -0.295167 -0.329723 13 89 85
0.202105 -0.144311 0.234471 -0.749914 0.501412 -0.431527 31 191 72
-0.008304 -0.142543 0.661599 0.011677 0.525042 -0.850996 128 194 18
-0.295006 0.126116 0.645310 0.430982 -0.520199 -0.737324 182 61 33
-0.266703 -0.287136 0.238265 0.037082 0.796556 0.603427 132 229 204
0.228165 0.174969 -0.150609 0.657649 -0.726208 0.200301 211 34 153
-0.425071 -0.031626 0.075943 0.300442 0.269580 0.914910 165 161 244
-0.100738 -0.073787 -1.046884 0.012299 0.324492 0.945808 129 168 248
0.130313 -0.115440 -1.035598 0.012299 0.324492 0.945808 129 168 248
0.261102 0.115794 -0.669126 0.359926 -0.620575 -0.696663 173 48 38
0.020485 0.307573 0.477863 -0.248413 -0.967763 0.041540 95 4 132
0.399751 -0.245303 0.577570 -0.016959 0.558802 -0.829128 125 198 21
-0.484473 0.057676 0.447127 0.890129 -0.338677 -0.304908 240 84 88
-0.519278 -0.043744 0.186966 0.939958 0.202633 0.274627 247 153 162
-0.340649 -0.117258 -0.523018 -0.532435 0.470025 -0.703981 59 187 37
-0.094098 0.246618 -0.923113 0.011179 -0.930719 0.365564 128 8 174
-0.357834 -0.287918 0.315787 0.419414 0.879698 0.224105 180 239 156
-0.472705 -0.226445 -0.635768 0.122889 0.989704 -0.073373 143 253 118
0.159175 -0.260206 -0.835653 0.016087 0.967804 -0.251191 129 250 95
0.214034 -0.168840 0.650498 0.017580 0.468175 -0.883461 129 187 14
-0.365282 -0.036808 0.057887 0.244724 0.337057 0.909122 158 170 243
0.853007 -0.116763 0.586073 -0.965441 0.258708 -0.031537 4 160 123
0.266509 0.011167 -1.074486 0.066158 -0.172676 0.982754 135 105 252
-0.282362 0.088730 -0.566870 -0.677269 -0.367707 -0.637258 41 80 46
0.660947 0.144544 0.441361 -0.189525 -0.552903 0.811405 103 57 230
0.502691 -0.089867 -0.406622 -0.928285 0.308838 -0.207139 9 166 101
-0.584679 -0.007644 -0.579345 0.985640 0.147848 0.081575 253 146 137
0.239701 -0.088929 -0.694438 0.740193 0.343316 -0.578143 221 171 53
0.188541 -0.243482 -0.796193 -0.015388 0.680313 -0.732760 125 214 34
0.280273 0.013212 0.342075 -0.190944 0.043192 0.980650 103 133 252
-0.504602 0.111055 0.207060 0.940852 -0.338746 0.006962 247 84 128
-0.096111 0.115171 0.678091 0.036277 -0.458299 -0.888058 132 69 14
0.264188 0.052664 -0.638928 0.997376 -0.020535 0.069427 254 124 136
-0.108409 -0.020889 0.076990 -0.026217 0.133717 0.990673 124 144 253
-0.132838 0.339729 0.370137 -0.092252 -0.968116 0.232897 115 4 157
0.449220 0.153725 -0.885262 -0.836250 -0.490790 0.244563 20 64 158
0.341978 0.249588 0.489699 -0.101141 -0.723762 0.682597 114 35 214
0.219140 -0.035444 -0.689001 0.740193 0.343316 -0.578143 221 171 53
0.204200 0.208534 0.029331 0.510324 -0.805611 0.300932 192 24 165
-0.258700 -0.128088 0.665222 0.413731 0.471918 -0.778537 180 187 28
-0.351737 0.195168 0.134521 0.247633 -0.642798 0.724906 159 45 219
-0.160132 -0.249479 -0.764682 -0.102360 0.980679 -0.166708 114 252 106
-0.558058 -0.053300 -0.393962 0.877861 0.164968 -0.449606 239 148 70
0.332432 -0.189363 -0.579703 0.723251 0.685999 -0.079458 219 214 117
-0.069062 -0.052808 -0.691200 -0.514091 -0.033312 -0.857088 61 123 18
-0.487189 0.049187 0.450722 0.904471 -0.380336 -0.193070 242 79 102
-0.459974 0.126060 -0.409370 -0.625058 -0.586796 -0.514756 47 52 61
-0.420937 0.177705 -0.497152 -0.539064 -0.569923 -0.620160 58 54 48
0.163894 -0.045469 -0.075160 0.936399 0.250287 0.245997 246 159 158
-0.306815 0.254807 -0.718619 -0.409396 -0.780311 -0.472768 75 28 67
0.094357 -0.248034 0.230789 -0.497520 0.863265 -0.085130 64 237 116
-0.012185 -0.307133 0.476232 -0.230922 0.972972 0.000756 98 251 127
-0.251751 0.088735 -0.602092 -0.708015 -0.396048 -0.584689 37 77 52
0.009663 -0.134293 0.081065 0.177094 0.291592 0.940006 150 164 247
-0.354942 -0.270666 0.405125 0.573640 0.775379 -0.264053 200 226 93
-0.247793 -0.032474 0.710976 -0.016541 0.128095 -0.991624 125 143 1
-0.143185 -0.093521 -0.661519 -0.583793 0.269114 -0.766005 53 161 29
-0.173331 -0.304684 0.277669 -0.049644 0.922417 0.382991 121 245 176
-0.070087 0.289446 0.246043 -0.073469 -0.917572 0.390722 118 10 177
0.162335 -0.014915 -0.705927 0.067988 0.006595 -0.997664 136 128 0
0.252235 0.017550 0.249920 -0.838024 -0.184662 -0.513435 20 103 62
0.139852 -0.264256 0.444138 -0.486362 0.754192 0.441188 65 223 183
0.418402 0.257936 0.570487 -0.087175 -0.895052 -0.437359 116 13 71
0.444807 -0.231399 0.586020 -0.016959 0.558802 -0.829128 125 198 21
0.278513 0.276820 0.540603 -0.083334 -0.986221 0.142913 116 1 145
0.080810 0.044476 0.702723 0.000333 -0.294430 -0.955673 127 89 5
0.454971 -0.192570 0.458605 -0.172880 0.487340 0.855928 105 189 236
0.162893 0.241466 -0.814062 -0.003231 -0.957249 -0.289247 127 5 90
0.241084 0.239130 0.463661 -0.101141 -0.723762 0.682597 114 35 214
-0.009732 0.037543 -1.051256 0.066158 -0.172676 0.982754 135 105 252
0.152908 -0.226495 0.202962 -0.376062 0.918169 -0.124671 79 244 111
0.447694 -0.177678 -0.857017 -0.602676 0.750450 0.271307 50 223 162
0.030795 0.272511 0.248897 -0.294970 -0.935531 0.194355 89 8 152
0.838766 0.176177 0.578747 -0.936648 -0.350209 -0.006640 8 82 126
0.511530 -0.035974 0.398318 -0.213896 0.413606 0.884974 100 180 240
-0.420299 -0.222163 0.197099 0.694816 0.691855 0.196387 216 215 152
-0.457123 -0.228009 -0.712272 0.652306 0.644964 0.398143 210 209 178
-0.447562 -0.192719 0.386430 0.698307 0.661406 -0.273695 216 211 92
0.270824 -0.254135 -0.947535 0.010241 0.847668 0.530428 128 235 195
-0.112647 0.250718 -0.848332 -0.121932 -0.989976 -0.071272 111 1 118
-0.207220 -0.288691 0.236662 0.037082 0.796556 0.603427 132 229 204
0.793304 -0.160487 0.514927 -0.421985 0.279186 0.862545 73 163 237
-0.482751 0.185732 -0.732336 0.642701 -0.717088 0.269666 209 36 161
0.012793 -0.053472 -1.055028 0.005603 0.295544 0.955313 128 165 249
-0.255312 -0.001690 0.715078 -0.016541 0.128095 -0.991624 125 143 1
0.337391 -0.117564 0.074559 -0.796829 0.530190 -0.289761 25 195 90
0.112300 0.222657 0.114766 0.116226 -0.987493 0.106534 142 1 141
-0.240517 0.241429 -0.738360 -0.245589 -0.811152 -0.530772 96 24 59
0.167586 -0.220289 0.204396 -0.376062 0.918169 -0.124671 79 244 111
0.480039 -0.248367 0.533692 -0.060276 0.977872 0.200333 119 252 153
0.252266 -0.121521 0.373684 -0.260207 0.561740 0.785328 94 199 227
0.874493 -0.036565 0.529711 -0.998904 0.004706 -0.046571 0 128 121
0.096266 -0.265573 -0.891596 -0.028353 0.998995 -0.034707 123 254 123
-0.516751 0.077455 -0.816792 0.763172 -0.316350 0.563463 224 87 199
-0.306326 0.221580 0.157517 0.134808 -0.788432 0.600168 144 26 204
-0.343738 0.223724 0.167926 0.107970 -0.791929 0.600991 141 26 204
0.794984 0.192677 0.530977 -0.539320 -0.742860 0.396601 58 32 178
0.444149 0.158271 0.413922 -0.111069 -0.559776 0.821167 113 56 232
0.459655 0.167305 -0.830802 -0.826057 -0.439836 0.352383 22 71 172
0.179951 0.189977 0.020773 0.510324 -0.805611 0.300932 192 24 165
0.403694 0.097907 -1.027204 -0.675264 -0.222970 0.703067 41 99 217
0.436571 -0.205280 -0.473225 -0.706325 0.668282 -0.233463 37 212 97
0.789625 0.158621 0.499083 -0.389575 -0.353389 0.850498 77 82 235
-0.049238 -0.090329 0.693252 0.011677 0.525042 -0.850996 128 194 18
0.423065 0.023305 -0.033352 -0.944491 -0.254870 -0.207312 7 95 101
-0.128425 -0.337263 0.391199 -0.245669 0.969299 0.010331 96 251 128
0.251397 -0.193433 0.632073 0.020942 0.848298 -0.529105 130 235 60
0.630078 0.132739 0.698689 0.036277 -0.458299 -0.888058 132 69 14
0.500005 -0.085101 0.699313 -0.008797 0.052045 -0.998606 126 134 0
0.368006 0.197310 -0.261285 -0.482261 -0.875437 -0.032158 66 15 123
0.520903 -0.052704 -0.792827 -0.997789 -0.065637 0.010465 0 119 128
0.256436 0.019662 -0.537325 0.997376 -0.020535 0.069427 254 124 136
-0.425424 -0.045654 0.575523 0.796599 -0.044220 -0.602888 229 121 50
0.212599 0.172324 -0.109091 0.657649 -0.726208 0.200301 211 34 153
-0.197253 0.226154 -0.734824 -0.196925 -0.750933 -0.630333 102 31 47
0.006402 -0.204204 0.124521 0.308584 0.649586 0.694848 166 210 216
0.275586 0.215367 -0.977203 -0.009702 -0.473787 0.880586 126 67 239
-0.130056 0.292065 0.240917 -0.073469 -0.917572 0.390722 118 10 177
-0.051256 -0.174653 0.116113 -0.024984 0.625721 0.779646 124 207 226
-0.390332 -0.121067 0.095870 0.244724 0.337057 0.909122 158 170 243
0.869057 -0.030226 0.641827 -0.997684 -0.013191 -0.066728 0 125 118
0.140545 -0.260429 0.572678 -0.016959 0.558802 -0.829128 125 198 21
0.159236 -0.223033 0.209377 -0.376062 0.918169 -0.124671 79 244 111
-0.066038 -0.005954 0.711370 -0.016541 0.128095 -0.991624 125 143 1
-0.250401 -0.281180 0.229401 0.037082 0.796556 0.603427 132 229 204
0.109658 0.185820 0.065819 0.276073 -0.680202 0.679049 162 40 214
-0.136590 0.274738 0.212276 0.008262 -0.825408 0.564476 128 22 199
0.380757 0.096794 0.001547 -0.757650 -0.516816 -0.398581 30 61 76
0.195790 -0.216065 -0.770891 -0.015388 0.680313 -0.732760 125 214 34
-0.188703 0.193551 -0.698410 -0.425989 -0.451589 -0.783965 73 69 27
0.282640 0.124684 0.140529 -0.667778 -0.604069 -0.434941 42 50 72
-0.514076 -0.054777 -0.335192 -0.432352 0.313338 -0.845513 72 167 19
0.810124 0.115848 0.665217 -0.334890 -0.349262 -0.875137 84 82 15
-0.078974 0.170338 -1.001323 0.236022 -0.470237 0.850394 157 67 235
-0.490504 0.163810 -0.772153 0.642701 -0.717088 0.269666 209 36 161
0.466511 0.177471 -0.802042 -0.826057 -0.439836 0.352383 22 71 172
0.521609 0.038603 -0.485239 -0.999543 -0.010306 0.028401 0 126 131
0.118691 0.261316 0.438788 -0.518348 -0.796525 0.311228 61 25 167
0.512400 -0.085388 -0.508593 -0.956748 0.290255 -0.019605 5 164 125
0.204600 0.053947 -1.062279 0.034890 -0.285453 0.957757 131 91 249
-0.331554 -0.073852 -0.949874 0.351877 0.412496 0.840255 172 180 234
-0.355939 -0.024858 -0.466359 -0.716978 0.053838 -0.695014 36 134 38
-0.145887 0.349351 0.404967 -0.092252 -0.968116 0.232897 115 4 157
0.124008 0.227264 0.610710 0.006760 -0.645757 -0.763513 128 45 30
-0.295443 -0.216223 -0.634251 -0.297830 0.829865 -0.471828 89 233 67
0.266315 0.117428 0.366861 -0.101714 -0.511874 0.853018 114 62 236
0.225734 0.011284 -1.071721 0.066158 -0.172676 0.982754 135 105 252
-0.109700 -0.007583 -1.047601 0.308825 -0.209293 0.927806 166 100 245
-0.563489 -0.073640 -0.666121 0.935294 0.283152 0.212252 246 163 154
0.016133 0.305851 0.411729 -0.248413 -0.967763 0.041540 95 4 132
-0.379555 -0.231544 -0.625907 0.051700 0.971068 -0.233139 134 251 97
-0.065713 -0.154349 -0.721807 -0.391849 0.583396 -0.711409 77 201 36
0.136211 0.251354 -0.918096 0.011179 -0.930719 0.365564 128 8 174
-0.475353 0.142236 0.379825 0.890129 -0.338677 -0.304908 240 84 88
-0.021144 0.031730 0.060269 0.209530 -0.178864 0.961304 154 104 250
-0.454270 0.122388 -0.847571 0.438069 -0.540943 0.717967 183 58 219
0.291137 0.207055 -0.212727 0.081144 -0.996531 0.018472 137 0 129
-0.415221 -0.005745 0.065082 0.300442 0.269580 0.914910 165 161 244
-0.142625 -0.197118 0.131215 -0.024984 0.625721 0.779646 124 207 226
0.728469 0.161356 0.673790 0.005013 -0.682509 -0.730860 128 40 34
0.184505 -0.129297 0.324472 -0.835460 0.543522 0.081176 20 196 137
-0.565266 -0.034239 -0.695590 0.890436 0.252123 0.378890 241 159 175
0.410762 0.230366 -0.771168 -0.570779 -0.818479 0.065595 54 23 135
0.542579 0.232876 0.495691 -0.103233 -0.808188 0.579807 114 24 201
0.133266 -0.217268 -0.981527 0.020801 0.471972 0.881368 130 187 239
0.383178 -0.101031 0.692582 0.011677 0.525042 -0.850996 128 194 18
0.216438 -0.267937 0.549910 -0.060276 0.977872 0.200333 119 252 153
-0.315294 0.221846 0.159881 0.134808 -0.788432 0.600168 144 26 204
0.278533 -0.033560 0.204280 -0.805722 0.145694 -0.574095 24 146 54
-0.565064 0.117643 -0.472187 0.966960 -0.166253 -0.193258 250 106 102
-0.074394 -0.006144 -1.054579 0.066158 -0.172676 0.982754 135 105 252
-0.521450 0.023821 0.287365 0.976624 -0.161392 -0.141978 252 106 109
-0.042325 -0.315046 0.471162 -0.253145 0.967399 -0.007506 95 250 126
-0.263274 0.229183 0.582494 0.138736 -0.825431 -0.547190 145 22 57
-0.440502 0.064491 -0.397594 -0.720517 -0.141913 -0.678761 35 109 40
0.404813 0.049563 0.366461 -0.206361 -0.030820 0.977990 101 123 252
0.203141 0.046361 0.702185 0.000333 -0.294430 -0.955673 127 89 5
0.223804 -0.081908 0.278233 -0.989029 0.040569 -0.142042 1 132 109
-0.523283 0.203722 -0.590570 0.613263 -0.783377 -0.101140 205 27 114
0.019902 0.109858 0.065859 0.209530 -0.178864 0.961304 154 104 250
0.516924 0.070607 -0.571660 -0.939202 -0.343348 0.003385 7 83 127
0.258297 -0.007567 0.338711 -0.190944 0.043192 0.980650 103 133 252
0.257143 -0.166562 -0.167451 0.706018 0.647738 0.286311 217 210 164
-0.383619 0.169299 0.566889 0.786483 -0.408230 -0.463457 227 75 68
0.121843 0.230266 -0.962743 -0.010726 -0.902555 0.430441 126 12 182
0.342206 -0.162911 -0.013179 -0.754795 0.602387 -0.259643 31 204 94
0.211185 -0.115442 0.681332 0.011677 0.525042 -0.850996 128 194 18
0.032843 0.274808 0.264810 -0.386216 -0.904855 0.179091 78 12 150
0.269306 -0.088126 -1.045812 0.005603 0.295544 0.955313 128 165 249
0.185210 0.032894 -0.186612 0.941530 0.108501 0.318981 247 141 168
0.633729 0.211725 0.480782 -0.189525 -0.552903 0.811405 103 57 230
0.267498 -0.124803 0.170960 -0.583011 0.613471 -0.532684 53 205 59
0.125921 -0.254682 0.576850 -0.016959 0.558802 -0.829128 125 198 21
0.413226 0.135246 -0.168998 -0.704619 -0.679350 -0.204926 37 40 101
0.273847 -0.262420 0.540251 -0.060276 0.977872 0.200333 119 252 153
0.593249 0.253707 0.544290 -0.087175 -0.895052 -0.437359 116 13 71
0.039315 0.170821 0.654903 0.036277 -0.458299 -0.888058 132 69 14
0.516546 0.040004 -0.662915 -0.999543 -0.010306 0.028401 0 126 131
0.376398 0.204015 -0.935619 -0.439591 -0.780037 0.445312 71 28 184
0.255792 -0.208040 -0.764700 -0.015388 0.680313 -0.732760 125 214 34
0.179799 0.258864 0.475505 -0.101141 -0.723762 0.682597 114 35 214
0.335491 -0.259397 0.513255 -0.092471 0.970301 0.223529 115 251 155
0.453067 -0.041055 -0.251270 -0.940050 0.300511 -0.161243 7 165 106
0.086415 -0.254150 0.215188 -0.497520 0.863265 -0.085130 64 237 116
0.521186 -0.014880 0.702786 -0.008797 0.052045 -0.998606 126 134 0
0.044457 -0.275680 0.235085 -0.045337 0.924932 0.377420 121 245 175
0.227127 0.214554 0.009164 0.484103 -0.817918 0.310894 189 23 167
0.215552 0.045762 -1.064977 0.066158 -0.172676 0.982754 135 105 252
0.377106 -0.127867 0.408776 -0.213896 0.413606 0.884974 100 180 240
-0.324420 0.015064 0.685117 0.543211 -0.294999 -0.786064 196 89 27
-0.512795 0.110067 -0.353160 -0.466444 -0.234143 -0.852999 68 97 18
0.390721 -0.189615 0.443945 -0.172880 0.487340 0.855928 105 189 236
0.244440 0.069324 -0.373222 0.887047 -0.334352 0.318365 240 84 168
-0.571054 -0.104209 -0.521600 0.989257 0.139533 -0.043608 253 145 121
0.011297 0.295732 0.331083 -0.294970 -0.935531 0.194355 89 8 152
0.273876 -0.173264 -0.224859 0.833290 0.541072 0.113437 233 196 141
-0.054687 0.241530 -0.937270 0.011179 -0.930719 0.365564 128 8 174
-0.159292 0.210823 0.140872 0.077412 -0.565419 0.821163 137 55 232
0.420452 0.223333 -0.602645 -0.613617 -0.788823 -0.035111 49 26 123
-0.468456 -0.183661 0.231839 0.694816 0.691855 0.196387 216 215 152
-0.290065 0.004788 -0.981492 0.337464 -0.228117 0.913280 170 98 243
0.619975 -0.007094 0.409077 -0.187837 -0.053583 0.980738 103 120 252
0.247973 -0.081219 -0.357960 0.949128 0.195870 0.246559 248 152 158
0.054290 0.099176 -1.043323 0.034890 -0.285453 0.957757 131 91 249
0.059220 -0.269348 0.319690 -0.519583 0.847162 0.111135 61 235 141
-0.481061 -0.226500 -0.650504 0.122889 0.989704 -0.073373 143 253 118
0.732261 -0.236766 0.573075 -0.364621 0.810290 0.458783 81 230 185
0.466680 -0.044979 0.391136 -0.263628 0.557645 0.787104 93 198 227
0.394876 0.199716 0.439951 -0.059860 -0.774073 0.630260 119 28 207
-0.502376 0.168369 -0.409000 0.353238 -0.825973 -0.439308 172 22 71
-0.389004 -0.151371 0.572399 0.455355 0.495603 -0.739615 185 190 33
0.250288 -0.143624 0.664582 0.017580 0.468175 -0.883461 129 187 14
0.482203 0.150154 -0.476341 -0.769427 -0.634225 -0.075775 29 46 117
0.691448 0.109847 0.433846 -0.389575 -0.353389 0.850498 77 82 235
0.275830 0.006451 0.215401 -0.838024 -0.184662 -0.513435 20 103 62
-0.395812 -0.237062 -0.652493 0.051700 0.971068 -0.233139 134 251 97
-0.273304 -0.091407 0.074580 -0.106246 0.462759 0.880094 113 186 239
-0.549726 0.078396 -0.696019 0.972409 -0.168200 0.161648 251 106 148
0.315754 0.181721 -0.476772 0.511616 -0.855508 -0.079718 192 18 117
-0.561697 0.153213 -0.529289 0.956039 -0.279262 -0.089459 249 91 116
0.019946 -0.100634 -1.039243 0.012299 0.324492 0.945808 129 168 248
-0.463303 -0.007184 -0.881243 0.539715 -0.073252 0.838655 196 118 234
-0.054443 0.156477 -0.743077 -0.380109 -0.462784 -0.800842 79 68 25
0.000474 0.039690 0.704169 0.000333 -0.294430 -0.955673 127 89 5
-0.027934 0.221964 0.139189 0.000068 -0.802414 0.596767 127 25 203
0.017379 0.153579 0.085361 0.518317 -0.443196 0.731386 193 70 220
0.443693 -0.067691 -0.246262 -0.940050 0.300511 -0.161243 7 165 106
0.520591 0.061899 -0.437484 -0.939202 -0.343348 0.003385 7 83 127
-0.186772 0.345099 0.379199 0.216982 -0.967263 -0.131611 155 4 110
-0.502206 0.108164 -0.359534 -0.624042 -0.243028 -0.742637 47 96 32
0.228330 0.238653 -0.942504 -0.010726 -0.902555 0.430441 126 12 182
-0.395872 -0.243478 0.396042 0.573640 0.775379 -0.264053 200 226 93
-0.410792 -0.240985 0.229772 0.694816 0.691855 0.196387 216 215 152
-0.548993 0.036565 -0.743954 0.972409 -0.168200 0.161648 251 106 148
0.275738 -0.133702 -0.378723 0.836454 0.521363 0.168896 234 193 149
-0.269364 0.184444 -0.645594 -0.708015 -0.396048 -0.584689 37 77 52
0.180307 -0.150402 -0.731376 -0.028322 0.208807 -0.977547 123 154 2
0.245964 0.203595 0.631808 0.006760 -0.645757 -0.763513 128 45 30
0.186067 0.061649 -0.723562 -0.063181 -0.257698 -0.964158 119 94 4
0.453040 -0.201059 -0.700541 -0.653200 0.756951 -0.018857 44 224 125
-0.470704 0.036036 0.100686 0.592037 -0.274454 0.757739 202 92 224
-0.370209 -0.247444 0.440150 0.573640 0.775379 -0.264053 200 226 93
0.310429 -0.259752 0.538236 -0.060276 0.977872 0.200333 119 252 153
0.048781 0.113972 -0.728551 -0.063181 -0.257698 -0.964158 119 94 4
0.183360 -0.137649 0.349361 -0.566709 0.515980 0.642344 55 193 209
-0.302232 0.297626 0.375854 0.386713 -0.922076 0.015131 176 9 129
0.385316 0.048186 0.041667 -0.858945 0.006099 -0.512032 17 128 62
-0.499797 -0.047191 -0.339682 -0.432352 0.313338 -0.845513 72 167 19
0.066613 0.268937 0.337039 -0.554269 -0.830197 0.059661 56 21 135
0.406126 0.230926 -0.780754 -0.284880 -0.953979 0.093637 91 5 139
-0.074101 0.333829 0.466710 -0.337072 -0.940728 -0.037584 84 7 122
-0.384814 -0.247028 0.199539 0.074013 0.789293 0.609539 136 228 205
0.136852 -0.242670 0.404765 -0.568607 0.686997 0.452461 55 215 185
0.431136 0.265984 0.551478 -0.087175 -0.895052 -0.437359 116 13 71
-0.528361 -0.025889 -0.335766 0.863899 0.028849 -0.502839 237 131 63
0.390797 -0.120475 0.408630 -0.213896 0.413606 0.884974 100 180 240
-0.133349 -0.151530 -1.009772 0.254303 0.657411 0.709324 159 211 217
0.220863 0.090047 -1.052112 0.034890 -0.285453 0.957757 131 91 249
0.113458 0.243334 0.597025 0.006760 -0.645757 -0.763513 128 45 30
-0.505655 -0.150358 -0.752403 0.891123 0.293443 0.346109 241 164 171
0.496895 0.115534 -0.808125 -0.826057 -0.439836 0.352383 22 71 172
0.252531 -0.181278 -0.122786 0.706018 0.647738 0.286311 217 210 164
-0.454535 -0.155907 0.457598 0.698307 0.661406 -0.273695 216 211 92
