ply
format ascii 1.0
element vertex 4096
property float x
property float y
property float z
property float nx
property float ny
property float nz
property uchar red
property uchar green
property uchar blue
end_header
0.032202 0.272367 -0.494933 -0.310074 -0.949096 0.055411 87 6 134
0.332652 0.044916 0.488375 -0.895348 -0.340699 -0.286840 13 84 90
0.706367 0.136434 -0.566881 -0.332713 -0.484515 0.809041 85 65 230
0.625930 -0.157615 -0.540637 -0.140572 0.935648 0.323731 109 246 168
0.025453 -0.179827 0.339037 0.684472 0.605341 -0.406276 214 204 75
0.146808 -0.184885 -0.096832 -0.550280 0.818215 -0.166482 57 231 106
-0.395714 -0.079561 0.827741 0.461509 0.317571 -0.828347 186 167 21
-0.149930 -0.094436 -0.261719 0.758977 0.194758 -0.621308 224 152 48
0.178629 0.087932 0.745838 0.144569 -0.221121 -0.964472 145 99 4
-0.210022 0.232641 0.276493 0.104334 -0.603461 0.790537 140 50 228
-0.027939 0.005059 -0.332634 0.984125 0.098082 -0.147914 252 140 108
0.222478 -0.056080 -0.029498 0.758169 0.160685 -0.631949 224 147 46
-0.239349 -0.015059 0.207568 0.853209 0.009171 -0.521489 236 128 61
-0.240013 0.038015 0.628741 -0.941041 -0.326032 -0.090254 7 85 115
-0.278505 -0.139207 -0.480527 0.501064 0.662291 0.557051 191 211 198
0.398585 0.240991 -0.448598 -0.645765 -0.680257 0.346754 45 40 171
0.521008 -0.142249 0.022332 -0.851370 0.206095 0.482383 18 153 189
-0.123188 0.114863 -0.319542 -0.553579 -0.637775 0.535530 56 46 195
-0.016594 -0.339426 0.124511 0.157491 0.984553 0.076499 147 253 137
-0.157476 -0.123996 -0.213855 0.783368 0.332510 -0.525140 227 169 60
0.075026 0.009619 0.738414 0.108206 -0.811121 -0.574782 141 24 54
-0.047936 0.031942 -0.621398 0.325831 -0.364678 0.872264 169 81 238
0.128743 0.110914 0.055303 -0.861730 -0.201204 -0.465766 17 101 68
0.676003 0.239623 -0.479912 -0.433726 -0.900632 0.027254 72 12 130
0.099308 0.054781 -0.809585 -0.090613 0.023207 0.995616 115 130 254
0.710049 -0.140344 -0.346998 -0.708658 0.502347 -0.495431 37 191 64
0.331071 -0.208818 -0.072116 0.102796 0.893659 -0.436813 140 241 71
0.761129 -0.169740 -0.579521 -0.768465 0.633522 0.090064 29 208 138
0.122334 0.049150 -0.061319 0.326992 -0.189813 -0.925768 169 103 9
0.611888 0.140989 -0.621360 -0.343725 -0.835945 0.427842 83 20 182
-0.117422 0.209284 0.832128 0.443124 -0.636077 -0.631702 183 46 46
-0.162262 -0.111276 0.733178 -0.743149 0.273091 0.610861 32 162 205
-0.429039 -0.252354 -0.337532 0.506290 0.724391 0.467898 192 219 187
0.243422 0.079314 0.280154 0.576141 -0.173705 0.798679 200 105 229
0.271802 0.237771 -0.543482 -0.137486 -0.945212 0.296096 109 6 165
-0.383564 0.112014 -0.631091 0.765587 -0.614785 0.189517 225 49 151
0.010943 0.065004 -0.082611 0.685832 -0.593387 -0.421339 214 51 73
0.034065 -0.132676 -0.085382 -0.598527 0.723038 0.344936 51 219 171
0.286764 -0.150786 0.046707 -0.451431 0.341797 0.824248 69 171 232
-0.185344 0.006602 0.576210 0.533805 -0.129736 -0.835596 195 110 20
-0.163088 0.057708 0.718050 0.558634 0.110096 0.822075 198 141 232
-0.234264 0.056042 0.916350 0.597437 -0.123552 -0.792341 203 111 26
-0.037381 0.192559 -0.736526 -0.539321 -0.379443 0.751768 58 79 223
0.049509 0.013559 0.133023 0.420063 -0.071745 -0.904655 181 118 12
0.516856 0.193985 -0.628431 0.534996 -0.581683 0.612719 195 53 205
-0.383010 0.227927 -0.354630 0.360808 -0.657908 -0.661041 173 43 43
-0.332498 -0.108190 -0.518959 0.614076 0.566396 0.549642 205 199 197
-0.278080 -0.023667 -0.397563 -0.148113 0.139203 -0.979125 108 145 2
0.284070 -0.057776 0.054687 0.127428 0.094390 -0.987346 143 139 1
-0.403345 -0.027749 -0.643461 0.959651 -0.035729 -0.278916 249 122 91
-0.247679 -0.020565 -0.337257 -0.494579 -0.155238 0.855157 64 107 236
0.294923 -0.036565 0.113046 -0.974243 0.183088 -0.131640 3 150 110
0.060519 0.027251 0.823500 0.356107 -0.163950 -0.919950 172 106 10
-0.253472 0.049668 -0.696321 0.060457 -0.069148 0.995773 135 118 254
-0.290263 0.147532 -0.706697 -0.543751 -0.424477 0.723985 58 73 219
0.058573 0.171655 0.884887 0.089263 -0.774092 -0.626748 138 28 47
0.544705 0.063484 -0.634087 -0.184529 -0.345541 0.920082 103 83 244
0.270117 0.321668 0.606060 -0.071824 -0.869927 -0.487923 118 16 65
-0.195495 0.155905 0.401603 0.891224 -0.350715 0.287608 241 82 164
0.352822 0.241574 -0.055655 -0.326888 -0.895700 -0.301439 85 13 89
0.072099 0.397515 -0.212405 -0.073431 -0.966053 -0.247689 118 4 95
0.303893 0.246093 -0.543144 -0.623423 -0.684417 0.378045 48 40 175
0.122353 0.048372 0.725307 -0.941946 -0.204808 0.266066 7 101 161
0.084039 0.100593 -0.706290 -0.247458 -0.149738 0.957258 95 108 249
0.253621 -0.197455 -0.649239 0.547409 0.827318 0.126052 197 232 143
-0.134716 -0.229399 -0.416434 -0.646948 0.757945 -0.083530 45 224 116
0.205073 -0.160039 0.488364 -0.426131 0.632111 0.647185 73 208 210
-0.141391 0.009247 0.828904 0.881967 -0.272709 -0.384402 239 92 78
-0.152523 0.065180 -0.741322 -0.596023 -0.236718 0.767282 51 97 225
-0.441613 -0.088372 -0.709709 -0.254532 0.961937 0.099450 95 250 140
0.290790 -0.019798 0.315167 -0.437585 0.268317 -0.858211 71 161 18
0.238440 0.076610 -0.477360 0.897474 -0.376326 0.230043 241 79 156
0.786252 0.202226 -0.426269 -0.805586 -0.493503 0.327851 24 64 169
0.385713 -0.045941 0.020852 -0.886072 0.155386 0.436728 14 147 183
0.797568 -0.054431 -0.599281 -0.464960 0.080271 0.881685 68 137 239
-0.127568 0.257640 -0.354512 -0.469201 -0.838702 0.276457 67 20 162
0.190838 0.060298 0.041368 -0.331673 -0.359763 -0.872103 85 81 16
0.064652 -0.190793 -0.636189 -0.210768 0.805396 0.553999 100 230 198
-0.154819 -0.066585 0.845948 0.984681 0.106052 -0.138406 253 141 109
0.236618 0.147077 0.843025 -0.390437 -0.558170 -0.732124 77 56 34
0.273319 -0.237195 0.530418 -0.589671 0.807630 0.004645 52 230 128
0.199713 -0.086638 0.476248 -0.319097 0.457504 -0.829980 86 185 21
0.124549 -0.015299 0.872219 -0.845736 0.150022 -0.512078 19 146 62
-0.330009 0.261367 -0.589104 -0.137374 -0.921890 0.362281 109 9 173
0.280152 0.190736 0.210511 0.365428 -0.797717 -0.479698 174 25 66
-0.123917 0.028161 0.534642 0.505865 -0.324324 0.799322 191 86 229
0.172076 -0.093820 0.812631 -0.445417 0.441882 -0.778681 70 183 28
-0.135328 -0.188700 -0.484369 -0.014309 0.998422 0.054300 125 254 134
0.537147 -0.024682 -0.541566 -0.407585 -0.042078 0.912197 75 122 243
0.155674 0.054093 0.869045 -0.937141 -0.175388 -0.301671 8 105 89
-0.207713 -0.251576 0.675840 0.093438 0.983857 0.152625 139 252 146
-0.208014 0.067336 0.670912 0.811027 -0.481833 -0.331772 230 66 85
0.301923 -0.137136 0.670176 -0.639102 0.719919 0.270677 46 219 162
0.023371 0.087851 0.855911 0.306220 -0.206891 -0.929207 166 101 9
-0.035112 0.134164 0.934790 0.312914 -0.194735 -0.929604 167 102 8
0.524285 0.166688 0.179202 -0.945529 -0.323062 -0.040063 6 86 122
-0.133747 0.272612 0.700920 0.625560 -0.779619 -0.029491 207 28 123
0.451628 0.178779 -0.055332 0.132172 -0.766421 -0.628593 144 29 47
-0.276414 0.011609 -0.632828 0.387049 -0.174868 0.905326 176 105 242
0.248274 0.011963 0.689198 -0.055729 -0.135737 -0.989176 120 110 1
-0.392989 -0.139520 -0.703093 0.528427 0.792656 0.304075 194 228 166
0.362318 0.137026 -0.759709 -0.035434 -0.436281 0.899112 122 71 242
-0.494083 -0.063989 -0.548759 0.648932 0.233032 -0.724281 210 157 35
-0.387317 -0.062193 -0.442263 0.914854 0.250499 -0.316691 244 159 87
-0.240056 0.144283 0.771219 0.649122 -0.636797 -0.416090 210 46 74
-0.594824 0.100827 -0.577153 0.898279 -0.371819 -0.234191 242 80 97
0.071266 -0.223190 0.813047 0.274137 0.849194 -0.451352 162 235 69
0.290460 0.068045 -0.473263 -0.235061 -0.377248 -0.895785 97 79 13
0.243503 -0.027545 0.080586 -0.072878 0.257405 0.963551 118 160 250
-0.522007 -0.000303 -0.560105 0.720224 0.292565 -0.629034 219 164 47
-0.039908 0.132937 -0.351477 -0.343182 -0.931279 0.122256 83 8 143
0.334441 0.055205 0.147551 -0.878785 -0.426528 -0.214035 15 73 100
0.152892 0.151856 0.102542 -0.673028 -0.710549 0.205314 41 36 153
-0.203174 -0.072259 -0.327978 0.557449 0.518252 -0.648587 198 193 44
-0.056421 0.238774 0.085869 0.482877 -0.471271 -0.738060 189 67 33
-0.416937 0.076885 -0.569598 0.844014 -0.020748 -0.535920 235 124 59
-0.512615 -0.252670 -0.612784 0.664271 0.740239 -0.103877 212 221 114
0.140256 0.089642 -0.619083 0.597842 -0.695125 -0.399232 203 38 76
0.617006 -0.191626 -0.581027 -0.145233 0.720898 0.677653 108 219 213
-0.008395 0.151498 -0.486912 -0.711373 -0.521049 0.471653 36 61 187
0.167717 0.030741 0.109458 -0.158528 0.110080 -0.981199 107 141 2
0.772237 0.023923 -0.430283 -0.889422 -0.440648 0.121483 14 71 142
0.047604 0.071518 0.798108 -0.803227 -0.208670 0.557928 25 100 198
-0.114784 -0.029880 -0.249496 0.768184 0.104884 0.631580 225 140 208
-0.430063 -0.096017 -0.656831 0.307784 0.759391 0.573231 166 224 200
0.038732 0.006425 0.624375 0.174555 -0.053077 0.983216 149 120 252
-0.034678 0.015101 -0.301582 -0.590021 -0.011198 -0.807310 52 126 24
0.159256 0.045605 0.529765 -0.768184 0.002721 0.640224 29 127 209
-0.149058 0.031642 -0.057004 0.366821 -0.341081 0.865509 174 84 237
0.200287 0.189771 -0.088896 -0.323086 -0.929912 0.175723 86 8 149
-0.328301 0.267885 -0.279359 0.002648 -0.999987 -0.004355 127 0 126
-0.138672 -0.091201 -0.700595 0.980043 0.193059 0.047367 252 152 133
0.490520 0.112282 -0.437380 -0.723990 -0.426792 0.541929 35 73 196
-0.007368 0.035543 0.146459 0.289247 -0.018864 -0.957069 164 125 5
0.461060 0.068111 0.447812 -0.728216 -0.254313 -0.636417 34 95 46
-0.409549 0.217213 -0.732424 -0.118150 -0.662365 0.739806 112 43 221
-0.153732 0.320210 0.799740 0.004893 -0.998718 0.050378 128 0 133
0.589822 -0.231549 -0.635925 -0.312335 0.944702 0.099923 87 247 140
0.488313 -0.039151 -0.600845 -0.734857 0.011238 0.678129 33 128 213
-0.009830 0.185085 0.595848 0.432468 -0.719168 -0.543846 182 35 58
-0.278297 0.200562 -0.441758 0.206935 -0.769776 -0.603840 153 29 50
0.284076 -0.105550 -0.520046 -0.062695 0.558810 0.826922 119 198 232
-0.027786 -0.056554 0.760940 0.159059 0.268094 -0.950172 147 161 6
0.291776 0.085349 -0.634047 0.979856 -0.121008 -0.158870 252 112 107
0.077541 0.066505 0.821651 -0.251978 -0.163195 -0.953874 95 106 5
0.231246 0.148992 0.588365 -0.640077 -0.758723 -0.121001 45 30 112
-0.608298 -0.058030 -0.534031 0.645768 -0.048928 -0.761964 209 121 30
0.521897 0.165414 0.272241 -0.893402 -0.433728 0.117101 13 72 142
0.133479 -0.195420 0.147220 -0.097577 0.667998 -0.737738 115 212 33
-0.001350 -0.095114 0.896250 -0.296164 0.413060 -0.861202 89 180 17
0.222625 0.065330 -0.078414 -0.919373 -0.390190 0.050047 10 77 133
0.342294 -0.160758 0.006923 -0.121280 0.917326 -0.379216 112 244 79
-0.069591 -0.272355 -0.300886 -0.113964 0.796410 0.593922 112 229 203
-0.039960 0.105436 0.765427 0.785607 -0.535807 0.309407 227 59 166
-0.086843 0.150533 0.806272 -0.592792 -0.607930 0.528222 51 49 194
-0.352536 -0.178791 -0.577085 -0.055606 0.636248 0.769478 120 208 225
0.085910 -0.232270 -0.107715 -0.075484 0.546460 -0.834077 117 197 21
-0.066912 0.186870 0.796924 0.612981 -0.699072 -0.368176 205 38 80
-0.047811 0.049393 -0.100999 -0.852633 -0.435712 0.288396 18 71 164
0.224529 0.061652 0.058256 0.648778 -0.239995 -0.722143 210 96 35
-0.392541 -0.201723 -0.554270 0.401040 0.914486 0.053695 178 244 134
0.588799 0.067007 0.671083 -0.960383 -0.262552 0.093445 5 94 139
0.794705 -0.319596 -0.688832 -0.322772 0.800486 0.505015 86 229 191
0.007367 -0.110333 -0.569740 -0.482760 0.558020 -0.674949 65 198 41
-0.056717 -0.306406 -0.577061 0.088729 0.972928 -0.213398 138 251 100
0.067796 -0.145959 -0.508878 0.429153 0.723196 -0.541123 182 219 58
0.321556 -0.107107 -0.476416 -0.379410 0.357755 -0.853264 79 173 18
-0.370210 -0.058573 -0.432073 -0.258477 0.965079 -0.042578 94 250 122
0.171825 0.013819 0.615641 0.950531 -0.262097 0.166720 248 94 148
-0.252785 0.073625 -0.373092 -0.539283 -0.540120 -0.646099 58 58 45
0.448200 -0.224298 -0.574826 0.207390 0.808330 -0.550992 153 230 57
-0.066856 -0.137677 0.873788 0.176005 0.485388 -0.856400 149 189 18
0.213809 0.129128 -0.404228 0.854883 -0.425316 -0.297122 236 73 89
0.245292 -0.082677 -0.030267 -0.966495 0.096292 0.237941 4 139 157
0.364976 0.082808 0.265268 -0.883301 -0.251209 -0.395819 14 95 77
-0.044184 0.052201 0.809173 0.752454 -0.597595 0.276936 223 51 162
-0.216639 0.215409 0.831616 0.219473 -0.858867 -0.462795 155 17 68
0.149620 -0.104182 0.566066 -0.455815 0.710452 -0.536182 69 218 59
-0.045360 -0.020890 0.875821 0.794096 0.126945 -0.594388 228 143 51
0.195933 -0.010921 0.864582 -0.950084 -0.087474 0.299481 6 116 165
-0.129157 -0.022561 -0.498165 0.992444 0.122375 -0.008907 254 143 126
0.101850 0.036895 -0.158155 0.029769 -0.154382 -0.987563 131 107 1
-0.282506 -0.251809 0.391350 0.101808 0.609899 0.785913 140 205 227
-0.265412 -0.009171 -0.648848 0.495534 0.069549 -0.865800 190 136 17
-0.139970 -0.164651 -0.333738 -0.730515 0.594578 0.335893 34 203 170
0.479649 -0.200086 -0.518649 0.645989 0.762226 -0.041362 209 224 122
-0.179181 -0.026381 0.657260 -0.642986 0.537448 0.545636 45 196 197
-0.030531 -0.083273 0.779193 -0.533289 0.476384 -0.699044 59 188 38
-0.429462 0.106558 0.645801 0.498903 -0.399675 0.768997 191 76 225
-0.479866 0.203789 -0.655837 -0.352142 -0.855227 0.380241 82 18 175
0.126090 0.060511 0.614706 -0.664733 -0.398327 -0.632033 42 76 46
-0.150913 -0.055510 -0.303883 0.659016 0.212514 -0.721482 211 154 35
-0.022355 -0.017214 -0.586072 0.598643 -0.294950 -0.744735 203 89 32
0.055999 0.064753 0.871588 -0.313797 -0.163092 -0.935378 87 106 8
0.140307 -0.311622 0.779819 0.118041 0.918911 -0.376389 142 244 79
0.051405 0.105319 0.837455 0.117144 -0.647000 0.753437 142 45 223
0.136296 -0.119687 -0.097653 -0.771678 0.346224 0.533518 29 171 195
-0.019200 -0.223850 -0.556969 -0.665569 0.711782 0.224463 42 218 156
0.129844 -0.135891 0.824991 0.113699 0.893933 -0.433540 141 241 72
0.249008 0.268962 0.744121 -0.595552 -0.801484 0.054238 51 25 134
-0.031083 -0.130985 -0.425305 -0.063313 0.604585 0.794020 119 204 228
0.342559 0.046822 0.378078 -0.751277 -0.237417 -0.615805 31 97 48
-0.004390 -0.067782 0.218472 0.715984 0.651486 0.250865 218 210 159
-0.529042 0.069837 -0.764440 0.208665 -0.280420 0.936922 154 91 246
-0.303602 0.154307 -0.714534 0.547897 -0.831339 0.093184 197 21 139
0.290116 -0.188993 0.550368 -0.732091 0.675787 0.085761 34 213 138
-0.515110 -0.190854 0.477025 0.573763 0.806714 0.141454 200 230 145
0.230640 0.114142 0.306755 -0.019099 -0.324924 0.945547 125 86 248
-0.337459 0.009662 -0.522723 0.472630 -0.076583 0.877927 187 117 239
0.074543 -0.209883 0.846297 -0.163914 0.769491 -0.617265 106 225 48
0.299016 -0.008715 -0.294855 -0.772526 0.511411 0.376381 29 192 175
0.387030 0.292924 -0.522794 -0.140578 -0.890218 -0.433300 109 13 72
-0.072624 0.159593 -0.238031 -0.139033 -0.876705 0.460499 109 15 186
-0.029353 0.042494 -0.024770 0.463842 -0.106834 -0.879453 186 113 15
-0.270020 0.146870 -0.382510 0.522679 -0.427250 -0.737743 194 73 33
-0.320174 0.134861 -0.422051 0.851743 -0.367316 -0.373647 236 80 79
-0.010577 -0.115039 -0.475940 0.250375 0.844066 0.474200 159 235 187
0.362170 -0.341797 -0.701870 -0.294748 0.898913 0.324160 89 242 168
0.092600 -0.181226 0.063851 -0.185346 0.673818 -0.715274 103 213 36
-0.039516 -0.218537 -0.714773 0.270492 0.710715 0.649399 161 218 210
0.156865 0.070410 0.649168 -0.340069 -0.236684 0.910129 84 97 243
-0.489084 0.247612 -0.593507 0.589664 -0.774006 -0.230674 202 28 98
0.367137 -0.119143 -0.638266 0.571963 0.229762 0.787444 200 156 227
0.753911 0.148675 -0.530509 -0.848854 -0.516077 -0.114505 19 61 112
-0.064230 0.112110 0.782385 -0.090048 -0.962713 -0.255099 116 4 94
-0.295173 -0.108712 0.724167 0.804643 0.304175 -0.509928 230 166 62
-0.163450 0.168143 -0.552634 -0.128480 -0.792281 0.596476 111 26 203
-0.035960 -0.102562 0.735155 -0.948398 0.287754 -0.133184 6 164 110
0.434606 -0.075116 -0.554575 0.849108 0.322596 0.418267 235 168 180
-0.033023 -0.006936 -0.562608 -0.880376 -0.090666 0.465530 15 115 186
0.212672 0.099616 0.774369 0.001945 -0.612260 -0.790654 127 49 26
-0.179126 0.150294 0.304523 0.902922 -0.385332 -0.190398 242 78 103
0.066431 -0.176735 -0.596199 0.740168 0.491693 -0.458682 221 190 69
-0.445853 0.156092 -0.673364 0.156417 -0.757840 0.633413 147 30 208
-0.422452 -0.119316 -0.666697 0.295331 0.728989 0.617540 165 220 206
-0.091784 0.230755 -0.241429 -0.507896 -0.825724 0.245402 62 22 158
0.753894 0.142876 -0.511418 -0.636594 -0.619060 -0.459904 46 48 68
-0.115041 0.112084 0.887437 -0.116486 -0.618543 -0.777068 112 48 28
-0.420287 -0.186197 -0.608894 0.145044 0.946963 -0.286746 145 248 90
0.660607 0.144934 -0.379186 -0.289867 -0.697686 -0.655143 90 38 43
-0.474318 -0.280604 -0.566044 0.362690 0.930021 -0.059309 173 246 119
0.430141 -0.162014 -0.504869 -0.837864 0.491834 0.236818 20 190 157
0.282789 -0.192633 0.625067 -0.378262 0.720302 0.581449 79 219 201
-0.397863 0.118204 -0.601098 0.542076 -0.408906 0.734132 196 75 221
-0.075195 -0.030105 0.884563 0.085985 0.076311 -0.993370 138 137 0
-0.127550 0.112814 -0.314696 0.596798 -0.373317 -0.710258 203 79 36
0.008556 0.144488 0.797178 -0.564935 -0.682165 -0.464219 55 40 68
-0.561185 0.127673 -0.561734 0.948193 -0.232958 -0.216011 248 97 99
-0.494941 0.080573 -0.837086 -0.124435 -0.066565 0.989992 111 119 253
0.597110 -0.002234 -0.678910 -0.970535 0.022444 -0.239911 3 130 96
0.140815 0.283710 -0.005135 0.289574 -0.655405 -0.697561 164 43 38
-0.496435 0.114569 -0.650899 0.598737 -0.524841 0.605025 203 60 204
0.165973 0.024399 -0.329747 -0.473919 -0.071719 -0.877643 67 118 15
-0.548127 0.019913 -0.758115 0.677353 0.032970 0.734919 213 131 221
0.340581 0.025074 0.012462 -0.864874 -0.216582 0.452863 17 99 185
-0.055498 0.171498 -0.395902 -0.609577 -0.767565 0.198143 49 29 152
0.043141 -0.044283 0.819283 -0.417913 0.056678 0.906717 74 134 243
-0.032752 0.155561 0.219401 0.051827 -0.695599 0.716558 134 38 218
0.771637 -0.183044 -0.650732 -0.629171 0.539871 0.559181 47 196 198
0.132778 0.182787 -0.435650 0.187293 -0.951578 -0.243764 151 6 96
0.053164 0.010270 0.809611 0.563092 0.171189 -0.808469 199 149 24
-0.017732 0.015455 -0.430834 -0.074424 -0.033849 0.996652 118 123 254
-0.410790 0.217708 -0.450476 0.294522 -0.400963 -0.867459 165 76 16
-0.030602 -0.089814 0.861067 0.133142 0.989544 -0.055457 144 253 120
0.207932 -0.104513 0.744863 -0.893255 0.316903 0.318855 13 167 168
-0.229732 0.214172 0.694995 0.410276 -0.881728 0.232871 179 15 157
0.602776 -0.103329 -0.571560 -0.559968 0.534529 -0.633020 56 195 46
0.213200 -0.093491 0.155088 0.719316 0.679340 -0.145194 219 214 108
0.832357 0.039654 -0.536535 -0.890829 0.032754 0.453156 13 131 185
0.312574 0.309336 -0.617186 0.080914 -0.984228 -0.157313 137 2 107
-0.233810 -0.161184 0.663323 0.260230 0.799309 0.541651 160 229 196
0.044047 0.021147 0.827694 0.238642 -0.150627 -0.959355 157 108 5
0.166822 -0.181761 0.005487 -0.701953 0.671663 -0.236917 38 213 97
-0.443728 0.215064 -0.505328 0.364558 -0.923244 0.121318 173 9 142
-0.338996 -0.224338 -0.534070 0.621815 0.757679 0.198162 206 224 152
0.283769 0.314417 0.145487 -0.440990 -0.890081 0.115251 71 14 142
0.066490 0.045697 0.781814 0.121435 -0.178971 -0.976331 142 104 3
-0.426430 -0.112740 -0.055608 0.784578 0.361897 -0.503456 227 173 63
0.038385 0.098152 0.679098 0.010591 -0.958541 0.284758 128 5 163
0.008622 0.228229 -0.247573 0.303463 -0.945438 -0.118559 166 6 112
0.059586 0.124149 0.648090 0.295592 -0.954614 0.036575 165 5 132
-0.187209 0.023367 0.504530 0.244846 -0.018858 -0.969379 158 125 3
0.100579 -0.214830 0.862330 -0.374016 0.923787 -0.082030 79 245 117
0.291097 0.012133 0.794749 -0.951150 0.267416 -0.154278 6 161 107
0.228477 -0.209242 0.001480 -0.542042 0.825537 0.157097 58 232 147
0.242155 0.172226 0.245090 -0.749468 -0.512523 0.419067 31 62 180
-0.178358 -0.190003 -0.691481 -0.109106 0.433458 0.894545 113 182 241
-0.026928 -0.119903 0.919718 -0.204774 0.384989 -0.899917 101 176 12
-0.298129 -0.122706 -0.564935 -0.030803 0.937252 -0.347288 123 246 83
-0.374112 -0.240710 -0.506411 0.482696 0.843693 -0.234918 189 235 97
0.060894 0.044312 0.845536 0.155236 -0.055243 -0.986332 147 120 1
-0.295505 -0.142368 -0.494841 0.234958 0.539983 0.808216 157 196 230
0.150634 -0.045091 -0.683515 -0.248157 0.051922 0.967327 95 134 250
0.228187 0.022334 0.766363 -0.989038 -0.016861 0.146698 1 125 146
-0.346630 -0.215611 -0.590934 0.292519 0.912213 0.286879 164 243 164
-0.391025 -0.038135 0.735161 0.979654 0.133538 -0.149822 252 144 108
0.638889 0.048748 -0.632429 -0.530341 -0.097506 0.842159 59 115 234
-0.342527 0.049850 -0.587520 -0.951695 -0.199141 0.233708 6 102 157
0.032403 0.001497 0.927107 -0.543630 -0.060258 -0.837159 58 119 20
0.004379 0.038653 -0.235552 -0.305687 0.044025 0.951114 88 133 248
-0.177945 -0.045727 0.804689 0.804720 0.517472 0.290945 230 193 164
0.350924 0.070131 -0.724665 0.847914 -0.421810 -0.321122 235 73 86
0.686577 -0.085145 -0.620779 0.411009 0.590917 -0.694182 179 202 38
-0.039766 -0.193200 0.829155 0.304047 0.620588 -0.722790 166 206 35
0.225920 -0.101022 0.271865 -0.630161 0.528813 -0.568554 47 194 55
-0.285345 0.132185 -0.477457 -0.500790 -0.670007 0.547996 63 42 197
-0.317213 0.086580 0.570593 0.885605 -0.423474 -0.190718 240 73 103
0.186514 -0.118791 0.863721 -0.808212 0.434745 0.397229 24 182 178
0.856283 -0.088290 -0.620465 -0.942489 0.189985 0.274993 7 151 162
-0.451206 0.345880 -0.599095 0.561889 -0.819965 0.109265 199 22 141
0.145069 -0.252797 0.237364 -0.221029 0.962853 0.155112 99 250 147
-0.119415 -0.156103 0.920207 -0.457972 0.576162 -0.676978 69 200 41
-0.438571 -0.142951 -0.458697 0.715588 0.257800 -0.649210 218 160 44
0.019802 0.021109 -0.692471 0.654847 -0.279642 -0.702122 210 91 37
-0.200587 0.306514 -0.328373 0.020752 -0.997666 0.065052 130 0 135
-0.129061 0.034871 -0.639532 0.663942 -0.175093 -0.726997 212 105 34
0.092590 -0.040865 0.928967 -0.468873 0.465024 -0.750940 67 186 31
-0.453572 -0.063957 -0.606550 -0.360591 0.582279 -0.728646 81 201 34
-0.354775 0.208884 -0.641939 0.203098 -0.852890 0.480969 153 18 188
0.300701 -0.222574 0.071679 -0.090008 0.683376 -0.724497 116 214 35
0.379737 -0.230554 0.459505 -0.190469 0.908569 -0.371786 103 243 80
0.228971 0.053939 -0.028916 0.360435 -0.244728 -0.900108 173 96 12
0.217200 0.053277 0.566703 0.670228 -0.251384 -0.698284 212 95 38
0.437916 -0.069287 0.052853 -0.412258 -0.092984 -0.906310 74 115 11
-0.031107 -0.119797 0.817875 -0.078334 0.518748 0.851331 117 193 236
-0.183960 0.173849 0.729439 0.119332 -0.834817 0.537439 142 21 196
-0.565825 -0.125846 -0.737383 0.816368 0.570082 0.092462 231 200 139
-0.158401 0.268421 -0.178279 0.371709 -0.792791 -0.483027 174 26 65
0.309558 -0.108346 -0.555211 -0.605906 0.559101 -0.565937 50 198 55
0.086795 0.099198 0.222783 -0.268538 -0.547347 -0.792653 93 57 26
0.192329 -0.116759 -0.707705 -0.185780 0.490765 0.851255 103 190 236
-0.062208 -0.124261 0.728844 0.892261 0.439609 0.103025 241 183 140
-0.517051 0.185093 -0.527705 0.814098 -0.580723 -0.002195 231 53 127
0.428340 -0.075881 -0.479683 -0.195280 0.188230 0.962515 102 151 250
-0.488841 0.001861 -0.572543 0.522481 0.514650 -0.679815 194 193 40
0.510936 -0.118250 -0.417095 0.321337 0.272360 -0.906952 168 162 11
-0.121510 0.063692 0.695720 0.366946 -0.345525 -0.863692 174 83 17
-0.088677 -0.087257 -0.398320 0.073840 0.187915 0.979406 136 151 252
-0.328144 0.038051 -0.523512 0.373846 -0.357496 -0.855824 175 81 18
0.350230 -0.005574 -0.291448 0.937012 0.128169 -0.324934 246 143 86
-0.267976 -0.258809 0.668064 0.111881 0.990135 -0.084353 141 253 116
-0.069523 -0.210327 0.887523 0.284915 0.866381 -0.410132 163 237 75
0.090726 0.179572 0.590811 -0.182220 -0.790136 0.585218 104 26 202
0.346936 0.163753 -0.488789 -0.432088 -0.894858 -0.111935 72 13 113
-0.264630 -0.020792 0.743398 -0.199970 -0.047163 0.978666 102 121 252
0.141126 0.138874 0.577315 -0.751799 -0.636685 0.171553 31 46 149
0.190512 0.059132 0.931134 -0.179642 -0.143520 -0.973206 104 109 3
-0.122316 0.132879 -0.257000 0.467961 -0.732978 -0.493716 187 34 64
0.135306 0.209678 -0.051777 -0.143340 -0.798632 -0.584500 109 25 52
0.014888 0.001084 -0.623023 -0.562746 -0.157821 0.811424 55 107 230
-0.340699 0.114812 -0.523727 0.124277 -0.931908 0.340737 143 8 170
0.079315 0.022154 0.913601 -0.626811 -0.080569 -0.774994 47 117 28
0.539560 0.165693 -0.605685 -0.554693 -0.323497 0.766594 56 86 225
-0.364510 -0.064630 -0.544666 0.345676 -0.447495 0.824776 171 70 232
-0.059025 0.167476 -0.515673 -0.046026 -0.362669 0.930781 121 81 246
-0.206115 0.110368 0.819251 0.774180 -0.275018 -0.570097 226 92 54
0.216891 -0.079506 -0.526195 0.504983 0.635091 0.584510 191 208 202
-0.183034 0.074586 -0.423759 -0.915260 0.080793 0.394678 10 137 177
0.253336 0.227494 0.811944 -0.201736 -0.906071 -0.371939 101 11 80
-0.128215 0.045163 -0.755033 0.816844 0.028325 0.576163 231 131 200
0.011109 -0.086109 0.914005 -0.176747 0.361621 -0.915418 104 173 10
0.070254 -0.118791 -0.006906 -0.323767 0.928124 -0.183743 86 245 104
-0.622802 0.160067 -0.652908 0.747659 -0.394267 -0.534377 222 77 59
-0.374263 -0.084067 -0.462339 0.610070 0.600336 -0.517119 205 204 61
-0.470453 -0.219089 -0.632578 0.513681 0.844635 0.150745 192 235 146
-0.137831 -0.037311 0.747733 0.690584 0.037045 0.722303 215 132 219
-0.371525 -0.130434 -0.398467 0.496613 0.817358 -0.292064 190 231 90
0.169502 0.234206 0.388777 -0.698435 -0.684454 0.209072 38 40 154
0.011975 -0.200342 0.072659 0.434407 0.738001 0.516377 182 221 193
0.007180 0.019172 0.541298 0.975699 0.106065 -0.191733 251 141 103
0.677031 0.026121 -0.456388 -0.671659 -0.707356 0.220276 41 37 155
0.145515 0.225858 0.155454 0.207443 -0.656160 -0.725550 153 43 34
-0.424732 -0.033571 -0.675928 0.554057 0.436159 0.709075 198 183 217
0.431815 -0.156490 -0.363437 -0.592132 0.441371 0.674220 52 183 213
-0.366071 -0.040293 0.757733 0.811741 0.109556 -0.573649 230 141 54
0.354123 0.067885 -0.632638 -0.484554 -0.479078 -0.731910 65 66 34
0.009209 0.004825 0.873414 -0.663228 -0.288598 -0.690536 42 90 39
-0.063823 0.235215 0.856289 0.341548 -0.778603 -0.526424 171 28 60
-0.313246 0.186520 0.702293 0.541852 -0.613293 -0.574690 196 49 54
0.157032 -0.087084 0.745574 0.501950 0.844079 -0.188617 191 235 103
0.077314 0.159412 0.854212 -0.265995 -0.962956 0.044293 93 4 133
0.108245 0.091429 0.092570 0.894197 -0.213777 -0.393335 241 100 77
0.273885 -0.265359 0.029670 0.048955 0.998610 -0.019545 133 254 125
-0.276257 -0.101323 -0.692528 -0.579455 0.156607 0.799816 53 147 229
0.204006 -0.356584 -0.029552 -0.222491 0.972333 0.071177 99 251 136
-0.140726 -0.081861 0.594158 0.093874 0.226264 0.969532 139 156 251
0.063596 -0.034816 0.887469 -0.540262 0.391445 -0.744908 58 177 32
-0.002043 0.294435 0.830383 -0.024939 -0.924923 -0.379336 124 9 79
-0.295148 -0.180343 -0.607091 -0.243924 0.793489 -0.557562 96 228 56
-0.517885 -0.071586 -0.694614 0.428268 0.107197 0.897271 182 141 241
0.651650 0.191211 -0.649880 -0.304389 -0.780054 0.546684 88 28 197
-0.050292 -0.048672 -0.223299 0.649207 -0.135145 -0.748509 210 110 32
0.357653 0.074090 0.607431 -0.771228 -0.269942 -0.576489 29 93 53
0.020849 0.023955 0.828671 -0.476842 0.047001 -0.877732 66 133 15
0.082743 0.144724 -0.178427 0.095377 -0.981341 0.166953 139 2 148
-0.134089 -0.230086 -0.386478 -0.616777 0.749873 -0.239324 48 223 96
-0.021674 0.014708 -0.698251 -0.793335 -0.178700 0.581967 26 104 201
0.018739 0.173749 -0.091340 0.101216 -0.990935 -0.088334 140 1 116
-0.326239 -0.066107 -0.512185 0.544771 0.830480 0.116304 196 233 142
0.637503 0.195313 -0.392148 0.247415 -0.574358 -0.780320 159 54 28
-0.232150 -0.063927 -0.538592 -0.229235 -0.170897 0.958251 98 105 249
-0.437829 -0.125701 -0.620554 0.529456 0.601792 0.597932 195 204 203
-0.273679 0.106122 0.786483 0.503281 -0.228820 -0.833276 191 98 21
-0.344515 0.142342 -0.394457 0.920175 -0.366081 0.138790 244 80 145
0.240793 -0.043322 0.414008 -0.784615 -0.014470 0.619815 27 125 206
-0.038535 -0.034059 -0.371927 0.523993 0.391506 -0.756409 194 177 31
0.260883 0.129370 0.719073 -0.561361 -0.603206 -0.566583 55 50 55
-0.469628 -0.006783 -0.669238 0.977804 -0.043543 0.204945 252 121 153
0.241520 -0.124879 0.430051 -0.470854 0.826473 -0.308607 67 232 88
0.098892 0.051221 -0.047349 0.984927 0.105357 -0.137183 253 140 110
-0.366733 0.087601 -0.606862 0.896334 -0.384771 0.220310 241 78 155
-0.095180 -0.016817 0.864994 0.262380 -0.188980 -0.946279 160 103 6
-0.349899 0.001531 -0.666107 -0.583654 -0.202863 0.786253 53 101 227
-0.498978 0.100044 0.672075 0.817097 -0.486612 0.309131 231 65 166
-0.030048 0.056308 -0.088196 0.861548 -0.182256 0.473833 237 104 187
-0.510506 -0.105485 -0.671573 0.654097 0.547522 0.521897 210 197 194
0.388494 0.066477 -0.087531 -0.307546 -0.312414 -0.898784 88 87 12
-0.028918 -0.133332 0.774148 -0.250523 0.954323 -0.162805 95 249 106
-0.105675 -0.079153 -0.575742 -0.459598 0.690693 -0.558313 68 215 56
-0.136908 -0.134757 0.809193 -0.204223 0.970661 0.126927 101 251 143
-0.440726 0.033792 -0.594338 0.782062 -0.578713 -0.231236 227 53 98
0.329357 -0.002439 -0.403554 -0.012050 -0.103698 0.994536 125 114 254
0.147814 -0.134465 -0.012904 0.003477 0.433016 -0.901380 127 182 12
0.174160 -0.165345 0.081564 -0.447616 0.601926 0.661306 70 204 211
-0.262480 -0.029486 -0.727237 -0.206355 0.043484 0.977511 101 133 252
-0.201474 0.196543 0.806902 0.692050 -0.714299 -0.104136 215 36 114
-0.140095 0.073052 0.681072 0.933673 0.097936 0.344475 246 139 171
0.955942 -0.032377 -0.728974 -0.662539 0.117128 0.739813 43 142 221
-0.260052 0.064382 0.811009 0.717129 -0.292124 -0.632763 218 90 46
-0.129806 -0.165449 -0.345129 -0.740081 0.302972 -0.600407 33 166 50
-0.116235 -0.066161 -0.029904 0.136937 0.133156 -0.981589 144 144 2
0.273236 -0.008163 0.489255 -0.556815 -0.151030 0.816791 56 108 231
0.266381 -0.084285 0.876786 -0.886654 0.297439 -0.354084 14 165 82
0.077886 0.120543 -0.268021 -0.736629 -0.338843 0.585288 33 84 202
-0.371140 0.131589 -0.297711 0.671855 -0.306899 -0.674109 213 88 41
-0.267617 0.124326 -0.767600 0.040608 -0.389521 0.920122 132 77 244
0.384476 -0.125537 -0.784012 -0.547782 0.151470 0.822795 57 146 232
0.574252 0.059937 -0.258511 -0.845655 -0.411935 -0.339379 19 74 84
-0.032045 0.145955 -0.261805 0.415694 -0.224579 0.881342 180 98 239
0.341240 0.128576 0.556326 -0.069602 -0.535366 -0.841747 118 59 20
0.347576 0.004771 -0.061700 -0.846127 -0.185218 0.499763 19 103 191
0.594555 0.021415 -0.486012 -0.889316 -0.359313 0.282862 14 81 163
-0.173133 -0.230926 0.119996 0.600206 0.661531 0.449588 204 211 184
-0.383528 0.072995 -0.523109 0.832428 -0.383973 -0.399534 233 78 76
-0.110231 -0.089983 -0.272596 -0.985722 0.067204 -0.154387 1 136 107
0.197309 -0.072223 -0.755416 -0.236706 0.184073 0.953985 97 150 249
0.054158 -0.057044 0.788924 -0.271606 0.270716 -0.923549 92 162 9
0.138896 -0.045390 -0.554425 -0.502427 0.649164 0.571098 63 210 200
0.021815 0.147806 -0.204358 0.530500 -0.836469 -0.137436 195 20 109
0.064625 -0.341438 -0.460913 -0.032550 0.927103 -0.373391 123 245 79
-0.257846 -0.076830 -0.713733 -0.901210 0.191669 0.388694 12 151 177
0.250528 0.218951 -0.697988 -0.515743 -0.765024 0.385678 61 29 176
0.512235 0.118219 -0.577141 0.843885 -0.529521 -0.086397 235 59 116
0.319750 0.297969 -0.672956 -0.172934 -0.770350 0.613722 105 29 205
-0.174211 0.202878 -0.353010 0.748966 -0.653869 0.107264 222 44 141
0.295105 0.020345 -0.495956 -0.669677 -0.144336 -0.728492 42 109 34
0.330273 -0.034050 -0.278594 0.745319 0.086618 -0.661058 222 138 43
-0.350610 -0.176849 -0.622099 -0.198442 0.583517 0.787483 102 201 227
0.142837 0.113753 -0.281076 -0.005221 -0.417221 -0.908790 126 74 11
0.274082 0.125892 0.837916 -0.821422 -0.569584 -0.028994 22 54 123
0.096164 0.232591 0.231537 -0.253874 -0.717249 0.648923 95 36 210
0.056844 -0.100453 1.038467 0.258223 0.340590 -0.904057 160 170 12
-0.321440 0.127182 -0.478087 0.414012 -0.554765 0.721686 180 56 219
0.162384 0.182133 0.081082 -0.203370 -0.764632 0.611538 101 30 205
-0.357138 -0.022271 -0.647022 0.628992 0.359772 0.689154 207 173 215
0.168028 0.268707 0.075363 0.583406 -0.774230 -0.245366 201 28 96
-0.388396 0.222916 -0.529641 0.502769 -0.797339 0.333876 191 25 170
-0.290831 -0.065774 -0.387573 -0.126123 0.818821 0.560022 111 231 198
0.207296 0.123892 0.887489 -0.910271 -0.405287 0.084553 11 75 138
-0.086336 -0.011205 0.874960 0.414068 -0.001790 -0.910244 180 127 11
-0.219165 0.154531 -0.246811 0.639239 -0.533903 -0.553463 209 59 56
-0.402677 0.308225 0.664601 0.517597 -0.834072 0.190833 193 21 151
0.508903 -0.004870 -0.551677 -0.848627 -0.120533 0.515077 19 112 193
-0.375729 0.028922 -0.581624 -0.951926 -0.254679 -0.170224 6 95 105
-0.018923 -0.088991 -0.310810 0.312440 0.372517 -0.873849 167 174 16
-0.420060 0.325546 -0.571940 0.531015 -0.805905 -0.261802 195 24 94
-0.459039 0.037034 -0.785872 0.972741 -0.188640 0.134867 251 103 144
-0.375216 0.087544 -0.523121 0.958840 -0.251807 -0.131222 249 95 110
0.042954 -0.079816 0.709134 0.674475 0.241804 -0.697577 213 158 38
-0.334080 0.155087 -0.628239 -0.391669 -0.694323 0.603748 77 38 204
0.448158 0.029571 0.639630 -0.995591 0.006424 0.093581 0 128 139
0.202879 -0.108887 0.384137 0.238901 0.876934 0.417029 157 239 180
-0.150681 -0.058535 -0.653760 0.645656 0.339131 -0.684192 209 170 40
-0.568981 -0.081820 -0.609391 0.828295 0.020698 -0.559911 233 130 56
-0.437062 0.060522 -0.637349 0.627750 -0.294262 -0.720653 207 89 35
0.587690 0.229336 -0.631818 0.007103 -0.946401 0.322916 128 6 168
-0.024091 0.138552 -0.337187 0.674867 -0.516626 0.526928 213 61 194
-0.334442 -0.200703 -0.559353 0.069647 0.854830 0.514214 136 236 193
0.111016 0.060653 0.729086 -0.606475 -0.670799 0.426869 50 41 181
-0.028406 0.109721 -0.442091 -0.952702 -0.289383 0.092829 6 90 139
0.386589 -0.085573 -0.732572 -0.781580 0.255187 0.569221 27 160 200
-0.494205 -0.239898 -0.613325 0.091118 0.948937 -0.302019 139 248 88
-0.155224 0.037150 -0.678879 -0.089401 -0.146742 0.985126 116 108 253
-0.014998 0.147798 0.666533 -0.252517 -0.300176 0.919853 95 89 244
0.451157 0.258645 0.356704 -0.705887 -0.646891 0.288541 37 45 164
0.090045 -0.070661 0.918031 -0.676910 0.379024 -0.630978 41 175 47
0.193340 0.015800 -0.428746 0.207105 -0.067063 -0.976017 153 118 3
-0.180030 -0.059437 0.449109 0.841574 0.192351 0.504732 234 152 191
-0.134528 0.170827 -0.464002 -0.304682 -0.469359 0.828777 88 67 233
0.282271 0.070130 -0.285049 -0.895574 -0.187042 0.403687 13 103 178
-0.223462 0.181427 -0.496314 -0.377000 -0.389873 0.840161 79 77 234
-0.390312 0.056741 -0.548653 -0.265165 -0.169542 0.949180 93 105 248
0.464207 0.059952 0.160905 -0.825872 -0.143647 -0.545253 22 109 57
-0.393660 0.114341 -0.568489 -0.799273 -0.568073 -0.196102 25 55 102
-0.206512 0.192693 -0.532242 -0.775681 -0.596451 0.206314 28 51 153
0.119089 -0.158103 0.786427 0.127412 0.854413 -0.503730 143 236 63
-0.317923 0.042725 -0.452640 0.430848 -0.431208 -0.792736 182 72 26
0.353152 0.095064 0.327298 -0.945108 -0.302616 0.123268 6 88 143
-0.149334 0.065642 0.722265 0.932320 -0.178402 0.314567 246 104 167
0.337371 0.048304 -0.263552 -0.683540 -0.226603 0.693847 40 98 215
-0.102401 0.200255 0.825386 0.772062 -0.634913 -0.028374 225 46 123
-0.045963 0.034339 0.823368 -0.553555 0.044092 0.831645 56 133 233
0.364497 0.064655 -0.829981 -0.421271 -0.047680 0.905681 73 121 242
0.145571 0.080919 0.751763 -0.196841 -0.787051 0.584641 102 27 202
-0.672853 0.234938 -0.691856 0.838991 -0.541908 -0.049296 234 58 121
0.313302 -0.146566 0.527176 -0.614770 0.474585 0.629943 49 188 207
-0.082753 -0.152616 0.613468 0.897137 0.436716 -0.066511 241 183 119
0.113855 -0.269718 -0.010054 -0.162046 0.980749 -0.108957 106 252 113
0.079586 0.219352 0.556612 -0.019703 -0.944816 0.327008 124 7 169
-0.171458 0.080805 -0.394693 0.133081 -0.087245 -0.987258 144 116 1
0.014441 -0.063123 0.831900 0.195895 0.236689 -0.951632 152 157 6
0.109375 0.252894 -0.072431 0.148252 -0.712044 -0.686305 146 36 39
0.371434 -0.154579 0.427399 -0.842566 0.408818 -0.350642 20 179 82
0.011267 0.163995 0.364597 0.747446 -0.510056 -0.425637 222 62 73
-0.149441 -0.085522 -0.342557 -0.654910 0.181074 -0.733693 43 150 33
-0.071826 -0.015428 0.064759 0.831949 0.225120 -0.507131 233 156 62
-0.363035 -0.073834 -0.571333 0.489196 0.166494 -0.856135 189 148 18
-0.339142 -0.065007 -0.589702 -0.513974 0.102305 0.851684 61 140 236
-0.149575 0.192047 -0.580633 -0.589599 -0.454546 0.667654 52 69 212
0.127192 -0.178729 0.782263 -0.243042 0.957800 -0.153461 96 249 107
0.489596 -0.232510 -0.476754 0.157116 0.710960 -0.685457 147 218 40
-0.388440 -0.010245 -0.621725 -0.300396 0.061078 0.951857 89 135 248
-0.454816 0.114952 -0.569488 0.661411 -0.507186 -0.552538 211 62 57
-0.144242 0.049611 -0.434655 -0.171361 -0.119795 0.977898 105 112 252
-0.161257 -0.201798 0.723589 -0.343781 0.757034 0.555620 83 224 198
-0.070810 -0.115005 0.837012 -0.513488 0.563729 -0.646946 62 199 45
-0.007521 -0.179003 0.061201 0.835106 0.519966 -0.179537 233 193 104
0.199012 -0.048216 0.351221 -0.134760 0.582622 0.801493 110 201 229
-0.626409 -0.243987 -0.502375 0.769458 0.380336 -0.513108 225 175 62
0.185601 0.027462 0.176420 -0.031351 -0.618010 -0.785545 123 48 27
-0.012311 0.309383 0.720193 0.436974 -0.821898 -0.365429 183 22 80
-0.101340 -0.024475 -0.243077 -0.265939 0.440666 0.857374 93 183 236
0.343878 -0.103433 0.172014 -0.318808 0.420663 -0.849355 86 181 19
-0.393613 0.010028 -0.613903 0.818262 -0.064154 -0.571254 231 119 54
-0.364356 0.100250 -0.465463 -0.255521 -0.765512 -0.590508 94 29 52
-0.467582 -0.243970 -0.725256 0.243023 0.751867 0.612891 158 223 205
0.452736 -0.036197 -0.660213 0.115472 0.052349 0.991930 142 134 253
0.014305 -0.041771 0.793331 -0.928167 0.203332 -0.311709 9 153 87
0.160748 0.238599 0.213447 0.482838 -0.725950 -0.489760 189 34 65
0.119615 0.160152 0.971557 0.011690 -0.335731 -0.941886 128 84 7
-0.502439 0.206752 -0.686395 0.313028 -0.661637 0.681360 167 43 214
0.101751 -0.021922 0.320625 0.960340 -0.071841 0.269416 249 118 161
-0.358841 0.078749 -0.660626 -0.698656 -0.515680 0.495936 38 61 190
0.037710 -0.193212 0.910951 -0.244478 0.801432 -0.545837 96 229 57
0.662504 0.132283 -0.664686 -0.309726 -0.305882 0.900281 88 88 242
-0.317255 0.005101 -0.246926 0.916268 -0.060663 0.395946 244 119 177
-0.037788 -0.255267 -0.859425 -0.387288 0.487148 0.782748 78 189 227
-0.407808 -0.020736 0.467829 0.969224 -0.195065 -0.150183 251 102 108
-0.053259 0.051795 -0.612554 0.545632 0.031179 -0.837445 197 131 20
-0.193886 0.276336 -0.627189 0.357926 -0.912782 -0.196768 173 11 102
-0.288877 0.321076 -0.584731 0.232954 -0.972195 -0.023847 157 3 124
0.338298 0.235374 -0.685416 0.405012 -0.913551 0.037283 179 11 132
0.014778 0.172663 0.626303 -0.028796 -0.970624 0.238873 123 3 157
0.013788 -0.016983 0.824561 0.797155 0.151103 -0.584561 229 146 52
-0.269491 -0.082852 -0.461209 0.606401 0.793746 -0.047382 204 228 121
-0.085664 -0.110357 0.092433 0.909198 0.310503 -0.277392 243 167 92
-0.086579 -0.123224 -0.108967 -0.462868 0.394851 0.793628 68 177 228
-0.401007 -0.149664 -0.385975 0.036064 0.544818 -0.837778 132 196 20
0.272743 0.126370 0.451922 -0.760808 -0.619197 0.194334 30 48 152
0.002729 0.088732 -0.118650 0.003727 -0.068419 -0.997650 127 118 0
0.379158 -0.216881 -0.695351 0.443699 0.744662 0.498607 184 222 191
-0.042915 -0.072144 0.039105 -0.217459 0.943251 0.250976 99 247 159
-0.382835 0.045719 -0.717070 0.013270 -0.213797 0.976788 129 100 252
-0.102379 0.276656 -0.053595 0.635982 -0.545338 -0.546016 208 57 57
-0.207479 -0.029450 -0.526875 -0.404972 0.086316 0.910246 75 138 243
0.287768 0.160274 0.054468 -0.346182 -0.737120 -0.580355 83 33 53
0.235679 0.108327 0.144104 -0.316526 -0.355286 0.879536 87 82 239
0.733892 -0.140145 -0.611144 -0.224040 0.786708 0.575236 98 227 200
-0.095551 0.197714 -0.374524 -0.126156 -0.942820 -0.308505 111 7 88
-0.333028 -0.199460 -0.505681 0.314889 0.915667 -0.249797 167 244 95
-0.490671 -0.185978 -0.613775 0.750248 0.464308 0.470687 223 186 187
0.518759 -0.093610 -0.674208 -0.874684 0.116022 0.470602 15 142 187
-0.114230 0.010832 -0.568399 0.981655 -0.067615 0.178276 252 118 150
0.325277 -0.109856 -0.527232 -0.242208 0.373236 -0.895561 96 175 13
0.148127 -0.105961 0.788915 -0.879990 0.462475 -0.108330 15 186 113
0.125207 0.154917 0.430297 -0.553969 -0.832115 0.026523 56 21 130
0.405465 -0.197103 0.554813 -0.718465 0.447268 0.532690 35 184 195
-0.145572 -0.023304 0.703460 0.851561 0.030105 -0.523391 236 131 60
0.493516 0.200729 -0.675207 0.041563 -0.672050 0.739339 132 41 221
-0.536867 0.007996 -0.709244 0.463984 0.090613 0.881197 186 139 239
0.052391 0.126276 0.480447 0.608330 -0.778726 -0.153362 205 28 107
-0.317086 0.197233 -0.288831 0.354929 -0.477893 -0.803519 172 66 25
-0.063855 0.238172 0.858416 -0.060902 -0.915854 -0.396867 119 10 76
0.114133 0.221202 -0.068669 0.253308 -0.956434 -0.145149 159 5 108
-0.282334 0.034169 0.723311 0.687401 -0.055617 -0.724146 215 120 35
0.043284 -0.169255 -0.346841 -0.774369 0.473192 0.420050 28 187 181
0.227982 0.196951 0.717306 -0.394968 -0.619728 -0.678187 77 48 41
0.073342 -0.343716 0.106169 0.129067 0.987685 0.088434 143 253 138
-0.254780 -0.186831 -0.533198 0.508996 0.845244 -0.162741 192 235 106
-0.450578 0.079656 -0.627274 0.637411 -0.678751 0.364697 208 40 173
0.852009 -0.267226 -0.386198 -0.026230 0.901853 -0.431247 124 242 72
-0.034658 -0.187531 0.795269 0.735080 0.677384 0.028441 221 213 131
0.452170 -0.217779 -0.286750 -0.364283 0.686133 0.629697 81 214 207
-0.078728 -0.077559 -0.503798 -0.540073 0.159787 0.826311 58 147 232
-0.521454 -0.145398 -0.503203 0.889302 0.449497 0.084226 240 184 138
0.412605 0.186679 -0.472381 -0.071974 -0.872342 -0.483570 118 16 65
0.186921 0.230003 0.815340 -0.559953 -0.793390 -0.238716 56 26 97
0.315020 0.056479 -0.164865 -0.912772 -0.241200 0.329650 11 96 169
0.601354 -0.023416 -0.723106 -0.748367 -0.023082 0.662883 32 124 212
-0.351931 0.033041 -0.446259 0.346333 -0.196614 -0.917277 171 102 10
0.158403 0.117005 0.329912 -0.474940 -0.542670 0.692778 66 58 215
0.158329 -0.044857 0.713644 -0.736451 0.320832 0.595572 33 168 203
-0.128903 0.150855 -0.678523 0.116534 -0.990951 0.066607 142 1 135
-0.224779 -0.179163 0.689427 0.526316 0.759401 0.382494 194 224 176
0.943236 0.022993 -0.455522 -0.920952 -0.038691 0.387751 10 122 176
0.145671 0.214711 0.800137 0.073644 -0.673174 -0.735808 136 41 33
-0.250789 0.036256 0.449146 0.977738 -0.096147 -0.186503 252 115 103
0.079567 0.109570 -0.585674 -0.134476 -0.986408 -0.094423 110 1 115
0.219059 0.112070 0.703539 -0.761380 -0.590578 0.267429 30 52 161
0.458533 0.042332 -0.646017 -0.756248 -0.466196 0.459075 31 68 186
0.669397 -0.144768 -0.596963 -0.872140 0.437415 0.219181 16 183 155
-0.377823 -0.296185 -0.596938 0.435976 0.864519 -0.250065 183 237 95
-0.067852 0.173317 -0.537694 0.032713 -0.542659 -0.839316 131 58 20
0.153209 0.042062 0.168948 0.387785 -0.275999 -0.879458 176 92 15
-0.341577 -0.037400 -0.748842 0.813846 -0.148754 0.561718 231 108 199
0.168123 -0.238242 0.370319 -0.119552 0.961951 -0.245679 112 250 96
-0.242684 -0.167888 -0.664120 -0.251311 0.773524 0.581811 95 226 201
-0.312946 0.220099 -0.557185 0.566960 -0.820624 0.071639 199 22 136
-0.361430 0.140283 -0.666370 -0.117440 -0.288731 0.950180 112 90 248
-0.095755 0.063012 0.916554 0.419804 -0.223231 -0.879734 181 99 15
0.067034 -0.055267 0.676916 0.607674 0.210273 -0.765844 204 154 29
-0.084305 -0.226577 -0.229377 0.504198 0.484838 -0.714644 191 189 36
0.461734 0.237110 -0.448042 -0.423813 -0.905749 0.000601 73 12 127
-0.354952 0.105978 -0.644774 0.870984 -0.256928 0.418779 238 94 180
0.016671 0.013012 -0.235864 0.244508 -0.069841 -0.967129 158 118 4
0.066398 0.147402 0.760708 -0.651476 -0.753961 -0.084395 44 31 116
-0.368353 -0.103220 0.635686 0.891829 0.380614 0.244487 241 176 158
0.048270 -0.221418 0.389988 0.546839 0.640967 -0.538636 197 209 58
-0.000276 -0.139381 0.011447 0.653164 0.469748 -0.593897 210 187 51
0.123453 0.187389 0.209488 0.304086 -0.411885 -0.859001 166 74 17
0.051878 -0.154587 0.824809 0.419917 0.745185 -0.518043 181 222 61
0.259118 0.308712 0.225000 -0.344648 -0.935887 -0.073029 83 8 118
-0.393970 0.003702 -0.700737 0.100979 -0.102754 0.989568 140 114 253
-0.065651 0.047615 0.797372 0.172765 -0.459044 -0.871453 149 68 16
0.297315 0.003643 -0.058227 -0.776795 -0.061064 -0.626786 28 119 47
0.942295 -0.004038 -0.549978 -0.973664 -0.183591 0.135174 3 104 144
-0.146851 0.023347 0.611917 0.280471 -0.060382 0.957961 163 119 249
-0.395722 -0.136298 -0.776350 -0.083239 0.226066 0.970549 116 156 251
0.283910 -0.003493 -0.572685 -0.589207 -0.246080 0.769597 52 96 225
0.243122 -0.011020 0.395602 -0.325297 0.315564 0.891404 86 167 241
0.401788 -0.065035 0.806142 -0.926420 0.258117 0.274084 9 160 162
0.148669 -0.012532 0.642344 0.949162 0.308635 -0.061942 248 166 119
-0.398055 -0.137168 -0.756594 0.126265 0.539694 0.832339 143 196 233
-0.359912 -0.012528 0.208291 0.298717 -0.031872 0.953809 165 123 249
-0.245288 -0.134774 -0.324083 0.609586 0.543677 0.576906 205 196 201
-0.285520 0.114720 -0.696037 -0.399171 -0.432861 0.808266 76 72 230
-0.024884 -0.008423 -0.470008 -0.860565 -0.319417 0.396737 17 86 178
0.048885 -0.078067 0.861591 -0.786829 0.298553 -0.540154 27 165 58
-0.098497 0.038800 0.807764 0.952665 -0.297477 0.062751 248 89 135
-0.212616 -0.064524 0.759439 0.432621 0.743107 0.510520 182 222 192
0.320908 0.259032 -0.342584 0.303324 -0.933082 -0.193266 166 8 102
0.077394 0.120974 0.904844 -0.142371 -0.495227 -0.857019 109 64 18
-0.101680 -0.193613 -0.402993 -0.617498 0.756970 0.213758 48 224 154
0.312060 0.113837 0.711983 -0.828181 -0.503580 -0.246017 21 63 96
-0.009379 0.231393 -0.448082 -0.533202 -0.741928 0.406495 59 32 179
-0.282380 -0.129730 -0.516601 0.006044 0.867356 0.497652 128 238 190
0.118366 0.060645 0.785952 0.236023 -0.123933 -0.963812 157 111 4
0.270954 -0.160963 -0.662876 0.285291 0.757937 -0.586635 163 224 52
0.895566 0.188884 -0.590705 -0.727600 -0.658990 0.190607 34 43 151
-0.069447 0.008847 0.038950 0.746582 -0.518866 0.416405 222 61 180
-0.304615 0.000940 -0.725077 -0.083683 -0.426365 0.900672 116 73 242
0.451212 0.020204 -0.667127 0.911513 -0.318035 0.260763 243 86 160
0.142791 0.077717 -0.109741 -0.096041 -0.494977 -0.863582 115 64 17
0.198092 0.047811 0.393974 -0.879721 -0.423857 0.215490 15 73 154
-0.321775 0.322291 -0.526913 -0.014195 -0.930553 0.365883 125 8 174
0.600475 0.155276 -0.578050 -0.377326 -0.925624 0.029058 79 9 131
0.188121 -0.263954 0.117173 0.377610 0.521619 -0.765065 175 194 29
-0.070568 -0.131790 -0.316968 0.071969 0.526818 -0.846926 136 194 19
0.406980 0.038758 -0.770568 -0.064549 -0.153703 0.986007 119 107 253
0.266289 0.145139 0.633666 -0.839134 -0.434211 0.327590 20 72 169
-0.288798 0.061600 -0.316488 0.933861 -0.296113 0.200549 246 89 153
0.214933 0.091406 0.128371 -0.386768 -0.865192 -0.319146 78 17 86
0.079084 0.081833 0.656573 0.242475 -0.162175 -0.956507 158 106 5
0.224922 0.063349 0.572656 -0.236731 -0.081238 -0.968173 97 117 4
-0.387177 -0.074381 -0.641981 0.208017 0.977132 0.044080 154 252 133
0.108909 -0.380857 0.748714 -0.129241 0.964423 -0.230620 111 250 98
0.014918 -0.057551 0.867562 0.773665 0.210880 -0.597472 226 154 51
-0.367682 -0.171380 -0.541561 0.213611 0.926949 -0.308442 154 245 88
0.557990 0.162608 -0.557711 -0.291210 -0.951758 0.096713 90 6 139
-0.439459 0.022145 0.623312 0.816961 0.106203 0.566829 231 141 199
0.115594 -0.296378 0.685742 0.322827 0.885432 -0.334355 168 240 84
0.215393 0.181042 0.801043 -0.787297 -0.581230 0.205756 27 53 153
-0.277205 0.079039 -0.503993 0.457997 -0.865345 0.203509 185 17 153
0.379900 -0.137408 -0.676261 -0.813531 0.572791 0.100390 23 200 140
-0.093650 -0.175003 -0.593537 0.571134 0.613502 -0.545364 200 205 57
0.287302 -0.156278 0.891170 -0.787357 0.315193 -0.529832 27 167 59
-0.148769 0.257964 0.495444 0.350575 -0.858309 0.374703 172 18 175
0.288868 0.019773 0.394304 -0.347265 0.071787 0.935015 83 136 246
-0.101784 -0.177472 0.861043 -0.021270 0.844179 -0.535639 124 235 59
-0.021013 0.126533 0.076382 0.945199 -0.310996 -0.099400 248 87 114
0.069378 -0.137275 -0.461482 -0.326829 0.202219 0.923196 85 153 245
0.032750 -0.231245 -0.031442 0.334636 0.925317 -0.178344 170 245 104
0.274466 0.119456 0.619006 -0.281959 -0.948216 -0.146236 91 6 108
0.111294 -0.111008 0.381268 0.775599 0.611356 0.157133 226 205 147
0.257287 -0.201312 0.252848 -0.207612 0.691661 -0.691739 101 215 39
-0.134776 0.093822 0.787674 -0.018575 -0.509000 -0.860566 125 62 17
-0.182839 -0.078011 -0.578023 0.714456 0.022257 0.699326 218 130 216
-0.030259 -0.086340 0.805342 0.694494 0.596412 0.402456 216 203 178
0.071550 -0.012957 -0.447925 -0.313229 0.139419 0.939388 87 145 247
-0.033304 -0.154683 -0.192479 0.320313 0.517579 0.793417 168 193 228
0.174999 0.171528 0.719052 -0.196894 -0.788953 -0.582053 102 26 53
-0.009174 0.111350 -0.287411 -0.103711 -0.593868 0.797850 114 51 229
-0.411572 0.012282 -0.788171 -0.025921 -0.299660 0.953694 124 89 249
0.049885 -0.118653 0.913052 0.168690 0.164154 -0.971904 149 148 3
-0.302343 -0.021719 -0.697868 0.732521 0.379698 0.565016 220 175 199
0.004765 -0.135547 -0.495882 0.156381 0.851108 0.501159 147 236 191
-0.486864 0.025391 -0.576574 0.998813 -0.035902 -0.032911 254 122 123
-0.125364 0.284908 -0.284314 0.538339 -0.592297 -0.599479 196 51 51
-0.532309 0.001284 -0.615190 0.967632 -0.145024 0.206536 250 109 153
-0.024026 -0.131104 0.781659 -0.800812 0.543922 -0.250696 25 196 95
-0.184405 0.309824 0.857218 0.010386 -0.680879 -0.732322 128 40 34
0.054475 -0.111560 -0.784984 -0.565819 0.536858 0.625806 55 195 207
-0.452446 0.140523 -0.711935 0.553354 -0.698823 0.453262 198 38 185
-0.019421 0.084385 -0.424944 0.376867 -0.919019 0.115648 175 10 142
-0.316092 0.170707 -0.592914 -0.494018 -0.846533 0.198313 64 19 152
0.266901 -0.328526 0.525571 -0.419694 0.770251 0.480178 73 225 188
-0.465170 -0.089860 -0.603232 0.666134 0.479293 0.571440 212 188 200
0.017326 0.002068 0.405076 -0.975845 -0.178037 0.126606 3 104 143
0.021848 -0.255753 0.637028 0.585353 0.757166 -0.289934 202 224 90
0.352849 0.128648 0.273827 -0.173557 -0.572390 -0.801403 105 54 25
-0.200167 -0.249227 -0.499105 -0.411782 0.893083 0.181214 74 241 150
-0.081555 -0.171630 -0.560082 -0.015196 0.973044 0.230121 125 251 156
0.305407 0.097358 0.688152 -0.981071 -0.188975 -0.042282 2 103 122
-0.514632 0.010880 -0.737020 0.122428 -0.030644 0.992004 143 123 253
-0.582304 -0.039879 -0.537241 0.801941 0.106778 -0.587784 229 141 52
-0.059626 0.269472 0.809023 0.227981 -0.825922 -0.515633 156 22 61
-0.268967 0.187299 0.595841 0.329058 -0.726316 0.603478 169 34 204
-0.071834 -0.281567 -0.237312 0.416766 0.904198 -0.093445 180 242 115
-0.179045 0.169652 0.822156 0.467056 -0.367045 -0.804448 187 80 24
-0.015790 0.106013 0.887673 0.509301 -0.178319 -0.841912 192 104 20
0.563311 0.073678 -0.683189 -0.651327 -0.541833 0.531216 44 58 195
0.233849 -0.142078 0.354274 -0.650427 0.461507 0.603287 44 186 204
-0.301601 -0.111781 -0.604291 0.626398 0.380905 0.680101 207 176 214
-0.259839 0.247604 -0.553022 0.080730 -0.899328 0.429758 137 12 182
-0.445449 -0.011308 -0.400212 0.908599 0.000653 -0.417669 243 127 74
-0.121092 -0.041309 -0.128612 0.659554 0.092805 -0.745906 211 139 32
0.044931 0.145768 -0.371985 -0.776133 -0.451382 -0.440309 28 69 71
0.360811 0.017740 -0.776025 0.310288 -0.016364 0.950502 167 125 248
-0.055348 0.152659 0.795956 0.498515 -0.654673 -0.568231 191 44 55
0.255300 0.203816 0.061379 -0.826710 -0.509267 -0.239161 22 62 97
0.058130 -0.156976 -0.196650 -0.555369 0.759016 0.339794 56 224 170
0.172227 -0.084648 -0.130330 -0.776336 0.502403 -0.380648 28 191 78
-0.109707 -0.156885 -0.105767 0.052841 0.507948 -0.859766 134 192 17
0.288169 0.215354 -0.551730 -0.403967 -0.626558 -0.666511 75 47 42
-0.207886 0.118429 0.818696 -0.268138 -0.591316 0.760558 93 52 224
-0.088763 0.041330 0.825851 0.009714 -0.359175 -0.933220 128 81 8
0.275919 -0.080298 0.310136 -0.626281 0.298142 -0.720336 47 165 35
0.281448 -0.027610 0.168147 -0.763463 0.560170 0.321456 30 198 168
-0.399950 -0.009533 0.703222 0.949864 0.002333 -0.312653 248 127 87
-0.208890 0.044945 -0.455519 -0.038212 0.237334 -0.970676 122 157 3
0.011037 0.184100 0.503071 0.601978 -0.757006 -0.254096 204 30 95
-0.251446 -0.025006 -0.544595 -0.967092 -0.074327 -0.243328 4 118 96
-0.225493 -0.250060 -0.363494 0.257135 0.805993 -0.533157 160 230 59
-0.440629 0.034582 -0.610894 0.867633 -0.230879 -0.440350 238 98 71
0.121725 0.108936 0.672991 -0.215925 -0.415959 0.883377 99 74 240
-0.439248 -0.198497 -0.576409 0.318613 0.814548 -0.484765 168 231 65
0.261227 0.042311 0.269278 0.004489 -0.672116 0.740432 128 41 221
0.239665 -0.147578 0.056018 -0.286512 0.339657 0.895848 90 170 241
-0.106188 -0.173403 0.586961 0.125838 0.829401 0.544297 143 233 196
-0.124461 -0.158476 -0.116249 0.117466 0.603881 -0.788371 142 204 26
-0.039986 0.294112 -0.734204 -0.313242 -0.530821 0.787470 87 59 227
0.118484 -0.250872 0.794903 -0.265331 0.919327 -0.290581 93 244 90
0.177910 -0.172622 0.707140 -0.250987 0.505503 -0.825513 95 191 22
-0.011284 -0.009325 -0.225270 0.370083 -0.455276 -0.809791 174 69 24
-0.374849 0.110400 -0.367718 0.440143 -0.417744 -0.794836 183 74 26
0.395285 0.165435 -0.320868 -0.041131 -0.992930 -0.111345 122 0 113
0.041668 -0.007498 -0.090759 0.847350 0.219309 0.483633 235 155 189
0.328259 0.017300 -0.704307 -0.670099 0.175146 0.721312 42 149 219
-0.020933 0.046380 0.732854 0.957525 0.107011 0.267759 249 141 161
0.303750 0.152294 -0.521535 0.401520 -0.627645 -0.666966 178 47 42
-0.215638 -0.069495 -0.523835 -0.902077 0.163253 0.399506 12 148 178
0.357630 -0.274528 0.471766 -0.707221 0.667158 0.233962 37 212 157
-0.679070 0.116838 -0.553753 0.958242 -0.283326 0.038722 249 91 132
0.032043 0.021659 -0.692469 0.736814 -0.295336 0.608179 221 89 205
0.057098 0.066229 -0.790486 0.519100 -0.105962 0.848120 193 113 235
-0.259538 -0.296570 0.830543 0.431074 0.738889 -0.517898 182 221 61
0.010114 0.261390 -0.406650 -0.345510 -0.842744 -0.412802 83 20 74
-0.081830 -0.147924 0.804991 -0.292812 0.910206 -0.292894 90 243 90
-0.526386 -0.105899 -0.649585 0.878289 0.433917 -0.200809 239 182 101
-0.583301 0.145764 -0.519922 0.752642 -0.314781 -0.578311 223 87 53
-0.130998 -0.024910 0.865240 0.711999 0.134973 -0.689086 218 144 39
0.066600 0.113548 0.767325 0.475916 -0.244848 -0.844721 188 96 19
0.114678 -0.079263 -0.589348 0.969028 0.148975 0.196953 251 146 152
0.103820 0.089783 -0.797699 -0.715663 -0.568322 0.406002 36 55 179
0.562881 0.132355 -0.589313 0.024073 -0.584688 -0.810901 130 52 24
0.006018 -0.138910 0.268850 0.890988 0.440656 0.109373 241 183 141
-0.193839 0.028319 -0.395440 0.747626 -0.228322 -0.623638 222 98 47
0.020386 -0.016079 -0.715368 0.055990 -0.115645 0.991711 134 112 253
-0.084075 0.012303 -0.215413 0.688163 0.487423 0.537448 215 189 196
0.238203 -0.137576 -0.481985 0.703503 0.688860 -0.174802 217 215 105
0.161586 -0.192606 -0.002541 -0.763935 0.576990 -0.288939 30 201 90
-0.366480 0.226534 -0.775092 0.089679 -0.701757 0.706749 138 38 217
-0.383633 0.341222 -0.580318 0.502704 -0.863729 -0.035508 191 17 122
-0.013250 0.172476 0.295537 0.607391 -0.740231 -0.288332 204 33 90
-0.205903 0.102215 -0.607553 -0.601873 -0.295547 0.741890 50 89 222
0.010676 0.290975 0.766376 0.140503 -0.972692 -0.184741 145 3 103
-0.339865 0.098845 0.651064 0.795228 -0.555629 -0.242672 228 56 96
0.559812 0.156377 -0.587304 -0.172764 -0.881035 0.440374 105 15 183
-0.067966 -0.049371 0.756685 0.450583 -0.189754 0.872335 184 103 238
-0.015101 0.200961 0.831134 0.288695 -0.957415 0.003347 164 5 127
-0.105631 -0.335771 -0.343524 -0.233887 0.870806 -0.432428 97 238 72
0.034101 0.121408 0.101788 0.695814 -0.423368 -0.580174 216 73 53
-0.162567 -0.144148 -0.751432 0.077481 0.622593 0.778700 137 206 226
0.367697 -0.281728 -0.003787 -0.737315 0.587765 0.333015 33 202 169
-0.050255 -0.134914 0.752913 0.592376 0.338247 -0.731218 203 170 34
-0.069943 -0.051192 0.815079 0.957686 0.139748 -0.251609 249 145 95
-0.113519 -0.140775 -0.244023 0.226832 0.973404 -0.032113 156 251 123
0.110085 0.172605 0.930537 0.281953 -0.435181 -0.855055 163 72 18
0.414932 -0.176511 -0.659951 0.456164 0.884980 0.093401 185 240 139
0.479108 -0.121766 -0.072972 -0.715355 0.400926 0.572299 36 178 200
-0.245272 0.249547 -0.515155 -0.411003 -0.892501 0.185790 75 13 151
0.107232 0.030079 0.787985 0.282044 -0.410603 -0.867096 163 75 16
0.328959 0.235902 0.623830 -0.257722 -0.804055 -0.535794 94 24 59
0.005267 -0.033398 -0.675877 -0.398199 0.167107 0.901949 76 148 242
-0.388493 0.005406 0.715964 0.758890 0.019323 -0.650932 224 129 44
-0.119788 -0.203686 0.758648 -0.478065 0.728084 0.491272 66 220 190
0.327856 -0.144555 -0.188764 -0.075350 0.483013 -0.872365 117 189 16
0.076815 0.244793 -0.727657 -0.499122 -0.535992 0.680875 63 59 214
0.067381 0.045782 0.869221 -0.041884 -0.282372 -0.958390 122 91 5
0.287431 -0.020247 0.171013 -0.888853 -0.042260 0.456240 14 122 185
-0.054116 0.076405 0.026047 0.243529 -0.244047 0.938688 158 96 247
-0.461349 0.115616 -0.533674 0.917892 -0.355368 -0.176600 244 82 104
0.179464 0.203004 0.391376 0.145802 -0.777348 -0.611942 146 28 49
0.002716 -0.231321 -0.742836 -0.048873 0.784413 0.618310 121 227 206
-0.339920 0.026081 -0.432499 0.793403 -0.259692 -0.550520 228 94 57
0.227256 -0.074981 -0.605441 0.793754 0.511078 0.329778 228 192 169
-0.087358 0.004023 -0.867966 -0.103445 -0.171495 0.979739 114 105 252
0.568047 -0.174387 -0.603446 -0.143723 0.970071 0.195717 109 251 152
-0.141998 0.072727 0.152399 0.867789 -0.491455 -0.073576 238 64 118
0.051873 0.017840 0.054039 0.983782 0.124182 0.129431 252 143 144
-0.298858 -0.379296 -0.507711 -0.122604 0.944184 -0.305753 111 247 88
-0.164238 0.123806 -0.268901 0.485698 -0.777280 -0.399917 189 28 76
-0.288251 -0.162383 -0.478426 0.506183 0.582322 0.636144 192 201 208
0.171285 -0.289840 -0.662893 -0.117530 0.988525 0.094900 112 253 139
0.305668 0.038957 0.180661 0.180288 -0.530871 0.828053 150 59 233
-0.305150 0.059513 -0.552157 -0.830057 -0.555827 -0.045410 21 56 121
-0.327331 -0.051194 -0.502936 0.859523 0.203479 0.468845 237 153 187
0.048487 -0.340714 0.137502 0.294358 0.849097 0.438621 165 235 183
0.082823 0.116968 -0.096297 -0.746496 -0.505523 -0.432655 32 63 72
0.299878 0.302404 -0.050184 -0.386114 -0.813904 0.434139 78 23 182
-0.296974 0.174707 -0.564085 0.374245 -0.724964 -0.578246 175 35 53
0.108435 0.013010 0.959043 0.044766 0.011345 -0.998933 133 128 0
-0.052693 0.029777 0.698776 0.790951 -0.339905 0.508783 228 84 192
0.463489 -0.028301 -0.607194 0.734341 0.192091 -0.651033 221 151 44
0.681446 0.198023 -0.539813 -0.612038 -0.620685 0.490060 49 48 189
0.118592 0.319371 0.345630 0.413542 -0.908037 -0.066723 180 11 118
0.547859 -0.184230 -0.580820 -0.428851 0.434197 0.792187 72 182 228
0.402633 -0.177014 -0.043729 -0.618548 0.678229 -0.396741 48 213 76
0.118298 -0.199911 0.356533 0.012004 0.841484 0.540148 129 234 196
-0.601628 0.101715 -0.643964 0.930726 -0.354359 -0.090434 246 82 115
0.177857 -0.049665 -0.025038 0.813138 0.191274 -0.549747 231 151 57
0.639293 -0.182667 -0.595566 -0.448818 0.450306 0.771872 70 184 225
0.016336 0.153535 -0.606738 -0.884566 -0.464815 0.038591 14 68 132
0.089093 0.009988 0.894457 -0.987457 -0.065614 -0.143610 1 119 109
-0.204491 -0.082371 -0.589393 -0.785158 0.562128 -0.259882 27 199 94
-0.054418 -0.071521 0.259577 0.517497 0.277414 -0.809468 193 162 24
0.220450 0.070194 0.335832 -0.904535 -0.124958 0.407678 12 111 179
-0.213278 -0.079955 -0.354222 -0.349600 0.180881 -0.919272 82 150 10
0.043081 -0.233330 -0.167331 0.301272 0.777204 0.552439 165 226 197
0.415416 0.248811 -0.415137 0.183010 -0.978575 -0.094337 150 2 115
0.437355 0.115917 -0.680436 0.013578 -0.778917 0.626979 129 28 207
0.001033 -0.057844 -0.026040 0.643026 0.137926 -0.753322 209 145 31
-0.279963 -0.138808 -0.390261 0.264543 0.833492 -0.485087 161 233 65
0.890011 -0.081214 -0.550218 -0.807769 0.350605 0.473905 24 172 187
-0.123990 -0.055791 0.810857 -0.534162 0.705567 -0.465668 59 217 68
0.205963 -0.163991 0.053537 -0.368532 0.899157 -0.236009 80 242 97
0.209777 0.224513 0.620960 -0.257879 -0.919899 0.295439 94 10 165
0.255130 -0.047207 0.384475 -0.737394 0.612470 -0.284833 33 205 91
0.240496 -0.030616 0.781799 -0.734795 0.328459 -0.593458 33 169 51
0.695274 0.066828 -0.583134 -0.604947 -0.193723 0.772341 50 102 225
0.048870 0.284578 0.901637 -0.470080 -0.863025 -0.184967 67 17 103
0.022577 -0.076941 0.724169 -0.133830 0.268626 -0.953902 110 161 5
0.304430 -0.061627 -0.665722 -0.026849 -0.158852 0.986937 124 107 253
-0.088436 -0.300527 0.722388 0.128144 0.780052 0.612453 143 226 205
-0.172819 -0.169649 -0.232978 0.428528 0.562746 0.706881 182 199 217
0.083122 -0.046618 0.481778 0.012148 0.140629 -0.989988 129 145 1
-0.275716 0.200891 -0.201622 0.507216 -0.685796 -0.521935 192 40 60
-0.038988 0.065149 0.901141 -0.284343 -0.835190 -0.470751 91 21 67
-0.035764 -0.000868 0.018061 -0.083028 -0.039433 -0.995767 116 122 0
0.005971 -0.081399 -0.793870 0.219319 0.450364 0.865489 155 184 237
0.169494 -0.163742 -0.509990 -0.327315 0.608369 0.723017 85 205 219
0.062493 -0.140838 0.733801 0.362820 0.594740 -0.717389 173 203 36
-0.211750 0.256129 -0.624870 -0.232975 -0.707929 0.666752 97 37 212
-0.381544 -0.080921 -0.157937 0.559302 0.273679 -0.782484 198 162 27
0.157887 -0.218712 0.036486 0.099267 0.788409 -0.607090 140 228 50
0.516948 0.043350 -0.342463 -0.945525 -0.315043 0.082036 6 87 137
0.092203 0.108888 -0.593395 -0.332563 -0.442335 0.832911 85 71 233
0.211042 0.254749 0.147398 -0.039363 -0.959896 -0.277578 122 5 92
-0.225214 -0.199548 0.782827 0.523375 0.828630 0.198622 194 233 152
0.218117 -0.211902 0.394545 -0.253317 0.578186 0.775584 95 201 226
0.073989 -0.119017 0.873598 -0.771841 0.630665 -0.080763 29 207 117
-0.273639 0.245529 0.550734 0.568449 -0.502084 -0.651750 199 63 44
0.249560 0.220558 0.449196 -0.019806 -0.664259 -0.747240 124 42 32
0.141103 -0.030527 0.825628 0.539891 -0.019164 -0.841517 196 125 20
0.540524 -0.083306 -0.416727 0.261431 0.633394 -0.728331 160 208 34
0.057968 -0.155385 0.744808 -0.410240 0.542948 0.732742 75 196 220
0.010084 0.057245 0.139130 0.855844 -0.377238 -0.353868 236 79 82
0.090045 -0.162357 0.554992 0.108612 0.338101 -0.934821 141 170 8
0.038207 -0.182454 -0.423764 -0.126938 0.274249 0.953244 111 162 249
0.265549 -0.118702 0.301984 0.023401 0.902726 -0.429579 130 242 72
-0.094135 0.161681 -0.180663 0.009819 -0.995967 -0.089187 128 0 116
0.149891 0.145195 0.908601 -0.495954 -0.645706 -0.580597 64 45 53
-0.416686 0.016491 -0.647615 0.741045 0.011528 -0.671356 221 128 41
0.413325 0.026571 -0.333871 0.387566 0.013141 -0.921749 176 129 9
-0.426529 -0.007514 -0.350657 0.618677 -0.067032 -0.782781 206 118 27
0.696821 -0.121536 -0.718647 -0.520137 0.484527 0.703343 61 189 217
-0.032891 -0.148168 0.419035 0.716179 0.615646 0.328735 218 205 169
0.312419 -0.070814 0.490780 -0.942261 0.257991 0.213506 7 160 154
-0.156942 0.035213 -0.118948 -0.133769 -0.023048 0.990745 110 124 253
-0.294645 0.131652 -0.530100 0.348344 -0.670012 0.655546 171 42 211
-0.302370 -0.153846 -0.534709 -0.262599 0.847750 0.460828 94 235 186
0.035350 -0.053281 -0.178663 -0.020499 0.023282 0.999519 124 130 254
0.335274 0.111276 0.072895 -0.360836 -0.395903 -0.844428 81 77 19
0.198185 0.183620 0.218299 -0.429900 -0.899120 0.082273 72 12 137
0.224167 0.019728 0.728654 -0.870984 -0.082415 0.484349 16 116 189
-0.519762 -0.128578 0.301736 0.656840 0.443019 -0.610160 211 183 49
0.039432 -0.049915 0.830476 0.524078 0.121427 -0.842969 194 142 20
0.214517 0.085563 -0.664253 -0.503547 -0.508194 -0.698698 63 62 38
0.570921 -0.132686 -0.637933 0.085853 0.622551 0.777856 138 206 226
0.133026 -0.135861 -0.294259 -0.129846 0.889199 0.438709 110 240 183
-0.009116 -0.036729 -0.545506 0.822990 -0.059127 0.564970 232 119 199
0.003650 0.100657 -0.169107 -0.726187 -0.663346 0.180624 34 42 150
-0.060897 0.378464 0.428471 0.421631 -0.863401 0.277068 181 17 162
-0.386862 -0.045844 0.732480 0.950054 0.254642 -0.180430 248 159 104
0.178785 0.182397 0.832109 -0.436819 -0.870239 -0.227757 71 16 98
0.141681 0.077549 0.766721 -0.907333 -0.074667 0.413729 11 117 180
0.444298 -0.046726 0.165911 -0.352811 0.821342 -0.448244 82 232 70
0.409769 0.177698 -0.612702 -0.623792 -0.689603 0.367874 47 39 174
0.134011 0.149733 0.426205 0.553602 -0.760625 -0.339080 198 30 84
0.195951 0.193781 -0.559881 -0.294986 -0.954628 0.040853 89 5 132
0.166089 -0.009407 0.796396 -0.827818 -0.243262 -0.505511 21 96 63
-0.001462 0.288704 -0.536928 -0.431140 -0.832608 -0.347682 72 21 83
0.320925 -0.076231 0.754887 -0.880162 0.344839 0.326191 15 171 169
0.368909 -0.096553 0.622587 -0.897188 0.431637 0.093500 13 182 139
0.293296 0.013326 -0.355255 -0.192520 -0.305499 -0.932527 102 88 8
-0.494483 0.188127 -0.569442 0.595823 -0.790549 -0.141519 203 26 109
0.941769 0.164824 -0.627883 -0.745142 -0.301967 0.594625 32 88 203
-0.189370 0.122629 -0.612806 -0.774306 -0.220810 0.593037 28 99 203
0.183752 0.058106 0.609749 -0.032736 -0.658222 0.752112 123 43 223
0.119649 -0.150614 0.272182 0.608141 0.406016 -0.682140 205 179 40
-0.005880 -0.162354 -0.399293 -0.073872 0.361021 -0.929627 118 173 8
-0.375847 -0.171559 -0.603816 0.173792 0.930553 0.322285 149 246 168
-0.185509 -0.159317 -0.565567 0.091480 0.616996 -0.781631 139 206 27
0.048292 -0.213656 0.556284 -0.283489 0.869944 -0.403523 91 238 76
-0.108569 0.121475 -0.260029 -0.454147 -0.370510 0.810230 69 80 230
0.401220 0.067218 -0.666449 0.989734 -0.142900 -0.002393 253 109 127
0.256485 0.131507 0.721897 -0.797823 -0.512267 0.317901 25 62 168
-0.219842 0.254533 -0.462644 0.261861 -0.737402 -0.622629 160 33 48
-0.034251 0.055836 0.820484 -0.519162 -0.350934 -0.779305 61 82 28
-0.553028 0.080138 -0.625293 0.636506 -0.562956 0.527201 208 55 194
0.034217 -0.288469 0.361581 0.354372 0.933496 -0.054825 172 246 120
-0.338755 -0.074915 -0.666183 0.279838 0.121597 0.952316 163 143 248
0.332877 -0.064994 0.065453 -0.632421 0.257744 0.730488 46 160 220
-0.425367 -0.350364 -0.609151 -0.324395 0.940112 -0.104678 86 247 114
0.228513 -0.160687 -0.163050 -0.194979 0.885410 0.421940 102 240 181
-0.120894 0.040697 0.786833 0.455108 0.044204 0.889338 185 133 240
0.063681 -0.117484 0.180003 0.838470 0.544910 -0.006423 234 196 126
-0.072658 0.231091 -0.243226 -0.340439 -0.918424 -0.201490 84 10 101
0.222182 0.067774 0.931732 -0.429235 -0.190195 -0.882940 72 103 14
-0.387344 0.055610 -0.569627 -0.152983 -0.377436 -0.913312 107 79 11
0.280877 -0.189845 -0.527039 -0.538702 0.713535 0.447960 58 218 184
-0.339593 0.208945 -0.581504 -0.169500 -0.966926 -0.190588 105 4 103
-0.039250 0.005917 -0.253771 0.935326 0.272147 -0.226055 246 162 98
-0.052460 -0.198727 0.457146 0.071131 0.832315 -0.549721 136 233 57
-0.219904 0.142394 -0.386826 0.632170 -0.720256 -0.285643 208 35 91
0.652336 -0.162813 -0.650865 -0.542664 0.414932 0.730306 58 180 220
0.099700 0.091423 0.758663 -0.434839 -0.900320 0.018422 72 12 129
-0.303167 -0.289708 -0.370976 0.546952 0.811176 -0.206970 197 230 101
0.445237 0.075894 -0.045704 -0.676084 -0.377793 0.632600 41 79 208
0.258924 -0.025695 0.841811 -0.991428 0.125035 0.037895 1 143 132
-0.215600 0.008548 -0.672089 0.947688 -0.228932 0.222435 248 98 155
0.550333 0.193869 -0.461556 -0.874958 -0.484145 -0.007175 15 65 126
0.052515 -0.037598 -0.164131 0.970521 -0.081839 -0.226698 251 117 98
-0.476008 -0.061432 -0.597149 0.820305 0.033873 0.570922 232 131 200
-0.021300 -0.095396 0.856817 0.530048 0.846613 0.047913 195 235 133
0.262480 -0.138957 0.681015 -0.148922 0.394100 -0.906922 108 177 11
0.005962 0.090009 0.725483 -0.279882 -0.958231 0.058813 91 5 134
0.348305 -0.063052 -0.586098 0.897290 0.438920 0.047123 241 183 133
0.186724 0.150750 0.253781 0.104512 -0.480187 -0.870918 140 66 16
-0.095537 0.036826 -0.581452 -0.691577 -0.201341 0.693674 39 101 215
0.040055 -0.024385 -0.815951 0.202269 0.092294 0.974971 153 139 251
0.521413 0.154847 -0.632539 -0.446036 -0.774536 0.448493 70 28 184
-0.612500 0.111470 -0.738072 0.652085 -0.293850 0.698883 210 90 216
0.215767 -0.024181 0.050764 -0.764193 0.637139 0.100310 30 208 140
-0.439426 0.144309 -0.547520 0.851396 -0.349850 -0.390807 236 82 77
-0.240042 0.018200 -0.491291 -0.094933 -0.202578 0.974654 115 101 251
-0.188350 0.312640 -0.353657 0.142747 -0.985543 -0.091258 145 1 115
-0.200081 0.013950 0.802335 0.761817 0.447175 -0.468688 224 184 67
-0.505248 0.131587 -0.681765 0.642406 -0.762710 -0.074757 209 30 117
0.137293 0.124328 -0.782119 -0.316073 -0.683098 0.658388 87 40 211
-0.280579 0.101879 -0.778182 -0.064830 -0.805887 0.588510 119 24 202
0.114846 0.146300 0.315396 0.051938 -0.609240 -0.791283 134 49 26
-0.023056 0.173876 -0.032914 -0.395369 -0.783498 0.479388 77 27 188
0.725736 0.107821 -0.675477 -0.803764 -0.501903 0.319464 25 63 168
-0.412162 -0.086258 -0.598176 0.583332 0.751777 0.307499 201 223 166
0.253992 0.026736 -0.631427 -0.993469 -0.104947 -0.044772 0 114 121
-0.271424 0.060096 0.823194 0.070960 -0.450183 -0.890113 136 70 14
-0.077407 -0.056627 0.821942 0.377662 0.421946 -0.824216 175 181 22
0.188564 -0.062817 0.866032 -0.321532 0.272466 -0.906851 86 162 11
0.258915 -0.188214 -0.752881 0.464277 0.778383 0.422572 186 226 181
0.182630 0.351741 -0.471564 -0.293634 -0.952461 0.081217 90 6 137
-0.430474 0.100903 -0.849255 -0.250220 -0.293685 0.922572 95 90 245
-0.070287 0.294502 0.746436 -0.385928 -0.730047 0.563996 78 34 199
0.186061 -0.211373 0.493097 -0.007795 0.892744 -0.450497 126 241 70
-0.018915 -0.076644 0.837052 0.359460 0.917299 0.171323 173 244 149
-0.116402 -0.022115 -0.056580 0.555778 0.144433 -0.818688 198 145 23
0.657149 -0.053041 -0.718729 -0.325538 0.152167 0.933204 85 146 246
0.196558 0.002584 0.086538 -0.077055 0.066444 0.994810 117 135 254
-0.332945 -0.252173 -0.623777 -0.247824 0.953251 0.172905 95 249 149
-0.261414 -0.048475 -0.618965 0.901837 0.174392 -0.395319 242 149 77
0.564318 0.122328 -0.660305 -0.906974 -0.297284 0.298364 11 89 165
-0.559165 0.039693 -0.651508 0.945569 -0.034996 0.323535 248 123 168
0.168170 -0.090091 0.593085 -0.662832 0.341650 0.666280 42 171 212
0.416204 0.223452 -0.579538 0.354453 -0.922812 0.150936 172 9 146
0.016089 0.109436 -0.137707 -0.077785 -0.996453 0.032116 117 0 131
0.642686 -0.162781 -0.392437 -0.722818 0.500387 0.476599 35 191 188
0.310655 -0.018768 0.548100 -0.584690 0.210627 -0.783437 52 154 27
0.469488 0.186562 -0.454844 -0.643639 -0.424144 0.637048 45 73 208
-0.305213 0.240990 -0.586937 0.341182 -0.903400 0.259735 171 12 160
0.546481 -0.024717 -0.093792 -0.589884 0.211364 -0.779335 52 154 28
0.075057 0.084501 -0.199772 0.793474 -0.332257 -0.509906 228 85 62
0.034719 -0.222699 -0.082916 0.096783 0.985577 -0.138820 139 253 109
-0.252237 0.103976 -0.677258 0.991424 -0.127687 0.027821 253 111 131
0.316664 -0.126494 0.242692 -0.714740 0.313856 -0.625013 36 167 47
-0.140693 0.140622 -0.204979 0.531824 -0.635096 -0.560193 195 46 56
0.481720 0.022283 -0.029418 -0.770797 -0.228870 0.594551 29 98 203
-0.108798 -0.187943 -0.371130 0.188989 0.630644 -0.752709 151 207 31
0.277043 -0.266224 0.801884 -0.776073 0.505165 0.377517 28 191 175
0.236494 0.026559 -0.261439 -0.991773 -0.002589 -0.127980 1 127 111
-0.376090 0.084844 -0.513252 -0.376233 -0.331844 -0.865060 79 85 17
0.379439 -0.023277 -0.453683 0.645778 -0.002014 -0.763523 209 127 30
0.232930 0.208707 0.632531 -0.737926 -0.673873 -0.036868 33 41 122
0.724537 0.254679 -0.552120 -0.229988 -0.822698 -0.519878 98 22 61
0.081650 0.068793 0.677543 0.943824 -0.248822 0.217449 247 95 155
0.207790 0.194214 0.837057 -0.169566 -0.679322 -0.713981 105 40 36
0.327414 -0.199536 0.398955 -0.313734 0.827656 0.465356 87 233 186
-0.243497 0.147716 -0.650130 0.467527 -0.832175 0.298166 187 21 165
0.823364 -0.273254 -0.530558 -0.548061 0.774663 0.315478 57 226 167
-0.109818 0.122495 -0.577196 0.647782 -0.544654 -0.532663 210 58 59
-0.514996 -0.157863 -0.702123 0.079748 0.783363 0.616427 137 227 206
0.056970 0.216359 0.795887 -0.195334 -0.926602 0.321330 102 9 168
0.598204 0.051373 -0.587813 -0.723006 -0.444132 -0.529159 35 70 60
-0.213444 -0.257462 -0.323280 0.319804 0.924569 -0.207119 168 245 101
0.061266 -0.158607 -0.009414 0.095691 0.623598 -0.775866 139 207 28
0.217087 -0.221903 0.632602 -0.387342 0.718532 -0.577649 78 219 53
0.291936 -0.035005 -0.788839 0.404356 0.436306 0.803824 179 183 229
0.007611 -0.043650 -0.560677 -0.969112 0.214368 0.121934 3 154 143
0.063063 0.087531 0.887819 0.207389 -0.192806 -0.959070 153 102 5
0.105179 0.279805 0.681243 -0.032917 -0.996533 -0.076408 123 0 117
0.011509 -0.128056 0.710680 -0.257072 0.609357 0.750066 94 205 223
0.223699 -0.027735 -0.130768 -0.921557 0.182254 0.342807 10 150 171
-0.299527 0.223537 -0.590037 0.149616 -0.960784 0.233474 146 5 157
-0.200577 0.182362 -0.557586 0.472162 -0.703448 -0.531248 187 37 59
-0.350170 0.129351 -0.507703 0.215045 -0.968420 0.126172 154 4 143
0.527141 -0.076622 -0.608651 -0.810939 0.522935 0.262521 24 194 160
0.217317 0.072898 0.403824 0.388430 -0.619531 -0.682131 177 48 40
-0.188790 0.006065 -0.284608 -0.546792 -0.275378 -0.790686 57 92 26
0.468722 0.071354 0.154389 -0.807652 -0.365818 -0.462466 24 80 68
0.512397 0.032864 -0.126759 -0.850732 -0.312807 0.422382 19 87 181
0.386018 0.220615 -0.601976 -0.194819 -0.501048 0.843206 102 63 235
-0.342301 0.031314 -0.417846 0.888004 0.091232 -0.450695 240 139 70
0.083366 0.000000 0.711300 -0.174329 -0.235908 0.956011 105 97 249
0.014928 -0.232594 -0.236706 0.297264 0.913966 -0.276225 165 244 92
0.180774 0.180695 0.785319 -0.575180 -0.786599 0.224565 54 27 156
0.241882 0.012513 0.477222 -0.989317 0.038041 0.140732 1 132 145
-0.282424 -0.127543 -0.363279 0.971925 0.218611 -0.087010 251 155 116
0.448732 -0.184801 -0.623088 0.758997 0.647473 -0.068572 224 210 118
-0.352013 -0.216180 -0.582277 -0.320590 0.860220 -0.396538 86 237 76
-0.095850 0.037574 0.018993 0.593216 -0.039883 0.804055 203 122 230
-0.200231 -0.165056 -0.097669 0.056830 0.577464 -0.814436 134 201 23
-0.372550 0.032379 -0.783243 0.834395 -0.246904 0.492771 233 96 190
-0.070362 0.122891 0.767815 0.236457 -0.210988 -0.948458 157 100 6
-0.114115 -0.128855 -0.424989 0.642910 0.739533 0.199395 209 221 152
-0.185871 -0.121125 -0.427283 -0.683895 0.725394 -0.078051 40 219 117
0.161543 0.149327 0.502061 -0.811974 -0.569821 0.126497 23 54 143
-0.551639 -0.179932 -0.709814 0.425884 0.628568 0.650788 181 207 210
0.088761 -0.096487 0.898172 -0.471008 0.322677 -0.820994 67 168 22
0.098923 0.104528 0.760966 -0.139270 -0.426310 -0.893792 109 73 13
-0.289179 -0.086378 -0.642241 -0.106256 0.300573 0.947821 113 165 248
0.365923 0.151541 0.135887 -0.227735 -0.917252 0.326781 98 10 169
-0.085119 -0.069593 -0.414153 -0.712966 0.017739 0.700974 36 129 216
0.173748 0.020753 0.769848 -0.689010 -0.701119 -0.183568 39 38 104
0.321769 0.230665 0.440129 -0.081135 -0.872842 -0.481212 117 16 66
-0.398284 0.147599 -0.687206 0.767747 -0.637702 0.062461 225 46 135
-0.032173 0.073326 0.696904 0.199894 -0.284403 -0.937634 152 91 7
0.068460 -0.178430 0.710575 -0.194807 0.925156 -0.325787 102 245 85
-0.441859 0.160094 -0.504956 0.865213 -0.389424 -0.315841 237 77 87
-0.257619 -0.111165 -0.680435 -0.776086 0.621713 -0.105656 28 206 114
-0.099817 0.013142 0.810449 0.098768 -0.339002 0.935587 140 84 246
0.181649 -0.102021 0.711532 0.392815 0.132800 -0.909978 177 144 11
0.151108 0.095135 0.765712 -0.560055 -0.821591 -0.106430 56 22 113
0.161178 0.001711 0.695780 -0.218868 0.386253 -0.896050 99 176 13
0.302182 0.376792 -0.531968 -0.052219 -0.982802 -0.177124 120 2 104
0.216874 -0.021469 0.018056 -0.275611 -0.011609 0.961199 92 126 250
0.494099 0.136782 -0.693378 -0.509511 -0.584503 0.631470 62 52 208
0.429715 -0.099681 -0.531368 -0.528885 0.502302 0.684086 60 191 214
0.013702 0.175563 0.894823 -0.857006 -0.490440 0.158142 18 64 147
-0.223209 -0.112879 -0.615594 0.834939 0.205916 0.510369 233 153 192
0.325780 0.005067 -0.648650 -0.553207 0.132259 0.822478 56 144 232
-0.164320 -0.021426 -0.740137 0.268536 -0.134896 0.953777 161 110 249
0.254858 -0.055149 0.674699 0.332900 0.191193 -0.923376 169 151 9
-0.069564 0.166410 0.163030 0.725941 -0.660255 -0.192542 220 43 102
-0.372223 -0.026179 -0.594435 -0.554523 -0.739628 -0.381385 56 33 78
0.048550 -0.213033 0.871204 -0.069257 0.994681 0.076247 118 254 137
-0.230309 -0.222725 -0.325033 -0.233229 0.831342 0.504454 97 233 191
-0.140847 -0.183459 0.893894 -0.122733 0.689338 -0.713967 111 215 36
0.281157 0.181842 0.233927 -0.698311 -0.681780 -0.218032 38 40 99
0.065779 0.008300 -0.056794 -0.605877 0.341976 0.718308 50 171 219
0.181230 -0.083520 0.854389 -0.130887 0.710743 -0.691168 110 218 39
-0.510578 0.228365 -0.622047 0.566708 -0.768966 -0.295860 199 29 89
0.084069 0.207873 0.966024 0.050292 -0.551279 -0.832804 133 57 21
0.116108 0.425865 -0.363176 -0.069477 -0.946347 0.315594 118 6 167
-0.053750 -0.079759 -0.609481 -0.498070 0.277189 0.821640 63 162 232
0.201221 -0.139952 -0.286557 -0.387458 0.514418 0.765016 78 193 225
-0.084839 0.151929 0.804711 -0.783043 -0.620503 -0.042662 27 48 122
-0.446134 -0.023128 -0.683911 0.290788 -0.039701 0.955964 164 122 249
-0.288773 -0.073601 -0.603070 0.020444 0.198427 0.979903 130 152 252
-0.043970 -0.088550 -0.440317 -0.668541 0.326732 0.668056 42 169 212
0.353567 -0.028847 0.619840 -0.990310 0.126067 0.058249 1 143 134
-0.471016 0.209813 -0.475442 0.331488 -0.938378 -0.097784 169 7 115
0.008871 -0.301645 0.901422 0.404109 0.747420 -0.527313 179 222 60
-0.493758 0.092816 -0.614335 0.953912 -0.261311 0.147538 249 94 146
0.290050 0.255720 0.184288 -0.519507 -0.836119 0.176119 61 20 149
0.681497 0.016572 -0.729556 0.182275 0.050101 0.981970 150 133 252
0.254282 0.130352 0.109704 0.089497 -0.716515 0.691807 138 36 215
0.071813 -0.143156 0.820715 -0.329801 0.471016 -0.818154 85 187 23
-0.564513 0.120386 -0.739395 0.454688 -0.519551 0.723412 185 61 219
0.149184 -0.058452 -0.792554 0.814826 0.452176 0.362762 231 185 173
-0.396355 -0.079668 -0.677457 0.840845 0.349080 0.413669 234 172 180
0.124371 0.153956 0.755714 0.010344 -0.969259 0.245826 128 3 158
-0.432810 -0.013252 -0.494338 0.870479 -0.432480 -0.235004 238 72 97
0.227034 -0.088225 0.081029 0.294899 0.673871 -0.677446 165 213 41
-0.083206 0.148544 0.181418 0.658777 -0.662549 0.356429 211 43 172
0.154587 0.242702 0.849658 -0.272006 -0.633643 -0.724230 92 46 35
-0.197098 -0.188303 -0.353395 0.478999 0.867477 0.134331 188 238 144
0.521996 0.055490 -0.726425 -0.574713 -0.432564 0.694689 54 72 216
0.006718 -0.149857 0.894089 -0.476561 0.778354 -0.408724 66 226 75
0.265557 0.115506 0.083288 0.291300 -0.808283 -0.511687 164 24 62
-0.033932 -0.006855 0.861350 0.536335 -0.071483 -0.840972 195 118 20
0.041666 -0.086988 0.951140 0.003691 0.114771 -0.993385 127 142 0
-0.281522 0.059630 -0.380186 0.622200 -0.104493 -0.775853 206 114 28
-0.053023 -0.019956 -0.598306 -0.667254 -0.135775 0.732350 42 110 220
0.343422 -0.119442 0.654919 -0.812941 0.433540 -0.388807 23 182 77
-0.232241 0.017684 -0.733160 0.007427 -0.400916 0.916085 128 76 244
-0.146154 0.078831 0.866993 0.608956 -0.360974 -0.706307 205 81 37
-0.077996 -0.092011 -0.740012 0.925905 0.337004 0.170672 245 170 149
0.137318 -0.038919 0.820393 -0.642419 0.170722 0.747095 45 149 222
0.238041 -0.167860 -0.292037 -0.765806 0.521722 -0.375960 29 194 79
-0.044221 0.012401 0.629077 -0.235276 -0.092536 0.967513 97 115 250
-0.174651 0.002123 -0.450181 -0.402983 0.129787 0.905958 76 144 243
-0.348887 -0.090353 -0.392354 0.222869 0.732242 -0.643546 155 220 45
0.381721 0.016354 -0.641692 -0.872350 -0.085590 0.481332 16 116 188
-0.036426 -0.061698 -0.568856 0.723075 0.175072 -0.668216 219 149 42
0.615225 -0.131043 -0.136190 -0.469636 0.230674 -0.852192 67 156 18
-0.105936 0.242705 -0.388324 -0.452935 -0.673519 0.584143 69 41 201
0.016464 -0.016707 -0.257904 0.934981 0.304482 0.181938 246 166 150
0.370188 -0.174143 0.457634 -0.593182 0.544896 0.592641 51 196 203
-0.449287 0.098375 -0.587980 0.822080 -0.298162 -0.485060 232 89 65
0.805761 -0.248529 -0.669476 -0.655251 0.645198 0.392894 43 209 177
-0.195618 0.159477 -0.293952 0.177201 -0.616832 -0.766889 150 48 29
-0.033806 0.065998 -0.265798 -0.644450 -0.078032 0.760655 45 117 224
-0.087069 -0.278281 -0.363324 -0.062845 0.972984 0.222155 119 251 155
0.593247 0.179812 -0.590974 0.057459 -0.974856 -0.215299 134 3 100
-0.109726 0.126363 -0.144079 0.832744 -0.285614 -0.474303 233 91 67
-0.120018 -0.009298 -0.370503 -0.836128 0.255357 0.485472 20 160 189
-0.056492 -0.380208 0.797027 0.100792 0.994902 0.003314 140 254 127
-0.118437 -0.130371 0.392216 0.888745 0.254067 -0.381552 240 159 78
-0.153688 -0.124015 0.798406 0.433046 0.897765 0.080556 182 241 137
0.425947 -0.244104 0.139051 -0.511641 0.746671 -0.425095 62 222 73
-0.024848 -0.109709 0.306867 0.814162 0.538890 0.216189 231 196 155
0.015203 -0.005873 -0.167885 0.846267 -0.072398 -0.527817 235 118 60
0.533544 0.154922 -0.524787 -0.140966 -0.931965 -0.334021 109 8 84
0.379076 -0.022547 -0.775238 0.373688 0.305875 0.875670 175 166 239
-0.000421 -0.029130 -0.494046 -0.875326 -0.076982 0.477365 15 117 188
-0.172468 -0.048334 -0.395915 0.189350 0.003433 -0.981904 151 127 2
0.139001 -0.419044 -0.208504 0.132624 0.954876 0.265748 144 249 161
-0.076506 -0.187961 -0.219343 0.656314 0.659180 0.367060 211 211 174
-0.054176 -0.037159 1.000312 0.231184 0.116373 -0.965925 156 142 4
-0.072443 0.025815 -0.083527 0.947249 0.233875 -0.219140 248 157 99
0.135155 -0.143680 -0.061640 -0.766945 0.475881 0.430503 29 188 182
-0.107139 0.125249 -0.312400 0.224003 -0.337927 -0.914127 156 84 10
0.243351 0.100470 -0.608903 0.520706 -0.788767 -0.326667 193 26 85
0.103145 0.002698 -0.479101 -0.285322 0.204364 0.936390 91 153 246
-0.021078 0.080549 0.949467 0.173057 -0.196722 -0.965066 149 102 4
0.239418 0.071941 -0.083620 0.728476 -0.413719 0.546039 220 74 197
0.369278 -0.105319 0.262388 0.776174 0.580413 -0.246323 226 201 96
-0.389856 -0.214511 -0.545335 -0.295999 0.927913 0.226631 89 245 156
0.373658 -0.208405 -0.131642 -0.218864 0.518919 -0.826330 99 193 22
-0.351135 -0.008724 -0.514530 0.890234 0.330230 -0.313739 241 169 87
0.471364 -0.131350 -0.508141 -0.629862 0.374747 -0.680322 47 175 40
-0.686716 -0.076255 -0.565740 0.781774 0.087953 -0.617328 227 138 48
0.124345 0.108687 -0.490913 -0.272227 -0.293029 0.916529 92 90 244
0.002509 -0.077308 0.379305 0.784488 0.595320 -0.173702 227 203 105
0.243241 -0.003267 0.487134 0.037587 -0.150331 0.987921 132 108 253
0.139020 -0.154897 0.252957 0.086018 0.644473 0.759773 138 209 224
0.133914 0.063810 0.371674 -0.778512 -0.162059 -0.606346 28 106 50
0.696167 0.122666 -0.587632 0.353452 -0.812615 -0.463388 172 23 68
-0.147307 -0.043711 -0.823212 0.558343 0.131708 0.819089 198 144 231
-0.228661 0.200629 -0.679563 -0.270328 -0.829309 0.489050 93 21 189
0.200406 -0.005875 0.726575 -0.238620 -0.272583 -0.932073 97 92 8
-0.280332 -0.204511 -0.699502 -0.004782 0.790091 0.612972 126 228 205
0.587380 0.164591 -0.398413 -0.589845 -0.444938 0.673879 52 70 213
-0.130007 0.140850 -0.244799 0.823027 -0.561311 -0.086925 232 55 116
0.408453 0.020479 -0.358860 0.672094 -0.023118 -0.740105 213 124 33
0.894958 0.130408 -0.607624 -0.777689 -0.559092 0.287431 28 56 164
0.158450 -0.202238 0.484777 -0.140954 0.559153 0.816994 109 198 231
-0.448763 -0.262248 -0.614145 0.389453 0.680565 0.620611 177 214 206
-0.317145 -0.018579 -0.704663 -0.835435 0.010452 0.549490 20 128 197
-0.369691 -0.086715 0.522348 0.707863 0.611296 0.353904 217 205 172
-0.105251 -0.063440 0.740659 0.979750 0.126032 -0.155584 252 143 107
-0.373593 -0.010266 -0.728286 0.495737 0.298077 0.815718 190 165 231
0.339253 0.297730 -0.698072 -0.472193 -0.741476 0.476705 67 32 188
-0.287168 0.050929 0.515229 0.941215 -0.255386 0.221116 247 94 155
-0.274710 -0.030303 -0.329747 0.246535 0.160262 -0.955791 158 147 5
0.441146 0.124925 -0.751222 -0.144603 -0.430723 0.890824 109 72 241
-0.066646 -0.117650 -0.084378 0.407731 0.351628 -0.842682 179 172 20
0.163761 0.057369 0.885208 -0.738677 -0.507632 0.443471 33 62 184
0.271331 -0.312139 0.351176 -0.288990 0.957304 -0.007306 90 249 126
0.179161 0.202147 -0.539154 -0.347969 -0.837805 0.420715 83 20 181
0.254553 -0.164761 0.764360 -0.732930 0.365580 0.573729 34 174 200
0.449219 -0.013900 -0.547122 0.894439 0.137070 -0.425665 241 144 73
0.440207 -0.045189 -0.625194 0.983822 0.045078 -0.173386 252 133 105
-0.654473 -0.201418 -0.756184 0.866814 0.497317 0.036191 238 190 132
-0.671140 0.096662 -0.679469 0.900630 -0.213301 -0.378640 242 100 79
-0.053579 -0.015542 -0.725519 0.909441 -0.087038 -0.406623 243 116 75
0.023286 -0.100748 0.918099 0.352816 0.198296 -0.914440 172 152 10
0.163574 0.179353 -0.092237 -0.594493 -0.798452 0.095146 51 25 139
0.087099 -0.044941 0.887673 -0.961685 0.220290 0.163204 4 155 148
-0.164575 0.172581 0.853375 0.323432 -0.905418 0.274972 168 12 162
-0.417083 -0.148212 -0.685265 0.360299 0.686578 0.631502 173 215 208
-0.112142 0.249531 -0.247887 0.359429 -0.931049 0.062912 173 8 135
-0.540617 0.060844 -0.637823 0.817049 -0.222515 -0.531901 231 99 59
-0.419585 0.365429 -0.566709 -0.176930 -0.982647 0.055687 104 2 134
0.244861 0.151789 -0.478674 -0.834769 -0.460440 0.301920 21 68 165
0.329564 0.100395 0.480407 -0.849565 -0.308792 0.427653 19 88 182
-0.194073 0.222329 -0.522885 0.549483 -0.833080 -0.063603 197 21 119
0.443340 -0.122611 -0.781528 0.188400 0.512095 0.838012 151 192 234
-0.278043 0.021938 -0.420567 0.751866 0.033806 0.658449 223 131 211
0.239291 -0.172219 -0.408399 0.310749 0.937481 -0.156731 167 247 107
-0.579400 0.031098 -0.732227 0.934372 -0.178776 -0.308202 246 104 88
-0.182772 0.013039 -0.655338 0.525361 -0.548997 -0.650075 194 57 44
-0.219146 0.292276 -0.266256 0.562206 -0.794184 -0.230643 199 26 98
0.259810 -0.073987 -0.493134 -0.854720 0.508972 0.101988 18 192 140
0.075201 -0.050567 0.874768 0.881221 0.335980 0.332517 239 170 169
-0.282803 0.131777 -0.179183 0.465719 -0.245356 -0.850239 186 96 19
0.059222 -0.078565 -0.703391 -0.967020 0.143004 0.210765 4 145 154
0.604824 -0.003307 -0.544401 -0.780405 0.060450 0.622346 27 135 206
-0.009252 -0.109452 0.899573 -0.300161 0.734899 -0.608134 89 221 49
0.358415 0.139006 0.067270 0.055757 -0.818347 -0.572014 134 23 54
0.079682 -0.013938 -0.060877 -0.450722 0.407856 -0.794043 70 179 26
-0.176877 0.231563 -0.606328 -0.115768 -0.731449 -0.671997 112 34 41
0.560818 0.176034 -0.676311 -0.435085 -0.890378 0.133897 72 13 144
0.469459 0.071883 -0.580136 -0.162453 -0.451913 -0.877145 106 69 15
-0.106681 -0.178470 0.848770 0.017329 0.843075 0.537517 129 234 196
0.063252 -0.195354 0.854381 0.258027 0.898278 -0.355695 160 242 82
-0.270309 0.119197 0.798769 0.424037 -0.466233 -0.776415 181 68 28
0.344303 -0.027273 -0.672588 -0.838844 -0.103426 0.534456 20 114 195
-0.312785 0.039940 0.838418 0.757520 -0.164558 -0.631731 224 106 46
-0.164298 -0.054455 0.558421 0.363722 -0.095234 0.926627 173 115 245
-0.644926 0.269705 -0.674107 0.749403 -0.658467 -0.069401 223 43 118
-0.375828 0.199320 -0.610324 -0.428004 -0.696076 0.576446 72 38 200
0.027276 -0.208405 0.619275 0.435354 0.881744 -0.181643 183 239 104
0.041480 0.274737 0.614908 -0.329243 -0.761042 0.558940 85 30 198
-0.481726 -0.115145 -0.691840 0.782340 0.595228 0.183435 227 203 150
0.126622 -0.063597 -0.012120 0.515650 0.652524 0.555264 193 210 198
0.266246 0.118916 0.096274 -0.473132 -0.604604 0.640781 67 50 209
0.559805 -0.081195 0.237582 -0.881785 0.421353 -0.211937 15 181 100
0.326390 -0.160499 -0.298917 -0.397634 0.914954 0.068890 76 244 136
-0.027386 0.028486 0.344390 0.975920 -0.009116 -0.217939 251 126 99
0.308181 0.191830 0.453242 -0.171396 -0.933567 -0.314764 105 8 87
-0.271264 0.037593 -0.734869 0.926514 -0.343237 -0.154142 245 83 107
-0.386530 -0.250228 -0.531240 0.492265 0.837088 0.238662 190 234 157
-0.034486 0.049800 0.860849 -0.600810 -0.578567 -0.551623 50 53 57
-0.154143 -0.113483 -0.504119 -0.521550 0.524118 0.673266 61 194 213
0.279796 0.038248 -0.719008 0.534599 -0.350309 0.769082 195 82 225
-0.299381 0.140208 -0.643655 -0.332734 -0.575955 0.746702 85 54 222
0.245558 0.144711 -0.573782 -0.711892 -0.699772 -0.059400 36 38 119
-0.016948 -0.206067 -0.244784 0.540727 0.814487 -0.210295 196 231 100
-0.136880 0.067169 0.814570 0.504889 -0.421835 -0.753089 191 73 31
-0.055283 0.050319 -0.151673 -0.901608 -0.348747 -0.255887 12 83 94
0.103951 0.174232 -0.829944 -0.152490 -0.370717 0.916142 108 80 244
-0.251483 -0.055972 0.718065 0.971480 0.139472 0.191765 251 145 151
-0.460432 0.056780 -0.572681 0.286571 -0.497957 -0.818484 164 64 23
-0.079729 -0.272273 -0.701338 -0.317858 0.864735 0.388845 86 237 177
-0.079151 0.038436 -0.097133 0.745270 0.030271 0.666075 222 131 212
0.341311 0.054657 0.565784 -0.237407 -0.433218 -0.869460 97 72 16
0.048337 0.195442 -0.475897 -0.484694 -0.745398 0.457661 65 32 185
0.172380 0.166126 0.689599 -0.409806 -0.657567 -0.632191 75 43 46
-0.077743 -0.098363 -0.608227 -0.230531 0.285983 0.930091 98 163 246
0.435773 0.117537 0.078019 -0.651295 -0.736882 -0.181164 44 33 104
0.066870 -0.103575 -0.755176 0.973248 0.110774 0.201288 251 141 153
0.002652 0.116492 -0.016494 0.446691 -0.349433 -0.823628 184 82 22
0.340179 -0.063674 0.692285 -0.929229 0.189795 -0.317034 9 151 87
0.151679 0.244097 -0.168222 0.233187 -0.721984 0.651431 157 35 210
-0.188549 -0.202946 0.791742 0.154091 0.887798 0.433672 147 240 182
-0.558158 -0.069163 -0.490414 0.714090 0.179397 -0.676677 218 150 41
0.030636 0.070364 0.759552 0.336946 -0.518570 0.785845 170 61 227
-0.445447 -0.179342 -0.639901 0.471941 0.715821 0.514658 187 218 193
-0.123896 -0.039450 -0.341873 -0.894839 0.104076 0.434087 13 140 182
0.072031 0.004565 -0.611298 -0.251341 -0.341424 0.905680 95 83 242
-0.129904 -0.070320 -0.722282 -0.356819 0.159308 0.920490 82 147 244
0.118087 -0.296379 0.042146 -0.176818 0.967988 -0.178142 104 250 104
0.247260 -0.077814 0.455769 0.799807 0.371815 -0.471236 229 174 67
0.246223 0.225128 0.333088 -0.400169 -0.817435 0.414325 76 23 180
0.177334 -0.018104 -0.272572 0.720149 -0.491147 -0.490061 219 64 65
0.078703 -0.086810 -0.363162 0.705422 0.019959 -0.708507 217 130 37
0.156620 -0.187376 -0.035499 -0.058008 0.875716 -0.479329 120 239 66
0.345715 0.160072 -0.422498 0.068143 -0.473064 -0.878389 136 67 15
-0.594819 0.054523 -0.415386 0.977488 -0.140209 -0.157663 252 109 107
-0.244653 -0.202854 -0.678586 0.280711 0.483766 0.828959 163 189 233
-0.221155 0.191995 -0.378675 0.239345 -0.817802 -0.523367 158 23 60
-0.211663 0.164826 -0.407158 0.641203 -0.767273 -0.012306 209 29 125
0.137129 0.177493 0.720663 0.036757 -0.757200 -0.652148 132 30 44
0.104844 -0.117609 0.884137 -0.098228 0.416486 -0.903820 114 180 12
0.562151 0.116450 -0.425419 -0.845666 -0.533554 -0.012965 19 59 125
-0.581765 -0.027422 -0.707509 0.900153 0.005075 0.435544 242 128 183
0.003958 0.188922 0.137617 0.145443 -0.398197 -0.905696 146 76 12
-0.101372 0.114842 0.186900 0.491550 -0.195116 -0.848710 190 102 19
-0.541618 -0.076659 -0.816705 0.988858 0.124458 0.081672 253 143 137
-0.131736 -0.017756 -0.233443 0.370665 -0.036246 0.928059 174 122 245
-0.339956 0.063337 0.662723 0.900200 -0.133215 -0.414601 242 110 74
-0.210751 -0.297932 -0.358374 0.136087 0.902520 -0.408580 144 242 75
0.694646 0.123546 -0.577362 -0.517219 -0.818287 0.250780 61 23 159
0.496419 0.140536 -0.268894 -0.637604 -0.624485 -0.451087 46 47 69
0.187974 0.124011 -0.148010 -0.873612 -0.417123 -0.250622 16 74 95
0.638230 -0.121057 0.161230 -0.819479 0.416305 -0.393884 23 180 77
0.153070 0.077184 0.264796 0.723369 -0.329154 -0.606956 219 85 50
0.031599 -0.162737 -0.409145 -0.647585 0.761481 -0.027925 44 224 123
0.469891 -0.207177 -0.504593 -0.370470 0.709445 -0.599533 80 217 51
-0.090287 -0.164230 0.099792 0.508530 0.587440 -0.629532 192 202 47
-0.046772 0.128680 -0.217160 -0.144314 -0.379215 0.913986 109 79 244
-0.394498 -0.102978 -0.542235 0.568593 0.439065 -0.695646 199 183 38
0.632583 0.203574 -0.434266 0.113086 -0.792769 -0.598940 141 26 51
-0.445321 0.161201 -0.740097 0.423290 -0.881542 0.209068 181 15 154
0.766556 -0.152790 -0.537655 -0.863674 0.479038 -0.156815 17 188 107
-0.009207 0.270603 0.697385 0.256667 -0.948017 -0.188113 160 6 103
0.273107 0.259177 0.508574 -0.111431 -0.782669 -0.612382 113 27 49
0.339549 -0.095119 0.108033 -0.767960 0.464143 0.441371 29 186 183
-0.053911 0.322519 -0.328819 0.237510 -0.736182 -0.633739 157 33 46
0.290448 -0.000692 0.648875 0.524801 -0.025763 -0.850835 194 124 19
0.563139 0.158938 -0.637634 0.030379 -0.999355 0.019163 131 0 129
0.069771 0.171696 -0.605975 -0.863270 -0.399551 -0.308422 17 76 88
-0.231322 0.075296 -0.529725 -0.238141 0.043482 0.970257 97 133 251
-0.222892 0.121036 -0.636804 -0.099105 -0.794064 0.599700 114 26 203
0.436543 -0.082904 -0.761145 -0.127635 0.314051 0.940788 111 167 247
-0.272523 0.025515 -0.449912 -0.686058 -0.052669 0.725638 40 120 220
-0.026001 0.267604 0.674965 -0.356100 -0.848740 0.390939 82 19 177
-0.196682 0.189595 -0.330482 0.484794 -0.790766 -0.373717 189 26 79
0.131774 0.089169 0.716165 -0.389846 -0.551735 0.737298 77 57 221
0.123053 -0.131999 0.338424 0.395990 0.809152 0.434127 177 230 182
0.140941 0.025592 0.001757 0.083597 -0.221139 0.971653 138 99 251
-0.104863 0.054101 0.852324 0.834587 -0.349875 -0.425503 233 82 73
-0.064148 0.032982 0.085417 0.821042 -0.151486 -0.550401 232 108 57
-0.026318 -0.229726 -0.410046 0.430894 0.818579 -0.379815 182 231 79
0.056380 0.215305 -0.201215 -0.385810 -0.907519 -0.166011 78 11 106
-0.164682 0.045566 -0.391921 -0.358409 0.130092 -0.924456 81 144 9
-0.203065 0.182918 -0.384972 -0.672471 -0.673428 0.307047 41 41 166
0.229409 0.118997 -0.545525 0.289324 -0.788474 -0.542771 164 26 58
0.693012 0.080021 -0.585467 0.700792 -0.672010 -0.239360 216 41 96
-0.291914 0.100306 -0.473820 0.501289 -0.827563 0.252683 191 21 159
0.608418 0.029626 -0.448601 -0.791489 -0.157554 0.590527 26 107 202
0.089552 0.194300 -0.052674 0.093847 -0.917680 -0.386078 139 10 78
-0.020558 -0.099220 -0.182907 -0.378432 0.790487 -0.481580 79 228 66
0.448605 -0.204589 -0.422131 -0.468507 0.791358 -0.392752 67 228 77
0.131571 -0.018147 0.854690 -0.999029 0.009378 -0.043040 0 128 122
-0.032822 0.010448 0.692821 0.713711 -0.118204 0.690395 218 112 215
0.679645 0.129554 -0.544133 -0.594476 -0.755106 0.276430 51 31 162
0.216831 0.083604 0.312552 0.488707 -0.356681 -0.796206 189 82 25
0.291714 -0.137532 0.552463 -0.564706 0.782369 0.262691 55 227 160
-0.072477 0.154096 0.817126 0.310433 -0.397541 -0.863477 167 76 17
0.313178 -0.191894 0.847494 -0.774585 0.585128 -0.240088 28 202 96
-0.385664 0.017684 -0.579334 0.165846 -0.615088 -0.770819 148 49 29
0.009965 -0.268614 0.775692 0.094966 0.911925 0.399217 139 243 178
0.833532 -0.118599 -0.525456 -0.844102 0.254428 0.471974 19 159 187
0.362922 0.109500 0.784718 -0.627769 -0.381037 -0.678761 47 78 40
-0.069781 0.264996 0.774811 0.277956 -0.953282 -0.118296 162 5 112
-0.396535 0.118979 -0.687125 0.524649 -0.590601 0.613134 194 52 205
0.231409 -0.070207 -0.048638 -0.796541 0.108564 0.594757 25 141 203
0.187804 -0.184352 0.438322 -0.861560 0.409808 0.299619 17 179 165
0.168670 -0.029614 0.561511 -0.603828 0.116972 0.788486 50 142 228
-0.572130 -0.042791 -0.634167 0.952042 0.226894 -0.205270 248 156 101
-0.193333 -0.096229 -0.579415 0.853689 0.520130 -0.026080 236 193 124
-0.144488 -0.153464 0.833602 0.004449 0.953538 0.301241 128 249 165
-0.134757 0.007009 0.922243 0.565654 -0.099684 -0.818596 199 114 23
-0.358245 0.029070 -0.584048 0.942581 0.241070 0.231143 247 158 156
0.606487 0.047285 -0.578209 0.082633 -0.650974 0.754589 138 44 223
-0.311483 -0.127935 0.432375 0.785192 0.436598 -0.439152 227 183 71
0.246023 -0.129995 0.350277 -0.262657 0.931735 -0.250763 94 246 95
0.059638 -0.160040 0.695756 -0.243330 0.871876 -0.424998 96 238 73
0.543354 -0.005291 -0.521926 -0.322477 -0.608939 0.724708 86 49 219
0.606957 0.026722 -0.604316 0.906951 -0.415333 -0.070278 243 74 118
0.209143 -0.057041 0.591843 -0.418189 0.472950 0.775523 74 187 226
-0.161912 0.042201 -0.411586 0.490041 -0.328224 0.807545 189 85 230
-0.291533 -0.139819 -0.518011 0.180328 0.656576 0.732386 150 211 220
-0.247711 0.022315 -0.213266 0.854040 -0.122811 -0.505504 236 111 63
-0.027490 0.101663 -0.230245 0.353759 -0.907151 0.227884 172 11 156
-0.299194 -0.127014 -0.363087 0.190876 0.469397 0.862110 151 187 237
0.050280 -0.056061 -0.648983 -0.624103 0.048409 0.779841 47 133 226
-0.390553 -0.042350 -0.523268 -0.305244 0.445116 -0.841842 88 184 20
-0.309685 0.055121 -0.360604 0.006862 -0.108514 -0.994071 128 113 0
0.679200 0.065868 -0.367964 -0.916800 -0.364414 -0.163338 10 81 106
0.545918 -0.138773 -0.640154 0.402356 0.726606 0.556914 178 220 198
0.125586 -0.045918 0.439274 0.433957 0.457875 -0.775907 182 185 28
-0.201569 -0.011963 0.867799 0.520595 0.006181 -0.853781 193 128 18
-0.352781 0.083498 -0.515400 -0.630210 -0.254165 -0.733645 47 95 33
0.235011 0.004018 0.311809 -0.256822 -0.047000 -0.965315 94 121 4
-0.350590 0.029585 -0.610073 -0.226571 -0.249475 0.941503 98 95 247
-0.421270 0.081561 -0.471907 0.828441 -0.558286 -0.044742 233 56 121
-0.127072 -0.040463 0.705520 0.896699 0.000503 0.442641 241 127 183
0.081384 -0.111945 0.749328 -0.248212 0.726541 0.640725 95 220 209
-0.103006 -0.267849 -0.519628 -0.009331 0.894824 0.446321 126 241 184
-0.246318 -0.094717 -0.583016 0.001524 0.897358 0.441301 127 241 183
0.678925 -0.045954 -0.667863 -0.412305 0.063800 0.908809 74 135 243
-0.313644 -0.102734 0.697476 0.728804 0.678810 -0.089787 220 214 116
-0.293943 0.044099 -0.516030 0.640433 -0.292624 -0.710082 209 90 36
0.527529 -0.181628 -0.413380 -0.443495 0.595173 -0.670135 70 203 42
-0.127070 0.041442 -0.549936 -0.410668 0.104278 -0.905802 75 140 12
-0.435508 0.228071 -0.574392 0.714183 -0.666505 -0.213806 218 42 100
-0.278646 0.237470 -0.319017 0.188135 -0.982070 -0.011996 151 2 125
0.253632 -0.076070 0.777008 -0.623271 0.558485 0.547383 48 198 197
0.123639 0.265134 0.082386 0.513506 -0.840096 0.174788 192 20 149
-0.107139 -0.063386 -0.410992 0.465680 0.559477 -0.685658 186 198 40
0.355650 0.024753 -0.712858 0.655391 -0.624189 0.425264 211 47 181
0.371287 0.059143 0.737596 -0.339050 -0.021116 -0.940531 84 124 7
0.130198 -0.094468 -0.079758 -0.664959 0.118593 0.737405 42 142 221
0.246724 -0.030665 0.339337 -0.614436 0.491268 0.617353 49 190 206
0.140368 0.001723 -0.345251 0.223964 0.081554 0.971179 156 137 251
0.097186 0.144594 -0.472530 -0.868217 -0.332150 0.368613 16 85 174
0.146665 0.010963 -0.520746 -0.209631 0.156777 0.965130 100 147 250
-0.432672 0.253335 -0.550195 -0.011723 -0.967614 0.252163 126 4 159
0.163387 0.028147 -0.721764 0.772788 -0.538775 0.335439 226 58 170
-0.141057 0.195491 -0.371613 0.359672 -0.900499 -0.244413 173 12 96
0.059988 0.004025 -0.283514 -0.074303 0.004703 0.997225 118 128 254
-0.272178 -0.134516 -0.197798 0.161920 0.985619 -0.048335 148 253 121
0.087955 -0.189106 0.345055 0.058845 0.979719 -0.191541 135 252 103
0.294773 0.275317 0.724394 -0.756753 -0.635378 0.153690 31 46 147
0.180567 0.119699 -0.066612 -0.726135 -0.609572 0.318042 34 49 168
0.036997 0.171896 -0.106240 0.022904 -0.959729 -0.279991 130 5 91
0.832022 -0.065669 -0.708279 -0.603626 0.237523 0.761064 50 157 224
0.021204 -0.198041 0.931879 -0.000619 0.732261 -0.681024 127 220 40
0.096042 -0.298119 -0.554712 -0.057105 0.976004 0.210129 120 251 154
0.278150 0.062481 0.035180 -0.919845 -0.325933 -0.218293 10 85 99
0.560854 -0.061424 -0.542336 -0.041279 0.515806 0.855710 122 193 236
-0.326128 -0.080553 -0.051457 0.305955 0.775815 -0.551818 166 226 57
0.067483 -0.073360 0.017130 -0.404705 0.909375 0.096180 75 243 139
-0.118731 0.125333 0.876351 0.394133 -0.565946 -0.724130 177 55 35
-0.128010 -0.114721 0.939757 0.555908 0.229811 -0.798845 198 156 25
-0.149483 -0.140769 -0.797360 -0.351876 0.304872 0.885007 82 166 240
0.660168 -0.139625 -0.707388 -0.335707 0.511793 0.790802 84 192 228
-0.424177 0.071788 -0.280692 0.671614 -0.077428 -0.736844 213 117 33
0.179151 -0.216241 -0.604965 -0.286467 0.945121 0.157107 90 248 147
-0.007172 -0.022980 -0.002115 0.368882 -0.378801 -0.848785 174 79 19
-0.315545 -0.171617 0.117045 0.602758 0.762495 0.235124 204 224 157
-0.306530 -0.310064 -0.618183 -0.427763 0.753793 0.498813 72 223 191
-0.240599 -0.275393 0.478382 0.317602 0.889031 0.329777 167 240 169
0.243323 0.011353 -0.079843 -0.665680 -0.202741 -0.718169 42 101 35
0.447405 0.158681 -0.210221 0.047434 -0.276569 -0.959823 133 92 5
0.098512 -0.228752 0.105633 -0.339530 0.590313 0.732291 84 202 220
-0.104934 0.071861 0.859388 0.810560 -0.258790 -0.525376 230 94 60
-0.323690 -0.062432 -0.474169 -0.057476 0.043922 -0.997380 120 133 0
-0.335019 0.120603 -0.717160 -0.417875 -0.731753 0.538440 74 34 196
-0.459007 0.325320 -0.626757 0.242273 -0.963059 0.117561 158 4 142
-0.241704 0.018424 -0.725463 0.031422 -0.189159 0.981444 131 103 252
0.005061 -0.047649 0.002795 0.357073 0.266183 -0.895346 173 161 13
0.084746 -0.059807 0.569501 -0.890034 0.293608 0.348761 14 164 171
-0.412946 -0.212298 -0.689929 -0.060655 0.914175 0.400755 119 244 178
0.010402 0.153792 0.369426 -0.114946 -0.506157 0.854747 112 62 236
0.474749 -0.196507 -0.292321 -0.572222 0.802785 0.167627 54 229 148
0.186038 -0.164409 0.809327 -0.328858 0.867333 -0.373612 85 238 79
0.084160 0.024524 -0.331376 0.771212 -0.443981 -0.456195 225 70 69
0.060054 0.119987 0.643513 -0.431259 -0.244765 0.868393 72 96 238
-0.243542 0.024812 0.760465 0.979739 0.088444 -0.179693 252 138 104
-0.547033 0.121302 -0.515248 0.833318 -0.484017 -0.267036 233 65 93
-0.064174 0.032232 0.696102 -0.162726 -0.142557 0.976319 106 109 251
-0.329836 -0.015365 -0.550236 -0.500325 -0.297445 -0.813143 63 89 23
-0.003797 0.156287 -0.174341 0.555559 -0.309308 -0.771805 198 88 29
0.062377 0.008025 0.168201 0.039587 -0.155331 0.987069 132 107 253
-0.210577 0.051875 0.662275 0.734285 -0.221666 0.641631 221 99 209
-0.461527 0.248532 -0.350197 0.535224 -0.819459 0.204993 195 23 153
0.201664 0.186141 -0.297812 0.083382 -0.956976 0.277927 138 5 162
-0.091843 -0.129010 0.667294 -0.615871 0.775622 -0.138254 48 226 109
-0.127102 0.045355 0.787683 0.573676 0.001573 -0.819081 200 127 23
0.249293 0.137418 0.805973 -0.924092 -0.359581 0.129444 9 81 144
0.339691 -0.150528 0.058800 -0.733791 0.532981 0.421287 33 195 181
-0.285724 0.319697 -0.567468 -0.298281 -0.950778 0.083962 89 6 138
-0.469116 0.067391 -0.592510 0.213790 -0.612619 -0.760915 154 49 30
-0.008640 -0.132446 -0.214266 -0.719630 0.475302 0.506183 35 188 192
0.290077 -0.114908 0.790216 -0.630658 0.395879 -0.667496 47 177 42
0.342693 -0.147386 -0.508394 -0.142710 0.396575 0.906842 109 178 243
0.230712 0.157582 0.388339 0.555070 -0.810123 0.188674 198 24 151
-0.081926 0.122176 0.794983 -0.160224 -0.684046 0.711624 107 40 218
-0.096539 -0.071670 0.873996 0.445830 0.327630 -0.833003 184 169 21
-0.021131 0.188350 -0.602350 -0.031631 -0.639103 0.768470 123 46 225
0.193820 0.127154 1.022600 -0.541942 -0.260519 -0.799018 58 94 25
0.086805 0.199434 0.618102 -0.048050 -0.761444 0.646447 121 30 209
0.057193 0.081555 0.491035 -0.261146 -0.029081 0.964861 94 123 250
0.037022 -0.072843 -0.721229 0.811100 0.545910 0.209996 230 197 154
0.302539 -0.298793 -0.648300 -0.416329 0.668191 0.616596 74 212 206
0.742529 0.013299 -0.511272 -0.910433 -0.059238 -0.409392 11 119 75
-0.149995 0.122972 -0.680745 0.880276 -0.440747 0.175660 239 71 149
0.162831 -0.119789 0.559619 -0.211727 0.887986 -0.408230 100 240 75
0.261168 -0.125966 -0.661017 0.242373 0.739849 0.627597 158 221 207
0.104101 0.099498 0.614978 0.247911 -0.442529 -0.861805 159 71 17
0.049713 -0.114202 -0.180676 -0.158413 0.370337 -0.915290 107 174 10
0.625121 0.137785 -0.605155 -0.014852 -0.993634 0.111674 125 0 141
0.062807 0.169537 -0.120021 0.559540 -0.826924 0.055791 198 22 134
0.347291 -0.238549 -0.414915 0.660690 0.582381 -0.473625 211 201 67
-0.657550 -0.038923 -0.631471 0.907634 0.192107 -0.373222 243 151 79
0.106675 -0.099501 0.593674 -0.344016 0.432771 0.833284 83 182 233
0.043723 0.018623 -0.364736 0.892859 0.031151 -0.449258 241 131 70
0.225179 -0.027528 0.184875 -0.423771 -0.139835 0.894910 73 109 241
-0.547654 -0.231477 -0.654755 0.778481 0.534645 -0.328820 226 195 85
-0.308025 -0.239220 -0.685391 -0.483161 0.617706 0.620479 65 206 206
0.101098 0.174978 0.009864 -0.712160 -0.625000 -0.319691 36 47 86
0.099136 -0.059397 -0.118956 -0.319558 0.239597 -0.916775 86 158 10
0.123537 -0.078400 0.799005 -0.956817 0.188996 -0.220867 5 151 99
0.019580 0.183869 -0.600665 -0.754845 -0.392189 0.525734 31 77 194
0.327117 -0.040908 0.556537 -0.456367 0.133647 -0.879697 69 144 15
0.201077 0.019289 -0.593291 0.998000 0.039429 0.049419 254 132 133
0.063190 -0.134928 0.739939 -0.189293 0.968470 -0.161969 103 250 106
0.717442 0.160465 -0.386831 -0.802543 -0.507853 -0.313067 25 62 87
0.279042 0.065993 0.039744 -0.091791 -0.980722 0.172506 115 2 149
-0.432548 0.324762 -0.676709 0.282702 -0.756236 0.590073 163 31 202
0.140537 0.062713 0.849127 -0.822223 -0.156552 0.547211 22 107 197
0.079529 -0.049905 -0.607846 -0.645509 0.125016 0.753451 45 143 223
0.709599 -0.090988 -0.549709 -0.491758 0.195335 -0.848539 64 152 19
-0.151183 0.237818 -0.310095 -0.249562 -0.915220 -0.316372 95 10 87
-0.204833 -0.122091 0.776193 0.553303 0.811895 -0.186234 198 231 103
0.088562 -0.162547 0.359545 -0.087621 0.695714 0.712955 116 216 218
0.310652 0.116524 0.696181 -0.351106 -0.322799 -0.878934 82 86 15
0.229101 -0.043727 0.095281 -0.454578 0.086530 0.886494 69 138 240
-0.156566 0.147666 -0.432970 0.063905 -0.489920 -0.869422 135 65 16
0.041564 0.083093 0.457672 0.616583 -0.224964 0.754464 206 98 223
0.634908 -0.058049 -0.488099 -0.804399 0.139373 -0.577510 24 145 53
0.318694 0.043356 0.125356 -0.742876 -0.118611 -0.658838 32 112 43
-0.139735 -0.079961 -0.513338 -0.936363 0.162348 0.311235 8 148 167
-0.280526 -0.055228 -0.504261 -0.361308 0.385103 -0.849207 81 176 19
0.239072 0.017930 0.000027 -0.823055 0.038623 -0.566647 22 132 55
0.275915 0.024052 -0.654544 0.176126 0.019723 -0.984170 149 130 2
-0.325263 0.024995 -0.600348 -0.134371 -0.211978 0.967993 110 100 250
-0.185844 -0.234269 0.684995 -0.389450 0.582220 0.713687 77 201 218
0.068601 0.104458 0.919075 0.290793 -0.195877 -0.936521 164 102 8
0.648846 -0.020880 -0.543190 0.770136 -0.478086 -0.422284 225 66 73
-0.237395 0.226703 -0.547646 0.366953 -0.799062 0.476284 174 25 188
-0.002488 0.092187 0.029725 0.837106 -0.349292 -0.421009 234 82 73
-0.332981 -0.191869 0.679832 -0.072941 0.600406 0.796362 118 204 229
0.323437 -0.111884 -0.695165 0.271744 0.961864 -0.031189 162 250 123
-0.048062 0.128143 -0.160054 0.145220 -0.811927 0.565408 146 23 199
-0.429026 0.059880 -0.635729 0.376737 -0.383589 0.843166 175 78 235
0.750100 -0.027751 -0.507855 -0.478648 0.315277 0.819449 66 167 231
0.198663 0.137648 0.849253 -0.703103 -0.582506 -0.407839 37 53 75
0.061843 0.057966 0.736109 0.024276 -0.232807 -0.972220 130 97 3
-0.394809 -0.188491 -0.464615 0.691509 0.716412 0.092570 215 218 139
0.771457 -0.013612 -0.733545 -0.172863 0.050044 0.983674 105 133 252
0.249710 0.003909 0.717825 -0.863432 -0.076447 0.498639 17 117 191
0.242132 0.006880 0.104911 0.309403 -0.299814 -0.902430 166 89 12
0.466553 0.106865 -0.180344 -0.621168 -0.482480 -0.617546 48 65 48
0.206339 0.350753 0.121395 0.231876 -0.686988 -0.688681 157 39 39
-0.049200 -0.101318 0.880068 0.356684 0.458372 -0.814046 172 185 23
0.402935 -0.155898 -0.708991 -0.437617 0.625008 0.646418 71 207 209
0.616669 0.005514 -0.642247 -0.567505 0.240409 0.787491 55 158 227
0.006181 0.190468 0.708774 0.184021 -0.655373 -0.732546 150 43 34
-0.491349 -0.194961 -0.769139 0.212089 0.533237 0.818949 154 195 231
0.688409 0.049644 -0.559985 0.591877 -0.800471 -0.094489 202 25 115
0.111136 0.271953 0.835887 0.007202 -0.768289 -0.640063 128 29 45
0.063598 0.377266 0.830007 0.113839 -0.969425 -0.217384 142 3 99
0.299450 0.139050 0.631744 -0.700283 -0.697740 -0.150873 38 38 108
-0.033266 -0.064224 0.188922 0.602039 0.422486 -0.677536 204 181 41
-0.106234 -0.002924 -0.323545 -0.212757 0.686452 0.695355 100 215 216
0.015285 -0.003837 0.109959 0.465020 0.083215 -0.881381 186 138 15
0.292351 -0.226195 0.296675 -0.390536 0.721733 -0.571475 77 219 54
0.133960 -0.021052 0.227935 0.957662 0.277030 -0.078342 249 162 117
-0.519712 0.110757 -0.714781 0.392143 -0.581272 0.712984 177 53 218
0.716210 -0.191840 -0.525317 -0.261924 0.917901 -0.298085 94 244 89
0.075536 -0.220913 -0.355996 -0.531101 0.823219 0.200606 59 232 153
0.711396 0.004549 -0.540028 -0.812998 0.006495 -0.582230 23 128 53
0.174789 0.021230 0.944706 0.016019 -0.293465 -0.955836 129 90 5
0.164491 0.293754 -0.397329 0.368165 -0.923394 0.108618 174 9 141
0.502763 -0.093029 -0.544317 -0.554562 0.121496 0.823225 56 142 232
0.068403 0.034552 0.591382 0.779863 -0.247836 -0.574797 226 95 54
0.285573 -0.166012 0.035900 -0.235725 0.736777 -0.633714 97 221 46
-0.222915 0.120773 -0.497499 0.210571 -0.593226 -0.777009 154 51 28
-0.154116 -0.030791 0.867064 0.685436 0.346247 0.640539 214 171 209
0.081770 0.107928 0.878753 -0.608341 -0.336458 -0.718831 49 84 35
0.597730 -0.173551 -0.526659 -0.330172 0.575695 0.748039 85 200 222
-0.365456 -0.032991 -0.664786 -0.824097 -0.533444 0.190531 22 59 151
0.457336 -0.185571 0.124127 0.262257 0.595305 -0.759495 160 203 30
0.138008 -0.135184 0.605078 -0.261289 0.599347 0.756645 94 203 223
-0.205967 -0.327579 -0.082426 -0.157534 0.680531 0.715584 107 214 218
-0.123785 -0.022816 0.830346 0.774248 -0.109131 -0.623402 226 113 48
0.055142 0.254002 -0.507756 0.249423 -0.951994 0.177473 159 6 150
0.111210 0.052238 0.669858 -0.459043 -0.541247 0.704508 68 58 217
-0.156475 -0.064422 -0.654403 0.638635 0.200182 0.743016 208 153 222
-0.027433 -0.137622 -0.505604 -0.084708 0.231943 -0.969034 116 157 3
0.536634 -0.074153 -0.698227 -0.801125 -0.015680 0.598292 25 125 203
-0.416418 -0.226714 -0.735442 0.406650 0.797926 0.444916 179 229 184
0.566396 0.106482 -0.647361 -0.235084 -0.325405 0.915886 97 86 244
0.072338 0.063532 0.882882 -0.942342 -0.004813 -0.334617 7 126 84
-0.388410 -0.067467 -0.596644 0.974653 0.109020 -0.195361 251 141 102
0.757754 0.316230 -0.252934 -0.699962 -0.709995 0.077200 38 36 137
0.187845 0.050470 0.681748 -0.854034 -0.115314 -0.507276 18 112 62
0.291371 -0.253100 -0.122953 -0.347392 0.933840 -0.085212 83 246 116
0.223216 -0.113745 0.492537 -0.629067 0.200020 0.751177 47 153 223
-0.374113 -0.345710 -0.620296 0.417497 0.908110 -0.032138 180 243 123
0.167466 -0.015632 0.399710 -0.768264 -0.279130 0.576069 29 91 200
0.404663 -0.039954 -0.527367 -0.608429 0.680328 0.408618 49 214 179
0.100185 -0.092525 0.491354 0.412107 0.449305 -0.792649 180 184 26
0.281269 0.101798 -0.348947 0.403930 -0.207463 0.890955 179 101 241
-0.365410 -0.143702 -0.564575 -0.128080 0.924241 0.359687 111 245 173
0.270285 -0.067111 0.255636 -0.763753 0.487982 -0.422557 30 189 73
-0.263323 -0.134809 -0.427625 -0.525999 0.418939 -0.740146 60 180 33
-0.044194 -0.148984 -0.249333 -0.243431 0.815359 0.525292 96 231 194
0.128977 -0.140493 0.799785 -0.775752 0.413135 0.477000 28 180 188
-0.237439 -0.199125 -0.587094 -0.291624 0.845998 0.446367 90 235 184
-0.008214 0.049666 0.617754 0.831354 -0.056465 -0.552868 233 120 57
0.462753 0.375993 -0.693505 0.021670 -0.987375 0.156914 130 1 147
0.760448 -0.282615 -0.475505 -0.385339 0.827676 0.408004 78 233 179
-0.177685 0.052977 -0.301260 0.979893 -0.035035 0.196424 252 123 152
-0.365532 0.073022 -0.649959 0.849888 -0.493398 0.185066 235 64 151
0.659200 0.280895 -0.561522 -0.594245 -0.798137 -0.099247 51 25 114
0.175728 0.004236 0.849209 -0.022678 -0.062878 -0.997764 124 119 0
0.436065 -0.120202 -0.692052 -0.665619 0.557275 0.496383 42 198 190
0.111102 -0.186298 0.841380 0.089641 0.804709 -0.586863 138 230 52
-0.304960 -0.078889 -0.489899 0.155906 0.148807 -0.976499 147 146 2
0.466223 -0.087038 0.077665 -0.372362 0.472708 -0.798682 80 187 25
-0.282417 0.072307 0.384999 0.110160 -0.829844 -0.547014 141 21 57
0.082684 0.027138 0.149884 0.661573 -0.158137 -0.733017 211 107 34
0.000533 -0.061273 0.873119 0.372106 -0.099708 -0.922819 174 114 9
0.010909 -0.259628 0.165552 0.022995 0.551685 0.833735 130 197 233
0.219604 -0.028991 0.895227 -0.984237 0.028878 -0.174480 2 131 105
0.059275 -0.070279 0.746067 0.153475 0.077175 -0.985134 147 137 1
0.142523 0.078861 -0.020388 -0.827976 -0.223395 -0.514345 21 99 61
0.043904 0.201828 0.597011 0.531693 -0.778103 -0.334451 195 28 84
0.326823 0.128543 0.460288 -0.738855 -0.374982 0.559895 33 79 198
-0.501679 -0.091424 0.348106 0.746300 0.523431 0.411166 222 194 179
-0.145649 0.044345 -0.133865 0.401679 -0.130239 -0.906472 178 110 11
-0.196305 0.097034 -0.580408 -0.663451 -0.170737 0.728479 42 105 220
0.492404 0.112252 0.444247 -0.971260 -0.216134 0.099704 3 99 140
0.280588 0.126734 0.483780 -0.144325 -0.535280 -0.832254 109 59 21
0.239108 -0.207619 0.299915 -0.722818 0.456719 0.518597 35 185 193
-0.349710 0.121451 0.840136 0.811905 -0.203607 -0.547133 231 101 57
0.192595 -0.208421 -0.035606 0.095319 0.832496 -0.545770 139 233 57
-0.257003 0.016437 -0.375890 0.979986 -0.176829 -0.091430 252 104 115
0.025549 0.166723 0.780316 0.246701 -0.520123 -0.817687 158 61 23
-0.493883 0.029407 -0.615650 0.875864 -0.077490 -0.476296 239 117 66
0.697229 -0.069817 -0.530722 -0.930278 0.206506 -0.303213 8 153 88
0.124512 0.116652 0.584231 -0.652752 -0.466208 0.597130 44 68 203
0.154823 -0.157981 0.024998 -0.495105 0.721005 -0.484792 64 219 65
-0.021401 0.306688 0.243476 -0.031841 -0.874620 0.483763 123 15 189
0.232384 0.003861 0.746666 -0.531423 -0.206509 -0.821550 59 101 22
-0.136916 -0.103118 0.332668 -0.344674 0.938072 -0.034933 83 247 123
0.412316 0.116026 -0.677614 -0.422560 -0.730231 0.536849 73 34 195
-0.373955 -0.150385 -0.529733 0.439673 0.749822 0.494422 183 223 190
0.451619 0.162197 -0.614478 -0.714303 -0.568286 0.408440 36 55 179
0.246396 0.014453 -0.426092 -0.839457 -0.016124 0.543187 20 125 196
0.569139 -0.062215 -0.508109 -0.195143 0.069766 -0.978290 102 136 2
-0.442031 0.071948 -0.591274 -0.169804 -0.578426 -0.797866 105 53 25
0.237678 0.003578 -0.228312 0.394342 -0.338801 -0.854229 177 84 18
-0.414389 -0.111562 -0.506777 0.969844 0.228559 -0.084635 251 156 116
-0.198002 -0.145988 -0.598250 -0.617454 0.601200 0.507257 48 204 192
-0.347306 0.148890 0.653662 -0.304411 -0.948770 0.084679 88 6 138
0.203225 -0.233157 0.303380 0.146005 0.733626 -0.663683 146 221 42
0.310384 -0.106369 0.735682 -0.853680 0.396211 -0.338006 18 178 84
0.598232 -0.000383 -0.597437 0.794943 -0.129625 -0.592674 228 110 51
0.266668 0.264413 -0.766093 0.662321 -0.742813 -0.097776 211 32 115
-0.144956 0.205406 -0.808351 -0.312573 -0.343926 0.885445 87 83 240
0.126373 -0.160270 0.490438 0.799583 0.566371 -0.199729 229 199 102
0.343103 0.205532 0.441350 -0.659763 -0.738852 -0.137154 43 33 110
0.227371 -0.235046 0.459940 0.044429 0.600183 -0.798628 133 204 25
0.025554 -0.053490 -0.794536 -0.199200 0.183802 0.962568 102 150 250
-0.081182 -0.110210 -0.164759 -0.725758 0.583234 -0.364848 34 201 80
-0.080101 0.176195 0.854012 0.666083 -0.736966 -0.114954 212 33 112
0.017268 0.076265 0.937618 -0.511207 -0.133853 -0.848970 62 110 19
-0.288681 0.172764 -0.648696 -0.279897 -0.955726 0.090810 91 5 139
0.296887 -0.152714 0.523510 -0.590013 0.423471 0.687428 52 181 215
0.414483 -0.019738 0.815097 -0.477595 -0.001484 -0.878579 66 127 15
0.313976 0.198412 0.303717 -0.912455 -0.381468 -0.148017 11 78 108
0.080542 -0.096228 0.961986 -0.088984 0.298930 -0.950117 116 165 6
0.127436 0.212282 0.266176 0.175542 -0.929419 -0.324602 149 8 86
-0.190235 0.115838 -0.336873 0.783333 -0.331414 -0.525885 227 85 60
0.109852 0.040347 -0.704901 0.049122 -0.043357 0.997851 133 121 254
0.131764 0.030957 -0.578540 0.085466 -0.245109 -0.965721 138 96 4
0.109844 0.181692 -0.014184 0.253499 -0.863270 -0.436467 159 17 71
-0.128818 0.128495 0.205748 0.600155 -0.799691 0.017560 204 25 129
0.088319 0.233570 0.714197 -0.212319 -0.930750 -0.297701 100 8 89
0.074340 0.125611 0.117291 0.705791 -0.621199 0.340545 217 48 170
0.217793 0.102598 0.340592 -0.797095 -0.054511 -0.601389 25 120 50
0.034883 0.146625 0.647697 -0.076458 -0.868915 0.489020 117 16 189
0.153698 0.045838 -0.533453 -0.632930 -0.083669 0.769675 46 116 225
-0.200278 0.022632 -0.181505 0.235550 -0.003001 0.971857 157 127 251
0.014882 0.133573 -0.158293 0.868358 -0.377884 0.321183 238 79 168
0.076161 -0.147606 0.873361 -0.701029 0.701746 0.126933 38 216 143
-0.142417 0.117911 0.700670 0.018122 -0.909728 -0.414808 129 11 74
0.541924 -0.306042 -0.411953 -0.033816 0.979658 -0.197807 123 252 102
0.254402 0.089821 0.076212 0.528625 -0.441703 -0.724882 194 71 35
-0.286654 0.148772 -0.425561 0.761258 -0.648177 -0.018795 224 44 125
0.501208 -0.208068 -0.475838 -0.098665 0.724623 0.682046 114 219 214
-0.161180 0.291445 0.747006 0.134500 -0.990812 0.014181 144 1 129
0.024329 -0.051447 0.717858 -0.373455 0.146998 0.915927 79 146 244
-0.396659 -0.119446 0.708689 0.771861 0.447223 0.451910 225 184 185
-0.330971 -0.065094 -0.697144 0.855446 0.499721 -0.135981 236 191 110
0.110567 -0.050296 0.679442 0.478015 0.878345 0.003325 188 239 127
-0.162174 0.139464 0.734472 -0.275244 -0.440914 0.854304 92 71 236
0.142171 0.087029 0.885127 -0.603922 -0.260427 -0.753297 50 94 31
0.064980 -0.155016 -0.571269 0.265229 0.666625 0.696610 161 212 216
-0.225705 -0.034917 -0.673270 0.641422 0.076672 0.763347 209 137 224
0.231118 0.044251 0.258777 -0.612985 -0.087299 0.785257 49 116 227
0.207725 0.259750 -0.011353 -0.656847 -0.730839 0.185542 43 34 151
0.408729 0.028917 -0.618047 -0.580887 -0.291116 0.760146 53 90 224
-0.461875 0.254502 -0.624217 0.192516 -0.933501 0.302513 152 8 166
0.652883 0.191094 -0.390134 -0.287729 -0.956806 -0.041656 90 5 122
0.009871 -0.282400 -0.625303 0.084059 0.970733 0.224971 138 251 156
-0.070931 -0.102187 0.813144 -0.216465 0.816845 -0.534704 99 231 59
0.618390 0.070064 -0.613327 0.284749 -0.771934 0.568363 163 29 199
0.147617 -0.188757 0.476498 0.618291 0.450802 -0.643812 206 184 45
0.027635 0.082134 -0.214890 -0.554548 -0.235342 0.798180 56 97 229
-0.043925 -0.347811 0.884464 0.180311 0.973108 -0.143347 150 251 109
0.378266 -0.009002 -0.736751 -0.602988 0.151205 0.783290 50 146 227
0.353330 -0.076349 -0.573658 -0.678779 0.263165 -0.685568 40 161 40
-0.347391 -0.144224 0.831542 0.690143 0.311574 -0.653164 215 167 44
0.160177 -0.179084 0.931263 -0.842838 0.436521 -0.314761 20 183 87
-0.262370 0.125600 -0.541812 0.182299 -0.648810 -0.738791 150 44 33
-0.256624 0.113718 0.068769 0.828280 -0.255040 -0.498906 233 94 63
-0.013946 0.120762 -0.268947 -0.453603 -0.518504 -0.724843 69 61 35
0.221412 -0.185937 0.486251 -0.335763 0.911392 0.237965 84 243 157
-0.608283 0.240898 -0.675685 0.599612 -0.774825 -0.200279 203 28 101
0.801898 -0.014995 -0.542632 -0.920465 0.109033 0.375308 10 141 175
-0.041447 -0.007947 -0.148166 -0.363762 0.152390 -0.918942 81 146 10
0.306240 0.320336 -0.362121 0.246585 -0.961988 0.117370 158 4 142
0.286600 -0.199952 -0.291146 0.436452 0.639780 0.632607 183 209 208
0.269226 0.034091 -0.677698 0.412429 0.183959 0.892223 180 150 241
-0.391721 -0.122924 -0.724893 0.848548 0.314978 0.425153 235 167 181
-0.064358 0.238434 -0.174582 0.328174 -0.765547 0.553389 169 29 198
0.099026 0.054944 0.693290 0.865214 0.014747 -0.501185 237 129 63
0.286638 0.141630 0.197067 -0.096272 -0.967319 0.234574 115 4 157
-0.383745 0.037082 -0.664412 0.469213 -0.340054 0.814986 187 84 231
0.040401 0.179091 0.846199 -0.077515 -0.994149 0.075222 117 0 137
0.013866 0.129669 0.882606 -0.306651 -0.790585 -0.530039 88 26 59
0.777978 0.094873 -0.527266 0.313932 -0.235540 -0.919765 167 97 10
-0.127838 0.062553 0.690069 0.952475 -0.098149 0.288372 248 114 164
0.106102 0.157195 -0.275471 -0.199578 -0.973065 -0.115387 102 3 112
-0.142825 0.006000 0.820432 0.881093 -0.193283 -0.431643 239 102 72
0.712462 0.044065 -0.527137 0.032428 -0.950182 -0.310003 131 6 87
-0.271852 0.068318 -0.626198 0.304995 -0.264789 0.914803 166 93 244
-0.236229 0.127702 -0.705757 -0.579192 -0.815157 -0.007438 53 23 126
-0.451649 0.025996 0.692545 0.894781 -0.213796 -0.391993 241 100 77
-0.057579 0.001991 0.693118 0.909974 -0.141710 -0.389700 243 109 77
-0.124581 0.041090 0.882770 0.663786 -0.101138 -0.741053 212 114 33
0.191481 0.026441 0.676506 0.474625 -0.395752 -0.786201 188 77 27
-0.503101 -0.095205 -0.613892 -0.358222 0.692606 0.626078 81 215 207
0.416049 -0.084012 -0.638654 -0.321799 0.783877 -0.531020 86 227 59
-0.357008 -0.119121 -0.547189 0.634439 0.588627 -0.501005 208 202 63
0.026965 -0.147404 0.661476 0.811747 0.571314 0.121109 230 200 142
-0.330958 0.077717 -0.453993 -0.194895 -0.550590 -0.811706 102 57 24
0.601129 -0.129077 -0.407978 -0.387884 0.475091 -0.789832 78 188 26
-0.086925 -0.070256 0.692877 0.967497 0.252551 0.012952 250 159 129
-0.157479 0.152150 0.847568 0.718621 -0.653657 -0.237312 219 44 97
-0.145246 0.259136 -0.090336 0.508362 -0.731115 -0.455016 192 34 69
0.079181 -0.161740 -0.365600 -0.209093 0.947306 0.242676 100 248 158
-0.146240 -0.034705 0.696583 -0.902257 0.295930 0.313621 12 165 167
0.067332 0.224202 0.460113 0.067509 -0.849348 0.523499 136 19 194
0.169917 -0.057603 -0.000973 -0.368338 0.350833 -0.860955 80 172 17
-0.108409 -0.150311 -0.750599 -0.187736 0.651518 0.735037 103 210 221
-0.377849 0.072479 -0.442642 0.232447 -0.208313 -0.950039 157 100 6
0.588526 -0.141127 -0.403364 -0.464748 0.578257 0.670543 68 201 212
0.302396 -0.062892 0.511851 -0.807765 0.191614 -0.557494 24 151 56
-0.431014 -0.233196 -0.570762 -0.003314 0.929199 0.369565 127 245 174
0.177574 -0.290549 0.358313 -0.258908 0.942465 0.211487 94 247 154
0.126852 0.289714 0.075220 -0.282374 -0.685189 0.671403 91 40 213
-0.425443 0.000126 -0.652987 -0.444368 -0.008512 0.895804 70 126 241
0.335456 -0.006647 0.100883 -0.824914 -0.074643 0.560309 22 117 198
0.059097 0.088793 0.697706 0.799198 -0.380324 0.465443 229 79 186
0.353409 -0.290519 0.155378 -0.285921 0.708533 0.645159 91 217 209
-0.074813 0.096385 -0.453632 -0.755697 -0.569908 -0.322689 31 54 86
-0.050755 -0.100922 -0.354995 0.827135 0.241072 -0.507673 232 158 62
-0.450441 0.008421 -0.493139 0.477358 -0.308548 -0.822756 188 88 22
-0.398153 -0.061919 -0.787604 0.995775 0.082095 -0.041134 254 137 122
0.203204 0.070850 0.766764 -0.003763 -0.421199 -0.906960 127 73 11
0.633512 -0.089454 -0.250883 0.694126 0.518834 -0.498999 216 193 63
-0.590919 0.103312 -0.738635 0.788470 -0.245565 0.563926 228 96 199
-0.373399 -0.202746 -0.499703 0.548811 0.638997 -0.538970 197 208 58
-0.484173 -0.066451 -0.608896 0.785438 0.287096 -0.548327 227 164 57
0.147321 0.092419 0.237883 0.605027 -0.543265 -0.582070 204 58 53
0.480189 0.099036 -0.787797 -0.604985 -0.171027 0.777652 50 105 226
0.478527 0.064388 -0.353817 0.506667 -0.580438 -0.637479 192 53 46
0.097236 -0.296416 0.443417 -0.054362 0.973119 0.223793 120 251 156
0.093261 -0.180528 0.151921 0.218526 0.870159 0.441667 155 238 183
-0.433895 -0.102486 -0.604785 -0.746879 0.569397 -0.343451 32 200 83
0.272873 0.031468 -0.659276 -0.346998 -0.054218 0.936297 83 120 246
-0.149799 -0.223514 -0.575103 -0.021423 0.993721 0.109816 124 254 141
0.020399 0.101010 0.697523 0.700699 -0.669545 0.246434 216 42 158
-0.148174 -0.030094 -0.522606 -0.835285 0.501592 0.225176 21 191 156
-0.262697 0.347952 -0.609847 -0.066272 -0.954234 0.291626 119 5 164
0.295279 -0.092603 0.486077 -0.775260 0.162303 0.610434 28 148 205
-0.324801 0.064341 0.511867 0.843739 -0.320314 -0.430702 235 86 72
-0.454542 0.139054 0.377975 0.655353 -0.663205 -0.361486 211 42 81
0.249797 -0.030668 0.649063 -0.936873 0.069608 0.342672 8 136 171
0.187212 -0.164197 0.714244 -0.217024 0.839885 0.497488 99 234 190
0.071256 -0.033709 0.614920 0.987657 0.118463 0.102468 253 142 140
0.091173 -0.058209 -0.607478 -0.860439 0.218470 0.460343 17 155 186
-0.329264 0.058235 -0.572500 0.896024 -0.277506 0.346600 241 92 171
0.022871 -0.164452 0.312542 0.705822 0.587567 0.395702 217 202 177
-0.525183 -0.061596 -0.641812 0.829553 0.154051 0.536760 233 147 195
-0.216489 -0.096855 -0.667226 -0.679182 0.322175 0.659481 40 168 211
-0.128308 0.028034 0.425979 0.800531 -0.437429 -0.409642 229 71 75
0.018479 -0.009867 0.806629 -0.824881 -0.088888 0.558274 22 116 198
0.168259 0.223116 0.201673 -0.065971 -0.622932 -0.779489 119 48 28
0.270589 -0.211158 -0.684906 -0.067458 0.829901 0.553817 118 233 198
0.018236 0.120708 0.525186 -0.193249 -0.572236 0.796995 102 54 229
0.232828 0.168747 0.170482 -0.746949 -0.481018 0.459009 32 66 186
0.664937 -0.053058 -0.424989 -0.353046 0.567400 -0.743919 82 199 32
0.030478 0.098824 0.844026 -0.873727 -0.434944 -0.217771 16 72 99
-0.092793 -0.333313 0.816223 -0.048686 0.861222 0.505892 121 237 192
0.327502 0.016840 -0.673634 -0.399677 0.888745 0.224480 76 240 156
0.033568 0.033469 0.773099 -0.974092 0.021406 0.225136 3 130 156
0.103204 -0.221950 -0.326761 0.439499 0.817466 -0.372277 183 231 80
-0.052780 0.081121 -0.045991 0.405344 -0.276348 -0.871395 179 92 16
0.104026 -0.236085 -0.667251 0.088340 0.470928 0.877737 138 187 239
0.053924 -0.066273 -0.738004 -0.607857 0.623867 0.491223 49 207 190
0.053619 0.184997 0.530675 0.357994 -0.928336 -0.100164 173 9 114
0.148455 0.036903 -0.260874 -0.778246 -0.265584 0.569033 28 93 200
-0.522399 0.036078 -0.819904 0.714996 -0.113991 0.689773 218 112 215
0.121004 -0.058603 0.099138 -0.603507 0.268856 -0.750664 50 161 31
-0.355781 -0.113845 -0.271693 0.716690 0.075483 -0.693295 218 137 39
0.370173 0.003323 -0.130432 -0.090978 -0.203410 -0.974858 115 101 3
-0.231132 -0.059817 -0.290956 -0.349772 0.342208 -0.872097 82 171 16
-0.315201 0.044727 -0.711929 -0.116756 -0.074078 0.990394 112 118 253
0.346731 -0.041070 -0.578002 0.190093 0.388285 0.901720 151 177 242
-0.452855 -0.001049 -0.733228 0.344750 0.142043 0.927885 171 145 245
-0.100700 -0.083206 0.839749 -0.396530 0.763896 -0.509143 76 224 62
0.135796 0.229365 0.821139 0.261863 -0.800330 -0.539352 160 25 58
0.466908 -0.012873 0.260472 -0.681940 -0.086807 0.726239 40 116 220
-0.238210 -0.131447 -0.433881 0.292527 0.926117 0.238193 164 245 157
-0.532259 -0.131027 -0.592009 0.819255 0.474974 0.321281 231 188 168
-0.451933 -0.130575 -0.626878 0.365897 0.826330 -0.428133 174 232 72
0.069177 0.079710 -0.616934 0.271599 -0.068092 -0.959999 162 118 5
0.282685 -0.067396 -0.065763 0.415163 0.694552 -0.587569 180 216 52
0.249532 0.094661 0.449025 -0.175969 -0.859652 -0.479617 105 17 66
0.212359 0.090794 -0.540280 -0.620734 -0.039796 0.783011 48 122 227
-0.273091 0.102671 0.691644 0.750592 -0.555761 -0.357410 223 56 81
0.088112 0.064744 0.372236 -0.872906 -0.313508 0.373828 16 87 175
0.582214 -0.103437 -0.309170 -0.373599 0.331042 -0.866507 79 169 17
-0.257102 -0.014286 -0.559016 0.256709 0.572951 -0.778350 160 200 28
0.644244 -0.241235 -0.414141 -0.794108 0.599499 -0.099966 26 203 114
-0.362638 0.056165 0.720786 0.998025 0.062557 -0.005694 254 135 126
-0.509640 0.012726 -0.689112 0.711372 -0.351201 0.608776 218 82 205
-0.594261 -0.202773 -0.516910 0.788705 0.548381 -0.277892 228 197 92
-0.022919 0.234285 0.817253 0.183777 -0.654593 -0.733303 150 44 34
-0.086681 0.160347 -0.241162 -0.547332 -0.516622 0.658430 57 61 211
-0.110815 0.201098 -0.625833 -0.413373 -0.655747 0.631758 74 43 208
0.154244 -0.146978 0.805731 -0.408892 0.911980 -0.033163 75 243 123
-0.051611 0.058403 -0.207775 -0.096626 0.109130 0.989320 115 141 253
0.242112 -0.369593 0.622284 -0.536194 0.811573 0.232048 59 230 157
0.154620 -0.208052 0.698353 -0.530089 0.806432 -0.262055 59 230 94
-0.131676 0.136305 -0.038124 0.135574 -0.270865 0.953023 144 92 249
-0.449878 -0.200465 -0.514355 0.129920 0.729604 -0.671415 144 220 41
0.056453 -0.247290 0.574313 -0.444476 0.803485 0.396047 70 229 177
0.074275 0.120918 -0.422494 -0.403565 -0.288414 -0.868304 76 90 16
-0.135541 -0.242635 -0.176100 0.175018 0.615214 -0.768688 149 205 29
-0.110316 0.254198 -0.331592 0.150648 -0.902168 -0.404226 146 12 75
0.608023 -0.098524 -0.306224 -0.240090 0.503260 -0.830112 96 191 21
-0.078227 -0.172106 0.575600 0.141473 0.457673 0.877793 145 185 239
-0.067438 0.147178 -0.692278 -0.382002 -0.486309 0.785861 78 65 227
-0.059692 0.181445 0.447150 -0.167672 -0.775565 0.608593 106 28 205
0.282164 -0.268775 0.726568 -0.166949 0.903983 -0.393629 106 242 77
0.135730 0.143408 -0.059664 -0.559901 -0.822730 -0.098115 56 22 114
0.055479 -0.238608 0.671687 0.385741 0.913194 -0.131457 176 243 110
0.031926 0.297314 0.100824 -0.035042 -0.991554 0.124873 123 1 143
0.022242 -0.038949 0.907449 -0.152565 0.273948 -0.949566 108 162 6
0.478008 -0.026672 -0.692709 -0.735309 0.374533 0.564841 33 175 199
-0.036960 0.105140 0.995497 0.300353 -0.230541 -0.925548 165 98 9
-0.280775 -0.006008 -0.603978 0.859453 0.081046 -0.504750 237 137 63
0.212158 -0.156353 0.002917 -0.502538 0.336615 0.796333 63 170 229
0.045672 -0.236640 0.919575 0.366600 0.929621 0.037545 174 246 132
-0.356552 -0.079483 -0.592503 0.065109 0.441846 0.894725 135 183 241
0.088650 0.029499 -0.219029 -0.662089 -0.391128 0.639263 43 77 209
0.030622 0.170170 0.822688 0.694830 -0.705821 -0.137944 216 37 109
0.012201 -0.054512 -0.441263 -0.703850 0.073780 0.706507 37 136 217
0.078787 -0.199881 -0.807614 0.503686 0.750996 0.426972 191 223 181
0.065768 -0.010141 -0.605031 -0.522583 -0.095228 0.847254 60 115 235
-0.086666 -0.259437 -0.068971 0.391169 0.787073 -0.476973 177 227 66
0.078014 -0.236403 0.334786 0.559594 0.495169 -0.664576 198 190 42
-0.427113 0.239388 -0.571191 0.185926 -0.972330 0.141443 151 3 145
0.216693 -0.085522 -0.712435 -0.314410 0.204020 0.927104 87 153 245
-0.014920 0.086389 0.876173 -0.556309 -0.382785 -0.737561 56 78 33
0.033130 0.096811 -0.264580 -0.874963 -0.473320 -0.102019 15 67 114
0.177064 -0.301984 0.677979 -0.482077 0.863126 -0.150386 66 237 108
0.014470 0.051608 0.855527 0.195522 -0.525755 0.827860 152 60 233
-0.244343 0.133644 -0.441310 0.529150 -0.174562 -0.830378 194 105 21
-0.197528 0.050478 -0.043028 0.057592 -0.010092 -0.998289 134 126 0
0.006837 -0.122628 -0.267194 0.590515 0.217125 -0.777270 202 155 28
0.739336 -0.050530 -0.693156 -0.148852 -0.073206 0.986146 108 118 253
0.253283 0.110012 0.364131 0.173671 -0.446653 0.877690 149 70 239
-0.294310 -0.038275 -0.384455 0.619162 -0.026337 -0.784821 206 124 27
-0.322276 0.309704 -0.661733 0.297010 -0.881673 0.366657 165 15 174
0.748303 -0.220347 -0.457798 -0.712541 0.700891 0.032212 36 216 131
-0.020725 0.041637 0.342322 0.151213 -0.684015 0.713623 146 40 218
0.327684 0.059294 -0.394766 0.634588 -0.536783 -0.556024 208 59 56
0.267597 -0.253056 -0.131889 -0.625188 0.778243 0.058974 47 226 135
0.484008 -0.088879 -0.747297 -0.294328 0.102349 0.950208 89 140 248
0.779754 -0.142847 -0.530007 -0.695870 0.536734 0.477160 38 195 188
-0.308706 -0.197326 0.701066 0.613969 0.767507 0.184325 205 225 151
0.353641 0.004184 0.536489 -0.941499 0.010769 0.336845 7 128 170
0.266403 0.011958 0.103598 -0.954859 -0.124641 0.269646 5 111 161
-0.091866 -0.099063 -0.159693 0.913816 0.394838 0.095096 244 177 139
0.390229 0.202800 -0.640765 0.529176 -0.835823 -0.146192 194 20 108
0.612617 -0.121648 -0.554138 0.383969 0.903032 -0.192618 176 242 102
0.293925 0.179395 0.204425 0.099205 -0.579768 -0.808719 140 53 24
-0.065380 0.075635 0.814095 0.498913 -0.219947 -0.838278 191 99 20
0.804990 -0.083292 -0.663381 -0.463341 0.397089 0.792234 68 178 228
0.245684 -0.017773 0.356315 -0.404941 -0.198894 0.892448 75 102 241
-0.043695 -0.130243 0.817989 -0.408083 0.718350 0.563420 75 219 199
0.101629 -0.018770 0.222605 0.216299 -0.097542 -0.971442 155 115 3
-0.390861 0.073758 0.568419 -0.555451 -0.742413 0.374561 56 32 175
0.168828 0.056688 -0.372245 -0.949749 -0.086356 0.300865 6 116 165
-0.549513 0.022488 -0.769689 0.242085 0.080692 0.966894 158 137 250
-0.158719 -0.104586 0.792957 0.812088 0.356973 -0.461611 231 173 68
-0.053961 0.002628 -0.634856 0.276537 -0.049577 -0.959724 162 121 5
-0.121713 0.207939 -0.507621 0.598423 -0.742400 -0.301220 203 32 89
0.114839 -0.069968 0.880775 -0.852497 0.333818 -0.402261 18 170 76
-0.457902 0.121456 -0.776054 -0.305006 -0.343641 0.888190 88 83 240
0.055291 -0.064853 0.167724 0.579564 0.125606 -0.805188 201 143 24
0.380593 -0.059314 -0.472074 0.870789 0.488608 -0.054670 238 189 120
-0.171137 0.165128 -0.370489 -0.485926 -0.867624 -0.105377 65 16 114
-0.392708 0.062591 -0.384389 0.622447 -0.618053 0.480177 206 48 188
0.226902 -0.204023 -0.378885 -0.350585 0.458611 0.816557 82 185 231
-0.167010 -0.062529 0.834209 0.158027 0.895571 -0.415909 147 241 74
-0.247121 0.174633 -0.645002 -0.438711 -0.397865 0.805752 71 76 230
-0.330559 0.101816 -0.206509 0.916651 -0.182313 -0.355686 244 104 82
0.139114 0.142589 0.011214 -0.287507 -0.427918 0.856870 90 72 236
0.071073 0.216644 -0.145218 -0.042213 -0.859855 -0.508790 122 17 62
0.083709 0.015983 0.432197 0.946090 -0.313188 0.082624 248 87 138
-0.400679 -0.031276 -0.685588 -0.080829 0.049770 0.995485 117 133 254
-0.241943 0.024394 0.830251 0.979738 0.029002 -0.198173 252 131 102
0.172163 -0.010543 -0.574323 0.681767 0.605261 0.410918 214 204 179
-0.311593 0.223830 -0.575485 -0.246240 -0.942544 -0.225780 96 7 98
0.203981 -0.002911 -0.227570 -0.447508 -0.264881 0.854152 70 93 236
-0.476123 0.093306 -0.616592 0.086286 -0.774215 0.627014 138 28 207
-0.223769 0.217613 -0.325075 0.507806 -0.859957 -0.051066 192 17 120
0.842294 0.039937 -0.683943 -0.767808 -0.259493 0.585778 29 94 202
0.204609 0.000722 0.592246 -0.883132 0.052930 0.466128 14 134 186
-0.268304 0.097619 0.892736 0.162834 -0.203063 -0.965531 148 101 4
0.248384 0.033101 -0.602113 0.992972 0.022073 0.116273 254 130 142
0.356679 -0.102044 0.342239 -0.648653 0.659977 -0.379051 44 211 79
0.024518 -0.222937 0.891057 0.186512 0.529759 -0.827387 151 195 22
-0.492515 -0.101042 -0.674462 -0.776298 0.619909 -0.114341 28 206 112
-0.336521 0.251622 -0.308110 0.054235 -0.825832 -0.561302 134 22 55
0.263701 0.041842 -0.064899 0.032667 -0.274262 0.961100 131 92 250
-0.455458 0.130593 -0.661793 0.522527 -0.852183 0.027379 194 18 130
-0.051755 0.176731 -0.382775 0.903614 -0.372669 0.211187 242 79 154
0.228183 -0.050496 -0.311599 -0.116591 0.305456 0.945041 112 166 247
0.750883 0.004637 -0.432732 -0.814902 -0.158435 -0.557524 23 107 56
0.252119 -0.132502 -0.046630 -0.477291 0.696471 0.535837 66 216 195
0.339260 -0.222771 0.747061 -0.803105 0.592247 -0.065312 25 203 119
-0.345875 0.037125 -0.626939 0.681520 -0.120623 -0.721789 214 112 35
0.207765 -0.193430 0.146259 0.239557 0.437550 -0.866697 158 183 16
0.135840 0.203491 0.873206 -0.211804 -0.680801 -0.701177 100 40 38
0.268070 0.068893 0.081345 0.049532 -0.504996 0.861700 133 63 237
0.209361 -0.153718 0.229768 0.486841 0.834119 -0.259289 189 233 94
-0.395631 -0.194890 -0.562293 0.120671 0.992243 -0.029877 142 254 123
-0.470629 -0.047216 -0.337709 0.835178 -0.164778 0.524714 233 106 194
-0.331169 0.153704 -0.481956 -0.286843 -0.738583 -0.610096 90 33 49
0.050664 -0.121854 0.896341 -0.251131 0.761705 -0.597276 95 224 51
-0.082005 -0.153857 -0.283306 0.758091 0.485310 -0.435629 224 189 71
-0.268418 0.041210 -0.434759 -0.015933 -0.617997 0.786019 125 48 227
-0.160258 -0.154881 -0.442717 -0.655359 0.473599 -0.588395 43 187 52
-0.121587 0.138544 -0.111386 0.831577 -0.546487 0.099153 233 57 140
-0.084952 0.168688 -0.183154 0.784934 -0.315953 -0.532966 227 87 59
-0.344746 0.101456 -0.643018 0.181235 -0.688054 0.702663 150 39 217
0.199228 0.170115 -0.799363 -0.080247 -0.409843 0.908619 117 75 243
0.029426 0.078409 -0.259225 -0.066264 -0.760436 -0.646023 119 30 45
0.036133 -0.130499 0.590173 -0.231389 0.878910 -0.417104 97 239 74
0.682726 0.085825 -0.398708 -0.433581 -0.466832 -0.770763 72 67 29
0.118626 -0.061933 0.834584 -0.725209 0.124330 -0.677211 35 143 41
0.036946 -0.138551 0.784305 -0.560227 0.444613 0.698903 56 184 216
0.152288 -0.238436 -0.102714 0.400010 0.455198 0.795479 178 185 228
-0.127736 -0.071980 0.673752 -0.414716 0.485258 0.769763 74 189 225
0.199375 0.002781 0.790323 -0.407205 0.081805 -0.909666 75 137 11
0.102293 -0.221433 0.787734 0.002039 0.895133 0.445795 127 241 184
0.005637 0.116134 -0.438423 0.863581 -0.196956 -0.464151 237 102 68
-0.017218 0.192511 -0.506685 0.698958 -0.608201 -0.376232 216 49 79
0.111901 0.050020 0.647518 0.458824 -0.409595 -0.788487 186 75 26
0.376668 -0.093952 -0.295361 -0.829860 0.294096 0.474173 21 164 187
0.062108 -0.019754 0.138080 0.524712 -0.126387 -0.841845 194 111 20
-0.282056 0.167139 0.752975 0.799529 -0.445708 -0.402614 229 70 76
-0.026861 -0.227503 -0.523785 0.621016 0.686382 -0.378442 206 215 79
0.654581 0.138996 -0.434310 -0.901790 -0.254010 0.349648 12 95 172
0.558131 0.196405 -0.569055 -0.178059 -0.812852 0.554587 104 23 198
0.254936 -0.034281 0.343680 -0.138346 0.416086 0.898740 109 180 242
0.481749 0.002555 -0.600472 0.559674 -0.253016 0.789144 198 95 228
-0.135451 -0.075350 -0.097172 0.948691 0.192315 -0.250998 248 152 95
0.106596 -0.173886 -0.012553 -0.527167 0.849226 -0.030156 60 235 123
-0.225683 0.022502 -0.218365 -0.797585 -0.505662 -0.328883 25 63 85
0.096175 0.033259 -0.002574 -0.350559 -0.124997 -0.928162 82 111 9
-0.116671 -0.085274 0.635790 0.992689 0.091383 -0.078853 254 139 117
0.132978 0.177109 0.479039 -0.294865 -0.548346 0.782542 89 57 227
-0.101077 0.058518 -0.740333 -0.298718 -0.065624 0.952082 89 119 248
-0.257056 0.009596 0.785757 0.996432 -0.031286 0.078389 254 123 137
-0.158830 -0.188172 0.517832 0.599815 0.758074 -0.256019 203 224 94
0.599549 -0.104712 -0.403953 0.585712 0.366238 -0.723057 202 174 35
-0.223032 -0.100183 -0.344421 0.102125 0.646790 0.755799 140 209 223
-0.226470 -0.052669 0.342400 0.688840 0.228147 0.688076 215 156 215
0.651354 -0.071008 -0.639523 -0.661795 0.090531 0.744198 43 139 222
-0.102635 -0.014357 0.373258 0.188058 0.309405 0.932150 151 166 246
-0.122369 -0.254061 -0.713854 -0.398363 0.562111 0.724802 76 199 219
-0.370407 0.071610 -0.585617 0.610068 -0.792339 0.004019 205 26 128
0.163220 0.000817 0.565407 0.021962 -0.033516 0.999197 130 123 254
0.027804 0.232820 0.382946 0.064951 -0.810288 0.582422 135 24 201
0.259119 -0.097551 0.331884 0.630705 0.170672 -0.757022 207 149 30
-0.123884 -0.139030 -0.593226 -0.315427 0.337491 0.886908 87 170 240
0.420518 0.112754 -0.563689 0.700584 -0.412597 -0.582191 216 74 53
0.110532 0.114121 -0.696723 0.857021 -0.446288 0.257571 236 70 160
0.003807 -0.158085 0.155391 0.281122 0.717390 -0.637434 163 218 46
-0.084030 0.143842 0.871222 -0.263106 -0.964356 -0.028167 93 4 123
0.558911 -0.189470 -0.479050 0.203923 0.950627 0.233932 153 248 157
0.272416 -0.177922 0.466158 -0.266656 0.885727 0.379977 93 240 175
-0.173958 0.079911 0.726385 0.392974 -0.846217 -0.359844 177 19 81
0.395924 0.096366 0.316530 -0.972196 -0.210569 -0.102451 3 100 114
-0.117730 0.240269 0.723558 0.699275 -0.703774 -0.125367 216 37 111
0.088578 0.041522 0.636329 -0.905863 -0.131325 0.402699 12 110 178
-0.227016 0.087322 -0.129709 0.364812 -0.241019 -0.899345 174 96 12
0.237211 0.098187 -0.707225 -0.910877 -0.387372 0.142286 11 78 145
0.700684 -0.056594 -0.442796 -0.945244 0.300685 0.126893 6 165 143
-0.008544 -0.310020 0.734771 -0.072724 0.974091 0.214143 118 251 154
-0.456363 -0.178598 -0.664597 0.436093 0.736291 0.517397 183 221 193
0.265416 0.136510 -0.641418 -0.292369 -0.874258 -0.387547 90 16 78
-0.034414 0.183629 0.759514 0.382987 -0.923704 -0.009549 176 9 126
0.192027 0.221805 0.682500 -0.309759 -0.630191 0.711975 88 47 218
0.219697 0.057442 0.701791 -0.908414 -0.417472 0.022408 11 74 130
0.115580 0.038913 0.367373 0.721984 -0.625146 -0.296533 219 47 89
-0.211682 -0.017695 -0.507159 -0.294726 0.931588 0.212793 89 246 154
0.578574 0.162059 -0.736530 -0.545440 -0.730085 0.411669 57 34 179
0.061888 0.129068 -0.059915 -0.714056 -0.639301 0.285340 36 45 163
-0.273288 0.050399 -0.571887 -0.426059 -0.836280 0.345123 73 20 171
0.038490 0.100873 0.142968 0.753268 -0.345197 -0.559845 223 83 56
0.763237 -0.183406 -0.594337 0.031412 0.989866 -0.138483 131 253 109
-0.112581 0.020385 -0.084043 0.565152 -0.164376 -0.808445 199 106 24
0.062421 -0.222353 -0.016861 0.063250 0.710653 -0.700694 135 218 38
0.135710 0.080353 0.252620 -0.806580 -0.207170 -0.553633 24 101 56
-0.333117 0.053658 -0.768931 -0.548497 -0.171801 0.818313 57 105 231
-0.577054 0.191640 -0.660394 0.755567 -0.650252 -0.079312 223 44 117
0.206646 -0.200161 0.750375 -0.659126 0.744028 0.109432 43 222 141
-0.124173 0.187765 0.564077 -0.107052 -0.450557 0.886306 113 70 240
-0.228157 0.063730 -0.221498 0.926317 -0.089777 -0.365893 245 116 80
0.417671 0.066659 -0.740213 0.297685 -0.899830 -0.318889 165 12 86
-0.483279 0.092818 -0.641742 0.573279 -0.548779 0.608435 200 57 205
0.135863 0.042109 0.711201 0.636887 -0.019245 0.770717 208 125 225
0.243906 0.161582 0.124734 -0.177091 -0.937687 -0.298969 104 7 89
0.024870 0.166416 0.561912 0.719756 -0.337750 -0.606528 219 84 50
0.202858 -0.240162 0.687336 0.076192 0.931715 -0.355109 137 246 82
0.594076 0.018354 -0.628756 -0.809910 0.069025 0.582479 24 136 201
0.408129 0.200608 0.326293 -0.596858 -0.802257 -0.011996 51 25 125
0.642280 -0.154092 -0.580708 0.071202 0.972266 -0.222776 136 251 99
0.064529 0.114683 -0.062639 -0.051809 -0.534644 -0.843488 120 59 19
0.000838 -0.065449 0.831948 0.588374 0.428740 -0.685564 202 182 40
0.674492 -0.101784 -0.504328 -0.501703 0.553859 -0.664480 63 198 42
0.260746 0.011847 0.190767 -0.410038 -0.169746 -0.896133 75 105 13
0.077494 0.027453 -0.269342 -0.491495 -0.214998 0.843925 64 100 235
0.021386 -0.245845 0.761015 -0.520443 0.737206 0.430890 61 221 182
-0.074169 0.048622 0.918168 0.254041 -0.320281 -0.912625 159 86 11
0.242686 -0.078623 0.588812 -0.799937 0.591777 0.099504 25 202 140
0.370766 -0.052549 0.003468 -0.517820 0.200107 -0.831757 61 153 21
0.333642 0.009335 -0.121802 -0.763380 0.016344 0.645743 30 129 209
-0.292621 -0.099081 -0.497877 0.742268 0.666015 -0.073902 222 212 118
0.234408 -0.199312 0.403904 -0.427612 0.903056 0.040457 72 242 132
-0.064113 -0.044521 0.820437 0.743051 0.582625 -0.329279 222 201 85
0.207495 0.060518 0.471131 -0.880334 -0.372903 -0.293181 15 79 90
-0.117583 -0.041184 -0.149971 0.672943 -0.035083 -0.738862 213 123 33
-0.573331 -0.040008 0.443806 0.954323 0.002776 -0.298765 249 127 89
-0.290322 0.155954 -0.366144 0.028562 -0.959975 -0.278627 131 5 91
-0.334090 0.155864 -0.492757 0.543731 -0.821119 -0.173554 196 22 105
0.006173 0.129546 -0.514673 0.093947 -0.779039 -0.619897 139 28 48
-0.206238 0.141612 -0.634377 -0.354170 -0.887228 -0.295618 82 14 89
0.072654 -0.092291 0.904678 -0.387388 0.714916 -0.582087 78 218 53
0.677571 0.096919 -0.630699 -0.451834 -0.379852 0.807192 69 79 230
0.046852 -0.001445 0.957303 0.257657 -0.108226 -0.960156 160 113 5
-0.597729 -0.192885 -0.733480 0.711868 0.691105 0.124976 218 215 143
-0.344919 0.045942 -0.584330 0.327534 0.083118 0.941176 169 138 247
-0.157797 0.024743 -0.691839 0.756333 0.102562 0.646097 223 140 209
-0.377055 -0.265260 -0.561600 -0.219860 0.948842 0.226627 99 248 156
0.004988 0.144767 -0.067549 -0.150199 -0.412755 0.898373 108 74 242
-0.278692 0.006740 -0.776032 -0.718451 -0.080702 0.690880 35 117 215
-0.055332 -0.199087 -0.529738 -0.135362 0.974141 0.180904 110 251 150
0.284695 0.208491 0.421069 -0.750681 -0.459780 0.474426 31 68 187
-0.274069 0.272701 0.685495 0.130544 -0.835807 0.533278 144 20 195
-0.269301 -0.302004 0.802749 0.586532 0.761658 -0.275423 202 224 92
0.139828 0.335588 0.681925 -0.035523 -0.983990 -0.174647 122 2 105
0.643536 -0.084937 -0.604157 -0.582953 0.053804 0.810722 53 134 230
0.248703 0.142697 -0.446115 0.068769 -0.950014 -0.304541 136 6 88
-0.498498 -0.014536 -0.756409 0.568739 -0.046715 0.821190 200 121 232
-0.012937 0.327822 -0.239320 -0.238036 -0.945746 -0.221139 97 6 99
-0.232593 -0.108642 0.754456 0.906172 0.418157 -0.063219 243 180 119
0.044804 0.095570 0.239583 -0.402815 -0.741978 0.535918 76 32 195
0.035768 0.075994 0.704614 0.098446 -0.953306 -0.285511 140 5 91
0.159918 -0.070107 0.858970 -0.567283 0.315058 -0.760873 55 167 30
-0.224637 0.027139 -0.596212 -0.002778 0.015891 0.999870 127 129 254
-0.359080 0.139616 -0.571292 0.691657 -0.371739 -0.619209 215 80 48
0.173192 0.047545 0.884225 -0.914136 -0.282777 -0.290502 10 91 90
0.139122 -0.251964 0.492907 0.008590 0.731956 0.681298 128 220 214
0.107593 0.145909 0.604182 0.288662 -0.773016 0.564908 164 28 199
-0.476837 0.105137 -0.692766 -0.039937 -0.471280 0.881079 122 67 239
-0.335077 0.102776 -0.551234 -0.224876 -0.316772 0.921459 98 87 244
-0.021607 0.129406 0.500729 0.256202 -0.331818 -0.907886 160 85 11
-0.143412 0.204160 -0.707087 -0.581282 -0.813468 0.019518 53 23 129
0.419686 -0.069872 0.693715 -0.872266 0.252669 -0.418702 16 159 74
-0.311296 0.131911 -0.327145 0.767304 -0.377218 -0.518605 225 79 61
0.188632 0.052237 -0.396379 -0.444892 -0.660587 -0.604728 70 43 50
-0.721595 -0.034550 -0.756126 0.810520 -0.073390 0.581095 230 118 201
0.171824 -0.035847 0.976043 -0.317590 0.030199 -0.947747 87 131 6
0.008164 -0.072264 0.696797 0.906461 0.288455 -0.308418 243 164 88
-0.256411 0.205138 -0.374266 0.313464 -0.672900 0.670034 167 41 212
0.076110 0.380983 0.229028 0.483180 -0.751981 -0.448399 189 31 70
-0.080248 0.044661 0.137374 0.291559 -0.241129 -0.925662 164 96 9
0.580483 -0.087388 -0.735086 -0.291544 0.370341 0.881958 90 174 239
0.428931 -0.182322 -0.215441 -0.561482 0.827451 0.007946 55 233 128
0.023510 -0.184640 0.833084 0.812595 0.566650 -0.136373 231 199 110
0.121952 0.065133 0.793756 0.371061 -0.464769 -0.803930 174 68 24
-0.166875 -0.024616 0.888644 0.474016 0.031402 -0.879956 187 131 15
-0.297248 -0.050700 -0.560012 -0.750939 0.612210 -0.247568 31 205 95
0.156347 0.023085 0.825409 0.865320 0.444877 -0.230881 237 184 98
0.684066 0.178393 -0.227407 -0.388830 -0.678817 -0.622911 77 40 48
0.261824 -0.165929 0.184935 -0.514023 0.344698 0.785471 61 171 227
0.237790 0.101476 0.841944 -0.486253 -0.252242 -0.836620 65 95 20
-0.275681 0.071114 -0.590284 -0.644021 -0.488972 0.588340 45 65 202
0.252852 0.151668 0.452272 -0.540914 -0.714260 -0.444123 58 36 70
-0.267606 -0.173818 -0.693526 0.207166 0.928262 -0.308888 153 245 88
-0.406702 0.065211 -0.391223 0.378695 -0.097274 -0.920395 175 115 10
-0.239330 0.063795 -0.577686 0.216158 -0.097041 -0.971524 155 115 3
-0.157976 -0.108380 0.569320 0.438346 0.503527 0.744523 183 191 222
-0.348148 -0.046901 -0.498054 0.616589 0.407798 0.673438 206 179 213
-0.179115 0.088404 0.820678 0.769631 -0.501166 -0.395601 225 63 77
0.347864 0.079529 -0.191645 -0.860435 -0.437965 -0.260456 17 71 94
0.319787 0.141334 -0.597035 0.606232 -0.488653 0.627456 204 65 207
-0.444409 0.128336 -0.667843 0.623479 -0.753674 0.207966 206 31 154
0.272354 0.172192 0.710382 -0.865170 -0.489884 0.107213 17 65 141
0.199001 -0.008178 0.901623 -0.993303 -0.111284 -0.031065 0 113 123
0.296760 -0.070310 -0.415591 0.506497 0.114399 -0.854619 192 142 18
0.418260 0.054586 -0.579408 -0.299092 -0.443997 -0.844636 89 70 19
0.255933 -0.180689 0.313251 0.070755 0.488152 -0.869886 136 189 16
0.238610 -0.162249 0.189161 -0.100923 0.936037 -0.337119 114 246 84
-0.361287 -0.304601 -0.414888 0.742722 0.651646 -0.154018 222 210 107
0.789458 0.048256 -0.457380 -0.006498 -0.184405 -0.982829 126 103 2
0.670790 -0.183907 -0.548202 -0.391534 0.918823 0.049665 77 244 133
-0.015146 0.037147 -0.333287 0.399779 -0.379109 0.834538 178 79 233
0.008654 -0.147901 -0.253174 -0.861922 0.504394 0.051741 17 191 134
-0.018837 0.024162 0.764368 0.134891 -0.317667 0.938558 144 86 247
0.713689 -0.208438 -0.598962 -0.543584 0.780945 0.307637 58 227 166
0.562557 0.198474 -0.665783 0.547732 -0.763147 0.342924 197 30 171
0.692890 0.149851 -0.514210 -0.897106 -0.345393 0.275507 13 83 162
0.623841 -0.107602 -0.522526 0.193797 0.980446 -0.034177 152 252 123
-0.085466 0.025345 0.757928 0.893784 -0.098403 -0.437569 241 114 71
0.549227 0.142215 -0.573323 0.375650 -0.566487 0.733471 175 55 221
-0.451387 -0.206511 -0.617333 0.438523 0.725070 0.531010 183 219 195
0.178108 -0.077230 0.185519 0.499034 0.246645 -0.830742 191 158 21
-0.559168 0.011717 -0.763276 -0.075633 -0.071392 0.994577 117 118 254
-0.166792 0.071690 -0.030199 0.623408 -0.182181 -0.760377 206 104 30
0.102586 0.127409 0.846317 -0.289157 -0.372217 -0.881954 90 80 15
0.184170 0.126632 -0.643722 0.755878 -0.448121 -0.477322 223 70 66
0.026678 -0.188390 0.798751 0.524690 0.844007 0.111144 194 235 141
-0.043252 0.181854 0.798122 -0.368165 -0.563334 0.739668 80 55 221
0.074341 0.170101 -0.142777 0.174134 -0.895335 -0.409941 149 13 75
0.118794 0.204289 0.828584 -0.014700 -0.640172 -0.768091 125 45 29
-0.234968 0.144742 -0.109652 0.599907 -0.796901 0.071131 203 25 136
0.162639 0.239640 0.641186 0.208945 -0.654917 -0.726241 154 43 34
0.587227 -0.166642 -0.535450 0.412078 0.673102 -0.614105 180 213 49
-0.350036 -0.006456 -0.662583 -0.712140 0.067597 0.698776 36 136 216
0.086172 -0.156806 0.227229 0.160590 0.986889 0.016132 147 253 129
-0.452973 -0.059344 -0.623270 0.833542 0.135685 -0.535534 233 144 59
0.161115 0.361117 -0.680170 -0.223420 -0.856590 0.465120 99 18 186
0.259837 -0.037567 0.622820 -0.137471 0.166232 -0.976457 109 148 3
0.117924 -0.171485 0.844779 -0.722676 0.677557 0.136591 35 213 144
-0.114226 0.181298 0.721828 0.640792 -0.670825 0.373336 209 41 175
-0.259004 0.109091 -0.628988 -0.783365 -0.599700 0.163399 27 51 148
0.199865 -0.125847 -0.181419 0.258104 0.660463 -0.705103 160 211 37
-0.079980 -0.141361 0.809943 0.419162 0.907630 -0.022588 180 243 124
0.040984 0.125107 -0.509045 0.702085 -0.706955 -0.085388 217 37 116
0.300598 0.164242 0.771152 -0.736848 -0.492924 -0.462688 33 64 68
0.056878 -0.207264 -0.113352 -0.619851 0.784662 0.009469 48 227 128
-0.300456 -0.172848 0.621058 0.678917 0.734198 -0.004986 214 221 126
0.278929 -0.289940 0.289371 -0.384549 0.922557 0.031785 78 245 131
-0.014946 0.021628 0.657166 0.971971 -0.094128 -0.215435 251 115 100
-0.032856 0.063911 0.861189 0.168541 -0.271634 -0.947528 148 92 6
0.374180 -0.133442 -0.602256 0.264875 0.619531 -0.738933 161 206 33
-0.002121 -0.213793 -0.213741 -0.202278 0.937882 -0.281889 101 247 91
-0.345683 0.119421 -0.554331 0.160319 -0.428204 0.889348 147 72 240
0.444993 0.217876 -0.067961 -0.233488 -0.909420 -0.344150 97 11 83
-0.259876 -0.068848 0.797987 0.251451 0.234748 -0.938971 159 157 7
-0.063213 -0.208749 0.890126 0.327158 0.703462 -0.630959 169 217 47
0.176519 -0.148667 0.605388 0.245467 0.777332 -0.579225 158 226 53
-0.433280 0.057443 -0.669965 0.283476 -0.610572 0.739489 163 49 221
0.252632 -0.179718 -0.124688 -0.522606 0.680466 0.513662 60 214 192
0.259899 -0.117315 0.351928 0.514629 0.728058 -0.452867 193 220 69
-0.342026 -0.048300 -0.580435 0.265813 0.284410 -0.921116 161 163 10
0.651143 -0.000685 -0.672007 -0.006496 0.424134 0.905576 126 181 242
-0.215877 -0.204606 -0.409325 0.454232 0.768073 -0.451372 185 225 69
-0.045892 -0.298780 -0.011493 0.351558 0.348967 -0.868694 172 171 16
-0.565267 0.158622 -0.671031 0.642509 -0.719670 0.263167 209 35 161
-0.484986 -0.169899 -0.724126 0.460327 0.386631 0.799134 186 176 229
-0.113426 0.060861 -0.064863 0.988205 -0.137196 -0.068032 253 110 118
0.461849 0.030312 0.136500 -0.928370 -0.063056 0.366269 9 119 174
-0.001709 0.163075 -0.634763 0.068367 -0.516598 -0.853494 136 61 18
0.184006 0.143800 0.721709 -0.049856 -0.703048 0.709392 121 37 217
0.061068 -0.300552 0.043077 0.238426 0.944006 -0.228047 157 247 98
0.544019 0.053304 -0.707751 -0.984152 -0.113268 0.136435 2 113 144
-0.098240 0.024132 0.813348 0.737825 -0.149563 -0.658214 221 108 43
-0.529807 -0.147090 -0.755357 0.757469 0.634657 0.153139 224 208 147
0.137303 -0.087386 0.730100 0.238031 0.550329 -0.800300 157 197 25
-0.172266 0.314374 0.748667 -0.234951 -0.965334 0.113702 97 4 141
-0.199367 -0.060092 -0.354236 0.449584 0.665873 0.595389 184 212 203
0.258477 0.099186 0.586131 -0.686958 -0.051278 0.724886 39 120 219
0.572855 -0.151274 -0.678786 0.130953 0.666981 0.733476 144 212 221
0.218165 -0.026043 0.621242 0.047392 0.127940 -0.990649 133 143 1
-0.158985 0.075934 -0.091939 0.445007 -0.323195 -0.835173 184 86 21
-0.294818 0.170845 0.853709 0.719751 -0.481334 -0.500276 219 66 63
0.339972 -0.214891 0.138408 -0.484348 0.854815 0.186275 65 236 151
-0.333187 0.138579 -0.665786 0.392573 -0.716723 0.576363 177 36 200
0.039348 -0.052032 0.638175 0.438351 0.264951 -0.858865 183 161 17
0.024514 -0.121662 0.880596 0.174735 0.894079 -0.412420 149 241 74
0.039244 0.037557 0.012737 -0.942107 0.334539 -0.022749 7 170 124
0.011638 -0.132000 0.387592 0.679721 0.723879 -0.118233 214 219 112
0.723797 -0.182534 -0.535154 -0.656852 0.710135 -0.253483 43 218 95
-0.061172 0.182663 0.752885 0.399492 -0.789524 0.465895 178 26 186
0.347679 0.052155 0.645597 -0.942464 0.049161 0.330672 7 133 169
-0.199856 -0.050404 -0.500329 -0.830949 0.533806 -0.156763 21 195 107
-0.379977 -0.001510 -0.725411 -0.125064 -0.106142 0.986455 111 113 253
-0.100040 -0.120795 0.663920 0.730573 0.431488 -0.529227 220 182 60
0.382205 -0.111766 -0.486899 -0.483684 0.701401 -0.523532 65 216 60
-0.504803 -0.143157 -0.674999 0.402133 0.873614 0.274021 178 238 162
0.317000 -0.197837 0.650476 -0.647206 0.549751 0.528108 44 197 194
-0.553857 0.050650 -0.772816 0.033139 -0.107154 0.993690 131 113 254
0.679967 0.211035 -0.562124 -0.201610 -0.978135 0.051049 101 2 134
-0.223294 0.143492 -0.626616 0.797700 -0.576258 0.177768 229 54 150
-0.002733 0.176731 0.534216 0.306655 -0.589094 0.747617 166 52 222
-0.229805 -0.149123 0.699505 0.728609 0.564800 -0.387467 220 199 78
-0.209180 -0.091801 -0.455711 0.589709 0.536274 -0.603865 202 195 50
0.113257 -0.135777 -0.254714 -0.479669 0.635232 0.605309 66 208 204
-0.058097 0.031830 -0.357043 -0.845657 -0.280554 -0.454042 19 91 69
0.507236 -0.184372 -0.277813 0.085394 0.832005 -0.548156 138 233 57
-0.069100 0.193037 0.784855 0.353609 -0.537227 -0.765734 172 59 29
0.185757 -0.173830 0.637549 -0.257333 0.531353 -0.807121 94 195 24
0.007338 -0.198845 -0.236987 -0.590669 0.786315 0.181159 52 227 150
0.162667 -0.019891 0.185043 0.729716 -0.276773 -0.625229 220 92 47
-0.179213 -0.162922 0.960784 0.645638 0.286415 -0.707897 209 164 37
-0.519191 -0.138787 -0.652136 -0.654923 0.744183 -0.131402 43 222 110
-0.014590 0.124373 0.860266 -0.088340 -0.979054 0.183439 116 2 150
0.313362 -0.097080 0.264506 -0.743546 0.614266 -0.264230 32 205 93
0.908416 -0.058137 -0.614708 -0.748599 0.173389 0.639950 32 149 209
0.393427 0.176171 -0.370299 -0.409045 -0.841202 -0.353641 75 20 82
-0.340138 -0.088944 -0.536651 0.073465 0.492672 0.867108 136 190 238
0.107162 0.169459 -0.205883 -0.589676 -0.568491 0.573672 52 55 200
0.124990 -0.289123 0.597410 -0.020663 0.944668 0.327375 124 247 169
0.540817 -0.038654 -0.759366 -0.219509 -0.022805 0.975344 99 124 251
-0.514006 0.165350 -0.597014 0.829262 -0.539620 0.145382 233 58 146
-0.389255 -0.033689 -0.630975 0.831150 -0.463243 0.307563 233 68 166
0.086778 0.187694 -0.229074 -0.633025 -0.737814 0.234327 46 33 157
-0.253222 -0.042556 -0.544098 0.980004 0.097420 -0.173500 252 139 105
0.546675 -0.098307 -0.414325 -0.692850 0.451160 -0.562507 39 185 55
-0.131089 0.138737 0.777585 0.071517 -0.788427 0.610957 136 26 205
-0.310036 -0.070545 0.683050 -0.124928 0.304240 0.944368 111 166 247
-0.226426 -0.150050 -0.447348 -0.455361 0.881816 0.122664 69 239 143
-0.231024 0.214207 0.743659 0.641555 -0.646410 -0.412991 209 45 74
-0.058671 0.107392 0.904790 -0.482674 -0.855999 -0.185181 65 18 103
0.064806 -0.117970 0.825162 0.057798 0.754311 -0.653968 134 223 44
0.146380 0.105264 0.813285 0.204711 -0.202033 -0.957745 153 101 5
0.448265 -0.021734 -0.527447 -0.641753 -0.046386 0.765507 45 121 225
-0.037273 0.210271 -0.195722 -0.292143 -0.631623 -0.718126 90 46 35
0.412063 0.026416 0.203831 -0.608580 -0.019385 0.793256 49 125 228
0.728094 -0.063580 -0.546832 -0.669653 0.741883 -0.034263 42 222 123
0.263861 0.157014 0.452279 -0.372124 -0.912230 0.171347 80 11 149
0.013821 -0.095647 0.765543 0.000695 0.995190 -0.097958 127 254 115
0.285862 -0.030414 0.280190 -0.754322 0.370035 -0.542284 31 174 58
0.199988 -0.227685 0.703282 -0.222805 0.849945 0.477443 99 235 188
-0.073646 0.065536 0.922356 0.360699 -0.143299 -0.921608 173 109 9
0.436362 -0.208021 0.519977 -0.722558 0.690427 0.034939 35 215 131
-0.050064 0.293188 -0.652440 -0.039713 -0.791959 0.609282 122 26 205
0.215810 0.012772 0.795347 -0.032578 0.023877 -0.999184 123 130 0
0.778247 -0.159777 -0.496011 -0.116034 0.950163 0.289355 112 248 164
-0.237593 0.120156 0.038137 0.958259 -0.228930 -0.171264 249 98 105
-0.303994 -0.051259 -0.584489 -0.906329 0.018058 0.422187 11 129 181
0.163510 -0.034223 0.092844 0.246499 0.290127 -0.924697 158 164 9
-0.280515 -0.197839 -0.680940 -0.248403 0.501972 0.828444 95 191 233
0.253918 -0.069471 0.167963 -0.540231 0.570439 -0.618668 58 200 48
-0.027094 0.169484 0.068237 0.642809 -0.375514 -0.667672 209 79 42
0.645294 -0.035021 -0.459718 0.279093 0.088837 -0.956146 163 138 5
-0.358409 0.202855 0.634033 0.652103 -0.672394 0.350212 210 41 172
-0.221459 0.065075 -0.218191 0.966002 -0.238381 -0.100071 250 97 114
-0.458665 -0.214976 -0.476482 0.718916 0.481862 -0.500968 219 188 63
-0.069465 0.071161 -0.700231 0.992737 0.008497 0.120003 254 128 142
-0.312157 -0.150230 0.685768 0.852743 0.515961 0.081325 236 193 137
-0.233477 -0.005595 -0.659976 -0.531700 0.079098 0.843231 59 137 235
0.047414 -0.143586 -0.616036 -0.659800 0.657008 -0.364697 43 211 81
-0.147518 0.180265 0.697537 0.092615 -0.886748 0.452879 139 14 185
0.147878 0.132319 0.572421 0.506760 -0.511838 -0.693698 192 62 39
-0.319857 0.024511 -0.468512 -0.912165 -0.295223 -0.284251 11 89 91
0.355819 0.149306 -0.075417 -0.741321 -0.635563 0.215646 32 46 154
0.025477 0.216673 0.329551 -0.340077 -0.509031 0.790718 84 62 228
-0.033597 -0.071142 0.349111 0.485191 0.492774 0.722332 189 190 219
-0.357984 -0.059229 -0.640652 0.421824 0.113159 0.899589 181 141 242
-0.404845 -0.045324 -0.629033 0.326708 0.521730 0.788074 169 194 227
-0.201656 -0.296189 -0.670387 -0.645311 0.611929 0.457292 45 205 185
-0.278423 0.109654 0.819028 0.643876 -0.385661 -0.660825 209 78 43
-0.250924 -0.238744 0.657865 0.221077 0.947701 0.230193 155 248 156
-0.168451 -0.024941 -0.249445 0.461587 0.058629 0.885155 186 134 240
0.277319 -0.087145 0.536897 -0.607088 0.156085 -0.779154 50 147 28
0.240892 -0.118431 0.547317 -0.366558 0.831628 0.417169 80 233 180
0.160521 0.247684 -0.330219 0.263983 -0.951752 -0.156464 161 6 107
0.326458 0.097326 0.766475 -0.875459 -0.091128 0.474623 15 115 188
0.293242 0.124404 0.326258 -0.690100 -0.558983 0.459673 39 56 186
-0.052476 -0.101369 -0.711235 0.426973 0.487574 0.761555 181 189 224
-0.280171 0.048657 -0.417386 0.093639 -0.291844 -0.951871 139 90 6
0.126818 -0.056026 0.832690 -0.667513 0.742886 0.050473 42 222 133
-0.539649 -0.051130 -0.872239 -0.237778 0.121954 0.963633 97 143 250
-0.195688 -0.141201 0.488997 0.775117 0.614469 0.147045 226 205 146
-0.113183 0.265047 0.007092 0.513067 -0.826998 -0.229859 192 22 98
0.608795 0.037933 -0.780256 -0.335795 -0.139169 0.931598 84 109 246
-0.248802 -0.064917 -0.631758 -0.783723 -0.006826 0.621073 27 126 206
0.098802 0.027837 0.551954 0.593526 -0.017707 -0.804620 203 125 24
0.166960 0.196197 -0.131164 -0.251385 -0.900507 0.354813 95 12 172
0.663931 -0.013322 -0.520676 -0.155058 -0.215913 0.964022 107 99 250
-0.134524 -0.112733 -0.351829 0.236081 0.934352 -0.266931 157 246 93
0.154385 -0.146843 0.607346 -0.275552 0.497591 0.822481 92 190 232
-0.050794 -0.152302 -0.026668 0.167350 0.966809 -0.193066 148 250 102
-0.071975 -0.198111 -0.290179 0.107250 0.983967 -0.142499 141 252 109
-0.467474 0.038294 -0.632910 -0.932058 0.019869 0.361763 8 130 173
0.662466 -0.058462 -0.774434 -0.359004 0.051534 0.931912 81 134 246
-0.404616 0.083776 -0.686175 0.824269 -0.346808 0.447553 232 83 184
-0.236439 -0.161939 0.627986 0.807599 0.509377 0.297184 230 192 165
-0.082169 0.291348 0.819059 0.387255 -0.617958 -0.684223 176 48 40
0.290683 0.025184 0.477208 -0.160375 -0.523637 -0.836710 107 60 20
0.204706 -0.003310 -0.810755 -0.178923 0.147204 0.972789 104 146 251
0.168211 -0.145083 0.700952 -0.661798 0.747897 -0.051703 43 222 120
0.192069 0.047444 0.632858 0.327385 -0.259077 -0.908680 169 94 11
-0.438036 0.239757 -0.462621 0.507937 -0.690519 -0.514960 192 39 61
-0.281823 0.022677 -0.592411 -0.810491 -0.226877 0.540030 24 98 196
0.269228 -0.039161 0.929729 -0.552544 0.293238 -0.780197 57 164 28
0.036486 -0.020210 0.830188 0.770447 0.214611 -0.600295 225 154 50
-0.157810 -0.137855 -0.546644 0.298397 0.951472 -0.075232 165 248 117
-0.155447 0.069618 0.784492 -0.756976 -0.653440 0.001772 30 44 127
0.324187 0.218825 -0.473270 0.074263 -0.885281 0.459088 136 14 186
0.578332 0.026890 -0.663855 -0.736167 0.004575 0.676784 33 128 213
-0.658565 0.016806 -0.832828 0.393670 -0.071238 0.916487 177 118 244
-0.096082 -0.111503 0.891520 0.272869 0.188464 -0.943411 162 151 7
-0.393152 -0.030653 -0.523922 0.671105 -0.134305 0.729096 213 110 220
0.042237 0.009780 0.849314 0.504787 -0.452427 -0.735187 191 69 33
-0.169496 -0.246508 -0.592956 0.538814 0.736009 -0.409843 196 221 75
0.105954 -0.146587 0.691711 0.441189 0.345195 -0.828367 183 171 21
0.159722 -0.076387 -0.736792 0.455275 0.319008 0.831239 185 168 233
0.085179 0.120253 0.894969 -0.240304 -0.599784 -0.763226 96 51 30
-0.202931 -0.104618 -0.284074 0.753904 0.168852 -0.634916 223 149 46
0.091436 -0.184062 0.739608 -0.478233 0.867491 0.136943 66 238 144
0.173517 0.135689 -0.092972 0.514823 -0.761160 -0.394453 193 30 77
0.089120 -0.188575 0.450628 0.627268 0.770310 -0.114701 207 225 112
-0.276536 -0.261165 0.917953 0.436297 0.568593 -0.697386 183 199 38
0.423086 0.093319 -0.471651 0.745956 -0.439952 -0.499992 222 71 63
-0.503500 -0.008036 -0.604946 0.740949 0.620245 -0.257472 221 206 94
-0.377533 0.088618 0.775969 0.872549 -0.272290 0.405606 238 92 179
-0.003684 0.085836 0.638556 0.161052 -0.747535 0.644402 148 32 209
-0.132383 -0.100224 -0.524866 0.153000 0.337575 -0.928781 147 170 9
0.820210 -0.164665 -0.402600 -0.718424 0.571103 -0.397126 35 200 76
-0.445187 0.175278 -0.283610 0.730788 -0.531687 0.428086 220 59 182
0.060471 -0.161106 0.088896 -0.328537 0.939091 -0.100855 85 247 114
-0.268984 -0.212060 -0.313420 0.677112 0.713425 -0.180400 213 218 104
-0.125802 -0.194436 0.777346 0.474646 0.867231 -0.150407 188 238 108
-0.300314 0.172660 -0.435287 0.142996 -0.625424 -0.767070 145 47 29
-0.329212 -0.078641 -0.411683 -0.394615 0.913322 -0.100610 77 243 114
-0.448326 0.174866 0.698215 0.753663 -0.631630 0.181757 223 46 150
0.127278 0.068196 -0.619734 0.734546 -0.144100 -0.663082 221 109 42
0.122450 0.190586 0.915207 -0.202808 -0.579102 -0.789626 101 53 26
0.475320 -0.207688 -0.621084 0.308165 0.814175 0.492091 166 231 190
0.271830 -0.154253 -0.765931 0.290681 0.543945 0.787165 164 196 227
-0.102748 0.113297 0.712563 -0.041287 -0.605847 -0.794509 122 50 26
0.286148 -0.098702 -0.651040 -0.096461 0.509488 0.855054 115 192 236
-0.167018 0.056794 -0.063648 0.877325 -0.171764 -0.448105 239 105 70
-0.336958 0.048669 -0.778965 -0.404894 -0.138948 0.903745 75 109 242
-0.112919 0.097113 -0.688733 0.079966 -0.385031 0.919433 137 78 244
-0.419351 0.025861 0.376923 0.372054 -0.495435 0.784933 174 64 227
0.090329 -0.062699 -0.575429 0.531668 0.715307 0.453503 195 218 185
-0.308604 -0.160744 0.744683 0.476518 0.764827 0.433556 188 225 182
-0.188111 0.155209 -0.386934 0.505535 -0.236945 -0.829633 191 97 21
-0.002786 0.159948 0.838544 0.572991 -0.347138 -0.742413 200 83 32
0.271549 0.062154 0.821735 -0.616217 -0.460995 -0.638561 48 68 46
0.214031 -0.002152 -0.041655 -0.188073 0.062483 0.980166 103 135 252
0.700369 0.001479 -0.556739 -0.993330 0.110743 -0.032129 0 141 123
0.050169 0.033794 -0.689879 -0.261955 -0.097569 0.960135 94 115 249
0.098366 -0.059704 0.928525 -0.109447 0.156113 -0.981657 113 147 2
0.474247 -0.118182 -0.575716 -0.619967 0.651731 0.436906 48 210 183
0.130433 -0.212586 0.935117 -0.436114 0.458495 -0.774330 71 185 28
0.755580 -0.257723 -0.559550 -0.457725 0.857843 -0.233653 69 236 97
0.710863 -0.139990 -0.792427 -0.185739 0.456487 0.870127 103 185 238
0.082091 -0.277530 -0.218830 -0.101720 0.652675 0.750778 114 210 223
-0.371327 0.046921 -0.537587 -0.957967 -0.103169 -0.267686 5 114 93
0.058232 -0.145116 -0.472046 0.430393 0.587201 -0.685534 182 202 40
-0.136080 0.092031 -0.652883 0.742141 -0.226981 0.630640 222 98 207
-0.038287 0.057087 -0.369079 0.404591 -0.320128 0.856635 179 86 236
0.199341 0.177966 0.033997 -0.544383 -0.691997 -0.474118 58 39 67
0.018928 0.017226 0.795750 0.479059 -0.135193 -0.867309 188 110 16
0.247608 -0.065199 0.613252 -0.810516 0.426297 0.401665 24 181 178
0.122716 -0.199033 0.039884 0.316264 0.459511 -0.829956 167 186 21
0.367610 -0.158368 0.636204 -0.947865 0.279955 0.152243 6 163 146
0.235254 0.250581 0.219004 -0.230249 -0.918190 -0.322353 98 10 86
-0.347143 -0.041582 -0.412671 0.628581 0.187666 -0.754763 207 151 31
0.166189 0.076453 0.562553 0.258453 -0.313966 0.913579 160 87 243
-0.406361 -0.115699 -0.569227 0.517237 0.431051 -0.739365 193 182 33
-0.418141 0.013973 -0.693088 0.473321 0.368830 0.799958 187 174 229
0.651288 0.066388 -0.553892 0.514560 -0.779234 0.357801 193 28 173
-0.376164 0.075998 -0.639253 -0.041443 -0.917954 0.394517 122 10 177
-0.112045 0.027603 0.912936 0.368207 -0.128942 -0.920759 174 111 10
0.114065 -0.044970 0.852093 -0.738991 0.485661 0.466932 33 189 187
0.020319 0.087760 0.954670 0.192416 -0.289678 -0.937584 152 90 7
0.231866 -0.110154 0.893363 -0.910664 0.296393 -0.287823 11 165 90
0.387637 0.230615 0.051544 -0.697078 -0.699625 0.156870 38 38 147
-0.022345 -0.223713 0.198721 0.254537 0.962591 -0.092892 159 250 115
-0.130490 0.202289 0.885868 -0.438475 -0.690589 -0.575175 71 39 54
0.158537 -0.196112 -0.152151 -0.605728 0.795426 -0.019771 50 228 124
-0.226210 -0.053671 0.843503 0.648136 0.409531 -0.642031 210 179 45
-0.181313 0.095712 0.656111 0.521447 -0.602488 -0.604236 193 50 50
-0.194610 0.009812 0.237567 -0.965524 -0.034423 -0.258028 4 123 94
-0.016988 -0.100055 -0.169119 0.659962 0.735925 -0.151210 211 221 108
0.787570 0.237999 -0.527428 -0.190822 -0.779854 -0.596168 103 28 51
0.180184 -0.031648 -0.335342 -0.702736 0.057781 -0.709100 37 134 37
-0.229212 -0.026418 0.481659 0.883356 -0.231632 0.407467 240 97 179
-0.272849 0.175943 0.742260 0.799283 -0.542578 0.258371 229 58 160
0.184304 -0.013494 0.554601 -0.583432 0.428480 0.689936 53 182 215
0.463284 -0.159746 -0.713076 -0.289387 0.618501 0.730556 90 206 220
-0.020151 0.180384 -0.273091 -0.006910 -0.534844 0.844923 126 59 235
0.394209 -0.052999 0.176311 -0.881694 0.006012 0.471783 15 128 187
0.175995 0.065090 0.034163 -0.404077 -0.285540 -0.869016 75 91 16
0.592550 0.101355 -0.682017 -0.646043 -0.222346 0.730199 45 99 220
0.076264 -0.116516 0.919825 -0.595711 0.513725 -0.617426 51 192 48
-0.339783 -0.096385 -0.498097 0.958290 0.284999 0.021335 249 163 130
0.072206 0.192180 0.400619 0.353059 -0.935007 0.033333 172 8 131
0.591527 0.167130 -0.613432 -0.593614 -0.798563 0.099598 51 25 140
0.366756 -0.048055 -0.641233 -0.648588 0.359411 0.670937 44 173 213
-0.053788 0.212495 0.653556 0.694092 -0.681790 0.231082 215 40 156
-0.506547 0.234194 -0.697985 0.277120 -0.724082 0.631594 162 35 208
0.273030 0.043499 0.411938 -0.815807 -0.427681 -0.389292 23 72 77
-0.166423 0.100470 -0.436669 0.943587 -0.301645 0.136577 247 89 144
-0.281666 -0.071198 -0.492626 0.215815 0.256940 -0.942022 155 160 7
0.515518 0.178323 -0.581841 -0.509669 -0.314079 0.800995 62 87 229
-0.094798 -0.240932 -0.147038 0.334698 0.693075 0.638454 170 215 208
0.442284 0.075325 0.100245 -0.903125 -0.188479 -0.385799 12 103 78
-0.003385 -0.367623 -0.020765 0.129443 0.959839 0.248903 144 249 159
0.112983 -0.079017 0.844222 0.503658 0.451904 -0.736283 191 185 33
0.275969 -0.138474 0.659437 -0.890699 0.433975 0.135353 13 182 144
0.142291 -0.182099 0.543530 -0.050408 0.984070 -0.170488 121 252 105
-0.270854 -0.027109 -0.616693 0.197142 0.288585 -0.936938 152 164 8
0.092277 0.045717 0.359402 0.258744 -0.098129 -0.960949 160 114 4
0.064163 -0.075191 0.285681 0.762167 0.461482 0.454022 224 186 185
-0.311630 -0.109035 0.444129 0.729606 0.680725 0.065491 220 214 135
0.548949 -0.073892 -0.692883 0.038574 0.624534 0.780044 132 207 226
0.606159 0.108684 -0.608176 -0.702283 -0.494900 -0.511735 37 64 62
0.299873 0.011980 -0.571982 -0.701195 -0.582922 -0.410522 38 53 75
-0.332735 0.099057 -0.598457 -0.559266 -0.806785 0.190578 56 24 151
0.465503 -0.335870 -0.620077 -0.458949 0.882496 0.102792 68 240 140
-0.414941 0.135137 -0.745215 -0.291771 -0.537368 0.791268 90 58 228
0.281827 -0.322019 0.290277 0.390980 0.912868 0.117503 177 243 142
-0.136605 0.215892 0.646064 0.185972 -0.941387 0.281435 151 7 163
-0.161707 -0.248402 -0.111656 0.002297 0.994400 0.105654 127 254 140
-0.328065 -0.048359 -0.396268 0.866783 -0.086321 -0.491158 238 116 64
0.301721 0.180141 -0.729602 -0.387532 -0.512943 0.765969 78 62 225
0.137692 0.272216 -0.121771 -0.096655 -0.980936 0.168589 115 2 148
-0.254486 -0.183049 -0.526863 -0.556369 0.532994 0.637473 56 195 208
-0.225225 0.129462 0.606536 0.296080 -0.941024 0.163738 165 7 148
0.344234 -0.114954 0.801027 -0.713246 0.111476 -0.691992 36 141 39
-0.263314 0.051292 -0.580688 0.833020 -0.048861 -0.551081 233 121 57
-0.073906 -0.136996 0.161185 0.615984 0.669958 -0.414391 206 212 74
-0.402862 0.214416 -0.441134 0.326603 -0.939483 0.103456 169 7 140
0.008686 0.190054 0.875802 0.104417 -0.385308 -0.916862 140 78 10
0.108332 0.041392 0.685450 -0.882932 -0.347106 0.316145 14 83 167
-0.370294 -0.141309 -0.064928 0.380555 0.652779 -0.655025 176 210 43
0.083666 -0.021586 0.068269 0.537533 0.233367 -0.810308 196 157 24
-0.567601 -0.202390 -0.731015 0.225455 0.600202 0.767416 156 204 225
0.143471 -0.020049 0.481936 0.558226 0.083476 -0.825479 198 138 22
-0.043985 -0.188751 0.740618 0.611002 0.764365 -0.205968 205 224 101
-0.018434 0.347845 0.831796 -0.179292 -0.930735 0.318725 104 8 168
0.052960 -0.227435 0.728185 -0.117710 0.821181 0.558396 112 232 198
0.032820 0.157026 0.710755 0.429200 -0.883728 0.186580 182 14 151
0.060474 -0.087242 0.777476 -0.630393 0.731065 -0.261054 47 220 94
0.081103 0.092518 0.734473 0.413883 -0.234301 -0.879661 180 97 15
0.045790 0.072922 0.845603 -0.544928 -0.356288 0.759021 58 82 224
-0.399196 -0.104320 -0.668488 -0.142522 0.887316 0.438586 109 240 183
-0.026315 -0.010374 -0.815230 0.086793 -0.025080 0.995911 138 124 254
-0.456329 -0.031194 -0.590932 0.697454 -0.228800 0.679123 216 98 214
-0.141767 0.160675 -0.538051 0.133135 -0.749637 0.648320 144 31 210
0.124035 -0.067815 0.733334 0.139363 0.499009 -0.855317 145 191 18
0.085846 0.133867 0.065109 -0.006522 -0.948298 -0.317313 126 6 87
0.101224 -0.062080 0.268655 0.594432 0.210474 0.776113 203 154 226
0.308378 -0.052203 -0.494870 0.496144 0.094647 -0.863066 190 139 17
0.068128 -0.099756 -0.755319 -0.034488 0.370239 0.928296 123 174 245
-0.399644 0.057389 -0.619467 0.567381 -0.004245 0.823444 199 126 232
0.142646 0.027019 0.924785 -0.979762 -0.181902 -0.083539 2 104 116
0.004222 -0.085103 0.048840 -0.522475 0.819362 -0.235936 60 231 97
-0.052509 -0.157283 0.303154 0.197031 0.872798 0.446545 152 238 184
-0.320572 0.048864 -0.662351 0.647731 -0.631319 0.426476 210 47 181
0.110844 0.008355 0.581440 0.750390 0.120141 -0.649985 223 142 44
0.611858 -0.097308 -0.664930 -0.168015 0.584257 0.793986 106 201 228
-0.443507 -0.025793 -0.503550 0.961354 0.175543 -0.212093 250 149 100
-0.008345 0.104943 0.782401 0.150587 -0.512155 0.845589 146 62 235
-0.057987 0.083827 0.787992 0.732180 -0.402328 -0.549585 220 76 57
-0.523183 -0.233396 -0.644831 0.315293 0.858804 0.403789 167 236 178
0.139503 -0.065302 0.769354 0.372328 0.179000 -0.910676 174 150 11
0.177419 -0.185810 0.390025 0.286141 0.652537 -0.701655 163 210 38
-0.056369 0.045054 -0.683560 -0.914778 -0.234625 0.328834 10 97 169
0.156532 -0.172235 0.712958 0.206957 0.887771 -0.411134 153 240 75
0.016305 0.220146 0.687524 0.092565 -0.951378 0.293789 139 6 164
-0.001298 -0.176523 0.762356 0.432478 0.663482 0.610536 182 212 205
-0.316726 0.036645 -0.708435 -0.091051 -0.228639 0.969244 115 98 251
-0.371712 -0.138395 -0.544556 0.150321 0.772865 0.616509 146 226 206
-0.202314 0.016023 -0.596207 0.890093 0.077151 0.449202 240 137 184
0.175376 0.011586 -0.618303 -0.546209 -0.079487 0.833869 57 117 233
-0.361286 -0.147757 -0.325578 0.460150 0.156457 -0.873947 186 147 16
0.064778 0.182811 0.342710 0.625579 -0.502246 -0.596993 207 63 51
-0.024225 -0.146893 -0.072751 0.857336 0.377648 0.349796 236 175 172
-0.356536 0.090404 -0.278048 0.948401 -0.174747 -0.264572 248 105 93
0.029131 -0.309340 0.937969 0.215780 0.657795 -0.721627 155 211 35
-0.475453 -0.214838 -0.534153 0.380889 0.581243 -0.719083 176 201 35
0.539124 -0.084043 -0.733661 -0.592329 0.257203 0.763539 51 160 224
-0.222838 -0.226204 -0.298662 0.254552 0.582746 -0.771758 159 201 29
0.325136 -0.251354 -0.422664 -0.638861 0.769320 -0.001977 46 225 127
0.456520 0.220529 0.559756 -0.686177 -0.691010 -0.227301 40 39 98
-0.044871 -0.032806 0.844584 0.555620 0.136242 -0.820198 198 144 22
0.572469 0.185328 -0.361575 -0.325161 -0.886624 -0.328890 86 14 85
-0.222305 0.270706 0.569176 0.025555 -0.743394 0.668365 130 32 212
0.266753 0.053371 0.595676 -0.921911 -0.051140 -0.384011 9 120 78
-0.120013 -0.193187 -0.245387 -0.046640 0.802560 -0.594745 121 229 51
0.701368 -0.019905 -0.710711 -0.932745 0.144123 0.330478 8 145 169
0.639831 -0.039808 -0.319318 -0.419649 0.706361 -0.570042 73 217 54
-0.227663 -0.076857 -0.346639 -0.618975 0.752500 -0.224975 48 223 98
-0.628508 -0.025859 -0.765222 0.426842 -0.009532 0.904276 181 126 242
-0.198886 -0.154717 0.073014 0.217967 0.787815 0.576054 155 227 200
-0.015855 -0.291331 -0.443522 0.006985 0.925880 -0.377753 128 245 79
0.218349 -0.089452 0.948277 -0.875137 0.119636 -0.468851 15 142 67
0.396235 0.125831 -0.684358 -0.016723 -0.445829 0.894962 125 70 241
-0.207672 0.051260 0.836916 0.996819 -0.025394 -0.075546 254 124 117
-0.181177 0.165875 -0.518419 0.418011 -0.900067 0.123073 180 12 143
0.004585 -0.025041 -0.056571 0.599494 0.296889 0.743279 203 165 222
-0.024588 -0.081150 0.785336 -0.059065 0.298901 0.952455 119 165 248
0.158620 0.050249 0.004085 0.326695 -0.553571 -0.766048 169 56 29
-0.405751 0.005691 -0.501787 0.487171 -0.252548 0.835993 189 95 234
-0.279364 -0.175506 -0.732685 0.647804 0.660494 0.379604 210 211 175
0.220528 -0.072917 -0.579520 -0.618334 0.067042 -0.783051 48 136 27
-0.391681 0.031970 -0.689103 0.717032 -0.684005 -0.134174 218 40 110
-0.098790 -0.048380 -0.147609 -0.504449 0.499580 0.704238 63 191 217
-0.547005 -0.123874 -0.690394 0.919279 0.172017 0.354029 244 149 172
0.687304 -0.199619 -0.364911 -0.543717 0.562449 0.622915 58 199 206
0.354360 -0.280793 0.233035 -0.527936 0.797442 0.292180 60 229 164
0.543400 -0.336788 -0.651677 -0.362500 0.838167 0.407516 81 234 179
-0.420700 0.102295 -0.684746 0.107540 -0.624958 0.773216 141 47 226
0.151750 0.109054 0.088088 -0.482412 -0.378366 -0.790012 65 79 26
-0.276875 0.004976 -0.588687 0.616595 -0.703490 0.353428 206 37 172
0.266049 -0.062156 -0.670406 0.413166 0.876394 -0.247444 180 239 95
-0.436353 0.069047 -0.680684 -0.093687 -0.010210 0.995549 115 126 254
-0.012495 -0.111977 0.803320 0.502203 0.858906 -0.100363 191 237 114
-0.308984 -0.100804 -0.381770 -0.344275 0.840710 -0.417949 83 234 74
-0.318650 0.110754 -0.629265 0.912805 -0.327955 -0.243380 243 85 96
-0.143936 0.322462 -0.683800 0.637840 -0.719121 0.275725 208 35 162
0.163521 0.170240 0.192539 0.423227 -0.884472 -0.196437 181 14 102
-0.070650 0.037490 0.216294 0.854107 0.016103 -0.519848 236 129 61
0.288417 0.189133 0.477184 -0.776440 -0.622708 -0.096828 28 48 115
-0.168940 0.231786 0.333061 0.605522 -0.766278 0.214851 204 29 154
-0.082116 -0.159197 0.646687 0.837485 0.544079 -0.050953 234 196 121
-0.032559 -0.141084 0.819558 -0.773835 0.620879 -0.125259 28 206 111
-0.198327 -0.170785 -0.410667 -0.160282 0.787088 -0.595653 107 227 51
-0.091470 -0.374101 0.895355 0.414553 0.765868 -0.491520 180 225 64
0.000050 0.019412 -0.000222 0.697326 -0.088951 -0.711213 216 116 36
-0.518277 0.010061 -0.625467 0.986349 0.028448 0.162190 253 131 148
-0.362232 -0.116547 -0.432691 0.264571 0.227062 -0.937254 161 156 8
-0.421749 -0.117872 -0.498439 0.387108 0.412168 -0.824782 176 180 22
0.230569 -0.209432 -0.534638 -0.647209 0.511932 0.564841 44 192 199
0.264793 -0.006580 0.133961 -0.263489 0.397946 0.878757 93 178 239
0.298678 0.032802 -0.691895 -0.498769 -0.460173 0.734487 63 68 221
0.078281 -0.010306 0.713815 -0.796746 0.327439 -0.507918 25 169 62
0.031832 0.259136 -0.101705 0.332145 -0.915480 -0.227102 169 10 98
0.050667 -0.113112 -0.656133 0.108339 0.937218 0.331490 141 246 169
-0.007985 -0.077139 0.887086 0.428775 0.575195 -0.696637 182 200 38
-0.471739 -0.074330 -0.770472 -0.059709 0.329174 0.942379 119 169 247
0.284240 0.069086 0.953335 -0.802987 -0.195069 -0.563169 25 102 55
-0.167773 -0.074793 -0.767862 -0.183226 0.104001 0.977554 104 140 252
0.196151 -0.137581 0.782471 -0.252787 0.317874 -0.913813 95 168 10
0.195962 0.077697 0.223698 -0.611124 -0.313388 -0.726853 49 87 34
0.148272 0.111866 0.674947 -0.877520 -0.401576 -0.262098 15 76 94
0.337052 0.073211 -0.096439 -0.742041 -0.327604 0.584851 32 85 202
-0.576779 0.124035 -0.663490 0.841108 -0.532621 0.094085 234 59 139
0.490493 -0.151914 -0.276155 -0.827664 0.477767 0.294468 21 188 165
-0.040510 -0.163809 0.824942 0.298170 0.757333 -0.580983 165 224 53
0.631515 0.114379 -0.721686 -0.275038 -0.279429 0.919931 92 91 244
0.034492 -0.168752 0.786203 0.049052 0.986957 0.153329 133 253 147
-0.375108 0.159500 0.719775 0.597663 -0.694791 -0.400081 203 38 76
0.028770 -0.071820 0.811346 0.178139 0.414750 -0.892328 150 180 13
-0.184347 -0.047392 0.836882 0.569667 0.131423 -0.811300 200 144 24
0.265740 0.142044 -0.460996 -0.723335 -0.559627 -0.404480 35 56 75
-0.159738 -0.038702 -0.483353 0.481066 0.546157 0.685776 188 197 214
-0.007236 0.021330 0.830562 -0.972690 0.228784 0.039145 3 156 132
0.304880 0.109269 -0.050481 -0.793796 -0.402615 0.455839 26 76 185
0.325276 -0.288722 0.215761 -0.096492 0.680041 -0.726797 115 214 34
-0.113677 -0.206219 -0.607216 -0.419218 0.537338 0.731795 74 196 220
0.065435 0.045315 0.959725 0.405125 -0.071249 -0.911481 179 118 11
-0.283494 0.270066 -0.500936 -0.053000 -0.998112 -0.031037 120 0 123
-0.142944 0.083600 0.491456 -0.752450 -0.434473 0.495027 31 72 190
-0.064778 -0.087297 -0.071609 0.611550 0.179072 -0.770675 205 150 29
0.033573 0.053963 0.721000 0.187703 -0.085138 -0.978529 151 116 2
-0.042094 -0.057034 0.712169 0.513479 0.484157 0.708471 192 189 217
-0.274083 0.147311 -0.720480 0.794423 -0.416845 0.441738 228 74 183
0.016311 0.063266 -0.119895 -0.151008 0.047299 -0.987400 108 133 1
-0.134605 0.159902 -0.547910 0.057416 -0.996998 -0.051949 134 0 120
0.557989 0.007131 -0.600852 0.802071 -0.060217 0.594185 229 119 203
0.050860 0.123037 0.795443 0.367098 -0.478599 0.797610 174 66 229
-0.315930 0.197802 -0.524650 -0.060278 -0.956792 -0.284455 119 5 91
0.150784 0.208079 -0.242368 -0.442526 -0.896730 -0.006757 71 13 126
0.355540 0.192432 -0.206023 -0.308552 -0.951203 0.002904 88 6 127
0.242133 0.125022 0.165655 0.063946 -0.936065 -0.345967 135 8 83
0.852823 0.127376 -0.608888 0.494794 -0.798316 -0.343323 190 25 83
0.062091 0.089337 0.619868 0.638104 -0.381918 0.668552 208 78 212
0.207645 0.028813 -0.143251 0.791730 0.342856 -0.505582 228 171 63
0.010817 -0.083513 0.126776 0.866598 0.356846 -0.348809 237 172 83
-0.362757 0.013995 -0.530369 0.463332 -0.159991 0.871623 186 107 238
0.275688 -0.164541 -0.736064 -0.166281 0.655727 0.736460 106 211 221
0.107815 0.177771 -0.409244 -0.756784 -0.612647 0.227906 31 49 156
-0.038077 -0.141429 -0.880152 0.153424 0.305765 0.939664 147 166 247
0.515702 0.024951 -0.303231 -0.992323 -0.108062 0.060157 0 113 135
-0.301109 0.042285 -0.690263 0.096613 -0.208525 0.973233 139 100 251
0.215762 -0.064629 -0.049755 -0.269875 0.436627 -0.858210 93 183 18
-0.222495 -0.153991 -0.486419 0.028330 0.582561 -0.812293 131 201 23
0.247544 -0.149141 0.346809 0.164953 0.502291 -0.848819 148 191 19
-0.024037 -0.173060 0.675287 0.279051 0.864120 -0.418840 163 237 74
0.135524 0.031170 0.733372 -0.472288 -0.097623 -0.876022 67 115 15
-0.174257 0.042333 0.739334 0.979698 -0.183624 -0.080457 252 104 117
-0.213085 0.298144 -0.341616 0.190135 -0.658200 -0.728438 151 43 34
-0.143759 -0.187744 -0.379609 -0.768160 0.601903 0.218271 29 204 155
-0.199807 -0.110975 -0.582934 -0.592743 0.803571 -0.054128 51 229 120
-0.060639 -0.256486 -0.508744 -0.129995 0.935364 -0.328930 110 246 85
-0.055763 -0.131956 0.445519 0.681522 0.722592 0.115710 214 219 142
-0.251261 -0.009109 0.798015 0.884214 0.221726 -0.411099 240 155 75
-0.380170 0.034875 -0.514713 0.614110 -0.225376 -0.756357 205 98 31
0.327641 -0.047961 0.000526 -0.383997 0.181646 0.905290 78 150 242
-0.252480 -0.010775 -0.700136 -0.717710 -0.084717 0.691169 35 116 215
0.211389 -0.004581 -0.025139 -0.610712 -0.040625 0.790810 49 122 228
-0.232426 0.141023 -0.490018 0.241897 -0.384472 -0.890880 158 78 13
0.393015 0.241344 0.057919 0.078410 -0.831646 -0.549743 137 21 57
0.159915 -0.070957 0.933872 -0.987279 0.113821 -0.111014 1 142 113
-0.468778 -0.088045 -0.604630 -0.377347 0.758653 -0.531089 79 224 59
0.358935 -0.194816 0.310039 0.159149 0.928152 -0.336461 147 245 84
-0.061409 -0.160369 -0.626605 0.058952 0.904955 0.421404 135 242 181
0.094856 -0.049295 0.845254 0.859154 0.378527 -0.344343 237 175 83
-0.057693 -0.119767 0.645088 0.552433 0.810061 -0.196519 197 230 102
-0.001774 0.123194 0.328214 0.213323 -0.965976 -0.146230 154 4 108
0.308270 0.286972 0.279550 -0.455835 -0.506948 0.731586 69 62 220
-0.236939 0.104910 0.720367 0.928943 -0.304137 -0.211105 245 88 100
0.205599 0.151169 0.551577 -0.058860 -0.535877 0.842242 119 59 234
-0.088288 -0.067069 0.923563 0.112730 0.219292 -0.969125 141 155 3
-0.267280 -0.063639 0.631445 0.195618 0.732323 -0.652255 152 220 44
0.148878 -0.174333 0.865078 -0.541859 0.629639 -0.556727 58 207 56
0.678718 -0.039061 -0.573855 -0.966470 0.243989 0.080029 4 158 137
0.307609 0.266426 -0.538819 -0.541395 -0.837528 0.073750 58 20 136
-0.186944 -0.157100 -0.424314 0.755646 0.582607 0.299280 223 201 165
-0.079054 -0.144355 -0.383443 0.217609 0.384949 -0.896917 155 176 13
0.380882 -0.082234 -0.698168 -0.160054 0.118436 0.979977 107 142 252
-0.041090 0.326262 -0.541341 0.267845 -0.934382 -0.234922 161 8 97
-0.329149 0.007161 -0.630908 0.935230 0.044004 -0.351296 246 133 82
-0.002367 -0.106740 -0.757234 -0.251459 0.141775 0.957428 95 145 249
-0.307335 -0.137583 -0.354592 -0.287317 0.370691 0.883197 90 174 240
0.095249 -0.120331 0.031484 0.536185 0.303669 -0.787585 195 166 27
-0.140802 -0.082946 0.201151 -0.066181 0.836372 0.544153 119 234 196
-0.079188 -0.072785 -0.219052 -0.578463 0.443910 0.684343 53 184 214
0.051112 -0.269083 0.796320 -0.254926 0.882625 -0.394952 94 240 77
-0.183263 0.187272 -0.261708 0.720395 -0.673553 -0.165404 219 41 106
0.200194 0.171593 0.567563 -0.625707 -0.775760 -0.081773 47 28 117
0.032200 -0.172887 -0.131711 0.507673 0.793851 0.334765 192 228 170
-0.104314 0.020560 0.854439 0.428315 -0.241228 -0.870836 182 96 16
0.326909 -0.152777 -0.020628 -0.418014 0.813311 -0.404708 74 231 75
-0.119043 0.075735 -0.853659 0.174115 -0.124772 0.976789 149 111 252
-0.462543 -0.161544 -0.339275 0.378107 0.914790 0.142106 175 244 145
-0.321486 0.106765 -0.548061 0.340312 -0.886683 -0.313018 170 14 87
0.242494 0.248948 0.062084 -0.536805 -0.643190 -0.546029 59 45 57
-0.375888 0.277531 -0.550974 -0.012231 -0.882070 -0.470960 125 15 67
0.196760 -0.395482 0.455730 -0.250119 0.958997 0.133287 95 249 144
0.610248 -0.023587 -0.626372 -0.623338 0.025089 0.781550 48 130 227
-0.224651 -0.084740 -0.611616 0.154104 0.226423 0.961761 147 156 250
0.073996 -0.167663 -0.181915 -0.714213 0.631978 0.300840 36 208 165
-0.295492 -0.162604 -0.583262 0.094885 0.958656 0.268282 139 249 161
0.366517 0.059531 -0.147014 -0.682395 -0.119672 0.721121 40 112 219
-0.188758 -0.068804 -0.496926 0.358381 0.655991 -0.664258 173 211 42
0.375906 -0.153105 -0.613198 -0.483136 0.850214 -0.209081 65 235 100
-0.175116 0.132017 -0.794250 0.161755 -0.313949 0.935559 148 87 246
0.029923 -0.086314 0.877060 -0.044119 0.122945 -0.991432 121 143 1
-0.323924 -0.397374 -0.567572 -0.044353 0.950018 0.309028 121 248 166
0.077188 -0.070848 -0.300310 -0.316415 -0.016188 0.948483 87 125 248
0.004140 -0.006661 -0.676666 0.969557 0.244589 -0.011675 251 158 126
0.628863 -0.286768 -0.578081 -0.244254 0.905261 0.347623 96 242 171
0.249563 0.151371 -0.241687 0.213814 -0.293383 -0.931778 154 90 8
0.247218 -0.077597 0.492187 -0.621762 0.152828 0.768150 48 146 225
0.165604 0.039625 0.838162 -0.486875 -0.167794 -0.857203 65 106 18
0.814449 -0.230674 -0.454470 -0.767447 0.640931 0.015287 29 209 129
-0.127356 -0.394747 -0.538320 0.102862 0.882654 -0.458629 140 240 69
0.293590 0.061914 -0.407271 -0.315909 -0.107290 0.942704 87 113 247
-0.240444 -0.042041 -0.772632 -0.440572 -0.044657 0.896606 71 121 241
0.008167 0.030944 -0.098713 -0.845818 -0.194573 -0.496723 19 102 64
0.193371 0.014102 0.355053 0.371287 -0.084312 -0.924683 174 116 9
0.123842 0.057724 0.412096 0.834778 -0.138819 -0.532800 233 109 59
0.147608 -0.081805 -0.144694 -0.145214 0.140452 -0.979381 108 145 2
-0.049110 0.148528 -0.005143 0.611926 -0.650469 -0.449929 205 44 70
0.057118 0.295703 0.330573 0.548915 -0.772344 0.319652 197 29 168
-0.236520 -0.097701 0.492881 0.768573 0.262845 -0.583274 225 161 53
-0.486470 0.110703 -0.691151 0.722500 -0.679057 0.129906 219 40 144
-0.478738 -0.125104 -0.408435 0.863441 0.285557 -0.415844 237 163 74
0.671886 0.203934 -0.641245 -0.676422 -0.522284 0.519301 41 60 193
-0.140725 0.051267 -0.682613 0.235824 -0.150435 0.960081 157 108 249
-0.146623 0.083527 0.863797 0.313958 -0.948368 0.045045 167 6 133
0.112690 -0.257502 0.420597 -0.441989 0.866796 -0.230890 71 238 98
0.024005 0.245641 0.649664 0.195068 -0.969126 0.150809 152 3 146
0.234595 0.085100 0.226688 0.230097 -0.919328 0.319205 156 10 168
0.111160 0.042799 0.613145 0.137922 0.194845 0.971088 145 152 251
0.007642 -0.159169 0.754020 0.117783 0.856468 0.502583 142 236 191
0.258050 -0.005610 0.241725 0.858869 0.208654 -0.467769 237 154 67
-0.389380 -0.070228 -0.446602 0.364657 0.118804 -0.923532 173 142 9
0.142759 0.076994 0.744964 -0.155115 -0.726737 0.669173 107 34 212
-0.121719 -0.096180 -0.146717 0.585270 0.362019 -0.725536 202 173 34
-0.438250 0.088658 -0.453629 0.693530 -0.083741 -0.715545 215 116 36
-0.414500 -0.143595 -0.660875 -0.308058 0.645279 0.699082 88 209 216
-0.345089 -0.125049 -0.436731 0.023667 0.989381 -0.143404 130 253 109
0.077120 -0.064575 0.777147 0.640527 0.478342 0.600762 209 188 204
0.104161 0.243254 0.409643 -0.242011 -0.913548 0.326895 96 11 169
0.903772 0.156837 -0.595690 -0.828729 -0.545687 0.124234 21 57 143
0.064904 0.011451 0.670310 0.627772 0.223897 -0.745502 207 156 32
0.051692 -0.175130 -0.083085 0.409651 0.530098 -0.742417 179 195 32
-0.053647 -0.091244 0.940795 0.409941 0.352016 -0.841447 179 172 20
0.345834 0.106174 0.212872 -0.669013 -0.435652 -0.602187 42 71 50
0.122988 0.148640 0.792865 -0.581957 -0.796827 0.162461 53 25 148
0.006291 0.027249 0.835320 0.826831 -0.350994 -0.439493 232 82 71
0.064832 0.028574 -0.546595 -0.100656 -0.045360 0.993887 114 121 254
0.267218 0.227773 -0.189463 0.415255 -0.799799 -0.433457 180 25 72
-0.423574 0.147866 -0.653877 0.384003 -0.700218 0.601861 176 38 204
-0.428109 -0.083099 -0.276605 0.868436 0.439568 0.229345 238 183 156
0.326273 0.135451 -0.093429 0.150010 -0.987053 -0.056779 146 1 120
-0.019476 -0.140240 -0.244000 -0.521295 0.346753 0.779752 61 171 226
-0.248352 0.021766 0.694598 0.787581 0.100854 0.607902 227 140 205
-0.188227 -0.084333 -0.177534 0.129715 0.099289 -0.986568 144 140 1
0.255621 -0.251391 0.318760 0.359823 0.890967 0.276955 173 241 162
0.203106 -0.027764 0.035745 -0.809139 0.586979 0.027388 24 202 130
0.395245 0.023594 -0.377606 0.053493 -0.529730 0.846478 134 59 235
0.712219 -0.129839 -0.501704 -0.149677 0.522210 -0.839580 108 194 20
0.391888 0.070472 -0.151651 0.106706 -0.158757 -0.981535 141 107 2
-0.162920 -0.116119 -0.344605 0.298602 0.111795 -0.947807 165 141 6
0.140352 -0.044141 -0.019440 -0.277433 0.361605 0.890097 92 173 240
0.624454 0.244969 -0.500161 0.092946 -0.899063 -0.427839 139 12 72
-0.271178 0.014917 -0.182552 0.298034 0.096604 -0.949654 165 139 6
0.463923 0.110612 -0.727831 0.524774 -0.392638 0.755280 194 77 223
0.040962 -0.242578 0.588047 0.118714 0.861793 0.493173 142 237 190
0.065787 -0.080369 -0.271297 0.709919 0.489385 -0.506476 218 189 62
-0.104284 0.069845 0.208527 0.896997 -0.175349 -0.405771 241 105 75
0.191975 -0.077903 0.017176 -0.852831 0.247982 0.459547 18 159 186
0.280760 0.336646 -0.016952 -0.500985 -0.863709 -0.054968 63 17 120
0.319751 0.087169 0.319771 -0.347617 -0.427353 -0.834585 83 73 21
-0.410179 0.169218 -0.601369 -0.528109 -0.829834 0.180212 60 21 150
-0.546150 0.278779 -0.673851 0.539856 -0.836309 0.095617 196 20 139
0.559151 0.120145 -0.640441 -0.830107 -0.502983 -0.240686 21 63 96
-0.587321 -0.178613 -0.702573 0.280273 0.954981 0.097249 163 249 139
-0.090738 -0.013142 0.920932 0.655589 -0.113590 -0.746526 211 113 32
-0.496766 0.079606 -0.616091 0.740421 -0.183606 -0.646580 221 104 45
-0.231937 -0.176837 -0.759262 -0.460579 0.330147 0.823936 68 169 232
-0.162579 -0.095442 -0.837805 -0.009611 0.291662 0.956473 126 164 249
0.107407 0.249440 -0.020141 -0.176453 -0.982031 -0.066935 105 2 118
-0.239636 0.075781 0.604364 -0.718220 -0.255729 0.647119 35 94 210
-0.427000 -0.065351 -0.591030 0.964158 -0.014686 -0.264923 250 125 93
-0.014591 0.000566 -0.709139 -0.688025 -0.005703 0.725665 39 126 220
-0.379100 0.063401 0.778851 0.804563 -0.152737 -0.573890 230 108 54
0.296508 0.215305 -0.027621 -0.468245 -0.869612 -0.156597 67 16 107
-0.107061 0.076905 -0.042645 -0.573742 -0.268988 0.773606 54 93 226
0.206971 -0.036157 0.247399 0.275932 -0.194149 -0.941365 162 102 7
0.434315 -0.150514 -0.644401 -0.578548 0.774027 0.257225 53 226 160
0.646471 0.188563 -0.474141 -0.360265 -0.610724 0.705142 81 49 217
-0.203248 0.100729 -0.269907 -0.367318 -0.608605 -0.703333 80 49 37
-0.298643 0.222244 -0.627223 -0.172665 -0.862439 0.475800 105 17 188
0.769867 -0.131754 -0.544682 -0.509197 0.770405 0.383659 62 225 176
0.132025 0.059752 -0.716303 0.766322 -0.635927 -0.091367 225 46 115
0.093435 0.100993 0.844687 0.260771 -0.492679 -0.830220 160 64 21
0.070674 -0.054995 0.850302 -0.644849 0.606033 0.465719 45 204 186
0.062105 -0.101458 0.002553 0.184045 0.479345 -0.858112 150 188 18
0.037103 0.008552 0.624388 -0.441585 0.017145 -0.897056 71 129 13
-0.148046 0.002268 0.776711 -0.764870 -0.299753 0.570195 29 89 200
0.238489 -0.022761 0.636574 -0.802855 0.242604 0.544580 25 158 196
0.569207 -0.046833 -0.304993 -0.878987 0.034097 0.475625 15 131 188
-0.000422 -0.061332 0.837976 -0.768765 0.281325 0.574332 29 163 200
-0.000550 0.041440 0.801413 0.925558 -0.173126 -0.336705 245 105 84
-0.007606 0.070003 -0.617108 -0.572122 -0.381665 0.725953 54 78 220
0.013670 0.070205 0.794692 -0.596420 -0.723325 0.347973 51 35 171
0.140707 -0.067471 0.192455 0.567059 0.683674 -0.459384 199 214 68
0.320830 -0.135254 -0.018371 -0.467587 0.258024 0.845450 67 160 235
0.855202 0.005023 -0.650446 -0.857096 0.076527 0.509440 18 137 192
-0.166797 -0.139134 -0.709774 0.170204 0.837241 -0.519671 149 234 61
0.009922 -0.116106 -0.623606 0.784899 0.581680 -0.213500 227 201 100
-0.294513 -0.046190 -0.535362 0.886173 -0.097948 -0.452883 240 115 69
0.619187 0.101481 -0.532641 -0.818797 -0.266819 0.508311 23 93 192
-0.438098 0.107189 -0.549895 -0.113559 -0.858951 0.499307 113 17 191
0.464984 -0.063453 -0.361503 -0.897262 0.381524 -0.222174 13 176 99
0.189192 0.129377 0.886039 -0.717822 -0.591367 -0.367446 35 52 80
0.450884 -0.047201 0.128789 -0.889363 0.268377 0.370145 14 161 174
0.124050 0.158049 0.721040 -0.007966 -0.389275 -0.921087 126 77 10
0.036765 0.029628 0.029208 0.607490 0.289224 0.739801 204 164 221
-0.019483 0.057875 -0.244757 0.213016 -0.135520 0.967605 154 110 250
-0.328859 -0.019356 -0.733006 0.432838 -0.418699 0.798338 182 74 229
0.655147 0.157911 -0.177329 -0.262540 -0.318764 -0.910748 94 86 11
-0.597395 0.029175 -0.572817 0.959066 -0.199210 -0.201265 249 102 101
-0.098067 0.010585 -0.286114 -0.925719 -0.077216 0.370246 9 117 174
-0.170511 -0.203111 0.761506 0.746110 0.617048 -0.250145 222 206 95
0.529397 -0.073361 -0.673761 -0.773058 0.295591 0.561255 28 165 199
-0.217382 0.130766 -0.716106 0.828153 -0.456073 0.325822 233 69 169
-0.331715 0.025473 -0.174995 0.747437 0.057193 -0.661866 222 134 43
0.122402 -0.001789 0.329333 0.811245 0.210504 0.545499 230 154 197
-0.466984 0.077267 -0.708599 0.708464 -0.381267 0.593897 217 78 203
-0.328117 0.074211 -0.705131 -0.673722 -0.497704 0.546249 41 64 197
0.842993 -0.025332 -0.403138 -0.999597 0.013767 0.024838 0 129 130
0.399409 -0.028004 -0.795832 -0.038735 0.244821 0.968794 122 158 251
-0.057082 0.234866 -0.458031 0.268922 -0.623339 -0.734254 161 48 33
0.119456 0.026448 -0.016953 0.830428 0.099966 -0.548084 233 140 57
0.196073 0.075707 0.711585 -0.169621 -0.157042 -0.972917 105 107 3
-0.130503 -0.164805 -0.509890 -0.390410 0.381115 0.838052 77 176 234
-0.189205 -0.152081 -0.207663 0.730426 0.184606 -0.657570 220 151 43
0.005420 0.191216 0.684466 0.585279 -0.776430 -0.233676 202 28 97
0.180895 0.180839 0.775251 -0.654575 -0.720831 0.227891 44 35 156
0.175462 -0.212750 0.434220 0.130482 0.863094 -0.487896 144 237 65
-0.530711 0.213022 -0.622093 0.336341 -0.937614 -0.088065 170 7 116
-0.272742 0.190165 -0.612724 0.667388 -0.734238 0.124448 212 33 143
0.497499 -0.061775 -0.654538 -0.272374 0.802257 0.531221 92 229 195
-0.167866 0.056813 -0.513083 -0.270448 -0.293919 0.916771 93 90 244
0.430243 0.045528 0.108761 -0.726097 -0.180998 0.663342 34 104 212
0.253947 -0.042123 0.650326 -0.851922 0.114104 -0.511086 18 142 62
0.366295 0.279720 0.467635 -0.409250 -0.908206 0.087611 75 11 138
-0.019019 -0.081618 0.840451 0.603848 0.176969 -0.777206 204 150 28
-0.487263 0.026101 -0.616506 0.880813 -0.336762 -0.332806 239 84 85
0.035382 -0.112821 0.862984 0.656225 0.338152 -0.674553 211 170 41
-0.395296 0.137905 -0.695924 -0.059285 -0.431402 0.900210 119 72 242
-0.054302 -0.320412 0.789225 -0.225011 0.914275 -0.336855 98 244 84
-0.005634 -0.018622 0.761370 0.571555 -0.356242 -0.739200 200 82 33
-0.088821 -0.125044 0.810326 0.405978 0.856709 -0.318168 179 236 86
0.562567 0.112780 -0.491890 0.211612 -0.517128 -0.829337 154 61 21
0.444356 0.211633 0.366308 -0.772475 -0.440708 0.457229 29 71 185
-0.152965 0.131850 0.583843 0.828129 -0.439567 0.347827 233 71 171
-0.209632 0.170085 -0.494436 -0.098674 -0.586662 0.803798 114 52 229
0.138106 -0.113549 0.280076 -0.312022 0.578869 -0.753361 87 201 31
-0.439929 0.206256 -0.474895 0.724692 -0.686588 -0.058464 219 39 120
-0.011026 0.271136 0.789512 0.180217 -0.966508 -0.182712 150 4 104
-0.531159 -0.062196 -0.655639 0.617103 0.767571 0.173259 206 225 149
-0.363695 0.112207 -0.623411 0.795594 -0.527596 -0.297779 228 60 89
0.597379 0.106120 -0.383286 -0.940709 -0.187244 -0.282853 7 103 91
-0.406925 -0.093965 -0.485926 0.529180 0.820073 0.217828 194 232 155
0.256423 0.142381 0.907556 -0.682894 -0.590657 -0.429861 40 52 72
-0.330869 -0.043953 -0.687661 -0.133916 0.101015 0.985831 110 140 253
0.034726 0.059010 -0.521477 0.686881 -0.726645 0.013498 215 34 129
0.390489 0.108872 0.503048 -0.814946 -0.467273 0.342810 23 67 171
-0.206940 0.018489 -0.564330 -0.348333 -0.331966 0.876620 83 85 239
0.017360 -0.091259 -0.098252 0.105072 0.474861 -0.873766 140 188 16
-0.053233 -0.178072 -0.221620 -0.464609 0.696179 0.547242 68 216 197
-0.562280 0.021982 -0.691752 0.702239 -0.021899 0.711604 217 124 218
-0.139131 0.034939 0.734929 -0.110645 -0.453303 0.884463 113 69 240
-0.357286 -0.115002 -0.668403 -0.287731 0.449761 0.845533 90 184 235
-0.016145 0.097773 0.482056 0.090621 -0.978989 -0.182672 139 2 104
-0.423113 0.084261 -0.581966 0.344757 -0.869535 0.353625 171 16 172
0.022418 -0.136514 -0.061619 0.592038 0.789217 0.163180 202 228 148
-0.326491 0.157407 0.756507 0.822603 -0.450645 -0.346761 232 70 83
0.716350 -0.002745 -0.747649 -0.358598 0.007860 0.933459 81 128 246
-0.042388 -0.087701 -0.174774 0.569512 0.288272 -0.769776 200 164 29
0.158002 0.252069 -0.592432 0.042626 -0.967469 0.249371 132 4 159
0.107940 -0.004240 0.409110 -0.075229 -0.113880 0.990642 117 112 253
-0.008625 0.127704 -0.174987 -0.849279 -0.497990 -0.175302 19 64 105
-0.176415 0.002246 -0.479842 -0.123912 -0.329215 0.936089 111 85 246
0.006226 0.235954 0.048336 0.567655 -0.823072 -0.017920 199 22 125
-0.204841 0.148187 -0.472091 0.648471 -0.761143 0.012114 210 30 129
-0.197183 0.138018 -0.595579 0.049489 -0.542331 0.838706 133 58 234
-0.060323 -0.055888 0.704248 0.655703 0.593164 -0.467130 211 203 67
-0.265617 0.069887 -0.509213 0.629548 -0.699376 -0.338441 207 38 84
-0.308866 0.224317 0.551878 0.671897 -0.740634 0.003998 213 33 128
0.030457 -0.011280 -0.093195 0.796847 0.006495 -0.604146 229 128 50
-0.376788 -0.062927 -0.586541 0.838073 0.528785 0.134237 234 194 144
0.100307 -0.200234 -0.664939 0.325114 0.941633 -0.087335 168 247 116
-0.073225 -0.272030 0.731437 -0.347029 0.904802 -0.246789 83 242 96
0.315110 0.146637 -0.049845 -0.574266 -0.286822 0.766780 54 90 225
-0.231923 -0.034802 -0.657794 -0.733778 0.436913 0.520266 33 183 193
0.503996 -0.190924 -0.624540 -0.637145 0.728841 0.250675 46 220 159
-0.460757 -0.033515 -0.704191 0.972164 -0.105961 -0.208972 251 113 100
0.500741 -0.183227 0.282026 -0.656686 0.498375 -0.566026 43 191 55
0.162085 0.212436 -0.494666 0.525263 -0.687000 -0.502126 194 39 63
-0.031172 -0.234577 -0.609389 -0.179112 0.983445 -0.027458 104 252 123
0.121122 -0.008845 -0.034360 -0.782278 -0.622818 0.011794 27 48 129
-0.145127 0.275349 0.811994 0.269335 -0.884785 -0.380282 161 14 79
0.438118 0.144029 -0.586222 0.381401 -0.783394 0.490742 176 27 190
-0.285160 0.035782 0.793684 0.922696 -0.324790 0.207711 245 86 153
0.082718 0.257603 0.449935 -0.263499 -0.961308 -0.080347 93 4 117
-0.335618 0.139993 -0.509266 -0.064764 -0.532802 -0.843758 119 59 19
0.149753 -0.206760 0.799806 -0.576592 0.709401 0.405330 53 217 179
0.017031 0.034874 -0.217187 0.974623 -0.089145 0.205339 251 116 153
-0.057224 0.078332 0.853866 -0.840885 -0.303334 -0.448220 20 88 70
-0.181102 -0.097360 0.708063 0.533172 0.577884 0.617882 195 201 206
0.028186 0.138847 -0.245869 -0.625603 -0.459938 0.630141 47 68 207
-0.125663 0.229443 0.943510 0.493745 -0.403742 -0.770200 190 76 29
-0.472507 -0.199853 -0.565347 0.666624 0.745008 -0.023995 212 222 124
0.029467 0.102931 0.811706 -0.922137 -0.381425 -0.064638 9 78 119
0.105616 -0.141115 0.756810 0.504049 0.607604 -0.613801 191 204 49
0.093923 -0.212443 -0.104341 -0.675605 0.538048 -0.504046 41 196 63
-0.173953 0.088532 -0.445334 0.971094 -0.091888 0.220301 251 115 155
0.496345 0.194552 -0.657319 -0.445221 -0.711651 0.543444 70 36 196
-0.167403 0.120804 -0.875220 0.246680 -0.355896 0.901380 158 82 242
-0.112602 0.091618 -0.560910 0.489647 -0.438776 -0.753473 189 71 31
-0.017001 -0.035770 0.167639 0.976112 -0.111632 0.186397 251 113 151
0.458781 0.098186 -0.432289 -0.637053 -0.421117 -0.645619 46 73 45
0.090647 0.089081 0.782777 -0.815837 -0.557670 0.153017 23 56 147
0.019008 0.222956 0.049373 -0.373322 -0.896043 -0.240284 79 13 96
-0.400120 0.072822 -0.624362 0.601375 -0.734661 0.314040 204 33 167
0.269591 -0.004427 0.390874 0.133571 -0.149862 -0.979643 144 108 2
-0.018222 0.142560 -0.407314 0.421842 -0.905616 0.043696 181 12 133
-0.337232 0.315722 -0.772829 -0.184995 -0.736875 0.650225 103 33 210
0.253017 -0.196105 -0.141353 0.022662 0.909791 -0.414447 130 243 74
0.369027 0.196314 0.188241 -0.504936 -0.555013 -0.661060 63 56 43
-0.076603 -0.201290 -0.491115 0.388285 0.866148 -0.314678 177 237 87
0.171228 0.183485 0.615774 0.201874 -0.763391 -0.613580 153 30 49
-0.068626 -0.209975 -0.297308 -0.555281 0.726603 -0.404611 56 220 75
0.346833 0.047633 0.261122 -0.915257 -0.293239 0.276253 10 90 162
-0.421296 0.215912 -0.545331 0.772607 -0.607441 0.184645 226 50 151
0.199493 0.020584 -0.152969 -0.973790 -0.221980 -0.049572 3 99 121
-0.256525 -0.021627 -0.307848 0.980343 -0.190281 -0.052162 252 103 120
0.422534 0.033386 0.009549 -0.973538 0.161062 -0.162121 3 148 106
-0.400110 0.034660 -0.503531 0.996654 0.027745 0.076888 254 131 137
-0.286829 -0.095971 -0.380752 0.211784 0.458369 -0.863160 154 185 17
-0.416319 0.234305 -0.564358 0.521371 -0.552148 -0.650619 193 57 44
0.673761 -0.123209 -0.544536 -0.571461 0.739208 -0.356376 54 221 82
-0.148193 0.092830 -0.564030 -0.646807 -0.101704 0.755842 45 114 223
0.032271 -0.043451 0.838285 0.298482 0.216244 -0.929595 165 155 8
0.317047 -0.079137 0.498188 -0.921657 0.276404 0.272305 9 162 162
-0.604817 0.058374 0.251441 0.721332 -0.283740 0.631801 219 91 208
-0.626864 0.011901 -0.753265 0.589709 -0.025108 0.807225 202 124 230
-0.225498 -0.029058 0.718049 -0.789172 -0.508414 -0.344563 26 62 83
0.047316 0.098928 0.871712 0.322882 -0.560236 -0.762812 168 56 30
-0.247136 -0.127845 -0.576203 0.565599 0.667784 -0.483903 199 212 65
0.252007 0.155830 0.676139 -0.337985 -0.395226 -0.854144 84 77 18
-0.253374 -0.189093 -0.567067 -0.618351 0.655272 -0.433891 48 211 72
0.148490 -0.069949 -0.622693 0.179113 0.218151 -0.959338 150 155 5
0.192933 -0.209235 0.062724 -0.162803 0.784643 0.598189 106 227 203
0.157714 0.013610 0.728236 -0.516158 0.062211 -0.854231 61 135 18
-0.110728 -0.018992 0.744299 -0.690152 0.237904 0.683441 39 157 214
0.093924 0.025397 0.907394 0.234176 -0.023566 -0.971908 157 124 3
0.238108 -0.029377 0.455638 -0.419001 -0.185328 0.888871 74 103 240
-0.549356 -0.038848 -0.772966 0.528495 0.047443 0.847610 194 133 235
0.217117 0.084454 -0.361650 -0.286235 -0.180656 0.940974 91 104 247
0.174124 0.046373 0.109348 -0.803710 -0.323939 -0.499113 25 86 63
0.028636 -0.004722 0.062201 0.572177 0.026479 0.819703 200 130 232
-0.319716 -0.011050 -0.463563 0.975656 0.219178 -0.007505 251 155 126
0.337103 0.009909 0.587242 -0.993857 -0.047577 0.099921 0 121 140
-0.180915 0.046412 0.621240 0.225894 -0.068069 0.971771 156 118 251
0.678805 -0.167378 -0.436745 -0.220029 0.892473 0.393801 99 241 177
0.118753 0.005167 -0.035088 0.123920 0.102533 -0.986981 143 140 1
0.324917 0.016464 0.073384 -0.673798 0.126027 0.728088 41 143 220
0.341752 0.169877 0.022805 -0.638664 -0.756621 -0.140118 46 31 109
-0.543892 0.183857 -0.836644 0.533497 -0.416780 0.735986 195 74 221
0.341924 -0.030062 -0.565022 0.686922 0.552784 -0.471771 215 197 67
-0.051277 0.122890 0.894867 0.258538 -0.520462 -0.813805 160 61 23
0.192061 0.147193 0.914241 -0.458147 -0.739929 -0.492551 69 33 64
-0.483548 -0.015187 -0.641333 0.864903 -0.083759 0.494902 237 116 190
-0.049896 0.324988 -0.613254 -0.406482 -0.892830 0.193974 75 13 152
0.754695 -0.032679 -0.683249 -0.121932 -0.022810 0.992276 111 124 254
0.429059 0.083233 0.726707 -0.968460 -0.058715 0.242151 4 120 158
0.230311 -0.259664 0.342400 -0.529554 0.781632 0.329581 59 227 169
-0.024668 0.207177 -0.686770 -0.545790 -0.662921 0.512493 57 42 192
0.056338 -0.117417 -0.593071 0.068815 0.673647 -0.735842 136 213 33
0.683638 0.063755 -0.562262 -0.440884 -0.226863 0.868420 71 98 238
0.544110 0.006978 -0.617085 -0.216314 -0.119768 0.968950 99 112 251
-0.331757 -0.201305 0.578443 0.266169 0.873381 0.407872 161 238 179
-0.122976 -0.020277 0.597753 0.971450 -0.044442 -0.233044 251 121 97
-0.496723 0.076019 -0.581017 0.957396 -0.257127 0.131449 249 94 144
0.685315 0.064663 -0.495709 -0.119232 -0.248107 -0.961367 112 95 4
0.379240 -0.087512 -0.600801 0.198068 0.426924 -0.882329 152 181 15
-0.282298 -0.103567 -0.553639 -0.646863 0.493615 0.581303 45 190 201
-0.349185 -0.086381 0.727566 0.873787 0.449627 -0.185289 238 184 103
0.251095 0.226174 0.582176 -0.551473 -0.713320 0.432495 57 36 182
0.176370 0.081823 0.605440 -0.733331 -0.252879 0.631093 34 95 207
-0.299541 0.108419 -0.333904 0.252593 -0.639008 -0.726544 159 46 34
0.200887 -0.154370 -0.023683 -0.203990 0.531435 -0.822171 101 195 22
0.344548 -0.311264 -0.309626 -0.101330 0.949100 -0.298230 114 248 89
-0.264580 -0.083199 -0.639024 0.478711 0.441818 -0.758705 188 183 30
-0.000628 0.201396 -0.697982 -0.309880 -0.508099 0.803622 87 62 229
0.002928 0.003611 0.873004 0.335754 0.288376 -0.896721 170 164 13
-0.086240 -0.267152 -0.462880 0.322872 0.719902 0.614406 168 219 205
0.419751 0.248847 -0.433981 0.206207 -0.789083 -0.578642 153 26 53
0.170782 0.233923 0.695112 -0.575069 -0.683193 0.450047 54 40 184
0.308696 -0.247111 0.657613 -0.538265 0.616550 -0.574576 58 206 54
0.108604 -0.096756 -0.557923 0.793104 0.249613 -0.555589 228 159 56
-0.233950 -0.034228 0.807820 0.864363 0.492061 -0.103690 237 190 114
-0.429511 0.104647 -0.639210 0.212054 -0.412513 0.885927 154 74 240
0.183176 0.079176 0.890856 -0.603700 0.014986 -0.797071 50 129 25
0.026830 0.093125 0.624743 -0.568783 -0.735793 0.367552 54 33 174
-0.124254 0.093776 0.602892 0.937958 -0.206781 -0.278347 247 101 92
-0.187927 0.022160 -0.736533 -0.188944 -0.203799 0.960607 103 101 249
-0.007016 -0.021981 -0.122009 0.286108 -0.426097 -0.858244 163 73 18
0.165868 0.236822 0.150988 -0.473225 -0.833135 -0.286258 67 21 91
-0.040906 -0.142983 0.534730 0.422954 0.369991 0.827174 181 174 232
-0.133728 0.234287 -0.449263 0.190440 -0.959361 0.208229 151 5 154
0.163008 -0.085131 0.776647 0.432108 0.411442 -0.802495 182 179 25
0.019799 -0.038815 0.504561 0.323039 0.289501 0.901019 168 164 242
0.048424 -0.283604 0.749113 0.209698 0.955746 -0.206343 154 249 101
-0.043095 -0.105988 0.464861 0.471812 0.261038 0.842171 187 160 234
-0.333152 0.029734 -0.586851 -0.053784 -0.027288 -0.998180 120 124 0
-0.248157 -0.068477 -0.353955 0.519621 0.732610 0.439633 193 220 183
-0.540458 0.279813 -0.554970 0.487571 -0.839963 0.238195 189 20 157
-0.023338 0.044757 0.822611 -0.789294 -0.547885 0.277195 26 57 162
-0.002087 -0.098670 -0.530744 0.108016 0.210553 -0.971597 141 154 3
0.528084 0.056416 -0.570467 -0.549187 -0.220347 -0.806127 57 99 24
0.170612 0.142713 0.919308 -0.688073 -0.598899 -0.409727 39 51 75
0.630882 -0.122031 -0.011216 -0.171128 0.330717 -0.928085 105 169 9
-0.059025 0.127737 0.845674 0.309607 -0.819816 -0.481711 166 22 66
0.045158 -0.177316 0.565224 -0.338757 0.913414 -0.225650 84 243 98
0.249209 0.091149 0.743838 -0.411940 -0.612580 -0.674575 74 49 41
-0.432462 -0.258815 -0.523425 0.361065 0.875059 -0.322340 173 239 86
0.045434 -0.020131 -0.735617 0.877427 0.312373 -0.364066 239 167 81
-0.192686 0.022026 0.757321 0.972304 -0.002536 0.233705 251 127 157
-0.172443 -0.135191 0.475793 0.769398 0.634580 0.073041 225 208 136
-0.270113 -0.068510 0.801558 0.452657 0.363307 -0.814315 185 173 23
0.633755 0.276944 -0.543146 0.124458 -0.914853 -0.384129 143 10 78
0.865087 0.123895 -0.680380 -0.434829 -0.353300 0.828313 72 82 233
-0.299334 -0.156961 0.778176 0.471299 0.371872 -0.799743 187 174 25
0.144663 0.037969 0.740837 -0.355415 0.021729 -0.934456 82 130 8
-0.006867 0.251990 -0.198284 0.311870 -0.762529 0.566822 167 30 199
0.233636 0.052659 0.620124 -0.412161 -0.739110 -0.532766 74 33 59
0.268397 0.070632 0.376179 -0.617112 -0.322290 -0.717845 48 86 35
0.067813 0.151834 -0.112373 0.107467 -0.601620 0.791520 141 50 228
0.449140 0.005879 -0.734910 -0.552205 -0.085284 0.829335 57 116 233
-0.049882 0.015659 0.796537 0.819460 0.115299 -0.561419 231 142 55
-0.167924 -0.128783 -0.285563 0.186337 0.519493 -0.833910 151 193 21
0.214160 -0.166791 0.691973 -0.449282 0.850474 -0.273570 70 235 92
0.221248 -0.145961 0.106468 0.408787 0.367838 -0.835217 179 174 21
-0.333768 0.059384 -0.511998 0.047207 -0.190777 0.980498 133 103 252
0.325573 0.074135 -0.578782 -0.019381 -0.603876 0.796842 125 50 229
-0.010578 0.085704 0.873519 0.566460 -0.475127 -0.673333 199 66 41
0.520651 -0.230755 -0.637405 -0.671054 0.733992 0.104609 41 221 140
0.109383 0.201697 0.711015 -0.134603 -0.661776 0.737519 110 43 221
-0.149199 0.179973 -0.531138 -0.839495 -0.473403 0.266717 20 67 161
-0.063266 0.084188 -0.334916 -0.158883 -0.070396 0.984785 107 118 253
-0.412614 0.128837 -0.476167 -0.400736 -0.840971 -0.363564 76 20 81
0.013508 -0.283065 -0.240501 -0.198029 0.789659 0.580710 102 228 201
0.273465 0.047882 0.066440 0.832125 0.069678 0.550194 233 136 197
0.272028 -0.149268 0.410194 -0.751545 0.606628 0.259195 31 204 160
0.211557 -0.003692 0.496521 -0.454418 -0.156871 0.876867 69 107 239
0.044105 0.209718 -0.664342 -0.154019 -0.729357 0.666571 107 34 212
0.318540 -0.143793 -0.337367 0.349788 0.331485 0.876223 172 169 239
-0.047278 -0.198132 0.754698 0.672850 0.662526 0.329139 213 211 169
0.051567 -0.159898 0.035874 0.615733 0.388665 -0.685429 206 177 40
0.502043 -0.220092 -0.485877 0.397962 0.436681 -0.806806 178 183 24
0.141683 0.113346 0.806167 -0.886449 -0.287819 0.362448 14 90 173
-0.594352 0.048055 -0.599483 0.553288 -0.241673 -0.797162 198 96 25
-0.064901 -0.075341 0.677392 0.811827 0.547201 0.203737 231 197 153
0.139440 -0.035983 0.443460 0.206763 0.134013 -0.969169 153 144 3
0.109773 0.214492 -0.328816 -0.585302 -0.313901 0.747588 52 87 222
-0.001002 -0.029721 0.011628 0.968345 -0.116957 0.220518 250 112 155
-0.015076 -0.285336 0.373992 0.638983 0.733629 -0.231279 208 221 98
-0.121188 0.092911 0.784772 -0.606908 -0.645820 -0.463227 50 45 68
0.089478 -0.118044 0.623442 0.662412 0.749115 -0.006021 211 223 126
0.837467 0.014577 -0.472880 -0.982655 -0.176953 -0.055462 2 104 120
-0.067561 0.283403 -0.079240 0.006099 -0.633334 -0.773854 128 46 28
0.163936 0.158179 0.131714 -0.090131 -0.510991 0.854848 116 62 236
0.540803 -0.123374 -0.482672 0.368491 0.694241 -0.618259 174 216 48
0.520609 0.365236 0.051030 -0.231500 -0.924727 -0.302138 97 9 88
0.564565 0.004122 -0.682832 0.272135 0.073792 0.959426 162 136 249
0.056592 -0.046344 0.887111 0.379626 0.180161 -0.907428 175 150 11
-0.481777 -0.162514 -0.604678 0.739102 0.662001 -0.124432 221 211 111
-0.228397 0.122883 -0.649306 -0.594893 -0.221337 0.772731 51 99 226
0.201809 0.181203 0.601393 -0.559826 -0.617638 0.552375 56 48 197
0.009170 0.031612 0.701867 0.934103 -0.093455 -0.344554 246 115 83
-0.324552 -0.112407 -0.559830 0.115582 0.671953 -0.731519 142 213 34
0.102877 -0.019629 -0.569177 0.423767 0.421660 0.801639 181 181 229
-0.296552 -0.133500 -0.617582 -0.616671 0.777825 -0.121265 48 226 112
0.022953 0.016176 0.830683 -0.895964 -0.083130 0.436278 13 116 183
0.067011 -0.017515 0.700166 -0.636181 0.770997 -0.028934 46 225 123
0.121057 0.064091 0.661364 0.490698 -0.832064 -0.258622 190 21 94
0.111121 0.069870 -0.078960 -0.546837 -0.710149 0.443461 57 36 184
0.069900 0.067787 0.059507 0.086998 -0.100065 0.991170 138 114 253
0.032838 0.029057 0.689897 -0.554277 -0.094534 0.826946 56 115 232
0.647663 0.054575 -0.238880 -0.828233 -0.414843 -0.376743 21 74 79
-0.193127 0.267132 -0.699775 -0.487522 -0.757537 0.434120 65 30 182
-0.053429 -0.077403 -0.224297 0.043834 0.492028 0.869475 133 190 238
0.115184 -0.128403 -0.678548 0.770674 0.454672 -0.446470 225 185 70
0.158806 0.107228 0.326387 0.412260 -0.715136 -0.564466 180 36 55
0.046120 -0.255538 0.111948 0.150314 0.985859 0.074073 146 253 136
-0.159172 -0.138213 -0.357518 -0.296348 0.948376 0.112967 89 248 141
0.615349 0.148797 -0.568883 -0.257957 -0.927615 -0.270163 94 9 93
0.049466 -0.301435 -0.298952 0.020560 0.973618 0.227256 130 251 156
0.029201 0.053462 -0.117673 -0.009488 0.013201 -0.999868 126 129 0
0.369287 0.050161 0.455367 -0.823661 -0.076797 0.561858 22 117 199
-0.342284 -0.199431 -0.650966 0.603545 0.736770 -0.304801 204 221 88
-0.120698 0.290139 -0.184879 0.200592 -0.847066 0.492181 153 19 190
-0.508552 -0.056514 -0.740596 -0.072707 0.110518 0.991211 118 141 253
-0.142434 0.082115 -0.167920 0.615083 -0.000232 -0.788463 205 127 26
0.010443 0.171493 0.574103 0.448101 -0.883696 0.135232 184 14 144
0.687775 0.219184 -0.654280 -0.316651 -0.948540 0.002021 87 6 127
-0.033561 0.036665 -0.404010 0.790155 -0.112319 -0.602528 228 113 50
-0.032451 -0.036536 0.141914 0.869777 0.020053 -0.493038 238 130 64
-0.263833 -0.091867 -0.271259 0.537105 0.076527 -0.840037 195 137 20
0.476191 0.304412 -0.484716 0.176640 -0.863579 -0.472260 150 17 67
0.264675 0.081966 0.253457 -0.220513 -0.608638 -0.762190 99 49 30
-0.481740 0.061951 -0.559265 0.864847 -0.352167 -0.357797 237 82 81
-0.328439 -0.152136 -0.558981 0.844655 0.463925 -0.267079 235 186 93
-0.063546 -0.024026 0.877104 0.689098 -0.120787 -0.714531 215 112 36
-0.217337 -0.174635 -0.234222 0.614643 0.603617 -0.507800 205 204 62
-0.578628 -0.085882 -0.582372 0.955208 0.212769 -0.205686 249 154 101
0.409646 0.177141 -0.056340 -0.819131 -0.573551 0.008030 23 54 128
0.127774 0.213658 0.414962 0.616463 -0.522642 -0.588914 206 60 52
0.203873 0.201007 0.093535 -0.726835 -0.657138 -0.199700 34 43 102
0.165655 0.158430 -0.732904 0.803689 -0.586205 -0.102208 229 52 114
0.157170 -0.123094 0.828068 -0.756864 0.616997 0.215573 30 206 154
0.544770 -0.412301 0.041968 -0.450282 0.874281 -0.181327 70 238 104
0.121329 -0.133013 0.774108 0.086108 0.405270 -0.910133 138 179 11
0.033845 0.016207 0.648684 0.620748 -0.088840 -0.778960 206 116 28
-0.296634 0.316550 -0.469648 0.547252 -0.800495 -0.244382 197 25 96
-0.119269 0.140665 0.504536 -0.145747 -0.979747 0.137309 108 2 145
0.295602 0.243424 0.841393 0.146766 -0.432506 -0.889606 146 72 14
0.157198 -0.054686 0.065517 -0.014814 0.148062 -0.988867 125 146 1
-0.235077 -0.325169 -0.716956 0.022826 0.924391 0.380762 130 245 176
-0.211027 0.004229 -0.581426 0.239639 -0.541697 0.805691 158 58 230
0.128749 -0.106738 0.216250 0.876499 0.480526 -0.029061 239 188 123
0.126699 -0.083122 0.280030 0.570255 0.116944 0.813101 200 142 231
-0.147159 0.198742 -0.504889 0.102873 -0.907092 0.408168 140 11 179
0.299459 0.249895 -0.505713 -0.789365 -0.592023 0.162516 26 52 148
0.073075 0.174769 0.810923 0.541542 -0.824857 -0.162306 196 22 106
0.044238 -0.319667 0.479643 -0.104019 0.980356 -0.167579 114 252 106
0.009494 0.062797 0.694345 0.917510 -0.297088 0.264412 244 89 161
0.035886 -0.154320 0.837778 -0.239233 0.682168 0.690951 96 214 215
-0.338306 0.037317 -0.666493 0.651270 -0.393561 -0.648812 210 77 44
-0.231526 0.060660 -0.254845 0.866422 -0.386789 -0.315765 237 78 87
0.202966 0.213910 0.910837 -0.835274 -0.484435 -0.260076 21 65 94
-0.260180 0.024235 0.782598 0.791723 -0.576524 -0.201980 228 53 101
-0.226320 0.177262 -0.634851 0.414650 -0.822813 0.388644 180 22 177
-0.115194 -0.005402 0.905915 0.716311 0.489530 -0.497252 218 189 64
-0.433421 0.149245 0.762450 0.855154 -0.171932 -0.489031 236 105 65
0.009333 0.260159 0.825264 0.347068 -0.923262 -0.164715 171 9 106
-0.225038 0.021106 -0.599468 -0.867931 -0.476183 0.141227 16 66 145
-0.055527 -0.093017 -0.573506 0.764345 0.611893 -0.203381 224 205 101
0.286854 -0.218993 -0.606333 0.094563 0.945033 0.313002 139 247 167
0.168147 -0.353216 0.311149 0.037045 0.881091 -0.471493 132 239 67
0.171774 -0.024933 0.477314 -0.130807 0.217836 -0.967180 110 155 4
-0.021975 -0.084231 -0.660012 0.621099 0.313728 0.718200 206 167 219
0.151171 -0.165376 0.080852 -0.428888 0.508885 0.746385 72 192 222
0.279497 -0.172964 0.618151 -0.188213 0.962676 -0.194500 103 250 102
0.529979 0.045321 -0.278769 0.019107 -0.000269 -0.999817 129 127 0
-0.344304 -0.005287 -0.742723 0.222801 -0.322282 0.920051 155 86 244
-0.019821 -0.310469 0.821385 -0.059867 0.978237 0.198667 119 252 152
0.417478 -0.082350 -0.554674 -0.553228 0.008822 0.832983 56 128 233
0.431280 0.090574 0.250819 -0.893730 -0.447162 -0.035945 13 70 122
0.293973 -0.079841 0.750911 -0.672879 0.482045 0.561130 41 188 199
-0.130217 0.248152 -0.566496 -0.169616 -0.607213 0.776224 105 50 226
0.475099 -0.125816 -0.504653 -0.059141 0.847493 -0.527501 119 235 60
-0.226484 0.146402 -0.877654 0.040895 -0.187664 0.981382 132 103 252
0.010659 0.167094 -0.607594 -0.037852 -0.576175 0.816449 122 54 231
-0.444401 0.067124 -0.603199 0.152538 -0.914868 -0.373830 146 10 79
0.034618 -0.049349 0.836912 -0.727732 0.646077 -0.230198 34 209 98
0.030322 0.185525 0.913025 -0.171029 -0.963260 -0.207075 105 4 101
0.133639 -0.093723 0.756869 -0.913720 0.107117 0.391971 11 141 177
-0.209707 -0.046805 0.759529 0.789487 0.229292 -0.569329 228 156 54
0.413008 -0.096003 -0.629456 -0.678243 0.654869 0.333366 41 210 170
-0.462060 0.176949 -0.662427 0.532839 -0.711278 0.458438 195 36 185
-0.412600 0.172195 0.536596 0.714046 -0.511703 -0.477806 218 62 66
0.255035 -0.183713 0.666175 -0.590460 0.740907 -0.320021 52 221 86
0.744566 0.155096 -0.635240 -0.765826 -0.526024 0.369877 29 60 174
-0.040873 -0.178414 0.905460 0.421103 0.538455 -0.729889 181 196 34
0.582149 0.115290 -0.545644 0.184273 -0.957328 -0.222638 150 5 99
0.148977 -0.098961 0.321424 0.656062 0.720973 0.223113 211 219 155
0.176174 -0.033523 0.928308 -0.738644 0.128548 -0.661726 33 143 43
-0.326139 0.169458 0.506744 0.861536 -0.507609 0.009414 237 62 128
-0.327032 0.182172 0.255585 -0.027354 -0.934593 -0.354665 124 8 82
0.239217 -0.100309 0.718655 -0.237900 0.436813 -0.867524 97 183 16
-0.015831 -0.241948 0.809427 0.164061 0.842890 -0.512465 148 234 62
0.213794 -0.233160 -0.708615 -0.087933 0.889786 0.447826 116 240 184
0.667699 -0.130765 -0.414959 -0.335672 0.553392 -0.762287 84 198 30
0.133123 0.204526 0.201525 -0.125570 -0.676378 -0.725772 111 41 34
-0.456178 0.067392 -0.588529 -0.240162 -0.350655 -0.905187 96 82 12
0.422753 0.144091 -0.056494 -0.905574 -0.407390 0.118190 12 75 142
0.091437 0.048006 -0.127695 -0.705326 -0.068980 0.705519 37 118 217
0.475453 0.391781 0.029830 -0.112140 -0.834341 -0.539721 113 21 58
0.092007 0.153200 0.636817 0.244427 -0.684426 0.686889 158 40 215
-0.167077 -0.341490 -0.651694 -0.143208 0.949612 0.278799 109 248 163
0.126888 -0.031377 0.641222 -0.659632 0.088636 0.746344 43 138 222
-0.040353 -0.031827 0.196796 -0.660114 0.001055 0.751165 43 127 223
-0.401571 -0.076682 -0.642332 0.920916 0.373920 -0.109991 244 175 113
-0.067670 -0.061289 0.494334 -0.822700 0.302229 0.481479 22 166 188
0.079730 -0.012531 0.028352 0.900894 -0.195925 0.387303 242 102 176
-0.586492 -0.109253 -0.705843 0.280966 0.878787 0.385736 163 239 176
0.181899 0.027811 -0.093436 0.471212 -0.068392 0.879364 187 118 239
0.428081 -0.068155 0.320892 -0.739309 0.157490 0.654691 33 147 210
-0.436918 0.020047 -0.390102 0.758196 0.083444 0.646665 224 138 209
-0.225386 -0.002772 0.625323 -0.029345 0.129798 0.991106 123 144 253
-0.078405 -0.078075 0.805300 -0.127196 0.212251 0.968902 111 154 251
0.187696 0.143167 -0.543011 0.345706 -0.804299 -0.483311 171 24 65
-0.139453 -0.011471 -0.307283 0.486029 0.866762 0.111797 189 238 141
-0.474511 -0.216106 -0.640525 0.765241 0.643615 0.012856 225 209 129
0.600289 0.071450 -0.466922 -0.583201 -0.154857 -0.797431 53 107 25
-0.149674 0.051209 -0.625860 0.945736 -0.277730 -0.168668 248 92 105
0.076661 -0.120960 0.409936 -0.795147 0.605429 -0.034588 26 204 123
0.499573 -0.210350 -0.589862 -0.294085 0.592077 0.750306 90 202 223
-0.008283 0.085851 0.797494 -0.484495 -0.483333 0.729146 65 65 220
0.278250 0.240217 0.699487 -0.314274 -0.919327 -0.236792 87 10 97
0.057711 -0.143117 -0.007785 0.190434 0.648561 0.736956 151 210 221
0.407894 0.155361 -0.618104 0.094011 -0.874346 0.476111 139 16 188
-0.386167 0.070208 -0.307873 0.798257 -0.166375 -0.578883 229 106 53
0.291217 0.092203 0.070634 -0.760576 -0.179898 -0.623828 30 104 47
0.078524 -0.218261 0.361166 -0.039471 0.929726 0.366131 122 246 174
0.112478 -0.185306 0.807502 -0.699033 0.643012 0.312870 38 209 167
-0.497153 -0.212201 -0.608922 0.289844 0.894726 -0.339788 164 241 84
0.006706 -0.031376 -0.569326 0.093613 -0.119368 0.988427 139 112 253
0.129422 -0.181109 -0.241409 -0.142952 0.953554 0.265140 109 249 161
-0.078335 0.061596 0.078843 0.612354 -0.124155 -0.780774 205 111 27
0.185494 -0.138123 -0.356404 0.639616 0.355858 -0.681364 209 172 40
0.111342 0.224788 -0.859283 -0.189784 -0.416836 0.888949 103 74 240
-0.354673 0.210104 -0.676073 0.376328 -0.926363 -0.015112 175 9 125
-0.332697 0.102556 -0.482561 -0.548746 -0.498398 0.671175 57 63 213
0.721213 -0.148796 -0.560802 -0.644535 0.658076 0.389243 45 211 177
0.127802 -0.191568 0.447360 0.605940 0.771395 -0.194387 204 225 102
-0.073474 -0.220490 -0.621901 -0.149740 0.972773 0.176892 108 251 150
-0.540211 -0.071635 -0.636082 0.773023 0.297186 0.560460 226 165 198
0.083234 0.155456 0.914611 -0.426833 -0.677981 -0.598462 73 41 51
-0.019782 -0.098047 -0.021620 0.496730 0.155392 -0.853881 190 147 18
0.285711 0.079318 -0.644478 0.473515 -0.766308 0.434230 187 29 182
0.020220 -0.204930 0.803639 -0.184694 0.812084 -0.553541 103 231 56
-0.344676 0.083654 -0.391120 0.534214 -0.198820 -0.821636 195 102 22
-0.364789 -0.011686 -0.591803 0.330086 -0.337985 0.881368 169 84 239
0.053855 0.175740 0.144232 0.199410 -0.971351 -0.129281 152 3 111
0.261797 -0.225788 -0.672483 -0.130344 0.991407 0.011055 110 253 128
-0.193507 0.087537 -0.340101 0.888492 -0.358613 -0.286319 240 81 90
-0.128974 -0.119458 0.843991 0.253950 0.424544 -0.869064 159 181 16
-0.136000 0.063861 0.828246 0.917523 -0.321144 -0.234560 244 86 97
-0.058635 0.198918 -0.193184 0.542424 -0.765822 0.345390 196 29 171
0.227969 -0.177166 0.712194 -0.822546 0.568561 -0.012521 22 199 125
0.136966 -0.182236 0.199204 -0.053726 0.577486 -0.814631 120 201 23
0.279251 -0.077344 0.327085 -0.472076 0.226435 0.851981 67 156 236
0.033355 -0.377414 0.565770 -0.236715 0.968849 0.072787 97 251 136
0.064253 -0.298176 0.786766 -0.289268 0.817163 0.498567 90 231 191
-0.086155 0.229262 -0.164704 0.292013 -0.952629 -0.085010 164 6 116
0.090679 -0.176162 0.830476 0.467631 0.705097 -0.533067 187 217 59
0.115423 -0.083779 0.665248 0.158167 0.177476 -0.971332 147 150 3
0.049162 0.270552 0.666298 0.383934 -0.905064 0.182906 176 12 150
0.515150 -0.168703 -0.056238 -0.917513 0.298207 0.263139 10 165 161
-0.168082 0.129631 -0.786089 -0.344905 -0.393117 0.852349 83 77 236
0.273339 -0.160261 -0.547456 0.147139 0.814331 0.561440 146 231 199
0.642173 0.103481 -0.600899 -0.080690 -0.794509 -0.601868 117 26 50
-0.076901 -0.139474 0.279233 0.522451 0.217906 -0.824355 194 155 22
0.008897 -0.086224 -0.619493 0.694163 0.161014 0.701578 216 148 216
-0.429770 -0.316758 -0.603303 0.382411 0.918502 -0.100576 176 244 114
-0.115773 0.102915 -0.412628 -0.528672 -0.823364 -0.206343 60 22 101
-0.052063 -0.144922 0.134758 0.553752 0.281928 -0.783502 198 163 27
0.331862 -0.329947 -0.736247 0.253110 0.833967 0.490341 159 233 190
0.245040 -0.141938 -0.629663 0.304188 0.942399 -0.139116 166 247 109
-0.533377 0.118458 -0.611277 0.225004 -0.855961 0.465516 156 18 186
-0.015336 0.017384 0.173503 0.554354 -0.754927 0.350396 198 31 172
0.268309 0.014308 0.719228 -0.963038 0.065383 -0.261309 4 135 94
0.189710 -0.242666 0.291788 0.024899 0.923500 -0.382790 130 245 78
-0.548757 -0.083210 -0.755002 0.226608 0.283177 0.931912 156 163 246
-0.569222 -0.003007 -0.657695 0.970939 0.025479 -0.237968 251 130 97
0.004790 -0.327458 0.145765 0.390236 0.892151 0.227558 177 241 156
0.156620 0.325498 -0.785644 0.331242 -0.774324 0.539168 169 28 196
-0.307569 0.041343 -0.714614 0.795393 -0.069770 -0.602064 228 118 50
0.181896 0.177549 0.430605 -0.103190 -0.911115 0.399025 114 11 178
-0.060894 0.058827 0.789589 -0.296877 -0.284996 0.911395 89 91 243
0.146862 -0.038712 0.046801 -0.430546 0.902040 0.030895 72 242 131
-0.045795 0.052029 0.544934 0.282786 -0.154138 0.946717 163 107 248
-0.246079 0.160130 0.771034 -0.709849 -0.704328 -0.006015 36 37 126
-0.249135 -0.099311 -0.612135 -0.360304 0.304691 0.881671 81 166 239
-0.265864 -0.325736 -0.290369 0.614646 0.733771 -0.289465 205 221 90
-0.534258 -0.061943 -0.636306 0.910172 0.111398 -0.398970 243 141 76
0.430119 0.143964 0.336069 -0.658773 -0.353927 -0.663893 43 82 42
0.680104 0.258103 -0.483374 -0.287481 -0.957694 -0.013305 90 5 125
-0.452077 0.133703 -0.560367 0.418216 -0.166900 -0.892883 180 106 13
-0.021433 0.077046 -0.410235 0.526586 -0.565660 -0.634615 194 55 46
0.567923 0.019400 -0.337407 -0.688086 0.000932 0.725629 39 127 220
-0.082969 0.042976 -0.394067 0.773548 -0.439492 -0.456585 226 71 69
0.269029 -0.217224 0.085296 0.419145 0.787604 0.451661 180 227 185
0.123645 -0.221750 -0.765977 -0.273301 0.827924 0.489744 92 233 189
0.002362 0.039071 -0.626676 0.893649 -0.283715 -0.347703 241 91 83
0.221668 -0.195034 0.175705 -0.207522 0.560689 -0.801600 101 198 25
-0.328808 0.173647 -0.469685 0.285850 -0.345255 -0.893918 163 83 13
-0.553253 -0.091978 -0.604336 0.946479 0.130199 -0.295341 248 144 89
-0.342090 -0.151415 -0.376660 0.381867 0.299812 -0.874237 176 165 16
-0.271543 -0.010946 0.644252 0.475670 -0.139903 0.868427 188 109 238
0.149756 -0.123139 -0.176350 -0.616093 0.505149 0.604363 48 191 204
-0.272690 0.080534 -0.333174 0.865311 -0.099156 0.491330 237 114 190
0.290182 0.073535 0.268353 -0.899307 -0.111431 0.422884 12 113 181
0.003726 0.183161 -0.613343 -0.110779 -0.718637 0.686505 113 35 215
-0.243871 0.214838 -0.556885 0.044880 -0.974928 -0.217947 133 3 99
-0.316227 0.214333 -0.368762 0.299187 -0.445748 -0.843680 165 70 19
-0.246160 0.110558 -0.584094 -0.400853 -0.900201 -0.170162 76 12 105
-0.085169 0.088415 0.828383 0.910847 -0.205608 -0.357886 243 101 81
-0.006149 0.151786 0.626265 0.527336 -0.508702 -0.680543 194 62 40
0.002176 -0.106316 0.494561 0.905717 0.335032 -0.259672 242 170 94
-0.125035 -0.048574 0.858694 0.976578 0.215166 -0.000067 252 154 127
0.401799 0.162774 -0.248891 0.424876 -0.893209 -0.147166 181 13 108
-0.070632 -0.213248 0.778550 0.209501 0.830391 -0.516295 154 233 61
0.060326 0.006742 -0.692471 0.112979 -0.168826 0.979149 141 105 252
-0.131101 0.083810 -0.334134 -0.762300 -0.503476 0.406708 30 63 179
-0.045640 0.005030 0.530114 0.803035 0.140509 -0.579130 229 145 53
0.233198 0.215342 -0.263010 -0.395387 -0.858105 0.327605 77 18 169
-0.466057 0.060530 -0.513616 0.171802 -0.193574 -0.965926 149 102 4
0.134470 -0.233806 0.718163 0.212992 0.747929 -0.628678 154 222 47
0.019471 0.144756 -0.604529 0.671046 -0.423751 0.608385 213 73 205
-0.376865 -0.115592 -0.717526 0.806628 0.241842 0.539317 230 158 196
-0.397267 0.019833 -0.695498 0.142129 0.010356 0.989794 145 128 253
-0.279020 -0.011960 0.787181 0.929100 0.367715 0.039481 245 174 132
0.686870 -0.154507 -0.497703 -0.441746 0.645131 -0.623431 71 209 48
-0.120564 -0.020903 0.780260 0.892392 -0.331363 -0.306324 241 85 88
0.264085 0.101348 -0.514864 0.625777 -0.327704 -0.707823 207 85 37
-0.145870 -0.084406 -0.122890 -0.044198 0.203800 -0.978014 121 153 2
0.230631 0.098879 0.251074 0.689390 -0.451447 0.566513 215 69 199
0.502953 -0.089836 -0.464848 -0.900911 0.284726 -0.327552 12 163 85
0.066489 -0.081281 0.392158 0.800694 0.166492 -0.575474 229 148 54
0.375717 -0.020756 -0.676851 -0.536058 0.083610 0.840031 59 138 234
0.122227 0.189963 0.769430 -0.089608 -0.881820 -0.462995 116 15 68
0.357550 -0.198216 0.278797 -0.688240 0.651540 0.319095 39 210 168
-0.068005 -0.192780 0.785991 0.520866 0.852864 -0.036351 193 236 122
-0.111804 -0.277252 -0.086093 0.163484 0.678901 -0.715797 148 214 36
-0.312743 -0.140395 -0.610818 -0.769059 0.524421 0.365419 29 194 174
0.533536 0.025448 -0.035207 -0.038736 -0.053481 -0.997817 122 120 0
-0.169034 -0.171544 0.888655 0.620548 0.624816 -0.473841 206 207 67
-0.066424 0.191447 0.735762 -0.181159 -0.980582 -0.075102 104 2 117
-0.463502 0.196667 0.487040 0.768938 -0.458486 -0.445561 225 69 70
0.108946 0.190263 0.691991 -0.341791 -0.606365 0.717984 83 50 219
0.214687 -0.122213 -0.754033 -0.695682 0.436733 0.570342 38 183 200
-0.186451 -0.060787 0.853021 0.163583 0.735552 -0.657422 148 221 43
-0.542078 0.148037 -0.548812 0.618651 -0.306583 -0.723380 206 88 35
0.309932 0.031237 0.209328 -0.765007 0.086692 0.638160 29 138 208
0.317277 -0.059970 -0.485061 -0.341920 0.097625 -0.934644 83 139 8
0.434843 -0.187370 -0.611571 -0.169140 0.871398 -0.460497 105 238 68
-0.406051 -0.181188 -0.554998 0.019609 0.973952 -0.225906 130 251 98
-0.291489 -0.117067 -0.578701 0.518855 0.607883 -0.601056 193 205 50
-0.202039 0.045107 -0.698662 -0.590413 -0.344543 0.729865 52 83 220
-0.114070 0.105336 -0.121357 0.643210 -0.443948 -0.623852 209 70 47
0.351969 0.061432 -0.339490 -0.894353 -0.252166 0.369520 13 95 174
0.475794 -0.024681 -0.467711 -0.859076 0.383498 -0.338995 17 176 84
-0.135359 0.204259 0.639180 -0.234256 -0.964423 -0.122527 97 4 111
0.184770 -0.056234 0.426207 -0.101762 0.521727 -0.847022 114 194 19
0.034403 0.123164 0.492625 0.408213 -0.407140 0.817068 179 75 231
0.132831 -0.117289 0.841396 -0.844713 0.468004 0.259677 19 187 160
0.253082 0.143562 0.819771 -0.407344 -0.432861 -0.804178 75 72 24
-0.058089 0.028510 0.699894 -0.560262 -0.304780 0.770205 56 88 225
0.532445 -0.009939 -0.686862 0.781358 0.123247 -0.611792 227 143 49
0.593682 -0.147864 -0.736390 -0.093031 0.505492 0.857801 115 191 236
0.591152 -0.048963 -0.407831 -0.845623 0.106488 -0.523051 19 141 60
0.139456 0.249263 -0.570331 0.116607 -0.759531 -0.639933 142 30 45
-0.250276 0.121266 0.715058 0.710498 -0.477995 0.516442 218 66 193
0.138156 -0.248766 -0.343882 -0.383937 0.922323 -0.043738 78 245 121
0.304781 -0.205250 0.002089 -0.317974 0.924724 -0.209233 86 245 100
0.294850 -0.063054 -0.285778 -0.957886 0.155944 -0.241115 5 147 96
0.529942 -0.093695 -0.605727 -0.679339 0.673294 0.291846 40 213 164
-0.000640 0.102669 0.805313 0.660408 -0.502464 -0.558024 211 63 56
-0.123574 0.082113 0.790611 0.223104 -0.470897 -0.853511 155 67 18
-0.421735 0.222652 -0.565835 0.168137 -0.806243 -0.567188 148 24 55
0.107469 0.072091 0.382669 0.834416 -0.412922 -0.365027 233 74 80
-0.141426 0.024281 0.853838 0.745438 -0.157576 -0.647682 222 107 44
0.077753 -0.170223 -0.587127 -0.459069 0.843527 -0.278780 68 235 91
-0.174582 0.132482 0.795043 0.331596 -0.580686 -0.743537 169 53 32
-0.484204 -0.297146 -0.617026 0.323428 0.945787 0.029691 168 248 131
0.710102 -0.125730 -0.658557 -0.671885 0.220228 0.707156 41 155 217
0.191951 0.189831 0.433138 -0.162799 -0.864229 0.476030 106 17 188
0.422123 0.008921 -0.557158 0.895295 -0.154780 -0.417720 241 107 74
0.030283 -0.143588 0.912246 -0.422633 0.834021 -0.354670 73 233 82
-0.123905 0.090417 0.060998 0.020430 -0.503616 0.863686 130 63 237
-0.483662 -0.120966 -0.650192 0.390573 0.417657 0.820375 177 180 232
-0.284680 -0.227339 -0.657498 0.621691 0.783179 -0.011456 206 227 126
-0.079837 0.028335 0.823280 0.224765 -0.719738 -0.656854 156 35 43
0.203016 0.118726 0.115217 -0.093708 -0.320657 -0.942549 115 86 7
-0.243003 0.046907 -0.410880 0.831449 0.096501 0.547157 233 139 197
0.585271 -0.220217 0.142223 -0.816076 0.425287 0.391345 23 181 177
0.065950 0.009992 0.055534 0.944118 -0.163938 -0.285947 247 106 91
-0.138589 0.089655 -0.592165 -0.661858 -0.307296 0.683749 43 88 214
-0.203287 -0.219303 -0.677266 -0.164921 0.674202 0.719898 106 213 219
0.168648 0.187362 -0.450416 -0.742280 -0.661296 -0.108202 32 43 113
0.329623 0.154562 0.615057 -0.871544 -0.471265 -0.135354 16 67 110
0.316409 0.146113 -0.719339 0.091252 -0.637980 0.764627 139 46 224
0.115158 0.078581 0.923520 -0.814438 -0.295859 -0.499157 23 89 63
0.138591 0.265431 -0.030475 -0.442371 -0.820031 0.363120 71 22 173
0.179299 -0.166389 0.819338 -0.352191 0.853558 -0.383927 82 236 78
-0.448477 -0.118635 -0.419094 0.849185 0.388295 -0.357927 235 177 81
0.685866 0.126051 -0.599999 0.275540 -0.794265 -0.541499 162 26 58
0.264106 0.045559 -0.592001 0.783590 -0.359137 -0.506959 227 81 62
0.163019 -0.025545 0.077253 -0.714946 0.127729 -0.687414 36 143 39
-0.593507 -0.077372 -0.637637 0.916191 0.267901 -0.298033 244 161 89
-0.314125 -0.160338 0.800737 0.395802 0.913436 -0.094739 177 243 115
0.303813 0.100172 -0.597408 0.369369 -0.453066 0.811356 174 69 230
-0.504373 -0.102712 -0.613438 0.805588 0.586954 0.080703 230 202 137
0.296124 0.034372 0.845317 -0.964965 -0.047621 -0.258020 4 121 94
0.279140 -0.190514 0.834347 -0.737896 0.635635 -0.226885 33 208 98
0.284444 0.061086 0.404327 0.683076 -0.408894 -0.605156 214 75 50
0.595014 0.217289 -0.431791 -0.313451 -0.861772 -0.398871 87 17 76
0.436889 -0.208282 -0.668352 0.288660 0.869762 -0.400237 164 238 76
-0.097238 0.047569 -0.267336 -0.883517 -0.224749 0.410957 14 98 179
0.072310 -0.105361 0.661601 -0.220081 0.364037 -0.905009 99 173 12
-0.282748 0.295809 -0.396437 0.421867 -0.600745 0.679068 181 50 214
0.192300 0.134428 0.629741 -0.095067 -0.333967 -0.937779 115 84 7
-0.049998 -0.244261 0.861505 0.354979 0.705485 -0.613418 172 217 49
0.003346 -0.078363 0.774556 0.300945 0.678690 0.669935 165 214 212
0.403000 -0.021629 -0.625111 -0.120838 0.077128 0.989671 112 137 253
0.043093 0.117659 -0.141291 -0.095238 -0.632755 -0.768473 115 46 29
-0.343243 0.226821 -0.506879 0.619108 -0.733058 0.281659 206 34 163
0.656617 0.182893 -0.634550 -0.369903 -0.513256 0.774429 80 62 226
-0.299515 -0.145749 -0.014508 0.255655 0.619890 0.741874 160 206 222
-0.590411 -0.000837 -0.624668 0.922485 -0.149579 0.355876 245 108 172
0.136584 -0.038368 -0.702079 0.240229 0.961599 -0.132734 158 250 110
-0.324267 0.034071 -0.596850 0.896447 -0.279677 -0.343750 241 91 83
-0.484263 0.050398 -0.658305 0.912229 -0.018166 -0.409279 243 125 75
0.246640 -0.001922 -0.142921 0.048062 0.958564 0.280793 133 249 163
0.051688 0.225258 -0.574616 -0.462789 -0.754375 0.465559 68 31 186
0.281757 -0.161946 0.694767 -0.762092 0.548521 0.344006 30 197 171
0.151606 -0.175382 -0.017474 0.551373 0.478781 -0.683196 197 188 40
0.092297 -0.260453 0.605472 -0.148174 0.944863 -0.292024 108 247 90
0.324227 -0.214315 0.179168 -0.096482 0.482304 -0.870675 115 188 16
0.084980 0.174484 0.882390 -0.692200 -0.649904 0.313821 39 44 167
-0.129160 -0.271477 -0.427142 -0.490537 0.824009 -0.283518 64 232 91
-0.525144 0.018570 -0.692537 0.957922 -0.266418 0.106800 249 93 141
0.007142 0.143776 -0.165365 0.008359 -0.414314 0.910095 128 74 243
0.584167 0.020081 -0.712760 -0.044164 0.084743 0.995424 121 138 254
-0.356447 0.007394 -0.527167 0.371820 -0.016773 -0.928153 174 125 9
0.022328 0.063677 0.023246 -0.245179 0.097792 -0.964533 96 139 4
-0.105455 -0.113898 -0.562189 -0.287596 0.839165 0.461618 90 234 186
-0.245398 -0.094129 0.811999 0.943573 0.328289 -0.043540 247 169 121
-0.194647 0.069817 -0.482265 0.326474 -0.015677 0.945076 169 125 247
0.257075 0.045755 -0.032673 0.204488 -0.619282 0.758072 153 48 224
-0.025350 0.027848 -0.166807 0.842641 -0.181417 -0.506995 234 104 62
0.205826 -0.090892 0.384302 -0.359537 0.324007 0.875073 81 168 239
0.103456 0.270376 -0.594697 -0.468273 -0.699395 0.539970 67 38 196
0.079440 0.101946 -0.090579 -0.266133 -0.422435 -0.866442 93 73 17
-0.037884 -0.208053 0.883768 0.479943 0.694635 -0.535852 188 216 59
-0.188317 0.059683 -0.392440 0.397174 -0.693925 0.600600 178 39 204
-0.163977 -0.124375 -0.288911 0.679376 0.298977 -0.670120 214 165 42
0.293993 -0.077929 -0.164005 -0.710399 0.379006 -0.593032 36 175 51
-0.098795 -0.269391 -0.526795 -0.347827 0.884867 0.309882 83 240 167
0.079353 0.021722 -0.144200 0.206712 0.132854 0.969340 153 144 251
0.380225 -0.293544 0.089600 -0.223876 0.899977 -0.374059 98 242 79
-0.186866 0.224772 -0.075388 0.691370 -0.415734 -0.590909 215 74 52
0.236427 -0.110195 0.591058 -0.022761 0.385437 -0.922454 124 176 9
0.155672 0.111790 0.588623 0.269955 -0.530593 -0.803490 161 59 25
-0.035482 -0.236393 -0.159327 -0.181575 0.613554 -0.768494 104 205 29
0.020708 -0.166083 0.218233 0.443117 0.610915 -0.656072 183 205 43
0.641558 -0.079417 -0.451484 -0.637591 0.118240 0.761247 46 142 224
0.498133 -0.105692 -0.430989 -0.649692 0.412503 0.638547 44 180 208
0.113884 0.245150 0.813463 -0.044831 -0.989138 -0.139984 121 1 109
0.195656 -0.039691 0.737973 -0.775227 0.024197 -0.631219 28 130 47
-0.518550 -0.041299 -0.630839 0.610351 -0.019123 -0.791900 205 125 26
0.067051 -0.099469 -0.458538 -0.204546 0.963910 -0.170404 101 250 105
-0.313598 -0.177032 -0.423814 0.553950 0.586044 0.591348 198 202 202
0.097494 0.163194 0.831565 -0.371948 -0.630310 -0.681443 80 47 40
-0.160556 0.021342 -0.383767 0.385808 -0.128713 -0.913557 176 111 11
0.713771 -0.015798 -0.636694 -0.852669 0.245056 -0.461415 18 158 68
0.024743 0.004888 0.554980 0.026542 -0.110788 -0.993490 130 113 0
0.331178 -0.218216 0.175479 -0.227893 0.862005 -0.452782 98 237 69
0.412272 0.112192 -0.603039 -0.625211 -0.738146 -0.253479 47 33 95
0.182768 0.271705 0.032046 -0.363344 -0.899254 0.243565 81 12 158
0.115604 -0.053513 0.949883 -0.454476 0.557896 -0.694409 69 198 38
0.044927 -0.136330 0.594094 0.135628 0.528409 -0.838087 144 194 20
0.610116 0.238647 -0.661197 -0.561239 -0.552690 0.616072 55 57 206
-0.069955 0.013654 0.742427 -0.020279 -0.079092 0.996661 124 117 254
0.420997 0.180797 -0.678821 -0.535436 -0.748715 -0.390812 59 32 77
0.208788 0.048746 0.593157 -0.575484 -0.224175 0.786489 54 98 227
-0.074975 -0.046487 -0.386857 -0.981849 0.157368 0.105870 2 147 140
-0.474454 -0.239970 -0.632421 0.601081 0.799079 -0.013188 204 229 125
0.098090 0.108647 -0.587655 -0.329747 -0.252394 0.909706 85 95 243
0.097855 -0.057243 0.792491 0.015864 0.783961 0.620607 129 227 206
0.076370 0.117922 0.898425 -0.281396 -0.935816 -0.212284 91 8 100
-0.491776 0.034499 -0.716780 0.951720 -0.247473 0.181622 248 95 150
0.240042 -0.046960 0.549612 0.617291 0.219273 -0.755561 206 155 31
0.169999 -0.049121 -0.483545 0.812676 0.480746 0.329304 231 188 169
-0.082181 -0.192925 -0.645044 0.166638 0.984798 0.049028 148 253 133
-0.209060 -0.148825 -0.611116 0.560459 0.812516 0.160322 198 231 147
-0.397090 0.006304 -0.636800 -0.637833 0.322872 0.699231 46 168 216
-0.148801 -0.042298 0.903203 0.583840 -0.033781 -0.811166 201 123 24
-0.056102 -0.178060 -0.155559 0.577736 0.696053 -0.426300 201 216 73
-0.334504 0.042936 -0.626903 -0.718323 -0.118297 0.685579 35 112 214
0.285710 -0.348953 0.684499 -0.381861 0.872490 -0.304867 78 238 88
-0.247885 -0.130124 -0.669774 -0.456499 0.470611 0.755072 69 187 223
-0.070284 0.004842 -0.767437 -0.426254 0.016847 0.904447 73 129 242
0.244531 -0.174584 0.578116 -0.626171 0.729313 0.275701 47 220 162
0.180340 -0.000255 0.926539 0.339821 0.122399 -0.932491 170 143 8
-0.021566 0.041801 -0.746470 -0.408088 0.009328 0.912895 75 128 243
-0.282728 0.003432 -0.203338 0.773355 0.281040 0.568277 226 163 199
0.299664 0.089893 -0.693331 -0.697115 -0.684118 -0.214508 38 40 100
0.121475 -0.106234 0.566133 -0.142126 0.393747 0.908165 109 177 243
0.372928 -0.251389 0.181887 -0.452030 0.663206 0.596512 69 212 203
-0.201142 -0.217797 -0.637265 -0.424752 0.661967 0.617564 73 211 206
0.336457 0.032072 0.691324 -0.753811 -0.334034 -0.565854 31 84 55
0.010000 0.037891 0.853399 0.902396 -0.225305 0.367313 242 98 174
0.559370 0.126250 0.232684 -0.105848 -0.596755 -0.795411 114 51 26
0.426173 -0.022089 -0.674681 0.303250 0.326915 0.895079 166 169 241
-0.399613 0.122805 -0.173947 0.290839 -0.489038 -0.822347 164 65 22
0.197564 0.094588 0.766616 -0.430700 -0.860430 -0.272319 72 17 92
-0.438289 -0.171498 -0.621753 -0.124710 0.990828 0.052025 111 253 134
-0.027941 0.079634 -0.673290 0.613020 -0.502421 0.609737 205 63 205
-0.166418 0.218464 -0.238100 0.107801 -0.556422 -0.823877 141 56 22
0.230988 -0.139889 0.811675 0.403764 0.806975 -0.431006 178 230 72
-0.255541 0.177489 0.748655 0.248525 -0.927625 0.278831 159 9 163
-0.139092 -0.093640 -0.478507 0.068319 0.613762 -0.786530 136 205 27
0.283192 -0.113040 0.783892 -0.754895 0.334742 0.563987 31 170 199
0.209778 0.006564 0.157246 -0.117796 -0.055655 -0.991477 112 120 1
-0.489485 0.021891 -0.629818 0.648476 -0.581723 0.490996 210 53 190
-0.073575 0.193287 -0.168391 0.619108 -0.542707 -0.567604 206 58 55
-0.003675 -0.005702 0.443136 0.766172 0.143553 -0.626397 225 145 47
-0.302817 -0.008466 0.798248 0.358622 0.000261 -0.933483 173 127 8
0.005072 0.131009 0.001093 0.535831 -0.414410 -0.735629 195 74 33
0.587771 -0.113747 -0.658849 0.072294 0.506726 0.859070 136 192 237
-0.168493 -0.142310 0.813182 0.508975 0.770305 -0.384154 192 225 78
0.437022 0.150658 -0.783080 0.460001 -0.852442 0.248478 186 18 159
0.319322 -0.153368 -0.118370 0.266694 0.357015 -0.895218 161 173 13
-0.025974 -0.186687 0.798551 0.322331 0.902172 -0.286685 168 242 90
0.424148 -0.067974 -0.580538 0.648856 0.695562 -0.308510 210 216 88
0.279495 -0.140857 -0.575314 0.833754 0.548246 0.065422 233 197 135
-0.409863 0.062070 0.680996 0.901798 -0.052023 -0.429015 242 120 72
0.115940 0.249540 0.025587 -0.199601 -0.952705 -0.229158 102 6 98
0.078455 0.035036 -0.377076 0.792387 -0.397133 0.463042 228 76 186
0.546081 0.136356 -0.483228 -0.216675 -0.475181 -0.852793 99 66 18
-0.040947 0.099968 0.079140 0.520664 -0.290512 0.802815 193 90 229
0.265850 -0.138844 0.824602 -0.625872 0.707014 -0.329267 47 217 85
0.200448 0.132800 0.743276 0.455672 -0.493623 -0.740743 185 64 33
-0.030642 -0.047334 0.854526 0.069348 0.538364 0.839854 136 196 234
0.156654 0.083857 0.830031 -0.319436 -0.272613 -0.907548 86 92 11
0.207947 -0.012028 0.031767 -0.998738 0.033103 0.037761 0 131 132
0.265246 -0.127519 0.248289 -0.726459 0.477657 -0.494066 34 188 64
0.108516 0.043536 0.103089 0.965730 -0.256791 0.037731 250 94 132
-0.013217 -0.091178 0.829916 0.721429 0.684048 0.107792 219 214 141
-0.084928 -0.116447 -0.624017 -0.602401 0.420604 0.678385 50 181 213
-0.056887 -0.121613 0.480697 0.581853 0.514054 0.630235 201 193 207
-0.124873 0.025084 0.857962 0.597212 -0.093451 -0.796621 203 115 25
0.371468 -0.210606 0.173816 0.172066 0.930500 -0.323361 149 246 86
0.097747 -0.189356 0.845032 0.300930 0.550574 -0.778658 165 197 28
-0.562167 0.172447 -0.708693 0.266217 -0.862226 0.430923 161 17 182
0.222878 0.054570 0.578752 -0.051821 -0.177913 -0.982681 120 104 2
-0.559110 0.043734 -0.709567 0.710250 -0.193345 0.676877 218 102 213
-0.002719 0.067829 0.201625 -0.581927 -0.253731 -0.772646 53 95 28
-0.202118 0.041609 -0.707824 -0.540812 -0.121253 0.832358 58 112 233
0.366640 -0.159517 -0.562248 0.277292 0.939912 0.199186 162 247 152
-0.517410 -0.297746 -0.597092 0.096204 0.924571 -0.368664 139 245 80
0.648926 0.163814 -0.408682 0.071105 -0.933688 0.350956 136 8 172
0.672881 0.206006 -0.700724 -0.433694 -0.497518 0.751255 72 64 223
-0.319948 -0.185059 -0.608712 0.316055 0.872988 0.371484 167 238 174
0.560443 -0.176486 -0.568315 -0.512466 0.852723 0.101203 62 236 140
-0.269531 -0.085110 -0.781074 0.312103 0.115725 0.942974 167 142 247
-0.491496 0.182749 -0.625864 0.856293 -0.470987 0.211974 236 67 154
0.102431 -0.104753 -0.009266 0.532987 0.592178 0.604359 195 203 204
-0.243706 0.073396 -0.529256 0.090608 -0.569612 0.816904 139 54 231
0.331631 0.097007 -0.240995 -0.422664 -0.693496 0.583454 73 39 201
-0.186040 -0.079763 -0.168467 0.720177 0.246254 -0.648617 219 158 44
0.132802 0.004958 0.604828 -0.537051 -0.364431 -0.760767 59 81 30
-0.175830 0.053200 -0.684878 -0.517331 -0.622415 -0.587341 61 48 52
0.008899 -0.187862 0.715715 0.063271 0.826965 0.558683 135 232 198
-0.165160 -0.209748 0.843116 0.551102 0.706279 -0.444361 197 217 70
0.665611 -0.027647 -0.610592 -0.467471 0.259397 0.845095 67 160 235
0.184938 0.177330 0.748139 -0.361014 -0.803424 0.473475 81 25 187
-0.309654 -0.166314 -0.569899 -0.188753 0.615845 0.764923 103 206 225
-0.211409 0.086205 -0.343620 0.366537 -0.062336 -0.928313 174 119 9
0.176602 0.218922 0.772778 0.056632 -0.931141 -0.360235 134 8 81
-0.128568 -0.024801 0.423433 -0.894744 -0.200455 0.399062 13 101 178
-0.108043 0.045796 0.891094 0.754148 -0.216192 -0.620098 223 99 48
0.253303 0.198046 -0.697801 0.644088 -0.753106 -0.134098 209 31 110
0.225844 -0.072362 0.335570 0.569108 0.693914 0.441134 200 215 183
-0.209455 0.214099 -0.668753 -0.127763 -0.717559 0.684679 111 36 214
0.657571 -0.250327 -0.435310 -0.572954 0.814742 0.088990 54 231 138
0.287393 -0.099144 0.497155 -0.416604 0.893458 0.167851 74 241 148
0.171646 0.003186 -0.330658 -0.986498 -0.090076 0.136779 1 116 144
-0.082289 0.202368 0.094742 0.641966 -0.468428 -0.607005 209 67 50
0.203338 -0.030876 -0.025968 0.527360 0.249715 -0.812117 194 159 23
-0.004981 -0.200173 -0.510333 -0.809573 0.533716 0.244414 24 195 158
0.417307 0.039342 0.056942 -0.023033 0.259999 -0.965334 124 160 4
0.218753 -0.078030 0.168799 0.092360 0.434623 -0.895864 139 182 13
-0.506004 0.108053 -0.749670 0.586342 -0.463131 0.664615 202 68 212
0.194515 0.210355 0.635782 -0.567466 -0.763039 0.309439 55 30 166
0.006411 0.160536 0.662760 -0.036274 -0.986348 0.160629 122 1 147
0.271290 -0.044024 0.618758 -0.747833 0.432348 0.503806 32 182 191
-0.238096 0.248863 0.687657 0.018523 -0.707829 0.706141 129 37 217
-0.109752 -0.286919 -0.081900 0.584325 0.807436 -0.081311 202 230 117
-0.500273 0.034735 -0.591529 0.966863 -0.077603 -0.243214 250 117 96
0.399973 -0.209747 -0.424129 0.398731 0.848868 -0.347041 178 235 83
-0.321250 -0.228654 -0.615786 -0.165574 0.983100 0.078097 106 252 137
-0.163961 0.193623 0.702812 0.079289 -0.927384 -0.365613 137 9 80
0.586889 0.234184 -0.548787 0.101597 -0.801862 -0.588809 140 25 52
0.652794 -0.121756 -0.471030 -0.221616 0.810675 0.541934 99 230 196
-0.066883 0.053860 0.591437 0.390545 -0.698464 0.599686 177 38 203
0.187533 0.098210 -0.213112 0.043006 -0.471452 -0.880843 132 67 15
0.173398 -0.166348 0.542697 -0.159802 0.956214 -0.245191 107 249 96
0.111445 -0.114007 0.728046 0.772953 0.441530 -0.455626 226 183 69
0.037840 0.138811 0.899121 -0.091162 -0.453193 -0.886739 115 69 14
-0.401804 0.167458 -0.671830 -0.002671 -0.770067 0.637957 127 29 208
0.184270 -0.003027 0.684518 -0.973288 -0.124020 0.193209 3 111 152
0.087756 -0.159678 0.791298 0.541600 0.794281 -0.275295 196 228 92
0.240057 -0.249803 0.822495 -0.113760 0.810711 -0.574287 112 230 54
0.194473 -0.109519 0.154022 0.792845 0.261622 -0.550409 228 160 57
0.223888 -0.074381 0.418456 -0.583391 0.072272 -0.808969 53 136 24
0.178549 -0.014016 -0.087787 -0.340127 -0.926282 -0.162221 84 9 106
-0.316036 -0.321482 -0.419413 -0.063776 0.993130 0.098106 119 254 140
0.077270 -0.212377 -0.274157 0.270530 0.727643 0.630356 161 220 207
0.339365 0.100790 0.553933 -0.487517 -0.210404 0.847383 65 100 235
-0.107839 0.127874 -0.501172 -0.462296 -0.706531 0.535813 68 37 195
-0.234281 0.291341 -0.736438 0.473104 -0.821542 0.318184 187 22 168
-0.082936 0.110573 -0.480754 0.075429 -0.479580 -0.874250 137 66 16
-0.321341 0.150484 -0.705413 0.450752 -0.890600 0.060449 184 13 135
-0.273710 0.122242 0.733073 0.272380 -0.247651 -0.929773 162 95 8
0.026794 -0.127392 0.689094 0.338557 0.608036 0.718102 170 205 219
-0.368902 -0.017077 -0.796827 -0.425041 0.004110 0.905165 73 128 242
0.102889 -0.194532 -0.105635 -0.561866 0.694802 0.448950 55 216 184
-0.505910 0.217941 -0.557512 0.631278 -0.749501 -0.199338 207 31 102
0.151510 0.204473 0.030380 -0.103948 -0.914935 -0.389985 114 10 77
0.242961 -0.077806 -0.532147 -0.651825 0.157318 0.741873 44 147 222
-0.020552 0.016051 -0.124209 0.940677 -0.302698 -0.153298 247 88 107
0.297305 -0.038991 0.038153 -0.692256 -0.001104 0.721652 39 127 219
-0.345060 -0.123794 -0.644642 0.512419 0.316141 0.798425 192 167 229
0.603008 -0.027650 -0.470377 -0.792061 0.158045 -0.589629 26 147 52
0.072687 0.045260 0.806079 -0.407108 0.008680 0.913339 75 128 243
-0.104168 -0.105711 -0.196085 -0.747175 0.628278 -0.216786 32 207 99
0.199747 0.039424 0.101092 -0.334059 0.021496 -0.942307 84 130 7
0.115237 -0.054139 -0.057595 -0.021334 0.188845 -0.981775 124 151 2
-0.530188 -0.182520 -0.659387 0.612761 0.748472 0.253602 205 222 159
0.140031 0.160544 -0.045825 -0.812468 -0.580122 -0.057918 23 53 120
0.024376 0.228657 0.168129 0.187826 -0.945599 -0.265638 151 6 93
0.329261 0.014722 0.343811 -0.853756 -0.307833 0.419929 18 88 181
-0.202719 0.062213 -0.517550 0.583235 -0.719438 -0.377155 201 35 79
-0.097608 -0.040276 0.759392 -0.030216 0.138428 0.989911 123 145 253
-0.034370 -0.090314 -0.024081 0.490013 0.323985 -0.809272 189 168 24
-0.092929 0.096091 0.874875 0.462100 -0.366971 -0.807339 186 80 24
0.078413 -0.157612 0.597020 0.567750 0.617719 -0.544134 199 206 58
-0.273997 0.044608 -0.568798 0.760610 -0.018982 0.648932 224 125 210
-0.087148 0.100486 -0.160808 0.490524 -0.192378 -0.849927 190 102 19
-0.087281 -0.108251 0.131460 0.726318 0.579609 -0.369481 220 201 80
-0.170364 -0.191295 -0.329841 0.763394 0.598139 0.243843 224 203 158
-0.125232 0.054024 0.739951 -0.470659 -0.361843 0.804705 67 81 230
-0.247105 -0.164197 -0.616002 0.364621 0.631390 -0.684396 173 208 40
-0.339788 0.206614 -0.717495 0.497789 -0.638880 0.586547 190 46 202
0.203994 -0.192085 0.713357 0.102241 0.746801 -0.657142 140 222 43
0.530538 0.148344 -0.381863 -0.542589 -0.629230 0.556478 58 47 198
-0.231047 -0.076941 -0.484879 -0.294960 0.157536 0.942434 89 147 247
0.790171 -0.204848 -0.449341 -0.764032 0.578580 -0.285482 30 201 91
-0.156234 0.003847 0.760172 0.983111 -0.171786 -0.063112 252 105 119
-0.242636 0.249211 -0.545071 -0.282632 -0.916468 0.283207 91 10 163
0.083997 0.166837 0.013514 -0.139785 -0.989477 -0.037360 109 1 122
-0.222720 0.086071 -0.762103 -0.299867 -0.283020 0.911032 89 91 243
-0.360222 0.169908 -0.727481 -0.302540 -0.566015 0.766874 88 55 225
-0.436646 -0.144380 -0.597444 0.941666 0.333312 -0.046556 247 169 121
-0.045884 -0.013109 0.869976 0.007126 0.122940 -0.992389 128 143 0
0.032578 -0.010074 0.438540 -0.130030 0.404433 -0.905277 110 179 12
-0.290441 0.178172 0.566782 0.271853 -0.506255 0.818414 162 62 231
0.207067 -0.271093 0.593829 -0.284486 0.671413 0.684305 91 213 214
0.159271 0.091476 0.544260 0.116193 -0.336855 -0.934360 142 84 8
-0.530897 0.021970 -0.607754 0.642021 -0.284294 -0.712030 209 91 36
-0.045972 0.126511 0.067108 0.670345 -0.552623 -0.495223 212 57 64
0.175184 0.037668 0.649691 -0.686081 -0.397686 0.609212 40 76 205
0.099319 -0.171933 0.368531 0.034109 0.776967 0.628617 131 226 207
-0.241593 0.110609 -0.325545 -0.182444 -0.336670 0.923779 104 84 245
-0.329823 0.100985 -0.693394 -0.175754 -0.426394 0.887299 105 73 240
0.072051 0.168203 0.218588 -0.519077 -0.471667 0.712804 61 67 218
-0.146915 -0.121270 -0.448955 0.570743 0.750221 -0.333798 200 223 84
-0.003800 -0.000414 0.989965 0.377159 -0.077649 -0.922888 175 117 9
0.052133 0.315556 0.791126 -0.222465 -0.941695 0.252429 99 7 159
-0.152613 0.084673 0.500144 0.054662 -0.693549 -0.718333 134 39 35
0.259417 -0.107073 -0.371607 -0.233501 0.643899 0.728609 97 209 220
0.719233 -0.178103 -0.289020 -0.681612 0.731708 0.002963 40 220 127
-0.115483 -0.201979 0.846170 0.538755 0.474401 -0.696194 196 187 38
-0.071599 -0.095199 -0.403668 -0.746382 0.579945 0.326462 32 201 169
0.084758 0.319425 0.807750 -0.051577 -0.984244 0.169123 120 2 149
0.478604 -0.147685 -0.661195 0.044604 0.987462 -0.151425 133 253 108
-0.659401 -0.020492 -0.768484 0.917841 0.004177 0.396925 244 128 178
0.165032 -0.136322 0.342705 0.743472 0.496679 -0.447839 222 190 70
0.119523 0.077802 0.482232 0.214882 -0.633612 0.743210 154 46 222
-0.315223 -0.085496 -0.588043 -0.401494 0.166837 0.900538 76 148 242
0.065110 -0.064084 0.947874 0.295402 0.062683 -0.953314 165 135 5
0.561321 0.130227 0.890175 -0.480342 -0.305291 -0.822235 66 88 22
-0.303719 0.081977 0.722543 0.287690 -0.360232 -0.887394 164 81 14
-0.022589 0.152311 0.848027 0.070487 -0.918655 0.388723 136 10 177
-0.127438 0.002355 0.698849 0.893936 0.297514 0.335207 241 165 170
0.594450 0.176775 -0.705351 0.012310 -0.981289 0.192148 129 2 151
0.699664 -0.164871 -0.600909 -0.143828 0.570120 0.808874 109 200 230
-0.396503 -0.087839 -0.692760 0.559407 0.766460 -0.315599 198 225 87
0.649276 -0.163494 -0.684142 -0.202670 0.685505 0.699291 101 214 216
0.289817 0.119625 0.645142 -0.692489 -0.280209 0.664787 39 91 212
0.149112 -0.133239 0.622686 -0.341366 0.759533 0.553696 83 224 198
-0.072380 -0.128116 -0.141575 0.744445 0.519995 0.418816 222 193 180
0.204534 0.022773 0.053145 0.168839 -0.215109 0.961884 149 100 250
-0.291999 0.038227 -0.721668 -0.670586 0.004922 -0.741816 42 128 32
0.237278 0.009123 0.034616 -0.053991 -0.178878 -0.982389 120 104 2
-0.063415 -0.192095 -0.122461 0.201942 0.835445 -0.511127 153 234 62
0.578626 -0.100439 -0.634467 -0.751613 0.192226 0.630974 31 152 207
-0.367037 0.193429 -0.510189 -0.273154 -0.944213 -0.183981 92 7 104
-0.289479 0.170429 -0.549006 0.517762 -0.846315 -0.125193 193 19 111
-0.593768 0.107759 -0.788772 0.804304 -0.163544 0.571270 230 106 200
-0.051431 0.132250 0.754392 0.151620 -0.257614 0.954278 146 94 249
-0.216938 -0.086249 -0.339562 0.642783 0.300060 -0.704836 209 165 37
0.117426 0.005945 -0.751212 0.168662 -0.173005 0.970372 149 105 251
-0.112904 -0.206065 -0.524320 0.538792 0.762939 -0.357249 196 224 81
-0.288871 0.095023 0.815318 0.484630 -0.238592 -0.841551 189 97 20
-0.089526 -0.281029 -0.253191 -0.161702 0.801986 -0.575040 106 229 54
0.109570 0.169403 0.158261 0.309741 -0.699086 -0.644468 166 38 45
0.541721 0.013154 -0.399657 -0.001107 -0.093342 0.995634 127 115 254
0.143444 0.048698 0.769556 -0.971114 0.037837 -0.235598 3 132 97
0.131073 0.174307 -0.019670 -0.598896 -0.644907 -0.474782 51 45 66
0.342106 0.146313 0.747357 -0.169146 -0.354040 -0.919807 105 82 10
-0.447775 -0.114348 -0.652867 0.831380 0.554456 0.037235 233 198 132
0.263447 -0.195712 -0.211579 -0.407752 0.553580 -0.726146 75 198 34
0.045136 0.132022 0.664984 0.774379 -0.610158 -0.167467 226 49 106
-0.435481 0.148977 -0.591667 0.857798 -0.490397 -0.153928 236 64 107
-0.061597 0.120934 0.740142 0.195615 -0.479412 -0.855511 152 66 18
0.161522 -0.050144 -0.491586 -0.904874 0.405327 -0.130053 12 179 110
0.078781 -0.132420 0.060091 0.171035 0.529687 -0.830770 149 195 21
-0.018843 0.221111 -0.015077 0.362812 -0.584353 -0.725878 173 52 34
0.782133 0.187036 -0.657974 -0.424010 -0.660569 0.619568 73 43 206
0.261326 0.267213 0.801033 -0.397808 -0.833690 -0.383027 76 21 78
-0.082019 -0.058715 -0.523491 -0.865231 0.352014 0.357018 17 172 173
-0.045624 0.305138 0.829293 0.005937 -0.967287 0.253616 128 4 159
-0.177443 0.101980 -0.270310 -0.400372 -0.536370 -0.742974 76 59 32
0.177240 0.005903 0.138665 -0.298278 -0.335484 -0.893578 89 84 13
0.012538 0.009829 0.666925 0.541007 0.681345 0.493033 196 214 190
0.048918 -0.191570 0.684808 -0.515681 0.856693 0.012251 61 236 129
0.190726 0.031822 0.559898 -0.280185 -0.456989 -0.844190 91 69 19
-0.023877 -0.107950 0.792802 0.277805 0.780247 -0.560392 162 226 56
0.240733 -0.180997 0.087957 -0.182843 0.768526 -0.613137 104 225 49
0.151155 0.101262 -0.343424 -0.205469 -0.797736 0.566922 101 25 199
0.248653 -0.094991 -0.799349 -0.094878 0.095340 0.990913 115 139 253
0.012980 -0.039102 -0.161137 -0.961722 0.270796 0.041957 4 162 132
0.121460 0.174015 0.107000 -0.205826 -0.572246 0.793833 101 54 228
-0.138516 0.186085 0.363729 0.371332 -0.768606 0.520919 174 29 193
-0.116828 0.216648 -0.221048 0.203840 -0.954435 -0.217954 153 5 99
-0.478179 -0.260355 -0.654867 0.513891 0.694799 0.503160 193 216 191
0.178024 0.096604 0.625137 0.342103 -0.757970 -0.555380 171 30 56
-0.180273 -0.213300 0.864679 -0.284111 0.791130 -0.541659 91 228 58
-0.570178 0.245429 -0.634201 0.530022 -0.789374 0.309783 195 26 166
0.203773 0.170521 -0.101684 0.414713 -0.757604 -0.504033 180 30 63
0.585127 -0.064410 -0.595189 -0.538460 0.165744 0.826190 58 148 232
-0.030566 -0.189154 0.775432 0.514356 0.641817 -0.568778 193 209 54
-0.457324 0.242334 -0.654412 0.566141 -0.733148 -0.376800 199 34 79
-0.050971 0.020540 -0.164549 0.763439 -0.076416 0.641343 224 117 209
-0.560236 -0.056944 -0.664384 0.877242 0.467542 -0.108864 239 187 113
0.101961 -0.169028 0.769788 0.408041 0.662544 -0.628123 179 211 47
-0.641545 -0.081179 -0.716874 0.808001 0.478177 0.344212 230 188 171
-0.090722 0.066241 0.907955 0.240417 -0.454562 -0.857656 158 69 18
0.542032 0.110069 -0.791418 -0.733355 -0.121741 0.668857 33 111 212
-0.075965 -0.227228 -0.367465 -0.407453 0.430878 -0.805187 75 182 24
0.093291 0.157885 0.794409 -0.758914 -0.611345 -0.224292 30 49 98
-0.317111 -0.003210 -0.252461 0.456189 0.012027 0.889801 185 129 240
0.289032 -0.118356 0.278594 -0.857351 0.493691 -0.145664 18 190 108
0.235015 -0.206330 0.523700 0.284586 0.471316 -0.834789 163 187 21
-0.017245 0.052073 0.829690 0.775461 -0.409249 -0.480807 226 75 66
0.086469 0.165617 -0.146424 -0.549639 -0.381751 0.743076 57 78 222
-0.485117 0.250601 -0.529337 0.246006 -0.832706 0.496066 158 21 190
-0.298123 -0.145538 -0.627381 0.138945 0.825522 0.546999 145 232 197
0.007237 0.050586 0.012458 0.400774 0.073452 0.913228 178 136 243
0.383220 0.058403 0.020832 -0.470782 -0.247749 -0.846749 67 95 19
0.115406 -0.129164 -0.677353 -0.074592 0.268495 0.960389 117 161 249
0.132058 0.138610 0.786325 -0.529523 -0.827264 0.187721 59 22 151
0.793514 0.064567 -0.554551 -0.486453 -0.180220 0.854918 65 104 236
0.444841 -0.144039 -0.270849 0.555221 0.773748 -0.305030 198 226 88
-0.113325 0.236420 0.355858 0.291594 -0.900024 0.323928 164 12 168
-0.050910 -0.030434 -0.307247 -0.972279 0.174579 0.155552 3 149 147
0.200876 0.088911 0.064007 -0.407566 -0.419619 0.811055 75 73 230
0.092806 0.119824 -0.618593 -0.872535 -0.334268 -0.356297 16 84 82
0.097509 -0.211235 0.043192 -0.477646 0.848890 -0.226364 66 235 98
0.514276 -0.059977 -0.556320 -0.944958 0.284517 0.161571 7 163 148
0.038739 -0.145459 -0.618983 -0.324786 0.272760 0.905603 86 162 242
-0.377564 -0.169485 -0.699610 -0.060068 0.865157 0.497891 119 237 190
0.152588 0.153647 -0.613633 -0.615595 -0.785716 0.060782 49 27 135
0.552456 0.192758 -0.458704 -0.295445 -0.725092 0.622056 89 35 206
0.091303 0.063884 0.466105 -0.991490 -0.077009 0.104963 1 117 140
-0.086903 -0.185996 -0.246069 -0.544367 0.836440 -0.063503 58 234 119
-0.005321 -0.089920 -0.565370 -0.231073 0.849261 0.474722 98 235 188
0.174965 -0.148176 0.299360 -0.552186 0.426165 -0.716571 57 181 36
0.164009 -0.195453 -0.284749 0.494897 0.808826 -0.317612 190 230 87
0.228298 -0.042660 -0.098225 0.561157 0.494763 0.663561 199 190 212
-0.171673 -0.166837 -0.279291 0.441349 0.442704 -0.780528 183 183 27
0.280200 0.012548 0.374841 -0.676824 -0.084559 0.731273 41 116 220
-0.243404 -0.028417 0.763991 0.950950 0.305695 -0.047387 248 166 121
-0.026217 -0.310582 0.852105 0.143994 0.838673 -0.525256 145 234 60
-0.029986 -0.197624 0.811168 -0.481174 0.541104 0.689694 66 196 215
0.236493 -0.248827 -0.158826 0.146292 0.867417 -0.475591 146 238 66
0.111756 -0.112700 0.302118 0.712672 0.542694 0.444502 218 196 184
-0.038053 -0.203266 -0.092468 0.710196 0.631612 -0.310948 218 208 87
0.187146 -0.221041 -0.513680 0.009936 0.871207 0.490815 128 238 190
0.511790 0.173341 -0.765287 -0.169055 -0.411658 0.895521 105 75 241
0.193471 0.309050 0.200435 -0.085756 -0.996236 -0.012650 116 0 125
0.363008 0.056507 -0.396232 -0.671591 -0.393264 0.627941 41 77 207
-0.648715 -0.027546 -0.127796 0.804911 0.081509 -0.587772 230 137 52
0.570444 0.241744 -0.507037 0.445478 -0.720431 -0.531533 184 35 59
-0.491458 0.018148 -0.532842 0.796197 -0.149801 -0.586200 229 108 52
0.301893 0.041707 -0.519393 0.988660 0.113012 -0.098896 253 141 114
-0.537040 0.013813 -0.612205 0.947158 0.165193 -0.274960 248 148 92
0.548366 0.073415 -0.713301 -0.539478 0.108507 0.834979 58 141 233
-0.071984 0.189057 -0.090212 -0.211553 -0.571541 0.792835 100 54 228
0.024007 -0.019112 0.789851 -0.336228 0.583798 0.739006 84 201 221
0.171297 0.141034 0.507987 -0.308735 -0.771091 0.556868 88 29 198
-0.268229 0.323943 -0.429016 0.393088 -0.836626 -0.381495 177 20 78
-0.573695 -0.205875 -0.621022 0.731627 0.672696 -0.110460 220 213 113
0.230232 -0.119973 -0.141020 -0.923502 0.276414 0.265969 9 162 161
-0.146074 -0.038109 0.730465 0.820104 0.419239 0.389446 232 180 177
0.435404 0.269744 -0.323931 -0.129134 -0.977493 0.166830 111 2 148
-0.125038 0.110137 0.825033 0.065689 -0.996759 -0.046437 135 0 121
-0.125175 -0.103005 0.920771 0.706500 0.362182 -0.608014 217 173 49
-0.026366 0.270369 0.844861 0.463075 -0.846014 -0.264239 186 19 93
-0.586085 -0.066026 -0.736865 0.928941 0.094938 0.357848 245 139 173
-0.178168 -0.100149 -0.431857 0.540952 0.433675 -0.720623 196 182 35
0.000222 -0.136657 0.913564 -0.762173 0.503370 -0.407075 30 191 75
0.083491 0.166943 0.399354 -0.430349 -0.545931 0.718859 72 57 219
0.062971 0.129610 0.905280 -0.105077 -0.824315 -0.556294 114 22 56
-0.208204 -0.109291 0.853376 0.365028 0.274384 -0.889645 174 162 14
-0.331034 -0.175595 0.644374 0.227192 0.794847 0.562675 156 228 199
-0.161368 -0.071094 0.820652 0.809647 0.499708 -0.307838 230 191 88
0.145758 0.081525 0.418644 -0.630987 -0.578121 0.517331 47 53 193
-0.024378 -0.057439 0.868430 -0.816523 0.141789 -0.559630 23 145 56
-0.347748 -0.048288 -0.491035 0.524471 0.005663 -0.851409 194 128 18
-0.055578 -0.038272 -0.635486 -0.062952 0.057869 0.996337 119 134 254
0.105295 -0.120225 -0.247885 -0.525904 0.848628 0.057056 60 235 134
0.314079 0.044071 -0.719318 0.828645 -0.558307 0.040505 233 56 132
-0.322275 0.042667 -0.426238 0.308191 -0.121409 0.943546 166 112 247
0.134000 0.120318 0.185531 -0.450642 -0.861556 -0.233758 70 17 97
0.319019 0.144588 0.157061 -0.838414 -0.544328 -0.027736 20 58 123
0.061076 -0.059406 0.402640 0.605086 0.090181 -0.791036 204 138 26
0.581668 0.015187 -0.107678 -0.957963 -0.284222 0.039034 5 91 132
-0.161763 -0.043156 -0.573386 -0.784129 0.454784 -0.422272 27 185 73
-0.105505 0.052189 0.704551 0.543628 -0.312552 0.778961 196 87 226
-0.185837 -0.147242 -0.289611 -0.229079 0.421693 -0.877324 98 181 15
-0.244102 0.063353 -0.374341 0.614479 -0.181590 -0.767751 205 104 29
-0.358062 -0.179819 -0.633060 -0.415626 0.863570 0.285485 74 237 163
-0.030702 0.177784 -0.106595 0.339309 -0.750471 -0.567153 170 31 55
0.254213 0.094431 -0.145875 0.770591 -0.195650 -0.606556 225 102 50
0.522482 -0.250245 -0.428195 0.210753 0.441808 -0.872003 154 183 16
0.129310 0.186721 0.128015 -0.459897 -0.816196 0.349742 68 23 172
-0.367446 0.114017 -0.646393 -0.355533 -0.436031 0.826724 82 71 232
0.401474 -0.128906 -0.781389 0.073799 0.454321 0.887776 136 185 240
0.715058 0.050497 -0.470423 -0.920185 -0.115494 0.374059 10 112 175
0.861447 -0.083813 -0.602287 -0.553558 0.539536 0.634408 56 196 208
-0.037202 -0.079332 0.677634 0.335997 0.932081 -0.135391 170 246 110
0.276702 -0.173361 -0.617286 0.421415 0.588663 -0.689844 181 202 39
-0.377337 -0.101385 -0.585173 0.592918 0.671293 0.444763 203 213 184
0.045496 0.120720 -0.356093 -0.837120 -0.545091 0.045886 20 58 133
-0.165613 -0.110990 -0.628620 -0.449871 0.727569 0.517938 70 220 193
-0.103536 -0.037222 0.780090 0.368457 0.297147 -0.880876 174 165 15
-0.496186 -0.095642 -0.729290 0.557075 0.285276 0.779926 198 163 226
-0.125858 0.129576 -0.234396 0.271414 -0.577634 -0.769853 162 53 29
0.170920 0.043361 0.759795 -0.383242 0.079377 -0.920231 78 137 10
0.282649 0.168809 -0.614321 0.119164 -0.727012 0.676206 142 34 213
0.107690 -0.125374 0.884502 -0.436983 0.718110 -0.541630 71 219 58
0.372533 0.067718 0.177042 -0.774898 -0.631467 -0.027966 28 46 123
0.100040 -0.185691 0.818636 -0.263134 0.550566 -0.792236 93 197 26
-0.387587 0.063350 -0.817706 -0.528118 -0.726339 0.439912 60 34 183
0.180425 -0.057777 -0.385972 -0.412102 -0.072737 0.908230 74 118 243
-0.026124 0.045590 -0.179089 -0.471095 -0.353661 0.808080 67 82 230
-0.077080 -0.098389 -0.326718 -0.755776 0.080540 0.649859 31 137 210
-0.172566 -0.155422 -0.644669 -0.531756 0.555167 0.639551 59 198 209
-0.157919 0.083523 -0.296921 -0.843872 -0.522759 -0.120842 19 60 112
-0.181237 0.106649 -0.346744 -0.226421 -0.585546 -0.778376 98 52 28
-0.251121 0.103527 0.701312 0.725267 -0.237325 -0.646270 219 97 45
-0.654242 0.053480 -0.723602 0.796040 -0.188124 0.575265 228 103 200
0.648110 -0.188594 -0.661747 -0.642981 0.498672 0.581293 45 191 201
-0.097623 -0.099849 -0.067339 0.581206 0.432126 0.689541 201 182 215
0.214073 0.117040 0.636481 -0.166750 -0.344142 -0.923992 106 83 9
-0.168845 -0.079247 0.775458 0.303490 0.506008 -0.807373 166 192 24
0.496158 0.081310 -0.796189 0.184935 -0.397624 0.898718 151 76 242
0.896162 0.021712 -0.561824 -0.978667 -0.171401 0.113281 2 105 141
0.113991 -0.005872 0.813397 -0.641233 0.036372 0.766484 45 132 225
0.138149 0.240607 0.648565 -0.014848 -0.998661 -0.049552 125 0 121
-0.080242 -0.205466 -0.157553 0.434858 0.885657 0.162820 182 240 148
0.008668 0.152467 0.754171 0.850350 -0.515519 -0.105570 235 61 114
-0.122064 -0.279640 -0.497676 -0.527072 0.843868 -0.100404 60 235 114
-0.344199 0.227360 -0.584504 0.023868 -0.940817 0.338074 130 7 170
0.054343 0.011661 0.688730 0.565020 -0.279608 -0.776255 199 91 28
0.084616 0.034082 0.819041 -0.572454 0.302580 -0.762064 54 166 30
-0.055278 -0.252339 -0.425800 -0.151927 0.822821 -0.547617 108 232 57
-0.080362 -0.122704 -0.697731 0.008549 0.652622 0.757635 128 210 224
0.050828 -0.199443 -0.669739 -0.700709 0.596813 0.390923 38 203 177
0.036722 0.110264 0.085304 -0.916040 -0.395194 -0.068498 10 77 118
0.399819 0.157294 -0.609910 0.861886 -0.404504 -0.305824 237 75 88
0.086392 -0.247080 -0.758106 0.419993 0.861833 0.284341 181 237 163
-0.075709 -0.090015 -0.660247 -0.528013 0.234114 0.816329 60 157 231
0.258023 -0.116925 -0.630013 -0.391048 0.223491 0.892823 77 155 241
0.140019 0.097314 0.497628 -0.806514 -0.529539 0.262915 24 59 161
0.554828 0.045677 -0.789917 0.364684 -0.271416 0.890696 173 92 241
0.483343 -0.003788 -0.762500 0.040397 -0.166981 0.985132 132 106 253
0.548922 -0.229510 -0.163138 0.173872 0.905234 -0.387712 149 242 78
0.242734 -0.060650 -0.460944 0.263483 0.095947 -0.959881 161 139 5
0.563641 0.120928 -0.573483 -0.267727 -0.812623 -0.517655 93 23 61
-0.351519 -0.215198 -0.299950 0.623197 0.381453 -0.682729 206 176 40
-0.207986 0.117341 -0.260227 -0.174716 -0.612777 0.770700 105 49 225
0.218594 0.137885 0.107680 -0.590491 -0.720105 0.364376 52 35 173
-0.245084 0.033742 -0.714567 0.243054 -0.033465 0.969435 158 123 251
0.201552 0.079834 -0.131565 -0.433599 0.086393 -0.896955 72 138 13
-0.106545 0.013682 0.589407 0.941000 0.247496 0.230792 247 159 156
-0.002507 -0.253202 0.175624 0.268121 0.940170 -0.210216 161 247 100
0.099903 -0.046770 0.867477 -0.880519 0.248038 -0.403935 15 159 75
-0.201887 -0.145262 -0.665860 0.960171 0.262692 0.095213 249 160 139
-0.246510 0.059347 0.884472 0.317060 -0.345039 -0.883415 167 83 14
0.001100 0.189846 -0.239199 0.690565 -0.674374 -0.261420 215 41 94
0.347948 -0.268797 -0.448536 0.544959 0.800759 0.248604 196 229 159
0.194980 0.185215 0.820881 -0.685510 -0.585045 0.433358 40 52 182
0.072719 -0.022949 0.655412 0.475348 0.460710 -0.749527 188 186 31
-0.152307 0.026278 0.905953 0.582685 -0.218353 -0.782815 201 99 27
-0.054162 0.138880 0.777918 0.862040 -0.401773 -0.308974 237 76 88
0.030585 -0.166435 0.744245 -0.636751 0.533860 0.556365 46 195 198
0.401807 -0.139658 -0.275405 -0.898505 0.415899 0.140414 12 180 145
-0.442063 -0.285767 -0.624604 -0.334197 0.915728 -0.223059 84 244 99
-0.133249 0.207790 0.343038 0.675134 -0.722223 0.150294 213 35 146
-0.071537 -0.064312 -0.474706 -0.797803 0.319880 0.511064 25 168 192
-0.102408 0.084983 -0.223635 -0.304344 -0.939258 0.158648 88 7 147
-0.070550 -0.178214 0.180130 0.624108 0.485242 -0.612397 207 189 49
0.771234 0.087713 -0.573103 -0.968813 -0.239398 0.063956 3 96 135
0.786678 0.048123 -0.514194 -0.957343 -0.149893 0.247034 5 108 158
0.102426 -0.270669 0.027678 -0.430555 0.902054 0.030336 72 242 131
-0.032293 0.140589 -0.269126 0.482616 -0.547891 -0.683299 189 57 40
-0.088926 -0.116318 0.839528 0.171593 0.446386 -0.878234 149 184 15
0.110123 0.212601 0.610457 -0.035052 -0.968258 0.247483 123 4 159
0.500266 -0.244271 0.140159 -0.838744 0.495916 0.224889 20 190 156
-0.050120 0.103743 -0.676578 0.872499 -0.201928 0.444939 238 101 184
0.213931 0.183936 0.506440 0.303267 -0.590139 -0.748175 166 52 32
-0.029649 0.011930 0.908418 -0.778570 -0.347897 0.522299 28 83 194
0.517401 -0.201299 -0.333876 -0.034644 0.689957 -0.723021 123 215 35
0.439191 -0.216205 0.382174 -0.291571 0.357680 -0.887159 90 173 14
-0.330199 0.180192 -0.645810 -0.331132 -0.370100 0.867973 85 80 238
-0.427967 0.129704 -0.585467 -0.046472 -0.695732 -0.716797 121 38 36
-0.386108 0.103677 -0.757261 -0.233803 -0.217097 0.947737 97 99 248
-0.128626 -0.105786 -0.440658 0.202098 0.477726 0.854947 153 188 236
-0.488050 0.075618 -0.224258 0.771628 -0.628427 -0.098334 225 47 114
-0.024122 0.198556 -0.093678 0.199095 -0.632991 0.748120 152 46 222
0.664026 0.091701 -0.214235 -0.362168 -0.292541 -0.885017 81 90 14
0.084879 -0.007486 -0.038177 -0.925800 -0.053255 -0.374243 9 120 79
0.300765 0.152322 0.878532 -0.776252 -0.390138 -0.495202 28 77 64
-0.399805 0.115238 -0.618036 -0.216731 -0.971156 -0.099422 99 3 114
0.255483 -0.000268 0.213103 -0.184885 -0.434570 0.881457 103 72 239
-0.260530 0.179796 -0.434531 0.177171 -0.482008 -0.858067 150 66 18
-0.452982 0.128876 -0.778809 -0.532029 -0.506019 0.678889 59 62 214
-0.214831 0.065298 -0.667017 0.373773 -0.318749 0.871030 175 86 238
-0.149686 0.225075 -0.388036 -0.165044 -0.902855 -0.397005 106 12 76
-0.076116 -0.342460 -0.566462 -0.386590 0.717610 0.579297 78 218 201
0.110679 -0.135934 0.721325 0.431380 0.578109 -0.692605 182 201 39
-0.034214 0.014257 0.983357 0.187677 -0.080898 -0.978894 151 117 2
0.019115 0.105098 -0.084287 -0.099229 -0.752208 -0.651411 114 31 44
0.226933 0.355657 0.788862 -0.200844 -0.822065 -0.532795 101 22 59
0.128899 0.152176 -0.672229 -0.466245 -0.288313 0.836356 68 90 234
0.090950 0.066941 0.541959 0.700771 -0.669651 -0.245942 216 42 96
-0.231966 -0.024544 -0.593645 -0.941492 -0.318090 -0.111405 7 86 113
0.399489 -0.058036 0.323550 -0.598285 -0.012793 0.801181 51 125 229
-0.437292 0.108693 -0.505559 0.665715 -0.106865 -0.738514 212 113 33
0.667455 -0.233517 -0.587627 0.201377 0.960536 0.191881 153 249 151
-0.642544 0.011538 -0.744757 0.971954 -0.051475 0.229470 251 120 156
0.027937 0.167165 -0.116095 0.052929 -0.415199 -0.908190 134 74 11
0.309100 0.048362 0.300736 -0.259421 -0.328515 0.908173 94 85 243
0.287653 -0.108382 0.729954 -0.744033 0.464258 0.480498 32 186 188
0.010835 0.204775 -0.617687 -0.090015 -0.691110 0.717122 116 39 218
-0.281704 -0.199854 -0.668370 0.230476 0.689572 0.686565 156 215 215
0.815156 0.096462 -0.519529 0.576283 -0.491318 -0.653073 200 64 44
0.348225 -0.074111 0.562219 -0.214724 0.273951 -0.937467 100 162 7
0.864678 -0.125454 -0.692257 -0.772648 0.303708 0.557473 28 166 198
-0.026795 0.115841 0.353977 0.000276 -0.731026 0.682350 127 34 214
-0.434939 0.012485 -0.562786 0.969082 -0.058565 -0.239686 251 120 96
-0.270481 0.125500 -0.556317 0.609974 -0.601222 0.516202 205 50 193
-0.060064 -0.220677 0.781150 0.641530 0.641302 -0.420917 209 209 73
-0.305558 0.027369 -0.646057 0.849707 -0.043779 0.525435 235 121 194
-0.134650 0.184315 -0.594611 -0.623673 -0.741665 0.246911 47 32 158
0.281675 0.286659 -0.501023 -0.255495 -0.688981 0.678254 94 39 213
0.401842 -0.168329 -0.457903 0.433698 0.745038 -0.506778 182 222 62
-0.037231 0.090133 -0.161863 0.550849 -0.613677 -0.565656 197 49 55
0.362051 0.186920 0.357894 -0.667074 -0.714106 0.212284 42 36 154
0.038806 0.342805 -0.356854 -0.107759 -0.991949 0.066526 113 1 135
0.167315 -0.237037 0.777527 -0.258186 0.962064 0.088164 94 250 138
-0.255181 0.146704 0.743438 0.192097 -0.978776 0.071383 151 2 136
-0.240111 -0.151700 -0.525237 -0.288635 0.331985 0.898040 90 169 242
0.056201 0.083134 -0.538396 -0.462979 -0.387176 0.797337 68 78 229
0.080496 -0.056894 -0.669331 -0.881867 0.394699 0.257921 15 177 160
-0.374719 0.032505 0.662171 0.999642 0.019582 -0.018253 254 129 125
-0.299354 0.195083 -0.663141 0.362882 -0.894599 0.260788 173 13 160
-0.021054 0.047425 0.827110 -0.777372 -0.140615 0.613124 28 109 205
0.099304 0.154631 0.776829 0.500804 -0.521939 -0.690489 191 60 39
-0.321013 -0.081162 -0.382559 0.761074 0.492506 -0.422143 224 190 73
0.734220 -0.059305 -0.616787 -0.156210 0.983355 -0.092801 107 252 115
-0.356304 -0.158804 -0.526151 -0.354124 0.929550 0.102629 82 246 140
-0.331228 -0.193143 -0.502985 0.300123 0.733709 -0.609589 165 221 49
0.108570 0.075738 0.155146 0.478525 -0.167828 -0.861886 188 106 17
0.245074 -0.166360 0.564740 -0.685473 0.499680 -0.529572 40 191 59
0.070134 0.150248 0.451291 0.054137 -0.636526 -0.769353 134 46 29
0.649308 0.144225 -0.446966 -0.611138 -0.614442 -0.498971 49 49 63
0.330916 -0.246689 -0.646448 0.357509 0.859926 -0.364300 173 237 81
0.012346 -0.165591 0.640605 0.339987 0.936834 -0.082161 170 246 117
-0.019319 -0.048774 -0.415200 -0.946829 0.209150 0.244482 6 154 158
-0.252114 0.094342 -0.331007 0.324768 -0.019553 -0.945592 168 125 6
-0.178102 -0.279420 -0.591369 0.136371 0.962735 0.233549 144 250 157
-0.496366 0.198877 0.572548 0.818350 -0.516338 -0.252386 231 61 95
-0.257347 -0.311253 -0.622210 -0.176813 0.965900 0.189143 104 250 151
-0.494419 0.072075 -0.534424 0.615502 -0.376126 0.692594 205 79 215
0.173901 0.222524 0.133662 -0.081850 -0.827621 -0.555288 117 21 56
0.136649 0.182028 0.059759 -0.164959 -0.768503 -0.618216 106 29 48
-0.042874 -0.017152 -0.615984 -0.620022 0.314047 0.718991 48 167 219
0.593719 -0.146474 -0.589205 -0.437183 0.640200 0.631676 71 209 208
-0.564228 -0.012017 -0.810426 0.130376 -0.016505 0.991327 144 125 253
-0.020166 -0.007914 0.446056 0.969344 -0.076077 -0.233634 251 117 97
0.008825 0.201537 -0.621816 -0.422885 -0.708474 -0.565007 73 37 55
0.192209 0.209968 -0.612451 0.487284 -0.831817 0.265774 189 21 161
0.014631 0.132093 -0.374746 -0.510876 -0.657390 -0.553935 62 43 56
-0.404973 0.074961 -0.610941 -0.436342 -0.739517 -0.512562 71 33 62
-0.029784 0.254855 -0.077703 0.280261 -0.903039 0.325535 163 12 169
0.139181 -0.007977 0.904483 -0.778739 0.060935 -0.624382 28 135 47
0.014474 -0.041164 -0.125419 -0.591171 0.519129 0.617269 52 193 206
-0.175132 0.023220 -0.259674 0.937711 0.277543 -0.208971 247 162 100
-0.010328 -0.245056 0.601897 0.645734 0.689011 -0.329076 209 215 85
0.009552 -0.231418 0.863784 -0.041149 0.830888 -0.554916 122 233 56
-0.448915 0.233744 -0.610903 -0.263419 -0.924118 -0.276795 93 9 92
-0.341182 -0.290239 -0.528690 0.011683 0.960495 -0.278054 128 249 92
0.171434 -0.063216 0.080661 -0.600618 0.663667 0.445875 50 212 184
0.365141 -0.079907 -0.419550 -0.680804 0.155538 0.715761 40 147 218
-0.418312 -0.112119 -0.600776 0.817094 0.554394 0.158130 231 198 147
0.016690 0.217121 -0.358296 -0.642337 -0.484272 0.594040 45 65 203
-0.533392 0.062412 -0.693363 -0.265787 -0.130509 0.955157 93 110 249
-0.101647 -0.147488 -0.112612 0.697096 0.341727 -0.630302 216 171 47
-0.623589 0.103205 -0.639441 0.738442 -0.247666 -0.627189 221 95 47
-0.147204 0.085738 0.753263 0.883462 -0.392842 -0.255283 240 77 94
0.038070 -0.149497 -0.263710 -0.677850 0.725215 0.120758 41 219 142
-0.033606 0.209351 -0.145540 0.198102 -0.949390 -0.243750 152 6 96
-0.479085 0.132214 -0.153463 0.752892 -0.527379 -0.393732 223 60 77
0.138321 -0.067163 -0.227693 -0.465865 0.578159 0.669852 68 201 212
-0.023642 -0.026705 -0.561249 -0.125452 -0.234400 0.964012 111 97 250
0.120201 -0.017346 0.826206 -0.424207 0.136622 -0.895200 73 144 13
0.228503 -0.116094 -0.695093 0.633089 0.285434 0.719532 208 163 219
-0.332268 0.028954 -0.521119 0.559028 -0.379186 -0.737364 198 79 33
0.190067 0.220979 0.606932 -0.085260 -0.430396 -0.898604 116 72 12
0.022794 0.150732 0.109952 -0.307365 -0.636531 0.707358 88 46 217
-0.242755 0.185900 0.662627 0.740450 -0.670393 0.048035 221 42 133
0.573669 -0.145932 -0.687124 -0.347392 0.569939 0.744640 83 200 222
0.000558 -0.275757 0.136285 -0.027309 0.917828 -0.396039 124 244 77
-0.566994 0.074736 -0.679508 0.865917 0.041018 0.498503 237 132 191
-0.336285 0.191859 -0.494055 0.146080 -0.936453 0.318930 146 8 168
-0.519777 -0.025760 -0.604669 0.644411 0.214581 -0.733954 209 154 33
-0.197150 0.042486 0.776068 0.204287 -0.823303 0.529564 153 22 195
-0.324440 0.151064 0.827405 0.519822 -0.351387 -0.778660 193 82 28
-0.186870 -0.168387 -0.736798 -0.211905 0.344192 0.914674 100 171 244
0.163706 0.016755 -0.091525 -0.481791 -0.451692 0.750901 66 69 223
0.140007 -0.161488 0.567708 0.598904 0.743241 0.298172 203 222 165
0.066145 -0.173152 -0.066032 0.406404 0.623612 -0.667790 179 207 42
0.263503 -0.023630 -0.039532 0.134546 -0.891713 0.432140 144 13 182
-0.192146 0.053767 -0.472753 -0.940653 -0.069571 0.332162 7 118 169
-0.250470 -0.236859 -0.624220 0.329371 0.855393 0.399771 169 236 178
-0.349908 0.195558 -0.491286 0.445328 -0.845270 -0.295300 184 19 89
0.238636 0.260514 0.423667 0.171831 -0.766219 -0.619179 149 29 48
-0.001951 0.016429 -0.585923 0.746741 -0.010423 0.665034 222 126 212
-0.242425 0.073393 -0.667157 0.559683 -0.151313 0.814776 198 108 231
-0.208047 -0.043497 0.720824 0.793044 0.033268 0.608256 228 131 205
0.696694 -0.067232 -0.572694 -0.277354 0.499722 0.820581 92 191 232
0.365558 -0.176017 0.448380 -0.786283 0.527314 -0.322023 27 194 86
-0.179142 0.074801 -0.784810 0.311418 -0.218061 0.924915 167 99 245
-0.617898 -0.048693 -0.732640 0.897313 0.405100 0.175282 241 179 149
0.099234 -0.279361 0.927879 0.203214 0.506089 -0.838199 153 192 20
0.218468 0.186765 0.672468 -0.025215 -0.972732 -0.230555 124 3 98
0.082669 0.138556 -0.017762 0.477730 -0.792478 0.379149 188 26 175
-0.419502 0.316293 -0.804740 0.099955 -0.949154 0.298522 140 6 165
-0.274571 0.079917 -0.562327 0.218751 -0.696573 -0.683326 155 38 40
0.577097 0.199421 -0.652007 -0.566225 -0.477065 0.672160 55 66 213
0.843484 -0.218832 -0.466815 -0.641224 0.588005 0.493033 45 202 190
-0.244924 0.155837 0.766047 0.281103 -0.819198 0.499895 163 23 191
0.713619 -0.090582 -0.315190 -0.949922 0.299787 -0.088176 6 165 116
0.344141 -0.068567 0.889955 -0.598596 0.188637 -0.778523 51 151 28
-0.156180 0.297307 -0.418923 -0.049330 -0.926596 0.372808 121 9 175
-0.121860 -0.022684 -0.407061 -0.326076 0.147339 0.933791 85 146 246
-0.235752 0.268852 -0.521281 -0.017728 -0.938779 -0.344062 125 7 83
0.024420 -0.005282 -0.514544 -0.908029 -0.196817 -0.369792 11 102 80
-0.265243 0.078479 0.817540 0.948774 -0.315247 0.021177 248 87 130
0.233383 0.011625 0.337940 0.632644 0.225349 -0.740931 208 156 33
-0.030821 0.072864 0.877795 -0.431852 -0.490743 0.756753 72 64 223
0.704680 -0.067996 -0.580769 -0.479602 0.343868 0.807302 66 171 230
0.169106 -0.226692 0.371012 -0.567524 0.409637 0.714223 55 179 218
-0.285370 0.031330 -0.509198 0.181206 -0.345544 -0.920741 150 83 10
-0.525542 -0.115800 0.685913 0.920867 0.332176 -0.204114 244 169 101
-0.002096 -0.126972 -0.140471 0.281872 0.343095 -0.896010 163 171 13
0.761118 -0.185916 -0.686174 -0.575436 0.405420 0.710288 54 179 218
0.734163 0.032158 -0.479984 -0.567096 -0.416477 -0.710597 55 74 36
0.339828 0.159311 -0.520766 0.636521 -0.746417 -0.194171 208 32 102
-0.006840 -0.251250 0.915825 -0.194801 0.569953 -0.798252 102 200 25
0.157917 -0.003480 0.704171 0.725367 -0.428333 -0.538864 219 72 58
-0.069838 -0.257688 0.523074 -0.201897 0.965005 0.167343 101 250 148
0.060412 0.063328 0.926744 -0.235778 -0.518069 -0.822200 97 61 22
-0.160061 -0.145612 0.723571 0.158053 0.562670 0.811432 147 199 230
0.786296 -0.048141 -0.460746 -0.789767 0.223704 0.571161 26 156 200
-0.094295 0.130984 -0.409558 -0.751429 -0.538380 -0.381447 31 58 78
-0.024417 -0.015609 -0.453378 0.065841 0.083962 0.994291 135 138 254
0.278820 0.078141 0.763936 -0.824567 -0.233268 -0.515436 22 97 61
0.025442 0.033271 -0.088336 0.685672 -0.701388 0.194699 214 38 152
-0.345973 0.089732 -0.510282 -0.554401 -0.328712 -0.764584 56 85 30
0.241931 0.151135 0.528296 -0.631787 -0.429976 0.644954 46 72 209
0.013493 -0.101092 -0.625770 -0.275403 0.960344 0.043509 92 249 133
-0.053740 0.015348 -0.185856 -0.008691 -0.015805 0.999837 126 125 254
-0.272264 -0.117313 -0.275442 0.790750 0.555396 0.257390 228 198 160
0.410689 -0.066969 -0.558441 -0.998553 0.025596 -0.047292 0 130 121
0.163223 0.130957 -0.084485 -0.034062 -0.962150 0.270383 123 4 161
0.065575 0.099550 0.874695 -0.870428 -0.449459 0.200853 16 70 153
-0.555360 -0.010714 -0.578962 0.813879 0.002856 0.581027 231 127 201
0.168580 0.037259 -0.092693 0.689834 -0.266331 -0.673199 215 93 41
0.320666 0.213455 0.616276 -0.776631 -0.517237 0.359597 28 61 173
-0.412971 -0.138301 -0.586329 0.748398 0.458397 -0.479347 222 185 66
0.299087 -0.093781 0.355905 0.101274 0.178757 -0.978667 140 150 2
