ply
format ascii 1.0
element vertex 4096
property float x
property float y
property float z
property float nx
property float ny
property float nz
property uchar red
property uchar green
property uchar blue
end_header
-0.253858 -0.168622 -0.785094 0.318428 0.879823 0.352866 168 239 172
-0.066318 -0.146427 0.670840 0.727630 0.333829 -0.599260 220 170 51
0.002725 0.218170 0.084861 0.569986 -0.479849 -0.666979 200 66 42
0.231278 0.079479 0.768159 0.480203 -0.472038 -0.739314 188 67 33
0.903487 0.119897 0.118528 -0.723464 -0.465203 0.510084 35 68 192
-0.338508 -0.027540 -0.751845 -0.762533 -0.089023 0.640795 30 116 209
0.703564 -0.176151 0.159977 -0.586998 0.775056 -0.233927 52 226 97
-0.567348 0.164702 -0.732652 -0.466711 -0.615854 0.634747 67 48 208
-0.676587 0.188575 -0.477129 0.386636 -0.879554 -0.277303 176 15 92
-0.737477 0.047378 -0.565437 0.791886 0.173747 -0.585430 228 149 52
0.422064 -0.230450 0.645534 -0.256796 0.880060 -0.399437 94 239 76
0.197549 0.206832 0.477218 -0.572971 -0.817823 0.053567 54 23 134
0.384646 0.150565 0.382505 0.857844 -0.509587 -0.066519 236 62 119
-0.239233 0.026736 0.178129 0.248435 -0.754857 -0.607018 159 31 50
-0.665019 -0.411448 -0.453706 -0.131067 0.988955 0.069203 110 253 136
-0.652817 0.042506 -0.590414 -0.987138 -0.119415 0.106299 1 112 141
0.515028 0.219199 -0.103238 0.360620 -0.930836 0.059138 173 8 135
0.084974 -0.210772 -0.709239 -0.513063 0.845331 0.148938 62 235 146
0.818668 -0.059183 0.786595 -0.994665 -0.003867 0.103085 0 127 140
0.841313 0.122925 0.105163 -0.340529 -0.550780 -0.762025 84 57 30
0.517612 0.094435 0.145349 0.475841 -0.366089 -0.799721 188 80 25
0.764898 -0.101528 0.414329 -0.417227 0.103686 -0.902868 74 140 12
0.458807 -0.121720 0.712700 0.477094 0.696335 0.536189 188 216 195
-0.600465 -0.123081 -0.615847 -0.388130 0.323394 0.863002 78 168 237
0.815604 0.002417 0.031969 -0.955058 0.125600 0.268493 5 143 161
0.092446 0.038416 0.633122 0.897188 -0.357975 -0.258666 241 81 94
-0.679868 -0.203908 -0.633395 0.352352 0.823911 0.443868 172 232 184
0.559864 0.072561 0.755404 -0.872485 -0.077076 -0.482525 16 117 65
0.499982 -0.087412 0.412648 -0.583973 0.390320 0.711777 53 177 218
-0.111088 -0.029847 -0.748980 0.986016 -0.088998 -0.140899 253 116 109
0.473446 -0.159578 -0.241534 0.711795 0.674544 -0.195799 218 213 102
-0.666353 -0.077928 -0.418002 0.616907 0.242308 -0.748807 206 158 32
-0.096192 0.143367 0.374391 0.387256 -0.707210 0.591512 176 37 202
-0.094251 0.253551 0.478887 0.531932 -0.687928 -0.493765 195 39 64
-0.406752 -0.132636 -0.933619 0.024976 0.350469 0.936241 130 172 246
0.308940 0.262438 0.594109 -0.271520 -0.886535 -0.374610 92 14 79
-0.357718 0.106463 -0.666595 0.470709 -0.562214 -0.679963 187 55 40
0.047140 0.025665 -0.807635 -0.474935 -0.106780 0.873519 66 113 238
0.546496 -0.094845 -0.282649 -0.050249 0.675225 0.735898 121 213 221
-0.515694 0.244051 -0.778196 0.689697 -0.716259 -0.106262 215 36 113
0.538075 -0.061211 0.652313 0.844059 0.103672 -0.526134 235 140 60
-0.552122 0.083826 -0.009268 0.750269 -0.137610 -0.646653 223 109 45
0.700760 -0.314181 -0.036786 -0.241123 0.921471 -0.304550 96 244 88
0.554709 0.044467 0.690511 0.033907 -0.161421 -0.986303 131 106 1
-0.103148 -0.060969 -0.837123 -0.822812 0.084648 0.561974 22 138 199
-0.254990 -0.088530 -0.722908 0.938548 0.236486 -0.251399 247 157 95
-0.558865 0.303717 -0.418034 -0.072471 -0.793400 -0.604372 118 26 50
-0.147661 0.274471 0.326789 0.027707 -0.990065 0.137855 131 1 145
-0.150338 -0.179465 0.337544 -0.006184 0.609932 -0.792430 126 205 26
0.799196 0.134515 0.084974 -0.652654 -0.528343 0.543043 44 60 196
0.494010 0.312046 0.683210 -0.096796 -0.990626 0.096393 115 1 139
0.523135 0.036794 -0.270928 0.923747 -0.382986 -0.003614 245 78 127
0.256154 -0.175546 0.401343 -0.825229 0.561947 -0.056686 22 199 120
0.771753 -0.077267 0.723723 0.645264 0.307838 -0.699192 209 166 38
-0.563666 -0.107302 -0.393987 -0.754336 0.655766 -0.030800 31 211 123
-0.548335 -0.141832 -0.642615 0.844278 0.439463 -0.306703 235 183 88
-0.134389 0.009892 0.124884 0.004328 -0.387935 0.921676 128 78 245
0.530793 -0.161306 -0.246973 0.548616 0.828777 0.110229 197 233 141
-0.591988 0.003344 -0.368753 0.357304 0.150070 -0.921853 173 146 9
0.370041 -0.006755 0.204078 -0.526734 0.279691 0.802698 60 163 229
0.451654 -0.095238 -0.408735 -0.244341 0.472163 0.846971 96 187 235
-0.116707 0.083993 -0.695186 0.459871 -0.668360 0.584649 186 42 202
-0.458629 0.099266 0.103453 0.843617 -0.284319 -0.455491 235 91 69
0.138722 0.040318 -0.677742 -0.309947 -0.177651 0.934009 87 104 246
-0.117770 0.197065 0.063331 -0.612154 -0.636549 0.469120 49 46 187
0.093457 0.015331 -0.741228 -0.993017 0.023220 0.115663 0 130 142
-0.077163 0.077832 0.255474 -0.676926 -0.733085 -0.066011 41 34 119
0.795699 0.272816 0.720299 0.077433 -0.955632 -0.284204 137 5 91
-0.739865 0.041506 -0.413279 0.598116 -0.593086 -0.538986 203 51 58
0.477949 -0.030128 0.683461 -0.809178 0.225499 0.542569 24 156 196
-0.171270 0.232865 0.227807 0.723958 -0.284173 -0.628595 219 91 47
0.570251 0.162388 0.030987 -0.247656 -0.479230 -0.842025 95 66 20
-0.613946 -0.102087 -0.148884 0.340592 0.321677 -0.883471 170 168 14
0.410911 -0.141873 -0.399391 0.732897 0.551948 0.397763 220 197 178
0.058341 -0.056047 0.596164 -0.634753 -0.289002 -0.716636 46 90 36
0.035482 -0.073746 -0.550642 -0.048173 0.225570 0.973035 121 156 251
-0.083299 0.145979 0.434371 0.351268 -0.933064 0.077476 172 8 137
0.816030 0.105168 0.035319 -0.448034 -0.285051 0.847356 70 91 235
0.696379 -0.091487 0.713245 -0.778502 0.404640 -0.479793 28 179 66
0.305390 0.142259 0.694532 -0.766563 -0.620149 -0.166723 29 48 106
-0.055114 -0.033117 -0.791174 -0.064727 -0.170488 0.983231 119 105 252
-0.206482 -0.081157 0.450167 0.708703 0.145310 -0.690380 217 146 39
-0.556727 0.141795 -0.370783 -0.484530 -0.457972 0.745313 65 69 222
0.398051 0.151336 -0.397841 -0.720858 -0.521842 0.456119 35 60 185
0.541975 -0.035008 0.910099 0.768620 0.032497 -0.638879 225 131 46
-0.365162 -0.195833 -0.822848 0.072615 0.837383 0.541772 136 234 196
0.667036 0.161298 0.274177 -0.422175 -0.721994 0.548172 73 35 197
0.094772 0.210789 -0.540083 -0.004460 -0.907569 0.419879 126 11 181
-0.690851 -0.252814 -0.485291 0.093107 0.994854 0.039954 139 254 132
-0.512320 0.073605 -0.078136 0.430312 -0.642642 0.633911 182 45 208
0.084873 -0.160066 0.677644 -0.218084 0.879784 -0.422397 99 239 73
-0.391490 -0.132506 -0.601735 -0.897061 0.261670 0.356103 13 160 172
0.532645 -0.028410 0.058884 0.809083 0.586436 -0.038438 230 202 122
0.136432 -0.249118 -0.439680 -0.373858 0.747069 -0.549653 79 222 57
-0.109362 0.088686 -0.796165 0.266335 -0.574891 0.773670 161 54 226
0.601832 0.281543 0.058097 -0.218909 -0.873199 0.435434 99 16 183
-0.626527 0.008729 -0.639452 0.824925 0.044370 -0.563498 232 133 55
0.483474 0.202834 0.731612 -0.045062 -0.713887 -0.698809 121 36 38
0.771149 -0.186707 0.441294 -0.026872 0.925011 0.378989 124 245 175
0.188630 0.281237 -0.504382 -0.026057 -0.977353 -0.210005 124 2 100
-0.064347 0.048164 -0.874885 -0.863908 0.101539 0.493307 17 140 190
-0.638047 -0.072764 -0.746022 0.931565 0.337635 0.134867 246 170 144
-0.078930 0.162116 0.407215 0.720366 -0.604379 -0.340293 219 50 84
-0.648323 -0.155281 -0.184689 0.756359 0.561791 -0.335130 223 199 84
-0.348942 -0.191188 -0.671626 0.652030 0.677327 0.340712 210 213 170
0.394036 -0.060227 0.754158 -0.421065 0.546153 -0.724169 73 197 35
0.063361 -0.059157 -0.652606 -0.004687 0.163192 -0.986583 126 148 1
0.733392 0.175512 -0.005934 -0.501939 -0.549573 0.667852 63 57 212
0.530024 0.196830 0.094779 0.257779 -0.816595 0.516451 160 23 193
-0.121514 0.026075 0.452667 -0.764080 0.106502 -0.636270 30 141 46
0.091168 -0.076887 -0.536628 -0.271225 -0.022471 0.962254 92 124 250
-0.003153 -0.201917 -0.709265 0.138800 0.989794 -0.032286 145 253 123
-0.470544 0.117090 -0.931827 -0.447362 -0.188864 0.874184 70 103 238
-0.639459 0.191353 -0.555832 0.451382 -0.877994 0.159316 185 15 147
0.499927 -0.141747 -0.382344 -0.754238 0.259252 0.603252 31 160 204
-0.314435 0.087070 -0.886398 0.351212 -0.540503 0.764530 172 58 224
0.295193 0.082093 0.513910 0.117348 -0.121626 0.985615 142 111 253
-0.057259 -0.179151 0.548247 0.296920 0.362130 -0.883572 165 173 14
0.739025 -0.200331 0.042276 -0.235350 0.619440 0.748936 97 206 222
0.495173 0.234397 0.795268 0.536457 -0.637649 -0.552827 195 46 57
0.271181 -0.084757 0.236902 0.759376 0.046245 -0.649007 224 133 44
-0.257366 0.180630 0.256192 0.244623 -0.588702 -0.770447 158 52 29
-0.189373 -0.084845 0.364520 0.395925 0.771880 -0.497438 177 225 64
-0.542240 0.272235 -0.269153 -0.124781 -0.981668 -0.144077 111 2 109
0.008108 0.242943 -0.508013 -0.581037 -0.799600 0.151775 53 25 146
0.692140 0.050126 -0.333053 -0.908420 -0.217987 0.356727 11 99 172
0.249736 0.031386 0.448447 0.730624 -0.252249 -0.634475 220 95 46
-0.067665 -0.156775 0.509382 0.474275 0.618895 -0.626125 187 206 47
-0.336554 -0.244984 -0.723520 -0.434119 0.650257 0.623464 72 210 206
-0.576561 -0.010557 -0.153616 0.352589 -0.116981 -0.928438 172 112 9
0.150263 -0.008035 0.515310 -0.047429 -0.242088 0.969094 121 96 251
0.518142 0.166566 -0.154460 -0.048727 -0.695871 -0.716512 121 38 36
-0.449515 -0.066627 -0.705857 0.273266 0.559416 0.782547 162 198 227
-0.448337 0.243627 -0.623965 -0.142827 -0.857337 0.494545 109 18 190
-0.775325 0.122467 -0.643036 0.587283 -0.630262 0.507808 202 47 192
0.345509 -0.354559 -0.357799 0.060881 0.886477 -0.458751 135 240 69
-0.157075 0.070076 0.502570 0.104625 -0.231504 -0.967192 140 97 4
0.756264 -0.281421 0.603244 0.022574 0.843124 -0.537245 130 234 59
-0.257640 -0.046976 -0.615762 0.550140 0.229827 -0.802824 197 156 25
0.359102 -0.134755 0.019780 0.535478 0.735823 0.414523 195 221 180
-0.096000 0.106126 0.332031 0.158124 0.448435 -0.879718 147 184 15
0.072113 -0.067858 -0.785846 -0.903285 -0.039781 0.427192 12 122 181
-0.019969 0.154752 -0.707405 -0.469470 -0.789620 -0.395093 67 26 77
0.047359 0.167515 0.451413 0.079051 -0.974073 0.211973 137 3 154
-0.690631 -0.031599 -0.581148 -0.141729 0.539418 0.830025 109 196 233
0.887414 0.041994 0.708469 -0.951512 -0.242697 -0.189006 6 96 103
-0.553015 -0.011701 -0.815587 -0.683593 0.179225 0.707516 40 150 217
-0.565021 0.241810 -0.386534 -0.001814 -0.735474 -0.677550 127 33 41
-0.694767 -0.235175 -0.882495 -0.060630 0.575014 0.815894 119 200 231
0.465260 -0.047184 -0.362724 -0.655476 0.267918 -0.706096 43 161 37
-0.733695 -0.196628 -0.452701 0.742844 0.250156 -0.620971 222 159 48
0.307755 -0.102262 0.599252 -0.698060 0.388336 0.601588 38 177 204
0.567748 0.160200 -0.418134 -0.683503 -0.338297 0.646822 40 84 209
0.679977 0.276105 0.635165 0.274959 -0.708600 -0.649834 162 37 44
-0.509876 0.063999 -0.818582 0.918274 -0.379353 0.113423 244 79 141
-0.733998 -0.238694 -0.556957 0.219325 0.975553 -0.013867 155 251 125
-0.010452 -0.195168 -0.419914 -0.114957 0.836476 -0.535811 112 234 59
-0.163207 0.209762 -0.640143 -0.417095 -0.908072 0.037906 74 11 132
0.504387 0.099355 0.682069 -0.507730 -0.601784 0.616495 62 50 206
0.329291 0.007060 -0.100491 0.379552 -0.149664 -0.912985 175 108 11
0.984730 0.021782 0.522990 -0.927517 -0.037409 -0.371903 9 122 80
-0.683190 -0.147523 -0.128353 0.828975 0.425529 -0.362941 233 181 81
0.250178 0.115234 0.016446 0.946467 -0.207625 -0.247168 248 101 95
-0.549578 0.069022 -0.035563 0.897584 -0.429530 0.099229 241 72 140
-0.027552 0.131237 -0.813273 -0.668985 -0.323905 0.668988 42 86 212
0.031370 0.177131 0.018452 0.087626 -0.601201 -0.794279 138 50 26
0.573226 0.141291 -0.403678 -0.639953 -0.199915 0.741953 45 102 222
-0.006523 0.120404 -0.756410 0.658628 -0.741527 -0.127854 211 32 111
-0.431717 0.308704 -0.169587 0.284080 -0.957736 -0.045169 163 5 121
0.133673 0.207686 -0.487333 0.163759 -0.570488 -0.804814 148 54 24
-0.174828 0.072450 0.216076 -0.894935 -0.097511 0.435412 13 115 183
0.103535 0.004645 0.085815 -0.619345 -0.555142 -0.555184 48 56 56
0.493372 0.161196 0.781199 0.504517 -0.863399 0.002196 191 17 127
0.785040 -0.239101 0.555742 -0.228359 0.966845 0.114297 98 250 142
-0.685164 -0.149030 -0.305215 0.889710 0.366727 0.271895 240 174 162
-0.555782 -0.075557 -0.764393 -0.714847 0.409468 0.566859 36 179 199
0.060649 -0.166162 0.668550 0.770868 0.553924 -0.314534 225 198 87
-0.291488 0.117032 -0.763263 0.133865 -0.453816 0.880983 144 69 239
0.743290 -0.020321 0.653049 0.381734 0.117717 -0.916745 176 142 10
0.106485 0.026782 -0.648226 0.161304 -0.249555 -0.954832 148 95 5
0.232972 -0.068370 0.716088 -0.269420 0.505133 -0.819911 93 191 22
-0.244326 -0.238832 -0.038528 0.130241 0.967856 -0.215157 144 250 100
0.709699 0.176444 0.453499 0.486230 -0.335354 -0.806919 189 84 24
-0.607226 -0.067116 -0.594395 0.785050 0.317672 -0.531771 227 168 59
-0.195282 0.140281 0.308264 0.897042 -0.229277 0.377819 241 98 175
-0.636568 0.032621 -0.341721 0.780377 -0.116889 0.614287 226 112 205
-0.391478 0.242982 -0.697805 -0.514690 -0.824218 -0.236134 61 22 97
0.432956 0.008399 -0.348632 -0.153843 -0.006082 0.988077 107 126 253
-0.488827 -0.013770 -0.658485 0.644332 0.090553 0.759366 209 139 224
0.130398 -0.252544 -0.637776 -0.256136 0.865161 0.431150 94 237 182
-0.743550 -0.065469 -0.691782 0.217215 0.117633 0.969010 155 142 251
0.084190 0.129759 -0.812234 -0.886794 -0.164166 0.432026 14 106 182
0.004062 -0.210420 0.455260 -0.041725 0.911276 0.409676 122 243 179
-0.563584 0.281740 -0.821648 -0.072868 -0.972303 0.222076 118 3 155
0.149164 -0.167154 -0.518198 -0.693659 0.612120 -0.379666 39 205 79
-0.590450 0.210362 -0.453230 -0.287188 -0.941604 0.175799 90 7 149
0.348603 0.029152 -0.400634 -0.206633 0.023372 0.978139 101 130 252
-0.595912 -0.112895 -0.652032 0.832142 0.525786 -0.176322 233 194 105
0.532969 -0.056969 0.175899 -0.827918 0.010642 0.560748 21 128 198
0.882151 0.009403 0.584851 -0.861534 -0.364770 -0.353130 17 80 82
-0.215075 -0.068890 -0.819681 0.845826 0.245393 0.473668 235 158 187
-0.084407 0.222589 0.507265 0.679045 -0.567627 -0.465509 214 55 68
-0.355244 0.013774 -0.864983 -0.656301 0.115777 0.745564 43 142 222
0.419948 -0.146507 0.764740 -0.637704 0.682567 -0.356981 46 214 81
0.035312 0.186408 0.166683 -0.556172 -0.746188 0.365890 56 32 174
-0.125346 -0.230300 -0.558238 0.575418 0.634185 -0.516434 200 208 61
-0.096386 0.101761 0.327285 -0.371448 -0.706428 0.602483 80 37 204
0.591451 0.212812 -0.053734 -0.567053 -0.791270 0.228786 55 26 156
-0.347611 -0.045705 0.086585 0.872740 0.269662 -0.406949 238 161 75
0.557883 -0.036126 -0.122092 0.958805 -0.117282 -0.258725 249 112 94
-0.719638 -0.192259 -0.406598 0.251646 0.848392 -0.465731 159 235 68
0.651971 0.201106 0.842355 -0.026101 -0.564902 -0.824745 124 55 22
0.908412 -0.047425 0.458932 -0.728256 0.086567 -0.679816 34 138 40
0.469693 -0.240006 -0.149755 -0.778148 0.597291 0.194240 28 203 152
-0.169722 0.135038 0.528064 0.685725 -0.300306 -0.663022 214 89 42
0.277555 -0.315765 0.685736 0.573517 0.817343 -0.055045 200 231 120
0.533120 -0.011118 -0.031468 -0.762284 -0.014508 0.647080 30 125 210
0.080455 0.380885 0.469415 -0.170973 -0.985251 0.006935 105 1 128
0.489888 0.200701 0.581800 0.793184 -0.536502 -0.288140 228 59 90
-0.305485 0.152195 0.103833 0.598480 -0.789804 -0.134283 203 26 110
0.515028 -0.003417 0.281974 0.004184 -0.365553 -0.930781 128 80 8
-0.187229 -0.254791 0.294134 0.163912 0.736008 -0.656829 148 221 43
-0.272107 0.039419 -0.354539 -0.864248 -0.275948 0.420629 17 92 181
0.454007 0.082697 0.078782 0.562627 -0.456404 -0.689308 199 69 39
-0.269506 0.218928 0.125501 -0.465682 -0.867633 -0.174222 68 16 105
0.406846 -0.179996 -0.247314 0.397011 0.917702 -0.014308 178 244 125
-0.020949 -0.193051 0.490226 0.011689 0.910959 0.412331 128 243 180
0.204795 0.098829 0.653500 -0.761911 -0.027214 0.647110 30 124 210
-0.450027 -0.213576 -0.769414 0.670538 0.669211 -0.320213 212 212 86
-0.656461 0.162503 -0.810741 0.193682 -0.765066 0.614134 152 29 205
-0.096748 0.055517 0.586326 0.897672 -0.139026 -0.418159 241 109 74
-0.207475 -0.310699 -0.950445 -0.445907 0.535226 0.717427 70 195 218
-0.627489 -0.157628 -0.568140 -0.704247 0.551445 0.447152 37 197 184
0.263672 -0.224287 -0.385286 -0.166370 0.937204 0.306544 106 246 166
-0.688314 0.154171 -0.297994 0.652186 -0.507477 0.563134 210 62 199
0.197487 0.065944 0.765251 0.779086 -0.302220 -0.549261 226 88 57
0.108873 0.200852 0.421776 -0.566957 -0.666910 0.483519 55 42 189
0.040095 0.074739 -0.479108 0.303096 -0.335691 -0.891877 166 84 13
0.852573 -0.017503 0.828470 -0.735895 0.039451 -0.675945 33 132 41
-0.054887 0.209638 -0.823095 -0.432626 -0.502420 0.748605 72 63 222
0.764532 0.107336 0.072874 0.630203 -0.693717 -0.348712 207 39 83
-0.426600 0.262029 -0.668189 -0.231112 -0.950447 0.207936 98 6 154
0.642981 0.045111 0.131919 0.950139 -0.251547 -0.184281 248 95 104
0.531024 -0.112022 -0.029906 -0.232464 0.845956 0.479915 97 235 188
0.540034 0.212143 -0.191467 0.316804 -0.692243 0.648410 167 39 210
-0.388609 0.200272 -0.097407 -0.571392 -0.770819 0.281689 54 29 163
-0.547689 0.090676 -0.170425 -0.235734 -0.744557 -0.624552 97 32 47
0.672297 -0.193865 0.251318 -0.314134 0.639684 -0.701515 87 209 38
-0.450184 0.105915 -0.063960 0.199444 -0.319344 -0.926413 152 86 9
-0.562493 0.248630 -0.391529 0.192249 -0.966674 0.169059 152 4 149
0.316127 -0.202048 -0.305411 -0.329473 0.828100 -0.453539 85 233 69
-0.358333 0.069886 -0.065732 -0.265174 0.071529 0.961544 93 136 250
0.707663 -0.187196 0.195257 0.608627 0.764313 0.213072 205 224 154
0.040354 0.130713 0.523775 -0.309273 -0.747377 0.588029 88 32 202
-0.266658 -0.105252 -0.016173 0.511012 0.668580 0.540248 192 212 196
-0.046277 0.134130 -0.816941 -0.620328 -0.444576 0.646178 48 70 209
-0.066799 0.043120 -0.724042 0.407692 -0.119701 0.905240 179 112 242
0.244464 -0.182188 -0.649927 -0.815439 0.499289 -0.292865 23 191 90
-0.671951 -0.015570 -0.340645 0.187288 0.054302 -0.980803 151 134 2
0.001286 0.014422 0.573878 0.317482 -0.095099 -0.943484 167 115 7
-0.185787 -0.134576 -0.343682 -0.017553 0.765601 0.643077 125 225 209
0.724385 -0.171256 0.659888 -0.595906 0.652950 0.467496 51 210 187
0.408518 0.135855 -0.578486 -0.866432 -0.201927 0.456642 17 101 185
-0.109942 -0.084379 0.023568 0.549939 0.289769 -0.783327 197 164 27
0.185372 -0.197040 0.918132 0.158109 0.306895 -0.938519 147 166 7
0.031993 -0.044867 0.244292 0.178302 0.079127 0.980789 150 137 252
0.487714 0.083964 -0.045868 -0.774110 -0.309517 0.552226 28 88 197
-0.153901 0.056118 -0.679811 0.971071 -0.090316 -0.221051 251 115 99
0.093322 0.028909 -0.634541 0.908079 -0.130659 0.397896 243 110 178
0.453622 -0.127725 -0.433603 -0.704432 0.371230 0.604950 37 174 204
-0.710558 0.252119 -0.430836 0.480183 -0.825330 -0.297076 188 22 89
0.232143 0.272085 -0.363606 -0.232455 -0.936693 0.261862 97 8 160
-0.739302 -0.153866 -0.514968 0.405171 0.727593 0.553575 179 220 198
0.375751 -0.161895 -0.415562 -0.512778 0.314371 0.798893 62 167 229
0.480560 0.349790 0.706461 -0.261571 -0.960893 -0.090910 94 4 115
0.782590 -0.059744 0.089902 -0.473554 0.206746 0.856156 67 153 236
0.648348 0.062633 -0.182680 -0.160187 0.015739 0.986961 107 129 253
0.439128 0.230590 0.754911 -0.349778 -0.846359 0.401662 82 19 178
0.602620 0.011359 0.558185 -0.607740 -0.197752 0.769120 50 102 225
0.680522 -0.214843 0.565559 -0.558018 0.718843 0.414585 56 219 180
0.855630 -0.175497 0.245149 -0.523800 0.716542 0.460653 60 218 186
0.710013 -0.084681 0.043903 -0.798292 0.165746 0.579015 25 148 201
-0.229563 0.046855 0.266465 0.530692 -0.256535 0.807809 195 94 230
-0.237856 0.137369 0.182042 0.636362 -0.753145 -0.166780 208 31 106
0.344343 0.022156 0.759130 0.878698 -0.099392 -0.466916 239 114 67
0.167395 -0.221944 -0.456529 0.257154 0.813254 -0.522006 160 231 60
0.444808 0.268088 -0.220367 -0.119231 -0.991223 -0.057107 112 1 120
-0.713516 0.159802 -0.694138 0.396716 -0.781596 0.481377 178 27 188
0.820887 -0.002637 0.525868 -0.725829 0.641956 -0.247111 34 209 95
0.038462 -0.138764 -0.674636 0.185991 0.893070 0.409674 151 241 179
0.420975 -0.094502 -0.449011 -0.372532 0.738856 -0.561527 80 221 55
0.651069 0.209551 0.119645 -0.660246 -0.490876 -0.568434 43 64 55
-0.625256 -0.097254 -0.301225 0.686387 0.566770 -0.455680 215 199 69
-0.456720 0.222205 -0.295137 -0.099272 -0.958231 0.268212 114 5 161
0.358974 0.296541 -0.534895 -0.690406 -0.721418 0.053810 39 35 134
0.080830 0.021556 0.226331 -0.910024 -0.390054 0.140405 11 77 145
0.250691 -0.259464 0.258619 0.101181 0.846198 0.523174 140 235 194
0.231272 -0.149128 -0.381907 -0.461130 0.681570 0.568173 68 214 199
0.094839 -0.037041 0.130546 0.455337 -0.200087 0.867545 185 101 238
-0.541465 0.060353 -0.481826 0.669037 -0.212913 -0.712080 212 100 36
-0.667699 -0.173366 -0.789126 -0.313667 0.383152 0.868797 87 176 238
0.615888 -0.174916 0.682990 -0.382766 0.781102 -0.493325 78 227 64
0.554841 -0.176330 -0.038101 -0.297316 0.642734 -0.706042 89 209 37
-0.277436 0.216161 0.029858 0.448997 -0.808721 0.379962 184 24 175
-0.616842 -0.141343 -0.744576 0.871192 0.479996 -0.103095 238 188 114
-0.529943 -0.092693 -0.077515 0.812662 0.076933 -0.577634 231 137 53
0.257577 -0.156775 0.595090 0.063871 0.996944 -0.044973 135 254 121
-0.278233 0.216174 -0.040958 -0.412053 -0.765904 0.493562 74 29 190
0.555812 0.009753 0.592060 0.999919 0.003956 0.012132 254 128 129
0.006970 -0.143806 0.692819 0.406534 0.662476 -0.629171 179 211 47
-0.432638 -0.055874 -0.532119 -0.690242 0.668163 0.277712 39 212 162
-0.156127 0.039375 -0.808110 -0.284705 -0.115569 0.951623 91 112 248
-0.183554 -0.236261 0.239770 -0.290590 0.845816 -0.447384 90 235 70
-0.429942 -0.233443 -0.075602 0.155356 0.865996 0.475305 147 237 188
0.322515 0.033630 0.822544 0.948688 0.205487 -0.240347 248 153 96
0.353583 -0.228249 0.718872 -0.119279 0.836224 0.535259 112 234 195
0.564613 0.095065 0.334038 -0.305012 -0.575093 0.759102 88 54 224
0.017386 -0.124716 0.667110 0.298284 0.891182 -0.341791 165 241 83
0.368436 -0.073646 0.802418 0.047683 0.250993 -0.966814 133 159 4
0.484595 0.030473 -0.493635 -0.159263 -0.262993 0.951562 107 93 248
0.053594 -0.073933 0.683506 0.644019 0.498127 -0.580611 209 191 53
-0.048130 -0.230482 0.383095 0.200887 0.871722 -0.446929 153 238 70
0.522841 0.165472 0.112418 -0.748462 -0.598216 0.286254 32 51 163
0.302040 -0.019242 -0.766116 -0.737219 -0.036158 0.674685 33 122 213
0.305312 0.112510 0.859196 0.243636 -0.199485 -0.949130 158 102 6
0.095047 -0.065920 -0.607665 0.678326 0.136996 -0.721877 213 144 35
0.011767 0.201303 0.416032 -0.766896 -0.484024 -0.421416 29 65 73
0.547474 0.132379 0.783536 0.406202 -0.794665 -0.451118 179 26 69
-0.688616 0.136566 -0.812029 0.878349 -0.232325 0.417765 239 97 180
0.768986 -0.088742 0.175217 0.554036 0.277319 -0.784945 198 162 27
-0.532202 -0.147842 -0.622712 0.900919 0.408528 -0.146457 242 179 108
0.621059 0.017025 0.740157 -0.346001 -0.211398 -0.914108 83 100 10
-0.393382 0.242494 0.033647 0.239969 -0.872276 0.426087 158 16 181
-0.190744 0.239986 -0.755802 -0.514715 -0.839560 -0.173801 61 20 105
0.597931 0.056745 0.634836 0.968873 -0.146731 -0.199385 251 108 102
-0.711304 0.029365 -0.657403 0.961838 -0.183858 0.202643 250 104 153
-0.178791 -0.224825 -0.771125 -0.577499 0.775496 0.255149 53 226 160
-0.500357 -0.054159 -0.815359 -0.867952 0.245540 0.431705 16 158 182
-0.028270 -0.236431 0.494918 0.111267 0.963366 -0.244019 141 250 96
-0.343747 -0.281618 -0.001255 -0.008363 0.784350 0.620263 126 227 206
0.646801 0.080289 0.764457 0.399446 -0.879771 -0.257770 178 15 94
0.609296 -0.209569 -0.221050 -0.427486 0.682717 0.592582 72 214 203
0.800751 0.162941 -0.179868 -0.863048 -0.302454 0.404560 17 88 179
0.581012 -0.027580 -0.051767 -0.487881 0.363654 0.793554 65 173 228
-0.741009 -0.086331 -0.552169 0.976131 0.113202 -0.185344 251 141 103
0.851364 -0.016829 0.526942 -0.394790 0.198304 -0.897116 77 152 13
0.567728 -0.200896 -0.191826 -0.565062 0.781202 0.265384 55 227 161
0.663496 -0.221589 -0.077397 -0.112929 0.971275 0.209457 113 251 154
0.397954 0.123752 -0.051791 0.512407 -0.128353 -0.849096 192 111 19
0.687257 -0.085440 0.089852 0.850653 0.523052 0.052978 235 194 134
-0.052549 0.142976 0.211658 0.512312 -0.606271 -0.608253 192 50 49
0.002982 -0.155180 0.710593 0.520713 0.337484 -0.784195 193 170 27
-0.586291 0.153500 -0.314783 0.272840 -0.955394 -0.113049 162 5 113
-0.533169 -0.188016 -0.069491 0.306320 0.771496 -0.557639 166 225 56
-0.493784 -0.090258 -0.789340 -0.213239 0.792730 0.571059 100 228 200
0.357837 -0.041271 -0.266537 0.886717 0.198246 -0.417651 240 152 74
-0.596018 -0.059084 -0.188546 0.303504 0.101842 -0.947372 166 140 6
-0.633367 -0.190815 -0.351665 0.285815 0.699180 -0.655330 163 216 43
-0.161001 0.223804 0.498004 0.309287 -0.449967 -0.837777 166 70 20
-0.659174 0.209282 -0.379896 0.089805 -0.943944 -0.317654 138 7 86
0.678317 0.117494 -0.258141 -0.878914 -0.457830 0.133795 15 69 144
0.395649 0.180004 0.836831 0.206528 -0.962308 -0.176945 153 4 104
0.250536 -0.220084 0.040058 0.269858 0.942641 -0.196483 161 247 102
0.394569 -0.289768 0.699495 -0.363871 0.661954 0.655298 81 211 211
0.404722 0.144333 -0.389317 -0.381439 -0.643455 0.663679 78 45 212
-0.694087 -0.039194 -0.673605 0.642816 0.228930 0.731012 209 156 220
0.628360 -0.163177 0.676354 -0.249653 0.839537 -0.482547 95 234 65
-0.608779 -0.176253 -0.713359 0.687442 0.680549 0.253528 215 214 159
-0.853666 -0.147777 -0.480615 0.825157 0.564889 -0.004084 232 199 126
0.487781 0.033613 0.132568 0.895779 -0.177923 -0.407336 241 104 75
-0.416746 -0.038717 -0.637695 0.438023 -0.445169 0.781000 183 70 227
0.171566 0.045109 0.695448 0.962478 -0.143722 -0.230174 250 109 98
0.837365 0.183356 0.735718 -0.488330 -0.817607 -0.305046 65 23 88
-0.416930 -0.089870 -0.774466 0.804278 0.509372 0.306066 230 192 166
-0.690838 0.050720 -0.294914 0.370682 -0.731159 -0.572714 174 34 54
0.007601 0.150478 0.218946 -0.733423 -0.498722 0.461917 33 63 186
-0.508125 -0.174490 -0.179076 -0.860641 0.502462 0.082641 17 191 138
0.083062 0.012095 0.774274 -0.927530 -0.271122 0.257258 9 92 160
-0.741777 0.062155 -0.342676 0.570773 -0.486508 -0.661459 200 65 43
0.797417 0.011730 0.394941 -0.939201 -0.225889 0.258602 7 98 160
-0.395827 0.046528 -0.865372 0.057363 -0.309599 0.949135 134 88 248
-0.086317 0.237798 0.552862 0.301504 -0.788072 -0.536692 165 27 59
-0.690841 0.007591 -0.656446 0.530884 0.118369 -0.839137 195 142 20
0.652444 0.103524 0.050200 -0.068438 -0.961652 0.265596 118 4 161
-0.453246 0.297186 -0.060038 0.224002 -0.962591 0.152451 156 4 146
0.527665 0.142405 -0.399872 0.178560 -0.742498 0.645610 150 32 209
-0.775235 -0.096633 -0.809508 0.597053 0.373078 0.710169 203 175 218
-0.167132 0.138441 0.337680 0.646324 -0.725745 0.235711 209 34 157
0.372215 0.195578 -0.405301 0.533993 -0.839705 -0.098731 195 20 114
0.447000 0.084978 -0.051492 -0.637360 -0.449482 0.625889 46 70 207
-0.037210 -0.191824 0.397482 -0.031903 0.755637 -0.654213 123 223 44
0.012178 0.212141 0.236196 -0.327732 -0.425709 0.843424 85 73 235
0.812473 -0.138863 0.237722 -0.786783 0.380662 0.485870 27 176 189
-0.250241 0.146994 0.018142 -0.744897 -0.369005 0.555845 32 80 198
-0.261190 -0.206414 -0.889697 0.387793 0.649584 0.653954 176 210 210
-0.710113 0.174099 -0.646456 0.651057 -0.722954 0.231219 210 35 156
0.789822 0.011018 0.363628 -0.365073 -0.047502 -0.929766 80 121 8
-0.167997 0.019155 -0.075563 -0.818610 0.556169 -0.143367 23 198 109
0.009127 -0.277671 0.615287 0.416760 0.831195 -0.368004 180 233 80
0.137364 -0.293417 0.533692 0.041150 0.969599 0.241216 132 251 158
0.464516 0.061655 0.782923 -0.687200 -0.055261 0.724364 39 120 219
0.705073 0.087041 -0.345247 -0.649253 -0.222169 0.727400 44 99 220
-0.562521 0.119253 -0.523764 -0.538134 -0.482465 -0.691115 58 65 39
0.750596 0.085482 -0.101176 -0.947357 -0.230066 -0.222677 6 98 99
0.732675 -0.009283 0.156288 0.735289 -0.036260 -0.676783 221 122 41
-0.754694 -0.115625 -0.583273 0.613258 0.788422 -0.048011 205 228 121
-0.495274 -0.044950 -0.274734 -0.939058 0.255448 0.230038 7 160 156
-0.596874 0.011599 -0.769012 0.948286 -0.068124 0.310022 248 118 167
0.020638 0.188851 0.552924 0.741232 -0.638888 -0.205905 222 46 101
0.684258 -0.146256 0.026402 -0.574339 0.806076 0.142744 54 230 145
0.510756 -0.112003 -0.015923 -0.192879 0.736825 0.647986 102 221 210
-0.299293 -0.210668 -0.755102 0.280335 0.903147 0.325174 163 242 168
0.357388 0.132306 0.449581 -0.359576 -0.771157 -0.525377 81 29 60
0.846954 0.010104 0.171712 -0.860956 0.086658 0.501244 17 138 191
0.526670 0.173155 -0.336005 -0.356023 -0.731715 0.581240 82 34 201
0.201385 0.337719 0.651962 -0.323519 -0.908414 0.264803 86 11 161
0.403796 -0.217885 -0.271533 -0.473462 0.825413 0.307453 67 232 166
0.711689 -0.020544 -0.030913 -0.816692 -0.474291 -0.328729 23 67 85
0.656545 0.156205 0.032042 0.753110 -0.595769 -0.279079 223 51 91
0.748702 0.031734 0.782358 0.279546 -0.135634 -0.950504 163 110 6
-0.755627 0.135733 -0.357635 0.878190 -0.440550 -0.186276 239 71 103
0.658579 0.032078 0.239196 0.959806 -0.114761 -0.256131 249 112 94
0.196182 -0.121816 -0.698642 -0.266405 0.611651 0.744924 93 205 222
0.258463 -0.353732 -0.522226 0.002440 0.998615 -0.052555 127 254 120
-0.040076 0.017264 0.552916 -0.021649 0.045460 -0.998732 124 133 0
-0.640871 -0.230871 -0.585899 -0.342933 0.934332 0.097060 83 246 139
-0.645606 0.094319 -0.613963 0.752536 -0.642761 -0.143347 223 45 109
0.366641 -0.072456 -0.363413 -0.768274 0.279311 0.575969 29 163 200
-0.377335 0.070707 -0.817040 -0.822776 -0.470271 0.319193 22 67 168
-0.192542 0.206635 -0.467665 0.163832 -0.943938 0.286601 148 7 164
-0.497875 0.085802 -0.674531 0.843382 -0.380725 0.379150 235 78 175
0.243327 -0.076216 -0.443434 -0.118336 0.194328 -0.973773 112 152 3
0.618553 -0.048320 0.673514 -0.934029 -0.031987 0.355761 8 123 172
0.311909 0.238620 -0.498608 -0.141151 -0.756324 0.638788 109 31 208
-0.852241 0.115297 -0.544816 0.928495 -0.204110 -0.310221 245 101 87
-0.510193 -0.073825 -0.789507 0.907285 0.400266 0.128924 243 178 143
-0.444975 0.017506 -0.544219 0.750460 -0.215324 -0.624856 223 100 47
-0.717453 -0.170070 -0.610228 -0.180254 0.676303 0.714229 104 213 218
0.656480 -0.291945 0.101427 -0.198134 0.977992 -0.065386 102 252 119
-0.104786 0.061914 0.313807 -0.602375 -0.209739 0.770165 50 100 225
-0.411580 0.020588 0.181789 0.819975 -0.129009 -0.557672 232 111 56
-0.247551 0.127682 0.134253 -0.373916 -0.710146 0.596556 79 36 203
0.709406 0.041398 0.821994 0.030578 -0.102525 -0.994260 131 114 0
0.470033 0.109272 0.846009 -0.648477 -0.320464 -0.690493 44 86 39
0.131917 -0.239036 -0.678464 0.130727 0.877059 0.462253 144 239 186
0.769389 -0.214392 0.743810 -0.400238 0.712753 0.576014 76 218 200
-0.301072 0.176628 -0.799605 0.839163 -0.412880 -0.354028 234 74 82
-0.643402 -0.125291 -0.260485 0.504249 0.673970 -0.539904 191 213 58
0.264067 0.238024 0.763143 -0.259610 -0.805551 0.532626 94 24 195
0.450569 0.167305 0.512324 -0.564817 -0.287744 0.773425 55 90 226
-0.152730 -0.052867 0.314984 0.854654 0.155322 -0.495420 236 147 64
0.037300 0.003743 -0.423132 -0.874932 -0.028985 0.483378 15 123 189
0.754359 0.109795 0.140500 0.789226 -0.170214 -0.590042 228 105 52
0.678419 -0.034615 0.385256 -0.727071 0.108769 -0.677892 34 141 41
0.702943 0.273975 0.605705 -0.236604 -0.946875 0.217820 97 6 155
-0.731039 -0.180219 -0.337226 0.244066 0.599075 -0.762589 158 203 30
0.098392 -0.052908 0.766143 0.648568 0.067768 -0.758134 210 136 30
0.534464 0.216925 0.242134 -0.652292 -0.634738 -0.414274 44 46 74
-0.261025 0.007447 -0.266379 -0.339918 -0.316181 0.885712 84 87 240
0.655497 -0.011161 -0.202971 -0.961198 0.059597 -0.269345 4 135 93
0.019939 -0.113842 -0.764263 -0.684917 0.544698 0.483935 40 196 189
0.575131 -0.108117 0.295318 0.836338 0.343875 0.426953 234 171 181
0.793659 0.109944 0.612266 -0.691029 -0.697057 -0.191286 39 38 103
-0.099007 0.104377 -0.776664 -0.741242 -0.545255 0.391481 32 57 177
-0.104135 0.050517 -0.514037 0.973484 -0.181222 -0.139599 251 104 109
-0.365751 -0.185862 0.176032 0.911404 0.294832 -0.287083 243 165 90
0.256385 0.103437 -0.295819 0.916279 -0.289864 -0.276427 244 90 92
-0.346344 0.052778 -0.770382 -0.734448 -0.527093 0.427504 33 60 182
-0.287245 -0.330921 -0.274325 -0.105275 0.992482 -0.062431 114 254 119
-0.087577 -0.012827 0.434011 0.927172 0.247142 -0.281554 245 159 91
0.186535 -0.033952 -0.612464 -0.722145 0.289963 0.628035 35 164 207
0.767788 -0.018506 0.037307 -0.657077 0.713637 -0.242843 43 218 96
-0.148768 0.049671 -0.789455 -0.512480 -0.854776 0.081989 62 18 137
-0.146243 -0.231029 0.307205 0.088357 0.949961 0.299612 138 248 165
-0.720971 0.229796 -0.348237 -0.114553 -0.922810 0.367831 112 9 174
-0.729297 0.184710 -0.605778 0.855685 -0.517474 -0.004864 236 61 126
0.737994 -0.120684 -0.066688 -0.792584 0.600236 0.107361 26 204 141
-0.094017 -0.085688 -0.667167 0.905926 0.394859 -0.152919 243 177 108
-0.522698 -0.183064 -0.068291 0.510701 0.648399 -0.564591 192 210 55
0.753162 0.214419 0.266395 -0.432901 -0.894164 0.114316 72 13 142
-0.723662 -0.293871 -0.365640 0.272441 0.661065 -0.699120 162 211 38
-0.710617 -0.016092 -0.848507 0.109792 -0.117827 0.986946 141 112 253
0.251757 0.082185 0.297607 0.816544 -0.525314 -0.239378 231 60 96
0.398383 -0.055299 -0.551008 -0.518587 0.075114 0.851719 61 137 236
0.038843 0.035408 -0.300723 -0.113516 -0.360778 -0.925718 113 81 9
-0.094185 -0.031522 0.463453 0.716915 -0.147142 -0.681456 218 108 40
0.121857 0.071984 0.688310 -0.923945 -0.213278 -0.317551 9 100 87
0.229153 0.158011 -0.655136 -0.812896 -0.541764 0.213755 23 58 154
0.128762 0.011310 0.536162 -0.995547 -0.094153 -0.004680 0 115 126
0.265418 -0.064438 0.452366 -0.984516 -0.047711 -0.168675 1 121 105
-0.482014 0.281883 -0.270856 -0.087524 -0.850932 0.517933 116 19 193
-0.380692 -0.149790 -0.068554 0.158751 0.733487 0.660904 147 221 211
-0.388182 -0.091696 -0.871807 0.603809 0.398741 0.690232 204 178 215
-0.377938 0.152329 -0.782881 -0.233958 -0.451647 0.860975 97 69 237
0.317705 0.286086 0.432055 -0.362364 -0.841503 0.400705 81 20 178
0.037168 0.046076 -0.525053 0.682233 -0.056358 -0.728959 214 120 34
-0.100317 0.257869 0.533206 0.392482 -0.715916 -0.577428 177 36 53
0.159298 -0.323598 0.598687 0.460316 0.844676 -0.273188 186 235 92
-0.200308 0.096181 -0.671916 -0.488483 -0.607406 0.626453 65 50 207
0.533608 -0.336317 0.344805 -0.614972 0.698812 0.365338 49 216 174
0.684465 0.190591 0.708533 -0.438786 -0.898515 0.011728 71 12 128
-0.050070 -0.373680 0.644462 0.533589 0.795625 -0.286816 195 228 90
0.741932 -0.103013 0.061093 -0.713944 0.447416 0.538612 36 184 196
0.759284 0.026291 0.471609 0.526004 -0.812009 -0.252905 194 23 95
-0.104886 0.171523 -0.832930 -0.044732 -0.671822 0.739361 121 41 221
-0.487050 -0.040653 -0.380871 0.987005 0.120146 -0.106702 253 142 113
0.049595 -0.082778 -0.657313 0.127062 0.262001 0.956667 143 160 249
0.107899 0.217087 -0.758654 -0.249083 -0.778044 0.576719 95 28 201
-0.127728 -0.232118 0.128769 -0.290613 0.904242 -0.312875 90 242 87
0.439133 -0.037567 -0.363229 0.024196 0.345187 0.938222 130 171 247
-0.655140 -0.107785 -0.301824 0.891660 0.191975 -0.409986 241 151 75
0.083275 0.127834 -0.729461 -0.355431 -0.347863 0.867560 82 83 238
-0.334500 0.263369 -0.006684 -0.125050 -0.851715 0.508865 111 18 192
0.502435 -0.146214 0.057507 -0.661952 0.660254 0.354800 43 211 172
0.722877 -0.055784 0.464792 0.245548 0.680424 -0.690456 158 214 39
0.278610 -0.190690 0.355311 -0.414551 0.909919 -0.013942 74 243 125
0.259689 -0.041391 -0.381123 -0.471810 0.014349 -0.881584 67 129 15
0.619575 0.275723 0.303224 0.203494 -0.977935 -0.047268 153 2 121
-0.076613 0.170465 0.338865 0.038628 -0.633639 0.772664 132 46 226
-0.537927 -0.147186 -0.846362 -0.145981 0.629381 0.763262 108 207 224
-0.509574 0.064893 -0.042730 0.973391 -0.146638 -0.176092 251 108 105
-0.608811 -0.085382 -0.467109 0.847832 0.269008 0.456964 235 161 185
0.047732 0.156516 0.558667 0.226084 -0.925491 -0.303896 156 9 88
-0.070018 -0.353722 0.002354 0.064489 0.759640 -0.647138 135 224 44
0.306095 -0.195316 -0.068033 0.289702 0.871274 -0.396176 164 238 76
0.084015 0.112749 -0.721575 0.273967 -0.179774 0.944788 162 104 247
-0.635167 0.224652 -0.318277 -0.219700 -0.957483 0.186974 99 5 151
-0.565715 0.035061 -0.705864 -0.602961 0.108860 -0.790308 50 141 26
0.244868 -0.102165 0.509827 0.723352 0.061920 -0.687698 219 135 39
-0.635590 -0.012511 -0.232871 0.530400 -0.093972 -0.842523 195 115 20
0.674077 0.293928 -0.197270 -0.819884 -0.448748 0.355549 22 70 172
-0.655466 -0.074070 -0.321449 0.992759 -0.004102 -0.120053 254 126 112
0.734861 0.041723 0.379728 0.441965 -0.156416 -0.883290 183 107 14
0.645894 -0.156587 -0.193058 -0.147563 0.698528 0.700203 108 216 216
0.346230 -0.039139 0.236511 0.025698 0.810876 -0.584654 130 230 52
-0.397113 -0.246336 -0.641203 -0.792759 0.608959 0.026504 26 205 130
-0.056725 -0.103958 0.464898 0.861865 0.324328 -0.389871 237 168 77
0.504473 -0.120133 0.777539 -0.543418 0.809643 0.221755 58 230 155
0.271494 -0.024626 0.878572 0.656784 -0.094650 -0.748115 211 115 32
-0.647133 0.057494 -0.410075 0.837358 -0.538307 0.095175 234 58 139
0.062451 0.076333 0.207258 -0.656930 -0.544695 0.521298 43 58 193
0.024473 0.123315 0.338276 0.152980 -0.867963 0.472480 147 16 187
-0.010452 0.236456 -0.635452 -0.156009 -0.987660 -0.013749 107 1 125
0.325023 -0.022200 -0.006289 0.012884 0.993504 0.113063 129 254 141
0.185854 0.081899 0.842365 0.743150 -0.546195 -0.386522 222 57 78
0.151100 -0.063280 0.472590 0.747347 0.030144 -0.663750 222 131 42
0.369370 -0.133484 -0.125402 -0.745889 0.374312 0.550946 32 175 197
0.471155 0.277127 0.321055 0.463644 -0.860463 -0.211274 186 17 100
-0.023659 0.011137 -0.711102 -0.944760 0.030471 0.326343 7 131 169
-0.177453 0.075284 0.110327 0.397619 -0.770299 0.498536 178 29 191
-0.058296 0.258463 0.159601 -0.476726 -0.861059 -0.176946 66 17 104
-0.047306 -0.208653 0.384669 -0.675754 0.647355 -0.352545 41 210 82
0.236007 0.008710 0.465281 -0.254200 -0.114141 0.960393 95 112 249
-0.108965 0.105541 -0.631880 -0.430359 -0.862210 -0.267181 72 17 93
-0.607290 0.015987 -0.849335 -0.246651 -0.141437 0.958728 96 109 249
0.478484 -0.093628 -0.448891 0.558786 0.250135 0.790690 198 159 228
0.137891 -0.096740 -0.238284 -0.726713 0.684749 -0.054842 34 214 120
-0.350090 -0.051294 -0.002436 -0.875368 0.169338 0.452830 15 149 185
-0.809103 -0.386457 -0.498951 0.598644 0.780194 0.181446 203 226 150
-0.033682 -0.061408 -0.810017 -0.651115 0.184248 0.736275 44 150 221
0.090971 0.138278 -0.533067 -0.225660 -0.825426 -0.517444 98 22 61
-0.075952 -0.038269 0.403893 -0.098222 0.678490 -0.728014 114 214 34
0.373671 0.273275 0.607490 -0.205677 -0.968428 0.140867 101 4 145
0.244001 0.048192 0.179277 -0.901532 0.382035 -0.203201 12 176 101
-0.331368 0.220342 -0.548449 0.317673 -0.921187 0.224718 168 10 156
0.734697 0.077607 0.052986 -0.805367 -0.513184 0.296693 24 62 165
-0.466073 0.102240 -0.710719 -0.376889 -0.623688 0.684813 79 47 214
0.546134 -0.108192 0.108675 0.920444 0.119233 -0.372246 244 142 80
-0.470383 -0.102457 0.073617 0.812094 0.321973 -0.486658 231 168 65
0.789884 -0.004933 0.120494 0.061601 -0.274210 -0.959695 135 92 5
0.073887 -0.049119 -0.704679 0.392930 0.415517 0.820336 177 180 232
-0.713715 0.119661 -0.610083 0.586944 -0.351448 -0.729370 202 82 34
0.615215 0.261724 0.447124 -0.182071 -0.709706 0.680564 104 37 214
-0.898536 -0.011925 -0.756040 0.865571 -0.335003 0.372237 237 84 174
-0.541802 0.140273 -0.325540 0.548761 -0.775388 -0.312466 197 28 87
-0.601267 0.182792 -0.428497 0.773913 -0.502138 -0.385897 226 63 78
-0.042474 0.068799 0.359266 0.889357 -0.072704 -0.451397 240 118 69
-0.686184 0.108246 -0.646067 -0.189418 -0.475990 0.858810 103 66 236
0.501544 -0.248774 -0.266300 -0.476017 0.731825 0.487688 66 220 189
0.006818 -0.064386 -0.840683 -0.608514 0.157368 0.777782 49 147 226
0.924518 0.045163 -0.045480 -0.776027 -0.042862 0.629242 28 122 207
-0.278725 0.084961 0.048235 -0.402258 -0.814556 0.417957 76 23 180
-0.254426 -0.265165 0.084599 -0.028532 0.858413 0.512166 123 236 192
-0.258106 -0.247456 -0.739092 -0.041928 0.663730 0.746797 122 212 222
-0.001410 0.101453 0.565174 0.842857 -0.235159 0.484037 234 97 189
-0.103608 -0.054706 0.507980 0.713109 0.082161 -0.696223 218 137 38
-0.596313 0.010390 -0.256044 0.492549 -0.786147 -0.373319 190 27 79
-0.488439 0.091506 -0.593681 -0.986815 -0.155087 0.046315 1 107 133
-0.606671 0.171191 -0.145145 0.603293 -0.621281 -0.500048 204 48 63
0.620538 0.050555 0.771753 -0.816872 -0.051079 -0.574553 23 120 54
0.131226 0.170198 -0.601861 -0.605820 -0.762430 -0.227339 50 30 98
0.713461 -0.187067 0.074053 0.508040 0.827469 -0.239145 192 233 97
0.141850 0.010138 0.704985 0.974624 -0.217533 -0.052802 251 99 120
0.259085 0.047524 -0.641446 -0.609987 -0.129207 0.781806 49 111 227
-0.635808 0.038759 -0.661858 0.754050 -0.095140 -0.649890 223 115 44
0.032534 0.087425 0.524393 -0.304084 -0.763394 0.569879 88 30 200
0.316324 0.180495 -0.623497 -0.766276 -0.473700 0.434084 29 67 182
0.800680 0.071988 -0.126784 -0.893775 -0.310902 0.323274 13 87 168
-0.055664 0.079797 -0.636079 -0.373614 -0.244624 0.894746 79 96 241
-0.095413 0.000551 0.523136 0.955549 0.151732 -0.252791 249 146 95
0.156267 -0.110229 0.791995 0.678066 0.219246 -0.701540 213 155 38
0.597097 0.135805 -0.080675 0.811849 -0.559856 -0.165721 231 56 106
0.367700 0.039187 -0.516283 0.826485 -0.348792 0.441891 232 83 183
-0.343804 0.246466 -0.772640 0.092321 -0.816058 0.570549 139 23 200
0.670572 0.245398 0.554109 0.062023 -0.644582 0.762015 135 45 224
0.426272 -0.250651 0.830457 0.260927 0.573514 -0.776529 160 200 28
0.621440 0.198588 0.606885 -0.258136 -0.828908 -0.496263 94 21 64
0.628502 0.093278 0.107112 -0.831302 -0.269592 0.486062 21 93 189
-0.245919 -0.120533 0.253619 0.693272 0.421703 -0.584414 215 181 52
0.494892 0.218452 0.761336 -0.008279 -0.618557 -0.785697 126 48 27
0.482798 0.313151 0.532666 -0.018137 -0.999763 0.012026 125 0 129
-0.832674 0.040473 -0.392813 0.975224 -0.205326 0.082342 251 101 137
-0.553970 0.155711 -0.775995 -0.430764 -0.351992 0.830989 72 82 233
-0.312811 -0.035356 -0.645878 -0.961087 -0.170624 -0.217252 4 105 99
-0.162293 -0.224996 0.331995 0.113034 0.993538 -0.010322 141 254 126
0.124216 -0.233772 -0.757134 -0.765888 0.437345 0.471322 29 183 187
0.522257 0.095362 -0.430631 -0.859246 -0.472358 0.196401 17 67 152
0.581208 -0.206904 -0.133934 -0.061607 0.781310 0.621095 119 227 206
-0.063072 0.117723 -0.433849 0.916413 -0.395142 -0.063638 244 77 119
0.104514 0.128596 0.752326 0.760492 -0.399266 -0.512093 224 76 62
-0.403386 0.164893 -0.651483 0.247047 -0.966587 -0.068394 158 4 118
-0.339730 0.082705 -0.814726 -0.475983 -0.251768 0.842647 66 95 234
0.738788 -0.047510 0.293467 -0.144733 -0.538332 -0.830211 109 58 21
0.049550 -0.178277 0.402199 0.146811 0.774338 -0.615506 146 226 49
-0.669638 0.183058 -0.362355 0.132872 -0.580939 -0.803028 144 53 25
-0.144341 0.145985 0.405130 0.028152 -0.574821 -0.817795 131 54 23
0.909465 0.178752 0.022990 -0.891271 -0.453167 -0.016577 13 69 125
0.502502 0.278760 0.688882 0.268854 -0.739367 -0.617296 161 33 48
0.272926 -0.195671 0.313266 0.094766 0.690315 -0.717276 139 215 36
0.874733 -0.046885 0.451186 -0.845707 0.136086 0.516004 19 144 193
0.343186 -0.115223 0.695572 -0.901878 0.199023 0.383415 12 152 176
0.334696 0.146066 0.642466 0.463383 -0.885163 -0.041977 186 14 122
0.625317 0.077819 -0.141914 0.656764 -0.580690 0.481103 211 53 188
-0.906555 0.125608 -0.511975 0.809996 -0.284005 -0.513076 230 91 62
0.886504 -0.032901 0.488937 -0.963553 0.032024 -0.265594 4 131 93
0.674203 -0.132250 -0.026260 0.122991 0.745789 0.654731 143 222 210
-0.073995 -0.224993 0.198074 0.437011 0.783680 -0.441438 183 227 71
-0.241992 -0.078326 -0.520384 0.282884 0.333194 -0.899421 163 169 12
-0.810353 0.076898 -0.422927 0.893979 -0.140095 -0.425647 241 109 73
0.602382 0.051089 0.530120 0.717104 -0.195113 -0.669098 218 102 42
0.032812 -0.241627 0.568338 0.050159 0.753738 -0.655258 133 223 43
-0.615539 -0.147819 -0.588808 0.288488 0.851457 0.437944 164 236 183
0.542702 0.106919 -0.064716 0.829846 -0.269124 -0.488803 233 93 65
0.232554 0.428186 0.606767 -0.205242 -0.956019 -0.209530 101 5 100
0.128847 0.049476 -0.635511 0.861788 -0.170393 -0.477794 237 105 66
0.293634 0.070896 0.740689 0.004247 -0.154076 0.988050 128 107 253
0.792813 -0.108394 0.386626 -0.251222 0.524711 0.813367 95 194 231
-0.825487 0.049697 -0.527468 0.883993 -0.160538 -0.439072 240 107 71
-0.321072 -0.024056 -0.637822 -0.222301 0.194872 -0.955305 99 152 5
-0.724461 0.006144 -0.656116 0.663590 -0.534074 0.523844 212 59 194
-0.776438 0.079923 -0.452600 0.690146 -0.714812 0.112883 215 36 141
-0.582431 -0.007506 -0.358062 0.348014 -0.932705 0.094595 171 8 139
0.537544 -0.061297 -0.127801 0.580175 0.191078 0.791761 201 151 228
-0.390027 -0.013113 -0.247472 0.817150 0.399340 -0.415685 231 178 74
-0.595453 -0.016596 -0.554175 0.987222 -0.151759 0.048609 253 108 133
-0.567457 -0.068269 -0.376586 -0.430098 0.817917 0.382134 72 231 176
-0.647244 0.071396 -0.552680 -0.937812 -0.265252 0.223942 7 93 156
0.738031 0.164261 0.691028 -0.118715 -0.661825 0.740198 112 43 221
-0.472416 -0.255458 -0.036679 0.402532 0.894574 0.194180 178 241 152
0.595716 -0.153262 0.497776 -0.646153 0.589412 0.484851 45 202 189
-0.031334 0.209820 0.315457 -0.503979 -0.856303 0.112914 63 18 141
-0.670708 0.166199 -0.158123 0.535261 -0.459578 -0.708719 195 68 37
0.732947 -0.068421 0.634849 0.199765 -0.031853 -0.979326 152 123 2
-0.560838 -0.109886 -0.786764 0.970046 0.186763 -0.155342 251 151 107
0.699060 0.077223 0.445589 -0.538194 -0.601455 0.590422 58 50 202
0.293597 0.166486 0.345103 0.711783 -0.698009 0.078412 218 38 137
-0.378662 0.086936 0.074241 0.206078 -0.127101 -0.970246 153 111 3
0.411193 -0.037576 0.804866 -0.240788 0.026805 -0.970208 96 130 3
0.275534 -0.010775 -0.342004 0.774115 0.053674 -0.630765 226 134 47
0.083011 -0.161167 0.462469 -0.042732 0.806670 0.589456 122 230 202
0.384806 -0.047772 -0.387678 -0.280382 0.793087 -0.540740 91 228 58
0.608893 0.206909 0.906637 0.063755 -0.450310 -0.890593 135 70 13
-0.575661 0.130442 -0.144228 0.757545 -0.471810 -0.451133 224 67 69
-0.490784 0.005734 -0.124221 0.194228 0.295870 -0.935274 152 165 8
0.525151 -0.035599 0.037281 0.618337 0.003690 -0.785905 206 127 27
-0.327132 -0.096658 -0.507395 0.808142 0.588357 0.027253 230 202 130
0.586808 -0.045788 0.332657 0.761763 0.306527 0.570752 224 166 200
0.629780 -0.120128 -0.129360 0.673085 0.705983 0.220327 213 217 155
-0.602189 -0.164882 -0.834449 -0.224281 0.529099 0.818384 98 194 231
-0.823058 -0.080433 -0.464535 0.720066 0.370382 -0.586789 219 174 52
0.552967 -0.130956 0.829261 -0.332019 0.629525 -0.702468 85 207 37
-0.134106 0.007241 0.199981 0.087065 0.594506 0.799364 138 203 229
0.471708 -0.137592 0.668777 0.730542 0.636478 0.247397 220 208 159
0.007799 -0.076050 0.308182 -0.539157 0.209855 0.815642 58 154 231
0.476459 0.091049 0.381850 -0.216402 -0.869437 0.444128 99 16 184
-0.110833 -0.112198 0.446800 0.049776 0.734626 -0.676644 133 221 41
0.384268 -0.064445 -0.581009 -0.903426 0.272238 0.331222 12 162 169
-0.315288 -0.106540 -0.846268 0.501909 0.795713 0.339011 191 228 170
-0.334109 -0.155059 -0.681397 0.797914 0.434719 -0.417555 229 182 74
0.079967 0.003708 -0.778840 0.314974 0.225989 0.921803 167 156 245
-0.661952 0.238851 -0.813199 -0.330662 -0.596068 0.731687 85 51 220
0.373751 0.069026 0.363300 -0.683952 -0.314616 0.658199 40 87 211
-0.425132 0.270948 0.022415 0.288519 -0.855559 -0.429855 164 18 72
-0.036458 -0.103987 0.525453 0.293728 0.905483 0.306307 164 242 166
-0.423330 0.141591 -0.155902 -0.952673 -0.301624 -0.037893 6 89 122
-0.826419 0.051240 -0.598775 0.999448 0.032544 -0.006666 254 131 126
0.240032 0.244315 -0.569060 -0.483193 -0.873263 0.062734 65 16 135
0.368030 -0.083333 -0.542791 -0.688625 0.186943 0.700606 39 151 216
-0.386976 -0.058792 -0.819144 -0.434366 0.321694 0.841332 72 168 234
-0.702501 -0.024977 -0.442848 -0.859858 -0.509162 0.037400 17 62 132
0.694817 0.043109 0.060936 -0.960996 0.036609 -0.274130 4 132 92
-0.569772 -0.131815 -0.483808 -0.045654 0.754519 -0.654688 121 223 44
0.378769 0.442770 -0.819199 -0.425069 -0.636441 0.643630 73 46 209
0.527828 -0.211517 0.904669 0.713638 0.487740 -0.502823 218 189 63
-0.064049 0.228527 0.176622 0.064966 -0.976585 0.205089 135 2 153
-0.223909 0.027730 0.169666 0.166213 -0.310557 -0.935910 148 87 8
-0.031078 0.003650 0.295317 -0.513267 -0.568492 -0.642941 62 55 45
0.115151 -0.021781 0.689890 0.671359 0.130829 -0.729494 213 144 34
-0.019636 0.068700 -0.460577 0.728841 -0.140576 -0.670096 220 109 42
-0.225868 0.270737 -0.912483 0.066339 -0.807266 0.586447 135 24 202
0.852589 0.171755 -0.025869 -0.818703 -0.350678 0.454698 23 82 185
-0.389103 0.254173 -0.802282 0.064500 -0.949480 0.307127 135 6 166
-0.302488 -0.121664 0.002399 -0.296547 0.893520 0.337167 89 241 170
0.614725 -0.000464 0.776340 -0.874606 0.344929 0.340717 15 171 170
-0.735735 0.057149 -0.594492 0.457313 -0.372088 -0.807722 185 80 24
0.190435 -0.086041 0.003148 0.919104 0.040105 -0.391968 244 132 77
-0.472993 -0.162482 -0.690045 -0.104519 0.963904 0.244877 114 250 158
0.452148 0.102869 -0.424202 0.022842 -0.354769 0.934675 130 82 246
0.376954 -0.029672 -0.247793 0.711304 0.346783 -0.611382 218 171 49
0.110804 0.085322 0.470853 -0.612094 -0.476036 -0.631452 49 66 46
0.680403 0.275971 -0.125492 -0.186823 -0.864202 0.467174 103 17 187
-0.040841 0.047242 0.441527 0.093100 -0.852476 -0.514410 139 18 61
0.046666 -0.099151 -0.629281 0.207850 0.547292 0.810722 154 197 230
-0.302135 0.086503 0.208113 0.221891 -0.574324 -0.787982 155 54 27
0.604067 -0.162925 0.837774 -0.082371 0.657543 -0.748901 116 211 32
-0.168183 0.027186 -0.871846 -0.502682 0.121266 0.855924 63 142 236
0.329786 -0.225996 0.674528 -0.297273 0.671965 0.678300 89 213 213
-0.519216 0.115935 -0.790419 -0.704229 -0.693042 0.154121 37 39 147
0.515983 -0.056786 0.789849 -0.946685 0.204438 -0.248984 6 153 95
0.225835 0.154419 0.634659 0.158240 -0.780222 -0.605156 147 28 50
-0.639474 -0.166542 -0.596659 0.745551 0.509832 -0.429214 222 192 72
0.553343 -0.197282 0.670878 -0.375505 0.837448 0.397086 79 234 178
0.490539 0.227161 0.086730 0.250192 -0.595264 -0.763587 159 51 30
0.422531 -0.032604 0.853618 -0.458402 0.269958 -0.846753 69 161 19
0.554935 -0.024680 0.822834 0.966800 -0.220356 -0.129386 250 99 111
0.477936 -0.087186 -0.494685 0.329379 0.438441 0.836229 169 183 234
0.051020 0.259993 -0.634940 0.222188 -0.972077 0.075482 155 3 137
-0.311096 0.197389 0.152582 -0.111713 -0.913265 -0.391749 113 11 77
0.734973 0.115400 0.533679 -0.901227 -0.354606 0.249087 12 82 159
-0.069777 -0.192810 0.409230 0.102137 0.991962 -0.074695 140 253 117
-0.478955 0.179642 -0.819918 -0.078573 -0.818271 0.569438 117 23 200
0.748713 0.039166 -0.087783 -0.859721 -0.091700 0.502465 17 115 191
-0.790139 -0.114121 -0.624092 0.369311 0.783867 0.499162 174 227 191
0.164048 0.197429 0.739938 0.874661 -0.483845 0.029361 239 65 131
0.667190 -0.103315 0.311039 0.586093 0.486987 -0.647564 202 189 44
0.025582 -0.042814 0.312221 -0.960883 0.274795 0.034522 4 162 131
-0.063460 0.210098 0.345545 0.236663 -0.906837 0.348766 157 11 171
0.127752 0.193183 0.732977 0.401559 -0.809524 -0.428277 178 24 72
-0.712789 -0.012249 -0.318574 0.980188 -0.066487 0.186577 252 119 151
0.020294 -0.000618 0.614235 0.746196 -0.184365 -0.639688 222 103 45
-0.320239 0.091978 0.068087 0.080573 -0.668464 0.739367 137 42 221
-0.669566 -0.191531 -0.590175 -0.468193 0.746763 0.472376 67 222 187
-0.745750 0.068987 -0.622374 0.243297 -0.962776 -0.117766 158 4 112
0.728976 -0.157813 0.717279 -0.471703 0.715797 -0.514909 67 218 61
0.106884 0.238475 0.769179 0.359157 -0.759631 -0.542187 173 30 58
-0.101634 -0.028009 0.145627 0.662394 0.678421 -0.317774 211 213 86
0.642358 0.070928 0.456511 0.737463 -0.216512 -0.639743 221 99 45
-0.483298 0.235200 -0.089761 0.451255 -0.809778 -0.375005 185 24 79
-0.512588 -0.145489 -0.753619 -0.823318 0.567203 0.020693 22 199 130
-0.538782 0.241488 -0.610027 0.460267 -0.858825 -0.224887 186 17 98
-0.812047 -0.087028 -0.562782 0.688379 0.522637 -0.502975 215 194 63
0.404861 0.185451 -0.600558 -0.326119 -0.547143 0.770896 85 57 225
0.306350 0.061135 0.482688 -0.485893 -0.055966 0.872225 65 120 238
0.055725 -0.222170 0.480732 0.423138 0.887758 -0.181221 181 240 104
-0.087049 -0.222371 -0.830422 0.035354 0.793521 0.607515 132 228 204
0.494571 -0.032929 -0.167995 0.216432 -0.397021 -0.891926 155 76 13
0.786179 -0.218378 0.112571 -0.050028 0.535783 -0.842872 121 195 20
-0.472742 0.239352 -0.516582 -0.286937 -0.804388 0.520219 90 24 193
0.216635 0.102962 0.791248 -0.475230 -0.728571 0.493295 66 34 190
-0.615619 -0.194763 -0.205313 0.401819 0.889334 0.218235 178 240 155
0.488511 0.123435 -0.452563 -0.517963 -0.451615 0.726470 61 69 220
-0.293732 -0.114969 0.174695 0.081883 0.741919 -0.665471 137 222 42
0.418473 -0.245652 -0.172211 -0.021037 0.999697 -0.012771 124 254 125
0.261578 -0.018254 -0.329795 0.443462 -0.854083 -0.271816 184 18 92
0.485539 0.194001 0.210192 0.521170 -0.851254 -0.061233 193 18 119
0.764692 -0.207316 0.671267 -0.546184 0.645717 -0.533604 57 209 59
0.614822 0.043067 0.776873 0.541066 -0.023498 -0.840652 196 124 20
0.293330 0.342157 -0.513778 0.205031 -0.977579 -0.047985 153 2 121
-0.570475 -0.061246 -0.809454 0.013131 0.062490 0.997959 129 135 254
0.155665 -0.219890 0.596585 0.664746 0.743454 -0.073407 212 222 118
-0.511954 -0.006157 0.069684 0.998926 0.010505 -0.045129 254 128 121
0.406025 0.012484 -0.454935 -0.878370 -0.455711 -0.144201 15 69 109
-0.020337 -0.197604 -0.812180 -0.849894 0.399809 0.343268 19 178 171
-0.528209 -0.083641 -0.469639 0.202338 0.712359 -0.672014 153 218 41
-0.586196 0.055149 -0.752597 0.218460 -0.120965 0.968319 155 112 250
-0.764842 -0.150008 -0.559479 0.621228 0.387448 -0.681146 206 176 40
0.648668 -0.168360 0.692743 0.120472 0.697103 -0.706777 142 216 37
0.315258 -0.264916 -0.371169 -0.690026 0.718803 -0.084775 39 219 116
0.044831 0.043208 -0.598235 0.995781 0.052270 -0.075417 254 134 117
0.618594 0.003963 -0.118145 -0.450675 0.076471 0.889406 70 137 240
0.137765 -0.173778 -0.601638 0.392847 0.607762 0.690143 177 204 215
0.850587 0.121640 0.610762 -0.520244 -0.497472 -0.694167 61 64 38
-0.390505 0.187284 -0.072606 0.707027 -0.701505 -0.089461 217 38 116
-0.374782 0.060646 -0.723170 0.862712 -0.383151 -0.330037 237 78 85
0.490233 -0.062310 -0.291825 -0.542116 0.005083 0.840288 58 128 234
0.671294 -0.061193 0.051163 0.409704 0.785001 -0.464668 179 227 68
0.583765 0.019304 0.243189 0.840090 -0.048324 -0.540290 234 121 58
-0.446742 0.267204 -0.278120 -0.033632 -0.990374 -0.134267 123 1 110
-0.726187 -0.112934 -0.657724 0.977158 0.181283 0.110901 252 150 141
0.293567 0.228309 0.741598 -0.184702 -0.801802 -0.568330 103 25 55
0.747791 0.258731 0.426138 0.460859 -0.752161 -0.471024 186 31 67
-0.046415 0.104000 -0.683351 -0.124053 -0.869169 -0.478703 111 16 66
-0.563149 -0.160217 -0.106255 0.593577 0.479985 -0.645972 203 188 45
0.789299 -0.025457 0.234036 -0.132655 0.267116 -0.954490 110 161 5
-0.172152 0.028529 0.065855 0.675408 0.257809 0.690912 213 160 215
-0.083052 0.110173 0.639999 0.895988 -0.432466 -0.100892 241 72 114
0.781099 0.147109 0.663014 -0.492642 -0.809481 -0.319445 64 24 86
-0.073845 -0.006127 0.437314 0.951317 -0.001724 -0.308210 248 127 88
-0.085306 0.063692 0.407508 0.180615 -0.701799 -0.689099 150 38 39
0.671663 0.233896 0.772235 -0.297488 -0.929548 0.217809 89 8 155
0.584846 -0.207765 -0.245743 -0.183051 0.973818 -0.134797 104 251 110
-0.799309 0.096376 -0.558601 0.882421 -0.341373 -0.323724 240 83 86
-0.479298 -0.059826 -0.452643 -0.546285 0.770024 -0.329599 57 225 85
-0.765357 0.096922 -0.370001 0.823804 -0.457321 -0.334970 232 69 84
0.746643 -0.076028 0.652863 -0.746068 0.260857 0.612647 32 160 205
0.475903 0.096080 -0.048924 -0.718776 -0.466282 0.515696 35 68 193
0.670782 0.136867 0.781997 -0.279904 -0.632033 -0.722626 91 46 35
0.554207 -0.069975 0.013300 0.886659 0.267011 -0.377547 240 161 79
-0.770610 -0.157160 -0.687373 0.744075 0.377704 -0.551083 222 175 57
0.052321 -0.116950 0.077455 0.168557 0.961074 0.218918 148 250 155
0.442370 0.279034 0.011808 -0.606003 -0.526901 0.595933 50 60 203
0.556808 -0.132404 0.517519 -0.527850 0.435333 0.729287 60 183 220
0.829448 0.086312 0.692676 -0.108261 -0.240293 -0.964644 113 96 4
-0.724937 0.149674 -0.301074 0.666917 -0.639357 -0.382680 212 45 78
-0.744648 0.175697 -0.343645 0.547398 -0.643044 -0.535584 197 45 59
0.463734 -0.035624 0.539875 -0.918296 0.348779 -0.187312 10 171 103
0.257423 -0.270926 0.641671 -0.100665 0.903671 0.416228 114 242 180
0.482220 -0.019411 0.274135 -0.344535 -0.141796 0.928003 83 109 245
-0.789540 0.028308 -0.669835 -0.061705 -0.050291 0.996827 119 121 254
0.103351 0.055927 0.737453 0.618114 -0.112205 -0.778039 206 113 28
-0.753091 0.016479 -0.763165 0.005113 -0.441658 0.897169 128 71 241
-0.356096 0.019116 -0.030262 -0.630288 -0.208217 0.747919 47 100 222
-0.558338 -0.021563 -0.195817 0.964388 -0.260758 -0.044291 250 94 121
0.754309 -0.025510 0.703595 -0.959657 -0.150353 0.237599 5 108 157
0.863933 -0.190533 0.303734 -0.753784 0.657043 0.010208 31 211 128
0.176331 0.189598 0.762453 0.503200 -0.386477 -0.772933 191 78 28
0.656786 0.186565 0.267199 -0.254019 -0.940894 0.224036 95 7 156
0.514676 -0.178379 0.504140 -0.388722 0.874916 -0.288819 77 239 90
0.701626 -0.092857 0.145511 -0.783424 0.467928 0.409011 27 187 179
-0.749057 0.247904 -0.635449 0.695034 -0.569397 0.438993 216 54 183
0.169625 0.023548 -0.205863 0.111736 -0.019328 0.993550 141 125 254
0.709030 -0.043598 0.195239 0.962762 -0.222531 0.153525 250 99 147
0.576624 0.118562 -0.146469 -0.320912 -0.524245 0.788786 86 60 228
0.097398 -0.205037 -0.061806 0.197130 0.873376 -0.445369 152 238 70
0.654832 0.124108 0.740955 -0.219267 -0.691633 -0.688161 99 39 39
-0.668200 0.051592 -0.323883 0.621564 -0.355747 -0.697927 206 82 38
0.295895 -0.145380 -0.406757 0.012442 0.706667 -0.707437 129 217 37
0.115809 -0.137473 0.633933 0.684736 0.540284 -0.489111 214 196 65
-0.593540 0.117277 -0.621166 0.268466 -0.499123 0.823895 161 63 232
-0.287871 -0.115673 0.060383 0.861982 0.474704 0.177884 237 188 150
-0.085118 0.032684 -0.732415 0.890445 0.035405 0.453712 241 132 185
0.023556 -0.247499 -0.810940 0.227142 0.836364 0.498900 156 234 191
0.110774 0.138582 0.590740 -0.434402 -0.815658 0.382095 72 23 176
0.071561 0.258101 0.519138 -0.009128 -0.998532 0.053397 126 0 134
0.052230 -0.004419 -0.713465 0.785105 -0.108517 -0.609782 227 113 49
0.150047 0.304370 -0.613690 -0.034369 -0.999242 -0.018281 123 0 125
-0.184437 -0.016798 0.170063 -0.475826 -0.130343 0.869828 66 110 238
0.297645 0.007391 0.789861 -0.814933 0.214953 -0.538219 23 154 58
0.797207 0.020623 0.361229 -0.984961 0.045323 -0.166728 1 133 106
-0.214662 0.200124 -0.409627 0.187279 -0.839836 -0.509511 151 20 62
-0.617409 -0.025633 -0.449222 0.884915 0.273234 -0.377185 240 162 79
0.814394 -0.203284 -0.063025 -0.763277 0.451007 0.462603 30 185 186
-0.065961 -0.051906 -0.588866 0.521137 0.415270 -0.745632 193 180 32
0.283995 0.126955 0.055384 -0.687965 -0.496721 0.529124 39 64 194
-0.630920 0.065980 -0.554763 0.164839 -0.481500 0.860805 148 66 237
0.546655 -0.132525 0.594703 0.073177 0.460334 0.884725 136 186 240
-0.607618 -0.057673 -0.384084 0.315308 0.117367 0.941704 167 142 247
0.166232 0.042196 0.716836 0.096916 -0.171668 -0.980376 139 105 2
-0.149566 0.001797 0.410295 0.467498 -0.045721 -0.882811 187 121 14
0.428486 0.027915 0.745094 -0.730544 -0.412476 -0.544213 34 74 58
-0.010847 0.076292 -0.897609 -0.538343 -0.169829 0.825436 58 105 232
0.484632 0.186211 0.908128 0.226659 -0.838626 -0.495310 156 20 64
-0.363122 -0.322036 -0.695285 -0.551242 0.796823 -0.247398 57 229 95
0.262558 -0.128159 0.417861 -0.304285 0.425210 0.852412 88 181 236
0.305821 -0.204767 -0.522831 -0.385624 0.761380 0.521147 78 224 193
0.005546 -0.222818 -0.760215 -0.415392 0.734606 0.536474 74 221 195
-0.589817 -0.202969 -0.330083 -0.385075 0.922174 -0.036215 78 245 122
-0.523265 -0.019220 -0.826161 -0.293620 -0.137385 0.945998 90 109 248
0.564585 0.058733 0.213508 0.866749 0.438546 0.237535 238 183 157
0.613610 -0.049777 0.037421 -0.890614 -0.129497 0.435932 13 110 183
-0.486465 0.016064 -0.009090 0.658000 0.015262 0.752864 211 129 223
-0.507499 0.254748 -0.593988 0.463300 -0.687040 -0.559758 186 39 56
0.809225 0.030567 -0.185446 -0.742093 0.031841 0.669541 32 131 212
0.594097 0.248788 -0.033528 -0.574845 -0.775221 0.261889 54 28 160
0.564727 -0.014258 0.680293 -0.891328 -0.447308 0.073822 13 70 136
-0.429710 -0.040174 -0.643005 0.918194 0.051254 -0.392800 244 134 77
0.036055 0.140528 -0.677796 -0.856913 -0.503944 -0.108351 18 63 113
-0.550295 -0.044059 -0.103821 0.820207 0.077238 -0.566828 232 137 55
-0.474594 -0.304714 -0.585942 -0.055584 0.984542 -0.166096 120 253 106
0.398925 0.240640 -0.375284 -0.072011 -0.670001 -0.738860 118 42 33
-0.400878 0.172079 -0.802092 -0.344058 -0.639639 0.687376 83 45 215
0.584372 -0.119296 -0.012358 -0.518115 0.753416 0.404872 61 223 179
0.648402 0.145355 0.016573 -0.930463 -0.291606 0.221821 8 90 155
0.432488 -0.183582 -0.059880 0.225060 0.855835 -0.465719 156 236 68
-0.819024 0.130264 -0.539881 0.961367 -0.257454 0.097420 250 94 139
0.210380 -0.182028 0.657540 -0.077050 0.732413 -0.676486 117 220 41
0.106530 0.172895 -0.522595 0.104089 -0.988428 -0.110339 140 1 113
0.687963 0.065022 0.485284 -0.654856 -0.218979 0.723334 44 99 219
0.314716 0.113374 0.437740 -0.501805 -0.607216 -0.616020 63 50 48
-0.258127 -0.019221 0.070363 -0.668191 0.069178 -0.740767 42 136 33
-0.642669 -0.015147 -0.271067 -0.284260 0.691667 -0.663922 91 215 42
0.736059 0.239386 0.353529 0.122642 -0.992303 -0.017130 143 0 125
-0.134570 0.094381 0.265203 0.705443 -0.687511 0.172275 217 39 149
0.573301 -0.154926 0.294287 -0.403417 0.650613 0.643396 76 210 209
0.272857 0.042219 0.334091 -0.276597 -0.330405 0.902400 92 85 242
0.539302 -0.008295 -0.325213 0.689039 -0.071844 -0.721154 215 118 35
0.786071 0.137331 0.584043 -0.691888 -0.582731 0.426282 39 53 181
0.377885 0.032801 0.626369 0.951321 -0.244630 0.187468 248 96 151
-0.150942 -0.056749 0.407484 0.445494 0.070388 -0.892514 184 136 13
-0.357291 0.148614 0.069985 0.274292 -0.958419 -0.078716 162 5 117
0.477732 -0.057007 -0.277625 -0.170909 0.331043 0.928009 105 169 245
-0.615938 0.087311 -0.318780 0.283666 -0.890144 0.356619 163 14 172
-0.568151 -0.188783 -0.186306 -0.219264 0.975335 0.025404 99 251 130
0.370154 -0.013256 0.769847 -0.805040 0.349843 -0.479083 24 172 66
0.249800 -0.211497 0.491137 -0.434714 0.900031 0.031125 72 242 131
0.593367 -0.060495 0.054582 -0.989513 0.141862 -0.027182 1 145 124
-0.702687 -0.257349 -0.554913 0.325249 0.929815 0.172213 168 246 149
-0.819164 0.094064 -0.787110 0.653386 -0.212205 0.726675 210 100 220
0.817377 0.061052 0.299969 -0.770931 -0.265256 0.579055 29 93 201
0.647431 -0.173407 -0.205983 -0.540337 0.585624 0.604219 58 202 204
0.190339 0.333775 -0.600162 0.338197 -0.940268 0.038963 170 7 132
-0.217818 0.063088 0.279819 0.236143 -0.531464 -0.813500 157 59 23
-0.451488 0.054115 -0.011759 -0.487078 -0.310809 -0.816182 65 87 23
0.119686 -0.093237 0.584946 0.107997 0.972709 0.205362 141 251 153
-0.826438 0.243811 -0.797292 0.487021 -0.833010 0.262498 189 21 160
-0.640597 0.330773 -0.592292 0.118217 -0.945630 -0.303001 142 6 88
-0.131418 -0.190435 0.374059 0.857622 0.373387 -0.353648 236 175 82
0.822944 -0.199730 0.108629 -0.133195 0.976405 -0.169977 110 251 105
-0.155606 -0.230770 -0.643318 0.584593 0.572096 -0.575289 202 200 54
-0.318802 0.221762 -0.830594 -0.652730 -0.629822 0.421032 44 47 181
-0.077328 -0.199088 -0.533752 0.446516 0.800708 -0.399362 184 229 76
0.612446 0.051822 0.075153 0.439061 -0.676394 -0.591368 183 41 52
0.457381 -0.031666 -0.436117 -0.417459 0.168754 0.892889 74 149 241
0.570152 -0.086408 0.580163 -0.947664 0.232148 0.219181 6 157 155
-0.585714 0.080276 -0.002248 0.846641 -0.275999 -0.454998 235 92 69
-0.096981 0.162882 -0.807782 -0.392553 -0.677547 0.621958 77 41 206
-0.277686 -0.049027 -0.214439 0.065328 0.101596 -0.992679 135 140 0
-0.474177 -0.053640 -0.822012 0.021830 0.222403 0.974710 130 155 251
0.739105 0.162696 0.639105 -0.786388 -0.471159 0.399503 27 67 178
0.018368 0.163930 0.083397 0.102672 -0.827310 -0.552283 140 22 57
-0.013336 0.102217 -0.290522 -0.298846 -0.898147 0.322527 89 12 168
-0.035131 0.110215 -0.851754 -0.487291 -0.172251 0.856083 65 105 236
0.507651 0.027321 -0.666373 -0.412446 -0.186642 0.891658 74 103 241
0.263253 0.054347 0.757581 0.266290 -0.650818 -0.711004 161 44 36
-0.657376 -0.051061 -0.254533 0.890213 0.087112 -0.447139 241 138 70
0.359121 -0.063299 0.742963 0.038210 0.362401 -0.931239 132 173 8
0.343607 0.114376 0.786199 0.795212 -0.597713 -0.101864 228 51 114
0.285393 0.171441 0.866225 0.438719 -0.530938 -0.725004 183 59 35
-0.197817 0.152594 0.167069 0.373087 -0.831808 0.410977 175 21 179
0.011259 -0.035417 0.561370 0.609608 0.090955 -0.787467 205 139 27
0.594657 -0.147165 0.651922 -0.409412 0.851235 0.328301 75 236 169
-0.105667 -0.063770 0.293404 -0.778689 0.374309 -0.503525 28 175 63
-0.575324 0.036896 -0.583912 -0.760613 -0.091307 0.642753 30 115 209
-0.684850 -0.185803 -0.473652 -0.135844 0.983589 0.118738 110 252 142
-0.271019 -0.084285 0.127577 0.071412 -0.004985 0.997434 136 126 254
-0.165232 0.246926 -0.928146 -0.387350 -0.595287 0.703984 78 51 217
-0.369104 0.196178 0.171748 0.649799 -0.386710 -0.654383 210 78 44
-0.411124 -0.114528 -0.010165 0.365529 0.526672 0.767467 174 194 225
-0.289328 0.118440 0.185358 0.034859 -0.340266 -0.939683 131 84 7
-0.755801 0.085219 -0.481277 0.669535 -0.397075 -0.627738 212 76 47
0.230971 -0.142135 0.170740 -0.848634 0.503083 0.163487 19 191 148
0.739712 -0.018178 0.776638 -0.937572 0.129501 -0.322781 7 144 86
0.315389 -0.195675 -0.315257 0.920695 0.375308 -0.107070 244 175 113
0.443882 0.210902 -0.346629 0.249575 -0.950080 0.187245 159 6 151
-0.278622 -0.284729 0.263965 0.389781 0.733570 -0.556728 177 221 56
0.160874 -0.113210 0.810212 0.516993 0.626513 -0.583266 193 207 53
-0.208331 -0.027004 0.189638 0.645137 -0.754559 0.120164 209 31 142
-0.283531 -0.071814 -0.385640 -0.756814 -0.080207 0.648691 31 117 210
0.135116 -0.219723 -0.501855 -0.004408 0.938085 -0.346378 126 247 83
0.168483 -0.189073 -0.769049 -0.604863 0.272635 0.748205 50 162 222
-0.478640 0.072423 -0.032723 0.255291 -0.810982 -0.526436 160 24 60
0.487452 0.159457 0.589355 -0.104063 -0.832340 0.544410 114 21 196
0.798453 -0.206774 0.340592 -0.538352 0.703434 -0.464067 58 217 68
0.682029 0.215187 -0.182988 -0.702692 -0.688850 0.178075 37 39 150
0.609159 0.029148 0.214463 0.103152 0.010633 0.994609 140 128 254
0.623406 0.014196 -0.425021 -0.795186 -0.060165 0.603373 26 119 204
-0.189831 -0.228489 -0.887354 -0.505255 0.580859 0.638216 63 201 208
-0.208890 -0.060525 -0.811831 0.658910 0.111668 0.743887 211 141 222
0.816183 -0.010752 0.507271 0.299768 0.877785 -0.373675 165 239 79
0.122533 0.240494 -0.687099 -0.534461 -0.663943 0.523002 59 42 194
-0.002512 -0.082119 0.666306 0.598218 0.282421 -0.749916 203 163 31
0.694726 0.027266 0.725418 0.679447 0.053724 -0.731755 214 134 34
0.529977 -0.077655 -0.245179 0.762291 0.262415 -0.591651 224 160 52
-0.566771 0.125190 -0.619942 -0.873342 -0.486984 -0.010978 16 65 126
0.884719 0.167878 0.220235 -0.661038 -0.727884 0.182246 43 34 150
0.644796 0.182120 0.026694 -0.627461 -0.778184 -0.026887 47 28 124
0.366633 -0.190806 -0.416094 0.408594 0.879629 0.243525 179 239 158
-0.336143 -0.075104 -0.863336 0.481378 0.258587 0.837501 188 160 234
0.142185 0.201500 0.244977 -0.056187 -0.997942 -0.030900 120 0 123
0.143434 -0.016227 -0.456326 0.968333 0.212119 -0.131670 250 154 110
0.290003 -0.256412 0.787077 0.219508 0.972436 0.078641 155 251 137
0.698608 -0.016435 0.339203 -0.944755 0.178408 0.274971 7 150 162
0.704298 0.077431 0.060941 -0.565799 -0.648630 -0.509068 55 44 62
0.167336 -0.173943 0.603472 0.035868 0.919859 0.390607 132 244 177
-0.115803 -0.059296 0.363020 0.824284 0.427175 0.371587 232 181 174
-0.101571 0.327312 0.277307 0.447324 -0.892561 0.056885 184 13 134
0.637237 0.034792 0.975518 -0.403266 0.043466 -0.914050 76 133 10
0.675462 0.139788 0.614521 -0.685500 -0.711074 -0.156410 40 36 107
0.689556 -0.075251 0.189065 -0.183540 0.745514 0.640720 104 222 209
0.410769 -0.155072 0.459204 -0.167781 0.546652 0.820379 106 197 232
0.868073 -0.032076 0.165812 -0.821827 0.152367 0.548986 22 146 197
-0.697675 0.360237 -0.564782 0.509040 -0.789104 0.343792 192 26 171
-0.577318 0.038694 -0.397920 -0.879624 -0.258568 0.399256 15 94 178
-0.071468 -0.174109 0.335405 -0.171700 0.974314 0.145707 105 251 146
-0.181968 -0.246142 -0.588882 0.047442 0.852142 -0.521155 133 236 61
-0.671191 -0.090895 -0.774799 -0.043976 0.532116 0.845529 121 195 235
0.370462 0.176709 -0.093731 -0.230067 -0.598801 0.767142 98 51 225
0.776245 0.031551 0.449505 0.373105 -0.045219 -0.926687 175 121 9
-0.374098 -0.096923 -0.086547 -0.784057 0.606449 -0.132191 27 204 110
0.573993 0.021755 -0.094436 0.798274 -0.413649 0.437782 229 74 183
0.323266 -0.292033 -0.358262 -0.211567 0.976028 0.051081 100 251 134
-0.410014 -0.045780 -0.210237 -0.332540 0.022024 0.942832 85 130 247
0.721622 -0.171343 0.357688 -0.713044 0.698494 0.060621 36 216 135
0.087434 0.085019 0.457264 -0.811794 -0.481066 0.331007 23 66 169
-0.704623 0.053183 -0.319155 0.668830 -0.119544 -0.733740 212 112 33
0.226394 -0.036650 0.691854 0.765267 0.248822 0.593679 225 159 203
-0.742962 -0.162638 -0.511433 0.724746 0.685808 -0.066414 219 214 119
0.386596 0.083917 0.583360 -0.683007 -0.269109 0.679030 40 93 214
0.599878 0.134655 0.629666 0.667309 -0.287427 -0.687084 212 90 39
0.794799 -0.015871 0.697940 0.146234 0.073006 -0.986552 146 136 1
0.635832 -0.096338 -0.177442 -0.566511 0.503945 0.652000 55 191 210
-0.145771 0.327945 -0.264687 -0.474766 -0.853189 0.216024 66 18 155
-0.389693 -0.045402 -0.127637 0.307621 0.382187 0.871380 166 176 238
-0.674538 0.011228 -0.601397 0.964714 0.144755 -0.219938 250 145 99
0.687408 -0.143836 -0.061732 -0.658746 0.530369 0.533632 43 195 195
0.801975 0.211670 0.302447 -0.161805 -0.732071 -0.661734 106 34 43
0.652259 0.100652 0.291046 0.057225 -0.658001 -0.750839 134 43 31
0.676524 0.015087 -0.037745 -0.790573 0.087177 0.606130 26 138 204
0.571705 -0.109778 -0.278542 -0.937468 0.201121 0.284085 7 153 163
0.101543 -0.009410 0.506902 -0.443760 -0.135939 -0.885776 70 110 14
0.741701 -0.036048 0.572014 -0.658492 0.170615 0.732993 43 149 220
0.587257 0.042530 0.176658 -0.905507 -0.190231 0.379300 12 103 175
-0.600782 0.080092 -0.765096 0.672290 -0.685949 0.278388 213 40 162
0.309420 -0.102930 -0.419606 -0.446222 0.278915 0.850348 70 163 235
-0.589221 -0.017247 -0.819352 0.188398 0.411057 0.891930 151 179 241
0.382391 -0.007181 -0.368178 -0.706797 -0.055972 -0.705198 37 120 37
-0.649271 -0.260458 -0.294154 -0.340680 0.778488 -0.527156 84 226 60
-0.125938 0.041948 0.547869 0.504881 0.103085 -0.857011 191 140 18
-0.517280 -0.065405 0.125128 0.916413 0.124278 -0.380450 244 143 78
0.527801 0.138765 0.781360 0.290268 -0.799735 -0.525518 164 25 60
0.039864 -0.139376 0.669506 0.690539 0.366481 -0.623576 215 174 47
-0.119106 -0.164862 0.271308 -0.097799 0.938325 -0.331634 115 247 85
-0.715661 -0.078318 -0.534799 0.897539 0.034396 -0.439592 241 131 71
-0.659642 0.248321 -0.232534 0.359681 -0.765976 -0.532833 173 29 59
0.475110 -0.013963 -0.054928 -0.855915 0.183786 0.483356 18 150 189
-0.217287 -0.223935 -0.680225 0.152736 0.817474 0.555346 146 231 198
0.095751 -0.074913 -0.576819 -0.409260 -0.050853 0.911000 75 121 243
-0.537101 -0.267212 -0.872427 -0.403585 0.695375 0.594620 76 216 203
0.048978 0.000258 -0.707148 0.121705 0.404491 0.906408 143 179 243
-0.421003 0.259347 0.016799 -0.179402 -0.917299 -0.355495 104 10 82
-0.504983 -0.137917 0.038506 0.879830 0.218942 -0.421858 239 155 73
-0.180351 -0.128072 0.119712 -0.991265 0.008428 -0.131615 1 128 110
-0.222449 -0.129564 0.006148 -0.630118 0.501530 0.592806 47 191 203
0.134048 -0.071544 0.696053 -0.317378 0.460112 0.829197 87 186 233
-0.138121 0.148774 -0.813795 0.211418 -0.776846 0.593138 154 28 203
0.106037 0.025369 0.370155 0.229265 -0.434305 -0.871101 156 72 16
0.692278 0.096018 -0.066989 -0.035103 -0.531554 -0.846297 123 59 19
0.214564 0.237060 -0.477080 0.586443 -0.804313 -0.095733 202 24 115
-0.507903 0.080245 -0.116508 0.480824 -0.833156 0.273238 188 21 162
-0.476726 0.081293 -0.053325 -0.405892 -0.210691 -0.889304 75 100 14
0.640608 0.024299 -0.111524 -0.951777 0.063478 0.300150 6 135 165
-0.602417 -0.198948 -0.758965 -0.090559 0.649526 0.754927 115 210 223
0.680594 0.111771 0.104850 0.726983 -0.576155 -0.373551 220 54 79
0.575532 0.015724 0.743806 -0.007606 0.159589 -0.987154 126 147 1
-0.141677 -0.277885 -0.621502 0.329469 0.705367 -0.627620 169 217 47
-0.186659 -0.217169 0.312657 0.790148 0.542793 -0.284680 228 196 91
-0.189697 0.007646 -0.783085 0.963172 -0.251430 0.095304 250 95 139
0.195930 0.061806 0.419112 -0.902008 -0.429247 0.046143 12 72 133
-0.478702 0.189243 -0.700554 0.063560 -0.996849 -0.047466 135 0 121
0.412068 0.091047 0.753950 -0.749437 -0.432935 -0.500911 31 72 63
-0.058300 -0.090016 -0.809980 0.183773 0.624259 0.759295 150 207 224
0.626437 -0.016640 0.725373 -0.274407 -0.816608 -0.507792 92 23 62
-0.383914 -0.281986 -0.659592 0.292247 0.634139 0.715863 164 208 218
0.664272 -0.145009 0.715667 -0.743521 0.615142 0.262253 32 205 160
-0.738758 -0.097700 -0.398924 0.783141 0.504145 -0.364043 227 191 81
0.573496 -0.012826 0.765835 -0.999060 -0.041781 -0.011586 0 122 126
0.008205 0.043943 0.684365 0.972395 -0.126718 -0.195935 251 111 102
-0.559863 -0.214316 -0.281260 0.345303 0.892304 -0.290792 171 241 90
0.676142 0.009967 0.777606 -0.845106 0.068332 -0.530214 19 136 59
-0.155483 -0.108418 0.350455 0.534149 0.447100 -0.717486 195 184 36
-0.166846 -0.055630 -0.374750 -0.260513 -0.001214 0.965470 94 127 250
-0.525423 -0.160668 -0.800409 -0.650938 0.393571 0.649139 44 177 210
0.518590 -0.239547 0.359676 -0.277938 0.935910 -0.216388 92 246 99
-0.732460 0.194119 -0.503253 0.645679 -0.739128 -0.191802 209 33 103
0.362950 -0.155781 0.659048 -0.791603 0.389626 -0.470697 26 177 67
-0.553997 0.175671 -0.110365 0.298237 -0.463038 -0.834656 165 68 21
0.679571 -0.159129 0.617367 -0.926555 0.369007 0.073000 9 174 136
0.429053 0.212991 -0.082523 -0.038484 -0.937799 0.345039 122 7 171
0.833815 0.083447 0.075738 -0.905087 -0.423699 -0.036011 12 73 122
-0.590763 0.121993 -0.314698 0.545406 -0.357053 -0.758318 197 81 30
-0.244094 0.027867 0.254753 0.979297 -0.194976 0.054421 252 102 134
0.457417 0.154236 0.675053 0.574731 -0.778825 0.251229 200 28 159
-0.591014 -0.043760 -0.664861 0.893568 -0.082378 -0.441306 241 116 71
0.876975 0.081022 0.447476 -0.645498 -0.578422 -0.498759 45 53 63
-0.498794 0.134705 -0.240651 0.060349 -0.494102 0.867307 135 64 238
0.734178 0.092641 0.643557 0.133421 -0.915994 0.378358 144 10 175
0.456294 0.044925 0.751975 -0.657136 -0.268544 -0.704313 43 93 37
0.220745 0.051454 0.557327 -0.299749 -0.420025 0.856580 89 73 236
0.136069 0.120548 -0.738963 -0.614126 -0.466665 0.636453 49 68 208
-0.023795 0.165774 0.501284 0.647689 -0.708382 -0.280525 210 37 91
-0.730609 0.045312 -0.354070 0.791357 -0.012667 -0.611223 228 125 49
0.387527 0.062616 -0.390205 0.461227 -0.019309 0.887072 186 125 240
-0.216458 -0.066809 0.258962 0.197334 0.086548 -0.976509 152 138 2
-0.311411 0.132345 -0.731472 -0.620263 -0.323218 0.714706 48 86 218
0.089989 -0.085251 0.605049 0.263135 0.964745 0.005143 161 250 128
-0.208294 -0.067823 -0.831316 -0.442901 0.332481 0.832644 71 169 233
0.423636 -0.236714 -0.535812 -0.846531 0.514247 0.137605 19 193 145
0.742291 0.028461 0.804858 -0.353884 0.027508 0.934885 82 131 246
-0.135183 0.097821 0.285872 -0.000071 -0.258176 0.966098 127 94 250
-0.288244 0.178254 0.113152 -0.043927 -0.999032 0.002300 121 0 127
0.454485 0.175537 -0.163728 0.431897 -0.859089 0.274647 182 17 162
0.474555 0.250610 -0.263873 0.542113 -0.831656 0.120256 196 21 142
0.466027 -0.132506 -0.214936 0.753667 0.519651 -0.402428 223 193 76
0.337915 0.191627 0.051909 0.917651 -0.285039 -0.276894 244 91 92
-0.143628 0.246234 -0.699277 0.320285 -0.846391 -0.425489 168 19 73
0.247875 -0.018103 -0.427422 0.919331 0.121091 -0.374390 244 142 79
-0.494185 -0.002025 -0.318007 0.445456 -0.885991 -0.128796 184 14 111
0.374552 -0.199958 0.810024 0.445567 0.602292 -0.662355 184 204 43
0.414986 0.268916 0.483670 0.246254 -0.966090 0.077650 158 4 137
0.536852 0.061262 0.477903 0.990241 -0.131896 -0.045026 253 110 121
0.213937 0.174855 0.046130 -0.365777 -0.754225 -0.545299 80 31 57
-0.422894 0.089888 -0.546278 0.732790 -0.056929 -0.678070 220 120 41
0.302746 -0.174700 0.732176 -0.364843 0.796310 -0.482472 80 229 65
-0.372996 0.116095 -0.024657 -0.128344 -0.869941 -0.476163 111 16 66
-0.048636 -0.125424 0.427395 0.539335 0.736973 -0.407418 196 221 75
-0.376002 -0.133379 0.011518 0.249547 0.526164 0.812944 159 194 231
0.720742 -0.040179 -0.207154 -0.616984 0.322253 0.717972 48 168 219
0.066375 0.364506 0.044986 -0.429950 -0.879536 -0.203859 72 15 101
-0.089424 0.091397 0.540440 0.870916 -0.487944 0.058441 238 65 134
-0.395317 -0.204930 -0.704600 -0.819838 0.469539 0.327719 22 187 169
0.396008 -0.085081 0.701916 -0.508649 0.618783 0.598652 62 206 203
0.257478 0.217147 0.760624 0.561494 -0.823915 -0.076741 199 22 117
-0.378717 0.183384 0.185679 0.504129 -0.407442 -0.761475 191 75 30
-0.527356 0.029511 -0.450804 -0.757218 -0.384769 0.527800 30 78 194
-0.151154 0.040553 0.395108 0.523201 -0.324041 -0.788199 194 86 27
-0.618163 0.103941 -0.217298 0.825411 -0.445820 0.346326 232 70 171
-0.300060 -0.001875 -0.857441 -0.792808 -0.013138 0.609330 26 125 205
-0.406499 0.106756 -0.319415 0.767983 -0.576771 -0.278454 225 53 91
0.334738 -0.248348 -0.566550 -0.414747 0.909657 0.022573 74 243 130
-0.278984 -0.174945 -0.056654 -0.263458 0.546961 0.794622 93 197 228
-0.474674 0.367540 -0.336159 -0.226269 -0.952680 -0.202987 98 6 101
-0.273984 -0.236300 -0.650300 -0.621245 0.670533 0.405512 48 212 179
0.405661 -0.080243 0.404507 0.283483 0.891218 -0.354072 163 241 82
0.120063 -0.062358 -0.573694 0.752790 0.123859 -0.646503 223 143 45
0.676839 0.183777 0.218397 -0.755138 -0.651753 0.070596 31 44 136
0.632143 0.007597 0.551314 -0.985342 0.099926 0.138264 1 140 145
0.893783 -0.003312 0.484392 -0.896098 0.023997 0.443208 13 130 184
0.308271 -0.239421 -0.531790 -0.747187 0.437808 0.500036 32 183 191
0.624926 -0.063518 0.316075 0.819655 0.295020 0.491049 232 165 190
-0.287285 -0.131290 -0.808948 0.338053 0.677499 0.653235 170 213 210
0.025248 0.032241 0.643176 0.400832 0.015891 -0.916014 178 129 10
-0.081686 0.106595 0.502222 0.343729 -0.341602 -0.874734 171 83 15
0.643300 -0.257415 -0.062471 -0.377699 0.899054 -0.221462 79 242 99
0.703920 -0.192667 -0.151637 -0.558433 0.395653 0.729117 56 177 220
0.044773 -0.178006 -0.713894 -0.737130 0.479991 -0.475655 33 188 66
-0.168187 0.093660 0.605840 0.670266 -0.224450 -0.707366 212 98 37
-0.378959 -0.166944 -0.045519 0.717000 0.689457 -0.102763 218 215 114
0.229171 0.176858 0.577810 -0.332435 -0.618389 0.712097 85 48 218
0.703177 -0.121440 -0.250061 -0.562958 0.320988 0.761607 55 168 224
0.096613 0.131164 -0.671444 -0.432801 -0.816337 0.382463 72 23 176
0.502001 -0.194763 -0.295998 -0.583025 0.494673 0.644500 53 190 209
0.118604 0.093049 0.454469 0.038221 -0.933303 0.357049 132 8 173
-0.654381 0.047696 -0.448790 0.633976 -0.587877 -0.502469 208 52 63
0.489276 0.223863 0.573342 0.389376 -0.822831 -0.413927 177 22 74
0.056243 -0.111718 -0.597015 -0.383928 0.759269 -0.525461 78 224 60
-0.578837 -0.143643 -0.092910 0.772480 0.430228 -0.467096 225 182 67
0.680603 -0.103528 0.150347 0.322604 0.670027 0.668573 168 212 212
-0.494979 0.172434 -0.557104 0.534377 -0.582617 -0.612372 195 53 49
0.393922 -0.224018 -0.261528 -0.437858 0.889929 -0.127698 71 240 111
0.063537 0.094109 0.546232 -0.527676 -0.630062 0.569719 60 47 200
0.793849 -0.079174 0.877722 0.003862 0.252904 -0.967484 127 159 4
0.009864 -0.203699 0.675431 0.639399 0.635092 -0.433390 209 208 72
0.242033 0.199965 0.652276 -0.299599 -0.888543 0.347464 89 14 171
-0.499262 -0.041824 -0.774951 -0.766948 0.180567 0.615781 29 150 206
0.246157 0.047138 -0.500234 -0.363892 -0.365221 0.856852 81 80 236
-0.002813 0.173658 -0.571048 0.800654 -0.441137 -0.405401 229 71 75
0.844533 -0.255457 0.199102 -0.757918 0.626478 0.181893 30 207 150
-0.203998 0.199472 -0.785388 0.201062 -0.937682 -0.283418 153 7 91
0.306204 -0.240200 -0.578429 -0.109799 0.816996 0.566093 113 231 199
-0.588493 0.158804 -0.418323 0.058870 -0.804896 -0.590489 135 24 52
0.568110 -0.028663 0.093161 -0.894621 0.262038 -0.361925 13 160 81
0.719693 0.081234 0.077105 -0.737391 -0.672449 -0.063765 33 41 119
0.411389 0.064002 0.053402 -0.193470 -0.518898 0.832655 102 61 233
-0.599364 -0.157728 -0.545081 -0.323748 0.807004 0.493894 86 230 190
0.517073 0.280032 0.761542 0.329962 -0.943750 0.021485 169 7 130
-0.280648 -0.197429 -0.068271 -0.228725 0.897743 0.376487 98 241 175
0.556744 -0.078991 0.428554 0.266313 0.821233 -0.504632 161 232 63
0.131951 0.127844 -0.446190 0.970957 -0.235271 0.043475 251 97 133
-0.259307 -0.028421 0.034224 -0.292752 0.009415 0.956142 90 128 249
-0.769456 -0.258111 -0.700509 0.532817 0.561574 0.633041 195 199 208
0.353097 -0.171589 0.722809 -0.382561 0.833914 0.397787 78 233 178
0.342874 -0.039064 0.277941 -0.826386 0.283701 -0.486415 22 163 65
-0.200842 -0.115577 -0.034520 -0.262286 0.437809 0.859959 94 183 237
-0.279370 -0.049071 -0.843966 -0.712619 0.065445 0.698492 36 135 216
-0.149728 -0.078077 0.086902 0.913397 0.243101 0.326509 243 158 169
0.028285 0.180292 0.482433 0.051485 -0.852349 0.520434 134 18 193
0.539615 -0.223588 0.019611 0.474000 0.693152 -0.543015 187 215 58
-0.203599 -0.221712 -0.836400 -0.438175 0.739711 0.510716 71 221 192
-0.262263 0.068220 0.037878 0.727154 -0.524863 0.442453 220 60 183
-0.711383 0.221160 -0.429081 0.427249 -0.761325 0.487691 181 30 189
0.467272 -0.117512 0.695967 0.446452 0.524803 -0.724750 184 194 35
0.190885 -0.090233 0.739362 0.312297 0.248631 -0.916871 167 159 10
0.195693 -0.193266 -0.314766 0.821448 0.567120 -0.059977 232 199 119
-0.092387 -0.152217 0.282044 -0.704568 0.615088 0.353909 37 205 172
0.559208 0.009850 -0.047902 0.896926 0.053249 -0.438963 241 134 71
0.042479 -0.091584 -0.309088 0.396775 0.831165 0.389530 178 233 177
-0.025787 -0.177296 -0.616775 -0.343115 0.867086 0.361156 83 238 173
-0.442495 0.091195 -0.788189 -0.031541 -0.718226 0.695095 123 35 216
0.520473 0.227418 0.628302 -0.653197 -0.661608 0.368251 44 43 174
0.300095 0.441763 0.780625 0.075573 -0.991029 -0.110227 137 1 113
0.360167 -0.351487 0.573785 0.237386 0.925578 -0.294880 157 245 89
-0.777632 -0.078296 -0.663709 -0.424719 0.439689 0.791383 73 183 228
0.809159 0.060647 0.141329 -0.780333 -0.438914 0.445460 28 71 184
-0.525901 0.066762 -0.076011 0.851452 -0.160571 -0.499246 236 107 63
-0.419093 -0.204529 -0.629772 0.487750 0.762762 -0.424611 189 224 73
-0.441565 -0.195427 -0.108060 -0.107174 0.946099 0.305632 113 248 166
-0.695047 -0.014602 -0.549552 -0.060596 0.101681 0.992970 119 140 254
-0.599783 -0.028129 -0.745091 0.101550 0.218517 0.970535 140 155 251
0.436395 -0.100000 0.687593 0.444959 0.893940 0.053692 184 241 134
-0.518265 -0.180543 -0.060888 0.386651 0.762393 -0.518901 176 224 61
-0.596375 0.039757 -0.595412 0.468182 -0.848960 0.245100 187 19 158
0.162935 0.081098 -0.658028 -0.528177 -0.786118 -0.321011 60 27 86
-0.349085 0.018133 -0.776402 0.257015 0.044996 0.965359 160 133 250
0.047542 -0.001879 0.332170 -0.580429 0.760720 -0.290528 53 224 90
-0.708522 -0.122792 -0.829067 0.014950 0.500170 0.865798 129 191 237
-0.536914 0.210148 -0.317479 -0.137932 -0.824017 -0.549519 109 22 57
-0.071461 0.162862 0.347831 -0.017456 -0.821592 -0.569809 125 22 54
-0.504243 0.107746 -0.694760 -0.893394 -0.412929 0.177023 13 74 150
-0.080262 -0.082366 0.365808 0.013400 0.879507 -0.475698 129 239 66
0.811620 -0.187513 0.097701 -0.508513 0.729667 -0.457167 62 220 69
-0.534144 -0.246312 -0.670024 0.600668 0.794180 -0.092064 204 228 115
0.280004 -0.182647 -0.463547 0.436723 0.833356 0.338807 183 233 170
-0.558479 -0.115549 -0.841401 -0.106888 0.604513 0.789391 113 204 228
-0.005048 -0.054647 -0.777508 -0.529239 -0.108930 0.841451 60 113 234
0.764287 -0.027456 -0.157665 -0.435113 0.087640 0.896100 72 138 241
-0.571434 -0.070289 -0.307518 0.065742 0.092637 -0.993527 135 139 0
0.876163 0.001600 0.611734 -0.923363 0.054749 -0.380004 9 134 79
-0.247675 -0.248703 0.175483 0.427744 0.889818 -0.158932 182 240 107
-0.233485 -0.023347 -0.806875 -0.902872 0.353981 0.243966 12 172 158
-0.115399 0.184184 0.203319 -0.589590 -0.795333 -0.140816 52 26 109
0.148564 -0.101472 -0.519537 0.692744 0.360293 0.624736 215 173 207
-0.049793 -0.230335 -0.742756 -0.365975 0.805203 0.466595 80 230 186
0.402454 -0.126512 0.720969 -0.301106 0.575913 -0.760040 89 200 30
0.233745 -0.271841 -0.528122 0.381851 0.919012 0.098018 176 244 139
-0.414620 0.144917 -0.688509 0.282767 -0.879437 0.382927 163 15 176
-0.215608 0.115762 -0.666474 -0.375249 -0.392623 -0.839664 79 77 20
0.114398 -0.084646 -0.535684 -0.635772 0.430523 0.640659 46 182 209
-0.620759 -0.019984 -0.714287 0.632527 0.223861 0.741482 208 156 222
-0.430125 0.049193 -0.777154 0.533316 -0.844738 0.044639 195 19 133
-0.783351 -0.189115 -0.710545 0.370083 0.550420 0.748382 174 197 222
0.814051 0.044371 0.353686 -0.932431 -0.312711 -0.181065 8 87 104
0.802445 -0.028780 0.611102 -0.012404 0.939055 -0.343542 125 247 83
0.260529 0.150173 -0.438353 0.595084 -0.689209 -0.413360 203 39 74
-0.305275 -0.026901 -0.238593 0.966476 0.024430 -0.255591 250 130 94
-0.725034 0.203878 -0.522530 0.283722 -0.659675 -0.695938 163 43 38
0.029401 -0.125379 -0.653519 -0.012010 0.998956 0.044086 125 254 133
-0.023670 0.202562 -0.729092 0.357915 -0.819079 0.448338 173 23 184
0.657815 0.056312 0.811123 -0.759908 -0.203437 -0.617376 30 101 48
0.725410 0.284798 0.572506 -0.283728 -0.948631 0.139991 91 6 145
0.596189 -0.221371 0.177362 0.076069 0.835869 -0.543633 137 234 58
-0.343649 0.008552 -0.254205 0.096662 0.326008 -0.940412 139 169 7
0.740053 -0.230836 0.465660 -0.597646 0.683978 0.418323 51 214 180
-0.054710 0.139705 -0.674162 -0.282044 -0.668664 -0.687997 91 42 39
0.083939 0.055675 0.280310 0.716381 -0.670839 0.191763 218 41 151
0.414483 0.114351 0.860253 0.693438 -0.357055 -0.625824 215 81 47
-0.099145 0.184653 -0.830532 0.310784 -0.759143 0.571940 167 30 200
0.373917 0.117934 0.000462 -0.282159 -0.879344 0.383589 91 15 176
0.764037 0.103965 0.281972 -0.421640 -0.836739 0.349411 73 20 172
0.015390 0.143643 0.651790 -0.439758 -0.686727 -0.578809 71 39 53
0.747799 0.074088 0.625337 -0.521361 -0.318106 0.791828 61 86 228
-0.310382 0.230869 0.084104 -0.112862 -0.886089 0.449565 113 14 184
0.734904 0.132880 0.770484 -0.053382 -0.629563 -0.775113 120 47 28
-0.607874 -0.101488 -0.332172 0.396707 0.299492 0.867715 178 165 238
0.706816 -0.268411 0.391551 -0.278305 0.940721 -0.193883 92 247 102
0.618842 -0.307948 -0.212445 -0.275319 0.939242 0.205000 92 247 153
0.426356 -0.087992 0.435277 -0.258660 0.275955 0.925713 94 162 245
0.409507 -0.163312 -0.141309 0.199765 0.979827 0.005704 152 252 128
-0.499080 -0.016100 -0.275138 -0.949598 -0.203637 0.238317 6 101 157
-0.234665 -0.091700 -0.368315 0.610630 0.709513 0.351743 205 217 172
0.720076 -0.024782 0.748553 0.264006 0.452263 -0.851915 161 185 18
0.431791 0.050655 0.936284 0.157593 -0.222946 -0.962008 147 99 4
-0.487663 -0.005114 -0.669434 -0.527004 -0.499593 0.687513 60 63 215
-0.663576 -0.056246 -0.403110 0.674636 0.079382 -0.733869 213 137 33
0.593828 -0.015057 -0.094186 -0.579477 -0.792076 -0.191891 53 26 103
0.419670 0.045564 0.491873 -0.769432 -0.228504 0.596456 29 98 203
-0.333836 -0.065936 -0.793429 0.840203 0.427234 0.333961 234 181 170
-0.004223 -0.158061 -0.726980 -0.554610 0.736391 0.387473 56 221 176
0.368072 -0.334003 -0.295823 -0.295627 0.894714 0.334800 89 241 170
-0.711507 0.093234 -0.605385 0.652692 -0.571091 0.497844 210 54 190
0.610575 0.179020 0.214579 -0.148774 -0.805522 -0.573585 108 24 54
-0.441732 -0.199158 -0.787493 0.027035 0.718491 0.695010 130 219 216
0.541498 -0.231001 0.728758 -0.723011 0.637620 0.265885 35 208 161
0.558027 -0.101273 -0.028779 -0.348623 0.539899 0.766140 83 196 225
-0.015447 0.154588 0.098263 -0.417092 -0.792017 -0.445806 74 26 70
0.208386 0.163449 0.737633 0.040564 -0.973307 -0.225895 132 3 98
0.546293 -0.139146 -0.308110 -0.014497 0.727373 0.686089 125 220 214
-0.641079 -0.176979 -0.855004 0.549028 0.688098 0.474435 197 215 187
-0.125857 0.103986 0.145239 0.539313 -0.553245 0.634871 196 56 208
0.076971 0.147981 -0.661998 -0.239904 -0.956212 0.167643 96 5 148
-0.639087 -0.156735 -0.204928 0.529285 0.786064 0.319312 194 227 168
-0.392868 -0.042134 -0.342451 -0.382189 0.643891 -0.662825 78 209 42
-0.167027 0.054374 0.138873 -0.994983 0.024554 -0.096982 0 130 115
0.287628 0.197038 -0.348274 0.794614 -0.571514 0.204840 228 54 153
0.115532 0.112912 0.506711 -0.114225 -0.755036 0.645658 112 31 209
0.521463 0.222028 0.145658 0.514337 -0.857564 0.006374 193 18 128
-0.383729 -0.255279 0.103637 0.603696 0.761018 -0.237495 204 224 97
0.807437 0.210953 0.601050 -0.752932 -0.658083 0.004398 31 43 128
-0.360588 0.388590 -0.021403 -0.152010 -0.950211 0.272015 108 6 162
-0.574949 -0.125362 -0.807270 -0.187562 0.443786 0.876285 103 184 239
0.024466 0.030318 0.515307 -0.468714 -0.770544 -0.431936 67 29 72
0.653879 0.128835 0.169519 -0.479744 -0.318893 -0.817406 66 86 23
0.242351 -0.024484 -0.541532 0.884598 0.419490 0.203751 240 180 153
-0.048836 0.237379 0.524885 0.102586 -0.994650 -0.012167 140 0 125
0.794214 0.074497 0.632577 -0.955636 -0.211929 0.204565 5 100 153
0.417614 -0.100026 0.326152 0.935523 0.293618 -0.196430 246 164 102
-0.686953 0.023666 -0.780564 0.674526 -0.107738 -0.730347 213 113 34
-0.700255 -0.114780 -0.551110 0.896900 0.432820 -0.090759 241 182 115
0.220115 -0.047759 0.713358 0.527705 0.661565 0.532784 194 211 195
-0.020347 0.154161 0.313430 0.234378 -0.911768 -0.337263 157 11 84
0.896083 0.089229 0.344172 -0.907577 -0.299426 -0.294362 11 89 89
0.747986 0.140444 -0.034122 -0.879553 -0.472052 -0.059610 15 67 119
0.622097 0.161534 0.030956 -0.772876 -0.568031 0.282849 28 55 163
-0.249717 0.177734 -0.829999 -0.313071 -0.662804 0.680204 87 42 214
-0.688783 -0.134089 -0.253629 0.742891 0.586351 -0.322964 222 202 86
-0.675336 -0.024044 -0.774867 0.712945 0.233008 0.661374 218 157 211
0.463112 0.015039 -0.442658 -0.118031 0.108666 0.987046 112 141 253
0.167522 0.134039 0.243122 0.283535 -0.435715 -0.854260 163 71 18
-0.062123 0.086538 0.403799 -0.125094 -0.754508 0.644259 111 31 209
0.847509 -0.077098 0.373100 -0.962005 0.272705 0.013342 4 162 129
0.556640 -0.049984 0.623427 -0.188678 0.239239 0.952452 103 158 248
-0.460943 0.185366 -0.717357 0.636487 -0.734031 -0.236816 208 33 97
0.603957 -0.115260 -0.179446 0.213560 0.827040 0.519996 154 232 193
0.552006 -0.058708 -0.255728 -0.497712 0.710554 0.497389 64 218 190
0.813464 -0.174660 0.237788 -0.149707 0.859812 -0.488171 108 237 65
-0.608143 -0.081554 -0.489004 0.427095 0.506544 -0.749001 181 192 32
0.673399 -0.025131 -0.174791 -0.707178 -0.028025 -0.706479 37 123 37
-0.072347 0.073326 0.413957 0.325193 -0.564194 -0.758904 168 55 30
-0.579357 -0.082604 -0.388014 0.883454 0.218497 -0.414449 240 155 74
-0.109548 0.227686 0.388781 0.400444 -0.814488 -0.419826 178 23 73
0.428648 0.035841 0.418282 0.294546 -0.075840 -0.952623 165 117 6
-0.621186 -0.209493 -0.287299 0.576785 0.812826 -0.081447 201 231 117
0.143890 -0.184080 0.243303 0.016946 0.933581 0.357967 129 246 173
0.751502 -0.155492 0.536358 0.139578 0.982154 -0.126064 145 252 111
0.661221 -0.052530 0.422536 -0.281928 0.766730 -0.576750 91 225 53
0.557832 0.075636 0.501867 -0.287987 -0.169969 0.942430 90 105 247
0.521472 -0.217114 -0.073455 0.492783 0.742836 -0.453166 190 222 69
-0.759864 0.190696 -0.620059 0.645692 -0.528985 0.550688 209 60 197
-0.803366 0.099061 -0.218621 0.904474 -0.097923 -0.415136 242 115 74
0.754784 -0.079096 0.533723 -0.899641 0.282730 0.332731 12 163 169
-0.629598 0.073801 -0.430434 0.948044 -0.270028 -0.168222 248 93 106
0.453830 -0.214032 0.626537 -0.339409 0.937150 -0.080945 84 246 117
-0.015289 0.112050 -0.730003 0.810468 -0.539529 0.228146 230 58 156
-0.210995 -0.165227 -0.735572 -0.681057 0.595357 0.426277 40 203 181
0.197937 0.246854 0.253020 0.697316 -0.707275 -0.116242 216 37 112
-0.011118 0.102951 -0.633406 0.811415 -0.335936 -0.478280 230 84 66
-0.493151 0.195732 -0.413561 -0.147217 -0.755111 -0.638854 108 31 46
0.425238 -0.153975 0.690942 -0.465456 0.856260 -0.223987 68 236 98
0.634149 0.116959 0.730886 -0.764734 -0.463024 0.448096 29 68 184
-0.634057 0.153763 -0.761686 -0.058546 -0.811803 0.580989 120 23 201
0.327586 0.115731 -0.536704 -0.689650 -0.465788 0.554459 39 68 198
-0.366009 -0.191234 -0.495547 -0.037079 0.886141 -0.461930 122 240 68
-0.573008 -0.086619 -0.404074 0.046298 0.553716 -0.831417 133 198 21
-0.010223 0.134508 -0.601808 0.801539 -0.434696 -0.410578 229 72 75
0.515667 -0.270286 0.603507 -0.284932 0.905289 0.315064 91 242 167
0.265690 0.101649 0.624910 -0.415347 -0.542888 0.729904 74 58 220
0.390143 -0.013096 0.826639 -0.688290 -0.044254 -0.724085 39 121 35
-0.412934 -0.049251 -0.015636 -0.558880 -0.100194 0.823174 56 114 232
0.444327 -0.176541 0.757260 -0.538508 0.810261 -0.231271 58 230 98
0.433102 0.009931 0.423997 -0.990560 0.132763 0.034133 1 144 131
0.571166 -0.209194 0.028572 -0.671206 0.704465 0.230678 41 217 156
0.678425 0.198563 -0.097717 -0.272075 -0.949968 0.153412 92 6 147
-0.280527 -0.090910 -0.771211 -0.787014 0.499121 0.362612 27 191 173
0.667169 -0.052923 -0.101537 -0.762742 0.113787 0.636613 30 142 208
0.597248 -0.028277 -0.162380 -0.129287 -0.007278 -0.991580 111 126 1
0.271763 -0.259775 -0.585306 0.064133 0.893352 0.444757 135 241 184
0.544204 -0.170576 0.639129 -0.722830 0.650843 0.232209 35 210 157
0.657723 0.155867 -0.103088 -0.239056 -0.577883 0.780323 97 53 226
-0.610399 0.181230 -0.425245 -0.739542 -0.654263 0.158169 33 44 147
-0.584052 0.039138 -0.135247 -0.603525 0.049562 -0.795802 50 133 26
0.787441 -0.009546 -0.131037 -0.861604 -0.057312 0.504335 17 120 191
-0.369156 -0.047443 0.106323 0.751888 0.280769 -0.596517 223 163 51
-0.170616 0.077037 -0.743637 -0.767964 -0.264821 0.583182 29 93 201
0.115384 0.080791 0.586778 -0.171624 -0.171922 0.970045 105 105 251
0.158797 0.070886 0.434592 -0.839817 -0.241163 0.486361 20 96 189
-0.110019 -0.029855 -0.829545 -0.506774 0.078315 0.858514 62 137 236
-0.277402 0.219509 0.178492 -0.278810 -0.960345 -0.001365 91 5 127
0.070565 -0.106822 0.356815 0.737461 0.498253 -0.455956 221 191 69
-0.376041 0.108032 -0.576076 -0.747446 -0.651683 0.128973 32 44 143
-0.063153 0.021226 -0.689101 0.856982 0.087615 0.507844 236 138 192
-0.349345 0.217390 -0.812710 0.254600 -0.673757 0.693708 159 41 215
-0.651309 0.038729 -0.341130 0.339457 0.148868 -0.928767 170 146 9
0.031112 0.032694 -0.086716 0.844493 -0.175240 -0.506085 235 105 62
-0.754945 -0.003888 -0.455789 0.846281 0.046723 -0.530684 235 133 59
0.504435 0.078481 -0.304102 0.150471 -0.396683 0.905539 146 76 242
0.471545 0.020315 -0.135493 -0.538762 -0.391720 0.745849 58 77 222
0.279002 0.127026 0.428085 0.214683 -0.474673 -0.853579 154 66 18
-0.358140 -0.045202 0.007592 0.097013 0.684370 -0.722652 139 214 35
0.518287 -0.049544 0.780039 -0.952382 0.161416 0.258677 6 148 160
-0.336789 -0.132704 -0.552954 0.244520 0.679897 -0.691339 158 214 39
0.384730 0.006061 -0.255256 0.860291 0.003829 -0.509790 237 127 62
0.191972 -0.116068 -0.655973 -0.926853 0.279202 0.250978 9 163 159
0.170610 0.112402 -0.714627 0.048642 -0.605190 0.794593 133 50 228
-0.628513 0.047621 -0.295119 0.226342 0.161586 0.960552 156 148 249
-0.028157 0.123370 0.632043 -0.497203 -0.704110 -0.506969 64 37 62
-0.443754 0.022841 -0.076425 0.801463 0.099681 -0.589679 229 140 52
0.297267 0.214101 -0.544057 -0.485332 -0.659183 0.574397 65 43 200
-0.256900 0.244545 -0.015783 -0.283648 -0.793469 0.538471 91 26 196
-0.312403 -0.081378 -0.307314 0.348350 0.366436 -0.862773 171 174 17
0.066752 -0.219819 -0.671567 0.039299 0.905643 0.422216 132 242 181
-0.015093 0.137510 0.421006 0.424465 -0.449677 -0.785888 181 70 27
0.857951 -0.084244 0.191318 -0.725226 0.672777 -0.146352 35 213 108
0.657568 0.019662 -0.121444 -0.990886 -0.087582 -0.102349 1 116 114
0.832195 0.114560 0.685540 -0.340725 -0.308804 -0.888001 84 88 14
0.542255 0.117130 0.176017 0.395470 -0.498045 -0.771722 177 63 29
0.760146 -0.011434 0.287626 -0.997181 0.061040 -0.043637 0 135 121
0.706628 -0.131007 0.235680 0.365834 0.658885 0.657295 174 211 211
0.712905 0.133557 0.823439 -0.143817 -0.444199 -0.884310 109 70 14
0.270619 0.045147 0.674745 0.949178 -0.166819 -0.266895 248 106 93
-0.546264 -0.078434 -0.825154 -0.078535 0.209707 0.974605 117 154 251
-0.471790 -0.142062 -0.526595 -0.195859 0.729286 0.655577 102 220 211
0.750904 0.059779 0.057997 -0.680304 -0.661953 -0.314650 40 43 87
-0.504743 0.088998 -0.695314 -0.648220 -0.167447 0.742813 44 106 222
-0.194569 -0.135121 0.262228 0.273272 0.339432 -0.900060 162 170 12
-0.592546 -0.085822 -0.644714 -0.188330 0.420381 0.887588 103 181 240
0.445060 -0.086961 0.853793 -0.011197 0.277428 -0.960681 126 162 5
-0.088251 -0.187350 0.573587 0.885559 0.336390 -0.320353 240 170 86
-0.268222 0.188576 -0.652664 0.415392 -0.904149 -0.099824 180 12 114
0.246914 -0.069615 0.835550 0.089962 0.422465 -0.901904 138 181 12
-0.762342 0.136099 -0.407890 0.919077 -0.344829 -0.190762 244 83 103
0.672712 -0.255579 -0.182397 -0.331161 0.943561 -0.005032 85 247 126
0.427129 -0.168636 -0.040758 0.602157 0.795931 -0.062450 204 228 119
0.557563 0.090482 0.154983 -0.530709 -0.073117 0.844394 59 118 235
0.689899 -0.031479 0.132756 0.707242 0.589006 -0.391000 217 202 77
0.415414 0.065583 0.735241 -0.548653 -0.366636 0.751371 57 80 223
0.220907 -0.002085 0.743737 0.001895 -0.116816 -0.993152 127 112 0
0.576095 -0.112189 -0.108157 0.621351 0.474431 -0.623569 206 187 47
0.548896 0.084408 0.511105 0.627965 -0.676617 0.384513 207 41 176
0.867773 0.099105 0.391596 -0.934159 -0.250226 0.254430 8 95 159
0.073018 0.002205 -0.773410 -0.746127 -0.021193 0.665466 32 124 212
0.433727 -0.318585 0.844493 0.488657 0.703284 -0.516339 189 217 61
0.635778 0.135104 0.857935 0.166464 -0.416800 -0.893626 148 74 13
-0.845108 0.044161 -0.559628 0.970739 -0.239897 0.010689 251 96 128
-0.562886 -0.128109 -0.815072 0.667848 0.621390 0.409699 212 206 179
0.763570 -0.097816 0.063053 -0.470868 0.732054 0.492322 67 220 190
-0.552131 0.055908 -0.386557 -0.379403 -0.423917 0.822404 79 73 232
-0.149212 -0.058561 -0.803187 0.058452 0.752223 0.656311 134 223 211
0.205562 0.131882 -0.656961 -0.362868 -0.242112 0.899838 81 96 242
0.445235 -0.121524 -0.371311 -0.566782 0.591813 0.573164 55 202 200
-0.384750 -0.042958 0.080815 0.980255 -0.023070 0.196390 252 124 152
0.333156 0.139635 -0.313012 -0.616357 -0.733980 -0.285266 48 33 91
0.934144 -0.103694 0.468047 -0.564851 0.732559 -0.379870 55 220 79
-0.136390 -0.094775 0.107445 0.468513 0.860213 -0.201319 187 237 101
-0.404313 0.037508 -0.872299 -0.137629 -0.084640 0.986861 109 116 253
0.195228 0.309543 0.133297 0.400410 -0.842552 -0.360248 178 20 81
0.267953 -0.158844 0.647699 -0.802822 0.502823 0.320384 25 191 168
0.231734 -0.207655 0.732651 0.570587 0.467574 -0.675134 200 187 41
-0.239690 -0.109092 -0.100270 -0.932996 0.353292 -0.068584 8 172 118
0.615817 -0.227106 0.668068 0.520294 0.834320 0.182221 193 233 150
0.090284 0.040525 0.674873 0.539897 0.532714 -0.651711 196 195 44
-0.518150 -0.174297 -0.524683 -0.360344 0.905464 0.224247 81 242 156
0.521334 -0.189073 -0.021848 0.215887 0.975654 -0.038622 155 251 122
0.031730 0.005962 -0.838193 -0.361513 0.100963 0.926885 81 140 245
0.609374 -0.010134 0.867478 -0.403492 -0.015616 -0.914850 76 125 10
-0.006976 0.021641 -0.790774 -0.717417 -0.159750 0.678080 36 107 213
0.361239 0.430497 -0.139651 0.311572 -0.936813 -0.159071 167 8 107
0.193981 0.214443 -0.453743 0.321152 -0.910879 -0.259156 168 11 94
-0.638416 0.066755 -0.673106 0.972126 -0.219561 -0.082245 251 99 117
-0.439672 -0.011734 -0.488101 0.151785 0.503632 -0.850480 146 191 19
0.075087 -0.145801 0.672651 0.750573 0.340781 -0.566135 223 170 55
-0.624084 -0.159548 -0.456362 -0.837424 0.509716 -0.197260 20 192 102
0.490864 0.023909 0.856849 -0.769442 -0.082405 -0.633379 29 116 46
0.093793 0.065629 -0.704600 0.689605 -0.683052 0.240593 215 40 158
-0.336352 -0.010679 -0.770253 -0.963368 -0.268122 -0.005698 4 93 126
0.007905 0.117102 0.518933 0.799405 -0.599885 0.033021 229 51 131
-0.183021 -0.032475 0.072321 -0.485998 0.175097 0.856240 65 149 236
0.774331 -0.069112 0.103765 -0.441507 0.318770 0.838723 71 168 234
0.329073 0.003794 -0.796598 -0.863519 -0.096055 0.495084 17 115 190
0.321548 0.153312 0.832240 0.154431 -0.382282 -0.911050 147 78 11
0.335833 0.091571 -0.609973 -0.746544 -0.531206 0.400614 32 59 178
0.177493 0.119061 0.571271 0.914754 -0.302685 -0.267593 244 88 93
0.329368 -0.027340 0.805058 -0.383818 -0.239838 -0.891718 78 96 13
0.279214 0.009942 0.912927 0.294726 -0.146597 -0.944270 165 108 7
-0.609951 -0.143806 -0.498240 0.088811 0.476481 0.874688 138 188 239
-0.015006 -0.044739 0.528836 0.713776 -0.085420 -0.695146 218 116 38
0.180015 0.012425 0.139270 -0.063043 -0.420633 0.905038 119 73 242
-0.551099 -0.222230 -0.631892 0.779506 0.542438 -0.313259 226 196 87
0.270255 0.079455 0.682451 -0.928442 -0.236118 -0.286782 9 97 90
-0.201246 -0.195717 0.202121 0.053264 0.895347 0.442174 134 241 183
-0.679228 0.286474 -0.678215 -0.200367 -0.893284 -0.402365 101 13 76
0.027031 -0.147878 -0.631189 0.714971 0.569420 0.405681 218 200 179
0.584874 0.071465 -0.186915 -0.219586 -0.136669 0.965973 99 110 250
-0.740656 -0.091236 -0.638132 0.741362 0.285266 -0.607458 222 163 50
-0.418135 -0.210999 0.010563 0.287737 0.896453 0.337016 164 241 170
0.545765 0.365766 0.803651 0.232445 -0.939472 -0.251718 157 7 95
0.745569 -0.081778 0.558511 0.862642 0.430527 0.265508 237 182 161
-0.422201 -0.006142 -0.820159 0.502284 -0.191549 0.843220 191 103 235
0.055435 -0.067072 -0.687403 -0.915382 0.402356 -0.013616 10 178 125
0.399577 0.198939 0.034422 0.132454 -0.991133 0.010598 144 1 128
0.014694 0.197187 0.334511 -0.383057 -0.590468 0.710362 78 52 218
-0.123474 0.038776 0.351184 0.408179 -0.149311 0.900609 179 108 242
-0.339330 0.093808 0.091882 -0.258018 -0.680636 -0.685684 94 40 40
-0.098335 0.343274 -0.663844 0.541178 -0.808555 -0.231010 196 24 98
0.063367 -0.062285 -0.412474 0.297512 0.694389 0.655218 165 216 211
0.661047 -0.005482 0.014287 0.062063 -0.226452 -0.972043 135 98 3
0.906511 -0.015297 0.276517 -0.752597 0.142542 0.642868 31 145 209
-0.412574 0.005955 -0.514291 0.242379 -0.060118 0.968317 158 119 250
-0.016723 0.185517 -0.701445 0.617703 -0.758408 0.207990 206 30 154
0.034154 -0.095333 -0.776355 -0.700260 0.434920 0.566110 38 182 199
0.559016 0.138967 -0.172160 -0.101324 -0.626636 0.772697 114 47 226
0.417012 -0.138260 -0.385241 0.182451 0.798498 0.573684 150 229 200
-0.186502 0.025537 0.028323 -0.575317 -0.723201 0.382087 54 35 176
0.636644 -0.094322 -0.012312 -0.715809 0.514844 0.471756 36 193 187
0.568207 -0.024802 -0.201842 -0.696509 0.621822 -0.358069 38 206 81
0.834104 -0.137774 0.144617 -0.524747 0.850795 0.028077 60 235 131
-0.408144 -0.207126 -0.782941 -0.161164 0.946050 0.281097 106 248 163
0.641833 0.174219 0.484417 -0.690869 -0.522643 0.499545 39 60 191
0.449290 -0.206137 0.670096 -0.529905 0.740833 0.412755 59 221 180
-0.671890 -0.183278 -0.400523 0.410155 0.355477 -0.839886 179 172 20
-0.645318 0.127095 -0.198198 0.772832 -0.192253 -0.604789 226 102 50
-0.416784 0.302649 -0.252471 0.408830 -0.771311 0.487788 179 29 189
0.853894 0.031737 0.738446 -0.725746 0.187908 -0.661803 34 151 43
-0.629882 0.019513 -0.664290 -0.859425 -0.111692 0.498913 17 113 191
-0.518449 0.090232 -0.745854 -0.604300 -0.255206 0.754779 50 94 223
-0.377287 0.060365 -0.102949 -0.303672 -0.221929 0.926569 88 99 245
0.584251 -0.201858 -0.006139 0.207648 0.977541 0.035997 153 252 132
-0.194540 -0.039946 -0.123879 0.023622 0.062338 0.997776 130 135 254
0.611088 0.126952 -0.089259 0.651464 -0.471621 0.594280 210 67 203
-0.652752 0.281295 -0.229723 0.393354 -0.769693 -0.502837 177 29 63
0.267937 0.115105 0.090654 0.746093 -0.645931 -0.161610 222 45 106
-0.075027 -0.184567 -0.782660 -0.202391 0.749248 0.630607 101 223 207
-0.297118 0.024079 -0.118203 -0.376296 -0.163571 0.911946 79 106 243
0.033836 0.006463 -0.679800 -0.517336 -0.015086 0.855650 61 125 236
-0.141076 -0.066913 0.481274 0.835207 0.113595 -0.538076 233 141 58
-0.724085 -0.061995 -0.491563 0.351853 0.936055 -0.000218 172 246 127
0.540932 -0.090839 0.554288 -0.882508 0.460300 -0.096455 14 186 115
-0.527900 0.135372 -0.284258 -0.086435 -0.980427 0.176893 116 2 150
0.813612 -0.027386 0.465021 -0.882466 0.036369 -0.468968 14 132 67
0.489597 -0.086707 -0.284516 -0.227771 0.849871 0.475226 98 235 188
-0.434791 -0.235898 0.028223 0.574659 0.692869 -0.435545 200 215 71
0.871829 0.055021 0.370897 -0.933677 -0.301178 -0.193753 8 89 102
0.302493 -0.082215 -0.487608 0.562211 0.045454 -0.825744 199 133 22
0.682194 0.221094 -0.073863 -0.291247 -0.918753 0.266586 90 10 161
-0.662312 -0.117785 -0.695724 -0.135383 0.442676 0.886402 110 183 240
-0.115521 0.214123 -0.737724 -0.331479 -0.942322 0.046381 85 7 133
0.511157 0.008507 0.721967 0.418325 0.118272 -0.900564 180 142 12
0.255240 0.190150 -0.492683 0.454383 -0.840207 -0.295953 185 20 89
0.554879 -0.105823 0.732595 0.213691 0.559279 0.800964 154 198 229
0.439390 -0.173001 -0.291950 -0.566459 0.509974 0.647341 55 192 210
0.004860 0.067266 -0.674338 -0.003296 -0.556399 -0.830909 127 56 21
-0.207652 -0.020141 -0.767580 0.146205 -0.405796 -0.902194 146 75 12
0.800381 -0.172885 -0.063987 -0.582933 0.789371 -0.192569 53 228 102
0.254891 0.056942 -0.619180 0.856675 -0.068328 -0.511311 236 118 62
-0.560465 0.225974 -0.627053 0.642310 -0.659681 -0.390205 209 43 77
-0.772852 0.137441 -0.451977 0.331130 -0.839523 0.430760 169 20 182
-0.725451 -0.301604 -0.150509 0.570386 0.710374 -0.412344 200 218 74
-0.438353 -0.013063 -0.649242 -0.905419 0.201237 -0.373791 12 153 79
0.238280 0.088532 -0.683640 -0.392090 -0.639977 0.660830 77 45 211
0.747415 -0.050395 0.522400 -0.357186 0.671760 0.648967 81 213 210
0.204444 0.117824 0.724782 0.510619 -0.790180 -0.338945 192 26 84
-0.056807 0.121044 0.314227 -0.181762 -0.834138 -0.520746 104 21 61
-0.673947 -0.059137 -0.712747 0.628939 0.316432 0.710145 207 167 218
0.566786 -0.251778 0.489965 0.226484 0.972516 0.054010 156 251 134
-0.706963 0.129932 -0.581093 0.385957 -0.898150 -0.210627 176 12 100
-0.000965 0.104752 -0.584555 -0.786650 -0.368777 0.495162 27 80 190
-0.019654 -0.124394 0.401832 0.007192 0.623910 -0.781463 128 207 27
0.593609 0.170423 0.763447 -0.284393 -0.752046 -0.594598 91 31 51
0.206585 -0.026465 -0.792069 -0.447571 0.011324 0.894176 70 128 241
0.371562 0.132338 0.549139 0.918549 -0.316980 -0.236200 244 87 97
0.287495 0.089374 -0.572464 0.260640 -0.315665 0.912372 160 87 243
0.029324 -0.153940 -0.703009 -0.447142 0.689369 0.569942 70 215 200
0.422452 -0.272082 0.514209 -0.418682 0.899609 0.124136 74 242 143
0.406223 -0.119516 0.685700 -0.810613 0.551532 0.196770 24 197 152
-0.144754 -0.219070 0.389934 0.156824 0.905381 -0.394577 147 242 77
-0.007637 0.292202 -0.792829 0.239232 -0.737664 0.631364 158 33 207
0.590247 -0.171788 0.624070 -0.301659 0.951290 -0.063630 89 248 119
-0.313570 0.013836 0.150395 0.561602 0.720433 0.406914 199 219 179
0.443946 -0.029098 0.619440 0.086594 0.210035 -0.973852 138 154 3
0.563264 -0.064351 -0.334467 -0.408155 0.343309 0.845901 75 171 235
0.144137 0.173381 -0.581826 -0.268807 -0.916029 0.297714 93 10 165
0.664762 -0.099052 -0.304413 -0.814454 0.121437 0.567379 23 142 199
-0.000520 0.066604 -0.712824 0.875106 -0.453592 -0.168651 239 69 105
0.511215 0.148270 0.252128 -0.404099 -0.601969 0.688722 75 50 215
-0.414118 0.031857 -0.103958 -0.202013 -0.413433 0.887842 101 74 240
-0.211404 0.106974 -0.312566 -0.503174 -0.505250 0.701098 63 63 216
0.367941 -0.110309 -0.526280 -0.715600 0.478386 0.508983 36 188 192
-0.205604 -0.055976 0.344219 0.930499 0.295291 0.216739 246 165 155
-0.475647 0.004248 -0.712373 -0.532444 -0.754927 0.382870 59 31 176
-0.725053 -0.045241 -0.515826 0.842969 -0.033417 -0.536923 234 123 59
0.632710 -0.216907 0.112463 0.653409 0.635940 -0.410654 210 208 75
0.246422 -0.033300 0.742314 0.674098 -0.048187 -0.737069 213 121 33
-0.267466 -0.326380 0.104624 0.247735 0.965445 0.080886 159 250 137
0.803368 0.115692 0.264433 -0.659791 -0.736383 -0.149722 43 33 108
-0.554876 0.114837 -0.385619 -0.444167 -0.861501 -0.246032 70 17 96
-0.195004 0.070838 -0.810008 0.306668 -0.825812 0.473276 166 22 187
-0.375914 0.066933 -0.060795 -0.969949 -0.217843 -0.108370 3 99 113
0.587127 -0.066905 -0.345234 -0.943627 0.117868 -0.309313 7 142 88
-0.412293 0.103577 -0.454978 -0.728692 -0.171859 0.662928 34 105 212
-0.189904 -0.043094 -0.800477 -0.500025 0.075932 0.862675 63 137 237
0.102936 -0.097724 0.491818 -0.105802 0.314625 0.943301 114 167 247
0.019853 -0.039894 0.181109 -0.134418 -0.389115 0.911329 110 77 243
-0.073704 0.067424 0.457492 0.098848 -0.216133 -0.971347 140 99 3
-0.655212 -0.013341 -0.822417 0.903725 0.204206 0.376272 242 153 175
0.021687 0.011785 0.531364 0.136639 -0.309739 -0.940952 144 88 7
0.531283 0.015505 0.804904 0.382442 -0.373572 -0.845093 176 79 19
0.400254 0.005804 0.216134 -0.864767 -0.032145 0.501143 17 123 191
-0.297654 -0.021963 0.267340 0.646178 0.034574 -0.762403 209 131 30
-0.810488 -0.151551 -0.520026 0.895996 0.442386 0.038540 241 183 132
0.545318 0.004971 -0.203135 0.995970 -0.063668 -0.063168 254 119 119
0.541299 0.136044 0.821111 -0.310155 -0.666974 -0.677458 87 42 41
-0.315419 -0.045721 -0.719397 0.450574 0.797561 0.401099 184 229 178
0.654237 0.240435 0.822088 -0.558763 -0.730671 -0.392306 56 34 77
-0.720805 0.156299 -0.569896 0.872885 -0.486933 -0.031103 238 65 123
0.066327 -0.032602 0.449500 0.710865 0.037346 0.702336 218 132 217
0.657315 0.141953 0.477838 0.396932 -0.329185 -0.856786 178 85 18
-0.053053 0.078077 -0.727610 -0.540436 -0.226598 -0.810298 58 98 24
-0.648904 0.000385 -0.503817 -0.430754 -0.548011 -0.717032 72 57 36
-0.209231 0.092576 0.293789 0.896365 -0.164699 -0.411588 241 106 75
0.178619 0.043423 -0.588847 0.792562 -0.412056 0.449505 228 74 184
-0.795356 -0.153166 -0.571834 0.586007 0.224239 -0.778661 202 156 28
-0.684340 -0.139262 -0.858626 0.164218 0.822121 0.545114 148 232 197
0.498732 -0.024138 0.771084 0.494702 -0.148805 -0.856228 190 108 18
-0.570959 -0.056901 -0.595856 0.509587 0.858461 -0.058012 192 236 120
0.705264 0.064691 0.760524 0.333000 -0.225024 -0.915683 169 98 10
0.226863 -0.117105 0.580225 -0.302788 0.707809 0.638221 88 217 208
0.870466 -0.047986 0.109163 -0.867720 0.221106 -0.445167 16 155 70
0.257006 -0.028342 0.748603 0.722855 -0.171589 -0.669356 219 105 42
-0.216017 0.012468 -0.875042 0.222219 -0.338009 0.914532 155 84 244
-0.737007 -0.048732 -0.517468 0.632164 0.628418 -0.453276 208 207 69
0.028080 -0.140057 0.456115 -0.149126 0.898173 0.413577 108 242 180
0.689245 0.198000 0.429798 0.442101 -0.826095 -0.349447 183 22 82
0.127757 -0.200224 -0.070707 -0.305119 0.628800 0.715201 88 207 218
-0.222784 -0.048122 -0.890181 -0.365102 0.138782 0.920565 80 145 244
-0.650688 -0.064420 -0.642970 -0.293754 0.657771 0.693575 90 211 215
-0.430088 0.344785 -0.586254 0.213449 -0.762254 -0.611072 154 30 49
-0.610503 0.082130 -0.424572 0.166388 -0.103814 0.980580 148 114 252
0.654239 -0.102623 -0.139552 -0.554648 0.168781 0.814787 56 149 231
-0.695476 -0.142401 -0.610554 -0.355754 0.901144 -0.247747 82 242 95
0.697789 0.252576 0.816995 0.127896 -0.943394 -0.306022 143 7 88
-0.455384 -0.194948 -0.308847 -0.038754 0.870972 0.489802 122 238 189
-0.560105 -0.170773 -0.120333 0.128019 0.675393 -0.726261 143 213 34
0.340159 -0.200535 0.227182 0.770805 0.584504 0.253407 225 202 159
-0.443419 -0.090170 -0.685260 -0.969601 0.069303 0.234671 3 136 157
0.857986 -0.049766 0.615667 -0.960870 0.195322 0.196413 4 152 152
-0.632181 0.173182 -0.556393 -0.487941 -0.462144 0.740497 65 68 221
-0.543051 0.040283 -0.804877 0.087404 -0.193689 0.977162 138 102 252
0.476046 -0.123300 0.234136 0.498795 0.866657 0.010418 191 237 128
-0.438598 0.267124 -0.894310 -0.019020 -0.673765 0.738701 125 41 221
-0.101045 -0.142244 0.269180 0.153269 0.974912 -0.161419 147 251 106
0.080977 -0.135605 0.518225 0.043264 0.791599 0.609507 133 228 205
0.688623 0.043316 0.028211 -0.996762 0.064971 -0.047371 0 135 121
0.522770 0.074631 0.797803 -0.932990 -0.127043 0.336734 8 111 170
0.027116 0.044366 0.352650 0.834334 -0.187869 -0.518259 233 103 61
0.059803 0.095901 -0.724239 -0.171605 -0.178764 0.968811 105 104 251
-0.551727 -0.154946 -0.034164 0.891523 0.449134 -0.058869 241 184 119
0.195330 0.025248 -0.572563 -0.828485 -0.437635 0.349411 21 71 172
0.463430 0.223104 -0.482800 -0.120456 -0.660400 0.741190 112 43 222
0.412728 0.160995 0.922123 -0.251316 -0.426838 -0.868706 95 73 16
0.375298 -0.221573 0.705100 0.221886 0.896799 -0.382778 155 241 78
0.641784 -0.181582 -0.045511 -0.523577 0.830735 0.189066 60 233 151
0.062593 -0.254170 0.389957 -0.035313 0.826726 0.561496 122 232 199
0.099251 -0.060087 -0.643009 -0.788391 0.248969 0.562543 26 159 199
0.506467 0.072820 -0.091973 -0.805084 -0.308429 0.506667 24 88 192
0.675973 0.036982 0.838854 -0.819981 -0.429000 -0.378933 22 72 79
-0.271529 0.035101 -0.223099 -0.878226 -0.475508 0.051103 15 66 134
-0.333293 0.321400 -0.748670 -0.100247 -0.786708 0.609131 114 27 205
-0.415377 -0.172273 -0.029470 -0.375434 0.790172 0.484435 79 228 189
0.563906 0.315528 0.690899 -0.050464 -0.967442 0.248012 121 4 159
0.805388 -0.293601 0.578400 -0.443888 0.890978 0.095513 70 241 139
-0.752739 0.295416 -0.287273 0.369504 -0.751776 -0.546169 174 31 57
0.832036 0.222910 0.388910 -0.563912 -0.735509 -0.375541 55 33 79
0.359445 0.066913 0.838794 0.930974 0.173086 -0.321447 246 149 86
0.621960 -0.062942 0.802158 0.450781 0.148837 -0.880139 184 146 15
0.674146 -0.074870 0.292780 -0.517853 0.350886 -0.780197 61 172 28
-0.595114 -0.028061 -0.807782 -0.530391 0.087671 0.843208 59 138 235
-0.659360 0.339186 -0.605200 -0.195467 -0.890130 0.411657 102 14 179
-0.626468 -0.047147 -0.477859 -0.795377 0.088809 0.599573 26 138 203
0.302903 0.186021 0.762208 -0.325369 -0.881684 0.341713 86 15 171
-0.704800 -0.129860 -0.718421 0.788196 0.591249 0.170797 227 202 149
0.751260 0.011107 0.418262 0.784840 -0.040814 -0.618353 227 122 48
-0.227883 -0.200076 -0.676989 0.549516 0.834373 0.043055 197 233 132
-0.384708 0.244055 -0.048900 -0.233109 -0.887239 -0.398080 97 14 76
0.047877 -0.011413 0.639244 0.051657 -0.123700 -0.990974 134 111 1
-0.382936 0.089875 0.064940 0.427492 -0.407811 0.806809 182 75 230
-0.527109 0.353871 -0.678130 -0.032060 -0.821904 0.568724 123 22 200
0.060947 -0.063550 0.608758 -0.331616 0.931867 -0.147157 85 246 108
0.055990 -0.071964 0.568399 -0.476457 0.323731 0.817427 66 168 231
-0.305729 -0.062157 -0.586417 0.917458 0.365349 0.157453 244 174 147
0.660643 -0.035800 0.724184 0.381357 0.085165 -0.920497 176 138 10
0.570838 -0.161667 0.762356 -0.817111 0.507362 -0.273702 23 192 92
-0.661401 -0.179138 -0.445702 0.518683 0.800049 -0.301479 193 229 89
-0.783358 -0.080937 -0.645520 0.922480 0.146098 -0.357333 245 146 81
-0.230367 -0.284650 0.324068 0.521716 0.717730 -0.461168 194 219 68
-0.119040 0.246013 -0.464351 -0.218932 -0.909281 -0.353946 99 11 82
-0.257825 -0.084088 0.170901 0.708052 0.268391 -0.653168 217 161 44
0.841425 -0.018920 0.590102 -0.920536 0.285247 -0.266921 10 163 93
-0.034743 0.121451 0.509388 -0.315694 -0.258609 -0.912940 87 94 11
-0.012775 0.097837 -0.693109 0.012793 -0.363512 0.931502 129 81 246
-0.469041 0.185824 -0.757109 0.476912 -0.727387 0.493420 188 34 190
-0.672167 0.247449 -0.481774 0.255980 -0.898232 -0.357286 160 12 81
0.319868 0.048160 0.134395 -0.688373 -0.478303 -0.545316 39 66 57
0.569046 0.075280 0.714586 0.204287 -0.353033 -0.913036 153 82 11
-0.182384 0.056765 -0.609199 0.616537 -0.786413 -0.037910 206 27 122
-0.332389 -0.216757 0.104866 0.588867 0.713273 0.380103 202 218 175
-0.250210 0.304015 -0.607677 0.745608 -0.652290 -0.136332 222 44 110
-0.530912 0.038078 -0.079227 0.691854 -0.095227 -0.715730 215 115 36
0.554497 -0.014374 0.831270 0.427992 0.247191 -0.869321 182 159 16
0.594777 -0.142892 -0.177632 -0.630637 0.422840 0.650771 47 181 210
0.494331 -0.100962 -0.082785 0.780168 0.367864 -0.505978 226 174 62
0.227980 -0.164707 0.182407 0.886254 0.254539 -0.386994 240 159 78
-0.312853 0.101238 0.056447 -0.452274 -0.624960 -0.636296 69 47 46
-0.135261 0.031265 -0.785955 -0.783128 -0.026021 0.621315 27 124 206
0.567301 -0.053707 -0.013273 -0.043248 0.012825 -0.998982 121 129 0
-0.537731 -0.166701 -0.630631 0.636345 0.687050 -0.350752 208 215 82
0.341631 0.251594 -0.418552 0.365804 -0.920526 -0.137180 174 10 110
-0.155573 -0.216444 -0.733837 -0.182121 0.834115 -0.520657 104 233 61
-0.703239 0.121068 -0.400242 0.845596 -0.322060 0.425728 235 86 181
0.018645 -0.061145 0.601536 0.784139 0.109713 -0.610810 227 141 49
0.159588 0.204550 -0.768036 -0.688105 -0.414447 0.595605 39 74 203
0.411985 -0.158508 -0.410760 -0.592108 0.631048 0.501185 52 207 191
-0.507634 0.007739 -0.152544 -0.842398 -0.426219 0.329703 20 73 169
-0.105350 0.215711 -0.441048 0.529981 -0.842820 -0.093671 195 20 115
-0.357569 -0.056269 -0.020737 -0.607768 0.069984 0.791025 50 136 228
-0.452684 -0.088642 -0.284455 0.712563 0.578429 0.397081 218 201 178
-0.050518 -0.228619 0.232782 -0.227656 0.706208 0.670405 98 217 212
-0.020276 -0.161466 0.539766 0.103528 0.407742 -0.907209 140 179 11
0.126956 0.138866 0.605336 -0.607057 -0.354746 0.711082 50 82 218
-0.424506 -0.037243 0.077549 0.982708 0.115962 -0.144353 252 142 109
0.100167 -0.197706 -0.793281 -0.438769 0.675855 0.592201 71 213 203
-0.541400 0.070693 -0.245181 0.758522 -0.383164 -0.527095 224 78 60
-0.417484 0.110737 -0.655903 0.671248 -0.739758 0.046728 213 33 133
-0.257882 0.114475 -0.266916 -0.626954 -0.394220 0.671952 47 77 213
-0.167057 -0.243643 0.320546 0.619098 0.779234 0.097530 206 226 139
-0.474956 0.024409 -0.195483 -0.827128 -0.125463 0.547830 22 111 197
-0.263154 -0.028996 -0.803788 -0.909225 -0.050543 0.413226 11 121 180
-0.754088 -0.088587 -0.777446 0.667136 0.397924 0.629751 212 178 207
0.243094 0.107773 0.837160 0.743360 -0.224533 -0.630080 222 98 47
0.364879 -0.173355 -0.116942 -0.915849 0.333850 0.223080 10 170 155
-0.612788 -0.357546 -0.258589 0.340523 0.902198 0.264732 170 242 161
0.754874 -0.167087 0.207941 -0.631780 0.659934 0.406622 46 211 179
0.814967 -0.355805 0.254448 -0.238909 0.928518 0.284213 97 245 163
0.541977 0.155775 0.706460 -0.525170 -0.845378 -0.097636 60 19 115
0.162110 0.007477 0.707270 0.714511 -0.321288 -0.621489 218 86 48
0.763439 0.033223 0.597293 -0.689942 0.165511 0.704688 39 148 217
-0.054722 0.280427 0.480630 0.119451 -0.988703 0.090543 142 1 139
-0.027394 -0.051456 0.533008 0.366691 0.258174 -0.893803 174 160 13
0.637202 -0.015607 0.177956 0.938317 0.259946 0.228012 247 160 156
0.126901 0.007676 -0.778729 -0.230686 0.188163 0.954661 98 151 249
0.326882 0.283164 0.350860 -0.367438 -0.929950 -0.013470 80 8 125
-0.524161 -0.131030 -0.060551 0.433288 0.427536 -0.793394 182 182 26
0.400829 -0.166088 0.421230 -0.471141 0.524431 0.709224 67 194 217
-0.688479 0.004597 -0.598028 0.683968 -0.138278 -0.716287 214 109 36
0.673899 0.138008 0.811040 0.037590 -0.391446 -0.919433 132 77 10
-0.407013 0.251980 -0.725760 -0.072463 -0.993619 -0.086428 118 0 116
0.213921 -0.081521 -0.565203 0.054457 0.630890 0.773959 134 207 226
-0.607404 0.018275 -0.801652 0.636213 0.249726 0.729980 208 159 220
0.109709 0.114247 -0.650343 -0.933804 -0.295469 0.201762 8 89 153
0.320919 -0.144028 0.700796 0.133517 0.448593 -0.883706 144 184 14
0.226167 0.029598 -0.448479 0.746475 -0.286450 0.600601 222 90 204
-0.707652 -0.070349 -0.672695 0.818775 0.065995 -0.570309 231 135 54
-0.203212 0.169233 0.153272 -0.427252 -0.625262 -0.653072 73 47 44
0.799461 -0.096540 0.456034 -0.899687 0.161587 0.405528 12 148 179
0.759425 0.074366 0.012457 -0.550362 -0.276395 0.787850 57 92 227
-0.118985 0.176608 -0.842278 -0.681675 -0.468247 0.562195 40 67 199
0.762874 -0.113651 0.060733 0.545919 0.021896 -0.837551 197 130 20
-0.029193 -0.131306 0.338416 0.620406 0.421559 -0.661350 206 181 43
0.614687 -0.175994 0.014838 -0.407693 0.830823 0.378840 75 233 175
0.047636 0.101841 -0.715018 -0.755978 -0.568954 -0.323710 31 54 86
0.860452 0.095379 0.136304 -0.844485 -0.423732 0.327561 19 73 169
0.267757 0.044981 -0.612699 -0.949386 0.168856 0.264866 6 149 161
0.099152 -0.099758 0.370976 -0.978411 0.134799 -0.156656 2 144 107
-0.062952 -0.160334 0.482237 0.228073 0.726165 0.648589 156 220 210
0.436258 -0.014504 -0.443030 -0.318569 0.454813 0.831660 86 185 233
-0.618212 0.022945 -0.525050 0.330880 -0.104135 -0.937909 169 114 7
0.659089 0.004805 0.795049 0.334327 -0.058164 -0.940661 170 120 7
0.071714 0.122257 0.364191 0.403005 -0.503668 0.764137 178 63 224
-0.181102 0.097628 -0.320709 0.732771 -0.388662 0.558560 220 77 198
0.840647 -0.078228 0.720105 -0.686971 0.290042 0.666293 39 164 212
0.241761 0.172502 -0.215268 -0.113118 -0.468455 0.876216 113 67 239
-0.253061 0.153525 -0.496708 0.341287 -0.352268 -0.871453 171 82 16
0.686709 -0.191322 0.519786 0.039127 0.836388 0.546739 132 234 197
-0.664885 -0.044733 -0.399528 0.719615 -0.448701 0.529925 219 70 195
-0.561775 -0.057657 -0.558184 0.843899 0.145393 -0.516426 235 146 61
-0.697297 -0.168816 -0.637783 -0.687392 0.371011 0.624374 39 174 207
-0.747393 0.156587 -0.517533 -0.205290 -0.727000 0.655231 101 34 211
-0.193858 -0.185927 0.252951 0.785513 0.602243 0.142381 227 204 145
0.222752 -0.056587 -0.118598 0.637933 0.074299 -0.766499 208 136 29
-0.853583 -0.065070 -0.600156 0.999953 -0.008786 -0.003998 254 126 126
0.840442 -0.014851 0.511459 -0.086891 0.083287 -0.992730 116 138 0
-0.357517 -0.328049 -0.099809 -0.260629 0.950308 -0.170254 94 248 105
0.387784 -0.075560 -0.128466 -0.755193 0.136023 0.641234 31 144 209
0.315667 -0.253123 -0.574727 -0.394533 0.911300 0.117799 77 243 142
0.720731 0.131229 0.086525 0.001039 -0.592096 0.805867 127 52 230
-0.038058 -0.149910 0.482583 -0.516224 0.433789 -0.738471 61 182 33
0.194090 0.024865 -0.641630 -0.256984 0.135962 0.956804 94 144 249
0.729149 0.121864 -0.094241 -0.565816 -0.467087 0.679472 55 67 214
-0.479263 0.087396 -0.834312 -0.172794 -0.293852 0.940103 105 90 247
0.388235 0.067966 -0.503786 -0.806825 -0.416196 0.419303 24 74 180
0.825610 0.165662 0.646433 -0.324912 -0.603642 -0.728045 86 50 34
0.573583 -0.139145 0.170894 -0.206478 0.780256 0.590396 101 226 202
0.155461 -0.084560 -0.661821 0.878169 0.412783 0.241721 239 180 158
0.795117 0.041820 -0.058852 -0.790179 -0.128837 0.599181 26 111 203
0.547008 0.260034 0.215370 -0.343845 -0.933654 -0.100307 83 8 114
0.665257 -0.028774 0.713943 -0.695821 0.540039 0.473488 38 196 187
0.059945 -0.069208 -0.451288 0.249903 0.964441 0.086035 159 250 138
0.883811 0.004812 0.209909 -0.895746 -0.078010 0.437669 13 117 183
-0.692708 0.064739 -0.334650 0.819035 -0.432121 -0.377430 231 72 79
-0.485752 -0.248174 -0.243893 -0.144750 0.963773 0.224027 109 250 156
0.574747 -0.309224 0.778353 0.267889 0.949780 -0.161721 161 248 106
0.489361 0.081534 -0.145337 -0.798908 -0.581631 -0.153142 25 53 107
0.261770 0.192249 0.643205 0.000363 -0.997729 -0.067358 127 0 118
0.354261 -0.234393 -0.399238 0.452897 0.879258 -0.147612 185 239 108
0.595099 0.131128 0.012998 0.366457 -0.911126 0.188568 174 11 151
0.262583 -0.295604 -0.547692 -0.028061 0.994619 0.099731 123 254 140
-0.685006 0.289689 -0.406439 0.304740 -0.713379 -0.631050 166 36 47
0.174030 0.094687 -0.582702 -0.250644 -0.967244 0.040220 95 4 132
-0.500169 0.158904 -0.000227 -0.014296 -0.311167 -0.950248 125 87 6
0.252516 -0.059446 0.806484 0.541184 0.265357 -0.797938 196 161 25
0.384008 -0.049363 -0.361466 0.947988 0.007070 0.318228 248 128 168
0.691994 -0.021675 0.657411 -0.942766 0.331755 -0.033635 7 169 123
-0.464937 -0.143756 -0.808732 0.598596 0.296725 0.744068 203 165 222
-0.735458 -0.139427 -0.504480 0.395627 0.393499 -0.829842 177 177 21
-0.348797 0.109359 -0.012860 0.555587 -0.766793 -0.321484 198 29 86
-0.729544 0.143542 -0.338429 0.400701 -0.517733 -0.755904 178 61 31
0.844309 -0.127680 0.554948 -0.847722 0.357665 0.391718 19 173 177
-0.313983 0.047987 -0.164586 -0.792233 0.149960 -0.591505 26 146 52
-0.451915 -0.050004 -0.779911 -0.639730 0.067069 0.765668 45 136 225
-0.388939 0.135356 -0.733674 -0.322743 -0.550483 0.769938 86 57 225
0.359766 0.033687 0.805054 0.978658 -0.186282 -0.086756 252 103 116
0.209380 0.159679 0.380711 -0.630369 -0.467045 0.620084 47 67 206
0.285594 0.215601 -0.546133 -0.137742 -0.889860 -0.434944 109 14 72
0.478545 -0.077095 -0.304217 -0.928892 0.171177 0.328418 9 149 169
0.364647 -0.044593 0.563881 0.634420 0.242606 -0.733930 208 158 33
-0.537685 -0.080165 -0.265588 -0.780609 0.154751 -0.605559 27 147 50
0.713714 -0.151985 -0.129100 -0.739233 0.464827 0.487309 33 186 189
0.020306 0.307012 0.462383 -0.414036 -0.846387 0.334968 74 19 170
-0.035401 0.161164 0.192167 -0.548001 -0.473451 0.689593 57 67 215
-0.743193 -0.185159 -0.595124 0.790267 0.502066 -0.351295 228 191 82
-0.134454 -0.091198 0.511981 0.908260 0.327845 -0.259963 243 169 94
0.644284 0.039840 0.057201 0.033759 -0.213957 0.976260 131 100 251
-0.589553 0.064894 -0.065921 0.403349 -0.242805 -0.882245 178 96 15
0.516101 -0.249746 0.105392 0.290522 0.748727 -0.595823 164 222 51
0.428056 0.124913 -0.545699 -0.802640 -0.401613 0.440995 25 76 183
-0.338535 -0.014843 0.061702 -0.912796 -0.353830 -0.203982 11 82 101
-0.328851 0.079330 -0.836336 0.388327 -0.434388 0.812717 177 72 231
0.290796 0.110123 0.528881 -0.544707 -0.201062 0.814167 58 101 231
-0.400491 -0.200931 -0.419246 0.064968 0.508798 -0.858431 135 192 18
-0.584420 -0.019778 -0.083967 0.572123 0.061774 -0.817838 200 135 23
0.706724 0.136588 0.002565 -0.752762 -0.199946 -0.627193 31 102 47
0.628944 -0.132259 0.615969 -0.241533 0.771470 -0.588639 96 225 52
0.427078 0.235238 -0.511153 -0.496421 -0.868056 -0.006635 64 16 126
0.272768 -0.159510 0.773894 -0.196690 0.923509 -0.329309 102 245 85
-0.565430 0.106894 -0.708829 0.966704 -0.255894 0.000869 250 94 127
0.562423 0.183970 -0.348570 -0.804418 -0.494521 0.329183 24 64 169
0.233842 -0.169714 -0.037685 0.749507 0.614618 0.245934 223 205 158
-0.680455 0.282731 -0.760314 0.485812 -0.790434 0.373096 189 26 175
-0.681312 -0.137736 -0.523286 -0.781080 0.434031 0.448922 27 182 184
0.383095 -0.071738 -0.250758 0.733236 0.396461 0.552435 220 178 197
0.632567 -0.050952 0.682888 -0.622164 0.086208 0.778126 48 138 226
-0.247517 0.190384 -0.816047 -0.466306 -0.624129 0.626914 68 47 207
0.315175 -0.045657 0.737649 -0.605802 0.166954 0.777901 50 148 226
0.610118 0.154760 0.720026 -0.480685 -0.849294 0.218270 66 19 155
-0.522803 -0.118566 -0.825346 -0.218602 0.733962 0.643050 99 221 209
0.287693 -0.235322 -0.173351 -0.326451 0.793581 0.513478 85 228 192
0.429171 -0.225708 -0.357431 -0.039051 0.832410 0.552783 122 233 197
-0.303876 -0.081302 -0.634979 -0.405999 0.564959 -0.718321 75 199 35
0.432492 0.145095 0.594197 0.378598 -0.494101 -0.782642 175 64 27
0.611610 0.015361 0.230001 0.052017 -0.181568 0.982002 134 104 252
0.152108 0.025854 -0.704874 -0.127540 -0.091534 0.987601 111 115 253
-0.708257 0.116121 -0.854959 0.144519 -0.267646 0.952617 145 93 248
-0.715174 0.070136 -0.700241 0.913714 -0.325549 -0.243198 243 85 96
-0.089508 0.204618 0.354381 0.062625 -0.988806 0.135426 135 1 144
0.523385 0.075524 -0.321692 0.754382 -0.587765 0.292301 223 52 164
-0.022972 -0.121753 0.466212 0.383591 0.438943 -0.812519 176 183 23
-0.433547 0.195943 0.068071 0.601138 -0.702206 -0.381497 204 37 78
0.127004 -0.011317 -0.456458 -0.134141 0.243737 0.960520 110 158 249
0.337837 0.117441 0.778186 0.779213 -0.520425 -0.349264 226 61 82
-0.211893 -0.074535 0.338573 0.357099 0.373042 -0.856341 173 175 18
0.150080 -0.077591 0.775441 -0.082264 0.321641 -0.943282 117 168 7
0.402757 -0.165363 -0.189110 0.855994 0.451104 -0.252546 236 185 95
-0.549103 -0.133000 -0.700084 -0.524056 0.745796 0.411283 60 222 179
-0.657946 0.047412 -0.220927 0.653766 -0.539738 -0.530351 210 58 59
0.671532 -0.021874 0.013839 -0.281362 0.366690 -0.886777 91 174 14
-0.719433 0.016124 -0.663608 0.882956 0.034636 0.468177 240 131 187
-0.512738 -0.050267 -0.488777 -0.649244 0.262113 0.713988 44 160 218
0.267743 0.222136 -0.491598 0.489446 -0.865594 -0.105786 189 17 114
0.755439 0.049563 0.178280 -0.929287 -0.294987 -0.222279 9 89 99
-0.705494 -0.173802 -0.277700 0.852526 0.485837 -0.192774 236 189 102
0.681008 0.181932 -0.248474 -0.771463 -0.359590 0.524919 29 81 194
0.824821 -0.072736 0.215152 0.350885 0.411754 0.841034 172 179 234
-0.304139 0.132314 -0.089668 -0.713165 -0.170562 0.679930 36 105 214
0.603364 -0.186377 0.142707 0.190542 0.836597 0.513614 151 234 192
0.639078 0.030786 -0.497048 -0.823022 -0.211145 0.527307 22 100 194
0.490355 0.028112 -0.372552 0.147420 0.151335 0.977428 146 146 252
-0.000588 -0.086576 0.589922 -0.105922 0.223819 -0.968858 113 156 3
-0.527415 -0.104710 -0.673062 0.337038 0.821148 -0.460567 170 232 68
0.059002 -0.188666 0.532926 -0.610187 0.728257 0.311951 49 220 167
-0.334374 0.134528 -0.036829 -0.605464 -0.507239 0.613288 50 62 205
0.187591 0.193523 0.659781 -0.403742 -0.791338 -0.459104 76 26 68
0.786112 -0.192412 0.431148 -0.291559 0.710758 -0.640169 90 218 45
-0.397492 0.164413 -0.062690 0.581709 -0.488044 -0.650713 201 65 44
0.391457 0.081155 0.773819 -0.551306 -0.829471 0.089669 57 21 138
0.244480 -0.041950 0.451346 -0.406832 0.400178 0.821185 75 178 232
-0.585977 -0.018797 -0.336180 -0.815860 0.078813 -0.572854 23 137 54
0.340782 -0.030511 -0.165905 0.504590 0.146109 0.850906 191 146 235
0.530536 -0.169119 -0.171312 -0.818332 0.489057 0.301920 23 189 165
-0.238214 -0.377028 -0.322706 0.382072 0.919739 0.090002 176 244 138
0.405971 0.214565 -0.218698 0.514378 -0.606958 -0.605819 193 50 50
-0.568799 0.288270 -0.787326 0.023117 -0.914811 0.403221 130 10 178
0.070914 0.246030 0.632436 0.701214 -0.712932 -0.005196 216 36 126
0.483177 0.012925 -0.180847 -0.181842 0.688692 0.701881 104 215 216
-0.347869 -0.021683 0.103615 0.906452 -0.041925 -0.420223 243 122 73
-0.201420 -0.120623 -0.656886 -0.962185 0.227800 0.149353 4 156 146
0.597115 -0.037466 -0.054847 0.966868 0.255216 -0.005519 250 160 126
-0.566452 -0.284579 -0.092404 0.463415 0.886047 -0.012943 186 240 125
-0.710842 -0.223926 -0.763984 -0.049387 0.892737 0.447863 121 241 184
-0.399930 -0.096952 -0.750087 0.005900 0.925964 -0.377566 128 245 79
-0.154153 -0.084473 0.139995 0.010001 0.450954 0.892491 128 184 241
-0.610993 -0.040529 -0.552966 0.834532 0.401428 0.377375 233 178 175
0.811720 -0.014346 0.325282 -0.751797 0.407293 0.518568 31 179 193
0.171236 0.004021 -0.577610 0.105095 -0.044369 -0.993472 140 121 0
-0.629654 -0.030802 -0.613291 0.158065 0.027009 -0.987059 147 130 1
0.704750 0.050259 0.270893 -0.958201 0.029983 0.284520 5 131 163
0.651400 0.149389 0.683469 -0.813921 -0.565415 0.133559 23 55 144
-0.541284 -0.116536 -0.638692 -0.497246 0.503708 -0.706417 64 191 37
-0.691043 0.082461 -0.519620 0.834773 -0.196154 -0.514468 233 102 61
-0.469174 -0.247353 -0.043460 0.855752 0.516420 -0.031615 236 193 123
-0.436568 -0.112879 -0.651270 0.273046 0.755992 -0.594913 162 223 51
-0.116230 -0.133618 0.234935 -0.880831 0.364910 -0.301625 15 174 89
0.697091 0.141054 0.510540 0.212906 -0.745296 -0.631827 154 32 46
0.674315 -0.075729 -0.239920 -0.720786 0.226977 0.654942 35 156 211
0.086762 -0.048723 -0.762796 -0.884946 0.049811 0.463022 14 133 186
-0.594715 -0.175971 -0.588305 0.308341 0.771041 -0.557155 166 225 56
-0.452511 -0.029361 -0.659500 0.917724 0.257570 -0.302391 244 160 88
0.720253 0.165795 0.212069 -0.347479 -0.896449 0.275024 83 13 162
0.053814 -0.181545 -0.334766 -0.120395 0.671943 -0.730751 112 213 34
-0.038098 0.048546 0.323465 0.938342 -0.324237 0.119934 247 86 142
0.693172 -0.230120 0.813283 0.113641 0.679294 -0.725014 141 214 35
0.817805 -0.089404 0.092887 -0.782780 0.367810 0.501968 27 174 191
0.718217 0.007451 0.597201 0.945620 -0.313359 -0.087234 248 87 116
-0.430791 -0.229787 -0.077622 -0.727410 0.680872 0.085370 34 214 138
0.367418 -0.193124 -0.233907 0.073607 0.996065 0.049359 136 254 133
0.037021 -0.206392 -0.685113 0.273041 0.957421 -0.093770 162 249 115
0.256574 0.030240 0.618127 -0.394429 -0.497175 0.772815 77 64 226
0.351892 -0.134421 -0.415005 -0.328198 0.598447 -0.730854 85 203 34
0.647320 0.149259 -0.038522 0.204218 -0.849648 -0.486203 153 19 65
0.478082 0.058515 -0.002187 -0.762187 -0.537205 0.361222 30 59 173
0.665263 0.037727 -0.453949 -0.874856 -0.333053 0.351715 15 85 172
0.464538 -0.059636 0.599129 0.447612 0.172870 -0.877359 184 149 15
0.734696 0.034243 0.706269 -0.916930 0.216246 -0.335376 10 155 84
0.139148 -0.247634 0.724852 0.292341 0.700301 -0.651242 164 216 44
0.616405 0.231546 0.192362 0.801639 -0.569303 -0.182399 229 54 104
-0.013710 0.174129 0.444533 -0.627075 -0.758487 -0.177410 47 30 104
0.380158 -0.027273 -0.332473 -0.281210 0.898411 0.337311 91 242 170
0.095415 0.141492 -0.709396 -0.709562 -0.275488 0.648558 37 92 210
0.666581 -0.145807 0.824474 -0.877410 0.435498 -0.201230 15 183 101
-0.199518 0.269374 0.300977 0.611204 -0.677148 -0.409757 205 41 75
-0.422991 -0.047793 -0.705412 0.957097 0.090032 -0.275427 249 138 92
-0.062239 0.318796 0.475796 0.601444 -0.749484 -0.276655 204 31 92
-0.688327 0.127944 -0.589902 0.341173 -0.560761 0.754420 170 56 223
0.632519 -0.261673 0.067333 -0.530307 0.709929 0.463439 59 218 186
-0.224747 0.328632 -0.840401 -0.561675 -0.659647 0.499386 55 43 191
0.796658 -0.198359 0.217950 -0.397432 0.916582 0.043875 76 244 133
0.724285 0.151880 0.053357 -0.242172 -0.729115 0.640112 96 34 209
-0.139865 -0.107204 -0.759888 -0.802365 0.202810 0.561319 25 153 199
0.688387 0.086972 0.232478 -0.927981 -0.123031 0.351730 9 111 172
0.766862 0.149675 0.091791 -0.476364 -0.858940 0.187883 66 17 151
0.030258 -0.205877 -0.717387 -0.422172 0.784960 0.453442 73 227 185
0.323240 0.057659 -0.603661 0.014630 -0.403806 -0.914728 129 76 10
-0.082805 0.193661 -0.710070 0.143570 -0.982188 -0.121217 145 2 112
0.700441 0.204028 0.642806 -0.328420 -0.881776 0.338542 85 15 170
-0.783706 0.066228 -0.581041 0.964189 -0.051056 -0.260255 250 120 94
0.453451 -0.060046 0.814583 -0.957056 0.189719 -0.219206 5 151 99
0.704911 -0.181165 0.602351 -0.736480 0.660770 -0.144842 33 211 109
-0.659303 0.009848 -0.259945 0.985828 0.161217 0.046392 253 148 133
0.757285 -0.241524 0.301416 -0.300018 0.645207 -0.702636 89 209 37
-0.294862 -0.246438 -0.530876 -0.734374 0.677614 -0.039171 33 213 122
-0.141803 -0.104353 0.589813 0.826828 0.077325 -0.557114 232 137 56
0.207231 -0.043280 0.696031 0.818087 0.113035 -0.563876 231 141 55
0.603226 0.167873 0.432592 -0.458079 -0.763409 0.455379 69 30 185
-0.743790 0.231061 -0.479034 0.725078 -0.685996 -0.060590 219 40 119
-0.388935 -0.272243 -0.071634 -0.538288 0.745767 -0.392528 58 222 77
0.709891 -0.153787 -0.118989 -0.314855 0.585259 0.747220 87 202 222
0.532576 0.055891 0.052675 -0.213894 -0.318640 -0.923427 100 86 9
0.870231 -0.062008 0.375013 -0.530331 0.510320 0.676995 59 192 213
0.447240 0.236621 -0.434859 -0.329750 -0.740523 0.585568 85 33 202
-0.650633 -0.141326 -0.632433 0.585785 0.297335 -0.753955 202 165 31
0.733397 -0.268803 0.435725 -0.368387 0.781741 0.503162 80 227 191
0.801926 0.153645 -0.034956 -0.663901 -0.423610 0.616271 42 73 206
0.550932 0.044913 -0.530647 -0.832133 -0.327987 0.447191 21 85 184
-0.759054 -0.155385 -0.772364 0.500354 0.504439 0.703695 191 191 217
0.300690 0.043256 0.724187 -0.788553 0.007680 0.614919 26 128 205
0.132300 -0.028932 -0.635982 -0.487401 0.297367 0.820984 65 165 232
0.382325 -0.060835 -0.153872 -0.931155 0.183832 0.314890 8 150 167
0.236563 0.047217 0.727041 0.368747 -0.207168 0.906150 174 101 243
0.529470 -0.241454 -0.150185 0.267202 0.934907 0.233565 161 246 157
0.643185 -0.052733 0.688570 -0.803544 0.059540 -0.592260 25 135 51
0.228409 0.182287 0.909517 0.320655 -0.336256 -0.885501 168 84 14
-0.798424 -0.027129 -0.556587 0.942414 0.034640 0.332650 247 131 169
0.589300 -0.050707 -0.236531 -0.593092 0.585995 0.552135 51 202 197
0.593932 -0.107919 0.002397 -0.720383 0.318431 0.616157 35 168 206
-0.074074 0.002952 0.573410 0.447799 0.007814 -0.894100 184 128 13
0.168464 -0.018310 0.790762 0.998732 0.022413 -0.045077 254 130 121
0.707702 -0.004526 -0.184375 -0.811019 0.077220 0.579901 24 137 201
-0.431575 -0.177517 -0.789106 0.176915 0.858318 0.481654 150 236 188
-0.282261 -0.100919 -0.765225 -0.907800 0.331656 0.256715 11 169 160
0.441609 -0.193022 -0.438055 -0.595687 0.648207 0.474326 51 210 187
0.745641 -0.093006 0.318970 0.180052 0.460611 -0.869149 150 186 16
0.013755 0.008860 -0.603029 0.546893 -0.299522 -0.781790 197 89 27
-0.535925 -0.084496 -0.654793 0.598081 0.112816 0.793456 203 141 228
-0.381326 -0.092618 0.004271 0.174423 0.357352 -0.917538 149 173 10
0.148127 0.318244 0.058480 0.308358 -0.910495 -0.275525 166 11 92
-0.384406 0.024977 -0.060201 0.104216 0.074929 0.991728 140 137 253
0.173031 0.033174 -0.690161 0.766554 -0.353523 0.536113 225 82 195
0.396713 -0.111768 0.768698 0.219785 0.412138 -0.884216 155 180 14
0.536767 -0.034252 0.714490 0.752332 0.147559 -0.642045 223 146 45
-0.732113 -0.135625 -0.696359 0.827973 0.490553 0.271695 233 190 162
-0.584448 -0.067059 -0.107285 0.565768 0.471848 -0.676215 199 187 41
0.269874 0.177501 -0.209210 -0.803941 -0.504880 0.314285 24 63 167
0.568368 0.011386 0.663635 -0.698815 0.497500 -0.513957 38 190 61
-0.605029 0.093797 -0.171879 0.902393 -0.383649 -0.196217 242 78 102
0.297614 0.097895 -0.563376 -0.913031 -0.360946 0.189980 11 81 151
-0.081102 0.071698 0.233058 0.229999 -0.218956 0.948240 156 99 248
-0.651775 -0.000276 -0.532539 0.590683 0.150929 0.792663 202 146 228
0.808475 0.076254 0.240537 -0.284330 -0.431246 0.856261 91 72 236
-0.298041 -0.176286 0.203988 0.274990 0.588633 -0.760192 162 202 30
0.762072 0.040160 -0.268930 -0.855248 -0.206644 0.475235 18 101 188
0.669890 0.021230 0.552742 -0.141434 -0.315845 -0.938210 109 87 7
-0.040877 0.037128 -0.723567 0.967285 0.020535 -0.252860 250 130 95
-0.157292 -0.198683 0.408875 0.478352 0.549035 -0.685376 188 197 40
-0.507772 0.022917 -0.801708 -0.470529 -0.334742 0.816425 67 84 231
-0.048254 0.176637 0.362018 -0.846061 -0.527766 -0.075119 19 60 117
-0.281337 0.174873 -0.523500 0.512295 -0.838588 0.185269 192 20 151
0.487672 -0.115664 -0.221766 -0.015334 0.461122 0.887204 125 186 240
0.079687 0.182034 0.554305 -0.242320 -0.957367 -0.157256 96 5 107
0.607658 -0.271814 -0.176043 -0.083909 0.996427 -0.009656 116 254 126
0.733701 -0.213134 0.062165 0.258923 0.819635 -0.511036 160 232 62
0.097111 -0.097739 0.724131 0.794076 0.427970 -0.431608 228 182 72
-0.567113 -0.118328 -0.844486 0.090364 0.519748 0.849527 139 193 235
-0.754944 -0.102106 -0.343875 0.922077 0.236823 -0.306088 245 157 88
0.364131 -0.145551 -0.317036 -0.049156 0.647351 -0.760605 121 210 30
0.445702 -0.181942 -0.276534 0.618072 0.379905 -0.688230 206 175 39
-0.823647 0.110648 -0.468213 0.906143 -0.225255 -0.358002 243 98 81
0.095378 0.148514 -0.628179 -0.485044 -0.524048 0.700076 65 60 216
0.083958 0.154900 -0.148705 0.442720 -0.557084 -0.702606 183 56 37
-0.112898 0.201823 -0.718524 0.304955 -0.910597 -0.278954 166 11 91
0.531426 -0.062687 -0.049775 0.862375 0.444521 -0.242303 237 184 96
0.465183 0.020650 0.674745 0.539462 -0.287727 -0.791324 196 90 26
-0.235223 0.221910 -0.838640 -0.326263 -0.470367 0.819944 85 67 232
-0.508068 0.134547 -0.156473 -0.202201 -0.647698 0.734576 101 44 221
-0.188124 0.101154 0.299937 0.692994 -0.614854 -0.376448 215 49 79
0.309904 0.019305 0.190076 0.870896 -0.082125 -0.484557 238 117 65
0.296657 -0.117826 -0.211505 0.213458 0.293526 0.931815 154 164 246
0.589073 -0.118216 0.816792 0.675931 0.430768 -0.597960 213 182 51
0.205928 -0.223844 0.714497 0.768761 0.287722 -0.571160 225 164 54
0.473760 -0.138063 0.587507 0.925631 0.345672 -0.154007 245 171 107
0.815303 0.180234 -0.090359 -0.766831 -0.437670 0.469483 29 71 187
-0.394549 -0.045723 -0.121153 -0.826802 0.442473 0.347298 22 183 171
-0.498261 -0.006524 -0.731260 0.858780 -0.092419 -0.503941 236 115 63
-0.728685 0.137734 -0.622739 0.296157 -0.682937 0.667748 165 40 212
0.562913 0.050909 0.008905 0.300065 -0.106741 -0.947928 165 113 6
-0.073527 -0.146174 0.397264 -0.103899 0.806675 0.581790 114 230 201
-0.484767 -0.130625 -0.703739 -0.143153 0.983815 -0.107773 109 252 113
-0.662337 -0.027385 -0.625698 -0.122603 0.310700 0.942568 111 167 247
-0.405576 0.182938 -0.510409 -0.569731 -0.772551 -0.280305 54 28 91
0.624312 0.140712 -0.041096 0.753468 -0.600942 -0.266748 223 50 93
-0.739672 -0.150803 -0.404367 0.839651 0.446508 -0.309219 234 184 88
0.636259 -0.010914 0.580814 -0.503880 0.013890 0.863662 63 129 237
0.631059 0.078480 -0.100447 -0.503156 -0.337883 0.795405 63 84 228
0.664446 0.235650 0.712733 -0.022831 -0.998909 -0.040744 124 0 122
0.499809 0.015790 0.785567 -0.369021 -0.333375 -0.867574 80 84 16
0.521018 -0.249912 -0.481545 -0.668809 0.589014 0.453604 42 202 185
0.760199 -0.164058 -0.013427 -0.568941 0.793245 -0.216951 54 228 99
-0.322714 0.083101 0.226887 0.532265 0.056171 -0.844712 195 134 19
-0.765297 -0.093696 -0.788592 0.696749 0.582949 0.417985 216 201 180
0.516259 0.041019 0.641272 0.971968 -0.183297 0.147240 251 104 146
0.473073 -0.183157 -0.263090 0.502843 0.561240 0.657387 191 199 211
-0.120234 0.254858 -0.803019 -0.500728 -0.812807 0.297686 63 23 165
-0.194050 0.233604 0.079359 -0.231121 -0.954761 -0.187120 98 5 103
0.660204 -0.225649 0.071839 -0.315090 0.854218 0.413558 87 236 180
0.235049 0.092685 0.415300 -0.561310 -0.260726 0.785464 55 94 227
0.063586 0.190437 0.079995 -0.239520 -0.951763 0.191775 96 6 151
0.187951 -0.172857 -0.381237 -0.615442 0.718046 0.325024 49 219 168
-0.480725 -0.149185 -0.542684 0.489191 0.430633 -0.758451 189 182 30
0.295876 0.074999 0.466150 -0.811580 -0.118613 0.572074 24 112 200
-0.431863 0.089115 -0.543870 0.198968 -0.199938 0.959394 152 102 249
0.186208 -0.111523 -0.427765 0.117937 0.629444 -0.768043 142 207 29
-0.495037 0.173015 -0.797867 0.294678 -0.466703 0.833879 165 67 233
-0.739845 0.132731 -0.477388 0.815488 -0.568121 -0.110529 231 55 113
-0.127973 0.100259 0.618005 0.794499 -0.408549 -0.449288 228 75 70
-0.528135 0.014204 -0.759655 -0.714687 -0.024983 0.698998 36 124 216
0.725356 0.083945 -0.187975 -0.979352 -0.030248 0.199886 2 123 152
0.893635 0.045251 0.741266 -0.845210 -0.252956 -0.470779 19 95 67
-0.424607 0.002987 -0.731678 -0.703709 0.506185 0.498569 37 192 191
0.631198 0.051322 0.608360 -0.849396 -0.236237 -0.471931 19 97 67
0.748111 -0.047944 0.614219 0.848870 0.238263 -0.471858 235 157 67
-0.037354 0.188741 0.585733 0.814711 -0.427074 -0.392242 231 73 77
-0.518636 -0.059975 -0.528889 -0.098194 0.010228 -0.995115 114 128 0
0.414723 0.031964 -0.406098 -0.181334 -0.372278 -0.910235 104 80 11
-0.005839 -0.018814 0.779958 0.791638 -0.014932 -0.610808 228 125 49
0.448772 0.144551 -0.393151 -0.813254 -0.377613 0.442750 23 79 183
0.631544 0.014377 -0.172239 0.235220 -0.359777 -0.902902 157 81 12
-0.275533 0.198466 0.237040 0.327992 -0.669277 -0.666700 169 42 42
0.559758 -0.236101 -0.232444 -0.528620 0.701626 0.477788 60 216 188
-0.660835 0.120028 -0.318773 0.257620 -0.571065 0.779434 160 54 226
-0.757638 0.104553 -0.510772 0.689506 -0.401964 0.602500 215 76 204
-0.663978 0.166016 -0.200540 0.540991 -0.839621 -0.048631 196 20 121
-0.749323 -0.028711 -0.777972 0.978210 0.204592 -0.035328 252 153 122
0.404771 -0.255071 0.773260 0.396089 0.914542 0.082013 178 244 137
0.544562 -0.022846 -0.147352 0.266890 0.144078 -0.952896 161 145 6
0.730295 0.030403 -0.102973 -0.796293 -0.147767 0.586586 25 108 202
-0.757812 0.063153 -0.736004 0.837134 -0.371497 0.401494 234 80 178
-0.062949 0.056402 0.518589 0.860854 -0.340358 -0.378267 237 84 79
-0.736711 -0.099152 -0.497803 -0.236576 0.970475 -0.047009 97 251 121
-0.528354 0.011456 -0.694645 0.943730 -0.016406 0.330309 247 125 169
0.390910 -0.138640 -0.310514 0.848505 0.459210 0.262993 235 186 161
-0.619933 0.105982 -0.690482 0.254737 -0.876554 0.408364 159 15 179
0.020191 0.130347 0.419138 -0.501427 -0.600034 -0.623322 63 50 48
-0.197969 0.229565 0.102459 0.004351 -0.953557 -0.301181 128 5 89
-0.586872 -0.180960 -0.727388 -0.669816 0.503608 0.545643 42 191 197
-0.684321 0.141728 -0.175710 0.714661 -0.365708 -0.596253 218 80 51
0.647065 0.143772 -0.176370 0.418468 -0.662463 0.621311 180 43 206
-0.312918 0.029351 -0.334757 0.133718 -0.070861 0.988483 144 118 253
-0.434704 -0.200483 -0.737050 -0.115308 0.872652 0.474534 112 238 188
-0.499045 -0.025513 -0.802471 -0.172456 0.483730 0.858059 105 189 236
-0.071651 0.110423 0.491006 0.683440 -0.638631 -0.353639 214 46 82
-0.177189 -0.205205 0.475137 0.519934 0.529028 -0.670670 193 194 41
0.353808 -0.107522 0.400495 -0.219710 0.845868 0.486039 99 235 189
0.285379 0.099211 -0.274708 0.290788 -0.700385 -0.651846 164 38 44
0.438694 0.131925 0.633006 0.541084 -0.353062 -0.763266 196 82 30
0.490424 -0.053298 0.842945 -0.351440 0.273607 -0.895337 82 162 13
0.608205 0.034572 0.790936 -0.820458 -0.249556 -0.514364 22 95 61
-0.392174 0.062334 -0.221313 -0.616867 -0.119556 0.777934 48 112 226
0.356226 -0.235830 -0.107669 0.533972 0.767611 -0.354467 195 225 82
0.688310 -0.149175 -0.100064 -0.346243 0.802623 0.485709 83 229 189
0.498151 -0.153559 0.107003 -0.465368 0.796670 -0.385682 68 229 78
-0.265444 -0.246940 0.272420 -0.081205 0.836777 -0.541488 117 234 58
0.548199 0.206367 -0.014157 0.663574 -0.748060 0.008743 212 32 128
-0.591946 0.207968 -0.156496 0.616833 -0.682433 0.392176 206 40 177
0.074521 -0.040820 0.146116 0.634695 -0.010833 -0.772687 208 126 28
-0.282875 -0.029007 -0.768762 -0.888884 -0.018757 0.457749 14 125 185
0.192628 -0.098168 -0.743875 -0.626277 0.325680 0.708315 47 169 217
0.649258 0.006612 -0.111393 -0.677933 -0.096455 0.728768 41 115 220
-0.017457 0.019281 0.111149 -0.841977 0.115659 -0.526970 20 142 60
0.688176 -0.036806 0.536945 0.992299 -0.004107 -0.123798 254 126 111
-0.233135 0.233667 0.179774 0.712031 -0.702126 0.005573 218 37 128
-0.672136 0.086020 -0.698044 0.312034 -0.897206 0.312499 167 13 167
-0.705828 -0.173362 -0.801449 0.262463 0.863532 0.430611 160 237 182
-0.169174 -0.076623 -0.835358 -0.850835 0.493253 0.181055 19 190 150
0.542265 -0.097023 0.636872 0.072140 0.102081 -0.992157 136 140 0
0.105268 0.090479 -0.089672 -0.044197 -0.152084 0.987379 121 108 253
0.236809 -0.172969 -0.501273 0.263297 0.945290 -0.192617 161 248 102
-0.287561 -0.095498 -0.382006 0.169546 0.930118 0.325784 149 246 169
-0.351036 -0.130040 -0.087553 -0.585825 0.806006 -0.084634 52 230 116
-0.214132 -0.069579 -0.069193 -0.983862 0.090563 0.154318 2 139 147
0.283143 -0.098493 -0.309001 0.051960 0.915947 0.397922 134 244 178
-0.511908 0.111962 -0.596280 0.217002 -0.583231 -0.782784 155 53 27
-0.302127 0.096097 0.158927 0.877745 -0.074594 -0.473285 239 117 67
-0.458989 0.218952 -0.560061 -0.050171 -0.989678 -0.134243 121 1 110
-0.658514 -0.117072 -0.580919 0.785862 0.456618 -0.417038 227 185 74
-0.341348 -0.145535 0.069556 -0.580010 0.764769 -0.280565 53 225 91
-0.474563 -0.167449 -0.826834 0.740520 0.669330 0.060230 221 212 135
0.291374 -0.061163 0.210935 -0.536150 0.108260 0.837152 59 141 234
0.126361 0.012164 0.666738 -0.881914 0.289271 0.372222 15 164 174
0.007934 -0.107603 0.548849 -0.923877 0.354945 0.143057 9 172 145
-0.289724 0.020576 -0.126705 -0.094550 -0.177055 0.979649 115 104 252
-0.069016 0.146971 0.406618 -0.608319 -0.792492 0.043648 49 26 133
0.788792 -0.122466 0.584682 -0.737828 0.605779 0.297728 33 204 165
0.172631 0.003789 -0.708668 -0.507285 0.022891 0.861474 62 130 237
-0.090140 0.277209 0.487045 0.062123 -0.859420 -0.507482 135 17 62
0.179158 0.109016 0.695886 0.627564 -0.344255 -0.698321 207 83 38
-0.547624 0.143503 -0.591441 -0.340970 -0.825281 0.450168 84 22 184
0.012890 0.033093 0.549082 -0.561960 -0.218908 -0.797672 55 99 25
-0.821446 -0.018863 -0.618884 0.900069 -0.160531 -0.405100 242 107 75
-0.160580 0.122851 0.371675 0.279740 -0.959959 0.014949 163 5 129
-0.258823 -0.027762 -0.625298 -0.113161 0.498643 0.859389 113 191 237
0.120951 -0.018161 -0.724212 -0.437948 -0.258562 0.861015 71 94 237
0.609669 -0.120079 -0.044395 0.446640 0.673258 0.589268 184 213 202
0.525199 0.308891 0.078219 0.159546 -0.937591 -0.308979 147 7 88
-0.753257 0.219126 -0.376716 0.238973 -0.795667 0.556602 157 26 198
0.597264 0.069570 0.852019 -0.226596 -0.263302 -0.937724 98 93 7
0.410999 -0.047377 0.684984 -0.094489 0.431538 -0.897133 115 182 13
-0.538184 -0.130888 -0.734905 0.887626 0.435444 -0.150027 240 183 108
0.840198 0.062372 0.152748 -0.681624 -0.329940 -0.653092 40 85 44
0.618733 0.046618 0.153131 0.466912 -0.862715 0.194204 187 17 152
0.328978 0.105631 -0.292110 0.589069 -0.550869 -0.591220 202 57 52
-0.195498 -0.118419 -0.693191 -0.724605 0.686769 -0.057414 35 215 120
-0.473350 -0.092391 -0.667236 0.806866 0.589748 0.034116 230 202 131
-0.362254 -0.244668 0.016604 -0.330408 0.857715 0.393898 85 236 177
-0.610635 -0.045049 -0.719789 -0.275262 0.336028 0.900731 92 170 242
0.726398 0.010581 0.774930 0.165356 0.002102 -0.986232 148 127 1
0.373058 -0.228834 -0.493968 -0.893104 0.445851 -0.059850 13 184 119
-0.355725 0.171435 -0.562428 -0.594973 -0.256502 0.761718 51 94 224
0.515183 0.015861 0.822629 0.096808 0.010538 -0.995247 139 128 0
-0.357495 0.248033 -0.197004 -0.384347 -0.918206 -0.095783 78 10 115
-0.595905 -0.003750 -0.605546 0.900535 0.112979 -0.419848 242 141 73
0.317273 -0.098699 -0.383413 0.720052 0.530942 -0.446795 219 195 70
0.593180 -0.165479 0.716951 0.441088 0.824439 -0.354601 183 232 82
0.399078 -0.125086 0.177168 0.853642 0.236621 -0.464010 236 157 68
0.226112 0.183661 -0.616384 -0.412354 -0.805884 -0.424872 74 24 73
0.023958 -0.056069 0.512150 -0.132537 0.447817 0.884247 110 184 240
0.064563 -0.050650 0.743259 0.687812 -0.108864 -0.717680 215 113 35
0.645695 -0.010844 -0.213369 -0.919419 -0.384729 0.081558 10 78 137
0.350584 0.111364 -0.307023 0.800629 -0.092477 -0.591980 229 115 52
0.451187 0.133483 0.832506 0.452824 -0.762090 -0.462784 185 30 68
-0.115639 -0.057854 0.285218 -0.076495 0.658181 -0.748964 117 211 32
-0.126359 0.091862 0.466720 0.411178 -0.039336 -0.910706 179 122 11
-0.623168 0.240450 -0.280601 0.666713 -0.639192 -0.383310 212 46 78
0.758013 0.011368 -0.002671 0.850986 -0.525181 -0.002951 236 60 127
0.672401 -0.112564 0.009154 0.415622 0.908369 0.046083 180 243 133
-0.434844 -0.052986 -0.733432 0.882069 0.319079 -0.346616 239 168 83
-0.060783 -0.129214 -0.078615 -0.774808 0.473930 0.418406 28 187 180
-0.637724 0.064118 -0.448694 -0.648233 -0.381050 0.659238 44 78 211
-0.347756 0.014992 -0.486377 0.319234 -0.105559 -0.941778 168 114 7
-0.400833 0.054346 -0.672846 -0.361057 0.178188 -0.915362 81 150 10
0.579135 0.092119 -0.195498 -0.818992 -0.479718 -0.314838 23 66 87
0.137435 -0.060745 -0.578728 -0.432712 0.900818 -0.035889 72 242 122
-0.295020 -0.200885 -0.201334 -0.012859 0.647022 0.762363 125 209 224
-0.381407 0.004019 -0.862869 0.106813 -0.248938 0.962611 141 95 250
0.613430 -0.123946 0.186276 0.082752 0.694204 0.715006 138 216 218
-0.204328 -0.219428 -0.867478 0.264663 0.610565 0.746434 161 205 222
-0.205642 -0.229688 -0.729851 -0.124136 0.972230 0.198391 111 251 152
0.595838 -0.157375 0.631571 -0.814403 0.424035 0.396159 23 181 178
-0.556475 0.021555 -0.490652 -0.172202 -0.588739 -0.789767 105 52 26
-0.108667 -0.057982 -0.580564 -0.921176 0.010848 0.388994 10 128 177
-0.251361 0.129942 0.182643 0.844076 -0.297726 0.445977 235 89 184
0.460774 -0.256716 0.770554 0.564046 0.634520 -0.528429 199 208 60
0.086265 0.028459 0.538467 0.888976 0.023218 -0.457366 240 130 69
0.572908 0.201422 -0.053497 0.031361 -0.992168 0.120910 131 0 142
-0.419939 0.224756 -0.110597 -0.328024 -0.823135 0.463519 85 22 186
-0.761011 0.055690 -0.471394 0.568576 0.082721 -0.818461 199 138 23
0.384765 -0.014298 0.681216 0.284807 0.132283 -0.949414 163 144 6
0.518424 -0.082042 0.243718 0.960739 0.263284 -0.087528 249 161 116
-0.331467 -0.257898 -0.680377 -0.460494 0.732783 0.500974 68 220 191
0.434051 0.036564 0.514545 -0.723955 -0.144261 0.674594 35 109 213
0.393275 0.002816 0.038290 0.417028 0.132004 -0.899257 180 144 12
-0.569111 -0.135104 -0.174210 0.587815 0.350583 -0.729086 202 172 34
-0.752266 0.069717 -0.472417 0.194636 -0.633299 0.749032 152 46 223
0.412660 0.324630 -0.497914 -0.124977 -0.822266 0.555211 111 22 198
0.629038 -0.171746 0.080174 -0.025288 0.691615 -0.721824 124 215 35
0.521452 -0.137350 0.627942 -0.656728 0.734879 0.169296 43 221 149
-0.750155 0.178230 -0.544711 0.749477 -0.437012 -0.497298 223 71 64
0.415318 -0.076452 0.782876 -0.599527 0.421079 -0.680632 51 181 40
0.088562 0.216445 -0.517217 -0.724563 -0.529783 0.440838 35 59 183
0.554024 -0.066410 0.573158 -0.913731 0.403714 -0.045935 10 178 121
0.459498 0.069790 0.763279 -0.874497 0.086472 0.477261 16 138 188
0.555187 0.066303 0.814490 -0.777956 -0.627925 -0.022251 28 47 124
0.155683 0.036069 0.184873 -0.708378 -0.030794 0.705161 37 123 217
-0.704387 -0.229178 -0.739376 0.115733 0.632814 0.765605 142 208 225
-0.383649 -0.267866 0.022494 0.061805 0.965425 0.253248 135 250 159
0.605667 0.126856 0.780060 0.720734 -0.377544 -0.581380 219 79 53
-0.351907 0.333034 0.159142 0.298375 -0.954357 -0.013219 165 5 125
0.547925 -0.140140 0.587972 -0.693318 0.578845 0.429242 39 201 182
-0.102561 0.133577 -0.581027 0.131384 -0.675850 0.725234 144 41 219
0.471124 -0.214135 -0.218734 -0.415393 0.870762 0.263100 74 238 161
0.679779 0.054831 -0.127833 -0.727862 -0.465120 0.503865 34 68 191
0.713386 0.048723 -0.151133 -0.388719 -0.223843 0.893751 77 98 241
0.884708 0.012443 0.632656 -0.918497 -0.386720 -0.082523 10 78 116
0.052399 -0.144207 -0.746346 0.609104 0.765486 0.207424 205 225 153
0.476437 -0.103909 0.839416 0.364332 0.634378 -0.681782 173 208 40
-0.261253 -0.164163 -0.777328 0.481927 0.862627 -0.153693 188 237 107
-0.803554 0.046486 -0.473589 0.982187 -0.187696 0.008886 252 103 128
0.350549 0.066894 -0.268208 -0.840744 -0.474028 0.261625 20 67 160
0.180970 -0.162743 -0.515809 -0.792131 0.501308 0.348165 26 191 171
0.455700 0.120702 -0.034840 -0.381973 -0.923608 0.032337 78 9 131
0.619117 -0.106823 0.751658 -0.350902 0.878614 -0.323890 82 239 86
0.385204 0.146495 0.732726 -0.175915 -0.975158 -0.134612 105 3 110
-0.272649 -0.156823 -0.860026 0.237431 0.762593 0.601730 157 224 204
-0.064796 -0.132019 0.432026 0.364267 0.872922 -0.324524 173 238 86
0.444193 0.094381 -0.519454 -0.782688 -0.281912 0.554911 27 91 198
-0.581027 -0.025020 -0.774511 -0.933291 0.194914 0.301622 8 152 165
0.706653 0.170698 0.016434 -0.802377 -0.595577 0.038458 25 51 132
-0.037493 0.187066 0.568985 -0.213131 -0.832739 -0.511000 100 21 62
0.224643 0.247046 -0.134008 -0.249958 -0.711159 0.657095 95 36 211
-0.106830 0.068651 0.511566 0.689897 -0.010769 -0.723827 215 126 35
-0.693910 -0.065585 -0.618547 0.825209 0.301694 0.477505 232 165 188
-0.553868 0.112870 -0.800355 0.263747 -0.819668 0.508509 161 22 192
-0.339438 -0.047455 -0.136765 0.578183 -0.062148 -0.813537 201 119 23
0.513148 -0.061601 -0.232958 -0.064494 0.730744 0.679599 119 220 214
0.650969 0.286158 -0.255737 -0.604974 -0.635817 0.479315 50 46 188
-0.696502 0.072538 -0.761923 0.883935 -0.214856 0.415325 240 100 180
0.207108 0.163252 -0.514227 0.416062 -0.706735 0.572204 180 37 200
-0.684041 -0.155029 -0.648885 0.690049 0.178974 -0.701285 215 150 38
-0.723628 0.050787 -0.818409 -0.189198 -0.262880 0.946096 103 93 248
-0.552156 0.139339 -0.133086 0.648059 -0.725714 -0.230995 210 34 98
0.745388 -0.214664 0.553401 -0.654208 0.618722 0.434966 44 206 182
-0.126179 -0.154282 -0.741070 -0.088473 0.711156 0.697446 116 218 216
-0.600375 -0.226198 -0.373696 -0.454172 0.708461 0.540195 69 217 196
-0.570013 0.092613 -0.630608 -0.546082 -0.738254 0.395948 57 33 177
0.744181 -0.236196 0.084058 -0.246670 0.942870 -0.223944 96 247 98
0.107998 0.035732 -0.794198 -0.635070 -0.017198 0.772263 46 125 225
-0.590234 0.158126 -0.731865 0.628766 -0.777436 0.015702 207 28 129
-0.083548 0.032868 0.460283 -0.717477 -0.455333 -0.527161 36 69 60
0.840825 -0.044037 0.519825 -0.813850 0.081074 0.575391 23 137 200
0.015716 -0.222369 0.632204 0.676165 0.660112 -0.327189 213 211 85
-0.655323 -0.127664 -0.773153 -0.203163 0.476255 0.855515 101 188 236
-0.048823 0.164783 -0.598819 0.669209 -0.462698 -0.581438 212 68 53
0.540470 -0.277984 0.673487 0.168196 0.979535 0.110555 148 252 141
-0.225193 0.298139 -0.272688 -0.130052 -0.882329 0.452307 110 15 185
-0.610692 0.154199 -0.391380 0.850500 -0.523337 -0.052623 235 60 120
-0.238648 0.123936 0.140604 0.445391 -0.752305 0.485452 184 31 189
-0.125954 -0.020642 0.338702 0.712843 0.389017 -0.583542 218 177 53
0.582348 0.179932 0.332813 -0.388402 -0.581332 0.714980 77 53 218
0.723801 0.220544 0.613466 -0.656405 -0.560576 0.504864 43 56 191
0.361563 -0.053588 0.667550 0.871996 -0.069792 -0.484513 238 118 65
-0.367557 0.049943 0.046260 0.956349 -0.069966 0.283727 249 118 163
0.483042 -0.243385 -0.313468 0.013196 0.710141 -0.703936 129 218 37
-0.443628 0.257589 -0.225066 -0.304452 -0.774528 -0.554451 88 28 56
-0.472431 -0.193645 -0.763811 0.663939 0.717349 -0.211176 212 218 100
0.383662 -0.117449 0.887721 0.294613 0.419429 -0.858652 165 180 18
0.244462 -0.176499 0.622264 0.789797 0.613327 0.007116 228 205 128
0.428957 -0.120957 0.948258 0.304784 0.259824 -0.916296 166 160 10
-0.475318 0.151749 0.036117 0.105400 -0.629109 -0.770138 140 47 29
0.439187 -0.271996 -0.265302 0.182285 0.965945 0.183638 150 250 150
-0.536244 -0.224985 -0.531642 -0.302565 0.644284 0.702391 88 209 217
-0.338374 0.058125 0.121915 0.617583 -0.168699 -0.768201 206 105 29
-0.048536 0.202216 0.315270 -0.230914 -0.435424 0.870106 98 71 238
-0.335244 -0.224947 -0.262677 0.026767 0.965935 -0.257397 130 250 94
-0.609666 0.025360 -0.702797 0.955459 -0.190529 -0.225382 249 103 98
0.390045 -0.044205 0.736026 -0.417955 -0.284188 -0.862873 74 91 17
-0.178897 0.003223 0.102472 0.876611 0.125968 0.464420 239 143 186
0.622440 0.003990 0.879629 -0.165158 -0.024055 -0.985974 106 124 1
-0.671754 0.085123 -0.721184 -0.069062 -0.801109 0.594521 118 25 203
0.021027 0.078088 -0.700067 -0.938373 -0.246807 0.241955 7 96 158
-0.549115 0.072493 -0.371577 -0.667709 -0.631270 -0.394542 42 47 77
-0.481395 -0.052589 -0.818168 0.988082 0.136709 -0.070743 253 144 118
-0.475388 0.136953 -0.040547 0.317802 -0.664466 -0.676378 168 42 41
-0.629662 -0.085215 -0.488023 -0.661605 0.745232 0.083114 43 222 138
-0.387649 -0.253834 -0.675666 -0.430925 0.848658 0.306731 72 235 166
-0.094089 -0.248479 0.221381 0.033541 0.999015 -0.029051 131 254 123
0.316316 -0.181078 -0.431291 -0.465555 0.877603 -0.114333 68 239 112
0.549293 0.094799 -0.221839 0.265820 -0.636657 -0.723884 161 46 35
0.358932 0.087199 0.292698 0.886220 -0.164562 -0.433052 240 106 72
-0.448059 0.006334 -0.306216 -0.872495 0.254874 -0.416883 16 159 74
-0.049340 0.176335 0.557082 -0.075502 -0.676106 -0.732926 117 41 34
-0.662214 -0.201718 -0.139117 0.470856 0.590565 -0.655383 187 202 43
0.703545 0.166256 -0.022050 0.542306 -0.628396 -0.557694 196 47 56
-0.120665 0.234821 -0.815784 -0.327287 -0.904924 0.272021 85 12 162
-0.024978 0.233132 -0.645651 -0.676463 -0.665593 0.315252 41 42 167
-0.012802 0.020313 -0.425627 -0.115351 0.142708 0.983020 112 145 252
-0.637061 0.142455 -0.385815 -0.259066 -0.811801 0.523321 94 23 194
-0.062089 0.234503 0.525318 0.779276 -0.615802 -0.116258 226 48 112
0.638924 0.119288 -0.183735 -0.055962 -0.520288 0.852156 120 61 236
0.125912 -0.015109 -0.519447 -0.989018 0.143674 0.034646 1 145 131
0.575304 0.114798 -0.185273 -0.296613 -0.500579 0.813290 89 63 231
-0.514189 -0.001950 -0.783957 -0.906679 0.302741 0.293736 11 166 164
0.683100 0.079299 0.047532 -0.716217 -0.684273 -0.137127 36 40 110
0.001468 -0.256828 -0.067616 0.084670 0.808489 0.582389 138 230 201
0.526830 0.208866 0.024418 -0.069499 -0.612482 0.787423 118 49 227
-0.227144 -0.170272 -0.556676 -0.541372 0.750372 -0.379287 58 223 79
-0.331245 0.192531 -0.045812 -0.625279 -0.745419 0.231032 47 32 156
-0.465711 0.002527 -0.809403 0.253898 -0.103131 0.961717 159 114 250
0.615767 0.081418 0.491914 0.983644 -0.176940 -0.033704 252 104 123
0.351757 -0.374114 0.013231 0.387213 0.915545 0.108831 176 244 141
-0.754065 0.030643 -0.741299 -0.500820 -0.288438 0.816077 63 90 231
0.355685 0.093854 0.518432 0.164931 -0.366316 -0.915757 148 80 10
-0.166297 0.176794 -0.639417 -0.028713 -0.551450 -0.833714 123 57 21
0.151791 0.143417 0.776914 -0.685737 -0.690136 -0.231250 40 39 98
0.803002 0.156967 0.756862 0.127526 -0.941738 0.311235 143 7 167
-0.008973 0.003599 0.277071 -0.728186 -0.024224 0.684951 34 124 214
0.458143 -0.085925 -0.450306 -0.708151 0.193262 0.679096 37 152 214
-0.682582 0.175802 -0.606183 0.769588 -0.637228 0.040921 225 46 132
0.139874 -0.028368 0.643411 0.304660 0.118903 -0.945010 166 142 7
0.292547 0.300718 -0.572300 -0.049845 -0.977922 0.202940 121 2 153
-0.684990 0.014257 -0.617753 0.989241 -0.083230 0.120317 253 116 142
0.548244 0.260746 0.486718 0.385271 -0.786077 0.483373 176 27 189
-0.542624 0.231188 -0.299894 0.265478 -0.911030 -0.315509 161 11 87
0.538783 -0.136906 0.532190 0.379364 0.919621 0.101882 175 244 140
0.282787 0.260299 -0.449534 0.563576 -0.672817 0.479270 199 41 188
-0.818757 0.226150 -0.686194 0.587659 -0.794960 0.150651 202 26 146
-0.472459 -0.255711 -0.596397 -0.029962 0.968026 0.249056 123 250 159
-0.374224 -0.411627 -0.003314 -0.522258 0.849958 -0.069416 60 235 118
0.212915 0.091168 0.481289 -0.101777 -0.297751 0.949203 114 89 248
-0.667317 0.089034 -0.537579 -0.358412 -0.578925 0.732384 81 53 220
0.686566 -0.062103 -0.392689 -0.895517 0.172644 0.410175 13 149 179
-0.502466 -0.061336 -0.009643 0.928388 0.056245 -0.367331 245 134 80
-0.508403 -0.081731 -0.141999 0.546312 0.275991 -0.790805 197 162 26
-0.016946 -0.166126 -0.742172 0.335943 0.941443 0.028770 170 247 131
-0.208109 0.287610 0.128808 0.595817 -0.738791 -0.314945 203 33 87
-0.267897 -0.256437 0.045745 -0.701422 0.696830 0.149784 38 216 146
0.535737 -0.087462 0.242873 -0.257441 0.348057 0.901433 94 171 242
0.626780 -0.056535 0.364638 -0.808327 0.014048 0.588567 24 129 202
-0.638596 0.128295 -0.699497 -0.573484 -0.487154 0.658633 54 65 211
-0.092411 -0.029571 0.307706 -0.442007 0.491729 -0.750222 71 190 31
-0.015877 0.011225 -0.708060 -0.323098 -0.155322 0.933532 86 107 246
-0.652143 -0.124031 -0.726633 0.790747 0.598281 -0.129533 228 203 110
0.707413 0.021010 -0.189314 -0.461174 -0.071912 0.884391 68 118 240
0.022736 0.104888 0.629755 0.316097 -0.046071 -0.947608 167 121 6
0.200906 0.138359 -0.882713 -0.711737 -0.269510 0.648687 36 93 210
-0.018885 0.085215 -0.627348 0.541326 -0.064621 -0.838326 196 119 20
-0.728015 0.035327 -0.760758 0.802407 -0.321846 0.502552 229 86 191
-0.080761 -0.083760 -0.693360 -0.061458 0.885842 0.459898 119 240 186
0.605880 -0.047543 0.194668 0.357184 -0.152538 0.921494 173 108 244
0.848217 -0.205508 0.078285 -0.889614 0.419544 0.180470 14 180 150
-0.232318 0.026673 0.290545 0.419012 0.022659 -0.907698 180 130 11
0.758806 0.106586 -0.214157 -0.648377 -0.143651 0.747644 44 109 222
0.033598 -0.126473 0.513655 0.259181 0.641998 0.721570 160 209 219
0.509282 -0.261014 0.728068 0.464695 0.745022 -0.478540 186 222 66
0.266600 -0.208659 0.796533 0.102740 0.905656 -0.411378 140 242 75
0.767524 -0.145013 0.189844 -0.697971 0.620088 0.358227 38 206 173
0.759313 -0.016995 0.742265 -0.999631 0.015492 0.022295 0 129 130
0.397644 0.041130 0.463320 -0.527287 -0.763410 -0.373060 60 30 79
-0.194853 0.128495 0.189239 0.446167 -0.504975 -0.738875 184 63 33
0.420206 -0.027466 0.730281 0.582619 0.162968 -0.796239 201 148 25
-0.749813 -0.104714 -0.632656 -0.559516 0.828819 -0.001040 56 233 127
0.608562 0.058419 0.605821 -0.764480 -0.642598 0.051362 30 45 134
-0.641621 -0.018807 -0.542290 0.498678 -0.108130 0.860016 191 113 237
-0.522082 0.320896 -0.631290 0.166384 -0.951922 0.257219 148 6 160
-0.542856 -0.165414 -0.706054 0.670829 0.741494 -0.013208 213 222 125
-0.137781 0.019292 0.081340 -0.987897 -0.118536 0.100040 1 112 140
-0.758049 0.165659 -0.483435 0.231433 -0.794598 -0.561296 157 26 55
-0.674793 -0.029064 -0.421576 0.713286 0.645013 0.274192 218 209 162
-0.233483 0.257080 -0.132663 0.339291 -0.665121 -0.665204 170 42 42
-0.105930 0.024391 -0.722829 -0.959503 0.065513 0.273975 5 135 162
-0.155041 0.019037 0.186438 0.504590 0.566885 0.651176 191 199 210
0.495604 0.021668 0.631184 -0.295292 -0.604938 -0.739494 89 50 33
-0.300219 -0.250909 -0.145004 0.281228 0.620415 0.732118 163 206 220
0.767302 -0.042101 0.716609 -0.912452 0.012369 0.408998 11 129 179
0.205848 -0.055115 0.690712 0.261373 0.277598 -0.924459 160 162 9
0.100448 -0.061136 -0.672860 0.656308 0.446727 0.608025 211 184 205
-0.415117 0.081909 -0.647186 0.232726 -0.483797 -0.843670 157 65 19
0.510632 -0.149634 -0.228735 0.636832 0.584326 -0.502999 208 202 63
0.779463 0.206374 0.363812 0.246478 -0.950754 0.187926 158 6 151
0.253746 -0.156128 -0.565821 0.296657 0.710538 0.638067 165 218 208
0.587954 -0.452120 0.178405 -0.120572 0.810752 0.572839 112 230 200
0.009598 0.166647 -0.669758 0.509365 -0.847211 0.150933 192 19 146
0.452864 0.122053 0.202463 -0.799222 -0.265093 0.539416 25 93 196
0.461723 0.170625 0.801315 -0.702069 -0.645725 -0.300232 37 45 89
-0.238559 -0.138033 0.182216 0.364367 0.644153 -0.672535 173 209 41
0.349077 0.141496 -0.510503 -0.441688 -0.807631 0.390697 71 24 177
-0.269036 -0.064588 -0.774394 0.128473 0.718698 0.683351 143 219 214
0.787171 0.075100 0.188305 0.617570 -0.411639 -0.670195 206 75 42
0.323327 0.046360 0.624235 0.449766 -0.319115 -0.834192 184 86 21
-0.035788 -0.138559 0.442259 0.819624 0.341224 0.460198 232 171 186
-0.389297 0.052013 -0.743269 0.877171 -0.063767 0.475925 239 119 188
-0.357638 -0.087426 0.020265 -0.072388 0.310891 -0.947685 118 167 6
0.547579 0.178377 -0.334355 -0.222425 -0.938612 0.263696 99 7 161
-0.006428 0.092919 0.519219 0.199851 -0.894957 -0.398888 152 13 76
-0.401133 0.108228 -0.779737 0.060743 -0.464699 0.883383 135 68 240
-0.412631 -0.133388 0.106449 0.506960 0.408215 -0.759178 192 179 30
0.866645 0.209255 0.498074 -0.643589 -0.665338 -0.378310 45 42 79
-0.483363 0.219057 -0.485853 -0.100830 -0.631031 -0.769177 114 47 29
0.650023 -0.140877 0.244772 -0.863516 0.446697 0.234097 17 184 157
-0.164370 -0.150763 0.191777 -0.054613 0.742967 0.667096 120 222 212
0.508091 0.234356 0.085102 0.201256 -0.936511 0.287128 153 8 164
0.187419 0.029815 0.775993 0.863512 0.017123 -0.504038 237 129 63
0.241325 -0.024654 -0.539124 0.949782 0.065100 0.306064 248 135 166
-0.148612 0.121378 -0.889155 -0.420584 -0.275183 0.864513 73 92 237
0.649769 0.147278 0.156816 -0.832561 -0.482961 0.271276 21 65 162
-0.097493 0.161385 -0.700409 0.353186 -0.902476 -0.246569 172 12 96
0.454975 0.041628 0.899735 -0.104874 -0.207251 -0.972650 114 101 3
-0.585515 0.192853 -0.506718 -0.352658 -0.839539 -0.413288 82 20 74
-0.641724 0.086510 -0.447879 -0.797820 -0.535843 -0.276325 25 59 92
-0.790261 -0.043464 -0.637664 0.359063 0.156803 0.920047 173 147 244
0.021408 -0.108728 0.671962 -0.160703 0.639365 -0.751922 107 209 31
-0.084383 0.329591 0.028625 -0.161253 -0.859988 -0.484168 106 17 65
-0.088700 0.288658 0.370125 0.172775 -0.977567 -0.120468 149 2 112
-0.345877 0.051433 -0.770986 0.953683 -0.174428 -0.245080 249 105 96
0.701511 -0.059343 0.879536 -0.602541 -0.019945 -0.797839 50 124 25
0.515703 -0.092612 0.438289 -0.647053 0.696664 -0.309809 45 216 87
-0.606272 0.034394 -0.731709 0.963300 -0.266371 0.033168 250 93 131
0.756146 0.057137 0.400260 -0.777102 -0.572331 0.261818 28 54 160
0.364928 0.101316 0.698912 0.640696 -0.521066 0.563914 209 61 199
0.085539 -0.057476 -0.773319 -0.379820 0.277408 0.882486 79 162 240
0.708190 0.341977 0.063406 -0.043943 -0.892241 -0.449416 121 13 70
-0.034305 -0.010843 0.552076 0.412207 -0.056864 -0.909314 180 120 11
0.748489 0.179145 -0.104140 -0.753814 -0.641754 0.141124 31 45 145
-0.300469 0.067210 0.051854 0.258686 -0.837403 0.481496 160 20 188
0.427572 0.266681 0.629859 0.399069 -0.858425 -0.322257 178 18 86
-0.290269 -0.150291 0.021930 -0.639309 0.404169 0.654165 45 179 210
-0.206701 -0.012526 0.279741 0.344561 0.493028 -0.798875 171 190 25
-0.095379 -0.194031 0.496068 0.447609 0.294336 -0.844401 184 165 19
-0.358593 0.134377 -0.641861 0.216794 -0.946871 0.237564 155 6 157
0.290868 -0.011437 0.269344 -0.847282 -0.499210 -0.181389 19 63 104
-0.023295 0.207031 0.072540 0.620416 -0.782263 0.056116 206 27 134
0.152349 -0.159593 0.678266 0.307935 0.479543 -0.821714 166 188 22
-0.541708 0.178829 -0.843601 -0.257348 -0.656952 0.708651 94 43 217
0.045538 0.268823 0.265968 -0.492636 -0.835052 0.244946 64 21 158
-0.175359 -0.135011 0.387156 0.745197 0.398644 -0.534568 222 178 59
0.650461 0.051124 -0.223096 -0.797158 -0.297165 0.525577 25 89 194
0.502266 0.009871 -0.720353 -0.551270 0.080043 0.830478 57 137 233
-0.468328 0.045096 -0.796578 -0.604071 0.044753 0.795673 50 133 228
-0.331170 0.099067 0.159249 0.299378 -0.471070 -0.829738 165 67 21
0.122148 0.009814 0.433086 -0.060056 -0.127130 0.990066 119 111 253
0.317775 0.227114 0.639711 -0.435354 -0.814468 0.383548 71 23 176
0.365539 0.200934 -0.346699 0.512218 -0.857196 0.053364 192 18 134
0.046996 -0.123647 0.551646 -0.789206 0.511398 0.340039 26 192 170
0.129991 0.103638 0.692202 -0.135257 -0.978881 -0.153286 110 2 107
0.696185 -0.092879 0.144498 -0.309332 0.950662 0.023566 88 248 130
0.387997 -0.078220 -0.385321 0.693394 -0.034772 -0.719719 215 123 35
0.529676 -0.149536 -0.258750 0.653493 0.701698 0.283843 210 216 163
-0.503730 -0.188861 -0.628413 0.316542 0.948526 -0.009998 167 248 126
-0.647890 -0.190943 -0.789156 0.475607 0.592492 0.650194 188 203 210
0.742725 0.031377 0.062533 0.426610 -0.488877 -0.760923 181 65 30
-0.175593 -0.033796 0.176722 0.691016 0.682085 0.239282 215 214 158
-0.018899 0.320249 -0.698219 -0.349255 -0.808862 0.473035 82 24 187
-0.801128 0.241970 -0.466136 0.730208 -0.671079 0.128256 220 41 143
-0.210151 -0.147082 -0.192956 -0.477192 0.613377 0.629331 66 205 207
-0.490815 0.099052 -0.591626 -0.013697 -0.740617 -0.671788 125 33 41
0.517770 0.144574 0.791233 0.275986 -0.403911 -0.872174 162 76 16
-0.241060 -0.172965 -0.462597 -0.813479 0.573163 0.098672 23 200 140
-0.654855 0.033646 -0.133945 0.572685 0.006802 -0.819747 200 128 22
0.613422 -0.143727 0.018600 -0.113880 0.436973 -0.892236 112 183 13
-0.640381 -0.050644 -0.819088 -0.436674 0.127248 0.890575 71 143 241
0.262867 0.255511 -0.605322 -0.312751 -0.692527 0.650072 87 39 210
0.302090 -0.225856 0.692197 0.711390 0.662446 -0.234711 218 211 97
0.300383 0.241180 0.047945 0.209648 -0.965352 -0.155384 154 4 107
0.719416 -0.022996 0.764237 -0.966310 0.122735 -0.226232 4 143 98
-0.099692 -0.142038 -0.748854 -0.380217 0.855898 -0.350532 79 236 82
0.043555 0.213483 0.584104 0.415237 -0.909356 -0.025470 180 11 124
0.729517 0.066095 0.703893 -0.842851 -0.184483 -0.505538 20 103 63
0.493286 0.117954 -0.283551 0.407031 -0.737097 0.539458 179 33 196
-0.111783 -0.016405 0.531157 0.680596 0.040828 -0.731521 214 132 34
0.206611 -0.138592 0.611859 -0.627797 0.701555 0.337182 47 216 170
0.560368 0.113653 0.002783 -0.727615 -0.202776 -0.655331 34 101 43
0.554532 0.160647 -0.461447 -0.909947 -0.342618 0.233688 11 83 157
-0.465517 -0.068245 -0.826440 -0.232083 0.169897 0.957744 97 149 249
-0.181318 0.126918 -0.728933 0.001265 -0.991742 0.128242 127 1 143
0.233975 0.167146 -0.690588 -0.574965 -0.289226 0.765352 54 90 225
-0.769205 -0.105830 -0.526019 0.752543 0.420089 0.507153 223 181 192
-0.560206 -0.159370 -0.571314 0.225296 0.775541 0.589727 156 226 202
0.521723 -0.143829 -0.277572 -0.805636 0.590844 0.043060 24 202 132
0.235429 -0.208289 -0.272888 -0.107989 0.988813 -0.102894 113 253 114
0.843625 0.144710 0.092022 -0.893147 -0.339805 0.294653 13 84 165
0.872212 -0.097975 0.299329 -0.197980 0.883961 -0.423576 102 240 73
-0.627966 0.103598 -0.777828 -0.366321 -0.148218 0.918608 80 108 244
0.706786 0.203216 0.392434 -0.376212 -0.828164 0.415462 79 21 180
-0.018608 -0.009834 -0.716855 0.534749 -0.023228 -0.844691 195 124 19
-0.477776 -0.015926 -0.170150 -0.453519 0.153388 0.877948 69 147 239
0.786856 0.001397 -0.010616 -0.949967 0.060581 0.306418 6 135 166
0.050233 -0.292759 0.578907 -0.122529 0.992078 -0.027722 111 253 123
0.042903 -0.309660 0.601545 -0.025656 0.884925 -0.465027 124 240 68
-0.363849 0.056497 0.053742 0.461739 -0.258104 -0.848634 186 94 19
-0.677349 -0.166263 -0.619768 0.323632 0.774679 -0.543263 168 226 58
0.337787 -0.108955 -0.460264 -0.919508 0.202587 -0.336842 10 153 84
0.783876 0.109752 0.600427 -0.144959 -0.457111 0.877517 109 69 239
0.258894 -0.040850 0.326809 -0.636960 0.251052 0.728872 46 159 220
0.186567 0.183495 -0.132765 -0.655403 -0.692731 0.300948 43 39 165
0.514505 0.253367 -0.239981 -0.053463 -0.872592 0.485515 120 16 189
0.072155 -0.070241 0.688884 0.861161 0.261124 -0.436138 237 160 71
0.393126 -0.122258 0.786192 -0.069735 0.407894 0.910362 118 179 243
-0.487241 0.175188 -0.052015 -0.421137 -0.582556 0.695177 73 53 216
-0.779810 0.114716 -0.602093 0.060561 -0.845648 0.530294 135 19 195
-0.452902 -0.040578 -0.353844 0.080457 0.329523 0.940713 137 169 247
-0.406824 0.036053 -0.727949 0.858855 -0.093937 -0.503532 237 115 63
-0.401089 0.074457 -0.556681 -0.875863 -0.469618 0.111010 15 67 141
-0.764795 0.032674 -0.458120 0.850940 -0.096975 -0.516234 235 115 61
0.123753 0.265600 0.482240 -0.388900 -0.838418 -0.381854 77 20 78
-0.072641 -0.109967 0.294541 0.700063 0.712505 0.047418 216 218 133
0.115202 0.090705 0.771520 -0.257165 -0.116208 -0.959355 94 112 5
0.840783 0.179247 0.064512 -0.839233 -0.503562 0.205216 20 63 153
-0.216837 0.073848 0.135267 -0.405453 -0.676266 0.615038 75 41 205
0.491554 -0.009061 0.715587 -0.910319 0.034922 -0.412432 11 131 74
0.526671 0.167569 0.065905 0.302377 -0.866406 -0.397377 166 17 76
-0.048518 0.068660 -0.721113 -0.882624 -0.446030 0.148432 14 70 146
0.309413 0.038258 0.776247 0.137012 0.298714 -0.944457 144 165 7
0.468615 -0.244529 -0.464250 -0.759853 0.629699 0.161563 30 207 148
0.879698 -0.088112 0.330694 -0.538236 0.096805 0.837216 58 139 234
-0.076326 0.018829 -0.765356 -0.504564 -0.249053 0.826673 63 95 232
-0.058135 0.291614 0.165498 -0.419284 -0.905267 0.068499 74 12 136
0.552612 0.274867 0.776497 -0.676275 -0.687029 0.265787 41 39 161
0.217860 0.219677 0.680431 0.592541 -0.805353 0.017391 203 24 129
-0.381354 -0.009487 -0.794878 -0.469766 0.256103 0.844826 67 160 235
-0.118822 -0.076361 0.039184 0.348432 0.335646 0.875178 171 170 239
0.678126 0.241315 0.664616 -0.088219 -0.978946 0.184072 116 2 150
0.498762 0.075599 0.557990 -0.940379 -0.281184 0.191372 7 91 151
-0.834112 0.099758 -0.215949 0.821767 -0.156159 -0.548009 232 107 57
0.251348 0.184970 0.668158 0.599602 -0.797320 0.068979 203 25 136
0.650455 0.135290 -0.172750 -0.536716 -0.287745 0.793182 59 90 228
0.660927 -0.002077 0.561645 0.688357 -0.080193 -0.720926 215 117 35
-0.330127 -0.202730 -0.682866 -0.453744 0.890463 -0.034529 69 241 123
0.214576 0.066480 0.351333 0.795517 -0.601935 0.069483 228 50 136
0.007681 0.001047 0.441616 -0.666026 -0.041431 0.744777 42 122 222
0.570440 -0.077771 -0.252376 -0.264718 0.228283 0.936916 93 156 246
0.108050 -0.056559 0.211231 -0.078584 0.702649 0.707184 117 217 217
0.167750 -0.083989 0.567475 0.047430 0.008549 -0.998838 133 128 0
-0.646625 -0.028226 -0.725603 0.911547 0.177982 -0.370682 243 150 80
-0.441344 -0.027009 0.019889 -0.485025 -0.062452 0.872267 65 119 238
-0.227587 0.242609 -0.832467 -0.516480 -0.776287 0.361423 61 28 173
0.661285 -0.088563 0.109282 0.843502 0.464463 0.269776 235 186 161
0.892332 0.051500 0.525060 -0.921686 0.088467 0.377714 9 138 175
-0.336635 -0.007575 -0.655021 -0.587896 0.245666 -0.770731 52 158 29
0.142920 -0.163396 0.560585 0.193102 0.758691 -0.622173 152 224 48
0.569425 -0.164594 0.482960 0.404264 0.546573 -0.733368 179 197 33
-0.596315 0.005098 -0.611943 -0.101666 -0.469635 -0.876987 114 67 15
0.164746 0.106813 0.465997 -0.708703 0.018361 0.705268 37 129 217
0.012286 -0.093802 0.318467 0.406751 0.486940 0.772944 179 189 226
-0.303619 -0.002905 0.134329 0.755350 0.319813 -0.571984 223 168 54
0.031996 0.061840 -0.674385 -0.934309 -0.341021 0.103785 8 84 140
0.434167 -0.058202 -0.269577 0.821025 0.076541 -0.565738 232 137 55
-0.255513 0.257960 -0.860856 -0.133696 -0.887796 0.440390 110 14 183
-0.010105 -0.009624 -0.721010 0.977388 0.010023 0.211218 252 128 154
-0.335955 -0.090270 0.078022 0.584649 0.602838 -0.542929 202 204 58
0.120633 -0.142114 -0.642983 0.309878 0.888078 -0.339550 167 240 84
-0.124509 -0.171720 0.295680 0.289447 0.747018 -0.598486 164 222 51
0.787780 0.158975 0.848598 -0.208094 -0.547699 -0.810385 100 57 24
0.526235 0.036567 -0.475349 -0.417174 -0.188229 0.889121 74 103 240
0.497490 -0.097059 0.299006 0.807020 0.246601 -0.536570 230 158 59
-0.241225 0.029371 -0.636295 -0.926892 0.054471 0.371354 9 134 174
-0.098084 -0.084062 -0.179934 -0.335134 0.104137 0.936398 84 140 246
0.860747 0.010881 0.782899 -0.865938 0.145242 -0.478598 17 146 66
-0.666471 0.124639 -0.564488 0.762126 -0.455647 -0.459945 224 69 68
-0.035491 -0.005379 0.548824 -0.939048 0.118359 0.322770 7 142 168
0.587272 0.169557 -0.138320 0.754034 -0.617767 -0.223151 223 48 99
0.137881 -0.058441 0.501022 -0.766820 0.594813 0.241213 29 203 158
0.340165 0.073892 -0.197977 0.939976 -0.058869 0.336124 247 119 170
-0.024046 0.247868 0.613049 0.816172 -0.546704 -0.187024 231 57 103
0.488545 0.025011 -0.025368 -0.562910 -0.129836 0.816256 55 110 231
0.170936 0.210436 0.843880 0.745362 -0.597503 -0.295680 222 51 89
-0.811032 0.048040 -0.641142 0.936913 -0.115289 -0.330005 246 112 85
-0.427850 0.036988 -0.041100 0.783426 -0.136393 -0.606334 227 110 50
-0.156290 0.027982 0.002103 -0.730161 -0.161418 0.663935 34 106 212
0.620197 -0.038520 0.288761 -0.998221 -0.015280 -0.057634 0 125 120
0.450495 0.128890 0.817746 -0.169422 -0.670080 -0.722696 105 42 35
0.363922 -0.057589 0.417753 -0.867633 0.493254 -0.062564 16 190 119
0.525090 -0.109789 -0.382527 -0.628679 0.202939 0.750719 47 153 223
0.624863 0.099208 0.188736 0.966529 -0.219239 -0.133255 250 99 110
-0.692234 0.189080 -0.299917 0.571288 -0.819246 -0.049661 200 23 121
-0.090071 0.047963 -0.634121 0.481938 -0.359520 -0.799051 188 81 25
0.527235 0.064666 -0.182399 0.305035 -0.497289 -0.812193 166 64 23
0.258684 -0.230274 -0.515430 0.425376 0.874417 0.233346 181 238 157
0.251028 -0.153564 -0.511095 -0.219215 0.934040 0.281981 99 246 163
0.337464 0.001541 -0.431933 0.230003 -0.090010 -0.969018 156 116 3
0.494744 0.034858 -0.489792 -0.919619 0.004157 0.392788 10 128 177
-0.356107 0.151418 -0.573785 0.006616 -0.896272 0.443455 128 13 184
0.439632 0.223910 0.746904 -0.535434 -0.727892 0.428350 59 34 182
-0.501761 -0.146275 -0.459274 -0.426979 0.370227 0.824998 73 174 232
-0.628921 0.253719 -0.380159 0.574778 -0.726616 -0.376377 200 34 79
-0.414980 0.013405 -0.051170 0.851108 -0.176692 -0.494363 236 104 64
0.440458 0.046471 0.641306 -0.715563 -0.559234 -0.418601 36 56 74
-0.230185 0.010124 -0.367505 0.355028 -0.386792 -0.851086 172 78 18
-0.797252 -0.170962 -0.588646 0.701273 0.433228 -0.566153 216 182 55
0.055865 -0.012782 -0.224786 -0.669967 0.112815 0.733769 42 141 221
0.547553 -0.068133 -0.282437 -0.952220 0.260143 -0.160008 6 160 107
-0.478662 0.026047 -0.745045 -0.198382 -0.178871 0.963665 102 104 250
0.209119 -0.067196 0.008182 -0.818674 0.406927 0.405195 23 179 179
-0.095452 0.280409 0.499227 0.361966 -0.901376 -0.237703 173 12 97
-0.531887 -0.168582 -0.577371 0.896964 0.438950 0.052712 241 183 134
0.320366 -0.081844 0.548850 -0.810706 0.476620 0.339983 24 188 170
-0.439294 0.219339 -0.837762 -0.256691 -0.844384 0.470239 94 19 187
0.388943 -0.323003 -0.311820 -0.012922 0.918869 -0.394352 125 244 77
-0.653693 0.078874 -0.751296 0.935774 -0.278654 -0.216054 246 91 99
-0.098197 0.228719 0.594380 0.611042 -0.542659 -0.576324 205 58 54
0.292982 -0.022956 -0.804721 -0.875219 0.051327 0.480996 15 134 188
0.396315 -0.314890 -0.504506 -0.019250 0.836431 0.547734 125 234 197
0.635578 -0.266251 0.066192 -0.131265 0.881463 0.453643 110 239 185
-0.223096 -0.029434 0.367090 0.934435 0.106680 -0.339781 246 141 84
0.220481 0.236905 -0.598809 0.093716 -0.903907 0.417335 139 12 180
0.015632 0.144152 0.694735 0.338769 -0.413964 -0.844908 170 74 19
0.464887 0.019269 0.704423 0.968014 0.185417 0.169022 250 151 149
0.088998 -0.090436 0.661860 0.913863 0.405640 -0.017641 244 179 125
-0.593231 -0.278367 -0.688694 -0.286267 0.849721 0.442747 91 235 183
-0.634209 -0.092363 -0.378258 -0.360948 0.847714 -0.388714 81 235 77
-0.569598 -0.142532 -0.183482 0.317685 0.679621 -0.661204 168 214 43
0.407803 -0.241451 -0.444484 0.103794 0.924365 0.367119 140 245 174
0.755760 0.161852 0.207646 -0.095041 -0.711873 -0.695848 115 36 38
0.092866 -0.048551 0.297219 -0.926397 0.300148 0.227376 9 165 156
-0.245940 -0.123005 -0.728864 0.443308 0.888066 0.121724 184 240 143
0.764551 0.046759 -0.279111 -0.699227 -0.176581 0.692749 38 104 215
0.185876 0.021788 0.708697 0.383935 0.036960 -0.922620 176 132 9
-0.842256 -0.082018 -0.554656 0.966152 0.207133 0.153773 250 153 147
0.524499 -0.088483 0.754067 -0.089167 0.695977 -0.712506 116 216 36
-0.465675 -0.086847 -0.795513 0.051519 0.266949 0.962333 134 161 250
0.458803 -0.168255 0.435068 0.656779 0.741679 0.136213 211 222 144
-0.200599 -0.181414 0.319499 0.451407 0.740969 -0.497189 185 221 64
0.713680 -0.226535 0.602285 -0.109150 0.960372 -0.256460 113 249 94
-0.146714 -0.343321 -0.511222 -0.408732 0.909910 0.070720 75 243 136
0.663508 0.191110 0.272724 0.140274 -0.799107 -0.584595 145 25 52
-0.145275 -0.188644 0.342218 0.880066 0.469430 0.071556 239 187 136
0.754279 0.211612 0.076422 0.166845 -0.793336 0.585476 148 26 202
-0.100943 0.302967 0.468516 0.409027 -0.651090 -0.639358 179 44 45
-0.141024 0.080276 0.255411 0.037769 -0.651512 -0.757697 132 44 30
-0.298830 0.037817 0.096593 0.943309 -0.306591 0.127160 247 88 143
0.715355 0.113599 -0.122249 -0.196569 -0.824092 -0.531256 102 22 59
-0.102393 0.106595 0.539890 0.336674 -0.307288 -0.890070 170 88 14
0.302667 0.096952 0.610923 0.806373 -0.338598 -0.484886 230 84 65
-0.776053 0.204953 -0.540617 0.578928 -0.767642 -0.274896 201 29 92
-0.390865 -0.221330 -0.215153 0.453350 0.536888 -0.711495 185 195 36
-0.101366 -0.112232 0.422104 0.664551 0.488545 0.565417 212 189 199
0.837148 -0.127785 0.128243 -0.851832 0.372190 0.368587 18 174 174
-0.176458 -0.056203 0.423062 0.688982 0.443107 -0.573550 215 183 54
0.192202 0.129556 -0.633981 -0.241962 -0.868872 0.431876 96 16 182
0.447590 0.117202 -0.613764 -0.156228 -0.700352 0.696492 107 38 216
0.059982 0.087874 0.489553 -0.921685 -0.179282 -0.344028 9 104 83
0.430306 -0.303321 -0.025847 0.407878 0.912993 0.008899 179 243 128
-0.070095 -0.026012 -0.754784 0.422186 0.266551 0.866435 181 161 237
0.250372 -0.175721 0.602722 0.115898 0.929693 -0.349627 142 246 82
-0.476131 0.053330 -0.772960 -0.896340 -0.321225 -0.305596 13 86 88
0.413355 0.077871 -0.221312 0.144768 -0.690580 -0.708620 145 39 37
0.436275 0.264396 0.664350 0.469213 -0.877373 -0.100274 187 15 114
-0.717759 -0.037305 -0.435926 0.929932 0.269837 -0.249827 246 161 95
0.795443 0.007419 0.196706 0.175731 0.855544 -0.486994 149 236 65
0.806868 0.177956 0.396699 -0.728288 -0.448351 0.518246 34 70 193
-0.611668 -0.003102 -0.706205 0.999205 -0.024448 0.031490 254 124 131
0.660521 0.042739 -0.160662 -0.338533 -0.607225 0.718800 84 50 219
0.922725 -0.227540 0.547192 -0.832791 0.450445 0.321805 21 184 168
0.742858 0.005326 -0.008144 0.135345 -0.315194 0.939327 144 87 247
-0.526180 -0.138291 -0.841122 -0.488194 0.259879 0.833145 65 160 233
0.311903 0.222551 -0.332626 -0.443976 -0.540734 0.714487 70 58 218
-0.221327 -0.037950 0.165664 0.407272 0.405861 -0.818173 179 179 23
-0.290285 -0.151602 -0.739920 -0.467623 0.848787 0.246757 67 235 158
0.168292 -0.007829 0.704001 0.753988 0.083039 -0.651619 223 138 44
0.102676 -0.245316 0.455548 0.550564 0.833583 -0.044935 197 233 121
-0.555881 0.259932 -0.495179 -0.272733 -0.858240 0.434789 92 18 182
-0.164163 -0.110140 0.237411 0.536894 0.312940 -0.783463 195 167 27
-0.533524 -0.042549 -0.583783 0.241059 0.213993 -0.946624 158 154 6
-0.054927 0.188320 0.300851 0.773856 -0.633332 -0.006206 226 46 126
0.386160 -0.164991 0.326207 -0.026870 0.491331 0.870558 124 190 238
0.517369 -0.025403 -0.238091 -0.940072 0.336873 0.052740 7 170 134
-0.827183 -0.388616 -0.723151 -0.203766 0.865104 0.458338 101 237 185
-0.065834 0.133496 0.463611 0.384155 -0.787940 0.481223 176 27 188
-0.603217 -0.094963 -0.801001 -0.673679 0.530980 0.514021 41 195 193
-0.070763 0.045693 -0.635492 0.844235 -0.176498 0.506078 235 104 192
-0.862146 0.209699 -0.637349 0.907135 -0.405744 -0.111707 243 75 113
0.203679 -0.226368 0.784184 0.390789 0.564835 -0.726805 177 199 34
0.513994 0.108260 0.731964 -0.694649 -0.355213 0.625529 38 82 207
-0.461498 -0.065344 -0.740850 0.699399 0.579235 0.418722 216 201 180
0.104158 0.267873 0.377609 -0.693280 -0.715516 -0.086025 39 36 116
0.657763 -0.202273 0.003810 -0.068710 0.989672 0.125814 118 253 143
0.250103 -0.171022 -0.145921 -0.784612 0.466426 0.408450 27 186 179
0.036630 -0.005123 0.508010 -0.155402 0.181087 -0.971112 107 150 3
0.394931 0.163244 -0.288985 0.201386 -0.974770 0.096263 153 3 139
0.663655 -0.206155 0.263347 0.270651 0.419694 -0.866375 162 181 17
-0.792432 0.025834 -0.631612 0.935976 -0.351779 -0.014169 246 82 125
0.652441 -0.157062 0.665357 -0.518455 0.852850 -0.062061 61 236 119
0.317940 0.002306 -0.536239 -0.927371 0.017285 -0.373743 9 129 79
-0.544128 0.161275 -0.237929 -0.494784 -0.802387 0.333713 64 25 170
0.347350 0.119292 0.754037 0.568965 -0.477465 -0.669557 200 66 42
0.350114 -0.143849 0.741015 -0.217173 0.965424 -0.144196 99 250 109
-0.610526 0.078465 -0.625461 0.022443 -0.326974 0.944767 130 85 247
0.441752 -0.125790 0.726027 -0.353639 0.859742 0.368488 82 237 174
0.372225 -0.093604 -0.563436 -0.065160 0.747716 0.660814 119 222 211
0.136717 -0.056830 -0.749866 -0.835144 0.171026 0.522766 21 149 194
-0.491109 -0.012932 -0.090948 0.939736 0.195862 0.280239 247 152 163
-0.097877 -0.023977 -0.791629 0.457598 0.409105 0.789454 185 179 228
-0.172788 0.062926 -0.031834 -0.675607 -0.021048 0.736962 41 124 221
-0.653129 -0.232835 -0.471830 -0.245898 0.968797 -0.031101 96 251 123
0.668739 -0.201196 0.175512 0.157784 0.895066 -0.417087 147 241 74
0.822071 0.172240 0.205627 0.149466 -0.988296 0.030495 146 1 131
-0.793478 -0.081736 -0.351621 0.933162 0.176810 -0.312966 246 150 87
0.113725 0.091080 0.636550 0.271316 -0.677550 -0.683603 162 41 40
-0.246907 -0.043715 -0.407801 0.202615 0.144635 -0.968518 153 145 4
0.812718 -0.191993 0.822959 -0.040328 0.469797 -0.881853 122 187 15
-0.420116 -0.029574 -0.256587 0.263736 0.233404 0.935930 161 157 246
-0.037366 0.026415 -0.846359 -0.710137 -0.190935 0.677680 36 103 213
0.840071 -0.040886 0.450738 -0.834672 0.549908 -0.030403 21 197 123
-0.733045 0.078260 -0.480692 0.672995 -0.666546 0.320616 213 42 168
0.775421 -0.025681 0.248056 -0.722887 0.109229 0.682278 35 141 214
-0.030729 0.014013 0.033488 -0.947365 0.145372 0.285249 6 146 163
0.262214 -0.035614 -0.785753 0.278015 -0.018875 0.960391 162 125 249
-0.507261 -0.157545 -0.813158 -0.549093 0.296326 0.781465 57 165 227
0.155372 -0.026714 -0.580151 -0.939603 0.202103 0.276227 7 153 162
0.744549 -0.003989 0.440400 -0.652719 -0.426664 0.626032 44 73 207
0.137546 -0.126689 -0.467889 0.186180 0.279198 0.942011 151 163 247
-0.309404 0.013064 -0.149470 -0.608776 0.156932 0.777666 49 147 226
0.544338 0.169572 0.040797 0.453240 -0.862189 -0.226283 185 17 98
0.710850 0.102506 -0.013558 -0.730459 -0.650539 0.207916 34 44 154
0.423090 -0.242027 -0.310198 -0.235920 0.901757 0.362183 97 242 173
0.910941 -0.017044 0.575397 -0.966733 0.031069 0.253896 4 131 159
-0.124971 0.156336 -0.168093 0.477002 -0.810095 -0.340905 188 24 84
0.724547 0.145411 -0.095826 -0.906572 -0.188839 0.377448 11 103 175
0.511022 0.040482 0.650719 0.791542 -0.580491 0.191027 228 53 151
-0.261668 -0.209733 -0.672297 0.018242 0.747761 -0.663718 129 222 42
0.488328 0.075758 0.661093 -0.008018 -0.387602 -0.921792 126 78 9
0.310979 -0.228512 -0.106332 0.082731 0.876702 -0.473867 138 239 67
-0.188201 -0.249653 0.244786 0.680953 0.681782 0.267349 214 214 161
-0.168098 -0.399098 0.446934 0.511724 0.723458 -0.463409 192 219 68
-0.274080 0.194870 0.092987 -0.333384 -0.809256 -0.483693 84 24 65
-0.118489 0.005685 0.301850 0.179176 -0.160907 0.970569 150 106 251
0.010871 -0.218305 0.501635 0.392702 0.891190 0.227080 177 241 156
0.808768 -0.053401 0.438753 0.289686 0.319042 -0.902382 164 168 12
0.163077 0.010738 0.697164 0.707360 -0.064916 -0.703867 217 119 37
0.042951 0.092469 0.476217 0.677105 -0.600743 -0.425015 213 50 73
0.531719 -0.043488 0.142301 0.369871 0.373380 -0.850754 174 175 19
0.461177 -0.139958 0.723864 -0.085713 0.860838 -0.501609 116 237 63
0.686191 0.157835 0.389356 0.406859 -0.413289 -0.814652 179 74 23
-0.519715 0.038111 -0.700196 -0.150261 -0.719104 0.678463 108 35 214
0.672033 0.059297 -0.217373 -0.585765 -0.021263 0.810202 52 124 230
0.338592 -0.164303 -0.632966 -0.745236 0.321058 0.584418 32 168 202
0.691713 0.048874 0.819845 -0.328922 -0.382368 -0.863484 85 78 17
-0.241962 0.211024 0.253569 0.870585 -0.472548 -0.137038 238 67 110
0.391646 0.202592 0.754424 0.018952 -0.903757 -0.427626 129 12 72
0.609538 0.231152 0.806315 0.018215 -0.833233 -0.552621 129 21 57
0.309741 0.245873 -0.460814 -0.327627 -0.853828 0.404521 85 18 179
0.874255 -0.226212 -0.014327 -0.801175 0.415217 0.430945 25 180 182
-0.598929 -0.115854 -0.719986 0.607724 0.737478 -0.294614 204 221 89
0.277485 0.089627 -0.555597 -0.135473 -0.133355 0.981766 110 110 252
-0.598856 -0.028001 -0.173608 0.697795 -0.059260 -0.713842 216 119 36
0.198869 0.207134 -0.541290 0.294079 -0.811015 -0.505739 164 24 63
-0.003572 -0.030983 0.372856 -0.840646 -0.353586 0.410234 20 82 179
-0.367454 0.105746 -0.775738 0.519662 -0.789814 0.325799 193 26 169
-0.620576 -0.224633 -0.528184 -0.157674 0.882895 0.442306 107 240 183
-0.603972 0.122641 -0.401815 0.185145 -0.404879 -0.895430 151 75 13
-0.633175 0.115713 -0.266571 -0.190346 -0.512151 -0.837538 103 62 20
-0.440855 0.046670 -0.008416 0.891744 -0.139512 -0.430498 241 109 72
0.150990 0.077564 0.708102 0.974195 -0.115159 -0.194120 251 112 102
0.528413 0.096095 -0.162302 -0.851800 -0.465980 0.239373 18 68 158
0.122796 -0.035960 0.423474 0.230871 -0.313820 0.920986 156 87 244
0.600757 -0.100615 0.623467 -0.823015 0.333392 0.459888 22 170 186
-0.577040 0.194372 -0.594661 -0.173899 -0.610131 0.772981 105 49 226
-0.553407 0.057006 -0.394826 -0.112427 -0.136293 0.984269 113 110 252
-0.268839 -0.060417 -0.687002 0.240259 0.934274 -0.263453 158 246 93
0.771016 -0.164382 0.170038 -0.683814 0.399874 0.610327 40 178 205
-0.576701 0.182047 -0.451454 0.091483 -0.938152 -0.333919 139 7 84
-0.448210 0.258233 -0.755955 0.561821 -0.767167 -0.309535 199 29 88
0.605690 -0.046995 -0.164024 -0.920326 -0.077762 -0.383345 10 117 78
0.135439 0.015833 -0.819213 -0.872328 -0.133697 0.470286 16 110 187
0.611302 -0.111512 0.840518 -0.322189 0.501190 -0.803121 86 191 25
-0.664591 -0.028008 -0.621282 -0.358735 0.274324 0.892220 81 162 241
0.411354 0.037850 0.803836 0.477606 -0.310674 -0.821812 188 87 22
0.456536 -0.122224 -0.260840 0.072257 0.349596 0.934110 136 172 246
0.235230 -0.091762 -0.324329 0.923397 0.353134 0.150447 245 172 146
0.563904 -0.164597 0.628003 0.713047 0.410639 -0.568278 218 179 55
0.746114 -0.051689 0.681542 -0.960728 0.026983 -0.276178 5 130 92
-0.320038 0.142162 -0.089483 0.054346 -0.703060 0.709050 134 37 217
-0.694359 0.095070 -0.509329 0.746006 -0.460011 -0.481523 222 68 66
-0.257940 -0.103553 -0.866655 0.481803 0.298622 0.823827 188 165 232
-0.158095 0.449673 0.001707 0.301238 -0.952975 -0.033070 165 5 123
0.749029 0.046597 0.668958 -0.891457 -0.143502 0.429780 13 109 182
0.431470 -0.261056 -0.143522 0.308189 0.830229 0.464478 166 233 186
0.067449 -0.080215 0.118734 0.335542 0.647834 -0.683903 170 210 40
0.319899 -0.064784 -0.597910 -0.861194 0.164327 0.480979 17 148 188
-0.601248 -0.182482 -0.804969 -0.260372 0.702113 0.662754 94 217 212
0.429446 0.317437 0.806444 0.188664 -0.977501 0.094325 151 2 139
0.356671 0.083838 -0.674957 -0.633344 -0.009692 0.773810 46 126 226
-0.264444 -0.235705 0.123726 0.680049 0.670346 -0.296933 214 212 89
-0.515598 0.119457 -0.671486 -0.873959 -0.473872 0.107897 16 67 141
0.464491 0.190202 0.612349 -0.225353 -0.776420 0.588547 98 28 202
-0.493314 0.218858 -0.071550 0.507984 -0.860438 0.039982 192 17 132
-0.152653 -0.034873 -0.680946 -0.994703 0.049474 0.090106 0 133 138
-0.854193 -0.186147 -0.445574 0.831593 0.490880 -0.259791 233 190 94
0.616897 -0.139568 -0.310602 -0.448269 0.766903 0.459254 70 225 186
0.619376 0.127045 -0.007080 -0.645826 -0.405053 0.647179 45 75 210
0.327083 -0.221287 -0.386604 -0.000251 0.784123 0.620605 127 227 206
0.204884 0.235938 -0.334813 0.634729 -0.604043 -0.481925 208 50 66
0.700533 0.190547 0.178290 -0.563282 -0.654452 0.504387 55 44 191
0.784707 0.085423 0.034012 0.673084 -0.691475 0.262335 213 39 160
-0.310635 0.021509 0.089910 0.848923 0.177313 0.497885 235 150 190
-0.179816 -0.154635 0.120928 0.713418 0.692471 -0.107329 218 215 113
0.474462 -0.315112 0.731276 0.076573 0.972322 0.220741 137 251 155
0.406842 0.068582 0.323094 0.260353 -0.432812 0.863070 160 72 237
0.237831 0.171242 0.729904 0.008921 -0.998912 0.045780 128 0 133
0.656485 0.200975 0.871918 0.013607 -0.434966 -0.900344 129 72 12
-0.611420 0.111946 -0.462214 0.870037 -0.488649 -0.065257 238 65 119
-0.056367 0.115072 -0.009798 -0.415329 -0.601654 -0.682286 74 50 40
-0.402031 0.122866 -0.768421 -0.019174 -0.954424 -0.297838 125 5 89
-0.042269 -0.219234 0.750558 0.631436 0.419499 -0.652157 208 180 44
0.447533 0.246003 0.714979 -0.303590 -0.949673 0.077167 88 6 137
-0.104916 -0.044157 0.388584 0.573279 0.281095 -0.769634 200 163 29
0.179269 -0.136329 -0.697483 -0.569028 0.382239 0.728080 54 176 220
0.450375 0.022007 0.748672 0.491349 0.084181 -0.866885 190 138 16
-0.146137 -0.085658 -0.682041 0.301267 -0.007102 0.953513 165 126 249
-0.234992 0.080349 0.158333 0.472561 -0.508791 -0.719596 187 62 35
0.680807 -0.225755 0.276244 0.480079 0.734307 -0.479914 188 221 66
0.518456 -0.130768 0.677503 -0.762063 0.549376 0.342704 30 197 171
-0.129846 -0.142389 -0.208080 -0.513395 0.506405 0.692805 62 192 215
0.840865 -0.075109 0.674849 -0.638290 0.756269 0.143678 46 223 145
0.391173 0.156438 -0.477224 -0.942207 -0.293828 -0.160968 7 90 106
0.710837 0.278842 -0.118560 -0.325386 -0.735256 0.594578 86 33 203
0.192319 0.052236 0.651772 0.997069 -0.075114 -0.014539 254 117 125
0.258224 0.258308 -0.208864 0.727472 -0.633695 -0.263088 220 46 93
-0.705213 0.238825 -0.547487 0.301736 -0.952683 -0.036753 165 6 122
-0.022402 0.106541 0.649535 0.776145 0.032036 -0.629740 226 131 47
-0.916684 0.064651 -0.596310 0.956273 -0.175140 -0.234238 249 105 97
0.270950 0.170754 -0.391606 0.390645 -0.829047 0.400097 177 21 178
-0.222224 -0.107734 0.003318 -0.364110 0.181568 0.913486 81 150 243
0.565063 -0.054145 -0.458943 -0.902357 -0.024990 0.430264 12 124 182
0.543074 0.163163 0.574627 -0.390599 -0.722466 0.570504 77 35 200
0.140946 -0.229269 0.083324 0.470461 0.685521 -0.555632 187 214 56
0.640080 0.194700 0.401794 -0.316288 -0.656127 -0.685171 87 43 40
-0.011861 0.060166 0.452526 -0.946792 -0.104330 0.304468 6 114 166
-0.405436 -0.330104 0.067091 -0.367129 0.888152 -0.276409 80 240 92
-0.178175 0.014310 -0.821571 -0.130027 0.057296 0.989854 110 134 253
0.829409 -0.247411 0.265824 -0.420384 0.867872 -0.264718 73 238 93
0.346695 0.215267 0.811381 -0.075861 -0.996294 0.040540 117 0 132
0.550216 0.143553 0.655913 0.489252 -0.401532 -0.774213 189 76 28
-0.632222 -0.104263 -0.810999 0.175358 0.418387 0.891180 149 180 241
-0.218942 -0.002741 0.230764 0.925942 -0.376700 -0.026985 245 79 124
-0.445947 -0.015787 0.151000 0.998412 0.028910 -0.048355 254 131 121
0.840753 -0.032099 0.066526 -0.874509 0.206959 0.438637 16 153 183
0.540183 -0.168903 0.142587 -0.507373 0.485130 0.712195 62 189 218
0.616187 0.213725 -0.026353 0.558308 -0.814187 -0.159348 198 23 107
-0.524567 -0.104539 -0.061422 0.543500 0.637857 -0.545662 196 208 57
0.023603 -0.227053 0.623226 -0.518185 0.692042 -0.502555 61 215 63
0.376424 -0.209367 -0.217193 0.133466 0.873856 0.467506 144 238 187
0.124010 0.305460 -0.625423 0.262014 -0.928811 0.262027 160 9 160
-0.613702 0.122510 -0.598138 0.015331 -0.822375 0.568740 129 22 200
0.695137 -0.022139 0.820592 -0.526287 0.314714 -0.789922 60 167 26
0.033607 -0.114639 -0.683949 -0.759845 0.360787 -0.540804 30 173 58
0.423316 -0.170515 -0.352066 -0.715146 0.404829 0.569807 36 179 200
-0.359118 -0.032242 0.105226 -0.102687 0.518544 -0.848863 114 193 19
0.325866 -0.345549 -0.492873 -0.136439 0.769558 0.623831 110 225 207
0.769604 0.067581 0.698962 0.617132 -0.365537 -0.696800 206 80 38
-0.211817 -0.004526 -0.791876 -0.352289 -0.017529 0.935727 82 125 246
-0.010742 -0.127221 -0.879153 0.061202 0.799684 0.597294 135 229 203
-0.468922 0.125650 -0.143406 -0.782438 -0.561030 -0.270251 27 55 93
-0.351657 -0.196138 -0.496492 -0.272120 0.882193 0.384299 92 239 176
0.598609 -0.162491 0.204274 -0.652773 0.450192 0.609275 44 184 205
0.767595 0.082662 0.336923 0.244134 -0.704899 0.665970 158 37 212
0.479930 0.117577 -0.185725 0.182135 -0.930233 -0.318579 150 8 86
0.260937 0.093815 0.375154 -0.814698 -0.037461 0.578674 23 122 201
-0.272558 0.035448 0.201603 0.881281 0.237072 -0.408828 239 157 75
-0.723455 -0.157612 -0.624310 -0.054892 0.843833 0.533791 120 235 195
0.809197 0.004414 0.850568 -0.830840 0.024731 -0.555962 21 130 56
0.477775 0.053613 0.148310 0.259902 -0.886300 0.383306 160 14 176
-0.137670 0.218801 0.369945 0.053140 -0.873394 -0.484106 134 16 65
0.630082 0.124509 -0.197736 -0.755956 -0.510446 0.409848 31 62 179
0.117464 -0.347061 -0.697651 0.187108 0.971066 0.148396 151 251 146
0.696281 -0.096266 0.237028 0.091254 0.161912 -0.982577 139 148 2
-0.574520 0.015156 -0.434298 0.721901 -0.148521 0.675871 219 108 213
0.225876 -0.273060 0.843975 0.365051 0.818801 -0.443060 174 231 71
-0.634531 -0.039101 -0.608662 0.945730 0.212392 -0.245935 248 154 96
-0.370528 0.103549 0.081593 0.555215 -0.325951 0.765174 198 85 225
-0.222457 0.240049 0.180320 0.537046 -0.787052 -0.303532 195 27 88
-0.236372 -0.120393 0.276750 0.732911 0.409656 0.543161 220 179 196
0.678678 -0.114552 0.232746 -0.197181 0.813601 0.546968 102 231 197
0.533365 0.001702 -0.272031 -0.906232 0.422761 -0.004178 11 181 126
-0.112145 0.153685 -0.704971 0.833174 -0.519915 0.188438 233 61 151
0.047943 0.108926 0.250680 -0.585787 -0.446420 0.676434 52 70 213
-0.679500 -0.158332 -0.603848 -0.388440 0.919371 0.062218 77 244 135
-0.456367 0.191098 -0.890889 -0.559927 -0.657297 0.504423 56 43 191
0.801431 -0.172803 0.149082 -0.471970 0.605671 0.640630 67 204 209
0.722675 -0.142686 0.075084 -0.183828 0.817635 -0.545600 104 231 57
-0.345154 0.042500 -0.812205 -0.631731 -0.200850 0.748716 46 101 222
-0.000759 -0.137207 0.421264 -0.666884 0.273328 0.693223 42 162 215
0.627517 -0.145995 0.759708 0.442586 0.796930 -0.411121 183 229 75
0.769079 -0.154885 0.109568 -0.902339 0.329878 -0.277424 12 169 92
0.541083 -0.023964 -0.002155 0.967842 0.135813 -0.211748 250 144 100
0.659161 0.112878 0.123623 0.655630 -0.541714 0.526018 211 58 194
-0.132032 -0.069286 -0.765412 0.511095 0.515095 0.688083 192 193 215
0.460409 -0.025222 0.167362 -0.532879 0.324075 -0.781674 59 168 27
0.174761 -0.044976 -0.419311 0.612322 -0.548004 0.569872 205 57 200
0.408227 0.114962 0.024246 0.432833 -0.398051 0.808833 182 76 230
0.343811 0.214138 0.408878 -0.236899 -0.536747 0.809803 97 59 230
-0.555971 -0.036389 -0.129495 0.988101 0.151546 0.026256 253 146 130
0.107402 -0.183981 0.544966 -0.779685 0.623761 0.054901 28 207 134
-0.633368 -0.052548 -0.543719 -0.572902 0.206932 0.793072 54 153 228
0.194244 0.033431 0.731463 -0.840886 -0.023921 -0.540683 20 124 58
0.008667 -0.115956 -0.828478 -0.414649 0.292383 0.861730 74 164 237
0.170096 -0.310239 0.465911 -0.436033 0.888991 0.139896 71 240 145
0.362194 0.177369 -0.179555 -0.847786 -0.470208 0.245283 19 67 158
0.442828 -0.202714 -0.272855 0.472757 0.865780 0.164090 187 237 148
0.834446 -0.034373 0.638378 -0.913900 0.404689 -0.031839 10 179 123
-0.250273 0.091113 -0.713495 0.128981 -0.490795 -0.861675 143 64 17
0.651513 0.216193 0.768357 -0.220820 -0.954823 -0.198876 99 5 102
0.422644 0.095860 -0.338158 0.268999 -0.811336 0.519013 161 24 193
-0.279201 -0.188481 0.115731 -0.628792 0.766714 0.129498 47 225 144
-0.296855 -0.076527 0.231446 0.940455 0.144377 0.307732 247 145 166
-0.632166 -0.167090 -0.668342 0.092258 0.928177 0.360521 139 245 173
-0.178836 -0.085027 0.289899 0.180793 0.976757 -0.115155 150 252 112
-0.268801 0.126759 -0.047147 -0.552738 -0.540404 0.634385 57 58 208
-0.265542 -0.093170 0.177618 0.784553 0.564390 -0.256789 227 199 94
-0.496693 -0.142897 -0.683178 -0.629376 0.775778 0.045319 47 226 133
0.059537 0.315774 0.076037 -0.695604 -0.611999 0.376287 38 49 175
-0.363235 0.069995 -0.193263 -0.211083 -0.288565 0.933903 100 90 246
0.287963 0.249166 0.424628 0.250992 -0.961019 -0.115955 159 4 112
-0.729497 -0.129340 -0.247942 0.714721 0.552253 -0.429175 218 197 72
0.048001 0.063982 0.636679 0.738764 -0.011521 -0.673866 221 126 41
0.218245 0.133717 0.353926 -0.086541 -0.946848 -0.309821 116 6 87
-0.745338 0.126547 -0.432832 0.564932 -0.254198 -0.785007 199 95 27
0.493395 0.133325 0.742429 0.315547 -0.524570 -0.790732 167 60 26
-0.399216 0.134634 0.059261 0.359668 -0.429923 -0.828134 173 72 21
-0.023026 0.165961 0.368640 0.125375 -0.422625 0.897591 143 73 241
0.280983 0.309253 0.865751 0.188609 -0.875879 -0.444143 151 15 70
0.186091 -0.049997 -0.647989 -0.863679 0.011006 0.503922 17 128 191
0.356901 0.161982 0.608584 0.771980 -0.445038 0.453859 225 70 185
-0.457004 0.137717 -0.138722 0.120385 -0.371199 -0.920716 142 80 10
0.484134 0.014415 0.761439 -0.793844 -0.410756 0.448433 26 75 184
-0.069968 -0.036544 0.586372 0.966302 0.163606 -0.198730 250 148 102
0.389177 0.060383 -0.513813 -0.415120 -0.130291 0.900388 74 110 242
-0.766313 0.081801 -0.657592 0.806336 -0.570294 -0.156803 230 54 107
0.794847 0.020801 0.525655 0.841268 0.356633 0.406301 234 172 179
-0.493826 -0.151271 -0.136507 0.076489 0.988382 0.131342 137 253 144
-0.401066 -0.019716 -0.690248 0.747381 0.611179 0.260540 222 205 160
0.442070 0.014324 0.581943 0.677860 -0.240293 -0.694814 213 96 38
0.175260 0.049121 -0.711168 -0.914278 -0.269376 0.302544 10 93 166
0.572478 0.157414 -0.301124 -0.523153 -0.592637 0.612448 60 51 205
-0.000277 0.084422 -0.766751 -0.872279 -0.110574 -0.476344 16 113 66
0.121705 0.054900 0.732969 0.872373 -0.004282 -0.488822 238 126 65
0.657975 -0.232839 0.834096 0.478951 0.491011 -0.727677 188 190 34
0.651016 -0.003484 -0.078871 -0.650769 0.199092 -0.732709 44 152 34
-0.607665 0.315357 -0.493994 -0.168498 -0.955994 0.240176 106 5 158
-0.450575 0.173374 -0.771672 -0.465789 -0.877643 -0.113065 68 15 113
0.828515 0.029493 0.002899 -0.630852 -0.147398 0.761774 47 108 224
-0.702987 -0.207778 -0.734259 0.739381 0.627356 0.244417 221 207 158
0.786031 -0.028831 0.139506 -0.774222 0.126853 -0.620071 28 143 48
-0.109029 0.028973 -0.790772 0.934949 0.331333 0.126846 246 169 143
0.250786 0.118965 -0.548529 -0.640613 -0.340418 0.688280 45 84 215
-0.683893 -0.191892 -0.412869 0.037006 0.769691 0.637344 132 225 208
-0.631798 0.026505 -0.256445 -0.353846 -0.901815 -0.248038 82 12 95
0.521834 0.041679 -0.208070 0.597969 -0.429636 0.676643 203 72 213
0.729187 -0.065418 0.264310 -0.732360 0.472179 -0.490608 34 187 64
0.558114 0.021514 0.466231 0.882750 0.086531 0.461806 240 138 186
0.579035 0.120273 -0.056803 -0.519743 -0.601578 0.606606 61 50 204
0.059950 0.191107 0.694762 -0.362250 -0.818835 -0.445291 81 23 70
0.583486 -0.037097 0.265815 -0.767259 0.269774 0.581838 29 161 201
-0.606699 0.144968 -0.596355 0.852692 -0.258930 -0.453731 236 94 69
0.170112 0.098312 -0.748878 -0.744661 -0.231114 0.626152 32 98 207
0.550462 -0.170311 0.232159 -0.207688 0.663735 0.718555 101 212 219
-0.267194 -0.201866 -0.341193 0.111656 0.960317 -0.255587 141 249 94
0.051213 -0.171105 0.470280 -0.093338 0.585153 0.805534 115 202 230
0.511155 -0.214766 -0.274423 -0.166428 0.783262 0.599001 106 227 203
-0.536343 -0.101279 -0.828882 -0.637841 0.429488 0.639296 46 182 209
0.844911 -0.038282 0.556466 -0.511184 0.007355 -0.859440 62 128 17
0.503406 -0.138266 0.137475 0.173547 0.523902 -0.833911 149 194 21
0.693719 0.063586 0.865273 -0.503668 -0.264191 -0.822509 63 93 22
0.201341 0.252503 0.872737 0.597087 -0.549435 -0.584472 203 57 52
-0.362339 -0.139850 -0.845561 0.490223 0.385342 0.781788 190 176 227
-0.120501 0.094654 0.069897 -0.194121 -0.186806 0.963027 102 103 250
0.119185 0.190450 -0.633345 0.461915 -0.586261 0.665532 186 52 212
0.520405 0.053829 0.775596 0.671818 -0.126392 -0.729853 213 111 34
-0.173127 0.158370 -0.823902 -0.446648 -0.587721 0.674603 70 52 213
0.281747 0.074922 0.716494 0.603836 -0.762841 -0.231206 204 30 98
0.418838 0.009244 -0.241802 0.169720 -0.146351 -0.974565 149 108 3
0.407126 -0.178630 0.552593 -0.413143 0.826380 -0.382634 74 232 78
0.404201 -0.128879 0.380369 -0.706124 0.470077 0.529544 37 187 195
0.120907 -0.033996 0.394676 0.969587 -0.187992 -0.156718 251 103 107
-0.571312 0.197319 -0.698618 -0.037888 -0.777661 0.627541 122 28 207
0.690239 -0.076629 -0.342516 -0.959508 0.071085 0.272566 5 136 162
0.569958 0.162265 -0.014092 -0.632104 -0.772330 -0.062851 46 29 119
0.446710 0.233925 -0.388934 -0.560649 -0.812199 0.161262 56 23 148
-0.648821 -0.088788 -0.594919 0.087063 0.578139 0.811280 138 201 230
0.841541 0.117780 0.559303 0.325531 -0.636202 -0.699483 169 46 38
-0.321106 0.153672 0.023123 0.023050 -0.803539 0.594806 130 25 203
0.156139 0.054976 0.672187 -0.665673 0.077882 -0.742169 42 137 32
0.202113 0.112710 -0.597936 -0.845550 -0.528350 0.076751 19 60 137
0.343073 -0.050354 -0.452017 0.787283 0.616479 0.011802 227 206 129
0.043038 0.164900 0.502991 -0.665509 -0.699626 -0.260041 42 38 94
0.039559 -0.169264 -0.660759 0.289283 0.833755 0.470286 164 233 187
-0.567188 0.005316 -0.034238 0.894164 -0.257221 -0.366480 241 94 80
0.750600 -0.017074 0.783363 -0.737456 0.527789 0.421423 33 194 181
0.488401 -0.053631 0.786042 0.460736 0.363884 -0.809513 186 173 24
-0.693512 0.014053 -0.765124 0.412691 -0.332380 0.848062 180 85 235
-0.285755 -0.018644 0.045510 0.596690 -0.251796 -0.761945 203 95 30
0.835193 0.185887 0.660428 -0.812056 -0.578288 0.078411 23 53 137
0.696701 -0.083329 0.090496 0.611351 0.283566 -0.738810 205 163 33
0.498528 -0.028592 -0.398285 -0.948590 -0.038424 -0.314167 6 122 87
0.800630 0.096554 0.374397 0.678258 -0.335782 -0.653618 213 84 44
0.175872 -0.055309 0.737201 0.521087 0.039859 -0.852573 193 132 18
-0.162290 -0.074211 -0.833127 0.450233 0.689513 0.567329 184 215 199
0.422963 0.153149 -0.140920 0.370490 -0.764525 0.527483 174 30 194
0.761307 0.035163 0.378120 0.377142 -0.562918 -0.735450 175 55 33
-0.294904 0.303104 -0.576226 -0.535020 -0.766180 -0.355980 59 29 82
-0.134819 0.168066 0.436341 -0.298487 -0.457584 -0.837569 89 69 20
-0.407015 0.202544 -0.036116 -0.269961 -0.874420 0.403126 93 16 178
0.616793 0.114501 -0.604636 -0.290505 -0.276439 0.916072 90 92 244
-0.684613 -0.131172 -0.403617 0.808252 0.579170 0.106261 230 201 141
0.225444 0.114287 -0.231569 -0.056339 -0.678716 -0.732237 120 40 34
0.255947 0.222207 0.410225 0.372150 -0.782185 -0.499692 174 27 63
-0.500840 0.322584 -0.685056 -0.082142 -0.996347 -0.023332 117 0 124
0.206357 0.175144 -0.647476 -0.620821 -0.775538 0.114557 48 28 142
0.109278 -0.144461 0.074613 0.013194 0.526573 0.850027 129 194 235
0.452557 0.028548 0.466159 0.398774 0.027738 -0.916630 178 131 10
0.232995 -0.026896 0.603128 0.350359 -0.190438 -0.917051 172 103 10
-0.612852 -0.022890 -0.641106 -0.885182 0.098213 0.454761 14 140 185
0.355076 -0.197360 -0.312668 -0.609471 0.775074 0.166746 49 226 148
0.007832 0.109108 0.527801 -0.268961 -0.788329 -0.553351 93 26 56
-0.723405 0.158251 -0.383840 0.797623 -0.600692 0.054472 229 50 134
-0.355285 -0.053684 -0.644383 0.897559 0.232833 -0.374402 241 157 79
-0.706021 -0.172144 -0.698244 0.814751 0.524324 -0.247518 231 194 95
0.131926 -0.188667 0.698851 0.685150 0.679771 -0.261689 214 214 94
-0.737064 0.175666 -0.580743 -0.273956 -0.887995 0.369341 92 14 174
0.732964 -0.270012 0.021932 -0.080098 0.996783 0.002789 117 254 127
0.564687 0.153390 0.211553 0.701971 -0.708098 0.076382 217 37 137
0.364329 0.045101 -0.568712 -0.730934 0.053184 0.680372 34 134 214
0.498422 -0.114770 -0.272975 0.283466 0.315706 -0.905526 163 167 12
0.270304 0.048895 -0.483152 -0.939671 0.262680 -0.219131 7 160 99
-0.676381 -0.119258 -0.415557 0.008520 0.906977 0.421095 128 243 181
0.233108 0.011352 -0.545757 -0.016356 -0.248449 0.968507 125 95 250
-0.218630 0.149009 0.373523 0.687244 -0.702425 -0.185187 215 37 103
-0.085708 -0.334551 -0.754905 -0.378141 0.816923 0.435484 79 231 183
0.640483 -0.009905 -0.145096 -0.840585 -0.098662 0.532618 20 114 195
-0.187566 -0.032579 0.113757 -0.940575 0.101588 -0.324034 7 140 86
0.102569 0.179905 -0.654651 0.021004 -0.693883 -0.719782 130 39 35
0.189319 0.302893 0.294236 -0.411516 -0.904875 0.108885 75 12 141
-0.029138 0.132302 0.442848 0.378656 -0.330847 0.864384 175 85 237
-0.072215 0.166506 0.443224 0.198980 -0.925703 -0.321684 152 9 86
0.233594 0.045408 -0.685911 -0.593287 0.012328 0.804897 51 129 230
0.743393 0.143441 0.126147 0.754336 -0.614911 0.229917 223 49 156
-0.010686 0.092889 0.336096 -0.284576 -0.790920 0.541722 91 26 196
0.385856 0.104270 0.777543 -0.176105 -0.625849 -0.759802 105 47 30
-0.585812 -0.276514 -0.024824 0.657743 0.501393 -0.562121 211 191 55
-0.606368 0.014654 -0.660002 0.400840 0.042456 -0.915164 178 132 10
-0.435772 0.109790 -0.038301 0.910844 -0.362125 -0.198064 243 81 102
-0.610603 -0.128293 -0.419066 0.598284 0.507377 0.620181 203 192 206
-0.110387 -0.183702 0.431138 0.541503 0.640954 0.544015 196 209 196
0.517443 -0.134971 0.828612 0.458342 0.384210 -0.801440 185 176 25
0.756321 0.014701 0.151072 -0.668332 -0.420508 -0.613600 42 73 49
0.724207 -0.044008 0.626860 0.528035 0.750768 -0.396895 194 223 76
-0.186952 -0.095654 0.361574 0.635143 0.312619 -0.706302 208 167 37
-0.274801 0.140431 0.177450 0.422993 -0.857718 -0.292227 181 18 90
0.226812 -0.040427 -0.567528 -0.494381 -0.169770 -0.852505 64 105 18
-0.168256 -0.290524 0.001555 -0.052883 0.771116 -0.634494 120 225 46
-0.330206 0.024204 -0.882224 -0.521679 0.135384 0.842332 60 144 234
0.499117 0.018941 0.727484 -0.791070 0.194494 -0.579983 26 152 53
-0.145274 0.199262 -0.844107 0.166104 -0.896558 0.410602 148 13 179
0.248680 0.132325 0.632838 0.764837 -0.351704 0.539749 225 82 196
0.434552 0.006928 -0.518198 -0.446416 0.364604 0.817176 70 173 231
0.581843 -0.258994 0.688143 -0.019521 0.811745 -0.583686 125 230 53
0.412101 -0.211624 -0.438089 -0.647846 0.416587 0.637770 44 180 208
-0.678243 0.217986 -0.482271 0.056122 -0.793602 -0.605843 134 26 50
0.734988 0.098654 -0.114669 -0.542374 -0.631889 0.553667 58 46 198
0.467002 0.176985 -0.281417 0.033064 -0.336632 0.941056 131 84 247
-0.148982 -0.107073 -0.608164 -0.949104 0.297346 -0.103862 6 165 114
0.386052 0.094750 -0.528266 -0.104580 -0.093174 0.990142 114 115 253
-0.714923 -0.077878 -0.416600 0.856406 0.183515 -0.482587 236 150 65
-0.563055 -0.071267 -0.586372 0.127965 0.320503 -0.938564 143 168 7
0.139882 0.281368 0.245146 0.055388 -0.988053 -0.143820 134 1 109
0.376128 -0.195985 0.758904 -0.230154 0.919527 -0.318590 98 244 86
0.637050 -0.008828 0.841760 -0.671332 0.082075 -0.736598 41 137 33
0.562984 -0.210687 0.531414 0.314941 0.949101 0.004343 167 248 128
-0.064196 0.154751 0.390836 -0.452353 -0.659465 -0.600403 69 43 50
0.224092 -0.089204 -0.187451 0.997967 0.050923 0.038314 254 133 132
-0.185306 0.094917 -0.794760 -0.508329 -0.278683 0.814824 62 91 231
-0.703299 -0.029291 -0.498780 -0.803877 0.000512 -0.594796 25 127 51
0.823070 -0.035239 0.218876 -0.662111 0.345799 -0.664854 43 171 42
-0.538409 -0.026270 -0.653190 -0.951347 -0.299533 0.072246 6 89 136
-0.628114 0.059636 -0.651824 -0.159149 -0.142720 0.976884 107 109 252
0.756962 -0.133008 0.690493 -0.341218 0.395888 -0.852551 83 177 18
0.576175 -0.021115 0.658513 -0.222647 0.126932 -0.966601 99 143 4
-0.445579 0.036902 -0.022473 0.801903 -0.296835 -0.518498 229 89 61
0.495784 0.001619 -0.027403 0.758597 -0.620436 -0.198972 224 48 102
-0.198241 0.079292 -0.722234 0.179522 -0.301080 -0.936548 150 89 8
-0.515920 -0.149213 -0.061050 0.271024 0.816964 -0.509035 162 231 62
-0.085067 0.138044 0.594550 0.646734 -0.271173 -0.712882 209 92 36
0.531612 0.128859 0.861852 0.271329 -0.276062 -0.922047 162 92 9
0.419488 -0.064826 0.158684 0.436085 0.269383 0.858640 183 161 236
-0.259296 -0.175261 0.227539 0.385377 0.746652 -0.542213 176 222 58
0.635942 -0.089739 0.102282 -0.049341 0.924522 0.377921 121 245 175
0.238144 0.079912 0.891644 0.784612 -0.264475 -0.560747 227 93 56
0.199435 0.165878 -0.439244 0.517104 -0.753833 -0.405387 193 31 75
-0.189979 -0.335557 -0.703034 0.423332 0.900107 -0.102941 181 242 114
-0.116350 0.098696 0.315824 0.895700 -0.434529 -0.094379 241 72 115
-0.356637 0.181971 -0.112788 -0.587988 -0.402630 0.701541 52 76 216
-0.166938 0.063076 0.064636 -0.734458 -0.429727 -0.525268 33 72 60
0.148346 -0.236409 0.542338 -0.527810 0.780094 -0.335960 60 226 84
0.809950 -0.023375 0.732044 -0.242010 -0.147242 -0.959036 96 108 5
-0.492467 -0.212167 -0.227147 0.665417 0.533083 -0.522535 212 195 60
-0.160153 -0.153931 0.411272 0.521948 0.540095 -0.660203 194 196 43
0.462535 -0.204935 0.805579 0.373929 0.816008 -0.440804 175 231 71
0.084564 -0.088490 -0.708300 -0.488851 0.665010 0.564612 65 212 199
-0.486008 -0.059029 -0.538845 -0.237037 0.330284 0.913633 97 169 243
-0.709407 -0.280735 -0.336968 0.451727 0.459866 -0.764504 185 186 30
-0.686940 0.098625 -0.710131 0.943072 -0.316082 0.103476 247 87 140
-0.262117 0.055481 -0.689869 -0.992739 0.098595 0.068916 0 140 136
0.224376 -0.168319 -0.649599 -0.468365 0.735734 0.489214 67 221 189
0.625217 -0.028085 -0.133940 -0.830948 -0.060572 -0.553043 21 119 56
-0.516060 0.116405 0.060712 0.953247 -0.285051 -0.100332 249 91 114
-0.199059 -0.178702 0.197334 -0.309584 0.910406 -0.274444 88 243 92
-0.570255 0.296074 -0.134790 0.273410 -0.959686 -0.065187 162 5 119
0.166134 0.079943 -0.730123 -0.437802 -0.196616 0.877309 71 102 239
0.502549 -0.054288 0.891230 0.393017 0.492192 -0.776714 177 190 28
0.069470 -0.020987 0.673359 -0.281468 0.950727 -0.129979 91 248 110
0.334380 -0.247760 0.577583 -0.203985 0.971370 0.121781 101 251 143
-0.299566 -0.016744 0.140666 0.568166 0.034932 -0.822172 199 131 22
-0.516306 -0.171617 -0.786328 -0.331333 0.842310 0.425126 85 234 181
0.439180 0.014239 -0.406377 0.584254 0.246864 -0.773114 201 158 28
-0.158777 -0.096275 -0.093713 0.514827 0.402870 -0.756736 193 178 31
0.828576 0.202081 0.607377 -0.335278 -0.394080 -0.855739 84 77 18
0.564476 0.104134 0.653650 -0.940103 -0.322077 0.111684 7 86 141
0.540329 0.089964 0.639131 -0.951149 -0.307172 0.030993 6 88 131
0.684894 0.090131 0.787377 -0.796118 -0.336872 -0.502706 25 84 63
-0.367397 0.054154 -0.747506 -0.466024 0.214710 0.858324 68 154 236
0.415262 -0.183574 0.658856 -0.264343 0.623111 0.736108 93 206 221
-0.030111 -0.008401 0.434595 -0.131887 0.037046 -0.990572 110 132 1
0.394993 -0.158340 0.790924 -0.228963 0.579562 -0.782103 98 201 27
-0.532201 -0.036599 -0.438210 0.573551 0.106405 0.812230 200 141 231
-0.293618 -0.008454 0.041145 0.907944 -0.204951 -0.365557 243 101 80
0.791354 0.195953 0.137971 -0.790439 -0.578990 -0.199942 26 53 102
0.404793 0.070457 -0.166846 0.593883 -0.427892 -0.681331 203 72 40
0.140768 -0.117838 0.539721 -0.398638 0.386129 -0.831861 76 176 21
0.558174 0.250033 0.698603 -0.448089 -0.890106 0.083233 70 14 138
0.887971 0.349156 0.504553 -0.533051 -0.846044 0.008186 59 19 128
-0.183008 0.125232 0.247577 -0.439404 -0.680924 -0.585890 71 40 52
-0.061362 0.034964 0.420931 0.487329 -0.464000 -0.739739 189 68 33
0.406976 -0.137691 0.897873 0.307509 0.733210 -0.606499 166 220 50
0.668864 0.187852 0.106354 -0.566247 -0.745341 0.351898 55 32 172
-0.050521 0.101654 -0.747204 -0.259631 -0.662180 0.702929 94 43 217
0.378841 0.149947 0.904166 -0.358950 -0.391551 -0.847256 81 77 19
0.342143 -0.131372 -0.376348 0.908081 0.413296 -0.067640 243 180 118
-0.487263 0.112683 -0.642545 0.186549 -0.977257 -0.100834 151 2 114
-0.433032 0.286443 0.028534 0.519000 -0.765395 -0.380540 193 29 78
0.035898 -0.158297 -0.282469 0.323615 0.712360 0.622749 168 218 206
-0.476136 -0.015640 -0.884609 0.034960 0.094957 0.994867 131 139 254
0.496457 -0.238777 -0.299192 -0.623232 0.539858 0.565805 48 196 199
-0.656892 -0.058619 -0.406402 -0.095039 0.566334 0.818678 115 199 231
0.464403 -0.181648 -0.057692 -0.656791 0.753808 -0.019991 43 223 124
-0.011446 0.019868 0.545358 -0.775799 0.074232 0.626598 28 136 207
0.621598 -0.100286 0.042788 0.118902 0.850451 -0.512441 142 235 62
-0.187494 -0.239949 -0.578562 0.080296 0.599522 -0.796320 137 203 25
-0.170771 0.117902 0.064862 -0.605123 -0.384867 0.696924 50 78 216
-0.474541 -0.147050 -0.013278 0.682497 0.728825 -0.054886 214 220 120
-0.623996 0.221657 -0.738173 -0.138580 -0.984891 0.103855 109 1 140
0.668677 0.087075 0.492861 0.269274 -0.513879 -0.814506 161 61 23
0.598582 -0.013755 0.066635 0.015470 -0.212031 -0.977140 129 100 2
-0.191463 0.203267 0.140786 -0.212890 -0.969536 0.121155 100 3 142
0.717786 0.037721 -0.079966 -0.826953 -0.541037 -0.153060 22 58 107
-0.161752 0.136485 -0.795639 0.272030 -0.854966 0.441625 162 18 183
0.034958 -0.120176 -0.640173 0.544117 0.489007 -0.681769 196 189 40
0.514994 -0.098163 0.814377 0.588520 0.359174 -0.724319 202 173 35
-0.336123 -0.276593 -0.050907 0.561070 0.745589 -0.359579 199 222 81
-0.046502 0.024246 -0.644522 -0.298403 -0.482842 0.823298 89 65 232
0.697340 -0.205499 -0.092640 -0.367255 0.612631 0.699862 80 205 216
0.002141 -0.185005 0.561180 0.017563 0.681561 -0.731550 129 214 34
0.111239 0.183275 -0.621500 -0.387006 -0.855405 -0.344252 78 18 83
0.220454 0.100881 0.783857 0.456362 -0.270982 -0.847527 185 92 19
0.677365 -0.187527 0.451282 -0.702851 0.680988 -0.205563 37 214 101
-0.744094 0.227620 -0.440497 0.819603 -0.503643 -0.273121 231 63 92
0.743695 -0.181713 0.278650 0.196028 0.884881 0.422562 152 240 181
0.010822 0.181184 -0.688701 -0.001229 -0.857850 0.513898 127 18 193
0.582210 -0.000199 -0.073791 -0.810472 0.514562 0.279931 24 193 163
0.892618 -0.115096 0.327387 -0.612426 0.629850 -0.477728 49 207 66
0.773958 -0.151560 0.010717 0.645509 0.392298 -0.655302 209 177 43
-0.125382 -0.228225 0.243422 -0.479100 0.873419 0.087188 66 238 138
0.423166 -0.280197 0.237277 0.650377 0.747676 -0.134130 210 222 110
-0.543843 -0.036161 -0.053614 0.883527 0.096269 -0.458380 240 139 69
-0.641678 -0.011142 -0.464965 -0.059478 0.085346 0.994574 119 138 254
-0.037466 -0.172828 0.417759 -0.454464 0.434682 -0.777505 69 182 28
0.504637 0.291722 -0.404009 -0.113999 -0.591417 0.798267 112 52 229
0.827458 -0.051504 0.654032 -0.796249 0.123321 -0.592267 25 143 51
0.430743 0.145798 0.255887 0.701475 -0.712632 0.009396 216 36 128
0.165138 0.109394 0.701306 -0.615313 -0.781602 -0.102408 49 27 114
0.702226 -0.064791 0.855941 -0.907955 0.344241 -0.238989 11 171 97
-0.472404 0.028253 -0.006649 -0.736976 -0.675246 0.030157 33 41 131
-0.095822 -0.115706 0.264771 -0.232970 0.505623 0.830704 97 191 233
0.048213 0.000084 -0.773406 -0.855222 0.016449 0.518001 18 129 193
0.436160 -0.159104 0.795176 -0.380356 0.684138 -0.622322 79 214 48
0.395219 -0.200033 0.223744 0.399013 0.914894 -0.061291 178 244 119
0.800407 0.050618 0.196837 0.801913 -0.375334 0.464822 229 79 186
0.706541 -0.187103 0.403706 0.491254 0.791150 -0.364350 190 228 81
-0.064489 0.037386 -0.790181 0.102419 -0.287978 0.952144 140 90 248
-0.387164 -0.017363 -0.691776 0.636782 0.769422 0.049988 208 225 133
-0.032059 -0.122128 -0.702882 -0.201105 0.803753 -0.559944 101 229 56
0.762285 0.169430 0.140510 -0.782360 -0.596786 0.178212 27 51 150
0.706273 0.187609 0.593269 -0.708283 -0.489205 -0.508933 37 65 62
0.215102 0.169528 0.223640 0.224864 -0.868078 0.442579 156 16 183
0.401093 -0.075605 0.767706 0.474541 0.447163 -0.758193 188 184 30
0.806429 -0.178452 0.037961 -0.860782 0.505496 -0.059406 17 191 119
0.707163 0.134803 0.576399 -0.630647 -0.723862 0.279836 47 35 163
0.694394 -0.235392 0.828632 -0.288041 0.778508 -0.557636 90 226 56
-0.575593 0.005178 -0.746722 -0.138325 -0.354805 0.924651 109 82 245
-0.045577 0.173583 -0.729637 -0.466685 -0.560092 0.684472 67 56 214
-0.542514 0.097392 0.003184 0.076260 -0.230051 -0.970186 137 98 3
-0.589929 0.017517 -0.783927 0.560967 -0.417934 0.714596 199 74 218
0.633100 -0.151473 -0.160640 -0.560243 0.705479 0.434083 56 217 182
0.240632 -0.157979 0.091396 -0.163549 0.968866 0.185877 106 251 151
-0.498869 0.138263 -0.229646 0.562345 -0.484142 -0.670355 199 65 42
0.719351 -0.118745 0.273909 -0.862978 0.488825 0.127748 17 189 143
0.639916 0.143054 0.108218 -0.361395 -0.838980 0.406824 81 20 179
0.712203 -0.213811 0.720177 -0.666839 0.734735 0.124460 42 221 143
-0.178582 -0.270959 0.287237 0.205137 0.901123 -0.381964 153 242 78
-0.487879 -0.074367 -0.696392 -0.919867 0.017411 -0.391844 10 129 77
0.584769 -0.034929 -0.145417 0.060544 0.028620 0.997755 135 131 254
0.177551 0.128418 0.664569 0.062700 -0.614840 0.786156 135 49 227
0.679653 -0.195360 0.101271 0.786416 0.522112 -0.330073 227 194 85
0.700223 -0.219888 -0.128259 -0.437678 0.854258 0.280501 71 236 163
0.721776 -0.080969 0.667368 -0.515291 0.490825 -0.702543 61 190 37
-0.149690 -0.158044 0.345721 0.264510 0.680802 0.683040 161 214 214
-0.381243 -0.237460 -0.376160 -0.083664 0.581826 -0.808998 116 201 24
-0.021731 -0.035849 0.670329 0.867263 -0.044207 -0.495884 238 121 64
-0.742441 0.131850 -0.366099 0.293904 -0.498749 -0.815396 164 63 23
0.214913 0.225048 -0.398210 0.470709 -0.742551 -0.476498 187 32 66
-0.067827 -0.118491 0.331962 -0.390975 0.370241 0.842650 77 174 234
-0.256769 0.079796 0.232586 -0.031769 -0.312960 0.949235 123 87 248
0.217572 -0.184323 0.541429 -0.880199 0.466808 0.085678 15 187 138
-0.163597 0.092677 0.140241 0.781552 -0.608153 -0.139023 227 49 109
-0.640032 0.152126 -0.790752 -0.125045 -0.772848 0.622149 111 28 206
0.270219 -0.081973 0.626380 0.724350 0.210150 -0.656623 219 154 43
0.047824 0.193049 0.413942 0.086385 -0.886698 0.454207 138 14 185
-0.656433 0.006192 -0.899137 -0.043904 0.029275 0.998607 121 131 254
0.163448 -0.171773 -0.651292 -0.243339 0.625212 0.741550 96 207 222
0.537886 -0.181334 -0.284647 0.010275 0.473971 -0.880480 128 187 15
-0.870078 -0.015500 -0.631535 0.978203 -0.202996 -0.043725 252 101 121
-0.426344 0.147990 -0.244181 0.900598 -0.294525 -0.319654 242 89 86
-0.647891 -0.165379 -0.468479 0.912624 0.386844 -0.132172 243 176 110
-0.687742 0.138168 -0.609244 0.698532 -0.636140 -0.327688 216 46 85
0.715664 -0.222402 0.109589 -0.142898 0.950569 0.275678 109 248 162
0.907742 0.064440 0.528132 -0.900102 -0.027537 0.434808 12 123 182
0.798310 0.049237 0.795159 -0.890621 -0.221194 -0.397325 13 99 76
-0.600591 -0.155283 -0.690433 0.197829 0.956821 0.212973 152 249 154
-0.573956 -0.251539 -0.390906 0.216124 0.826680 -0.519509 155 232 61
0.367888 -0.078235 -0.116262 0.674817 0.421405 -0.605838 213 181 50
0.747954 -0.111708 0.431253 -0.760186 0.459563 0.459259 30 186 186
0.485421 -0.004184 0.321194 -0.875043 0.279436 0.395240 15 163 177
0.331795 0.441657 0.721376 -0.094087 -0.994421 -0.047694 115 0 121
0.758414 0.240848 0.630320 -0.615827 -0.781636 -0.099009 48 27 114
-0.281026 0.085369 0.166618 0.962562 -0.179154 -0.203415 250 104 101
0.514925 -0.210256 0.825604 -0.155698 0.701714 -0.695238 107 216 38
-0.782640 0.095746 -0.657938 0.929312 -0.366531 0.045106 245 80 133
0.705302 0.008052 0.712799 -0.998162 -0.050822 -0.033006 0 121 123
0.497795 0.150099 -0.170799 0.309164 -0.884306 -0.349887 166 14 82
-0.229283 -0.216835 -0.838229 0.290649 0.693043 0.659708 164 215 211
-0.245972 0.042154 -0.728496 0.958321 -0.098338 -0.268235 249 114 93
0.559150 0.053311 0.842038 -0.361719 -0.237337 -0.901571 81 97 12
-0.389118 0.224366 0.188229 0.693672 -0.399650 -0.599249 215 76 51
0.541099 -0.103691 0.650672 0.199180 0.887037 0.416525 152 240 180
-0.142972 -0.197163 0.469834 0.776601 0.371230 -0.508998 226 174 62
-0.577377 0.158866 -0.349145 -0.418564 -0.881106 -0.220127 74 15 99
-0.288070 -0.126722 0.104934 -0.158609 0.784529 0.599465 107 227 203
0.302076 0.037488 0.461112 0.845427 -0.446384 -0.293248 235 70 90
0.533025 -0.126522 -0.404714 0.225608 0.457747 0.859982 156 185 237
0.581814 0.174031 -0.130773 -0.387777 -0.837788 -0.384370 78 20 78
0.676988 -0.001742 0.176392 -0.761705 0.332058 0.556366 30 169 198
-0.221881 -0.030745 0.158566 -0.831700 -0.552412 -0.055816 21 57 120
-0.419000 -0.089232 -0.036746 0.646800 0.732609 0.211978 209 220 154
0.398864 0.041430 0.793764 -0.695294 -0.470479 0.543338 38 67 196
0.240601 0.247856 0.711549 0.505322 -0.666999 -0.547505 191 42 57
0.542460 0.021453 0.831462 -0.181770 -0.386528 -0.904188 104 78 12
0.666453 0.082986 0.576393 -0.822173 -0.245248 0.513698 22 96 192
0.539310 0.317323 0.038882 -0.422412 -0.872130 0.246894 73 16 158
0.049314 -0.173156 0.616032 0.745359 0.666510 -0.014266 222 212 125
0.073844 -0.150924 -0.779466 -0.701374 0.346421 0.622950 38 171 206
0.355119 -0.149017 0.029781 0.522295 0.441288 -0.729707 194 183 34
0.510747 -0.153142 0.774231 -0.805698 0.525403 -0.273500 24 194 92
0.459434 -0.253774 0.845271 -0.213611 0.859749 -0.463899 100 237 68
-0.767262 0.122156 -0.819663 0.921365 -0.275270 0.274430 244 92 162
0.756640 0.047705 -0.041303 -0.772858 -0.358592 0.523547 28 81 194
0.764715 -0.037406 0.657036 -0.204599 0.111004 -0.972531 101 141 3
-0.287357 -0.046403 0.300216 0.356884 0.138780 -0.923782 173 145 9
0.711501 -0.174134 0.299681 -0.644088 0.762772 -0.057702 45 224 120
0.034116 0.123246 -0.602333 -0.463034 -0.823483 -0.327834 68 22 85
-0.523122 -0.216460 -0.702568 0.261054 0.936709 0.233295 160 246 157
0.108405 0.097347 0.666391 -0.539939 -0.557454 -0.630644 58 56 47
0.762835 -0.004631 0.056101 0.746439 -0.281198 0.603122 222 91 204
0.688265 0.078513 -0.142283 -0.919258 -0.280903 -0.275789 10 91 92
0.609857 -0.040433 0.664175 0.325402 0.000916 -0.945575 168 127 6
0.366891 -0.126025 -0.638002 -0.596399 0.326520 0.733276 51 169 220
0.721383 -0.046124 0.565196 -0.072752 0.096670 -0.992654 118 139 0
-0.119970 0.150219 0.434430 0.574674 -0.440230 -0.689889 200 71 39
-0.322320 0.093536 0.093657 0.992717 -0.058656 0.105224 254 120 140
0.558134 -0.234223 -0.174388 0.280627 0.959011 0.039316 163 249 132
-0.751649 -0.033527 -0.626791 -0.936295 -0.345871 -0.061034 8 83 119
0.528092 -0.014558 0.563793 -0.493977 0.825100 -0.274221 64 232 92
0.628279 0.149607 -0.205082 0.784740 -0.596333 -0.169028 227 51 105
-0.663875 0.096459 -0.664832 -0.892876 -0.158356 0.421539 13 107 181
-0.551456 -0.011938 -0.686227 0.970557 0.180492 -0.159502 251 150 107
-0.051469 0.264329 0.115393 0.547327 -0.752986 0.365302 197 31 174
0.769611 -0.298709 0.579544 -0.015375 0.845623 -0.533560 125 235 59
0.496789 -0.034878 0.637469 0.387564 0.173466 -0.905375 176 149 12
-0.378557 0.001039 -0.625989 0.805494 -0.015884 0.592391 230 125 203
-0.454929 0.245485 -0.360874 -0.005781 -0.994538 -0.104220 126 0 114
-0.537884 -0.121955 -0.284186 -0.204987 0.578696 -0.789362 101 201 26
-0.371376 -0.109920 -0.756703 -0.486194 0.311519 -0.816438 65 167 23
-0.795680 0.201823 -0.582844 0.606003 -0.643027 0.468270 204 45 187
-0.425830 -0.198368 -0.680691 -0.411232 0.882119 0.229682 75 239 156
-0.417252 0.220276 -0.088291 0.104588 -0.489241 0.865855 140 65 237
0.565498 -0.179833 -0.164016 -0.330610 0.616479 0.714598 85 206 218
-0.638935 -0.214199 -0.521374 0.189562 0.779710 -0.596757 151 226 51
0.391349 0.310632 -0.433732 -0.523657 -0.838190 -0.152384 60 20 108
0.885320 0.030711 0.079422 -0.974375 -0.121997 0.188971 3 111 151
0.598834 -0.134203 -0.386308 -0.266436 0.352000 0.897278 93 172 241
0.315375 -0.046816 0.688932 0.923527 0.207162 -0.322773 245 153 86
-0.426943 -0.122785 -0.493699 -0.156196 0.647992 -0.745459 107 210 32
0.238536 -0.049115 0.665672 0.892847 0.336093 0.299776 241 170 165
-0.054565 -0.302772 0.468927 0.650792 0.719775 -0.241650 210 219 96
0.868814 -0.063755 0.505713 -0.952387 -0.007425 -0.304802 6 126 88
0.707718 0.154553 -0.196415 -0.488766 -0.438491 0.754210 65 71 223
0.275959 -0.016488 0.551414 -0.588795 0.121352 -0.799121 52 142 25
0.426864 -0.022149 -0.286657 0.174956 0.320216 0.931049 149 168 246
0.670665 0.233483 -0.014551 -0.551833 -0.818686 0.158850 57 23 147
0.692637 -0.166838 -0.057387 -0.015883 0.949634 0.312958 125 248 167
0.445591 0.058028 -0.106010 0.570817 -0.220278 0.790977 200 99 228
0.022363 -0.210375 -0.667947 -0.814378 0.580073 -0.017425 23 201 125
0.306643 0.155021 0.743601 0.053049 -0.697137 -0.714972 134 38 36
-0.443319 -0.080438 -0.694426 0.800914 0.331748 -0.498478 229 169 63
-0.585693 0.193137 -0.254221 0.232485 -0.972390 0.020236 157 3 130
-0.575042 -0.129401 -0.355059 -0.005678 0.887695 0.460396 126 240 186
0.815538 -0.082856 0.475004 -0.860315 0.502651 0.084851 17 191 138
-0.294135 0.295254 0.186332 0.280253 -0.722352 -0.632192 163 35 46
-0.490509 -0.061785 -0.771532 -0.258195 0.651713 -0.713166 94 210 36
0.567193 0.032499 0.765770 -0.902208 -0.100718 -0.419377 12 114 74
0.527265 0.189944 0.753239 -0.841711 -0.539927 0.000724 20 58 127
0.830348 -0.153098 0.170893 0.085152 0.853513 0.514067 138 236 193
-0.143160 0.083022 0.335425 0.809578 -0.382077 0.445646 230 78 184
0.134613 0.039914 -0.001313 0.782131 -0.201550 0.589618 227 101 202
-0.111790 -0.297048 0.444871 0.211552 0.922546 -0.322731 154 245 86
0.411798 0.019603 0.642602 0.071480 -0.293978 -0.953136 136 90 5
-0.440852 -0.220462 -0.031408 0.286646 0.791360 -0.539985 164 228 58
-0.179635 -0.090718 -0.781876 0.405260 0.442975 0.799711 179 183 229
0.652640 -0.147869 0.655890 -0.694261 0.410027 0.591507 38 179 202
-0.411790 -0.359580 -0.054048 -0.266144 0.949052 0.168725 93 248 149
0.180639 0.224361 0.838277 0.417198 -0.827372 -0.376034 180 22 79
-0.372896 0.168933 -0.691968 0.346123 -0.919928 -0.184203 171 10 104
-0.191753 -0.004773 -0.742368 -0.994955 -0.092075 -0.039845 0 115 122
-0.312829 -0.201657 -0.644424 0.038881 0.855540 0.516275 132 236 193
-0.153005 -0.050763 -0.760312 -0.432132 0.071203 0.898995 72 136 242
0.740629 -0.207636 0.076455 -0.718537 0.617805 -0.319408 35 206 86
-0.481137 0.100626 -0.038188 -0.438992 -0.652549 0.617629 71 44 206
0.651399 0.157291 0.064557 0.700351 -0.529788 -0.478365 216 59 66
-0.749440 0.228318 -0.655878 0.514485 -0.750814 -0.414226 193 31 74
0.092959 0.052568 -0.616445 -0.030756 -0.517413 0.855183 123 61 236
-0.330049 -0.006999 -0.135428 0.789680 -0.194612 -0.581835 228 102 53
0.537780 0.159486 -0.184739 -0.148028 -0.988823 0.017811 108 1 129
0.146155 0.260345 0.661393 0.115180 -0.906721 -0.405698 142 11 75
-0.655423 0.016631 -0.311597 0.820374 0.118594 0.559395 232 142 198
0.650355 -0.056745 0.011004 0.405721 -0.224642 -0.885961 179 98 14
-0.441838 0.100738 -0.822320 -0.702804 -0.249804 0.666082 37 95 212
0.003350 -0.215354 -0.654382 -0.039935 0.998940 0.022890 122 254 130
0.687504 -0.029977 0.007262 -0.709612 -0.027050 0.704073 37 124 217
-0.650224 0.113594 -0.722838 0.620176 -0.742035 -0.254491 206 32 95
-0.179117 -0.001829 0.015335 -0.368886 -0.334731 0.867109 80 84 238
0.369054 0.071595 -0.012668 -0.563738 -0.226673 0.794241 55 98 228
0.357225 -0.070810 0.753718 -0.936887 0.323336 -0.133029 8 168 110
0.837837 -0.098939 0.479003 -0.871477 0.476965 -0.114153 16 188 112
0.758300 0.183194 0.495457 0.324613 -0.903285 -0.280541 168 12 91
-0.405992 -0.072383 -0.767823 0.063513 0.315907 0.946662 135 167 248
-0.296424 -0.167376 0.198422 0.439599 0.740777 -0.507938 183 221 62
0.445986 0.055258 0.439295 0.480079 -0.046772 -0.875977 188 121 15
-0.655643 0.269345 -0.864139 0.015444 -0.754563 0.656046 129 31 211
-0.820647 0.078196 -0.626229 0.987149 -0.159317 -0.012466 253 107 125
0.260196 0.131941 0.541604 -0.778545 -0.531978 0.332968 28 59 169
-0.503811 0.150308 -0.065049 0.756074 -0.647247 0.097075 223 44 139
-0.037908 0.202045 -0.718489 -0.642429 -0.643565 0.416064 45 45 180
0.565414 0.049440 0.686811 0.431837 -0.030459 -0.901437 182 123 12
0.467807 -0.108368 -0.090610 0.441562 0.162216 -0.882445 183 148 14
0.541624 -0.110991 0.097332 0.770613 0.635842 -0.043142 225 208 121
-0.197892 0.257359 0.248583 0.517643 -0.722756 -0.457897 193 35 69
-0.137377 -0.172319 0.499929 0.605607 0.547337 -0.577635 204 197 53
0.007614 0.149512 0.292097 -0.336826 -0.335434 -0.879791 84 84 15
0.399941 -0.082344 0.632040 -0.792958 0.257030 0.552407 26 160 197
0.407398 0.127620 0.735883 0.004321 -0.851695 -0.524020 128 18 60
0.677033 0.047868 0.198982 -0.495577 0.435522 -0.751481 64 183 31
0.389068 0.219185 0.768022 -0.757444 -0.483581 -0.438667 30 65 71
0.870107 0.131645 0.351126 -0.477430 -0.609282 -0.633116 66 49 46
0.376024 0.142599 -0.409839 -0.153006 -0.388056 0.908846 107 78 243
-0.456080 -0.058594 -0.008544 0.906796 -0.305542 -0.290457 243 88 90
0.612388 -0.236146 0.054477 -0.472511 0.742145 0.475347 67 222 188
0.468272 -0.006042 -0.126582 -0.904520 0.057948 -0.422476 12 134 73
0.458391 0.026479 -0.439332 -0.260980 -0.040384 0.964499 94 122 250
-0.638087 0.101439 -0.764812 0.212546 -0.975513 0.056563 154 3 134
0.377414 0.190559 -0.486985 -0.207106 -0.976381 -0.061545 101 3 119
-0.615166 -0.009518 -0.742212 -0.675208 0.080326 0.733241 41 137 220
0.495061 -0.209055 0.774545 0.484983 0.857048 -0.173952 189 236 105
0.279192 -0.238601 -0.505040 0.535032 0.830106 -0.157047 195 233 107
0.458106 0.164373 -0.302463 0.588753 -0.793630 -0.153367 202 26 107
0.741519 0.097354 0.066351 -0.913310 -0.335958 -0.230212 11 84 98
0.444408 -0.231713 0.499953 0.201058 0.635695 -0.745297 153 208 32
0.151972 -0.231075 -0.702478 -0.188246 0.905643 0.379967 103 242 175
0.531344 0.069638 0.411190 -0.568303 -0.699637 -0.433058 55 38 72
0.424812 0.078146 -0.191354 0.183668 -0.312507 -0.931990 150 87 8
-0.683407 -0.222096 -0.340876 0.665914 0.705991 0.241111 212 217 158
0.898145 0.024641 0.194243 -0.997634 0.065829 0.019804 0 135 130
0.254299 0.067217 -0.519671 -0.759760 -0.154706 0.631530 30 107 208
0.564497 0.093005 0.867315 0.037952 -0.100157 -0.994248 132 114 0
-0.301445 0.011015 -0.900208 -0.135008 -0.060335 0.989006 110 119 253
0.745979 0.077898 -0.037055 -0.516172 -0.711790 -0.476362 61 36 66
0.296642 -0.037092 0.553345 0.169948 0.002636 -0.985450 149 127 1
0.187322 -0.184397 -0.223608 0.773013 0.362341 -0.520731 226 173 61
-0.210901 0.174858 0.197273 0.566639 -0.789561 -0.235612 199 26 97
-0.750765 -0.045217 -0.389648 0.588584 -0.106386 -0.801406 202 113 25
-0.504723 0.240895 -0.271093 0.168987 -0.918710 0.356954 149 10 173
0.491505 -0.137906 0.614641 0.589755 0.561777 -0.580168 202 199 53
0.415617 -0.053280 -0.326853 -0.985910 0.100821 -0.133476 1 140 110
-0.366025 0.200023 -0.150531 0.379238 -0.886832 0.264023 175 14 161
-0.521647 0.172740 -0.524915 0.166651 -0.920245 -0.354086 148 10 82
0.560782 -0.197954 -0.193654 -0.587360 0.772826 0.240309 52 226 158
-0.646439 0.029906 -0.610567 -0.995297 -0.042803 0.086905 0 122 138
0.422289 -0.070220 -0.195745 -0.424560 0.204086 0.882099 73 153 239
-0.778819 -0.139348 -0.552676 0.624560 0.702683 -0.340824 207 217 84
-0.303846 -0.168926 -0.619186 -0.649981 0.683467 -0.332262 44 214 85
-0.301530 0.143351 -0.739116 0.047894 -0.682315 0.729488 133 40 220
0.310648 -0.062408 0.687243 0.459913 0.445561 -0.768086 186 184 29
-0.084820 0.154692 0.478687 0.128469 -0.249178 -0.959899 143 95 5
-0.583079 0.290297 -0.841837 0.198312 -0.781767 0.591196 152 27 202
-0.291271 -0.105713 -0.211405 0.455007 0.688791 -0.564389 185 215 55
-0.383760 0.013149 -0.716729 -0.653460 -0.319213 0.686362 44 86 215
0.478138 -0.029329 0.639350 0.777661 0.111819 -0.618660 226 141 48
0.377218 0.211230 0.248038 -0.578532 -0.449044 0.680926 53 70 214
0.040169 0.109880 0.327474 -0.244682 -0.542102 0.803900 96 58 229
-0.157078 -0.256210 -0.363399 -0.402352 0.669414 0.624498 76 212 207
-0.683098 0.116046 -0.428047 0.463021 -0.677432 0.571574 186 41 200
0.537229 -0.058016 -0.345603 -0.671104 0.091214 0.735731 41 139 221
0.137958 0.100069 -0.049088 -0.954239 -0.085021 0.286706 5 116 164
0.058338 -0.242614 -0.711756 0.151399 0.673067 0.723920 146 213 219
-0.231072 0.005553 -0.829094 -0.830303 0.052741 0.554811 21 134 198
-0.776780 0.156284 -0.572048 0.473896 -0.871262 0.127768 187 16 143
0.794501 0.122815 0.361907 -0.782118 -0.474351 0.404083 27 67 179
-0.385533 0.045916 -0.814118 -0.529231 -0.471030 0.705723 60 67 217
0.071720 -0.010631 -0.746851 -0.657510 -0.060995 0.750973 43 119 223
0.830985 -0.245201 0.442266 -0.602562 0.784342 0.147399 50 227 146
-0.634538 0.143626 -0.212359 -0.129280 -0.853645 -0.504557 111 18 63
0.527217 0.190492 -0.252517 0.355123 -0.930485 -0.089918 172 8 116
0.761093 -0.001599 0.039795 -0.904380 -0.411009 0.114754 12 75 142
0.590779 0.104235 0.780658 0.726396 -0.292452 -0.621949 220 90 48
0.800585 -0.093538 0.445093 0.451775 0.341040 -0.824373 185 170 22
-0.040914 -0.030076 -0.785927 0.826872 0.184017 0.531432 232 150 195
-0.731799 0.248354 -0.180386 0.797123 -0.478856 -0.367820 229 66 80
-0.569690 0.011584 -0.797476 0.061235 0.201078 0.977659 135 153 252
-0.156906 -0.073841 -0.579077 0.071030 0.790129 0.608811 136 228 205
0.627266 -0.067335 -0.019559 0.028215 0.997098 0.070708 131 254 136
-0.262189 0.131494 -0.695658 0.635435 -0.548590 0.543388 208 57 196
-0.268397 0.133079 0.049213 -0.005788 -0.996118 -0.087841 126 0 116
-0.468960 -0.280291 -0.599640 -0.162830 0.685072 0.710044 106 214 218
0.853645 0.203422 0.452625 -0.377118 -0.798859 -0.468621 79 25 67
0.166693 0.275190 0.752248 0.218014 -0.545962 -0.808947 155 57 24
0.027414 -0.169480 0.125917 0.679253 0.579502 -0.450325 214 201 70
-0.504388 -0.161469 -0.357445 -0.671987 0.471509 -0.571063 41 187 54
0.277253 -0.236685 0.866388 0.515464 0.482757 -0.707985 193 189 37
-0.280335 0.047449 -0.060978 -0.232247 -0.101084 0.967390 97 114 250
0.060229 0.084267 0.601309 0.656934 -0.034041 -0.753179 211 123 31
-0.322004 -0.124567 -0.712355 -0.724090 0.455000 0.518333 35 185 193
0.597193 -0.087188 -0.397344 -0.481568 0.202427 0.852711 66 153 236
-0.545825 -0.057920 -0.073569 0.472328 0.214342 -0.854964 187 154 18
0.754958 -0.176258 0.686328 -0.607993 0.679257 -0.411041 49 214 75
0.641851 -0.216536 0.664212 -0.621334 0.555176 0.552922 48 198 197
0.665881 0.175315 0.075005 0.637778 -0.624131 -0.451331 208 47 69
-0.331708 -0.124231 0.290884 0.857298 0.091483 -0.506628 236 139 62
0.623856 -0.199334 -0.317179 -0.889541 0.364638 0.275239 14 173 162
-0.328253 0.150405 -0.773346 0.531821 -0.841174 0.097944 195 20 139
-0.556503 0.203094 -0.394734 -0.565050 -0.824896 0.016253 55 22 129
-0.724145 0.034753 -0.615999 0.996850 -0.056525 -0.055638 254 120 120
-0.147282 0.087010 0.295359 0.743219 -0.296585 -0.599719 222 89 51
0.608285 0.013966 -0.189496 -0.743052 -0.385696 0.546912 32 78 197
0.264035 -0.048198 0.789598 0.510183 0.100495 -0.854174 192 140 18
0.015844 -0.082310 -0.702748 0.757968 0.123349 0.640523 224 143 209
-0.038761 0.005424 0.412491 -0.191643 -0.254764 0.947823 103 95 248
0.626123 -0.072752 0.307455 0.333187 0.389573 -0.858615 169 177 18
-0.560577 0.361512 -0.699757 0.256930 -0.962091 0.091477 160 4 139
-0.655269 0.191905 -0.343862 0.444415 -0.514194 -0.733553 184 61 33
0.619446 0.014629 0.730023 0.617123 -0.025201 -0.786463 206 124 27
-0.721862 0.194680 -0.644201 0.031004 -0.970772 -0.237994 131 3 97
-0.095999 -0.135915 -0.404074 -0.463839 0.820131 0.335019 68 232 170
-0.110628 0.015146 0.333068 -0.830742 -0.422882 -0.361992 21 73 81
-0.320855 -0.058689 0.078445 -0.522204 0.434844 -0.733631 60 182 33
-0.537353 -0.078292 -0.614473 -0.522198 0.241483 0.817921 60 158 231
0.717614 -0.003206 0.465093 -0.976932 0.213498 0.004666 2 154 128
0.799508 0.204247 0.226825 -0.704139 -0.504272 0.499897 37 63 191
0.582299 -0.310849 0.143427 0.581365 0.685739 -0.437924 201 214 71
0.614173 0.022516 0.347403 -0.892520 0.152123 0.424578 13 146 181
-0.729882 0.026699 -0.644800 0.586997 0.143072 -0.796847 202 145 25
-0.019371 0.039062 0.663574 0.631729 0.077680 -0.771287 208 137 29
0.248558 -0.149882 -0.559067 0.568913 0.485258 0.663975 200 189 212
0.422722 -0.060374 -0.059325 0.721745 0.243965 -0.647739 219 158 44
0.811989 0.191289 0.249525 -0.302060 -0.775163 0.554872 88 28 198
0.010834 -0.052141 -0.451717 0.767659 0.336318 0.545518 225 170 197
0.812076 -0.080698 0.435226 0.016698 0.999712 0.017251 129 254 129
-0.019712 -0.145157 0.463877 0.804855 0.541074 0.243818 230 196 158
0.192008 -0.246011 0.742288 0.169005 0.736081 -0.655456 149 221 43
0.575303 0.159397 0.147544 -0.336965 -0.940444 0.044936 84 7 133
0.145959 0.228996 0.483194 -0.272362 -0.820151 0.503162 92 22 191
0.064516 -0.043368 0.525826 0.140301 0.501005 -0.853996 145 191 18
0.199241 -0.009751 0.665416 -0.756069 0.009755 0.654420 31 128 210
-0.513912 0.064727 -0.628573 0.545206 -0.223491 -0.807962 197 99 24
-0.327803 0.326807 -0.682942 -0.214860 -0.960687 0.175826 100 5 149
-0.761139 0.180920 -0.638264 -0.024604 -0.959994 0.278938 124 5 163
-0.710989 -0.075845 -0.804972 0.264337 0.393680 0.880422 161 177 239
0.588343 0.130380 -0.326659 -0.219371 -0.952922 0.209325 99 6 154
-0.492660 -0.148385 -0.602628 0.459922 0.487286 -0.742310 186 189 32
0.550799 0.068242 0.654109 0.256574 -0.248692 -0.933982 160 95 8
-0.331140 0.237409 -0.855494 0.199896 -0.816662 0.541391 152 23 196
0.387830 -0.203763 0.780358 -0.462467 0.672363 -0.577973 68 213 53
-0.418454 -0.182974 0.090299 0.612150 0.597330 -0.518141 205 203 61
-0.614109 0.079292 -0.749722 0.890644 -0.286713 0.352916 241 90 172
0.038392 -0.180894 -0.725604 0.393467 0.909866 0.131635 177 243 144
0.027480 -0.070027 0.548911 -0.031630 0.087897 0.995627 123 138 254
-0.645083 0.113825 -0.694026 0.601395 -0.772565 -0.203635 204 28 101
-0.155965 -0.010536 -0.779532 0.887742 -0.233133 0.396943 240 97 178
0.094549 -0.106098 0.563392 0.859989 0.283713 -0.424176 237 163 73
0.584065 0.317319 -0.092992 -0.335270 -0.888349 -0.313736 84 14 87
0.546281 0.274615 -0.272013 -0.577678 -0.778237 0.246240 53 28 158
0.087267 -0.299440 0.389367 -0.305934 0.930660 0.200688 88 246 153
0.522963 -0.247124 0.578397 -0.360131 0.781738 0.509108 81 227 192
-0.007988 -0.158318 -0.830850 -0.711282 0.534981 0.455930 36 195 185
0.525702 -0.053499 -0.548081 -0.607315 0.010393 0.794393 50 128 228
0.403285 0.097692 0.728669 0.224364 -0.641596 -0.733495 156 45 33
0.591154 0.236064 0.100604 0.253106 -0.718821 -0.647483 159 35 44
-0.664095 0.039233 -0.288543 0.299226 0.087544 0.950158 165 138 248
-0.672134 -0.329093 -0.549301 0.266472 0.828177 -0.493068 161 233 64
-0.788634 -0.112872 -0.267144 0.724864 0.111060 -0.679881 219 141 40
-0.566818 -0.243472 -0.555646 0.362510 0.756603 -0.544186 173 223 58
0.520404 -0.119393 0.553899 -0.530282 0.613024 0.585665 59 205 202
-0.310777 0.057909 -0.763288 0.835733 -0.434359 -0.335980 234 72 84
0.566844 0.232833 0.178774 -0.646115 -0.761945 0.044443 45 30 133
0.074313 -0.165260 0.530238 -0.730327 0.678554 0.078655 34 214 137
0.264611 0.200763 -0.406097 0.874367 -0.470217 0.119908 238 67 142
0.425034 0.057618 0.041629 0.728984 0.040662 0.683322 220 132 214
0.390966 0.216096 -0.302925 0.160050 -0.914028 -0.372743 147 10 79
0.356344 -0.056786 0.727010 0.597448 0.511788 -0.617357 203 192 48
-0.274773 0.217883 0.060899 0.344452 -0.516631 -0.783866 171 61 27
-0.249570 -0.020094 0.102179 0.920189 0.147445 0.362645 244 146 173
-0.568748 0.070052 -0.593156 -0.831162 -0.215272 0.512667 21 100 192
-0.655848 -0.307801 -0.329043 0.021243 0.645168 0.763745 130 209 224
-0.696503 -0.013320 -0.693173 0.909395 0.146238 0.389379 243 146 177
0.557990 -0.034225 -0.042259 0.659103 0.532893 -0.530669 211 195 59
0.064247 -0.345381 -0.249425 0.337964 0.845830 -0.412738 170 235 74
-0.471894 -0.017985 -0.596551 -0.901589 0.190500 0.388391 12 151 177
-0.115500 0.264006 0.335932 0.236456 -0.948555 0.210552 157 6 154
-0.428377 -0.160938 -0.703528 0.104788 0.813733 0.571715 140 231 200
-0.483912 -0.091815 -0.487295 -0.720267 0.693485 -0.017159 35 215 125
-0.614192 -0.208098 -0.461749 -0.268219 0.785241 0.558081 93 227 198
-0.056684 0.131752 0.020203 -0.075281 -0.920667 0.383020 117 10 176
0.207442 0.247153 0.669941 -0.724471 -0.635628 -0.266682 35 46 93
0.645488 0.115996 0.592279 -0.957168 -0.235451 -0.168497 5 97 106
0.780416 0.163294 0.521411 0.394585 -0.636970 -0.662247 177 46 43
-0.113716 -0.173381 -0.476228 -0.668600 0.725457 0.163355 42 219 148
0.654836 0.181736 -0.176043 -0.455498 -0.556451 0.694898 69 56 216
-0.390431 -0.188257 -0.001351 0.587238 0.808714 0.033661 202 230 131
-0.269664 -0.162554 0.322579 0.699381 0.268438 -0.662425 216 161 43
0.627070 0.208959 0.123264 0.521179 -0.697683 -0.491539 193 38 64
-0.216379 0.022473 0.462956 0.617025 -0.061326 -0.784550 206 119 27
-0.247655 0.037713 -0.821649 0.751825 -0.322123 0.575323 223 86 200
0.671386 -0.246114 0.025949 0.124289 0.821229 -0.556898 143 232 56
-0.018043 0.074757 0.343115 0.832941 -0.234847 0.501055 233 97 191
-0.843112 0.151975 -0.653084 0.720232 -0.668244 0.186322 219 42 151
0.529457 0.202894 -0.246211 0.254384 -0.901841 0.349245 159 12 172
0.737532 -0.224740 0.734160 -0.570337 0.792970 0.214279 54 228 154
-0.390639 0.013930 0.066052 0.799766 -0.593775 0.088352 229 51 138
-0.128103 0.003310 0.354487 -0.259985 -0.037961 -0.964866 94 122 4
0.350459 0.029423 0.654862 0.241065 0.067928 0.968129 158 136 250
0.554095 0.222118 0.113885 -0.630709 -0.716340 0.298434 47 36 165
0.200696 -0.073450 -0.506247 0.769961 0.459996 -0.442226 225 186 71
0.748157 -0.003445 0.042784 -0.295566 0.290873 -0.909963 89 164 11
-0.465428 0.112480 -0.813335 -0.541881 -0.554793 0.631324 58 56 207
0.127835 -0.182435 -0.317199 -0.206533 0.496846 -0.842904 101 190 20
-0.081257 0.000636 -0.670128 -0.560580 0.281136 -0.778918 56 163 28
-0.337545 0.041788 0.182362 0.568071 -0.069314 -0.820056 199 118 22
-0.143534 0.028248 -0.812006 0.578233 -0.566834 0.586810 201 55 202
-0.317081 -0.047167 0.117392 0.829331 0.196002 -0.523254 233 152 60
0.489017 0.010975 0.834217 0.342687 -0.755039 -0.559001 171 31 56
0.819666 0.204178 0.540753 -0.758749 -0.630547 0.163434 30 47 148
-0.042708 -0.346352 -0.578013 0.616550 0.774564 -0.141123 206 226 109
0.051080 -0.174262 0.592740 0.147811 0.678285 -0.719779 146 213 35
-0.216618 0.026338 -0.772611 -0.309115 -0.351666 0.883617 88 82 240
0.731417 0.206771 0.597263 -0.284119 -0.936755 -0.204370 91 8 101
0.828320 0.140120 0.140340 -0.918306 -0.300084 -0.258193 10 89 94
-0.601979 0.147293 -0.111598 0.500267 -0.862746 0.073499 191 17 136
0.513252 -0.188137 -0.267218 -0.804191 0.514963 0.296798 24 193 165
-0.378326 -0.080664 -0.468455 -0.601647 0.243963 0.760594 50 158 224
0.564316 0.004501 0.069817 -0.757948 0.246778 0.603834 30 158 204
-0.666989 0.089708 -0.148873 0.850372 -0.212769 -0.481244 235 100 66
-0.495799 -0.171090 -0.820291 -0.164808 0.681498 0.713021 106 214 218
-0.473083 0.045588 -0.741141 0.968332 -0.242096 -0.061020 250 96 119
-0.673608 0.109496 -0.502488 0.116527 -0.280244 0.952830 142 91 248
0.854754 0.070966 0.077882 -0.549843 -0.179437 0.815767 57 104 231
-0.357761 0.046640 -0.062471 0.558607 -0.101536 0.823194 198 114 232
0.363938 -0.070865 0.389767 0.166742 -0.075904 0.983075 148 117 252
0.689043 -0.216725 -0.099043 -0.107286 0.991908 0.067887 113 253 136
-0.613421 -0.085702 -0.406103 0.559362 0.800391 -0.215614 198 229 100
-0.313940 0.054596 -0.699864 -0.892899 -0.425989 -0.145822 13 73 108
0.145089 0.333503 -0.623275 -0.362481 -0.758586 0.541437 81 30 196
0.556122 0.114708 0.818045 0.159198 -0.786142 -0.597190 147 27 51
-0.374250 -0.143642 -0.164382 0.646339 0.755935 -0.103962 209 223 114
0.393134 0.072981 -0.285119 0.917750 -0.371242 -0.141120 244 80 109
0.441009 -0.148086 -0.195289 0.447684 0.454861 -0.769857 184 185 29
-0.482236 0.143096 -0.406995 0.253163 -0.883897 -0.393236 159 14 77
-0.503403 -0.039596 -0.767158 -0.561026 0.232753 0.794403 55 157 228
0.090031 -0.029068 0.722764 -0.609263 -0.225387 -0.760263 49 98 30
0.047610 0.165651 0.527560 0.016328 -0.939797 0.341344 129 7 171
-0.595895 -0.056841 -0.766444 -0.366634 0.185209 0.911744 80 151 243
-0.444716 0.100160 -0.864509 0.310065 -0.382064 0.870567 167 78 238
0.200785 0.077676 -0.149024 0.244744 -0.619479 0.745886 158 48 222
-0.753627 -0.168306 -0.486101 0.329672 0.460649 -0.824087 169 186 22
0.614760 0.155125 0.795989 -0.846186 -0.396537 -0.355990 19 76 82
0.592529 -0.099779 0.796759 -0.146797 0.167606 -0.974864 108 148 3
0.187106 0.159102 0.619909 -0.590954 -0.799194 0.109826 52 25 141
0.623725 -0.209775 0.214764 0.412446 0.605035 0.681044 180 204 214
0.751368 0.023703 0.709082 -0.393370 -0.182350 -0.901115 77 104 12
0.885675 -0.228901 0.698186 -0.435838 0.802191 -0.408086 71 229 75
-0.675803 -0.053068 -0.586249 0.999079 0.021883 -0.036921 254 130 122
-0.213476 -0.107905 -0.867856 0.220855 0.300650 0.927811 155 165 245
0.416908 0.082688 0.280296 -0.954850 -0.266099 0.132105 5 93 144
-0.592086 -0.196926 -0.693906 0.719181 0.486384 -0.496195 219 189 64
0.160266 -0.339500 -0.676274 -0.455178 0.888747 0.054243 69 240 134
-0.051095 -0.168126 -0.779425 -0.315593 0.618943 0.719243 87 206 219
-0.055776 0.142738 0.653840 0.502952 -0.176770 -0.846045 191 104 19
0.729269 -0.145095 -0.002011 -0.368827 0.576908 0.728796 80 201 220
-0.018972 -0.263878 0.543079 0.507892 0.849265 -0.144205 192 235 109
-0.701740 0.058635 -0.520712 0.220316 0.020521 -0.975213 155 130 3
0.133575 -0.168031 0.732417 0.633260 0.590628 -0.500140 208 202 63
0.243418 -0.147882 -0.596096 -0.235744 0.762134 0.602973 97 224 204
0.134192 -0.143472 -0.546158 0.367919 0.447166 -0.815278 174 184 23
-0.329635 0.160750 -0.798181 -0.331810 -0.941518 0.058704 85 7 134
0.287814 0.381115 0.590704 -0.146189 -0.977540 -0.151806 108 2 108
-0.439636 0.000258 -0.038412 0.562458 0.056647 -0.824883 199 134 22
0.397644 -0.007385 -0.589789 -0.695299 0.006114 0.718695 38 128 219
-0.012294 0.082387 0.405004 0.250275 -0.622304 -0.741687 159 48 32
0.389987 0.035247 0.508843 -0.106519 -0.291919 -0.950493 113 90 6
-0.487843 -0.036557 -0.141262 -0.289875 -0.374578 0.880718 90 79 239
0.190416 -0.399841 -0.387553 -0.543830 0.811099 0.215330 58 230 154
0.667371 0.026945 0.807423 -0.615515 -0.635657 0.465920 49 46 186
0.080667 -0.040328 0.251321 0.120089 0.041990 0.991875 142 132 253
-0.521170 0.247694 -0.587924 0.094073 -0.963181 -0.251859 139 4 95
0.448766 -0.277410 0.584142 -0.014375 0.963320 -0.267972 125 250 93
0.651952 0.277571 -0.172623 0.116562 -0.961877 -0.247399 142 4 95
-0.449591 -0.186513 -0.713993 -0.536423 0.763112 0.360430 59 224 173
-0.294784 0.089213 -0.592167 0.701233 -0.467675 -0.538101 216 67 58
0.437353 0.254000 0.445579 -0.103561 -0.610234 0.785423 114 49 227
0.580783 0.243036 -0.275714 -0.746915 -0.640597 0.178195 32 45 150
0.596767 -0.145775 -0.119356 0.175804 0.785619 -0.593208 149 227 51
-0.054883 -0.259103 0.263753 -0.131417 0.922783 0.362216 110 245 173
0.300836 0.105432 -0.225394 0.681059 -0.558974 -0.472977 214 56 67
-0.621273 -0.023288 -0.520838 -0.982489 0.167298 0.082021 2 148 137
0.818813 -0.185037 0.368474 -0.350466 0.366636 0.861831 82 174 237
0.077896 0.083037 0.588861 -0.147492 -0.616896 0.773101 108 48 226
-0.099866 0.160472 0.159253 -0.410642 -0.464736 0.784470 75 68 227
-0.348191 -0.099831 -0.446793 0.777536 0.304479 -0.550210 226 166 57
0.199497 0.131000 -0.575529 -0.566590 -0.192677 -0.801156 55 102 25
0.630352 -0.025761 0.771573 -0.956244 0.158436 0.245959 5 147 158
-0.460876 -0.012492 -0.325273 -0.261786 0.069067 0.962652 94 136 250
-0.545416 -0.115002 -0.230087 0.453172 0.396305 -0.798484 185 178 25
-0.072121 -0.345153 -0.681105 0.222057 0.972921 -0.064155 155 251 119
0.366145 -0.051337 0.741636 -0.427276 0.819310 -0.382318 73 231 78
0.221286 -0.093648 -0.597068 0.731821 0.362147 0.577311 220 173 201
0.650978 -0.006598 -0.079588 -0.980140 0.170505 0.101260 2 149 140
0.147054 -0.267793 -0.636755 -0.158263 0.965155 0.208397 107 250 154
0.610619 0.040067 -0.070953 0.915810 -0.394026 0.077683 244 77 137
0.550218 0.285748 -0.196142 0.170655 -0.892072 -0.418432 149 13 74
0.849665 0.193160 0.730924 -0.073030 -0.646705 -0.759236 118 45 30
-0.660121 0.029043 -0.678377 0.986160 -0.163998 -0.024335 253 106 124
-0.493427 0.263646 -0.187583 -0.122529 -0.668344 -0.733691 111 42 33
0.560504 -0.148021 -0.358660 -0.395938 0.349464 0.849181 77 172 235
-0.424818 -0.058267 -0.791452 0.956433 0.164912 0.240916 249 148 158
-0.275828 0.038446 -0.831977 0.203949 0.523360 0.827345 153 194 232
0.007848 -0.031514 0.581758 0.995468 -0.010337 0.094532 254 126 139
-0.324987 0.274525 0.126143 0.715606 -0.628164 -0.305481 218 47 88
-0.598996 -0.000929 -0.672149 0.856254 -0.203999 -0.474566 236 101 66
0.798346 0.007138 0.019021 -0.461270 -0.006864 0.887233 68 126 240
0.965074 -0.020502 0.247835 -0.969283 0.059326 0.238685 3 135 157
0.770559 -0.020665 0.111807 0.292742 -0.084098 -0.952486 164 116 6
-0.009356 0.200330 0.554536 0.651086 -0.415066 -0.635459 210 74 46
0.424640 -0.208632 -0.321253 0.645743 0.713996 0.270601 209 218 162
0.582172 0.260410 0.145036 -0.358137 -0.760134 0.542157 81 30 196
0.112186 -0.167645 0.634214 0.579508 0.694176 0.426954 201 216 181
0.776448 -0.022535 0.787231 -0.917476 0.282647 -0.279907 10 163 91
0.623726 0.084487 -0.104628 -0.692753 -0.721119 -0.008911 39 35 126
0.465253 0.046499 0.710092 -0.906130 -0.068004 0.417496 11 118 180
0.480487 0.104103 0.832148 0.341902 -0.562532 -0.752769 171 55 31
0.595319 -0.140599 -0.123530 0.117783 0.578718 0.806978 142 201 230
0.877667 -0.283973 0.156844 -0.716750 0.642146 0.271877 36 209 162
0.001408 0.244692 0.616454 0.677485 -0.735007 0.027929 213 33 131
-0.511294 -0.109627 -0.832937 -0.531665 0.328181 0.780788 59 169 227
0.441370 0.037629 0.785155 0.296889 0.129165 0.946136 165 143 248
-0.725106 -0.014567 -0.564116 0.963204 -0.135467 -0.232137 250 110 97
-0.288407 -0.057919 -0.766111 -0.818624 -0.000948 0.574329 23 127 200
0.737279 -0.152822 0.155191 -0.299103 0.931289 0.207940 89 246 154
0.208267 -0.105630 0.682405 0.249281 0.305085 -0.919120 159 166 10
-0.458518 -0.105965 -0.398817 0.610350 0.745887 0.266695 205 222 161
0.129477 -0.030076 0.636417 0.827082 0.152265 0.541065 232 146 196
0.402267 -0.012351 0.712121 0.331457 0.544299 0.770633 169 196 225
0.857493 0.077977 0.266348 -0.916677 -0.390041 -0.087016 10 77 116
-0.606929 0.080197 -0.732020 0.716882 -0.209956 0.664830 218 100 212
0.722362 -0.069029 0.558032 -0.676781 0.536189 0.504449 41 195 191
0.746401 0.033840 0.330754 -0.553941 -0.164533 0.816136 56 106 231
0.464824 -0.132120 -0.408668 -0.727850 0.278916 0.626451 34 163 207
0.123026 -0.256897 -0.755778 -0.537457 0.453763 0.710801 58 185 218
-0.333411 -0.002148 0.088606 0.960255 -0.222223 0.168901 249 99 149
0.089467 0.106767 0.671568 0.553149 -0.280893 -0.784299 198 91 27
0.475662 0.007610 -0.419955 -0.272312 0.230671 0.934150 92 156 246
0.550644 0.040167 -0.023874 0.741527 -0.310196 -0.594908 222 87 51
-0.188767 -0.235946 0.258516 -0.342756 0.867543 0.360399 83 238 173
0.815044 -0.149184 0.031145 -0.929805 0.367586 0.018525 8 174 129
-0.115275 -0.061675 0.281280 -0.511481 0.134287 -0.848737 62 144 19
0.732328 0.090936 0.093450 0.175375 -0.477482 -0.860962 149 66 17
-0.610285 0.015895 -0.824373 -0.572885 -0.193125 0.796559 54 102 229
0.777557 -0.220449 0.414744 -0.521193 0.806292 0.279733 61 230 163
0.093344 -0.016365 -0.447244 0.890339 0.126573 -0.437352 241 143 71
0.733528 -0.222110 0.027281 0.041430 0.729218 0.683026 132 220 214
0.574468 0.024265 -0.159002 -0.964765 -0.216400 -0.149661 4 99 108
-0.119200 0.094674 0.260118 0.161215 -0.940426 0.299346 148 7 165
-0.167960 -0.127752 -0.040666 -0.790700 0.602354 0.109373 26 204 141
0.595982 -0.230733 0.072373 0.299414 0.535292 -0.789819 165 195 26
0.083753 -0.070284 -0.702491 0.686733 0.615792 0.386262 215 206 176
0.872365 0.179210 0.327506 -0.755751 -0.527436 0.388138 31 60 176
-0.101450 -0.126560 -0.646868 -0.822044 0.442924 -0.357858 22 183 81
-0.165987 0.047546 -0.513538 -0.914751 -0.098974 0.391706 10 114 177
0.202165 0.112512 0.624628 0.879995 -0.460666 -0.115737 239 68 112
-0.008231 0.199571 -0.784739 -0.417737 -0.901804 0.110660 74 12 141
0.649091 -0.220402 0.248602 -0.482890 0.873528 -0.061372 65 238 119
-0.296817 -0.208723 -0.655818 -0.371533 0.774739 0.511608 80 226 192
-0.575940 0.034718 -0.095843 0.856760 -0.087577 -0.508224 236 116 62
0.790318 0.025827 -0.016696 -0.968883 -0.225373 -0.102340 3 98 114
-0.657159 -0.206086 -0.319164 0.353037 0.886420 0.299373 172 240 165
0.652608 -0.042733 0.910233 -0.429769 -0.004568 -0.902927 72 126 12
0.874516 -0.041762 0.535341 -0.947290 0.221043 -0.231908 6 155 97
0.747340 0.173187 0.356439 -0.587170 -0.805350 -0.081497 52 24 117
-0.198278 -0.158581 -0.798668 0.390346 0.834142 0.389663 177 233 177
0.662796 0.141619 0.680088 -0.748584 -0.475878 0.461695 32 66 186
-0.013532 0.008510 0.132837 -0.906157 -0.226204 0.357367 11 98 173
-0.005799 -0.079712 -0.430236 0.632056 0.119489 -0.765655 208 142 29
-0.549875 -0.293122 -0.219112 0.249044 0.907946 -0.337063 159 243 84
-0.476122 0.032809 -0.659118 -0.790297 0.202460 0.578309 26 153 201
0.825862 0.000552 0.236159 -0.650130 0.099769 0.753245 44 140 223
-0.006767 -0.071177 0.462116 0.069732 0.543075 0.836784 136 196 234
0.470683 -0.045385 0.317159 -0.956285 0.047599 0.288538 5 133 164
0.335305 0.036272 0.673639 -0.896613 0.210100 0.389799 13 154 177
0.345165 0.042488 -0.645938 -0.460444 -0.150969 0.874757 68 108 239
0.385307 -0.191232 0.655500 -0.695083 0.631626 0.343377 38 208 171
0.503921 -0.259437 -0.137832 -0.010864 0.678823 0.734221 126 214 221
0.252615 0.059428 0.680077 0.727179 -0.065676 -0.683298 220 119 40
0.655080 -0.082734 -0.317858 -0.959735 0.179767 0.215854 5 150 155
-0.403928 0.129161 0.020436 -0.243418 -0.318150 -0.916258 96 86 10
0.781754 -0.021918 0.107234 0.567773 -0.128889 0.813032 199 111 231
0.437863 0.140462 0.512712 0.445099 -0.827978 0.341086 184 21 170
0.511576 0.363640 -0.418292 -0.337567 -0.857087 0.389166 84 18 177
0.758887 0.234702 -0.275686 -0.727705 -0.630611 0.269769 34 47 161
0.078792 0.218458 -0.462813 -0.158662 -0.882396 -0.442949 107 14 71
0.098959 0.039636 0.616543 0.821347 -0.017170 0.570171 232 125 200
-0.069852 0.029271 0.715748 0.552345 -0.117487 -0.825295 197 112 22
0.859481 -0.114559 0.113713 -0.656711 0.503608 0.561347 43 191 199
-0.575121 0.030093 -0.685022 0.468607 -0.073984 0.880303 187 118 239
0.197545 -0.157731 -0.083735 0.533799 0.656359 -0.533153 195 211 59
-0.455782 0.127603 -0.348461 0.730247 -0.325992 -0.600391 220 85 50
0.492021 -0.103349 0.002781 0.500880 0.327765 0.801055 191 169 229
-0.115321 -0.167490 0.325013 -0.301434 0.761177 -0.574236 89 224 54
-0.655461 -0.048328 -0.743197 -0.407138 0.651712 0.639930 75 210 209
0.146650 0.260246 0.433388 0.068831 -0.984047 0.164055 136 2 148
-0.384562 -0.214621 0.035293 0.005934 0.691426 -0.722423 128 215 35
-0.125395 -0.159952 -0.772359 0.244114 0.625411 0.741127 158 207 221
-0.360105 0.180581 -0.586598 0.736992 -0.675889 -0.004150 221 41 126
0.166968 -0.050951 0.513030 -0.729517 0.061397 0.681202 34 135 214
-0.386397 -0.146639 0.126011 0.744440 0.481088 -0.462994 222 188 68
0.451087 -0.008233 -0.247903 -0.974264 0.220302 0.047705 3 155 133
0.023167 0.280861 0.721480 0.491439 -0.492992 -0.717946 190 64 35
-0.167878 0.045242 -0.831116 0.324768 0.089827 0.941518 168 138 247
0.718219 -0.091395 -0.102601 -0.529204 0.633691 0.564252 60 208 199
0.444348 -0.059539 0.798459 -0.837539 0.262123 0.479396 20 160 188
-0.133886 0.032529 0.356977 0.939904 0.332575 0.077294 247 169 137
0.581584 -0.216071 0.114333 0.009800 0.793125 0.608980 128 228 205
0.096116 0.157017 0.738878 0.222994 -0.839245 -0.495924 155 20 64
-0.677567 -0.092027 -0.470856 0.810406 0.131682 -0.570879 230 144 54
0.488274 0.294593 0.525398 -0.453258 -0.838682 0.301944 69 20 165
-0.016460 -0.019825 -0.709582 0.630586 0.594673 -0.498724 207 203 63
-0.086657 0.081212 0.235111 0.464847 -0.347184 -0.814482 186 83 23
-0.400491 -0.081132 0.137609 0.867638 0.258051 -0.424988 238 160 73
-0.240906 -0.034906 0.011490 0.151924 -0.020173 0.988186 146 124 253
0.213268 -0.149318 0.263006 -0.014139 0.475970 0.879348 125 188 239
-0.626749 -0.271945 -0.416772 -0.333891 0.911404 -0.240539 84 243 96
-0.176903 -0.064166 0.317623 0.978356 0.206388 -0.014970 252 153 125
-0.319200 -0.097489 -0.591801 -0.115924 0.322058 -0.939596 112 168 7
-0.516866 -0.095733 -0.760512 0.569862 0.480954 0.666288 200 188 212
0.278781 -0.022892 -0.455786 0.418778 -0.498292 -0.759164 180 63 30
-0.347117 0.112367 -0.876582 -0.547263 -0.203219 0.811915 57 101 231
0.270723 -0.110982 0.066922 -0.169451 0.681294 0.712127 105 214 218
0.613330 0.032036 -0.033299 0.750873 -0.631924 0.191995 223 46 151
0.645956 0.176356 0.061433 0.347500 -0.894929 0.279902 171 13 163
-0.077741 -0.208527 0.130154 -0.656996 0.667144 0.351106 43 212 172
0.822011 -0.025241 0.310095 -0.860530 -0.044157 -0.507482 17 121 62
0.633442 0.246606 -0.113392 -0.524904 -0.735961 0.427595 60 33 182
-0.008286 0.155123 -0.726350 0.722985 -0.630120 0.283271 219 47 163
0.122797 -0.071636 0.478219 0.038780 0.286281 -0.957361 132 164 5
0.337214 -0.015801 0.435136 0.479182 -0.163645 -0.862325 188 106 17
0.570228 0.032481 0.133952 0.853902 0.090131 0.512571 236 138 192
0.487471 -0.017973 -0.393629 0.166347 -0.042403 0.985155 148 122 253
0.535781 0.011103 -0.142248 0.405960 -0.230115 -0.884445 179 98 14
0.549765 0.210665 -0.309524 0.779946 -0.625730 -0.012097 226 47 125
0.490284 -0.240416 0.521207 -0.679343 0.477378 0.557318 40 188 198
0.217784 -0.233787 -0.726292 -0.408036 0.582741 0.702794 75 201 217
-0.816269 -0.204520 -0.502531 0.913194 0.357010 0.196521 243 173 152
0.776917 0.005925 0.411946 0.542020 0.175510 0.821833 196 149 232
-0.282871 -0.085305 0.200311 0.856757 0.180865 -0.482966 236 150 65
-0.347552 -0.185445 -0.787250 0.519482 0.695447 -0.496479 193 216 64
0.417357 0.031976 -0.469494 0.243523 0.198352 0.949396 158 152 248
-0.439094 0.141196 -0.340889 -0.503904 -0.322436 0.801321 63 86 229
0.383444 0.135338 0.648807 -0.848095 -0.309738 0.429879 19 88 182
0.843897 0.047527 0.100274 -0.989008 -0.110694 0.098036 1 113 139
-0.441377 -0.133357 -0.090924 -0.327432 0.546386 -0.770877 85 197 29
0.183587 0.197765 0.623605 -0.532061 -0.829037 -0.172072 59 21 105
-0.602885 -0.053929 -0.221372 0.774556 0.527456 0.349076 226 194 172
0.142441 0.198894 0.647794 0.647087 -0.744423 -0.164660 210 32 106
-0.565142 0.220799 -0.211271 -0.493125 -0.828220 -0.266231 64 21 93
0.593646 0.006375 0.760539 -0.800292 -0.024554 -0.599108 25 124 51
0.572070 0.300097 -0.332635 -0.750533 -0.647987 0.129664 31 44 144
0.699819 -0.247162 0.712109 -0.388321 0.909954 0.145572 77 243 146
0.733770 -0.013402 0.033149 -0.659252 0.169735 0.732514 43 149 220
0.447493 -0.227970 0.027901 0.681853 0.728047 -0.070873 214 220 118
0.809384 0.085783 0.434777 -0.395318 -0.379691 -0.836396 77 79 20
0.772911 -0.162302 0.091269 -0.797958 0.555129 0.234723 25 198 157
-0.282679 -0.212143 0.040019 -0.449228 0.728625 0.517010 70 220 193
-0.411443 -0.081901 -0.160870 -0.267053 0.791648 0.549523 93 228 197
-0.020492 0.190932 0.369714 0.183342 -0.800457 0.570662 150 25 200
0.585489 -0.062985 -0.071690 0.806327 0.395029 -0.440215 230 177 71
0.697785 -0.077143 0.640601 -0.861955 0.414446 -0.292007 17 180 90
0.459697 -0.151915 0.785698 -0.015355 0.760106 -0.649617 125 224 44
0.554341 -0.122903 -0.103472 -0.554567 0.656288 -0.511607 56 211 62
-0.612144 0.189094 -0.636049 -0.355580 -0.934494 0.016876 82 8 129
0.543274 -0.192062 0.869888 0.456004 0.555342 -0.695454 185 198 38
0.349997 0.090489 -0.409170 -0.238564 -0.967375 0.085276 97 4 138
-0.259140 -0.079110 -0.007841 -0.905577 0.413584 -0.094223 12 180 115
0.594798 -0.186216 0.712662 0.286517 0.907854 0.306119 164 243 166
-0.516914 0.067279 -0.908190 -0.014636 -0.147942 0.988888 125 108 253
-0.497349 0.169589 -0.407352 -0.927391 -0.370927 0.048584 9 80 133
-0.732892 -0.270455 -0.323334 0.861173 0.474281 -0.182864 237 187 104
-0.226085 -0.271815 -0.677174 -0.254671 0.920670 0.295821 95 244 165
0.691516 -0.191670 0.009974 0.324991 0.943637 -0.062689 168 247 119
0.592219 -0.019884 -0.274088 0.739606 -0.544353 -0.395806 221 58 77
-0.417125 0.279202 -0.572531 0.188668 -0.968211 -0.164232 151 4 106
-0.660355 -0.000199 -0.282265 0.697441 0.481309 -0.530958 216 188 59
0.059005 0.188012 0.305953 -0.488435 -0.569152 0.661436 65 54 211
-0.280669 -0.314197 0.105161 -0.084235 0.985577 0.146774 116 253 146
-0.034777 0.147497 0.477698 0.628746 -0.646142 0.432642 207 45 182
-0.249646 -0.272382 0.495269 0.681268 0.402924 -0.611168 214 178 49
0.263607 -0.002251 -0.490131 -0.496345 -0.025344 -0.867756 64 124 16
0.224643 -0.152454 -0.603596 -0.798437 0.596306 0.083171 25 203 138
0.274766 0.103677 0.583574 -0.218355 -0.723208 0.655204 99 35 211
0.085977 0.100352 -0.692757 -0.420575 -0.671532 -0.610051 73 41 49
-0.251542 -0.193936 -0.779358 -0.788275 0.610982 -0.072967 26 205 118
0.105896 -0.257741 -0.634467 -0.157946 0.926560 -0.341378 107 245 83
-0.049705 0.175771 -0.804743 -0.140139 -0.854994 0.499346 109 18 191
-0.474907 0.119830 -0.852350 0.097198 -0.558721 0.823640 139 56 232
0.692788 0.055941 0.732595 -0.219238 -0.472314 -0.853730 99 67 18
-0.748856 -0.076375 -0.658712 0.595464 0.712568 0.371039 203 218 174
0.126196 0.222963 -0.133079 0.684232 -0.670638 -0.286480 214 41 90
0.403416 0.133462 0.463819 0.599925 -0.706358 -0.375699 203 37 79
-0.431585 0.093448 -0.863878 0.022954 -0.260647 0.965161 130 94 250
0.182412 -0.090525 -0.603787 -0.947365 0.282418 0.150797 6 163 146
0.713673 0.157447 0.019192 -0.022887 -0.940547 0.338893 124 7 170
-0.765546 0.068533 -0.478777 0.971476 -0.236193 -0.021126 251 97 124
-0.150984 0.066783 -0.813287 0.539307 -0.248772 0.804525 196 95 230
0.502849 -0.143256 -0.001542 -0.114173 0.958344 -0.261805 112 249 94
-0.264151 -0.099423 0.100904 0.738636 0.672995 -0.038654 221 213 122
0.114475 -0.232400 -0.912593 -0.199975 0.508334 0.837619 102 192 234
0.709736 -0.013983 0.648421 -0.917526 -0.257628 -0.302942 10 94 88
-0.166116 0.198055 0.141372 -0.402527 -0.652240 -0.642305 76 44 45
-0.292828 -0.067027 -0.727125 0.917714 0.239884 -0.316634 244 158 87
0.583270 0.125619 0.797514 0.637623 -0.493568 -0.591462 208 64 52
0.085286 0.119340 -0.800767 -0.861594 -0.504012 -0.060225 17 63 119
-0.586796 -0.021762 -0.421039 0.721540 0.237356 -0.650417 219 157 44
0.699295 0.148576 -0.029686 -0.567343 -0.565541 0.598569 55 55 203
-0.169845 0.029433 -0.784888 -0.899474 -0.181331 0.397574 12 104 178
-0.249258 0.024386 0.420181 0.762851 -0.033815 -0.645690 224 123 45
0.140030 0.054826 0.722550 0.019427 -0.179331 -0.983597 129 104 2
-0.807215 -0.077403 -0.605290 0.738565 0.659480 0.140029 221 211 145
-0.124477 0.202178 -0.655006 0.295466 -0.731818 0.614119 165 34 205
0.065802 0.104074 0.611894 0.747377 -0.654552 0.113968 222 44 142
0.067633 0.248364 0.030566 -0.402950 -0.839872 0.363656 76 20 173
0.599539 0.005161 -0.061684 0.092372 -0.366822 -0.925694 139 80 9
0.091370 0.080025 0.579733 -0.232558 -0.831804 -0.504003 97 21 63
0.168317 -0.113130 0.200294 0.706844 0.705793 0.047203 217 217 133
0.555538 -0.250569 -0.188921 -0.347426 0.858743 0.376637 83 236 175
-0.080261 -0.177373 0.594043 0.816737 0.464674 -0.342081 231 186 83
0.606483 0.035440 -0.126410 -0.285731 -0.613548 -0.736150 91 49 33
0.603248 -0.039940 0.060117 0.558429 0.175751 -0.810721 198 149 24
0.516898 -0.110776 0.365260 0.601522 0.510614 -0.614366 204 192 49
0.004963 0.124562 0.228757 0.533392 -0.741271 0.407444 195 32 179
-0.663818 -0.131394 -0.739009 0.920100 0.372567 -0.120867 244 175 112
0.861140 -0.021585 -0.060650 -0.892813 0.078385 0.443555 13 137 184
0.712868 -0.227132 0.627104 -0.794750 0.543299 0.270551 26 196 161
-0.233361 0.001808 -0.804305 -0.203497 0.168062 0.964543 101 148 250
0.748391 -0.253166 0.677004 -0.729677 0.677655 -0.091401 34 213 115
0.815779 0.043653 0.528023 -0.966663 -0.243095 -0.080415 4 96 117
0.785877 0.205005 0.592097 0.085289 -0.978381 -0.188404 138 2 103
-0.052078 -0.015747 0.528420 0.263621 -0.410282 -0.873025 161 75 16
0.028619 -0.211772 -0.167922 0.010537 0.996765 0.079681 128 254 137
-0.217254 -0.056611 0.268754 -0.286182 0.316362 -0.904442 91 167 12
0.628199 0.037900 -0.104302 -0.940089 -0.137383 0.312022 7 109 167
0.655344 0.221417 0.357156 0.534669 -0.409273 -0.739341 195 75 33
0.445357 0.087447 -0.069084 0.282093 -0.930112 0.235192 163 8 157
-0.153063 0.076043 0.231202 0.754544 -0.207785 -0.622485 223 101 48
-0.406359 0.211889 -0.778301 -0.339681 -0.899425 0.275047 84 12 162
-0.200387 -0.162898 0.329158 0.689037 0.453813 -0.565051 215 185 55
0.551165 -0.007052 -0.240895 -0.505500 0.368129 0.780353 63 174 226
0.838210 0.149595 0.516367 -0.955063 -0.279434 0.098851 5 91 140
0.466504 -0.027843 -0.006315 -0.971247 0.185803 0.148854 3 151 146
0.666704 -0.091610 0.405688 -0.384034 0.235498 0.892781 78 157 241
0.310479 -0.228676 0.446628 0.614706 0.689734 -0.382626 205 215 78
-0.396579 0.009922 -0.701802 -0.874256 -0.056190 0.482203 16 120 188
-0.034035 -0.069388 0.211257 0.852827 0.199522 -0.482574 236 152 65
0.542427 -0.043190 0.672064 0.394074 0.134590 -0.909171 177 144 11
-0.102220 0.129309 0.212593 -0.252719 -0.685896 -0.682408 95 40 40
-0.692727 -0.007244 -0.544081 0.879673 -0.096955 -0.465591 239 115 68
-0.554574 -0.298613 -0.563662 -0.022364 0.962658 0.269794 124 250 161
-0.237662 -0.036439 0.234034 0.213589 0.131352 -0.968053 154 144 4
-0.476776 -0.105275 -0.132619 -0.253828 0.472110 0.844206 95 187 235
-0.205692 0.151157 0.205872 0.737054 -0.671553 -0.075956 221 41 117
-0.189637 0.170271 0.368068 0.315307 -0.539006 -0.781060 167 58 27
-0.743788 0.028651 -0.369209 0.118873 -0.059087 -0.991150 142 119 1
0.569645 -0.097142 0.199868 0.587532 0.206743 -0.782345 202 153 27
0.052666 -0.307098 0.584812 0.111535 0.851062 -0.513083 141 236 62
-0.137277 -0.210951 -0.270665 0.178311 0.976316 -0.122527 150 251 111
0.765600 0.033830 0.203089 0.017321 -0.310004 -0.950577 129 87 6
-0.401952 0.077377 -0.823089 -0.786633 -0.295363 0.542189 27 89 196
-0.256751 0.168886 -0.605219 0.138066 -0.959652 -0.244960 145 5 96
0.451815 0.139591 0.106069 0.006574 -0.929071 0.369843 128 9 174
0.700101 0.068771 0.040945 -0.675667 -0.374482 -0.635009 41 79 46
0.221362 0.005455 -0.541978 0.920950 0.308365 0.238249 244 166 157
-0.565553 0.199837 -0.511618 0.109848 -0.730775 0.673722 141 34 213
0.519761 0.182714 0.116665 -0.378458 -0.265514 0.886720 79 93 240
0.093759 -0.121221 -0.321538 -0.604953 0.145869 0.782786 50 146 227
0.423276 -0.206101 -0.575569 -0.808067 0.585651 0.063566 24 202 135
0.035227 0.238541 -0.615477 0.665069 -0.745779 0.038698 212 32 132
0.718811 0.105829 0.861149 -0.676100 -0.575749 0.459785 41 54 186
-0.564599 -0.075952 -0.821500 -0.042710 0.318462 0.946973 122 168 248
0.576096 -0.205358 -0.135404 -0.664866 0.710430 0.230743 42 218 156
-0.399757 0.144748 -0.729433 0.620705 -0.751384 -0.223936 206 31 98
0.110218 0.018419 0.641273 -0.971110 -0.214896 -0.103756 3 100 114
0.032030 -0.159515 0.730951 0.453563 0.381242 -0.805565 185 176 24
-0.140997 -0.030962 -0.232499 -0.234358 0.527129 0.816830 97 194 231
0.588718 0.040955 0.342158 -0.742191 -0.143275 0.654694 32 109 210
-0.052011 0.173495 0.756869 0.547871 -0.318555 -0.773538 197 86 28
-0.771311 -0.146878 -0.491369 0.759844 0.535464 -0.368666 224 195 80
0.653614 -0.058132 0.224787 0.756585 0.305190 -0.578306 223 166 53
0.882640 0.192841 0.776827 -0.716967 -0.687953 0.112601 36 39 141
0.549242 0.151686 -0.331146 -0.240327 -0.305450 0.921381 96 88 244
-0.229690 -0.185765 0.415903 0.853525 0.436541 -0.284477 236 183 91
-0.135105 0.203511 0.314332 -0.666932 -0.729179 -0.153297 42 34 107
0.057112 0.125918 0.641489 -0.041628 -0.913594 0.404491 122 11 179
-0.198357 -0.061776 -0.654291 -0.933745 -0.047949 -0.354713 8 121 82
0.140956 -0.048062 0.717268 0.265332 0.159753 -0.950830 161 147 6
-0.817366 -0.192554 -0.616340 0.642520 0.457470 -0.614727 209 185 49
0.149582 -0.120787 -0.296233 -0.707828 0.684623 0.173987 37 214 149
0.880550 -0.091479 0.581436 -0.837130 0.265321 -0.478349 20 161 66
0.646407 0.193021 0.910312 -0.044105 -0.554270 -0.831167 121 56 21
0.165773 0.021382 0.559720 0.920787 -0.109183 0.374474 244 113 175
-0.568577 0.045164 -0.108467 0.437359 -0.141511 -0.888083 183 109 14
0.763552 -0.314835 0.065445 -0.361485 0.808274 0.464781 81 230 186
0.170987 0.342380 0.694288 0.212132 -0.873542 -0.438091 154 16 71
0.708765 -0.125477 0.738120 -0.764467 0.613573 0.197783 30 205 152
-0.078914 0.063478 0.467281 0.934405 -0.266224 -0.236669 246 93 97
-0.186724 -0.014767 0.274726 0.312294 0.274785 -0.909377 167 162 11
-0.474982 0.152730 0.016864 -0.583539 -0.593470 -0.554325 53 51 56
0.448955 0.169304 0.480729 -0.553720 -0.684147 -0.474697 56 40 66
-0.251904 0.073008 -0.458870 -0.698818 -0.254558 0.668471 38 95 212
-0.259296 -0.041102 0.175187 0.453285 0.533728 -0.713910 185 195 36
-0.143505 0.014922 0.707706 0.754611 0.046286 -0.654537 223 133 44
-0.556419 0.002710 -0.888687 0.609923 -0.073942 0.789004 205 118 228
-0.468697 -0.022960 -0.382533 -0.587210 -0.164047 0.792637 52 106 228
-0.165386 0.050918 0.323146 0.259061 -0.002599 -0.965857 160 127 4
-0.020521 0.225490 0.501777 0.487594 -0.803540 -0.341432 189 25 83
-0.463022 0.300661 -0.760298 0.087197 -0.976561 0.196787 138 2 152
0.109573 -0.208945 -0.806787 -0.295817 0.572592 0.764612 89 200 224
0.394592 0.157364 -0.542084 -0.439868 -0.567524 0.696012 71 55 216
0.353174 -0.274069 -0.541046 -0.639845 0.748267 0.175197 45 222 149
0.609356 0.111186 0.790190 0.323041 -0.480693 -0.815217 168 66 23
-0.581431 -0.010844 -0.286004 0.941034 0.206692 -0.267831 247 153 93
0.917179 0.127629 0.237182 -0.741636 -0.652085 -0.157356 32 44 107
-0.620558 -0.010713 -0.186719 0.610139 0.344165 0.713640 205 171 218
-0.265201 0.295832 -0.761891 -0.212312 -0.976914 0.023742 100 2 130
0.531467 -0.129224 0.185231 -0.849694 0.520514 -0.084171 19 193 116
0.236465 -0.103861 -0.123726 -0.845914 0.319854 -0.426758 19 168 73
0.650701 0.053674 0.122263 -0.992685 -0.112077 -0.044886 0 113 121
-0.652350 -0.010265 -0.342664 0.405163 -0.047826 0.912993 179 121 243
0.271017 0.133463 -0.523573 0.414652 -0.361359 -0.835155 180 81 21
0.843922 0.117184 0.038639 -0.747165 -0.266563 0.608842 32 93 205
0.610327 -0.023933 -0.163556 0.283332 0.629185 -0.723774 163 207 35
0.307767 0.033004 0.701253 0.957511 0.277837 0.077322 249 162 137
-0.460587 -0.244200 -0.652228 0.056387 0.943238 -0.327295 134 247 85
0.259268 -0.057167 -0.693744 0.186555 0.144810 0.971714 151 145 251
-0.840578 0.207507 -0.618467 0.589958 -0.643884 -0.487199 202 45 65
-0.487422 -0.251865 -0.053607 0.225638 0.974210 -0.001654 156 251 127
-0.114407 0.166055 -0.710793 -0.753282 -0.581096 0.308049 31 53 166
-0.212540 0.115651 -0.697353 0.117817 -0.419461 0.900095 142 74 242
-0.450323 -0.174079 0.099132 0.755643 0.314072 -0.574772 223 167 54
0.126964 0.017142 0.773328 -0.915016 -0.401832 0.035735 10 76 132
-0.577183 -0.018119 -0.445666 0.543513 -0.324162 0.774282 196 86 226
0.067622 0.169879 -0.484859 0.421875 -0.893882 -0.151645 181 13 108
-0.350016 -0.081115 -0.202247 0.482558 0.529635 -0.697585 189 195 38
0.544489 -0.374688 -0.002548 0.006433 0.998096 0.061346 128 254 135
-0.096822 -0.115954 0.481022 0.947686 0.188891 -0.257317 248 151 94
-0.082518 0.185159 0.540090 0.777939 -0.539093 -0.322784 226 58 86
0.297071 0.236533 -0.512924 0.354272 -0.764764 0.538171 172 29 196
0.183928 0.077096 0.815354 0.332357 -0.345867 -0.877448 169 83 15
-0.429301 -0.016721 -0.208614 -0.770211 -0.628528 0.108292 29 47 141
0.603729 0.014771 -0.079023 0.708349 -0.139160 -0.692009 217 109 39
-0.515085 0.034329 -0.721174 -0.916263 -0.296080 -0.269814 10 89 93
-0.025577 0.022945 0.560291 0.284989 -0.026856 -0.958154 163 124 5
-0.423605 0.023433 0.129018 0.849572 -0.013976 -0.527288 235 125 60
-0.016180 -0.135949 -0.760720 -0.840250 0.498477 0.213309 20 191 154
0.535764 -0.179482 -0.193569 -0.720436 0.684803 0.109622 35 214 141
0.727887 0.373644 0.022422 -0.658192 -0.711395 0.246374 43 36 158
-0.549297 -0.032295 -0.400680 0.723050 0.376157 -0.579400 219 175 53
0.190005 0.101977 0.761057 0.334512 -0.364265 -0.869145 170 81 16
0.768676 -0.072900 0.569181 0.582615 0.162308 -0.796377 201 148 25
0.501747 -0.019437 0.039107 0.868748 -0.192968 0.456114 238 102 185
0.029684 0.138466 0.333494 0.271973 -0.793846 0.543911 162 26 196
-0.154620 -0.011862 0.190738 -0.607871 0.252830 0.752708 49 159 223
0.735958 0.087063 0.918878 -0.704780 -0.492444 -0.510671 37 64 62
0.195651 0.028196 -0.690865 -0.412440 -0.272908 0.869146 74 92 238
0.740636 0.200236 0.669492 -0.717431 -0.631689 0.293703 36 46 164
0.013866 -0.195213 0.054334 0.303348 0.926193 -0.223934 166 245 98
0.631988 -0.131427 0.081864 -0.622926 0.452686 0.637996 48 185 208
0.496181 0.107813 -0.560962 -0.281958 -0.447689 0.848572 91 70 235
-0.395676 0.112845 -0.075624 -0.274253 -0.943268 -0.187166 92 7 103
0.396364 0.117228 0.707975 0.901248 -0.083084 -0.425264 242 116 73
0.467813 -0.191222 0.720372 -0.034636 0.748768 -0.661926 123 222 43
0.836827 0.033816 0.616616 -0.978361 0.072601 0.193749 2 136 152
0.900797 0.046428 0.345031 -0.703750 -0.029084 -0.709852 37 123 36
-0.125172 -0.067425 0.102983 -0.963505 -0.266460 0.025641 4 93 130
-0.091023 0.127726 0.136917 -0.085171 -0.860043 -0.503062 116 17 63
0.283964 0.086540 -0.622123 -0.917840 -0.038304 0.395097 10 122 177
0.498549 0.030714 -0.163875 -0.397401 -0.242398 0.885051 76 96 240
0.251808 0.018648 0.864473 0.773006 -0.077377 -0.629662 226 117 47
0.596772 0.070176 0.302524 0.637016 -0.562219 -0.527371 208 55 60
0.622438 0.031476 0.189927 0.005648 -0.665458 -0.746414 128 42 32
0.364871 0.074788 0.721772 0.786148 -0.424206 0.449468 227 73 184
0.021307 0.079826 -0.638480 0.819013 -0.571534 0.050669 231 54 133
0.416272 0.121809 -0.571395 -0.811249 -0.403955 0.422724 24 75 181
-0.562864 0.197987 -0.693550 0.574431 -0.633796 -0.518008 200 46 61
0.044133 -0.180911 0.549129 0.178881 0.472487 -0.862994 150 187 17
-0.644594 0.274537 -0.610739 0.232232 -0.967368 -0.101324 157 4 114
0.035404 0.010194 -0.765138 -0.798087 -0.212757 0.563731 25 100 199
0.840477 -0.318716 0.269426 -0.622844 0.677051 0.392004 48 213 177
0.235676 -0.194324 0.009810 0.786320 0.610031 -0.097789 227 205 115
-0.677022 0.009510 -0.311964 0.121605 -0.126665 -0.984463 143 111 1
0.153297 -0.159419 0.603217 0.271569 0.579777 -0.768185 162 201 29
-0.411945 -0.224566 -0.115100 -0.315206 0.896696 -0.310776 87 241 87
0.480953 0.280632 -0.230939 0.193500 -0.943967 -0.267366 152 7 93
0.060152 -0.095041 -0.404477 0.547102 0.820178 -0.167295 197 232 106
