ply
format ascii 1.0
element vertex 1258
property float x
property float y
property float z
element face 3774
property list uchar int vertex_indices
end_header
-0.375000 -0.225000 0.300000
-0.375000 -0.225000 0.375000
-0.375000 -0.225000 0.450000
-0.375000 -0.225000 0.525000
-0.375000 -0.150000 0.300000
-0.375000 -0.150000 0.375000
-0.375000 -0.150000 0.450000
-0.375000 -0.150000 0.525000
-0.375000 -0.075000 0.300000
-0.375000 -0.075000 0.375000
-0.375000 -0.075000 0.450000
-0.375000 -0.075000 0.525000
-0.375000 0.000000 0.300000
-0.375000 0.000000 0.375000
-0.375000 0.000000 0.450000
-0.375000 0.000000 0.525000
-0.375000 0.075000 0.300000
-0.375000 0.075000 0.375000
-0.375000 0.075000 0.450000
-0.375000 0.075000 0.525000
-0.375000 0.150000 0.300000
-0.375000 0.150000 0.375000
-0.375000 0.150000 0.450000
-0.375000 0.150000 0.525000
-0.300000 -0.300000 -0.825000
-0.300000 -0.300000 -0.750000
-0.300000 -0.300000 -0.675000
-0.300000 -0.300000 -0.600000
-0.300000 -0.300000 -0.525000
-0.300000 -0.300000 -0.450000
-0.300000 -0.300000 -0.375000
-0.300000 -0.300000 0.375000
-0.300000 -0.300000 0.450000
-0.300000 -0.300000 0.525000
-0.300000 -0.225000 -0.975000
-0.300000 -0.225000 -0.900000
-0.300000 -0.225000 -0.825000
-0.300000 -0.225000 -0.750000
-0.300000 -0.225000 -0.675000
-0.300000 -0.225000 -0.600000
-0.300000 -0.225000 -0.525000
-0.300000 -0.225000 -0.450000
-0.300000 -0.225000 -0.375000
-0.300000 -0.225000 -0.300000
-0.300000 -0.225000 -0.225000
-0.300000 -0.225000 0.300000
-0.300000 -0.225000 0.375000
-0.300000 -0.225000 0.450000
-0.300000 -0.225000 0.525000
-0.300000 -0.225000 0.600000
-0.300000 -0.150000 -0.975000
-0.300000 -0.150000 -0.900000
-0.300000 -0.150000 -0.825000
-0.300000 -0.150000 -0.750000
-0.300000 -0.150000 -0.675000
-0.300000 -0.150000 -0.600000
-0.300000 -0.150000 -0.525000
-0.300000 -0.150000 -0.450000
-0.300000 -0.150000 -0.375000
-0.300000 -0.150000 -0.300000
-0.300000 -0.150000 -0.225000
-0.300000 -0.150000 -0.150000
-0.300000 -0.150000 0.300000
-0.300000 -0.150000 0.375000
-0.300000 -0.150000 0.450000
-0.300000 -0.150000 0.525000
-0.300000 -0.150000 0.600000
-0.300000 -0.150000 0.675000
-0.300000 -0.075000 -0.975000
-0.300000 -0.075000 -0.900000
-0.300000 -0.075000 -0.825000
-0.300000 -0.075000 -0.750000
-0.300000 -0.075000 -0.675000
-0.300000 -0.075000 -0.600000
-0.300000 -0.075000 -0.525000
-0.300000 -0.075000 -0.450000
-0.300000 -0.075000 -0.375000
-0.300000 -0.075000 -0.300000
-0.300000 -0.075000 -0.225000
-0.300000 -0.075000 -0.150000
-0.300000 -0.075000 0.300000
-0.300000 -0.075000 0.375000
-0.300000 -0.075000 0.450000
-0.300000 -0.075000 0.525000
-0.300000 -0.075000 0.600000
-0.300000 -0.075000 0.675000
-0.300000 0.000000 -0.975000
-0.300000 0.000000 -0.900000
-0.300000 0.000000 -0.825000
-0.300000 0.000000 -0.750000
-0.300000 0.000000 -0.675000
-0.300000 0.000000 -0.600000
-0.300000 0.000000 -0.525000
-0.300000 0.000000 -0.450000
-0.300000 0.000000 -0.375000
-0.300000 0.000000 -0.300000
-0.300000 0.000000 -0.225000
-0.300000 0.000000 -0.150000
-0.300000 0.000000 0.300000
-0.300000 0.000000 0.375000
-0.300000 0.000000 0.450000
-0.300000 0.000000 0.525000
-0.300000 0.000000 0.600000
-0.300000 0.000000 0.675000
-0.300000 0.075000 -0.975000
-0.300000 0.075000 -0.900000
-0.300000 0.075000 -0.825000
-0.300000 0.075000 -0.750000
-0.300000 0.075000 -0.675000
-0.300000 0.075000 -0.600000
-0.300000 0.075000 -0.525000
-0.300000 0.075000 -0.450000
-0.300000 0.075000 -0.375000
-0.300000 0.075000 -0.300000
-0.300000 0.075000 -0.225000
-0.300000 0.075000 0.300000
-0.300000 0.075000 0.375000
-0.300000 0.075000 0.450000
-0.300000 0.075000 0.525000
-0.300000 0.075000 0.600000
-0.300000 0.075000 0.675000
-0.300000 0.150000 -0.900000
-0.300000 0.150000 -0.825000
-0.300000 0.150000 -0.750000
-0.300000 0.150000 -0.675000
-0.300000 0.150000 -0.600000
-0.300000 0.150000 -0.525000
-0.300000 0.150000 -0.450000
-0.300000 0.150000 -0.375000
-0.300000 0.150000 -0.300000
-0.300000 0.150000 -0.225000
-0.300000 0.150000 0.300000
-0.300000 0.150000 0.375000
-0.300000 0.150000 0.450000
-0.300000 0.150000 0.525000
-0.300000 0.150000 0.600000
-0.300000 0.225000 -0.825000
-0.300000 0.225000 -0.750000
-0.300000 0.225000 -0.675000
-0.300000 0.225000 -0.600000
-0.300000 0.225000 -0.525000
-0.300000 0.225000 -0.450000
-0.300000 0.225000 -0.375000
-0.225000 -0.300000 -0.975000
-0.225000 -0.300000 -0.900000
-0.225000 -0.300000 -0.825000
-0.225000 -0.300000 -0.750000
-0.225000 -0.300000 -0.675000
-0.225000 -0.300000 -0.600000
-0.225000 -0.300000 -0.525000
-0.225000 -0.300000 -0.450000
-0.225000 -0.300000 -0.375000
-0.225000 -0.300000 -0.300000
-0.225000 -0.300000 -0.225000
-0.225000 -0.300000 -0.150000
-0.225000 -0.300000 -0.075000
-0.225000 -0.300000 0.000000
-0.225000 -0.300000 0.075000
-0.225000 -0.300000 0.375000
-0.225000 -0.300000 0.450000
-0.225000 -0.300000 0.525000
-0.225000 -0.300000 0.600000
-0.225000 -0.225000 -1.050000
-0.225000 -0.225000 -0.975000
-0.225000 -0.225000 -0.900000
-0.225000 -0.225000 -0.825000
-0.225000 -0.225000 -0.750000
-0.225000 -0.225000 -0.675000
-0.225000 -0.225000 -0.600000
-0.225000 -0.225000 -0.525000
-0.225000 -0.225000 -0.450000
-0.225000 -0.225000 -0.375000
-0.225000 -0.225000 -0.300000
-0.225000 -0.225000 -0.225000
-0.225000 -0.225000 -0.150000
-0.225000 -0.225000 -0.075000
-0.225000 -0.225000 0.000000
-0.225000 -0.225000 0.075000
-0.225000 -0.225000 0.150000
-0.225000 -0.225000 0.300000
-0.225000 -0.225000 0.375000
-0.225000 -0.225000 0.450000
-0.225000 -0.225000 0.525000
-0.225000 -0.225000 0.600000
-0.225000 -0.225000 0.675000
-0.225000 -0.150000 -1.050000
-0.225000 -0.150000 -0.975000
-0.225000 -0.150000 -0.900000
-0.225000 -0.150000 -0.825000
-0.225000 -0.150000 -0.750000
-0.225000 -0.150000 -0.675000
-0.225000 -0.150000 -0.600000
-0.225000 -0.150000 -0.525000
-0.225000 -0.150000 -0.450000
-0.225000 -0.150000 -0.375000
-0.225000 -0.150000 -0.300000
-0.225000 -0.150000 -0.225000
-0.225000 -0.150000 -0.150000
-0.225000 -0.150000 -0.075000
-0.225000 -0.150000 0.000000
-0.225000 -0.150000 0.075000
-0.225000 -0.150000 0.150000
-0.225000 -0.150000 0.300000
-0.225000 -0.150000 0.375000
-0.225000 -0.150000 0.450000
-0.225000 -0.150000 0.525000
-0.225000 -0.150000 0.600000
-0.225000 -0.150000 0.675000
-0.225000 -0.075000 -1.050000
-0.225000 -0.075000 -0.975000
-0.225000 -0.075000 -0.900000
-0.225000 -0.075000 -0.825000
-0.225000 -0.075000 -0.750000
-0.225000 -0.075000 -0.675000
-0.225000 -0.075000 -0.600000
-0.225000 -0.075000 -0.525000
-0.225000 -0.075000 -0.450000
-0.225000 -0.075000 -0.375000
-0.225000 -0.075000 -0.300000
-0.225000 -0.075000 -0.225000
-0.225000 -0.075000 -0.150000
-0.225000 -0.075000 -0.075000
-0.225000 -0.075000 0.000000
-0.225000 -0.075000 0.075000
-0.225000 -0.075000 0.150000
-0.225000 -0.075000 0.300000
-0.225000 -0.075000 0.375000
-0.225000 -0.075000 0.450000
-0.225000 -0.075000 0.525000
-0.225000 -0.075000 0.600000
-0.225000 -0.075000 0.675000
-0.225000 0.000000 -1.050000
-0.225000 0.000000 -0.975000
-0.225000 0.000000 -0.900000
-0.225000 0.000000 -0.825000
-0.225000 0.000000 -0.750000
-0.225000 0.000000 -0.675000
-0.225000 0.000000 -0.600000
-0.225000 0.000000 -0.525000
-0.225000 0.000000 -0.450000
-0.225000 0.000000 -0.375000
-0.225000 0.000000 -0.300000
-0.225000 0.000000 -0.225000
-0.225000 0.000000 -0.150000
-0.225000 0.000000 -0.075000
-0.225000 0.000000 0.000000
-0.225000 0.000000 0.075000
-0.225000 0.000000 0.150000
-0.225000 0.000000 0.300000
-0.225000 0.000000 0.375000
-0.225000 0.000000 0.450000
-0.225000 0.000000 0.525000
-0.225000 0.000000 0.600000
-0.225000 0.000000 0.675000
-0.225000 0.075000 -1.050000
-0.225000 0.075000 -0.975000
-0.225000 0.075000 -0.900000
-0.225000 0.075000 -0.825000
-0.225000 0.075000 -0.750000
-0.225000 0.075000 -0.675000
-0.225000 0.075000 -0.600000
-0.225000 0.075000 -0.525000
-0.225000 0.075000 -0.450000
-0.225000 0.075000 -0.375000
-0.225000 0.075000 -0.300000
-0.225000 0.075000 -0.225000
-0.225000 0.075000 -0.150000
-0.225000 0.075000 -0.075000
-0.225000 0.075000 0.000000
-0.225000 0.075000 0.075000
-0.225000 0.075000 0.150000
-0.225000 0.075000 0.300000
-0.225000 0.075000 0.375000
-0.225000 0.075000 0.450000
-0.225000 0.075000 0.525000
-0.225000 0.075000 0.600000
-0.225000 0.075000 0.675000
-0.225000 0.150000 -1.050000
-0.225000 0.150000 -0.975000
-0.225000 0.150000 -0.900000
-0.225000 0.150000 -0.825000
-0.225000 0.150000 -0.750000
-0.225000 0.150000 -0.675000
-0.225000 0.150000 -0.600000
-0.225000 0.150000 -0.525000
-0.225000 0.150000 -0.450000
-0.225000 0.150000 -0.375000
-0.225000 0.150000 -0.300000
-0.225000 0.150000 -0.225000
-0.225000 0.150000 -0.150000
-0.225000 0.150000 -0.075000
-0.225000 0.150000 0.000000
-0.225000 0.150000 0.075000
-0.225000 0.150000 0.150000
-0.225000 0.150000 0.300000
-0.225000 0.150000 0.375000
-0.225000 0.150000 0.450000
-0.225000 0.150000 0.525000
-0.225000 0.150000 0.600000
-0.225000 0.150000 0.675000
-0.225000 0.225000 -0.975000
-0.225000 0.225000 -0.900000
-0.225000 0.225000 -0.825000
-0.225000 0.225000 -0.750000
-0.225000 0.225000 -0.675000
-0.225000 0.225000 -0.600000
-0.225000 0.225000 -0.525000
-0.225000 0.225000 -0.450000
-0.225000 0.225000 -0.375000
-0.225000 0.225000 -0.300000
-0.225000 0.225000 -0.225000
-0.225000 0.225000 -0.150000
-0.225000 0.225000 -0.075000
-0.225000 0.225000 0.000000
-0.225000 0.225000 0.075000
-0.225000 0.225000 0.375000
-0.225000 0.225000 0.450000
-0.225000 0.225000 0.525000
-0.225000 0.225000 0.600000
-0.150000 -0.300000 -1.050000
-0.150000 -0.300000 -0.975000
-0.150000 -0.300000 -0.900000
-0.150000 -0.300000 -0.825000
-0.150000 -0.300000 -0.750000
-0.150000 -0.300000 -0.675000
-0.150000 -0.300000 -0.600000
-0.150000 -0.300000 -0.525000
-0.150000 -0.300000 -0.450000
-0.150000 -0.300000 -0.375000
-0.150000 -0.300000 -0.300000
-0.150000 -0.300000 -0.225000
-0.150000 -0.300000 -0.150000
-0.150000 -0.300000 -0.075000
-0.150000 -0.300000 0.000000
-0.150000 -0.300000 0.075000
-0.150000 -0.300000 0.150000
-0.150000 -0.300000 0.375000
-0.150000 -0.300000 0.450000
-0.150000 -0.300000 0.525000
-0.150000 -0.300000 0.600000
-0.150000 -0.225000 -1.050000
-0.150000 -0.225000 -0.975000
-0.150000 -0.225000 -0.900000
-0.150000 -0.225000 -0.825000
-0.150000 -0.225000 -0.750000
-0.150000 -0.225000 -0.675000
-0.150000 -0.225000 -0.600000
-0.150000 -0.225000 -0.525000
-0.150000 -0.225000 -0.450000
-0.150000 -0.225000 -0.375000
-0.150000 -0.225000 -0.300000
-0.150000 -0.225000 -0.225000
-0.150000 -0.225000 -0.150000
-0.150000 -0.225000 -0.075000
-0.150000 -0.225000 0.000000
-0.150000 -0.225000 0.075000
-0.150000 -0.225000 0.150000
-0.150000 -0.225000 0.225000
-0.150000 -0.225000 0.300000
-0.150000 -0.225000 0.375000
-0.150000 -0.225000 0.450000
-0.150000 -0.225000 0.525000
-0.150000 -0.225000 0.600000
-0.150000 -0.225000 0.675000
-0.150000 -0.150000 -1.125000
-0.150000 -0.150000 -1.050000
-0.150000 -0.150000 -0.975000
-0.150000 -0.150000 -0.900000
-0.150000 -0.150000 -0.750000
-0.150000 -0.150000 -0.675000
-0.150000 -0.150000 -0.600000
-0.150000 -0.150000 -0.450000
-0.150000 -0.150000 -0.375000
-0.150000 -0.150000 -0.300000
-0.150000 -0.150000 -0.225000
-0.150000 -0.150000 -0.150000
-0.150000 -0.150000 -0.075000
-0.150000 -0.150000 0.000000
-0.150000 -0.150000 0.075000
-0.150000 -0.150000 0.150000
-0.150000 -0.150000 0.225000
-0.150000 -0.150000 0.300000
-0.150000 -0.150000 0.375000
-0.150000 -0.150000 0.450000
-0.150000 -0.150000 0.525000
-0.150000 -0.150000 0.600000
-0.150000 -0.150000 0.675000
-0.150000 -0.075000 -1.125000
-0.150000 -0.075000 -1.050000
-0.150000 -0.075000 -0.975000
-0.150000 -0.075000 -0.900000
-0.150000 -0.075000 -0.300000
-0.150000 -0.075000 -0.225000
-0.150000 -0.075000 -0.150000
-0.150000 -0.075000 -0.075000
-0.150000 -0.075000 0.000000
-0.150000 -0.075000 0.075000
-0.150000 -0.075000 0.150000
-0.150000 -0.075000 0.225000
-0.150000 -0.075000 0.300000
-0.150000 -0.075000 0.375000
-0.150000 -0.075000 0.450000
-0.150000 -0.075000 0.525000
-0.150000 -0.075000 0.600000
-0.150000 -0.075000 0.675000
-0.150000 0.000000 -1.125000
-0.150000 0.000000 -1.050000
-0.150000 0.000000 -0.975000
-0.150000 0.000000 -0.900000
-0.150000 0.000000 -0.825000
-0.150000 0.000000 -0.300000
-0.150000 0.000000 -0.225000
-0.150000 0.000000 -0.150000
-0.150000 0.000000 -0.075000
-0.150000 0.000000 0.000000
-0.150000 0.000000 0.075000
-0.150000 0.000000 0.150000
-0.150000 0.000000 0.225000
-0.150000 0.000000 0.300000
-0.150000 0.000000 0.375000
-0.150000 0.000000 0.450000
-0.150000 0.000000 0.525000
-0.150000 0.000000 0.600000
-0.150000 0.000000 0.675000
-0.150000 0.075000 -1.125000
-0.150000 0.075000 -1.050000
-0.150000 0.075000 -0.975000
-0.150000 0.075000 -0.900000
-0.150000 0.075000 -0.825000
-0.150000 0.075000 -0.750000
-0.150000 0.075000 -0.675000
-0.150000 0.075000 -0.600000
-0.150000 0.075000 -0.525000
-0.150000 0.075000 -0.450000
-0.150000 0.075000 -0.375000
-0.150000 0.075000 -0.300000
-0.150000 0.075000 -0.225000
-0.150000 0.075000 -0.150000
-0.150000 0.075000 -0.075000
-0.150000 0.075000 0.000000
-0.150000 0.075000 0.075000
-0.150000 0.075000 0.150000
-0.150000 0.075000 0.225000
-0.150000 0.075000 0.300000
-0.150000 0.075000 0.375000
-0.150000 0.075000 0.450000
-0.150000 0.075000 0.525000
-0.150000 0.075000 0.600000
-0.150000 0.075000 0.675000
-0.150000 0.150000 -1.050000
-0.150000 0.150000 -0.975000
-0.150000 0.150000 -0.900000
-0.150000 0.150000 -0.825000
-0.150000 0.150000 -0.750000
-0.150000 0.150000 -0.675000
-0.150000 0.150000 -0.600000
-0.150000 0.150000 -0.525000
-0.150000 0.150000 -0.450000
-0.150000 0.150000 -0.375000
-0.150000 0.150000 -0.300000
-0.150000 0.150000 -0.225000
-0.150000 0.150000 -0.150000
-0.150000 0.150000 -0.075000
-0.150000 0.150000 0.000000
-0.150000 0.150000 0.075000
-0.150000 0.150000 0.150000
-0.150000 0.150000 0.225000
-0.150000 0.150000 0.300000
-0.150000 0.150000 0.375000
-0.150000 0.150000 0.450000
-0.150000 0.150000 0.525000
-0.150000 0.150000 0.600000
-0.150000 0.150000 0.675000
-0.150000 0.225000 -1.050000
-0.150000 0.225000 -0.975000
-0.150000 0.225000 -0.900000
-0.150000 0.225000 -0.825000
-0.150000 0.225000 -0.750000
-0.150000 0.225000 -0.675000
-0.150000 0.225000 -0.600000
-0.150000 0.225000 -0.525000
-0.150000 0.225000 -0.450000
-0.150000 0.225000 -0.375000
-0.150000 0.225000 -0.300000
-0.150000 0.225000 -0.225000
-0.150000 0.225000 -0.150000
-0.150000 0.225000 -0.075000
-0.150000 0.225000 0.000000
-0.150000 0.225000 0.075000
-0.150000 0.225000 0.150000
-0.150000 0.225000 0.375000
-0.150000 0.225000 0.450000
-0.150000 0.225000 0.525000
-0.150000 0.225000 0.600000
-0.075000 -0.300000 -1.050000
-0.075000 -0.300000 -0.975000
-0.075000 -0.300000 -0.900000
-0.075000 -0.300000 -0.825000
-0.075000 -0.300000 -0.750000
-0.075000 -0.300000 -0.675000
-0.075000 -0.300000 -0.600000
-0.075000 -0.300000 -0.525000
-0.075000 -0.300000 -0.450000
-0.075000 -0.300000 -0.375000
-0.075000 -0.300000 -0.300000
-0.075000 -0.300000 -0.225000
-0.075000 -0.300000 -0.150000
-0.075000 -0.300000 -0.075000
-0.075000 -0.300000 0.000000
-0.075000 -0.300000 0.075000
-0.075000 -0.300000 0.150000
-0.075000 -0.300000 0.225000
-0.075000 -0.300000 0.300000
-0.075000 -0.300000 0.375000
-0.075000 -0.300000 0.450000
-0.075000 -0.300000 0.525000
-0.075000 -0.300000 0.600000
-0.075000 -0.225000 -1.050000
-0.075000 -0.225000 -0.975000
-0.075000 -0.225000 -0.900000
-0.075000 -0.225000 -0.825000
-0.075000 -0.225000 -0.750000
-0.075000 -0.225000 -0.675000
-0.075000 -0.225000 -0.600000
-0.075000 -0.225000 -0.525000
-0.075000 -0.225000 -0.450000
-0.075000 -0.225000 -0.375000
-0.075000 -0.225000 -0.300000
-0.075000 -0.225000 -0.225000
-0.075000 -0.225000 -0.150000
-0.075000 -0.225000 -0.075000
-0.075000 -0.225000 0.000000
-0.075000 -0.225000 0.075000
-0.075000 -0.225000 0.150000
-0.075000 -0.225000 0.225000
-0.075000 -0.225000 0.300000
-0.075000 -0.225000 0.375000
-0.075000 -0.225000 0.450000
-0.075000 -0.225000 0.525000
-0.075000 -0.225000 0.600000
-0.075000 -0.225000 0.675000
-0.075000 -0.150000 -1.125000
-0.075000 -0.150000 -1.050000
-0.075000 -0.150000 -0.975000
-0.075000 -0.150000 -0.900000
-0.075000 -0.150000 -0.825000
-0.075000 -0.150000 -0.750000
-0.075000 -0.150000 -0.675000
-0.075000 -0.150000 -0.600000
-0.075000 -0.150000 -0.525000
-0.075000 -0.150000 -0.450000
-0.075000 -0.150000 -0.375000
-0.075000 -0.150000 -0.300000
-0.075000 -0.150000 0.000000
-0.075000 -0.150000 0.075000
-0.075000 -0.150000 0.150000
-0.075000 -0.150000 0.225000
-0.075000 -0.150000 0.300000
-0.075000 -0.150000 0.375000
-0.075000 -0.150000 0.450000
-0.075000 -0.150000 0.525000
-0.075000 -0.150000 0.600000
-0.075000 -0.150000 0.675000
-0.075000 -0.075000 -1.125000
-0.075000 -0.075000 -1.050000
-0.075000 -0.075000 -0.975000
-0.075000 -0.075000 -0.825000
-0.075000 -0.075000 -0.750000
-0.075000 -0.075000 -0.675000
-0.075000 -0.075000 -0.600000
-0.075000 -0.075000 -0.525000
-0.075000 -0.075000 -0.450000
-0.075000 -0.075000 0.075000
-0.075000 -0.075000 0.150000
-0.075000 -0.075000 0.225000
-0.075000 -0.075000 0.300000
-0.075000 -0.075000 0.375000
-0.075000 -0.075000 0.450000
-0.075000 -0.075000 0.600000
-0.075000 -0.075000 0.675000
-0.075000 0.000000 -1.125000
-0.075000 0.000000 -1.050000
-0.075000 0.000000 -0.975000
-0.075000 0.000000 -0.750000
-0.075000 0.000000 -0.675000
-0.075000 0.000000 -0.600000
-0.075000 0.000000 -0.525000
-0.075000 0.000000 -0.450000
-0.075000 0.000000 0.075000
-0.075000 0.000000 0.150000
-0.075000 0.000000 0.225000
-0.075000 0.000000 0.300000
-0.075000 0.000000 0.375000
-0.075000 0.000000 0.450000
-0.075000 0.000000 0.525000
-0.075000 0.000000 0.600000
-0.075000 0.000000 0.675000
-0.075000 0.075000 -1.125000
-0.075000 0.075000 -1.050000
-0.075000 0.075000 -0.975000
-0.075000 0.075000 -0.900000
-0.075000 0.075000 -0.825000
-0.075000 0.075000 -0.750000
-0.075000 0.075000 -0.675000
-0.075000 0.075000 -0.600000
-0.075000 0.075000 -0.525000
-0.075000 0.075000 -0.450000
-0.075000 0.075000 -0.375000
-0.075000 0.075000 0.000000
-0.075000 0.075000 0.075000
-0.075000 0.075000 0.150000
-0.075000 0.075000 0.225000
-0.075000 0.075000 0.300000
-0.075000 0.075000 0.375000
-0.075000 0.075000 0.450000
-0.075000 0.075000 0.525000
-0.075000 0.075000 0.600000
-0.075000 0.075000 0.675000
-0.075000 0.150000 -1.050000
-0.075000 0.150000 -0.975000
-0.075000 0.150000 -0.900000
-0.075000 0.150000 -0.825000
-0.075000 0.150000 -0.750000
-0.075000 0.150000 -0.675000
-0.075000 0.150000 -0.600000
-0.075000 0.150000 -0.525000
-0.075000 0.150000 -0.450000
-0.075000 0.150000 -0.375000
-0.075000 0.150000 -0.300000
-0.075000 0.150000 -0.225000
-0.075000 0.150000 -0.150000
-0.075000 0.150000 -0.075000
-0.075000 0.150000 0.000000
-0.075000 0.150000 0.075000
-0.075000 0.150000 0.150000
-0.075000 0.150000 0.225000
-0.075000 0.150000 0.300000
-0.075000 0.150000 0.375000
-0.075000 0.150000 0.450000
-0.075000 0.150000 0.525000
-0.075000 0.150000 0.600000
-0.075000 0.150000 0.675000
-0.075000 0.225000 -1.050000
-0.075000 0.225000 -0.975000
-0.075000 0.225000 -0.900000
-0.075000 0.225000 -0.825000
-0.075000 0.225000 -0.750000
-0.075000 0.225000 -0.675000
-0.075000 0.225000 -0.600000
-0.075000 0.225000 -0.525000
-0.075000 0.225000 -0.450000
-0.075000 0.225000 -0.375000
-0.075000 0.225000 -0.300000
-0.075000 0.225000 -0.225000
-0.075000 0.225000 -0.150000
-0.075000 0.225000 -0.075000
-0.075000 0.225000 0.000000
-0.075000 0.225000 0.075000
-0.075000 0.225000 0.150000
-0.075000 0.225000 0.225000
-0.075000 0.225000 0.300000
-0.075000 0.225000 0.375000
-0.075000 0.225000 0.450000
-0.075000 0.225000 0.525000
-0.075000 0.225000 0.600000
0.000000 -0.300000 -1.050000
0.000000 -0.300000 -0.975000
0.000000 -0.300000 -0.900000
0.000000 -0.300000 -0.825000
0.000000 -0.300000 -0.750000
0.000000 -0.300000 -0.675000
0.000000 -0.300000 -0.600000
0.000000 -0.300000 -0.525000
0.000000 -0.300000 -0.450000
0.000000 -0.300000 -0.375000
0.000000 -0.300000 -0.300000
0.000000 -0.300000 -0.225000
0.000000 -0.300000 -0.150000
0.000000 -0.300000 -0.075000
0.000000 -0.300000 0.000000
0.000000 -0.300000 0.075000
0.000000 -0.300000 0.150000
0.000000 -0.300000 0.225000
0.000000 -0.300000 0.300000
0.000000 -0.300000 0.375000
0.000000 -0.300000 0.450000
0.000000 -0.300000 0.525000
0.000000 -0.300000 0.600000
0.000000 -0.225000 -1.050000
0.000000 -0.225000 -0.975000
0.000000 -0.225000 -0.900000
0.000000 -0.225000 -0.825000
0.000000 -0.225000 -0.750000
0.000000 -0.225000 -0.675000
0.000000 -0.225000 -0.600000
0.000000 -0.225000 -0.525000
0.000000 -0.225000 -0.450000
0.000000 -0.225000 -0.375000
0.000000 -0.225000 -0.300000
0.000000 -0.225000 -0.225000
0.000000 -0.225000 -0.150000
0.000000 -0.225000 -0.075000
0.000000 -0.225000 0.000000
0.000000 -0.225000 0.075000
0.000000 -0.225000 0.150000
0.000000 -0.225000 0.225000
0.000000 -0.225000 0.300000
0.000000 -0.225000 0.375000
0.000000 -0.225000 0.450000
0.000000 -0.225000 0.525000
0.000000 -0.225000 0.600000
0.000000 -0.225000 0.675000
0.000000 -0.150000 -1.125000
0.000000 -0.150000 -1.050000
0.000000 -0.150000 -0.975000
0.000000 -0.150000 -0.900000
0.000000 -0.150000 -0.825000
0.000000 -0.150000 -0.750000
0.000000 -0.150000 -0.675000
0.000000 -0.150000 -0.600000
0.000000 -0.150000 -0.525000
0.000000 -0.150000 -0.450000
0.000000 -0.150000 -0.375000
0.000000 -0.150000 -0.300000
0.000000 -0.150000 -0.225000
0.000000 -0.150000 -0.150000
0.000000 -0.150000 -0.075000
0.000000 -0.150000 0.000000
0.000000 -0.150000 0.075000
0.000000 -0.150000 0.150000
0.000000 -0.150000 0.225000
0.000000 -0.150000 0.300000
0.000000 -0.150000 0.375000
0.000000 -0.150000 0.450000
0.000000 -0.150000 0.525000
0.000000 -0.150000 0.600000
0.000000 -0.150000 0.675000
0.000000 -0.075000 -1.125000
0.000000 -0.075000 -1.050000
0.000000 -0.075000 -0.975000
0.000000 -0.075000 -0.900000
0.000000 -0.075000 -0.825000
0.000000 -0.075000 -0.750000
0.000000 -0.075000 -0.675000
0.000000 -0.075000 -0.600000
0.000000 -0.075000 -0.525000
0.000000 -0.075000 -0.450000
0.000000 -0.075000 -0.375000
0.000000 -0.075000 -0.300000
0.000000 -0.075000 -0.225000
0.000000 -0.075000 0.150000
0.000000 -0.075000 0.225000
0.000000 -0.075000 0.300000
0.000000 -0.075000 0.375000
0.000000 -0.075000 0.450000
0.000000 -0.075000 0.600000
0.000000 -0.075000 0.675000
0.000000 0.000000 -1.125000
0.000000 0.000000 -1.050000
0.000000 0.000000 -0.975000
0.000000 0.000000 -0.900000
0.000000 0.000000 -0.825000
0.000000 0.000000 -0.750000
0.000000 0.000000 -0.675000
0.000000 0.000000 -0.600000
0.000000 0.000000 -0.525000
0.000000 0.000000 -0.450000
0.000000 0.000000 -0.375000
0.000000 0.000000 -0.300000
0.000000 0.000000 -0.225000
0.000000 0.000000 0.150000
0.000000 0.000000 0.225000
0.000000 0.000000 0.300000
0.000000 0.000000 0.375000
0.000000 0.000000 0.450000
0.000000 0.000000 0.600000
0.000000 0.000000 0.675000
0.000000 0.075000 -1.125000
0.000000 0.075000 -1.050000
0.000000 0.075000 -0.975000
0.000000 0.075000 -0.900000
0.000000 0.075000 -0.825000
0.000000 0.075000 -0.750000
0.000000 0.075000 -0.675000
0.000000 0.075000 -0.600000
0.000000 0.075000 -0.525000
0.000000 0.075000 -0.450000
0.000000 0.075000 -0.375000
0.000000 0.075000 -0.300000
0.000000 0.075000 -0.225000
0.000000 0.075000 -0.150000
0.000000 0.075000 0.075000
0.000000 0.075000 0.150000
0.000000 0.075000 0.225000
0.000000 0.075000 0.300000
0.000000 0.075000 0.375000
0.000000 0.075000 0.450000
0.000000 0.075000 0.525000
0.000000 0.075000 0.600000
0.000000 0.075000 0.675000
0.000000 0.150000 -1.050000
0.000000 0.150000 -0.975000
0.000000 0.150000 -0.900000
0.000000 0.150000 -0.825000
0.000000 0.150000 -0.750000
0.000000 0.150000 -0.675000
0.000000 0.150000 -0.600000
0.000000 0.150000 -0.525000
0.000000 0.150000 -0.450000
0.000000 0.150000 -0.375000
0.000000 0.150000 -0.300000
0.000000 0.150000 -0.225000
0.000000 0.150000 -0.150000
0.000000 0.150000 -0.075000
0.000000 0.150000 0.000000
0.000000 0.150000 0.075000
0.000000 0.150000 0.150000
0.000000 0.150000 0.225000
0.000000 0.150000 0.300000
0.000000 0.150000 0.375000
0.000000 0.150000 0.450000
0.000000 0.150000 0.525000
0.000000 0.150000 0.600000
0.000000 0.150000 0.675000
0.000000 0.225000 -1.050000
0.000000 0.225000 -0.975000
0.000000 0.225000 -0.900000
0.000000 0.225000 -0.825000
0.000000 0.225000 -0.750000
0.000000 0.225000 -0.675000
0.000000 0.225000 -0.600000
0.000000 0.225000 -0.525000
0.000000 0.225000 -0.450000
0.000000 0.225000 -0.375000
0.000000 0.225000 -0.300000
0.000000 0.225000 -0.225000
0.000000 0.225000 -0.150000
0.000000 0.225000 -0.075000
0.000000 0.225000 0.000000
0.000000 0.225000 0.075000
0.000000 0.225000 0.150000
0.000000 0.225000 0.225000
0.000000 0.225000 0.300000
0.000000 0.225000 0.375000
0.000000 0.225000 0.450000
0.000000 0.225000 0.525000
0.000000 0.225000 0.600000
0.075000 -0.300000 -0.375000
0.075000 -0.300000 -0.300000
0.075000 -0.300000 -0.225000
0.075000 -0.300000 -0.150000
0.075000 -0.300000 -0.075000
0.075000 -0.300000 0.000000
0.075000 -0.300000 0.075000
0.075000 -0.300000 0.150000
0.075000 -0.300000 0.225000
0.075000 -0.300000 0.300000
0.075000 -0.300000 0.375000
0.075000 -0.300000 0.450000
0.075000 -0.300000 0.525000
0.075000 -0.300000 0.600000
0.075000 -0.225000 -1.050000
0.075000 -0.225000 -0.975000
0.075000 -0.225000 -0.900000
0.075000 -0.225000 -0.825000
0.075000 -0.225000 -0.750000
0.075000 -0.225000 -0.525000
0.075000 -0.225000 -0.450000
0.075000 -0.225000 -0.375000
0.075000 -0.225000 -0.300000
0.075000 -0.225000 -0.225000
0.075000 -0.225000 -0.150000
0.075000 -0.225000 -0.075000
0.075000 -0.225000 0.000000
0.075000 -0.225000 0.075000
0.075000 -0.225000 0.150000
0.075000 -0.225000 0.225000
0.075000 -0.225000 0.300000
0.075000 -0.225000 0.375000
0.075000 -0.225000 0.450000
0.075000 -0.225000 0.525000
0.075000 -0.225000 0.600000
0.075000 -0.225000 0.675000
0.075000 -0.150000 -1.125000
0.075000 -0.150000 -1.050000
0.075000 -0.150000 -0.975000
0.075000 -0.150000 -0.900000
0.075000 -0.150000 -0.825000
0.075000 -0.150000 -0.750000
0.075000 -0.150000 -0.675000
0.075000 -0.150000 -0.525000
0.075000 -0.150000 -0.450000
0.075000 -0.150000 -0.375000
0.075000 -0.150000 -0.300000
0.075000 -0.150000 -0.225000
0.075000 -0.150000 -0.150000
0.075000 -0.150000 -0.075000
0.075000 -0.150000 0.000000
0.075000 -0.150000 0.075000
0.075000 -0.150000 0.150000
0.075000 -0.150000 0.225000
0.075000 -0.150000 0.300000
0.075000 -0.150000 0.375000
0.075000 -0.150000 0.525000
0.075000 -0.150000 0.600000
0.075000 -0.150000 0.675000
0.075000 -0.075000 -1.125000
0.075000 -0.075000 -1.050000
0.075000 -0.075000 -0.975000
0.075000 -0.075000 -0.900000
0.075000 -0.075000 -0.825000
0.075000 -0.075000 -0.750000
0.075000 -0.075000 -0.675000
0.075000 -0.075000 -0.525000
0.075000 -0.075000 -0.450000
0.075000 -0.075000 -0.375000
0.075000 -0.075000 -0.300000
0.075000 -0.075000 -0.225000
0.075000 -0.075000 -0.150000
0.075000 -0.075000 -0.075000
0.075000 -0.075000 0.000000
0.075000 -0.075000 0.075000
0.075000 -0.075000 0.150000
0.075000 -0.075000 0.600000
0.075000 -0.075000 0.675000
0.075000 0.000000 -1.125000
0.075000 0.000000 -1.050000
0.075000 0.000000 -0.975000
0.075000 0.000000 -0.900000
0.075000 0.000000 -0.825000
0.075000 0.000000 -0.750000
0.075000 0.000000 -0.675000
0.075000 0.000000 -0.525000
0.075000 0.000000 -0.450000
0.075000 0.000000 -0.375000
0.075000 0.000000 -0.300000
0.075000 0.000000 -0.225000
0.075000 0.000000 -0.150000
0.075000 0.000000 -0.075000
0.075000 0.000000 0.000000
0.075000 0.000000 0.075000
0.075000 0.000000 0.150000
0.075000 0.000000 0.600000
0.075000 0.000000 0.675000
0.075000 0.075000 -1.125000
0.075000 0.075000 -1.050000
0.075000 0.075000 -0.975000
0.075000 0.075000 -0.900000
0.075000 0.075000 -0.825000
0.075000 0.075000 -0.750000
0.075000 0.075000 -0.675000
0.075000 0.075000 -0.525000
0.075000 0.075000 -0.450000
0.075000 0.075000 -0.375000
0.075000 0.075000 -0.300000
0.075000 0.075000 -0.225000
0.075000 0.075000 -0.150000
0.075000 0.075000 -0.075000
0.075000 0.075000 0.000000
0.075000 0.075000 0.075000
0.075000 0.075000 0.150000
0.075000 0.075000 0.225000
0.075000 0.075000 0.300000
0.075000 0.075000 0.375000
0.075000 0.075000 0.525000
0.075000 0.075000 0.600000
0.075000 0.075000 0.675000
0.075000 0.150000 -1.050000
0.075000 0.150000 -0.975000
0.075000 0.150000 -0.900000
0.075000 0.150000 -0.825000
0.075000 0.150000 -0.750000
0.075000 0.150000 -0.450000
0.075000 0.150000 -0.375000
0.075000 0.150000 -0.300000
0.075000 0.150000 -0.225000
0.075000 0.150000 -0.150000
0.075000 0.150000 -0.075000
0.075000 0.150000 0.000000
0.075000 0.150000 0.075000
0.075000 0.150000 0.150000
0.075000 0.150000 0.225000
0.075000 0.150000 0.300000
0.075000 0.150000 0.375000
0.075000 0.150000 0.450000
0.075000 0.150000 0.525000
0.075000 0.150000 0.600000
0.075000 0.150000 0.675000
0.075000 0.225000 -1.050000
0.075000 0.225000 -0.975000
0.075000 0.225000 -0.900000
0.075000 0.225000 -0.825000
0.075000 0.225000 -0.450000
0.075000 0.225000 -0.375000
0.075000 0.225000 -0.300000
0.075000 0.225000 -0.225000
0.075000 0.225000 -0.150000
0.075000 0.225000 -0.075000
0.075000 0.225000 0.000000
0.075000 0.225000 0.075000
0.075000 0.225000 0.150000
0.075000 0.225000 0.225000
0.075000 0.225000 0.300000
0.075000 0.225000 0.375000
0.075000 0.225000 0.450000
0.075000 0.225000 0.525000
0.075000 0.225000 0.600000
0.150000 -0.300000 -0.075000
0.150000 -0.300000 0.000000
0.150000 -0.300000 0.075000
0.150000 -0.300000 0.150000
0.150000 -0.300000 0.225000
0.150000 -0.300000 0.300000
0.150000 -0.300000 0.375000
0.150000 -0.300000 0.450000
0.150000 -0.300000 0.525000
0.150000 -0.300000 0.600000
0.150000 -0.225000 -1.050000
0.150000 -0.225000 -0.975000
0.150000 -0.225000 -0.900000
0.150000 -0.225000 -0.300000
0.150000 -0.225000 -0.225000
0.150000 -0.225000 -0.150000
0.150000 -0.225000 -0.075000
0.150000 -0.225000 0.000000
0.150000 -0.225000 0.075000
0.150000 -0.225000 0.150000
0.150000 -0.225000 0.225000
0.150000 -0.225000 0.300000
0.150000 -0.225000 0.375000
0.150000 -0.225000 0.450000
0.150000 -0.225000 0.525000
0.150000 -0.225000 0.600000
0.150000 -0.225000 0.675000
0.150000 -0.150000 -1.125000
0.150000 -0.150000 -1.050000
0.150000 -0.150000 -0.975000
0.150000 -0.150000 -0.900000
0.150000 -0.150000 -0.825000
0.150000 -0.150000 -0.375000
0.150000 -0.150000 -0.300000
0.150000 -0.150000 -0.225000
0.150000 -0.150000 -0.150000
0.150000 -0.150000 -0.075000
0.150000 -0.150000 0.000000
0.150000 -0.150000 0.075000
0.150000 -0.150000 0.150000
0.150000 -0.150000 0.225000
0.150000 -0.150000 0.300000
0.150000 -0.150000 0.375000
0.150000 -0.150000 0.450000
0.150000 -0.150000 0.525000
0.150000 -0.150000 0.600000
0.150000 -0.150000 0.675000
0.150000 -0.075000 -1.125000
0.150000 -0.075000 -1.050000
0.150000 -0.075000 -0.975000
0.150000 -0.075000 -0.900000
0.150000 -0.075000 -0.825000
0.150000 -0.075000 -0.375000
0.150000 -0.075000 -0.300000
0.150000 -0.075000 -0.225000
0.150000 -0.075000 -0.150000
0.150000 -0.075000 -0.075000
0.150000 -0.075000 0.000000
0.150000 -0.075000 0.075000
0.150000 -0.075000 0.150000
0.150000 -0.075000 0.225000
0.150000 -0.075000 0.300000
0.150000 -0.075000 0.600000
0.150000 -0.075000 0.675000
0.150000 0.000000 -1.125000
0.150000 0.000000 -1.050000
0.150000 0.000000 -0.975000
0.150000 0.000000 -0.900000
0.150000 0.000000 -0.825000
0.150000 0.000000 -0.375000
0.150000 0.000000 -0.300000
0.150000 0.000000 -0.225000
0.150000 0.000000 -0.150000
0.150000 0.000000 -0.075000
0.150000 0.000000 0.000000
0.150000 0.000000 0.075000
0.150000 0.000000 0.150000
0.150000 0.000000 0.225000
0.150000 0.000000 0.300000
0.150000 0.000000 0.600000
0.150000 0.000000 0.675000
0.150000 0.075000 -1.125000
0.150000 0.075000 -1.050000
0.150000 0.075000 -0.975000
0.150000 0.075000 -0.900000
0.150000 0.075000 -0.825000
0.150000 0.075000 -0.375000
0.150000 0.075000 -0.300000
0.150000 0.075000 -0.225000
0.150000 0.075000 -0.150000
0.150000 0.075000 -0.075000
0.150000 0.075000 0.000000
0.150000 0.075000 0.075000
0.150000 0.075000 0.150000
0.150000 0.075000 0.225000
0.150000 0.075000 0.300000
0.150000 0.075000 0.375000
0.150000 0.075000 0.525000
0.150000 0.075000 0.600000
0.150000 0.075000 0.675000
0.150000 0.150000 -1.050000
0.150000 0.150000 -0.975000
0.150000 0.150000 -0.900000
0.150000 0.150000 -0.300000
0.150000 0.150000 -0.225000
0.150000 0.150000 -0.150000
0.150000 0.150000 -0.075000
0.150000 0.150000 0.000000
0.150000 0.150000 0.075000
0.150000 0.150000 0.150000
0.150000 0.150000 0.225000
0.150000 0.150000 0.300000
0.150000 0.150000 0.375000
0.150000 0.150000 0.450000
0.150000 0.150000 0.525000
0.150000 0.150000 0.600000
0.150000 0.150000 0.675000
0.150000 0.225000 -0.225000
0.150000 0.225000 -0.150000
0.150000 0.225000 -0.075000
0.150000 0.225000 0.000000
0.150000 0.225000 0.075000
0.150000 0.225000 0.150000
0.150000 0.225000 0.225000
0.150000 0.225000 0.300000
0.150000 0.225000 0.375000
0.150000 0.225000 0.450000
0.150000 0.225000 0.525000
0.150000 0.225000 0.600000
0.225000 -0.300000 0.150000
0.225000 -0.300000 0.225000
0.225000 -0.300000 0.300000
0.225000 -0.300000 0.375000
0.225000 -0.300000 0.450000
0.225000 -0.300000 0.525000
0.225000 -0.300000 0.600000
0.225000 -0.225000 0.075000
0.225000 -0.225000 0.150000
0.225000 -0.225000 0.225000
0.225000 -0.225000 0.300000
0.225000 -0.225000 0.375000
0.225000 -0.225000 0.450000
0.225000 -0.225000 0.525000
0.225000 -0.225000 0.600000
0.225000 -0.225000 0.675000
0.225000 -0.150000 0.000000
0.225000 -0.150000 0.075000
0.225000 -0.150000 0.150000
0.225000 -0.150000 0.225000
0.225000 -0.150000 0.300000
0.225000 -0.150000 0.375000
0.225000 -0.150000 0.450000
0.225000 -0.150000 0.525000
0.225000 -0.150000 0.600000
0.225000 -0.150000 0.675000
0.225000 -0.075000 0.000000
0.225000 -0.075000 0.075000
0.225000 -0.075000 0.150000
0.225000 -0.075000 0.225000
0.225000 -0.075000 0.300000
0.225000 -0.075000 0.375000
0.225000 -0.075000 0.450000
0.225000 -0.075000 0.525000
0.225000 -0.075000 0.600000
0.225000 -0.075000 0.675000
0.225000 0.000000 0.000000
0.225000 0.000000 0.075000
0.225000 0.000000 0.150000
0.225000 0.000000 0.225000
0.225000 0.000000 0.300000
0.225000 0.000000 0.375000
0.225000 0.000000 0.450000
0.225000 0.000000 0.525000
0.225000 0.000000 0.600000
0.225000 0.000000 0.675000
0.225000 0.075000 0.000000
0.225000 0.075000 0.075000
0.225000 0.075000 0.150000
0.225000 0.075000 0.225000
0.225000 0.075000 0.300000
0.225000 0.075000 0.375000
0.225000 0.075000 0.450000
0.225000 0.075000 0.525000
0.225000 0.075000 0.600000
0.225000 0.075000 0.675000
0.225000 0.150000 0.075000
0.225000 0.150000 0.150000
0.225000 0.150000 0.225000
0.225000 0.150000 0.300000
0.225000 0.150000 0.375000
0.225000 0.150000 0.450000
0.225000 0.150000 0.525000
0.225000 0.150000 0.600000
0.225000 0.150000 0.675000
0.225000 0.225000 0.225000
0.225000 0.225000 0.300000
0.225000 0.225000 0.375000
0.225000 0.225000 0.450000
0.225000 0.225000 0.525000
0.225000 0.225000 0.600000
0.300000 -0.300000 0.300000
0.300000 -0.300000 0.375000
0.300000 -0.300000 0.450000
0.300000 -0.300000 0.525000
0.300000 -0.225000 0.225000
0.300000 -0.225000 0.300000
0.300000 -0.225000 0.375000
0.300000 -0.225000 0.450000
0.300000 -0.225000 0.525000
0.300000 -0.225000 0.600000
0.300000 -0.225000 0.675000
0.300000 -0.150000 0.225000
0.300000 -0.150000 0.300000
0.300000 -0.150000 0.375000
0.300000 -0.150000 0.450000
0.300000 -0.150000 0.525000
0.300000 -0.150000 0.600000
0.300000 -0.150000 0.675000
0.300000 -0.075000 0.225000
0.300000 -0.075000 0.300000
0.300000 -0.075000 0.375000
0.300000 -0.075000 0.450000
0.300000 -0.075000 0.525000
0.300000 -0.075000 0.600000
0.300000 -0.075000 0.675000
0.300000 0.000000 0.225000
0.300000 0.000000 0.300000
0.300000 0.000000 0.375000
0.300000 0.000000 0.450000
0.300000 0.000000 0.525000
0.300000 0.000000 0.600000
0.300000 0.000000 0.675000
0.300000 0.075000 0.225000
0.300000 0.075000 0.300000
0.300000 0.075000 0.375000
0.300000 0.075000 0.450000
0.300000 0.075000 0.525000
0.300000 0.075000 0.600000
0.300000 0.075000 0.675000
0.300000 0.150000 0.225000
0.300000 0.150000 0.300000
0.300000 0.150000 0.375000
0.300000 0.150000 0.450000
0.300000 0.150000 0.525000
0.300000 0.150000 0.600000
0.300000 0.150000 0.675000
0.300000 0.225000 0.300000
0.300000 0.225000 0.375000
0.300000 0.225000 0.450000
0.300000 0.225000 0.525000
0.300000 0.225000 0.600000
4 0 4 62 45
4 1 46 63 5
4 0 45 46 1
4 62 4 5 63
4 0 1 5 4
4 45 62 63 46
4 1 5 63 46
4 2 47 64 6
4 1 46 47 2
4 63 5 6 64
4 1 2 6 5
4 46 63 64 47
4 2 6 64 47
4 3 48 65 7
4 2 47 48 3
4 64 6 7 65
4 2 3 7 6
4 47 64 65 48
4 4 8 80 62
4 5 63 81 9
4 4 62 63 5
4 80 8 9 81
4 4 5 9 8
4 62 80 81 63
4 5 9 81 63
4 6 64 82 10
4 5 63 64 6
4 81 9 10 82
4 5 6 10 9
4 63 81 82 64
4 6 10 82 64
4 7 65 83 11
4 6 64 65 7
4 82 10 11 83
4 6 7 11 10
4 64 82 83 65
4 8 12 98 80
4 9 81 99 13
4 8 80 81 9
4 98 12 13 99
4 8 9 13 12
4 80 98 99 81
4 9 13 99 81
4 10 82 100 14
4 9 81 82 10
4 99 13 14 100
4 9 10 14 13
4 81 99 100 82
4 10 14 100 82
4 11 83 101 15
4 10 82 83 11
4 100 14 15 101
4 10 11 15 14
4 82 100 101 83
4 12 16 115 98
4 13 99 116 17
4 12 98 99 13
4 115 16 17 116
4 12 13 17 16
4 98 115 116 99
4 13 17 116 99
4 14 100 117 18
4 13 99 100 14
4 116 17 18 117
4 13 14 18 17
4 99 116 117 100
4 14 18 117 100
4 15 101 118 19
4 14 100 101 15
4 117 18 19 118
4 14 15 19 18
4 100 117 118 101
4 16 20 131 115
4 17 116 132 21
4 16 115 116 17
4 131 20 21 132
4 16 17 21 20
4 115 131 132 116
4 17 21 132 116
4 18 117 133 22
4 17 116 117 18
4 132 21 22 133
4 17 18 22 21
4 116 132 133 117
4 18 22 133 117
4 19 118 134 23
4 18 117 118 19
4 133 22 23 134
4 18 19 23 22
4 117 133 134 118
4 24 36 165 145
4 25 146 166 37
4 24 145 146 25
4 165 36 37 166
4 24 25 37 36
4 145 165 166 146
4 25 37 166 146
4 26 147 167 38
4 25 146 147 26
4 166 37 38 167
4 25 26 38 37
4 146 166 167 147
4 26 38 167 147
4 27 148 168 39
4 26 147 148 27
4 167 38 39 168
4 26 27 39 38
4 147 167 168 148
4 27 39 168 148
4 28 149 169 40
4 27 148 149 28
4 168 39 40 169
4 27 28 40 39
4 148 168 169 149
4 28 40 169 149
4 29 150 170 41
4 28 149 150 29
4 169 40 41 170
4 28 29 41 40
4 149 169 170 150
4 29 41 170 150
4 30 151 171 42
4 29 150 151 30
4 170 41 42 171
4 29 30 42 41
4 150 170 171 151
4 31 46 180 158
4 32 159 181 47
4 31 158 159 32
4 180 46 47 181
4 31 32 47 46
4 158 180 181 159
4 32 47 181 159
4 33 160 182 48
4 32 159 160 33
4 181 47 48 182
4 32 33 48 47
4 159 181 182 160
4 34 50 186 163
4 35 164 187 51
4 34 163 164 35
4 186 50 51 187
4 34 35 51 50
4 163 186 187 164
4 35 51 187 164
4 36 165 188 52
4 35 164 165 36
4 187 51 52 188
4 35 36 52 51
4 164 187 188 165
4 36 52 188 165
4 37 166 189 53
4 36 165 166 37
4 188 52 53 189
4 36 37 53 52
4 165 188 189 166
4 37 53 189 166
4 38 167 190 54
4 37 166 167 38
4 189 53 54 190
4 37 38 54 53
4 166 189 190 167
4 38 54 190 167
4 39 168 191 55
4 38 167 168 39
4 190 54 55 191
4 38 39 55 54
4 167 190 191 168
4 39 55 191 168
4 40 169 192 56
4 39 168 169 40
4 191 55 56 192
4 39 40 56 55
4 168 191 192 169
4 40 56 192 169
4 41 170 193 57
4 40 169 170 41
4 192 56 57 193
4 40 41 57 56
4 169 192 193 170
4 41 57 193 170
4 42 171 194 58
4 41 170 171 42
4 193 57 58 194
4 41 42 58 57
4 170 193 194 171
4 42 58 194 171
4 43 172 195 59
4 42 171 172 43
4 194 58 59 195
4 42 43 59 58
4 171 194 195 172
4 43 59 195 172
4 44 173 196 60
4 43 172 173 44
4 195 59 60 196
4 43 44 60 59
4 172 195 196 173
4 45 62 202 179
4 46 180 203 63
4 45 179 180 46
4 202 62 63 203
4 45 46 63 62
4 179 202 203 180
4 46 63 203 180
4 47 181 204 64
4 46 180 181 47
4 203 63 64 204
4 46 47 64 63
4 180 203 204 181
4 47 64 204 181
4 48 182 205 65
4 47 181 182 48
4 204 64 65 205
4 47 48 65 64
4 181 204 205 182
4 48 65 205 182
4 49 183 206 66
4 48 182 183 49
4 205 65 66 206
4 48 49 66 65
4 182 205 206 183
4 50 68 209 186
4 51 187 210 69
4 50 186 187 51
4 209 68 69 210
4 50 51 69 68
4 186 209 210 187
4 51 69 210 187
4 52 188 211 70
4 51 187 188 52
4 210 69 70 211
4 51 52 70 69
4 187 210 211 188
4 52 70 211 188
4 53 189 212 71
4 52 188 189 53
4 211 70 71 212
4 52 53 71 70
4 188 211 212 189
4 53 71 212 189
4 54 190 213 72
4 53 189 190 54
4 212 71 72 213
4 53 54 72 71
4 189 212 213 190
4 54 72 213 190
4 55 191 214 73
4 54 190 191 55
4 213 72 73 214
4 54 55 73 72
4 190 213 214 191
4 55 73 214 191
4 56 192 215 74
4 55 191 192 56
4 214 73 74 215
4 55 56 74 73
4 191 214 215 192
4 56 74 215 192
4 57 193 216 75
4 56 192 193 57
4 215 74 75 216
4 56 57 75 74
4 192 215 216 193
4 57 75 216 193
4 58 194 217 76
4 57 193 194 58
4 216 75 76 217
4 57 58 76 75
4 193 216 217 194
4 58 76 217 194
4 59 195 218 77
4 58 194 195 59
4 217 76 77 218
4 58 59 77 76
4 194 217 218 195
4 59 77 218 195
4 60 196 219 78
4 59 195 196 60
4 218 77 78 219
4 59 60 78 77
4 195 218 219 196
4 60 78 219 196
4 61 197 220 79
4 60 196 197 61
4 219 78 79 220
4 60 61 79 78
4 196 219 220 197
4 62 80 225 202
4 63 203 226 81
4 62 202 203 63
4 225 80 81 226
4 62 63 81 80
4 202 225 226 203
4 64 82 227 204
4 65 205 228 83
4 64 204 205 65
4 227 82 83 228
4 64 65 83 82
4 204 227 228 205
4 65 83 228 205
4 66 206 229 84
4 65 205 206 66
4 228 83 84 229
4 65 66 84 83
4 205 228 229 206
4 66 84 229 206
4 67 207 230 85
4 66 206 207 67
4 229 84 85 230
4 66 67 85 84
4 206 229 230 207
4 68 86 232 209
4 69 210 233 87
4 68 209 210 69
4 232 86 87 233
4 68 69 87 86
4 209 232 233 210
4 69 87 233 210
4 70 211 234 88
4 69 210 211 70
4 233 87 88 234
4 69 70 88 87
4 210 233 234 211
4 70 88 234 211
4 71 212 235 89
4 70 211 212 71
4 234 88 89 235
4 70 71 89 88
4 211 234 235 212
4 71 89 235 212
4 72 213 236 90
4 71 212 213 72
4 235 89 90 236
4 71 72 90 89
4 212 235 236 213
4 72 90 236 213
4 73 214 237 91
4 72 213 214 73
4 236 90 91 237
4 72 73 91 90
4 213 236 237 214
4 73 91 237 214
4 74 215 238 92
4 73 214 215 74
4 237 91 92 238
4 73 74 92 91
4 214 237 238 215
4 74 92 238 215
4 75 216 239 93
4 74 215 216 75
4 238 92 93 239
4 74 75 93 92
4 215 238 239 216
4 75 93 239 216
4 76 217 240 94
4 75 216 217 76
4 239 93 94 240
4 75 76 94 93
4 216 239 240 217
4 76 94 240 217
4 77 218 241 95
4 76 217 218 77
4 240 94 95 241
4 76 77 95 94
4 217 240 241 218
4 77 95 241 218
4 78 219 242 96
4 77 218 219 78
4 241 95 96 242
4 77 78 96 95
4 218 241 242 219
4 78 96 242 219
4 79 220 243 97
4 78 219 220 79
4 242 96 97 243
4 78 79 97 96
4 219 242 243 220
4 80 98 248 225
4 81 226 249 99
4 80 225 226 81
4 248 98 99 249
4 80 81 99 98
4 225 248 249 226
4 82 100 250 227
4 83 228 251 101
4 82 227 228 83
4 250 100 101 251
4 82 83 101 100
4 227 250 251 228
4 83 101 251 228
4 84 229 252 102
4 83 228 229 84
4 251 101 102 252
4 83 84 102 101
4 228 251 252 229
4 84 102 252 229
4 85 230 253 103
4 84 229 230 85
4 252 102 103 253
4 84 85 103 102
4 229 252 253 230
4 86 104 255 232
4 87 233 256 105
4 86 232 233 87
4 255 104 105 256
4 86 87 105 104
4 232 255 256 233
4 87 105 256 233
4 88 234 257 106
4 87 233 234 88
4 256 105 106 257
4 87 88 106 105
4 233 256 257 234
4 88 106 257 234
4 89 235 258 107
4 88 234 235 89
4 257 106 107 258
4 88 89 107 106
4 234 257 258 235
4 89 107 258 235
4 90 236 259 108
4 89 235 236 90
4 258 107 108 259
4 89 90 108 107
4 235 258 259 236
4 90 108 259 236
4 91 237 260 109
4 90 236 237 91
4 259 108 109 260
4 90 91 109 108
4 236 259 260 237
4 91 109 260 237
4 92 238 261 110
4 91 237 238 92
4 260 109 110 261
4 91 92 110 109
4 237 260 261 238
4 92 110 261 238
4 93 239 262 111
4 92 238 239 93
4 261 110 111 262
4 92 93 111 110
4 238 261 262 239
4 93 111 262 239
4 94 240 263 112
4 93 239 240 94
4 262 111 112 263
4 93 94 112 111
4 239 262 263 240
4 94 112 263 240
4 95 241 264 113
4 94 240 241 95
4 263 112 113 264
4 94 95 113 112
4 240 263 264 241
4 95 113 264 241
4 96 242 265 114
4 95 241 242 96
4 264 113 114 265
4 95 96 114 113
4 241 264 265 242
4 98 115 271 248
4 99 249 272 116
4 98 248 249 99
4 271 115 116 272
4 98 99 116 115
4 248 271 272 249
4 100 117 273 250
4 101 251 274 118
4 100 250 251 101
4 273 117 118 274
4 100 101 118 117
4 250 273 274 251
4 101 118 274 251
4 102 252 275 119
4 101 251 252 102
4 274 118 119 275
4 101 102 119 118
4 251 274 275 252
4 102 119 275 252
4 103 253 276 120
4 102 252 253 103
4 275 119 120 276
4 102 103 120 119
4 252 275 276 253
4 105 121 279 256
4 106 257 280 122
4 105 256 257 106
4 279 121 122 280
4 105 106 122 121
4 256 279 280 257
4 106 122 280 257
4 107 258 281 123
4 106 257 258 107
4 280 122 123 281
4 106 107 123 122
4 257 280 281 258
4 107 123 281 258
4 108 259 282 124
4 107 258 259 108
4 281 123 124 282
4 107 108 124 123
4 258 281 282 259
4 108 124 282 259
4 109 260 283 125
4 108 259 260 109
4 282 124 125 283
4 108 109 125 124
4 259 282 283 260
4 109 125 283 260
4 110 261 284 126
4 109 260 261 110
4 283 125 126 284
4 109 110 126 125
4 260 283 284 261
4 110 126 284 261
4 111 262 285 127
4 110 261 262 111
4 284 126 127 285
4 110 111 127 126
4 261 284 285 262
4 111 127 285 262
4 112 263 286 128
4 111 262 263 112
4 285 127 128 286
4 111 112 128 127
4 262 285 286 263
4 112 128 286 263
4 113 264 287 129
4 112 263 264 113
4 286 128 129 287
4 112 113 129 128
4 263 286 287 264
4 113 129 287 264
4 114 265 288 130
4 113 264 265 114
4 287 129 130 288
4 113 114 130 129
4 264 287 288 265
4 115 131 294 271
4 116 272 295 132
4 115 271 272 116
4 294 131 132 295
4 115 116 132 131
4 271 294 295 272
4 116 132 295 272
4 117 273 296 133
4 116 272 273 117
4 295 132 133 296
4 116 117 133 132
4 272 295 296 273
4 117 133 296 273
4 118 274 297 134
4 117 273 274 118
4 296 133 134 297
4 117 118 134 133
4 273 296 297 274
4 118 134 297 274
4 119 275 298 135
4 118 274 275 119
4 297 134 135 298
4 118 119 135 134
4 274 297 298 275
4 122 136 302 280
4 123 281 303 137
4 122 280 281 123
4 302 136 137 303
4 122 123 137 136
4 280 302 303 281
4 123 137 303 281
4 124 282 304 138
4 123 281 282 124
4 303 137 138 304
4 123 124 138 137
4 281 303 304 282
4 124 138 304 282
4 125 283 305 139
4 124 282 283 125
4 304 138 139 305
4 124 125 139 138
4 282 304 305 283
4 125 139 305 283
4 126 284 306 140
4 125 283 284 126
4 305 139 140 306
4 125 126 140 139
4 283 305 306 284
4 126 140 306 284
4 127 285 307 141
4 126 284 285 127
4 306 140 141 307
4 126 127 141 140
4 284 306 307 285
4 127 141 307 285
4 128 286 308 142
4 127 285 286 128
4 307 141 142 308
4 127 128 142 141
4 285 307 308 286
4 143 163 341 320
4 144 321 342 164
4 143 320 321 144
4 341 163 164 342
4 143 144 164 163
4 320 341 342 321
4 144 164 342 321
4 145 322 343 165
4 144 321 322 145
4 342 164 165 343
4 144 145 165 164
4 321 342 343 322
4 145 165 343 322
4 146 323 344 166
4 145 322 323 146
4 343 165 166 344
4 145 146 166 165
4 322 343 344 323
4 146 166 344 323
4 147 324 345 167
4 146 323 324 147
4 344 166 167 345
4 146 147 167 166
4 323 344 345 324
4 147 167 345 324
4 148 325 346 168
4 147 324 325 148
4 345 167 168 346
4 147 148 168 167
4 324 345 346 325
4 148 168 346 325
4 149 326 347 169
4 148 325 326 149
4 346 168 169 347
4 148 149 169 168
4 325 346 347 326
4 149 169 347 326
4 150 327 348 170
4 149 326 327 150
4 347 169 170 348
4 149 150 170 169
4 326 347 348 327
4 150 170 348 327
4 151 328 349 171
4 150 327 328 151
4 348 170 171 349
4 150 151 171 170
4 327 348 349 328
4 151 171 349 328
4 152 329 350 172
4 151 328 329 152
4 349 171 172 350
4 151 152 172 171
4 328 349 350 329
4 152 172 350 329
4 153 330 351 173
4 152 329 330 153
4 350 172 173 351
4 152 153 173 172
4 329 350 351 330
4 153 173 351 330
4 154 331 352 174
4 153 330 331 154
4 351 173 174 352
4 153 154 174 173
4 330 351 352 331
4 154 174 352 331
4 155 332 353 175
4 154 331 332 155
4 352 174 175 353
4 154 155 175 174
4 331 352 353 332
4 155 175 353 332
4 156 333 354 176
4 155 332 333 156
4 353 175 176 354
4 155 156 176 175
4 332 353 354 333
4 156 176 354 333
4 157 334 355 177
4 156 333 334 157
4 354 176 177 355
4 156 157 177 176
4 333 354 355 334
4 158 180 359 336
4 159 337 360 181
4 158 336 337 159
4 359 180 181 360
4 158 159 181 180
4 336 359 360 337
4 159 181 360 337
4 160 338 361 182
4 159 337 338 160
4 360 181 182 361
4 159 160 182 181
4 337 360 361 338
4 160 182 361 338
4 161 339 362 183
4 160 338 339 161
4 361 182 183 362
4 160 161 183 182
4 338 361 362 339
4 162 185 365 340
4 163 341 366 186
4 162 340 341 163
4 365 185 186 366
4 162 163 186 185
4 340 365 366 341
4 163 186 366 341
4 164 342 367 187
4 163 341 342 164
4 366 186 187 367
4 163 164 187 186
4 341 366 367 342
4 170 193 371 348
4 171 349 372 194
4 170 348 349 171
4 371 193 194 372
4 170 171 194 193
4 348 371 372 349
4 171 194 372 349
4 172 350 373 195
4 171 349 350 172
4 372 194 195 373
4 171 172 195 194
4 349 372 373 350
4 172 195 373 350
4 173 351 374 196
4 172 350 351 173
4 373 195 196 374
4 172 173 196 195
4 350 373 374 351
4 173 196 374 351
4 174 352 375 197
4 173 351 352 174
4 374 196 197 375
4 173 174 197 196
4 351 374 375 352
4 174 197 375 352
4 175 353 376 198
4 174 352 353 175
4 375 197 198 376
4 174 175 198 197
4 352 375 376 353
4 175 198 376 353
4 176 354 377 199
4 175 353 354 176
4 376 198 199 377
4 175 176 199 198
4 353 376 377 354
4 176 199 377 354
4 177 355 378 200
4 176 354 355 177
4 377 199 200 378
4 176 177 200 199
4 354 377 378 355
4 177 200 378 355
4 178 356 379 201
4 177 355 356 178
4 378 200 201 379
4 177 178 201 200
4 355 378 379 356
4 179 202 381 358
4 180 359 382 203
4 179 358 359 180
4 381 202 203 382
4 179 180 203 202
4 358 381 382 359
4 180 203 382 359
4 181 360 383 204
4 180 359 360 181
4 382 203 204 383
4 180 181 204 203
4 359 382 383 360
4 181 204 383 360
4 182 361 384 205
4 181 360 361 182
4 383 204 205 384
4 181 182 205 204
4 360 383 384 361
4 182 205 384 361
4 183 362 385 206
4 182 361 362 183
4 384 205 206 385
4 182 183 206 205
4 361 384 385 362
4 183 206 385 362
4 184 363 386 207
4 183 362 363 184
4 385 206 207 386
4 183 184 207 206
4 362 385 386 363
4 185 208 388 365
4 186 366 389 209
4 185 365 366 186
4 388 208 209 389
4 185 186 209 208
4 365 388 389 366
4 186 209 389 366
4 187 367 390 210
4 186 366 367 187
4 389 209 210 390
4 186 187 210 209
4 366 389 390 367
4 195 218 391 373
4 196 374 392 219
4 195 373 374 196
4 391 218 219 392
4 195 196 219 218
4 373 391 392 374
4 196 219 392 374
4 197 375 393 220
4 196 374 375 197
4 392 219 220 393
4 196 197 220 219
4 374 392 393 375
4 197 220 393 375
4 198 376 394 221
4 197 375 376 198
4 393 220 221 394
4 197 198 221 220
4 375 393 394 376
4 198 221 394 376
4 199 377 395 222
4 198 376 377 199
4 394 221 222 395
4 198 199 222 221
4 376 394 395 377
4 199 222 395 377
4 200 378 396 223
4 199 377 378 200
4 395 222 223 396
4 199 200 223 222
4 377 395 396 378
4 200 223 396 378
4 201 379 397 224
4 200 378 379 201
4 396 223 224 397
4 200 201 224 223
4 378 396 397 379
4 202 225 399 381
4 203 382 400 226
4 202 381 382 203
4 399 225 226 400
4 202 203 226 225
4 381 399 400 382
4 205 228 402 384
4 206 385 403 229
4 205 384 385 206
4 402 228 229 403
4 205 206 229 228
4 384 402 403 385
4 206 229 403 385
4 207 386 404 230
4 206 385 386 207
4 403 229 230 404
4 206 207 230 229
4 385 403 404 386
4 208 231 406 388
4 209 389 407 232
4 208 388 389 209
4 406 231 232 407
4 208 209 232 231
4 388 406 407 389
4 209 232 407 389
4 210 390 408 233
4 209 389 390 210
4 407 232 233 408
4 209 210 233 232
4 389 407 408 390
4 218 241 410 391
4 219 392 411 242
4 218 391 392 219
4 410 241 242 411
4 218 219 242 241
4 391 410 411 392
4 219 242 411 392
4 220 393 412 243
4 219 392 393 220
4 411 242 243 412
4 219 220 243 242
4 392 411 412 393
4 220 243 412 393
4 221 394 413 244
4 220 393 394 221
4 412 243 244 413
4 220 221 244 243
4 393 412 413 394
4 221 244 413 394
4 222 395 414 245
4 221 394 395 222
4 413 244 245 414
4 221 222 245 244
4 394 413 414 395
4 222 245 414 395
4 223 396 415 246
4 222 395 396 223
4 414 245 246 415
4 222 223 246 245
4 395 414 415 396
4 223 246 415 396
4 224 397 416 247
4 223 396 397 224
4 415 246 247 416
4 223 224 247 246
4 396 415 416 397
4 225 248 418 399
4 226 400 419 249
4 225 399 400 226
4 418 248 249 419
4 225 226 249 248
4 399 418 419 400
4 228 251 421 402
4 229 403 422 252
4 228 402 403 229
4 421 251 252 422
4 228 229 252 251
4 402 421 422 403
4 229 252 422 403
4 230 404 423 253
4 229 403 404 230
4 422 252 253 423
4 229 230 253 252
4 403 422 423 404
4 231 254 425 406
4 232 407 426 255
4 231 406 407 232
4 425 254 255 426
4 231 232 255 254
4 406 425 426 407
4 232 255 426 407
4 233 408 427 256
4 232 407 408 233
4 426 255 256 427
4 232 233 256 255
4 407 426 427 408
4 233 256 427 408
4 234 409 428 257
4 233 408 409 234
4 427 256 257 428
4 233 234 257 256
4 408 427 428 409
4 241 264 435 410
4 242 411 436 265
4 241 410 411 242
4 435 264 265 436
4 241 242 265 264
4 410 435 436 411
4 242 265 436 411
4 243 412 437 266
4 242 411 412 243
4 436 265 266 437
4 242 243 266 265
4 411 436 437 412
4 243 266 437 412
4 244 413 438 267
4 243 412 413 244
4 437 266 267 438
4 243 244 267 266
4 412 437 438 413
4 244 267 438 413
4 245 414 439 268
4 244 413 414 245
4 438 267 268 439
4 244 245 268 267
4 413 438 439 414
4 245 268 439 414
4 246 415 440 269
4 245 414 415 246
4 439 268 269 440
4 245 246 269 268
4 414 439 440 415
4 246 269 440 415
4 247 416 441 270
4 246 415 416 247
4 440 269 270 441
4 246 247 270 269
4 415 440 441 416
4 248 271 443 418
4 249 419 444 272
4 248 418 419 249
4 443 271 272 444
4 248 249 272 271
4 418 443 444 419
4 251 274 446 421
4 252 422 447 275
4 251 421 422 252
4 446 274 275 447
4 251 252 275 274
4 421 446 447 422
4 252 275 447 422
4 253 423 448 276
4 252 422 423 253
4 447 275 276 448
4 252 253 276 275
4 422 447 448 423
4 254 277 449 425
4 255 426 450 278
4 254 425 426 255
4 449 277 278 450
4 254 255 278 277
4 425 449 450 426
4 255 278 450 426
4 256 427 451 279
4 255 426 427 256
4 450 278 279 451
4 255 256 279 278
4 426 450 451 427
4 256 279 451 427
4 257 428 452 280
4 256 427 428 257
4 451 279 280 452
4 256 257 280 279
4 427 451 452 428
4 257 280 452 428
4 258 429 453 281
4 257 428 429 258
4 452 280 281 453
4 257 258 281 280
4 428 452 453 429
4 262 285 457 433
4 263 434 458 286
4 262 433 434 263
4 457 285 286 458
4 262 263 286 285
4 433 457 458 434
4 263 286 458 434
4 264 435 459 287
4 263 434 435 264
4 458 286 287 459
4 263 264 287 286
4 434 458 459 435
4 264 287 459 435
4 265 436 460 288
4 264 435 436 265
4 459 287 288 460
4 264 265 288 287
4 435 459 460 436
4 265 288 460 436
4 266 437 461 289
4 265 436 437 266
4 460 288 289 461
4 265 266 289 288
4 436 460 461 437
4 266 289 461 437
4 267 438 462 290
4 266 437 438 267
4 461 289 290 462
4 266 267 290 289
4 437 461 462 438
4 267 290 462 438
4 268 439 463 291
4 267 438 439 268
4 462 290 291 463
4 267 268 291 290
4 438 462 463 439
4 268 291 463 439
4 269 440 464 292
4 268 439 440 269
4 463 291 292 464
4 268 269 292 291
4 439 463 464 440
4 269 292 464 440
4 270 441 465 293
4 269 440 441 270
4 464 292 293 465
4 269 270 293 292
4 440 464 465 441
4 271 294 467 443
4 272 444 468 295
4 271 443 444 272
4 467 294 295 468
4 271 272 295 294
4 443 467 468 444
4 272 295 468 444
4 273 445 469 296
4 272 444 445 273
4 468 295 296 469
4 272 273 296 295
4 444 468 469 445
4 273 296 469 445
4 274 446 470 297
4 273 445 446 274
4 469 296 297 470
4 273 274 297 296
4 445 469 470 446
4 274 297 470 446
4 275 447 471 298
4 274 446 447 275
4 470 297 298 471
4 274 275 298 297
4 446 470 471 447
4 275 298 471 447
4 276 448 472 299
4 275 447 448 276
4 471 298 299 472
4 275 276 299 298
4 447 471 472 448
4 278 300 474 450
4 279 451 475 301
4 278 450 451 279
4 474 300 301 475
4 278 279 301 300
4 450 474 475 451
4 279 301 475 451
4 280 452 476 302
4 279 451 452 280
4 475 301 302 476
4 279 280 302 301
4 451 475 476 452
4 280 302 476 452
4 281 453 477 303
4 280 452 453 281
4 476 302 303 477
4 280 281 303 302
4 452 476 477 453
4 281 303 477 453
4 282 454 478 304
4 281 453 454 282
4 477 303 304 478
4 281 282 304 303
4 453 477 478 454
4 282 304 478 454
4 283 455 479 305
4 282 454 455 283
4 478 304 305 479
4 282 283 305 304
4 454 478 479 455
4 283 305 479 455
4 284 456 480 306
4 283 455 456 284
4 479 305 306 480
4 283 284 306 305
4 455 479 480 456
4 284 306 480 456
4 285 457 481 307
4 284 456 457 285
4 480 306 307 481
4 284 285 307 306
4 456 480 481 457
4 285 307 481 457
4 286 458 482 308
4 285 457 458 286
4 481 307 308 482
4 285 286 308 307
4 457 481 482 458
4 286 308 482 458
4 287 459 483 309
4 286 458 459 287
4 482 308 309 483
4 286 287 309 308
4 458 482 483 459
4 287 309 483 459
4 288 460 484 310
4 287 459 460 288
4 483 309 310 484
4 287 288 310 309
4 459 483 484 460
4 288 310 484 460
4 289 461 485 311
4 288 460 461 289
4 484 310 311 485
4 288 289 311 310
4 460 484 485 461
4 289 311 485 461
4 290 462 486 312
4 289 461 462 290
4 485 311 312 486
4 289 290 312 311
4 461 485 486 462
4 290 312 486 462
4 291 463 487 313
4 290 462 463 291
4 486 312 313 487
4 290 291 313 312
4 462 486 487 463
4 291 313 487 463
4 292 464 488 314
4 291 463 464 292
4 487 313 314 488
4 291 292 314 313
4 463 487 488 464
4 295 315 490 468
4 296 469 491 316
4 295 468 469 296
4 490 315 316 491
4 295 296 316 315
4 468 490 491 469
4 296 316 491 469
4 297 470 492 317
4 296 469 470 297
4 491 316 317 492
4 296 297 317 316
4 469 491 492 470
4 297 317 492 470
4 298 471 493 318
4 297 470 471 298
4 492 317 318 493
4 297 298 318 317
4 470 492 493 471
4 319 340 517 494
4 320 495 518 341
4 319 494 495 320
4 517 340 341 518
4 319 320 341 340
4 494 517 518 495
4 320 341 518 495
4 321 496 519 342
4 320 495 496 321
4 518 341 342 519
4 320 321 342 341
4 495 518 519 496
4 321 342 519 496
4 322 497 520 343
4 321 496 497 322
4 519 342 343 520
4 321 322 343 342
4 496 519 520 497
4 322 343 520 497
4 323 498 521 344
4 322 497 498 323
4 520 343 344 521
4 322 323 344 343
4 497 520 521 498
4 323 344 521 498
4 324 499 522 345
4 323 498 499 324
4 521 344 345 522
4 323 324 345 344
4 498 521 522 499
4 324 345 522 499
4 325 500 523 346
4 324 499 500 325
4 522 345 346 523
4 324 325 346 345
4 499 522 523 500
4 325 346 523 500
4 326 501 524 347
4 325 500 501 326
4 523 346 347 524
4 325 326 347 346
4 500 523 524 501
4 326 347 524 501
4 327 502 525 348
4 326 501 502 327
4 524 347 348 525
4 326 327 348 347
4 501 524 525 502
4 327 348 525 502
4 328 503 526 349
4 327 502 503 328
4 525 348 349 526
4 327 328 349 348
4 502 525 526 503
4 328 349 526 503
4 329 504 527 350
4 328 503 504 329
4 526 349 350 527
4 328 329 350 349
4 503 526 527 504
4 329 350 527 504
4 330 505 528 351
4 329 504 505 330
4 527 350 351 528
4 329 330 351 350
4 504 527 528 505
4 330 351 528 505
4 331 506 529 352
4 330 505 506 331
4 528 351 352 529
4 330 331 352 351
4 505 528 529 506
4 331 352 529 506
4 332 507 530 353
4 331 506 507 332
4 529 352 353 530
4 331 332 353 352
4 506 529 530 507
4 332 353 530 507
4 333 508 531 354
4 332 507 508 333
4 530 353 354 531
4 332 333 354 353
4 507 530 531 508
4 333 354 531 508
4 334 509 532 355
4 333 508 509 334
4 531 354 355 532
4 333 334 355 354
4 508 531 532 509
4 334 355 532 509
4 335 510 533 356
4 334 509 510 335
4 532 355 356 533
4 334 335 356 355
4 509 532 533 510
4 336 359 536 513
4 337 514 537 360
4 336 513 514 337
4 536 359 360 537
4 336 337 360 359
4 513 536 537 514
4 337 360 537 514
4 338 515 538 361
4 337 514 515 338
4 537 360 361 538
4 337 338 361 360
4 514 537 538 515
4 338 361 538 515
4 339 516 539 362
4 338 515 516 339
4 538 361 362 539
4 338 339 362 361
4 515 538 539 516
4 340 365 542 517
4 341 518 543 366
4 340 517 518 341
4 542 365 366 543
4 340 341 366 365
4 517 542 543 518
4 341 366 543 518
4 342 519 544 367
4 341 518 519 342
4 543 366 367 544
4 341 342 367 366
4 518 543 544 519
4 344 368 546 521
4 345 522 547 369
4 344 521 522 345
4 546 368 369 547
4 344 345 369 368
4 521 546 547 522
4 345 369 547 522
4 346 523 548 370
4 345 522 523 346
4 547 369 370 548
4 345 346 370 369
4 522 547 548 523
4 354 377 553 531
4 355 532 554 378
4 354 531 532 355
4 553 377 378 554
4 354 355 378 377
4 531 553 554 532
4 355 378 554 532
4 356 533 555 379
4 355 532 533 356
4 554 378 379 555
4 355 356 379 378
4 532 554 555 533
4 356 379 555 533
4 357 534 556 380
4 356 533 534 357
4 555 379 380 556
4 356 357 380 379
4 533 555 556 534
4 359 382 558 536
4 360 537 559 383
4 359 536 537 360
4 558 382 383 559
4 359 360 383 382
4 536 558 559 537
4 361 384 560 538
4 362 539 561 385
4 361 538 539 362
4 560 384 385 561
4 361 362 385 384
4 538 560 561 539
4 362 385 561 539
4 363 540 562 386
4 362 539 540 363
4 561 385 386 562
4 362 363 386 385
4 539 561 562 540
4 364 387 563 541
4 365 542 564 388
4 364 541 542 365
4 563 387 388 564
4 364 365 388 387
4 541 563 564 542
4 365 388 564 542
4 366 543 565 389
4 365 542 543 366
4 564 388 389 565
4 365 366 389 388
4 542 564 565 543
4 378 396 572 554
4 379 555 573 397
4 378 554 555 379
4 572 396 397 573
4 378 379 397 396
4 554 572 573 555
4 379 397 573 555
4 380 556 574 398
4 379 555 556 380
4 573 397 398 574
4 379 380 398 397
4 555 573 574 556
4 381 399 575 557
4 382 558 576 400
4 381 557 558 382
4 575 399 400 576
4 381 382 400 399
4 557 575 576 558
4 382 400 576 558
4 383 559 577 401
4 382 558 559 383
4 576 400 401 577
4 382 383 401 400
4 558 576 577 559
4 385 403 578 561
4 386 562 579 404
4 385 561 562 386
4 578 403 404 579
4 385 386 404 403
4 561 578 579 562
4 387 405 580 563
4 388 564 581 406
4 387 563 564 388
4 580 405 406 581
4 387 388 406 405
4 563 580 581 564
4 388 406 581 564
4 389 565 582 407
4 388 564 565 389
4 581 406 407 582
4 388 389 407 406
4 564 581 582 565
4 396 415 588 572
4 397 573 589 416
4 396 572 573 397
4 588 415 416 589
4 396 397 416 415
4 572 588 589 573
4 397 416 589 573
4 398 574 590 417
4 397 573 574 398
4 589 416 417 590
4 397 398 417 416
4 573 589 590 574
4 399 418 591 575
4 400 576 592 419
4 399 575 576 400
4 591 418 419 592
4 399 400 419 418
4 575 591 592 576
4 400 419 592 576
4 401 577 593 420
4 400 576 577 401
4 592 419 420 593
4 400 401 420 419
4 576 592 593 577
4 403 422 595 578
4 404 579 596 423
4 403 578 579 404
4 595 422 423 596
4 403 404 423 422
4 578 595 596 579
4 405 424 597 580
4 406 581 598 425
4 405 580 581 406
4 597 424 425 598
4 405 406 425 424
4 580 597 598 581
4 406 425 598 581
4 407 582 599 426
4 406 581 582 407
4 598 425 426 599
4 406 407 426 425
4 581 598 599 582
4 415 440 609 588
4 416 589 610 441
4 415 588 589 416
4 609 440 441 610
4 415 416 441 440
4 588 609 610 589
4 416 441 610 589
4 417 590 611 442
4 416 589 590 417
4 610 441 442 611
4 416 417 442 441
4 589 610 611 590
4 418 443 612 591
4 419 592 613 444
4 418 591 592 419
4 612 443 444 613
4 418 419 444 443
4 591 612 613 592
4 419 444 613 592
4 420 593 614 445
4 419 592 593 420
4 613 444 445 614
4 419 420 445 444
4 592 613 614 593
4 421 446 615 594
4 422 595 616 447
4 421 594 595 422
4 615 446 447 616
4 421 422 447 446
4 594 615 616 595
4 422 447 616 595
4 423 596 617 448
4 422 595 596 423
4 616 447 448 617
4 422 423 448 447
4 595 616 617 596
4 425 449 618 598
4 426 599 619 450
4 425 598 599 426
4 618 449 450 619
4 425 426 450 449
4 598 618 619 599
4 426 450 619 599
4 427 600 620 451
4 426 599 600 427
4 619 450 451 620
4 426 427 451 450
4 599 619 620 600
4 429 453 622 602
4 430 603 623 454
4 429 602 603 430
4 622 453 454 623
4 429 430 454 453
4 602 622 623 603
4 430 454 623 603
4 431 604 624 455
4 430 603 604 431
4 623 454 455 624
4 430 431 455 454
4 603 623 624 604
4 431 455 624 604
4 432 605 625 456
4 431 604 605 432
4 624 455 456 625
4 431 432 456 455
4 604 624 625 605
4 439 463 632 608
4 440 609 633 464
4 439 608 609 440
4 632 463 464 633
4 439 440 464 463
4 608 632 633 609
4 440 464 633 609
4 441 610 634 465
4 440 609 610 441
4 633 464 465 634
4 440 441 465 464
4 609 633 634 610
4 441 465 634 610
4 442 611 635 466
4 441 610 611 442
4 634 465 466 635
4 441 442 466 465
4 610 634 635 611
4 444 468 637 613
4 445 614 638 469
4 444 613 614 445
4 637 468 469 638
4 444 445 469 468
4 613 637 638 614
4 446 470 639 615
4 447 616 640 471
4 446 615 616 447
4 639 470 471 640
4 446 447 471 470
4 615 639 640 616
4 447 471 640 616
4 448 617 641 472
4 447 616 617 448
4 640 471 472 641
4 447 448 472 471
4 616 640 641 617
4 449 473 642 618
4 450 619 643 474
4 449 618 619 450
4 642 473 474 643
4 449 450 474 473
4 618 642 643 619
4 450 474 643 619
4 451 620 644 475
4 450 619 620 451
4 643 474 475 644
4 450 451 475 474
4 619 643 644 620
4 451 475 644 620
4 452 621 645 476
4 451 620 621 452
4 644 475 476 645
4 451 452 476 475
4 620 644 645 621
4 452 476 645 621
4 453 622 646 477
4 452 621 622 453
4 645 476 477 646
4 452 453 477 476
4 621 645 646 622
4 453 477 646 622
4 454 623 647 478
4 453 622 623 454
4 646 477 478 647
4 453 454 478 477
4 622 646 647 623
4 454 478 647 623
4 455 624 648 479
4 454 623 624 455
4 647 478 479 648
4 454 455 479 478
4 623 647 648 624
4 455 479 648 624
4 456 625 649 480
4 455 624 625 456
4 648 479 480 649
4 455 456 480 479
4 624 648 649 625
4 456 480 649 625
4 457 626 650 481
4 456 625 626 457
4 649 480 481 650
4 456 457 481 480
4 625 649 650 626
4 457 481 650 626
4 458 627 651 482
4 457 626 627 458
4 650 481 482 651
4 457 458 482 481
4 626 650 651 627
4 458 482 651 627
4 459 628 652 483
4 458 627 628 459
4 651 482 483 652
4 458 459 483 482
4 627 651 652 628
4 459 483 652 628
4 460 629 653 484
4 459 628 629 460
4 652 483 484 653
4 459 460 484 483
4 628 652 653 629
4 460 484 653 629
4 461 630 654 485
4 460 629 630 461
4 653 484 485 654
4 460 461 485 484
4 629 653 654 630
4 461 485 654 630
4 462 631 655 486
4 461 630 631 462
4 654 485 486 655
4 461 462 486 485
4 630 654 655 631
4 462 486 655 631
4 463 632 656 487
4 462 631 632 463
4 655 486 487 656
4 462 463 487 486
4 631 655 656 632
4 463 487 656 632
4 464 633 657 488
4 463 632 633 464
4 656 487 488 657
4 463 464 488 487
4 632 656 657 633
4 464 488 657 633
4 465 634 658 489
4 464 633 634 465
4 657 488 489 658
4 464 465 489 488
4 633 657 658 634
4 468 490 661 637
4 469 638 662 491
4 468 637 638 469
4 661 490 491 662
4 468 469 491 490
4 637 661 662 638
4 469 491 662 638
4 470 639 663 492
4 469 638 639 470
4 662 491 492 663
4 469 470 492 491
4 638 662 663 639
4 470 492 663 639
4 471 640 664 493
4 470 639 640 471
4 663 492 493 664
4 470 471 493 492
4 639 663 664 640
4 494 517 688 665
4 495 666 689 518
4 494 665 666 495
4 688 517 518 689
4 494 495 518 517
4 665 688 689 666
4 495 518 689 666
4 496 667 690 519
4 495 666 667 496
4 689 518 519 690
4 495 496 519 518
4 666 689 690 667
4 496 519 690 667
4 497 668 691 520
4 496 667 668 497
4 690 519 520 691
4 496 497 520 519
4 667 690 691 668
4 497 520 691 668
4 498 669 692 521
4 497 668 669 498
4 691 520 521 692
4 497 498 521 520
4 668 691 692 669
4 498 521 692 669
4 499 670 693 522
4 498 669 670 499
4 692 521 522 693
4 498 499 522 521
4 669 692 693 670
4 499 522 693 670
4 500 671 694 523
4 499 670 671 500
4 693 522 523 694
4 499 500 523 522
4 670 693 694 671
4 500 523 694 671
4 501 672 695 524
4 500 671 672 501
4 694 523 524 695
4 500 501 524 523
4 671 694 695 672
4 501 524 695 672
4 502 673 696 525
4 501 672 673 502
4 695 524 525 696
4 501 502 525 524
4 672 695 696 673
4 502 525 696 673
4 503 674 697 526
4 502 673 674 503
4 696 525 526 697
4 502 503 526 525
4 673 696 697 674
4 503 526 697 674
4 504 675 698 527
4 503 674 675 504
4 697 526 527 698
4 503 504 527 526
4 674 697 698 675
4 504 527 698 675
4 505 676 699 528
4 504 675 676 505
4 698 527 528 699
4 504 505 528 527
4 675 698 699 676
4 505 528 699 676
4 506 677 700 529
4 505 676 677 506
4 699 528 529 700
4 505 506 529 528
4 676 699 700 677
4 506 529 700 677
4 507 678 701 530
4 506 677 678 507
4 700 529 530 701
4 506 507 530 529
4 677 700 701 678
4 507 530 701 678
4 508 679 702 531
4 507 678 679 508
4 701 530 531 702
4 507 508 531 530
4 678 701 702 679
4 508 531 702 679
4 509 680 703 532
4 508 679 680 509
4 702 531 532 703
4 508 509 532 531
4 679 702 703 680
4 509 532 703 680
4 510 681 704 533
4 509 680 681 510
4 703 532 533 704
4 509 510 533 532
4 680 703 704 681
4 510 533 704 681
4 511 682 705 534
4 510 681 682 511
4 704 533 534 705
4 510 511 534 533
4 681 704 705 682
4 512 535 706 683
4 513 684 707 536
4 512 683 684 513
4 706 535 536 707
4 512 513 536 535
4 683 706 707 684
4 513 536 707 684
4 514 685 708 537
4 513 684 685 514
4 707 536 537 708
4 513 514 537 536
4 684 707 708 685
4 514 537 708 685
4 515 686 709 538
4 514 685 686 515
4 708 537 538 709
4 514 515 538 537
4 685 708 709 686
4 515 538 709 686
4 516 687 710 539
4 515 686 687 516
4 709 538 539 710
4 515 516 539 538
4 686 709 710 687
4 517 542 713 688
4 518 689 714 543
4 517 688 689 518
4 713 542 543 714
4 517 518 543 542
4 688 713 714 689
4 519 544 715 690
4 520 691 716 545
4 519 690 691 520
4 715 544 545 716
4 519 520 545 544
4 690 715 716 691
4 520 545 716 691
4 521 692 717 546
4 520 691 692 521
4 716 545 546 717
4 520 521 546 545
4 691 716 717 692
4 521 546 717 692
4 522 693 718 547
4 521 692 693 522
4 717 546 547 718
4 521 522 547 546
4 692 717 718 693
4 522 547 718 693
4 523 694 719 548
4 522 693 694 523
4 718 547 548 719
4 522 523 548 547
4 693 718 719 694
4 523 548 719 694
4 524 695 720 549
4 523 694 695 524
4 719 548 549 720
4 523 524 549 548
4 694 719 720 695
4 524 549 720 695
4 525 696 721 550
4 524 695 696 525
4 720 549 550 721
4 524 525 550 549
4 695 720 721 696
4 525 550 721 696
4 526 697 722 551
4 525 696 697 526
4 721 550 551 722
4 525 526 551 550
4 696 721 722 697
4 526 551 722 697
4 527 698 723 552
4 526 697 698 527
4 722 551 552 723
4 526 527 552 551
4 697 722 723 698
4 532 554 728 703
4 533 704 729 555
4 532 703 704 533
4 728 554 555 729
4 532 533 555 554
4 703 728 729 704
4 533 555 729 704
4 534 705 730 556
4 533 704 705 534
4 729 555 556 730
4 533 534 556 555
4 704 729 730 705
4 534 556 730 705
4 535 706 731 557
4 534 705 706 535
4 730 556 557 731
4 534 535 557 556
4 705 730 731 706
4 535 557 731 706
4 536 707 732 558
4 535 706 707 536
4 731 557 558 732
4 535 536 558 557
4 706 731 732 707
4 536 558 732 707
4 537 708 733 559
4 536 707 708 537
4 732 558 559 733
4 536 537 559 558
4 707 732 733 708
4 538 560 734 709
4 539 710 735 561
4 538 709 710 539
4 734 560 561 735
4 538 539 561 560
4 709 734 735 710
4 539 561 735 710
4 540 711 736 562
4 539 710 711 540
4 735 561 562 736
4 539 540 562 561
4 710 735 736 711
4 541 563 737 712
4 542 713 738 564
4 541 712 713 542
4 737 563 564 738
4 541 542 564 563
4 712 737 738 713
4 542 564 738 713
4 543 714 739 565
4 542 713 714 543
4 738 564 565 739
4 542 543 565 564
4 713 738 739 714
4 545 566 741 716
4 546 717 742 567
4 545 716 717 546
4 741 566 567 742
4 545 546 567 566
4 716 741 742 717
4 546 567 742 717
4 547 718 743 568
4 546 717 718 547
4 742 567 568 743
4 546 547 568 567
4 717 742 743 718
4 547 568 743 718
4 548 719 744 569
4 547 718 719 548
4 743 568 569 744
4 547 548 569 568
4 718 743 744 719
4 548 569 744 719
4 549 720 745 570
4 548 719 720 549
4 744 569 570 745
4 548 549 570 569
4 719 744 745 720
4 549 570 745 720
4 550 721 746 571
4 549 720 721 550
4 745 570 571 746
4 549 550 571 570
4 720 745 746 721
4 555 573 750 729
4 556 730 751 574
4 555 729 730 556
4 750 573 574 751
4 555 556 574 573
4 729 750 751 730
4 556 574 751 730
4 557 731 752 575
4 556 730 731 557
4 751 574 575 752
4 556 557 575 574
4 730 751 752 731
4 557 575 752 731
4 558 732 753 576
4 557 731 732 558
4 752 575 576 753
4 557 558 576 575
4 731 752 753 732
4 558 576 753 732
4 559 733 754 577
4 558 732 733 559
4 753 576 577 754
4 558 559 577 576
4 732 753 754 733
4 561 578 755 735
4 562 736 756 579
4 561 735 736 562
4 755 578 579 756
4 561 562 579 578
4 735 755 756 736
4 563 580 757 737
4 564 738 758 581
4 563 737 738 564
4 757 580 581 758
4 563 564 581 580
4 737 757 758 738
4 564 581 758 738
4 565 739 759 582
4 564 738 739 565
4 758 581 582 759
4 564 565 582 581
4 738 758 759 739
4 567 583 762 742
4 568 743 763 584
4 567 742 743 568
4 762 583 584 763
4 567 568 584 583
4 742 762 763 743
4 568 584 763 743
4 569 744 764 585
4 568 743 744 569
4 763 584 585 764
4 568 569 585 584
4 743 763 764 744
4 569 585 764 744
4 570 745 765 586
4 569 744 745 570
4 764 585 586 765
4 569 570 586 585
4 744 764 765 745
4 570 586 765 745
4 571 746 766 587
4 570 745 746 571
4 765 586 587 766
4 570 571 587 586
4 745 765 766 746
4 573 589 770 750
4 574 751 771 590
4 573 750 751 574
4 770 589 590 771
4 573 574 590 589
4 750 770 771 751
4 574 590 771 751
4 575 752 772 591
4 574 751 752 575
4 771 590 591 772
4 574 575 591 590
4 751 771 772 752
4 575 591 772 752
4 576 753 773 592
4 575 752 753 576
4 772 591 592 773
4 575 576 592 591
4 752 772 773 753
4 576 592 773 753
4 577 754 774 593
4 576 753 754 577
4 773 592 593 774
4 576 577 593 592
4 753 773 774 754
4 578 595 775 755
4 579 756 776 596
4 578 755 756 579
4 775 595 596 776
4 578 579 596 595
4 755 775 776 756
4 580 597 777 757
4 581 758 778 598
4 580 757 758 581
4 777 597 598 778
4 580 581 598 597
4 757 777 778 758
4 581 598 778 758
4 582 759 779 599
4 581 758 759 582
4 778 598 599 779
4 581 582 599 598
4 758 778 779 759
4 583 602 782 762
4 584 763 783 603
4 583 762 763 584
4 782 602 603 783
4 583 584 603 602
4 762 782 783 763
4 584 603 783 763
4 585 764 784 604
4 584 763 764 585
4 783 603 604 784
4 584 585 604 603
4 763 783 784 764
4 585 604 784 764
4 586 765 785 605
4 585 764 765 586
4 784 604 605 785
4 585 586 605 604
4 764 784 785 765
4 586 605 785 765
4 587 766 786 606
4 586 765 766 587
4 785 605 606 786
4 586 587 606 605
4 765 785 786 766
4 589 610 792 770
4 590 771 793 611
4 589 770 771 590
4 792 610 611 793
4 589 590 611 610
4 770 792 793 771
4 590 611 793 771
4 591 772 794 612
4 590 771 772 591
4 793 611 612 794
4 590 591 612 611
4 771 793 794 772
4 591 612 794 772
4 592 773 795 613
4 591 772 773 592
4 794 612 613 795
4 591 592 613 612
4 772 794 795 773
4 592 613 795 773
4 593 774 796 614
4 592 773 774 593
4 795 613 614 796
4 592 593 614 613
4 773 795 796 774
4 595 616 798 775
4 596 776 799 617
4 595 775 776 596
4 798 616 617 799
4 595 596 617 616
4 775 798 799 776
4 598 618 800 778
4 599 779 801 619
4 598 778 779 599
4 800 618 619 801
4 598 599 619 618
4 778 800 801 779
4 600 620 802 780
4 601 781 803 621
4 600 780 781 601
4 802 620 621 803
4 600 601 621 620
4 780 802 803 781
4 601 621 803 781
4 602 782 804 622
4 601 781 782 602
4 803 621 622 804
4 601 602 622 621
4 781 803 804 782
4 602 622 804 782
4 603 783 805 623
4 602 782 783 603
4 804 622 623 805
4 602 603 623 622
4 782 804 805 783
4 603 623 805 783
4 604 784 806 624
4 603 783 784 604
4 805 623 624 806
4 603 604 624 623
4 783 805 806 784
4 604 624 806 784
4 605 785 807 625
4 604 784 785 605
4 806 624 625 807
4 604 605 625 624
4 784 806 807 785
4 605 625 807 785
4 606 786 808 626
4 605 785 786 606
4 807 625 626 808
4 605 606 626 625
4 785 807 808 786
4 606 626 808 786
4 607 787 809 627
4 606 786 787 607
4 808 626 627 809
4 606 607 627 626
4 786 808 809 787
4 609 633 815 791
4 610 792 816 634
4 609 791 792 610
4 815 633 634 816
4 609 610 634 633
4 791 815 816 792
4 610 634 816 792
4 611 793 817 635
4 610 792 793 611
4 816 634 635 817
4 610 611 635 634
4 792 816 817 793
4 611 635 817 793
4 612 794 818 636
4 611 793 794 612
4 817 635 636 818
4 611 612 636 635
4 793 817 818 794
4 612 636 818 794
4 613 795 819 637
4 612 794 795 613
4 818 636 637 819
4 612 613 637 636
4 794 818 819 795
4 613 637 819 795
4 614 796 820 638
4 613 795 796 614
4 819 637 638 820
4 613 614 638 637
4 795 819 820 796
4 615 639 821 797
4 616 798 822 640
4 615 797 798 616
4 821 639 640 822
4 615 616 640 639
4 797 821 822 798
4 616 640 822 798
4 617 799 823 641
4 616 798 799 617
4 822 640 641 823
4 616 617 641 640
4 798 822 823 799
4 618 642 824 800
4 619 801 825 643
4 618 800 801 619
4 824 642 643 825
4 618 619 643 642
4 800 824 825 801
4 619 643 825 801
4 620 802 826 644
4 619 801 802 620
4 825 643 644 826
4 619 620 644 643
4 801 825 826 802
4 620 644 826 802
4 621 803 827 645
4 620 802 803 621
4 826 644 645 827
4 620 621 645 644
4 802 826 827 803
4 621 645 827 803
4 622 804 828 646
4 621 803 804 622
4 827 645 646 828
4 621 622 646 645
4 803 827 828 804
4 622 646 828 804
4 623 805 829 647
4 622 804 805 623
4 828 646 647 829
4 622 623 647 646
4 804 828 829 805
4 624 648 830 806
4 625 807 831 649
4 624 806 807 625
4 830 648 649 831
4 624 625 649 648
4 806 830 831 807
4 625 649 831 807
4 626 808 832 650
4 625 807 808 626
4 831 649 650 832
4 625 626 650 649
4 807 831 832 808
4 626 650 832 808
4 627 809 833 651
4 626 808 809 627
4 832 650 651 833
4 626 627 651 650
4 808 832 833 809
4 627 651 833 809
4 628 810 834 652
4 627 809 810 628
4 833 651 652 834
4 627 628 652 651
4 809 833 834 810
4 628 652 834 810
4 629 811 835 653
4 628 810 811 629
4 834 652 653 835
4 628 629 653 652
4 810 834 835 811
4 629 653 835 811
4 630 812 836 654
4 629 811 812 630
4 835 653 654 836
4 629 630 654 653
4 811 835 836 812
4 630 654 836 812
4 631 813 837 655
4 630 812 813 631
4 836 654 655 837
4 630 631 655 654
4 812 836 837 813
4 631 655 837 813
4 632 814 838 656
4 631 813 814 632
4 837 655 656 838
4 631 632 656 655
4 813 837 838 814
4 632 656 838 814
4 633 815 839 657
4 632 814 815 633
4 838 656 657 839
4 632 633 657 656
4 814 838 839 815
4 633 657 839 815
4 634 816 840 658
4 633 815 816 634
4 839 657 658 840
4 633 634 658 657
4 815 839 840 816
4 634 658 840 816
4 635 817 841 659
4 634 816 817 635
4 840 658 659 841
4 634 635 659 658
4 816 840 841 817
4 635 659 841 817
4 636 818 842 660
4 635 817 818 636
4 841 659 660 842
4 635 636 660 659
4 817 841 842 818
4 636 660 842 818
4 637 819 843 661
4 636 818 819 637
4 842 660 661 843
4 636 637 661 660
4 818 842 843 819
4 637 661 843 819
4 638 820 844 662
4 637 819 820 638
4 843 661 662 844
4 637 638 662 661
4 819 843 844 820
4 638 662 844 820
4 639 821 845 663
4 638 820 821 639
4 844 662 663 845
4 638 639 663 662
4 820 844 845 821
4 639 663 845 821
4 640 822 846 664
4 639 821 822 640
4 845 663 664 846
4 639 640 664 663
4 821 845 846 822
4 674 697 868 847
4 675 848 869 698
4 674 847 848 675
4 868 697 698 869
4 674 675 698 697
4 847 868 869 848
4 675 698 869 848
4 676 849 870 699
4 675 848 849 676
4 869 698 699 870
4 675 676 699 698
4 848 869 870 849
4 676 699 870 849
4 677 850 871 700
4 676 849 850 677
4 870 699 700 871
4 676 677 700 699
4 849 870 871 850
4 677 700 871 850
4 678 851 872 701
4 677 850 851 678
4 871 700 701 872
4 677 678 701 700
4 850 871 872 851
4 678 701 872 851
4 679 852 873 702
4 678 851 852 679
4 872 701 702 873
4 678 679 702 701
4 851 872 873 852
4 679 702 873 852
4 680 853 874 703
4 679 852 853 680
4 873 702 703 874
4 679 680 703 702
4 852 873 874 853
4 680 703 874 853
4 681 854 875 704
4 680 853 854 681
4 874 703 704 875
4 680 681 704 703
4 853 874 875 854
4 681 704 875 854
4 682 855 876 705
4 681 854 855 682
4 875 704 705 876
4 681 682 705 704
4 854 875 876 855
4 682 705 876 855
4 683 856 877 706
4 682 855 856 683
4 876 705 706 877
4 682 683 706 705
4 855 876 877 856
4 683 706 877 856
4 684 857 878 707
4 683 856 857 684
4 877 706 707 878
4 683 684 707 706
4 856 877 878 857
4 684 707 878 857
4 685 858 879 708
4 684 857 858 685
4 878 707 708 879
4 684 685 708 707
4 857 878 879 858
4 685 708 879 858
4 686 859 880 709
4 685 858 859 686
4 879 708 709 880
4 685 686 709 708
4 858 879 880 859
4 686 709 880 859
4 687 860 881 710
4 686 859 860 687
4 880 709 710 881
4 686 687 710 709
4 859 880 881 860
4 688 713 884 861
4 689 862 885 714
4 688 861 862 689
4 884 713 714 885
4 688 689 714 713
4 861 884 885 862
4 689 714 885 862
4 690 863 886 715
4 689 862 863 690
4 885 714 715 886
4 689 690 715 714
4 862 885 886 863
4 690 715 886 863
4 691 864 887 716
4 690 863 864 691
4 886 715 716 887
4 690 691 716 715
4 863 886 887 864
4 691 716 887 864
4 692 865 888 717
4 691 864 865 692
4 887 716 717 888
4 691 692 717 716
4 864 887 888 865
4 695 720 890 866
4 696 867 891 721
4 695 866 867 696
4 890 720 721 891
4 695 696 721 720
4 866 890 891 867
4 696 721 891 867
4 697 868 892 722
4 696 867 868 697
4 891 721 722 892
4 696 697 722 721
4 867 891 892 868
4 697 722 892 868
4 698 869 893 723
4 697 868 869 698
4 892 722 723 893
4 697 698 723 722
4 868 892 893 869
4 698 723 893 869
4 699 870 894 724
4 698 869 870 699
4 893 723 724 894
4 698 699 724 723
4 869 893 894 870
4 699 724 894 870
4 700 871 895 725
4 699 870 871 700
4 894 724 725 895
4 699 700 725 724
4 870 894 895 871
4 700 725 895 871
4 701 872 896 726
4 700 871 872 701
4 895 725 726 896
4 700 701 726 725
4 871 895 896 872
4 701 726 896 872
4 702 873 897 727
4 701 872 873 702
4 896 726 727 897
4 701 702 727 726
4 872 896 897 873
4 705 730 900 876
4 706 877 901 731
4 705 876 877 706
4 900 730 731 901
4 705 706 731 730
4 876 900 901 877
4 706 731 901 877
4 707 878 902 732
4 706 877 878 707
4 901 731 732 902
4 706 707 732 731
4 877 901 902 878
4 709 734 903 880
4 710 881 904 735
4 709 880 881 710
4 903 734 735 904
4 709 710 735 734
4 880 903 904 881
4 710 735 904 881
4 711 882 905 736
4 710 881 882 711
4 904 735 736 905
4 710 711 736 735
4 881 904 905 882
4 712 737 906 883
4 713 884 907 738
4 712 883 884 713
4 906 737 738 907
4 712 713 738 737
4 883 906 907 884
4 713 738 907 884
4 714 885 908 739
4 713 884 885 714
4 907 738 739 908
4 713 714 739 738
4 884 907 908 885
4 714 739 908 885
4 715 886 909 740
4 714 885 886 715
4 908 739 740 909
4 714 715 740 739
4 885 908 909 886
4 715 740 909 886
4 716 887 910 741
4 715 886 887 716
4 909 740 741 910
4 715 716 741 740
4 886 909 910 887
4 716 741 910 887
4 717 888 911 742
4 716 887 888 717
4 910 741 742 911
4 716 717 742 741
4 887 910 911 888
4 717 742 911 888
4 718 889 912 743
4 717 888 889 718
4 911 742 743 912
4 717 718 743 742
4 888 911 912 889
4 720 745 913 890
4 721 891 914 746
4 720 890 891 721
4 913 745 746 914
4 720 721 746 745
4 890 913 914 891
4 721 746 914 891
4 722 892 915 747
4 721 891 892 722
4 914 746 747 915
4 721 722 747 746
4 891 914 915 892
4 722 747 915 892
4 723 893 916 748
4 722 892 893 723
4 915 747 748 916
4 722 723 748 747
4 892 915 916 893
4 723 748 916 893
4 724 894 917 749
4 723 893 894 724
4 916 748 749 917
4 723 724 749 748
4 893 916 917 894
4 735 755 923 904
4 736 905 924 756
4 735 904 905 736
4 923 755 756 924
4 735 736 756 755
4 904 923 924 905
4 737 757 925 906
4 738 907 926 758
4 737 906 907 738
4 925 757 758 926
4 737 738 758 757
4 906 925 926 907
4 740 760 928 909
4 741 910 929 761
4 740 909 910 741
4 928 760 761 929
4 740 741 761 760
4 909 928 929 910
4 741 761 929 910
4 742 911 930 762
4 741 910 911 742
4 929 761 762 930
4 741 742 762 761
4 910 929 930 911
4 742 762 930 911
4 743 912 931 763
4 742 911 912 743
4 930 762 763 931
4 742 743 763 762
4 911 930 931 912
4 745 765 932 913
4 746 914 933 766
4 745 913 914 746
4 932 765 766 933
4 745 746 766 765
4 913 932 933 914
4 746 766 933 914
4 747 915 934 767
4 746 914 915 747
4 933 766 767 934
4 746 747 767 766
4 914 933 934 915
4 747 767 934 915
4 748 916 935 768
4 747 915 916 748
4 934 767 768 935
4 747 748 768 767
4 915 934 935 916
4 755 775 942 923
4 756 924 943 776
4 755 923 924 756
4 942 775 776 943
4 755 756 776 775
4 923 942 943 924
4 757 777 944 925
4 758 926 945 778
4 757 925 926 758
4 944 777 778 945
4 757 758 778 777
4 925 944 945 926
4 758 778 945 926
4 759 927 946 779
4 758 926 927 759
4 945 778 779 946
4 758 759 779 778
4 926 945 946 927
4 759 779 946 927
4 760 928 947 780
4 759 927 928 760
4 946 779 780 947
4 759 760 780 779
4 927 946 947 928
4 760 780 947 928
4 761 929 948 781
4 760 928 929 761
4 947 780 781 948
4 760 761 781 780
4 928 947 948 929
4 761 781 948 929
4 762 930 949 782
4 761 929 930 762
4 948 781 782 949
4 761 762 782 781
4 929 948 949 930
4 762 782 949 930
4 763 931 950 783
4 762 930 931 763
4 949 782 783 950
4 762 763 783 782
4 930 949 950 931
4 765 785 951 932
4 766 933 952 786
4 765 932 933 766
4 951 785 786 952
4 765 766 786 785
4 932 951 952 933
4 766 786 952 933
4 767 934 953 787
4 766 933 934 767
4 952 786 787 953
4 766 767 787 786
4 933 952 953 934
4 767 787 953 934
4 768 935 954 788
4 767 934 935 768
4 953 787 788 954
4 767 768 788 787
4 934 953 954 935
4 768 788 954 935
4 769 936 955 789
4 768 935 936 769
4 954 788 789 955
4 768 769 789 788
4 935 954 955 936
4 775 798 965 942
4 776 943 966 799
4 775 942 943 776
4 965 798 799 966
4 775 776 799 798
4 942 965 966 943
4 778 800 967 945
4 779 946 968 801
4 778 945 946 779
4 967 800 801 968
4 778 779 801 800
4 945 967 968 946
4 779 801 968 946
4 780 947 969 802
4 779 946 947 780
4 968 801 802 969
4 779 780 802 801
4 946 968 969 947
4 780 802 969 947
4 781 948 970 803
4 780 947 948 781
4 969 802 803 970
4 780 781 803 802
4 947 969 970 948
4 781 803 970 948
4 782 949 971 804
4 781 948 949 782
4 970 803 804 971
4 781 782 804 803
4 948 970 971 949
4 786 808 972 952
4 787 953 973 809
4 786 952 953 787
4 972 808 809 973
4 786 787 809 808
4 952 972 973 953
4 787 809 973 953
4 788 954 974 810
4 787 953 954 788
4 973 809 810 974
4 787 788 810 809
4 953 973 974 954
4 788 810 974 954
4 789 955 975 811
4 788 954 955 789
4 974 810 811 975
4 788 789 811 810
4 954 974 975 955
4 789 811 975 955
4 790 956 976 812
4 789 955 956 790
4 975 811 812 976
4 789 790 812 811
4 955 975 976 956
4 793 817 981 961
4 794 962 982 818
4 793 961 962 794
4 981 817 818 982
4 793 794 818 817
4 961 981 982 962
4 794 818 982 962
4 795 963 983 819
4 794 962 963 795
4 982 818 819 983
4 794 795 819 818
4 962 982 983 963
4 797 821 985 964
4 798 965 986 822
4 797 964 965 798
4 985 821 822 986
4 797 798 822 821
4 964 985 986 965
4 798 822 986 965
4 799 966 987 823
4 798 965 966 799
4 986 822 823 987
4 798 799 823 822
4 965 986 987 966
4 800 824 988 967
4 801 968 989 825
4 800 967 968 801
4 988 824 825 989
4 800 801 825 824
4 967 988 989 968
4 801 825 989 968
4 802 969 990 826
4 801 968 969 802
4 989 825 826 990
4 801 802 826 825
4 968 989 990 969
4 802 826 990 969
4 803 970 991 827
4 802 969 970 803
4 990 826 827 991
4 802 803 827 826
4 969 990 991 970
4 808 832 992 972
4 809 973 993 833
4 808 972 973 809
4 992 832 833 993
4 808 809 833 832
4 972 992 993 973
4 809 833 993 973
4 810 974 994 834
4 809 973 974 810
4 993 833 834 994
4 809 810 834 833
4 973 993 994 974
4 810 834 994 974
4 811 975 995 835
4 810 974 975 811
4 994 834 835 995
4 810 811 835 834
4 974 994 995 975
4 811 835 995 975
4 812 976 996 836
4 811 975 976 812
4 995 835 836 996
4 811 812 836 835
4 975 995 996 976
4 812 836 996 976
4 813 977 997 837
4 812 976 977 813
4 996 836 837 997
4 812 813 837 836
4 976 996 997 977
4 813 837 997 977
4 814 978 998 838
4 813 977 978 814
4 997 837 838 998
4 813 814 838 837
4 977 997 998 978
4 814 838 998 978
4 815 979 999 839
4 814 978 979 815
4 998 838 839 999
4 814 815 839 838
4 978 998 999 979
4 815 839 999 979
4 816 980 1000 840
4 815 979 980 816
4 999 839 840 1000
4 815 816 840 839
4 979 999 1000 980
4 816 840 1000 980
4 817 981 1001 841
4 816 980 981 817
4 1000 840 841 1001
4 816 817 841 840
4 980 1000 1001 981
4 817 841 1001 981
4 818 982 1002 842
4 817 981 982 818
4 1001 841 842 1002
4 817 818 842 841
4 981 1001 1002 982
4 818 842 1002 982
4 819 983 1003 843
4 818 982 983 819
4 1002 842 843 1003
4 818 819 843 842
4 982 1002 1003 983
4 819 843 1003 983
4 820 984 1004 844
4 819 983 984 820
4 1003 843 844 1004
4 819 820 844 843
4 983 1003 1004 984
4 820 844 1004 984
4 821 985 1005 845
4 820 984 985 821
4 1004 844 845 1005
4 820 821 845 844
4 984 1004 1005 985
4 821 845 1005 985
4 822 986 1006 846
4 821 985 986 822
4 1005 845 846 1006
4 821 822 846 845
4 985 1005 1006 986
4 851 872 1023 1007
4 852 1008 1024 873
4 851 1007 1008 852
4 1023 872 873 1024
4 851 852 873 872
4 1007 1023 1024 1008
4 852 873 1024 1008
4 853 1009 1025 874
4 852 1008 1009 853
4 1024 873 874 1025
4 852 853 874 873
4 1008 1024 1025 1009
4 853 874 1025 1009
4 854 1010 1026 875
4 853 1009 1010 854
4 1025 874 875 1026
4 853 854 875 874
4 1009 1025 1026 1010
4 854 875 1026 1010
4 855 1011 1027 876
4 854 1010 1011 855
4 1026 875 876 1027
4 854 855 876 875
4 1010 1026 1027 1011
4 855 876 1027 1011
4 856 1012 1028 877
4 855 1011 1012 856
4 1027 876 877 1028
4 855 856 877 876
4 1011 1027 1028 1012
4 856 877 1028 1012
4 857 1013 1029 878
4 856 1012 1013 857
4 1028 877 878 1029
4 856 857 878 877
4 1012 1028 1029 1013
4 857 878 1029 1013
4 858 1014 1030 879
4 857 1013 1014 858
4 1029 878 879 1030
4 857 858 879 878
4 1013 1029 1030 1014
4 858 879 1030 1014
4 859 1015 1031 880
4 858 1014 1015 859
4 1030 879 880 1031
4 858 859 880 879
4 1014 1030 1031 1015
4 859 880 1031 1015
4 860 1016 1032 881
4 859 1015 1016 860
4 1031 880 881 1032
4 859 860 881 880
4 1015 1031 1032 1016
4 861 884 1035 1017
4 862 1018 1036 885
4 861 1017 1018 862
4 1035 884 885 1036
4 861 862 885 884
4 1017 1035 1036 1018
4 862 885 1036 1018
4 863 1019 1037 886
4 862 1018 1019 863
4 1036 885 886 1037
4 862 863 886 885
4 1018 1036 1037 1019
4 869 893 1040 1020
4 870 1021 1041 894
4 869 1020 1021 870
4 1040 893 894 1041
4 869 870 894 893
4 1020 1040 1041 1021
4 870 894 1041 1021
4 871 1022 1042 895
4 870 1021 1022 871
4 1041 894 895 1042
4 870 871 895 894
4 1021 1041 1042 1022
4 871 895 1042 1022
4 872 1023 1043 896
4 871 1022 1023 872
4 1042 895 896 1043
4 871 872 896 895
4 1022 1042 1043 1023
4 872 896 1043 1023
4 873 1024 1044 897
4 872 1023 1024 873
4 1043 896 897 1044
4 872 873 897 896
4 1023 1043 1044 1024
4 873 897 1044 1024
4 874 1025 1045 898
4 873 1024 1025 874
4 1044 897 898 1045
4 873 874 898 897
4 1024 1044 1045 1025
4 874 898 1045 1025
4 875 1026 1046 899
4 874 1025 1026 875
4 1045 898 899 1046
4 874 875 899 898
4 1025 1045 1046 1026
4 875 899 1046 1026
4 876 1027 1047 900
4 875 1026 1027 876
4 1046 899 900 1047
4 875 876 900 899
4 1026 1046 1047 1027
4 880 903 1051 1031
4 881 1032 1052 904
4 880 1031 1032 881
4 1051 903 904 1052
4 880 881 904 903
4 1031 1051 1052 1032
4 881 904 1052 1032
4 882 1033 1053 905
4 881 1032 1033 882
4 1052 904 905 1053
4 881 882 905 904
4 1032 1052 1053 1033
4 883 906 1054 1034
4 884 1035 1055 907
4 883 1034 1035 884
4 1054 906 907 1055
4 883 884 907 906
4 1034 1054 1055 1035
4 884 907 1055 1035
4 885 1036 1056 908
4 884 1035 1036 885
4 1055 907 908 1056
4 884 885 908 907
4 1035 1055 1056 1036
4 885 908 1056 1036
4 886 1037 1057 909
4 885 1036 1037 886
4 1056 908 909 1057
4 885 886 909 908
4 1036 1056 1057 1037
4 886 909 1057 1037
4 887 1038 1058 910
4 886 1037 1038 887
4 1057 909 910 1058
4 886 887 910 909
4 1037 1057 1058 1038
4 892 915 1059 1039
4 893 1040 1060 916
4 892 1039 1040 893
4 1059 915 916 1060
4 892 893 916 915
4 1039 1059 1060 1040
4 893 916 1060 1040
4 894 1041 1061 917
4 893 1040 1041 894
4 1060 916 917 1061
4 893 894 917 916
4 1040 1060 1061 1041
4 894 917 1061 1041
4 895 1042 1062 918
4 894 1041 1042 895
4 1061 917 918 1062
4 894 895 918 917
4 1041 1061 1062 1042
4 895 918 1062 1042
4 896 1043 1063 919
4 895 1042 1043 896
4 1062 918 919 1063
4 895 896 919 918
4 1042 1062 1063 1043
4 896 919 1063 1043
4 897 1044 1064 920
4 896 1043 1044 897
4 1063 919 920 1064
4 896 897 920 919
4 1043 1063 1064 1044
4 897 920 1064 1044
4 898 1045 1065 921
4 897 1044 1045 898
4 1064 920 921 1065
4 897 898 921 920
4 1044 1064 1065 1045
4 898 921 1065 1045
4 899 1046 1066 922
4 898 1045 1046 899
4 1065 921 922 1066
4 898 899 922 921
4 1045 1065 1066 1046
4 904 923 1069 1052
4 905 1053 1070 924
4 904 1052 1053 905
4 1069 923 924 1070
4 904 905 924 923
4 1052 1069 1070 1053
4 906 925 1071 1054
4 907 1055 1072 926
4 906 1054 1055 907
4 1071 925 926 1072
4 906 907 926 925
4 1054 1071 1072 1055
4 907 926 1072 1055
4 908 1056 1073 927
4 907 1055 1056 908
4 1072 926 927 1073
4 907 908 927 926
4 1055 1072 1073 1056
4 908 927 1073 1056
4 909 1057 1074 928
4 908 1056 1057 909
4 1073 927 928 1074
4 908 909 928 927
4 1056 1073 1074 1057
4 909 928 1074 1057
4 910 1058 1075 929
4 909 1057 1058 910
4 1074 928 929 1075
4 909 910 929 928
4 1057 1074 1075 1058
4 915 934 1076 1059
4 916 1060 1077 935
4 915 1059 1060 916
4 1076 934 935 1077
4 915 916 935 934
4 1059 1076 1077 1060
4 916 935 1077 1060
4 917 1061 1078 936
4 916 1060 1061 917
4 1077 935 936 1078
4 916 917 936 935
4 1060 1077 1078 1061
4 917 936 1078 1061
4 918 1062 1079 937
4 917 1061 1062 918
4 1078 936 937 1079
4 917 918 937 936
4 1061 1078 1079 1062
4 918 937 1079 1062
4 919 1063 1080 938
4 918 1062 1063 919
4 1079 937 938 1080
4 918 919 938 937
4 1062 1079 1080 1063
4 919 938 1080 1063
4 920 1064 1081 939
4 919 1063 1064 920
4 1080 938 939 1081
4 919 920 939 938
4 1063 1080 1081 1064
4 920 939 1081 1064
4 921 1065 1082 940
4 920 1064 1065 921
4 1081 939 940 1082
4 920 921 940 939
4 1064 1081 1082 1065
4 923 942 1086 1069
4 924 1070 1087 943
4 923 1069 1070 924
4 1086 942 943 1087
4 923 924 943 942
4 1069 1086 1087 1070
4 925 944 1088 1071
4 926 1072 1089 945
4 925 1071 1072 926
4 1088 944 945 1089
4 925 926 945 944
4 1071 1088 1089 1072
4 926 945 1089 1072
4 927 1073 1090 946
4 926 1072 1073 927
4 1089 945 946 1090
4 926 927 946 945
4 1072 1089 1090 1073
4 927 946 1090 1073
4 928 1074 1091 947
4 927 1073 1074 928
4 1090 946 947 1091
4 927 928 947 946
4 1073 1090 1091 1074
4 928 947 1091 1074
4 929 1075 1092 948
4 928 1074 1075 929
4 1091 947 948 1092
4 928 929 948 947
4 1074 1091 1092 1075
4 934 953 1093 1076
4 935 1077 1094 954
4 934 1076 1077 935
4 1093 953 954 1094
4 934 935 954 953
4 1076 1093 1094 1077
4 935 954 1094 1077
4 936 1078 1095 955
4 935 1077 1078 936
4 1094 954 955 1095
4 935 936 955 954
4 1077 1094 1095 1078
4 936 955 1095 1078
4 937 1079 1096 956
4 936 1078 1079 937
4 1095 955 956 1096
4 936 937 956 955
4 1078 1095 1096 1079
4 937 956 1096 1079
4 938 1080 1097 957
4 937 1079 1080 938
4 1096 956 957 1097
4 937 938 957 956
4 1079 1096 1097 1080
4 938 957 1097 1080
4 939 1081 1098 958
4 938 1080 1081 939
4 1097 957 958 1098
4 938 939 958 957
4 1080 1097 1098 1081
4 939 958 1098 1081
4 940 1082 1099 959
4 939 1081 1082 940
4 1098 958 959 1099
4 939 940 959 958
4 1081 1098 1099 1082
4 940 959 1099 1082
4 941 1083 1100 960
4 940 1082 1083 941
4 1099 959 960 1100
4 940 941 960 959
4 1082 1099 1100 1083
4 942 965 1105 1086
4 943 1087 1106 966
4 942 1086 1087 943
4 1105 965 966 1106
4 942 943 966 965
4 1086 1105 1106 1087
4 945 967 1107 1089
4 946 1090 1108 968
4 945 1089 1090 946
4 1107 967 968 1108
4 945 946 968 967
4 1089 1107 1108 1090
4 946 968 1108 1090
4 947 1091 1109 969
4 946 1090 1091 947
4 1108 968 969 1109
4 946 947 969 968
4 1090 1108 1109 1091
4 954 974 1110 1094
4 955 1095 1111 975
4 954 1094 1095 955
4 1110 974 975 1111
4 954 955 975 974
4 1094 1110 1111 1095
4 955 975 1111 1095
4 956 1096 1112 976
4 955 1095 1096 956
4 1111 975 976 1112
4 955 956 976 975
4 1095 1111 1112 1096
4 956 976 1112 1096
4 957 1097 1113 977
4 956 1096 1097 957
4 1112 976 977 1113
4 956 957 977 976
4 1096 1112 1113 1097
4 957 977 1113 1097
4 958 1098 1114 978
4 957 1097 1098 958
4 1113 977 978 1114
4 957 958 978 977
4 1097 1113 1114 1098
4 958 978 1114 1098
4 959 1099 1115 979
4 958 1098 1099 959
4 1114 978 979 1115
4 958 959 979 978
4 1098 1114 1115 1099
4 959 979 1115 1099
4 960 1100 1116 980
4 959 1099 1100 960
4 1115 979 980 1116
4 959 960 980 979
4 1099 1115 1116 1100
4 960 980 1116 1100
4 961 1101 1117 981
4 960 1100 1101 961
4 1116 980 981 1117
4 960 961 981 980
4 1100 1116 1117 1101
4 961 981 1117 1101
4 962 1102 1118 982
4 961 1101 1102 962
4 1117 981 982 1118
4 961 962 982 981
4 1101 1117 1118 1102
4 964 985 1121 1104
4 965 1105 1122 986
4 964 1104 1105 965
4 1121 985 986 1122
4 964 965 986 985
4 1104 1121 1122 1105
4 965 986 1122 1105
4 966 1106 1123 987
4 965 1105 1106 966
4 1122 986 987 1123
4 965 966 987 986
4 1105 1122 1123 1106
4 975 995 1124 1111
4 976 1112 1125 996
4 975 1111 1112 976
4 1124 995 996 1125
4 975 976 996 995
4 1111 1124 1125 1112
4 976 996 1125 1112
4 977 1113 1126 997
4 976 1112 1113 977
4 1125 996 997 1126
4 976 977 997 996
4 1112 1125 1126 1113
4 977 997 1126 1113
4 978 1114 1127 998
4 977 1113 1114 978
4 1126 997 998 1127
4 977 978 998 997
4 1113 1126 1127 1114
4 978 998 1127 1114
4 979 1115 1128 999
4 978 1114 1115 979
4 1127 998 999 1128
4 978 979 999 998
4 1114 1127 1128 1115
4 979 999 1128 1115
4 980 1116 1129 1000
4 979 1115 1116 980
4 1128 999 1000 1129
4 979 980 1000 999
4 1115 1128 1129 1116
4 980 1000 1129 1116
4 981 1117 1130 1001
4 980 1116 1117 981
4 1129 1000 1001 1130
4 980 981 1001 1000
4 1116 1129 1130 1117
4 981 1001 1130 1117
4 982 1118 1131 1002
4 981 1117 1118 982
4 1130 1001 1002 1131
4 981 982 1002 1001
4 1117 1130 1131 1118
4 982 1002 1131 1118
4 983 1119 1132 1003
4 982 1118 1119 983
4 1131 1002 1003 1132
4 982 983 1003 1002
4 1118 1131 1132 1119
4 983 1003 1132 1119
4 984 1120 1133 1004
4 983 1119 1120 984
4 1132 1003 1004 1133
4 983 984 1004 1003
4 1119 1132 1133 1120
4 984 1004 1133 1120
4 985 1121 1134 1005
4 984 1120 1121 985
4 1133 1004 1005 1134
4 984 985 1005 1004
4 1120 1133 1134 1121
4 985 1005 1134 1121
4 986 1122 1135 1006
4 985 1121 1122 986
4 1134 1005 1006 1135
4 985 986 1006 1005
4 1121 1134 1135 1122
4 1010 1026 1144 1136
4 1011 1137 1145 1027
4 1010 1136 1137 1011
4 1144 1026 1027 1145
4 1010 1011 1027 1026
4 1136 1144 1145 1137
4 1011 1027 1145 1137
4 1012 1138 1146 1028
4 1011 1137 1138 1012
4 1145 1027 1028 1146
4 1011 1012 1028 1027
4 1137 1145 1146 1138
4 1012 1028 1146 1138
4 1013 1139 1147 1029
4 1012 1138 1139 1013
4 1146 1028 1029 1147
4 1012 1013 1029 1028
4 1138 1146 1147 1139
4 1013 1029 1147 1139
4 1014 1140 1148 1030
4 1013 1139 1140 1014
4 1147 1029 1030 1148
4 1013 1014 1030 1029
4 1139 1147 1148 1140
4 1014 1030 1148 1140
4 1015 1141 1149 1031
4 1014 1140 1141 1015
4 1148 1030 1031 1149
4 1014 1015 1031 1030
4 1140 1148 1149 1141
4 1015 1031 1149 1141
4 1016 1142 1150 1032
4 1015 1141 1142 1016
4 1149 1031 1032 1150
4 1015 1016 1032 1031
4 1141 1149 1150 1142
4 1025 1045 1153 1143
4 1026 1144 1154 1046
4 1025 1143 1144 1026
4 1153 1045 1046 1154
4 1025 1026 1046 1045
4 1143 1153 1154 1144
4 1026 1046 1154 1144
4 1027 1145 1155 1047
4 1026 1144 1145 1027
4 1154 1046 1047 1155
4 1026 1027 1047 1046
4 1144 1154 1155 1145
4 1027 1047 1155 1145
4 1028 1146 1156 1048
4 1027 1145 1146 1028
4 1155 1047 1048 1156
4 1027 1028 1048 1047
4 1145 1155 1156 1146
4 1028 1048 1156 1146
4 1029 1147 1157 1049
4 1028 1146 1147 1029
4 1156 1048 1049 1157
4 1028 1029 1049 1048
4 1146 1156 1157 1147
4 1030 1050 1158 1148
4 1031 1149 1159 1051
4 1030 1148 1149 1031
4 1158 1050 1051 1159
4 1030 1031 1051 1050
4 1148 1158 1159 1149
4 1031 1051 1159 1149
4 1032 1150 1160 1052
4 1031 1149 1150 1032
4 1159 1051 1052 1160
4 1031 1032 1052 1051
4 1149 1159 1160 1150
4 1032 1052 1160 1150
4 1033 1151 1161 1053
4 1032 1150 1151 1033
4 1160 1052 1053 1161
4 1032 1033 1053 1052
4 1150 1160 1161 1151
4 1044 1064 1162 1152
4 1045 1153 1163 1065
4 1044 1152 1153 1045
4 1162 1064 1065 1163
4 1044 1045 1065 1064
4 1152 1162 1163 1153
4 1045 1065 1163 1153
4 1046 1154 1164 1066
4 1045 1153 1154 1046
4 1163 1065 1066 1164
4 1045 1046 1066 1065
4 1153 1163 1164 1154
4 1046 1066 1164 1154
4 1047 1155 1165 1067
4 1046 1154 1155 1047
4 1164 1066 1067 1165
4 1046 1047 1067 1066
4 1154 1164 1165 1155
4 1047 1067 1165 1155
4 1048 1156 1166 1068
4 1047 1155 1156 1048
4 1165 1067 1068 1166
4 1047 1048 1068 1067
4 1155 1165 1166 1156
4 1052 1069 1170 1160
4 1053 1161 1171 1070
4 1052 1160 1161 1053
4 1170 1069 1070 1171
4 1052 1053 1070 1069
4 1160 1170 1171 1161
4 1064 1081 1172 1162
4 1065 1163 1173 1082
4 1064 1162 1163 1065
4 1172 1081 1082 1173
4 1064 1065 1082 1081
4 1162 1172 1173 1163
4 1065 1082 1173 1163
4 1066 1164 1174 1083
4 1065 1163 1164 1066
4 1173 1082 1083 1174
4 1065 1066 1083 1082
4 1163 1173 1174 1164
4 1066 1083 1174 1164
4 1067 1165 1175 1084
4 1066 1164 1165 1067
4 1174 1083 1084 1175
4 1066 1067 1084 1083
4 1164 1174 1175 1165
4 1067 1084 1175 1165
4 1068 1166 1176 1085
4 1067 1165 1166 1068
4 1175 1084 1085 1176
4 1067 1068 1085 1084
4 1165 1175 1176 1166
4 1069 1086 1180 1170
4 1070 1171 1181 1087
4 1069 1170 1171 1070
4 1180 1086 1087 1181
4 1069 1070 1087 1086
4 1170 1180 1181 1171
4 1081 1098 1182 1172
4 1082 1173 1183 1099
4 1081 1172 1173 1082
4 1182 1098 1099 1183
4 1081 1082 1099 1098
4 1172 1182 1183 1173
4 1082 1099 1183 1173
4 1083 1174 1184 1100
4 1082 1173 1174 1083
4 1183 1099 1100 1184
4 1082 1083 1100 1099
4 1173 1183 1184 1174
4 1083 1100 1184 1174
4 1084 1175 1185 1101
4 1083 1174 1175 1084
4 1184 1100 1101 1185
4 1083 1084 1101 1100
4 1174 1184 1185 1175
4 1084 1101 1185 1175
4 1085 1176 1186 1102
4 1084 1175 1176 1085
4 1185 1101 1102 1186
4 1084 1085 1102 1101
4 1175 1185 1186 1176
4 1086 1105 1190 1180
4 1087 1181 1191 1106
4 1086 1180 1181 1087
4 1190 1105 1106 1191
4 1086 1087 1106 1105
4 1180 1190 1191 1181
4 1099 1115 1192 1183
4 1100 1184 1193 1116
4 1099 1183 1184 1100
4 1192 1115 1116 1193
4 1099 1100 1116 1115
4 1183 1192 1193 1184
4 1100 1116 1193 1184
4 1101 1185 1194 1117
4 1100 1184 1185 1101
4 1193 1116 1117 1194
4 1100 1101 1117 1116
4 1184 1193 1194 1185
4 1101 1117 1194 1185
4 1102 1186 1195 1118
4 1101 1185 1186 1102
4 1194 1117 1118 1195
4 1101 1102 1118 1117
4 1185 1194 1195 1186
4 1102 1118 1195 1186
4 1103 1187 1196 1119
4 1102 1186 1187 1103
4 1195 1118 1119 1196
4 1102 1103 1119 1118
4 1186 1195 1196 1187
4 1104 1121 1198 1189
4 1105 1190 1199 1122
4 1104 1189 1190 1105
4 1198 1121 1122 1199
4 1104 1105 1122 1121
4 1189 1198 1199 1190
4 1105 1122 1199 1190
4 1106 1191 1200 1123
4 1105 1190 1191 1106
4 1199 1122 1123 1200
4 1105 1106 1123 1122
4 1190 1199 1200 1191
4 1117 1130 1201 1194
4 1118 1195 1202 1131
4 1117 1194 1195 1118
4 1201 1130 1131 1202
4 1117 1118 1131 1130
4 1194 1201 1202 1195
4 1118 1131 1202 1195
4 1119 1196 1203 1132
4 1118 1195 1196 1119
4 1202 1131 1132 1203
4 1118 1119 1132 1131
4 1195 1202 1203 1196
4 1119 1132 1203 1196
4 1120 1197 1204 1133
4 1119 1196 1197 1120
4 1203 1132 1133 1204
4 1119 1120 1133 1132
4 1196 1203 1204 1197
4 1120 1133 1204 1197
4 1121 1198 1205 1134
4 1120 1197 1198 1121
4 1204 1133 1134 1205
4 1120 1121 1134 1133
4 1197 1204 1205 1198
4 1121 1134 1205 1198
4 1122 1199 1206 1135
4 1121 1198 1199 1122
4 1205 1134 1135 1206
4 1121 1122 1135 1134
4 1198 1205 1206 1199
4 1138 1146 1212 1207
4 1139 1208 1213 1147
4 1138 1207 1208 1139
4 1212 1146 1147 1213
4 1138 1139 1147 1146
4 1207 1212 1213 1208
4 1139 1147 1213 1208
4 1140 1209 1214 1148
4 1139 1208 1209 1140
4 1213 1147 1148 1214
4 1139 1140 1148 1147
4 1208 1213 1214 1209
4 1140 1148 1214 1209
4 1141 1210 1215 1149
4 1140 1209 1210 1141
4 1214 1148 1149 1215
4 1140 1141 1149 1148
4 1209 1214 1215 1210
4 1145 1155 1218 1211
4 1146 1212 1219 1156
4 1145 1211 1212 1146
4 1218 1155 1156 1219
4 1145 1146 1156 1155
4 1211 1218 1219 1212
4 1146 1156 1219 1212
4 1147 1213 1220 1157
4 1146 1212 1213 1147
4 1219 1156 1157 1220
4 1146 1147 1157 1156
4 1212 1219 1220 1213
4 1147 1157 1220 1213
4 1148 1214 1221 1158
4 1147 1213 1214 1148
4 1220 1157 1158 1221
4 1147 1148 1158 1157
4 1213 1220 1221 1214
4 1148 1158 1221 1214
4 1149 1215 1222 1159
4 1148 1214 1215 1149
4 1221 1158 1159 1222
4 1148 1149 1159 1158
4 1214 1221 1222 1215
4 1149 1159 1222 1215
4 1150 1216 1223 1160
4 1149 1215 1216 1150
4 1222 1159 1160 1223
4 1149 1150 1160 1159
4 1215 1222 1223 1216
4 1150 1160 1223 1216
4 1151 1217 1224 1161
4 1150 1216 1217 1151
4 1223 1160 1161 1224
4 1150 1151 1161 1160
4 1216 1223 1224 1217
4 1155 1165 1225 1218
4 1156 1219 1226 1166
4 1155 1218 1219 1156
4 1225 1165 1166 1226
4 1155 1156 1166 1165
4 1218 1225 1226 1219
4 1156 1166 1226 1219
4 1157 1220 1227 1167
4 1156 1219 1220 1157
4 1226 1166 1167 1227
4 1156 1157 1167 1166
4 1219 1226 1227 1220
4 1157 1167 1227 1220
4 1158 1221 1228 1168
4 1157 1220 1221 1158
4 1227 1167 1168 1228
4 1157 1158 1168 1167
4 1220 1227 1228 1221
4 1158 1168 1228 1221
4 1159 1222 1229 1169
4 1158 1221 1222 1159
4 1228 1168 1169 1229
4 1158 1159 1169 1168
4 1221 1228 1229 1222
4 1159 1169 1229 1222
4 1160 1223 1230 1170
4 1159 1222 1223 1160
4 1229 1169 1170 1230
4 1159 1160 1170 1169
4 1222 1229 1230 1223
4 1160 1170 1230 1223
4 1161 1224 1231 1171
4 1160 1223 1224 1161
4 1230 1170 1171 1231
4 1160 1161 1171 1170
4 1223 1230 1231 1224
4 1165 1175 1232 1225
4 1166 1226 1233 1176
4 1165 1225 1226 1166
4 1232 1175 1176 1233
4 1165 1166 1176 1175
4 1225 1232 1233 1226
4 1166 1176 1233 1226
4 1167 1227 1234 1177
4 1166 1226 1227 1167
4 1233 1176 1177 1234
4 1166 1167 1177 1176
4 1226 1233 1234 1227
4 1167 1177 1234 1227
4 1168 1228 1235 1178
4 1167 1227 1228 1168
4 1234 1177 1178 1235
4 1167 1168 1178 1177
4 1227 1234 1235 1228
4 1168 1178 1235 1228
4 1169 1229 1236 1179
4 1168 1228 1229 1169
4 1235 1178 1179 1236
4 1168 1169 1179 1178
4 1228 1235 1236 1229
4 1169 1179 1236 1229
4 1170 1230 1237 1180
4 1169 1229 1230 1170
4 1236 1179 1180 1237
4 1169 1170 1180 1179
4 1229 1236 1237 1230
4 1170 1180 1237 1230
4 1171 1231 1238 1181
4 1170 1230 1231 1171
4 1237 1180 1181 1238
4 1170 1171 1181 1180
4 1230 1237 1238 1231
4 1175 1185 1239 1232
4 1176 1233 1240 1186
4 1175 1232 1233 1176
4 1239 1185 1186 1240
4 1175 1176 1186 1185
4 1232 1239 1240 1233
4 1176 1186 1240 1233
4 1177 1234 1241 1187
4 1176 1233 1234 1177
4 1240 1186 1187 1241
4 1176 1177 1187 1186
4 1233 1240 1241 1234
4 1177 1187 1241 1234
4 1178 1235 1242 1188
4 1177 1234 1235 1178
4 1241 1187 1188 1242
4 1177 1178 1188 1187
4 1234 1241 1242 1235
4 1178 1188 1242 1235
4 1179 1236 1243 1189
4 1178 1235 1236 1179
4 1242 1188 1189 1243
4 1178 1179 1189 1188
4 1235 1242 1243 1236
4 1179 1189 1243 1236
4 1180 1237 1244 1190
4 1179 1236 1237 1180
4 1243 1189 1190 1244
4 1179 1180 1190 1189
4 1236 1243 1244 1237
4 1180 1190 1244 1237
4 1181 1238 1245 1191
4 1180 1237 1238 1181
4 1244 1190 1191 1245
4 1180 1181 1191 1190
4 1237 1244 1245 1238
4 1185 1194 1246 1239
4 1186 1240 1247 1195
4 1185 1239 1240 1186
4 1246 1194 1195 1247
4 1185 1186 1195 1194
4 1239 1246 1247 1240
4 1186 1195 1247 1240
4 1187 1241 1248 1196
4 1186 1240 1241 1187
4 1247 1195 1196 1248
4 1186 1187 1196 1195
4 1240 1247 1248 1241
4 1187 1196 1248 1241
4 1188 1242 1249 1197
4 1187 1241 1242 1188
4 1248 1196 1197 1249
4 1187 1188 1197 1196
4 1241 1248 1249 1242
4 1188 1197 1249 1242
4 1189 1243 1250 1198
4 1188 1242 1243 1189
4 1249 1197 1198 1250
4 1188 1189 1198 1197
4 1242 1249 1250 1243
4 1189 1198 1250 1243
4 1190 1244 1251 1199
4 1189 1243 1244 1190
4 1250 1198 1199 1251
4 1189 1190 1199 1198
4 1243 1250 1251 1244
4 1190 1199 1251 1244
4 1191 1245 1252 1200
4 1190 1244 1245 1191
4 1251 1199 1200 1252
4 1190 1191 1200 1199
4 1244 1251 1252 1245
4 1195 1202 1253 1247
4 1196 1248 1254 1203
4 1195 1247 1248 1196
4 1253 1202 1203 1254
4 1195 1196 1203 1202
4 1247 1253 1254 1248
4 1196 1203 1254 1248
4 1197 1249 1255 1204
4 1196 1248 1249 1197
4 1254 1203 1204 1255
4 1196 1197 1204 1203
4 1248 1254 1255 1249
4 1197 1204 1255 1249
4 1198 1250 1256 1205
4 1197 1249 1250 1198
4 1255 1204 1205 1256
4 1197 1198 1205 1204
4 1249 1255 1256 1250
4 1198 1205 1256 1250
4 1199 1251 1257 1206
4 1198 1250 1251 1199
4 1256 1205 1206 1257
4 1198 1199 1206 1205
4 1250 1256 1257 1251
