ply
format ascii 1.0
element vertex 2047
property float x
property float y
property float z
element face 5916
property list uchar int vertex_indices
end_header
-0.675000 -0.225000 0.450000
-0.675000 -0.225000 0.525000
-0.675000 -0.150000 0.450000
-0.675000 -0.150000 0.525000
-0.675000 -0.150000 0.600000
-0.675000 -0.075000 0.450000
-0.675000 -0.075000 0.525000
-0.675000 -0.075000 0.600000
-0.675000 0.000000 0.450000
-0.675000 0.000000 0.525000
-0.675000 0.000000 0.600000
-0.600000 -0.225000 -0.600000
-0.600000 -0.225000 -0.525000
-0.600000 -0.225000 -0.450000
-0.600000 -0.225000 0.450000
-0.600000 -0.225000 0.525000
-0.600000 -0.225000 0.600000
-0.600000 -0.150000 -0.600000
-0.600000 -0.150000 -0.525000
-0.600000 -0.150000 -0.450000
-0.600000 -0.150000 -0.375000
-0.600000 -0.150000 0.450000
-0.600000 -0.150000 0.525000
-0.600000 -0.150000 0.600000
-0.600000 -0.150000 0.675000
-0.600000 -0.150000 0.750000
-0.600000 -0.075000 -0.825000
-0.600000 -0.075000 -0.750000
-0.600000 -0.075000 -0.675000
-0.600000 -0.075000 -0.600000
-0.600000 -0.075000 -0.525000
-0.600000 -0.075000 -0.450000
-0.600000 -0.075000 -0.375000
-0.600000 -0.075000 0.450000
-0.600000 -0.075000 0.525000
-0.600000 -0.075000 0.600000
-0.600000 -0.075000 0.675000
-0.600000 -0.075000 0.750000
-0.600000 -0.075000 0.825000
-0.600000 0.000000 -0.825000
-0.600000 0.000000 -0.750000
-0.600000 0.000000 -0.675000
-0.600000 0.000000 -0.600000
-0.600000 0.000000 -0.525000
-0.600000 0.000000 -0.450000
-0.600000 0.000000 -0.375000
-0.600000 0.000000 0.450000
-0.600000 0.000000 0.525000
-0.600000 0.000000 0.600000
-0.600000 0.000000 0.675000
-0.600000 0.000000 0.750000
-0.600000 0.000000 0.825000
-0.600000 0.075000 -0.825000
-0.600000 0.075000 -0.750000
-0.600000 0.075000 -0.600000
-0.600000 0.075000 -0.525000
-0.600000 0.075000 -0.450000
-0.600000 0.075000 -0.375000
-0.600000 0.075000 0.450000
-0.600000 0.075000 0.525000
-0.600000 0.075000 0.600000
-0.600000 0.075000 0.675000
-0.600000 0.075000 0.750000
-0.600000 0.075000 0.825000
-0.600000 0.150000 -0.675000
-0.600000 0.150000 -0.600000
-0.600000 0.150000 0.450000
-0.600000 0.150000 0.525000
-0.600000 0.150000 0.600000
-0.600000 0.225000 -0.675000
-0.600000 0.225000 -0.600000
-0.600000 0.225000 0.525000
-0.600000 0.225000 0.600000
-0.525000 -0.300000 -0.750000
-0.525000 -0.300000 -0.675000
-0.525000 -0.300000 -0.600000
-0.525000 -0.300000 -0.525000
-0.525000 -0.300000 -0.450000
-0.525000 -0.225000 -0.825000
-0.525000 -0.225000 -0.750000
-0.525000 -0.225000 -0.675000
-0.525000 -0.225000 -0.600000
-0.525000 -0.225000 -0.525000
-0.525000 -0.225000 -0.450000
-0.525000 -0.225000 -0.375000
-0.525000 -0.225000 0.450000
-0.525000 -0.225000 0.525000
-0.525000 -0.225000 0.600000
-0.525000 -0.150000 -0.825000
-0.525000 -0.150000 -0.750000
-0.525000 -0.150000 -0.675000
-0.525000 -0.150000 -0.600000
-0.525000 -0.150000 -0.525000
-0.525000 -0.150000 -0.450000
-0.525000 -0.150000 -0.375000
-0.525000 -0.150000 0.450000
-0.525000 -0.150000 0.525000
-0.525000 -0.150000 0.600000
-0.525000 -0.150000 0.675000
-0.525000 -0.150000 0.750000
-0.525000 -0.075000 -0.825000
-0.525000 -0.075000 -0.750000
-0.525000 -0.075000 -0.675000
-0.525000 -0.075000 -0.600000
-0.525000 -0.075000 -0.525000
-0.525000 -0.075000 -0.450000
-0.525000 -0.075000 -0.375000
-0.525000 -0.075000 0.450000
-0.525000 -0.075000 0.525000
-0.525000 -0.075000 0.600000
-0.525000 -0.075000 0.675000
-0.525000 -0.075000 0.750000
-0.525000 -0.075000 0.825000
-0.525000 0.000000 -0.825000
-0.525000 0.000000 -0.750000
-0.525000 0.000000 -0.675000
-0.525000 0.000000 -0.600000
-0.525000 0.000000 -0.525000
-0.525000 0.000000 -0.450000
-0.525000 0.000000 -0.375000
-0.525000 0.000000 -0.300000
-0.525000 0.000000 0.450000
-0.525000 0.000000 0.525000
-0.525000 0.000000 0.600000
-0.525000 0.000000 0.675000
-0.525000 0.000000 0.750000
-0.525000 0.000000 0.825000
-0.525000 0.075000 -0.825000
-0.525000 0.075000 -0.750000
-0.525000 0.075000 -0.675000
-0.525000 0.075000 -0.600000
-0.525000 0.075000 -0.525000
-0.525000 0.075000 -0.450000
-0.525000 0.075000 -0.375000
-0.525000 0.075000 -0.300000
-0.525000 0.075000 0.450000
-0.525000 0.075000 0.525000
-0.525000 0.075000 0.600000
-0.525000 0.075000 0.675000
-0.525000 0.075000 0.750000
-0.525000 0.075000 0.825000
-0.525000 0.150000 -0.825000
-0.525000 0.150000 -0.750000
-0.525000 0.150000 -0.675000
-0.525000 0.150000 -0.600000
-0.525000 0.150000 -0.525000
-0.525000 0.150000 -0.450000
-0.525000 0.150000 -0.375000
-0.525000 0.150000 0.450000
-0.525000 0.150000 0.525000
-0.525000 0.150000 0.600000
-0.525000 0.225000 -0.750000
-0.525000 0.225000 -0.675000
-0.525000 0.225000 -0.600000
-0.525000 0.225000 -0.525000
-0.525000 0.225000 -0.450000
-0.525000 0.225000 0.525000
-0.525000 0.225000 0.600000
-0.450000 -0.375000 -0.600000
-0.450000 -0.375000 -0.525000
-0.450000 -0.375000 -0.450000
-0.450000 -0.300000 -0.750000
-0.450000 -0.300000 -0.675000
-0.450000 -0.300000 -0.600000
-0.450000 -0.300000 -0.525000
-0.450000 -0.300000 -0.450000
-0.450000 -0.300000 -0.375000
-0.450000 -0.300000 -0.300000
-0.450000 -0.225000 -0.825000
-0.450000 -0.225000 -0.750000
-0.450000 -0.225000 -0.675000
-0.450000 -0.225000 -0.600000
-0.450000 -0.225000 -0.525000
-0.450000 -0.225000 -0.450000
-0.450000 -0.225000 -0.375000
-0.450000 -0.225000 -0.300000
-0.450000 -0.225000 0.525000
-0.450000 -0.225000 0.600000
-0.450000 -0.150000 -0.825000
-0.450000 -0.150000 -0.750000
-0.450000 -0.150000 -0.675000
-0.450000 -0.150000 -0.600000
-0.450000 -0.150000 -0.525000
-0.450000 -0.150000 -0.450000
-0.450000 -0.150000 -0.375000
-0.450000 -0.150000 -0.300000
-0.450000 -0.150000 -0.225000
-0.450000 -0.150000 0.450000
-0.450000 -0.150000 0.525000
-0.450000 -0.150000 0.600000
-0.450000 -0.075000 -0.825000
-0.450000 -0.075000 -0.750000
-0.450000 -0.075000 -0.675000
-0.450000 -0.075000 -0.600000
-0.450000 -0.075000 -0.525000
-0.450000 -0.075000 -0.450000
-0.450000 -0.075000 -0.375000
-0.450000 -0.075000 -0.300000
-0.450000 -0.075000 -0.225000
-0.450000 -0.075000 0.450000
-0.450000 -0.075000 0.525000
-0.450000 -0.075000 0.600000
-0.450000 0.000000 -0.825000
-0.450000 0.000000 -0.750000
-0.450000 0.000000 -0.600000
-0.450000 0.000000 -0.525000
-0.450000 0.000000 -0.450000
-0.450000 0.000000 -0.375000
-0.450000 0.000000 -0.300000
-0.450000 0.000000 -0.225000
-0.450000 0.000000 0.450000
-0.450000 0.000000 0.525000
-0.450000 0.000000 0.600000
-0.450000 0.075000 -0.825000
-0.450000 0.075000 -0.750000
-0.450000 0.075000 -0.675000
-0.450000 0.075000 -0.600000
-0.450000 0.075000 -0.525000
-0.450000 0.075000 -0.450000
-0.450000 0.075000 -0.375000
-0.450000 0.075000 -0.300000
-0.450000 0.075000 -0.225000
-0.450000 0.075000 0.450000
-0.450000 0.075000 0.525000
-0.450000 0.075000 0.600000
-0.450000 0.150000 -0.825000
-0.450000 0.150000 -0.750000
-0.450000 0.150000 -0.675000
-0.450000 0.150000 -0.600000
-0.450000 0.150000 -0.525000
-0.450000 0.150000 -0.450000
-0.450000 0.150000 -0.375000
-0.450000 0.150000 -0.300000
-0.450000 0.150000 0.525000
-0.450000 0.150000 0.600000
-0.450000 0.225000 -0.750000
-0.450000 0.225000 -0.675000
-0.450000 0.225000 -0.600000
-0.450000 0.225000 -0.525000
-0.450000 0.225000 -0.450000
-0.450000 0.225000 -0.375000
-0.375000 -0.375000 -0.600000
-0.375000 -0.375000 -0.525000
-0.375000 -0.375000 -0.450000
-0.375000 -0.375000 -0.375000
-0.375000 -0.300000 -0.750000
-0.375000 -0.300000 -0.675000
-0.375000 -0.300000 -0.600000
-0.375000 -0.300000 -0.525000
-0.375000 -0.300000 -0.450000
-0.375000 -0.300000 -0.375000
-0.375000 -0.300000 -0.300000
-0.375000 -0.300000 -0.225000
-0.375000 -0.225000 -0.825000
-0.375000 -0.225000 -0.750000
-0.375000 -0.225000 -0.675000
-0.375000 -0.225000 -0.600000
-0.375000 -0.225000 -0.525000
-0.375000 -0.225000 -0.450000
-0.375000 -0.225000 -0.375000
-0.375000 -0.225000 -0.300000
-0.375000 -0.225000 -0.225000
-0.375000 -0.225000 -0.150000
-0.375000 -0.225000 0.525000
-0.375000 -0.225000 0.600000
-0.375000 -0.150000 -0.825000
-0.375000 -0.150000 -0.750000
-0.375000 -0.150000 -0.675000
-0.375000 -0.150000 -0.525000
-0.375000 -0.150000 -0.450000
-0.375000 -0.150000 -0.375000
-0.375000 -0.150000 -0.300000
-0.375000 -0.150000 -0.225000
-0.375000 -0.150000 -0.150000
-0.375000 -0.150000 0.525000
-0.375000 -0.150000 0.600000
-0.375000 -0.075000 -0.825000
-0.375000 -0.075000 -0.750000
-0.375000 -0.075000 -0.450000
-0.375000 -0.075000 -0.375000
-0.375000 -0.075000 -0.300000
-0.375000 -0.075000 -0.225000
-0.375000 -0.075000 -0.150000
-0.375000 -0.075000 0.525000
-0.375000 -0.075000 0.600000
-0.375000 0.000000 -0.825000
-0.375000 0.000000 -0.750000
-0.375000 0.000000 -0.450000
-0.375000 0.000000 -0.375000
-0.375000 0.000000 -0.300000
-0.375000 0.000000 -0.225000
-0.375000 0.000000 -0.150000
-0.375000 0.000000 0.525000
-0.375000 0.000000 0.600000
-0.375000 0.075000 -0.825000
-0.375000 0.075000 -0.750000
-0.375000 0.075000 -0.675000
-0.375000 0.075000 -0.525000
-0.375000 0.075000 -0.450000
-0.375000 0.075000 -0.375000
-0.375000 0.075000 -0.300000
-0.375000 0.075000 -0.225000
-0.375000 0.075000 0.525000
-0.375000 0.075000 0.600000
-0.375000 0.150000 -0.825000
-0.375000 0.150000 -0.750000
-0.375000 0.150000 -0.675000
-0.375000 0.150000 -0.600000
-0.375000 0.150000 -0.525000
-0.375000 0.150000 -0.450000
-0.375000 0.150000 -0.375000
-0.375000 0.150000 -0.300000
-0.375000 0.150000 -0.225000
-0.375000 0.150000 0.525000
-0.375000 0.150000 0.600000
-0.375000 0.225000 -0.750000
-0.375000 0.225000 -0.675000
-0.375000 0.225000 -0.600000
-0.375000 0.225000 -0.525000
-0.375000 0.225000 -0.450000
-0.375000 0.225000 -0.375000
-0.375000 0.225000 -0.300000
-0.300000 -0.375000 -0.675000
-0.300000 -0.375000 -0.600000
-0.300000 -0.375000 -0.525000
-0.300000 -0.375000 -0.450000
-0.300000 -0.375000 -0.375000
-0.300000 -0.300000 -0.750000
-0.300000 -0.300000 -0.675000
-0.300000 -0.300000 -0.600000
-0.300000 -0.300000 -0.525000
-0.300000 -0.300000 -0.450000
-0.300000 -0.300000 -0.375000
-0.300000 -0.300000 -0.300000
-0.300000 -0.300000 -0.225000
-0.300000 -0.300000 -0.150000
-0.300000 -0.225000 -0.825000
-0.300000 -0.225000 -0.750000
-0.300000 -0.225000 -0.675000
-0.300000 -0.225000 -0.600000
-0.300000 -0.225000 -0.525000
-0.300000 -0.225000 -0.450000
-0.300000 -0.225000 -0.375000
-0.300000 -0.225000 -0.300000
-0.300000 -0.225000 -0.225000
-0.300000 -0.225000 -0.150000
-0.300000 -0.225000 -0.075000
-0.300000 -0.225000 0.525000
-0.300000 -0.225000 0.600000
-0.300000 -0.225000 0.675000
-0.300000 -0.225000 0.750000
-0.300000 -0.225000 0.825000
-0.300000 -0.225000 0.900000
-0.300000 -0.150000 -0.825000
-0.300000 -0.150000 -0.750000
-0.300000 -0.150000 -0.675000
-0.300000 -0.150000 -0.375000
-0.300000 -0.150000 -0.300000
-0.300000 -0.150000 -0.225000
-0.300000 -0.150000 -0.150000
-0.300000 -0.150000 -0.075000
-0.300000 -0.150000 0.000000
-0.300000 -0.150000 0.525000
-0.300000 -0.150000 0.600000
-0.300000 -0.150000 0.675000
-0.300000 -0.150000 0.750000
-0.300000 -0.150000 0.825000
-0.300000 -0.150000 0.900000
-0.300000 -0.075000 -0.825000
-0.300000 -0.075000 -0.750000
-0.300000 -0.075000 -0.375000
-0.300000 -0.075000 -0.300000
-0.300000 -0.075000 -0.225000
-0.300000 -0.075000 -0.150000
-0.300000 -0.075000 -0.075000
-0.300000 -0.075000 0.000000
-0.300000 -0.075000 0.525000
-0.300000 -0.075000 0.600000
-0.300000 -0.075000 0.675000
-0.300000 -0.075000 0.750000
-0.300000 -0.075000 0.825000
-0.300000 -0.075000 0.900000
-0.300000 0.000000 -0.825000
-0.300000 0.000000 -0.750000
-0.300000 0.000000 -0.375000
-0.300000 0.000000 -0.300000
-0.300000 0.000000 -0.225000
-0.300000 0.000000 -0.150000
-0.300000 0.000000 -0.075000
-0.300000 0.000000 0.000000
-0.300000 0.000000 0.525000
-0.300000 0.000000 0.600000
-0.300000 0.000000 0.675000
-0.300000 0.000000 0.750000
-0.300000 0.000000 0.825000
-0.300000 0.000000 0.900000
-0.300000 0.075000 -0.825000
-0.300000 0.075000 -0.750000
-0.300000 0.075000 -0.675000
-0.300000 0.075000 -0.450000
-0.300000 0.075000 -0.375000
-0.300000 0.075000 -0.300000
-0.300000 0.075000 -0.225000
-0.300000 0.075000 -0.150000
-0.300000 0.075000 -0.075000
-0.300000 0.075000 0.525000
-0.300000 0.075000 0.600000
-0.300000 0.075000 0.675000
-0.300000 0.075000 0.750000
-0.300000 0.075000 0.825000
-0.300000 0.075000 0.900000
-0.300000 0.150000 -0.825000
-0.300000 0.150000 -0.750000
-0.300000 0.150000 -0.675000
-0.300000 0.150000 -0.600000
-0.300000 0.150000 -0.525000
-0.300000 0.150000 -0.450000
-0.300000 0.150000 -0.375000
-0.300000 0.150000 -0.300000
-0.300000 0.150000 -0.225000
-0.300000 0.150000 -0.150000
-0.300000 0.150000 -0.075000
-0.300000 0.150000 0.525000
-0.300000 0.150000 0.600000
-0.300000 0.150000 0.675000
-0.300000 0.150000 0.750000
-0.300000 0.150000 0.825000
-0.300000 0.150000 0.900000
-0.300000 0.225000 -0.750000
-0.300000 0.225000 -0.675000
-0.300000 0.225000 -0.600000
-0.300000 0.225000 -0.525000
-0.300000 0.225000 -0.450000
-0.300000 0.225000 -0.375000
-0.300000 0.225000 -0.300000
-0.300000 0.225000 -0.225000
-0.300000 0.225000 -0.150000
-0.300000 0.300000 -0.600000
-0.300000 0.300000 -0.525000
-0.300000 0.300000 -0.450000
-0.300000 0.300000 -0.375000
-0.225000 -0.375000 -0.675000
-0.225000 -0.375000 -0.600000
-0.225000 -0.375000 -0.525000
-0.225000 -0.375000 -0.450000
-0.225000 -0.375000 -0.375000
-0.225000 -0.300000 -0.750000
-0.225000 -0.300000 -0.675000
-0.225000 -0.300000 -0.600000
-0.225000 -0.300000 -0.525000
-0.225000 -0.300000 -0.450000
-0.225000 -0.300000 -0.375000
-0.225000 -0.300000 -0.300000
-0.225000 -0.300000 -0.225000
-0.225000 -0.300000 -0.150000
-0.225000 -0.300000 -0.075000
-0.225000 -0.300000 0.000000
-0.225000 -0.300000 0.525000
-0.225000 -0.300000 0.600000
-0.225000 -0.300000 0.675000
-0.225000 -0.300000 0.750000
-0.225000 -0.300000 0.825000
-0.225000 -0.300000 0.900000
-0.225000 -0.225000 -0.825000
-0.225000 -0.225000 -0.750000
-0.225000 -0.225000 -0.675000
-0.225000 -0.225000 -0.600000
-0.225000 -0.225000 -0.525000
-0.225000 -0.225000 -0.450000
-0.225000 -0.225000 -0.375000
-0.225000 -0.225000 -0.300000
-0.225000 -0.225000 -0.225000
-0.225000 -0.225000 -0.150000
-0.225000 -0.225000 -0.075000
-0.225000 -0.225000 0.000000
-0.225000 -0.225000 0.075000
-0.225000 -0.225000 0.525000
-0.225000 -0.225000 0.600000
-0.225000 -0.225000 0.675000
-0.225000 -0.225000 0.750000
-0.225000 -0.225000 0.825000
-0.225000 -0.225000 0.900000
-0.225000 -0.150000 -0.825000
-0.225000 -0.150000 -0.750000
-0.225000 -0.150000 -0.675000
-0.225000 -0.150000 -0.600000
-0.225000 -0.150000 -0.300000
-0.225000 -0.150000 -0.225000
-0.225000 -0.150000 -0.150000
-0.225000 -0.150000 -0.075000
-0.225000 -0.150000 0.000000
-0.225000 -0.150000 0.075000
-0.225000 -0.150000 0.525000
-0.225000 -0.150000 0.600000
-0.225000 -0.150000 0.675000
-0.225000 -0.150000 0.750000
-0.225000 -0.150000 0.825000
-0.225000 -0.150000 0.900000
-0.225000 -0.075000 -0.825000
-0.225000 -0.075000 -0.750000
-0.225000 -0.075000 -0.300000
-0.225000 -0.075000 -0.225000
-0.225000 -0.075000 -0.150000
-0.225000 -0.075000 -0.075000
-0.225000 -0.075000 0.000000
-0.225000 -0.075000 0.075000
-0.225000 -0.075000 0.525000
-0.225000 -0.075000 0.600000
-0.225000 -0.075000 0.675000
-0.225000 -0.075000 0.750000
-0.225000 -0.075000 0.825000
-0.225000 -0.075000 0.900000
-0.225000 0.000000 -0.825000
-0.225000 0.000000 -0.750000
-0.225000 0.000000 -0.300000
-0.225000 0.000000 -0.225000
-0.225000 0.000000 -0.150000
-0.225000 0.000000 -0.075000
-0.225000 0.000000 0.000000
-0.225000 0.000000 0.075000
-0.225000 0.000000 0.450000
-0.225000 0.000000 0.525000
-0.225000 0.000000 0.600000
-0.225000 0.000000 0.675000
-0.225000 0.000000 0.750000
-0.225000 0.000000 0.825000
-0.225000 0.000000 0.900000
-0.225000 0.075000 -0.825000
-0.225000 0.075000 -0.750000
-0.225000 0.075000 -0.675000
-0.225000 0.075000 -0.600000
-0.225000 0.075000 -0.300000
-0.225000 0.075000 -0.225000
-0.225000 0.075000 -0.150000
-0.225000 0.075000 -0.075000
-0.225000 0.075000 0.000000
-0.225000 0.075000 0.075000
-0.225000 0.075000 0.450000
-0.225000 0.075000 0.525000
-0.225000 0.075000 0.600000
-0.225000 0.075000 0.675000
-0.225000 0.075000 0.750000
-0.225000 0.075000 0.825000
-0.225000 0.075000 0.900000
-0.225000 0.150000 -0.825000
-0.225000 0.150000 -0.750000
-0.225000 0.150000 -0.675000
-0.225000 0.150000 -0.600000
-0.225000 0.150000 -0.525000
-0.225000 0.150000 -0.450000
-0.225000 0.150000 -0.375000
-0.225000 0.150000 -0.300000
-0.225000 0.150000 -0.225000
-0.225000 0.150000 -0.150000
-0.225000 0.150000 -0.075000
-0.225000 0.150000 0.000000
-0.225000 0.150000 0.450000
-0.225000 0.150000 0.525000
-0.225000 0.150000 0.600000
-0.225000 0.150000 0.675000
-0.225000 0.150000 0.750000
-0.225000 0.150000 0.825000
-0.225000 0.150000 0.900000
-0.225000 0.225000 -0.750000
-0.225000 0.225000 -0.675000
-0.225000 0.225000 -0.600000
-0.225000 0.225000 -0.525000
-0.225000 0.225000 -0.450000
-0.225000 0.225000 -0.375000
-0.225000 0.225000 -0.300000
-0.225000 0.225000 -0.225000
-0.225000 0.225000 -0.150000
-0.225000 0.225000 -0.075000
-0.225000 0.225000 0.525000
-0.225000 0.225000 0.600000
-0.225000 0.225000 0.675000
-0.225000 0.225000 0.750000
-0.225000 0.225000 0.825000
-0.225000 0.225000 0.900000
-0.225000 0.300000 -0.600000
-0.225000 0.300000 -0.525000
-0.225000 0.300000 -0.450000
-0.225000 0.300000 -0.375000
-0.225000 0.300000 -0.300000
-0.150000 -0.375000 -0.675000
-0.150000 -0.375000 -0.600000
-0.150000 -0.375000 -0.525000
-0.150000 -0.300000 -0.750000
-0.150000 -0.300000 -0.675000
-0.150000 -0.300000 -0.600000
-0.150000 -0.300000 -0.525000
-0.150000 -0.300000 -0.450000
-0.150000 -0.300000 -0.375000
-0.150000 -0.300000 -0.300000
-0.150000 -0.300000 -0.225000
-0.150000 -0.300000 -0.150000
-0.150000 -0.300000 -0.075000
-0.150000 -0.300000 0.000000
-0.150000 -0.300000 0.075000
-0.150000 -0.300000 0.525000
-0.150000 -0.300000 0.600000
-0.150000 -0.300000 0.675000
-0.150000 -0.300000 0.750000
-0.150000 -0.300000 0.825000
-0.150000 -0.300000 0.900000
-0.150000 -0.225000 -0.825000
-0.150000 -0.225000 -0.750000
-0.150000 -0.225000 -0.675000
-0.150000 -0.225000 -0.600000
-0.150000 -0.225000 -0.525000
-0.150000 -0.225000 -0.450000
-0.150000 -0.225000 -0.375000
-0.150000 -0.225000 -0.300000
-0.150000 -0.225000 -0.225000
-0.150000 -0.225000 -0.150000
-0.150000 -0.225000 -0.075000
-0.150000 -0.225000 0.000000
-0.150000 -0.225000 0.075000
-0.150000 -0.225000 0.150000
-0.150000 -0.225000 0.525000
-0.150000 -0.225000 0.600000
-0.150000 -0.225000 0.675000
-0.150000 -0.225000 0.750000
-0.150000 -0.225000 0.825000
-0.150000 -0.225000 0.900000
-0.150000 -0.150000 -0.825000
-0.150000 -0.150000 -0.750000
-0.150000 -0.150000 -0.675000
-0.150000 -0.150000 -0.600000
-0.150000 -0.150000 -0.525000
-0.150000 -0.150000 -0.450000
-0.150000 -0.150000 -0.375000
-0.150000 -0.150000 -0.300000
-0.150000 -0.150000 -0.225000
-0.150000 -0.150000 -0.150000
-0.150000 -0.150000 -0.075000
-0.150000 -0.150000 0.000000
-0.150000 -0.150000 0.075000
-0.150000 -0.150000 0.150000
-0.150000 -0.150000 0.450000
-0.150000 -0.150000 0.525000
-0.150000 -0.150000 0.600000
-0.150000 -0.150000 0.675000
-0.150000 -0.150000 0.750000
-0.150000 -0.150000 0.825000
-0.150000 -0.150000 0.900000
-0.150000 -0.075000 -0.825000
-0.150000 -0.075000 -0.750000
-0.150000 -0.075000 -0.675000
-0.150000 -0.075000 -0.600000
-0.150000 -0.075000 -0.525000
-0.150000 -0.075000 -0.450000
-0.150000 -0.075000 -0.375000
-0.150000 -0.075000 -0.150000
-0.150000 -0.075000 -0.075000
-0.150000 -0.075000 0.000000
-0.150000 -0.075000 0.075000
-0.150000 -0.075000 0.150000
-0.150000 -0.075000 0.450000
-0.150000 -0.075000 0.525000
-0.150000 -0.075000 0.600000
-0.150000 -0.075000 0.675000
-0.150000 -0.075000 0.750000
-0.150000 -0.075000 0.825000
-0.150000 -0.075000 0.900000
-0.150000 0.000000 -0.825000
-0.150000 0.000000 -0.750000
-0.150000 0.000000 -0.675000
-0.150000 0.000000 -0.600000
-0.150000 0.000000 -0.525000
-0.150000 0.000000 -0.450000
-0.150000 0.000000 -0.150000
-0.150000 0.000000 -0.075000
-0.150000 0.000000 0.000000
-0.150000 0.000000 0.075000
-0.150000 0.000000 0.150000
-0.150000 0.000000 0.450000
-0.150000 0.000000 0.525000
-0.150000 0.000000 0.600000
-0.150000 0.000000 0.675000
-0.150000 0.000000 0.750000
-0.150000 0.000000 0.825000
-0.150000 0.000000 0.900000
-0.150000 0.075000 -0.825000
-0.150000 0.075000 -0.750000
-0.150000 0.075000 -0.675000
-0.150000 0.075000 -0.600000
-0.150000 0.075000 -0.525000
-0.150000 0.075000 -0.450000
-0.150000 0.075000 -0.375000
-0.150000 0.075000 -0.300000
-0.150000 0.075000 -0.225000
-0.150000 0.075000 -0.150000
-0.150000 0.075000 -0.075000
-0.150000 0.075000 0.000000
-0.150000 0.075000 0.075000
-0.150000 0.075000 0.150000
-0.150000 0.075000 0.450000
-0.150000 0.075000 0.525000
-0.150000 0.075000 0.600000
-0.150000 0.075000 0.675000
-0.150000 0.075000 0.750000
-0.150000 0.075000 0.825000
-0.150000 0.075000 0.900000
-0.150000 0.150000 -0.825000
-0.150000 0.150000 -0.750000
-0.150000 0.150000 -0.675000
-0.150000 0.150000 -0.600000
-0.150000 0.150000 -0.525000
-0.150000 0.150000 -0.450000
-0.150000 0.150000 -0.375000
-0.150000 0.150000 -0.300000
-0.150000 0.150000 -0.225000
-0.150000 0.150000 -0.150000
-0.150000 0.150000 -0.075000
-0.150000 0.150000 0.000000
-0.150000 0.150000 0.075000
-0.150000 0.150000 0.150000
-0.150000 0.150000 0.450000
-0.150000 0.150000 0.525000
-0.150000 0.150000 0.600000
-0.150000 0.150000 0.675000
-0.150000 0.150000 0.750000
-0.150000 0.150000 0.825000
-0.150000 0.150000 0.900000
-0.150000 0.225000 -0.750000
-0.150000 0.225000 -0.675000
-0.150000 0.225000 -0.600000
-0.150000 0.225000 -0.525000
-0.150000 0.225000 -0.450000
-0.150000 0.225000 -0.375000
-0.150000 0.225000 -0.300000
-0.150000 0.225000 -0.225000
-0.150000 0.225000 -0.150000
-0.150000 0.225000 -0.075000
-0.150000 0.225000 0.000000
-0.150000 0.225000 0.075000
-0.150000 0.225000 0.525000
-0.150000 0.225000 0.600000
-0.150000 0.225000 0.675000
-0.150000 0.225000 0.750000
-0.150000 0.225000 0.825000
-0.150000 0.225000 0.900000
-0.150000 0.300000 -0.600000
-0.150000 0.300000 -0.525000
-0.150000 0.300000 -0.450000
-0.150000 0.300000 -0.375000
-0.150000 0.300000 -0.300000
-0.075000 -0.300000 -0.750000
-0.075000 -0.300000 -0.675000
-0.075000 -0.300000 -0.600000
-0.075000 -0.300000 -0.525000
-0.075000 -0.300000 -0.450000
-0.075000 -0.300000 -0.375000
-0.075000 -0.300000 -0.300000
-0.075000 -0.300000 -0.225000
-0.075000 -0.300000 -0.150000
-0.075000 -0.300000 -0.075000
-0.075000 -0.300000 0.000000
-0.075000 -0.300000 0.075000
-0.075000 -0.300000 0.150000
-0.075000 -0.300000 0.525000
-0.075000 -0.300000 0.600000
-0.075000 -0.300000 0.675000
-0.075000 -0.300000 0.750000
-0.075000 -0.300000 0.825000
-0.075000 -0.300000 0.900000
-0.075000 -0.225000 -0.825000
-0.075000 -0.225000 -0.750000
-0.075000 -0.225000 -0.675000
-0.075000 -0.225000 -0.600000
-0.075000 -0.225000 -0.525000
-0.075000 -0.225000 -0.450000
-0.075000 -0.225000 -0.375000
-0.075000 -0.225000 -0.300000
-0.075000 -0.225000 -0.225000
-0.075000 -0.225000 -0.150000
-0.075000 -0.225000 -0.075000
-0.075000 -0.225000 0.000000
-0.075000 -0.225000 0.075000
-0.075000 -0.225000 0.150000
-0.075000 -0.225000 0.225000
-0.075000 -0.225000 0.525000
-0.075000 -0.225000 0.600000
-0.075000 -0.225000 0.675000
-0.075000 -0.225000 0.750000
-0.075000 -0.225000 0.825000
-0.075000 -0.225000 0.900000
-0.075000 -0.150000 -0.825000
-0.075000 -0.150000 -0.750000
-0.075000 -0.150000 -0.675000
-0.075000 -0.150000 -0.600000
-0.075000 -0.150000 -0.525000
-0.075000 -0.150000 -0.450000
-0.075000 -0.150000 -0.375000
-0.075000 -0.150000 -0.300000
-0.075000 -0.150000 -0.225000
-0.075000 -0.150000 -0.150000
-0.075000 -0.150000 -0.075000
-0.075000 -0.150000 0.000000
-0.075000 -0.150000 0.075000
-0.075000 -0.150000 0.150000
-0.075000 -0.150000 0.225000
-0.075000 -0.150000 0.300000
-0.075000 -0.150000 0.450000
-0.075000 -0.150000 0.525000
-0.075000 -0.150000 0.600000
-0.075000 -0.150000 0.675000
-0.075000 -0.150000 0.750000
-0.075000 -0.150000 0.825000
-0.075000 -0.150000 0.900000
-0.075000 -0.075000 -0.825000
-0.075000 -0.075000 -0.750000
-0.075000 -0.075000 -0.675000
-0.075000 -0.075000 -0.600000
-0.075000 -0.075000 -0.525000
-0.075000 -0.075000 -0.450000
-0.075000 -0.075000 -0.375000
-0.075000 -0.075000 -0.300000
-0.075000 -0.075000 -0.225000
-0.075000 -0.075000 -0.150000
-0.075000 -0.075000 -0.075000
-0.075000 -0.075000 0.000000
-0.075000 -0.075000 0.075000
-0.075000 -0.075000 0.150000
-0.075000 -0.075000 0.225000
-0.075000 -0.075000 0.300000
-0.075000 -0.075000 0.450000
-0.075000 -0.075000 0.525000
-0.075000 -0.075000 0.600000
-0.075000 -0.075000 0.675000
-0.075000 -0.075000 0.750000
-0.075000 -0.075000 0.825000
-0.075000 -0.075000 0.900000
-0.075000 0.000000 -0.825000
-0.075000 0.000000 -0.750000
-0.075000 0.000000 -0.675000
-0.075000 0.000000 -0.600000
-0.075000 0.000000 -0.525000
-0.075000 0.000000 -0.450000
-0.075000 0.000000 -0.375000
-0.075000 0.000000 -0.300000
-0.075000 0.000000 -0.225000
-0.075000 0.000000 -0.150000
-0.075000 0.000000 -0.075000
-0.075000 0.000000 0.000000
-0.075000 0.000000 0.075000
-0.075000 0.000000 0.150000
-0.075000 0.000000 0.225000
-0.075000 0.000000 0.450000
-0.075000 0.000000 0.525000
-0.075000 0.000000 0.600000
-0.075000 0.000000 0.675000
-0.075000 0.000000 0.750000
-0.075000 0.000000 0.825000
-0.075000 0.000000 0.900000
-0.075000 0.075000 -0.825000
-0.075000 0.075000 -0.750000
-0.075000 0.075000 -0.675000
-0.075000 0.075000 -0.600000
-0.075000 0.075000 -0.525000
-0.075000 0.075000 -0.450000
-0.075000 0.075000 -0.375000
-0.075000 0.075000 -0.300000
-0.075000 0.075000 -0.225000
-0.075000 0.075000 -0.150000
-0.075000 0.075000 -0.075000
-0.075000 0.075000 0.000000
-0.075000 0.075000 0.075000
-0.075000 0.075000 0.150000
-0.075000 0.075000 0.225000
-0.075000 0.075000 0.450000
-0.075000 0.075000 0.525000
-0.075000 0.075000 0.600000
-0.075000 0.075000 0.675000
-0.075000 0.075000 0.825000
-0.075000 0.075000 0.900000
-0.075000 0.150000 -0.825000
-0.075000 0.150000 -0.750000
-0.075000 0.150000 -0.675000
-0.075000 0.150000 -0.600000
-0.075000 0.150000 -0.525000
-0.075000 0.150000 -0.450000
-0.075000 0.150000 -0.375000
-0.075000 0.150000 -0.300000
-0.075000 0.150000 -0.225000
-0.075000 0.150000 -0.150000
-0.075000 0.150000 -0.075000
-0.075000 0.150000 0.000000
-0.075000 0.150000 0.075000
-0.075000 0.150000 0.150000
-0.075000 0.150000 0.225000
-0.075000 0.150000 0.450000
-0.075000 0.150000 0.525000
-0.075000 0.150000 0.600000
-0.075000 0.150000 0.675000
-0.075000 0.150000 0.750000
-0.075000 0.150000 0.825000
-0.075000 0.150000 0.900000
-0.075000 0.225000 -0.750000
-0.075000 0.225000 -0.675000
-0.075000 0.225000 -0.600000
-0.075000 0.225000 -0.525000
-0.075000 0.225000 -0.450000
-0.075000 0.225000 -0.375000
-0.075000 0.225000 -0.300000
-0.075000 0.225000 -0.225000
-0.075000 0.225000 -0.150000
-0.075000 0.225000 -0.075000
-0.075000 0.225000 0.000000
-0.075000 0.225000 0.075000
-0.075000 0.225000 0.150000
-0.075000 0.225000 0.525000
-0.075000 0.225000 0.600000
-0.075000 0.225000 0.675000
-0.075000 0.225000 0.750000
-0.075000 0.225000 0.825000
-0.075000 0.225000 0.900000
0.000000 -0.300000 -0.750000
0.000000 -0.300000 -0.675000
0.000000 -0.300000 -0.600000
0.000000 -0.300000 -0.375000
0.000000 -0.300000 -0.300000
0.000000 -0.300000 -0.150000
0.000000 -0.300000 -0.075000
0.000000 -0.300000 0.000000
0.000000 -0.300000 0.075000
0.000000 -0.300000 0.150000
0.000000 -0.300000 0.225000
0.000000 -0.300000 0.300000
0.000000 -0.300000 0.525000
0.000000 -0.300000 0.600000
0.000000 -0.300000 0.675000
0.000000 -0.300000 0.750000
0.000000 -0.300000 0.825000
0.000000 -0.300000 0.900000
0.000000 -0.225000 -0.825000
0.000000 -0.225000 -0.750000
0.000000 -0.225000 -0.675000
0.000000 -0.225000 -0.600000
0.000000 -0.225000 -0.525000
0.000000 -0.225000 -0.450000
0.000000 -0.225000 -0.375000
0.000000 -0.225000 -0.300000
0.000000 -0.225000 -0.225000
0.000000 -0.225000 -0.150000
0.000000 -0.225000 -0.075000
0.000000 -0.225000 0.000000
0.000000 -0.225000 0.075000
0.000000 -0.225000 0.150000
0.000000 -0.225000 0.225000
0.000000 -0.225000 0.300000
0.000000 -0.225000 0.525000
0.000000 -0.225000 0.600000
0.000000 -0.225000 0.675000
0.000000 -0.225000 0.750000
0.000000 -0.225000 0.825000
0.000000 -0.225000 0.900000
0.000000 -0.150000 -0.825000
0.000000 -0.150000 -0.750000
0.000000 -0.150000 -0.675000
0.000000 -0.150000 -0.600000
0.000000 -0.150000 -0.525000
0.000000 -0.150000 -0.450000
0.000000 -0.150000 -0.375000
0.000000 -0.150000 -0.300000
0.000000 -0.150000 -0.225000
0.000000 -0.150000 -0.150000
0.000000 -0.150000 -0.075000
0.000000 -0.150000 0.000000
0.000000 -0.150000 0.075000
0.000000 -0.150000 0.150000
0.000000 -0.150000 0.225000
0.000000 -0.150000 0.300000
0.000000 -0.150000 0.450000
0.000000 -0.150000 0.525000
0.000000 -0.150000 0.600000
0.000000 -0.150000 0.675000
0.000000 -0.150000 0.750000
0.000000 -0.150000 0.825000
0.000000 -0.150000 0.900000
0.000000 -0.150000 0.975000
0.000000 -0.075000 -0.825000
0.000000 -0.075000 -0.750000
0.000000 -0.075000 -0.675000
0.000000 -0.075000 -0.600000
0.000000 -0.075000 -0.525000
0.000000 -0.075000 -0.450000
0.000000 -0.075000 -0.375000
0.000000 -0.075000 -0.300000
0.000000 -0.075000 -0.225000
0.000000 -0.075000 -0.150000
0.000000 -0.075000 -0.075000
0.000000 -0.075000 0.000000
0.000000 -0.075000 0.075000
0.000000 -0.075000 0.150000
0.000000 -0.075000 0.225000
0.000000 -0.075000 0.300000
0.000000 -0.075000 0.450000
0.000000 -0.075000 0.525000
0.000000 -0.075000 0.600000
0.000000 -0.075000 0.675000
0.000000 -0.075000 0.750000
0.000000 -0.075000 0.825000
0.000000 -0.075000 0.900000
0.000000 -0.075000 0.975000
0.000000 0.000000 -0.825000
0.000000 0.000000 -0.750000
0.000000 0.000000 -0.675000
0.000000 0.000000 -0.600000
0.000000 0.000000 -0.525000
0.000000 0.000000 -0.450000
0.000000 0.000000 -0.375000
0.000000 0.000000 -0.300000
0.000000 0.000000 -0.225000
0.000000 0.000000 -0.150000
0.000000 0.000000 -0.075000
0.000000 0.000000 0.000000
0.000000 0.000000 0.075000
0.000000 0.000000 0.150000
0.000000 0.000000 0.225000
0.000000 0.000000 0.300000
0.000000 0.000000 0.450000
0.000000 0.000000 0.525000
0.000000 0.000000 0.600000
0.000000 0.000000 0.675000
0.000000 0.000000 0.750000
0.000000 0.000000 0.825000
0.000000 0.000000 0.900000
0.000000 0.000000 0.975000
0.000000 0.075000 -0.825000
0.000000 0.075000 -0.750000
0.000000 0.075000 -0.675000
0.000000 0.075000 -0.600000
0.000000 0.075000 -0.525000
0.000000 0.075000 -0.450000
0.000000 0.075000 -0.375000
0.000000 0.075000 -0.300000
0.000000 0.075000 -0.225000
0.000000 0.075000 -0.150000
0.000000 0.075000 -0.075000
0.000000 0.075000 0.000000
0.000000 0.075000 0.075000
0.000000 0.075000 0.150000
0.000000 0.075000 0.225000
0.000000 0.075000 0.300000
0.000000 0.075000 0.450000
0.000000 0.075000 0.525000
0.000000 0.075000 0.600000
0.000000 0.075000 0.675000
0.000000 0.075000 0.825000
0.000000 0.075000 0.900000
0.000000 0.150000 -0.825000
0.000000 0.150000 -0.750000
0.000000 0.150000 -0.675000
0.000000 0.150000 -0.600000
0.000000 0.150000 -0.525000
0.000000 0.150000 -0.450000
0.000000 0.150000 -0.375000
0.000000 0.150000 -0.300000
0.000000 0.150000 -0.225000
0.000000 0.150000 -0.150000
0.000000 0.150000 -0.075000
0.000000 0.150000 0.000000
0.000000 0.150000 0.075000
0.000000 0.150000 0.150000
0.000000 0.150000 0.225000
0.000000 0.150000 0.300000
0.000000 0.150000 0.525000
0.000000 0.150000 0.600000
0.000000 0.150000 0.675000
0.000000 0.150000 0.750000
0.000000 0.150000 0.825000
0.000000 0.150000 0.900000
0.000000 0.225000 -0.750000
0.000000 0.225000 -0.675000
0.000000 0.225000 -0.600000
0.000000 0.225000 -0.375000
0.000000 0.225000 -0.300000
0.000000 0.225000 -0.225000
0.000000 0.225000 -0.150000
0.000000 0.225000 -0.075000
0.000000 0.225000 0.000000
0.000000 0.225000 0.075000
0.000000 0.225000 0.150000
0.000000 0.225000 0.225000
0.000000 0.225000 0.600000
0.000000 0.225000 0.675000
0.000000 0.225000 0.750000
0.000000 0.225000 0.825000
0.000000 0.225000 0.900000
0.075000 -0.300000 -0.750000
0.075000 -0.300000 -0.675000
0.075000 -0.300000 -0.600000
0.075000 -0.300000 -0.150000
0.075000 -0.300000 -0.075000
0.075000 -0.300000 0.000000
0.075000 -0.300000 0.075000
0.075000 -0.300000 0.150000
0.075000 -0.300000 0.225000
0.075000 -0.300000 0.300000
0.075000 -0.225000 -0.825000
0.075000 -0.225000 -0.750000
0.075000 -0.225000 -0.675000
0.075000 -0.225000 -0.600000
0.075000 -0.225000 -0.525000
0.075000 -0.225000 -0.225000
0.075000 -0.225000 -0.150000
0.075000 -0.225000 -0.075000
0.075000 -0.225000 0.000000
0.075000 -0.225000 0.075000
0.075000 -0.225000 0.150000
0.075000 -0.225000 0.225000
0.075000 -0.225000 0.300000
0.075000 -0.225000 0.525000
0.075000 -0.225000 0.600000
0.075000 -0.150000 -0.825000
0.075000 -0.150000 -0.750000
0.075000 -0.150000 -0.675000
0.075000 -0.150000 -0.600000
0.075000 -0.150000 -0.525000
0.075000 -0.150000 -0.225000
0.075000 -0.150000 -0.150000
0.075000 -0.150000 -0.075000
0.075000 -0.150000 0.000000
0.075000 -0.150000 0.075000
0.075000 -0.150000 0.150000
0.075000 -0.150000 0.225000
0.075000 -0.150000 0.300000
0.075000 -0.150000 0.375000
0.075000 -0.150000 0.525000
0.075000 -0.150000 0.600000
0.075000 -0.150000 0.900000
0.075000 -0.150000 0.975000
0.075000 -0.075000 -0.825000
0.075000 -0.075000 -0.750000
0.075000 -0.075000 -0.675000
0.075000 -0.075000 -0.600000
0.075000 -0.075000 -0.525000
0.075000 -0.075000 -0.225000
0.075000 -0.075000 -0.150000
0.075000 -0.075000 -0.075000
0.075000 -0.075000 0.000000
0.075000 -0.075000 0.150000
0.075000 -0.075000 0.225000
0.075000 -0.075000 0.300000
0.075000 -0.075000 0.375000
0.075000 -0.075000 0.525000
0.075000 -0.075000 0.600000
0.075000 -0.075000 0.675000
0.075000 -0.075000 0.825000
0.075000 -0.075000 0.900000
0.075000 -0.075000 0.975000
0.075000 0.000000 -0.825000
0.075000 0.000000 -0.750000
0.075000 0.000000 -0.675000
0.075000 0.000000 -0.600000
0.075000 0.000000 -0.525000
0.075000 0.000000 -0.225000
0.075000 0.000000 -0.150000
0.075000 0.000000 -0.075000
0.075000 0.000000 0.000000
0.075000 0.000000 0.150000
0.075000 0.000000 0.225000
0.075000 0.000000 0.300000
0.075000 0.000000 0.375000
0.075000 0.000000 0.525000
0.075000 0.000000 0.600000
0.075000 0.000000 0.675000
0.075000 0.000000 0.825000
0.075000 0.000000 0.900000
0.075000 0.000000 0.975000
0.075000 0.075000 -0.825000
0.075000 0.075000 -0.750000
0.075000 0.075000 -0.675000
0.075000 0.075000 -0.600000
0.075000 0.075000 -0.525000
0.075000 0.075000 -0.225000
0.075000 0.075000 -0.150000
0.075000 0.075000 -0.075000
0.075000 0.075000 0.000000
0.075000 0.075000 0.075000
0.075000 0.075000 0.150000
0.075000 0.075000 0.225000
0.075000 0.075000 0.300000
0.075000 0.075000 0.375000
0.075000 0.075000 0.525000
0.075000 0.075000 0.600000
0.075000 0.075000 0.675000
0.075000 0.075000 0.825000
0.075000 0.075000 0.900000
0.075000 0.150000 -0.825000
0.075000 0.150000 -0.750000
0.075000 0.150000 -0.675000
0.075000 0.150000 -0.600000
0.075000 0.150000 -0.525000
0.075000 0.150000 -0.225000
0.075000 0.150000 -0.150000
0.075000 0.150000 -0.075000
0.075000 0.150000 0.000000
0.075000 0.150000 0.075000
0.075000 0.150000 0.150000
0.075000 0.150000 0.225000
0.075000 0.150000 0.300000
0.075000 0.225000 -0.750000
0.075000 0.225000 -0.675000
0.075000 0.225000 -0.600000
0.075000 0.225000 -0.150000
0.075000 0.225000 -0.075000
0.075000 0.225000 0.000000
0.075000 0.225000 0.075000
0.075000 0.225000 0.150000
0.075000 0.225000 0.225000
0.075000 0.225000 0.300000
0.150000 -0.300000 -0.750000
0.150000 -0.300000 -0.675000
0.150000 -0.300000 -0.600000
0.150000 -0.300000 0.000000
0.150000 -0.300000 0.075000
0.150000 -0.300000 0.150000
0.150000 -0.300000 0.225000
0.150000 -0.300000 0.300000
0.150000 -0.300000 0.375000
0.150000 -0.300000 0.450000
0.150000 -0.225000 -0.825000
0.150000 -0.225000 -0.750000
0.150000 -0.225000 -0.675000
0.150000 -0.225000 -0.600000
0.150000 -0.225000 -0.525000
0.150000 -0.225000 -0.075000
0.150000 -0.225000 0.000000
0.150000 -0.225000 0.075000
0.150000 -0.225000 0.150000
0.150000 -0.225000 0.225000
0.150000 -0.225000 0.300000
0.150000 -0.225000 0.375000
0.150000 -0.225000 0.450000
0.150000 -0.225000 0.525000
0.150000 -0.225000 0.600000
0.150000 -0.225000 0.675000
0.150000 -0.225000 0.750000
0.150000 -0.225000 0.825000
0.150000 -0.225000 0.900000
0.150000 -0.150000 -0.825000
0.150000 -0.150000 -0.750000
0.150000 -0.150000 -0.675000
0.150000 -0.150000 -0.600000
0.150000 -0.150000 -0.525000
0.150000 -0.150000 -0.150000
0.150000 -0.150000 -0.075000
0.150000 -0.150000 0.000000
0.150000 -0.150000 0.075000
0.150000 -0.150000 0.150000
0.150000 -0.150000 0.225000
0.150000 -0.150000 0.300000
0.150000 -0.150000 0.375000
0.150000 -0.150000 0.450000
0.150000 -0.150000 0.525000
0.150000 -0.150000 0.600000
0.150000 -0.150000 0.675000
0.150000 -0.150000 0.750000
0.150000 -0.150000 0.825000
0.150000 -0.150000 0.900000
0.150000 -0.150000 0.975000
0.150000 -0.075000 -0.825000
0.150000 -0.075000 -0.750000
0.150000 -0.075000 -0.675000
0.150000 -0.075000 -0.600000
0.150000 -0.075000 -0.525000
0.150000 -0.075000 -0.150000
0.150000 -0.075000 -0.075000
0.150000 -0.075000 0.000000
0.150000 -0.075000 0.075000
0.150000 -0.075000 0.150000
0.150000 -0.075000 0.300000
0.150000 -0.075000 0.375000
0.150000 -0.075000 0.450000
0.150000 -0.075000 0.525000
0.150000 -0.075000 0.600000
0.150000 -0.075000 0.675000
0.150000 -0.075000 0.750000
0.150000 -0.075000 0.825000
0.150000 -0.075000 0.900000
0.150000 -0.075000 0.975000
0.150000 0.000000 -0.825000
0.150000 0.000000 -0.750000
0.150000 0.000000 -0.600000
0.150000 0.000000 -0.525000
0.150000 0.000000 -0.150000
0.150000 0.000000 -0.075000
0.150000 0.000000 0.000000
0.150000 0.000000 0.075000
0.150000 0.000000 0.150000
0.150000 0.000000 0.225000
0.150000 0.000000 0.300000
0.150000 0.000000 0.375000
0.150000 0.000000 0.450000
0.150000 0.000000 0.525000
0.150000 0.000000 0.600000
0.150000 0.000000 0.675000
0.150000 0.000000 0.750000
0.150000 0.000000 0.825000
0.150000 0.000000 0.900000
0.150000 0.000000 0.975000
0.150000 0.075000 -0.825000
0.150000 0.075000 -0.750000
0.150000 0.075000 -0.675000
0.150000 0.075000 -0.600000
0.150000 0.075000 -0.525000
0.150000 0.075000 -0.150000
0.150000 0.075000 -0.075000
0.150000 0.075000 0.000000
0.150000 0.075000 0.075000
0.150000 0.075000 0.150000
0.150000 0.075000 0.225000
0.150000 0.075000 0.300000
0.150000 0.075000 0.375000
0.150000 0.075000 0.450000
0.150000 0.075000 0.525000
0.150000 0.075000 0.600000
0.150000 0.075000 0.675000
0.150000 0.075000 0.750000
0.150000 0.075000 0.825000
0.150000 0.075000 0.900000
0.150000 0.150000 -0.825000
0.150000 0.150000 -0.750000
0.150000 0.150000 -0.675000
0.150000 0.150000 -0.600000
0.150000 0.150000 -0.525000
0.150000 0.150000 -0.075000
0.150000 0.150000 0.000000
0.150000 0.150000 0.075000
0.150000 0.150000 0.150000
0.150000 0.150000 0.225000
0.150000 0.150000 0.300000
0.150000 0.150000 0.375000
0.150000 0.150000 0.450000
0.150000 0.150000 0.525000
0.150000 0.150000 0.600000
0.150000 0.150000 0.675000
0.150000 0.150000 0.750000
0.150000 0.150000 0.825000
0.150000 0.150000 0.900000
0.150000 0.225000 -0.750000
0.150000 0.225000 -0.675000
0.150000 0.225000 -0.600000
0.150000 0.225000 -0.075000
0.150000 0.225000 0.000000
0.150000 0.225000 0.075000
0.150000 0.225000 0.150000
0.150000 0.225000 0.225000
0.150000 0.225000 0.300000
0.150000 0.225000 0.375000
0.150000 0.225000 0.450000
0.150000 0.225000 0.525000
0.225000 -0.300000 -0.750000
0.225000 -0.300000 -0.675000
0.225000 -0.300000 -0.600000
0.225000 -0.300000 0.000000
0.225000 -0.300000 0.075000
0.225000 -0.300000 0.150000
0.225000 -0.300000 0.225000
0.225000 -0.300000 0.300000
0.225000 -0.300000 0.375000
0.225000 -0.300000 0.450000
0.225000 -0.300000 0.525000
0.225000 -0.300000 0.600000
0.225000 -0.300000 0.675000
0.225000 -0.300000 0.750000
0.225000 -0.300000 0.825000
0.225000 -0.300000 0.900000
0.225000 -0.225000 -0.825000
0.225000 -0.225000 -0.750000
0.225000 -0.225000 -0.675000
0.225000 -0.225000 -0.600000
0.225000 -0.225000 -0.525000
0.225000 -0.225000 0.000000
0.225000 -0.225000 0.075000
0.225000 -0.225000 0.150000
0.225000 -0.225000 0.225000
0.225000 -0.225000 0.300000
0.225000 -0.225000 0.375000
0.225000 -0.225000 0.450000
0.225000 -0.225000 0.525000
0.225000 -0.225000 0.600000
0.225000 -0.225000 0.675000
0.225000 -0.225000 0.750000
0.225000 -0.225000 0.825000
0.225000 -0.225000 0.900000
0.225000 -0.150000 -0.825000
0.225000 -0.150000 -0.750000
0.225000 -0.150000 -0.675000
0.225000 -0.150000 -0.600000
0.225000 -0.150000 -0.525000
0.225000 -0.150000 0.000000
0.225000 -0.150000 0.075000
0.225000 -0.150000 0.150000
0.225000 -0.150000 0.225000
0.225000 -0.150000 0.300000
0.225000 -0.150000 0.375000
0.225000 -0.150000 0.450000
0.225000 -0.150000 0.525000
0.225000 -0.150000 0.600000
0.225000 -0.150000 0.675000
0.225000 -0.150000 0.750000
0.225000 -0.150000 0.825000
0.225000 -0.150000 0.900000
0.225000 -0.075000 -0.825000
0.225000 -0.075000 -0.750000
0.225000 -0.075000 -0.675000
0.225000 -0.075000 -0.600000
0.225000 -0.075000 -0.525000
0.225000 -0.075000 0.000000
0.225000 -0.075000 0.075000
0.225000 -0.075000 0.150000
0.225000 -0.075000 0.225000
0.225000 -0.075000 0.300000
0.225000 -0.075000 0.375000
0.225000 -0.075000 0.450000
0.225000 -0.075000 0.525000
0.225000 -0.075000 0.600000
0.225000 -0.075000 0.675000
0.225000 -0.075000 0.750000
0.225000 -0.075000 0.825000
0.225000 -0.075000 0.900000
0.225000 -0.075000 0.975000
0.225000 0.000000 -0.825000
0.225000 0.000000 -0.750000
0.225000 0.000000 -0.675000
0.225000 0.000000 -0.600000
0.225000 0.000000 -0.525000
0.225000 0.000000 0.000000
0.225000 0.000000 0.075000
0.225000 0.000000 0.150000
0.225000 0.000000 0.225000
0.225000 0.000000 0.300000
0.225000 0.000000 0.375000
0.225000 0.000000 0.450000
0.225000 0.000000 0.525000
0.225000 0.000000 0.600000
0.225000 0.000000 0.675000
0.225000 0.000000 0.750000
0.225000 0.000000 0.825000
0.225000 0.000000 0.900000
0.225000 0.000000 0.975000
0.225000 0.075000 -0.825000
0.225000 0.075000 -0.750000
0.225000 0.075000 -0.675000
0.225000 0.075000 -0.600000
0.225000 0.075000 -0.525000
0.225000 0.075000 0.000000
0.225000 0.075000 0.075000
0.225000 0.075000 0.150000
0.225000 0.075000 0.225000
0.225000 0.075000 0.300000
0.225000 0.075000 0.375000
0.225000 0.075000 0.450000
0.225000 0.075000 0.525000
0.225000 0.075000 0.600000
0.225000 0.075000 0.675000
0.225000 0.075000 0.750000
0.225000 0.075000 0.825000
0.225000 0.075000 0.900000
0.225000 0.150000 -0.825000
0.225000 0.150000 -0.750000
0.225000 0.150000 -0.675000
0.225000 0.150000 -0.600000
0.225000 0.150000 -0.525000
0.225000 0.150000 0.000000
0.225000 0.150000 0.075000
0.225000 0.150000 0.150000
0.225000 0.150000 0.225000
0.225000 0.150000 0.300000
0.225000 0.150000 0.375000
0.225000 0.150000 0.450000
0.225000 0.150000 0.525000
0.225000 0.150000 0.600000
0.225000 0.150000 0.675000
0.225000 0.150000 0.750000
0.225000 0.150000 0.825000
0.225000 0.150000 0.900000
0.225000 0.225000 -0.750000
0.225000 0.225000 -0.675000
0.225000 0.225000 -0.600000
0.225000 0.225000 0.000000
0.225000 0.225000 0.075000
0.225000 0.225000 0.150000
0.225000 0.225000 0.225000
0.225000 0.225000 0.300000
0.225000 0.225000 0.375000
0.225000 0.225000 0.450000
0.225000 0.225000 0.525000
0.225000 0.225000 0.600000
0.225000 0.225000 0.675000
0.225000 0.225000 0.750000
0.225000 0.225000 0.825000
0.225000 0.225000 0.900000
0.300000 -0.300000 -0.825000
0.300000 -0.300000 -0.750000
0.300000 -0.300000 -0.675000
0.300000 -0.300000 -0.600000
0.300000 -0.300000 -0.525000
0.300000 -0.300000 0.225000
0.300000 -0.300000 0.300000
0.300000 -0.300000 0.375000
0.300000 -0.300000 0.450000
0.300000 -0.300000 0.525000
0.300000 -0.300000 0.600000
0.300000 -0.300000 0.675000
0.300000 -0.300000 0.750000
0.300000 -0.300000 0.825000
0.300000 -0.300000 0.900000
0.300000 -0.225000 -0.825000
0.300000 -0.225000 -0.750000
0.300000 -0.225000 -0.675000
0.300000 -0.225000 -0.600000
0.300000 -0.225000 -0.525000
0.300000 -0.225000 -0.300000
0.300000 -0.225000 -0.225000
0.300000 -0.225000 0.075000
0.300000 -0.225000 0.150000
0.300000 -0.225000 0.225000
0.300000 -0.225000 0.300000
0.300000 -0.225000 0.375000
0.300000 -0.225000 0.450000
0.300000 -0.225000 0.525000
0.300000 -0.225000 0.600000
0.300000 -0.225000 0.675000
0.300000 -0.225000 0.750000
0.300000 -0.225000 0.825000
0.300000 -0.225000 0.900000
0.300000 -0.150000 -0.900000
0.300000 -0.150000 -0.825000
0.300000 -0.150000 -0.750000
0.300000 -0.150000 -0.675000
0.300000 -0.150000 -0.600000
0.300000 -0.150000 -0.525000
0.300000 -0.150000 -0.450000
0.300000 -0.150000 -0.300000
0.300000 -0.150000 -0.225000
0.300000 -0.150000 0.075000
0.300000 -0.150000 0.150000
0.300000 -0.150000 0.225000
0.300000 -0.150000 0.300000
0.300000 -0.150000 0.375000
0.300000 -0.150000 0.450000
0.300000 -0.150000 0.525000
0.300000 -0.150000 0.600000
0.300000 -0.150000 0.675000
0.300000 -0.150000 0.750000
0.300000 -0.150000 0.825000
0.300000 -0.150000 0.900000
0.300000 -0.075000 -0.900000
0.300000 -0.075000 -0.825000
0.300000 -0.075000 -0.750000
0.300000 -0.075000 -0.675000
0.300000 -0.075000 -0.600000
0.300000 -0.075000 -0.525000
0.300000 -0.075000 -0.450000
0.300000 -0.075000 -0.300000
0.300000 -0.075000 -0.225000
0.300000 -0.075000 0.075000
0.300000 -0.075000 0.150000
0.300000 -0.075000 0.225000
0.300000 -0.075000 0.300000
0.300000 -0.075000 0.375000
0.300000 -0.075000 0.450000
0.300000 -0.075000 0.525000
0.300000 -0.075000 0.825000
0.300000 -0.075000 0.900000
0.300000 0.000000 -0.900000
0.300000 0.000000 -0.825000
0.300000 0.000000 -0.750000
0.300000 0.000000 -0.675000
0.300000 0.000000 -0.600000
0.300000 0.000000 -0.525000
0.300000 0.000000 -0.450000
0.300000 0.000000 -0.300000
0.300000 0.000000 -0.225000
0.300000 0.000000 0.075000
0.300000 0.000000 0.150000
0.300000 0.000000 0.225000
0.300000 0.000000 0.300000
0.300000 0.000000 0.375000
0.300000 0.000000 0.450000
0.300000 0.000000 0.525000
0.300000 0.000000 0.750000
0.300000 0.000000 0.825000
0.300000 0.000000 0.900000
0.300000 0.075000 -0.900000
0.300000 0.075000 -0.825000
0.300000 0.075000 -0.750000
0.300000 0.075000 -0.675000
0.300000 0.075000 -0.600000
0.300000 0.075000 -0.525000
0.300000 0.075000 -0.450000
0.300000 0.075000 -0.300000
0.300000 0.075000 -0.225000
0.300000 0.075000 0.075000
0.300000 0.075000 0.150000
0.300000 0.075000 0.225000
0.300000 0.075000 0.300000
0.300000 0.075000 0.375000
0.300000 0.075000 0.450000
0.300000 0.075000 0.525000
0.300000 0.075000 0.600000
0.300000 0.075000 0.675000
0.300000 0.075000 0.750000
0.300000 0.075000 0.825000
0.300000 0.075000 0.900000
0.300000 0.150000 -0.825000
0.300000 0.150000 -0.750000
0.300000 0.150000 -0.675000
0.300000 0.150000 -0.600000
0.300000 0.150000 -0.525000
0.300000 0.150000 0.075000
0.300000 0.150000 0.150000
0.300000 0.150000 0.225000
0.300000 0.150000 0.300000
0.300000 0.150000 0.375000
0.300000 0.150000 0.450000
0.300000 0.150000 0.525000
0.300000 0.150000 0.600000
0.300000 0.150000 0.675000
0.300000 0.150000 0.750000
0.300000 0.150000 0.825000
0.300000 0.150000 0.900000
0.300000 0.225000 -0.825000
0.300000 0.225000 -0.750000
0.300000 0.225000 -0.675000
0.300000 0.225000 -0.600000
0.300000 0.225000 -0.525000
0.300000 0.225000 0.225000
0.300000 0.225000 0.300000
0.300000 0.225000 0.375000
0.300000 0.225000 0.450000
0.300000 0.225000 0.525000
0.300000 0.225000 0.600000
0.300000 0.225000 0.675000
0.300000 0.225000 0.750000
0.300000 0.225000 0.825000
0.300000 0.225000 0.900000
0.375000 -0.300000 -0.825000
0.375000 -0.300000 -0.750000
0.375000 -0.300000 -0.675000
0.375000 -0.300000 -0.600000
0.375000 -0.300000 -0.525000
0.375000 -0.300000 0.300000
0.375000 -0.300000 0.375000
0.375000 -0.300000 0.450000
0.375000 -0.300000 0.525000
0.375000 -0.300000 0.600000
0.375000 -0.300000 0.675000
0.375000 -0.300000 0.750000
0.375000 -0.300000 0.825000
0.375000 -0.300000 0.900000
0.375000 -0.225000 -0.825000
0.375000 -0.225000 -0.750000
0.375000 -0.225000 -0.675000
0.375000 -0.225000 -0.600000
0.375000 -0.225000 -0.525000
0.375000 -0.225000 -0.300000
0.375000 -0.225000 -0.225000
0.375000 -0.225000 0.300000
0.375000 -0.225000 0.375000
0.375000 -0.225000 0.450000
0.375000 -0.225000 0.525000
0.375000 -0.225000 0.600000
0.375000 -0.225000 0.675000
0.375000 -0.225000 0.750000
0.375000 -0.225000 0.825000
0.375000 -0.225000 0.900000
0.375000 -0.150000 -0.900000
0.375000 -0.150000 -0.825000
0.375000 -0.150000 -0.750000
0.375000 -0.150000 -0.675000
0.375000 -0.150000 -0.600000
0.375000 -0.150000 -0.525000
0.375000 -0.150000 -0.450000
0.375000 -0.150000 -0.300000
0.375000 -0.150000 -0.225000
0.375000 -0.150000 0.300000
0.375000 -0.150000 0.375000
0.375000 -0.150000 0.450000
0.375000 -0.150000 0.525000
0.375000 -0.150000 0.600000
0.375000 -0.150000 0.675000
0.375000 -0.150000 0.750000
0.375000 -0.150000 0.825000
0.375000 -0.150000 0.900000
0.375000 -0.075000 -0.900000
0.375000 -0.075000 -0.825000
0.375000 -0.075000 -0.750000
0.375000 -0.075000 -0.600000
0.375000 -0.075000 -0.525000
0.375000 -0.075000 -0.450000
0.375000 -0.075000 -0.300000
0.375000 -0.075000 -0.225000
0.375000 -0.075000 0.300000
0.375000 -0.075000 0.375000
0.375000 -0.075000 0.450000
0.375000 -0.075000 0.525000
0.375000 -0.075000 0.600000
0.375000 -0.075000 0.825000
0.375000 -0.075000 0.900000
0.375000 0.000000 -0.900000
0.375000 0.000000 -0.825000
0.375000 0.000000 -0.750000
0.375000 0.000000 -0.600000
0.375000 0.000000 -0.525000
0.375000 0.000000 -0.450000
0.375000 0.000000 -0.300000
0.375000 0.000000 -0.225000
0.375000 0.000000 0.300000
0.375000 0.000000 0.375000
0.375000 0.000000 0.450000
0.375000 0.000000 0.525000
0.375000 0.000000 0.600000
0.375000 0.000000 0.675000
0.375000 0.000000 0.750000
0.375000 0.000000 0.825000
0.375000 0.000000 0.900000
0.375000 0.075000 -0.900000
0.375000 0.075000 -0.825000
0.375000 0.075000 -0.750000
0.375000 0.075000 -0.675000
0.375000 0.075000 -0.600000
0.375000 0.075000 -0.525000
0.375000 0.075000 -0.450000
0.375000 0.075000 -0.300000
0.375000 0.075000 -0.225000
0.375000 0.075000 0.300000
0.375000 0.075000 0.375000
0.375000 0.075000 0.450000
0.375000 0.075000 0.525000
0.375000 0.075000 0.600000
0.375000 0.075000 0.675000
0.375000 0.075000 0.750000
0.375000 0.075000 0.825000
0.375000 0.075000 0.900000
0.375000 0.150000 -0.825000
0.375000 0.150000 -0.750000
0.375000 0.150000 -0.675000
0.375000 0.150000 -0.600000
0.375000 0.150000 -0.525000
0.375000 0.150000 0.300000
0.375000 0.150000 0.375000
0.375000 0.150000 0.450000
0.375000 0.150000 0.525000
0.375000 0.150000 0.600000
0.375000 0.150000 0.675000
0.375000 0.150000 0.750000
0.375000 0.150000 0.825000
0.375000 0.150000 0.900000
0.375000 0.225000 -0.825000
0.375000 0.225000 -0.750000
0.375000 0.225000 -0.675000
0.375000 0.225000 -0.600000
0.375000 0.225000 -0.525000
0.375000 0.225000 0.300000
0.375000 0.225000 0.375000
0.375000 0.225000 0.450000
0.375000 0.225000 0.525000
0.375000 0.225000 0.600000
0.375000 0.225000 0.675000
0.375000 0.225000 0.750000
0.375000 0.225000 0.825000
0.375000 0.225000 0.900000
0.450000 -0.300000 -0.750000
0.450000 -0.300000 -0.675000
0.450000 -0.300000 -0.600000
0.450000 -0.300000 -0.525000
0.450000 -0.300000 0.525000
0.450000 -0.300000 0.600000
0.450000 -0.300000 0.675000
0.450000 -0.300000 0.750000
0.450000 -0.300000 0.825000
0.450000 -0.225000 -0.825000
0.450000 -0.225000 -0.750000
0.450000 -0.225000 -0.675000
0.450000 -0.225000 -0.600000
0.450000 -0.225000 -0.525000
0.450000 -0.225000 -0.450000
0.450000 -0.225000 0.450000
0.450000 -0.225000 0.525000
0.450000 -0.225000 0.600000
0.450000 -0.225000 0.675000
0.450000 -0.225000 0.750000
0.450000 -0.225000 0.825000
0.450000 -0.225000 0.900000
0.450000 -0.150000 -0.900000
0.450000 -0.150000 -0.825000
0.450000 -0.150000 -0.750000
0.450000 -0.150000 -0.675000
0.450000 -0.150000 -0.600000
0.450000 -0.150000 -0.525000
0.450000 -0.150000 -0.450000
0.450000 -0.150000 -0.300000
0.450000 -0.150000 -0.225000
0.450000 -0.150000 0.450000
0.450000 -0.150000 0.525000
0.450000 -0.150000 0.600000
0.450000 -0.150000 0.675000
0.450000 -0.150000 0.750000
0.450000 -0.150000 0.825000
0.450000 -0.150000 0.900000
0.450000 -0.075000 -0.900000
0.450000 -0.075000 -0.825000
0.450000 -0.075000 -0.750000
0.450000 -0.075000 -0.675000
0.450000 -0.075000 -0.600000
0.450000 -0.075000 -0.525000
0.450000 -0.075000 -0.450000
0.450000 -0.075000 -0.300000
0.450000 -0.075000 -0.225000
0.450000 -0.075000 0.450000
0.450000 -0.075000 0.525000
0.450000 -0.075000 0.600000
0.450000 -0.075000 0.675000
0.450000 -0.075000 0.750000
0.450000 -0.075000 0.825000
0.450000 -0.075000 0.900000
0.450000 0.000000 -0.900000
0.450000 0.000000 -0.825000
0.450000 0.000000 -0.750000
0.450000 0.000000 -0.675000
0.450000 0.000000 -0.600000
0.450000 0.000000 -0.525000
0.450000 0.000000 -0.450000
0.450000 0.000000 -0.300000
0.450000 0.000000 -0.225000
0.450000 0.000000 0.450000
0.450000 0.000000 0.525000
0.450000 0.000000 0.600000
0.450000 0.000000 0.675000
0.450000 0.000000 0.750000
0.450000 0.000000 0.825000
0.450000 0.000000 0.900000
0.450000 0.075000 -0.900000
0.450000 0.075000 -0.825000
0.450000 0.075000 -0.750000
0.450000 0.075000 -0.675000
0.450000 0.075000 -0.600000
0.450000 0.075000 -0.525000
0.450000 0.075000 -0.450000
0.450000 0.075000 -0.300000
0.450000 0.075000 -0.225000
0.450000 0.075000 0.450000
0.450000 0.075000 0.525000
0.450000 0.075000 0.600000
0.450000 0.075000 0.675000
0.450000 0.075000 0.750000
0.450000 0.075000 0.825000
0.450000 0.075000 0.900000
0.450000 0.150000 -0.825000
0.450000 0.150000 -0.750000
0.450000 0.150000 -0.675000
0.450000 0.150000 -0.600000
0.450000 0.150000 -0.525000
0.450000 0.150000 0.450000
0.450000 0.150000 0.525000
0.450000 0.150000 0.600000
0.450000 0.150000 0.675000
0.450000 0.150000 0.750000
0.450000 0.150000 0.825000
0.450000 0.150000 0.900000
0.450000 0.225000 -0.825000
0.450000 0.225000 -0.750000
0.450000 0.225000 -0.675000
0.450000 0.225000 -0.600000
0.450000 0.225000 -0.525000
0.450000 0.225000 0.525000
0.450000 0.225000 0.600000
0.450000 0.225000 0.675000
0.450000 0.225000 0.750000
0.450000 0.225000 0.825000
0.525000 -0.300000 -0.750000
0.525000 -0.300000 -0.675000
0.525000 -0.300000 -0.600000
0.525000 -0.300000 -0.525000
0.525000 -0.225000 -0.825000
0.525000 -0.225000 -0.750000
0.525000 -0.225000 -0.675000
0.525000 -0.225000 -0.600000
0.525000 -0.225000 -0.525000
0.525000 -0.225000 -0.450000
0.525000 -0.225000 0.600000
0.525000 -0.225000 0.675000
0.525000 -0.225000 0.750000
0.525000 -0.225000 0.825000
0.525000 -0.225000 0.900000
0.525000 -0.150000 -0.825000
0.525000 -0.150000 -0.750000
0.525000 -0.150000 -0.675000
0.525000 -0.150000 -0.600000
0.525000 -0.150000 -0.525000
0.525000 -0.150000 -0.450000
0.525000 -0.150000 -0.300000
0.525000 -0.150000 -0.225000
0.525000 -0.150000 0.525000
0.525000 -0.150000 0.600000
0.525000 -0.150000 0.675000
0.525000 -0.150000 0.750000
0.525000 -0.150000 0.825000
0.525000 -0.150000 0.900000
0.525000 -0.075000 -0.825000
0.525000 -0.075000 -0.750000
0.525000 -0.075000 -0.675000
0.525000 -0.075000 -0.600000
0.525000 -0.075000 -0.525000
0.525000 -0.075000 -0.450000
0.525000 -0.075000 -0.300000
0.525000 -0.075000 -0.225000
0.525000 -0.075000 0.525000
0.525000 -0.075000 0.600000
0.525000 -0.075000 0.675000
0.525000 -0.075000 0.750000
0.525000 -0.075000 0.825000
0.525000 -0.075000 0.900000
0.525000 0.000000 -0.825000
0.525000 0.000000 -0.750000
0.525000 0.000000 -0.675000
0.525000 0.000000 -0.600000
0.525000 0.000000 -0.525000
0.525000 0.000000 -0.450000
0.525000 0.000000 -0.300000
0.525000 0.000000 -0.225000
0.525000 0.000000 0.525000
0.525000 0.000000 0.600000
0.525000 0.000000 0.675000
0.525000 0.000000 0.750000
0.525000 0.000000 0.825000
0.525000 0.000000 0.900000
0.525000 0.075000 -0.825000
0.525000 0.075000 -0.750000
0.525000 0.075000 -0.675000
0.525000 0.075000 -0.600000
0.525000 0.075000 -0.525000
0.525000 0.075000 -0.450000
0.525000 0.075000 -0.300000
0.525000 0.075000 -0.225000
0.525000 0.075000 0.525000
0.525000 0.075000 0.600000
0.525000 0.075000 0.675000
0.525000 0.075000 0.750000
0.525000 0.075000 0.825000
0.525000 0.075000 0.900000
0.525000 0.150000 -0.825000
0.525000 0.150000 -0.750000
0.525000 0.150000 -0.675000
0.525000 0.150000 -0.600000
0.525000 0.150000 -0.525000
0.525000 0.150000 -0.450000
0.525000 0.150000 -0.300000
0.525000 0.150000 -0.225000
0.525000 0.150000 0.600000
0.525000 0.150000 0.675000
0.525000 0.150000 0.750000
0.525000 0.150000 0.825000
0.525000 0.225000 -0.825000
0.525000 0.225000 -0.750000
0.525000 0.225000 -0.675000
0.525000 0.225000 -0.600000
0.525000 0.225000 -0.525000
0.600000 -0.300000 -0.675000
0.600000 -0.300000 -0.600000
0.600000 -0.300000 -0.525000
0.600000 -0.225000 -0.750000
0.600000 -0.225000 -0.675000
0.600000 -0.225000 -0.600000
0.600000 -0.225000 -0.525000
0.600000 -0.225000 -0.450000
0.600000 -0.150000 -0.825000
0.600000 -0.150000 -0.750000
0.600000 -0.150000 -0.675000
0.600000 -0.150000 -0.600000
0.600000 -0.150000 -0.525000
0.600000 -0.150000 -0.450000
0.600000 -0.150000 -0.375000
0.600000 -0.150000 -0.300000
0.600000 -0.150000 -0.225000
0.600000 -0.075000 -0.825000
0.600000 -0.075000 -0.750000
0.600000 -0.075000 -0.675000
0.600000 -0.075000 -0.600000
0.600000 -0.075000 -0.525000
0.600000 -0.075000 -0.450000
0.600000 -0.075000 -0.375000
0.600000 -0.075000 -0.300000
0.600000 -0.075000 -0.225000
0.600000 0.000000 -0.825000
0.600000 0.000000 -0.750000
0.600000 0.000000 -0.675000
0.600000 0.000000 -0.600000
0.600000 0.000000 -0.525000
0.600000 0.000000 -0.450000
0.600000 0.000000 -0.375000
0.600000 0.000000 -0.300000
0.600000 0.000000 -0.225000
0.600000 0.075000 -0.825000
0.600000 0.075000 -0.750000
0.600000 0.075000 -0.675000
0.600000 0.075000 -0.600000
0.600000 0.075000 -0.525000
0.600000 0.075000 -0.450000
0.600000 0.075000 -0.375000
0.600000 0.075000 -0.300000
0.600000 0.075000 -0.225000
0.600000 0.150000 -0.750000
0.600000 0.150000 -0.675000
0.600000 0.150000 -0.600000
0.600000 0.150000 -0.525000
0.600000 0.150000 -0.450000
0.600000 0.150000 -0.375000
0.600000 0.150000 -0.300000
0.600000 0.150000 -0.225000
0.600000 0.225000 -0.600000
0.600000 0.225000 -0.525000
0.675000 -0.225000 -0.600000
0.675000 -0.225000 -0.525000
0.675000 -0.225000 -0.450000
0.675000 -0.150000 -0.750000
0.675000 -0.150000 -0.675000
0.675000 -0.150000 -0.600000
0.675000 -0.150000 -0.525000
0.675000 -0.150000 -0.450000
0.675000 -0.150000 -0.375000
0.675000 -0.075000 -0.750000
0.675000 -0.075000 -0.675000
0.675000 -0.075000 -0.600000
0.675000 -0.075000 -0.525000
0.675000 -0.075000 -0.450000
0.675000 -0.075000 -0.375000
0.675000 0.000000 -0.675000
0.675000 0.000000 -0.600000
0.675000 0.000000 -0.525000
0.675000 0.000000 -0.450000
0.675000 0.000000 -0.375000
0.675000 0.075000 -0.675000
0.675000 0.075000 -0.600000
0.675000 0.075000 -0.525000
0.675000 0.075000 -0.450000
0.675000 0.075000 -0.375000
0.675000 0.150000 -0.600000
0.675000 0.150000 -0.525000
0.675000 0.150000 -0.450000
0.675000 0.150000 -0.375000
4 0 2 21 14
4 1 15 22 3
4 0 14 15 1
4 21 2 3 22
4 0 1 3 2
4 14 21 22 15
4 2 5 33 21
4 3 22 34 6
4 2 21 22 3
4 33 5 6 34
4 2 3 6 5
4 21 33 34 22
4 3 6 34 22
4 4 23 35 7
4 3 22 23 4
4 34 6 7 35
4 3 4 7 6
4 22 34 35 23
4 5 8 46 33
4 6 34 47 9
4 5 33 34 6
4 46 8 9 47
4 5 6 9 8
4 33 46 47 34
4 6 9 47 34
4 7 35 48 10
4 6 34 35 7
4 47 9 10 48
4 6 7 10 9
4 34 47 48 35
4 11 17 91 81
4 12 82 92 18
4 11 81 82 12
4 91 17 18 92
4 11 12 18 17
4 81 91 92 82
4 12 18 92 82
4 13 83 93 19
4 12 82 83 13
4 92 18 19 93
4 12 13 19 18
4 82 92 93 83
4 14 21 95 85
4 15 86 96 22
4 14 85 86 15
4 95 21 22 96
4 14 15 22 21
4 85 95 96 86
4 15 22 96 86
4 16 87 97 23
4 15 86 87 16
4 96 22 23 97
4 15 16 23 22
4 86 96 97 87
4 17 29 103 91
4 18 92 104 30
4 17 91 92 18
4 103 29 30 104
4 17 18 30 29
4 91 103 104 92
4 18 30 104 92
4 19 93 105 31
4 18 92 93 19
4 104 30 31 105
4 18 19 31 30
4 92 104 105 93
4 19 31 105 93
4 20 94 106 32
4 19 93 94 20
4 105 31 32 106
4 19 20 32 31
4 93 105 106 94
4 21 33 107 95
4 22 96 108 34
4 21 95 96 22
4 107 33 34 108
4 21 22 34 33
4 95 107 108 96
4 22 34 108 96
4 23 97 109 35
4 22 96 97 23
4 108 34 35 109
4 22 23 35 34
4 96 108 109 97
4 24 36 110 98
4 25 99 111 37
4 24 98 99 25
4 110 36 37 111
4 24 25 37 36
4 98 110 111 99
4 26 39 113 100
4 27 101 114 40
4 26 100 101 27
4 113 39 40 114
4 26 27 40 39
4 100 113 114 101
4 28 41 115 102
4 29 103 116 42
4 28 102 103 29
4 115 41 42 116
4 28 29 42 41
4 102 115 116 103
4 29 42 116 103
4 30 104 117 43
4 29 103 104 30
4 116 42 43 117
4 29 30 43 42
4 103 116 117 104
4 30 43 117 104
4 31 105 118 44
4 30 104 105 31
4 117 43 44 118
4 30 31 44 43
4 104 117 118 105
4 31 44 118 105
4 32 106 119 45
4 31 105 106 32
4 118 44 45 119
4 31 32 45 44
4 105 118 119 106
4 33 46 121 107
4 34 108 122 47
4 33 107 108 34
4 121 46 47 122
4 33 34 47 46
4 107 121 122 108
4 35 48 123 109
4 36 110 124 49
4 35 109 110 36
4 123 48 49 124
4 35 36 49 48
4 109 123 124 110
4 36 49 124 110
4 37 111 125 50
4 36 110 111 37
4 124 49 50 125
4 36 37 50 49
4 110 124 125 111
4 37 50 125 111
4 38 112 126 51
4 37 111 112 38
4 125 50 51 126
4 37 38 51 50
4 111 125 126 112
4 39 52 127 113
4 40 114 128 53
4 39 113 114 40
4 127 52 53 128
4 39 40 53 52
4 113 127 128 114
4 42 54 130 116
4 43 117 131 55
4 42 116 117 43
4 130 54 55 131
4 42 43 55 54
4 116 130 131 117
4 43 55 131 117
4 44 118 132 56
4 43 117 118 44
4 131 55 56 132
4 43 44 56 55
4 117 131 132 118
4 44 56 132 118
4 45 119 133 57
4 44 118 119 45
4 132 56 57 133
4 44 45 57 56
4 118 132 133 119
4 46 58 135 121
4 47 122 136 59
4 46 121 122 47
4 135 58 59 136
4 46 47 59 58
4 121 135 136 122
4 47 59 136 122
4 48 123 137 60
4 47 122 123 48
4 136 59 60 137
4 47 48 60 59
4 122 136 137 123
4 48 60 137 123
4 49 124 138 61
4 48 123 124 49
4 137 60 61 138
4 48 49 61 60
4 123 137 138 124
4 49 61 138 124
4 50 125 139 62
4 49 124 125 50
4 138 61 62 139
4 49 50 62 61
4 124 138 139 125
4 50 62 139 125
4 51 126 140 63
4 50 125 126 51
4 139 62 63 140
4 50 51 63 62
4 125 139 140 126
4 58 66 148 135
4 59 136 149 67
4 58 135 136 59
4 148 66 67 149
4 58 59 67 66
4 135 148 149 136
4 59 67 149 136
4 60 137 150 68
4 59 136 137 60
4 149 67 68 150
4 59 60 68 67
4 136 149 150 137
4 64 69 152 143
4 65 144 153 70
4 64 143 144 65
4 152 69 70 153
4 64 65 70 69
4 143 152 153 144
4 67 71 156 149
4 68 150 157 72
4 67 149 150 68
4 156 71 72 157
4 67 68 72 71
4 149 156 157 150
4 73 79 169 161
4 74 162 170 80
4 73 161 162 74
4 169 79 80 170
4 73 74 80 79
4 161 169 170 162
4 74 80 170 162
4 75 163 171 81
4 74 162 163 75
4 170 80 81 171
4 74 75 81 80
4 162 170 171 163
4 75 81 171 163
4 76 164 172 82
4 75 163 164 76
4 171 81 82 172
4 75 76 82 81
4 163 171 172 164
4 76 82 172 164
4 77 165 173 83
4 76 164 165 77
4 172 82 83 173
4 76 77 83 82
4 164 172 173 165
4 78 88 178 168
4 79 169 179 89
4 78 168 169 79
4 178 88 89 179
4 78 79 89 88
4 168 178 179 169
4 79 89 179 169
4 80 170 180 90
4 79 169 170 80
4 179 89 90 180
4 79 80 90 89
4 169 179 180 170
4 80 90 180 170
4 81 171 181 91
4 80 170 171 81
4 180 90 91 181
4 80 81 91 90
4 170 180 181 171
4 81 91 181 171
4 82 172 182 92
4 81 171 172 82
4 181 91 92 182
4 81 82 92 91
4 171 181 182 172
4 82 92 182 172
4 83 173 183 93
4 82 172 173 83
4 182 92 93 183
4 82 83 93 92
4 172 182 183 173
4 83 93 183 173
4 84 174 184 94
4 83 173 174 84
4 183 93 94 184
4 83 84 94 93
4 173 183 184 174
4 86 96 188 176
4 87 177 189 97
4 86 176 177 87
4 188 96 97 189
4 86 87 97 96
4 176 188 189 177
4 88 100 190 178
4 89 179 191 101
4 88 178 179 89
4 190 100 101 191
4 88 89 101 100
4 178 190 191 179
4 90 102 192 180
4 91 181 193 103
4 90 180 181 91
4 192 102 103 193
4 90 91 103 102
4 180 192 193 181
4 92 104 194 182
4 93 183 195 105
4 92 182 183 93
4 194 104 105 195
4 92 93 105 104
4 182 194 195 183
4 93 105 195 183
4 94 184 196 106
4 93 183 184 94
4 195 105 106 196
4 93 94 106 105
4 183 195 196 184
4 95 107 199 187
4 96 188 200 108
4 95 187 188 96
4 199 107 108 200
4 95 96 108 107
4 187 199 200 188
4 96 108 200 188
4 97 189 201 109
4 96 188 189 97
4 200 108 109 201
4 96 97 109 108
4 188 200 201 189
4 100 113 202 190
4 101 191 203 114
4 100 190 191 101
4 202 113 114 203
4 100 101 114 113
4 190 202 203 191
4 104 117 205 194
4 105 195 206 118
4 104 194 195 105
4 205 117 118 206
4 104 105 118 117
4 194 205 206 195
4 105 118 206 195
4 106 196 207 119
4 105 195 196 106
4 206 118 119 207
4 105 106 119 118
4 195 206 207 196
4 107 121 210 199
4 108 200 211 122
4 107 199 200 108
4 210 121 122 211
4 107 108 122 121
4 199 210 211 200
4 108 122 211 200
4 109 201 212 123
4 108 200 201 109
4 211 122 123 212
4 108 109 123 122
4 200 211 212 201
4 113 127 213 202
4 114 203 214 128
4 113 202 203 114
4 213 127 128 214
4 113 114 128 127
4 202 213 214 203
4 116 130 216 204
4 117 205 217 131
4 116 204 205 117
4 216 130 131 217
4 116 117 131 130
4 204 216 217 205
4 117 131 217 205
4 118 206 218 132
4 117 205 206 118
4 217 131 132 218
4 117 118 132 131
4 205 217 218 206
4 118 132 218 206
4 119 207 219 133
4 118 206 207 119
4 218 132 133 219
4 118 119 133 132
4 206 218 219 207
4 119 133 219 207
4 120 208 220 134
4 119 207 208 120
4 219 133 134 220
4 119 120 134 133
4 207 219 220 208
4 121 135 222 210
4 122 211 223 136
4 121 210 211 122
4 222 135 136 223
4 121 122 136 135
4 210 222 223 211
4 122 136 223 211
4 123 212 224 137
4 122 211 212 123
4 223 136 137 224
4 122 123 137 136
4 211 223 224 212
4 127 141 225 213
4 128 214 226 142
4 127 213 214 128
4 225 141 142 226
4 127 128 142 141
4 213 225 226 214
4 128 142 226 214
4 129 215 227 143
4 128 214 215 129
4 226 142 143 227
4 128 129 143 142
4 214 226 227 215
4 129 143 227 215
4 130 216 228 144
4 129 215 216 130
4 227 143 144 228
4 129 130 144 143
4 215 227 228 216
4 130 144 228 216
4 131 217 229 145
4 130 216 217 131
4 228 144 145 229
4 130 131 145 144
4 216 228 229 217
4 131 145 229 217
4 132 218 230 146
4 131 217 218 132
4 229 145 146 230
4 131 132 146 145
4 217 229 230 218
4 132 146 230 218
4 133 219 231 147
4 132 218 219 133
4 230 146 147 231
4 132 133 147 146
4 218 230 231 219
4 136 149 233 223
4 137 224 234 150
4 136 223 224 137
4 233 149 150 234
4 136 137 150 149
4 223 233 234 224
4 142 151 235 226
4 143 227 236 152
4 142 226 227 143
4 235 151 152 236
4 142 143 152 151
4 226 235 236 227
4 143 152 236 227
4 144 228 237 153
4 143 227 228 144
4 236 152 153 237
4 143 144 153 152
4 227 236 237 228
4 144 153 237 228
4 145 229 238 154
4 144 228 229 145
4 237 153 154 238
4 144 145 154 153
4 228 237 238 229
4 145 154 238 229
4 146 230 239 155
4 145 229 230 146
4 238 154 155 239
4 145 146 155 154
4 229 238 239 230
4 158 163 247 241
4 159 242 248 164
4 158 241 242 159
4 247 163 164 248
4 158 159 164 163
4 241 247 248 242
4 159 164 248 242
4 160 243 249 165
4 159 242 243 160
4 248 164 165 249
4 159 160 165 164
4 242 248 249 243
4 161 169 254 245
4 162 246 255 170
4 161 245 246 162
4 254 169 170 255
4 161 162 170 169
4 245 254 255 246
4 162 170 255 246
4 163 247 256 171
4 162 246 247 163
4 255 170 171 256
4 162 163 171 170
4 246 255 256 247
4 163 171 256 247
4 164 248 257 172
4 163 247 248 164
4 256 171 172 257
4 163 164 172 171
4 247 256 257 248
4 164 172 257 248
4 165 249 258 173
4 164 248 249 165
4 257 172 173 258
4 164 165 173 172
4 248 257 258 249
4 165 173 258 249
4 166 250 259 174
4 165 249 250 166
4 258 173 174 259
4 165 166 174 173
4 249 258 259 250
4 166 174 259 250
4 167 251 260 175
4 166 250 251 167
4 259 174 175 260
4 166 167 175 174
4 250 259 260 251
4 168 178 265 253
4 169 254 266 179
4 168 253 254 169
4 265 178 179 266
4 168 169 179 178
4 253 265 266 254
4 169 179 266 254
4 170 255 267 180
4 169 254 255 170
4 266 179 180 267
4 169 170 180 179
4 254 266 267 255
4 172 182 268 257
4 173 258 269 183
4 172 257 258 173
4 268 182 183 269
4 172 173 183 182
4 257 268 269 258
4 173 183 269 258
4 174 259 270 184
4 173 258 259 174
4 269 183 184 270
4 173 174 184 183
4 258 269 270 259
4 174 184 270 259
4 175 260 271 185
4 174 259 260 175
4 270 184 185 271
4 174 175 185 184
4 259 270 271 260
4 176 188 274 263
4 177 264 275 189
4 176 263 264 177
4 274 188 189 275
4 176 177 189 188
4 263 274 275 264
4 178 190 276 265
4 179 266 277 191
4 178 265 266 179
4 276 190 191 277
4 178 179 191 190
4 265 276 277 266
4 183 195 278 269
4 184 270 279 196
4 183 269 270 184
4 278 195 196 279
4 183 184 196 195
4 269 278 279 270
4 184 196 279 270
4 185 271 280 197
4 184 270 271 185
4 279 196 197 280
4 184 185 197 196
4 270 279 280 271
4 185 197 280 271
4 186 272 281 198
4 185 271 272 186
4 280 197 198 281
4 185 186 198 197
4 271 280 281 272
4 188 200 283 274
4 189 275 284 201
4 188 274 275 189
4 283 200 201 284
4 188 189 201 200
4 274 283 284 275
4 190 202 285 276
4 191 277 286 203
4 190 276 277 191
4 285 202 203 286
4 190 191 203 202
4 276 285 286 277
4 195 206 287 278
4 196 279 288 207
4 195 278 279 196
4 287 206 207 288
4 195 196 207 206
4 278 287 288 279
4 196 207 288 279
4 197 280 289 208
4 196 279 280 197
4 288 207 208 289
4 196 197 208 207
4 279 288 289 280
4 197 208 289 280
4 198 281 290 209
4 197 280 281 198
4 289 208 209 290
4 197 198 209 208
4 280 289 290 281
4 200 211 292 283
4 201 284 293 212
4 200 283 284 201
4 292 211 212 293
4 200 201 212 211
4 283 292 293 284
4 202 213 294 285
4 203 286 295 214
4 202 285 286 203
4 294 213 214 295
4 202 203 214 213
4 285 294 295 286
4 206 218 298 287
4 207 288 299 219
4 206 287 288 207
4 298 218 219 299
4 206 207 219 218
4 287 298 299 288
4 207 219 299 288
4 208 289 300 220
4 207 288 289 208
4 299 219 220 300
4 207 208 220 219
4 288 299 300 289
4 208 220 300 289
4 209 290 301 221
4 208 289 290 209
4 300 220 221 301
4 208 209 221 220
4 289 300 301 290
4 211 223 302 292
4 212 293 303 224
4 211 292 293 212
4 302 223 224 303
4 211 212 224 223
4 292 302 303 293
4 213 225 304 294
4 214 295 305 226
4 213 294 295 214
4 304 225 226 305
4 213 214 226 225
4 294 304 305 295
4 214 226 305 295
4 215 296 306 227
4 214 295 296 215
4 305 226 227 306
4 214 215 227 226
4 295 305 306 296
4 217 229 308 297
4 218 298 309 230
4 217 297 298 218
4 308 229 230 309
4 217 218 230 229
4 297 308 309 298
4 218 230 309 298
4 219 299 310 231
4 218 298 299 219
4 309 230 231 310
4 218 219 231 230
4 298 309 310 299
4 219 231 310 299
4 220 300 311 232
4 219 299 300 220
4 310 231 232 311
4 219 220 232 231
4 299 310 311 300
4 223 233 313 302
4 224 303 314 234
4 223 302 303 224
4 313 233 234 314
4 223 224 234 233
4 302 313 314 303
4 226 235 315 305
4 227 306 316 236
4 226 305 306 227
4 315 235 236 316
4 226 227 236 235
4 305 315 316 306
4 227 236 316 306
4 228 307 317 237
4 227 306 307 228
4 316 236 237 317
4 227 228 237 236
4 306 316 317 307
4 228 237 317 307
4 229 308 318 238
4 228 307 308 229
4 317 237 238 318
4 228 229 238 237
4 307 317 318 308
4 229 238 318 308
4 230 309 319 239
4 229 308 309 230
4 318 238 239 319
4 229 230 239 238
4 308 318 319 309
4 230 239 319 309
4 231 310 320 240
4 230 309 310 231
4 319 239 240 320
4 230 231 240 239
4 309 319 320 310
4 241 247 329 323
4 242 324 330 248
4 241 323 324 242
4 329 247 248 330
4 241 242 248 247
4 323 329 330 324
4 242 248 330 324
4 243 325 331 249
4 242 324 325 243
4 330 248 249 331
4 242 243 249 248
4 324 330 331 325
4 243 249 331 325
4 244 326 332 250
4 243 325 326 244
4 331 249 250 332
4 243 244 250 249
4 325 331 332 326
4 245 254 337 327
4 246 328 338 255
4 245 327 328 246
4 337 254 255 338
4 245 246 255 254
4 327 337 338 328
4 246 255 338 328
4 247 329 339 256
4 246 328 329 247
4 338 255 256 339
4 246 247 256 255
4 328 338 339 329
4 247 256 339 329
4 248 330 340 257
4 247 329 330 248
4 339 256 257 340
4 247 248 257 256
4 329 339 340 330
4 248 257 340 330
4 249 331 341 258
4 248 330 331 249
4 340 257 258 341
4 248 249 258 257
4 330 340 341 331
4 249 258 341 331
4 250 332 342 259
4 249 331 332 250
4 341 258 259 342
4 249 250 259 258
4 331 341 342 332
4 250 259 342 332
4 251 333 343 260
4 250 332 333 251
4 342 259 260 343
4 250 251 260 259
4 332 342 343 333
4 251 260 343 333
4 252 334 344 261
4 251 333 334 252
4 343 260 261 344
4 251 252 261 260
4 333 343 344 334
4 253 265 353 336
4 254 337 354 266
4 253 336 337 254
4 353 265 266 354
4 253 254 266 265
4 336 353 354 337
4 254 266 354 337
4 255 338 355 267
4 254 337 338 255
4 354 266 267 355
4 254 255 267 266
4 337 354 355 338
4 259 270 356 342
4 260 343 357 271
4 259 342 343 260
4 356 270 271 357
4 259 260 271 270
4 342 356 357 343
4 260 271 357 343
4 261 344 358 272
4 260 343 344 261
4 357 271 272 358
4 260 261 272 271
4 343 357 358 344
4 261 272 358 344
4 262 345 359 273
4 261 344 345 262
4 358 272 273 359
4 261 262 273 272
4 344 358 359 345
4 265 276 368 353
4 266 354 369 277
4 265 353 354 266
4 368 276 277 369
4 265 266 277 276
4 353 368 369 354
4 270 279 370 356
4 271 357 371 280
4 270 356 357 271
4 370 279 280 371
4 270 271 280 279
4 356 370 371 357
4 271 280 371 357
4 272 358 372 281
4 271 357 358 272
4 371 280 281 372
4 271 272 281 280
4 357 371 372 358
4 272 281 372 358
4 273 359 373 282
4 272 358 359 273
4 372 281 282 373
4 272 273 282 281
4 358 372 373 359
4 276 285 382 368
4 277 369 383 286
4 276 368 369 277
4 382 285 286 383
4 276 277 286 285
4 368 382 383 369
4 280 289 385 371
4 281 372 386 290
4 280 371 372 281
4 385 289 290 386
4 280 281 290 289
4 371 385 386 372
4 281 290 386 372
4 282 373 387 291
4 281 372 373 282
4 386 290 291 387
4 281 282 291 290
4 372 386 387 373
4 283 292 390 376
4 284 377 391 293
4 283 376 377 284
4 390 292 293 391
4 283 284 293 292
4 376 390 391 377
4 285 294 396 382
4 286 383 397 295
4 285 382 383 286
4 396 294 295 397
4 285 286 295 294
4 382 396 397 383
4 288 299 400 384
4 289 385 401 300
4 288 384 385 289
4 400 299 300 401
4 288 289 300 299
4 384 400 401 385
4 289 300 401 385
4 290 386 402 301
4 289 385 386 290
4 401 300 301 402
4 289 290 301 300
4 385 401 402 386
4 292 302 405 390
4 293 391 406 303
4 292 390 391 293
4 405 302 303 406
4 292 293 303 302
4 390 405 406 391
4 294 304 411 396
4 295 397 412 305
4 294 396 397 295
4 411 304 305 412
4 294 295 305 304
4 396 411 412 397
4 295 305 412 397
4 296 398 413 306
4 295 397 398 296
4 412 305 306 413
4 295 296 306 305
4 397 412 413 398
4 298 309 416 399
4 299 400 417 310
4 298 399 400 299
4 416 309 310 417
4 298 299 310 309
4 399 416 417 400
4 299 310 417 400
4 300 401 418 311
4 299 400 401 300
4 417 310 311 418
4 299 300 311 310
4 400 417 418 401
4 300 311 418 401
4 301 402 419 312
4 300 401 402 301
4 418 311 312 419
4 300 301 312 311
4 401 418 419 402
4 302 313 422 405
4 303 406 423 314
4 302 405 406 303
4 422 313 314 423
4 302 303 314 313
4 405 422 423 406
4 305 315 428 412
4 306 413 429 316
4 305 412 413 306
4 428 315 316 429
4 305 306 316 315
4 412 428 429 413
4 306 316 429 413
4 307 414 430 317
4 306 413 414 307
4 429 316 317 430
4 306 307 317 316
4 413 429 430 414
4 307 317 430 414
4 308 415 431 318
4 307 414 415 308
4 430 317 318 431
4 307 308 318 317
4 414 430 431 415
4 308 318 431 415
4 309 416 432 319
4 308 415 416 309
4 431 318 319 432
4 308 309 319 318
4 415 431 432 416
4 309 319 432 416
4 310 417 433 320
4 309 416 417 310
4 432 319 320 433
4 309 310 320 319
4 416 432 433 417
4 310 320 433 417
4 311 418 434 321
4 310 417 418 311
4 433 320 321 434
4 310 311 321 320
4 417 433 434 418
4 322 328 447 441
4 323 442 448 329
4 322 441 442 323
4 447 328 329 448
4 322 323 329 328
4 441 447 448 442
4 323 329 448 442
4 324 443 449 330
4 323 442 443 324
4 448 329 330 449
4 323 324 330 329
4 442 448 449 443
4 324 330 449 443
4 325 444 450 331
4 324 443 444 325
4 449 330 331 450
4 324 325 331 330
4 443 449 450 444
4 325 331 450 444
4 326 445 451 332
4 325 444 445 326
4 450 331 332 451
4 325 326 332 331
4 444 450 451 445
4 327 337 464 446
4 328 447 465 338
4 327 446 447 328
4 464 337 338 465
4 327 328 338 337
4 446 464 465 447
4 328 338 465 447
4 329 448 466 339
4 328 447 448 329
4 465 338 339 466
4 328 329 339 338
4 447 465 466 448
4 330 340 467 449
4 331 450 468 341
4 330 449 450 331
4 467 340 341 468
4 330 331 341 340
4 449 467 468 450
4 331 341 468 450
4 332 451 469 342
4 331 450 451 332
4 468 341 342 469
4 331 332 342 341
4 450 468 469 451
4 332 342 469 451
4 333 452 470 343
4 332 451 452 333
4 469 342 343 470
4 332 333 343 342
4 451 469 470 452
4 333 343 470 452
4 334 453 471 344
4 333 452 453 334
4 470 343 344 471
4 333 334 344 343
4 452 470 471 453
4 334 344 471 453
4 335 454 472 345
4 334 453 454 335
4 471 344 345 472
4 334 335 345 344
4 453 471 472 454
4 336 353 482 463
4 337 464 483 354
4 336 463 464 337
4 482 353 354 483
4 336 337 354 353
4 463 482 483 464
4 337 354 483 464
4 338 465 484 355
4 337 464 465 338
4 483 354 355 484
4 337 338 355 354
4 464 483 484 465
4 343 357 486 470
4 344 471 487 358
4 343 470 471 344
4 486 357 358 487
4 343 344 358 357
4 470 486 487 471
4 344 358 487 471
4 345 472 488 359
4 344 471 472 345
4 487 358 359 488
4 344 345 359 358
4 471 487 488 472
4 345 359 488 472
4 346 473 489 360
4 345 472 473 346
4 488 359 360 489
4 345 346 360 359
4 472 488 489 473
4 347 362 492 476
4 348 477 493 363
4 347 476 477 348
4 492 362 363 493
4 347 348 363 362
4 476 492 493 477
4 349 364 494 478
4 350 479 495 365
4 349 478 479 350
4 494 364 365 495
4 349 350 365 364
4 478 494 495 479
4 350 365 495 479
4 351 480 496 366
4 350 479 480 351
4 495 365 366 496
4 350 351 366 365
4 479 495 496 480
4 351 366 496 480
4 352 481 497 367
4 351 480 481 352
4 496 366 367 497
4 351 352 367 366
4 480 496 497 481
4 353 368 498 482
4 354 483 499 369
4 353 482 483 354
4 498 368 369 499
4 353 354 369 368
4 482 498 499 483
4 357 371 500 486
4 358 487 501 372
4 357 486 487 358
4 500 371 372 501
4 357 358 372 371
4 486 500 501 487
4 358 372 501 487
4 359 488 502 373
4 358 487 488 359
4 501 372 373 502
4 358 359 373 372
4 487 501 502 488
4 359 373 502 488
4 360 489 503 374
4 359 488 489 360
4 502 373 374 503
4 359 360 374 373
4 488 502 503 489
4 360 374 503 489
4 361 490 504 375
4 360 489 490 361
4 503 374 375 504
4 360 361 375 374
4 489 503 504 490
4 362 376 506 492
4 363 493 507 377
4 362 492 493 363
4 506 376 377 507
4 362 363 377 376
4 492 506 507 493
4 363 377 507 493
4 364 494 508 378
4 363 493 494 364
4 507 377 378 508
4 363 364 378 377
4 493 507 508 494
4 364 378 508 494
4 365 495 509 379
4 364 494 495 365
4 508 378 379 509
4 364 365 379 378
4 494 508 509 495
4 365 379 509 495
4 366 496 510 380
4 365 495 496 366
4 509 379 380 510
4 365 366 380 379
4 495 509 510 496
4 366 380 510 496
4 367 497 511 381
4 366 496 497 367
4 510 380 381 511
4 366 367 381 380
4 496 510 511 497
4 368 382 512 498
4 369 499 513 383
4 368 498 499 369
4 512 382 383 513
4 368 369 383 382
4 498 512 513 499
4 372 386 515 501
4 373 502 516 387
4 372 501 502 373
4 515 386 387 516
4 372 373 387 386
4 501 515 516 502
4 373 387 516 502
4 374 503 517 388
4 373 502 503 374
4 516 387 388 517
4 373 374 388 387
4 502 516 517 503
4 374 388 517 503
4 375 504 518 389
4 374 503 504 375
4 517 388 389 518
4 374 375 389 388
4 503 517 518 504
4 376 390 521 506
4 377 507 522 391
4 376 506 507 377
4 521 390 391 522
4 376 377 391 390
4 506 521 522 507
4 377 391 522 507
4 378 508 523 392
4 377 507 508 378
4 522 391 392 523
4 377 378 392 391
4 507 522 523 508
4 378 392 523 508
4 379 509 524 393
4 378 508 509 379
4 523 392 393 524
4 378 379 393 392
4 508 523 524 509
4 379 393 524 509
4 380 510 525 394
4 379 509 510 380
4 524 393 394 525
4 379 380 394 393
4 509 524 525 510
4 380 394 525 510
4 381 511 526 395
4 380 510 511 381
4 525 394 395 526
4 380 381 395 394
4 510 525 526 511
4 382 396 527 512
4 383 513 528 397
4 382 512 513 383
4 527 396 397 528
4 382 383 397 396
4 512 527 528 513
4 385 401 531 514
4 386 515 532 402
4 385 514 515 386
4 531 401 402 532
4 385 386 402 401
4 514 531 532 515
4 386 402 532 515
4 387 516 533 403
4 386 515 516 387
4 532 402 403 533
4 386 387 403 402
4 515 532 533 516
4 387 403 533 516
4 388 517 534 404
4 387 516 517 388
4 533 403 404 534
4 387 388 404 403
4 516 533 534 517
4 391 406 539 522
4 392 523 540 407
4 391 522 523 392
4 539 406 407 540
4 391 392 407 406
4 522 539 540 523
4 392 407 540 523
4 393 524 541 408
4 392 523 524 393
4 540 407 408 541
4 392 393 408 407
4 523 540 541 524
4 393 408 541 524
4 394 525 542 409
4 393 524 525 394
4 541 408 409 542
4 393 394 409 408
4 524 541 542 525
4 394 409 542 525
4 395 526 543 410
4 394 525 526 395
4 542 409 410 543
4 394 395 410 409
4 525 542 543 526
4 396 411 544 527
4 397 528 545 412
4 396 527 528 397
4 544 411 412 545
4 396 397 412 411
4 527 544 545 528
4 397 412 545 528
4 398 529 546 413
4 397 528 529 398
4 545 412 413 546
4 397 398 413 412
4 528 545 546 529
4 401 418 551 531
4 402 532 552 419
4 401 531 532 402
4 551 418 419 552
4 401 402 419 418
4 531 551 552 532
4 402 419 552 532
4 403 533 553 420
4 402 532 533 403
4 552 419 420 553
4 402 403 420 419
4 532 552 553 533
4 403 420 553 533
4 404 534 554 421
4 403 533 534 404
4 553 420 421 554
4 403 404 421 420
4 533 553 554 534
4 407 424 559 540
4 408 541 560 425
4 407 540 541 408
4 559 424 425 560
4 407 408 425 424
4 540 559 560 541
4 408 425 560 541
4 409 542 561 426
4 408 541 542 409
4 560 425 426 561
4 408 409 426 425
4 541 560 561 542
4 409 426 561 542
4 410 543 562 427
4 409 542 543 410
4 561 426 427 562
4 409 410 427 426
4 542 561 562 543
4 412 428 563 545
4 413 546 564 429
4 412 545 546 413
4 563 428 429 564
4 412 413 429 428
4 545 563 564 546
4 413 429 564 546
4 414 547 565 430
4 413 546 547 414
4 564 429 430 565
4 413 414 430 429
4 546 564 565 547
4 415 431 566 548
4 416 549 567 432
4 415 548 549 416
4 566 431 432 567
4 415 416 432 431
4 548 566 567 549
4 416 432 567 549
4 417 550 568 433
4 416 549 550 417
4 567 432 433 568
4 416 417 433 432
4 549 567 568 550
4 417 433 568 550
4 418 551 569 434
4 417 550 551 418
4 568 433 434 569
4 417 418 434 433
4 550 568 569 551
4 418 434 569 551
4 419 552 570 435
4 418 551 552 419
4 569 434 435 570
4 418 419 435 434
4 551 569 570 552
4 419 435 570 552
4 420 553 571 436
4 419 552 553 420
4 570 435 436 571
4 419 420 436 435
4 552 570 571 553
4 430 437 579 565
4 431 566 580 438
4 430 565 566 431
4 579 437 438 580
4 430 431 438 437
4 565 579 580 566
4 431 438 580 566
4 432 567 581 439
4 431 566 567 432
4 580 438 439 581
4 431 432 439 438
4 566 580 581 567
4 432 439 581 567
4 433 568 582 440
4 432 567 568 433
4 581 439 440 582
4 432 433 440 439
4 567 581 582 568
4 441 447 588 584
4 442 585 589 448
4 441 584 585 442
4 588 447 448 589
4 441 442 448 447
4 584 588 589 585
4 442 448 589 585
4 443 586 590 449
4 442 585 586 443
4 589 448 449 590
4 442 443 449 448
4 585 589 590 586
4 446 464 606 587
4 447 588 607 465
4 446 587 588 447
4 606 464 465 607
4 446 447 465 464
4 587 606 607 588
4 447 465 607 588
4 448 589 608 466
4 447 588 589 448
4 607 465 466 608
4 447 448 466 465
4 588 607 608 589
4 448 466 608 589
4 449 590 609 467
4 448 589 590 449
4 608 466 467 609
4 448 449 467 466
4 589 608 609 590
4 449 467 609 590
4 450 591 610 468
4 449 590 591 450
4 609 467 468 610
4 449 450 468 467
4 590 609 610 591
4 450 468 610 591
4 451 592 611 469
4 450 591 592 451
4 610 468 469 611
4 450 451 469 468
4 591 610 611 592
4 451 469 611 592
4 452 593 612 470
4 451 592 593 452
4 611 469 470 612
4 451 452 470 469
4 592 611 612 593
4 452 470 612 593
4 453 594 613 471
4 452 593 594 453
4 612 470 471 613
4 452 453 471 470
4 593 612 613 594
4 453 471 613 594
4 454 595 614 472
4 453 594 595 454
4 613 471 472 614
4 453 454 472 471
4 594 613 614 595
4 454 472 614 595
4 455 596 615 473
4 454 595 596 455
4 614 472 473 615
4 454 455 473 472
4 595 614 615 596
4 455 473 615 596
4 456 597 616 474
4 455 596 597 456
4 615 473 474 616
4 455 456 474 473
4 596 615 616 597
4 457 476 619 599
4 458 600 620 477
4 457 599 600 458
4 619 476 477 620
4 457 458 477 476
4 599 619 620 600
4 458 477 620 600
4 459 601 621 478
4 458 600 601 459
4 620 477 478 621
4 458 459 478 477
4 600 620 621 601
4 459 478 621 601
4 460 602 622 479
4 459 601 602 460
4 621 478 479 622
4 459 460 479 478
4 601 621 622 602
4 460 479 622 602
4 461 603 623 480
4 460 602 603 461
4 622 479 480 623
4 460 461 480 479
4 602 622 623 603
4 461 480 623 603
4 462 604 624 481
4 461 603 604 462
4 623 480 481 624
4 461 462 481 480
4 603 623 624 604
4 463 482 625 605
4 464 606 626 483
4 463 605 606 464
4 625 482 483 626
4 463 464 483 482
4 605 625 626 606
4 464 483 626 606
4 465 607 627 484
4 464 606 607 465
4 626 483 484 627
4 464 465 484 483
4 606 626 627 607
4 465 484 627 607
4 466 608 628 485
4 465 607 608 466
4 627 484 485 628
4 465 466 485 484
4 607 627 628 608
4 471 487 633 613
4 472 614 634 488
4 471 613 614 472
4 633 487 488 634
4 471 472 488 487
4 613 633 634 614
4 472 488 634 614
4 473 615 635 489
4 472 614 615 473
4 634 488 489 635
4 472 473 489 488
4 614 634 635 615
4 473 489 635 615
4 474 616 636 490
4 473 615 616 474
4 635 489 490 636
4 473 474 490 489
4 615 635 636 616
4 474 490 636 616
4 475 617 637 491
4 474 616 617 475
4 636 490 491 637
4 474 475 491 490
4 616 636 637 617
4 476 492 640 619
4 477 620 641 493
4 476 619 620 477
4 640 492 493 641
4 476 477 493 492
4 619 640 641 620
4 477 493 641 620
4 478 621 642 494
4 477 620 621 478
4 641 493 494 642
4 477 478 494 493
4 620 641 642 621
4 478 494 642 621
4 479 622 643 495
4 478 621 622 479
4 642 494 495 643
4 478 479 495 494
4 621 642 643 622
4 479 495 643 622
4 480 623 644 496
4 479 622 623 480
4 643 495 496 644
4 479 480 496 495
4 622 643 644 623
4 480 496 644 623
4 481 624 645 497
4 480 623 624 481
4 644 496 497 645
4 480 481 497 496
4 623 644 645 624
4 482 498 646 625
4 483 626 647 499
4 482 625 626 483
4 646 498 499 647
4 482 483 499 498
4 625 646 647 626
4 488 502 653 634
4 489 635 654 503
4 488 634 635 489
4 653 502 503 654
4 488 489 503 502
4 634 653 654 635
4 489 503 654 635
4 490 636 655 504
4 489 635 636 490
4 654 503 504 655
4 489 490 504 503
4 635 654 655 636
4 490 504 655 636
4 491 637 656 505
4 490 636 637 491
4 655 504 505 656
4 490 491 505 504
4 636 655 656 637
4 492 506 659 640
4 493 641 660 507
4 492 640 641 493
4 659 506 507 660
4 492 493 507 506
4 640 659 660 641
4 493 507 660 641
4 494 642 661 508
4 493 641 642 494
4 660 507 508 661
4 493 494 508 507
4 641 660 661 642
4 494 508 661 642
4 495 643 662 509
4 494 642 643 495
4 661 508 509 662
4 494 495 509 508
4 642 661 662 643
4 496 510 663 644
4 497 645 664 511
4 496 644 645 497
4 663 510 511 664
4 496 497 511 510
4 644 663 664 645
4 498 512 665 646
4 499 647 666 513
4 498 646 647 499
4 665 512 513 666
4 498 499 513 512
4 646 665 666 647
4 503 517 672 654
4 504 655 673 518
4 503 654 655 504
4 672 517 518 673
4 503 504 518 517
4 654 672 673 655
4 504 518 673 655
4 505 656 674 519
4 504 655 656 505
4 673 518 519 674
4 504 505 519 518
4 655 673 674 656
4 506 521 677 659
4 507 660 678 522
4 506 659 660 507
4 677 521 522 678
4 506 507 522 521
4 659 677 678 660
4 507 522 678 660
4 508 661 679 523
4 507 660 661 508
4 678 522 523 679
4 507 508 523 522
4 660 678 679 661
4 510 525 681 663
4 511 664 682 526
4 510 663 664 511
4 681 525 526 682
4 510 511 526 525
4 663 681 682 664
4 512 527 683 665
4 513 666 684 528
4 512 665 666 513
4 683 527 528 684
4 512 513 528 527
4 665 683 684 666
4 516 533 692 671
4 517 672 693 534
4 516 671 672 517
4 692 533 534 693
4 516 517 534 533
4 671 692 693 672
4 517 534 693 672
4 518 673 694 535
4 517 672 673 518
4 693 534 535 694
4 517 518 535 534
4 672 693 694 673
4 518 535 694 673
4 519 674 695 536
4 518 673 674 519
4 694 535 536 695
4 518 519 536 535
4 673 694 695 674
4 520 537 697 676
4 521 677 698 538
4 520 676 677 521
4 697 537 538 698
4 520 521 538 537
4 676 697 698 677
4 522 539 699 678
4 523 679 700 540
4 522 678 679 523
4 699 539 540 700
4 522 523 540 539
4 678 699 700 679
4 523 540 700 679
4 524 680 701 541
4 523 679 680 524
4 700 540 541 701
4 523 524 541 540
4 679 700 701 680
4 525 542 702 681
4 526 682 703 543
4 525 681 682 526
4 702 542 543 703
4 525 526 543 542
4 681 702 703 682
4 527 544 704 683
4 528 684 705 545
4 527 683 684 528
4 704 544 545 705
4 527 528 545 544
4 683 704 705 684
4 528 545 705 684
4 529 685 706 546
4 528 684 685 529
4 705 545 546 706
4 528 529 546 545
4 684 705 706 685
4 529 546 706 685
4 530 686 707 547
4 529 685 686 530
4 706 546 547 707
4 529 530 547 546
4 685 706 707 686
4 531 551 711 690
4 532 691 712 552
4 531 690 691 532
4 711 551 552 712
4 531 532 552 551
4 690 711 712 691
4 532 552 712 691
4 533 692 713 553
4 532 691 692 533
4 712 552 553 713
4 532 533 553 552
4 691 712 713 692
4 533 553 713 692
4 534 693 714 554
4 533 692 693 534
4 713 553 554 714
4 533 534 554 553
4 692 713 714 693
4 534 554 714 693
4 535 694 715 555
4 534 693 694 535
4 714 554 555 715
4 534 535 555 554
4 693 714 715 694
4 537 556 718 697
4 538 698 719 557
4 537 697 698 538
4 718 556 557 719
4 537 538 557 556
4 697 718 719 698
4 538 557 719 698
4 539 699 720 558
4 538 698 699 539
4 719 557 558 720
4 538 539 558 557
4 698 719 720 699
4 539 558 720 699
4 540 700 721 559
4 539 699 700 540
4 720 558 559 721
4 539 540 559 558
4 699 720 721 700
4 540 559 721 700
4 541 701 722 560
4 540 700 701 541
4 721 559 560 722
4 540 541 560 559
4 700 721 722 701
4 541 560 722 701
4 542 702 723 561
4 541 701 702 542
4 722 560 561 723
4 541 542 561 560
4 701 722 723 702
4 542 561 723 702
4 543 703 724 562
4 542 702 703 543
4 723 561 562 724
4 542 543 562 561
4 702 723 724 703
4 545 563 725 705
4 546 706 726 564
4 545 705 706 546
4 725 563 564 726
4 545 546 564 563
4 705 725 726 706
4 546 564 726 706
4 547 707 727 565
4 546 706 707 547
4 726 564 565 727
4 546 547 565 564
4 706 726 727 707
4 547 565 727 707
4 548 708 728 566
4 547 707 708 548
4 727 565 566 728
4 547 548 566 565
4 707 727 728 708
4 548 566 728 708
4 549 709 729 567
4 548 708 709 549
4 728 566 567 729
4 548 549 567 566
4 708 728 729 709
4 549 567 729 709
4 550 710 730 568
4 549 709 710 550
4 729 567 568 730
4 549 550 568 567
4 709 729 730 710
4 550 568 730 710
4 551 711 731 569
4 550 710 711 551
4 730 568 569 731
4 550 551 569 568
4 710 730 731 711
4 551 569 731 711
4 552 712 732 570
4 551 711 712 552
4 731 569 570 732
4 551 552 570 569
4 711 731 732 712
4 552 570 732 712
4 553 713 733 571
4 552 712 713 553
4 732 570 571 733
4 552 553 571 570
4 712 732 733 713
4 553 571 733 713
4 554 714 734 572
4 553 713 714 554
4 733 571 572 734
4 553 554 572 571
4 713 733 734 714
4 557 573 737 719
4 558 720 738 574
4 557 719 720 558
4 737 573 574 738
4 557 558 574 573
4 719 737 738 720
4 558 574 738 720
4 559 721 739 575
4 558 720 721 559
4 738 574 575 739
4 558 559 575 574
4 720 738 739 721
4 559 575 739 721
4 560 722 740 576
4 559 721 722 560
4 739 575 576 740
4 559 560 576 575
4 721 739 740 722
4 560 576 740 722
4 561 723 741 577
4 560 722 723 561
4 740 576 577 741
4 560 561 577 576
4 722 740 741 723
4 561 577 741 723
4 562 724 742 578
4 561 723 724 562
4 741 577 578 742
4 561 562 578 577
4 723 741 742 724
4 565 579 743 727
4 566 728 744 580
4 565 727 728 566
4 743 579 580 744
4 565 566 580 579
4 727 743 744 728
4 566 580 744 728
4 567 729 745 581
4 566 728 729 567
4 744 580 581 745
4 566 567 581 580
4 728 744 745 729
4 567 581 745 729
4 568 730 746 582
4 567 729 730 568
4 745 581 582 746
4 567 568 582 581
4 729 745 746 730
4 568 582 746 730
4 569 731 747 583
4 568 730 731 569
4 746 582 583 747
4 568 569 583 582
4 730 746 747 731
4 587 606 768 748
4 588 749 769 607
4 587 748 749 588
4 768 606 607 769
4 587 588 607 606
4 748 768 769 749
4 588 607 769 749
4 589 750 770 608
4 588 749 750 589
4 769 607 608 770
4 588 589 608 607
4 749 769 770 750
4 589 608 770 750
4 590 751 771 609
4 589 750 751 590
4 770 608 609 771
4 589 590 609 608
4 750 770 771 751
4 590 609 771 751
4 591 752 772 610
4 590 751 752 591
4 771 609 610 772
4 590 591 610 609
4 751 771 772 752
4 591 610 772 752
4 592 753 773 611
4 591 752 753 592
4 772 610 611 773
4 591 592 611 610
4 752 772 773 753
4 592 611 773 753
4 593 754 774 612
4 592 753 754 593
4 773 611 612 774
4 592 593 612 611
4 753 773 774 754
4 594 613 775 755
4 595 756 776 614
4 594 755 756 595
4 775 613 614 776
4 594 595 614 613
4 755 775 776 756
4 595 614 776 756
4 596 757 777 615
4 595 756 757 596
4 776 614 615 777
4 595 596 615 614
4 756 776 777 757
4 596 615 777 757
4 597 758 778 616
4 596 757 758 597
4 777 615 616 778
4 596 597 616 615
4 757 777 778 758
4 597 616 778 758
4 598 759 779 617
4 597 758 759 598
4 778 616 617 779
4 597 598 617 616
4 758 778 779 759
4 599 619 782 761
4 600 762 783 620
4 599 761 762 600
4 782 619 620 783
4 599 600 620 619
4 761 782 783 762
4 600 620 783 762
4 601 763 784 621
4 600 762 763 601
4 783 620 621 784
4 600 601 621 620
4 762 783 784 763
4 601 621 784 763
4 602 764 785 622
4 601 763 764 602
4 784 621 622 785
4 601 602 622 621
4 763 784 785 764
4 602 622 785 764
4 603 765 786 623
4 602 764 765 603
4 785 622 623 786
4 602 603 623 622
4 764 785 786 765
4 603 623 786 765
4 604 766 787 624
4 603 765 766 604
4 786 623 624 787
4 603 604 624 623
4 765 786 787 766
4 605 625 788 767
4 606 768 789 626
4 605 767 768 606
4 788 625 626 789
4 605 606 626 625
4 767 788 789 768
4 606 626 789 768
4 607 769 790 627
4 606 768 769 607
4 789 626 627 790
4 606 607 627 626
4 768 789 790 769
4 607 627 790 769
4 608 770 791 628
4 607 769 770 608
4 790 627 628 791
4 607 608 628 627
4 769 790 791 770
4 608 628 791 770
4 609 771 792 629
4 608 770 771 609
4 791 628 629 792
4 608 609 629 628
4 770 791 792 771
4 609 629 792 771
4 610 772 793 630
4 609 771 772 610
4 792 629 630 793
4 609 610 630 629
4 771 792 793 772
4 610 630 793 772
4 611 773 794 631
4 610 772 773 611
4 793 630 631 794
4 610 611 631 630
4 772 793 794 773
4 611 631 794 773
4 612 774 795 632
4 611 773 774 612
4 794 631 632 795
4 611 612 632 631
4 773 794 795 774
4 612 632 795 774
4 613 775 796 633
4 612 774 775 613
4 795 632 633 796
4 612 613 633 632
4 774 795 796 775
4 613 633 796 775
4 614 776 797 634
4 613 775 776 614
4 796 633 634 797
4 613 614 634 633
4 775 796 797 776
4 614 634 797 776
4 615 777 798 635
4 614 776 777 615
4 797 634 635 798
4 614 615 635 634
4 776 797 798 777
4 615 635 798 777
4 616 778 799 636
4 615 777 778 616
4 798 635 636 799
4 615 616 636 635
4 777 798 799 778
4 616 636 799 778
4 617 779 800 637
4 616 778 779 617
4 799 636 637 800
4 616 617 637 636
4 778 799 800 779
4 617 637 800 779
4 618 780 801 638
4 617 779 780 618
4 800 637 638 801
4 617 618 638 637
4 779 800 801 780
4 619 640 805 782
4 620 783 806 641
4 619 782 783 620
4 805 640 641 806
4 619 620 641 640
4 782 805 806 783
4 620 641 806 783
4 621 784 807 642
4 620 783 784 621
4 806 641 642 807
4 620 621 642 641
4 783 806 807 784
4 621 642 807 784
4 622 785 808 643
4 621 784 785 622
4 807 642 643 808
4 621 622 643 642
4 784 807 808 785
4 623 644 809 786
4 624 787 810 645
4 623 786 787 624
4 809 644 645 810
4 623 624 645 644
4 786 809 810 787
4 625 646 811 788
4 626 789 812 647
4 625 788 789 626
4 811 646 647 812
4 625 626 647 646
4 788 811 812 789
4 627 648 813 790
4 628 791 814 649
4 627 790 791 628
4 813 648 649 814
4 627 628 649 648
4 790 813 814 791
4 629 650 815 792
4 630 793 816 651
4 629 792 793 630
4 815 650 651 816
4 629 630 651 650
4 792 815 816 793
4 630 651 816 793
4 631 794 817 652
4 630 793 794 631
4 816 651 652 817
4 630 631 652 651
4 793 816 817 794
4 635 654 821 798
4 636 799 822 655
4 635 798 799 636
4 821 654 655 822
4 635 636 655 654
4 798 821 822 799
4 636 655 822 799
4 637 800 823 656
4 636 799 800 637
4 822 655 656 823
4 636 637 656 655
4 799 822 823 800
4 637 656 823 800
4 638 801 824 657
4 637 800 801 638
4 823 656 657 824
4 637 638 657 656
4 800 823 824 801
4 639 658 827 804
4 640 805 828 659
4 639 804 805 640
4 827 658 659 828
4 639 640 659 658
4 804 827 828 805
4 640 659 828 805
4 641 806 829 660
4 640 805 806 641
4 828 659 660 829
4 640 641 660 659
4 805 828 829 806
4 644 663 832 809
4 645 810 833 664
4 644 809 810 645
4 832 663 664 833
4 644 645 664 663
4 809 832 833 810
4 646 665 834 811
4 647 812 835 666
4 646 811 812 647
4 834 665 666 835
4 646 647 666 665
4 811 834 835 812
4 648 667 836 813
4 649 814 837 668
4 648 813 814 649
4 836 667 668 837
4 648 649 668 667
4 813 836 837 814
4 650 669 838 815
4 651 816 839 670
4 650 815 816 651
4 838 669 670 839
4 650 651 670 669
4 815 838 839 816
4 655 673 845 822
4 656 823 846 674
4 655 822 823 656
4 845 673 674 846
4 655 656 674 673
4 822 845 846 823
4 656 674 846 823
4 657 824 847 675
4 656 823 824 657
4 846 674 675 847
4 656 657 675 674
4 823 846 847 824
4 658 676 849 827
4 659 828 850 677
4 658 827 828 659
4 849 676 677 850
4 658 659 677 676
4 827 849 850 828
4 659 677 850 828
4 660 829 851 678
4 659 828 829 660
4 850 677 678 851
4 659 660 678 677
4 828 850 851 829
4 663 681 854 832
4 664 833 855 682
4 663 832 833 664
4 854 681 682 855
4 663 664 682 681
4 832 854 855 833
4 665 683 856 834
4 666 835 857 684
4 665 834 835 666
4 856 683 684 857
4 665 666 684 683
4 834 856 857 835
4 669 687 860 838
4 670 839 861 688
4 669 838 839 670
4 860 687 688 861
4 669 670 688 687
4 838 860 861 839
4 672 693 866 844
4 673 845 867 694
4 672 844 845 673
4 866 693 694 867
4 672 673 694 693
4 844 866 867 845
4 673 694 867 845
4 674 846 868 695
4 673 845 846 674
4 867 694 695 868
4 673 674 695 694
4 845 867 868 846
4 674 695 868 846
4 675 847 869 696
4 674 846 847 675
4 868 695 696 869
4 674 675 696 695
4 846 868 869 847
4 676 697 871 849
4 677 850 872 698
4 676 849 850 677
4 871 697 698 872
4 676 677 698 697
4 849 871 872 850
4 677 698 872 850
4 678 851 873 699
4 677 850 851 678
4 872 698 699 873
4 677 678 699 698
4 850 872 873 851
4 681 702 875 854
4 682 855 876 703
4 681 854 855 682
4 875 702 703 876
4 681 682 703 702
4 854 875 876 855
4 683 704 877 856
4 684 857 878 705
4 683 856 857 684
4 877 704 705 878
4 683 684 705 704
4 856 877 878 857
4 684 705 878 857
4 685 858 879 706
4 684 857 858 685
4 878 705 706 879
4 684 685 706 705
4 857 878 879 858
4 685 706 879 858
4 686 859 880 707
4 685 858 859 686
4 879 706 707 880
4 685 686 707 706
4 858 879 880 859
4 686 707 880 859
4 687 860 881 708
4 686 859 860 687
4 880 707 708 881
4 686 687 708 707
4 859 880 881 860
4 687 708 881 860
4 688 861 882 709
4 687 860 861 688
4 881 708 709 882
4 687 688 709 708
4 860 881 882 861
4 688 709 882 861
4 689 862 883 710
4 688 861 862 689
4 882 709 710 883
4 688 689 710 709
4 861 882 883 862
4 689 710 883 862
4 690 863 884 711
4 689 862 863 690
4 883 710 711 884
4 689 690 711 710
4 862 883 884 863
4 690 711 884 863
4 691 864 885 712
4 690 863 864 691
4 884 711 712 885
4 690 691 712 711
4 863 884 885 864
4 691 712 885 864
4 692 865 886 713
4 691 864 865 692
4 885 712 713 886
4 691 692 713 712
4 864 885 886 865
4 692 713 886 865
4 693 866 887 714
4 692 865 866 693
4 886 713 714 887
4 692 693 714 713
4 865 886 887 866
4 693 714 887 866
4 694 867 888 715
4 693 866 867 694
4 887 714 715 888
4 693 694 715 714
4 866 887 888 867
4 694 715 888 867
4 695 868 889 716
4 694 867 868 695
4 888 715 716 889
4 694 695 716 715
4 867 888 889 868
4 695 716 889 868
4 696 869 890 717
4 695 868 869 696
4 889 716 717 890
4 695 696 717 716
4 868 889 890 869
4 697 718 892 871
4 698 872 893 719
4 697 871 872 698
4 892 718 719 893
4 697 698 719 718
4 871 892 893 872
4 698 719 893 872
4 699 873 894 720
4 698 872 873 699
4 893 719 720 894
4 698 699 720 719
4 872 893 894 873
4 702 723 897 875
4 703 876 898 724
4 702 875 876 703
4 897 723 724 898
4 702 703 724 723
4 875 897 898 876
4 705 725 899 878
4 706 879 900 726
4 705 878 879 706
4 899 725 726 900
4 705 706 726 725
4 878 899 900 879
4 706 726 900 879
4 707 880 901 727
4 706 879 880 707
4 900 726 727 901
4 706 707 727 726
4 879 900 901 880
4 707 727 901 880
4 708 881 902 728
4 707 880 881 708
4 901 727 728 902
4 707 708 728 727
4 880 901 902 881
4 708 728 902 881
4 709 882 903 729
4 708 881 882 709
4 902 728 729 903
4 708 709 729 728
4 881 902 903 882
4 709 729 903 882
4 710 883 904 730
4 709 882 883 710
4 903 729 730 904
4 709 710 730 729
4 882 903 904 883
4 710 730 904 883
4 711 884 905 731
4 710 883 884 711
4 904 730 731 905
4 710 711 731 730
4 883 904 905 884
4 711 731 905 884
4 712 885 906 732
4 711 884 885 712
4 905 731 732 906
4 711 712 732 731
4 884 905 906 885
4 712 732 906 885
4 713 886 907 733
4 712 885 886 713
4 906 732 733 907
4 712 713 733 732
4 885 906 907 886
4 713 733 907 886
4 714 887 908 734
4 713 886 887 714
4 907 733 734 908
4 713 714 734 733
4 886 907 908 887
4 714 734 908 887
4 715 888 909 735
4 714 887 888 715
4 908 734 735 909
4 714 715 735 734
4 887 908 909 888
4 715 735 909 888
4 716 889 910 736
4 715 888 889 716
4 909 735 736 910
4 715 716 736 735
4 888 909 910 889
4 719 737 912 893
4 720 894 913 738
4 719 893 894 720
4 912 737 738 913
4 719 720 738 737
4 893 912 913 894
4 720 738 913 894
4 721 895 914 739
4 720 894 895 721
4 913 738 739 914
4 720 721 739 738
4 894 913 914 895
4 721 739 914 895
4 722 896 915 740
4 721 895 896 722
4 914 739 740 915
4 721 722 740 739
4 895 914 915 896
4 722 740 915 896
4 723 897 916 741
4 722 896 897 723
4 915 740 741 916
4 722 723 741 740
4 896 915 916 897
4 723 741 916 897
4 724 898 917 742
4 723 897 898 724
4 916 741 742 917
4 723 724 742 741
4 897 916 917 898
4 748 768 937 918
4 749 919 938 769
4 748 918 919 749
4 937 768 769 938
4 748 749 769 768
4 918 937 938 919
4 749 769 938 919
4 750 920 939 770
4 749 919 920 750
4 938 769 770 939
4 749 750 770 769
4 919 938 939 920
4 753 773 942 921
4 754 922 943 774
4 753 921 922 754
4 942 773 774 943
4 753 754 774 773
4 921 942 943 922
4 756 776 945 923
4 757 924 946 777
4 756 923 924 757
4 945 776 777 946
4 756 757 777 776
4 923 945 946 924
4 757 777 946 924
4 758 925 947 778
4 757 924 925 758
4 946 777 778 947
4 757 758 778 777
4 924 946 947 925
4 758 778 947 925
4 759 926 948 779
4 758 925 926 759
4 947 778 779 948
4 758 759 779 778
4 925 947 948 926
4 759 779 948 926
4 760 927 949 780
4 759 926 927 760
4 948 779 780 949
4 759 760 780 779
4 926 948 949 927
4 761 782 952 930
4 762 931 953 783
4 761 930 931 762
4 952 782 783 953
4 761 762 783 782
4 930 952 953 931
4 762 783 953 931
4 763 932 954 784
4 762 931 932 763
4 953 783 784 954
4 762 763 784 783
4 931 953 954 932
4 763 784 954 932
4 764 933 955 785
4 763 932 933 764
4 954 784 785 955
4 763 764 785 784
4 932 954 955 933
4 765 786 956 934
4 766 935 957 787
4 765 934 935 766
4 956 786 787 957
4 765 766 787 786
4 934 956 957 935
4 767 788 958 936
4 768 937 959 789
4 767 936 937 768
4 958 788 789 959
4 767 768 789 788
4 936 958 959 937
4 768 789 959 937
4 769 938 960 790
4 768 937 938 769
4 959 789 790 960
4 768 769 790 789
4 937 959 960 938
4 769 790 960 938
4 770 939 961 791
4 769 938 939 770
4 960 790 791 961
4 769 770 791 790
4 938 960 961 939
4 770 791 961 939
4 771 940 962 792
4 770 939 940 771
4 961 791 792 962
4 770 771 792 791
4 939 961 962 940
4 771 792 962 940
4 772 941 963 793
4 771 940 941 772
4 962 792 793 963
4 771 772 793 792
4 940 962 963 941
4 772 793 963 941
4 773 942 964 794
4 772 941 942 773
4 963 793 794 964
4 772 773 794 793
4 941 963 964 942
4 773 794 964 942
4 774 943 965 795
4 773 942 943 774
4 964 794 795 965
4 773 774 795 794
4 942 964 965 943
4 774 795 965 943
4 775 944 966 796
4 774 943 944 775
4 965 795 796 966
4 774 775 796 795
4 943 965 966 944
4 775 796 966 944
4 776 945 967 797
4 775 944 945 776
4 966 796 797 967
4 775 776 797 796
4 944 966 967 945
4 776 797 967 945
4 777 946 968 798
4 776 945 946 777
4 967 797 798 968
4 776 777 798 797
4 945 967 968 946
4 777 798 968 946
4 778 947 969 799
4 777 946 947 778
4 968 798 799 969
4 777 778 799 798
4 946 968 969 947
4 778 799 969 947
4 779 948 970 800
4 778 947 948 779
4 969 799 800 970
4 778 779 800 799
4 947 969 970 948
4 779 800 970 948
4 780 949 971 801
4 779 948 949 780
4 970 800 801 971
4 779 780 801 800
4 948 970 971 949
4 780 801 971 949
4 781 950 972 802
4 780 949 950 781
4 971 801 802 972
4 780 781 802 801
4 949 971 972 950
4 782 805 975 952
4 783 953 976 806
4 782 952 953 783
4 975 805 806 976
4 782 783 806 805
4 952 975 976 953
4 783 806 976 953
4 784 954 977 807
4 783 953 954 784
4 976 806 807 977
4 783 784 807 806
4 953 976 977 954
4 784 807 977 954
4 785 955 978 808
4 784 954 955 785
4 977 807 808 978
4 784 785 808 807
4 954 977 978 955
4 786 809 979 956
4 787 957 980 810
4 786 956 957 787
4 979 809 810 980
4 786 787 810 809
4 956 979 980 957
4 788 811 982 958
4 789 959 983 812
4 788 958 959 789
4 982 811 812 983
4 788 789 812 811
4 958 982 983 959
4 790 813 984 960
4 791 961 985 814
4 790 960 961 791
4 984 813 814 985
4 790 791 814 813
4 960 984 985 961
4 791 814 985 961
4 792 962 986 815
4 791 961 962 792
4 985 814 815 986
4 791 792 815 814
4 961 985 986 962
4 792 815 986 962
4 793 963 987 816
4 792 962 963 793
4 986 815 816 987
4 792 793 816 815
4 962 986 987 963
4 793 816 987 963
4 794 964 988 817
4 793 963 964 794
4 987 816 817 988
4 793 794 817 816
4 963 987 988 964
4 794 817 988 964
4 795 965 989 818
4 794 964 965 795
4 988 817 818 989
4 794 795 818 817
4 964 988 989 965
4 795 818 989 965
4 796 966 990 819
4 795 965 966 796
4 989 818 819 990
4 795 796 819 818
4 965 989 990 966
4 796 819 990 966
4 797 967 991 820
4 796 966 967 797
4 990 819 820 991
4 796 797 820 819
4 966 990 991 967
4 797 820 991 967
4 798 968 992 821
4 797 967 968 798
4 991 820 821 992
4 797 798 821 820
4 967 991 992 968
4 800 823 994 970
4 801 971 995 824
4 800 970 971 801
4 994 823 824 995
4 800 801 824 823
4 970 994 995 971
4 801 824 995 971
4 802 972 996 825
4 801 971 972 802
4 995 824 825 996
4 801 802 825 824
4 971 995 996 972
4 802 825 996 972
4 803 973 997 826
4 802 972 973 803
4 996 825 826 997
4 802 803 826 825
4 972 996 997 973
4 804 827 998 974
4 805 975 999 828
4 804 974 975 805
4 998 827 828 999
4 804 805 828 827
4 974 998 999 975
4 805 828 999 975
4 806 976 1000 829
4 805 975 976 806
4 999 828 829 1000
4 805 806 829 828
4 975 999 1000 976
4 807 830 1001 977
4 808 978 1002 831
4 807 977 978 808
4 1001 830 831 1002
4 807 808 831 830
4 977 1001 1002 978
4 809 832 1003 979
4 810 980 1004 833
4 809 979 980 810
4 1003 832 833 1004
4 809 810 833 832
4 979 1003 1004 980
4 811 834 1006 982
4 812 983 1007 835
4 811 982 983 812
4 1006 834 835 1007
4 811 812 835 834
4 982 1006 1007 983
4 814 837 1009 985
4 815 986 1010 838
4 814 985 986 815
4 1009 837 838 1010
4 814 815 838 837
4 985 1009 1010 986
4 815 838 1010 986
4 816 987 1011 839
4 815 986 987 816
4 1010 838 839 1011
4 815 816 839 838
4 986 1010 1011 987
4 816 839 1011 987
4 817 988 1012 840
4 816 987 988 817
4 1011 839 840 1012
4 816 817 840 839
4 987 1011 1012 988
4 817 840 1012 988
4 818 989 1013 841
4 817 988 989 818
4 1012 840 841 1013
4 817 818 841 840
4 988 1012 1013 989
4 818 841 1013 989
4 819 990 1014 842
4 818 989 990 819
4 1013 841 842 1014
4 818 819 842 841
4 989 1013 1014 990
4 819 842 1014 990
4 820 991 1015 843
4 819 990 991 820
4 1014 842 843 1015
4 819 820 843 842
4 990 1014 1015 991
4 823 846 1018 994
4 824 995 1019 847
4 823 994 995 824
4 1018 846 847 1019
4 823 824 847 846
4 994 1018 1019 995
4 824 847 1019 995
4 825 996 1020 848
4 824 995 996 825
4 1019 847 848 1020
4 824 825 848 847
4 995 1019 1020 996
4 827 849 1022 998
4 828 999 1023 850
4 827 998 999 828
4 1022 849 850 1023
4 827 828 850 849
4 998 1022 1023 999
4 828 850 1023 999
4 829 1000 1024 851
4 828 999 1000 829
4 1023 850 851 1024
4 828 829 851 850
4 999 1023 1024 1000
4 830 852 1025 1001
4 831 1002 1026 853
4 830 1001 1002 831
4 1025 852 853 1026
4 830 831 853 852
4 1001 1025 1026 1002
4 834 856 1030 1006
4 835 1007 1031 857
4 834 1006 1007 835
4 1030 856 857 1031
4 834 835 857 856
4 1006 1030 1031 1007
4 836 858 1032 1008
4 837 1009 1033 859
4 836 1008 1009 837
4 1032 858 859 1033
4 836 837 859 858
4 1008 1032 1033 1009
4 837 859 1033 1009
4 838 1010 1034 860
4 837 1009 1010 838
4 1033 859 860 1034
4 837 838 860 859
4 1009 1033 1034 1010
4 838 860 1034 1010
4 839 1011 1035 861
4 838 1010 1011 839
4 1034 860 861 1035
4 838 839 861 860
4 1010 1034 1035 1011
4 839 861 1035 1011
4 840 1012 1036 862
4 839 1011 1012 840
4 1035 861 862 1036
4 839 840 862 861
4 1011 1035 1036 1012
4 840 862 1036 1012
4 841 1013 1037 863
4 840 1012 1013 841
4 1036 862 863 1037
4 840 841 863 862
4 1012 1036 1037 1013
4 841 863 1037 1013
4 842 1014 1038 864
4 841 1013 1014 842
4 1037 863 864 1038
4 841 842 864 863
4 1013 1037 1038 1014
4 842 864 1038 1014
4 843 1015 1039 865
4 842 1014 1015 843
4 1038 864 865 1039
4 842 843 865 864
4 1014 1038 1039 1015
4 843 865 1039 1015
4 844 1016 1040 866
4 843 1015 1016 844
4 1039 865 866 1040
4 843 844 866 865
4 1015 1039 1040 1016
4 846 868 1042 1018
4 847 1019 1043 869
4 846 1018 1019 847
4 1042 868 869 1043
4 846 847 869 868
4 1018 1042 1043 1019
4 847 869 1043 1019
4 848 1020 1044 870
4 847 1019 1020 848
4 1043 869 870 1044
4 847 848 870 869
4 1019 1043 1044 1020
4 849 871 1046 1022
4 850 1023 1047 872
4 849 1022 1023 850
4 1046 871 872 1047
4 849 850 872 871
4 1022 1046 1047 1023
4 850 872 1047 1023
4 851 1024 1048 873
4 850 1023 1024 851
4 1047 872 873 1048
4 850 851 873 872
4 1023 1047 1048 1024
4 854 875 1050 1027
4 855 1028 1051 876
4 854 1027 1028 855
4 1050 875 876 1051
4 854 855 876 875
4 1027 1050 1051 1028
4 856 877 1052 1030
4 857 1031 1053 878
4 856 1030 1031 857
4 1052 877 878 1053
4 856 857 878 877
4 1030 1052 1053 1031
4 857 878 1053 1031
4 858 1032 1054 879
4 857 1031 1032 858
4 1053 878 879 1054
4 857 858 879 878
4 1031 1053 1054 1032
4 858 879 1054 1032
4 859 1033 1055 880
4 858 1032 1033 859
4 1054 879 880 1055
4 858 859 880 879
4 1032 1054 1055 1033
4 859 880 1055 1033
4 860 1034 1056 881
4 859 1033 1034 860
4 1055 880 881 1056
4 859 860 881 880
4 1033 1055 1056 1034
4 860 881 1056 1034
4 861 1035 1057 882
4 860 1034 1035 861
4 1056 881 882 1057
4 860 861 882 881
4 1034 1056 1057 1035
4 861 882 1057 1035
4 862 1036 1058 883
4 861 1035 1036 862
4 1057 882 883 1058
4 861 862 883 882
4 1035 1057 1058 1036
4 862 883 1058 1036
4 863 1037 1059 884
4 862 1036 1037 863
4 1058 883 884 1059
4 862 863 884 883
4 1036 1058 1059 1037
4 863 884 1059 1037
4 864 1038 1060 885
4 863 1037 1038 864
4 1059 884 885 1060
4 863 864 885 884
4 1037 1059 1060 1038
4 864 885 1060 1038
4 865 1039 1061 886
4 864 1038 1039 865
4 1060 885 886 1061
4 864 865 886 885
4 1038 1060 1061 1039
4 865 886 1061 1039
4 866 1040 1062 887
4 865 1039 1040 866
4 1061 886 887 1062
4 865 866 887 886
4 1039 1061 1062 1040
4 866 887 1062 1040
4 867 1041 1063 888
4 866 1040 1041 867
4 1062 887 888 1063
4 866 867 888 887
4 1040 1062 1063 1041
4 867 888 1063 1041
4 868 1042 1064 889
4 867 1041 1042 868
4 1063 888 889 1064
4 867 868 889 888
4 1041 1063 1064 1042
4 868 889 1064 1042
4 869 1043 1065 890
4 868 1042 1043 869
4 1064 889 890 1065
4 868 869 890 889
4 1042 1064 1065 1043
4 869 890 1065 1043
4 870 1044 1066 891
4 869 1043 1044 870
4 1065 890 891 1066
4 869 870 891 890
4 1043 1065 1066 1044
4 872 893 1068 1047
4 873 1048 1069 894
4 872 1047 1048 873
4 1068 893 894 1069
4 872 873 894 893
4 1047 1068 1069 1048
4 873 894 1069 1048
4 874 1049 1070 895
4 873 1048 1049 874
4 1069 894 895 1070
4 873 874 895 894
4 1048 1069 1070 1049
4 875 897 1072 1050
4 876 1051 1073 898
4 875 1050 1051 876
4 1072 897 898 1073
4 875 876 898 897
4 1050 1072 1073 1051
4 879 900 1075 1054
4 880 1055 1076 901
4 879 1054 1055 880
4 1075 900 901 1076
4 879 880 901 900
4 1054 1075 1076 1055
4 883 904 1077 1058
4 884 1059 1078 905
4 883 1058 1059 884
4 1077 904 905 1078
4 883 884 905 904
4 1058 1077 1078 1059
4 885 906 1079 1060
4 886 1061 1080 907
4 885 1060 1061 886
4 1079 906 907 1080
4 885 886 907 906
4 1060 1079 1080 1061
4 886 907 1080 1061
4 887 1062 1081 908
4 886 1061 1062 887
4 1080 907 908 1081
4 886 887 908 907
4 1061 1080 1081 1062
4 887 908 1081 1062
4 888 1063 1082 909
4 887 1062 1063 888
4 1081 908 909 1082
4 887 888 909 908
4 1062 1081 1082 1063
4 888 909 1082 1063
4 889 1064 1083 910
4 888 1063 1064 889
4 1082 909 910 1083
4 888 889 910 909
4 1063 1082 1083 1064
4 889 910 1083 1064
4 890 1065 1084 911
4 889 1064 1065 890
4 1083 910 911 1084
4 889 890 911 910
4 1064 1083 1084 1065
4 894 913 1086 1069
4 895 1070 1087 914
4 894 1069 1070 895
4 1086 913 914 1087
4 894 895 914 913
4 1069 1086 1087 1070
4 895 914 1087 1070
4 896 1071 1088 915
4 895 1070 1071 896
4 1087 914 915 1088
4 895 896 915 914
4 1070 1087 1088 1071
4 896 915 1088 1071
4 897 1072 1089 916
4 896 1071 1072 897
4 1088 915 916 1089
4 896 897 916 915
4 1071 1088 1089 1072
4 897 916 1089 1072
4 898 1073 1090 917
4 897 1072 1073 898
4 1089 916 917 1090
4 897 898 917 916
4 1072 1089 1090 1073
4 918 937 1102 1091
4 919 1092 1103 938
4 918 1091 1092 919
4 1102 937 938 1103
4 918 919 938 937
4 1091 1102 1103 1092
4 923 945 1107 1094
4 924 1095 1108 946
4 923 1094 1095 924
4 1107 945 946 1108
4 923 924 946 945
4 1094 1107 1108 1095
4 924 946 1108 1095
4 925 1096 1109 947
4 924 1095 1096 925
4 1108 946 947 1109
4 924 925 947 946
4 1095 1108 1109 1096
4 925 947 1109 1096
4 926 1097 1110 948
4 925 1096 1097 926
4 1109 947 948 1110
4 925 926 948 947
4 1096 1109 1110 1097
4 926 948 1110 1097
4 927 1098 1111 949
4 926 1097 1098 927
4 1110 948 949 1111
4 926 927 949 948
4 1097 1110 1111 1098
4 927 949 1111 1098
4 928 1099 1112 950
4 927 1098 1099 928
4 1111 949 950 1112
4 927 928 950 949
4 1098 1111 1112 1099
4 928 950 1112 1099
4 929 1100 1113 951
4 928 1099 1100 929
4 1112 950 951 1113
4 928 929 951 950
4 1099 1112 1113 1100
4 936 958 1116 1101
4 937 1102 1117 959
4 936 1101 1102 937
4 1116 958 959 1117
4 936 937 959 958
4 1101 1116 1117 1102
4 937 959 1117 1102
4 938 1103 1118 960
4 937 1102 1103 938
4 1117 959 960 1118
4 937 938 960 959
4 1102 1117 1118 1103
4 938 960 1118 1103
4 939 1104 1119 961
4 938 1103 1104 939
4 1118 960 961 1119
4 938 939 961 960
4 1103 1118 1119 1104
4 939 961 1119 1104
4 940 1105 1120 962
4 939 1104 1105 940
4 1119 961 962 1120
4 939 940 962 961
4 1104 1119 1120 1105
4 944 966 1121 1106
4 945 1107 1122 967
4 944 1106 1107 945
4 1121 966 967 1122
4 944 945 967 966
4 1106 1121 1122 1107
4 945 967 1122 1107
4 946 1108 1123 968
4 945 1107 1108 946
4 1122 967 968 1123
4 945 946 968 967
4 1107 1122 1123 1108
4 946 968 1123 1108
4 947 1109 1124 969
4 946 1108 1109 947
4 1123 968 969 1124
4 946 947 969 968
4 1108 1123 1124 1109
4 948 970 1125 1110
4 949 1111 1126 971
4 948 1110 1111 949
4 1125 970 971 1126
4 948 949 971 970
4 1110 1125 1126 1111
4 949 971 1126 1111
4 950 1112 1127 972
4 949 1111 1112 950
4 1126 971 972 1127
4 949 950 972 971
4 1111 1126 1127 1112
4 950 972 1127 1112
4 951 1113 1128 973
4 950 1112 1113 951
4 1127 972 973 1128
4 950 951 973 972
4 1112 1127 1128 1113
4 958 982 1134 1116
4 959 1117 1135 983
4 958 1116 1117 959
4 1134 982 983 1135
4 958 959 983 982
4 1116 1134 1135 1117
4 960 984 1136 1118
4 961 1119 1137 985
4 960 1118 1119 961
4 1136 984 985 1137
4 960 961 985 984
4 1118 1136 1137 1119
4 961 985 1137 1119
4 962 1120 1138 986
4 961 1119 1120 962
4 1137 985 986 1138
4 961 962 986 985
4 1119 1137 1138 1120
4 966 990 1139 1121
4 967 1122 1140 991
4 966 1121 1122 967
4 1139 990 991 1140
4 966 967 991 990
4 1121 1139 1140 1122
4 967 991 1140 1122
4 968 1123 1141 992
4 967 1122 1123 968
4 1140 991 992 1141
4 967 968 992 991
4 1122 1140 1141 1123
4 968 992 1141 1123
4 969 1124 1142 993
4 968 1123 1124 969
4 1141 992 993 1142
4 968 969 993 992
4 1123 1141 1142 1124
4 971 995 1143 1126
4 972 1127 1144 996
4 971 1126 1127 972
4 1143 995 996 1144
4 971 972 996 995
4 1126 1143 1144 1127
4 972 996 1144 1127
4 973 1128 1145 997
4 972 1127 1128 973
4 1144 996 997 1145
4 972 973 997 996
4 1127 1144 1145 1128
4 975 999 1147 1130
4 976 1131 1148 1000
4 975 1130 1131 976
4 1147 999 1000 1148
4 975 976 1000 999
4 1130 1147 1148 1131
4 980 1004 1151 1132
4 981 1133 1152 1005
4 980 1132 1133 981
4 1151 1004 1005 1152
4 980 981 1005 1004
4 1132 1151 1152 1133
4 982 1006 1153 1134
4 983 1135 1154 1007
4 982 1134 1135 983
4 1153 1006 1007 1154
4 982 983 1007 1006
4 1134 1153 1154 1135
4 984 1008 1155 1136
4 985 1137 1156 1009
4 984 1136 1137 985
4 1155 1008 1009 1156
4 984 985 1009 1008
4 1136 1155 1156 1137
4 985 1009 1156 1137
4 986 1138 1157 1010
4 985 1137 1138 986
4 1156 1009 1010 1157
4 985 986 1010 1009
4 1137 1156 1157 1138
4 990 1014 1158 1139
4 991 1140 1159 1015
4 990 1139 1140 991
4 1158 1014 1015 1159
4 990 991 1015 1014
4 1139 1158 1159 1140
4 991 1015 1159 1140
4 992 1141 1160 1016
4 991 1140 1141 992
4 1159 1015 1016 1160
4 991 992 1016 1015
4 1140 1159 1160 1141
4 992 1016 1160 1141
4 993 1142 1161 1017
4 992 1141 1142 993
4 1160 1016 1017 1161
4 992 993 1017 1016
4 1141 1160 1161 1142
4 996 1020 1163 1144
4 997 1145 1164 1021
4 996 1144 1145 997
4 1163 1020 1021 1164
4 996 997 1021 1020
4 1144 1163 1164 1145
4 999 1023 1166 1147
4 1000 1148 1167 1024
4 999 1147 1148 1000
4 1166 1023 1024 1167
4 999 1000 1024 1023
4 1147 1166 1167 1148
4 1004 1028 1170 1151
4 1005 1152 1171 1029
4 1004 1151 1152 1005
4 1170 1028 1029 1171
4 1004 1005 1029 1028
4 1151 1170 1171 1152
4 1006 1030 1172 1153
4 1007 1154 1173 1031
4 1006 1153 1154 1007
4 1172 1030 1031 1173
4 1006 1007 1031 1030
4 1153 1172 1173 1154
4 1007 1031 1173 1154
4 1008 1155 1174 1032
4 1007 1154 1155 1008
4 1173 1031 1032 1174
4 1007 1008 1032 1031
4 1154 1173 1174 1155
4 1008 1032 1174 1155
4 1009 1156 1175 1033
4 1008 1155 1156 1009
4 1174 1032 1033 1175
4 1008 1009 1033 1032
4 1155 1174 1175 1156
4 1009 1033 1175 1156
4 1010 1157 1176 1034
4 1009 1156 1157 1010
4 1175 1033 1034 1176
4 1009 1010 1034 1033
4 1156 1175 1176 1157
4 1014 1038 1177 1158
4 1015 1159 1178 1039
4 1014 1158 1159 1015
4 1177 1038 1039 1178
4 1014 1015 1039 1038
4 1158 1177 1178 1159
4 1015 1039 1178 1159
4 1016 1160 1179 1040
4 1015 1159 1160 1016
4 1178 1039 1040 1179
4 1015 1016 1040 1039
4 1159 1178 1179 1160
4 1016 1040 1179 1160
4 1017 1161 1180 1041
4 1016 1160 1161 1017
4 1179 1040 1041 1180
4 1016 1017 1041 1040
4 1160 1179 1180 1161
4 1019 1043 1182 1162
4 1020 1163 1183 1044
4 1019 1162 1163 1020
4 1182 1043 1044 1183
4 1019 1020 1044 1043
4 1162 1182 1183 1163
4 1020 1044 1183 1163
4 1021 1164 1184 1045
4 1020 1163 1164 1021
4 1183 1044 1045 1184
4 1020 1021 1045 1044
4 1163 1183 1184 1164
4 1023 1047 1186 1166
4 1024 1167 1187 1048
4 1023 1166 1167 1024
4 1186 1047 1048 1187
4 1023 1024 1048 1047
4 1166 1186 1187 1167
4 1030 1052 1191 1172
4 1031 1173 1192 1053
4 1030 1172 1173 1031
4 1191 1052 1053 1192
4 1030 1031 1053 1052
4 1172 1191 1192 1173
4 1031 1053 1192 1173
4 1032 1174 1193 1054
4 1031 1173 1174 1032
4 1192 1053 1054 1193
4 1031 1032 1054 1053
4 1173 1192 1193 1174
4 1032 1054 1193 1174
4 1033 1175 1194 1055
4 1032 1174 1175 1033
4 1193 1054 1055 1194
4 1032 1033 1055 1054
4 1174 1193 1194 1175
4 1033 1055 1194 1175
4 1034 1176 1195 1056
4 1033 1175 1176 1034
4 1194 1055 1056 1195
4 1033 1034 1056 1055
4 1175 1194 1195 1176
4 1038 1060 1196 1177
4 1039 1178 1197 1061
4 1038 1177 1178 1039
4 1196 1060 1061 1197
4 1038 1039 1061 1060
4 1177 1196 1197 1178
4 1039 1061 1197 1178
4 1040 1179 1198 1062
4 1039 1178 1179 1040
4 1197 1061 1062 1198
4 1039 1040 1062 1061
4 1178 1197 1198 1179
4 1040 1062 1198 1179
4 1041 1180 1199 1063
4 1040 1179 1180 1041
4 1198 1062 1063 1199
4 1040 1041 1063 1062
4 1179 1198 1199 1180
4 1042 1064 1200 1181
4 1043 1182 1201 1065
4 1042 1181 1182 1043
4 1200 1064 1065 1201
4 1042 1043 1065 1064
4 1181 1200 1201 1182
4 1043 1065 1201 1182
4 1044 1183 1202 1066
4 1043 1182 1183 1044
4 1201 1065 1066 1202
4 1043 1044 1066 1065
4 1182 1201 1202 1183
4 1044 1066 1202 1183
4 1045 1184 1203 1067
4 1044 1183 1184 1045
4 1202 1066 1067 1203
4 1044 1045 1067 1066
4 1183 1202 1203 1184
4 1053 1074 1204 1192
4 1054 1193 1205 1075
4 1053 1192 1193 1054
4 1204 1074 1075 1205
4 1053 1054 1075 1074
4 1192 1204 1205 1193
4 1054 1075 1205 1193
4 1055 1194 1206 1076
4 1054 1193 1194 1055
4 1205 1075 1076 1206
4 1054 1055 1076 1075
4 1193 1205 1206 1194
4 1061 1080 1207 1197
4 1062 1198 1208 1081
4 1061 1197 1198 1062
4 1207 1080 1081 1208
4 1061 1062 1081 1080
4 1197 1207 1208 1198
4 1062 1081 1208 1198
4 1063 1199 1209 1082
4 1062 1198 1199 1063
4 1208 1081 1082 1209
4 1062 1063 1082 1081
4 1198 1208 1209 1199
4 1063 1082 1209 1199
4 1064 1200 1210 1083
4 1063 1199 1200 1064
4 1209 1082 1083 1210
4 1063 1064 1083 1082
4 1199 1209 1210 1200
4 1064 1083 1210 1200
4 1065 1201 1211 1084
4 1064 1200 1201 1065
4 1210 1083 1084 1211
4 1064 1065 1084 1083
4 1200 1210 1211 1201
4 1065 1084 1211 1201
4 1066 1202 1212 1085
4 1065 1201 1202 1066
4 1211 1084 1085 1212
4 1065 1066 1085 1084
4 1201 1211 1212 1202
4 1091 1102 1225 1214
4 1092 1215 1226 1103
4 1091 1214 1215 1092
4 1225 1102 1103 1226
4 1091 1092 1103 1102
4 1214 1225 1226 1215
4 1092 1103 1226 1215
4 1093 1216 1227 1104
4 1092 1215 1216 1093
4 1226 1103 1104 1227
4 1092 1093 1104 1103
4 1215 1226 1227 1216
4 1096 1109 1230 1217
4 1097 1218 1231 1110
4 1096 1217 1218 1097
4 1230 1109 1110 1231
4 1096 1097 1110 1109
4 1217 1230 1231 1218
4 1097 1110 1231 1218
4 1098 1219 1232 1111
4 1097 1218 1219 1098
4 1231 1110 1111 1232
4 1097 1098 1111 1110
4 1218 1231 1232 1219
4 1098 1111 1232 1219
4 1099 1220 1233 1112
4 1098 1219 1220 1099
4 1232 1111 1112 1233
4 1098 1099 1112 1111
4 1219 1232 1233 1220
4 1099 1112 1233 1220
4 1100 1221 1234 1113
4 1099 1220 1221 1100
4 1233 1112 1113 1234
4 1099 1100 1113 1112
4 1220 1233 1234 1221
4 1101 1116 1243 1224
4 1102 1225 1244 1117
4 1101 1224 1225 1102
4 1243 1116 1117 1244
4 1101 1102 1117 1116
4 1224 1243 1244 1225
4 1102 1117 1244 1225
4 1103 1226 1245 1118
4 1102 1225 1226 1103
4 1244 1117 1118 1245
4 1102 1103 1118 1117
4 1225 1244 1245 1226
4 1103 1118 1245 1226
4 1104 1227 1246 1119
4 1103 1226 1227 1104
4 1245 1118 1119 1246
4 1103 1104 1119 1118
4 1226 1245 1246 1227
4 1104 1119 1246 1227
4 1105 1228 1247 1120
4 1104 1227 1228 1105
4 1246 1119 1120 1247
4 1104 1105 1120 1119
4 1227 1246 1247 1228
4 1108 1123 1249 1229
4 1109 1230 1250 1124
4 1108 1229 1230 1109
4 1249 1123 1124 1250
4 1108 1109 1124 1123
4 1229 1249 1250 1230
4 1109 1124 1250 1230
4 1110 1231 1251 1125
4 1109 1230 1231 1110
4 1250 1124 1125 1251
4 1109 1110 1125 1124
4 1230 1250 1251 1231
4 1112 1127 1253 1233
4 1113 1234 1254 1128
4 1112 1233 1234 1113
4 1253 1127 1128 1254
4 1112 1113 1128 1127
4 1233 1253 1254 1234
4 1114 1130 1257 1237
4 1115 1238 1258 1131
4 1114 1237 1238 1115
4 1257 1130 1131 1258
4 1114 1115 1131 1130
4 1237 1257 1258 1238
4 1116 1134 1264 1243
4 1117 1244 1265 1135
4 1116 1243 1244 1117
4 1264 1134 1135 1265
4 1116 1117 1135 1134
4 1243 1264 1265 1244
4 1118 1136 1266 1245
4 1119 1246 1267 1137
4 1118 1245 1246 1119
4 1266 1136 1137 1267
4 1118 1119 1137 1136
4 1245 1266 1267 1246
4 1119 1137 1267 1246
4 1120 1247 1268 1138
4 1119 1246 1247 1120
4 1267 1137 1138 1268
4 1119 1120 1138 1137
4 1246 1267 1268 1247
4 1122 1140 1269 1248
4 1123 1249 1270 1141
4 1122 1248 1249 1123
4 1269 1140 1141 1270
4 1122 1123 1141 1140
4 1248 1269 1270 1249
4 1123 1141 1270 1249
4 1124 1250 1271 1142
4 1123 1249 1250 1124
4 1270 1141 1142 1271
4 1123 1124 1142 1141
4 1249 1270 1271 1250
4 1128 1145 1274 1254
4 1129 1255 1275 1146
4 1128 1254 1255 1129
4 1274 1145 1146 1275
4 1128 1129 1146 1145
4 1254 1274 1275 1255
4 1132 1151 1282 1262
4 1133 1263 1283 1152
4 1132 1262 1263 1133
4 1282 1151 1152 1283
4 1132 1133 1152 1151
4 1262 1282 1283 1263
4 1134 1153 1284 1264
4 1135 1265 1285 1154
4 1134 1264 1265 1135
4 1284 1153 1154 1285
4 1134 1135 1154 1153
4 1264 1284 1285 1265
4 1137 1156 1286 1267
4 1138 1268 1287 1157
4 1137 1267 1268 1138
4 1286 1156 1157 1287
4 1137 1138 1157 1156
4 1267 1286 1287 1268
4 1140 1159 1288 1269
4 1141 1270 1289 1160
4 1140 1269 1270 1141
4 1288 1159 1160 1289
4 1140 1141 1160 1159
4 1269 1288 1289 1270
4 1141 1160 1289 1270
4 1142 1271 1290 1161
4 1141 1270 1271 1142
4 1289 1160 1161 1290
4 1141 1142 1161 1160
4 1270 1289 1290 1271
4 1145 1164 1294 1274
4 1146 1275 1295 1165
4 1145 1274 1275 1146
4 1294 1164 1165 1295
4 1145 1146 1165 1164
4 1274 1294 1295 1275
4 1147 1166 1297 1277
4 1148 1278 1298 1167
4 1147 1277 1278 1148
4 1297 1166 1167 1298
4 1147 1148 1167 1166
4 1277 1297 1298 1278
4 1148 1167 1298 1278
4 1149 1279 1299 1168
4 1148 1278 1279 1149
4 1298 1167 1168 1299
4 1148 1149 1168 1167
4 1278 1298 1299 1279
4 1150 1169 1301 1281
4 1151 1282 1302 1170
4 1150 1281 1282 1151
4 1301 1169 1170 1302
4 1150 1151 1170 1169
4 1281 1301 1302 1282
4 1151 1170 1302 1282
4 1152 1283 1303 1171
4 1151 1282 1283 1152
4 1302 1170 1171 1303
4 1151 1152 1171 1170
4 1282 1302 1303 1283
4 1153 1172 1304 1284
4 1154 1285 1305 1173
4 1153 1284 1285 1154
4 1304 1172 1173 1305
4 1153 1154 1173 1172
4 1284 1304 1305 1285
4 1156 1175 1307 1286
4 1157 1287 1308 1176
4 1156 1286 1287 1157
4 1307 1175 1176 1308
4 1156 1157 1176 1175
4 1286 1307 1308 1287
4 1159 1178 1309 1288
4 1160 1289 1310 1179
4 1159 1288 1289 1160
4 1309 1178 1179 1310
4 1159 1160 1179 1178
4 1288 1309 1310 1289
4 1160 1179 1310 1289
4 1161 1290 1311 1180
4 1160 1289 1290 1161
4 1310 1179 1180 1311
4 1160 1161 1180 1179
4 1289 1310 1311 1290
4 1164 1184 1315 1294
4 1165 1295 1316 1185
4 1164 1294 1295 1165
4 1315 1184 1185 1316
4 1164 1165 1185 1184
4 1294 1315 1316 1295
4 1167 1187 1319 1298
4 1168 1299 1320 1188
4 1167 1298 1299 1168
4 1319 1187 1188 1320
4 1167 1168 1188 1187
4 1298 1319 1320 1299
4 1169 1189 1322 1301
4 1170 1302 1323 1190
4 1169 1301 1302 1170
4 1322 1189 1190 1323
4 1169 1170 1190 1189
4 1301 1322 1323 1302
4 1172 1191 1324 1304
4 1173 1305 1325 1192
4 1172 1304 1305 1173
4 1324 1191 1192 1325
4 1172 1173 1192 1191
4 1304 1324 1325 1305
4 1173 1192 1325 1305
4 1174 1306 1326 1193
4 1173 1305 1306 1174
4 1325 1192 1193 1326
4 1173 1174 1193 1192
4 1305 1325 1326 1306
4 1174 1193 1326 1306
4 1175 1307 1327 1194
4 1174 1306 1307 1175
4 1326 1193 1194 1327
4 1174 1175 1194 1193
4 1306 1326 1327 1307
4 1175 1194 1327 1307
4 1176 1308 1328 1195
4 1175 1307 1308 1176
4 1327 1194 1195 1328
4 1175 1176 1195 1194
4 1307 1327 1328 1308
4 1179 1198 1329 1310
4 1180 1311 1330 1199
4 1179 1310 1311 1180
4 1329 1198 1199 1330
4 1179 1180 1199 1198
4 1310 1329 1330 1311
4 1180 1199 1330 1311
4 1181 1312 1331 1200
4 1180 1311 1312 1181
4 1330 1199 1200 1331
4 1180 1181 1200 1199
4 1311 1330 1331 1312
4 1182 1201 1332 1313
4 1183 1314 1333 1202
4 1182 1313 1314 1183
4 1332 1201 1202 1333
4 1182 1183 1202 1201
4 1313 1332 1333 1314
4 1183 1202 1333 1314
4 1184 1315 1334 1203
4 1183 1314 1315 1184
4 1333 1202 1203 1334
4 1183 1184 1203 1202
4 1314 1333 1334 1315
4 1192 1204 1343 1325
4 1193 1326 1344 1205
4 1192 1325 1326 1193
4 1343 1204 1205 1344
4 1192 1193 1205 1204
4 1325 1343 1344 1326
4 1193 1205 1344 1326
4 1194 1327 1345 1206
4 1193 1326 1327 1194
4 1344 1205 1206 1345
4 1193 1194 1206 1205
4 1326 1344 1345 1327
4 1198 1208 1346 1329
4 1199 1330 1347 1209
4 1198 1329 1330 1199
4 1346 1208 1209 1347
4 1198 1199 1209 1208
4 1329 1346 1347 1330
4 1199 1209 1347 1330
4 1200 1331 1348 1210
4 1199 1330 1331 1200
4 1347 1209 1210 1348
4 1199 1200 1210 1209
4 1330 1347 1348 1331
4 1200 1210 1348 1331
4 1201 1332 1349 1211
4 1200 1331 1332 1201
4 1348 1210 1211 1349
4 1200 1201 1211 1210
4 1331 1348 1349 1332
4 1201 1211 1349 1332
4 1202 1333 1350 1212
4 1201 1332 1333 1202
4 1349 1211 1212 1350
4 1201 1202 1212 1211
4 1332 1349 1350 1333
4 1202 1212 1350 1333
4 1203 1334 1351 1213
4 1202 1333 1334 1203
4 1350 1212 1213 1351
4 1202 1203 1213 1212
4 1333 1350 1351 1334
4 1214 1225 1372 1355
4 1215 1356 1373 1226
4 1214 1355 1356 1215
4 1372 1225 1226 1373
4 1214 1215 1226 1225
4 1355 1372 1373 1356
4 1215 1226 1373 1356
4 1216 1357 1374 1227
4 1215 1356 1357 1216
4 1373 1226 1227 1374
4 1215 1216 1227 1226
4 1356 1373 1374 1357
4 1217 1230 1376 1358
4 1218 1359 1377 1231
4 1217 1358 1359 1218
4 1376 1230 1231 1377
4 1217 1218 1231 1230
4 1358 1376 1377 1359
4 1218 1231 1377 1359
4 1219 1360 1378 1232
4 1218 1359 1360 1219
4 1377 1231 1232 1378
4 1218 1219 1232 1231
4 1359 1377 1378 1360
4 1219 1232 1378 1360
4 1220 1361 1379 1233
4 1219 1360 1361 1220
4 1378 1232 1233 1379
4 1219 1220 1233 1232
4 1360 1378 1379 1361
4 1220 1233 1379 1361
4 1221 1362 1380 1234
4 1220 1361 1362 1221
4 1379 1233 1234 1380
4 1220 1221 1234 1233
4 1361 1379 1380 1362
4 1222 1235 1381 1363
4 1223 1364 1382 1236
4 1222 1363 1364 1223
4 1381 1235 1236 1382
4 1222 1223 1236 1235
4 1363 1381 1382 1364
4 1224 1243 1389 1371
4 1225 1372 1390 1244
4 1224 1371 1372 1225
4 1389 1243 1244 1390
4 1224 1225 1244 1243
4 1371 1389 1390 1372
4 1225 1244 1390 1372
4 1226 1373 1391 1245
4 1225 1372 1373 1226
4 1390 1244 1245 1391
4 1225 1226 1245 1244
4 1372 1390 1391 1373
4 1226 1245 1391 1373
4 1227 1374 1392 1246
4 1226 1373 1374 1227
4 1391 1245 1246 1392
4 1226 1227 1246 1245
4 1373 1391 1392 1374
4 1227 1246 1392 1374
4 1228 1375 1393 1247
4 1227 1374 1375 1228
4 1392 1246 1247 1393
4 1227 1228 1247 1246
4 1374 1392 1393 1375
4 1230 1250 1394 1376
4 1231 1377 1395 1251
4 1230 1376 1377 1231
4 1394 1250 1251 1395
4 1230 1231 1251 1250
4 1376 1394 1395 1377
4 1231 1251 1395 1377
4 1232 1378 1396 1252
4 1231 1377 1378 1232
4 1395 1251 1252 1396
4 1231 1232 1252 1251
4 1377 1395 1396 1378
4 1232 1252 1396 1378
4 1233 1379 1397 1253
4 1232 1378 1379 1233
4 1396 1252 1253 1397
4 1232 1233 1253 1252
4 1378 1396 1397 1379
4 1233 1253 1397 1379
4 1234 1380 1398 1254
4 1233 1379 1380 1234
4 1397 1253 1254 1398
4 1233 1234 1254 1253
4 1379 1397 1398 1380
4 1234 1254 1398 1380
4 1235 1381 1399 1255
4 1234 1380 1381 1235
4 1398 1254 1255 1399
4 1234 1235 1255 1254
4 1380 1398 1399 1381
4 1236 1256 1400 1382
4 1237 1383 1401 1257
4 1236 1382 1383 1237
4 1400 1256 1257 1401
4 1236 1237 1257 1256
4 1382 1400 1401 1383
4 1237 1257 1401 1383
4 1238 1384 1402 1258
4 1237 1383 1384 1238
4 1401 1257 1258 1402
4 1237 1238 1258 1257
4 1383 1401 1402 1384
4 1238 1258 1402 1384
4 1239 1385 1403 1259
4 1238 1384 1385 1239
4 1402 1258 1259 1403
4 1238 1239 1259 1258
4 1384 1402 1403 1385
4 1239 1259 1403 1385
4 1240 1386 1404 1260
4 1239 1385 1386 1240
4 1403 1259 1260 1404
4 1239 1240 1260 1259
4 1385 1403 1404 1386
4 1240 1260 1404 1386
4 1241 1387 1405 1261
4 1240 1386 1387 1241
4 1404 1260 1261 1405
4 1240 1241 1261 1260
4 1386 1404 1405 1387
4 1241 1261 1405 1387
4 1242 1388 1406 1262
4 1241 1387 1388 1242
4 1405 1261 1262 1406
4 1241 1242 1262 1261
4 1387 1405 1406 1388
4 1243 1264 1407 1389
4 1244 1390 1408 1265
4 1243 1389 1390 1244
4 1407 1264 1265 1408
4 1243 1244 1265 1264
4 1389 1407 1408 1390
4 1245 1266 1409 1391
4 1246 1392 1410 1267
4 1245 1391 1392 1246
4 1409 1266 1267 1410
4 1245 1246 1267 1266
4 1391 1409 1410 1392
4 1246 1267 1410 1392
4 1247 1393 1411 1268
4 1246 1392 1393 1247
4 1410 1267 1268 1411
4 1246 1247 1268 1267
4 1392 1410 1411 1393
4 1250 1271 1412 1394
4 1251 1395 1413 1272
4 1250 1394 1395 1251
4 1412 1271 1272 1413
4 1250 1251 1272 1271
4 1394 1412 1413 1395
4 1251 1272 1413 1395
4 1252 1396 1414 1273
4 1251 1395 1396 1252
4 1413 1272 1273 1414
4 1251 1252 1273 1272
4 1395 1413 1414 1396
4 1254 1274 1416 1398
4 1255 1399 1417 1275
4 1254 1398 1399 1255
4 1416 1274 1275 1417
4 1254 1255 1275 1274
4 1398 1416 1417 1399
4 1255 1275 1417 1399
4 1256 1400 1418 1276
4 1255 1399 1400 1256
4 1417 1275 1276 1418
4 1255 1256 1276 1275
4 1399 1417 1418 1400
4 1256 1276 1418 1400
4 1257 1401 1419 1277
4 1256 1400 1401 1257
4 1418 1276 1277 1419
4 1256 1257 1277 1276
4 1400 1418 1419 1401
4 1257 1277 1419 1401
4 1258 1402 1420 1278
4 1257 1401 1402 1258
4 1419 1277 1278 1420
4 1257 1258 1278 1277
4 1401 1419 1420 1402
4 1258 1278 1420 1402
4 1259 1403 1421 1279
4 1258 1402 1403 1259
4 1420 1278 1279 1421
4 1258 1259 1279 1278
4 1402 1420 1421 1403
4 1259 1279 1421 1403
4 1260 1404 1422 1280
4 1259 1403 1404 1260
4 1421 1279 1280 1422
4 1259 1260 1280 1279
4 1403 1421 1422 1404
4 1260 1280 1422 1404
4 1261 1405 1423 1281
4 1260 1404 1405 1261
4 1422 1280 1281 1423
4 1260 1261 1281 1280
4 1404 1422 1423 1405
4 1261 1281 1423 1405
4 1262 1406 1424 1282
4 1261 1405 1406 1262
4 1423 1281 1282 1424
4 1261 1262 1282 1281
4 1405 1423 1424 1406
4 1264 1284 1426 1407
4 1265 1408 1427 1285
4 1264 1407 1408 1265
4 1426 1284 1285 1427
4 1264 1265 1285 1284
4 1407 1426 1427 1408
4 1267 1286 1429 1410
4 1268 1411 1430 1287
4 1267 1410 1411 1268
4 1429 1286 1287 1430
4 1267 1268 1287 1286
4 1410 1429 1430 1411
4 1271 1290 1431 1412
4 1272 1413 1432 1291
4 1271 1412 1413 1272
4 1431 1290 1291 1432
4 1271 1272 1291 1290
4 1412 1431 1432 1413
4 1272 1291 1432 1413
4 1273 1414 1433 1292
4 1272 1413 1414 1273
4 1432 1291 1292 1433
4 1272 1273 1292 1291
4 1413 1432 1433 1414
4 1274 1294 1435 1416
4 1275 1417 1436 1295
4 1274 1416 1417 1275
4 1435 1294 1295 1436
4 1274 1275 1295 1294
4 1416 1435 1436 1417
4 1275 1295 1436 1417
4 1276 1418 1437 1296
4 1275 1417 1418 1276
4 1436 1295 1296 1437
4 1275 1276 1296 1295
4 1417 1436 1437 1418
4 1276 1296 1437 1418
4 1277 1419 1438 1297
4 1276 1418 1419 1277
4 1437 1296 1297 1438
4 1276 1277 1297 1296
4 1418 1437 1438 1419
4 1277 1297 1438 1419
4 1278 1420 1439 1298
4 1277 1419 1420 1278
4 1438 1297 1298 1439
4 1277 1278 1298 1297
4 1419 1438 1439 1420
4 1278 1298 1439 1420
4 1279 1421 1440 1299
4 1278 1420 1421 1279
4 1439 1298 1299 1440
4 1278 1279 1299 1298
4 1420 1439 1440 1421
4 1279 1299 1440 1421
4 1280 1422 1441 1300
4 1279 1421 1422 1280
4 1440 1299 1300 1441
4 1279 1280 1300 1299
4 1421 1440 1441 1422
4 1280 1300 1441 1422
4 1281 1423 1442 1301
4 1280 1422 1423 1281
4 1441 1300 1301 1442
4 1280 1281 1301 1300
4 1422 1441 1442 1423
4 1281 1301 1442 1423
4 1282 1424 1443 1302
4 1281 1423 1424 1282
4 1442 1301 1302 1443
4 1281 1282 1302 1301
4 1423 1442 1443 1424
4 1282 1302 1443 1424
4 1283 1425 1444 1303
4 1282 1424 1425 1283
4 1443 1302 1303 1444
4 1282 1283 1303 1302
4 1424 1443 1444 1425
4 1284 1304 1445 1426
4 1285 1427 1446 1305
4 1284 1426 1427 1285
4 1445 1304 1305 1446
4 1284 1285 1305 1304
4 1426 1445 1446 1427
4 1290 1311 1450 1431
4 1291 1432 1451 1312
4 1290 1431 1432 1291
4 1450 1311 1312 1451
4 1290 1291 1312 1311
4 1431 1450 1451 1432
4 1291 1312 1451 1432
4 1292 1433 1452 1313
4 1291 1432 1433 1292
4 1451 1312 1313 1452
4 1291 1292 1313 1312
4 1432 1451 1452 1433
4 1292 1313 1452 1433
4 1293 1434 1453 1314
4 1292 1433 1434 1293
4 1452 1313 1314 1453
4 1292 1293 1314 1313
4 1433 1452 1453 1434
4 1294 1315 1454 1435
4 1295 1436 1455 1316
4 1294 1435 1436 1295
4 1454 1315 1316 1455
4 1294 1295 1316 1315
4 1435 1454 1455 1436
4 1295 1316 1455 1436
4 1296 1437 1456 1317
4 1295 1436 1437 1296
4 1455 1316 1317 1456
4 1295 1296 1317 1316
4 1436 1455 1456 1437
4 1296 1317 1456 1437
4 1297 1438 1457 1318
4 1296 1437 1438 1297
4 1456 1317 1318 1457
4 1296 1297 1318 1317
4 1437 1456 1457 1438
4 1297 1318 1457 1438
4 1298 1439 1458 1319
4 1297 1438 1439 1298
4 1457 1318 1319 1458
4 1297 1298 1319 1318
4 1438 1457 1458 1439
4 1298 1319 1458 1439
4 1299 1440 1459 1320
4 1298 1439 1440 1299
4 1458 1319 1320 1459
4 1298 1299 1320 1319
4 1439 1458 1459 1440
4 1299 1320 1459 1440
4 1300 1441 1460 1321
4 1299 1440 1441 1300
4 1459 1320 1321 1460
4 1299 1300 1321 1320
4 1440 1459 1460 1441
4 1300 1321 1460 1441
4 1301 1442 1461 1322
4 1300 1441 1442 1301
4 1460 1321 1322 1461
4 1300 1301 1322 1321
4 1441 1460 1461 1442
4 1301 1322 1461 1442
4 1302 1443 1462 1323
4 1301 1442 1443 1302
4 1461 1322 1323 1462
4 1301 1302 1323 1322
4 1442 1461 1462 1443
4 1304 1324 1463 1445
4 1305 1446 1464 1325
4 1304 1445 1446 1305
4 1463 1324 1325 1464
4 1304 1305 1325 1324
4 1445 1463 1464 1446
4 1305 1325 1464 1446
4 1306 1447 1465 1326
4 1305 1446 1447 1306
4 1464 1325 1326 1465
4 1305 1306 1326 1325
4 1446 1464 1465 1447
4 1306 1326 1465 1447
4 1307 1448 1466 1327
4 1306 1447 1448 1307
4 1465 1326 1327 1466
4 1306 1307 1327 1326
4 1447 1465 1466 1448
4 1311 1330 1468 1450
4 1312 1451 1469 1331
4 1311 1450 1451 1312
4 1468 1330 1331 1469
4 1311 1312 1331 1330
4 1450 1468 1469 1451
4 1312 1331 1469 1451
4 1313 1452 1470 1332
4 1312 1451 1452 1313
4 1469 1331 1332 1470
4 1312 1313 1332 1331
4 1451 1469 1470 1452
4 1313 1332 1470 1452
4 1314 1453 1471 1333
4 1313 1452 1453 1314
4 1470 1332 1333 1471
4 1313 1314 1333 1332
4 1452 1470 1471 1453
4 1314 1333 1471 1453
4 1315 1454 1472 1334
4 1314 1453 1454 1315
4 1471 1333 1334 1472
4 1314 1315 1334 1333
4 1453 1471 1472 1454
4 1315 1334 1472 1454
4 1316 1455 1473 1335
4 1315 1454 1455 1316
4 1472 1334 1335 1473
4 1315 1316 1335 1334
4 1454 1472 1473 1455
4 1316 1335 1473 1455
4 1317 1456 1474 1336
4 1316 1455 1456 1317
4 1473 1335 1336 1474
4 1316 1317 1336 1335
4 1455 1473 1474 1456
4 1317 1336 1474 1456
4 1318 1457 1475 1337
4 1317 1456 1457 1318
4 1474 1336 1337 1475
4 1317 1318 1337 1336
4 1456 1474 1475 1457
4 1318 1337 1475 1457
4 1319 1458 1476 1338
4 1318 1457 1458 1319
4 1475 1337 1338 1476
4 1318 1319 1338 1337
4 1457 1475 1476 1458
4 1319 1338 1476 1458
4 1320 1459 1477 1339
4 1319 1458 1459 1320
4 1476 1338 1339 1477
4 1319 1320 1339 1338
4 1458 1476 1477 1459
4 1320 1339 1477 1459
4 1321 1460 1478 1340
4 1320 1459 1460 1321
4 1477 1339 1340 1478
4 1320 1321 1340 1339
4 1459 1477 1478 1460
4 1321 1340 1478 1460
4 1322 1461 1479 1341
4 1321 1460 1461 1322
4 1478 1340 1341 1479
4 1321 1322 1341 1340
4 1460 1478 1479 1461
4 1322 1341 1479 1461
4 1323 1462 1480 1342
4 1322 1461 1462 1323
4 1479 1341 1342 1480
4 1322 1323 1342 1341
4 1461 1479 1480 1462
4 1325 1343 1481 1464
4 1326 1465 1482 1344
4 1325 1464 1465 1326
4 1481 1343 1344 1482
4 1325 1326 1344 1343
4 1464 1481 1482 1465
4 1326 1344 1482 1465
4 1327 1466 1483 1345
4 1326 1465 1466 1327
4 1482 1344 1345 1483
4 1326 1327 1345 1344
4 1465 1482 1483 1466
4 1330 1347 1484 1468
4 1331 1469 1485 1348
4 1330 1468 1469 1331
4 1484 1347 1348 1485
4 1330 1331 1348 1347
4 1468 1484 1485 1469
4 1331 1348 1485 1469
4 1332 1470 1486 1349
4 1331 1469 1470 1332
4 1485 1348 1349 1486
4 1331 1332 1349 1348
4 1469 1485 1486 1470
4 1332 1349 1486 1470
4 1333 1471 1487 1350
4 1332 1470 1471 1333
4 1486 1349 1350 1487
4 1332 1333 1350 1349
4 1470 1486 1487 1471
4 1333 1350 1487 1471
4 1334 1472 1488 1351
4 1333 1471 1472 1334
4 1487 1350 1351 1488
4 1333 1334 1351 1350
4 1471 1487 1488 1472
4 1335 1352 1489 1473
4 1336 1474 1490 1353
4 1335 1473 1474 1336
4 1489 1352 1353 1490
4 1335 1336 1353 1352
4 1473 1489 1490 1474
4 1336 1353 1490 1474
4 1337 1475 1491 1354
4 1336 1474 1475 1337
4 1490 1353 1354 1491
4 1336 1337 1354 1353
4 1474 1490 1491 1475
4 1361 1379 1521 1502
4 1362 1503 1522 1380
4 1361 1502 1503 1362
4 1521 1379 1380 1522
4 1361 1362 1380 1379
4 1502 1521 1522 1503
4 1362 1380 1522 1503
4 1363 1504 1523 1381
4 1362 1503 1504 1363
4 1522 1380 1381 1523
4 1362 1363 1381 1380
4 1503 1522 1523 1504
4 1364 1382 1524 1505
4 1365 1506 1525 1383
4 1364 1505 1506 1365
4 1524 1382 1383 1525
4 1364 1365 1383 1382
4 1505 1524 1525 1506
4 1365 1383 1525 1506
4 1366 1507 1526 1384
4 1365 1506 1507 1366
4 1525 1383 1384 1526
4 1365 1366 1384 1383
4 1506 1525 1526 1507
4 1366 1384 1526 1507
4 1367 1508 1527 1385
4 1366 1507 1508 1367
4 1526 1384 1385 1527
4 1366 1367 1385 1384
4 1507 1526 1527 1508
4 1367 1385 1527 1508
4 1368 1509 1528 1386
4 1367 1508 1509 1368
4 1527 1385 1386 1528
4 1367 1368 1386 1385
4 1508 1527 1528 1509
4 1368 1386 1528 1509
4 1369 1510 1529 1387
4 1368 1509 1510 1369
4 1528 1386 1387 1529
4 1368 1369 1387 1386
4 1509 1528 1529 1510
4 1369 1387 1529 1510
4 1370 1511 1530 1388
4 1369 1510 1511 1370
4 1529 1387 1388 1530
4 1369 1370 1388 1387
4 1510 1529 1530 1511
4 1371 1389 1532 1512
4 1372 1513 1533 1390
4 1371 1512 1513 1372
4 1532 1389 1390 1533
4 1371 1372 1390 1389
4 1512 1532 1533 1513
4 1372 1390 1533 1513
4 1373 1514 1534 1391
4 1372 1513 1514 1373
4 1533 1390 1391 1534
4 1372 1373 1391 1390
4 1513 1533 1534 1514
4 1373 1391 1534 1514
4 1374 1515 1535 1392
4 1373 1514 1515 1374
4 1534 1391 1392 1535
4 1373 1374 1392 1391
4 1514 1534 1535 1515
4 1374 1392 1535 1515
4 1375 1516 1536 1393
4 1374 1515 1516 1375
4 1535 1392 1393 1536
4 1374 1375 1393 1392
4 1515 1535 1536 1516
4 1377 1395 1540 1519
4 1378 1520 1541 1396
4 1377 1519 1520 1378
4 1540 1395 1396 1541
4 1377 1378 1396 1395
4 1519 1540 1541 1520
4 1378 1396 1541 1520
4 1379 1521 1542 1397
4 1378 1520 1521 1379
4 1541 1396 1397 1542
4 1378 1379 1397 1396
4 1520 1541 1542 1521
4 1379 1397 1542 1521
4 1380 1522 1543 1398
4 1379 1521 1522 1380
4 1542 1397 1398 1543
4 1379 1380 1398 1397
4 1521 1542 1543 1522
4 1381 1399 1544 1523
4 1382 1524 1545 1400
4 1381 1523 1524 1382
4 1544 1399 1400 1545
4 1381 1382 1400 1399
4 1523 1544 1545 1524
4 1382 1400 1545 1524
4 1383 1525 1546 1401
4 1382 1524 1525 1383
4 1545 1400 1401 1546
4 1382 1383 1401 1400
4 1524 1545 1546 1525
4 1383 1401 1546 1525
4 1384 1526 1547 1402
4 1383 1525 1526 1384
4 1546 1401 1402 1547
4 1383 1384 1402 1401
4 1525 1546 1547 1526
4 1384 1402 1547 1526
4 1385 1527 1548 1403
4 1384 1526 1527 1385
4 1547 1402 1403 1548
4 1384 1385 1403 1402
4 1526 1547 1548 1527
4 1385 1403 1548 1527
4 1386 1528 1549 1404
4 1385 1527 1528 1386
4 1548 1403 1404 1549
4 1385 1386 1404 1403
4 1527 1548 1549 1528
4 1386 1404 1549 1528
4 1387 1529 1550 1405
4 1386 1528 1529 1387
4 1549 1404 1405 1550
4 1386 1387 1405 1404
4 1528 1549 1550 1529
4 1387 1405 1550 1529
4 1388 1530 1551 1406
4 1387 1529 1530 1388
4 1550 1405 1406 1551
4 1387 1388 1406 1405
4 1529 1550 1551 1530
4 1389 1407 1553 1532
4 1390 1533 1554 1408
4 1389 1532 1533 1390
4 1553 1407 1408 1554
4 1389 1390 1408 1407
4 1532 1553 1554 1533
4 1390 1408 1554 1533
4 1391 1534 1555 1409
4 1390 1533 1534 1391
4 1554 1408 1409 1555
4 1390 1391 1409 1408
4 1533 1554 1555 1534
4 1391 1409 1555 1534
4 1392 1535 1556 1410
4 1391 1534 1535 1392
4 1555 1409 1410 1556
4 1391 1392 1410 1409
4 1534 1555 1556 1535
4 1392 1410 1556 1535
4 1393 1536 1557 1411
4 1392 1535 1536 1393
4 1556 1410 1411 1557
4 1392 1393 1411 1410
4 1535 1556 1557 1536
4 1395 1413 1561 1540
4 1396 1541 1562 1414
4 1395 1540 1541 1396
4 1561 1413 1414 1562
4 1395 1396 1414 1413
4 1540 1561 1562 1541
4 1396 1414 1562 1541
4 1397 1542 1563 1415
4 1396 1541 1542 1397
4 1562 1414 1415 1563
4 1396 1397 1415 1414
4 1541 1562 1563 1542
4 1397 1415 1563 1542
4 1398 1543 1564 1416
4 1397 1542 1543 1398
4 1563 1415 1416 1564
4 1397 1398 1416 1415
4 1542 1563 1564 1543
4 1398 1416 1564 1543
4 1399 1544 1565 1417
4 1398 1543 1544 1399
4 1564 1416 1417 1565
4 1398 1399 1417 1416
4 1543 1564 1565 1544
4 1399 1417 1565 1544
4 1400 1545 1566 1418
4 1399 1544 1545 1400
4 1565 1417 1418 1566
4 1399 1400 1418 1417
4 1544 1565 1566 1545
4 1405 1423 1568 1550
4 1406 1551 1569 1424
4 1405 1550 1551 1406
4 1568 1423 1424 1569
4 1405 1406 1424 1423
4 1550 1568 1569 1551
4 1407 1426 1571 1553
4 1408 1554 1572 1427
4 1407 1553 1554 1408
4 1571 1426 1427 1572
4 1407 1408 1427 1426
4 1553 1571 1572 1554
4 1409 1428 1573 1555
4 1410 1556 1574 1429
4 1409 1555 1556 1410
4 1573 1428 1429 1574
4 1409 1410 1429 1428
4 1555 1573 1574 1556
4 1410 1429 1574 1556
4 1411 1557 1575 1430
4 1410 1556 1557 1411
4 1574 1429 1430 1575
4 1410 1411 1430 1429
4 1556 1574 1575 1557
4 1413 1432 1579 1561
4 1414 1562 1580 1433
4 1413 1561 1562 1414
4 1579 1432 1433 1580
4 1413 1414 1433 1432
4 1561 1579 1580 1562
4 1414 1433 1580 1562
4 1415 1563 1581 1434
4 1414 1562 1563 1415
4 1580 1433 1434 1581
4 1414 1415 1434 1433
4 1562 1580 1581 1563
4 1423 1442 1587 1568
4 1424 1569 1588 1443
4 1423 1568 1569 1424
4 1587 1442 1443 1588
4 1423 1424 1443 1442
4 1568 1587 1588 1569
4 1426 1445 1590 1571
4 1427 1572 1591 1446
4 1426 1571 1572 1427
4 1590 1445 1446 1591
4 1426 1427 1446 1445
4 1571 1590 1591 1572
4 1427 1446 1591 1572
4 1428 1573 1592 1447
4 1427 1572 1573 1428
4 1591 1446 1447 1592
4 1427 1428 1447 1446
4 1572 1591 1592 1573
4 1429 1448 1593 1574
4 1430 1575 1594 1449
4 1429 1574 1575 1430
4 1593 1448 1449 1594
4 1429 1430 1449 1448
4 1574 1593 1594 1575
4 1432 1451 1598 1579
4 1433 1580 1599 1452
4 1432 1579 1580 1433
4 1598 1451 1452 1599
4 1432 1433 1452 1451
4 1579 1598 1599 1580
4 1433 1452 1599 1580
4 1434 1581 1600 1453
4 1433 1580 1581 1434
4 1599 1452 1453 1600
4 1433 1434 1453 1452
4 1580 1599 1600 1581
4 1434 1453 1600 1581
4 1435 1582 1601 1454
4 1434 1581 1582 1435
4 1600 1453 1454 1601
4 1434 1435 1454 1453
4 1581 1600 1601 1582
4 1435 1454 1601 1582
4 1436 1583 1602 1455
4 1435 1582 1583 1436
4 1601 1454 1455 1602
4 1435 1436 1455 1454
4 1582 1601 1602 1583
4 1436 1455 1602 1583
4 1437 1584 1603 1456
4 1436 1583 1584 1437
4 1602 1455 1456 1603
4 1436 1437 1456 1455
4 1583 1602 1603 1584
4 1441 1460 1607 1586
4 1442 1587 1608 1461
4 1441 1586 1587 1442
4 1607 1460 1461 1608
4 1441 1442 1461 1460
4 1586 1607 1608 1587
4 1442 1461 1608 1587
4 1443 1588 1609 1462
4 1442 1587 1588 1443
4 1608 1461 1462 1609
4 1442 1443 1462 1461
4 1587 1608 1609 1588
4 1445 1463 1610 1590
4 1446 1591 1611 1464
4 1445 1590 1591 1446
4 1610 1463 1464 1611
4 1445 1446 1464 1463
4 1590 1610 1611 1591
4 1446 1464 1611 1591
4 1447 1592 1612 1465
4 1446 1591 1592 1447
4 1611 1464 1465 1612
4 1446 1447 1465 1464
4 1591 1611 1612 1592
4 1447 1465 1612 1592
4 1448 1593 1613 1466
4 1447 1592 1593 1448
4 1612 1465 1466 1613
4 1447 1448 1466 1465
4 1592 1612 1613 1593
4 1448 1466 1613 1593
4 1449 1594 1614 1467
4 1448 1593 1594 1449
4 1613 1466 1467 1614
4 1448 1449 1467 1466
4 1593 1613 1614 1594
4 1451 1469 1615 1598
4 1452 1599 1616 1470
4 1451 1598 1599 1452
4 1615 1469 1470 1616
4 1451 1452 1470 1469
4 1598 1615 1616 1599
4 1452 1470 1616 1599
4 1453 1600 1617 1471
4 1452 1599 1600 1453
4 1616 1470 1471 1617
4 1452 1453 1471 1470
4 1599 1616 1617 1600
4 1453 1471 1617 1600
4 1454 1601 1618 1472
4 1453 1600 1601 1454
4 1617 1471 1472 1618
4 1453 1454 1472 1471
4 1600 1617 1618 1601
4 1454 1472 1618 1601
4 1455 1602 1619 1473
4 1454 1601 1602 1455
4 1618 1472 1473 1619
4 1454 1455 1473 1472
4 1601 1618 1619 1602
4 1455 1473 1619 1602
4 1456 1603 1620 1474
4 1455 1602 1603 1456
4 1619 1473 1474 1620
4 1455 1456 1474 1473
4 1602 1619 1620 1603
4 1456 1474 1620 1603
4 1457 1604 1621 1475
4 1456 1603 1604 1457
4 1620 1474 1475 1621
4 1456 1457 1475 1474
4 1603 1620 1621 1604
4 1457 1475 1621 1604
4 1458 1605 1622 1476
4 1457 1604 1605 1458
4 1621 1475 1476 1622
4 1457 1458 1476 1475
4 1604 1621 1622 1605
4 1459 1477 1623 1606
4 1460 1607 1624 1478
4 1459 1606 1607 1460
4 1623 1477 1478 1624
4 1459 1460 1478 1477
4 1606 1623 1624 1607
4 1460 1478 1624 1607
4 1461 1608 1625 1479
4 1460 1607 1608 1461
4 1624 1478 1479 1625
4 1460 1461 1479 1478
4 1607 1624 1625 1608
4 1461 1479 1625 1608
4 1462 1609 1626 1480
4 1461 1608 1609 1462
4 1625 1479 1480 1626
4 1461 1462 1480 1479
4 1608 1625 1626 1609
4 1464 1481 1628 1611
4 1465 1612 1629 1482
4 1464 1611 1612 1465
4 1628 1481 1482 1629
4 1464 1465 1482 1481
4 1611 1628 1629 1612
4 1465 1482 1629 1612
4 1466 1613 1630 1483
4 1465 1612 1613 1466
4 1629 1482 1483 1630
4 1465 1466 1483 1482
4 1612 1629 1630 1613
4 1471 1487 1632 1617
4 1472 1618 1633 1488
4 1471 1617 1618 1472
4 1632 1487 1488 1633
4 1471 1472 1488 1487
4 1617 1632 1633 1618
4 1473 1489 1634 1619
4 1474 1620 1635 1490
4 1473 1619 1620 1474
4 1634 1489 1490 1635
4 1473 1474 1490 1489
4 1619 1634 1635 1620
4 1474 1490 1635 1620
4 1475 1621 1636 1491
4 1474 1620 1621 1475
4 1635 1490 1491 1636
4 1474 1475 1491 1490
4 1620 1635 1636 1621
4 1475 1491 1636 1621
4 1476 1622 1637 1492
4 1475 1621 1622 1476
4 1636 1491 1492 1637
4 1475 1476 1492 1491
4 1621 1636 1637 1622
4 1476 1492 1637 1622
4 1477 1623 1638 1493
4 1476 1622 1623 1477
4 1637 1492 1493 1638
4 1476 1477 1493 1492
4 1622 1637 1638 1623
4 1477 1493 1638 1623
4 1478 1624 1639 1494
4 1477 1623 1624 1478
4 1638 1493 1494 1639
4 1477 1478 1494 1493
4 1623 1638 1639 1624
4 1478 1494 1639 1624
4 1479 1625 1640 1495
4 1478 1624 1625 1479
4 1639 1494 1495 1640
4 1478 1479 1495 1494
4 1624 1639 1640 1625
4 1479 1495 1640 1625
4 1480 1626 1641 1496
4 1479 1625 1626 1480
4 1640 1495 1496 1641
4 1479 1480 1496 1495
4 1625 1640 1641 1626
4 1497 1512 1656 1642
4 1498 1643 1657 1513
4 1497 1642 1643 1498
4 1656 1512 1513 1657
4 1497 1498 1513 1512
4 1642 1656 1657 1643
4 1498 1513 1657 1643
4 1499 1644 1658 1514
4 1498 1643 1644 1499
4 1657 1513 1514 1658
4 1498 1499 1514 1513
4 1643 1657 1658 1644
4 1499 1514 1658 1644
4 1500 1645 1659 1515
4 1499 1644 1645 1500
4 1658 1514 1515 1659
4 1499 1500 1515 1514
4 1644 1658 1659 1645
4 1500 1515 1659 1645
4 1501 1646 1660 1516
4 1500 1645 1646 1501
4 1659 1515 1516 1660
4 1500 1501 1516 1515
4 1645 1659 1660 1646
4 1503 1522 1663 1647
4 1504 1648 1664 1523
4 1503 1647 1648 1504
4 1663 1522 1523 1664
4 1503 1504 1523 1522
4 1647 1663 1664 1648
4 1504 1523 1664 1648
4 1505 1649 1665 1524
4 1504 1648 1649 1505
4 1664 1523 1524 1665
4 1504 1505 1524 1523
4 1648 1664 1665 1649
4 1505 1524 1665 1649
4 1506 1650 1666 1525
4 1505 1649 1650 1506
4 1665 1524 1525 1666
4 1505 1506 1525 1524
4 1649 1665 1666 1650
4 1506 1525 1666 1650
4 1507 1651 1667 1526
4 1506 1650 1651 1507
4 1666 1525 1526 1667
4 1506 1507 1526 1525
4 1650 1666 1667 1651
4 1507 1526 1667 1651
4 1508 1652 1668 1527
4 1507 1651 1652 1508
4 1667 1526 1527 1668
4 1507 1508 1527 1526
4 1651 1667 1668 1652
4 1508 1527 1668 1652
4 1509 1653 1669 1528
4 1508 1652 1653 1509
4 1668 1527 1528 1669
4 1508 1509 1528 1527
4 1652 1668 1669 1653
4 1509 1528 1669 1653
4 1510 1654 1670 1529
4 1509 1653 1654 1510
4 1669 1528 1529 1670
4 1509 1510 1529 1528
4 1653 1669 1670 1654
4 1510 1529 1670 1654
4 1511 1655 1671 1530
4 1510 1654 1655 1511
4 1670 1529 1530 1671
4 1510 1511 1530 1529
4 1654 1670 1671 1655
4 1512 1532 1673 1656
4 1513 1657 1674 1533
4 1512 1656 1657 1513
4 1673 1532 1533 1674
4 1512 1513 1533 1532
4 1656 1673 1674 1657
4 1513 1533 1674 1657
4 1514 1658 1675 1534
4 1513 1657 1658 1514
4 1674 1533 1534 1675
4 1513 1514 1534 1533
4 1657 1674 1675 1658
4 1515 1535 1676 1659
4 1516 1660 1677 1536
4 1515 1659 1660 1516
4 1676 1535 1536 1677
4 1515 1516 1536 1535
4 1659 1676 1677 1660
4 1517 1538 1679 1661
4 1518 1662 1680 1539
4 1517 1661 1662 1518
4 1679 1538 1539 1680
4 1517 1518 1539 1538
4 1661 1679 1680 1662
4 1522 1543 1681 1663
4 1523 1664 1682 1544
4 1522 1663 1664 1523
4 1681 1543 1544 1682
4 1522 1523 1544 1543
4 1663 1681 1682 1664
4 1523 1544 1682 1664
4 1524 1665 1683 1545
4 1523 1664 1665 1524
4 1682 1544 1545 1683
4 1523 1524 1545 1544
4 1664 1682 1683 1665
4 1524 1545 1683 1665
4 1525 1666 1684 1546
4 1524 1665 1666 1525
4 1683 1545 1546 1684
4 1524 1525 1546 1545
4 1665 1683 1684 1666
4 1525 1546 1684 1666
4 1526 1667 1685 1547
4 1525 1666 1667 1526
4 1684 1546 1547 1685
4 1525 1526 1547 1546
4 1666 1684 1685 1667
4 1528 1549 1687 1669
4 1529 1670 1688 1550
4 1528 1669 1670 1529
4 1687 1549 1550 1688
4 1528 1529 1550 1549
4 1669 1687 1688 1670
4 1529 1550 1688 1670
4 1530 1671 1689 1551
4 1529 1670 1671 1530
4 1688 1550 1551 1689
4 1529 1530 1551 1550
4 1670 1688 1689 1671
4 1531 1552 1690 1672
4 1532 1673 1691 1553
4 1531 1672 1673 1532
4 1690 1552 1553 1691
4 1531 1532 1553 1552
4 1672 1690 1691 1673
4 1532 1553 1691 1673
4 1533 1674 1692 1554
4 1532 1673 1674 1533
4 1691 1553 1554 1692
4 1532 1533 1554 1553
4 1673 1691 1692 1674
4 1535 1556 1693 1676
4 1536 1677 1694 1557
4 1535 1676 1677 1536
4 1693 1556 1557 1694
4 1535 1536 1557 1556
4 1676 1693 1694 1677
4 1536 1557 1694 1677
4 1537 1678 1695 1558
4 1536 1677 1678 1537
4 1694 1557 1558 1695
4 1536 1537 1558 1557
4 1677 1694 1695 1678
4 1538 1559 1696 1679
4 1539 1680 1697 1560
4 1538 1679 1680 1539
4 1696 1559 1560 1697
4 1538 1539 1560 1559
4 1679 1696 1697 1680
4 1543 1564 1698 1681
4 1544 1682 1699 1565
4 1543 1681 1682 1544
4 1698 1564 1565 1699
4 1543 1544 1565 1564
4 1681 1698 1699 1682
4 1544 1565 1699 1682
4 1545 1683 1700 1566
4 1544 1682 1683 1545
4 1699 1565 1566 1700
4 1544 1545 1566 1565
4 1682 1699 1700 1683
4 1545 1566 1700 1683
4 1546 1684 1701 1567
4 1545 1683 1684 1546
4 1700 1566 1567 1701
4 1545 1546 1567 1566
4 1683 1700 1701 1684
4 1550 1568 1703 1688
4 1551 1689 1704 1569
4 1550 1688 1689 1551
4 1703 1568 1569 1704
4 1550 1551 1569 1568
4 1688 1703 1704 1689
4 1552 1570 1705 1690
4 1553 1691 1706 1571
4 1552 1690 1691 1553
4 1705 1570 1571 1706
4 1552 1553 1571 1570
4 1690 1705 1706 1691
4 1556 1574 1708 1693
4 1557 1694 1709 1575
4 1556 1693 1694 1557
4 1708 1574 1575 1709
4 1556 1557 1575 1574
4 1693 1708 1709 1694
4 1557 1575 1709 1694
4 1558 1695 1710 1576
4 1557 1694 1695 1558
4 1709 1575 1576 1710
4 1557 1558 1576 1575
4 1694 1709 1710 1695
4 1559 1577 1711 1696
4 1560 1697 1712 1578
4 1559 1696 1697 1560
4 1711 1577 1578 1712
4 1559 1560 1578 1577
4 1696 1711 1712 1697
4 1564 1582 1713 1698
4 1565 1699 1714 1583
4 1564 1698 1699 1565
4 1713 1582 1583 1714
4 1564 1565 1583 1582
4 1698 1713 1714 1699
4 1565 1583 1714 1699
4 1566 1700 1715 1584
4 1565 1699 1700 1566
4 1714 1583 1584 1715
4 1565 1566 1584 1583
4 1699 1714 1715 1700
4 1566 1584 1715 1700
4 1567 1701 1716 1585
4 1566 1700 1701 1567
4 1715 1584 1585 1716
4 1566 1567 1585 1584
4 1700 1715 1716 1701
4 1570 1589 1722 1705
4 1571 1706 1723 1590
4 1570 1705 1706 1571
4 1722 1589 1590 1723
4 1570 1571 1590 1589
4 1705 1722 1723 1706
4 1571 1590 1723 1706
4 1572 1707 1724 1591
4 1571 1706 1707 1572
4 1723 1590 1591 1724
4 1571 1572 1591 1590
4 1706 1723 1724 1707
4 1574 1593 1726 1708
4 1575 1709 1727 1594
4 1574 1708 1709 1575
4 1726 1593 1594 1727
4 1574 1575 1594 1593
4 1708 1726 1727 1709
4 1575 1594 1727 1709
4 1576 1710 1728 1595
4 1575 1709 1710 1576
4 1727 1594 1595 1728
4 1575 1576 1595 1594
4 1709 1727 1728 1710
4 1577 1596 1729 1711
4 1578 1712 1730 1597
4 1577 1711 1712 1578
4 1729 1596 1597 1730
4 1577 1578 1597 1596
4 1711 1729 1730 1712
4 1582 1601 1731 1713
4 1583 1714 1732 1602
4 1582 1713 1714 1583
4 1731 1601 1602 1732
4 1582 1583 1602 1601
4 1713 1731 1732 1714
4 1583 1602 1732 1714
4 1584 1715 1733 1603
4 1583 1714 1715 1584
4 1732 1602 1603 1733
4 1583 1584 1603 1602
4 1714 1732 1733 1715
4 1584 1603 1733 1715
4 1585 1716 1734 1604
4 1584 1715 1716 1585
4 1733 1603 1604 1734
4 1584 1585 1604 1603
4 1715 1733 1734 1716
4 1587 1608 1738 1720
4 1588 1721 1739 1609
4 1587 1720 1721 1588
4 1738 1608 1609 1739
4 1587 1588 1609 1608
4 1720 1738 1739 1721
4 1590 1610 1740 1723
4 1591 1724 1741 1611
4 1590 1723 1724 1591
4 1740 1610 1611 1741
4 1590 1591 1611 1610
4 1723 1740 1741 1724
4 1591 1611 1741 1724
4 1592 1725 1742 1612
4 1591 1724 1725 1592
4 1741 1611 1612 1742
4 1591 1592 1612 1611
4 1724 1741 1742 1725
4 1592 1612 1742 1725
4 1593 1726 1743 1613
4 1592 1725 1726 1593
4 1742 1612 1613 1743
4 1592 1593 1613 1612
4 1725 1742 1743 1726
4 1593 1613 1743 1726
4 1594 1727 1744 1614
4 1593 1726 1727 1594
4 1743 1613 1614 1744
4 1593 1594 1614 1613
4 1726 1743 1744 1727
4 1601 1618 1745 1731
4 1602 1732 1746 1619
4 1601 1731 1732 1602
4 1745 1618 1619 1746
4 1601 1602 1619 1618
4 1731 1745 1746 1732
4 1602 1619 1746 1732
4 1603 1733 1747 1620
4 1602 1732 1733 1603
4 1746 1619 1620 1747
4 1602 1603 1620 1619
4 1732 1746 1747 1733
4 1603 1620 1747 1733
4 1604 1734 1748 1621
4 1603 1733 1734 1604
4 1747 1620 1621 1748
4 1603 1604 1621 1620
4 1733 1747 1748 1734
4 1604 1621 1748 1734
4 1605 1735 1749 1622
4 1604 1734 1735 1605
4 1748 1621 1622 1749
4 1604 1605 1622 1621
4 1734 1748 1749 1735
4 1607 1624 1751 1737
4 1608 1738 1752 1625
4 1607 1737 1738 1608
4 1751 1624 1625 1752
4 1607 1608 1625 1624
4 1737 1751 1752 1738
4 1608 1625 1752 1738
4 1609 1739 1753 1626
4 1608 1738 1739 1609
4 1752 1625 1626 1753
4 1608 1609 1626 1625
4 1738 1752 1753 1739
4 1610 1627 1754 1740
4 1611 1741 1755 1628
4 1610 1740 1741 1611
4 1754 1627 1628 1755
4 1610 1611 1628 1627
4 1740 1754 1755 1741
4 1611 1628 1755 1741
4 1612 1742 1756 1629
4 1611 1741 1742 1612
4 1755 1628 1629 1756
4 1611 1612 1629 1628
4 1741 1755 1756 1742
4 1612 1629 1756 1742
4 1613 1743 1757 1630
4 1612 1742 1743 1613
4 1756 1629 1630 1757
4 1612 1613 1630 1629
4 1742 1756 1757 1743
4 1613 1630 1757 1743
4 1614 1744 1758 1631
4 1613 1743 1744 1614
4 1757 1630 1631 1758
4 1613 1614 1631 1630
4 1743 1757 1758 1744
4 1618 1633 1759 1745
4 1619 1746 1760 1634
4 1618 1745 1746 1619
4 1759 1633 1634 1760
4 1618 1619 1634 1633
4 1745 1759 1760 1746
4 1619 1634 1760 1746
4 1620 1747 1761 1635
4 1619 1746 1747 1620
4 1760 1634 1635 1761
4 1619 1620 1635 1634
4 1746 1760 1761 1747
4 1620 1635 1761 1747
4 1621 1748 1762 1636
4 1620 1747 1748 1621
4 1761 1635 1636 1762
4 1620 1621 1636 1635
4 1747 1761 1762 1748
4 1621 1636 1762 1748
4 1622 1749 1763 1637
4 1621 1748 1749 1622
4 1762 1636 1637 1763
4 1621 1622 1637 1636
4 1748 1762 1763 1749
4 1622 1637 1763 1749
4 1623 1750 1764 1638
4 1622 1749 1750 1623
4 1763 1637 1638 1764
4 1622 1623 1638 1637
4 1749 1763 1764 1750
4 1623 1638 1764 1750
4 1624 1751 1765 1639
4 1623 1750 1751 1624
4 1764 1638 1639 1765
4 1623 1624 1639 1638
4 1750 1764 1765 1751
4 1624 1639 1765 1751
4 1625 1752 1766 1640
4 1624 1751 1752 1625
4 1765 1639 1640 1766
4 1624 1625 1640 1639
4 1751 1765 1766 1752
4 1625 1640 1766 1752
4 1626 1753 1767 1641
4 1625 1752 1753 1626
4 1766 1640 1641 1767
4 1625 1626 1641 1640
4 1752 1766 1767 1753
4 1643 1657 1778 1768
4 1644 1769 1779 1658
4 1643 1768 1769 1644
4 1778 1657 1658 1779
4 1643 1644 1658 1657
4 1768 1778 1779 1769
4 1644 1658 1779 1769
4 1645 1770 1780 1659
4 1644 1769 1770 1645
4 1779 1658 1659 1780
4 1644 1645 1659 1658
4 1769 1779 1780 1770
4 1645 1659 1780 1770
4 1646 1771 1781 1660
4 1645 1770 1771 1646
4 1780 1659 1660 1781
4 1645 1646 1660 1659
4 1770 1780 1781 1771
4 1650 1666 1784 1772
4 1651 1773 1785 1667
4 1650 1772 1773 1651
4 1784 1666 1667 1785
4 1650 1651 1667 1666
4 1772 1784 1785 1773
4 1651 1667 1785 1773
4 1652 1774 1786 1668
4 1651 1773 1774 1652
4 1785 1667 1668 1786
4 1651 1652 1668 1667
4 1773 1785 1786 1774
4 1652 1668 1786 1774
4 1653 1775 1787 1669
4 1652 1774 1775 1653
4 1786 1668 1669 1787
4 1652 1653 1669 1668
4 1774 1786 1787 1775
4 1653 1669 1787 1775
4 1654 1776 1788 1670
4 1653 1775 1776 1654
4 1787 1669 1670 1788
4 1653 1654 1670 1669
4 1775 1787 1788 1776
4 1656 1673 1791 1777
4 1657 1778 1792 1674
4 1656 1777 1778 1657
4 1791 1673 1674 1792
4 1656 1657 1674 1673
4 1777 1791 1792 1778
4 1657 1674 1792 1778
4 1658 1779 1793 1675
4 1657 1778 1779 1658
4 1792 1674 1675 1793
4 1657 1658 1675 1674
4 1778 1792 1793 1779
4 1659 1676 1794 1780
4 1660 1781 1795 1677
4 1659 1780 1781 1660
4 1794 1676 1677 1795
4 1659 1660 1677 1676
4 1780 1794 1795 1781
4 1665 1683 1799 1783
4 1666 1784 1800 1684
4 1665 1783 1784 1666
4 1799 1683 1684 1800
4 1665 1666 1684 1683
4 1783 1799 1800 1784
4 1666 1684 1800 1784
4 1667 1785 1801 1685
4 1666 1784 1785 1667
4 1800 1684 1685 1801
4 1666 1667 1685 1684
4 1784 1800 1801 1785
4 1667 1685 1801 1785
4 1668 1786 1802 1686
4 1667 1785 1786 1668
4 1801 1685 1686 1802
4 1667 1668 1686 1685
4 1785 1801 1802 1786
4 1668 1686 1802 1786
4 1669 1787 1803 1687
4 1668 1786 1787 1669
4 1802 1686 1687 1803
4 1668 1669 1687 1686
4 1786 1802 1803 1787
4 1669 1687 1803 1787
4 1670 1788 1804 1688
4 1669 1787 1788 1670
4 1803 1687 1688 1804
4 1669 1670 1688 1687
4 1787 1803 1804 1788
4 1670 1688 1804 1788
4 1671 1789 1805 1689
4 1670 1788 1789 1671
4 1804 1688 1689 1805
4 1670 1671 1689 1688
4 1788 1804 1805 1789
4 1672 1690 1806 1790
4 1673 1791 1807 1691
4 1672 1790 1791 1673
4 1806 1690 1691 1807
4 1672 1673 1691 1690
4 1790 1806 1807 1791
4 1673 1691 1807 1791
4 1674 1792 1808 1692
4 1673 1791 1792 1674
4 1807 1691 1692 1808
4 1673 1674 1692 1691
4 1791 1807 1808 1792
4 1676 1693 1810 1794
4 1677 1795 1811 1694
4 1676 1794 1795 1677
4 1810 1693 1694 1811
4 1676 1677 1694 1693
4 1794 1810 1811 1795
4 1677 1694 1811 1795
4 1678 1796 1812 1695
4 1677 1795 1796 1678
4 1811 1694 1695 1812
4 1677 1678 1695 1694
4 1795 1811 1812 1796
4 1679 1696 1813 1797
4 1680 1798 1814 1697
4 1679 1797 1798 1680
4 1813 1696 1697 1814
4 1679 1680 1697 1696
4 1797 1813 1814 1798
4 1683 1700 1815 1799
4 1684 1800 1816 1701
4 1683 1799 1800 1684
4 1815 1700 1701 1816
4 1683 1684 1701 1700
4 1799 1815 1816 1800
4 1684 1701 1816 1800
4 1685 1801 1817 1702
4 1684 1800 1801 1685
4 1816 1701 1702 1817
4 1684 1685 1702 1701
4 1800 1816 1817 1801
4 1688 1703 1820 1804
4 1689 1805 1821 1704
4 1688 1804 1805 1689
4 1820 1703 1704 1821
4 1688 1689 1704 1703
4 1804 1820 1821 1805
4 1690 1705 1822 1806
4 1691 1807 1823 1706
4 1690 1806 1807 1691
4 1822 1705 1706 1823
4 1690 1691 1706 1705
4 1806 1822 1823 1807
4 1691 1706 1823 1807
4 1692 1808 1824 1707
4 1691 1807 1808 1692
4 1823 1706 1707 1824
4 1691 1692 1707 1706
4 1807 1823 1824 1808
4 1693 1708 1826 1810
4 1694 1811 1827 1709
4 1693 1810 1811 1694
4 1826 1708 1709 1827
4 1693 1694 1709 1708
4 1810 1826 1827 1811
4 1694 1709 1827 1811
4 1695 1812 1828 1710
4 1694 1811 1812 1695
4 1827 1709 1710 1828
4 1694 1695 1710 1709
4 1811 1827 1828 1812
4 1696 1711 1829 1813
4 1697 1814 1830 1712
4 1696 1813 1814 1697
4 1829 1711 1712 1830
4 1696 1697 1712 1711
4 1813 1829 1830 1814
4 1700 1715 1831 1815
4 1701 1816 1832 1716
4 1700 1815 1816 1701
4 1831 1715 1716 1832
4 1700 1701 1716 1715
4 1815 1831 1832 1816
4 1701 1716 1832 1816
4 1702 1817 1833 1717
4 1701 1816 1817 1702
4 1832 1716 1717 1833
4 1701 1702 1717 1716
4 1816 1832 1833 1817
4 1703 1720 1836 1820
4 1704 1821 1837 1721
4 1703 1820 1821 1704
4 1836 1720 1721 1837
4 1703 1704 1721 1720
4 1820 1836 1837 1821
4 1705 1722 1838 1822
4 1706 1823 1839 1723
4 1705 1822 1823 1706
4 1838 1722 1723 1839
4 1705 1706 1723 1722
4 1822 1838 1839 1823
4 1706 1723 1839 1823
4 1707 1824 1840 1724
4 1706 1823 1824 1707
4 1839 1723 1724 1840
4 1706 1707 1724 1723
4 1823 1839 1840 1824
4 1708 1726 1842 1826
4 1709 1827 1843 1727
4 1708 1826 1827 1709
4 1842 1726 1727 1843
4 1708 1709 1727 1726
4 1826 1842 1843 1827
4 1709 1727 1843 1827
4 1710 1828 1844 1728
4 1709 1827 1828 1710
4 1843 1727 1728 1844
4 1709 1710 1728 1727
4 1827 1843 1844 1828
4 1711 1729 1845 1829
4 1712 1830 1846 1730
4 1711 1829 1830 1712
4 1845 1729 1730 1846
4 1711 1712 1730 1729
4 1829 1845 1846 1830
4 1715 1733 1847 1831
4 1716 1832 1848 1734
4 1715 1831 1832 1716
4 1847 1733 1734 1848
4 1715 1716 1734 1733
4 1831 1847 1848 1832
4 1716 1734 1848 1832
4 1717 1833 1849 1735
4 1716 1832 1833 1717
4 1848 1734 1735 1849
4 1716 1717 1735 1734
4 1832 1848 1849 1833
4 1717 1735 1849 1833
4 1718 1834 1850 1736
4 1717 1833 1834 1718
4 1849 1735 1736 1850
4 1717 1718 1736 1735
4 1833 1849 1850 1834
4 1719 1737 1851 1835
4 1720 1836 1852 1738
4 1719 1835 1836 1720
4 1851 1737 1738 1852
4 1719 1720 1738 1737
4 1835 1851 1852 1836
4 1720 1738 1852 1836
4 1721 1837 1853 1739
4 1720 1836 1837 1721
4 1852 1738 1739 1853
4 1720 1721 1739 1738
4 1836 1852 1853 1837
4 1723 1740 1854 1839
4 1724 1840 1855 1741
4 1723 1839 1840 1724
4 1854 1740 1741 1855
4 1723 1724 1741 1740
4 1839 1854 1855 1840
4 1726 1743 1857 1842
4 1727 1843 1858 1744
4 1726 1842 1843 1727
4 1857 1743 1744 1858
4 1726 1727 1744 1743
4 1842 1857 1858 1843
4 1733 1747 1859 1847
4 1734 1848 1860 1748
4 1733 1847 1848 1734
4 1859 1747 1748 1860
4 1733 1734 1748 1747
4 1847 1859 1860 1848
4 1734 1748 1860 1848
4 1735 1849 1861 1749
4 1734 1848 1849 1735
4 1860 1748 1749 1861
4 1734 1735 1749 1748
4 1848 1860 1861 1849
4 1735 1749 1861 1849
4 1736 1850 1862 1750
4 1735 1849 1850 1736
4 1861 1749 1750 1862
4 1735 1736 1750 1749
4 1849 1861 1862 1850
4 1736 1750 1862 1850
4 1737 1851 1863 1751
4 1736 1850 1851 1737
4 1862 1750 1751 1863
4 1736 1737 1751 1750
4 1850 1862 1863 1851
4 1737 1751 1863 1851
4 1738 1852 1864 1752
4 1737 1851 1852 1738
4 1863 1751 1752 1864
4 1737 1738 1752 1751
4 1851 1863 1864 1852
4 1738 1752 1864 1852
4 1739 1853 1865 1753
4 1738 1852 1853 1739
4 1864 1752 1753 1865
4 1738 1739 1753 1752
4 1852 1864 1865 1853
4 1740 1754 1866 1854
4 1741 1855 1867 1755
4 1740 1854 1855 1741
4 1866 1754 1755 1867
4 1740 1741 1755 1754
4 1854 1866 1867 1855
4 1741 1755 1867 1855
4 1742 1856 1868 1756
4 1741 1855 1856 1742
4 1867 1755 1756 1868
4 1741 1742 1756 1755
4 1855 1867 1868 1856
4 1742 1756 1868 1856
4 1743 1857 1869 1757
4 1742 1856 1857 1743
4 1868 1756 1757 1869
4 1742 1743 1757 1756
4 1856 1868 1869 1857
4 1743 1757 1869 1857
4 1744 1858 1870 1758
4 1743 1857 1858 1744
4 1869 1757 1758 1870
4 1743 1744 1758 1757
4 1857 1869 1870 1858
4 1748 1762 1871 1860
4 1749 1861 1872 1763
4 1748 1860 1861 1749
4 1871 1762 1763 1872
4 1748 1749 1763 1762
4 1860 1871 1872 1861
4 1749 1763 1872 1861
4 1750 1862 1873 1764
4 1749 1861 1862 1750
4 1872 1763 1764 1873
4 1749 1750 1764 1763
4 1861 1872 1873 1862
4 1750 1764 1873 1862
4 1751 1863 1874 1765
4 1750 1862 1863 1751
4 1873 1764 1765 1874
4 1750 1751 1765 1764
4 1862 1873 1874 1863
4 1751 1765 1874 1863
4 1752 1864 1875 1766
4 1751 1863 1864 1752
4 1874 1765 1766 1875
4 1751 1752 1766 1765
4 1863 1874 1875 1864
4 1768 1778 1881 1876
4 1769 1877 1882 1779
4 1768 1876 1877 1769
4 1881 1778 1779 1882
4 1768 1769 1779 1778
4 1876 1881 1882 1877
4 1769 1779 1882 1877
4 1770 1878 1883 1780
4 1769 1877 1878 1770
4 1882 1779 1780 1883
4 1769 1770 1780 1779
4 1877 1882 1883 1878
4 1770 1780 1883 1878
4 1771 1879 1884 1781
4 1770 1878 1879 1771
4 1883 1780 1781 1884
4 1770 1771 1781 1780
4 1878 1883 1884 1879
4 1777 1791 1891 1880
4 1778 1881 1892 1792
4 1777 1880 1881 1778
4 1891 1791 1792 1892
4 1777 1778 1792 1791
4 1880 1891 1892 1881
4 1778 1792 1892 1881
4 1779 1882 1893 1793
4 1778 1881 1882 1779
4 1892 1792 1793 1893
4 1778 1779 1793 1792
4 1881 1892 1893 1882
4 1779 1793 1893 1882
4 1780 1883 1894 1794
4 1779 1882 1883 1780
4 1893 1793 1794 1894
4 1779 1780 1794 1793
4 1882 1893 1894 1883
4 1780 1794 1894 1883
4 1781 1884 1895 1795
4 1780 1883 1884 1781
4 1894 1794 1795 1895
4 1780 1781 1795 1794
4 1883 1894 1895 1884
4 1781 1795 1895 1884
4 1782 1885 1896 1796
4 1781 1884 1885 1782
4 1895 1795 1796 1896
4 1781 1782 1796 1795
4 1884 1895 1896 1885
4 1785 1801 1900 1886
4 1786 1887 1901 1802
4 1785 1886 1887 1786
4 1900 1801 1802 1901
4 1785 1786 1802 1801
4 1886 1900 1901 1887
4 1786 1802 1901 1887
4 1787 1888 1902 1803
4 1786 1887 1888 1787
4 1901 1802 1803 1902
4 1786 1787 1803 1802
4 1887 1901 1902 1888
4 1787 1803 1902 1888
4 1788 1889 1903 1804
4 1787 1888 1889 1788
4 1902 1803 1804 1903
4 1787 1788 1804 1803
4 1888 1902 1903 1889
4 1788 1804 1903 1889
4 1789 1890 1904 1805
4 1788 1889 1890 1789
4 1903 1804 1805 1904
4 1788 1789 1805 1804
4 1889 1903 1904 1890
4 1791 1807 1905 1891
4 1792 1892 1906 1808
4 1791 1891 1892 1792
4 1905 1807 1808 1906
4 1791 1792 1808 1807
4 1891 1905 1906 1892
4 1792 1808 1906 1892
4 1793 1893 1907 1809
4 1792 1892 1893 1793
4 1906 1808 1809 1907
4 1792 1793 1809 1808
4 1892 1906 1907 1893
4 1794 1810 1908 1894
4 1795 1895 1909 1811
4 1794 1894 1895 1795
4 1908 1810 1811 1909
4 1794 1795 1811 1810
4 1894 1908 1909 1895
4 1795 1811 1909 1895
4 1796 1896 1910 1812
4 1795 1895 1896 1796
4 1909 1811 1812 1910
4 1795 1796 1812 1811
4 1895 1909 1910 1896
4 1797 1813 1911 1897
4 1798 1898 1912 1814
4 1797 1897 1898 1798
4 1911 1813 1814 1912
4 1797 1798 1814 1813
4 1897 1911 1912 1898
4 1800 1816 1913 1899
4 1801 1900 1914 1817
4 1800 1899 1900 1801
4 1913 1816 1817 1914
4 1800 1801 1817 1816
4 1899 1913 1914 1900
4 1801 1817 1914 1900
4 1802 1901 1915 1818
4 1801 1900 1901 1802
4 1914 1817 1818 1915
4 1801 1802 1818 1817
4 1900 1914 1915 1901
4 1802 1818 1915 1901
4 1803 1902 1916 1819
4 1802 1901 1902 1803
4 1915 1818 1819 1916
4 1802 1803 1819 1818
4 1901 1915 1916 1902
4 1803 1819 1916 1902
4 1804 1903 1917 1820
4 1803 1902 1903 1804
4 1916 1819 1820 1917
4 1803 1804 1820 1819
4 1902 1916 1917 1903
4 1804 1820 1917 1903
4 1805 1904 1918 1821
4 1804 1903 1904 1805
4 1917 1820 1821 1918
4 1804 1805 1821 1820
4 1903 1917 1918 1904
4 1807 1823 1919 1905
4 1808 1906 1920 1824
4 1807 1905 1906 1808
4 1919 1823 1824 1920
4 1807 1808 1824 1823
4 1905 1919 1920 1906
4 1813 1829 1925 1911
4 1814 1912 1926 1830
4 1813 1911 1912 1814
4 1925 1829 1830 1926
4 1813 1814 1830 1829
4 1911 1925 1926 1912
4 1816 1832 1927 1913
4 1817 1914 1928 1833
4 1816 1913 1914 1817
4 1927 1832 1833 1928
4 1816 1817 1833 1832
4 1913 1927 1928 1914
4 1817 1833 1928 1914
4 1818 1915 1929 1834
4 1817 1914 1915 1818
4 1928 1833 1834 1929
4 1817 1818 1834 1833
4 1914 1928 1929 1915
4 1818 1834 1929 1915
4 1819 1916 1930 1835
4 1818 1915 1916 1819
4 1929 1834 1835 1930
4 1818 1819 1835 1834
4 1915 1929 1930 1916
4 1819 1835 1930 1916
4 1820 1917 1931 1836
4 1819 1916 1917 1820
4 1930 1835 1836 1931
4 1819 1820 1836 1835
4 1916 1930 1931 1917
4 1820 1836 1931 1917
4 1821 1918 1932 1837
4 1820 1917 1918 1821
4 1931 1836 1837 1932
4 1820 1821 1837 1836
4 1917 1931 1932 1918
4 1823 1839 1933 1919
4 1824 1920 1934 1840
4 1823 1919 1920 1824
4 1933 1839 1840 1934
4 1823 1824 1840 1839
4 1919 1933 1934 1920
4 1824 1840 1934 1920
4 1825 1921 1935 1841
4 1824 1920 1921 1825
4 1934 1840 1841 1935
4 1824 1825 1841 1840
4 1920 1934 1935 1921
4 1825 1841 1935 1921
4 1826 1922 1936 1842
4 1825 1921 1922 1826
4 1935 1841 1842 1936
4 1825 1826 1842 1841
4 1921 1935 1936 1922
4 1826 1842 1936 1922
4 1827 1923 1937 1843
4 1826 1922 1923 1827
4 1936 1842 1843 1937
4 1826 1827 1843 1842
4 1922 1936 1937 1923
4 1829 1845 1939 1925
4 1830 1926 1940 1846
4 1829 1925 1926 1830
4 1939 1845 1846 1940
4 1829 1830 1846 1845
4 1925 1939 1940 1926
4 1832 1848 1941 1927
4 1833 1928 1942 1849
4 1832 1927 1928 1833
4 1941 1848 1849 1942
4 1832 1833 1849 1848
4 1927 1941 1942 1928
4 1833 1849 1942 1928
4 1834 1929 1943 1850
4 1833 1928 1929 1834
4 1942 1849 1850 1943
4 1833 1834 1850 1849
4 1928 1942 1943 1929
4 1834 1850 1943 1929
4 1835 1930 1944 1851
4 1834 1929 1930 1835
4 1943 1850 1851 1944
4 1834 1835 1851 1850
4 1929 1943 1944 1930
4 1835 1851 1944 1930
4 1836 1931 1945 1852
4 1835 1930 1931 1836
4 1944 1851 1852 1945
4 1835 1836 1852 1851
4 1930 1944 1945 1931
4 1836 1852 1945 1931
4 1837 1932 1946 1853
4 1836 1931 1932 1837
4 1945 1852 1853 1946
4 1836 1837 1853 1852
4 1931 1945 1946 1932
4 1839 1854 1947 1933
4 1840 1934 1948 1855
4 1839 1933 1934 1840
4 1947 1854 1855 1948
4 1839 1840 1855 1854
4 1933 1947 1948 1934
4 1840 1855 1948 1934
4 1841 1935 1949 1856
4 1840 1934 1935 1841
4 1948 1855 1856 1949
4 1840 1841 1856 1855
4 1934 1948 1949 1935
4 1841 1856 1949 1935
4 1842 1936 1950 1857
4 1841 1935 1936 1842
4 1949 1856 1857 1950
4 1841 1842 1857 1856
4 1935 1949 1950 1936
4 1842 1857 1950 1936
4 1843 1937 1951 1858
4 1842 1936 1937 1843
4 1950 1857 1858 1951
4 1842 1843 1858 1857
4 1936 1950 1951 1937
4 1849 1861 1955 1942
4 1850 1943 1956 1862
4 1849 1942 1943 1850
4 1955 1861 1862 1956
4 1849 1850 1862 1861
4 1942 1955 1956 1943
4 1850 1862 1956 1943
4 1851 1944 1957 1863
4 1850 1943 1944 1851
4 1956 1862 1863 1957
4 1850 1851 1863 1862
4 1943 1956 1957 1944
4 1851 1863 1957 1944
4 1852 1945 1958 1864
4 1851 1944 1945 1852
4 1957 1863 1864 1958
4 1851 1852 1864 1863
4 1944 1957 1958 1945
4 1854 1866 1959 1947
4 1855 1948 1960 1867
4 1854 1947 1948 1855
4 1959 1866 1867 1960
4 1854 1855 1867 1866
4 1947 1959 1960 1948
4 1855 1867 1960 1948
4 1856 1949 1961 1868
4 1855 1948 1949 1856
4 1960 1867 1868 1961
4 1855 1856 1868 1867
4 1948 1960 1961 1949
4 1856 1868 1961 1949
4 1857 1950 1962 1869
4 1856 1949 1950 1857
4 1961 1868 1869 1962
4 1856 1857 1869 1868
4 1949 1961 1962 1950
4 1857 1869 1962 1950
4 1858 1951 1963 1870
4 1857 1950 1951 1858
4 1962 1869 1870 1963
4 1857 1858 1870 1869
4 1950 1962 1963 1951
4 1877 1882 1968 1964
4 1878 1965 1969 1883
4 1877 1964 1965 1878
4 1968 1882 1883 1969
4 1877 1878 1883 1882
4 1964 1968 1969 1965
4 1878 1883 1969 1965
4 1879 1966 1970 1884
4 1878 1965 1966 1879
4 1969 1883 1884 1970
4 1878 1879 1884 1883
4 1965 1969 1970 1966
4 1881 1892 1973 1967
4 1882 1968 1974 1893
4 1881 1967 1968 1882
4 1973 1892 1893 1974
4 1881 1882 1893 1892
4 1967 1973 1974 1968
4 1882 1893 1974 1968
4 1883 1969 1975 1894
4 1882 1968 1969 1883
4 1974 1893 1894 1975
4 1882 1883 1894 1893
4 1968 1974 1975 1969
4 1883 1894 1975 1969
4 1884 1970 1976 1895
4 1883 1969 1970 1884
4 1975 1894 1895 1976
4 1883 1884 1895 1894
4 1969 1975 1976 1970
4 1884 1895 1976 1970
4 1885 1971 1977 1896
4 1884 1970 1971 1885
4 1976 1895 1896 1977
4 1884 1885 1896 1895
4 1970 1976 1977 1971
4 1891 1905 1981 1972
4 1892 1973 1982 1906
4 1891 1972 1973 1892
4 1981 1905 1906 1982
4 1891 1892 1906 1905
4 1972 1981 1982 1973
4 1892 1906 1982 1973
4 1893 1974 1983 1907
4 1892 1973 1974 1893
4 1982 1906 1907 1983
4 1892 1893 1907 1906
4 1973 1982 1983 1974
4 1893 1907 1983 1974
4 1894 1975 1984 1908
4 1893 1974 1975 1894
4 1983 1907 1908 1984
4 1893 1894 1908 1907
4 1974 1983 1984 1975
4 1894 1908 1984 1975
4 1895 1976 1985 1909
4 1894 1975 1976 1895
4 1984 1908 1909 1985
4 1894 1895 1909 1908
4 1975 1984 1985 1976
4 1895 1909 1985 1976
4 1896 1977 1986 1910
4 1895 1976 1977 1896
4 1985 1909 1910 1986
4 1895 1896 1910 1909
4 1976 1985 1986 1977
4 1897 1911 1988 1979
4 1898 1980 1989 1912
4 1897 1979 1980 1898
4 1988 1911 1912 1989
4 1897 1898 1912 1911
4 1979 1988 1989 1980
4 1905 1919 1990 1981
4 1906 1982 1991 1920
4 1905 1981 1982 1906
4 1990 1919 1920 1991
4 1905 1906 1920 1919
4 1981 1990 1991 1982
4 1906 1920 1991 1982
4 1907 1983 1992 1921
4 1906 1982 1983 1907
4 1991 1920 1921 1992
4 1906 1907 1921 1920
4 1982 1991 1992 1983
4 1907 1921 1992 1983
4 1908 1984 1993 1922
4 1907 1983 1984 1908
4 1992 1921 1922 1993
4 1907 1908 1922 1921
4 1983 1992 1993 1984
4 1908 1922 1993 1984
4 1909 1985 1994 1923
4 1908 1984 1985 1909
4 1993 1922 1923 1994
4 1908 1909 1923 1922
4 1984 1993 1994 1985
4 1909 1923 1994 1985
4 1910 1986 1995 1924
4 1909 1985 1986 1910
4 1994 1923 1924 1995
4 1909 1910 1924 1923
4 1985 1994 1995 1986
4 1911 1925 1997 1988
4 1912 1989 1998 1926
4 1911 1988 1989 1912
4 1997 1925 1926 1998
4 1911 1912 1926 1925
4 1988 1997 1998 1989
4 1919 1933 1999 1990
4 1920 1991 2000 1934
4 1919 1990 1991 1920
4 1999 1933 1934 2000
4 1919 1920 1934 1933
4 1990 1999 2000 1991
4 1920 1934 2000 1991
4 1921 1992 2001 1935
4 1920 1991 1992 1921
4 2000 1934 1935 2001
4 1920 1921 1935 1934
4 1991 2000 2001 1992
4 1921 1935 2001 1992
4 1922 1993 2002 1936
4 1921 1992 1993 1922
4 2001 1935 1936 2002
4 1921 1922 1936 1935
4 1992 2001 2002 1993
4 1922 1936 2002 1993
4 1923 1994 2003 1937
4 1922 1993 1994 1923
4 2002 1936 1937 2003
4 1922 1923 1937 1936
4 1993 2002 2003 1994
4 1923 1937 2003 1994
4 1924 1995 2004 1938
4 1923 1994 1995 1924
4 2003 1937 1938 2004
4 1923 1924 1938 1937
4 1994 2003 2004 1995
4 1934 1948 2008 2000
4 1935 2001 2009 1949
4 1934 2000 2001 1935
4 2008 1948 1949 2009
4 1934 1935 1949 1948
4 2000 2008 2009 2001
4 1935 1949 2009 2001
4 1936 2002 2010 1950
4 1935 2001 2002 1936
4 2009 1949 1950 2010
4 1935 1936 1950 1949
4 2001 2009 2010 2002
4 1936 1950 2010 2002
4 1937 2003 2011 1951
4 1936 2002 2003 1937
4 2010 1950 1951 2011
4 1936 1937 1951 1950
4 2002 2010 2011 2003
4 1937 1951 2011 2003
4 1938 2004 2012 1952
4 1937 2003 2004 1938
4 2011 1951 1952 2012
4 1937 1938 1952 1951
4 2003 2011 2012 2004
4 1939 1953 2014 2006
4 1940 2007 2015 1954
4 1939 2006 2007 1940
4 2014 1953 1954 2015
4 1939 1940 1954 1953
4 2006 2014 2015 2007
4 1950 1962 2016 2010
4 1951 2011 2017 1963
4 1950 2010 2011 1951
4 2016 1962 1963 2017
4 1950 1951 1963 1962
4 2010 2016 2017 2011
4 1969 1975 2023 2018
4 1970 2019 2024 1976
4 1969 2018 2019 1970
4 2023 1975 1976 2024
4 1969 1970 1976 1975
4 2018 2023 2024 2019
4 1970 1976 2024 2019
4 1971 2020 2025 1977
4 1970 2019 2020 1971
4 2024 1976 1977 2025
4 1970 1971 1977 1976
4 2019 2024 2025 2020
4 1973 1982 2027 2021
4 1974 2022 2028 1983
4 1973 2021 2022 1974
4 2027 1982 1983 2028
4 1973 1974 1983 1982
4 2021 2027 2028 2022
4 1974 1983 2028 2022
4 1975 2023 2029 1984
4 1974 2022 2023 1975
4 2028 1983 1984 2029
4 1974 1975 1984 1983
4 2022 2028 2029 2023
4 1975 1984 2029 2023
4 1976 2024 2030 1985
4 1975 2023 2024 1976
4 2029 1984 1985 2030
4 1975 1976 1985 1984
4 2023 2029 2030 2024
4 1976 1985 2030 2024
4 1977 2025 2031 1986
4 1976 2024 2025 1977
4 2030 1985 1986 2031
4 1976 1977 1986 1985
4 2024 2030 2031 2025
4 1977 1986 2031 2025
4 1978 2026 2032 1987
4 1977 2025 2026 1978
4 2031 1986 1987 2032
4 1977 1978 1987 1986
4 2025 2031 2032 2026
4 1983 1992 2033 2028
4 1984 2029 2034 1993
4 1983 2028 2029 1984
4 2033 1992 1993 2034
4 1983 1984 1993 1992
4 2028 2033 2034 2029
4 1984 1993 2034 2029
4 1985 2030 2035 1994
4 1984 2029 2030 1985
4 2034 1993 1994 2035
4 1984 1985 1994 1993
4 2029 2034 2035 2030
4 1985 1994 2035 2030
4 1986 2031 2036 1995
4 1985 2030 2031 1986
4 2035 1994 1995 2036
4 1985 1986 1995 1994
4 2030 2035 2036 2031
4 1986 1995 2036 2031
4 1987 2032 2037 1996
4 1986 2031 2032 1987
4 2036 1995 1996 2037
4 1986 1987 1996 1995
4 2031 2036 2037 2032
4 1992 2001 2038 2033
4 1993 2034 2039 2002
4 1992 2033 2034 1993
4 2038 2001 2002 2039
4 1992 1993 2002 2001
4 2033 2038 2039 2034
4 1993 2002 2039 2034
4 1994 2035 2040 2003
4 1993 2034 2035 1994
4 2039 2002 2003 2040
4 1993 1994 2003 2002
4 2034 2039 2040 2035
4 1994 2003 2040 2035
4 1995 2036 2041 2004
4 1994 2035 2036 1995
4 2040 2003 2004 2041
4 1994 1995 2004 2003
4 2035 2040 2041 2036
4 1995 2004 2041 2036
4 1996 2037 2042 2005
4 1995 2036 2037 1996
4 2041 2004 2005 2042
4 1995 1996 2005 2004
4 2036 2041 2042 2037
4 2002 2010 2043 2039
4 2003 2040 2044 2011
4 2002 2039 2040 2003
4 2043 2010 2011 2044
4 2002 2003 2011 2010
4 2039 2043 2044 2040
4 2003 2011 2044 2040
4 2004 2041 2045 2012
4 2003 2040 2041 2004
4 2044 2011 2012 2045
4 2003 2004 2012 2011
4 2040 2044 2045 2041
4 2004 2012 2045 2041
4 2005 2042 2046 2013
4 2004 2041 2042 2005
4 2045 2012 2013 2046
4 2004 2005 2013 2012
4 2041 2045 2046 2042
