ply
format ascii 1.0
element vertex 1941
property float x
property float y
property float z
element face 5916
property list uchar int vertex_indices
end_header
-0.525000 -0.150000 -0.675000
-0.525000 -0.150000 -0.600000
-0.525000 -0.150000 -0.525000
-0.525000 -0.150000 -0.375000
-0.525000 -0.150000 -0.300000
-0.525000 -0.150000 -0.225000
-0.525000 -0.075000 -0.675000
-0.525000 -0.075000 -0.600000
-0.525000 -0.075000 -0.525000
-0.525000 -0.075000 -0.450000
-0.525000 -0.075000 -0.375000
-0.525000 -0.075000 -0.300000
-0.525000 -0.075000 -0.225000
-0.525000 -0.075000 -0.150000
-0.525000 -0.075000 -0.075000
-0.525000 0.000000 -0.675000
-0.525000 0.000000 -0.600000
-0.525000 0.000000 -0.525000
-0.525000 0.000000 -0.450000
-0.525000 0.000000 -0.375000
-0.525000 0.000000 -0.300000
-0.525000 0.000000 -0.225000
-0.525000 0.000000 -0.150000
-0.525000 0.000000 -0.075000
-0.525000 0.075000 -0.675000
-0.525000 0.075000 -0.600000
-0.525000 0.075000 -0.525000
-0.525000 0.075000 -0.450000
-0.525000 0.075000 -0.375000
-0.525000 0.075000 -0.300000
-0.525000 0.075000 -0.225000
-0.525000 0.075000 -0.150000
-0.450000 -0.300000 -0.675000
-0.450000 -0.300000 -0.600000
-0.450000 -0.300000 -0.525000
-0.450000 -0.300000 -0.450000
-0.450000 -0.300000 -0.375000
-0.450000 -0.300000 -0.300000
-0.450000 -0.300000 -0.225000
-0.450000 -0.300000 -0.150000
-0.450000 -0.225000 -0.750000
-0.450000 -0.225000 -0.675000
-0.450000 -0.225000 -0.600000
-0.450000 -0.225000 -0.525000
-0.450000 -0.225000 -0.450000
-0.450000 -0.225000 -0.375000
-0.450000 -0.225000 -0.300000
-0.450000 -0.225000 -0.225000
-0.450000 -0.225000 -0.150000
-0.450000 -0.225000 -0.075000
-0.450000 -0.225000 0.000000
-0.450000 -0.150000 -0.750000
-0.450000 -0.150000 -0.675000
-0.450000 -0.150000 -0.600000
-0.450000 -0.150000 -0.525000
-0.450000 -0.150000 -0.450000
-0.450000 -0.150000 -0.375000
-0.450000 -0.150000 -0.300000
-0.450000 -0.150000 -0.225000
-0.450000 -0.150000 -0.150000
-0.450000 -0.150000 -0.075000
-0.450000 -0.150000 0.000000
-0.450000 -0.150000 0.075000
-0.450000 -0.075000 -0.750000
-0.450000 -0.075000 -0.675000
-0.450000 -0.075000 -0.600000
-0.450000 -0.075000 -0.525000
-0.450000 -0.075000 -0.450000
-0.450000 -0.075000 -0.375000
-0.450000 -0.075000 -0.300000
-0.450000 -0.075000 -0.225000
-0.450000 -0.075000 -0.150000
-0.450000 -0.075000 -0.075000
-0.450000 -0.075000 0.000000
-0.450000 -0.075000 0.075000
-0.450000 0.000000 -0.750000
-0.450000 0.000000 -0.675000
-0.450000 0.000000 -0.600000
-0.450000 0.000000 -0.525000
-0.450000 0.000000 -0.450000
-0.450000 0.000000 -0.375000
-0.450000 0.000000 -0.300000
-0.450000 0.000000 -0.225000
-0.450000 0.000000 -0.150000
-0.450000 0.000000 -0.075000
-0.450000 0.000000 0.000000
-0.450000 0.000000 0.075000
-0.450000 0.075000 -0.750000
-0.450000 0.075000 -0.675000
-0.450000 0.075000 -0.600000
-0.450000 0.075000 -0.525000
-0.450000 0.075000 -0.450000
-0.450000 0.075000 -0.375000
-0.450000 0.075000 -0.300000
-0.450000 0.075000 -0.225000
-0.450000 0.075000 -0.150000
-0.450000 0.075000 -0.075000
-0.450000 0.075000 0.000000
-0.450000 0.075000 0.075000
-0.450000 0.150000 -0.750000
-0.450000 0.150000 -0.675000
-0.450000 0.150000 -0.600000
-0.450000 0.150000 -0.525000
-0.450000 0.150000 -0.450000
-0.450000 0.150000 -0.375000
-0.450000 0.150000 -0.300000
-0.450000 0.150000 -0.225000
-0.450000 0.150000 -0.150000
-0.450000 0.150000 -0.075000
-0.450000 0.150000 0.000000
-0.450000 0.150000 0.075000
-0.450000 0.225000 -0.675000
-0.450000 0.225000 -0.600000
-0.450000 0.225000 -0.525000
-0.450000 0.225000 -0.450000
-0.450000 0.225000 -0.375000
-0.450000 0.225000 -0.300000
-0.450000 0.225000 -0.225000
-0.450000 0.225000 -0.150000
-0.375000 -0.300000 -0.750000
-0.375000 -0.300000 -0.675000
-0.375000 -0.300000 -0.600000
-0.375000 -0.300000 -0.525000
-0.375000 -0.300000 -0.450000
-0.375000 -0.300000 -0.375000
-0.375000 -0.300000 -0.300000
-0.375000 -0.300000 -0.225000
-0.375000 -0.300000 -0.150000
-0.375000 -0.300000 -0.075000
-0.375000 -0.300000 0.000000
-0.375000 -0.300000 0.075000
-0.375000 -0.225000 -0.825000
-0.375000 -0.225000 -0.750000
-0.375000 -0.225000 -0.675000
-0.375000 -0.225000 -0.600000
-0.375000 -0.225000 -0.525000
-0.375000 -0.225000 -0.450000
-0.375000 -0.225000 -0.375000
-0.375000 -0.225000 -0.300000
-0.375000 -0.225000 -0.225000
-0.375000 -0.225000 -0.150000
-0.375000 -0.225000 -0.075000
-0.375000 -0.225000 0.000000
-0.375000 -0.225000 0.075000
-0.375000 -0.225000 0.150000
-0.375000 -0.150000 -0.825000
-0.375000 -0.150000 -0.750000
-0.375000 -0.150000 -0.675000
-0.375000 -0.150000 -0.600000
-0.375000 -0.150000 -0.525000
-0.375000 -0.150000 -0.450000
-0.375000 -0.150000 -0.375000
-0.375000 -0.150000 -0.300000
-0.375000 -0.150000 -0.225000
-0.375000 -0.150000 -0.150000
-0.375000 -0.150000 -0.075000
-0.375000 -0.150000 0.000000
-0.375000 -0.150000 0.075000
-0.375000 -0.150000 0.150000
-0.375000 -0.150000 0.225000
-0.375000 -0.075000 -0.825000
-0.375000 -0.075000 -0.750000
-0.375000 -0.075000 -0.675000
-0.375000 -0.075000 -0.600000
-0.375000 -0.075000 -0.525000
-0.375000 -0.075000 -0.450000
-0.375000 -0.075000 -0.375000
-0.375000 -0.075000 -0.300000
-0.375000 -0.075000 -0.225000
-0.375000 -0.075000 -0.150000
-0.375000 -0.075000 -0.075000
-0.375000 -0.075000 0.000000
-0.375000 -0.075000 0.075000
-0.375000 -0.075000 0.150000
-0.375000 -0.075000 0.225000
-0.375000 0.000000 -0.825000
-0.375000 0.000000 -0.750000
-0.375000 0.000000 -0.675000
-0.375000 0.000000 -0.600000
-0.375000 0.000000 -0.525000
-0.375000 0.000000 -0.450000
-0.375000 0.000000 -0.375000
-0.375000 0.000000 -0.300000
-0.375000 0.000000 -0.225000
-0.375000 0.000000 -0.150000
-0.375000 0.000000 -0.075000
-0.375000 0.000000 0.000000
-0.375000 0.000000 0.075000
-0.375000 0.000000 0.150000
-0.375000 0.000000 0.225000
-0.375000 0.075000 -0.825000
-0.375000 0.075000 -0.750000
-0.375000 0.075000 -0.675000
-0.375000 0.075000 -0.600000
-0.375000 0.075000 -0.525000
-0.375000 0.075000 -0.450000
-0.375000 0.075000 -0.375000
-0.375000 0.075000 -0.300000
-0.375000 0.075000 -0.225000
-0.375000 0.075000 -0.150000
-0.375000 0.075000 -0.075000
-0.375000 0.075000 0.000000
-0.375000 0.075000 0.075000
-0.375000 0.075000 0.150000
-0.375000 0.075000 0.225000
-0.375000 0.150000 -0.825000
-0.375000 0.150000 -0.750000
-0.375000 0.150000 -0.675000
-0.375000 0.150000 -0.600000
-0.375000 0.150000 -0.525000
-0.375000 0.150000 -0.450000
-0.375000 0.150000 -0.375000
-0.375000 0.150000 -0.300000
-0.375000 0.150000 -0.225000
-0.375000 0.150000 -0.150000
-0.375000 0.150000 -0.075000
-0.375000 0.150000 0.000000
-0.375000 0.150000 0.075000
-0.375000 0.150000 0.150000
-0.375000 0.150000 0.225000
-0.375000 0.225000 -0.750000
-0.375000 0.225000 -0.675000
-0.375000 0.225000 -0.600000
-0.375000 0.225000 -0.525000
-0.375000 0.225000 -0.450000
-0.375000 0.225000 -0.375000
-0.375000 0.225000 -0.300000
-0.375000 0.225000 -0.225000
-0.375000 0.225000 -0.150000
-0.375000 0.225000 -0.075000
-0.375000 0.225000 0.000000
-0.375000 0.225000 0.075000
-0.300000 -0.300000 -0.750000
-0.300000 -0.300000 -0.675000
-0.300000 -0.300000 -0.600000
-0.300000 -0.300000 -0.525000
-0.300000 -0.300000 -0.450000
-0.300000 -0.300000 -0.375000
-0.300000 -0.300000 -0.300000
-0.300000 -0.300000 -0.225000
-0.300000 -0.300000 -0.150000
-0.300000 -0.300000 -0.075000
-0.300000 -0.300000 0.000000
-0.300000 -0.300000 0.075000
-0.300000 -0.300000 0.150000
-0.300000 -0.300000 0.225000
-0.300000 -0.225000 -0.825000
-0.300000 -0.225000 -0.750000
-0.300000 -0.225000 -0.675000
-0.300000 -0.225000 -0.600000
-0.300000 -0.225000 -0.525000
-0.300000 -0.225000 -0.450000
-0.300000 -0.225000 -0.375000
-0.300000 -0.225000 -0.300000
-0.300000 -0.225000 -0.225000
-0.300000 -0.225000 -0.150000
-0.300000 -0.225000 -0.075000
-0.300000 -0.225000 0.000000
-0.300000 -0.225000 0.075000
-0.300000 -0.225000 0.150000
-0.300000 -0.225000 0.225000
-0.300000 -0.225000 0.300000
-0.300000 -0.150000 -0.825000
-0.300000 -0.150000 -0.750000
-0.300000 -0.150000 -0.675000
-0.300000 -0.150000 -0.600000
-0.300000 -0.150000 -0.525000
-0.300000 -0.150000 -0.450000
-0.300000 -0.150000 -0.375000
-0.300000 -0.150000 -0.300000
-0.300000 -0.150000 -0.225000
-0.300000 -0.150000 -0.150000
-0.300000 -0.150000 -0.075000
-0.300000 -0.150000 0.000000
-0.300000 -0.150000 0.075000
-0.300000 -0.150000 0.150000
-0.300000 -0.150000 0.225000
-0.300000 -0.150000 0.300000
-0.300000 -0.150000 0.375000
-0.300000 -0.075000 -0.825000
-0.300000 -0.075000 -0.750000
-0.300000 -0.075000 -0.675000
-0.300000 -0.075000 -0.075000
-0.300000 -0.075000 0.000000
-0.300000 -0.075000 0.075000
-0.300000 -0.075000 0.150000
-0.300000 -0.075000 0.225000
-0.300000 -0.075000 0.300000
-0.300000 -0.075000 0.375000
-0.300000 0.000000 -0.825000
-0.300000 0.000000 -0.750000
-0.300000 0.000000 -0.675000
-0.300000 0.000000 0.000000
-0.300000 0.000000 0.075000
-0.300000 0.000000 0.150000
-0.300000 0.000000 0.225000
-0.300000 0.000000 0.300000
-0.300000 0.000000 0.375000
-0.300000 0.075000 -0.825000
-0.300000 0.075000 -0.750000
-0.300000 0.075000 -0.675000
-0.300000 0.075000 -0.600000
-0.300000 0.075000 -0.525000
-0.300000 0.075000 -0.450000
-0.300000 0.075000 -0.375000
-0.300000 0.075000 -0.300000
-0.300000 0.075000 -0.225000
-0.300000 0.075000 -0.150000
-0.300000 0.075000 -0.075000
-0.300000 0.075000 0.000000
-0.300000 0.075000 0.075000
-0.300000 0.075000 0.150000
-0.300000 0.075000 0.225000
-0.300000 0.075000 0.300000
-0.300000 0.150000 -0.825000
-0.300000 0.150000 -0.750000
-0.300000 0.150000 -0.675000
-0.300000 0.150000 -0.600000
-0.300000 0.150000 -0.525000
-0.300000 0.150000 -0.450000
-0.300000 0.150000 -0.375000
-0.300000 0.150000 -0.300000
-0.300000 0.150000 -0.225000
-0.300000 0.150000 -0.150000
-0.300000 0.150000 -0.075000
-0.300000 0.150000 0.000000
-0.300000 0.150000 0.075000
-0.300000 0.150000 0.150000
-0.300000 0.150000 0.225000
-0.300000 0.150000 0.300000
-0.300000 0.225000 -0.750000
-0.300000 0.225000 -0.675000
-0.300000 0.225000 -0.600000
-0.300000 0.225000 -0.525000
-0.300000 0.225000 -0.450000
-0.300000 0.225000 -0.375000
-0.300000 0.225000 -0.300000
-0.300000 0.225000 -0.225000
-0.300000 0.225000 -0.150000
-0.300000 0.225000 -0.075000
-0.300000 0.225000 0.000000
-0.300000 0.225000 0.075000
-0.300000 0.225000 0.150000
-0.300000 0.225000 0.225000
-0.225000 -0.300000 -0.825000
-0.225000 -0.300000 -0.750000
-0.225000 -0.300000 -0.675000
-0.225000 -0.300000 -0.600000
-0.225000 -0.300000 -0.525000
-0.225000 -0.300000 -0.450000
-0.225000 -0.300000 -0.375000
-0.225000 -0.300000 -0.300000
-0.225000 -0.300000 -0.225000
-0.225000 -0.300000 -0.150000
-0.225000 -0.300000 -0.075000
-0.225000 -0.300000 0.000000
-0.225000 -0.300000 0.075000
-0.225000 -0.300000 0.150000
-0.225000 -0.300000 0.225000
-0.225000 -0.300000 0.300000
-0.225000 -0.225000 -0.825000
-0.225000 -0.225000 -0.750000
-0.225000 -0.225000 -0.675000
-0.225000 -0.225000 -0.600000
-0.225000 -0.225000 -0.525000
-0.225000 -0.225000 -0.450000
-0.225000 -0.225000 -0.375000
-0.225000 -0.225000 -0.300000
-0.225000 -0.225000 -0.225000
-0.225000 -0.225000 -0.150000
-0.225000 -0.225000 -0.075000
-0.225000 -0.225000 0.000000
-0.225000 -0.225000 0.075000
-0.225000 -0.225000 0.150000
-0.225000 -0.225000 0.225000
-0.225000 -0.225000 0.300000
-0.225000 -0.225000 0.375000
-0.225000 -0.150000 -0.825000
-0.225000 -0.150000 -0.750000
-0.225000 -0.150000 -0.675000
-0.225000 -0.150000 -0.600000
-0.225000 -0.150000 -0.525000
-0.225000 -0.150000 -0.450000
-0.225000 -0.150000 -0.375000
-0.225000 -0.150000 -0.300000
-0.225000 -0.150000 -0.225000
-0.225000 -0.150000 -0.150000
-0.225000 -0.150000 -0.075000
-0.225000 -0.150000 0.000000
-0.225000 -0.150000 0.075000
-0.225000 -0.150000 0.150000
-0.225000 -0.150000 0.225000
-0.225000 -0.150000 0.300000
-0.225000 -0.150000 0.375000
-0.225000 -0.150000 0.450000
-0.225000 -0.075000 -0.825000
-0.225000 -0.075000 -0.750000
-0.225000 -0.075000 -0.525000
-0.225000 -0.075000 -0.450000
-0.225000 -0.075000 -0.375000
-0.225000 -0.075000 -0.300000
-0.225000 -0.075000 -0.225000
-0.225000 -0.075000 -0.150000
-0.225000 -0.075000 -0.075000
-0.225000 -0.075000 0.075000
-0.225000 -0.075000 0.150000
-0.225000 -0.075000 0.225000
-0.225000 -0.075000 0.300000
-0.225000 -0.075000 0.375000
-0.225000 -0.075000 0.450000
-0.225000 0.000000 -0.825000
-0.225000 0.000000 -0.750000
-0.225000 0.000000 -0.675000
-0.225000 0.000000 -0.600000
-0.225000 0.000000 -0.525000
-0.225000 0.000000 -0.450000
-0.225000 0.000000 -0.375000
-0.225000 0.000000 -0.300000
-0.225000 0.000000 -0.225000
-0.225000 0.000000 -0.150000
-0.225000 0.000000 -0.075000
-0.225000 0.000000 0.150000
-0.225000 0.000000 0.225000
-0.225000 0.000000 0.300000
-0.225000 0.000000 0.375000
-0.225000 0.000000 0.450000
-0.225000 0.075000 -0.825000
-0.225000 0.075000 -0.750000
-0.225000 0.075000 -0.675000
-0.225000 0.075000 -0.600000
-0.225000 0.075000 -0.525000
-0.225000 0.075000 -0.450000
-0.225000 0.075000 -0.375000
-0.225000 0.075000 -0.300000
-0.225000 0.075000 -0.225000
-0.225000 0.075000 -0.150000
-0.225000 0.075000 -0.075000
-0.225000 0.075000 0.000000
-0.225000 0.075000 0.075000
-0.225000 0.075000 0.150000
-0.225000 0.075000 0.225000
-0.225000 0.075000 0.300000
-0.225000 0.075000 0.375000
-0.225000 0.075000 0.450000
-0.225000 0.150000 -0.825000
-0.225000 0.150000 -0.750000
-0.225000 0.150000 -0.675000
-0.225000 0.150000 -0.600000
-0.225000 0.150000 -0.525000
-0.225000 0.150000 -0.450000
-0.225000 0.150000 -0.375000
-0.225000 0.150000 -0.300000
-0.225000 0.150000 -0.225000
-0.225000 0.150000 -0.150000
-0.225000 0.150000 -0.075000
-0.225000 0.150000 0.000000
-0.225000 0.150000 0.075000
-0.225000 0.150000 0.150000
-0.225000 0.150000 0.225000
-0.225000 0.150000 0.300000
-0.225000 0.150000 0.375000
-0.225000 0.225000 -0.750000
-0.225000 0.225000 -0.675000
-0.225000 0.225000 -0.600000
-0.225000 0.225000 -0.525000
-0.225000 0.225000 -0.450000
-0.225000 0.225000 -0.375000
-0.225000 0.225000 -0.300000
-0.225000 0.225000 -0.225000
-0.225000 0.225000 -0.150000
-0.225000 0.225000 -0.075000
-0.225000 0.225000 0.000000
-0.225000 0.225000 0.075000
-0.225000 0.225000 0.150000
-0.225000 0.225000 0.225000
-0.225000 0.225000 0.300000
-0.150000 -0.300000 -0.825000
-0.150000 -0.300000 -0.750000
-0.150000 -0.300000 -0.675000
-0.150000 -0.300000 -0.600000
-0.150000 -0.300000 -0.525000
-0.150000 -0.300000 -0.450000
-0.150000 -0.300000 -0.300000
-0.150000 -0.300000 -0.225000
-0.150000 -0.300000 -0.150000
-0.150000 -0.300000 -0.075000
-0.150000 -0.300000 0.000000
-0.150000 -0.300000 0.075000
-0.150000 -0.300000 0.150000
-0.150000 -0.300000 0.225000
-0.150000 -0.300000 0.300000
-0.150000 -0.300000 0.375000
-0.150000 -0.300000 0.450000
-0.150000 -0.225000 -0.825000
-0.150000 -0.225000 -0.750000
-0.150000 -0.225000 -0.675000
-0.150000 -0.225000 -0.600000
-0.150000 -0.225000 -0.525000
-0.150000 -0.225000 -0.450000
-0.150000 -0.225000 -0.375000
-0.150000 -0.225000 -0.300000
-0.150000 -0.225000 -0.225000
-0.150000 -0.225000 -0.150000
-0.150000 -0.225000 -0.075000
-0.150000 -0.225000 0.000000
-0.150000 -0.225000 0.075000
-0.150000 -0.225000 0.150000
-0.150000 -0.225000 0.225000
-0.150000 -0.225000 0.300000
-0.150000 -0.225000 0.375000
-0.150000 -0.225000 0.450000
-0.150000 -0.225000 0.525000
-0.150000 -0.150000 -0.825000
-0.150000 -0.150000 -0.750000
-0.150000 -0.150000 -0.675000
-0.150000 -0.150000 -0.600000
-0.150000 -0.150000 -0.525000
-0.150000 -0.150000 -0.450000
-0.150000 -0.150000 -0.375000
-0.150000 -0.150000 -0.300000
-0.150000 -0.150000 -0.225000
-0.150000 -0.150000 -0.150000
-0.150000 -0.150000 -0.075000
-0.150000 -0.150000 0.000000
-0.150000 -0.150000 0.075000
-0.150000 -0.150000 0.150000
-0.150000 -0.150000 0.225000
-0.150000 -0.150000 0.300000
-0.150000 -0.150000 0.375000
-0.150000 -0.150000 0.450000
-0.150000 -0.150000 0.525000
-0.150000 -0.075000 -0.825000
-0.150000 -0.075000 -0.750000
-0.150000 -0.075000 -0.600000
-0.150000 -0.075000 -0.525000
-0.150000 -0.075000 -0.450000
-0.150000 -0.075000 -0.375000
-0.150000 -0.075000 -0.300000
-0.150000 -0.075000 -0.225000
-0.150000 -0.075000 -0.150000
-0.150000 -0.075000 -0.075000
-0.150000 -0.075000 0.000000
-0.150000 -0.075000 0.075000
-0.150000 -0.075000 0.225000
-0.150000 -0.075000 0.300000
-0.150000 -0.075000 0.375000
-0.150000 -0.075000 0.450000
-0.150000 -0.075000 0.525000
-0.150000 0.000000 -0.825000
-0.150000 0.000000 -0.750000
-0.150000 0.000000 -0.600000
-0.150000 0.000000 -0.525000
-0.150000 0.000000 -0.450000
-0.150000 0.000000 -0.375000
-0.150000 0.000000 -0.300000
-0.150000 0.000000 -0.225000
-0.150000 0.000000 -0.150000
-0.150000 0.000000 -0.075000
-0.150000 0.000000 0.000000
-0.150000 0.000000 0.075000
-0.150000 0.000000 0.225000
-0.150000 0.000000 0.300000
-0.150000 0.000000 0.375000
-0.150000 0.000000 0.450000
-0.150000 0.000000 0.525000
-0.150000 0.075000 -0.825000
-0.150000 0.075000 -0.750000
-0.150000 0.075000 -0.675000
-0.150000 0.075000 -0.600000
-0.150000 0.075000 -0.525000
-0.150000 0.075000 -0.450000
-0.150000 0.075000 -0.375000
-0.150000 0.075000 -0.300000
-0.150000 0.075000 -0.225000
-0.150000 0.075000 -0.150000
-0.150000 0.075000 -0.075000
-0.150000 0.075000 0.000000
-0.150000 0.075000 0.075000
-0.150000 0.075000 0.150000
-0.150000 0.075000 0.225000
-0.150000 0.075000 0.300000
-0.150000 0.075000 0.375000
-0.150000 0.075000 0.450000
-0.150000 0.075000 0.525000
-0.150000 0.150000 -0.825000
-0.150000 0.150000 -0.750000
-0.150000 0.150000 -0.675000
-0.150000 0.150000 -0.600000
-0.150000 0.150000 -0.525000
-0.150000 0.150000 -0.450000
-0.150000 0.150000 -0.375000
-0.150000 0.150000 -0.300000
-0.150000 0.150000 -0.225000
-0.150000 0.150000 -0.150000
-0.150000 0.150000 -0.075000
-0.150000 0.150000 0.000000
-0.150000 0.150000 0.075000
-0.150000 0.150000 0.150000
-0.150000 0.150000 0.225000
-0.150000 0.150000 0.300000
-0.150000 0.150000 0.375000
-0.150000 0.150000 0.450000
-0.150000 0.150000 0.525000
-0.150000 0.225000 -0.750000
-0.150000 0.225000 -0.675000
-0.150000 0.225000 -0.600000
-0.150000 0.225000 -0.525000
-0.150000 0.225000 -0.450000
-0.150000 0.225000 -0.300000
-0.150000 0.225000 -0.225000
-0.150000 0.225000 -0.150000
-0.150000 0.225000 -0.075000
-0.150000 0.225000 0.000000
-0.150000 0.225000 0.075000
-0.150000 0.225000 0.150000
-0.150000 0.225000 0.225000
-0.150000 0.225000 0.300000
-0.150000 0.225000 0.375000
-0.150000 0.225000 0.450000
-0.075000 -0.300000 -0.825000
-0.075000 -0.300000 -0.750000
-0.075000 -0.300000 -0.675000
-0.075000 -0.300000 -0.600000
-0.075000 -0.300000 -0.525000
-0.075000 -0.300000 -0.075000
-0.075000 -0.300000 0.000000
-0.075000 -0.300000 0.075000
-0.075000 -0.300000 0.150000
-0.075000 -0.300000 0.225000
-0.075000 -0.300000 0.300000
-0.075000 -0.300000 0.375000
-0.075000 -0.300000 0.450000
-0.075000 -0.300000 0.525000
-0.075000 -0.300000 0.600000
-0.075000 -0.225000 -0.825000
-0.075000 -0.225000 -0.750000
-0.075000 -0.225000 -0.675000
-0.075000 -0.225000 -0.600000
-0.075000 -0.225000 -0.525000
-0.075000 -0.225000 -0.450000
-0.075000 -0.225000 -0.150000
-0.075000 -0.225000 -0.075000
-0.075000 -0.225000 0.000000
-0.075000 -0.225000 0.075000
-0.075000 -0.225000 0.150000
-0.075000 -0.225000 0.225000
-0.075000 -0.225000 0.300000
-0.075000 -0.225000 0.375000
-0.075000 -0.225000 0.450000
-0.075000 -0.225000 0.525000
-0.075000 -0.225000 0.600000
-0.075000 -0.150000 -0.825000
-0.075000 -0.150000 -0.750000
-0.075000 -0.150000 -0.675000
-0.075000 -0.150000 -0.600000
-0.075000 -0.150000 -0.525000
-0.075000 -0.150000 -0.450000
-0.075000 -0.150000 -0.225000
-0.075000 -0.150000 -0.150000
-0.075000 -0.150000 -0.075000
-0.075000 -0.150000 0.000000
-0.075000 -0.150000 0.075000
-0.075000 -0.150000 0.150000
-0.075000 -0.150000 0.225000
-0.075000 -0.150000 0.300000
-0.075000 -0.150000 0.375000
-0.075000 -0.150000 0.450000
-0.075000 -0.150000 0.525000
-0.075000 -0.150000 0.600000
-0.075000 -0.150000 0.675000
-0.075000 -0.075000 -0.825000
-0.075000 -0.075000 -0.750000
-0.075000 -0.075000 -0.600000
-0.075000 -0.075000 -0.525000
-0.075000 -0.075000 -0.450000
-0.075000 -0.075000 -0.225000
-0.075000 -0.075000 -0.150000
-0.075000 -0.075000 -0.075000
-0.075000 -0.075000 0.000000
-0.075000 -0.075000 0.075000
-0.075000 -0.075000 0.150000
-0.075000 -0.075000 0.225000
-0.075000 -0.075000 0.300000
-0.075000 -0.075000 0.375000
-0.075000 -0.075000 0.450000
-0.075000 -0.075000 0.525000
-0.075000 -0.075000 0.600000
-0.075000 -0.075000 0.675000
-0.075000 0.000000 -0.825000
-0.075000 0.000000 -0.750000
-0.075000 0.000000 -0.600000
-0.075000 0.000000 -0.525000
-0.075000 0.000000 -0.450000
-0.075000 0.000000 -0.225000
-0.075000 0.000000 -0.150000
-0.075000 0.000000 -0.075000
-0.075000 0.000000 0.000000
-0.075000 0.000000 0.075000
-0.075000 0.000000 0.150000
-0.075000 0.000000 0.225000
-0.075000 0.000000 0.300000
-0.075000 0.000000 0.375000
-0.075000 0.000000 0.450000
-0.075000 0.000000 0.525000
-0.075000 0.000000 0.600000
-0.075000 0.000000 0.675000
-0.075000 0.075000 -0.825000
-0.075000 0.075000 -0.750000
-0.075000 0.075000 -0.675000
-0.075000 0.075000 -0.600000
-0.075000 0.075000 -0.525000
-0.075000 0.075000 -0.450000
-0.075000 0.075000 -0.225000
-0.075000 0.075000 -0.150000
-0.075000 0.075000 -0.075000
-0.075000 0.075000 0.000000
-0.075000 0.075000 0.075000
-0.075000 0.075000 0.150000
-0.075000 0.075000 0.225000
-0.075000 0.075000 0.300000
-0.075000 0.075000 0.375000
-0.075000 0.075000 0.450000
-0.075000 0.075000 0.525000
-0.075000 0.075000 0.600000
-0.075000 0.075000 0.675000
-0.075000 0.150000 -0.825000
-0.075000 0.150000 -0.750000
-0.075000 0.150000 -0.675000
-0.075000 0.150000 -0.600000
-0.075000 0.150000 -0.525000
-0.075000 0.150000 -0.150000
-0.075000 0.150000 -0.075000
-0.075000 0.150000 0.000000
-0.075000 0.150000 0.075000
-0.075000 0.150000 0.150000
-0.075000 0.150000 0.225000
-0.075000 0.150000 0.300000
-0.075000 0.150000 0.375000
-0.075000 0.150000 0.450000
-0.075000 0.150000 0.525000
-0.075000 0.150000 0.600000
-0.075000 0.225000 -0.750000
-0.075000 0.225000 -0.675000
-0.075000 0.225000 -0.600000
-0.075000 0.225000 -0.525000
-0.075000 0.225000 -0.075000
-0.075000 0.225000 0.000000
-0.075000 0.225000 0.075000
-0.075000 0.225000 0.150000
-0.075000 0.225000 0.225000
-0.075000 0.225000 0.300000
-0.075000 0.225000 0.375000
-0.075000 0.225000 0.450000
-0.075000 0.225000 0.525000
-0.075000 0.225000 0.600000
0.000000 -0.300000 -0.825000
0.000000 -0.300000 -0.750000
0.000000 -0.300000 -0.675000
0.000000 -0.300000 -0.600000
0.000000 -0.300000 -0.525000
0.000000 -0.300000 0.075000
0.000000 -0.300000 0.150000
0.000000 -0.300000 0.225000
0.000000 -0.300000 0.300000
0.000000 -0.300000 0.375000
0.000000 -0.300000 0.450000
0.000000 -0.300000 0.525000
0.000000 -0.300000 0.600000
0.000000 -0.300000 0.675000
0.000000 -0.225000 -0.825000
0.000000 -0.225000 -0.750000
0.000000 -0.225000 -0.675000
0.000000 -0.225000 -0.600000
0.000000 -0.225000 -0.525000
0.000000 -0.225000 -0.450000
0.000000 -0.225000 -0.225000
0.000000 -0.225000 -0.150000
0.000000 -0.225000 -0.075000
0.000000 -0.225000 0.000000
0.000000 -0.225000 0.075000
0.000000 -0.225000 0.150000
0.000000 -0.225000 0.225000
0.000000 -0.225000 0.300000
0.000000 -0.225000 0.375000
0.000000 -0.225000 0.450000
0.000000 -0.225000 0.525000
0.000000 -0.225000 0.600000
0.000000 -0.225000 0.675000
0.000000 -0.225000 0.750000
0.000000 -0.150000 -0.825000
0.000000 -0.150000 -0.750000
0.000000 -0.150000 -0.675000
0.000000 -0.150000 -0.600000
0.000000 -0.150000 -0.525000
0.000000 -0.150000 -0.450000
0.000000 -0.150000 -0.300000
0.000000 -0.150000 -0.225000
0.000000 -0.150000 -0.150000
0.000000 -0.150000 -0.075000
0.000000 -0.150000 0.000000
0.000000 -0.150000 0.075000
0.000000 -0.150000 0.150000
0.000000 -0.150000 0.225000
0.000000 -0.150000 0.300000
0.000000 -0.150000 0.375000
0.000000 -0.150000 0.450000
0.000000 -0.150000 0.525000
0.000000 -0.150000 0.600000
0.000000 -0.150000 0.675000
0.000000 -0.150000 0.750000
0.000000 -0.150000 0.825000
0.000000 -0.075000 -0.825000
0.000000 -0.075000 -0.750000
0.000000 -0.075000 -0.600000
0.000000 -0.075000 -0.525000
0.000000 -0.075000 -0.450000
0.000000 -0.075000 -0.300000
0.000000 -0.075000 -0.225000
0.000000 -0.075000 -0.150000
0.000000 -0.075000 -0.075000
0.000000 -0.075000 0.000000
0.000000 -0.075000 0.075000
0.000000 -0.075000 0.150000
0.000000 -0.075000 0.225000
0.000000 -0.075000 0.300000
0.000000 -0.075000 0.450000
0.000000 -0.075000 0.525000
0.000000 -0.075000 0.600000
0.000000 -0.075000 0.675000
0.000000 -0.075000 0.750000
0.000000 -0.075000 0.825000
0.000000 0.000000 -0.825000
0.000000 0.000000 -0.750000
0.000000 0.000000 -0.600000
0.000000 0.000000 -0.525000
0.000000 0.000000 -0.450000
0.000000 0.000000 -0.300000
0.000000 0.000000 -0.225000
0.000000 0.000000 -0.150000
0.000000 0.000000 -0.075000
0.000000 0.000000 0.000000
0.000000 0.000000 0.075000
0.000000 0.000000 0.150000
0.000000 0.000000 0.225000
0.000000 0.000000 0.300000
0.000000 0.000000 0.450000
0.000000 0.000000 0.525000
0.000000 0.000000 0.600000
0.000000 0.000000 0.675000
0.000000 0.000000 0.750000
0.000000 0.000000 0.825000
0.000000 0.075000 -0.825000
0.000000 0.075000 -0.750000
0.000000 0.075000 -0.675000
0.000000 0.075000 -0.600000
0.000000 0.075000 -0.525000
0.000000 0.075000 -0.450000
0.000000 0.075000 -0.300000
0.000000 0.075000 -0.225000
0.000000 0.075000 -0.150000
0.000000 0.075000 -0.075000
0.000000 0.075000 0.000000
0.000000 0.075000 0.075000
0.000000 0.075000 0.150000
0.000000 0.075000 0.225000
0.000000 0.075000 0.300000
0.000000 0.075000 0.375000
0.000000 0.075000 0.450000
0.000000 0.075000 0.525000
0.000000 0.075000 0.600000
0.000000 0.075000 0.675000
0.000000 0.075000 0.750000
0.000000 0.075000 0.825000
0.000000 0.150000 -0.825000
0.000000 0.150000 -0.750000
0.000000 0.150000 -0.675000
0.000000 0.150000 -0.600000
0.000000 0.150000 -0.525000
0.000000 0.150000 -0.450000
0.000000 0.150000 -0.225000
0.000000 0.150000 -0.150000
0.000000 0.150000 -0.075000
0.000000 0.150000 0.000000
0.000000 0.150000 0.075000
0.000000 0.150000 0.150000
0.000000 0.150000 0.225000
0.000000 0.150000 0.300000
0.000000 0.150000 0.375000
0.000000 0.150000 0.450000
0.000000 0.150000 0.525000
0.000000 0.150000 0.600000
0.000000 0.150000 0.675000
0.000000 0.150000 0.750000
0.000000 0.225000 -0.750000
0.000000 0.225000 -0.675000
0.000000 0.225000 -0.600000
0.000000 0.225000 -0.525000
0.000000 0.225000 0.075000
0.000000 0.225000 0.150000
0.000000 0.225000 0.225000
0.000000 0.225000 0.300000
0.000000 0.225000 0.375000
0.000000 0.225000 0.450000
0.000000 0.225000 0.525000
0.000000 0.225000 0.600000
0.000000 0.225000 0.675000
0.075000 -0.300000 -0.825000
0.075000 -0.300000 -0.750000
0.075000 -0.300000 -0.675000
0.075000 -0.300000 -0.600000
0.075000 -0.300000 -0.525000
0.075000 -0.300000 -0.450000
0.075000 -0.300000 -0.300000
0.075000 -0.300000 -0.225000
0.075000 -0.300000 -0.150000
0.075000 -0.300000 -0.075000
0.075000 -0.300000 0.000000
0.075000 -0.300000 0.225000
0.075000 -0.300000 0.300000
0.075000 -0.300000 0.375000
0.075000 -0.300000 0.450000
0.075000 -0.300000 0.525000
0.075000 -0.300000 0.600000
0.075000 -0.300000 0.675000
0.075000 -0.300000 0.750000
0.075000 -0.300000 0.825000
0.075000 -0.225000 -0.825000
0.075000 -0.225000 -0.750000
0.075000 -0.225000 -0.675000
0.075000 -0.225000 -0.600000
0.075000 -0.225000 -0.525000
0.075000 -0.225000 -0.450000
0.075000 -0.225000 -0.375000
0.075000 -0.225000 -0.300000
0.075000 -0.225000 -0.225000
0.075000 -0.225000 -0.150000
0.075000 -0.225000 -0.075000
0.075000 -0.225000 0.000000
0.075000 -0.225000 0.150000
0.075000 -0.225000 0.225000
0.075000 -0.225000 0.300000
0.075000 -0.225000 0.375000
0.075000 -0.225000 0.450000
0.075000 -0.225000 0.525000
0.075000 -0.225000 0.600000
0.075000 -0.225000 0.675000
0.075000 -0.225000 0.750000
0.075000 -0.225000 0.825000
0.075000 -0.150000 -0.825000
0.075000 -0.150000 -0.750000
0.075000 -0.150000 -0.675000
0.075000 -0.150000 -0.600000
0.075000 -0.150000 -0.525000
0.075000 -0.150000 -0.450000
0.075000 -0.150000 -0.375000
0.075000 -0.150000 -0.300000
0.075000 -0.150000 -0.225000
0.075000 -0.150000 -0.150000
0.075000 -0.150000 -0.075000
0.075000 -0.150000 0.000000
0.075000 -0.150000 0.075000
0.075000 -0.150000 0.150000
0.075000 -0.150000 0.225000
0.075000 -0.150000 0.300000
0.075000 -0.150000 0.375000
0.075000 -0.150000 0.450000
0.075000 -0.150000 0.525000
0.075000 -0.150000 0.600000
0.075000 -0.150000 0.675000
0.075000 -0.150000 0.750000
0.075000 -0.150000 0.825000
0.075000 -0.150000 0.900000
0.075000 -0.075000 -0.825000
0.075000 -0.075000 -0.750000
0.075000 -0.075000 -0.600000
0.075000 -0.075000 -0.525000
0.075000 -0.075000 -0.450000
0.075000 -0.075000 -0.375000
0.075000 -0.075000 -0.300000
0.075000 -0.075000 -0.225000
0.075000 -0.075000 -0.150000
0.075000 -0.075000 -0.075000
0.075000 -0.075000 0.000000
0.075000 -0.075000 0.075000
0.075000 -0.075000 0.150000
0.075000 -0.075000 0.225000
0.075000 -0.075000 0.300000
0.075000 -0.075000 0.375000
0.075000 -0.075000 0.525000
0.075000 -0.075000 0.600000
0.075000 -0.075000 0.675000
0.075000 -0.075000 0.750000
0.075000 -0.075000 0.825000
0.075000 -0.075000 0.900000
0.075000 0.000000 -0.825000
0.075000 0.000000 -0.750000
0.075000 0.000000 -0.600000
0.075000 0.000000 -0.525000
0.075000 0.000000 -0.450000
0.075000 0.000000 -0.375000
0.075000 0.000000 -0.300000
0.075000 0.000000 -0.225000
0.075000 0.000000 -0.150000
0.075000 0.000000 -0.075000
0.075000 0.000000 0.000000
0.075000 0.000000 0.075000
0.075000 0.000000 0.150000
0.075000 0.000000 0.225000
0.075000 0.000000 0.300000
0.075000 0.000000 0.375000
0.075000 0.000000 0.525000
0.075000 0.000000 0.600000
0.075000 0.000000 0.675000
0.075000 0.000000 0.750000
0.075000 0.000000 0.825000
0.075000 0.000000 0.900000
0.075000 0.075000 -0.825000
0.075000 0.075000 -0.750000
0.075000 0.075000 -0.675000
0.075000 0.075000 -0.600000
0.075000 0.075000 -0.525000
0.075000 0.075000 -0.450000
0.075000 0.075000 -0.375000
0.075000 0.075000 -0.300000
0.075000 0.075000 -0.225000
0.075000 0.075000 -0.150000
0.075000 0.075000 -0.075000
0.075000 0.075000 0.000000
0.075000 0.075000 0.075000
0.075000 0.075000 0.150000
0.075000 0.075000 0.225000
0.075000 0.075000 0.300000
0.075000 0.075000 0.375000
0.075000 0.075000 0.450000
0.075000 0.075000 0.525000
0.075000 0.075000 0.600000
0.075000 0.075000 0.675000
0.075000 0.075000 0.750000
0.075000 0.075000 0.825000
0.075000 0.075000 0.900000
0.075000 0.150000 -0.825000
0.075000 0.150000 -0.750000
0.075000 0.150000 -0.675000
0.075000 0.150000 -0.600000
0.075000 0.150000 -0.525000
0.075000 0.150000 -0.450000
0.075000 0.150000 -0.375000
0.075000 0.150000 -0.300000
0.075000 0.150000 -0.225000
0.075000 0.150000 -0.150000
0.075000 0.150000 -0.075000
0.075000 0.150000 0.000000
0.075000 0.150000 0.150000
0.075000 0.150000 0.225000
0.075000 0.150000 0.300000
0.075000 0.150000 0.375000
0.075000 0.150000 0.450000
0.075000 0.150000 0.525000
0.075000 0.150000 0.600000
0.075000 0.150000 0.675000
0.075000 0.150000 0.750000
0.075000 0.150000 0.825000
0.075000 0.150000 0.900000
0.075000 0.225000 -0.750000
0.075000 0.225000 -0.675000
0.075000 0.225000 -0.600000
0.075000 0.225000 -0.525000
0.075000 0.225000 -0.450000
0.075000 0.225000 -0.225000
0.075000 0.225000 -0.150000
0.075000 0.225000 -0.075000
0.075000 0.225000 0.000000
0.075000 0.225000 0.225000
0.075000 0.225000 0.300000
0.075000 0.225000 0.375000
0.075000 0.225000 0.450000
0.075000 0.225000 0.525000
0.075000 0.225000 0.600000
0.075000 0.225000 0.675000
0.075000 0.225000 0.750000
0.075000 0.225000 0.825000
0.150000 -0.375000 -0.675000
0.150000 -0.375000 -0.600000
0.150000 -0.375000 -0.525000
0.150000 -0.300000 -0.750000
0.150000 -0.300000 -0.675000
0.150000 -0.300000 -0.600000
0.150000 -0.300000 -0.525000
0.150000 -0.300000 -0.450000
0.150000 -0.300000 -0.375000
0.150000 -0.300000 -0.300000
0.150000 -0.300000 -0.225000
0.150000 -0.300000 -0.150000
0.150000 -0.300000 -0.075000
0.150000 -0.300000 0.000000
0.150000 -0.300000 0.300000
0.150000 -0.300000 0.375000
0.150000 -0.300000 0.450000
0.150000 -0.300000 0.525000
0.150000 -0.300000 0.600000
0.150000 -0.300000 0.675000
0.150000 -0.300000 0.750000
0.150000 -0.300000 0.825000
0.150000 -0.300000 0.900000
0.150000 -0.225000 -0.825000
0.150000 -0.225000 -0.750000
0.150000 -0.225000 -0.675000
0.150000 -0.225000 -0.600000
0.150000 -0.225000 -0.525000
0.150000 -0.225000 -0.450000
0.150000 -0.225000 -0.375000
0.150000 -0.225000 -0.300000
0.150000 -0.225000 -0.225000
0.150000 -0.225000 -0.150000
0.150000 -0.225000 -0.075000
0.150000 -0.225000 0.000000
0.150000 -0.225000 0.225000
0.150000 -0.225000 0.300000
0.150000 -0.225000 0.375000
0.150000 -0.225000 0.450000
0.150000 -0.225000 0.525000
0.150000 -0.225000 0.600000
0.150000 -0.225000 0.675000
0.150000 -0.225000 0.750000
0.150000 -0.225000 0.825000
0.150000 -0.225000 0.900000
0.150000 -0.150000 -0.825000
0.150000 -0.150000 -0.750000
0.150000 -0.150000 -0.675000
0.150000 -0.150000 -0.600000
0.150000 -0.150000 -0.525000
0.150000 -0.150000 -0.450000
0.150000 -0.150000 -0.375000
0.150000 -0.150000 -0.300000
0.150000 -0.150000 -0.225000
0.150000 -0.150000 -0.150000
0.150000 -0.150000 -0.075000
0.150000 -0.150000 0.000000
0.150000 -0.150000 0.225000
0.150000 -0.150000 0.300000
0.150000 -0.150000 0.375000
0.150000 -0.150000 0.450000
0.150000 -0.150000 0.525000
0.150000 -0.150000 0.600000
0.150000 -0.150000 0.675000
0.150000 -0.150000 0.750000
0.150000 -0.150000 0.825000
0.150000 -0.150000 0.900000
0.150000 -0.150000 0.975000
0.150000 -0.075000 -0.825000
0.150000 -0.075000 -0.750000
0.150000 -0.075000 -0.525000
0.150000 -0.075000 -0.450000
0.150000 -0.075000 -0.375000
0.150000 -0.075000 -0.300000
0.150000 -0.075000 -0.225000
0.150000 -0.075000 -0.150000
0.150000 -0.075000 -0.075000
0.150000 -0.075000 0.000000
0.150000 -0.075000 0.075000
0.150000 -0.075000 0.225000
0.150000 -0.075000 0.300000
0.150000 -0.075000 0.375000
0.150000 -0.075000 0.450000
0.150000 -0.075000 0.675000
0.150000 -0.075000 0.750000
0.150000 -0.075000 0.825000
0.150000 -0.075000 0.900000
0.150000 -0.075000 0.975000
0.150000 0.000000 -0.825000
0.150000 0.000000 -0.750000
0.150000 0.000000 -0.525000
0.150000 0.000000 -0.450000
0.150000 0.000000 -0.375000
0.150000 0.000000 -0.300000
0.150000 0.000000 -0.225000
0.150000 0.000000 -0.150000
0.150000 0.000000 -0.075000
0.150000 0.000000 0.000000
0.150000 0.000000 0.075000
0.150000 0.000000 0.225000
0.150000 0.000000 0.300000
0.150000 0.000000 0.375000
0.150000 0.000000 0.450000
0.150000 0.000000 0.675000
0.150000 0.000000 0.750000
0.150000 0.000000 0.825000
0.150000 0.000000 0.900000
0.150000 0.000000 0.975000
0.150000 0.075000 -0.825000
0.150000 0.075000 -0.750000
0.150000 0.075000 -0.675000
0.150000 0.075000 -0.600000
0.150000 0.075000 -0.525000
0.150000 0.075000 -0.450000
0.150000 0.075000 -0.375000
0.150000 0.075000 -0.300000
0.150000 0.075000 -0.225000
0.150000 0.075000 -0.150000
0.150000 0.075000 -0.075000
0.150000 0.075000 0.000000
0.150000 0.075000 0.075000
0.150000 0.075000 0.225000
0.150000 0.075000 0.300000
0.150000 0.075000 0.375000
0.150000 0.075000 0.450000
0.150000 0.075000 0.525000
0.150000 0.075000 0.600000
0.150000 0.075000 0.675000
0.150000 0.075000 0.750000
0.150000 0.075000 0.825000
0.150000 0.075000 0.900000
0.150000 0.075000 0.975000
0.150000 0.150000 -0.825000
0.150000 0.150000 -0.750000
0.150000 0.150000 -0.675000
0.150000 0.150000 -0.600000
0.150000 0.150000 -0.525000
0.150000 0.150000 -0.450000
0.150000 0.150000 -0.375000
0.150000 0.150000 -0.300000
0.150000 0.150000 -0.225000
0.150000 0.150000 -0.150000
0.150000 0.150000 -0.075000
0.150000 0.150000 0.000000
0.150000 0.150000 0.225000
0.150000 0.150000 0.300000
0.150000 0.150000 0.375000
0.150000 0.150000 0.450000
0.150000 0.150000 0.525000
0.150000 0.150000 0.600000
0.150000 0.150000 0.675000
0.150000 0.150000 0.750000
0.150000 0.150000 0.825000
0.150000 0.150000 0.900000
0.150000 0.225000 -0.750000
0.150000 0.225000 -0.675000
0.150000 0.225000 -0.600000
0.150000 0.225000 -0.525000
0.150000 0.225000 -0.450000
0.150000 0.225000 -0.375000
0.150000 0.225000 -0.300000
0.150000 0.225000 -0.225000
0.150000 0.225000 -0.150000
0.150000 0.225000 -0.075000
0.150000 0.225000 0.000000
0.150000 0.225000 0.300000
0.150000 0.225000 0.375000
0.150000 0.225000 0.450000
0.150000 0.225000 0.525000
0.150000 0.225000 0.600000
0.150000 0.225000 0.675000
0.150000 0.225000 0.750000
0.150000 0.225000 0.825000
0.150000 0.225000 0.900000
0.150000 0.300000 -0.675000
0.150000 0.300000 -0.600000
0.150000 0.300000 -0.525000
0.225000 -0.375000 -0.675000
0.225000 -0.375000 -0.600000
0.225000 -0.375000 -0.525000
0.225000 -0.375000 -0.450000
0.225000 -0.375000 -0.375000
0.225000 -0.375000 -0.300000
0.225000 -0.375000 -0.225000
0.225000 -0.300000 -0.750000
0.225000 -0.300000 -0.675000
0.225000 -0.300000 -0.600000
0.225000 -0.300000 -0.525000
0.225000 -0.300000 -0.450000
0.225000 -0.300000 -0.375000
0.225000 -0.300000 -0.300000
0.225000 -0.300000 -0.225000
0.225000 -0.300000 -0.150000
0.225000 -0.300000 -0.075000
0.225000 -0.300000 0.000000
0.225000 -0.300000 0.375000
0.225000 -0.300000 0.450000
0.225000 -0.300000 0.525000
0.225000 -0.300000 0.600000
0.225000 -0.300000 0.675000
0.225000 -0.300000 0.750000
0.225000 -0.300000 0.825000
0.225000 -0.300000 0.900000
0.225000 -0.225000 -0.825000
0.225000 -0.225000 -0.750000
0.225000 -0.225000 -0.675000
0.225000 -0.225000 -0.600000
0.225000 -0.225000 -0.525000
0.225000 -0.225000 -0.450000
0.225000 -0.225000 -0.375000
0.225000 -0.225000 -0.300000
0.225000 -0.225000 -0.225000
0.225000 -0.225000 -0.150000
0.225000 -0.225000 -0.075000
0.225000 -0.225000 0.000000
0.225000 -0.225000 0.300000
0.225000 -0.225000 0.375000
0.225000 -0.225000 0.450000
0.225000 -0.225000 0.525000
0.225000 -0.225000 0.600000
0.225000 -0.225000 0.675000
0.225000 -0.225000 0.750000
0.225000 -0.225000 0.825000
0.225000 -0.225000 0.900000
0.225000 -0.150000 -0.825000
0.225000 -0.150000 -0.750000
0.225000 -0.150000 -0.675000
0.225000 -0.150000 -0.525000
0.225000 -0.150000 -0.450000
0.225000 -0.150000 -0.375000
0.225000 -0.150000 -0.300000
0.225000 -0.150000 -0.225000
0.225000 -0.150000 -0.075000
0.225000 -0.150000 0.000000
0.225000 -0.150000 0.075000
0.225000 -0.150000 0.300000
0.225000 -0.150000 0.375000
0.225000 -0.150000 0.450000
0.225000 -0.150000 0.525000
0.225000 -0.150000 0.600000
0.225000 -0.150000 0.750000
0.225000 -0.150000 0.825000
0.225000 -0.150000 0.900000
0.225000 -0.150000 0.975000
0.225000 -0.075000 -0.825000
0.225000 -0.075000 -0.750000
0.225000 -0.075000 -0.075000
0.225000 -0.075000 0.000000
0.225000 -0.075000 0.075000
0.225000 -0.075000 0.300000
0.225000 -0.075000 0.375000
0.225000 -0.075000 0.450000
0.225000 -0.075000 0.525000
0.225000 -0.075000 0.600000
0.225000 -0.075000 0.750000
0.225000 -0.075000 0.825000
0.225000 -0.075000 0.900000
0.225000 -0.075000 0.975000
0.225000 0.000000 -0.825000
0.225000 0.000000 -0.750000
0.225000 0.000000 -0.450000
0.225000 0.000000 -0.375000
0.225000 0.000000 -0.300000
0.225000 0.000000 -0.075000
0.225000 0.000000 0.000000
0.225000 0.000000 0.075000
0.225000 0.000000 0.300000
0.225000 0.000000 0.375000
0.225000 0.000000 0.450000
0.225000 0.000000 0.525000
0.225000 0.000000 0.600000
0.225000 0.000000 0.825000
0.225000 0.000000 0.900000
0.225000 0.000000 0.975000
0.225000 0.075000 -0.825000
0.225000 0.075000 -0.750000
0.225000 0.075000 -0.675000
0.225000 0.075000 -0.525000
0.225000 0.075000 -0.450000
0.225000 0.075000 -0.375000
0.225000 0.075000 -0.300000
0.225000 0.075000 -0.225000
0.225000 0.075000 -0.150000
0.225000 0.075000 -0.075000
0.225000 0.075000 0.000000
0.225000 0.075000 0.075000
0.225000 0.075000 0.300000
0.225000 0.075000 0.375000
0.225000 0.075000 0.450000
0.225000 0.075000 0.525000
0.225000 0.075000 0.600000
0.225000 0.075000 0.750000
0.225000 0.075000 0.825000
0.225000 0.075000 0.900000
0.225000 0.075000 0.975000
0.225000 0.150000 -0.825000
0.225000 0.150000 -0.750000
0.225000 0.150000 -0.675000
0.225000 0.150000 -0.600000
0.225000 0.150000 -0.525000
0.225000 0.150000 -0.450000
0.225000 0.150000 -0.375000
0.225000 0.150000 -0.300000
0.225000 0.150000 -0.225000
0.225000 0.150000 -0.150000
0.225000 0.150000 -0.075000
0.225000 0.150000 0.000000
0.225000 0.150000 0.300000
0.225000 0.150000 0.375000
0.225000 0.150000 0.450000
0.225000 0.150000 0.525000
0.225000 0.150000 0.600000
0.225000 0.150000 0.675000
0.225000 0.150000 0.750000
0.225000 0.150000 0.825000
0.225000 0.150000 0.900000
0.225000 0.225000 -0.750000
0.225000 0.225000 -0.675000
0.225000 0.225000 -0.600000
0.225000 0.225000 -0.525000
0.225000 0.225000 -0.450000
0.225000 0.225000 -0.375000
0.225000 0.225000 -0.300000
0.225000 0.225000 -0.225000
0.225000 0.225000 -0.150000
0.225000 0.225000 -0.075000
0.225000 0.225000 0.000000
0.225000 0.225000 0.375000
0.225000 0.225000 0.450000
0.225000 0.225000 0.525000
0.225000 0.225000 0.600000
0.225000 0.225000 0.675000
0.225000 0.225000 0.750000
0.225000 0.225000 0.825000
0.225000 0.225000 0.900000
0.225000 0.300000 -0.675000
0.225000 0.300000 -0.600000
0.225000 0.300000 -0.525000
0.225000 0.300000 -0.450000
0.225000 0.300000 -0.375000
0.225000 0.300000 -0.300000
0.225000 0.300000 -0.225000
0.300000 -0.375000 -0.675000
0.300000 -0.375000 -0.600000
0.300000 -0.375000 -0.525000
0.300000 -0.375000 -0.450000
0.300000 -0.375000 -0.375000
0.300000 -0.375000 -0.300000
0.300000 -0.375000 -0.225000
0.300000 -0.375000 -0.150000
0.300000 -0.300000 -0.750000
0.300000 -0.300000 -0.675000
0.300000 -0.300000 -0.600000
0.300000 -0.300000 -0.525000
0.300000 -0.300000 -0.450000
0.300000 -0.300000 -0.375000
0.300000 -0.300000 -0.300000
0.300000 -0.300000 -0.225000
0.300000 -0.300000 -0.150000
0.300000 -0.300000 -0.075000
0.300000 -0.300000 0.000000
0.300000 -0.300000 0.450000
0.300000 -0.300000 0.525000
0.300000 -0.300000 0.600000
0.300000 -0.300000 0.675000
0.300000 -0.300000 0.750000
0.300000 -0.300000 0.825000
0.300000 -0.300000 0.900000
0.300000 -0.225000 -0.825000
0.300000 -0.225000 -0.750000
0.300000 -0.225000 -0.675000
0.300000 -0.225000 -0.600000
0.300000 -0.225000 -0.525000
0.300000 -0.225000 -0.450000
0.300000 -0.225000 -0.375000
0.300000 -0.225000 -0.300000
0.300000 -0.225000 -0.225000
0.300000 -0.225000 -0.150000
0.300000 -0.225000 -0.075000
0.300000 -0.225000 0.000000
0.300000 -0.225000 0.375000
0.300000 -0.225000 0.450000
0.300000 -0.225000 0.525000
0.300000 -0.225000 0.600000
0.300000 -0.225000 0.675000
0.300000 -0.225000 0.750000
0.300000 -0.225000 0.825000
0.300000 -0.225000 0.900000
0.300000 -0.150000 -0.825000
0.300000 -0.150000 -0.750000
0.300000 -0.150000 -0.675000
0.300000 -0.150000 -0.600000
0.300000 -0.150000 -0.150000
0.300000 -0.150000 -0.075000
0.300000 -0.150000 0.000000
0.300000 -0.150000 0.075000
0.300000 -0.150000 0.375000
0.300000 -0.150000 0.450000
0.300000 -0.150000 0.525000
0.300000 -0.150000 0.600000
0.300000 -0.150000 0.675000
0.300000 -0.150000 0.750000
0.300000 -0.150000 0.825000
0.300000 -0.150000 0.900000
0.300000 -0.150000 0.975000
0.300000 -0.075000 -0.825000
0.300000 -0.075000 -0.750000
0.300000 -0.075000 -0.675000
0.300000 -0.075000 -0.075000
0.300000 -0.075000 0.000000
0.300000 -0.075000 0.075000
0.300000 -0.075000 0.375000
0.300000 -0.075000 0.450000
0.300000 -0.075000 0.525000
0.300000 -0.075000 0.600000
0.300000 -0.075000 0.675000
0.300000 -0.075000 0.825000
0.300000 -0.075000 0.900000
0.300000 -0.075000 0.975000
0.300000 0.000000 -0.825000
0.300000 0.000000 -0.750000
0.300000 0.000000 -0.675000
0.300000 0.000000 -0.600000
0.300000 0.000000 -0.075000
0.300000 0.000000 0.000000
0.300000 0.000000 0.075000
0.300000 0.000000 0.375000
0.300000 0.000000 0.450000
0.300000 0.000000 0.525000
0.300000 0.000000 0.600000
0.300000 0.000000 0.675000
0.300000 0.000000 0.825000
0.300000 0.000000 0.900000
0.300000 0.000000 0.975000
0.300000 0.075000 -0.825000
0.300000 0.075000 -0.750000
0.300000 0.075000 -0.675000
0.300000 0.075000 -0.600000
0.300000 0.075000 -0.150000
0.300000 0.075000 -0.075000
0.300000 0.075000 0.000000
0.300000 0.075000 0.075000
0.300000 0.075000 0.375000
0.300000 0.075000 0.450000
0.300000 0.075000 0.525000
0.300000 0.075000 0.600000
0.300000 0.075000 0.675000
0.300000 0.075000 0.750000
0.300000 0.075000 0.825000
0.300000 0.075000 0.900000
0.300000 0.075000 0.975000
0.300000 0.150000 -0.825000
0.300000 0.150000 -0.750000
0.300000 0.150000 -0.675000
0.300000 0.150000 -0.600000
0.300000 0.150000 -0.525000
0.300000 0.150000 -0.450000
0.300000 0.150000 -0.375000
0.300000 0.150000 -0.300000
0.300000 0.150000 -0.225000
0.300000 0.150000 -0.150000
0.300000 0.150000 -0.075000
0.300000 0.150000 0.000000
0.300000 0.150000 0.375000
0.300000 0.150000 0.450000
0.300000 0.150000 0.525000
0.300000 0.150000 0.600000
0.300000 0.150000 0.675000
0.300000 0.150000 0.750000
0.300000 0.150000 0.825000
0.300000 0.150000 0.900000
0.300000 0.225000 -0.750000
0.300000 0.225000 -0.675000
0.300000 0.225000 -0.600000
0.300000 0.225000 -0.525000
0.300000 0.225000 -0.450000
0.300000 0.225000 -0.375000
0.300000 0.225000 -0.300000
0.300000 0.225000 -0.225000
0.300000 0.225000 -0.150000
0.300000 0.225000 -0.075000
0.300000 0.225000 0.000000
0.300000 0.225000 0.450000
0.300000 0.225000 0.525000
0.300000 0.225000 0.600000
0.300000 0.225000 0.675000
0.300000 0.225000 0.750000
0.300000 0.225000 0.825000
0.300000 0.225000 0.900000
0.300000 0.300000 -0.675000
0.300000 0.300000 -0.600000
0.300000 0.300000 -0.525000
0.300000 0.300000 -0.450000
0.300000 0.300000 -0.375000
0.300000 0.300000 -0.300000
0.300000 0.300000 -0.225000
0.375000 -0.375000 -0.525000
0.375000 -0.375000 -0.450000
0.375000 -0.375000 -0.375000
0.375000 -0.375000 -0.300000
0.375000 -0.375000 -0.225000
0.375000 -0.375000 -0.150000
0.375000 -0.300000 -0.750000
0.375000 -0.300000 -0.675000
0.375000 -0.300000 -0.600000
0.375000 -0.300000 -0.525000
0.375000 -0.300000 -0.450000
0.375000 -0.300000 -0.375000
0.375000 -0.300000 -0.300000
0.375000 -0.300000 -0.225000
0.375000 -0.300000 -0.150000
0.375000 -0.300000 -0.075000
0.375000 -0.300000 0.000000
0.375000 -0.300000 0.525000
0.375000 -0.300000 0.600000
0.375000 -0.300000 0.675000
0.375000 -0.300000 0.750000
0.375000 -0.300000 0.825000
0.375000 -0.300000 0.900000
0.375000 -0.225000 -0.825000
0.375000 -0.225000 -0.750000
0.375000 -0.225000 -0.675000
0.375000 -0.225000 -0.600000
0.375000 -0.225000 -0.525000
0.375000 -0.225000 -0.450000
0.375000 -0.225000 -0.375000
0.375000 -0.225000 -0.300000
0.375000 -0.225000 -0.225000
0.375000 -0.225000 -0.150000
0.375000 -0.225000 -0.075000
0.375000 -0.225000 0.000000
0.375000 -0.225000 0.525000
0.375000 -0.225000 0.600000
0.375000 -0.225000 0.675000
0.375000 -0.225000 0.750000
0.375000 -0.225000 0.825000
0.375000 -0.225000 0.900000
0.375000 -0.150000 -0.825000
0.375000 -0.150000 -0.750000
0.375000 -0.150000 -0.675000
0.375000 -0.150000 -0.600000
0.375000 -0.150000 -0.525000
0.375000 -0.150000 -0.450000
0.375000 -0.150000 -0.375000
0.375000 -0.150000 -0.300000
0.375000 -0.150000 -0.225000
0.375000 -0.150000 -0.150000
0.375000 -0.150000 -0.075000
0.375000 -0.150000 0.000000
0.375000 -0.150000 0.075000
0.375000 -0.150000 0.450000
0.375000 -0.150000 0.525000
0.375000 -0.150000 0.600000
0.375000 -0.150000 0.675000
0.375000 -0.150000 0.750000
0.375000 -0.150000 0.825000
0.375000 -0.150000 0.900000
0.375000 -0.150000 0.975000
0.375000 -0.075000 -0.825000
0.375000 -0.075000 -0.750000
0.375000 -0.075000 -0.675000
0.375000 -0.075000 -0.600000
0.375000 -0.075000 -0.525000
0.375000 -0.075000 -0.150000
0.375000 -0.075000 -0.075000
0.375000 -0.075000 0.000000
0.375000 -0.075000 0.075000
0.375000 -0.075000 0.450000
0.375000 -0.075000 0.525000
0.375000 -0.075000 0.600000
0.375000 -0.075000 0.675000
0.375000 -0.075000 0.750000
0.375000 -0.075000 0.825000
0.375000 -0.075000 0.900000
0.375000 -0.075000 0.975000
0.375000 0.000000 -0.825000
0.375000 0.000000 -0.750000
0.375000 0.000000 -0.675000
0.375000 0.000000 -0.600000
0.375000 0.000000 -0.525000
0.375000 0.000000 -0.450000
0.375000 0.000000 -0.150000
0.375000 0.000000 -0.075000
0.375000 0.000000 0.000000
0.375000 0.000000 0.075000
0.375000 0.000000 0.450000
0.375000 0.000000 0.525000
0.375000 0.000000 0.600000
0.375000 0.000000 0.675000
0.375000 0.000000 0.750000
0.375000 0.000000 0.825000
0.375000 0.000000 0.900000
0.375000 0.000000 0.975000
0.375000 0.075000 -0.825000
0.375000 0.075000 -0.750000
0.375000 0.075000 -0.675000
0.375000 0.075000 -0.600000
0.375000 0.075000 -0.525000
0.375000 0.075000 -0.450000
0.375000 0.075000 -0.375000
0.375000 0.075000 -0.300000
0.375000 0.075000 -0.225000
0.375000 0.075000 -0.150000
0.375000 0.075000 -0.075000
0.375000 0.075000 0.000000
0.375000 0.075000 0.075000
0.375000 0.075000 0.450000
0.375000 0.075000 0.525000
0.375000 0.075000 0.600000
0.375000 0.075000 0.675000
0.375000 0.075000 0.750000
0.375000 0.075000 0.825000
0.375000 0.075000 0.900000
0.375000 0.075000 0.975000
0.375000 0.150000 -0.825000
0.375000 0.150000 -0.750000
0.375000 0.150000 -0.675000
0.375000 0.150000 -0.600000
0.375000 0.150000 -0.525000
0.375000 0.150000 -0.450000
0.375000 0.150000 -0.375000
0.375000 0.150000 -0.300000
0.375000 0.150000 -0.225000
0.375000 0.150000 -0.150000
0.375000 0.150000 -0.075000
0.375000 0.150000 0.000000
0.375000 0.150000 0.525000
0.375000 0.150000 0.600000
0.375000 0.150000 0.675000
0.375000 0.150000 0.750000
0.375000 0.150000 0.825000
0.375000 0.150000 0.900000
0.375000 0.225000 -0.750000
0.375000 0.225000 -0.675000
0.375000 0.225000 -0.600000
0.375000 0.225000 -0.525000
0.375000 0.225000 -0.450000
0.375000 0.225000 -0.375000
0.375000 0.225000 -0.300000
0.375000 0.225000 -0.225000
0.375000 0.225000 -0.150000
0.375000 0.225000 -0.075000
0.375000 0.225000 0.000000
0.375000 0.225000 0.525000
0.375000 0.225000 0.600000
0.375000 0.225000 0.675000
0.375000 0.225000 0.750000
0.375000 0.225000 0.825000
0.375000 0.225000 0.900000
0.375000 0.300000 -0.450000
0.375000 0.300000 -0.375000
0.375000 0.300000 -0.300000
0.375000 0.300000 -0.225000
0.450000 -0.300000 -0.675000
0.450000 -0.300000 -0.600000
0.450000 -0.300000 -0.525000
0.450000 -0.300000 -0.450000
0.450000 -0.300000 -0.375000
0.450000 -0.300000 -0.300000
0.450000 -0.300000 -0.225000
0.450000 -0.300000 -0.150000
0.450000 -0.300000 -0.075000
0.450000 -0.225000 -0.750000
0.450000 -0.225000 -0.675000
0.450000 -0.225000 -0.600000
0.450000 -0.225000 -0.525000
0.450000 -0.225000 -0.450000
0.450000 -0.225000 -0.375000
0.450000 -0.225000 -0.300000
0.450000 -0.225000 -0.225000
0.450000 -0.225000 -0.150000
0.450000 -0.225000 -0.075000
0.450000 -0.225000 0.000000
0.450000 -0.225000 0.600000
0.450000 -0.225000 0.675000
0.450000 -0.225000 0.750000
0.450000 -0.225000 0.825000
0.450000 -0.225000 0.900000
0.450000 -0.150000 -0.750000
0.450000 -0.150000 -0.675000
0.450000 -0.150000 -0.600000
0.450000 -0.150000 -0.525000
0.450000 -0.150000 -0.450000
0.450000 -0.150000 -0.375000
0.450000 -0.150000 -0.300000
0.450000 -0.150000 -0.225000
0.450000 -0.150000 -0.150000
0.450000 -0.150000 -0.075000
0.450000 -0.150000 0.000000
0.450000 -0.150000 0.075000
0.450000 -0.150000 0.525000
0.450000 -0.150000 0.600000
0.450000 -0.150000 0.675000
0.450000 -0.150000 0.750000
0.450000 -0.150000 0.825000
0.450000 -0.150000 0.900000
0.450000 -0.150000 0.975000
0.450000 -0.075000 -0.750000
0.450000 -0.075000 -0.675000
0.450000 -0.075000 -0.600000
0.450000 -0.075000 -0.525000
0.450000 -0.075000 -0.450000
0.450000 -0.075000 -0.375000
0.450000 -0.075000 -0.300000
0.450000 -0.075000 -0.225000
0.450000 -0.075000 -0.150000
0.450000 -0.075000 -0.075000
0.450000 -0.075000 0.000000
0.450000 -0.075000 0.075000
0.450000 -0.075000 0.525000
0.450000 -0.075000 0.600000
0.450000 -0.075000 0.675000
0.450000 -0.075000 0.750000
0.450000 -0.075000 0.825000
0.450000 -0.075000 0.900000
0.450000 -0.075000 0.975000
0.450000 0.000000 -0.750000
0.450000 0.000000 -0.675000
0.450000 0.000000 -0.600000
0.450000 0.000000 -0.525000
0.450000 0.000000 -0.450000
0.450000 0.000000 -0.375000
0.450000 0.000000 -0.300000
0.450000 0.000000 -0.225000
0.450000 0.000000 -0.150000
0.450000 0.000000 -0.075000
0.450000 0.000000 0.000000
0.450000 0.000000 0.075000
0.450000 0.000000 0.525000
0.450000 0.000000 0.600000
0.450000 0.000000 0.675000
0.450000 0.000000 0.750000
0.450000 0.000000 0.825000
0.450000 0.000000 0.900000
0.450000 0.000000 0.975000
0.450000 0.075000 -0.750000
0.450000 0.075000 -0.675000
0.450000 0.075000 -0.600000
0.450000 0.075000 -0.525000
0.450000 0.075000 -0.450000
0.450000 0.075000 -0.375000
0.450000 0.075000 -0.300000
0.450000 0.075000 -0.225000
0.450000 0.075000 -0.150000
0.450000 0.075000 -0.075000
0.450000 0.075000 0.000000
0.450000 0.075000 0.600000
0.450000 0.075000 0.675000
0.450000 0.075000 0.750000
0.450000 0.075000 0.825000
0.450000 0.075000 0.900000
0.450000 0.075000 0.975000
0.450000 0.150000 -0.675000
0.450000 0.150000 -0.600000
0.450000 0.150000 -0.525000
0.450000 0.150000 -0.450000
0.450000 0.150000 -0.375000
0.450000 0.150000 -0.300000
0.450000 0.150000 -0.225000
0.450000 0.150000 -0.150000
0.450000 0.150000 -0.075000
0.450000 0.150000 0.000000
0.450000 0.150000 0.600000
0.450000 0.150000 0.675000
0.450000 0.150000 0.750000
0.450000 0.150000 0.825000
0.450000 0.150000 0.900000
0.450000 0.225000 -0.675000
0.450000 0.225000 -0.600000
0.450000 0.225000 -0.525000
0.450000 0.225000 -0.450000
0.450000 0.225000 -0.375000
0.450000 0.225000 -0.300000
0.450000 0.225000 -0.225000
0.450000 0.225000 -0.150000
0.450000 0.225000 -0.075000
0.450000 0.225000 0.675000
0.450000 0.225000 0.750000
0.450000 0.225000 0.825000
0.450000 0.225000 0.900000
0.525000 -0.300000 -0.300000
0.525000 -0.300000 -0.225000
0.525000 -0.300000 -0.150000
0.525000 -0.225000 -0.600000
0.525000 -0.225000 -0.525000
0.525000 -0.225000 -0.450000
0.525000 -0.225000 -0.375000
0.525000 -0.225000 -0.300000
0.525000 -0.225000 -0.225000
0.525000 -0.225000 -0.150000
0.525000 -0.225000 -0.075000
0.525000 -0.225000 0.675000
0.525000 -0.225000 0.750000
0.525000 -0.225000 0.825000
0.525000 -0.150000 -0.675000
0.525000 -0.150000 -0.600000
0.525000 -0.150000 -0.525000
0.525000 -0.150000 -0.450000
0.525000 -0.150000 -0.375000
0.525000 -0.150000 -0.300000
0.525000 -0.150000 -0.225000
0.525000 -0.150000 -0.150000
0.525000 -0.150000 -0.075000
0.525000 -0.150000 0.000000
0.525000 -0.150000 0.675000
0.525000 -0.150000 0.750000
0.525000 -0.150000 0.825000
0.525000 -0.150000 0.900000
0.525000 -0.075000 -0.675000
0.525000 -0.075000 -0.600000
0.525000 -0.075000 -0.525000
0.525000 -0.075000 -0.450000
0.525000 -0.075000 -0.375000
0.525000 -0.075000 -0.300000
0.525000 -0.075000 -0.225000
0.525000 -0.075000 -0.150000
0.525000 -0.075000 -0.075000
0.525000 -0.075000 0.000000
0.525000 -0.075000 0.675000
0.525000 -0.075000 0.750000
0.525000 -0.075000 0.825000
0.525000 -0.075000 0.900000
0.525000 0.000000 -0.675000
0.525000 0.000000 -0.600000
0.525000 0.000000 -0.525000
0.525000 0.000000 -0.450000
0.525000 0.000000 -0.375000
0.525000 0.000000 -0.300000
0.525000 0.000000 -0.225000
0.525000 0.000000 -0.150000
0.525000 0.000000 -0.075000
0.525000 0.000000 0.000000
0.525000 0.000000 0.675000
0.525000 0.000000 0.750000
0.525000 0.000000 0.825000
0.525000 0.000000 0.900000
0.525000 0.075000 -0.675000
0.525000 0.075000 -0.600000
0.525000 0.075000 -0.525000
0.525000 0.075000 -0.450000
0.525000 0.075000 -0.375000
0.525000 0.075000 -0.300000
0.525000 0.075000 -0.225000
0.525000 0.075000 -0.150000
0.525000 0.075000 -0.075000
0.525000 0.075000 0.000000
0.525000 0.075000 0.675000
0.525000 0.075000 0.750000
0.525000 0.075000 0.825000
0.525000 0.075000 0.900000
0.525000 0.150000 -0.525000
0.525000 0.150000 -0.450000
0.525000 0.150000 -0.375000
0.525000 0.150000 -0.300000
0.525000 0.150000 -0.225000
0.525000 0.150000 -0.150000
0.525000 0.150000 -0.075000
0.525000 0.225000 -0.300000
0.525000 0.225000 -0.225000
0.525000 0.225000 -0.150000
4 0 6 64 52
4 1 53 65 7
4 0 52 53 1
4 64 6 7 65
4 0 1 7 6
4 52 64 65 53
4 1 7 65 53
4 2 54 66 8
4 1 53 54 2
4 65 7 8 66
4 1 2 8 7
4 53 65 66 54
4 3 10 68 56
4 4 57 69 11
4 3 56 57 4
4 68 10 11 69
4 3 4 11 10
4 56 68 69 57
4 4 11 69 57
4 5 58 70 12
4 4 57 58 5
4 69 11 12 70
4 4 5 12 11
4 57 69 70 58
4 6 15 76 64
4 7 65 77 16
4 6 64 65 7
4 76 15 16 77
4 6 7 16 15
4 64 76 77 65
4 7 16 77 65
4 8 66 78 17
4 7 65 66 8
4 77 16 17 78
4 7 8 17 16
4 65 77 78 66
4 8 17 78 66
4 9 67 79 18
4 8 66 67 9
4 78 17 18 79
4 8 9 18 17
4 66 78 79 67
4 9 18 79 67
4 10 68 80 19
4 9 67 68 10
4 79 18 19 80
4 9 10 19 18
4 67 79 80 68
4 10 19 80 68
4 11 69 81 20
4 10 68 69 11
4 80 19 20 81
4 10 11 20 19
4 68 80 81 69
4 11 20 81 69
4 12 70 82 21
4 11 69 70 12
4 81 20 21 82
4 11 12 21 20
4 69 81 82 70
4 12 21 82 70
4 13 71 83 22
4 12 70 71 13
4 82 21 22 83
4 12 13 22 21
4 70 82 83 71
4 13 22 83 71
4 14 72 84 23
4 13 71 72 14
4 83 22 23 84
4 13 14 23 22
4 71 83 84 72
4 15 24 88 76
4 16 77 89 25
4 15 76 77 16
4 88 24 25 89
4 15 16 25 24
4 76 88 89 77
4 16 25 89 77
4 17 78 90 26
4 16 77 78 17
4 89 25 26 90
4 16 17 26 25
4 77 89 90 78
4 18 27 91 79
4 19 80 92 28
4 18 79 80 19
4 91 27 28 92
4 18 19 28 27
4 79 91 92 80
4 19 28 92 80
4 20 81 93 29
4 19 80 81 20
4 92 28 29 93
4 19 20 29 28
4 80 92 93 81
4 20 29 93 81
4 21 82 94 30
4 20 81 82 21
4 93 29 30 94
4 20 21 30 29
4 81 93 94 82
4 21 30 94 82
4 22 83 95 31
4 21 82 83 22
4 94 30 31 95
4 21 22 31 30
4 82 94 95 83
4 32 41 133 120
4 33 121 134 42
4 32 120 121 33
4 133 41 42 134
4 32 33 42 41
4 120 133 134 121
4 33 42 134 121
4 34 122 135 43
4 33 121 122 34
4 134 42 43 135
4 33 34 43 42
4 121 134 135 122
4 34 43 135 122
4 35 123 136 44
4 34 122 123 35
4 135 43 44 136
4 34 35 44 43
4 122 135 136 123
4 35 44 136 123
4 36 124 137 45
4 35 123 124 36
4 136 44 45 137
4 35 36 45 44
4 123 136 137 124
4 36 45 137 124
4 37 125 138 46
4 36 124 125 37
4 137 45 46 138
4 36 37 46 45
4 124 137 138 125
4 37 46 138 125
4 38 126 139 47
4 37 125 126 38
4 138 46 47 139
4 37 38 47 46
4 125 138 139 126
4 38 47 139 126
4 39 127 140 48
4 38 126 127 39
4 139 47 48 140
4 38 39 48 47
4 126 139 140 127
4 40 51 146 132
4 41 133 147 52
4 40 132 133 41
4 146 51 52 147
4 40 41 52 51
4 132 146 147 133
4 41 52 147 133
4 42 134 148 53
4 41 133 134 42
4 147 52 53 148
4 41 42 53 52
4 133 147 148 134
4 42 53 148 134
4 43 135 149 54
4 42 134 135 43
4 148 53 54 149
4 42 43 54 53
4 134 148 149 135
4 43 54 149 135
4 44 136 150 55
4 43 135 136 44
4 149 54 55 150
4 43 44 55 54
4 135 149 150 136
4 44 55 150 136
4 45 137 151 56
4 44 136 137 45
4 150 55 56 151
4 44 45 56 55
4 136 150 151 137
4 45 56 151 137
4 46 138 152 57
4 45 137 138 46
4 151 56 57 152
4 45 46 57 56
4 137 151 152 138
4 46 57 152 138
4 47 139 153 58
4 46 138 139 47
4 152 57 58 153
4 46 47 58 57
4 138 152 153 139
4 47 58 153 139
4 48 140 154 59
4 47 139 140 48
4 153 58 59 154
4 47 48 59 58
4 139 153 154 140
4 48 59 154 140
4 49 141 155 60
4 48 140 141 49
4 154 59 60 155
4 48 49 60 59
4 140 154 155 141
4 49 60 155 141
4 50 142 156 61
4 49 141 142 50
4 155 60 61 156
4 49 50 61 60
4 141 155 156 142
4 51 63 161 146
4 52 147 162 64
4 51 146 147 52
4 161 63 64 162
4 51 52 64 63
4 146 161 162 147
4 52 64 162 147
4 53 148 163 65
4 52 147 148 53
4 162 64 65 163
4 52 53 65 64
4 147 162 163 148
4 53 65 163 148
4 54 149 164 66
4 53 148 149 54
4 163 65 66 164
4 53 54 66 65
4 148 163 164 149
4 54 66 164 149
4 55 150 165 67
4 54 149 150 55
4 164 66 67 165
4 54 55 67 66
4 149 164 165 150
4 55 67 165 150
4 56 151 166 68
4 55 150 151 56
4 165 67 68 166
4 55 56 68 67
4 150 165 166 151
4 56 68 166 151
4 57 152 167 69
4 56 151 152 57
4 166 68 69 167
4 56 57 69 68
4 151 166 167 152
4 57 69 167 152
4 58 153 168 70
4 57 152 153 58
4 167 69 70 168
4 57 58 70 69
4 152 167 168 153
4 58 70 168 153
4 59 154 169 71
4 58 153 154 59
4 168 70 71 169
4 58 59 71 70
4 153 168 169 154
4 59 71 169 154
4 60 155 170 72
4 59 154 155 60
4 169 71 72 170
4 59 60 72 71
4 154 169 170 155
4 60 72 170 155
4 61 156 171 73
4 60 155 156 61
4 170 72 73 171
4 60 61 73 72
4 155 170 171 156
4 61 73 171 156
4 62 157 172 74
4 61 156 157 62
4 171 73 74 172
4 61 62 74 73
4 156 171 172 157
4 63 75 176 161
4 64 162 177 76
4 63 161 162 64
4 176 75 76 177
4 63 64 76 75
4 161 176 177 162
4 64 76 177 162
4 65 163 178 77
4 64 162 163 65
4 177 76 77 178
4 64 65 77 76
4 162 177 178 163
4 65 77 178 163
4 66 164 179 78
4 65 163 164 66
4 178 77 78 179
4 65 66 78 77
4 163 178 179 164
4 66 78 179 164
4 67 165 180 79
4 66 164 165 67
4 179 78 79 180
4 66 67 79 78
4 164 179 180 165
4 67 79 180 165
4 68 166 181 80
4 67 165 166 68
4 180 79 80 181
4 67 68 80 79
4 165 180 181 166
4 68 80 181 166
4 69 167 182 81
4 68 166 167 69
4 181 80 81 182
4 68 69 81 80
4 166 181 182 167
4 69 81 182 167
4 70 168 183 82
4 69 167 168 70
4 182 81 82 183
4 69 70 82 81
4 167 182 183 168
4 70 82 183 168
4 71 169 184 83
4 70 168 169 71
4 183 82 83 184
4 70 71 83 82
4 168 183 184 169
4 71 83 184 169
4 72 170 185 84
4 71 169 170 72
4 184 83 84 185
4 71 72 84 83
4 169 184 185 170
4 72 84 185 170
4 73 171 186 85
4 72 170 171 73
4 185 84 85 186
4 72 73 85 84
4 170 185 186 171
4 73 85 186 171
4 74 172 187 86
4 73 171 172 74
4 186 85 86 187
4 73 74 86 85
4 171 186 187 172
4 75 87 191 176
4 76 177 192 88
4 75 176 177 76
4 191 87 88 192
4 75 76 88 87
4 176 191 192 177
4 76 88 192 177
4 77 178 193 89
4 76 177 178 77
4 192 88 89 193
4 76 77 89 88
4 177 192 193 178
4 77 89 193 178
4 78 179 194 90
4 77 178 179 78
4 193 89 90 194
4 77 78 90 89
4 178 193 194 179
4 78 90 194 179
4 79 180 195 91
4 78 179 180 79
4 194 90 91 195
4 78 79 91 90
4 179 194 195 180
4 79 91 195 180
4 80 181 196 92
4 79 180 181 80
4 195 91 92 196
4 79 80 92 91
4 180 195 196 181
4 80 92 196 181
4 81 182 197 93
4 80 181 182 81
4 196 92 93 197
4 80 81 93 92
4 181 196 197 182
4 81 93 197 182
4 82 183 198 94
4 81 182 183 82
4 197 93 94 198
4 81 82 94 93
4 182 197 198 183
4 82 94 198 183
4 83 184 199 95
4 82 183 184 83
4 198 94 95 199
4 82 83 95 94
4 183 198 199 184
4 83 95 199 184
4 84 185 200 96
4 83 184 185 84
4 199 95 96 200
4 83 84 96 95
4 184 199 200 185
4 84 96 200 185
4 85 186 201 97
4 84 185 186 85
4 200 96 97 201
4 84 85 97 96
4 185 200 201 186
4 85 97 201 186
4 86 187 202 98
4 85 186 187 86
4 201 97 98 202
4 85 86 98 97
4 186 201 202 187
4 87 99 206 191
4 88 192 207 100
4 87 191 192 88
4 206 99 100 207
4 87 88 100 99
4 191 206 207 192
4 88 100 207 192
4 89 193 208 101
4 88 192 193 89
4 207 100 101 208
4 88 89 101 100
4 192 207 208 193
4 89 101 208 193
4 90 194 209 102
4 89 193 194 90
4 208 101 102 209
4 89 90 102 101
4 193 208 209 194
4 90 102 209 194
4 91 195 210 103
4 90 194 195 91
4 209 102 103 210
4 90 91 103 102
4 194 209 210 195
4 91 103 210 195
4 92 196 211 104
4 91 195 196 92
4 210 103 104 211
4 91 92 104 103
4 195 210 211 196
4 92 104 211 196
4 93 197 212 105
4 92 196 197 93
4 211 104 105 212
4 92 93 105 104
4 196 211 212 197
4 93 105 212 197
4 94 198 213 106
4 93 197 198 94
4 212 105 106 213
4 93 94 106 105
4 197 212 213 198
4 94 106 213 198
4 95 199 214 107
4 94 198 199 95
4 213 106 107 214
4 94 95 107 106
4 198 213 214 199
4 95 107 214 199
4 96 200 215 108
4 95 199 200 96
4 214 107 108 215
4 95 96 108 107
4 199 214 215 200
4 96 108 215 200
4 97 201 216 109
4 96 200 201 97
4 215 108 109 216
4 96 97 109 108
4 200 215 216 201
4 97 109 216 201
4 98 202 217 110
4 97 201 202 98
4 216 109 110 217
4 97 98 110 109
4 201 216 217 202
4 100 111 221 207
4 101 208 222 112
4 100 207 208 101
4 221 111 112 222
4 100 101 112 111
4 207 221 222 208
4 101 112 222 208
4 102 209 223 113
4 101 208 209 102
4 222 112 113 223
4 101 102 113 112
4 208 222 223 209
4 102 113 223 209
4 103 210 224 114
4 102 209 210 103
4 223 113 114 224
4 102 103 114 113
4 209 223 224 210
4 103 114 224 210
4 104 211 225 115
4 103 210 211 104
4 224 114 115 225
4 103 104 115 114
4 210 224 225 211
4 104 115 225 211
4 105 212 226 116
4 104 211 212 105
4 225 115 116 226
4 104 105 116 115
4 211 225 226 212
4 105 116 226 212
4 106 213 227 117
4 105 212 213 106
4 226 116 117 227
4 105 106 117 116
4 212 226 227 213
4 106 117 227 213
4 107 214 228 118
4 106 213 214 107
4 227 117 118 228
4 106 107 118 117
4 213 227 228 214
4 119 132 247 232
4 120 233 248 133
4 119 232 233 120
4 247 132 133 248
4 119 120 133 132
4 232 247 248 233
4 120 133 248 233
4 121 234 249 134
4 120 233 234 121
4 248 133 134 249
4 120 121 134 133
4 233 248 249 234
4 121 134 249 234
4 122 235 250 135
4 121 234 235 122
4 249 134 135 250
4 121 122 135 134
4 234 249 250 235
4 122 135 250 235
4 123 236 251 136
4 122 235 236 123
4 250 135 136 251
4 122 123 136 135
4 235 250 251 236
4 123 136 251 236
4 124 237 252 137
4 123 236 237 124
4 251 136 137 252
4 123 124 137 136
4 236 251 252 237
4 124 137 252 237
4 125 238 253 138
4 124 237 238 125
4 252 137 138 253
4 124 125 138 137
4 237 252 253 238
4 125 138 253 238
4 126 239 254 139
4 125 238 239 126
4 253 138 139 254
4 125 126 139 138
4 238 253 254 239
4 126 139 254 239
4 127 240 255 140
4 126 239 240 127
4 254 139 140 255
4 126 127 140 139
4 239 254 255 240
4 127 140 255 240
4 128 241 256 141
4 127 240 241 128
4 255 140 141 256
4 127 128 141 140
4 240 255 256 241
4 128 141 256 241
4 129 242 257 142
4 128 241 242 129
4 256 141 142 257
4 128 129 142 141
4 241 256 257 242
4 129 142 257 242
4 130 243 258 143
4 129 242 243 130
4 257 142 143 258
4 129 130 143 142
4 242 257 258 243
4 131 145 262 246
4 132 247 263 146
4 131 246 247 132
4 262 145 146 263
4 131 132 146 145
4 246 262 263 247
4 132 146 263 247
4 133 248 264 147
4 132 247 248 133
4 263 146 147 264
4 132 133 147 146
4 247 263 264 248
4 133 147 264 248
4 134 249 265 148
4 133 248 249 134
4 264 147 148 265
4 133 134 148 147
4 248 264 265 249
4 139 153 270 254
4 140 255 271 154
4 139 254 255 140
4 270 153 154 271
4 139 140 154 153
4 254 270 271 255
4 140 154 271 255
4 141 256 272 155
4 140 255 256 141
4 271 154 155 272
4 140 141 155 154
4 255 271 272 256
4 141 155 272 256
4 142 257 273 156
4 141 256 257 142
4 272 155 156 273
4 141 142 156 155
4 256 272 273 257
4 142 156 273 257
4 143 258 274 157
4 142 257 258 143
4 273 156 157 274
4 142 143 157 156
4 257 273 274 258
4 143 157 274 258
4 144 259 275 158
4 143 258 259 144
4 274 157 158 275
4 143 144 158 157
4 258 274 275 259
4 145 160 279 262
4 146 263 280 161
4 145 262 263 146
4 279 160 161 280
4 145 146 161 160
4 262 279 280 263
4 146 161 280 263
4 147 264 281 162
4 146 263 264 147
4 280 161 162 281
4 146 147 162 161
4 263 280 281 264
4 155 170 282 272
4 156 273 283 171
4 155 272 273 156
4 282 170 171 283
4 155 156 171 170
4 272 282 283 273
4 156 171 283 273
4 157 274 284 172
4 156 273 274 157
4 283 171 172 284
4 156 157 172 171
4 273 283 284 274
4 157 172 284 274
4 158 275 285 173
4 157 274 275 158
4 284 172 173 285
4 157 158 173 172
4 274 284 285 275
4 158 173 285 275
4 159 276 286 174
4 158 275 276 159
4 285 173 174 286
4 158 159 174 173
4 275 285 286 276
4 160 175 289 279
4 161 280 290 176
4 160 279 280 161
4 289 175 176 290
4 160 161 176 175
4 279 289 290 280
4 161 176 290 280
4 162 281 291 177
4 161 280 281 162
4 290 176 177 291
4 161 162 177 176
4 280 290 291 281
4 171 186 292 283
4 172 284 293 187
4 171 283 284 172
4 292 186 187 293
4 171 172 187 186
4 283 292 293 284
4 172 187 293 284
4 173 285 294 188
4 172 284 285 173
4 293 187 188 294
4 172 173 188 187
4 284 293 294 285
4 173 188 294 285
4 174 286 295 189
4 173 285 286 174
4 294 188 189 295
4 173 174 189 188
4 285 294 295 286
4 175 190 298 289
4 176 290 299 191
4 175 289 290 176
4 298 190 191 299
4 175 176 191 190
4 289 298 299 290
4 176 191 299 290
4 177 291 300 192
4 176 290 291 177
4 299 191 192 300
4 176 177 192 191
4 290 299 300 291
4 186 201 309 292
4 187 293 310 202
4 186 292 293 187
4 309 201 202 310
4 186 187 202 201
4 292 309 310 293
4 187 202 310 293
4 188 294 311 203
4 187 293 294 188
4 310 202 203 311
4 187 188 203 202
4 293 310 311 294
4 188 203 311 294
4 189 295 312 204
4 188 294 295 189
4 311 203 204 312
4 188 189 204 203
4 294 311 312 295
4 190 205 314 298
4 191 299 315 206
4 190 298 299 191
4 314 205 206 315
4 190 191 206 205
4 298 314 315 299
4 191 206 315 299
4 192 300 316 207
4 191 299 300 192
4 315 206 207 316
4 191 192 207 206
4 299 315 316 300
4 192 207 316 300
4 193 301 317 208
4 192 300 301 193
4 316 207 208 317
4 192 193 208 207
4 300 316 317 301
4 198 213 322 306
4 199 307 323 214
4 198 306 307 199
4 322 213 214 323
4 198 199 214 213
4 306 322 323 307
4 199 214 323 307
4 200 308 324 215
4 199 307 308 200
4 323 214 215 324
4 199 200 215 214
4 307 323 324 308
4 200 215 324 308
4 201 309 325 216
4 200 308 309 201
4 324 215 216 325
4 200 201 216 215
4 308 324 325 309
4 201 216 325 309
4 202 310 326 217
4 201 309 310 202
4 325 216 217 326
4 201 202 217 216
4 309 325 326 310
4 202 217 326 310
4 203 311 327 218
4 202 310 311 203
4 326 217 218 327
4 202 203 218 217
4 310 326 327 311
4 203 218 327 311
4 204 312 328 219
4 203 311 312 204
4 327 218 219 328
4 203 204 219 218
4 311 327 328 312
4 206 220 330 315
4 207 316 331 221
4 206 315 316 207
4 330 220 221 331
4 206 207 221 220
4 315 330 331 316
4 207 221 331 316
4 208 317 332 222
4 207 316 317 208
4 331 221 222 332
4 207 208 222 221
4 316 331 332 317
4 208 222 332 317
4 209 318 333 223
4 208 317 318 209
4 332 222 223 333
4 208 209 223 222
4 317 332 333 318
4 209 223 333 318
4 210 319 334 224
4 209 318 319 210
4 333 223 224 334
4 209 210 224 223
4 318 333 334 319
4 210 224 334 319
4 211 320 335 225
4 210 319 320 211
4 334 224 225 335
4 210 211 225 224
4 319 334 335 320
4 211 225 335 320
4 212 321 336 226
4 211 320 321 212
4 335 225 226 336
4 211 212 226 225
4 320 335 336 321
4 212 226 336 321
4 213 322 337 227
4 212 321 322 213
4 336 226 227 337
4 212 213 227 226
4 321 336 337 322
4 213 227 337 322
4 214 323 338 228
4 213 322 323 214
4 337 227 228 338
4 213 214 228 227
4 322 337 338 323
4 214 228 338 323
4 215 324 339 229
4 214 323 324 215
4 338 228 229 339
4 214 215 229 228
4 323 338 339 324
4 215 229 339 324
4 216 325 340 230
4 215 324 325 216
4 339 229 230 340
4 215 216 230 229
4 324 339 340 325
4 216 230 340 325
4 217 326 341 231
4 216 325 326 217
4 340 230 231 341
4 216 217 231 230
4 325 340 341 326
4 232 247 361 345
4 233 346 362 248
4 232 345 346 233
4 361 247 248 362
4 232 233 248 247
4 345 361 362 346
4 233 248 362 346
4 234 347 363 249
4 233 346 347 234
4 362 248 249 363
4 233 234 249 248
4 346 362 363 347
4 234 249 363 347
4 235 348 364 250
4 234 347 348 235
4 363 249 250 364
4 234 235 250 249
4 347 363 364 348
4 235 250 364 348
4 236 349 365 251
4 235 348 349 236
4 364 250 251 365
4 235 236 251 250
4 348 364 365 349
4 236 251 365 349
4 237 350 366 252
4 236 349 350 237
4 365 251 252 366
4 236 237 252 251
4 349 365 366 350
4 237 252 366 350
4 238 351 367 253
4 237 350 351 238
4 366 252 253 367
4 237 238 253 252
4 350 366 367 351
4 238 253 367 351
4 239 352 368 254
4 238 351 352 239
4 367 253 254 368
4 238 239 254 253
4 351 367 368 352
4 239 254 368 352
4 240 353 369 255
4 239 352 353 240
4 368 254 255 369
4 239 240 255 254
4 352 368 369 353
4 240 255 369 353
4 241 354 370 256
4 240 353 354 241
4 369 255 256 370
4 240 241 256 255
4 353 369 370 354
4 241 256 370 354
4 242 355 371 257
4 241 354 355 242
4 370 256 257 371
4 241 242 257 256
4 354 370 371 355
4 242 257 371 355
4 243 356 372 258
4 242 355 356 243
4 371 257 258 372
4 242 243 258 257
4 355 371 372 356
4 243 258 372 356
4 244 357 373 259
4 243 356 357 244
4 372 258 259 373
4 243 244 259 258
4 356 372 373 357
4 244 259 373 357
4 245 358 374 260
4 244 357 358 245
4 373 259 260 374
4 244 245 260 259
4 357 373 374 358
4 246 262 377 360
4 247 361 378 263
4 246 360 361 247
4 377 262 263 378
4 246 247 263 262
4 360 377 378 361
4 247 263 378 361
4 248 362 379 264
4 247 361 362 248
4 378 263 264 379
4 247 248 264 263
4 361 378 379 362
4 250 266 381 364
4 251 365 382 267
4 250 364 365 251
4 381 266 267 382
4 250 251 267 266
4 364 381 382 365
4 251 267 382 365
4 252 366 383 268
4 251 365 366 252
4 382 267 268 383
4 251 252 268 267
4 365 382 383 366
4 252 268 383 366
4 253 367 384 269
4 252 366 367 253
4 383 268 269 384
4 252 253 269 268
4 366 383 384 367
4 253 269 384 367
4 254 368 385 270
4 253 367 368 254
4 384 269 270 385
4 253 254 270 269
4 367 384 385 368
4 257 273 388 371
4 258 372 389 274
4 257 371 372 258
4 388 273 274 389
4 257 258 274 273
4 371 388 389 372
4 258 274 389 372
4 259 373 390 275
4 258 372 373 259
4 389 274 275 390
4 258 259 275 274
4 372 389 390 373
4 259 275 390 373
4 260 374 391 276
4 259 373 374 260
4 390 275 276 391
4 259 260 276 275
4 373 390 391 374
4 260 276 391 374
4 261 375 392 277
4 260 374 375 261
4 391 276 277 392
4 260 261 277 276
4 374 391 392 375
4 262 279 395 377
4 263 378 396 280
4 262 377 378 263
4 395 279 280 396
4 262 263 280 279
4 377 395 396 378
4 274 284 404 389
4 275 390 405 285
4 274 389 390 275
4 404 284 285 405
4 274 275 285 284
4 389 404 405 390
4 275 285 405 390
4 276 391 406 286
4 275 390 391 276
4 405 285 286 406
4 275 276 286 285
4 390 405 406 391
4 276 286 406 391
4 277 392 407 287
4 276 391 392 277
4 406 286 287 407
4 276 277 287 286
4 391 406 407 392
4 277 287 407 392
4 278 393 408 288
4 277 392 393 278
4 407 287 288 408
4 277 278 288 287
4 392 407 408 393
4 279 289 410 395
4 280 396 411 290
4 279 395 396 280
4 410 289 290 411
4 279 280 290 289
4 395 410 411 396
4 285 294 421 405
4 286 406 422 295
4 285 405 406 286
4 421 294 295 422
4 285 286 295 294
4 405 421 422 406
4 286 295 422 406
4 287 407 423 296
4 286 406 407 287
4 422 295 296 423
4 286 287 296 295
4 406 422 423 407
4 287 296 423 407
4 288 408 424 297
4 287 407 408 288
4 423 296 297 424
4 287 288 297 296
4 407 423 424 408
4 289 298 426 410
4 290 411 427 299
4 289 410 411 290
4 426 298 299 427
4 289 290 299 298
4 410 426 427 411
4 290 299 427 411
4 291 412 428 300
4 290 411 412 291
4 427 299 300 428
4 290 291 300 299
4 411 427 428 412
4 294 311 439 421
4 295 422 440 312
4 294 421 422 295
4 439 311 312 440
4 294 295 312 311
4 421 439 440 422
4 295 312 440 422
4 296 423 441 313
4 295 422 423 296
4 440 312 313 441
4 295 296 313 312
4 422 440 441 423
4 298 314 444 426
4 299 427 445 315
4 298 426 427 299
4 444 314 315 445
4 298 299 315 314
4 426 444 445 427
4 299 315 445 427
4 300 428 446 316
4 299 427 428 300
4 445 315 316 446
4 299 300 316 315
4 427 445 446 428
4 302 318 448 430
4 303 431 449 319
4 302 430 431 303
4 448 318 319 449
4 302 303 319 318
4 430 448 449 431
4 303 319 449 431
4 304 432 450 320
4 303 431 432 304
4 449 319 320 450
4 303 304 320 319
4 431 449 450 432
4 304 320 450 432
4 305 433 451 321
4 304 432 433 305
4 450 320 321 451
4 304 305 321 320
4 432 450 451 433
4 305 321 451 433
4 306 434 452 322
4 305 433 434 306
4 451 321 322 452
4 305 306 322 321
4 433 451 452 434
4 309 325 455 437
4 310 438 456 326
4 309 437 438 310
4 455 325 326 456
4 309 310 326 325
4 437 455 456 438
4 310 326 456 438
4 311 439 457 327
4 310 438 439 311
4 456 326 327 457
4 310 311 327 326
4 438 456 457 439
4 311 327 457 439
4 312 440 458 328
4 311 439 440 312
4 457 327 328 458
4 311 312 328 327
4 439 457 458 440
4 312 328 458 440
4 313 441 459 329
4 312 440 441 313
4 458 328 329 459
4 312 313 329 328
4 440 458 459 441
4 315 330 461 445
4 316 446 462 331
4 315 445 446 316
4 461 330 331 462
4 315 316 331 330
4 445 461 462 446
4 316 331 462 446
4 317 447 463 332
4 316 446 447 317
4 462 331 332 463
4 316 317 332 331
4 446 462 463 447
4 317 332 463 447
4 318 448 464 333
4 317 447 448 318
4 463 332 333 464
4 317 318 333 332
4 447 463 464 448
4 318 333 464 448
4 319 449 465 334
4 318 448 449 319
4 464 333 334 465
4 318 319 334 333
4 448 464 465 449
4 319 334 465 449
4 320 450 466 335
4 319 449 450 320
4 465 334 335 466
4 319 320 335 334
4 449 465 466 450
4 320 335 466 450
4 321 451 467 336
4 320 450 451 321
4 466 335 336 467
4 320 321 336 335
4 450 466 467 451
4 321 336 467 451
4 322 452 468 337
4 321 451 452 322
4 467 336 337 468
4 321 322 337 336
4 451 467 468 452
4 322 337 468 452
4 323 453 469 338
4 322 452 453 323
4 468 337 338 469
4 322 323 338 337
4 452 468 469 453
4 323 338 469 453
4 324 454 470 339
4 323 453 454 324
4 469 338 339 470
4 323 324 339 338
4 453 469 470 454
4 324 339 470 454
4 325 455 471 340
4 324 454 455 325
4 470 339 340 471
4 324 325 340 339
4 454 470 471 455
4 325 340 471 455
4 326 456 472 341
4 325 455 456 326
4 471 340 341 472
4 325 326 341 340
4 455 471 472 456
4 326 341 472 456
4 327 457 473 342
4 326 456 457 327
4 472 341 342 473
4 326 327 342 341
4 456 472 473 457
4 327 342 473 457
4 328 458 474 343
4 327 457 458 328
4 473 342 343 474
4 327 328 343 342
4 457 473 474 458
4 344 360 493 476
4 345 477 494 361
4 344 476 477 345
4 493 360 361 494
4 344 345 361 360
4 476 493 494 477
4 345 361 494 477
4 346 478 495 362
4 345 477 478 346
4 494 361 362 495
4 345 346 362 361
4 477 494 495 478
4 346 362 495 478
4 347 479 496 363
4 346 478 479 347
4 495 362 363 496
4 346 347 363 362
4 478 495 496 479
4 347 363 496 479
4 348 480 497 364
4 347 479 480 348
4 496 363 364 497
4 347 348 364 363
4 479 496 497 480
4 348 364 497 480
4 349 481 498 365
4 348 480 481 349
4 497 364 365 498
4 348 349 365 364
4 480 497 498 481
4 351 367 500 482
4 352 483 501 368
4 351 482 483 352
4 500 367 368 501
4 351 352 368 367
4 482 500 501 483
4 352 368 501 483
4 353 484 502 369
4 352 483 484 353
4 501 368 369 502
4 352 353 369 368
4 483 501 502 484
4 353 369 502 484
4 354 485 503 370
4 353 484 485 354
4 502 369 370 503
4 353 354 370 369
4 484 502 503 485
4 354 370 503 485
4 355 486 504 371
4 354 485 486 355
4 503 370 371 504
4 354 355 371 370
4 485 503 504 486
4 355 371 504 486
4 356 487 505 372
4 355 486 487 356
4 504 371 372 505
4 355 356 372 371
4 486 504 505 487
4 356 372 505 487
4 357 488 506 373
4 356 487 488 357
4 505 372 373 506
4 356 357 373 372
4 487 505 506 488
4 357 373 506 488
4 358 489 507 374
4 357 488 489 358
4 506 373 374 507
4 357 358 374 373
4 488 506 507 489
4 358 374 507 489
4 359 490 508 375
4 358 489 490 359
4 507 374 375 508
4 358 359 375 374
4 489 507 508 490
4 360 377 512 493
4 361 494 513 378
4 360 493 494 361
4 512 377 378 513
4 360 361 378 377
4 493 512 513 494
4 361 378 513 494
4 362 495 514 379
4 361 494 495 362
4 513 378 379 514
4 361 362 379 378
4 494 513 514 495
4 363 380 515 496
4 364 497 516 381
4 363 496 497 364
4 515 380 381 516
4 363 364 381 380
4 496 515 516 497
4 364 381 516 497
4 365 498 517 382
4 364 497 498 365
4 516 381 382 517
4 364 365 382 381
4 497 516 517 498
4 365 382 517 498
4 366 499 518 383
4 365 498 499 366
4 517 382 383 518
4 365 366 383 382
4 498 517 518 499
4 366 383 518 499
4 367 500 519 384
4 366 499 500 367
4 518 383 384 519
4 366 367 384 383
4 499 518 519 500
4 367 384 519 500
4 368 501 520 385
4 367 500 501 368
4 519 384 385 520
4 367 368 385 384
4 500 519 520 501
4 368 385 520 501
4 369 502 521 386
4 368 501 502 369
4 520 385 386 521
4 368 369 386 385
4 501 520 521 502
4 369 386 521 502
4 370 503 522 387
4 369 502 503 370
4 521 386 387 522
4 369 370 387 386
4 502 521 522 503
4 370 387 522 503
4 371 504 523 388
4 370 503 504 371
4 522 387 388 523
4 370 371 388 387
4 503 522 523 504
4 373 390 525 506
4 374 507 526 391
4 373 506 507 374
4 525 390 391 526
4 373 374 391 390
4 506 525 526 507
4 374 391 526 507
4 375 508 527 392
4 374 507 508 375
4 526 391 392 527
4 374 375 392 391
4 507 526 527 508
4 375 392 527 508
4 376 509 528 393
4 375 508 509 376
4 527 392 393 528
4 375 376 393 392
4 508 527 528 509
4 377 395 531 512
4 378 513 532 396
4 377 512 513 378
4 531 395 396 532
4 377 378 396 395
4 512 531 532 513
4 381 397 534 516
4 382 517 535 398
4 381 516 517 382
4 534 397 398 535
4 381 382 398 397
4 516 534 535 517
4 382 398 535 517
4 383 518 536 399
4 382 517 518 383
4 535 398 399 536
4 382 383 399 398
4 517 535 536 518
4 383 399 536 518
4 384 519 537 400
4 383 518 519 384
4 536 399 400 537
4 383 384 400 399
4 518 536 537 519
4 384 400 537 519
4 385 520 538 401
4 384 519 520 385
4 537 400 401 538
4 384 385 401 400
4 519 537 538 520
4 385 401 538 520
4 386 521 539 402
4 385 520 521 386
4 538 401 402 539
4 385 386 402 401
4 520 538 539 521
4 386 402 539 521
4 387 522 540 403
4 386 521 522 387
4 539 402 403 540
4 386 387 403 402
4 521 539 540 522
4 391 406 543 526
4 392 527 544 407
4 391 526 527 392
4 543 406 407 544
4 391 392 407 406
4 526 543 544 527
4 392 407 544 527
4 393 528 545 408
4 392 527 528 393
4 544 407 408 545
4 392 393 408 407
4 527 544 545 528
4 393 408 545 528
4 394 529 546 409
4 393 528 529 394
4 545 408 409 546
4 393 394 409 408
4 528 545 546 529
4 395 410 548 531
4 396 532 549 411
4 395 531 532 396
4 548 410 411 549
4 395 396 411 410
4 531 548 549 532
4 397 414 551 534
4 398 535 552 415
4 397 534 535 398
4 551 414 415 552
4 397 398 415 414
4 534 551 552 535
4 398 415 552 535
4 399 536 553 416
4 398 535 536 399
4 552 415 416 553
4 398 399 416 415
4 535 552 553 536
4 399 416 553 536
4 400 537 554 417
4 399 536 537 400
4 553 416 417 554
4 399 400 417 416
4 536 553 554 537
4 400 417 554 537
4 401 538 555 418
4 400 537 538 401
4 554 417 418 555
4 400 401 418 417
4 537 554 555 538
4 401 418 555 538
4 402 539 556 419
4 401 538 539 402
4 555 418 419 556
4 401 402 419 418
4 538 555 556 539
4 406 422 560 543
4 407 544 561 423
4 406 543 544 407
4 560 422 423 561
4 406 407 423 422
4 543 560 561 544
4 407 423 561 544
4 408 545 562 424
4 407 544 545 408
4 561 423 424 562
4 407 408 424 423
4 544 561 562 545
4 408 424 562 545
4 409 546 563 425
4 408 545 546 409
4 562 424 425 563
4 408 409 425 424
4 545 562 563 546
4 410 426 565 548
4 411 549 566 427
4 410 548 549 411
4 565 426 427 566
4 410 411 427 426
4 548 565 566 549
4 413 429 568 550
4 414 551 569 430
4 413 550 551 414
4 568 429 430 569
4 413 414 430 429
4 550 568 569 551
4 414 430 569 551
4 415 552 570 431
4 414 551 552 415
4 569 430 431 570
4 414 415 431 430
4 551 569 570 552
4 415 431 570 552
4 416 553 571 432
4 415 552 553 416
4 570 431 432 571
4 415 416 432 431
4 552 570 571 553
4 416 432 571 553
4 417 554 572 433
4 416 553 554 417
4 571 432 433 572
4 416 417 433 432
4 553 571 572 554
4 417 433 572 554
4 418 555 573 434
4 417 554 555 418
4 572 433 434 573
4 417 418 434 433
4 554 572 573 555
4 418 434 573 555
4 419 556 574 435
4 418 555 556 419
4 573 434 435 574
4 418 419 435 434
4 555 573 574 556
4 419 435 574 556
4 420 557 575 436
4 419 556 557 420
4 574 435 436 575
4 419 420 436 435
4 556 574 575 557
4 422 440 579 560
4 423 561 580 441
4 422 560 561 423
4 579 440 441 580
4 422 423 441 440
4 560 579 580 561
4 423 441 580 561
4 424 562 581 442
4 423 561 562 424
4 580 441 442 581
4 423 424 442 441
4 561 580 581 562
4 424 442 581 562
4 425 563 582 443
4 424 562 563 425
4 581 442 443 582
4 424 425 443 442
4 562 581 582 563
4 426 444 584 565
4 427 566 585 445
4 426 565 566 427
4 584 444 445 585
4 426 427 445 444
4 565 584 585 566
4 427 445 585 566
4 428 567 586 446
4 427 566 567 428
4 585 445 446 586
4 427 428 446 445
4 566 585 586 567
4 429 447 587 568
4 430 569 588 448
4 429 568 569 430
4 587 447 448 588
4 429 430 448 447
4 568 587 588 569
4 430 448 588 569
4 431 570 589 449
4 430 569 570 431
4 588 448 449 589
4 430 431 449 448
4 569 588 589 570
4 431 449 589 570
4 432 571 590 450
4 431 570 571 432
4 589 449 450 590
4 431 432 450 449
4 570 589 590 571
4 432 450 590 571
4 433 572 591 451
4 432 571 572 433
4 590 450 451 591
4 432 433 451 450
4 571 590 591 572
4 433 451 591 572
4 434 573 592 452
4 433 572 573 434
4 591 451 452 592
4 433 434 452 451
4 572 591 592 573
4 434 452 592 573
4 435 574 593 453
4 434 573 574 435
4 592 452 453 593
4 434 435 453 452
4 573 592 593 574
4 435 453 593 574
4 436 575 594 454
4 435 574 575 436
4 593 453 454 594
4 435 436 454 453
4 574 593 594 575
4 436 454 594 575
4 437 576 595 455
4 436 575 576 437
4 594 454 455 595
4 436 437 455 454
4 575 594 595 576
4 439 457 597 578
4 440 579 598 458
4 439 578 579 440
4 597 457 458 598
4 439 440 458 457
4 578 597 598 579
4 440 458 598 579
4 441 580 599 459
4 440 579 580 441
4 598 458 459 599
4 440 441 459 458
4 579 598 599 580
4 441 459 599 580
4 442 581 600 460
4 441 580 581 442
4 599 459 460 600
4 441 442 460 459
4 580 599 600 581
4 445 461 603 585
4 446 586 604 462
4 445 585 586 446
4 603 461 462 604
4 445 446 462 461
4 585 603 604 586
4 446 462 604 586
4 447 587 605 463
4 446 586 587 447
4 604 462 463 605
4 446 447 463 462
4 586 604 605 587
4 447 463 605 587
4 448 588 606 464
4 447 587 588 448
4 605 463 464 606
4 447 448 464 463
4 587 605 606 588
4 448 464 606 588
4 449 589 607 465
4 448 588 589 449
4 606 464 465 607
4 448 449 465 464
4 588 606 607 589
4 451 467 608 591
4 452 592 609 468
4 451 591 592 452
4 608 467 468 609
4 451 452 468 467
4 591 608 609 592
4 452 468 609 592
4 453 593 610 469
4 452 592 593 453
4 609 468 469 610
4 452 453 469 468
4 592 609 610 593
4 453 469 610 593
4 454 594 611 470
4 453 593 594 454
4 610 469 470 611
4 453 454 470 469
4 593 610 611 594
4 454 470 611 594
4 455 595 612 471
4 454 594 595 455
4 611 470 471 612
4 454 455 471 470
4 594 611 612 595
4 455 471 612 595
4 456 596 613 472
4 455 595 596 456
4 612 471 472 613
4 455 456 472 471
4 595 612 613 596
4 456 472 613 596
4 457 597 614 473
4 456 596 597 457
4 613 472 473 614
4 456 457 473 472
4 596 613 614 597
4 457 473 614 597
4 458 598 615 474
4 457 597 598 458
4 614 473 474 615
4 457 458 474 473
4 597 614 615 598
4 458 474 615 598
4 459 599 616 475
4 458 598 599 459
4 615 474 475 616
4 458 459 475 474
4 598 615 616 599
4 476 493 634 619
4 477 620 635 494
4 476 619 620 477
4 634 493 494 635
4 476 477 494 493
4 619 634 635 620
4 477 494 635 620
4 478 621 636 495
4 477 620 621 478
4 635 494 495 636
4 477 478 495 494
4 620 635 636 621
4 478 495 636 621
4 479 622 637 496
4 478 621 622 479
4 636 495 496 637
4 478 479 496 495
4 621 636 637 622
4 479 496 637 622
4 480 623 638 497
4 479 622 623 480
4 637 496 497 638
4 479 480 497 496
4 622 637 638 623
4 485 503 641 624
4 486 625 642 504
4 485 624 625 486
4 641 503 504 642
4 485 486 504 503
4 624 641 642 625
4 486 504 642 625
4 487 626 643 505
4 486 625 626 487
4 642 504 505 643
4 486 487 505 504
4 625 642 643 626
4 487 505 643 626
4 488 627 644 506
4 487 626 627 488
4 643 505 506 644
4 487 488 506 505
4 626 643 644 627
4 488 506 644 627
4 489 628 645 507
4 488 627 628 489
4 644 506 507 645
4 488 489 507 506
4 627 644 645 628
4 489 507 645 628
4 490 629 646 508
4 489 628 629 490
4 645 507 508 646
4 489 490 508 507
4 628 645 646 629
4 490 508 646 629
4 491 630 647 509
4 490 629 630 491
4 646 508 509 647
4 490 491 509 508
4 629 646 647 630
4 491 509 647 630
4 492 631 648 510
4 491 630 631 492
4 647 509 510 648
4 491 492 510 509
4 630 647 648 631
4 493 512 651 634
4 494 635 652 513
4 493 634 635 494
4 651 512 513 652
4 493 494 513 512
4 634 651 652 635
4 495 514 653 636
4 496 637 654 515
4 495 636 637 496
4 653 514 515 654
4 495 496 515 514
4 636 653 654 637
4 496 515 654 637
4 497 638 655 516
4 496 637 638 497
4 654 515 516 655
4 496 497 516 515
4 637 654 655 638
4 497 516 655 638
4 498 639 656 517
4 497 638 639 498
4 655 516 517 656
4 497 498 517 516
4 638 655 656 639
4 502 521 658 640
4 503 641 659 522
4 502 640 641 503
4 658 521 522 659
4 502 503 522 521
4 640 658 659 641
4 503 522 659 641
4 504 642 660 523
4 503 641 642 504
4 659 522 523 660
4 503 504 523 522
4 641 659 660 642
4 504 523 660 642
4 505 643 661 524
4 504 642 643 505
4 660 523 524 661
4 504 505 524 523
4 642 660 661 643
4 505 524 661 643
4 506 644 662 525
4 505 643 644 506
4 661 524 525 662
4 505 506 525 524
4 643 661 662 644
4 507 526 663 645
4 508 646 664 527
4 507 645 646 508
4 663 526 527 664
4 507 508 527 526
4 645 663 664 646
4 508 527 664 646
4 509 647 665 528
4 508 646 647 509
4 664 527 528 665
4 508 509 528 527
4 646 664 665 647
4 509 528 665 647
4 510 648 666 529
4 509 647 648 510
4 665 528 529 666
4 509 510 529 528
4 647 665 666 648
4 510 529 666 648
4 511 649 667 530
4 510 648 649 511
4 666 529 530 667
4 510 511 530 529
4 648 666 667 649
4 512 531 670 651
4 513 652 671 532
4 512 651 652 513
4 670 531 532 671
4 512 513 532 531
4 651 670 671 652
4 515 533 672 654
4 516 655 673 534
4 515 654 655 516
4 672 533 534 673
4 515 516 534 533
4 654 672 673 655
4 516 534 673 655
4 517 656 674 535
4 516 655 656 517
4 673 534 535 674
4 516 517 535 534
4 655 673 674 656
4 520 538 675 657
4 521 658 676 539
4 520 657 658 521
4 675 538 539 676
4 520 521 539 538
4 657 675 676 658
4 521 539 676 658
4 522 659 677 540
4 521 658 659 522
4 676 539 540 677
4 521 522 540 539
4 658 676 677 659
4 522 540 677 659
4 523 660 678 541
4 522 659 660 523
4 677 540 541 678
4 522 523 541 540
4 659 677 678 660
4 523 541 678 660
4 524 661 679 542
4 523 660 661 524
4 678 541 542 679
4 523 524 542 541
4 660 678 679 661
4 527 544 682 664
4 528 665 683 545
4 527 664 665 528
4 682 544 545 683
4 527 528 545 544
4 664 682 683 665
4 528 545 683 665
4 529 666 684 546
4 528 665 666 529
4 683 545 546 684
4 528 529 546 545
4 665 683 684 666
4 529 546 684 666
4 530 667 685 547
4 529 666 667 530
4 684 546 547 685
4 529 530 547 546
4 666 684 685 667
4 531 548 688 670
4 532 671 689 549
4 531 670 671 532
4 688 548 549 689
4 531 532 549 548
4 670 688 689 671
4 533 550 690 672
4 534 673 691 551
4 533 672 673 534
4 690 550 551 691
4 533 534 551 550
4 672 690 691 673
4 534 551 691 673
4 535 674 692 552
4 534 673 674 535
4 691 551 552 692
4 534 535 552 551
4 673 691 692 674
4 538 555 693 675
4 539 676 694 556
4 538 675 676 539
4 693 555 556 694
4 538 539 556 555
4 675 693 694 676
4 539 556 694 676
4 540 677 695 557
4 539 676 677 540
4 694 556 557 695
4 539 540 557 556
4 676 694 695 677
4 540 557 695 677
4 541 678 696 558
4 540 677 678 541
4 695 557 558 696
4 540 541 558 557
4 677 695 696 678
4 541 558 696 678
4 542 679 697 559
4 541 678 679 542
4 696 558 559 697
4 541 542 559 558
4 678 696 697 679
4 545 562 701 683
4 546 684 702 563
4 545 683 684 546
4 701 562 563 702
4 545 546 563 562
4 683 701 702 684
4 546 563 702 684
4 547 685 703 564
4 546 684 685 547
4 702 563 564 703
4 546 547 564 563
4 684 702 703 685
4 548 565 706 688
4 549 689 707 566
4 548 688 689 549
4 706 565 566 707
4 548 549 566 565
4 688 706 707 689
4 550 568 709 690
4 551 691 710 569
4 550 690 691 551
4 709 568 569 710
4 550 551 569 568
4 690 709 710 691
4 551 569 710 691
4 552 692 711 570
4 551 691 692 552
4 710 569 570 711
4 551 552 570 569
4 691 710 711 692
4 555 573 712 693
4 556 694 713 574
4 555 693 694 556
4 712 573 574 713
4 555 556 574 573
4 693 712 713 694
4 556 574 713 694
4 557 695 714 575
4 556 694 695 557
4 713 574 575 714
4 556 557 575 574
4 694 713 714 695
4 557 575 714 695
4 558 696 715 576
4 557 695 696 558
4 714 575 576 715
4 557 558 576 575
4 695 714 715 696
4 558 576 715 696
4 559 697 716 577
4 558 696 697 559
4 715 576 577 716
4 558 559 577 576
4 696 715 716 697
4 561 580 719 700
4 562 701 720 581
4 561 700 701 562
4 719 580 581 720
4 561 562 581 580
4 700 719 720 701
4 562 581 720 701
4 563 702 721 582
4 562 701 702 563
4 720 581 582 721
4 562 563 582 581
4 701 720 721 702
4 563 582 721 702
4 564 703 722 583
4 563 702 703 564
4 721 582 583 722
4 563 564 583 582
4 702 721 722 703
4 565 584 725 706
4 566 707 726 585
4 565 706 707 566
4 725 584 585 726
4 565 566 585 584
4 706 725 726 707
4 566 585 726 707
4 567 708 727 586
4 566 707 708 567
4 726 585 586 727
4 566 567 586 585
4 707 726 727 708
4 567 586 727 708
4 568 709 728 587
4 567 708 709 568
4 727 586 587 728
4 567 568 587 586
4 708 727 728 709
4 568 587 728 709
4 569 710 729 588
4 568 709 710 569
4 728 587 588 729
4 568 569 588 587
4 709 728 729 710
4 574 593 730 713
4 575 714 731 594
4 574 713 714 575
4 730 593 594 731
4 574 575 594 593
4 713 730 731 714
4 575 594 731 714
4 576 715 732 595
4 575 714 715 576
4 731 594 595 732
4 575 576 595 594
4 714 731 732 715
4 576 595 732 715
4 577 716 733 596
4 576 715 716 577
4 732 595 596 733
4 576 577 596 595
4 715 732 733 716
4 577 596 733 716
4 578 717 734 597
4 577 716 717 578
4 733 596 597 734
4 577 578 597 596
4 716 733 734 717
4 579 598 735 718
4 580 719 736 599
4 579 718 719 580
4 735 598 599 736
4 579 580 599 598
4 718 735 736 719
4 580 599 736 719
4 581 720 737 600
4 580 719 720 581
4 736 599 600 737
4 580 581 600 599
4 719 736 737 720
4 581 600 737 720
4 582 721 738 601
4 581 720 721 582
4 737 600 601 738
4 581 582 601 600
4 720 737 738 721
4 582 601 738 721
4 583 722 739 602
4 582 721 722 583
4 738 601 602 739
4 582 583 602 601
4 721 738 739 722
4 585 603 741 726
4 586 727 742 604
4 585 726 727 586
4 741 603 604 742
4 585 586 604 603
4 726 741 742 727
4 586 604 742 727
4 587 728 743 605
4 586 727 728 587
4 742 604 605 743
4 586 587 605 604
4 727 742 743 728
4 587 605 743 728
4 588 729 744 606
4 587 728 729 588
4 743 605 606 744
4 587 588 606 605
4 728 743 744 729
4 594 611 745 731
4 595 732 746 612
4 594 731 732 595
4 745 611 612 746
4 594 595 612 611
4 731 745 746 732
4 595 612 746 732
4 596 733 747 613
4 595 732 733 596
4 746 612 613 747
4 595 596 613 612
4 732 746 747 733
4 596 613 747 733
4 597 734 748 614
4 596 733 734 597
4 747 613 614 748
4 596 597 614 613
4 733 747 748 734
4 597 614 748 734
4 598 735 749 615
4 597 734 735 598
4 748 614 615 749
4 597 598 615 614
4 734 748 749 735
4 598 615 749 735
4 599 736 750 616
4 598 735 736 599
4 749 615 616 750
4 598 599 616 615
4 735 749 750 736
4 599 616 750 736
4 600 737 751 617
4 599 736 737 600
4 750 616 617 751
4 599 600 617 616
4 736 750 751 737
4 600 617 751 737
4 601 738 752 618
4 600 737 738 601
4 751 617 618 752
4 600 601 618 617
4 737 751 752 738
4 619 634 769 755
4 620 756 770 635
4 619 755 756 620
4 769 634 635 770
4 619 620 635 634
4 755 769 770 756
4 620 635 770 756
4 621 757 771 636
4 620 756 757 621
4 770 635 636 771
4 620 621 636 635
4 756 770 771 757
4 621 636 771 757
4 622 758 772 637
4 621 757 758 622
4 771 636 637 772
4 621 622 637 636
4 757 771 772 758
4 626 643 779 760
4 627 761 780 644
4 626 760 761 627
4 779 643 644 780
4 626 627 644 643
4 760 779 780 761
4 627 644 780 761
4 628 762 781 645
4 627 761 762 628
4 780 644 645 781
4 627 628 645 644
4 761 780 781 762
4 628 645 781 762
4 629 763 782 646
4 628 762 763 629
4 781 645 646 782
4 628 629 646 645
4 762 781 782 763
4 629 646 782 763
4 630 764 783 647
4 629 763 764 630
4 782 646 647 783
4 629 630 647 646
4 763 782 783 764
4 630 647 783 764
4 631 765 784 648
4 630 764 765 631
4 783 647 648 784
4 630 631 648 647
4 764 783 784 765
4 631 648 784 765
4 632 766 785 649
4 631 765 766 632
4 784 648 649 785
4 631 632 649 648
4 765 784 785 766
4 632 649 785 766
4 633 767 786 650
4 632 766 767 633
4 785 649 650 786
4 632 633 650 649
4 766 785 786 767
4 634 651 789 769
4 635 770 790 652
4 634 769 770 635
4 789 651 652 790
4 634 635 652 651
4 769 789 790 770
4 636 653 791 771
4 637 772 792 654
4 636 771 772 637
4 791 653 654 792
4 636 637 654 653
4 771 791 792 772
4 637 654 792 772
4 638 773 793 655
4 637 772 773 638
4 792 654 655 793
4 637 638 655 654
4 772 792 793 773
4 642 660 799 778
4 643 779 800 661
4 642 778 779 643
4 799 660 661 800
4 642 643 661 660
4 778 799 800 779
4 643 661 800 779
4 644 780 801 662
4 643 779 780 644
4 800 661 662 801
4 643 644 662 661
4 779 800 801 780
4 644 662 801 780
4 645 781 802 663
4 644 780 781 645
4 801 662 663 802
4 644 645 663 662
4 780 801 802 781
4 645 663 802 781
4 646 782 803 664
4 645 781 782 646
4 802 663 664 803
4 645 646 664 663
4 781 802 803 782
4 647 665 804 783
4 648 784 805 666
4 647 783 784 648
4 804 665 666 805
4 647 648 666 665
4 783 804 805 784
4 648 666 805 784
4 649 785 806 667
4 648 784 785 649
4 805 666 667 806
4 648 649 667 666
4 784 805 806 785
4 649 667 806 785
4 650 786 807 668
4 649 785 786 650
4 806 667 668 807
4 649 650 668 667
4 785 806 807 786
4 651 670 811 789
4 652 790 812 671
4 651 789 790 652
4 811 670 671 812
4 651 652 671 670
4 789 811 812 790
4 654 672 813 792
4 655 793 814 673
4 654 792 793 655
4 813 672 673 814
4 654 655 673 672
4 792 813 814 793
4 660 678 820 799
4 661 800 821 679
4 660 799 800 661
4 820 678 679 821
4 660 661 679 678
4 799 820 821 800
4 661 679 821 800
4 662 801 822 680
4 661 800 801 662
4 821 679 680 822
4 661 662 680 679
4 800 821 822 801
4 662 680 822 801
4 663 802 823 681
4 662 801 802 663
4 822 680 681 823
4 662 663 681 680
4 801 822 823 802
4 666 684 825 805
4 667 806 826 685
4 666 805 806 667
4 825 684 685 826
4 666 667 685 684
4 805 825 826 806
4 667 685 826 806
4 668 807 827 686
4 667 806 807 668
4 826 685 686 827
4 667 668 686 685
4 806 826 827 807
4 668 686 827 807
4 669 808 828 687
4 668 807 808 669
4 827 686 687 828
4 668 669 687 686
4 807 827 828 808
4 670 688 831 811
4 671 812 832 689
4 670 811 812 671
4 831 688 689 832
4 670 671 689 688
4 811 831 832 812
4 672 690 833 813
4 673 814 834 691
4 672 813 814 673
4 833 690 691 834
4 672 673 691 690
4 813 833 834 814
4 677 695 839 819
4 678 820 840 696
4 677 819 820 678
4 839 695 696 840
4 677 678 696 695
4 819 839 840 820
4 678 696 840 820
4 679 821 841 697
4 678 820 821 679
4 840 696 697 841
4 678 679 697 696
4 820 840 841 821
4 679 697 841 821
4 680 822 842 698
4 679 821 822 680
4 841 697 698 842
4 679 680 698 697
4 821 841 842 822
4 680 698 842 822
4 681 823 843 699
4 680 822 823 681
4 842 698 699 843
4 680 681 699 698
4 822 842 843 823
4 684 702 845 825
4 685 826 846 703
4 684 825 826 685
4 845 702 703 846
4 684 685 703 702
4 825 845 846 826
4 685 703 846 826
4 686 827 847 704
4 685 826 827 686
4 846 703 704 847
4 685 686 704 703
4 826 846 847 827
4 686 704 847 827
4 687 828 848 705
4 686 827 828 687
4 847 704 705 848
4 686 687 705 704
4 827 847 848 828
4 688 706 851 831
4 689 832 852 707
4 688 831 832 689
4 851 706 707 852
4 688 689 707 706
4 831 851 852 832
4 690 709 854 833
4 691 834 855 710
4 690 833 834 691
4 854 709 710 855
4 690 691 710 709
4 833 854 855 834
4 695 714 860 839
4 696 840 861 715
4 695 839 840 696
4 860 714 715 861
4 695 696 715 714
4 839 860 861 840
4 696 715 861 840
4 697 841 862 716
4 696 840 841 697
4 861 715 716 862
4 696 697 716 715
4 840 861 862 841
4 697 716 862 841
4 698 842 863 717
4 697 841 842 698
4 862 716 717 863
4 697 698 717 716
4 841 862 863 842
4 698 717 863 842
4 699 843 864 718
4 698 842 843 699
4 863 717 718 864
4 698 699 718 717
4 842 863 864 843
4 702 721 867 845
4 703 846 868 722
4 702 845 846 703
4 867 721 722 868
4 702 703 722 721
4 845 867 868 846
4 703 722 868 846
4 704 847 869 723
4 703 846 847 704
4 868 722 723 869
4 703 704 723 722
4 846 868 869 847
4 704 723 869 847
4 705 848 870 724
4 704 847 848 705
4 869 723 724 870
4 704 705 724 723
4 847 869 870 848
4 706 725 873 851
4 707 852 874 726
4 706 851 852 707
4 873 725 726 874
4 706 707 726 725
4 851 873 874 852
4 707 726 874 852
4 708 853 875 727
4 707 852 853 708
4 874 726 727 875
4 707 708 727 726
4 852 874 875 853
4 708 727 875 853
4 709 854 876 728
4 708 853 854 709
4 875 727 728 876
4 708 709 728 727
4 853 875 876 854
4 709 728 876 854
4 710 855 877 729
4 709 854 855 710
4 876 728 729 877
4 709 710 729 728
4 854 876 877 855
4 715 732 882 861
4 716 862 883 733
4 715 861 862 716
4 882 732 733 883
4 715 716 733 732
4 861 882 883 862
4 716 733 883 862
4 717 863 884 734
4 716 862 863 717
4 883 733 734 884
4 716 717 734 733
4 862 883 884 863
4 717 734 884 863
4 718 864 885 735
4 717 863 864 718
4 884 734 735 885
4 717 718 735 734
4 863 884 885 864
4 718 735 885 864
4 719 865 886 736
4 718 864 865 719
4 885 735 736 886
4 718 719 736 735
4 864 885 886 865
4 720 737 887 866
4 721 867 888 738
4 720 866 867 721
4 887 737 738 888
4 720 721 738 737
4 866 887 888 867
4 721 738 888 867
4 722 868 889 739
4 721 867 868 722
4 888 738 739 889
4 721 722 739 738
4 867 888 889 868
4 722 739 889 868
4 723 869 890 740
4 722 868 869 723
4 889 739 740 890
4 722 723 740 739
4 868 889 890 869
4 726 741 893 874
4 727 875 894 742
4 726 874 875 727
4 893 741 742 894
4 726 727 742 741
4 874 893 894 875
4 727 742 894 875
4 728 876 895 743
4 727 875 876 728
4 894 742 743 895
4 727 728 743 742
4 875 894 895 876
4 733 747 897 883
4 734 884 898 748
4 733 883 884 734
4 897 747 748 898
4 733 734 748 747
4 883 897 898 884
4 734 748 898 884
4 735 885 899 749
4 734 884 885 735
4 898 748 749 899
4 734 735 749 748
4 884 898 899 885
4 735 749 899 885
4 736 886 900 750
4 735 885 886 736
4 899 749 750 900
4 735 736 750 749
4 885 899 900 886
4 736 750 900 886
4 737 887 901 751
4 736 886 887 737
4 900 750 751 901
4 736 737 751 750
4 886 900 901 887
4 737 751 901 887
4 738 888 902 752
4 737 887 888 738
4 901 751 752 902
4 737 738 752 751
4 887 901 902 888
4 738 752 902 888
4 739 889 903 753
4 738 888 889 739
4 902 752 753 903
4 738 739 753 752
4 888 902 903 889
4 739 753 903 889
4 740 890 904 754
4 739 889 890 740
4 903 753 754 904
4 739 740 754 753
4 889 903 904 890
4 755 769 926 906
4 756 907 927 770
4 755 906 907 756
4 926 769 770 927
4 755 756 770 769
4 906 926 927 907
4 756 770 927 907
4 757 908 928 771
4 756 907 908 757
4 927 770 771 928
4 756 757 771 770
4 907 927 928 908
4 757 771 928 908
4 758 909 929 772
4 757 908 909 758
4 928 771 772 929
4 757 758 772 771
4 908 928 929 909
4 758 772 929 909
4 759 910 930 773
4 758 909 910 759
4 929 772 773 930
4 758 759 773 772
4 909 929 930 910
4 762 781 939 917
4 763 918 940 782
4 762 917 918 763
4 939 781 782 940
4 762 763 782 781
4 917 939 940 918
4 763 782 940 918
4 764 919 941 783
4 763 918 919 764
4 940 782 783 941
4 763 764 783 782
4 918 940 941 919
4 764 783 941 919
4 765 920 942 784
4 764 919 920 765
4 941 783 784 942
4 764 765 784 783
4 919 941 942 920
4 765 784 942 920
4 766 921 943 785
4 765 920 921 766
4 942 784 785 943
4 765 766 785 784
4 920 942 943 921
4 766 785 943 921
4 767 922 944 786
4 766 921 922 767
4 943 785 786 944
4 766 767 786 785
4 921 943 944 922
4 767 786 944 922
4 768 923 945 787
4 767 922 923 768
4 944 786 787 945
4 767 768 787 786
4 922 944 945 923
4 769 789 948 926
4 770 927 949 790
4 769 926 927 770
4 948 789 790 949
4 769 770 790 789
4 926 948 949 927
4 770 790 949 927
4 771 928 950 791
4 770 927 928 771
4 949 790 791 950
4 770 771 791 790
4 927 949 950 928
4 772 792 951 929
4 773 930 952 793
4 772 929 930 773
4 951 792 793 952
4 772 773 793 792
4 929 951 952 930
4 773 793 952 930
4 774 931 953 794
4 773 930 931 774
4 952 793 794 953
4 773 774 794 793
4 930 952 953 931
4 775 796 956 934
4 776 935 957 797
4 775 934 935 776
4 956 796 797 957
4 775 776 797 796
4 934 956 957 935
4 776 797 957 935
4 777 936 958 798
4 776 935 936 777
4 957 797 798 958
4 776 777 798 797
4 935 957 958 936
4 777 798 958 936
4 778 937 959 799
4 777 936 937 778
4 958 798 799 959
4 777 778 799 798
4 936 958 959 937
4 780 801 961 938
4 781 939 962 802
4 780 938 939 781
4 961 801 802 962
4 780 781 802 801
4 938 961 962 939
4 781 802 962 939
4 782 940 963 803
4 781 939 940 782
4 962 802 803 963
4 781 782 803 802
4 939 962 963 940
4 782 803 963 940
4 783 941 964 804
4 782 940 941 783
4 963 803 804 964
4 782 783 804 803
4 940 963 964 941
4 785 806 966 943
4 786 944 967 807
4 785 943 944 786
4 966 806 807 967
4 785 786 807 806
4 943 966 967 944
4 786 807 967 944
4 787 945 968 808
4 786 944 945 787
4 967 807 808 968
4 786 787 808 807
4 944 967 968 945
4 787 808 968 945
4 788 946 969 809
4 787 945 946 788
4 968 808 809 969
4 787 788 809 808
4 945 968 969 946
4 789 811 972 948
4 790 949 973 812
4 789 948 949 790
4 972 811 812 973
4 789 790 812 811
4 948 972 973 949
4 792 813 974 951
4 793 952 975 814
4 792 951 952 793
4 974 813 814 975
4 792 793 814 813
4 951 974 975 952
4 793 814 975 952
4 794 953 976 815
4 793 952 953 794
4 975 814 815 976
4 793 794 815 814
4 952 975 976 953
4 795 816 978 955
4 796 956 979 817
4 795 955 956 796
4 978 816 817 979
4 795 796 817 816
4 955 978 979 956
4 796 817 979 956
4 797 957 980 818
4 796 956 957 797
4 979 817 818 980
4 796 797 818 817
4 956 979 980 957
4 797 818 980 957
4 798 958 981 819
4 797 957 958 798
4 980 818 819 981
4 797 798 819 818
4 957 980 981 958
4 798 819 981 958
4 799 959 982 820
4 798 958 959 799
4 981 819 820 982
4 798 799 820 819
4 958 981 982 959
4 800 821 983 960
4 801 961 984 822
4 800 960 961 801
4 983 821 822 984
4 800 801 822 821
4 960 983 984 961
4 801 822 984 961
4 802 962 985 823
4 801 961 962 802
4 984 822 823 985
4 801 802 823 822
4 961 984 985 962
4 802 823 985 962
4 803 963 986 824
4 802 962 963 803
4 985 823 824 986
4 802 803 824 823
4 962 985 986 963
4 806 826 988 966
4 807 967 989 827
4 806 966 967 807
4 988 826 827 989
4 806 807 827 826
4 966 988 989 967
4 807 827 989 967
4 808 968 990 828
4 807 967 968 808
4 989 827 828 990
4 807 808 828 827
4 967 989 990 968
4 808 828 990 968
4 809 969 991 829
4 808 968 969 809
4 990 828 829 991
4 808 809 829 828
4 968 990 991 969
4 809 829 991 969
4 810 970 992 830
4 809 969 970 810
4 991 829 830 992
4 809 810 830 829
4 969 991 992 970
4 811 831 994 972
4 812 973 995 832
4 811 972 973 812
4 994 831 832 995
4 811 812 832 831
4 972 994 995 973
4 813 833 996 974
4 814 975 997 834
4 813 974 975 814
4 996 833 834 997
4 813 814 834 833
4 974 996 997 975
4 814 834 997 975
4 815 976 998 835
4 814 975 976 815
4 997 834 835 998
4 814 815 835 834
4 975 997 998 976
4 816 836 1000 978
4 817 979 1001 837
4 816 978 979 817
4 1000 836 837 1001
4 816 817 837 836
4 978 1000 1001 979
4 817 837 1001 979
4 818 980 1002 838
4 817 979 980 818
4 1001 837 838 1002
4 817 818 838 837
4 979 1001 1002 980
4 818 838 1002 980
4 819 981 1003 839
4 818 980 981 819
4 1002 838 839 1003
4 818 819 839 838
4 980 1002 1003 981
4 819 839 1003 981
4 820 982 1004 840
4 819 981 982 820
4 1003 839 840 1004
4 819 820 840 839
4 981 1003 1004 982
4 821 841 1005 983
4 822 984 1006 842
4 821 983 984 822
4 1005 841 842 1006
4 821 822 842 841
4 983 1005 1006 984
4 822 842 1006 984
4 823 985 1007 843
4 822 984 985 823
4 1006 842 843 1007
4 822 823 843 842
4 984 1006 1007 985
4 823 843 1007 985
4 824 986 1008 844
4 823 985 986 824
4 1007 843 844 1008
4 823 824 844 843
4 985 1007 1008 986
4 827 847 1011 989
4 828 990 1012 848
4 827 989 990 828
4 1011 847 848 1012
4 827 828 848 847
4 989 1011 1012 990
4 828 848 1012 990
4 829 991 1013 849
4 828 990 991 829
4 1012 848 849 1013
4 828 829 849 848
4 990 1012 1013 991
4 829 849 1013 991
4 830 992 1014 850
4 829 991 992 830
4 1013 849 850 1014
4 829 830 850 849
4 991 1013 1014 992
4 831 851 1016 994
4 832 995 1017 852
4 831 994 995 832
4 1016 851 852 1017
4 831 832 852 851
4 994 1016 1017 995
4 833 854 1019 996
4 834 997 1020 855
4 833 996 997 834
4 1019 854 855 1020
4 833 834 855 854
4 996 1019 1020 997
4 834 855 1020 997
4 835 998 1021 856
4 834 997 998 835
4 1020 855 856 1021
4 834 835 856 855
4 997 1020 1021 998
4 836 857 1023 1000
4 837 1001 1024 858
4 836 1000 1001 837
4 1023 857 858 1024
4 836 837 858 857
4 1000 1023 1024 1001
4 837 858 1024 1001
4 838 1002 1025 859
4 837 1001 1002 838
4 1024 858 859 1025
4 837 838 859 858
4 1001 1024 1025 1002
4 838 859 1025 1002
4 839 1003 1026 860
4 838 1002 1003 839
4 1025 859 860 1026
4 838 839 860 859
4 1002 1025 1026 1003
4 839 860 1026 1003
4 840 1004 1027 861
4 839 1003 1004 840
4 1026 860 861 1027
4 839 840 861 860
4 1003 1026 1027 1004
4 841 862 1028 1005
4 842 1006 1029 863
4 841 1005 1006 842
4 1028 862 863 1029
4 841 842 863 862
4 1005 1028 1029 1006
4 842 863 1029 1006
4 843 1007 1030 864
4 842 1006 1007 843
4 1029 863 864 1030
4 842 843 864 863
4 1006 1029 1030 1007
4 843 864 1030 1007
4 844 1008 1031 865
4 843 1007 1008 844
4 1030 864 865 1031
4 843 844 865 864
4 1007 1030 1031 1008
4 846 868 1034 1010
4 847 1011 1035 869
4 846 1010 1011 847
4 1034 868 869 1035
4 846 847 869 868
4 1010 1034 1035 1011
4 847 869 1035 1011
4 848 1012 1036 870
4 847 1011 1012 848
4 1035 869 870 1036
4 847 848 870 869
4 1011 1035 1036 1012
4 848 870 1036 1012
4 849 1013 1037 871
4 848 1012 1013 849
4 1036 870 871 1037
4 848 849 871 870
4 1012 1036 1037 1013
4 849 871 1037 1013
4 850 1014 1038 872
4 849 1013 1014 850
4 1037 871 872 1038
4 849 850 872 871
4 1013 1037 1038 1014
4 851 873 1040 1016
4 852 1017 1041 874
4 851 1016 1017 852
4 1040 873 874 1041
4 851 852 874 873
4 1016 1040 1041 1017
4 852 874 1041 1017
4 853 1018 1042 875
4 852 1017 1018 853
4 1041 874 875 1042
4 852 853 875 874
4 1017 1041 1042 1018
4 854 876 1043 1019
4 855 1020 1044 877
4 854 1019 1020 855
4 1043 876 877 1044
4 854 855 877 876
4 1019 1043 1044 1020
4 855 877 1044 1020
4 856 1021 1045 878
4 855 1020 1021 856
4 1044 877 878 1045
4 855 856 878 877
4 1020 1044 1045 1021
4 858 879 1048 1024
4 859 1025 1049 880
4 858 1024 1025 859
4 1048 879 880 1049
4 858 859 880 879
4 1024 1048 1049 1025
4 859 880 1049 1025
4 860 1026 1050 881
4 859 1025 1026 860
4 1049 880 881 1050
4 859 860 881 880
4 1025 1049 1050 1026
4 860 881 1050 1026
4 861 1027 1051 882
4 860 1026 1027 861
4 1050 881 882 1051
4 860 861 882 881
4 1026 1050 1051 1027
4 863 884 1052 1029
4 864 1030 1053 885
4 863 1029 1030 864
4 1052 884 885 1053
4 863 864 885 884
4 1029 1052 1053 1030
4 864 885 1053 1030
4 865 1031 1054 886
4 864 1030 1031 865
4 1053 885 886 1054
4 864 865 886 885
4 1030 1053 1054 1031
4 865 886 1054 1031
4 866 1032 1055 887
4 865 1031 1032 866
4 1054 886 887 1055
4 865 866 887 886
4 1031 1054 1055 1032
4 868 889 1057 1034
4 869 1035 1058 890
4 868 1034 1035 869
4 1057 889 890 1058
4 868 869 890 889
4 1034 1057 1058 1035
4 869 890 1058 1035
4 870 1036 1059 891
4 869 1035 1036 870
4 1058 890 891 1059
4 869 870 891 890
4 1035 1058 1059 1036
4 870 891 1059 1036
4 871 1037 1060 892
4 870 1036 1037 871
4 1059 891 892 1060
4 870 871 892 891
4 1036 1059 1060 1037
4 874 893 1063 1041
4 875 1042 1064 894
4 874 1041 1042 875
4 1063 893 894 1064
4 874 875 894 893
4 1041 1063 1064 1042
4 875 894 1064 1042
4 876 1043 1065 895
4 875 1042 1043 876
4 1064 894 895 1065
4 875 876 895 894
4 1042 1064 1065 1043
4 876 895 1065 1043
4 877 1044 1066 896
4 876 1043 1044 877
4 1065 895 896 1066
4 876 877 896 895
4 1043 1065 1066 1044
4 885 899 1072 1053
4 886 1054 1073 900
4 885 1053 1054 886
4 1072 899 900 1073
4 885 886 900 899
4 1053 1072 1073 1054
4 886 900 1073 1054
4 887 1055 1074 901
4 886 1054 1055 887
4 1073 900 901 1074
4 886 887 901 900
4 1054 1073 1074 1055
4 887 901 1074 1055
4 888 1056 1075 902
4 887 1055 1056 888
4 1074 901 902 1075
4 887 888 902 901
4 1055 1074 1075 1056
4 888 902 1075 1056
4 889 1057 1076 903
4 888 1056 1057 889
4 1075 902 903 1076
4 888 889 903 902
4 1056 1075 1076 1057
4 889 903 1076 1057
4 890 1058 1077 904
4 889 1057 1058 890
4 1076 903 904 1077
4 889 890 904 903
4 1057 1076 1077 1058
4 890 904 1077 1058
4 891 1059 1078 905
4 890 1058 1059 891
4 1077 904 905 1078
4 890 891 905 904
4 1058 1077 1078 1059
4 907 927 1105 1084
4 908 1085 1106 928
4 907 1084 1085 908
4 1105 927 928 1106
4 907 908 928 927
4 1084 1105 1106 1085
4 908 928 1106 1085
4 909 1086 1107 929
4 908 1085 1086 909
4 1106 928 929 1107
4 908 909 929 928
4 1085 1106 1107 1086
4 909 929 1107 1086
4 910 1087 1108 930
4 909 1086 1087 910
4 1107 929 930 1108
4 909 910 930 929
4 1086 1107 1108 1087
4 910 930 1108 1087
4 911 1088 1109 931
4 910 1087 1088 911
4 1108 930 931 1109
4 910 911 931 930
4 1087 1108 1109 1088
4 912 933 1111 1090
4 913 1091 1112 934
4 912 1090 1091 913
4 1111 933 934 1112
4 912 913 934 933
4 1090 1111 1112 1091
4 913 934 1112 1091
4 914 1092 1113 935
4 913 1091 1092 914
4 1112 934 935 1113
4 913 914 935 934
4 1091 1112 1113 1092
4 914 935 1113 1092
4 915 1093 1114 936
4 914 1092 1093 915
4 1113 935 936 1114
4 914 915 936 935
4 1092 1113 1114 1093
4 915 936 1114 1093
4 916 1094 1115 937
4 915 1093 1094 916
4 1114 936 937 1115
4 915 916 937 936
4 1093 1114 1115 1094
4 918 940 1117 1095
4 919 1096 1118 941
4 918 1095 1096 919
4 1117 940 941 1118
4 918 919 941 940
4 1095 1117 1118 1096
4 919 941 1118 1096
4 920 1097 1119 942
4 919 1096 1097 920
4 1118 941 942 1119
4 919 920 942 941
4 1096 1118 1119 1097
4 920 942 1119 1097
4 921 1098 1120 943
4 920 1097 1098 921
4 1119 942 943 1120
4 920 921 943 942
4 1097 1119 1120 1098
4 921 943 1120 1098
4 922 1099 1121 944
4 921 1098 1099 922
4 1120 943 944 1121
4 921 922 944 943
4 1098 1120 1121 1099
4 922 944 1121 1099
4 923 1100 1122 945
4 922 1099 1100 923
4 1121 944 945 1122
4 922 923 945 944
4 1099 1121 1122 1100
4 923 945 1122 1100
4 924 1101 1123 946
4 923 1100 1101 924
4 1122 945 946 1123
4 923 924 946 945
4 1100 1122 1123 1101
4 924 946 1123 1101
4 925 1102 1124 947
4 924 1101 1102 925
4 1123 946 947 1124
4 924 925 947 946
4 1101 1123 1124 1102
4 926 948 1126 1104
4 927 1105 1127 949
4 926 1104 1105 927
4 1126 948 949 1127
4 926 927 949 948
4 1104 1126 1127 1105
4 927 949 1127 1105
4 928 1106 1128 950
4 927 1105 1106 928
4 1127 949 950 1128
4 927 928 950 949
4 1105 1127 1128 1106
4 929 951 1129 1107
4 930 1108 1130 952
4 929 1107 1108 930
4 1129 951 952 1130
4 929 930 952 951
4 1107 1129 1130 1108
4 930 952 1130 1108
4 931 1109 1131 953
4 930 1108 1109 931
4 1130 952 953 1131
4 930 931 953 952
4 1108 1130 1131 1109
4 931 953 1131 1109
4 932 1110 1132 954
4 931 1109 1110 932
4 1131 953 954 1132
4 931 932 954 953
4 1109 1131 1132 1110
4 932 954 1132 1110
4 933 1111 1133 955
4 932 1110 1111 933
4 1132 954 955 1133
4 932 933 955 954
4 1110 1132 1133 1111
4 933 955 1133 1111
4 934 1112 1134 956
4 933 1111 1112 934
4 1133 955 956 1134
4 933 934 956 955
4 1111 1133 1134 1112
4 934 956 1134 1112
4 935 1113 1135 957
4 934 1112 1113 935
4 1134 956 957 1135
4 934 935 957 956
4 1112 1134 1135 1113
4 935 957 1135 1113
4 936 1114 1136 958
4 935 1113 1114 936
4 1135 957 958 1136
4 935 936 958 957
4 1113 1135 1136 1114
4 936 958 1136 1114
4 937 1115 1137 959
4 936 1114 1115 937
4 1136 958 959 1137
4 936 937 959 958
4 1114 1136 1137 1115
4 939 962 1138 1116
4 940 1117 1139 963
4 939 1116 1117 940
4 1138 962 963 1139
4 939 940 963 962
4 1116 1138 1139 1117
4 940 963 1139 1117
4 941 1118 1140 964
4 940 1117 1118 941
4 1139 963 964 1140
4 940 941 964 963
4 1117 1139 1140 1118
4 941 964 1140 1118
4 942 1119 1141 965
4 941 1118 1119 942
4 1140 964 965 1141
4 941 942 965 964
4 1118 1140 1141 1119
4 944 967 1143 1121
4 945 1122 1144 968
4 944 1121 1122 945
4 1143 967 968 1144
4 944 945 968 967
4 1121 1143 1144 1122
4 945 968 1144 1122
4 946 1123 1145 969
4 945 1122 1123 946
4 1144 968 969 1145
4 945 946 969 968
4 1122 1144 1145 1123
4 946 969 1145 1123
4 947 1124 1146 970
4 946 1123 1124 947
4 1145 969 970 1146
4 946 947 970 969
4 1123 1145 1146 1124
4 948 972 1149 1126
4 949 1127 1150 973
4 948 1126 1127 949
4 1149 972 973 1150
4 948 949 973 972
4 1126 1149 1150 1127
4 952 975 1151 1130
4 953 1131 1152 976
4 952 1130 1131 953
4 1151 975 976 1152
4 952 953 976 975
4 1130 1151 1152 1131
4 953 976 1152 1131
4 954 1132 1153 977
4 953 1131 1132 954
4 1152 976 977 1153
4 953 954 977 976
4 1131 1152 1153 1132
4 954 977 1153 1132
4 955 1133 1154 978
4 954 1132 1133 955
4 1153 977 978 1154
4 954 955 978 977
4 1132 1153 1154 1133
4 955 978 1154 1133
4 956 1134 1155 979
4 955 1133 1134 956
4 1154 978 979 1155
4 955 956 979 978
4 1133 1154 1155 1134
4 956 979 1155 1134
4 957 1135 1156 980
4 956 1134 1135 957
4 1155 979 980 1156
4 956 957 980 979
4 1134 1155 1156 1135
4 958 981 1157 1136
4 959 1137 1158 982
4 958 1136 1137 959
4 1157 981 982 1158
4 958 959 982 981
4 1136 1157 1158 1137
4 962 985 1160 1138
4 963 1139 1161 986
4 962 1138 1139 963
4 1160 985 986 1161
4 962 963 986 985
4 1138 1160 1161 1139
4 963 986 1161 1139
4 964 1140 1162 987
4 963 1139 1140 964
4 1161 986 987 1162
4 963 964 987 986
4 1139 1161 1162 1140
4 968 990 1164 1144
4 969 1145 1165 991
4 968 1144 1145 969
4 1164 990 991 1165
4 968 969 991 990
4 1144 1164 1165 1145
4 969 991 1165 1145
4 970 1146 1166 992
4 969 1145 1146 970
4 1165 991 992 1166
4 969 970 992 991
4 1145 1165 1166 1146
4 970 992 1166 1146
4 971 1147 1167 993
4 970 1146 1147 971
4 1166 992 993 1167
4 970 971 993 992
4 1146 1166 1167 1147
4 972 994 1169 1149
4 973 1150 1170 995
4 972 1149 1150 973
4 1169 994 995 1170
4 972 973 995 994
4 1149 1169 1170 1150
4 975 997 1171 1151
4 976 1152 1172 998
4 975 1151 1152 976
4 1171 997 998 1172
4 975 976 998 997
4 1151 1171 1172 1152
4 976 998 1172 1152
4 977 1153 1173 999
4 976 1152 1153 977
4 1172 998 999 1173
4 976 977 999 998
4 1152 1172 1173 1153
4 977 999 1173 1153
4 978 1154 1174 1000
4 977 1153 1154 978
4 1173 999 1000 1174
4 977 978 1000 999
4 1153 1173 1174 1154
4 978 1000 1174 1154
4 979 1155 1175 1001
4 978 1154 1155 979
4 1174 1000 1001 1175
4 978 979 1001 1000
4 1154 1174 1175 1155
4 979 1001 1175 1155
4 980 1156 1176 1002
4 979 1155 1156 980
4 1175 1001 1002 1176
4 979 980 1002 1001
4 1155 1175 1176 1156
4 981 1003 1177 1157
4 982 1158 1178 1004
4 981 1157 1158 982
4 1177 1003 1004 1178
4 981 982 1004 1003
4 1157 1177 1178 1158
4 985 1007 1180 1160
4 986 1161 1181 1008
4 985 1160 1161 986
4 1180 1007 1008 1181
4 985 986 1008 1007
4 1160 1180 1181 1161
4 986 1008 1181 1161
4 987 1162 1182 1009
4 986 1161 1162 987
4 1181 1008 1009 1182
4 986 987 1009 1008
4 1161 1181 1182 1162
4 991 1013 1185 1165
4 992 1166 1186 1014
4 991 1165 1166 992
4 1185 1013 1014 1186
4 991 992 1014 1013
4 1165 1185 1186 1166
4 992 1014 1186 1166
4 993 1167 1187 1015
4 992 1166 1167 993
4 1186 1014 1015 1187
4 992 993 1015 1014
4 1166 1186 1187 1167
4 994 1016 1189 1169
4 995 1170 1190 1017
4 994 1169 1170 995
4 1189 1016 1017 1190
4 994 995 1017 1016
4 1169 1189 1190 1170
4 997 1020 1193 1171
4 998 1172 1194 1021
4 997 1171 1172 998
4 1193 1020 1021 1194
4 997 998 1021 1020
4 1171 1193 1194 1172
4 998 1021 1194 1172
4 999 1173 1195 1022
4 998 1172 1173 999
4 1194 1021 1022 1195
4 998 999 1022 1021
4 1172 1194 1195 1173
4 999 1022 1195 1173
4 1000 1174 1196 1023
4 999 1173 1174 1000
4 1195 1022 1023 1196
4 999 1000 1023 1022
4 1173 1195 1196 1174
4 1000 1023 1196 1174
4 1001 1175 1197 1024
4 1000 1174 1175 1001
4 1196 1023 1024 1197
4 1000 1001 1024 1023
4 1174 1196 1197 1175
4 1001 1024 1197 1175
4 1002 1176 1198 1025
4 1001 1175 1176 1002
4 1197 1024 1025 1198
4 1001 1002 1025 1024
4 1175 1197 1198 1176
4 1003 1026 1199 1177
4 1004 1178 1200 1027
4 1003 1177 1178 1004
4 1199 1026 1027 1200
4 1003 1004 1027 1026
4 1177 1199 1200 1178
4 1007 1030 1202 1180
4 1008 1181 1203 1031
4 1007 1180 1181 1008
4 1202 1030 1031 1203
4 1007 1008 1031 1030
4 1180 1202 1203 1181
4 1008 1031 1203 1181
4 1009 1182 1204 1032
4 1008 1181 1182 1009
4 1203 1031 1032 1204
4 1008 1009 1032 1031
4 1181 1203 1204 1182
4 1012 1036 1208 1184
4 1013 1185 1209 1037
4 1012 1184 1185 1013
4 1208 1036 1037 1209
4 1012 1013 1037 1036
4 1184 1208 1209 1185
4 1013 1037 1209 1185
4 1014 1186 1210 1038
4 1013 1185 1186 1014
4 1209 1037 1038 1210
4 1013 1014 1038 1037
4 1185 1209 1210 1186
4 1014 1038 1210 1186
4 1015 1187 1211 1039
4 1014 1186 1187 1015
4 1210 1038 1039 1211
4 1014 1015 1039 1038
4 1186 1210 1211 1187
4 1016 1040 1213 1189
4 1017 1190 1214 1041
4 1016 1189 1190 1017
4 1213 1040 1041 1214
4 1016 1017 1041 1040
4 1189 1213 1214 1190
4 1017 1041 1214 1190
4 1018 1191 1215 1042
4 1017 1190 1191 1018
4 1214 1041 1042 1215
4 1017 1018 1042 1041
4 1190 1214 1215 1191
4 1019 1043 1216 1192
4 1020 1193 1217 1044
4 1019 1192 1193 1020
4 1216 1043 1044 1217
4 1019 1020 1044 1043
4 1192 1216 1217 1193
4 1020 1044 1217 1193
4 1021 1194 1218 1045
4 1020 1193 1194 1021
4 1217 1044 1045 1218
4 1020 1021 1045 1044
4 1193 1217 1218 1194
4 1021 1045 1218 1194
4 1022 1195 1219 1046
4 1021 1194 1195 1022
4 1218 1045 1046 1219
4 1021 1022 1046 1045
4 1194 1218 1219 1195
4 1022 1046 1219 1195
4 1023 1196 1220 1047
4 1022 1195 1196 1023
4 1219 1046 1047 1220
4 1022 1023 1047 1046
4 1195 1219 1220 1196
4 1023 1047 1220 1196
4 1024 1197 1221 1048
4 1023 1196 1197 1024
4 1220 1047 1048 1221
4 1023 1024 1048 1047
4 1196 1220 1221 1197
4 1024 1048 1221 1197
4 1025 1198 1222 1049
4 1024 1197 1198 1025
4 1221 1048 1049 1222
4 1024 1025 1049 1048
4 1197 1221 1222 1198
4 1025 1049 1222 1198
4 1026 1199 1223 1050
4 1025 1198 1199 1026
4 1222 1049 1050 1223
4 1025 1026 1050 1049
4 1198 1222 1223 1199
4 1026 1050 1223 1199
4 1027 1200 1224 1051
4 1026 1199 1200 1027
4 1223 1050 1051 1224
4 1026 1027 1051 1050
4 1199 1223 1224 1200
4 1030 1053 1225 1202
4 1031 1203 1226 1054
4 1030 1202 1203 1031
4 1225 1053 1054 1226
4 1030 1031 1054 1053
4 1202 1225 1226 1203
4 1031 1054 1226 1203
4 1032 1204 1227 1055
4 1031 1203 1204 1032
4 1226 1054 1055 1227
4 1031 1032 1055 1054
4 1203 1226 1227 1204
4 1032 1055 1227 1204
4 1033 1205 1228 1056
4 1032 1204 1205 1033
4 1227 1055 1056 1228
4 1032 1033 1056 1055
4 1204 1227 1228 1205
4 1035 1058 1230 1207
4 1036 1208 1231 1059
4 1035 1207 1208 1036
4 1230 1058 1059 1231
4 1035 1036 1059 1058
4 1207 1230 1231 1208
4 1036 1059 1231 1208
4 1037 1209 1232 1060
4 1036 1208 1209 1037
4 1231 1059 1060 1232
4 1036 1037 1060 1059
4 1208 1231 1232 1209
4 1037 1060 1232 1209
4 1038 1210 1233 1061
4 1037 1209 1210 1038
4 1232 1060 1061 1233
4 1037 1038 1061 1060
4 1209 1232 1233 1210
4 1038 1061 1233 1210
4 1039 1211 1234 1062
4 1038 1210 1211 1039
4 1233 1061 1062 1234
4 1038 1039 1062 1061
4 1210 1233 1234 1211
4 1041 1063 1235 1214
4 1042 1215 1236 1064
4 1041 1214 1215 1042
4 1235 1063 1064 1236
4 1041 1042 1064 1063
4 1214 1235 1236 1215
4 1042 1064 1236 1215
4 1043 1216 1237 1065
4 1042 1215 1216 1043
4 1236 1064 1065 1237
4 1042 1043 1065 1064
4 1215 1236 1237 1216
4 1043 1065 1237 1216
4 1044 1217 1238 1066
4 1043 1216 1217 1044
4 1237 1065 1066 1238
4 1043 1044 1066 1065
4 1216 1237 1238 1217
4 1044 1066 1238 1217
4 1045 1218 1239 1067
4 1044 1217 1218 1045
4 1238 1066 1067 1239
4 1044 1045 1067 1066
4 1217 1238 1239 1218
4 1048 1068 1242 1221
4 1049 1222 1243 1069
4 1048 1221 1222 1049
4 1242 1068 1069 1243
4 1048 1049 1069 1068
4 1221 1242 1243 1222
4 1049 1069 1243 1222
4 1050 1223 1244 1070
4 1049 1222 1223 1050
4 1243 1069 1070 1244
4 1049 1050 1070 1069
4 1222 1243 1244 1223
4 1050 1070 1244 1223
4 1051 1224 1245 1071
4 1050 1223 1224 1051
4 1244 1070 1071 1245
4 1050 1051 1071 1070
4 1223 1244 1245 1224
4 1054 1073 1246 1226
4 1055 1227 1247 1074
4 1054 1226 1227 1055
4 1246 1073 1074 1247
4 1054 1055 1074 1073
4 1226 1246 1247 1227
4 1055 1074 1247 1227
4 1056 1228 1248 1075
4 1055 1227 1228 1056
4 1247 1074 1075 1248
4 1055 1056 1075 1074
4 1227 1247 1248 1228
4 1056 1075 1248 1228
4 1057 1229 1249 1076
4 1056 1228 1229 1057
4 1248 1075 1076 1249
4 1056 1057 1076 1075
4 1228 1248 1249 1229
4 1057 1076 1249 1229
4 1058 1230 1250 1077
4 1057 1229 1230 1058
4 1249 1076 1077 1250
4 1057 1058 1077 1076
4 1229 1249 1250 1230
4 1058 1077 1250 1230
4 1059 1231 1251 1078
4 1058 1230 1231 1059
4 1250 1077 1078 1251
4 1058 1059 1078 1077
4 1230 1250 1251 1231
4 1059 1078 1251 1231
4 1060 1232 1252 1079
4 1059 1231 1232 1060
4 1251 1078 1079 1252
4 1059 1060 1079 1078
4 1231 1251 1252 1232
4 1060 1079 1252 1232
4 1061 1233 1253 1080
4 1060 1232 1233 1061
4 1252 1079 1080 1253
4 1060 1061 1080 1079
4 1232 1252 1253 1233
4 1081 1085 1266 1258
4 1082 1259 1267 1086
4 1081 1258 1259 1082
4 1266 1085 1086 1267
4 1081 1082 1086 1085
4 1258 1266 1267 1259
4 1082 1086 1267 1259
4 1083 1260 1268 1087
4 1082 1259 1260 1083
4 1267 1086 1087 1268
4 1082 1083 1087 1086
4 1259 1267 1268 1260
4 1084 1105 1285 1265
4 1085 1266 1286 1106
4 1084 1265 1266 1085
4 1285 1105 1106 1286
4 1084 1085 1106 1105
4 1265 1285 1286 1266
4 1085 1106 1286 1266
4 1086 1267 1287 1107
4 1085 1266 1267 1086
4 1286 1106 1107 1287
4 1085 1086 1107 1106
4 1266 1286 1287 1267
4 1086 1107 1287 1267
4 1087 1268 1288 1108
4 1086 1267 1268 1087
4 1287 1107 1108 1288
4 1086 1087 1108 1107
4 1267 1287 1288 1268
4 1087 1108 1288 1268
4 1088 1269 1289 1109
4 1087 1268 1269 1088
4 1288 1108 1109 1289
4 1087 1088 1109 1108
4 1268 1288 1289 1269
4 1088 1109 1289 1269
4 1089 1270 1290 1110
4 1088 1269 1270 1089
4 1289 1109 1110 1290
4 1088 1089 1110 1109
4 1269 1289 1290 1270
4 1089 1110 1290 1270
4 1090 1271 1291 1111
4 1089 1270 1271 1090
4 1290 1110 1111 1291
4 1089 1090 1111 1110
4 1270 1290 1291 1271
4 1090 1111 1291 1271
4 1091 1272 1292 1112
4 1090 1271 1272 1091
4 1291 1111 1112 1292
4 1090 1091 1112 1111
4 1271 1291 1292 1272
4 1091 1112 1292 1272
4 1092 1273 1293 1113
4 1091 1272 1273 1092
4 1292 1112 1113 1293
4 1091 1092 1113 1112
4 1272 1292 1293 1273
4 1092 1113 1293 1273
4 1093 1274 1294 1114
4 1092 1273 1274 1093
4 1293 1113 1114 1294
4 1092 1093 1114 1113
4 1273 1293 1294 1274
4 1093 1114 1294 1274
4 1094 1275 1295 1115
4 1093 1274 1275 1094
4 1294 1114 1115 1295
4 1093 1094 1115 1114
4 1274 1294 1295 1275
4 1096 1118 1297 1276
4 1097 1277 1298 1119
4 1096 1276 1277 1097
4 1297 1118 1119 1298
4 1096 1097 1119 1118
4 1276 1297 1298 1277
4 1097 1119 1298 1277
4 1098 1278 1299 1120
4 1097 1277 1278 1098
4 1298 1119 1120 1299
4 1097 1098 1120 1119
4 1277 1298 1299 1278
4 1098 1120 1299 1278
4 1099 1279 1300 1121
4 1098 1278 1279 1099
4 1299 1120 1121 1300
4 1098 1099 1121 1120
4 1278 1299 1300 1279
4 1099 1121 1300 1279
4 1100 1280 1301 1122
4 1099 1279 1280 1100
4 1300 1121 1122 1301
4 1099 1100 1122 1121
4 1279 1300 1301 1280
4 1100 1122 1301 1280
4 1101 1281 1302 1123
4 1100 1280 1281 1101
4 1301 1122 1123 1302
4 1100 1101 1123 1122
4 1280 1301 1302 1281
4 1101 1123 1302 1281
4 1102 1282 1303 1124
4 1101 1281 1282 1102
4 1302 1123 1124 1303
4 1101 1102 1124 1123
4 1281 1302 1303 1282
4 1102 1124 1303 1282
4 1103 1283 1304 1125
4 1102 1282 1283 1103
4 1303 1124 1125 1304
4 1102 1103 1125 1124
4 1282 1303 1304 1283
4 1104 1126 1305 1284
4 1105 1285 1306 1127
4 1104 1284 1285 1105
4 1305 1126 1127 1306
4 1104 1105 1127 1126
4 1284 1305 1306 1285
4 1105 1127 1306 1285
4 1106 1286 1307 1128
4 1105 1285 1286 1106
4 1306 1127 1128 1307
4 1105 1106 1128 1127
4 1285 1306 1307 1286
4 1108 1130 1308 1288
4 1109 1289 1309 1131
4 1108 1288 1289 1109
4 1308 1130 1131 1309
4 1108 1109 1131 1130
4 1288 1308 1309 1289
4 1109 1131 1309 1289
4 1110 1290 1310 1132
4 1109 1289 1290 1110
4 1309 1131 1132 1310
4 1109 1110 1132 1131
4 1289 1309 1310 1290
4 1110 1132 1310 1290
4 1111 1291 1311 1133
4 1110 1290 1291 1111
4 1310 1132 1133 1311
4 1110 1111 1133 1132
4 1290 1310 1311 1291
4 1111 1133 1311 1291
4 1112 1292 1312 1134
4 1111 1291 1292 1112
4 1311 1133 1134 1312
4 1111 1112 1134 1133
4 1291 1311 1312 1292
4 1114 1136 1313 1294
4 1115 1295 1314 1137
4 1114 1294 1295 1115
4 1313 1136 1137 1314
4 1114 1115 1137 1136
4 1294 1313 1314 1295
4 1117 1139 1316 1296
4 1118 1297 1317 1140
4 1117 1296 1297 1118
4 1316 1139 1140 1317
4 1117 1118 1140 1139
4 1296 1316 1317 1297
4 1118 1140 1317 1297
4 1119 1298 1318 1141
4 1118 1297 1298 1119
4 1317 1140 1141 1318
4 1118 1119 1141 1140
4 1297 1317 1318 1298
4 1119 1141 1318 1298
4 1120 1299 1319 1142
4 1119 1298 1299 1120
4 1318 1141 1142 1319
4 1119 1120 1142 1141
4 1298 1318 1319 1299
4 1123 1145 1321 1302
4 1124 1303 1322 1146
4 1123 1302 1303 1124
4 1321 1145 1146 1322
4 1123 1124 1146 1145
4 1302 1321 1322 1303
4 1124 1146 1322 1303
4 1125 1304 1323 1147
4 1124 1303 1304 1125
4 1322 1146 1147 1323
4 1124 1125 1147 1146
4 1303 1322 1323 1304
4 1126 1149 1325 1305
4 1127 1306 1326 1150
4 1126 1305 1306 1127
4 1325 1149 1150 1326
4 1126 1127 1150 1149
4 1305 1325 1326 1306
4 1136 1157 1327 1313
4 1137 1314 1328 1158
4 1136 1313 1314 1137
4 1327 1157 1158 1328
4 1136 1137 1158 1157
4 1313 1327 1328 1314
4 1139 1161 1330 1316
4 1140 1317 1331 1162
4 1139 1316 1317 1140
4 1330 1161 1162 1331
4 1139 1140 1162 1161
4 1316 1330 1331 1317
4 1140 1162 1331 1317
4 1141 1318 1332 1163
4 1140 1317 1318 1141
4 1331 1162 1163 1332
4 1140 1141 1163 1162
4 1317 1331 1332 1318
4 1145 1165 1335 1321
4 1146 1322 1336 1166
4 1145 1321 1322 1146
4 1335 1165 1166 1336
4 1145 1146 1166 1165
4 1321 1335 1336 1322
4 1146 1166 1336 1322
4 1147 1323 1337 1167
4 1146 1322 1323 1147
4 1336 1166 1167 1337
4 1146 1147 1167 1166
4 1322 1336 1337 1323
4 1147 1167 1337 1323
4 1148 1324 1338 1168
4 1147 1323 1324 1148
4 1337 1167 1168 1338
4 1147 1148 1168 1167
4 1323 1337 1338 1324
4 1149 1169 1339 1325
4 1150 1326 1340 1170
4 1149 1325 1326 1150
4 1339 1169 1170 1340
4 1149 1150 1170 1169
4 1325 1339 1340 1326
4 1157 1177 1344 1327
4 1158 1328 1345 1178
4 1157 1327 1328 1158
4 1344 1177 1178 1345
4 1157 1158 1178 1177
4 1327 1344 1345 1328
4 1158 1178 1345 1328
4 1159 1329 1346 1179
4 1158 1328 1329 1159
4 1345 1178 1179 1346
4 1158 1159 1179 1178
4 1328 1345 1346 1329
4 1161 1181 1347 1330
4 1162 1331 1348 1182
4 1161 1330 1331 1162
4 1347 1181 1182 1348
4 1161 1162 1182 1181
4 1330 1347 1348 1331
4 1162 1182 1348 1331
4 1163 1332 1349 1183
4 1162 1331 1332 1163
4 1348 1182 1183 1349
4 1162 1163 1183 1182
4 1331 1348 1349 1332
4 1166 1186 1352 1336
4 1167 1337 1353 1187
4 1166 1336 1337 1167
4 1352 1186 1187 1353
4 1166 1167 1187 1186
4 1336 1352 1353 1337
4 1167 1187 1353 1337
4 1168 1338 1354 1188
4 1167 1337 1338 1168
4 1353 1187 1188 1354
4 1167 1168 1188 1187
4 1337 1353 1354 1338
4 1169 1189 1355 1339
4 1170 1340 1356 1190
4 1169 1339 1340 1170
4 1355 1189 1190 1356
4 1169 1170 1190 1189
4 1339 1355 1356 1340
4 1172 1194 1359 1341
4 1173 1342 1360 1195
4 1172 1341 1342 1173
4 1359 1194 1195 1360
4 1172 1173 1195 1194
4 1341 1359 1360 1342
4 1173 1195 1360 1342
4 1174 1343 1361 1196
4 1173 1342 1343 1174
4 1360 1195 1196 1361
4 1173 1174 1196 1195
4 1342 1360 1361 1343
4 1177 1199 1364 1344
4 1178 1345 1365 1200
4 1177 1344 1345 1178
4 1364 1199 1200 1365
4 1177 1178 1200 1199
4 1344 1364 1365 1345
4 1178 1200 1365 1345
4 1179 1346 1366 1201
4 1178 1345 1346 1179
4 1365 1200 1201 1366
4 1178 1179 1201 1200
4 1345 1365 1366 1346
4 1181 1203 1367 1347
4 1182 1348 1368 1204
4 1181 1347 1348 1182
4 1367 1203 1204 1368
4 1181 1182 1204 1203
4 1347 1367 1368 1348
4 1182 1204 1368 1348
4 1183 1349 1369 1205
4 1182 1348 1349 1183
4 1368 1204 1205 1369
4 1182 1183 1205 1204
4 1348 1368 1369 1349
4 1186 1210 1373 1352
4 1187 1353 1374 1211
4 1186 1352 1353 1187
4 1373 1210 1211 1374
4 1186 1187 1211 1210
4 1352 1373 1374 1353
4 1187 1211 1374 1353
4 1188 1354 1375 1212
4 1187 1353 1354 1188
4 1374 1211 1212 1375
4 1187 1188 1212 1211
4 1353 1374 1375 1354
4 1189 1213 1376 1355
4 1190 1356 1377 1214
4 1189 1355 1356 1190
4 1376 1213 1214 1377
4 1189 1190 1214 1213
4 1355 1376 1377 1356
4 1190 1214 1377 1356
4 1191 1357 1378 1215
4 1190 1356 1357 1191
4 1377 1214 1215 1378
4 1190 1191 1215 1214
4 1356 1377 1378 1357
4 1193 1217 1380 1358
4 1194 1359 1381 1218
4 1193 1358 1359 1194
4 1380 1217 1218 1381
4 1193 1194 1218 1217
4 1358 1380 1381 1359
4 1194 1218 1381 1359
4 1195 1360 1382 1219
4 1194 1359 1360 1195
4 1381 1218 1219 1382
4 1194 1195 1219 1218
4 1359 1381 1382 1360
4 1195 1219 1382 1360
4 1196 1361 1383 1220
4 1195 1360 1361 1196
4 1382 1219 1220 1383
4 1195 1196 1220 1219
4 1360 1382 1383 1361
4 1196 1220 1383 1361
4 1197 1362 1384 1221
4 1196 1361 1362 1197
4 1383 1220 1221 1384
4 1196 1197 1221 1220
4 1361 1383 1384 1362
4 1197 1221 1384 1362
4 1198 1363 1385 1222
4 1197 1362 1363 1198
4 1384 1221 1222 1385
4 1197 1198 1222 1221
4 1362 1384 1385 1363
4 1199 1223 1386 1364
4 1200 1365 1387 1224
4 1199 1364 1365 1200
4 1386 1223 1224 1387
4 1199 1200 1224 1223
4 1364 1386 1387 1365
4 1203 1226 1388 1367
4 1204 1368 1389 1227
4 1203 1367 1368 1204
4 1388 1226 1227 1389
4 1203 1204 1227 1226
4 1367 1388 1389 1368
4 1204 1227 1389 1368
4 1205 1369 1390 1228
4 1204 1368 1369 1205
4 1389 1227 1228 1390
4 1204 1205 1228 1227
4 1368 1389 1390 1369
4 1205 1228 1390 1369
4 1206 1370 1391 1229
4 1205 1369 1370 1206
4 1390 1228 1229 1391
4 1205 1206 1229 1228
4 1369 1390 1391 1370
4 1209 1232 1394 1372
4 1210 1373 1395 1233
4 1209 1372 1373 1210
4 1394 1232 1233 1395
4 1209 1210 1233 1232
4 1372 1394 1395 1373
4 1210 1233 1395 1373
4 1211 1374 1396 1234
4 1210 1373 1374 1211
4 1395 1233 1234 1396
4 1210 1211 1234 1233
4 1373 1395 1396 1374
4 1214 1235 1397 1377
4 1215 1378 1398 1236
4 1214 1377 1378 1215
4 1397 1235 1236 1398
4 1214 1215 1236 1235
4 1377 1397 1398 1378
4 1215 1236 1398 1378
4 1216 1379 1399 1237
4 1215 1378 1379 1216
4 1398 1236 1237 1399
4 1215 1216 1237 1236
4 1378 1398 1399 1379
4 1216 1237 1399 1379
4 1217 1380 1400 1238
4 1216 1379 1380 1217
4 1399 1237 1238 1400
4 1216 1217 1238 1237
4 1379 1399 1400 1380
4 1217 1238 1400 1380
4 1218 1381 1401 1239
4 1217 1380 1381 1218
4 1400 1238 1239 1401
4 1217 1218 1239 1238
4 1380 1400 1401 1381
4 1218 1239 1401 1381
4 1219 1382 1402 1240
4 1218 1381 1382 1219
4 1401 1239 1240 1402
4 1218 1219 1240 1239
4 1381 1401 1402 1382
4 1219 1240 1402 1382
4 1220 1383 1403 1241
4 1219 1382 1383 1220
4 1402 1240 1241 1403
4 1219 1220 1241 1240
4 1382 1402 1403 1383
4 1220 1241 1403 1383
4 1221 1384 1404 1242
4 1220 1383 1384 1221
4 1403 1241 1242 1404
4 1220 1221 1242 1241
4 1383 1403 1404 1384
4 1221 1242 1404 1384
4 1222 1385 1405 1243
4 1221 1384 1385 1222
4 1404 1242 1243 1405
4 1221 1222 1243 1242
4 1384 1404 1405 1385
4 1222 1243 1405 1385
4 1223 1386 1406 1244
4 1222 1385 1386 1223
4 1405 1243 1244 1406
4 1222 1223 1244 1243
4 1385 1405 1406 1386
4 1223 1244 1406 1386
4 1224 1387 1407 1245
4 1223 1386 1387 1224
4 1406 1244 1245 1407
4 1223 1224 1245 1244
4 1386 1406 1407 1387
4 1227 1247 1408 1389
4 1228 1390 1409 1248
4 1227 1389 1390 1228
4 1408 1247 1248 1409
4 1227 1228 1248 1247
4 1389 1408 1409 1390
4 1228 1248 1409 1390
4 1229 1391 1410 1249
4 1228 1390 1391 1229
4 1409 1248 1249 1410
4 1228 1229 1249 1248
4 1390 1409 1410 1391
4 1229 1249 1410 1391
4 1230 1392 1411 1250
4 1229 1391 1392 1230
4 1410 1249 1250 1411
4 1229 1230 1250 1249
4 1391 1410 1411 1392
4 1230 1250 1411 1392
4 1231 1393 1412 1251
4 1230 1392 1393 1231
4 1411 1250 1251 1412
4 1230 1231 1251 1250
4 1392 1411 1412 1393
4 1231 1251 1412 1393
4 1232 1394 1413 1252
4 1231 1393 1394 1232
4 1412 1251 1252 1413
4 1231 1232 1252 1251
4 1393 1412 1413 1394
4 1232 1252 1413 1394
4 1233 1395 1414 1253
4 1232 1394 1395 1233
4 1413 1252 1253 1414
4 1232 1233 1253 1252
4 1394 1413 1414 1395
4 1233 1253 1414 1395
4 1234 1396 1415 1254
4 1233 1395 1396 1234
4 1414 1253 1254 1415
4 1233 1234 1254 1253
4 1395 1414 1415 1396
4 1236 1255 1416 1398
4 1237 1399 1417 1256
4 1236 1398 1399 1237
4 1416 1255 1256 1417
4 1236 1237 1256 1255
4 1398 1416 1417 1399
4 1237 1256 1417 1399
4 1238 1400 1418 1257
4 1237 1399 1400 1238
4 1417 1256 1257 1418
4 1237 1238 1257 1256
4 1399 1417 1418 1400
4 1258 1266 1432 1423
4 1259 1424 1433 1267
4 1258 1423 1424 1259
4 1432 1266 1267 1433
4 1258 1259 1267 1266
4 1423 1432 1433 1424
4 1259 1267 1433 1424
4 1260 1425 1434 1268
4 1259 1424 1425 1260
4 1433 1267 1268 1434
4 1259 1260 1268 1267
4 1424 1433 1434 1425
4 1260 1268 1434 1425
4 1261 1426 1435 1269
4 1260 1425 1426 1261
4 1434 1268 1269 1435
4 1260 1261 1269 1268
4 1425 1434 1435 1426
4 1261 1269 1435 1426
4 1262 1427 1436 1270
4 1261 1426 1427 1262
4 1435 1269 1270 1436
4 1261 1262 1270 1269
4 1426 1435 1436 1427
4 1262 1270 1436 1427
4 1263 1428 1437 1271
4 1262 1427 1428 1263
4 1436 1270 1271 1437
4 1262 1263 1271 1270
4 1427 1436 1437 1428
4 1263 1271 1437 1428
4 1264 1429 1438 1272
4 1263 1428 1429 1264
4 1437 1271 1272 1438
4 1263 1264 1272 1271
4 1428 1437 1438 1429
4 1265 1285 1450 1431
4 1266 1432 1451 1286
4 1265 1431 1432 1266
4 1450 1285 1286 1451
4 1265 1266 1286 1285
4 1431 1450 1451 1432
4 1266 1286 1451 1432
4 1267 1433 1452 1287
4 1266 1432 1433 1267
4 1451 1286 1287 1452
4 1266 1267 1287 1286
4 1432 1451 1452 1433
4 1267 1287 1452 1433
4 1268 1434 1453 1288
4 1267 1433 1434 1268
4 1452 1287 1288 1453
4 1267 1268 1288 1287
4 1433 1452 1453 1434
4 1268 1288 1453 1434
4 1269 1435 1454 1289
4 1268 1434 1435 1269
4 1453 1288 1289 1454
4 1268 1269 1289 1288
4 1434 1453 1454 1435
4 1269 1289 1454 1435
4 1270 1436 1455 1290
4 1269 1435 1436 1270
4 1454 1289 1290 1455
4 1269 1270 1290 1289
4 1435 1454 1455 1436
4 1270 1290 1455 1436
4 1271 1437 1456 1291
4 1270 1436 1437 1271
4 1455 1290 1291 1456
4 1270 1271 1291 1290
4 1436 1455 1456 1437
4 1271 1291 1456 1437
4 1272 1438 1457 1292
4 1271 1437 1438 1272
4 1456 1291 1292 1457
4 1271 1272 1292 1291
4 1437 1456 1457 1438
4 1272 1292 1457 1438
4 1273 1439 1458 1293
4 1272 1438 1439 1273
4 1457 1292 1293 1458
4 1272 1273 1293 1292
4 1438 1457 1458 1439
4 1273 1293 1458 1439
4 1274 1440 1459 1294
4 1273 1439 1440 1274
4 1458 1293 1294 1459
4 1273 1274 1294 1293
4 1439 1458 1459 1440
4 1274 1294 1459 1440
4 1275 1441 1460 1295
4 1274 1440 1441 1275
4 1459 1294 1295 1460
4 1274 1275 1295 1294
4 1440 1459 1460 1441
4 1277 1298 1462 1442
4 1278 1443 1463 1299
4 1277 1442 1443 1278
4 1462 1298 1299 1463
4 1277 1278 1299 1298
4 1442 1462 1463 1443
4 1278 1299 1463 1443
4 1279 1444 1464 1300
4 1278 1443 1444 1279
4 1463 1299 1300 1464
4 1278 1279 1300 1299
4 1443 1463 1464 1444
4 1279 1300 1464 1444
4 1280 1445 1465 1301
4 1279 1444 1445 1280
4 1464 1300 1301 1465
4 1279 1280 1301 1300
4 1444 1464 1465 1445
4 1280 1301 1465 1445
4 1281 1446 1466 1302
4 1280 1445 1446 1281
4 1465 1301 1302 1466
4 1280 1281 1302 1301
4 1445 1465 1466 1446
4 1281 1302 1466 1446
4 1282 1447 1467 1303
4 1281 1446 1447 1282
4 1466 1302 1303 1467
4 1281 1282 1303 1302
4 1446 1466 1467 1447
4 1282 1303 1467 1447
4 1283 1448 1468 1304
4 1282 1447 1448 1283
4 1467 1303 1304 1468
4 1282 1283 1304 1303
4 1447 1467 1468 1448
4 1284 1305 1469 1449
4 1285 1450 1470 1306
4 1284 1449 1450 1285
4 1469 1305 1306 1470
4 1284 1285 1306 1305
4 1449 1469 1470 1450
4 1285 1306 1470 1450
4 1286 1451 1471 1307
4 1285 1450 1451 1286
4 1470 1306 1307 1471
4 1285 1286 1307 1306
4 1450 1470 1471 1451
4 1294 1313 1474 1459
4 1295 1460 1475 1314
4 1294 1459 1460 1295
4 1474 1313 1314 1475
4 1294 1295 1314 1313
4 1459 1474 1475 1460
4 1297 1317 1477 1461
4 1298 1462 1478 1318
4 1297 1461 1462 1298
4 1477 1317 1318 1478
4 1297 1298 1318 1317
4 1461 1477 1478 1462
4 1298 1318 1478 1462
4 1299 1463 1479 1319
4 1298 1462 1463 1299
4 1478 1318 1319 1479
4 1298 1299 1319 1318
4 1462 1478 1479 1463
4 1299 1319 1479 1463
4 1300 1464 1480 1320
4 1299 1463 1464 1300
4 1479 1319 1320 1480
4 1299 1300 1320 1319
4 1463 1479 1480 1464
4 1303 1322 1483 1467
4 1304 1468 1484 1323
4 1303 1467 1468 1304
4 1483 1322 1323 1484
4 1303 1304 1323 1322
4 1467 1483 1484 1468
4 1305 1325 1486 1469
4 1306 1470 1487 1326
4 1305 1469 1470 1306
4 1486 1325 1326 1487
4 1305 1306 1326 1325
4 1469 1486 1487 1470
4 1313 1327 1489 1474
4 1314 1475 1490 1328
4 1313 1474 1475 1314
4 1489 1327 1328 1490
4 1313 1314 1328 1327
4 1474 1489 1490 1475
4 1314 1328 1490 1475
4 1315 1476 1491 1329
4 1314 1475 1476 1315
4 1490 1328 1329 1491
4 1314 1315 1329 1328
4 1475 1490 1491 1476
4 1317 1331 1492 1477
4 1318 1478 1493 1332
4 1317 1477 1478 1318
4 1492 1331 1332 1493
4 1317 1318 1332 1331
4 1477 1492 1493 1478
4 1318 1332 1493 1478
4 1319 1479 1494 1333
4 1318 1478 1479 1319
4 1493 1332 1333 1494
4 1318 1319 1333 1332
4 1478 1493 1494 1479
4 1319 1333 1494 1479
4 1320 1480 1495 1334
4 1319 1479 1480 1320
4 1494 1333 1334 1495
4 1319 1320 1334 1333
4 1479 1494 1495 1480
4 1322 1336 1497 1483
4 1323 1484 1498 1337
4 1322 1483 1484 1323
4 1497 1336 1337 1498
4 1322 1323 1337 1336
4 1483 1497 1498 1484
4 1323 1337 1498 1484
4 1324 1485 1499 1338
4 1323 1484 1485 1324
4 1498 1337 1338 1499
4 1323 1324 1338 1337
4 1484 1498 1499 1485
4 1325 1339 1500 1486
4 1326 1487 1501 1340
4 1325 1486 1487 1326
4 1500 1339 1340 1501
4 1325 1326 1340 1339
4 1486 1500 1501 1487
4 1327 1344 1504 1489
4 1328 1490 1505 1345
4 1327 1489 1490 1328
4 1504 1344 1345 1505
4 1327 1328 1345 1344
4 1489 1504 1505 1490
4 1328 1345 1505 1490
4 1329 1491 1506 1346
4 1328 1490 1491 1329
4 1505 1345 1346 1506
4 1328 1329 1346 1345
4 1490 1505 1506 1491
4 1331 1348 1507 1492
4 1332 1493 1508 1349
4 1331 1492 1493 1332
4 1507 1348 1349 1508
4 1331 1332 1349 1348
4 1492 1507 1508 1493
4 1332 1349 1508 1493
4 1333 1494 1509 1350
4 1332 1493 1494 1333
4 1508 1349 1350 1509
4 1332 1333 1350 1349
4 1493 1508 1509 1494
4 1337 1353 1513 1498
4 1338 1499 1514 1354
4 1337 1498 1499 1338
4 1513 1353 1354 1514
4 1337 1338 1354 1353
4 1498 1513 1514 1499
4 1339 1355 1515 1500
4 1340 1501 1516 1356
4 1339 1500 1501 1340
4 1515 1355 1356 1516
4 1339 1340 1356 1355
4 1500 1515 1516 1501
4 1344 1364 1520 1504
4 1345 1505 1521 1365
4 1344 1504 1505 1345
4 1520 1364 1365 1521
4 1344 1345 1365 1364
4 1504 1520 1521 1505
4 1345 1365 1521 1505
4 1346 1506 1522 1366
4 1345 1505 1506 1346
4 1521 1365 1366 1522
4 1345 1346 1366 1365
4 1505 1521 1522 1506
4 1348 1368 1523 1507
4 1349 1508 1524 1369
4 1348 1507 1508 1349
4 1523 1368 1369 1524
4 1348 1349 1369 1368
4 1507 1523 1524 1508
4 1349 1369 1524 1508
4 1350 1509 1525 1370
4 1349 1508 1509 1350
4 1524 1369 1370 1525
4 1349 1350 1370 1369
4 1508 1524 1525 1509
4 1350 1370 1525 1509
4 1351 1510 1526 1371
4 1350 1509 1510 1351
4 1525 1370 1371 1526
4 1350 1351 1371 1370
4 1509 1525 1526 1510
4 1352 1373 1529 1512
4 1353 1513 1530 1374
4 1352 1512 1513 1353
4 1529 1373 1374 1530
4 1352 1353 1374 1373
4 1512 1529 1530 1513
4 1353 1374 1530 1513
4 1354 1514 1531 1375
4 1353 1513 1514 1354
4 1530 1374 1375 1531
4 1353 1354 1375 1374
4 1513 1530 1531 1514
4 1355 1376 1532 1515
4 1356 1516 1533 1377
4 1355 1515 1516 1356
4 1532 1376 1377 1533
4 1355 1356 1377 1376
4 1515 1532 1533 1516
4 1356 1377 1533 1516
4 1357 1517 1534 1378
4 1356 1516 1517 1357
4 1533 1377 1378 1534
4 1356 1357 1378 1377
4 1516 1533 1534 1517
4 1364 1386 1542 1520
4 1365 1521 1543 1387
4 1364 1520 1521 1365
4 1542 1386 1387 1543
4 1364 1365 1387 1386
4 1520 1542 1543 1521
4 1368 1389 1544 1523
4 1369 1524 1545 1390
4 1368 1523 1524 1369
4 1544 1389 1390 1545
4 1368 1369 1390 1389
4 1523 1544 1545 1524
4 1369 1390 1545 1524
4 1370 1525 1546 1391
4 1369 1524 1525 1370
4 1545 1390 1391 1546
4 1369 1370 1391 1390
4 1524 1545 1546 1525
4 1370 1391 1546 1525
4 1371 1526 1547 1392
4 1370 1525 1526 1371
4 1546 1391 1392 1547
4 1370 1371 1392 1391
4 1525 1546 1547 1526
4 1373 1395 1550 1529
4 1374 1530 1551 1396
4 1373 1529 1530 1374
4 1550 1395 1396 1551
4 1373 1374 1396 1395
4 1529 1550 1551 1530
4 1377 1397 1552 1533
4 1378 1534 1553 1398
4 1377 1533 1534 1378
4 1552 1397 1398 1553
4 1377 1378 1398 1397
4 1533 1552 1553 1534
4 1378 1398 1553 1534
4 1379 1535 1554 1399
4 1378 1534 1535 1379
4 1553 1398 1399 1554
4 1378 1379 1399 1398
4 1534 1553 1554 1535
4 1379 1399 1554 1535
4 1380 1536 1555 1400
4 1379 1535 1536 1380
4 1554 1399 1400 1555
4 1379 1380 1400 1399
4 1535 1554 1555 1536
4 1380 1400 1555 1536
4 1381 1537 1556 1401
4 1380 1536 1537 1381
4 1555 1400 1401 1556
4 1380 1381 1401 1400
4 1536 1555 1556 1537
4 1381 1401 1556 1537
4 1382 1538 1557 1402
4 1381 1537 1538 1382
4 1556 1401 1402 1557
4 1381 1382 1402 1401
4 1537 1556 1557 1538
4 1382 1402 1557 1538
4 1383 1539 1558 1403
4 1382 1538 1539 1383
4 1557 1402 1403 1558
4 1382 1383 1403 1402
4 1538 1557 1558 1539
4 1383 1403 1558 1539
4 1384 1540 1559 1404
4 1383 1539 1540 1384
4 1558 1403 1404 1559
4 1383 1384 1404 1403
4 1539 1558 1559 1540
4 1384 1404 1559 1540
4 1385 1541 1560 1405
4 1384 1540 1541 1385
4 1559 1404 1405 1560
4 1384 1385 1405 1404
4 1540 1559 1560 1541
4 1385 1405 1560 1541
4 1386 1542 1561 1406
4 1385 1541 1542 1386
4 1560 1405 1406 1561
4 1385 1386 1406 1405
4 1541 1560 1561 1542
4 1386 1406 1561 1542
4 1387 1543 1562 1407
4 1386 1542 1543 1387
4 1561 1406 1407 1562
4 1386 1387 1407 1406
4 1542 1561 1562 1543
4 1390 1409 1563 1545
4 1391 1546 1564 1410
4 1390 1545 1546 1391
4 1563 1409 1410 1564
4 1390 1391 1410 1409
4 1545 1563 1564 1546
4 1391 1410 1564 1546
4 1392 1547 1565 1411
4 1391 1546 1547 1392
4 1564 1410 1411 1565
4 1391 1392 1411 1410
4 1546 1564 1565 1547
4 1392 1411 1565 1547
4 1393 1548 1566 1412
4 1392 1547 1548 1393
4 1565 1411 1412 1566
4 1392 1393 1412 1411
4 1547 1565 1566 1548
4 1393 1412 1566 1548
4 1394 1549 1567 1413
4 1393 1548 1549 1394
4 1566 1412 1413 1567
4 1393 1394 1413 1412
4 1548 1566 1567 1549
4 1394 1413 1567 1549
4 1395 1550 1568 1414
4 1394 1549 1550 1395
4 1567 1413 1414 1568
4 1394 1395 1414 1413
4 1549 1567 1568 1550
4 1395 1414 1568 1550
4 1396 1551 1569 1415
4 1395 1550 1551 1396
4 1568 1414 1415 1569
4 1395 1396 1415 1414
4 1550 1568 1569 1551
4 1398 1416 1570 1553
4 1399 1554 1571 1417
4 1398 1553 1554 1399
4 1570 1416 1417 1571
4 1398 1399 1417 1416
4 1553 1570 1571 1554
4 1399 1417 1571 1554
4 1400 1555 1572 1418
4 1399 1554 1555 1400
4 1571 1417 1418 1572
4 1399 1400 1418 1417
4 1554 1571 1572 1555
4 1401 1419 1573 1556
4 1402 1557 1574 1420
4 1401 1556 1557 1402
4 1573 1419 1420 1574
4 1401 1402 1420 1419
4 1556 1573 1574 1557
4 1402 1420 1574 1557
4 1403 1558 1575 1421
4 1402 1557 1558 1403
4 1574 1420 1421 1575
4 1402 1403 1421 1420
4 1557 1574 1575 1558
4 1403 1421 1575 1558
4 1404 1559 1576 1422
4 1403 1558 1559 1404
4 1575 1421 1422 1576
4 1403 1404 1422 1421
4 1558 1575 1576 1559
4 1425 1434 1586 1577
4 1426 1578 1587 1435
4 1425 1577 1578 1426
4 1586 1434 1435 1587
4 1425 1426 1435 1434
4 1577 1586 1587 1578
4 1426 1435 1587 1578
4 1427 1579 1588 1436
4 1426 1578 1579 1427
4 1587 1435 1436 1588
4 1426 1427 1436 1435
4 1578 1587 1588 1579
4 1427 1436 1588 1579
4 1428 1580 1589 1437
4 1427 1579 1580 1428
4 1588 1436 1437 1589
4 1427 1428 1437 1436
4 1579 1588 1589 1580
4 1428 1437 1589 1580
4 1429 1581 1590 1438
4 1428 1580 1581 1429
4 1589 1437 1438 1590
4 1428 1429 1438 1437
4 1580 1589 1590 1581
4 1429 1438 1590 1581
4 1430 1582 1591 1439
4 1429 1581 1582 1430
4 1590 1438 1439 1591
4 1429 1430 1439 1438
4 1581 1590 1591 1582
4 1431 1450 1601 1583
4 1432 1584 1602 1451
4 1431 1583 1584 1432
4 1601 1450 1451 1602
4 1431 1432 1451 1450
4 1583 1601 1602 1584
4 1432 1451 1602 1584
4 1433 1585 1603 1452
4 1432 1584 1585 1433
4 1602 1451 1452 1603
4 1432 1433 1452 1451
4 1584 1602 1603 1585
4 1433 1452 1603 1585
4 1434 1586 1604 1453
4 1433 1585 1586 1434
4 1603 1452 1453 1604
4 1433 1434 1453 1452
4 1585 1603 1604 1586
4 1434 1453 1604 1586
4 1435 1587 1605 1454
4 1434 1586 1587 1435
4 1604 1453 1454 1605
4 1434 1435 1454 1453
4 1586 1604 1605 1587
4 1435 1454 1605 1587
4 1436 1588 1606 1455
4 1435 1587 1588 1436
4 1605 1454 1455 1606
4 1435 1436 1455 1454
4 1587 1605 1606 1588
4 1436 1455 1606 1588
4 1437 1589 1607 1456
4 1436 1588 1589 1437
4 1606 1455 1456 1607
4 1436 1437 1456 1455
4 1588 1606 1607 1589
4 1437 1456 1607 1589
4 1438 1590 1608 1457
4 1437 1589 1590 1438
4 1607 1456 1457 1608
4 1437 1438 1457 1456
4 1589 1607 1608 1590
4 1438 1457 1608 1590
4 1439 1591 1609 1458
4 1438 1590 1591 1439
4 1608 1457 1458 1609
4 1438 1439 1458 1457
4 1590 1608 1609 1591
4 1439 1458 1609 1591
4 1440 1592 1610 1459
4 1439 1591 1592 1440
4 1609 1458 1459 1610
4 1439 1440 1459 1458
4 1591 1609 1610 1592
4 1440 1459 1610 1592
4 1441 1593 1611 1460
4 1440 1592 1593 1441
4 1610 1459 1460 1611
4 1440 1441 1460 1459
4 1592 1610 1611 1593
4 1443 1463 1612 1594
4 1444 1595 1613 1464
4 1443 1594 1595 1444
4 1612 1463 1464 1613
4 1443 1444 1464 1463
4 1594 1612 1613 1595
4 1444 1464 1613 1595
4 1445 1596 1614 1465
4 1444 1595 1596 1445
4 1613 1464 1465 1614
4 1444 1445 1465 1464
4 1595 1613 1614 1596
4 1445 1465 1614 1596
4 1446 1597 1615 1466
4 1445 1596 1597 1446
4 1614 1465 1466 1615
4 1445 1446 1466 1465
4 1596 1614 1615 1597
4 1446 1466 1615 1597
4 1447 1598 1616 1467
4 1446 1597 1598 1447
4 1615 1466 1467 1616
4 1446 1447 1467 1466
4 1597 1615 1616 1598
4 1447 1467 1616 1598
4 1448 1599 1617 1468
4 1447 1598 1599 1448
4 1616 1467 1468 1617
4 1447 1448 1468 1467
4 1598 1616 1617 1599
4 1449 1469 1618 1600
4 1450 1601 1619 1470
4 1449 1600 1601 1450
4 1618 1469 1470 1619
4 1449 1450 1470 1469
4 1600 1618 1619 1601
4 1450 1470 1619 1601
4 1451 1602 1620 1471
4 1450 1601 1602 1451
4 1619 1470 1471 1620
4 1450 1451 1471 1470
4 1601 1619 1620 1602
4 1451 1471 1620 1602
4 1452 1603 1621 1472
4 1451 1602 1603 1452
4 1620 1471 1472 1621
4 1451 1452 1472 1471
4 1602 1620 1621 1603
4 1458 1473 1627 1609
4 1459 1610 1628 1474
4 1458 1609 1610 1459
4 1627 1473 1474 1628
4 1458 1459 1474 1473
4 1609 1627 1628 1610
4 1459 1474 1628 1610
4 1460 1611 1629 1475
4 1459 1610 1611 1460
4 1628 1474 1475 1629
4 1459 1460 1475 1474
4 1610 1628 1629 1611
4 1463 1479 1632 1612
4 1464 1613 1633 1480
4 1463 1612 1613 1464
4 1632 1479 1480 1633
4 1463 1464 1480 1479
4 1612 1632 1633 1613
4 1464 1480 1633 1613
4 1465 1614 1634 1481
4 1464 1613 1614 1465
4 1633 1480 1481 1634
4 1464 1465 1481 1480
4 1613 1633 1634 1614
4 1465 1481 1634 1614
4 1466 1615 1635 1482
4 1465 1614 1615 1466
4 1634 1481 1482 1635
4 1465 1466 1482 1481
4 1614 1634 1635 1615
4 1466 1482 1635 1615
4 1467 1616 1636 1483
4 1466 1615 1616 1467
4 1635 1482 1483 1636
4 1466 1467 1483 1482
4 1615 1635 1636 1616
4 1467 1483 1636 1616
4 1468 1617 1637 1484
4 1467 1616 1617 1468
4 1636 1483 1484 1637
4 1467 1468 1484 1483
4 1616 1636 1637 1617
4 1469 1486 1639 1618
4 1470 1619 1640 1487
4 1469 1618 1619 1470
4 1639 1486 1487 1640
4 1469 1470 1487 1486
4 1618 1639 1640 1619
4 1470 1487 1640 1619
4 1471 1620 1641 1488
4 1470 1619 1620 1471
4 1640 1487 1488 1641
4 1470 1471 1488 1487
4 1619 1640 1641 1620
4 1474 1489 1645 1628
4 1475 1629 1646 1490
4 1474 1628 1629 1475
4 1645 1489 1490 1646
4 1474 1475 1490 1489
4 1628 1645 1646 1629
4 1475 1490 1646 1629
4 1476 1630 1647 1491
4 1475 1629 1630 1476
4 1646 1490 1491 1647
4 1475 1476 1491 1490
4 1629 1646 1647 1630
4 1478 1493 1648 1631
4 1479 1632 1649 1494
4 1478 1631 1632 1479
4 1648 1493 1494 1649
4 1478 1479 1494 1493
4 1631 1648 1649 1632
4 1479 1494 1649 1632
4 1480 1633 1650 1495
4 1479 1632 1633 1480
4 1649 1494 1495 1650
4 1479 1480 1495 1494
4 1632 1649 1650 1633
4 1480 1495 1650 1633
4 1481 1634 1651 1496
4 1480 1633 1634 1481
4 1650 1495 1496 1651
4 1480 1481 1496 1495
4 1633 1650 1651 1634
4 1483 1497 1653 1636
4 1484 1637 1654 1498
4 1483 1636 1637 1484
4 1653 1497 1498 1654
4 1483 1484 1498 1497
4 1636 1653 1654 1637
4 1484 1498 1654 1637
4 1485 1638 1655 1499
4 1484 1637 1638 1485
4 1654 1498 1499 1655
4 1484 1485 1499 1498
4 1637 1654 1655 1638
4 1486 1500 1656 1639
4 1487 1640 1657 1501
4 1486 1639 1640 1487
4 1656 1500 1501 1657
4 1486 1487 1501 1500
4 1639 1656 1657 1640
4 1487 1501 1657 1640
4 1488 1641 1658 1502
4 1487 1640 1641 1488
4 1657 1501 1502 1658
4 1487 1488 1502 1501
4 1640 1657 1658 1641
4 1489 1504 1663 1645
4 1490 1646 1664 1505
4 1489 1645 1646 1490
4 1663 1504 1505 1664
4 1489 1490 1505 1504
4 1645 1663 1664 1646
4 1490 1505 1664 1646
4 1491 1647 1665 1506
4 1490 1646 1647 1491
4 1664 1505 1506 1665
4 1490 1491 1506 1505
4 1646 1664 1665 1647
4 1493 1508 1666 1648
4 1494 1649 1667 1509
4 1493 1648 1649 1494
4 1666 1508 1509 1667
4 1493 1494 1509 1508
4 1648 1666 1667 1649
4 1494 1509 1667 1649
4 1495 1650 1668 1510
4 1494 1649 1650 1495
4 1667 1509 1510 1668
4 1494 1495 1510 1509
4 1649 1667 1668 1650
4 1497 1512 1671 1653
4 1498 1654 1672 1513
4 1497 1653 1654 1498
4 1671 1512 1513 1672
4 1497 1498 1513 1512
4 1653 1671 1672 1654
4 1498 1513 1672 1654
4 1499 1655 1673 1514
4 1498 1654 1655 1499
4 1672 1513 1514 1673
4 1498 1499 1514 1513
4 1654 1672 1673 1655
4 1500 1515 1674 1656
4 1501 1657 1675 1516
4 1500 1656 1657 1501
4 1674 1515 1516 1675
4 1500 1501 1516 1515
4 1656 1674 1675 1657
4 1501 1516 1675 1657
4 1502 1658 1676 1517
4 1501 1657 1658 1502
4 1675 1516 1517 1676
4 1501 1502 1517 1516
4 1657 1675 1676 1658
4 1502 1517 1676 1658
4 1503 1659 1677 1518
4 1502 1658 1659 1503
4 1676 1517 1518 1677
4 1502 1503 1518 1517
4 1658 1676 1677 1659
4 1504 1520 1684 1663
4 1505 1664 1685 1521
4 1504 1663 1664 1505
4 1684 1520 1521 1685
4 1504 1505 1521 1520
4 1663 1684 1685 1664
4 1505 1521 1685 1664
4 1506 1665 1686 1522
4 1505 1664 1665 1506
4 1685 1521 1522 1686
4 1505 1506 1522 1521
4 1664 1685 1686 1665
4 1508 1524 1687 1666
4 1509 1667 1688 1525
4 1508 1666 1667 1509
4 1687 1524 1525 1688
4 1508 1509 1525 1524
4 1666 1687 1688 1667
4 1509 1525 1688 1667
4 1510 1668 1689 1526
4 1509 1667 1668 1510
4 1688 1525 1526 1689
4 1509 1510 1526 1525
4 1667 1688 1689 1668
4 1510 1526 1689 1668
4 1511 1669 1690 1527
4 1510 1668 1669 1511
4 1689 1526 1527 1690
4 1510 1511 1527 1526
4 1668 1689 1690 1669
4 1512 1529 1692 1671
4 1513 1672 1693 1530
4 1512 1671 1672 1513
4 1692 1529 1530 1693
4 1512 1513 1530 1529
4 1671 1692 1693 1672
4 1513 1530 1693 1672
4 1514 1673 1694 1531
4 1513 1672 1673 1514
4 1693 1530 1531 1694
4 1513 1514 1531 1530
4 1672 1693 1694 1673
4 1515 1532 1695 1674
4 1516 1675 1696 1533
4 1515 1674 1675 1516
4 1695 1532 1533 1696
4 1515 1516 1533 1532
4 1674 1695 1696 1675
4 1516 1533 1696 1675
4 1517 1676 1697 1534
4 1516 1675 1676 1517
4 1696 1533 1534 1697
4 1516 1517 1534 1533
4 1675 1696 1697 1676
4 1517 1534 1697 1676
4 1518 1677 1698 1535
4 1517 1676 1677 1518
4 1697 1534 1535 1698
4 1517 1518 1535 1534
4 1676 1697 1698 1677
4 1519 1541 1704 1683
4 1520 1684 1705 1542
4 1519 1683 1684 1520
4 1704 1541 1542 1705
4 1519 1520 1542 1541
4 1683 1704 1705 1684
4 1520 1542 1705 1684
4 1521 1685 1706 1543
4 1520 1684 1685 1521
4 1705 1542 1543 1706
4 1520 1521 1543 1542
4 1684 1705 1706 1685
4 1525 1546 1707 1688
4 1526 1689 1708 1547
4 1525 1688 1689 1526
4 1707 1546 1547 1708
4 1525 1526 1547 1546
4 1688 1707 1708 1689
4 1526 1547 1708 1689
4 1527 1690 1709 1548
4 1526 1689 1690 1527
4 1708 1547 1548 1709
4 1526 1527 1548 1547
4 1689 1708 1709 1690
4 1527 1548 1709 1690
4 1528 1691 1710 1549
4 1527 1690 1691 1528
4 1709 1548 1549 1710
4 1527 1528 1549 1548
4 1690 1709 1710 1691
4 1529 1550 1711 1692
4 1530 1693 1712 1551
4 1529 1692 1693 1530
4 1711 1550 1551 1712
4 1529 1530 1551 1550
4 1692 1711 1712 1693
4 1533 1552 1713 1696
4 1534 1697 1714 1553
4 1533 1696 1697 1534
4 1713 1552 1553 1714
4 1533 1534 1553 1552
4 1696 1713 1714 1697
4 1534 1553 1714 1697
4 1535 1698 1715 1554
4 1534 1697 1698 1535
4 1714 1553 1554 1715
4 1534 1535 1554 1553
4 1697 1714 1715 1698
4 1535 1554 1715 1698
4 1536 1699 1716 1555
4 1535 1698 1699 1536
4 1715 1554 1555 1716
4 1535 1536 1555 1554
4 1698 1715 1716 1699
4 1536 1555 1716 1699
4 1537 1700 1717 1556
4 1536 1699 1700 1537
4 1716 1555 1556 1717
4 1536 1537 1556 1555
4 1699 1716 1717 1700
4 1537 1556 1717 1700
4 1538 1701 1718 1557
4 1537 1700 1701 1538
4 1717 1556 1557 1718
4 1537 1538 1557 1556
4 1700 1717 1718 1701
4 1538 1557 1718 1701
4 1539 1702 1719 1558
4 1538 1701 1702 1539
4 1718 1557 1558 1719
4 1538 1539 1558 1557
4 1701 1718 1719 1702
4 1539 1558 1719 1702
4 1540 1703 1720 1559
4 1539 1702 1703 1540
4 1719 1558 1559 1720
4 1539 1540 1559 1558
4 1702 1719 1720 1703
4 1540 1559 1720 1703
4 1541 1704 1721 1560
4 1540 1703 1704 1541
4 1720 1559 1560 1721
4 1540 1541 1560 1559
4 1703 1720 1721 1704
4 1541 1560 1721 1704
4 1542 1705 1722 1561
4 1541 1704 1705 1542
4 1721 1560 1561 1722
4 1541 1542 1561 1560
4 1704 1721 1722 1705
4 1542 1561 1722 1705
4 1543 1706 1723 1562
4 1542 1705 1706 1543
4 1722 1561 1562 1723
4 1542 1543 1562 1561
4 1705 1722 1723 1706
4 1546 1564 1724 1707
4 1547 1708 1725 1565
4 1546 1707 1708 1547
4 1724 1564 1565 1725
4 1546 1547 1565 1564
4 1707 1724 1725 1708
4 1547 1565 1725 1708
4 1548 1709 1726 1566
4 1547 1708 1709 1548
4 1725 1565 1566 1726
4 1547 1548 1566 1565
4 1708 1725 1726 1709
4 1548 1566 1726 1709
4 1549 1710 1727 1567
4 1548 1709 1710 1549
4 1726 1566 1567 1727
4 1548 1549 1567 1566
4 1709 1726 1727 1710
4 1549 1567 1727 1710
4 1550 1711 1728 1568
4 1549 1710 1711 1550
4 1727 1567 1568 1728
4 1549 1550 1568 1567
4 1710 1727 1728 1711
4 1550 1568 1728 1711
4 1551 1712 1729 1569
4 1550 1711 1712 1551
4 1728 1568 1569 1729
4 1550 1551 1569 1568
4 1711 1728 1729 1712
4 1556 1573 1730 1717
4 1557 1718 1731 1574
4 1556 1717 1718 1557
4 1730 1573 1574 1731
4 1556 1557 1574 1573
4 1717 1730 1731 1718
4 1557 1574 1731 1718
4 1558 1719 1732 1575
4 1557 1718 1719 1558
4 1731 1574 1575 1732
4 1557 1558 1575 1574
4 1718 1731 1732 1719
4 1558 1575 1732 1719
4 1559 1720 1733 1576
4 1558 1719 1720 1559
4 1732 1575 1576 1733
4 1558 1559 1576 1575
4 1719 1732 1733 1720
4 1584 1602 1744 1734
4 1585 1735 1745 1603
4 1584 1734 1735 1585
4 1744 1602 1603 1745
4 1584 1585 1603 1602
4 1734 1744 1745 1735
4 1585 1603 1745 1735
4 1586 1736 1746 1604
4 1585 1735 1736 1586
4 1745 1603 1604 1746
4 1585 1586 1604 1603
4 1735 1745 1746 1736
4 1586 1604 1746 1736
4 1587 1737 1747 1605
4 1586 1736 1737 1587
4 1746 1604 1605 1747
4 1586 1587 1605 1604
4 1736 1746 1747 1737
4 1587 1605 1747 1737
4 1588 1738 1748 1606
4 1587 1737 1738 1588
4 1747 1605 1606 1748
4 1587 1588 1606 1605
4 1737 1747 1748 1738
4 1588 1606 1748 1738
4 1589 1739 1749 1607
4 1588 1738 1739 1589
4 1748 1606 1607 1749
4 1588 1589 1607 1606
4 1738 1748 1749 1739
4 1589 1607 1749 1739
4 1590 1740 1750 1608
4 1589 1739 1740 1590
4 1749 1607 1608 1750
4 1589 1590 1608 1607
4 1739 1749 1750 1740
4 1590 1608 1750 1740
4 1591 1741 1751 1609
4 1590 1740 1741 1591
4 1750 1608 1609 1751
4 1590 1591 1609 1608
4 1740 1750 1751 1741
4 1591 1609 1751 1741
4 1592 1742 1752 1610
4 1591 1741 1742 1592
4 1751 1609 1610 1752
4 1591 1592 1610 1609
4 1741 1751 1752 1742
4 1601 1619 1759 1743
4 1602 1744 1760 1620
4 1601 1743 1744 1602
4 1759 1619 1620 1760
4 1601 1602 1620 1619
4 1743 1759 1760 1744
4 1602 1620 1760 1744
4 1603 1745 1761 1621
4 1602 1744 1745 1603
4 1760 1620 1621 1761
4 1602 1603 1621 1620
4 1744 1760 1761 1745
4 1603 1621 1761 1745
4 1604 1746 1762 1622
4 1603 1745 1746 1604
4 1761 1621 1622 1762
4 1603 1604 1622 1621
4 1745 1761 1762 1746
4 1604 1622 1762 1746
4 1605 1747 1763 1623
4 1604 1746 1747 1605
4 1762 1622 1623 1763
4 1604 1605 1623 1622
4 1746 1762 1763 1747
4 1605 1623 1763 1747
4 1606 1748 1764 1624
4 1605 1747 1748 1606
4 1763 1623 1624 1764
4 1605 1606 1624 1623
4 1747 1763 1764 1748
4 1606 1624 1764 1748
4 1607 1749 1765 1625
4 1606 1748 1749 1607
4 1764 1624 1625 1765
4 1606 1607 1625 1624
4 1748 1764 1765 1749
4 1607 1625 1765 1749
4 1608 1750 1766 1626
4 1607 1749 1750 1608
4 1765 1625 1626 1766
4 1607 1608 1626 1625
4 1749 1765 1766 1750
4 1608 1626 1766 1750
4 1609 1751 1767 1627
4 1608 1750 1751 1609
4 1766 1626 1627 1767
4 1608 1609 1627 1626
4 1750 1766 1767 1751
4 1609 1627 1767 1751
4 1610 1752 1768 1628
4 1609 1751 1752 1610
4 1767 1627 1628 1768
4 1609 1610 1628 1627
4 1751 1767 1768 1752
4 1610 1628 1768 1752
4 1611 1753 1769 1629
4 1610 1752 1753 1611
4 1768 1628 1629 1769
4 1610 1611 1629 1628
4 1752 1768 1769 1753
4 1613 1633 1772 1754
4 1614 1755 1773 1634
4 1613 1754 1755 1614
4 1772 1633 1634 1773
4 1613 1614 1634 1633
4 1754 1772 1773 1755
4 1614 1634 1773 1755
4 1615 1756 1774 1635
4 1614 1755 1756 1615
4 1773 1634 1635 1774
4 1614 1615 1635 1634
4 1755 1773 1774 1756
4 1615 1635 1774 1756
4 1616 1757 1775 1636
4 1615 1756 1757 1616
4 1774 1635 1636 1775
4 1615 1616 1636 1635
4 1756 1774 1775 1757
4 1616 1636 1775 1757
4 1617 1758 1776 1637
4 1616 1757 1758 1617
4 1775 1636 1637 1776
4 1616 1617 1637 1636
4 1757 1775 1776 1758
4 1619 1640 1778 1759
4 1620 1760 1779 1641
4 1619 1759 1760 1620
4 1778 1640 1641 1779
4 1619 1620 1641 1640
4 1759 1778 1779 1760
4 1620 1641 1779 1760
4 1621 1761 1780 1642
4 1620 1760 1761 1621
4 1779 1641 1642 1780
4 1620 1621 1642 1641
4 1760 1779 1780 1761
4 1621 1642 1780 1761
4 1622 1762 1781 1643
4 1621 1761 1762 1622
4 1780 1642 1643 1781
4 1621 1622 1643 1642
4 1761 1780 1781 1762
4 1627 1644 1786 1767
4 1628 1768 1787 1645
4 1627 1767 1768 1628
4 1786 1644 1645 1787
4 1627 1628 1645 1644
4 1767 1786 1787 1768
4 1628 1645 1787 1768
4 1629 1769 1788 1646
4 1628 1768 1769 1629
4 1787 1645 1646 1788
4 1628 1629 1646 1645
4 1768 1787 1788 1769
4 1629 1646 1788 1769
4 1630 1770 1789 1647
4 1629 1769 1770 1630
4 1788 1646 1647 1789
4 1629 1630 1647 1646
4 1769 1788 1789 1770
4 1632 1649 1790 1771
4 1633 1772 1791 1650
4 1632 1771 1772 1633
4 1790 1649 1650 1791
4 1632 1633 1650 1649
4 1771 1790 1791 1772
4 1633 1650 1791 1772
4 1634 1773 1792 1651
4 1633 1772 1773 1634
4 1791 1650 1651 1792
4 1633 1634 1651 1650
4 1772 1791 1792 1773
4 1634 1651 1792 1773
4 1635 1774 1793 1652
4 1634 1773 1774 1635
4 1792 1651 1652 1793
4 1634 1635 1652 1651
4 1773 1792 1793 1774
4 1635 1652 1793 1774
4 1636 1775 1794 1653
4 1635 1774 1775 1636
4 1793 1652 1653 1794
4 1635 1636 1653 1652
4 1774 1793 1794 1775
4 1636 1653 1794 1775
4 1637 1776 1795 1654
4 1636 1775 1776 1637
4 1794 1653 1654 1795
4 1636 1637 1654 1653
4 1775 1794 1795 1776
4 1637 1654 1795 1776
4 1638 1777 1796 1655
4 1637 1776 1777 1638
4 1795 1654 1655 1796
4 1637 1638 1655 1654
4 1776 1795 1796 1777
4 1640 1657 1797 1778
4 1641 1779 1798 1658
4 1640 1778 1779 1641
4 1797 1657 1658 1798
4 1640 1641 1658 1657
4 1778 1797 1798 1779
4 1641 1658 1798 1779
4 1642 1780 1799 1659
4 1641 1779 1780 1642
4 1798 1658 1659 1799
4 1641 1642 1659 1658
4 1779 1798 1799 1780
4 1642 1659 1799 1780
4 1643 1781 1800 1660
4 1642 1780 1781 1643
4 1799 1659 1660 1800
4 1642 1643 1660 1659
4 1780 1799 1800 1781
4 1645 1663 1806 1787
4 1646 1788 1807 1664
4 1645 1787 1788 1646
4 1806 1663 1664 1807
4 1645 1646 1664 1663
4 1787 1806 1807 1788
4 1646 1664 1807 1788
4 1647 1789 1808 1665
4 1646 1788 1789 1647
4 1807 1664 1665 1808
4 1646 1647 1665 1664
4 1788 1807 1808 1789
4 1649 1667 1809 1790
4 1650 1791 1810 1668
4 1649 1790 1791 1650
4 1809 1667 1668 1810
4 1649 1650 1668 1667
4 1790 1809 1810 1791
4 1650 1668 1810 1791
4 1651 1792 1811 1669
4 1650 1791 1792 1651
4 1810 1668 1669 1811
4 1650 1651 1669 1668
4 1791 1810 1811 1792
4 1651 1669 1811 1792
4 1652 1793 1812 1670
4 1651 1792 1793 1652
4 1811 1669 1670 1812
4 1651 1652 1670 1669
4 1792 1811 1812 1793
4 1653 1671 1813 1794
4 1654 1795 1814 1672
4 1653 1794 1795 1654
4 1813 1671 1672 1814
4 1653 1654 1672 1671
4 1794 1813 1814 1795
4 1654 1672 1814 1795
4 1655 1796 1815 1673
4 1654 1795 1796 1655
4 1814 1672 1673 1815
4 1654 1655 1673 1672
4 1795 1814 1815 1796
4 1657 1675 1816 1797
4 1658 1798 1817 1676
4 1657 1797 1798 1658
4 1816 1675 1676 1817
4 1657 1658 1676 1675
4 1797 1816 1817 1798
4 1658 1676 1817 1798
4 1659 1799 1818 1677
4 1658 1798 1799 1659
4 1817 1676 1677 1818
4 1658 1659 1677 1676
4 1798 1817 1818 1799
4 1659 1677 1818 1799
4 1660 1800 1819 1678
4 1659 1799 1800 1660
4 1818 1677 1678 1819
4 1659 1660 1678 1677
4 1799 1818 1819 1800
4 1660 1678 1819 1800
4 1661 1801 1820 1679
4 1660 1800 1801 1661
4 1819 1678 1679 1820
4 1660 1661 1679 1678
4 1800 1819 1820 1801
4 1662 1683 1824 1805
4 1663 1806 1825 1684
4 1662 1805 1806 1663
4 1824 1683 1684 1825
4 1662 1663 1684 1683
4 1805 1824 1825 1806
4 1663 1684 1825 1806
4 1664 1807 1826 1685
4 1663 1806 1807 1664
4 1825 1684 1685 1826
4 1663 1664 1685 1684
4 1806 1825 1826 1807
4 1668 1689 1827 1810
4 1669 1811 1828 1690
4 1668 1810 1811 1669
4 1827 1689 1690 1828
4 1668 1669 1690 1689
4 1810 1827 1828 1811
4 1669 1690 1828 1811
4 1670 1812 1829 1691
4 1669 1811 1812 1670
4 1828 1690 1691 1829
4 1669 1670 1691 1690
4 1811 1828 1829 1812
4 1670 1691 1829 1812
4 1671 1813 1830 1692
4 1670 1812 1813 1671
4 1829 1691 1692 1830
4 1670 1671 1692 1691
4 1812 1829 1830 1813
4 1671 1692 1830 1813
4 1672 1814 1831 1693
4 1671 1813 1814 1672
4 1830 1692 1693 1831
4 1671 1672 1693 1692
4 1813 1830 1831 1814
4 1672 1693 1831 1814
4 1673 1815 1832 1694
4 1672 1814 1815 1673
4 1831 1693 1694 1832
4 1672 1673 1694 1693
4 1814 1831 1832 1815
4 1676 1697 1833 1817
4 1677 1818 1834 1698
4 1676 1817 1818 1677
4 1833 1697 1698 1834
4 1676 1677 1698 1697
4 1817 1833 1834 1818
4 1677 1698 1834 1818
4 1678 1819 1835 1699
4 1677 1818 1819 1678
4 1834 1698 1699 1835
4 1677 1678 1699 1698
4 1818 1834 1835 1819
4 1678 1699 1835 1819
4 1679 1820 1836 1700
4 1678 1819 1820 1679
4 1835 1699 1700 1836
4 1678 1679 1700 1699
4 1819 1835 1836 1820
4 1679 1700 1836 1820
4 1680 1821 1837 1701
4 1679 1820 1821 1680
4 1836 1700 1701 1837
4 1679 1680 1701 1700
4 1820 1836 1837 1821
4 1680 1701 1837 1821
4 1681 1822 1838 1702
4 1680 1821 1822 1681
4 1837 1701 1702 1838
4 1680 1681 1702 1701
4 1821 1837 1838 1822
4 1682 1703 1839 1823
4 1683 1824 1840 1704
4 1682 1823 1824 1683
4 1839 1703 1704 1840
4 1682 1683 1704 1703
4 1823 1839 1840 1824
4 1683 1704 1840 1824
4 1684 1825 1841 1705
4 1683 1824 1825 1684
4 1840 1704 1705 1841
4 1683 1684 1705 1704
4 1824 1840 1841 1825
4 1684 1705 1841 1825
4 1685 1826 1842 1706
4 1684 1825 1826 1685
4 1841 1705 1706 1842
4 1684 1685 1706 1705
4 1825 1841 1842 1826
4 1689 1708 1843 1827
4 1690 1828 1844 1709
4 1689 1827 1828 1690
4 1843 1708 1709 1844
4 1689 1690 1709 1708
4 1827 1843 1844 1828
4 1690 1709 1844 1828
4 1691 1829 1845 1710
4 1690 1828 1829 1691
4 1844 1709 1710 1845
4 1690 1691 1710 1709
4 1828 1844 1845 1829
4 1691 1710 1845 1829
4 1692 1830 1846 1711
4 1691 1829 1830 1692
4 1845 1710 1711 1846
4 1691 1692 1711 1710
4 1829 1845 1846 1830
4 1692 1711 1846 1830
4 1693 1831 1847 1712
4 1692 1830 1831 1693
4 1846 1711 1712 1847
4 1692 1693 1712 1711
4 1830 1846 1847 1831
4 1697 1714 1848 1833
4 1698 1834 1849 1715
4 1697 1833 1834 1698
4 1848 1714 1715 1849
4 1697 1698 1715 1714
4 1833 1848 1849 1834
4 1698 1715 1849 1834
4 1699 1835 1850 1716
4 1698 1834 1835 1699
4 1849 1715 1716 1850
4 1698 1699 1716 1715
4 1834 1849 1850 1835
4 1699 1716 1850 1835
4 1700 1836 1851 1717
4 1699 1835 1836 1700
4 1850 1716 1717 1851
4 1699 1700 1717 1716
4 1835 1850 1851 1836
4 1700 1717 1851 1836
4 1701 1837 1852 1718
4 1700 1836 1837 1701
4 1851 1717 1718 1852
4 1700 1701 1718 1717
4 1836 1851 1852 1837
4 1701 1718 1852 1837
4 1702 1838 1853 1719
4 1701 1837 1838 1702
4 1852 1718 1719 1853
4 1701 1702 1719 1718
4 1837 1852 1853 1838
4 1702 1719 1853 1838
4 1703 1839 1854 1720
4 1702 1838 1839 1703
4 1853 1719 1720 1854
4 1702 1703 1720 1719
4 1838 1853 1854 1839
4 1703 1720 1854 1839
4 1704 1840 1855 1721
4 1703 1839 1840 1704
4 1854 1720 1721 1855
4 1703 1704 1721 1720
4 1839 1854 1855 1840
4 1704 1721 1855 1840
4 1705 1841 1856 1722
4 1704 1840 1841 1705
4 1855 1721 1722 1856
4 1704 1705 1722 1721
4 1840 1855 1856 1841
4 1709 1726 1857 1844
4 1710 1845 1858 1727
4 1709 1844 1845 1710
4 1857 1726 1727 1858
4 1709 1710 1727 1726
4 1844 1857 1858 1845
4 1710 1727 1858 1845
4 1711 1846 1859 1728
4 1710 1845 1846 1711
4 1858 1727 1728 1859
4 1710 1711 1728 1727
4 1845 1858 1859 1846
4 1711 1728 1859 1846
4 1712 1847 1860 1729
4 1711 1846 1847 1712
4 1859 1728 1729 1860
4 1711 1712 1729 1728
4 1846 1859 1860 1847
4 1739 1749 1868 1861
4 1740 1862 1869 1750
4 1739 1861 1862 1740
4 1868 1749 1750 1869
4 1739 1740 1750 1749
4 1861 1868 1869 1862
4 1740 1750 1869 1862
4 1741 1863 1870 1751
4 1740 1862 1863 1741
4 1869 1750 1751 1870
4 1740 1741 1751 1750
4 1862 1869 1870 1863
4 1745 1761 1876 1864
4 1746 1865 1877 1762
4 1745 1864 1865 1746
4 1876 1761 1762 1877
4 1745 1746 1762 1761
4 1864 1876 1877 1865
4 1746 1762 1877 1865
4 1747 1866 1878 1763
4 1746 1865 1866 1747
4 1877 1762 1763 1878
4 1746 1747 1763 1762
4 1865 1877 1878 1866
4 1747 1763 1878 1866
4 1748 1867 1879 1764
4 1747 1866 1867 1748
4 1878 1763 1764 1879
4 1747 1748 1764 1763
4 1866 1878 1879 1867
4 1748 1764 1879 1867
4 1749 1868 1880 1765
4 1748 1867 1868 1749
4 1879 1764 1765 1880
4 1748 1749 1765 1764
4 1867 1879 1880 1868
4 1749 1765 1880 1868
4 1750 1869 1881 1766
4 1749 1868 1869 1750
4 1880 1765 1766 1881
4 1749 1750 1766 1765
4 1868 1880 1881 1869
4 1750 1766 1881 1869
4 1751 1870 1882 1767
4 1750 1869 1870 1751
4 1881 1766 1767 1882
4 1750 1751 1767 1766
4 1869 1881 1882 1870
4 1751 1767 1882 1870
4 1752 1871 1883 1768
4 1751 1870 1871 1752
4 1882 1767 1768 1883
4 1751 1752 1768 1767
4 1870 1882 1883 1871
4 1755 1773 1885 1872
4 1756 1873 1886 1774
4 1755 1872 1873 1756
4 1885 1773 1774 1886
4 1755 1756 1774 1773
4 1872 1885 1886 1873
4 1756 1774 1886 1873
4 1757 1874 1887 1775
4 1756 1873 1874 1757
4 1886 1774 1775 1887
4 1756 1757 1775 1774
4 1873 1886 1887 1874
4 1760 1779 1889 1875
4 1761 1876 1890 1780
4 1760 1875 1876 1761
4 1889 1779 1780 1890
4 1760 1761 1780 1779
4 1875 1889 1890 1876
4 1761 1780 1890 1876
4 1762 1877 1891 1781
4 1761 1876 1877 1762
4 1890 1780 1781 1891
4 1761 1762 1781 1780
4 1876 1890 1891 1877
4 1762 1781 1891 1877
4 1763 1878 1892 1782
4 1762 1877 1878 1763
4 1891 1781 1782 1892
4 1762 1763 1782 1781
4 1877 1891 1892 1878
4 1763 1782 1892 1878
4 1764 1879 1893 1783
4 1763 1878 1879 1764
4 1892 1782 1783 1893
4 1763 1764 1783 1782
4 1878 1892 1893 1879
4 1764 1783 1893 1879
4 1765 1880 1894 1784
4 1764 1879 1880 1765
4 1893 1783 1784 1894
4 1764 1765 1784 1783
4 1879 1893 1894 1880
4 1765 1784 1894 1880
4 1766 1881 1895 1785
4 1765 1880 1881 1766
4 1894 1784 1785 1895
4 1765 1766 1785 1784
4 1880 1894 1895 1881
4 1766 1785 1895 1881
4 1767 1882 1896 1786
4 1766 1881 1882 1767
4 1895 1785 1786 1896
4 1766 1767 1786 1785
4 1881 1895 1896 1882
4 1767 1786 1896 1882
4 1768 1883 1897 1787
4 1767 1882 1883 1768
4 1896 1786 1787 1897
4 1767 1768 1787 1786
4 1882 1896 1897 1883
4 1768 1787 1897 1883
4 1769 1884 1898 1788
4 1768 1883 1884 1769
4 1897 1787 1788 1898
4 1768 1769 1788 1787
4 1883 1897 1898 1884
4 1773 1792 1899 1885
4 1774 1886 1900 1793
4 1773 1885 1886 1774
4 1899 1792 1793 1900
4 1773 1774 1793 1792
4 1885 1899 1900 1886
4 1774 1793 1900 1886
4 1775 1887 1901 1794
4 1774 1886 1887 1775
4 1900 1793 1794 1901
4 1774 1775 1794 1793
4 1886 1900 1901 1887
4 1775 1794 1901 1887
4 1776 1888 1902 1795
4 1775 1887 1888 1776
4 1901 1794 1795 1902
4 1775 1776 1795 1794
4 1887 1901 1902 1888
4 1779 1798 1903 1889
4 1780 1890 1904 1799
4 1779 1889 1890 1780
4 1903 1798 1799 1904
4 1779 1780 1799 1798
4 1889 1903 1904 1890
4 1780 1799 1904 1890
4 1781 1891 1905 1800
4 1780 1890 1891 1781
4 1904 1799 1800 1905
4 1780 1781 1800 1799
4 1890 1904 1905 1891
4 1781 1800 1905 1891
4 1782 1892 1906 1801
4 1781 1891 1892 1782
4 1905 1800 1801 1906
4 1781 1782 1801 1800
4 1891 1905 1906 1892
4 1782 1801 1906 1892
4 1783 1893 1907 1802
4 1782 1892 1893 1783
4 1906 1801 1802 1907
4 1782 1783 1802 1801
4 1892 1906 1907 1893
4 1783 1802 1907 1893
4 1784 1894 1908 1803
4 1783 1893 1894 1784
4 1907 1802 1803 1908
4 1783 1784 1803 1802
4 1893 1907 1908 1894
4 1784 1803 1908 1894
4 1785 1895 1909 1804
4 1784 1894 1895 1785
4 1908 1803 1804 1909
4 1784 1785 1804 1803
4 1894 1908 1909 1895
4 1785 1804 1909 1895
4 1786 1896 1910 1805
4 1785 1895 1896 1786
4 1909 1804 1805 1910
4 1785 1786 1805 1804
4 1895 1909 1910 1896
4 1786 1805 1910 1896
4 1787 1897 1911 1806
4 1786 1896 1897 1787
4 1910 1805 1806 1911
4 1786 1787 1806 1805
4 1896 1910 1911 1897
4 1787 1806 1911 1897
4 1788 1898 1912 1807
4 1787 1897 1898 1788
4 1911 1806 1807 1912
4 1787 1788 1807 1806
4 1897 1911 1912 1898
4 1792 1811 1913 1899
4 1793 1900 1914 1812
4 1792 1899 1900 1793
4 1913 1811 1812 1914
4 1792 1793 1812 1811
4 1899 1913 1914 1900
4 1793 1812 1914 1900
4 1794 1901 1915 1813
4 1793 1900 1901 1794
4 1914 1812 1813 1915
4 1793 1794 1813 1812
4 1900 1914 1915 1901
4 1794 1813 1915 1901
4 1795 1902 1916 1814
4 1794 1901 1902 1795
4 1915 1813 1814 1916
4 1794 1795 1814 1813
4 1901 1915 1916 1902
4 1798 1817 1917 1903
4 1799 1904 1918 1818
4 1798 1903 1904 1799
4 1917 1817 1818 1918
4 1798 1799 1818 1817
4 1903 1917 1918 1904
4 1799 1818 1918 1904
4 1800 1905 1919 1819
4 1799 1904 1905 1800
4 1918 1818 1819 1919
4 1799 1800 1819 1818
4 1904 1918 1919 1905
4 1800 1819 1919 1905
4 1801 1906 1920 1820
4 1800 1905 1906 1801
4 1919 1819 1820 1920
4 1800 1801 1820 1819
4 1905 1919 1920 1906
4 1801 1820 1920 1906
4 1802 1907 1921 1821
4 1801 1906 1907 1802
4 1920 1820 1821 1921
4 1801 1802 1821 1820
4 1906 1920 1921 1907
4 1802 1821 1921 1907
4 1803 1908 1922 1822
4 1802 1907 1908 1803
4 1921 1821 1822 1922
4 1802 1803 1822 1821
4 1907 1921 1922 1908
4 1803 1822 1922 1908
4 1804 1909 1923 1823
4 1803 1908 1909 1804
4 1922 1822 1823 1923
4 1803 1804 1823 1822
4 1908 1922 1923 1909
4 1804 1823 1923 1909
4 1805 1910 1924 1824
4 1804 1909 1910 1805
4 1923 1823 1824 1924
4 1804 1805 1824 1823
4 1909 1923 1924 1910
4 1805 1824 1924 1910
4 1806 1911 1925 1825
4 1805 1910 1911 1806
4 1924 1824 1825 1925
4 1805 1806 1825 1824
4 1910 1924 1925 1911
4 1806 1825 1925 1911
4 1807 1912 1926 1826
4 1806 1911 1912 1807
4 1925 1825 1826 1926
4 1806 1807 1826 1825
4 1911 1925 1926 1912
4 1811 1828 1927 1913
4 1812 1914 1928 1829
4 1811 1913 1914 1812
4 1927 1828 1829 1928
4 1811 1812 1829 1828
4 1913 1927 1928 1914
4 1812 1829 1928 1914
4 1813 1915 1929 1830
4 1812 1914 1915 1813
4 1928 1829 1830 1929
4 1812 1813 1830 1829
4 1914 1928 1929 1915
4 1813 1830 1929 1915
4 1814 1916 1930 1831
4 1813 1915 1916 1814
4 1929 1830 1831 1930
4 1813 1814 1831 1830
4 1915 1929 1930 1916
4 1819 1835 1931 1919
4 1820 1920 1932 1836
4 1819 1919 1920 1820
4 1931 1835 1836 1932
4 1819 1820 1836 1835
4 1919 1931 1932 1920
4 1820 1836 1932 1920
4 1821 1921 1933 1837
4 1820 1920 1921 1821
4 1932 1836 1837 1933
4 1820 1821 1837 1836
4 1920 1932 1933 1921
4 1821 1837 1933 1921
4 1822 1922 1934 1838
4 1821 1921 1922 1822
4 1933 1837 1838 1934
4 1821 1822 1838 1837
4 1921 1933 1934 1922
4 1822 1838 1934 1922
4 1823 1923 1935 1839
4 1822 1922 1923 1823
4 1934 1838 1839 1935
4 1822 1823 1839 1838
4 1922 1934 1935 1923
4 1823 1839 1935 1923
4 1824 1924 1936 1840
4 1823 1923 1924 1824
4 1935 1839 1840 1936
4 1823 1824 1840 1839
4 1923 1935 1936 1924
4 1824 1840 1936 1924
4 1825 1925 1937 1841
4 1824 1924 1925 1825
4 1936 1840 1841 1937
4 1824 1825 1841 1840
4 1924 1936 1937 1925
4 1838 1853 1938 1934
4 1839 1935 1939 1854
4 1838 1934 1935 1839
4 1938 1853 1854 1939
4 1838 1839 1854 1853
4 1934 1938 1939 1935
4 1839 1854 1939 1935
4 1840 1936 1940 1855
4 1839 1935 1936 1840
4 1939 1854 1855 1940
4 1839 1840 1855 1854
4 1935 1939 1940 1936
