ply
format ascii 1.0
element vertex 2713
property float x
property float y
property float z
element face 8286
property list uchar int vertex_indices
end_header
-0.900000 -0.225000 -0.825000
-0.900000 -0.225000 -0.750000
-0.900000 -0.225000 -0.675000
-0.900000 -0.225000 -0.600000
-0.900000 -0.225000 -0.525000
-0.900000 -0.225000 -0.450000
-0.900000 -0.150000 -0.900000
-0.900000 -0.150000 -0.825000
-0.900000 -0.150000 -0.750000
-0.900000 -0.150000 -0.675000
-0.900000 -0.150000 -0.600000
-0.900000 -0.150000 -0.525000
-0.900000 -0.150000 -0.450000
-0.900000 -0.075000 -0.900000
-0.900000 -0.075000 -0.825000
-0.900000 -0.075000 -0.750000
-0.900000 -0.075000 -0.675000
-0.900000 -0.075000 -0.600000
-0.900000 -0.075000 -0.525000
-0.900000 -0.075000 -0.450000
-0.900000 -0.075000 -0.375000
-0.900000 -0.075000 -0.300000
-0.900000 0.000000 -0.900000
-0.900000 0.000000 -0.825000
-0.900000 0.000000 -0.750000
-0.900000 0.000000 -0.675000
-0.900000 0.000000 -0.600000
-0.900000 0.000000 -0.525000
-0.900000 0.000000 -0.450000
-0.900000 0.000000 -0.375000
-0.900000 0.000000 -0.300000
-0.900000 0.075000 -0.900000
-0.900000 0.075000 -0.825000
-0.900000 0.075000 -0.750000
-0.900000 0.075000 -0.675000
-0.900000 0.075000 -0.600000
-0.900000 0.075000 -0.525000
-0.900000 0.075000 -0.450000
-0.900000 0.075000 -0.375000
-0.900000 0.075000 -0.300000
-0.900000 0.150000 -0.900000
-0.900000 0.150000 -0.825000
-0.900000 0.150000 -0.750000
-0.900000 0.150000 -0.675000
-0.900000 0.150000 -0.600000
-0.900000 0.150000 -0.525000
-0.900000 0.150000 -0.450000
-0.825000 -0.300000 -0.900000
-0.825000 -0.300000 -0.825000
-0.825000 -0.300000 -0.750000
-0.825000 -0.300000 -0.675000
-0.825000 -0.300000 -0.600000
-0.825000 -0.300000 -0.525000
-0.825000 -0.300000 -0.450000
-0.825000 -0.225000 -0.900000
-0.825000 -0.225000 -0.825000
-0.825000 -0.225000 -0.750000
-0.825000 -0.225000 -0.675000
-0.825000 -0.225000 -0.600000
-0.825000 -0.225000 -0.525000
-0.825000 -0.225000 -0.450000
-0.825000 -0.225000 -0.375000
-0.825000 -0.225000 -0.300000
-0.825000 -0.150000 -0.900000
-0.825000 -0.150000 -0.825000
-0.825000 -0.150000 -0.750000
-0.825000 -0.150000 -0.675000
-0.825000 -0.150000 -0.600000
-0.825000 -0.150000 -0.525000
-0.825000 -0.150000 -0.450000
-0.825000 -0.150000 -0.375000
-0.825000 -0.150000 -0.300000
-0.825000 -0.150000 -0.225000
-0.825000 -0.075000 -0.900000
-0.825000 -0.075000 -0.825000
-0.825000 -0.075000 -0.750000
-0.825000 -0.075000 -0.675000
-0.825000 -0.075000 -0.600000
-0.825000 -0.075000 -0.525000
-0.825000 -0.075000 -0.450000
-0.825000 -0.075000 -0.375000
-0.825000 -0.075000 -0.300000
-0.825000 -0.075000 -0.225000
-0.825000 0.000000 -0.900000
-0.825000 0.000000 -0.825000
-0.825000 0.000000 -0.750000
-0.825000 0.000000 -0.675000
-0.825000 0.000000 -0.600000
-0.825000 0.000000 -0.525000
-0.825000 0.000000 -0.450000
-0.825000 0.000000 -0.375000
-0.825000 0.000000 -0.300000
-0.825000 0.000000 -0.225000
-0.825000 0.075000 -0.900000
-0.825000 0.075000 -0.825000
-0.825000 0.075000 -0.750000
-0.825000 0.075000 -0.675000
-0.825000 0.075000 -0.600000
-0.825000 0.075000 -0.525000
-0.825000 0.075000 -0.450000
-0.825000 0.075000 -0.375000
-0.825000 0.075000 -0.300000
-0.825000 0.150000 -0.900000
-0.825000 0.150000 -0.825000
-0.825000 0.150000 -0.750000
-0.825000 0.150000 -0.675000
-0.825000 0.150000 -0.600000
-0.825000 0.150000 -0.525000
-0.825000 0.150000 -0.450000
-0.825000 0.150000 -0.375000
-0.825000 0.150000 -0.300000
-0.825000 0.225000 -0.900000
-0.825000 0.225000 -0.825000
-0.825000 0.225000 -0.750000
-0.825000 0.225000 -0.675000
-0.825000 0.225000 -0.600000
-0.825000 0.225000 -0.525000
-0.825000 0.225000 -0.450000
-0.825000 0.225000 -0.375000
-0.750000 -0.300000 -0.900000
-0.750000 -0.300000 -0.825000
-0.750000 -0.300000 -0.750000
-0.750000 -0.300000 -0.675000
-0.750000 -0.300000 -0.600000
-0.750000 -0.300000 -0.525000
-0.750000 -0.300000 -0.450000
-0.750000 -0.300000 -0.375000
-0.750000 -0.300000 -0.300000
-0.750000 -0.225000 -0.900000
-0.750000 -0.225000 -0.825000
-0.750000 -0.225000 -0.750000
-0.750000 -0.225000 -0.675000
-0.750000 -0.225000 -0.600000
-0.750000 -0.225000 -0.525000
-0.750000 -0.225000 -0.450000
-0.750000 -0.225000 -0.375000
-0.750000 -0.225000 -0.300000
-0.750000 -0.225000 -0.225000
-0.750000 -0.150000 -0.900000
-0.750000 -0.150000 -0.825000
-0.750000 -0.150000 -0.750000
-0.750000 -0.150000 -0.675000
-0.750000 -0.150000 -0.600000
-0.750000 -0.150000 -0.525000
-0.750000 -0.150000 -0.450000
-0.750000 -0.150000 -0.375000
-0.750000 -0.150000 -0.300000
-0.750000 -0.150000 -0.225000
-0.750000 -0.150000 -0.150000
-0.750000 -0.075000 -0.900000
-0.750000 -0.075000 -0.825000
-0.750000 -0.075000 -0.750000
-0.750000 -0.075000 -0.525000
-0.750000 -0.075000 -0.450000
-0.750000 -0.075000 -0.375000
-0.750000 -0.075000 -0.300000
-0.750000 -0.075000 -0.225000
-0.750000 -0.075000 -0.150000
-0.750000 0.000000 -0.900000
-0.750000 0.000000 -0.825000
-0.750000 0.000000 -0.525000
-0.750000 0.000000 -0.450000
-0.750000 0.000000 -0.375000
-0.750000 0.000000 -0.300000
-0.750000 0.000000 -0.225000
-0.750000 0.000000 -0.150000
-0.750000 0.075000 -0.900000
-0.750000 0.075000 -0.825000
-0.750000 0.075000 -0.750000
-0.750000 0.075000 -0.675000
-0.750000 0.075000 -0.600000
-0.750000 0.075000 -0.525000
-0.750000 0.075000 -0.450000
-0.750000 0.075000 -0.375000
-0.750000 0.075000 -0.300000
-0.750000 0.075000 -0.225000
-0.750000 0.075000 -0.150000
-0.750000 0.150000 -0.900000
-0.750000 0.150000 -0.825000
-0.750000 0.150000 -0.750000
-0.750000 0.150000 -0.675000
-0.750000 0.150000 -0.600000
-0.750000 0.150000 -0.525000
-0.750000 0.150000 -0.450000
-0.750000 0.150000 -0.375000
-0.750000 0.150000 -0.300000
-0.750000 0.150000 -0.225000
-0.750000 0.150000 -0.150000
-0.750000 0.225000 -0.900000
-0.750000 0.225000 -0.825000
-0.750000 0.225000 -0.750000
-0.750000 0.225000 -0.675000
-0.750000 0.225000 -0.600000
-0.750000 0.225000 -0.525000
-0.750000 0.225000 -0.450000
-0.750000 0.225000 -0.375000
-0.750000 0.225000 -0.300000
-0.750000 0.225000 -0.225000
-0.675000 -0.300000 -0.900000
-0.675000 -0.300000 -0.825000
-0.675000 -0.300000 -0.750000
-0.675000 -0.300000 -0.675000
-0.675000 -0.300000 -0.600000
-0.675000 -0.300000 -0.525000
-0.675000 -0.300000 -0.450000
-0.675000 -0.300000 -0.375000
-0.675000 -0.300000 -0.300000
-0.675000 -0.300000 -0.225000
-0.675000 -0.300000 -0.150000
-0.675000 -0.225000 -0.900000
-0.675000 -0.225000 -0.825000
-0.675000 -0.225000 -0.750000
-0.675000 -0.225000 -0.675000
-0.675000 -0.225000 -0.600000
-0.675000 -0.225000 -0.525000
-0.675000 -0.225000 -0.450000
-0.675000 -0.225000 -0.375000
-0.675000 -0.225000 -0.300000
-0.675000 -0.225000 -0.225000
-0.675000 -0.225000 -0.150000
-0.675000 -0.225000 -0.075000
-0.675000 -0.150000 -0.900000
-0.675000 -0.150000 -0.825000
-0.675000 -0.150000 -0.525000
-0.675000 -0.150000 -0.450000
-0.675000 -0.150000 -0.375000
-0.675000 -0.150000 -0.300000
-0.675000 -0.150000 -0.225000
-0.675000 -0.150000 -0.150000
-0.675000 -0.150000 -0.075000
-0.675000 -0.075000 -0.900000
-0.675000 -0.075000 -0.825000
-0.675000 -0.075000 -0.375000
-0.675000 -0.075000 -0.300000
-0.675000 -0.075000 -0.225000
-0.675000 -0.075000 -0.150000
-0.675000 -0.075000 -0.075000
-0.675000 0.000000 -0.900000
-0.675000 0.000000 -0.825000
-0.675000 0.000000 -0.375000
-0.675000 0.000000 -0.300000
-0.675000 0.000000 -0.225000
-0.675000 0.000000 -0.150000
-0.675000 0.000000 -0.075000
-0.675000 0.075000 -0.900000
-0.675000 0.075000 -0.825000
-0.675000 0.075000 -0.450000
-0.675000 0.075000 -0.375000
-0.675000 0.075000 -0.300000
-0.675000 0.075000 -0.225000
-0.675000 0.075000 -0.150000
-0.675000 0.075000 -0.075000
-0.675000 0.150000 -0.900000
-0.675000 0.150000 -0.825000
-0.675000 0.150000 -0.750000
-0.675000 0.150000 -0.675000
-0.675000 0.150000 -0.600000
-0.675000 0.150000 -0.525000
-0.675000 0.150000 -0.450000
-0.675000 0.150000 -0.375000
-0.675000 0.150000 -0.300000
-0.675000 0.150000 -0.225000
-0.675000 0.150000 -0.150000
-0.675000 0.150000 -0.075000
-0.675000 0.225000 -0.900000
-0.675000 0.225000 -0.825000
-0.675000 0.225000 -0.750000
-0.675000 0.225000 -0.675000
-0.675000 0.225000 -0.600000
-0.675000 0.225000 -0.525000
-0.675000 0.225000 -0.450000
-0.675000 0.225000 -0.375000
-0.675000 0.225000 -0.300000
-0.675000 0.225000 -0.225000
-0.675000 0.225000 -0.150000
-0.600000 -0.300000 -0.900000
-0.600000 -0.300000 -0.825000
-0.600000 -0.300000 -0.750000
-0.600000 -0.300000 -0.675000
-0.600000 -0.300000 -0.600000
-0.600000 -0.300000 -0.525000
-0.600000 -0.300000 -0.450000
-0.600000 -0.300000 -0.375000
-0.600000 -0.300000 -0.300000
-0.600000 -0.300000 -0.225000
-0.600000 -0.300000 -0.150000
-0.600000 -0.300000 -0.075000
-0.600000 -0.225000 -0.900000
-0.600000 -0.225000 -0.825000
-0.600000 -0.225000 -0.750000
-0.600000 -0.225000 -0.675000
-0.600000 -0.225000 -0.600000
-0.600000 -0.225000 -0.525000
-0.600000 -0.225000 -0.450000
-0.600000 -0.225000 -0.375000
-0.600000 -0.225000 -0.300000
-0.600000 -0.225000 -0.225000
-0.600000 -0.225000 -0.150000
-0.600000 -0.225000 -0.075000
-0.600000 -0.225000 0.000000
-0.600000 -0.150000 -0.900000
-0.600000 -0.150000 -0.825000
-0.600000 -0.150000 -0.675000
-0.600000 -0.150000 -0.600000
-0.600000 -0.150000 -0.525000
-0.600000 -0.150000 -0.450000
-0.600000 -0.150000 -0.375000
-0.600000 -0.150000 -0.300000
-0.600000 -0.150000 -0.225000
-0.600000 -0.150000 -0.150000
-0.600000 -0.150000 -0.075000
-0.600000 -0.150000 0.000000
-0.600000 -0.075000 -0.900000
-0.600000 -0.075000 -0.825000
-0.600000 -0.075000 -0.675000
-0.600000 -0.075000 -0.600000
-0.600000 -0.075000 -0.525000
-0.600000 -0.075000 -0.300000
-0.600000 -0.075000 -0.225000
-0.600000 -0.075000 -0.150000
-0.600000 -0.075000 -0.075000
-0.600000 -0.075000 0.000000
-0.600000 0.000000 -0.900000
-0.600000 0.000000 -0.825000
-0.600000 0.000000 -0.675000
-0.600000 0.000000 -0.600000
-0.600000 0.000000 -0.525000
-0.600000 0.000000 -0.450000
-0.600000 0.000000 -0.225000
-0.600000 0.000000 -0.150000
-0.600000 0.000000 -0.075000
-0.600000 0.000000 0.000000
-0.600000 0.075000 -0.900000
-0.600000 0.075000 -0.825000
-0.600000 0.075000 -0.675000
-0.600000 0.075000 -0.600000
-0.600000 0.075000 -0.525000
-0.600000 0.075000 -0.450000
-0.600000 0.075000 -0.375000
-0.600000 0.075000 -0.300000
-0.600000 0.075000 -0.225000
-0.600000 0.075000 -0.150000
-0.600000 0.075000 -0.075000
-0.600000 0.075000 0.000000
-0.600000 0.150000 -0.900000
-0.600000 0.150000 -0.825000
-0.600000 0.150000 -0.750000
-0.600000 0.150000 -0.675000
-0.600000 0.150000 -0.600000
-0.600000 0.150000 -0.525000
-0.600000 0.150000 -0.450000
-0.600000 0.150000 -0.375000
-0.600000 0.150000 -0.300000
-0.600000 0.150000 -0.225000
-0.600000 0.150000 -0.150000
-0.600000 0.150000 -0.075000
-0.600000 0.150000 0.000000
-0.600000 0.225000 -0.900000
-0.600000 0.225000 -0.825000
-0.600000 0.225000 -0.750000
-0.600000 0.225000 -0.675000
-0.600000 0.225000 -0.600000
-0.600000 0.225000 -0.525000
-0.600000 0.225000 -0.450000
-0.600000 0.225000 -0.375000
-0.600000 0.225000 -0.300000
-0.600000 0.225000 -0.225000
-0.600000 0.225000 -0.150000
-0.600000 0.225000 -0.075000
-0.525000 -0.300000 -0.900000
-0.525000 -0.300000 -0.825000
-0.525000 -0.300000 -0.750000
-0.525000 -0.300000 -0.675000
-0.525000 -0.300000 -0.600000
-0.525000 -0.300000 -0.525000
-0.525000 -0.300000 -0.450000
-0.525000 -0.300000 -0.375000
-0.525000 -0.300000 -0.300000
-0.525000 -0.300000 -0.225000
-0.525000 -0.300000 -0.150000
-0.525000 -0.300000 -0.075000
-0.525000 -0.300000 0.000000
-0.525000 -0.225000 -0.900000
-0.525000 -0.225000 -0.825000
-0.525000 -0.225000 -0.750000
-0.525000 -0.225000 -0.675000
-0.525000 -0.225000 -0.600000
-0.525000 -0.225000 -0.525000
-0.525000 -0.225000 -0.450000
-0.525000 -0.225000 -0.375000
-0.525000 -0.225000 -0.300000
-0.525000 -0.225000 -0.225000
-0.525000 -0.225000 -0.150000
-0.525000 -0.225000 -0.075000
-0.525000 -0.225000 0.000000
-0.525000 -0.225000 0.075000
-0.525000 -0.150000 -0.900000
-0.525000 -0.150000 -0.825000
-0.525000 -0.150000 -0.750000
-0.525000 -0.150000 -0.675000
-0.525000 -0.150000 -0.600000
-0.525000 -0.150000 -0.525000
-0.525000 -0.150000 -0.450000
-0.525000 -0.150000 -0.375000
-0.525000 -0.150000 -0.300000
-0.525000 -0.150000 -0.225000
-0.525000 -0.150000 -0.150000
-0.525000 -0.150000 -0.075000
-0.525000 -0.150000 0.000000
-0.525000 -0.150000 0.075000
-0.525000 -0.075000 -0.900000
-0.525000 -0.075000 -0.825000
-0.525000 -0.075000 -0.675000
-0.525000 -0.075000 -0.600000
-0.525000 -0.075000 -0.525000
-0.525000 -0.075000 -0.450000
-0.525000 -0.075000 -0.375000
-0.525000 -0.075000 -0.150000
-0.525000 -0.075000 -0.075000
-0.525000 -0.075000 0.000000
-0.525000 -0.075000 0.075000
-0.525000 0.000000 -0.900000
-0.525000 0.000000 -0.825000
-0.525000 0.000000 -0.675000
-0.525000 0.000000 -0.600000
-0.525000 0.000000 -0.525000
-0.525000 0.000000 -0.450000
-0.525000 0.000000 -0.375000
-0.525000 0.000000 -0.150000
-0.525000 0.000000 -0.075000
-0.525000 0.000000 0.000000
-0.525000 0.000000 0.075000
-0.525000 0.075000 -0.900000
-0.525000 0.075000 -0.825000
-0.525000 0.075000 -0.675000
-0.525000 0.075000 -0.600000
-0.525000 0.075000 -0.525000
-0.525000 0.075000 -0.450000
-0.525000 0.075000 -0.375000
-0.525000 0.075000 -0.300000
-0.525000 0.075000 -0.225000
-0.525000 0.075000 -0.150000
-0.525000 0.075000 -0.075000
-0.525000 0.075000 0.000000
-0.525000 0.075000 0.075000
-0.525000 0.150000 -0.900000
-0.525000 0.150000 -0.825000
-0.525000 0.150000 -0.750000
-0.525000 0.150000 -0.675000
-0.525000 0.150000 -0.600000
-0.525000 0.150000 -0.525000
-0.525000 0.150000 -0.450000
-0.525000 0.150000 -0.375000
-0.525000 0.150000 -0.300000
-0.525000 0.150000 -0.225000
-0.525000 0.150000 -0.150000
-0.525000 0.150000 -0.075000
-0.525000 0.150000 0.000000
-0.525000 0.150000 0.075000
-0.525000 0.225000 -0.900000
-0.525000 0.225000 -0.825000
-0.525000 0.225000 -0.750000
-0.525000 0.225000 -0.675000
-0.525000 0.225000 -0.600000
-0.525000 0.225000 -0.525000
-0.525000 0.225000 -0.450000
-0.525000 0.225000 -0.375000
-0.525000 0.225000 -0.300000
-0.525000 0.225000 -0.225000
-0.525000 0.225000 -0.150000
-0.525000 0.225000 -0.075000
-0.525000 0.225000 0.000000
-0.450000 -0.300000 -0.900000
-0.450000 -0.300000 -0.825000
-0.450000 -0.300000 -0.750000
-0.450000 -0.300000 -0.675000
-0.450000 -0.300000 -0.600000
-0.450000 -0.300000 -0.525000
-0.450000 -0.300000 -0.450000
-0.450000 -0.300000 -0.375000
-0.450000 -0.300000 -0.300000
-0.450000 -0.300000 -0.225000
-0.450000 -0.300000 -0.150000
-0.450000 -0.300000 -0.075000
-0.450000 -0.300000 0.000000
-0.450000 -0.300000 0.075000
-0.450000 -0.300000 0.150000
-0.450000 -0.225000 -0.900000
-0.450000 -0.225000 -0.825000
-0.450000 -0.225000 -0.750000
-0.450000 -0.225000 -0.675000
-0.450000 -0.225000 -0.600000
-0.450000 -0.225000 -0.525000
-0.450000 -0.225000 -0.450000
-0.450000 -0.225000 -0.375000
-0.450000 -0.225000 -0.300000
-0.450000 -0.225000 -0.225000
-0.450000 -0.225000 -0.150000
-0.450000 -0.225000 -0.075000
-0.450000 -0.225000 0.000000
-0.450000 -0.225000 0.075000
-0.450000 -0.225000 0.150000
-0.450000 -0.150000 -0.900000
-0.450000 -0.150000 -0.825000
-0.450000 -0.150000 -0.750000
-0.450000 -0.150000 -0.675000
-0.450000 -0.150000 -0.600000
-0.450000 -0.150000 -0.525000
-0.450000 -0.150000 -0.450000
-0.450000 -0.150000 -0.375000
-0.450000 -0.150000 -0.300000
-0.450000 -0.150000 -0.225000
-0.450000 -0.150000 -0.150000
-0.450000 -0.150000 -0.075000
-0.450000 -0.150000 0.000000
-0.450000 -0.150000 0.075000
-0.450000 -0.150000 0.150000
-0.450000 -0.075000 -0.900000
-0.450000 -0.075000 -0.825000
-0.450000 -0.075000 -0.675000
-0.450000 -0.075000 -0.600000
-0.450000 -0.075000 -0.525000
-0.450000 -0.075000 -0.450000
-0.450000 -0.075000 -0.375000
-0.450000 -0.075000 -0.300000
-0.450000 -0.075000 -0.075000
-0.450000 -0.075000 0.000000
-0.450000 -0.075000 0.075000
-0.450000 -0.075000 0.150000
-0.450000 0.000000 -0.900000
-0.450000 0.000000 -0.825000
-0.450000 0.000000 -0.675000
-0.450000 0.000000 -0.600000
-0.450000 0.000000 -0.525000
-0.450000 0.000000 -0.450000
-0.450000 0.000000 -0.375000
-0.450000 0.000000 -0.300000
-0.450000 0.000000 -0.225000
-0.450000 0.000000 -0.075000
-0.450000 0.000000 0.000000
-0.450000 0.000000 0.075000
-0.450000 0.000000 0.150000
-0.450000 0.075000 -0.900000
-0.450000 0.075000 -0.825000
-0.450000 0.075000 -0.675000
-0.450000 0.075000 -0.600000
-0.450000 0.075000 -0.525000
-0.450000 0.075000 -0.450000
-0.450000 0.075000 -0.375000
-0.450000 0.075000 -0.300000
-0.450000 0.075000 -0.225000
-0.450000 0.075000 -0.150000
-0.450000 0.075000 -0.075000
-0.450000 0.075000 0.000000
-0.450000 0.075000 0.075000
-0.450000 0.075000 0.150000
-0.450000 0.150000 -0.900000
-0.450000 0.150000 -0.825000
-0.450000 0.150000 -0.750000
-0.450000 0.150000 -0.675000
-0.450000 0.150000 -0.600000
-0.450000 0.150000 -0.525000
-0.450000 0.150000 -0.450000
-0.450000 0.150000 -0.375000
-0.450000 0.150000 -0.300000
-0.450000 0.150000 -0.225000
-0.450000 0.150000 -0.150000
-0.450000 0.150000 -0.075000
-0.450000 0.150000 0.000000
-0.450000 0.150000 0.075000
-0.450000 0.150000 0.150000
-0.450000 0.225000 -0.900000
-0.450000 0.225000 -0.825000
-0.450000 0.225000 -0.750000
-0.450000 0.225000 -0.675000
-0.450000 0.225000 -0.600000
-0.450000 0.225000 -0.450000
-0.450000 0.225000 -0.375000
-0.450000 0.225000 -0.300000
-0.450000 0.225000 -0.225000
-0.450000 0.225000 -0.150000
-0.450000 0.225000 -0.075000
-0.450000 0.225000 0.000000
-0.450000 0.225000 0.075000
-0.375000 -0.300000 -0.900000
-0.375000 -0.300000 -0.825000
-0.375000 -0.300000 -0.750000
-0.375000 -0.300000 -0.675000
-0.375000 -0.300000 -0.375000
-0.375000 -0.300000 -0.300000
-0.375000 -0.300000 -0.225000
-0.375000 -0.300000 -0.150000
-0.375000 -0.300000 -0.075000
-0.375000 -0.300000 0.000000
-0.375000 -0.300000 0.075000
-0.375000 -0.300000 0.150000
-0.375000 -0.300000 0.225000
-0.375000 -0.225000 -0.900000
-0.375000 -0.225000 -0.825000
-0.375000 -0.225000 -0.750000
-0.375000 -0.225000 -0.675000
-0.375000 -0.225000 -0.600000
-0.375000 -0.225000 -0.450000
-0.375000 -0.225000 -0.375000
-0.375000 -0.225000 -0.300000
-0.375000 -0.225000 -0.225000
-0.375000 -0.225000 -0.150000
-0.375000 -0.225000 -0.075000
-0.375000 -0.225000 0.000000
-0.375000 -0.225000 0.075000
-0.375000 -0.225000 0.150000
-0.375000 -0.225000 0.225000
-0.375000 -0.150000 -0.900000
-0.375000 -0.150000 -0.825000
-0.375000 -0.150000 -0.750000
-0.375000 -0.150000 -0.675000
-0.375000 -0.150000 -0.600000
-0.375000 -0.150000 -0.450000
-0.375000 -0.150000 -0.375000
-0.375000 -0.150000 -0.300000
-0.375000 -0.150000 -0.225000
-0.375000 -0.150000 -0.150000
-0.375000 -0.150000 -0.075000
-0.375000 -0.150000 0.000000
-0.375000 -0.150000 0.075000
-0.375000 -0.150000 0.150000
-0.375000 -0.150000 0.225000
-0.375000 -0.150000 0.300000
-0.375000 -0.075000 -0.900000
-0.375000 -0.075000 -0.825000
-0.375000 -0.075000 -0.675000
-0.375000 -0.075000 -0.600000
-0.375000 -0.075000 -0.450000
-0.375000 -0.075000 -0.375000
-0.375000 -0.075000 -0.300000
-0.375000 -0.075000 -0.225000
-0.375000 -0.075000 0.000000
-0.375000 -0.075000 0.075000
-0.375000 -0.075000 0.150000
-0.375000 -0.075000 0.225000
-0.375000 -0.075000 0.300000
-0.375000 0.000000 -0.900000
-0.375000 0.000000 -0.825000
-0.375000 0.000000 -0.675000
-0.375000 0.000000 -0.600000
-0.375000 0.000000 -0.450000
-0.375000 0.000000 -0.375000
-0.375000 0.000000 -0.300000
-0.375000 0.000000 -0.225000
-0.375000 0.000000 0.000000
-0.375000 0.000000 0.075000
-0.375000 0.000000 0.150000
-0.375000 0.000000 0.225000
-0.375000 0.000000 0.300000
-0.375000 0.075000 -0.900000
-0.375000 0.075000 -0.825000
-0.375000 0.075000 -0.675000
-0.375000 0.075000 -0.600000
-0.375000 0.075000 -0.450000
-0.375000 0.075000 -0.375000
-0.375000 0.075000 -0.300000
-0.375000 0.075000 -0.225000
-0.375000 0.075000 -0.150000
-0.375000 0.075000 -0.075000
-0.375000 0.075000 0.000000
-0.375000 0.075000 0.075000
-0.375000 0.075000 0.150000
-0.375000 0.075000 0.225000
-0.375000 0.075000 0.300000
-0.375000 0.150000 -0.900000
-0.375000 0.150000 -0.825000
-0.375000 0.150000 -0.750000
-0.375000 0.150000 -0.675000
-0.375000 0.150000 -0.600000
-0.375000 0.150000 -0.450000
-0.375000 0.150000 -0.375000
-0.375000 0.150000 -0.300000
-0.375000 0.150000 -0.225000
-0.375000 0.150000 -0.150000
-0.375000 0.150000 -0.075000
-0.375000 0.150000 0.000000
-0.375000 0.150000 0.075000
-0.375000 0.150000 0.150000
-0.375000 0.150000 0.225000
-0.375000 0.150000 0.300000
-0.375000 0.225000 -0.900000
-0.375000 0.225000 -0.825000
-0.375000 0.225000 -0.750000
-0.375000 0.225000 -0.675000
-0.375000 0.225000 -0.600000
-0.375000 0.225000 -0.375000
-0.375000 0.225000 -0.300000
-0.375000 0.225000 -0.225000
-0.375000 0.225000 -0.150000
-0.375000 0.225000 -0.075000
-0.375000 0.225000 0.000000
-0.375000 0.225000 0.075000
-0.375000 0.225000 0.150000
-0.300000 -0.300000 -0.900000
-0.300000 -0.300000 -0.825000
-0.300000 -0.300000 -0.750000
-0.300000 -0.300000 -0.675000
-0.300000 -0.300000 -0.300000
-0.300000 -0.300000 -0.225000
-0.300000 -0.300000 -0.150000
-0.300000 -0.300000 -0.075000
-0.300000 -0.300000 0.000000
-0.300000 -0.300000 0.075000
-0.300000 -0.300000 0.150000
-0.300000 -0.300000 0.225000
-0.300000 -0.300000 0.300000
-0.300000 -0.225000 -0.900000
-0.300000 -0.225000 -0.825000
-0.300000 -0.225000 -0.750000
-0.300000 -0.225000 -0.675000
-0.300000 -0.225000 -0.600000
-0.300000 -0.225000 -0.375000
-0.300000 -0.225000 -0.300000
-0.300000 -0.225000 -0.225000
-0.300000 -0.225000 -0.150000
-0.300000 -0.225000 -0.075000
-0.300000 -0.225000 0.000000
-0.300000 -0.225000 0.075000
-0.300000 -0.225000 0.150000
-0.300000 -0.225000 0.225000
-0.300000 -0.225000 0.300000
-0.300000 -0.150000 -0.900000
-0.300000 -0.150000 -0.825000
-0.300000 -0.150000 -0.750000
-0.300000 -0.150000 -0.675000
-0.300000 -0.150000 -0.600000
-0.300000 -0.150000 -0.375000
-0.300000 -0.150000 -0.300000
-0.300000 -0.150000 -0.225000
-0.300000 -0.150000 -0.150000
-0.300000 -0.150000 -0.075000
-0.300000 -0.150000 0.000000
-0.300000 -0.150000 0.075000
-0.300000 -0.150000 0.150000
-0.300000 -0.150000 0.225000
-0.300000 -0.150000 0.300000
-0.300000 -0.150000 0.375000
-0.300000 -0.075000 -0.900000
-0.300000 -0.075000 -0.825000
-0.300000 -0.075000 -0.675000
-0.300000 -0.075000 -0.600000
-0.300000 -0.075000 -0.375000
-0.300000 -0.075000 -0.300000
-0.300000 -0.075000 -0.225000
-0.300000 -0.075000 -0.150000
-0.300000 -0.075000 -0.075000
-0.300000 -0.075000 0.075000
-0.300000 -0.075000 0.150000
-0.300000 -0.075000 0.225000
-0.300000 -0.075000 0.300000
-0.300000 -0.075000 0.375000
-0.300000 0.000000 -0.900000
-0.300000 0.000000 -0.825000
-0.300000 0.000000 -0.675000
-0.300000 0.000000 -0.600000
-0.300000 0.000000 -0.375000
-0.300000 0.000000 -0.300000
-0.300000 0.000000 -0.225000
-0.300000 0.000000 -0.150000
-0.300000 0.000000 -0.075000
-0.300000 0.000000 0.075000
-0.300000 0.000000 0.150000
-0.300000 0.000000 0.225000
-0.300000 0.000000 0.300000
-0.300000 0.000000 0.375000
-0.300000 0.075000 -0.900000
-0.300000 0.075000 -0.825000
-0.300000 0.075000 -0.675000
-0.300000 0.075000 -0.600000
-0.300000 0.075000 -0.375000
-0.300000 0.075000 -0.300000
-0.300000 0.075000 -0.225000
-0.300000 0.075000 -0.150000
-0.300000 0.075000 -0.075000
-0.300000 0.075000 0.000000
-0.300000 0.075000 0.075000
-0.300000 0.075000 0.150000
-0.300000 0.075000 0.225000
-0.300000 0.075000 0.300000
-0.300000 0.075000 0.375000
-0.300000 0.150000 -0.900000
-0.300000 0.150000 -0.825000
-0.300000 0.150000 -0.750000
-0.300000 0.150000 -0.675000
-0.300000 0.150000 -0.600000
-0.300000 0.150000 -0.300000
-0.300000 0.150000 -0.225000
-0.300000 0.150000 -0.150000
-0.300000 0.150000 -0.075000
-0.300000 0.150000 0.000000
-0.300000 0.150000 0.075000
-0.300000 0.150000 0.150000
-0.300000 0.150000 0.225000
-0.300000 0.150000 0.300000
-0.300000 0.225000 -0.900000
-0.300000 0.225000 -0.825000
-0.300000 0.225000 -0.750000
-0.300000 0.225000 -0.675000
-0.300000 0.225000 -0.600000
-0.300000 0.225000 -0.300000
-0.300000 0.225000 -0.225000
-0.300000 0.225000 -0.150000
-0.300000 0.225000 -0.075000
-0.300000 0.225000 0.000000
-0.300000 0.225000 0.075000
-0.300000 0.225000 0.150000
-0.300000 0.225000 0.225000
-0.300000 0.225000 0.300000
-0.225000 -0.300000 -0.900000
-0.225000 -0.300000 -0.825000
-0.225000 -0.300000 -0.750000
-0.225000 -0.300000 -0.675000
-0.225000 -0.300000 -0.600000
-0.225000 -0.300000 -0.150000
-0.225000 -0.300000 -0.075000
-0.225000 -0.300000 0.000000
-0.225000 -0.300000 0.075000
-0.225000 -0.300000 0.150000
-0.225000 -0.300000 0.225000
-0.225000 -0.300000 0.300000
-0.225000 -0.300000 0.375000
-0.225000 -0.225000 -0.900000
-0.225000 -0.225000 -0.825000
-0.225000 -0.225000 -0.750000
-0.225000 -0.225000 -0.675000
-0.225000 -0.225000 -0.600000
-0.225000 -0.225000 -0.300000
-0.225000 -0.225000 -0.225000
-0.225000 -0.225000 -0.150000
-0.225000 -0.225000 -0.075000
-0.225000 -0.225000 0.000000
-0.225000 -0.225000 0.075000
-0.225000 -0.225000 0.150000
-0.225000 -0.225000 0.225000
-0.225000 -0.225000 0.300000
-0.225000 -0.225000 0.375000
-0.225000 -0.150000 -0.900000
-0.225000 -0.150000 -0.825000
-0.225000 -0.150000 -0.750000
-0.225000 -0.150000 -0.675000
-0.225000 -0.150000 -0.600000
-0.225000 -0.150000 -0.525000
-0.225000 -0.150000 -0.300000
-0.225000 -0.150000 -0.225000
-0.225000 -0.150000 -0.150000
-0.225000 -0.150000 -0.075000
-0.225000 -0.150000 0.000000
-0.225000 -0.150000 0.075000
-0.225000 -0.150000 0.150000
-0.225000 -0.150000 0.225000
-0.225000 -0.150000 0.300000
-0.225000 -0.150000 0.375000
-0.225000 -0.150000 0.450000
-0.225000 -0.075000 -0.900000
-0.225000 -0.075000 -0.825000
-0.225000 -0.075000 -0.675000
-0.225000 -0.075000 -0.600000
-0.225000 -0.075000 -0.525000
-0.225000 -0.075000 -0.300000
-0.225000 -0.075000 -0.225000
-0.225000 -0.075000 -0.150000
-0.225000 -0.075000 -0.075000
-0.225000 -0.075000 0.000000
-0.225000 -0.075000 0.150000
-0.225000 -0.075000 0.225000
-0.225000 -0.075000 0.300000
-0.225000 -0.075000 0.375000
-0.225000 -0.075000 0.450000
-0.225000 0.000000 -0.900000
-0.225000 0.000000 -0.825000
-0.225000 0.000000 -0.675000
-0.225000 0.000000 -0.600000
-0.225000 0.000000 -0.525000
-0.225000 0.000000 -0.300000
-0.225000 0.000000 -0.225000
-0.225000 0.000000 -0.150000
-0.225000 0.000000 -0.075000
-0.225000 0.000000 0.000000
-0.225000 0.000000 0.225000
-0.225000 0.000000 0.300000
-0.225000 0.000000 0.375000
-0.225000 0.000000 0.450000
-0.225000 0.075000 -0.900000
-0.225000 0.075000 -0.825000
-0.225000 0.075000 -0.675000
-0.225000 0.075000 -0.600000
-0.225000 0.075000 -0.525000
-0.225000 0.075000 -0.300000
-0.225000 0.075000 -0.225000
-0.225000 0.075000 -0.150000
-0.225000 0.075000 -0.075000
-0.225000 0.075000 0.000000
-0.225000 0.075000 0.075000
-0.225000 0.075000 0.150000
-0.225000 0.075000 0.225000
-0.225000 0.075000 0.300000
-0.225000 0.075000 0.375000
-0.225000 0.075000 0.450000
-0.225000 0.150000 -0.900000
-0.225000 0.150000 -0.825000
-0.225000 0.150000 -0.750000
-0.225000 0.150000 -0.675000
-0.225000 0.150000 -0.600000
-0.225000 0.150000 -0.300000
-0.225000 0.150000 -0.225000
-0.225000 0.150000 -0.150000
-0.225000 0.150000 -0.075000
-0.225000 0.150000 0.000000
-0.225000 0.150000 0.075000
-0.225000 0.150000 0.150000
-0.225000 0.150000 0.225000
-0.225000 0.150000 0.300000
-0.225000 0.150000 0.375000
-0.225000 0.150000 0.450000
-0.225000 0.225000 -0.900000
-0.225000 0.225000 -0.825000
-0.225000 0.225000 -0.750000
-0.225000 0.225000 -0.675000
-0.225000 0.225000 -0.600000
-0.225000 0.225000 -0.225000
-0.225000 0.225000 -0.150000
-0.225000 0.225000 -0.075000
-0.225000 0.225000 0.000000
-0.225000 0.225000 0.075000
-0.225000 0.225000 0.150000
-0.225000 0.225000 0.225000
-0.225000 0.225000 0.300000
-0.225000 0.225000 0.375000
-0.150000 -0.300000 -0.900000
-0.150000 -0.300000 -0.825000
-0.150000 -0.300000 -0.750000
-0.150000 -0.300000 -0.675000
-0.150000 -0.300000 -0.600000
-0.150000 -0.300000 -0.075000
-0.150000 -0.300000 0.000000
-0.150000 -0.300000 0.075000
-0.150000 -0.300000 0.150000
-0.150000 -0.300000 0.225000
-0.150000 -0.300000 0.300000
-0.150000 -0.300000 0.375000
-0.150000 -0.300000 0.450000
-0.150000 -0.225000 -0.900000
-0.150000 -0.225000 -0.825000
-0.150000 -0.225000 -0.750000
-0.150000 -0.225000 -0.675000
-0.150000 -0.225000 -0.600000
-0.150000 -0.225000 -0.525000
-0.150000 -0.225000 -0.150000
-0.150000 -0.225000 -0.075000
-0.150000 -0.225000 0.000000
-0.150000 -0.225000 0.075000
-0.150000 -0.225000 0.150000
-0.150000 -0.225000 0.225000
-0.150000 -0.225000 0.300000
-0.150000 -0.225000 0.375000
-0.150000 -0.225000 0.450000
-0.150000 -0.225000 0.525000
-0.150000 -0.150000 -0.900000
-0.150000 -0.150000 -0.825000
-0.150000 -0.150000 -0.750000
-0.150000 -0.150000 -0.675000
-0.150000 -0.150000 -0.600000
-0.150000 -0.150000 -0.525000
-0.150000 -0.150000 -0.150000
-0.150000 -0.150000 -0.075000
-0.150000 -0.150000 0.000000
-0.150000 -0.150000 0.075000
-0.150000 -0.150000 0.225000
-0.150000 -0.150000 0.300000
-0.150000 -0.150000 0.375000
-0.150000 -0.150000 0.450000
-0.150000 -0.150000 0.525000
-0.150000 -0.150000 0.600000
-0.150000 -0.075000 -0.900000
-0.150000 -0.075000 -0.825000
-0.150000 -0.075000 -0.750000
-0.150000 -0.075000 -0.675000
-0.150000 -0.075000 -0.600000
-0.150000 -0.075000 -0.525000
-0.150000 -0.075000 -0.225000
-0.150000 -0.075000 -0.150000
-0.150000 -0.075000 -0.075000
-0.150000 -0.075000 0.000000
-0.150000 -0.075000 0.075000
-0.150000 -0.075000 0.225000
-0.150000 -0.075000 0.300000
-0.150000 -0.075000 0.375000
-0.150000 -0.075000 0.450000
-0.150000 -0.075000 0.525000
-0.150000 -0.075000 0.600000
-0.150000 0.000000 -0.900000
-0.150000 0.000000 -0.825000
-0.150000 0.000000 -0.675000
-0.150000 0.000000 -0.600000
-0.150000 0.000000 -0.525000
-0.150000 0.000000 -0.225000
-0.150000 0.000000 -0.150000
-0.150000 0.000000 -0.075000
-0.150000 0.000000 0.000000
-0.150000 0.000000 0.075000
-0.150000 0.000000 0.225000
-0.150000 0.000000 0.300000
-0.150000 0.000000 0.375000
-0.150000 0.000000 0.450000
-0.150000 0.000000 0.525000
-0.150000 0.000000 0.600000
-0.150000 0.075000 -0.900000
-0.150000 0.075000 -0.825000
-0.150000 0.075000 -0.750000
-0.150000 0.075000 -0.675000
-0.150000 0.075000 -0.600000
-0.150000 0.075000 -0.525000
-0.150000 0.075000 -0.225000
-0.150000 0.075000 -0.150000
-0.150000 0.075000 -0.075000
-0.150000 0.075000 0.000000
-0.150000 0.075000 0.075000
-0.150000 0.075000 0.150000
-0.150000 0.075000 0.225000
-0.150000 0.075000 0.300000
-0.150000 0.075000 0.375000
-0.150000 0.075000 0.450000
-0.150000 0.075000 0.525000
-0.150000 0.075000 0.600000
-0.150000 0.150000 -0.900000
-0.150000 0.150000 -0.825000
-0.150000 0.150000 -0.750000
-0.150000 0.150000 -0.675000
-0.150000 0.150000 -0.600000
-0.150000 0.150000 -0.525000
-0.150000 0.150000 -0.150000
-0.150000 0.150000 -0.075000
-0.150000 0.150000 0.000000
-0.150000 0.150000 0.075000
-0.150000 0.150000 0.150000
-0.150000 0.150000 0.225000
-0.150000 0.150000 0.300000
-0.150000 0.150000 0.375000
-0.150000 0.150000 0.450000
-0.150000 0.150000 0.525000
-0.150000 0.225000 -0.900000
-0.150000 0.225000 -0.825000
-0.150000 0.225000 -0.750000
-0.150000 0.225000 -0.675000
-0.150000 0.225000 -0.600000
-0.150000 0.225000 -0.075000
-0.150000 0.225000 0.000000
-0.150000 0.225000 0.075000
-0.150000 0.225000 0.150000
-0.150000 0.225000 0.225000
-0.150000 0.225000 0.300000
-0.150000 0.225000 0.375000
-0.150000 0.225000 0.450000
-0.075000 -0.375000 0.225000
-0.075000 -0.375000 0.300000
-0.075000 -0.375000 0.375000
-0.075000 -0.375000 0.450000
-0.075000 -0.300000 -0.900000
-0.075000 -0.300000 -0.825000
-0.075000 -0.300000 -0.750000
-0.075000 -0.300000 -0.675000
-0.075000 -0.300000 -0.600000
-0.075000 -0.300000 -0.525000
-0.075000 -0.300000 0.000000
-0.075000 -0.300000 0.075000
-0.075000 -0.300000 0.150000
-0.075000 -0.300000 0.225000
-0.075000 -0.300000 0.300000
-0.075000 -0.300000 0.375000
-0.075000 -0.300000 0.450000
-0.075000 -0.300000 0.525000
-0.075000 -0.300000 0.600000
-0.075000 -0.300000 0.675000
-0.075000 -0.225000 -0.900000
-0.075000 -0.225000 -0.825000
-0.075000 -0.225000 -0.750000
-0.075000 -0.225000 -0.675000
-0.075000 -0.225000 -0.600000
-0.075000 -0.225000 -0.525000
-0.075000 -0.225000 -0.450000
-0.075000 -0.225000 -0.075000
-0.075000 -0.225000 0.000000
-0.075000 -0.225000 0.075000
-0.075000 -0.225000 0.150000
-0.075000 -0.225000 0.225000
-0.075000 -0.225000 0.300000
-0.075000 -0.225000 0.375000
-0.075000 -0.225000 0.450000
-0.075000 -0.225000 0.525000
-0.075000 -0.225000 0.600000
-0.075000 -0.225000 0.675000
-0.075000 -0.225000 0.750000
-0.075000 -0.150000 -0.900000
-0.075000 -0.150000 -0.825000
-0.075000 -0.150000 -0.750000
-0.075000 -0.150000 -0.675000
-0.075000 -0.150000 -0.600000
-0.075000 -0.150000 -0.525000
-0.075000 -0.150000 -0.450000
-0.075000 -0.150000 -0.075000
-0.075000 -0.150000 0.000000
-0.075000 -0.150000 0.075000
-0.075000 -0.150000 0.150000
-0.075000 -0.150000 0.225000
-0.075000 -0.150000 0.300000
-0.075000 -0.150000 0.375000
-0.075000 -0.150000 0.450000
-0.075000 -0.150000 0.525000
-0.075000 -0.150000 0.600000
-0.075000 -0.150000 0.675000
-0.075000 -0.150000 0.750000
-0.075000 -0.075000 -0.900000
-0.075000 -0.075000 -0.825000
-0.075000 -0.075000 -0.750000
-0.075000 -0.075000 -0.675000
-0.075000 -0.075000 -0.600000
-0.075000 -0.075000 -0.525000
-0.075000 -0.075000 -0.450000
-0.075000 -0.075000 -0.075000
-0.075000 -0.075000 0.000000
-0.075000 -0.075000 0.075000
-0.075000 -0.075000 0.150000
-0.075000 -0.075000 0.300000
-0.075000 -0.075000 0.375000
-0.075000 -0.075000 0.450000
-0.075000 -0.075000 0.525000
-0.075000 -0.075000 0.600000
-0.075000 -0.075000 0.675000
-0.075000 -0.075000 0.750000
-0.075000 0.000000 -0.900000
-0.075000 0.000000 -0.825000
-0.075000 0.000000 -0.750000
-0.075000 0.000000 -0.675000
-0.075000 0.000000 -0.600000
-0.075000 0.000000 -0.525000
-0.075000 0.000000 -0.450000
-0.075000 0.000000 -0.075000
-0.075000 0.000000 0.000000
-0.075000 0.000000 0.075000
-0.075000 0.000000 0.150000
-0.075000 0.000000 0.375000
-0.075000 0.000000 0.450000
-0.075000 0.000000 0.525000
-0.075000 0.000000 0.600000
-0.075000 0.000000 0.675000
-0.075000 0.000000 0.750000
-0.075000 0.075000 -0.900000
-0.075000 0.075000 -0.825000
-0.075000 0.075000 -0.750000
-0.075000 0.075000 -0.675000
-0.075000 0.075000 -0.600000
-0.075000 0.075000 -0.525000
-0.075000 0.075000 -0.075000
-0.075000 0.075000 0.000000
-0.075000 0.075000 0.075000
-0.075000 0.075000 0.150000
-0.075000 0.075000 0.225000
-0.075000 0.075000 0.300000
-0.075000 0.075000 0.375000
-0.075000 0.075000 0.450000
-0.075000 0.075000 0.525000
-0.075000 0.075000 0.600000
-0.075000 0.075000 0.675000
-0.075000 0.075000 0.750000
-0.075000 0.150000 -0.900000
-0.075000 0.150000 -0.825000
-0.075000 0.150000 -0.750000
-0.075000 0.150000 -0.675000
-0.075000 0.150000 -0.600000
-0.075000 0.150000 -0.525000
-0.075000 0.150000 -0.075000
-0.075000 0.150000 0.000000
-0.075000 0.150000 0.075000
-0.075000 0.150000 0.150000
-0.075000 0.150000 0.225000
-0.075000 0.150000 0.300000
-0.075000 0.150000 0.375000
-0.075000 0.150000 0.450000
-0.075000 0.150000 0.525000
-0.075000 0.150000 0.600000
-0.075000 0.150000 0.675000
-0.075000 0.150000 0.750000
-0.075000 0.225000 -0.900000
-0.075000 0.225000 -0.825000
-0.075000 0.225000 -0.750000
-0.075000 0.225000 -0.675000
-0.075000 0.225000 -0.600000
-0.075000 0.225000 -0.525000
-0.075000 0.225000 0.000000
-0.075000 0.225000 0.075000
-0.075000 0.225000 0.150000
-0.075000 0.225000 0.225000
-0.075000 0.225000 0.300000
-0.075000 0.225000 0.375000
-0.075000 0.225000 0.450000
-0.075000 0.225000 0.525000
-0.075000 0.225000 0.600000
-0.075000 0.300000 0.300000
-0.075000 0.300000 0.375000
-0.075000 0.300000 0.450000
0.000000 -0.375000 0.225000
0.000000 -0.375000 0.300000
0.000000 -0.375000 0.375000
0.000000 -0.375000 0.450000
0.000000 -0.375000 0.525000
0.000000 -0.375000 0.600000
0.000000 -0.300000 -0.825000
0.000000 -0.300000 -0.750000
0.000000 -0.300000 -0.675000
0.000000 -0.300000 -0.600000
0.000000 -0.300000 -0.525000
0.000000 -0.300000 0.000000
0.000000 -0.300000 0.075000
0.000000 -0.300000 0.150000
0.000000 -0.300000 0.225000
0.000000 -0.300000 0.300000
0.000000 -0.300000 0.375000
0.000000 -0.300000 0.450000
0.000000 -0.300000 0.525000
0.000000 -0.300000 0.600000
0.000000 -0.300000 0.675000
0.000000 -0.300000 0.750000
0.000000 -0.225000 -0.825000
0.000000 -0.225000 -0.750000
0.000000 -0.225000 -0.675000
0.000000 -0.225000 -0.600000
0.000000 -0.225000 -0.525000
0.000000 -0.225000 -0.450000
0.000000 -0.225000 0.000000
0.000000 -0.225000 0.075000
0.000000 -0.225000 0.150000
0.000000 -0.225000 0.225000
0.000000 -0.225000 0.300000
0.000000 -0.225000 0.375000
0.000000 -0.225000 0.450000
0.000000 -0.225000 0.525000
0.000000 -0.225000 0.600000
0.000000 -0.225000 0.675000
0.000000 -0.225000 0.750000
0.000000 -0.150000 -0.900000
0.000000 -0.150000 -0.825000
0.000000 -0.150000 -0.750000
0.000000 -0.150000 -0.675000
0.000000 -0.150000 -0.600000
0.000000 -0.150000 -0.525000
0.000000 -0.150000 -0.450000
0.000000 -0.150000 0.000000
0.000000 -0.150000 0.075000
0.000000 -0.150000 0.150000
0.000000 -0.150000 0.225000
0.000000 -0.150000 0.300000
0.000000 -0.150000 0.375000
0.000000 -0.150000 0.450000
0.000000 -0.150000 0.525000
0.000000 -0.150000 0.600000
0.000000 -0.150000 0.675000
0.000000 -0.150000 0.750000
0.000000 -0.150000 0.825000
0.000000 -0.075000 -0.900000
0.000000 -0.075000 -0.825000
0.000000 -0.075000 -0.750000
0.000000 -0.075000 -0.675000
0.000000 -0.075000 -0.600000
0.000000 -0.075000 -0.525000
0.000000 -0.075000 -0.450000
0.000000 -0.075000 0.000000
0.000000 -0.075000 0.075000
0.000000 -0.075000 0.150000
0.000000 -0.075000 0.225000
0.000000 -0.075000 0.450000
0.000000 -0.075000 0.525000
0.000000 -0.075000 0.600000
0.000000 -0.075000 0.675000
0.000000 -0.075000 0.750000
0.000000 -0.075000 0.825000
0.000000 0.000000 -0.900000
0.000000 0.000000 -0.825000
0.000000 0.000000 -0.750000
0.000000 0.000000 -0.600000
0.000000 0.000000 -0.525000
0.000000 0.000000 -0.450000
0.000000 0.000000 0.000000
0.000000 0.000000 0.075000
0.000000 0.000000 0.150000
0.000000 0.000000 0.225000
0.000000 0.000000 0.450000
0.000000 0.000000 0.525000
0.000000 0.000000 0.600000
0.000000 0.000000 0.675000
0.000000 0.000000 0.750000
0.000000 0.000000 0.825000
0.000000 0.075000 -0.900000
0.000000 0.075000 -0.825000
0.000000 0.075000 -0.750000
0.000000 0.075000 -0.675000
0.000000 0.075000 -0.600000
0.000000 0.075000 -0.525000
0.000000 0.075000 -0.450000
0.000000 0.075000 0.000000
0.000000 0.075000 0.075000
0.000000 0.075000 0.150000
0.000000 0.075000 0.225000
0.000000 0.075000 0.300000
0.000000 0.075000 0.375000
0.000000 0.075000 0.450000
0.000000 0.075000 0.525000
0.000000 0.075000 0.600000
0.000000 0.075000 0.675000
0.000000 0.075000 0.750000
0.000000 0.075000 0.825000
0.000000 0.150000 -0.900000
0.000000 0.150000 -0.825000
0.000000 0.150000 -0.750000
0.000000 0.150000 -0.675000
0.000000 0.150000 -0.600000
0.000000 0.150000 -0.525000
0.000000 0.150000 -0.450000
0.000000 0.150000 0.000000
0.000000 0.150000 0.075000
0.000000 0.150000 0.150000
0.000000 0.150000 0.225000
0.000000 0.150000 0.300000
0.000000 0.150000 0.375000
0.000000 0.150000 0.450000
0.000000 0.150000 0.525000
0.000000 0.150000 0.600000
0.000000 0.150000 0.675000
0.000000 0.150000 0.750000
0.000000 0.150000 0.825000
0.000000 0.225000 -0.825000
0.000000 0.225000 -0.750000
0.000000 0.225000 -0.675000
0.000000 0.225000 -0.600000
0.000000 0.225000 -0.525000
0.000000 0.225000 0.075000
0.000000 0.225000 0.150000
0.000000 0.225000 0.225000
0.000000 0.225000 0.300000
0.000000 0.225000 0.375000
0.000000 0.225000 0.450000
0.000000 0.225000 0.525000
0.000000 0.225000 0.600000
0.000000 0.225000 0.675000
0.000000 0.225000 0.750000
0.000000 0.300000 0.300000
0.000000 0.300000 0.375000
0.000000 0.300000 0.450000
0.000000 0.300000 0.525000
0.075000 -0.375000 0.300000
0.075000 -0.375000 0.375000
0.075000 -0.375000 0.450000
0.075000 -0.375000 0.525000
0.075000 -0.375000 0.600000
0.075000 -0.375000 0.675000
0.075000 -0.300000 -0.750000
0.075000 -0.300000 -0.675000
0.075000 -0.300000 -0.600000
0.075000 -0.300000 -0.525000
0.075000 -0.300000 -0.450000
0.075000 -0.300000 0.150000
0.075000 -0.300000 0.225000
0.075000 -0.300000 0.300000
0.075000 -0.300000 0.375000
0.075000 -0.300000 0.450000
0.075000 -0.300000 0.525000
0.075000 -0.300000 0.600000
0.075000 -0.300000 0.675000
0.075000 -0.300000 0.750000
0.075000 -0.300000 0.825000
0.075000 -0.225000 -0.825000
0.075000 -0.225000 -0.750000
0.075000 -0.225000 -0.675000
0.075000 -0.225000 -0.600000
0.075000 -0.225000 -0.525000
0.075000 -0.225000 -0.450000
0.075000 -0.225000 -0.375000
0.075000 -0.225000 0.075000
0.075000 -0.225000 0.150000
0.075000 -0.225000 0.225000
0.075000 -0.225000 0.300000
0.075000 -0.225000 0.375000
0.075000 -0.225000 0.450000
0.075000 -0.225000 0.525000
0.075000 -0.225000 0.600000
0.075000 -0.225000 0.675000
0.075000 -0.225000 0.750000
0.075000 -0.225000 0.825000
0.075000 -0.225000 0.900000
0.075000 -0.150000 -0.825000
0.075000 -0.150000 -0.750000
0.075000 -0.150000 -0.675000
0.075000 -0.150000 -0.600000
0.075000 -0.150000 -0.525000
0.075000 -0.150000 -0.450000
0.075000 -0.150000 -0.375000
0.075000 -0.150000 0.000000
0.075000 -0.150000 0.075000
0.075000 -0.150000 0.150000
0.075000 -0.150000 0.225000
0.075000 -0.150000 0.300000
0.075000 -0.150000 0.375000
0.075000 -0.150000 0.600000
0.075000 -0.150000 0.675000
0.075000 -0.150000 0.750000
0.075000 -0.150000 0.825000
0.075000 -0.150000 0.900000
0.075000 -0.075000 -0.825000
0.075000 -0.075000 -0.750000
0.075000 -0.075000 -0.675000
0.075000 -0.075000 -0.525000
0.075000 -0.075000 -0.450000
0.075000 -0.075000 -0.375000
0.075000 -0.075000 0.000000
0.075000 -0.075000 0.075000
0.075000 -0.075000 0.150000
0.075000 -0.075000 0.225000
0.075000 -0.075000 0.300000
0.075000 -0.075000 0.600000
0.075000 -0.075000 0.675000
0.075000 -0.075000 0.750000
0.075000 -0.075000 0.825000
0.075000 -0.075000 0.900000
0.075000 0.000000 -0.825000
0.075000 0.000000 -0.750000
0.075000 0.000000 -0.675000
0.075000 0.000000 -0.600000
0.075000 0.000000 -0.525000
0.075000 0.000000 -0.450000
0.075000 0.000000 -0.375000
0.075000 0.000000 0.000000
0.075000 0.000000 0.075000
0.075000 0.000000 0.150000
0.075000 0.000000 0.225000
0.075000 0.000000 0.300000
0.075000 0.000000 0.675000
0.075000 0.000000 0.750000
0.075000 0.000000 0.825000
0.075000 0.000000 0.900000
0.075000 0.075000 -0.825000
0.075000 0.075000 -0.750000
0.075000 0.075000 -0.675000
0.075000 0.075000 -0.600000
0.075000 0.075000 -0.525000
0.075000 0.075000 -0.450000
0.075000 0.075000 -0.375000
0.075000 0.075000 0.000000
0.075000 0.075000 0.075000
0.075000 0.075000 0.150000
0.075000 0.075000 0.225000
0.075000 0.075000 0.300000
0.075000 0.075000 0.375000
0.075000 0.075000 0.525000
0.075000 0.075000 0.600000
0.075000 0.075000 0.675000
0.075000 0.075000 0.750000
0.075000 0.075000 0.825000
0.075000 0.075000 0.900000
0.075000 0.150000 -0.825000
0.075000 0.150000 -0.750000
0.075000 0.150000 -0.675000
0.075000 0.150000 -0.600000
0.075000 0.150000 -0.525000
0.075000 0.150000 -0.450000
0.075000 0.150000 -0.375000
0.075000 0.150000 0.075000
0.075000 0.150000 0.150000
0.075000 0.150000 0.225000
0.075000 0.150000 0.300000
0.075000 0.150000 0.375000
0.075000 0.150000 0.450000
0.075000 0.150000 0.525000
0.075000 0.150000 0.600000
0.075000 0.150000 0.675000
0.075000 0.150000 0.750000
0.075000 0.150000 0.825000
0.075000 0.225000 -0.750000
0.075000 0.225000 -0.675000
0.075000 0.225000 -0.600000
0.075000 0.225000 -0.525000
0.075000 0.225000 -0.450000
0.075000 0.225000 0.150000
0.075000 0.225000 0.225000
0.075000 0.225000 0.300000
0.075000 0.225000 0.375000
0.075000 0.225000 0.450000
0.075000 0.225000 0.525000
0.075000 0.225000 0.600000
0.075000 0.225000 0.675000
0.075000 0.225000 0.750000
0.075000 0.225000 0.825000
0.075000 0.300000 0.300000
0.075000 0.300000 0.375000
0.075000 0.300000 0.450000
0.075000 0.300000 0.525000
0.075000 0.300000 0.600000
0.075000 0.300000 0.675000
0.150000 -0.375000 0.375000
0.150000 -0.375000 0.450000
0.150000 -0.375000 0.525000
0.150000 -0.375000 0.600000
0.150000 -0.375000 0.675000
0.150000 -0.300000 -0.750000
0.150000 -0.300000 -0.675000
0.150000 -0.300000 -0.600000
0.150000 -0.300000 -0.525000
0.150000 -0.300000 -0.450000
0.150000 -0.300000 -0.375000
0.150000 -0.300000 0.225000
0.150000 -0.300000 0.300000
0.150000 -0.300000 0.375000
0.150000 -0.300000 0.450000
0.150000 -0.300000 0.525000
0.150000 -0.300000 0.600000
0.150000 -0.300000 0.675000
0.150000 -0.300000 0.750000
0.150000 -0.300000 0.825000
0.150000 -0.225000 -0.750000
0.150000 -0.225000 -0.675000
0.150000 -0.225000 -0.600000
0.150000 -0.225000 -0.525000
0.150000 -0.225000 -0.450000
0.150000 -0.225000 -0.375000
0.150000 -0.225000 -0.300000
0.150000 -0.225000 0.150000
0.150000 -0.225000 0.225000
0.150000 -0.225000 0.300000
0.150000 -0.225000 0.375000
0.150000 -0.225000 0.450000
0.150000 -0.225000 0.525000
0.150000 -0.225000 0.600000
0.150000 -0.225000 0.675000
0.150000 -0.225000 0.750000
0.150000 -0.225000 0.825000
0.150000 -0.225000 0.900000
0.150000 -0.150000 -0.825000
0.150000 -0.150000 -0.750000
0.150000 -0.150000 -0.675000
0.150000 -0.150000 -0.600000
0.150000 -0.150000 -0.525000
0.150000 -0.150000 -0.450000
0.150000 -0.150000 -0.375000
0.150000 -0.150000 -0.300000
0.150000 -0.150000 0.150000
0.150000 -0.150000 0.225000
0.150000 -0.150000 0.300000
0.150000 -0.150000 0.375000
0.150000 -0.150000 0.450000
0.150000 -0.150000 0.525000
0.150000 -0.150000 0.675000
0.150000 -0.150000 0.750000
0.150000 -0.150000 0.825000
0.150000 -0.150000 0.900000
0.150000 -0.075000 -0.825000
0.150000 -0.075000 -0.750000
0.150000 -0.075000 -0.675000
0.150000 -0.075000 -0.600000
0.150000 -0.075000 -0.525000
0.150000 -0.075000 -0.450000
0.150000 -0.075000 -0.375000
0.150000 -0.075000 -0.300000
0.150000 -0.075000 0.150000
0.150000 -0.075000 0.225000
0.150000 -0.075000 0.300000
0.150000 -0.075000 0.375000
0.150000 -0.075000 0.450000
0.150000 -0.075000 0.675000
0.150000 -0.075000 0.750000
0.150000 -0.075000 0.825000
0.150000 -0.075000 0.900000
0.150000 0.000000 -0.825000
0.150000 0.000000 -0.750000
0.150000 0.000000 -0.675000
0.150000 0.000000 -0.600000
0.150000 0.000000 -0.525000
0.150000 0.000000 -0.450000
0.150000 0.000000 -0.375000
0.150000 0.000000 -0.300000
0.150000 0.000000 0.150000
0.150000 0.000000 0.225000
0.150000 0.000000 0.300000
0.150000 0.000000 0.375000
0.150000 0.000000 0.450000
0.150000 0.000000 0.750000
0.150000 0.000000 0.825000
0.150000 0.000000 0.900000
0.150000 0.075000 -0.825000
0.150000 0.075000 -0.750000
0.150000 0.075000 -0.675000
0.150000 0.075000 -0.600000
0.150000 0.075000 -0.525000
0.150000 0.075000 -0.450000
0.150000 0.075000 -0.375000
0.150000 0.075000 -0.300000
0.150000 0.075000 0.150000
0.150000 0.075000 0.225000
0.150000 0.075000 0.300000
0.150000 0.075000 0.375000
0.150000 0.075000 0.450000
0.150000 0.075000 0.525000
0.150000 0.075000 0.675000
0.150000 0.075000 0.750000
0.150000 0.075000 0.825000
0.150000 0.075000 0.900000
0.150000 0.150000 -0.825000
0.150000 0.150000 -0.750000
0.150000 0.150000 -0.675000
0.150000 0.150000 -0.600000
0.150000 0.150000 -0.525000
0.150000 0.150000 -0.450000
0.150000 0.150000 -0.375000
0.150000 0.150000 -0.300000
0.150000 0.150000 0.150000
0.150000 0.150000 0.225000
0.150000 0.150000 0.300000
0.150000 0.150000 0.375000
0.150000 0.150000 0.450000
0.150000 0.150000 0.525000
0.150000 0.150000 0.600000
0.150000 0.150000 0.675000
0.150000 0.150000 0.750000
0.150000 0.150000 0.825000
0.150000 0.225000 -0.750000
0.150000 0.225000 -0.675000
0.150000 0.225000 -0.600000
0.150000 0.225000 -0.525000
0.150000 0.225000 -0.450000
0.150000 0.225000 -0.375000
0.150000 0.225000 0.225000
0.150000 0.225000 0.300000
0.150000 0.225000 0.375000
0.150000 0.225000 0.450000
0.150000 0.225000 0.525000
0.150000 0.225000 0.600000
0.150000 0.225000 0.675000
0.150000 0.225000 0.750000
0.150000 0.225000 0.825000
0.150000 0.300000 0.375000
0.150000 0.300000 0.450000
0.150000 0.300000 0.525000
0.150000 0.300000 0.600000
0.150000 0.300000 0.675000
0.225000 -0.375000 0.450000
0.225000 -0.375000 0.525000
0.225000 -0.375000 0.600000
0.225000 -0.375000 0.675000
0.225000 -0.300000 -0.675000
0.225000 -0.300000 -0.600000
0.225000 -0.300000 -0.525000
0.225000 -0.300000 -0.450000
0.225000 -0.300000 -0.375000
0.225000 -0.300000 -0.300000
0.225000 -0.300000 0.300000
0.225000 -0.300000 0.375000
0.225000 -0.300000 0.450000
0.225000 -0.300000 0.525000
0.225000 -0.300000 0.600000
0.225000 -0.300000 0.675000
0.225000 -0.300000 0.750000
0.225000 -0.300000 0.825000
0.225000 -0.225000 -0.750000
0.225000 -0.225000 -0.675000
0.225000 -0.225000 -0.600000
0.225000 -0.225000 -0.525000
0.225000 -0.225000 -0.450000
0.225000 -0.225000 -0.375000
0.225000 -0.225000 -0.300000
0.225000 -0.225000 -0.225000
0.225000 -0.225000 0.225000
0.225000 -0.225000 0.300000
0.225000 -0.225000 0.375000
0.225000 -0.225000 0.450000
0.225000 -0.225000 0.525000
0.225000 -0.225000 0.600000
0.225000 -0.225000 0.675000
0.225000 -0.225000 0.750000
0.225000 -0.225000 0.825000
0.225000 -0.225000 0.900000
0.225000 -0.150000 -0.750000
0.225000 -0.150000 -0.675000
0.225000 -0.150000 -0.600000
0.225000 -0.150000 -0.525000
0.225000 -0.150000 -0.450000
0.225000 -0.150000 -0.375000
0.225000 -0.150000 -0.300000
0.225000 -0.150000 -0.225000
0.225000 -0.150000 0.150000
0.225000 -0.150000 0.225000
0.225000 -0.150000 0.300000
0.225000 -0.150000 0.375000
0.225000 -0.150000 0.450000
0.225000 -0.150000 0.525000
0.225000 -0.150000 0.600000
0.225000 -0.150000 0.750000
0.225000 -0.150000 0.825000
0.225000 -0.150000 0.900000
0.225000 -0.075000 -0.750000
0.225000 -0.075000 -0.675000
0.225000 -0.075000 -0.600000
0.225000 -0.075000 -0.525000
0.225000 -0.075000 -0.450000
0.225000 -0.075000 -0.375000
0.225000 -0.075000 -0.300000
0.225000 -0.075000 -0.225000
0.225000 -0.075000 0.150000
0.225000 -0.075000 0.225000
0.225000 -0.075000 0.300000
0.225000 -0.075000 0.375000
0.225000 -0.075000 0.450000
0.225000 -0.075000 0.525000
0.225000 -0.075000 0.750000
0.225000 -0.075000 0.825000
0.225000 -0.075000 0.900000
0.225000 0.000000 -0.750000
0.225000 0.000000 -0.675000
0.225000 0.000000 -0.600000
0.225000 0.000000 -0.525000
0.225000 0.000000 -0.450000
0.225000 0.000000 -0.375000
0.225000 0.000000 -0.300000
0.225000 0.000000 -0.225000
0.225000 0.000000 0.150000
0.225000 0.000000 0.225000
0.225000 0.000000 0.300000
0.225000 0.000000 0.375000
0.225000 0.000000 0.450000
0.225000 0.000000 0.525000
0.225000 0.000000 0.750000
0.225000 0.000000 0.825000
0.225000 0.000000 0.900000
0.225000 0.075000 -0.750000
0.225000 0.075000 -0.675000
0.225000 0.075000 -0.600000
0.225000 0.075000 -0.525000
0.225000 0.075000 -0.450000
0.225000 0.075000 -0.375000
0.225000 0.075000 -0.300000
0.225000 0.075000 -0.225000
0.225000 0.075000 0.150000
0.225000 0.075000 0.225000
0.225000 0.075000 0.300000
0.225000 0.075000 0.375000
0.225000 0.075000 0.450000
0.225000 0.075000 0.525000
0.225000 0.075000 0.600000
0.225000 0.075000 0.750000
0.225000 0.075000 0.825000
0.225000 0.075000 0.900000
0.225000 0.150000 -0.750000
0.225000 0.150000 -0.675000
0.225000 0.150000 -0.600000
0.225000 0.150000 -0.525000
0.225000 0.150000 -0.450000
0.225000 0.150000 -0.375000
0.225000 0.150000 -0.300000
0.225000 0.150000 -0.225000
0.225000 0.150000 0.225000
0.225000 0.150000 0.300000
0.225000 0.150000 0.375000
0.225000 0.150000 0.450000
0.225000 0.150000 0.525000
0.225000 0.150000 0.600000
0.225000 0.150000 0.675000
0.225000 0.150000 0.750000
0.225000 0.150000 0.825000
0.225000 0.225000 -0.675000
0.225000 0.225000 -0.600000
0.225000 0.225000 -0.525000
0.225000 0.225000 -0.450000
0.225000 0.225000 -0.375000
0.225000 0.225000 -0.300000
0.225000 0.225000 0.300000
0.225000 0.225000 0.375000
0.225000 0.225000 0.450000
0.225000 0.225000 0.525000
0.225000 0.225000 0.600000
0.225000 0.225000 0.675000
0.225000 0.225000 0.750000
0.225000 0.225000 0.825000
0.225000 0.300000 0.450000
0.225000 0.300000 0.525000
0.225000 0.300000 0.600000
0.225000 0.300000 0.675000
0.300000 -0.375000 0.600000
0.300000 -0.375000 0.675000
0.300000 -0.300000 -0.675000
0.300000 -0.300000 -0.600000
0.300000 -0.300000 -0.525000
0.300000 -0.300000 -0.450000
0.300000 -0.300000 -0.375000
0.300000 -0.300000 -0.300000
0.300000 -0.300000 -0.225000
0.300000 -0.300000 0.450000
0.300000 -0.300000 0.525000
0.300000 -0.300000 0.600000
0.300000 -0.300000 0.675000
0.300000 -0.300000 0.750000
0.300000 -0.300000 0.825000
0.300000 -0.225000 -0.675000
0.300000 -0.225000 -0.600000
0.300000 -0.225000 -0.525000
0.300000 -0.225000 -0.450000
0.300000 -0.225000 -0.375000
0.300000 -0.225000 -0.300000
0.300000 -0.225000 -0.225000
0.300000 -0.225000 -0.150000
0.300000 -0.225000 0.375000
0.300000 -0.225000 0.450000
0.300000 -0.225000 0.525000
0.300000 -0.225000 0.600000
0.300000 -0.225000 0.675000
0.300000 -0.225000 0.750000
0.300000 -0.225000 0.825000
0.300000 -0.225000 0.900000
0.300000 -0.150000 -0.675000
0.300000 -0.150000 -0.600000
0.300000 -0.150000 -0.525000
0.300000 -0.150000 -0.450000
0.300000 -0.150000 -0.375000
0.300000 -0.150000 -0.300000
0.300000 -0.150000 -0.225000
0.300000 -0.150000 -0.150000
0.300000 -0.150000 0.225000
0.300000 -0.150000 0.300000
0.300000 -0.150000 0.375000
0.300000 -0.150000 0.450000
0.300000 -0.150000 0.525000
0.300000 -0.150000 0.600000
0.300000 -0.150000 0.675000
0.300000 -0.150000 0.750000
0.300000 -0.150000 0.825000
0.300000 -0.150000 0.900000
0.300000 -0.075000 -0.675000
0.300000 -0.075000 -0.600000
0.300000 -0.075000 -0.525000
0.300000 -0.075000 -0.375000
0.300000 -0.075000 -0.300000
0.300000 -0.075000 -0.225000
0.300000 -0.075000 -0.150000
0.300000 -0.075000 0.225000
0.300000 -0.075000 0.300000
0.300000 -0.075000 0.375000
0.300000 -0.075000 0.450000
0.300000 -0.075000 0.525000
0.300000 -0.075000 0.600000
0.300000 -0.075000 0.750000
0.300000 -0.075000 0.825000
0.300000 -0.075000 0.900000
0.300000 0.000000 -0.675000
0.300000 0.000000 -0.600000
0.300000 0.000000 -0.525000
0.300000 0.000000 -0.375000
0.300000 0.000000 -0.300000
0.300000 0.000000 -0.225000
0.300000 0.000000 -0.150000
0.300000 0.000000 0.225000
0.300000 0.000000 0.300000
0.300000 0.000000 0.375000
0.300000 0.000000 0.450000
0.300000 0.000000 0.525000
0.300000 0.000000 0.600000
0.300000 0.000000 0.750000
0.300000 0.000000 0.825000
0.300000 0.000000 0.900000
0.300000 0.075000 -0.675000
0.300000 0.075000 -0.600000
0.300000 0.075000 -0.525000
0.300000 0.075000 -0.450000
0.300000 0.075000 -0.375000
0.300000 0.075000 -0.300000
0.300000 0.075000 -0.225000
0.300000 0.075000 -0.150000
0.300000 0.075000 0.225000
0.300000 0.075000 0.300000
0.300000 0.075000 0.375000
0.300000 0.075000 0.450000
0.300000 0.075000 0.525000
0.300000 0.075000 0.600000
0.300000 0.075000 0.750000
0.300000 0.075000 0.825000
0.300000 0.075000 0.900000
0.300000 0.150000 -0.675000
0.300000 0.150000 -0.600000
0.300000 0.150000 -0.525000
0.300000 0.150000 -0.450000
0.300000 0.150000 -0.375000
0.300000 0.150000 -0.300000
0.300000 0.150000 -0.225000
0.300000 0.150000 -0.150000
0.300000 0.150000 0.375000
0.300000 0.150000 0.450000
0.300000 0.150000 0.525000
0.300000 0.150000 0.600000
0.300000 0.150000 0.675000
0.300000 0.150000 0.750000
0.300000 0.150000 0.825000
0.300000 0.225000 -0.675000
0.300000 0.225000 -0.600000
0.300000 0.225000 -0.525000
0.300000 0.225000 -0.450000
0.300000 0.225000 -0.375000
0.300000 0.225000 -0.300000
0.300000 0.225000 -0.225000
0.300000 0.225000 0.450000
0.300000 0.225000 0.525000
0.300000 0.225000 0.600000
0.300000 0.225000 0.675000
0.300000 0.225000 0.750000
0.300000 0.225000 0.825000
0.300000 0.300000 0.600000
0.300000 0.300000 0.675000
0.375000 -0.300000 -0.600000
0.375000 -0.300000 -0.525000
0.375000 -0.300000 -0.450000
0.375000 -0.300000 -0.375000
0.375000 -0.300000 -0.300000
0.375000 -0.300000 -0.225000
0.375000 -0.300000 -0.150000
0.375000 -0.300000 -0.075000
0.375000 -0.300000 0.600000
0.375000 -0.300000 0.675000
0.375000 -0.300000 0.750000
0.375000 -0.300000 0.825000
0.375000 -0.225000 -0.600000
0.375000 -0.225000 -0.525000
0.375000 -0.225000 -0.450000
0.375000 -0.225000 -0.375000
0.375000 -0.225000 -0.300000
0.375000 -0.225000 -0.225000
0.375000 -0.225000 -0.150000
0.375000 -0.225000 -0.075000
0.375000 -0.225000 0.450000
0.375000 -0.225000 0.525000
0.375000 -0.225000 0.600000
0.375000 -0.225000 0.675000
0.375000 -0.225000 0.750000
0.375000 -0.225000 0.825000
0.375000 -0.150000 -0.675000
0.375000 -0.150000 -0.600000
0.375000 -0.150000 -0.525000
0.375000 -0.150000 -0.450000
0.375000 -0.150000 -0.375000
0.375000 -0.150000 -0.300000
0.375000 -0.150000 -0.225000
0.375000 -0.150000 -0.150000
0.375000 -0.150000 -0.075000
0.375000 -0.150000 0.000000
0.375000 -0.150000 0.450000
0.375000 -0.150000 0.525000
0.375000 -0.150000 0.600000
0.375000 -0.150000 0.675000
0.375000 -0.150000 0.750000
0.375000 -0.150000 0.825000
0.375000 -0.075000 -0.675000
0.375000 -0.075000 -0.600000
0.375000 -0.075000 -0.525000
0.375000 -0.075000 -0.450000
0.375000 -0.075000 -0.300000
0.375000 -0.075000 -0.225000
0.375000 -0.075000 -0.150000
0.375000 -0.075000 -0.075000
0.375000 -0.075000 0.000000
0.375000 -0.075000 0.450000
0.375000 -0.075000 0.525000
0.375000 -0.075000 0.600000
0.375000 -0.075000 0.750000
0.375000 -0.075000 0.825000
0.375000 0.000000 -0.675000
0.375000 0.000000 -0.600000
0.375000 0.000000 -0.525000
0.375000 0.000000 -0.450000
0.375000 0.000000 -0.300000
0.375000 0.000000 -0.225000
0.375000 0.000000 -0.150000
0.375000 0.000000 -0.075000
0.375000 0.000000 0.000000
0.375000 0.000000 0.450000
0.375000 0.000000 0.525000
0.375000 0.000000 0.600000
0.375000 0.000000 0.750000
0.375000 0.000000 0.825000
0.375000 0.075000 -0.675000
0.375000 0.075000 -0.600000
0.375000 0.075000 -0.525000
0.375000 0.075000 -0.450000
0.375000 0.075000 -0.375000
0.375000 0.075000 -0.300000
0.375000 0.075000 -0.225000
0.375000 0.075000 -0.150000
0.375000 0.075000 -0.075000
0.375000 0.075000 0.000000
0.375000 0.075000 0.450000
0.375000 0.075000 0.525000
0.375000 0.075000 0.600000
0.375000 0.075000 0.750000
0.375000 0.075000 0.825000
0.375000 0.150000 -0.600000
0.375000 0.150000 -0.525000
0.375000 0.150000 -0.450000
0.375000 0.150000 -0.375000
0.375000 0.150000 -0.300000
0.375000 0.150000 -0.225000
0.375000 0.150000 -0.150000
0.375000 0.150000 -0.075000
0.375000 0.150000 0.450000
0.375000 0.150000 0.525000
0.375000 0.150000 0.600000
0.375000 0.150000 0.675000
0.375000 0.150000 0.750000
0.375000 0.150000 0.825000
0.375000 0.225000 -0.600000
0.375000 0.225000 -0.525000
0.375000 0.225000 -0.450000
0.375000 0.225000 -0.375000
0.375000 0.225000 -0.300000
0.375000 0.225000 -0.225000
0.375000 0.225000 -0.150000
0.375000 0.225000 -0.075000
0.375000 0.225000 0.525000
0.375000 0.225000 0.600000
0.375000 0.225000 0.675000
0.375000 0.225000 0.750000
0.375000 0.225000 0.825000
0.450000 -0.300000 -0.525000
0.450000 -0.300000 -0.450000
0.450000 -0.300000 -0.375000
0.450000 -0.300000 -0.300000
0.450000 -0.300000 -0.225000
0.450000 -0.300000 -0.150000
0.450000 -0.300000 -0.075000
0.450000 -0.300000 0.000000
0.450000 -0.300000 0.600000
0.450000 -0.300000 0.675000
0.450000 -0.300000 0.750000
0.450000 -0.300000 0.825000
0.450000 -0.225000 -0.600000
0.450000 -0.225000 -0.525000
0.450000 -0.225000 -0.450000
0.450000 -0.225000 -0.375000
0.450000 -0.225000 -0.300000
0.450000 -0.225000 -0.225000
0.450000 -0.225000 -0.150000
0.450000 -0.225000 -0.075000
0.450000 -0.225000 0.000000
0.450000 -0.225000 0.075000
0.450000 -0.225000 0.450000
0.450000 -0.225000 0.525000
0.450000 -0.225000 0.600000
0.450000 -0.225000 0.675000
0.450000 -0.225000 0.750000
0.450000 -0.225000 0.825000
0.450000 -0.150000 -0.600000
0.450000 -0.150000 -0.525000
0.450000 -0.150000 -0.450000
0.450000 -0.150000 -0.375000
0.450000 -0.150000 -0.300000
0.450000 -0.150000 -0.225000
0.450000 -0.150000 -0.150000
0.450000 -0.150000 -0.075000
0.450000 -0.150000 0.000000
0.450000 -0.150000 0.075000
0.450000 -0.150000 0.150000
0.450000 -0.150000 0.225000
0.450000 -0.150000 0.375000
0.450000 -0.150000 0.450000
0.450000 -0.150000 0.525000
0.450000 -0.150000 0.600000
0.450000 -0.150000 0.675000
0.450000 -0.150000 0.750000
0.450000 -0.150000 0.825000
0.450000 -0.075000 -0.600000
0.450000 -0.075000 -0.525000
0.450000 -0.075000 -0.450000
0.450000 -0.075000 -0.375000
0.450000 -0.075000 -0.300000
0.450000 -0.075000 -0.225000
0.450000 -0.075000 -0.150000
0.450000 -0.075000 -0.075000
0.450000 -0.075000 0.000000
0.450000 -0.075000 0.075000
0.450000 -0.075000 0.150000
0.450000 -0.075000 0.225000
0.450000 -0.075000 0.375000
0.450000 -0.075000 0.450000
0.450000 -0.075000 0.525000
0.450000 -0.075000 0.600000
0.450000 -0.075000 0.750000
0.450000 -0.075000 0.825000
0.450000 0.000000 -0.600000
0.450000 0.000000 -0.525000
0.450000 0.000000 -0.450000
0.450000 0.000000 -0.375000
0.450000 0.000000 -0.300000
0.450000 0.000000 -0.225000
0.450000 0.000000 -0.150000
0.450000 0.000000 -0.075000
0.450000 0.000000 0.000000
0.450000 0.000000 0.075000
0.450000 0.000000 0.150000
0.450000 0.000000 0.225000
0.450000 0.000000 0.375000
0.450000 0.000000 0.450000
0.450000 0.000000 0.525000
0.450000 0.000000 0.600000
0.450000 0.000000 0.750000
0.450000 0.000000 0.825000
0.450000 0.075000 -0.600000
0.450000 0.075000 -0.525000
0.450000 0.075000 -0.450000
0.450000 0.075000 -0.375000
0.450000 0.075000 -0.300000
0.450000 0.075000 -0.225000
0.450000 0.075000 -0.150000
0.450000 0.075000 -0.075000
0.450000 0.075000 0.000000
0.450000 0.075000 0.075000
0.450000 0.075000 0.150000
0.450000 0.075000 0.225000
0.450000 0.075000 0.450000
0.450000 0.075000 0.525000
0.450000 0.075000 0.600000
0.450000 0.075000 0.750000
0.450000 0.075000 0.825000
0.450000 0.150000 -0.600000
0.450000 0.150000 -0.525000
0.450000 0.150000 -0.450000
0.450000 0.150000 -0.375000
0.450000 0.150000 -0.300000
0.450000 0.150000 -0.225000
0.450000 0.150000 -0.150000
0.450000 0.150000 -0.075000
0.450000 0.150000 0.000000
0.450000 0.150000 0.075000
0.450000 0.150000 0.150000
0.450000 0.150000 0.450000
0.450000 0.150000 0.525000
0.450000 0.150000 0.600000
0.450000 0.150000 0.675000
0.450000 0.150000 0.750000
0.450000 0.150000 0.825000
0.450000 0.225000 -0.525000
0.450000 0.225000 -0.450000
0.450000 0.225000 -0.375000
0.450000 0.225000 -0.300000
0.450000 0.225000 -0.225000
0.450000 0.225000 -0.150000
0.450000 0.225000 -0.075000
0.450000 0.225000 0.000000
0.450000 0.225000 0.525000
0.450000 0.225000 0.600000
0.450000 0.225000 0.675000
0.450000 0.225000 0.750000
0.450000 0.225000 0.825000
0.525000 -0.300000 -0.450000
0.525000 -0.300000 -0.375000
0.525000 -0.300000 -0.300000
0.525000 -0.300000 -0.225000
0.525000 -0.300000 -0.150000
0.525000 -0.300000 -0.075000
0.525000 -0.300000 0.000000
0.525000 -0.300000 0.075000
0.525000 -0.300000 0.150000
0.525000 -0.300000 0.225000
0.525000 -0.300000 0.300000
0.525000 -0.300000 0.375000
0.525000 -0.300000 0.450000
0.525000 -0.300000 0.525000
0.525000 -0.300000 0.600000
0.525000 -0.300000 0.675000
0.525000 -0.300000 0.750000
0.525000 -0.300000 0.825000
0.525000 -0.225000 -0.525000
0.525000 -0.225000 -0.450000
0.525000 -0.225000 -0.375000
0.525000 -0.225000 -0.300000
0.525000 -0.225000 -0.225000
0.525000 -0.225000 -0.150000
0.525000 -0.225000 -0.075000
0.525000 -0.225000 0.000000
0.525000 -0.225000 0.075000
0.525000 -0.225000 0.150000
0.525000 -0.225000 0.225000
0.525000 -0.225000 0.300000
0.525000 -0.225000 0.375000
0.525000 -0.225000 0.450000
0.525000 -0.225000 0.525000
0.525000 -0.225000 0.600000
0.525000 -0.225000 0.675000
0.525000 -0.225000 0.750000
0.525000 -0.225000 0.825000
0.525000 -0.150000 -0.525000
0.525000 -0.150000 -0.450000
0.525000 -0.150000 -0.375000
0.525000 -0.150000 -0.300000
0.525000 -0.150000 -0.225000
0.525000 -0.150000 -0.150000
0.525000 -0.150000 -0.075000
0.525000 -0.150000 0.000000
0.525000 -0.150000 0.075000
0.525000 -0.150000 0.150000
0.525000 -0.150000 0.225000
0.525000 -0.150000 0.300000
0.525000 -0.150000 0.375000
0.525000 -0.150000 0.450000
0.525000 -0.150000 0.525000
0.525000 -0.150000 0.600000
0.525000 -0.150000 0.675000
0.525000 -0.150000 0.750000
0.525000 -0.150000 0.825000
0.525000 -0.075000 -0.525000
0.525000 -0.075000 -0.450000
0.525000 -0.075000 -0.375000
0.525000 -0.075000 -0.300000
0.525000 -0.075000 -0.225000
0.525000 -0.075000 -0.150000
0.525000 -0.075000 -0.075000
0.525000 -0.075000 0.000000
0.525000 -0.075000 0.075000
0.525000 -0.075000 0.150000
0.525000 -0.075000 0.225000
0.525000 -0.075000 0.300000
0.525000 -0.075000 0.375000
0.525000 -0.075000 0.450000
0.525000 -0.075000 0.525000
0.525000 -0.075000 0.600000
0.525000 -0.075000 0.750000
0.525000 -0.075000 0.825000
0.525000 0.000000 -0.525000
0.525000 0.000000 -0.450000
0.525000 0.000000 -0.375000
0.525000 0.000000 -0.300000
0.525000 0.000000 -0.225000
0.525000 0.000000 -0.150000
0.525000 0.000000 -0.075000
0.525000 0.000000 0.000000
0.525000 0.000000 0.075000
0.525000 0.000000 0.150000
0.525000 0.000000 0.225000
0.525000 0.000000 0.300000
0.525000 0.000000 0.375000
0.525000 0.000000 0.450000
0.525000 0.000000 0.525000
0.525000 0.000000 0.600000
0.525000 0.000000 0.750000
0.525000 0.000000 0.825000
0.525000 0.075000 -0.525000
0.525000 0.075000 -0.450000
0.525000 0.075000 -0.375000
0.525000 0.075000 -0.300000
0.525000 0.075000 -0.225000
0.525000 0.075000 -0.150000
0.525000 0.075000 -0.075000
0.525000 0.075000 0.000000
0.525000 0.075000 0.075000
0.525000 0.075000 0.150000
0.525000 0.075000 0.225000
0.525000 0.075000 0.300000
0.525000 0.075000 0.375000
0.525000 0.075000 0.450000
0.525000 0.075000 0.525000
0.525000 0.075000 0.600000
0.525000 0.075000 0.675000
0.525000 0.075000 0.750000
0.525000 0.075000 0.825000
0.525000 0.150000 -0.525000
0.525000 0.150000 -0.450000
0.525000 0.150000 -0.375000
0.525000 0.150000 -0.300000
0.525000 0.150000 -0.225000
0.525000 0.150000 -0.150000
0.525000 0.150000 -0.075000
0.525000 0.150000 0.000000
0.525000 0.150000 0.075000
0.525000 0.150000 0.150000
0.525000 0.150000 0.225000
0.525000 0.150000 0.300000
0.525000 0.150000 0.375000
0.525000 0.150000 0.450000
0.525000 0.150000 0.525000
0.525000 0.150000 0.600000
0.525000 0.150000 0.675000
0.525000 0.150000 0.750000
0.525000 0.150000 0.825000
0.525000 0.225000 -0.450000
0.525000 0.225000 -0.375000
0.525000 0.225000 -0.300000
0.525000 0.225000 -0.225000
0.525000 0.225000 -0.150000
0.525000 0.225000 -0.075000
0.525000 0.225000 0.000000
0.525000 0.225000 0.075000
0.525000 0.225000 0.150000
0.525000 0.225000 0.225000
0.525000 0.225000 0.450000
0.525000 0.225000 0.525000
0.525000 0.225000 0.600000
0.525000 0.225000 0.675000
0.525000 0.225000 0.750000
0.525000 0.225000 0.825000
0.600000 -0.300000 -0.300000
0.600000 -0.300000 -0.225000
0.600000 -0.300000 -0.150000
0.600000 -0.300000 -0.075000
0.600000 -0.300000 0.000000
0.600000 -0.300000 0.075000
0.600000 -0.300000 0.150000
0.600000 -0.300000 0.225000
0.600000 -0.300000 0.300000
0.600000 -0.300000 0.375000
0.600000 -0.300000 0.450000
0.600000 -0.300000 0.525000
0.600000 -0.300000 0.600000
0.600000 -0.300000 0.675000
0.600000 -0.300000 0.750000
0.600000 -0.300000 0.825000
0.600000 -0.225000 -0.375000
0.600000 -0.225000 -0.300000
0.600000 -0.225000 -0.225000
0.600000 -0.225000 -0.150000
0.600000 -0.225000 -0.075000
0.600000 -0.225000 0.000000
0.600000 -0.225000 0.075000
0.600000 -0.225000 0.150000
0.600000 -0.225000 0.225000
0.600000 -0.225000 0.300000
0.600000 -0.225000 0.375000
0.600000 -0.225000 0.450000
0.600000 -0.225000 0.525000
0.600000 -0.225000 0.600000
0.600000 -0.225000 0.675000
0.600000 -0.225000 0.750000
0.600000 -0.225000 0.825000
0.600000 -0.150000 -0.450000
0.600000 -0.150000 -0.375000
0.600000 -0.150000 -0.300000
0.600000 -0.150000 -0.225000
0.600000 -0.150000 -0.150000
0.600000 -0.150000 -0.075000
0.600000 -0.150000 0.000000
0.600000 -0.150000 0.075000
0.600000 -0.150000 0.150000
0.600000 -0.150000 0.225000
0.600000 -0.150000 0.300000
0.600000 -0.150000 0.375000
0.600000 -0.150000 0.450000
0.600000 -0.150000 0.525000
0.600000 -0.150000 0.600000
0.600000 -0.150000 0.675000
0.600000 -0.150000 0.750000
0.600000 -0.150000 0.825000
0.600000 -0.075000 -0.450000
0.600000 -0.075000 -0.375000
0.600000 -0.075000 -0.300000
0.600000 -0.075000 -0.225000
0.600000 -0.075000 -0.150000
0.600000 -0.075000 -0.075000
0.600000 -0.075000 0.000000
0.600000 -0.075000 0.075000
0.600000 -0.075000 0.150000
0.600000 -0.075000 0.225000
0.600000 -0.075000 0.300000
0.600000 -0.075000 0.375000
0.600000 -0.075000 0.450000
0.600000 -0.075000 0.525000
0.600000 -0.075000 0.600000
0.600000 -0.075000 0.675000
0.600000 -0.075000 0.750000
0.600000 -0.075000 0.825000
0.600000 0.000000 -0.450000
0.600000 0.000000 -0.375000
0.600000 0.000000 -0.300000
0.600000 0.000000 -0.225000
0.600000 0.000000 -0.150000
0.600000 0.000000 -0.075000
0.600000 0.000000 0.075000
0.600000 0.000000 0.150000
0.600000 0.000000 0.225000
0.600000 0.000000 0.300000
0.600000 0.000000 0.375000
0.600000 0.000000 0.450000
0.600000 0.000000 0.525000
0.600000 0.000000 0.600000
0.600000 0.000000 0.675000
0.600000 0.000000 0.750000
0.600000 0.000000 0.825000
0.600000 0.075000 -0.450000
0.600000 0.075000 -0.375000
0.600000 0.075000 -0.300000
0.600000 0.075000 -0.225000
0.600000 0.075000 -0.150000
0.600000 0.075000 -0.075000
0.600000 0.075000 0.000000
0.600000 0.075000 0.075000
0.600000 0.075000 0.150000
0.600000 0.075000 0.225000
0.600000 0.075000 0.300000
0.600000 0.075000 0.375000
0.600000 0.075000 0.450000
0.600000 0.075000 0.525000
0.600000 0.075000 0.600000
0.600000 0.075000 0.675000
0.600000 0.075000 0.750000
0.600000 0.075000 0.825000
0.600000 0.150000 -0.375000
0.600000 0.150000 -0.300000
0.600000 0.150000 -0.225000
0.600000 0.150000 -0.150000
0.600000 0.150000 -0.075000
0.600000 0.150000 0.000000
0.600000 0.150000 0.075000
0.600000 0.150000 0.150000
0.600000 0.150000 0.225000
0.600000 0.150000 0.300000
0.600000 0.150000 0.375000
0.600000 0.150000 0.450000
0.600000 0.150000 0.525000
0.600000 0.150000 0.600000
0.600000 0.150000 0.675000
0.600000 0.150000 0.750000
0.600000 0.150000 0.825000
0.600000 0.225000 -0.300000
0.600000 0.225000 -0.225000
0.600000 0.225000 -0.150000
0.600000 0.225000 -0.075000
0.600000 0.225000 0.000000
0.600000 0.225000 0.075000
0.600000 0.225000 0.150000
0.600000 0.225000 0.225000
0.600000 0.225000 0.300000
0.600000 0.225000 0.375000
0.600000 0.225000 0.450000
0.600000 0.225000 0.525000
0.600000 0.225000 0.600000
0.600000 0.225000 0.675000
0.600000 0.225000 0.750000
0.600000 0.225000 0.825000
0.675000 -0.300000 -0.225000
0.675000 -0.300000 -0.150000
0.675000 -0.300000 -0.075000
0.675000 -0.300000 0.000000
0.675000 -0.300000 0.075000
0.675000 -0.300000 0.150000
0.675000 -0.300000 0.225000
0.675000 -0.300000 0.300000
0.675000 -0.300000 0.375000
0.675000 -0.300000 0.450000
0.675000 -0.300000 0.525000
0.675000 -0.300000 0.600000
0.675000 -0.300000 0.675000
0.675000 -0.300000 0.750000
0.675000 -0.225000 -0.300000
0.675000 -0.225000 -0.225000
0.675000 -0.225000 -0.150000
0.675000 -0.225000 -0.075000
0.675000 -0.225000 0.000000
0.675000 -0.225000 0.075000
0.675000 -0.225000 0.150000
0.675000 -0.225000 0.225000
0.675000 -0.225000 0.300000
0.675000 -0.225000 0.375000
0.675000 -0.225000 0.450000
0.675000 -0.225000 0.525000
0.675000 -0.225000 0.600000
0.675000 -0.225000 0.675000
0.675000 -0.225000 0.750000
0.675000 -0.225000 0.825000
0.675000 -0.150000 -0.300000
0.675000 -0.150000 -0.225000
0.675000 -0.150000 -0.150000
0.675000 -0.150000 -0.075000
0.675000 -0.150000 0.000000
0.675000 -0.150000 0.075000
0.675000 -0.150000 0.150000
0.675000 -0.150000 0.225000
0.675000 -0.150000 0.300000
0.675000 -0.150000 0.375000
0.675000 -0.150000 0.450000
0.675000 -0.150000 0.525000
0.675000 -0.150000 0.600000
0.675000 -0.150000 0.675000
0.675000 -0.150000 0.750000
0.675000 -0.150000 0.825000
0.675000 -0.075000 -0.300000
0.675000 -0.075000 -0.225000
0.675000 -0.075000 -0.150000
0.675000 -0.075000 -0.075000
0.675000 -0.075000 0.000000
0.675000 -0.075000 0.075000
0.675000 -0.075000 0.525000
0.675000 -0.075000 0.600000
0.675000 -0.075000 0.675000
0.675000 -0.075000 0.750000
0.675000 -0.075000 0.825000
0.675000 0.000000 -0.300000
0.675000 0.000000 -0.225000
0.675000 0.000000 -0.150000
0.675000 0.000000 -0.075000
0.675000 0.000000 0.000000
0.675000 0.000000 0.075000
0.675000 0.000000 0.450000
0.675000 0.000000 0.525000
0.675000 0.000000 0.600000
0.675000 0.000000 0.675000
0.675000 0.000000 0.750000
0.675000 0.000000 0.825000
0.675000 0.075000 -0.300000
0.675000 0.075000 -0.225000
0.675000 0.075000 -0.150000
0.675000 0.075000 -0.075000
0.675000 0.075000 0.000000
0.675000 0.075000 0.075000
0.675000 0.075000 0.150000
0.675000 0.075000 0.225000
0.675000 0.075000 0.300000
0.675000 0.075000 0.375000
0.675000 0.075000 0.450000
0.675000 0.075000 0.525000
0.675000 0.075000 0.600000
0.675000 0.075000 0.675000
0.675000 0.075000 0.750000
0.675000 0.075000 0.825000
0.675000 0.150000 -0.300000
0.675000 0.150000 -0.225000
0.675000 0.150000 -0.150000
0.675000 0.150000 -0.075000
0.675000 0.150000 0.000000
0.675000 0.150000 0.075000
0.675000 0.150000 0.150000
0.675000 0.150000 0.225000
0.675000 0.150000 0.300000
0.675000 0.150000 0.375000
0.675000 0.150000 0.450000
0.675000 0.150000 0.525000
0.675000 0.150000 0.600000
0.675000 0.150000 0.675000
0.675000 0.150000 0.750000
0.675000 0.150000 0.825000
0.675000 0.225000 -0.225000
0.675000 0.225000 -0.150000
0.675000 0.225000 -0.075000
0.675000 0.225000 0.000000
0.675000 0.225000 0.075000
0.675000 0.225000 0.150000
0.675000 0.225000 0.225000
0.675000 0.225000 0.300000
0.675000 0.225000 0.375000
0.675000 0.225000 0.450000
0.675000 0.225000 0.525000
0.675000 0.225000 0.600000
0.675000 0.225000 0.675000
0.675000 0.225000 0.750000
0.750000 -0.300000 -0.075000
0.750000 -0.300000 0.000000
0.750000 -0.300000 0.075000
0.750000 -0.300000 0.150000
0.750000 -0.300000 0.225000
0.750000 -0.300000 0.300000
0.750000 -0.300000 0.375000
0.750000 -0.300000 0.450000
0.750000 -0.300000 0.525000
0.750000 -0.300000 0.600000
0.750000 -0.300000 0.675000
0.750000 -0.225000 -0.150000
0.750000 -0.225000 -0.075000
0.750000 -0.225000 0.000000
0.750000 -0.225000 0.075000
0.750000 -0.225000 0.150000
0.750000 -0.225000 0.225000
0.750000 -0.225000 0.300000
0.750000 -0.225000 0.375000
0.750000 -0.225000 0.450000
0.750000 -0.225000 0.525000
0.750000 -0.225000 0.600000
0.750000 -0.225000 0.675000
0.750000 -0.150000 -0.150000
0.750000 -0.150000 -0.075000
0.750000 -0.150000 0.000000
0.750000 -0.150000 0.075000
0.750000 -0.150000 0.150000
0.750000 -0.150000 0.225000
0.750000 -0.150000 0.300000
0.750000 -0.150000 0.375000
0.750000 -0.150000 0.450000
0.750000 -0.150000 0.525000
0.750000 -0.150000 0.600000
0.750000 -0.150000 0.675000
0.750000 -0.150000 0.750000
0.750000 -0.075000 -0.150000
0.750000 -0.075000 -0.075000
0.750000 -0.075000 0.000000
0.750000 -0.075000 0.075000
0.750000 -0.075000 0.150000
0.750000 -0.075000 0.225000
0.750000 -0.075000 0.300000
0.750000 -0.075000 0.375000
0.750000 -0.075000 0.450000
0.750000 -0.075000 0.525000
0.750000 -0.075000 0.600000
0.750000 -0.075000 0.675000
0.750000 -0.075000 0.750000
0.750000 0.000000 -0.150000
0.750000 0.000000 -0.075000
0.750000 0.000000 0.000000
0.750000 0.000000 0.075000
0.750000 0.000000 0.150000
0.750000 0.000000 0.225000
0.750000 0.000000 0.300000
0.750000 0.000000 0.375000
0.750000 0.000000 0.450000
0.750000 0.000000 0.525000
0.750000 0.000000 0.600000
0.750000 0.000000 0.675000
0.750000 0.000000 0.750000
0.750000 0.075000 -0.150000
0.750000 0.075000 -0.075000
0.750000 0.075000 0.000000
0.750000 0.075000 0.075000
0.750000 0.075000 0.150000
0.750000 0.075000 0.225000
0.750000 0.075000 0.300000
0.750000 0.075000 0.375000
0.750000 0.075000 0.450000
0.750000 0.075000 0.525000
0.750000 0.075000 0.600000
0.750000 0.075000 0.675000
0.750000 0.075000 0.750000
0.750000 0.150000 -0.150000
0.750000 0.150000 -0.075000
0.750000 0.150000 0.000000
0.750000 0.150000 0.075000
0.750000 0.150000 0.150000
0.750000 0.150000 0.225000
0.750000 0.150000 0.300000
0.750000 0.150000 0.375000
0.750000 0.150000 0.450000
0.750000 0.150000 0.525000
0.750000 0.150000 0.600000
0.750000 0.150000 0.675000
0.750000 0.225000 -0.075000
0.750000 0.225000 0.000000
0.750000 0.225000 0.075000
0.750000 0.225000 0.150000
0.750000 0.225000 0.225000
0.750000 0.225000 0.300000
0.750000 0.225000 0.375000
0.750000 0.225000 0.450000
0.750000 0.225000 0.525000
0.750000 0.225000 0.600000
0.750000 0.225000 0.675000
0.825000 -0.300000 0.375000
0.825000 -0.300000 0.450000
0.825000 -0.225000 0.000000
0.825000 -0.225000 0.075000
0.825000 -0.225000 0.150000
0.825000 -0.225000 0.225000
0.825000 -0.225000 0.300000
0.825000 -0.225000 0.375000
0.825000 -0.225000 0.450000
0.825000 -0.225000 0.525000
0.825000 -0.225000 0.600000
0.825000 -0.150000 0.000000
0.825000 -0.150000 0.075000
0.825000 -0.150000 0.150000
0.825000 -0.150000 0.225000
0.825000 -0.150000 0.300000
0.825000 -0.150000 0.375000
0.825000 -0.150000 0.450000
0.825000 -0.150000 0.525000
0.825000 -0.150000 0.600000
0.825000 -0.075000 0.000000
0.825000 -0.075000 0.075000
0.825000 -0.075000 0.150000
0.825000 -0.075000 0.225000
0.825000 -0.075000 0.300000
0.825000 -0.075000 0.375000
0.825000 -0.075000 0.450000
0.825000 -0.075000 0.525000
0.825000 -0.075000 0.600000
0.825000 0.000000 0.000000
0.825000 0.000000 0.075000
0.825000 0.000000 0.150000
0.825000 0.000000 0.225000
0.825000 0.000000 0.300000
0.825000 0.000000 0.375000
0.825000 0.000000 0.450000
0.825000 0.000000 0.525000
0.825000 0.000000 0.600000
0.825000 0.075000 0.000000
0.825000 0.075000 0.075000
0.825000 0.075000 0.150000
0.825000 0.075000 0.225000
0.825000 0.075000 0.300000
0.825000 0.075000 0.375000
0.825000 0.075000 0.450000
0.825000 0.075000 0.525000
0.825000 0.075000 0.600000
0.825000 0.150000 0.000000
0.825000 0.150000 0.075000
0.825000 0.150000 0.150000
0.825000 0.150000 0.225000
0.825000 0.150000 0.300000
0.825000 0.150000 0.375000
0.825000 0.150000 0.450000
0.825000 0.150000 0.525000
0.825000 0.150000 0.600000
0.825000 0.225000 0.225000
0.825000 0.225000 0.300000
0.825000 0.225000 0.375000
0.825000 0.225000 0.450000
4 0 7 64 55
4 1 56 65 8
4 0 55 56 1
4 64 7 8 65
4 0 1 8 7
4 55 64 65 56
4 1 8 65 56
4 2 57 66 9
4 1 56 57 2
4 65 8 9 66
4 1 2 9 8
4 56 65 66 57
4 2 9 66 57
4 3 58 67 10
4 2 57 58 3
4 66 9 10 67
4 2 3 10 9
4 57 66 67 58
4 3 10 67 58
4 4 59 68 11
4 3 58 59 4
4 67 10 11 68
4 3 4 11 10
4 58 67 68 59
4 4 11 68 59
4 5 60 69 12
4 4 59 60 5
4 68 11 12 69
4 4 5 12 11
4 59 68 69 60
4 6 13 73 63
4 7 64 74 14
4 6 63 64 7
4 73 13 14 74
4 6 7 14 13
4 63 73 74 64
4 7 14 74 64
4 8 65 75 15
4 7 64 65 8
4 74 14 15 75
4 7 8 15 14
4 64 74 75 65
4 8 15 75 65
4 9 66 76 16
4 8 65 66 9
4 75 15 16 76
4 8 9 16 15
4 65 75 76 66
4 9 16 76 66
4 10 67 77 17
4 9 66 67 10
4 76 16 17 77
4 9 10 17 16
4 66 76 77 67
4 10 17 77 67
4 11 68 78 18
4 10 67 68 11
4 77 17 18 78
4 10 11 18 17
4 67 77 78 68
4 11 18 78 68
4 12 69 79 19
4 11 68 69 12
4 78 18 19 79
4 11 12 19 18
4 68 78 79 69
4 13 22 83 73
4 14 74 84 23
4 13 73 74 14
4 83 22 23 84
4 13 14 23 22
4 73 83 84 74
4 14 23 84 74
4 15 75 85 24
4 14 74 75 15
4 84 23 24 85
4 14 15 24 23
4 74 84 85 75
4 15 24 85 75
4 16 76 86 25
4 15 75 76 16
4 85 24 25 86
4 15 16 25 24
4 75 85 86 76
4 16 25 86 76
4 17 77 87 26
4 16 76 77 17
4 86 25 26 87
4 16 17 26 25
4 76 86 87 77
4 17 26 87 77
4 18 78 88 27
4 17 77 78 18
4 87 26 27 88
4 17 18 27 26
4 77 87 88 78
4 18 27 88 78
4 19 79 89 28
4 18 78 79 19
4 88 27 28 89
4 18 19 28 27
4 78 88 89 79
4 19 28 89 79
4 20 80 90 29
4 19 79 80 20
4 89 28 29 90
4 19 20 29 28
4 79 89 90 80
4 20 29 90 80
4 21 81 91 30
4 20 80 81 21
4 90 29 30 91
4 20 21 30 29
4 80 90 91 81
4 22 31 93 83
4 23 84 94 32
4 22 83 84 23
4 93 31 32 94
4 22 23 32 31
4 83 93 94 84
4 23 32 94 84
4 24 85 95 33
4 23 84 85 24
4 94 32 33 95
4 23 24 33 32
4 84 94 95 85
4 24 33 95 85
4 25 86 96 34
4 24 85 86 25
4 95 33 34 96
4 24 25 34 33
4 85 95 96 86
4 25 34 96 86
4 26 87 97 35
4 25 86 87 26
4 96 34 35 97
4 25 26 35 34
4 86 96 97 87
4 26 35 97 87
4 27 88 98 36
4 26 87 88 27
4 97 35 36 98
4 26 27 36 35
4 87 97 98 88
4 27 36 98 88
4 28 89 99 37
4 27 88 89 28
4 98 36 37 99
4 27 28 37 36
4 88 98 99 89
4 28 37 99 89
4 29 90 100 38
4 28 89 90 29
4 99 37 38 100
4 28 29 38 37
4 89 99 100 90
4 29 38 100 90
4 30 91 101 39
4 29 90 91 30
4 100 38 39 101
4 29 30 39 38
4 90 100 101 91
4 31 40 102 93
4 32 94 103 41
4 31 93 94 32
4 102 40 41 103
4 31 32 41 40
4 93 102 103 94
4 32 41 103 94
4 33 95 104 42
4 32 94 95 33
4 103 41 42 104
4 32 33 42 41
4 94 103 104 95
4 33 42 104 95
4 34 96 105 43
4 33 95 96 34
4 104 42 43 105
4 33 34 43 42
4 95 104 105 96
4 34 43 105 96
4 35 97 106 44
4 34 96 97 35
4 105 43 44 106
4 34 35 44 43
4 96 105 106 97
4 35 44 106 97
4 36 98 107 45
4 35 97 98 36
4 106 44 45 107
4 35 36 45 44
4 97 106 107 98
4 36 45 107 98
4 37 99 108 46
4 36 98 99 37
4 107 45 46 108
4 36 37 46 45
4 98 107 108 99
4 47 54 128 119
4 48 120 129 55
4 47 119 120 48
4 128 54 55 129
4 47 48 55 54
4 119 128 129 120
4 48 55 129 120
4 49 121 130 56
4 48 120 121 49
4 129 55 56 130
4 48 49 56 55
4 120 129 130 121
4 49 56 130 121
4 50 122 131 57
4 49 121 122 50
4 130 56 57 131
4 49 50 57 56
4 121 130 131 122
4 50 57 131 122
4 51 123 132 58
4 50 122 123 51
4 131 57 58 132
4 50 51 58 57
4 122 131 132 123
4 51 58 132 123
4 52 124 133 59
4 51 123 124 52
4 132 58 59 133
4 51 52 59 58
4 123 132 133 124
4 52 59 133 124
4 53 125 134 60
4 52 124 125 53
4 133 59 60 134
4 52 53 60 59
4 124 133 134 125
4 54 63 138 128
4 55 129 139 64
4 54 128 129 55
4 138 63 64 139
4 54 55 64 63
4 128 138 139 129
4 55 64 139 129
4 56 130 140 65
4 55 129 130 56
4 139 64 65 140
4 55 56 65 64
4 129 139 140 130
4 56 65 140 130
4 57 131 141 66
4 56 130 131 57
4 140 65 66 141
4 56 57 66 65
4 130 140 141 131
4 57 66 141 131
4 58 132 142 67
4 57 131 132 58
4 141 66 67 142
4 57 58 67 66
4 131 141 142 132
4 58 67 142 132
4 59 133 143 68
4 58 132 133 59
4 142 67 68 143
4 58 59 68 67
4 132 142 143 133
4 59 68 143 133
4 60 134 144 69
4 59 133 134 60
4 143 68 69 144
4 59 60 69 68
4 133 143 144 134
4 60 69 144 134
4 61 135 145 70
4 60 134 135 61
4 144 69 70 145
4 60 61 70 69
4 134 144 145 135
4 61 70 145 135
4 62 136 146 71
4 61 135 136 62
4 145 70 71 146
4 61 62 71 70
4 135 145 146 136
4 63 73 149 138
4 64 139 150 74
4 63 138 139 64
4 149 73 74 150
4 63 64 74 73
4 138 149 150 139
4 64 74 150 139
4 65 140 151 75
4 64 139 140 65
4 150 74 75 151
4 64 65 75 74
4 139 150 151 140
4 68 78 152 143
4 69 144 153 79
4 68 143 144 69
4 152 78 79 153
4 68 69 79 78
4 143 152 153 144
4 69 79 153 144
4 70 145 154 80
4 69 144 145 70
4 153 79 80 154
4 69 70 80 79
4 144 153 154 145
4 70 80 154 145
4 71 146 155 81
4 70 145 146 71
4 154 80 81 155
4 70 71 81 80
4 145 154 155 146
4 71 81 155 146
4 72 147 156 82
4 71 146 147 72
4 155 81 82 156
4 71 72 82 81
4 146 155 156 147
4 73 83 158 149
4 74 150 159 84
4 73 149 150 74
4 158 83 84 159
4 73 74 84 83
4 149 158 159 150
4 78 88 160 152
4 79 153 161 89
4 78 152 153 79
4 160 88 89 161
4 78 79 89 88
4 152 160 161 153
4 79 89 161 153
4 80 154 162 90
4 79 153 154 80
4 161 89 90 162
4 79 80 90 89
4 153 161 162 154
4 80 90 162 154
4 81 155 163 91
4 80 154 155 81
4 162 90 91 163
4 80 81 91 90
4 154 162 163 155
4 81 91 163 155
4 82 156 164 92
4 81 155 156 82
4 163 91 92 164
4 81 82 92 91
4 155 163 164 156
4 83 93 166 158
4 84 159 167 94
4 83 158 159 84
4 166 93 94 167
4 83 84 94 93
4 158 166 167 159
4 88 98 171 160
4 89 161 172 99
4 88 160 161 89
4 171 98 99 172
4 88 89 99 98
4 160 171 172 161
4 89 99 172 161
4 90 162 173 100
4 89 161 162 90
4 172 99 100 173
4 89 90 100 99
4 161 172 173 162
4 90 100 173 162
4 91 163 174 101
4 90 162 163 91
4 173 100 101 174
4 90 91 101 100
4 162 173 174 163
4 93 102 177 166
4 94 167 178 103
4 93 166 167 94
4 177 102 103 178
4 93 94 103 102
4 166 177 178 167
4 94 103 178 167
4 95 168 179 104
4 94 167 168 95
4 178 103 104 179
4 94 95 104 103
4 167 178 179 168
4 95 104 179 168
4 96 169 180 105
4 95 168 169 96
4 179 104 105 180
4 95 96 105 104
4 168 179 180 169
4 96 105 180 169
4 97 170 181 106
4 96 169 170 97
4 180 105 106 181
4 96 97 106 105
4 169 180 181 170
4 97 106 181 170
4 98 171 182 107
4 97 170 171 98
4 181 106 107 182
4 97 98 107 106
4 170 181 182 171
4 98 107 182 171
4 99 172 183 108
4 98 171 172 99
4 182 107 108 183
4 98 99 108 107
4 171 182 183 172
4 99 108 183 172
4 100 173 184 109
4 99 172 173 100
4 183 108 109 184
4 99 100 109 108
4 172 183 184 173
4 100 109 184 173
4 101 174 185 110
4 100 173 174 101
4 184 109 110 185
4 100 101 110 109
4 173 184 185 174
4 102 111 188 177
4 103 178 189 112
4 102 177 178 103
4 188 111 112 189
4 102 103 112 111
4 177 188 189 178
4 103 112 189 178
4 104 179 190 113
4 103 178 179 104
4 189 112 113 190
4 103 104 113 112
4 178 189 190 179
4 104 113 190 179
4 105 180 191 114
4 104 179 180 105
4 190 113 114 191
4 104 105 114 113
4 179 190 191 180
4 105 114 191 180
4 106 181 192 115
4 105 180 181 106
4 191 114 115 192
4 105 106 115 114
4 180 191 192 181
4 106 115 192 181
4 107 182 193 116
4 106 181 182 107
4 192 115 116 193
4 106 107 116 115
4 181 192 193 182
4 107 116 193 182
4 108 183 194 117
4 107 182 183 108
4 193 116 117 194
4 107 108 117 116
4 182 193 194 183
4 108 117 194 183
4 109 184 195 118
4 108 183 184 109
4 194 117 118 195
4 108 109 118 117
4 183 194 195 184
4 119 128 209 198
4 120 199 210 129
4 119 198 199 120
4 209 128 129 210
4 119 120 129 128
4 198 209 210 199
4 120 129 210 199
4 121 200 211 130
4 120 199 200 121
4 210 129 130 211
4 120 121 130 129
4 199 210 211 200
4 121 130 211 200
4 122 201 212 131
4 121 200 201 122
4 211 130 131 212
4 121 122 131 130
4 200 211 212 201
4 122 131 212 201
4 123 202 213 132
4 122 201 202 123
4 212 131 132 213
4 122 123 132 131
4 201 212 213 202
4 123 132 213 202
4 124 203 214 133
4 123 202 203 124
4 213 132 133 214
4 123 124 133 132
4 202 213 214 203
4 124 133 214 203
4 125 204 215 134
4 124 203 204 125
4 214 133 134 215
4 124 125 134 133
4 203 214 215 204
4 125 134 215 204
4 126 205 216 135
4 125 204 205 126
4 215 134 135 216
4 125 126 135 134
4 204 215 216 205
4 126 135 216 205
4 127 206 217 136
4 126 205 206 127
4 216 135 136 217
4 126 127 136 135
4 205 216 217 206
4 128 138 221 209
4 129 210 222 139
4 128 209 210 129
4 221 138 139 222
4 128 129 139 138
4 209 221 222 210
4 133 143 223 214
4 134 215 224 144
4 133 214 215 134
4 223 143 144 224
4 133 134 144 143
4 214 223 224 215
4 134 144 224 215
4 135 216 225 145
4 134 215 216 135
4 224 144 145 225
4 134 135 145 144
4 215 224 225 216
4 135 145 225 216
4 136 217 226 146
4 135 216 217 136
4 225 145 146 226
4 135 136 146 145
4 216 225 226 217
4 136 146 226 217
4 137 218 227 147
4 136 217 218 137
4 226 146 147 227
4 136 137 147 146
4 217 226 227 218
4 138 149 230 221
4 139 222 231 150
4 138 221 222 139
4 230 149 150 231
4 138 139 150 149
4 221 230 231 222
4 145 154 232 225
4 146 226 233 155
4 145 225 226 146
4 232 154 155 233
4 145 146 155 154
4 225 232 233 226
4 146 155 233 226
4 147 227 234 156
4 146 226 227 147
4 233 155 156 234
4 146 147 156 155
4 226 233 234 227
4 147 156 234 227
4 148 228 235 157
4 147 227 228 148
4 234 156 157 235
4 147 148 157 156
4 227 234 235 228
4 149 158 237 230
4 150 231 238 159
4 149 230 231 150
4 237 158 159 238
4 149 150 159 158
4 230 237 238 231
4 154 162 239 232
4 155 233 240 163
4 154 232 233 155
4 239 162 163 240
4 154 155 163 162
4 232 239 240 233
4 155 163 240 233
4 156 234 241 164
4 155 233 234 156
4 240 163 164 241
4 155 156 164 163
4 233 240 241 234
4 156 164 241 234
4 157 235 242 165
4 156 234 235 157
4 241 164 165 242
4 156 157 165 164
4 234 241 242 235
4 158 166 244 237
4 159 238 245 167
4 158 237 238 159
4 244 166 167 245
4 158 159 167 166
4 237 244 245 238
4 162 173 247 239
4 163 240 248 174
4 162 239 240 163
4 247 173 174 248
4 162 163 174 173
4 239 247 248 240
4 163 174 248 240
4 164 241 249 175
4 163 240 241 164
4 248 174 175 249
4 163 164 175 174
4 240 248 249 241
4 164 175 249 241
4 165 242 250 176
4 164 241 242 165
4 249 175 176 250
4 164 165 176 175
4 241 249 250 242
4 166 177 252 244
4 167 245 253 178
4 166 244 245 167
4 252 177 178 253
4 166 167 178 177
4 244 252 253 245
4 172 183 258 246
4 173 247 259 184
4 172 246 247 173
4 258 183 184 259
4 172 173 184 183
4 246 258 259 247
4 173 184 259 247
4 174 248 260 185
4 173 247 248 174
4 259 184 185 260
4 173 174 185 184
4 247 259 260 248
4 174 185 260 248
4 175 249 261 186
4 174 248 249 175
4 260 185 186 261
4 174 175 186 185
4 248 260 261 249
4 175 186 261 249
4 176 250 262 187
4 175 249 250 176
4 261 186 187 262
4 175 176 187 186
4 249 261 262 250
4 177 188 264 252
4 178 253 265 189
4 177 252 253 178
4 264 188 189 265
4 177 178 189 188
4 252 264 265 253
4 178 189 265 253
4 179 254 266 190
4 178 253 254 179
4 265 189 190 266
4 178 179 190 189
4 253 265 266 254
4 179 190 266 254
4 180 255 267 191
4 179 254 255 180
4 266 190 191 267
4 179 180 191 190
4 254 266 267 255
4 180 191 267 255
4 181 256 268 192
4 180 255 256 181
4 267 191 192 268
4 180 181 192 191
4 255 267 268 256
4 181 192 268 256
4 182 257 269 193
4 181 256 257 182
4 268 192 193 269
4 181 182 193 192
4 256 268 269 257
4 182 193 269 257
4 183 258 270 194
4 182 257 258 183
4 269 193 194 270
4 182 183 194 193
4 257 269 270 258
4 183 194 270 258
4 184 259 271 195
4 183 258 259 184
4 270 194 195 271
4 183 184 195 194
4 258 270 271 259
4 184 195 271 259
4 185 260 272 196
4 184 259 260 185
4 271 195 196 272
4 184 185 196 195
4 259 271 272 260
4 185 196 272 260
4 186 261 273 197
4 185 260 261 186
4 272 196 197 273
4 185 186 197 196
4 260 272 273 261
4 198 209 287 275
4 199 276 288 210
4 198 275 276 199
4 287 209 210 288
4 198 199 210 209
4 275 287 288 276
4 199 210 288 276
4 200 277 289 211
4 199 276 277 200
4 288 210 211 289
4 199 200 211 210
4 276 288 289 277
4 200 211 289 277
4 201 278 290 212
4 200 277 278 201
4 289 211 212 290
4 200 201 212 211
4 277 289 290 278
4 201 212 290 278
4 202 279 291 213
4 201 278 279 202
4 290 212 213 291
4 201 202 213 212
4 278 290 291 279
4 202 213 291 279
4 203 280 292 214
4 202 279 280 203
4 291 213 214 292
4 202 203 214 213
4 279 291 292 280
4 203 214 292 280
4 204 281 293 215
4 203 280 281 204
4 292 214 215 293
4 203 204 215 214
4 280 292 293 281
4 204 215 293 281
4 205 282 294 216
4 204 281 282 205
4 293 215 216 294
4 204 205 216 215
4 281 293 294 282
4 205 216 294 282
4 206 283 295 217
4 205 282 283 206
4 294 216 217 295
4 205 206 217 216
4 282 294 295 283
4 206 217 295 283
4 207 284 296 218
4 206 283 284 207
4 295 217 218 296
4 206 207 218 217
4 283 295 296 284
4 207 218 296 284
4 208 285 297 219
4 207 284 285 208
4 296 218 219 297
4 207 208 219 218
4 284 296 297 285
4 209 221 300 287
4 210 288 301 222
4 209 287 288 210
4 300 221 222 301
4 209 210 222 221
4 287 300 301 288
4 216 225 306 294
4 217 295 307 226
4 216 294 295 217
4 306 225 226 307
4 216 217 226 225
4 294 306 307 295
4 217 226 307 295
4 218 296 308 227
4 217 295 296 218
4 307 226 227 308
4 217 218 227 226
4 295 307 308 296
4 218 227 308 296
4 219 297 309 228
4 218 296 297 219
4 308 227 228 309
4 218 219 228 227
4 296 308 309 297
4 219 228 309 297
4 220 298 310 229
4 219 297 298 220
4 309 228 229 310
4 219 220 229 228
4 297 309 310 298
4 221 230 312 300
4 222 301 313 231
4 221 300 301 222
4 312 230 231 313
4 221 222 231 230
4 300 312 313 301
4 226 233 317 307
4 227 308 318 234
4 226 307 308 227
4 317 233 234 318
4 226 227 234 233
4 307 317 318 308
4 227 234 318 308
4 228 309 319 235
4 227 308 309 228
4 318 234 235 319
4 227 228 235 234
4 308 318 319 309
4 228 235 319 309
4 229 310 320 236
4 228 309 310 229
4 319 235 236 320
4 228 229 236 235
4 309 319 320 310
4 230 237 322 312
4 231 313 323 238
4 230 312 313 231
4 322 237 238 323
4 230 231 238 237
4 312 322 323 313
4 234 241 328 318
4 235 319 329 242
4 234 318 319 235
4 328 241 242 329
4 234 235 242 241
4 318 328 329 319
4 235 242 329 319
4 236 320 330 243
4 235 319 320 236
4 329 242 243 330
4 235 236 243 242
4 319 329 330 320
4 237 244 332 322
4 238 323 333 245
4 237 322 323 238
4 332 244 245 333
4 237 238 245 244
4 322 332 333 323
4 241 249 340 328
4 242 329 341 250
4 241 328 329 242
4 340 249 250 341
4 241 242 250 249
4 328 340 341 329
4 242 250 341 329
4 243 330 342 251
4 242 329 330 243
4 341 250 251 342
4 242 243 251 250
4 329 341 342 330
4 244 252 344 332
4 245 333 345 253
4 244 332 333 245
4 344 252 253 345
4 244 245 253 252
4 332 344 345 333
4 248 260 352 339
4 249 340 353 261
4 248 339 340 249
4 352 260 261 353
4 248 249 261 260
4 339 352 353 340
4 249 261 353 340
4 250 341 354 262
4 249 340 341 250
4 353 261 262 354
4 249 250 262 261
4 340 353 354 341
4 250 262 354 341
4 251 342 355 263
4 250 341 342 251
4 354 262 263 355
4 250 251 263 262
4 341 354 355 342
4 252 264 357 344
4 253 345 358 265
4 252 344 345 253
4 357 264 265 358
4 252 253 265 264
4 344 357 358 345
4 253 265 358 345
4 254 346 359 266
4 253 345 346 254
4 358 265 266 359
4 253 254 266 265
4 345 358 359 346
4 254 266 359 346
4 255 347 360 267
4 254 346 347 255
4 359 266 267 360
4 254 255 267 266
4 346 359 360 347
4 255 267 360 347
4 256 348 361 268
4 255 347 348 256
4 360 267 268 361
4 255 256 268 267
4 347 360 361 348
4 256 268 361 348
4 257 349 362 269
4 256 348 349 257
4 361 268 269 362
4 256 257 269 268
4 348 361 362 349
4 257 269 362 349
4 258 350 363 270
4 257 349 350 258
4 362 269 270 363
4 257 258 270 269
4 349 362 363 350
4 258 270 363 350
4 259 351 364 271
4 258 350 351 259
4 363 270 271 364
4 258 259 271 270
4 350 363 364 351
4 259 271 364 351
4 260 352 365 272
4 259 351 352 260
4 364 271 272 365
4 259 260 272 271
4 351 364 365 352
4 260 272 365 352
4 261 353 366 273
4 260 352 353 261
4 365 272 273 366
4 260 261 273 272
4 352 365 366 353
4 261 273 366 353
4 262 354 367 274
4 261 353 354 262
4 366 273 274 367
4 261 262 274 273
4 353 366 367 354
4 275 287 382 369
4 276 370 383 288
4 275 369 370 276
4 382 287 288 383
4 275 276 288 287
4 369 382 383 370
4 276 288 383 370
4 277 371 384 289
4 276 370 371 277
4 383 288 289 384
4 276 277 289 288
4 370 383 384 371
4 277 289 384 371
4 278 372 385 290
4 277 371 372 278
4 384 289 290 385
4 277 278 290 289
4 371 384 385 372
4 278 290 385 372
4 279 373 386 291
4 278 372 373 279
4 385 290 291 386
4 278 279 291 290
4 372 385 386 373
4 279 291 386 373
4 280 374 387 292
4 279 373 374 280
4 386 291 292 387
4 279 280 292 291
4 373 386 387 374
4 280 292 387 374
4 281 375 388 293
4 280 374 375 281
4 387 292 293 388
4 280 281 293 292
4 374 387 388 375
4 281 293 388 375
4 282 376 389 294
4 281 375 376 282
4 388 293 294 389
4 281 282 294 293
4 375 388 389 376
4 282 294 389 376
4 283 377 390 295
4 282 376 377 283
4 389 294 295 390
4 282 283 295 294
4 376 389 390 377
4 283 295 390 377
4 284 378 391 296
4 283 377 378 284
4 390 295 296 391
4 283 284 296 295
4 377 390 391 378
4 284 296 391 378
4 285 379 392 297
4 284 378 379 285
4 391 296 297 392
4 284 285 297 296
4 378 391 392 379
4 285 297 392 379
4 286 380 393 298
4 285 379 380 286
4 392 297 298 393
4 285 286 298 297
4 379 392 393 380
4 287 300 396 382
4 288 383 397 301
4 287 382 383 288
4 396 300 301 397
4 287 288 301 300
4 382 396 397 383
4 290 302 399 385
4 291 386 400 303
4 290 385 386 291
4 399 302 303 400
4 290 291 303 302
4 385 399 400 386
4 291 303 400 386
4 292 387 401 304
4 291 386 387 292
4 400 303 304 401
4 291 292 304 303
4 386 400 401 387
4 292 304 401 387
4 293 388 402 305
4 292 387 388 293
4 401 304 305 402
4 292 293 305 304
4 387 401 402 388
4 296 308 405 391
4 297 392 406 309
4 296 391 392 297
4 405 308 309 406
4 296 297 309 308
4 391 405 406 392
4 297 309 406 392
4 298 393 407 310
4 297 392 393 298
4 406 309 310 407
4 297 298 310 309
4 392 406 407 393
4 298 310 407 393
4 299 394 408 311
4 298 393 394 299
4 407 310 311 408
4 298 299 311 310
4 393 407 408 394
4 300 312 410 396
4 301 397 411 313
4 300 396 397 301
4 410 312 313 411
4 300 301 313 312
4 396 410 411 397
4 302 314 412 399
4 303 400 413 315
4 302 399 400 303
4 412 314 315 413
4 302 303 315 314
4 399 412 413 400
4 303 315 413 400
4 304 401 414 316
4 303 400 401 304
4 413 315 316 414
4 303 304 316 315
4 400 413 414 401
4 309 319 417 406
4 310 407 418 320
4 309 406 407 310
4 417 319 320 418
4 309 310 320 319
4 406 417 418 407
4 310 320 418 407
4 311 408 419 321
4 310 407 408 311
4 418 320 321 419
4 310 311 321 320
4 407 418 419 408
4 312 322 421 410
4 313 411 422 323
4 312 410 411 313
4 421 322 323 422
4 312 313 323 322
4 410 421 422 411
4 314 324 423 412
4 315 413 424 325
4 314 412 413 315
4 423 324 325 424
4 314 315 325 324
4 412 423 424 413
4 315 325 424 413
4 316 414 425 326
4 315 413 414 316
4 424 325 326 425
4 315 316 326 325
4 413 424 425 414
4 319 329 428 417
4 320 418 429 330
4 319 417 418 320
4 428 329 330 429
4 319 320 330 329
4 417 428 429 418
4 320 330 429 418
4 321 419 430 331
4 320 418 419 321
4 429 330 331 430
4 320 321 331 330
4 418 429 430 419
4 322 332 432 421
4 323 422 433 333
4 322 421 422 323
4 432 332 333 433
4 322 323 333 332
4 421 432 433 422
4 324 334 434 423
4 325 424 435 335
4 324 423 424 325
4 434 334 335 435
4 324 325 335 334
4 423 434 435 424
4 325 335 435 424
4 326 425 436 336
4 325 424 425 326
4 435 335 336 436
4 325 326 336 335
4 424 435 436 425
4 326 336 436 425
4 327 426 437 337
4 326 425 426 327
4 436 336 337 437
4 326 327 337 336
4 425 436 437 426
4 329 341 441 428
4 330 429 442 342
4 329 428 429 330
4 441 341 342 442
4 329 330 342 341
4 428 441 442 429
4 330 342 442 429
4 331 430 443 343
4 330 429 430 331
4 442 342 343 443
4 330 331 343 342
4 429 442 443 430
4 332 344 445 432
4 333 433 446 345
4 332 432 433 333
4 445 344 345 446
4 332 333 345 344
4 432 445 446 433
4 334 347 448 434
4 335 435 449 348
4 334 434 435 335
4 448 347 348 449
4 334 335 348 347
4 434 448 449 435
4 335 348 449 435
4 336 436 450 349
4 335 435 436 336
4 449 348 349 450
4 335 336 349 348
4 435 449 450 436
4 336 349 450 436
4 337 437 451 350
4 336 436 437 337
4 450 349 350 451
4 336 337 350 349
4 436 450 451 437
4 337 350 451 437
4 338 438 452 351
4 337 437 438 338
4 451 350 351 452
4 337 338 351 350
4 437 451 452 438
4 340 353 454 440
4 341 441 455 354
4 340 440 441 341
4 454 353 354 455
4 340 341 354 353
4 440 454 455 441
4 341 354 455 441
4 342 442 456 355
4 341 441 442 342
4 455 354 355 456
4 341 342 355 354
4 441 455 456 442
4 342 355 456 442
4 343 443 457 356
4 342 442 443 343
4 456 355 356 457
4 342 343 356 355
4 442 456 457 443
4 344 357 459 445
4 345 446 460 358
4 344 445 446 345
4 459 357 358 460
4 344 345 358 357
4 445 459 460 446
4 345 358 460 446
4 346 447 461 359
4 345 446 447 346
4 460 358 359 461
4 345 346 359 358
4 446 460 461 447
4 346 359 461 447
4 347 448 462 360
4 346 447 448 347
4 461 359 360 462
4 346 347 360 359
4 447 461 462 448
4 347 360 462 448
4 348 449 463 361
4 347 448 449 348
4 462 360 361 463
4 347 348 361 360
4 448 462 463 449
4 348 361 463 449
4 349 450 464 362
4 348 449 450 349
4 463 361 362 464
4 348 349 362 361
4 449 463 464 450
4 349 362 464 450
4 350 451 465 363
4 349 450 451 350
4 464 362 363 465
4 349 350 363 362
4 450 464 465 451
4 350 363 465 451
4 351 452 466 364
4 350 451 452 351
4 465 363 364 466
4 350 351 364 363
4 451 465 466 452
4 351 364 466 452
4 352 453 467 365
4 351 452 453 352
4 466 364 365 467
4 351 352 365 364
4 452 466 467 453
4 352 365 467 453
4 353 454 468 366
4 352 453 454 353
4 467 365 366 468
4 352 353 366 365
4 453 467 468 454
4 353 366 468 454
4 354 455 469 367
4 353 454 455 354
4 468 366 367 469
4 353 354 367 366
4 454 468 469 455
4 354 367 469 455
4 355 456 470 368
4 354 455 456 355
4 469 367 368 470
4 354 355 368 367
4 455 469 470 456
4 369 382 487 472
4 370 473 488 383
4 369 472 473 370
4 487 382 383 488
4 369 370 383 382
4 472 487 488 473
4 370 383 488 473
4 371 474 489 384
4 370 473 474 371
4 488 383 384 489
4 370 371 384 383
4 473 488 489 474
4 371 384 489 474
4 372 475 490 385
4 371 474 475 372
4 489 384 385 490
4 371 372 385 384
4 474 489 490 475
4 372 385 490 475
4 373 476 491 386
4 372 475 476 373
4 490 385 386 491
4 372 373 386 385
4 475 490 491 476
4 374 387 492 477
4 375 478 493 388
4 374 477 478 375
4 492 387 388 493
4 374 375 388 387
4 477 492 493 478
4 375 388 493 478
4 376 479 494 389
4 375 478 479 376
4 493 388 389 494
4 375 376 389 388
4 478 493 494 479
4 376 389 494 479
4 377 480 495 390
4 376 479 480 377
4 494 389 390 495
4 376 377 390 389
4 479 494 495 480
4 377 390 495 480
4 378 481 496 391
4 377 480 481 378
4 495 390 391 496
4 377 378 391 390
4 480 495 496 481
4 378 391 496 481
4 379 482 497 392
4 378 481 482 379
4 496 391 392 497
4 378 379 392 391
4 481 496 497 482
4 379 392 497 482
4 380 483 498 393
4 379 482 483 380
4 497 392 393 498
4 379 380 393 392
4 482 497 498 483
4 380 393 498 483
4 381 484 499 394
4 380 483 484 381
4 498 393 394 499
4 380 381 394 393
4 483 498 499 484
4 382 396 502 487
4 383 488 503 397
4 382 487 488 383
4 502 396 397 503
4 382 383 397 396
4 487 502 503 488
4 384 398 504 489
4 385 490 505 399
4 384 489 490 385
4 504 398 399 505
4 384 385 399 398
4 489 504 505 490
4 385 399 505 490
4 386 491 506 400
4 385 490 491 386
4 505 399 400 506
4 385 386 400 399
4 490 505 506 491
4 386 400 506 491
4 387 492 507 401
4 386 491 492 387
4 506 400 401 507
4 386 387 401 400
4 491 506 507 492
4 387 401 507 492
4 388 493 508 402
4 387 492 493 388
4 507 401 402 508
4 387 388 402 401
4 492 507 508 493
4 388 402 508 493
4 389 494 509 403
4 388 493 494 389
4 508 402 403 509
4 388 389 403 402
4 493 508 509 494
4 389 403 509 494
4 390 495 510 404
4 389 494 495 390
4 509 403 404 510
4 389 390 404 403
4 494 509 510 495
4 392 406 512 497
4 393 498 513 407
4 392 497 498 393
4 512 406 407 513
4 392 393 407 406
4 497 512 513 498
4 393 407 513 498
4 394 499 514 408
4 393 498 499 394
4 513 407 408 514
4 393 394 408 407
4 498 513 514 499
4 394 408 514 499
4 395 500 515 409
4 394 499 500 395
4 514 408 409 515
4 394 395 409 408
4 499 514 515 500
4 396 410 517 502
4 397 503 518 411
4 396 502 503 397
4 517 410 411 518
4 396 397 411 410
4 502 517 518 503
4 399 412 519 505
4 400 506 520 413
4 399 505 506 400
4 519 412 413 520
4 399 400 413 412
4 505 519 520 506
4 400 413 520 506
4 401 507 521 414
4 400 506 507 401
4 520 413 414 521
4 400 401 414 413
4 506 520 521 507
4 401 414 521 507
4 402 508 522 415
4 401 507 508 402
4 521 414 415 522
4 401 402 415 414
4 507 521 522 508
4 402 415 522 508
4 403 509 523 416
4 402 508 509 403
4 522 415 416 523
4 402 403 416 415
4 508 522 523 509
4 407 418 525 513
4 408 514 526 419
4 407 513 514 408
4 525 418 419 526
4 407 408 419 418
4 513 525 526 514
4 408 419 526 514
4 409 515 527 420
4 408 514 515 409
4 526 419 420 527
4 408 409 420 419
4 514 526 527 515
4 410 421 529 517
4 411 518 530 422
4 410 517 518 411
4 529 421 422 530
4 410 411 422 421
4 517 529 530 518
4 412 423 531 519
4 413 520 532 424
4 412 519 520 413
4 531 423 424 532
4 412 413 424 423
4 519 531 532 520
4 413 424 532 520
4 414 521 533 425
4 413 520 521 414
4 532 424 425 533
4 413 414 425 424
4 520 532 533 521
4 414 425 533 521
4 415 522 534 426
4 414 521 522 415
4 533 425 426 534
4 414 415 426 425
4 521 533 534 522
4 415 426 534 522
4 416 523 535 427
4 415 522 523 416
4 534 426 427 535
4 415 416 427 426
4 522 534 535 523
4 418 429 538 525
4 419 526 539 430
4 418 525 526 419
4 538 429 430 539
4 418 419 430 429
4 525 538 539 526
4 419 430 539 526
4 420 527 540 431
4 419 526 527 420
4 539 430 431 540
4 419 420 431 430
4 526 539 540 527
4 421 432 542 529
4 422 530 543 433
4 421 529 530 422
4 542 432 433 543
4 421 422 433 432
4 529 542 543 530
4 423 434 544 531
4 424 532 545 435
4 423 531 532 424
4 544 434 435 545
4 423 424 435 434
4 531 544 545 532
4 424 435 545 532
4 425 533 546 436
4 424 532 533 425
4 545 435 436 546
4 424 425 436 435
4 532 545 546 533
4 425 436 546 533
4 426 534 547 437
4 425 533 534 426
4 546 436 437 547
4 425 426 437 436
4 533 546 547 534
4 426 437 547 534
4 427 535 548 438
4 426 534 535 427
4 547 437 438 548
4 426 427 438 437
4 534 547 548 535
4 429 442 552 538
4 430 539 553 443
4 429 538 539 430
4 552 442 443 553
4 429 430 443 442
4 538 552 553 539
4 430 443 553 539
4 431 540 554 444
4 430 539 540 431
4 553 443 444 554
4 430 431 444 443
4 539 553 554 540
4 432 445 556 542
4 433 543 557 446
4 432 542 543 433
4 556 445 446 557
4 432 433 446 445
4 542 556 557 543
4 434 448 559 544
4 435 545 560 449
4 434 544 545 435
4 559 448 449 560
4 434 435 449 448
4 544 559 560 545
4 436 450 561 546
4 437 547 562 451
4 436 546 547 437
4 561 450 451 562
4 436 437 451 450
4 546 561 562 547
4 437 451 562 547
4 438 548 563 452
4 437 547 548 438
4 562 451 452 563
4 437 438 452 451
4 547 562 563 548
4 438 452 563 548
4 439 549 564 453
4 438 548 549 439
4 563 452 453 564
4 438 439 453 452
4 548 563 564 549
4 441 455 566 551
4 442 552 567 456
4 441 551 552 442
4 566 455 456 567
4 441 442 456 455
4 551 566 567 552
4 442 456 567 552
4 443 553 568 457
4 442 552 553 443
4 567 456 457 568
4 442 443 457 456
4 552 567 568 553
4 443 457 568 553
4 444 554 569 458
4 443 553 554 444
4 568 457 458 569
4 443 444 458 457
4 553 568 569 554
4 445 459 571 556
4 446 557 572 460
4 445 556 557 446
4 571 459 460 572
4 445 446 460 459
4 556 571 572 557
4 446 460 572 557
4 447 558 573 461
4 446 557 558 447
4 572 460 461 573
4 446 447 461 460
4 557 572 573 558
4 447 461 573 558
4 448 559 574 462
4 447 558 559 448
4 573 461 462 574
4 447 448 462 461
4 558 573 574 559
4 448 462 574 559
4 449 560 575 463
4 448 559 560 449
4 574 462 463 575
4 448 449 463 462
4 559 574 575 560
4 451 465 576 562
4 452 563 577 466
4 451 562 563 452
4 576 465 466 577
4 451 452 466 465
4 562 576 577 563
4 452 466 577 563
4 453 564 578 467
4 452 563 564 453
4 577 466 467 578
4 452 453 467 466
4 563 577 578 564
4 453 467 578 564
4 454 565 579 468
4 453 564 565 454
4 578 467 468 579
4 453 454 468 467
4 564 578 579 565
4 454 468 579 565
4 455 566 580 469
4 454 565 566 455
4 579 468 469 580
4 454 455 469 468
4 565 579 580 566
4 455 469 580 566
4 456 567 581 470
4 455 566 567 456
4 580 469 470 581
4 455 456 470 469
4 566 580 581 567
4 456 470 581 567
4 457 568 582 471
4 456 567 568 457
4 581 470 471 582
4 456 457 471 470
4 567 581 582 568
4 472 487 597 584
4 473 585 598 488
4 472 584 585 473
4 597 487 488 598
4 472 473 488 487
4 584 597 598 585
4 473 488 598 585
4 474 586 599 489
4 473 585 586 474
4 598 488 489 599
4 473 474 489 488
4 585 598 599 586
4 474 489 599 586
4 475 587 600 490
4 474 586 587 475
4 599 489 490 600
4 474 475 490 489
4 586 599 600 587
4 479 494 603 588
4 480 589 604 495
4 479 588 589 480
4 603 494 495 604
4 479 480 495 494
4 588 603 604 589
4 480 495 604 589
4 481 590 605 496
4 480 589 590 481
4 604 495 496 605
4 480 481 496 495
4 589 604 605 590
4 481 496 605 590
4 482 591 606 497
4 481 590 591 482
4 605 496 497 606
4 481 482 497 496
4 590 605 606 591
4 482 497 606 591
4 483 592 607 498
4 482 591 592 483
4 606 497 498 607
4 482 483 498 497
4 591 606 607 592
4 483 498 607 592
4 484 593 608 499
4 483 592 593 484
4 607 498 499 608
4 483 484 499 498
4 592 607 608 593
4 484 499 608 593
4 485 594 609 500
4 484 593 594 485
4 608 499 500 609
4 484 485 500 499
4 593 608 609 594
4 485 500 609 594
4 486 595 610 501
4 485 594 595 486
4 609 500 501 610
4 485 486 501 500
4 594 609 610 595
4 487 502 612 597
4 488 598 613 503
4 487 597 598 488
4 612 502 503 613
4 487 488 503 502
4 597 612 613 598
4 489 504 614 599
4 490 600 615 505
4 489 599 600 490
4 614 504 505 615
4 489 490 505 504
4 599 614 615 600
4 490 505 615 600
4 491 601 616 506
4 490 600 601 491
4 615 505 506 616
4 490 491 506 505
4 600 615 616 601
4 493 508 617 602
4 494 603 618 509
4 493 602 603 494
4 617 508 509 618
4 493 494 509 508
4 602 617 618 603
4 494 509 618 603
4 495 604 619 510
4 494 603 604 495
4 618 509 510 619
4 494 495 510 509
4 603 618 619 604
4 495 510 619 604
4 496 605 620 511
4 495 604 605 496
4 619 510 511 620
4 495 496 511 510
4 604 619 620 605
4 498 513 622 607
4 499 608 623 514
4 498 607 608 499
4 622 513 514 623
4 498 499 514 513
4 607 622 623 608
4 499 514 623 608
4 500 609 624 515
4 499 608 609 500
4 623 514 515 624
4 499 500 515 514
4 608 623 624 609
4 500 515 624 609
4 501 610 625 516
4 500 609 610 501
4 624 515 516 625
4 500 501 516 515
4 609 624 625 610
4 502 517 628 612
4 503 613 629 518
4 502 612 613 503
4 628 517 518 629
4 502 503 518 517
4 612 628 629 613
4 505 519 630 615
4 506 616 631 520
4 505 615 616 506
4 630 519 520 631
4 505 506 520 519
4 615 630 631 616
4 508 522 632 617
4 509 618 633 523
4 508 617 618 509
4 632 522 523 633
4 508 509 523 522
4 617 632 633 618
4 509 523 633 618
4 510 619 634 524
4 509 618 619 510
4 633 523 524 634
4 509 510 524 523
4 618 633 634 619
4 514 526 636 623
4 515 624 637 527
4 514 623 624 515
4 636 526 527 637
4 514 515 527 526
4 623 636 637 624
4 515 527 637 624
4 516 625 638 528
4 515 624 625 516
4 637 527 528 638
4 515 516 528 527
4 624 637 638 625
4 517 529 641 628
4 518 629 642 530
4 517 628 629 518
4 641 529 530 642
4 517 518 530 529
4 628 641 642 629
4 519 531 643 630
4 520 631 644 532
4 519 630 631 520
4 643 531 532 644
4 519 520 532 531
4 630 643 644 631
4 522 534 645 632
4 523 633 646 535
4 522 632 633 523
4 645 534 535 646
4 522 523 535 534
4 632 645 646 633
4 523 535 646 633
4 524 634 647 536
4 523 633 634 524
4 646 535 536 647
4 523 524 536 535
4 633 646 647 634
4 526 539 649 636
4 527 637 650 540
4 526 636 637 527
4 649 539 540 650
4 526 527 540 539
4 636 649 650 637
4 527 540 650 637
4 528 638 651 541
4 527 637 638 528
4 650 540 541 651
4 527 528 541 540
4 637 650 651 638
4 529 542 654 641
4 530 642 655 543
4 529 641 642 530
4 654 542 543 655
4 529 530 543 542
4 641 654 655 642
4 531 544 656 643
4 532 644 657 545
4 531 643 644 532
4 656 544 545 657
4 531 532 545 544
4 643 656 657 644
4 534 547 658 645
4 535 646 659 548
4 534 645 646 535
4 658 547 548 659
4 534 535 548 547
4 645 658 659 646
4 535 548 659 646
4 536 647 660 549
4 535 646 647 536
4 659 548 549 660
4 535 536 549 548
4 646 659 660 647
4 536 549 660 647
4 537 648 661 550
4 536 647 648 537
4 660 549 550 661
4 536 537 550 549
4 647 660 661 648
4 539 553 664 649
4 540 650 665 554
4 539 649 650 540
4 664 553 554 665
4 539 540 554 553
4 649 664 665 650
4 540 554 665 650
4 541 651 666 555
4 540 650 651 541
4 665 554 555 666
4 540 541 555 554
4 650 665 666 651
4 542 556 669 654
4 543 655 670 557
4 542 654 655 543
4 669 556 557 670
4 542 543 557 556
4 654 669 670 655
4 544 559 672 656
4 545 657 673 560
4 544 656 657 545
4 672 559 560 673
4 544 545 560 559
4 656 672 673 657
4 547 562 674 658
4 548 659 675 563
4 547 658 659 548
4 674 562 563 675
4 547 548 563 562
4 658 674 675 659
4 548 563 675 659
4 549 660 676 564
4 548 659 660 549
4 675 563 564 676
4 548 549 564 563
4 659 675 676 660
4 549 564 676 660
4 550 661 677 565
4 549 660 661 550
4 676 564 565 677
4 549 550 565 564
4 660 676 677 661
4 552 567 679 663
4 553 664 680 568
4 552 663 664 553
4 679 567 568 680
4 552 553 568 567
4 663 679 680 664
4 553 568 680 664
4 554 665 681 569
4 553 664 665 554
4 680 568 569 681
4 553 554 569 568
4 664 680 681 665
4 554 569 681 665
4 555 666 682 570
4 554 665 666 555
4 681 569 570 682
4 554 555 570 569
4 665 681 682 666
4 556 571 685 669
4 557 670 686 572
4 556 669 670 557
4 685 571 572 686
4 556 557 572 571
4 669 685 686 670
4 557 572 686 670
4 558 671 687 573
4 557 670 671 558
4 686 572 573 687
4 557 558 573 572
4 670 686 687 671
4 558 573 687 671
4 559 672 688 574
4 558 671 672 559
4 687 573 574 688
4 558 559 574 573
4 671 687 688 672
4 559 574 688 672
4 560 673 689 575
4 559 672 673 560
4 688 574 575 689
4 559 560 575 574
4 672 688 689 673
4 563 577 690 675
4 564 676 691 578
4 563 675 676 564
4 690 577 578 691
4 563 564 578 577
4 675 690 691 676
4 564 578 691 676
4 565 677 692 579
4 564 676 677 565
4 691 578 579 692
4 564 565 579 578
4 676 691 692 677
4 565 579 692 677
4 566 678 693 580
4 565 677 678 566
4 692 579 580 693
4 565 566 580 579
4 677 692 693 678
4 566 580 693 678
4 567 679 694 581
4 566 678 679 567
4 693 580 581 694
4 566 567 581 580
4 678 693 694 679
4 567 581 694 679
4 568 680 695 582
4 567 679 680 568
4 694 581 582 695
4 567 568 582 581
4 679 694 695 680
4 568 582 695 680
4 569 681 696 583
4 568 680 681 569
4 695 582 583 696
4 568 569 583 582
4 680 695 696 681
4 584 597 711 698
4 585 699 712 598
4 584 698 699 585
4 711 597 598 712
4 584 585 598 597
4 698 711 712 699
4 585 598 712 699
4 586 700 713 599
4 585 699 700 586
4 712 598 599 713
4 585 586 599 598
4 699 712 713 700
4 586 599 713 700
4 587 701 714 600
4 586 700 701 587
4 713 599 600 714
4 586 587 600 599
4 700 713 714 701
4 589 604 717 702
4 590 703 718 605
4 589 702 703 590
4 717 604 605 718
4 589 590 605 604
4 702 717 718 703
4 590 605 718 703
4 591 704 719 606
4 590 703 704 591
4 718 605 606 719
4 590 591 606 605
4 703 718 719 704
4 591 606 719 704
4 592 705 720 607
4 591 704 705 592
4 719 606 607 720
4 591 592 607 606
4 704 719 720 705
4 592 607 720 705
4 593 706 721 608
4 592 705 706 593
4 720 607 608 721
4 592 593 608 607
4 705 720 721 706
4 593 608 721 706
4 594 707 722 609
4 593 706 707 594
4 721 608 609 722
4 593 594 609 608
4 706 721 722 707
4 594 609 722 707
4 595 708 723 610
4 594 707 708 595
4 722 609 610 723
4 594 595 610 609
4 707 722 723 708
4 595 610 723 708
4 596 709 724 611
4 595 708 709 596
4 723 610 611 724
4 595 596 611 610
4 708 723 724 709
4 597 612 726 711
4 598 712 727 613
4 597 711 712 598
4 726 612 613 727
4 597 598 613 612
4 711 726 727 712
4 599 614 728 713
4 600 714 729 615
4 599 713 714 600
4 728 614 615 729
4 599 600 615 614
4 713 728 729 714
4 600 615 729 714
4 601 715 730 616
4 600 714 715 601
4 729 615 616 730
4 600 601 616 615
4 714 729 730 715
4 603 618 731 716
4 604 717 732 619
4 603 716 717 604
4 731 618 619 732
4 603 604 619 618
4 716 731 732 717
4 604 619 732 717
4 605 718 733 620
4 604 717 718 605
4 732 619 620 733
4 604 605 620 619
4 717 732 733 718
4 605 620 733 718
4 606 719 734 621
4 605 718 719 606
4 733 620 621 734
4 605 606 621 620
4 718 733 734 719
4 606 621 734 719
4 607 720 735 622
4 606 719 720 607
4 734 621 622 735
4 606 607 622 621
4 719 734 735 720
4 609 624 737 722
4 610 723 738 625
4 609 722 723 610
4 737 624 625 738
4 609 610 625 624
4 722 737 738 723
4 610 625 738 723
4 611 724 739 626
4 610 723 724 611
4 738 625 626 739
4 610 611 626 625
4 723 738 739 724
4 612 628 742 726
4 613 727 743 629
4 612 726 727 613
4 742 628 629 743
4 612 613 629 628
4 726 742 743 727
4 615 630 744 729
4 616 730 745 631
4 615 729 730 616
4 744 630 631 745
4 615 616 631 630
4 729 744 745 730
4 618 633 746 731
4 619 732 747 634
4 618 731 732 619
4 746 633 634 747
4 618 619 634 633
4 731 746 747 732
4 619 634 747 732
4 620 733 748 635
4 619 732 733 620
4 747 634 635 748
4 619 620 635 634
4 732 747 748 733
4 624 637 751 737
4 625 738 752 638
4 624 737 738 625
4 751 637 638 752
4 624 625 638 637
4 737 751 752 738
4 625 638 752 738
4 626 739 753 639
4 625 738 739 626
4 752 638 639 753
4 625 626 639 638
4 738 752 753 739
4 626 639 753 739
4 627 740 754 640
4 626 739 740 627
4 753 639 640 754
4 626 627 640 639
4 739 753 754 740
4 628 641 756 742
4 629 743 757 642
4 628 742 743 629
4 756 641 642 757
4 628 629 642 641
4 742 756 757 743
4 630 643 758 744
4 631 745 759 644
4 630 744 745 631
4 758 643 644 759
4 630 631 644 643
4 744 758 759 745
4 633 646 760 746
4 634 747 761 647
4 633 746 747 634
4 760 646 647 761
4 633 634 647 646
4 746 760 761 747
4 634 647 761 747
4 635 748 762 648
4 634 747 748 635
4 761 647 648 762
4 634 635 648 647
4 747 761 762 748
4 637 650 765 751
4 638 752 766 651
4 637 751 752 638
4 765 650 651 766
4 637 638 651 650
4 751 765 766 752
4 638 651 766 752
4 639 753 767 652
4 638 752 753 639
4 766 651 652 767
4 638 639 652 651
4 752 766 767 753
4 639 652 767 753
4 640 754 768 653
4 639 753 754 640
4 767 652 653 768
4 639 640 653 652
4 753 767 768 754
4 641 654 770 756
4 642 757 771 655
4 641 756 757 642
4 770 654 655 771
4 641 642 655 654
4 756 770 771 757
4 643 656 772 758
4 644 759 773 657
4 643 758 759 644
4 772 656 657 773
4 643 644 657 656
4 758 772 773 759
4 646 659 774 760
4 647 761 775 660
4 646 760 761 647
4 774 659 660 775
4 646 647 660 659
4 760 774 775 761
4 647 660 775 761
4 648 762 776 661
4 647 761 762 648
4 775 660 661 776
4 647 648 661 660
4 761 775 776 762
4 650 665 780 765
4 651 766 781 666
4 650 765 766 651
4 780 665 666 781
4 650 651 666 665
4 765 780 781 766
4 651 666 781 766
4 652 767 782 667
4 651 766 767 652
4 781 666 667 782
4 651 652 667 666
4 766 781 782 767
4 652 667 782 767
4 653 768 783 668
4 652 767 768 653
4 782 667 668 783
4 652 653 668 667
4 767 782 783 768
4 654 669 785 770
4 655 771 786 670
4 654 770 771 655
4 785 669 670 786
4 654 655 670 669
4 770 785 786 771
4 656 672 788 772
4 657 773 789 673
4 656 772 773 657
4 788 672 673 789
4 656 657 673 672
4 772 788 789 773
4 660 676 790 775
4 661 776 791 677
4 660 775 776 661
4 790 676 677 791
4 660 661 677 676
4 775 790 791 776
4 661 677 791 776
4 662 777 792 678
4 661 776 777 662
4 791 677 678 792
4 661 662 678 677
4 776 791 792 777
4 664 680 794 779
4 665 780 795 681
4 664 779 780 665
4 794 680 681 795
4 664 665 681 680
4 779 794 795 780
4 665 681 795 780
4 666 781 796 682
4 665 780 781 666
4 795 681 682 796
4 665 666 682 681
4 780 795 796 781
4 666 682 796 781
4 667 782 797 683
4 666 781 782 667
4 796 682 683 797
4 666 667 683 682
4 781 796 797 782
4 667 683 797 782
4 668 783 798 684
4 667 782 783 668
4 797 683 684 798
4 667 668 684 683
4 782 797 798 783
4 669 685 799 785
4 670 786 800 686
4 669 785 786 670
4 799 685 686 800
4 669 670 686 685
4 785 799 800 786
4 670 686 800 786
4 671 787 801 687
4 670 786 787 671
4 800 686 687 801
4 670 671 687 686
4 786 800 801 787
4 671 687 801 787
4 672 788 802 688
4 671 787 788 672
4 801 687 688 802
4 671 672 688 687
4 787 801 802 788
4 672 688 802 788
4 673 789 803 689
4 672 788 789 673
4 802 688 689 803
4 672 673 689 688
4 788 802 803 789
4 676 691 804 790
4 677 791 805 692
4 676 790 791 677
4 804 691 692 805
4 676 677 692 691
4 790 804 805 791
4 677 692 805 791
4 678 792 806 693
4 677 791 792 678
4 805 692 693 806
4 677 678 693 692
4 791 805 806 792
4 678 693 806 792
4 679 793 807 694
4 678 792 793 679
4 806 693 694 807
4 678 679 694 693
4 792 806 807 793
4 679 694 807 793
4 680 794 808 695
4 679 793 794 680
4 807 694 695 808
4 679 680 695 694
4 793 807 808 794
4 680 695 808 794
4 681 795 809 696
4 680 794 795 681
4 808 695 696 809
4 680 681 696 695
4 794 808 809 795
4 681 696 809 795
4 682 796 810 697
4 681 795 796 682
4 809 696 697 810
4 681 682 697 696
4 795 809 810 796
4 698 711 826 813
4 699 814 827 712
4 698 813 814 699
4 826 711 712 827
4 698 699 712 711
4 813 826 827 814
4 699 712 827 814
4 700 815 828 713
4 699 814 815 700
4 827 712 713 828
4 699 700 713 712
4 814 827 828 815
4 700 713 828 815
4 701 816 829 714
4 700 815 816 701
4 828 713 714 829
4 700 701 714 713
4 815 828 829 816
4 704 719 833 818
4 705 819 834 720
4 704 818 819 705
4 833 719 720 834
4 704 705 720 719
4 818 833 834 819
4 705 720 834 819
4 706 820 835 721
4 705 819 820 706
4 834 720 721 835
4 705 706 721 720
4 819 834 835 820
4 706 721 835 820
4 707 821 836 722
4 706 820 821 707
4 835 721 722 836
4 706 707 722 721
4 820 835 836 821
4 707 722 836 821
4 708 822 837 723
4 707 821 822 708
4 836 722 723 837
4 707 708 723 722
4 821 836 837 822
4 708 723 837 822
4 709 823 838 724
4 708 822 823 709
4 837 723 724 838
4 708 709 724 723
4 822 837 838 823
4 709 724 838 823
4 710 824 839 725
4 709 823 824 710
4 838 724 725 839
4 709 710 725 724
4 823 838 839 824
4 711 726 841 826
4 712 827 842 727
4 711 826 827 712
4 841 726 727 842
4 711 712 727 726
4 826 841 842 827
4 713 728 843 828
4 714 829 844 729
4 713 828 829 714
4 843 728 729 844
4 713 714 729 728
4 828 843 844 829
4 714 729 844 829
4 715 830 845 730
4 714 829 830 715
4 844 729 730 845
4 714 715 730 729
4 829 844 845 830
4 717 732 847 831
4 718 832 848 733
4 717 831 832 718
4 847 732 733 848
4 717 718 733 732
4 831 847 848 832
4 718 733 848 832
4 719 833 849 734
4 718 832 833 719
4 848 733 734 849
4 718 719 734 733
4 832 848 849 833
4 719 734 849 833
4 720 834 850 735
4 719 833 834 720
4 849 734 735 850
4 719 720 735 734
4 833 849 850 834
4 720 735 850 834
4 721 835 851 736
4 720 834 835 721
4 850 735 736 851
4 720 721 736 735
4 834 850 851 835
4 723 738 853 837
4 724 838 854 739
4 723 837 838 724
4 853 738 739 854
4 723 724 739 738
4 837 853 854 838
4 724 739 854 838
4 725 839 855 740
4 724 838 839 725
4 854 739 740 855
4 724 725 740 739
4 838 854 855 839
4 726 742 858 841
4 727 842 859 743
4 726 841 842 727
4 858 742 743 859
4 726 727 743 742
4 841 858 859 842
4 729 744 860 844
4 730 845 861 745
4 729 844 845 730
4 860 744 745 861
4 729 730 745 744
4 844 860 861 845
4 732 747 863 847
4 733 848 864 748
4 732 847 848 733
4 863 747 748 864
4 732 733 748 747
4 847 863 864 848
4 733 748 864 848
4 734 849 865 749
4 733 848 849 734
4 864 748 749 865
4 733 734 749 748
4 848 864 865 849
4 734 749 865 849
4 735 850 866 750
4 734 849 850 735
4 865 749 750 866
4 734 735 750 749
4 849 865 866 850
4 738 752 868 853
4 739 854 869 753
4 738 853 854 739
4 868 752 753 869
4 738 739 753 752
4 853 868 869 854
4 739 753 869 854
4 740 855 870 754
4 739 854 855 740
4 869 753 754 870
4 739 740 754 753
4 854 869 870 855
4 740 754 870 855
4 741 856 871 755
4 740 855 856 741
4 870 754 755 871
4 740 741 755 754
4 855 870 871 856
4 742 756 873 858
4 743 859 874 757
4 742 858 859 743
4 873 756 757 874
4 742 743 757 756
4 858 873 874 859
4 744 758 875 860
4 745 861 876 759
4 744 860 861 745
4 875 758 759 876
4 744 745 759 758
4 860 875 876 861
4 747 761 878 863
4 748 864 879 762
4 747 863 864 748
4 878 761 762 879
4 747 748 762 761
4 863 878 879 864
4 748 762 879 864
4 749 865 880 763
4 748 864 865 749
4 879 762 763 880
4 748 749 763 762
4 864 879 880 865
4 749 763 880 865
4 750 866 881 764
4 749 865 866 750
4 880 763 764 881
4 749 750 764 763
4 865 880 881 866
4 753 767 883 869
4 754 870 884 768
4 753 869 870 754
4 883 767 768 884
4 753 754 768 767
4 869 883 884 870
4 754 768 884 870
4 755 871 885 769
4 754 870 871 755
4 884 768 769 885
4 754 755 769 768
4 870 884 885 871
4 756 770 887 873
4 757 874 888 771
4 756 873 874 757
4 887 770 771 888
4 756 757 771 770
4 873 887 888 874
4 758 772 889 875
4 759 876 890 773
4 758 875 876 759
4 889 772 773 890
4 758 759 773 772
4 875 889 890 876
4 761 775 892 878
4 762 879 893 776
4 761 878 879 762
4 892 775 776 893
4 761 762 776 775
4 878 892 893 879
4 762 776 893 879
4 763 880 894 777
4 762 879 880 763
4 893 776 777 894
4 762 763 777 776
4 879 893 894 880
4 763 777 894 880
4 764 881 895 778
4 763 880 881 764
4 894 777 778 895
4 763 764 778 777
4 880 894 895 881
4 767 782 899 883
4 768 884 900 783
4 767 883 884 768
4 899 782 783 900
4 767 768 783 782
4 883 899 900 884
4 768 783 900 884
4 769 885 901 784
4 768 884 885 769
4 900 783 784 901
4 768 769 784 783
4 884 900 901 885
4 770 785 903 887
4 771 888 904 786
4 770 887 888 771
4 903 785 786 904
4 770 771 786 785
4 887 903 904 888
4 772 788 906 889
4 773 890 907 789
4 772 889 890 773
4 906 788 789 907
4 772 773 789 788
4 889 906 907 890
4 775 790 908 892
4 776 893 909 791
4 775 892 893 776
4 908 790 791 909
4 775 776 791 790
4 892 908 909 893
4 776 791 909 893
4 777 894 910 792
4 776 893 894 777
4 909 791 792 910
4 776 777 792 791
4 893 909 910 894
4 777 792 910 894
4 778 895 911 793
4 777 894 895 778
4 910 792 793 911
4 777 778 793 792
4 894 910 911 895
4 778 793 911 895
4 779 896 912 794
4 778 895 896 779
4 911 793 794 912
4 778 779 794 793
4 895 911 912 896
4 780 795 913 897
4 781 898 914 796
4 780 897 898 781
4 913 795 796 914
4 780 781 796 795
4 897 913 914 898
4 781 796 914 898
4 782 899 915 797
4 781 898 899 782
4 914 796 797 915
4 781 782 797 796
4 898 914 915 899
4 782 797 915 899
4 783 900 916 798
4 782 899 900 783
4 915 797 798 916
4 782 783 798 797
4 899 915 916 900
4 785 799 919 903
4 786 904 920 800
4 785 903 904 786
4 919 799 800 920
4 785 786 800 799
4 903 919 920 904
4 786 800 920 904
4 787 905 921 801
4 786 904 905 787
4 920 800 801 921
4 786 787 801 800
4 904 920 921 905
4 787 801 921 905
4 788 906 922 802
4 787 905 906 788
4 921 801 802 922
4 787 788 802 801
4 905 921 922 906
4 788 802 922 906
4 789 907 923 803
4 788 906 907 789
4 922 802 803 923
4 788 789 803 802
4 906 922 923 907
4 791 805 924 909
4 792 910 925 806
4 791 909 910 792
4 924 805 806 925
4 791 792 806 805
4 909 924 925 910
4 792 806 925 910
4 793 911 926 807
4 792 910 911 793
4 925 806 807 926
4 792 793 807 806
4 910 925 926 911
4 793 807 926 911
4 794 912 927 808
4 793 911 912 794
4 926 807 808 927
4 793 794 808 807
4 911 926 927 912
4 794 808 927 912
4 795 913 928 809
4 794 912 913 795
4 927 808 809 928
4 794 795 809 808
4 912 927 928 913
4 795 809 928 913
4 796 914 929 810
4 795 913 914 796
4 928 809 810 929
4 795 796 810 809
4 913 928 929 914
4 796 810 929 914
4 797 915 930 811
4 796 914 915 797
4 929 810 811 930
4 796 797 811 810
4 914 929 930 915
4 797 811 930 915
4 798 916 931 812
4 797 915 916 798
4 930 811 812 931
4 797 798 812 811
4 915 930 931 916
4 813 826 946 933
4 814 934 947 827
4 813 933 934 814
4 946 826 827 947
4 813 814 827 826
4 933 946 947 934
4 814 827 947 934
4 815 935 948 828
4 814 934 935 815
4 947 827 828 948
4 814 815 828 827
4 934 947 948 935
4 815 828 948 935
4 816 936 949 829
4 815 935 936 816
4 948 828 829 949
4 815 816 829 828
4 935 948 949 936
4 816 829 949 936
4 817 937 950 830
4 816 936 937 817
4 949 829 830 950
4 816 817 830 829
4 936 949 950 937
4 819 834 953 938
4 820 939 954 835
4 819 938 939 820
4 953 834 835 954
4 819 820 835 834
4 938 953 954 939
4 820 835 954 939
4 821 940 955 836
4 820 939 940 821
4 954 835 836 955
4 820 821 836 835
4 939 954 955 940
4 821 836 955 940
4 822 941 956 837
4 821 940 941 822
4 955 836 837 956
4 821 822 837 836
4 940 955 956 941
4 822 837 956 941
4 823 942 957 838
4 822 941 942 823
4 956 837 838 957
4 822 823 838 837
4 941 956 957 942
4 823 838 957 942
4 824 943 958 839
4 823 942 943 824
4 957 838 839 958
4 823 824 839 838
4 942 957 958 943
4 824 839 958 943
4 825 944 959 840
4 824 943 944 825
4 958 839 840 959
4 824 825 840 839
4 943 958 959 944
4 826 841 962 946
4 827 947 963 842
4 826 946 947 827
4 962 841 842 963
4 826 827 842 841
4 946 962 963 947
4 828 843 964 948
4 829 949 965 844
4 828 948 949 829
4 964 843 844 965
4 828 829 844 843
4 948 964 965 949
4 829 844 965 949
4 830 950 966 845
4 829 949 950 830
4 965 844 845 966
4 829 830 845 844
4 949 965 966 950
4 833 849 968 952
4 834 953 969 850
4 833 952 953 834
4 968 849 850 969
4 833 834 850 849
4 952 968 969 953
4 834 850 969 953
4 835 954 970 851
4 834 953 954 835
4 969 850 851 970
4 834 835 851 850
4 953 969 970 954
4 835 851 970 954
4 836 955 971 852
4 835 954 955 836
4 970 851 852 971
4 835 836 852 851
4 954 970 971 955
4 838 854 972 957
4 839 958 973 855
4 838 957 958 839
4 972 854 855 973
4 838 839 855 854
4 957 972 973 958
4 839 855 973 958
4 840 959 974 856
4 839 958 959 840
4 973 855 856 974
4 839 840 856 855
4 958 973 974 959
4 841 858 978 962
4 842 963 979 859
4 841 962 963 842
4 978 858 859 979
4 841 842 859 858
4 962 978 979 963
4 844 860 981 965
4 845 966 982 861
4 844 965 966 845
4 981 860 861 982
4 844 845 861 860
4 965 981 982 966
4 845 861 982 966
4 846 967 983 862
4 845 966 967 846
4 982 861 862 983
4 845 846 862 861
4 966 982 983 967
4 849 865 985 968
4 850 969 986 866
4 849 968 969 850
4 985 865 866 986
4 849 850 866 865
4 968 985 986 969
4 850 866 986 969
4 851 970 987 867
4 850 969 970 851
4 986 866 867 987
4 850 851 867 866
4 969 986 987 970
4 854 869 989 972
4 855 973 990 870
4 854 972 973 855
4 989 869 870 990
4 854 855 870 869
4 972 989 990 973
4 855 870 990 973
4 856 974 991 871
4 855 973 974 856
4 990 870 871 991
4 855 856 871 870
4 973 990 991 974
4 856 871 991 974
4 857 975 992 872
4 856 974 975 857
4 991 871 872 992
4 856 857 872 871
4 974 991 992 975
4 858 873 995 978
4 859 979 996 874
4 858 978 979 859
4 995 873 874 996
4 858 859 874 873
4 978 995 996 979
4 860 875 997 981
4 861 982 998 876
4 860 981 982 861
4 997 875 876 998
4 860 861 876 875
4 981 997 998 982
4 861 876 998 982
4 862 983 999 877
4 861 982 983 862
4 998 876 877 999
4 861 862 877 876
4 982 998 999 983
4 864 879 1000 984
4 865 985 1001 880
4 864 984 985 865
4 1000 879 880 1001
4 864 865 880 879
4 984 1000 1001 985
4 865 880 1001 985
4 866 986 1002 881
4 865 985 986 866
4 1001 880 881 1002
4 865 866 881 880
4 985 1001 1002 986
4 866 881 1002 986
4 867 987 1003 882
4 866 986 987 867
4 1002 881 882 1003
4 866 867 882 881
4 986 1002 1003 987
4 870 884 1006 990
4 871 991 1007 885
4 870 990 991 871
4 1006 884 885 1007
4 870 871 885 884
4 990 1006 1007 991
4 871 885 1007 991
4 872 992 1008 886
4 871 991 992 872
4 1007 885 886 1008
4 871 872 886 885
4 991 1007 1008 992
4 873 887 1011 995
4 874 996 1012 888
4 873 995 996 874
4 1011 887 888 1012
4 873 874 888 887
4 995 1011 1012 996
4 875 889 1014 997
4 876 998 1015 890
4 875 997 998 876
4 1014 889 890 1015
4 875 876 890 889
4 997 1014 1015 998
4 876 890 1015 998
4 877 999 1016 891
4 876 998 999 877
4 1015 890 891 1016
4 876 877 891 890
4 998 1015 1016 999
4 879 893 1017 1000
4 880 1001 1018 894
4 879 1000 1001 880
4 1017 893 894 1018
4 879 880 894 893
4 1000 1017 1018 1001
4 880 894 1018 1001
4 881 1002 1019 895
4 880 1001 1002 881
4 1018 894 895 1019
4 880 881 895 894
4 1001 1018 1019 1002
4 881 895 1019 1002
4 882 1003 1020 896
4 881 1002 1003 882
4 1019 895 896 1020
4 881 882 896 895
4 1002 1019 1020 1003
4 883 899 1023 1005
4 884 1006 1024 900
4 883 1005 1006 884
4 1023 899 900 1024
4 883 884 900 899
4 1005 1023 1024 1006
4 884 900 1024 1006
4 885 1007 1025 901
4 884 1006 1007 885
4 1024 900 901 1025
4 884 885 901 900
4 1006 1024 1025 1007
4 885 901 1025 1007
4 886 1008 1026 902
4 885 1007 1008 886
4 1025 901 902 1026
4 885 886 902 901
4 1007 1025 1026 1008
4 887 903 1029 1011
4 888 1012 1030 904
4 887 1011 1012 888
4 1029 903 904 1030
4 887 888 904 903
4 1011 1029 1030 1012
4 889 906 1032 1014
4 890 1015 1033 907
4 889 1014 1015 890
4 1032 906 907 1033
4 889 890 907 906
4 1014 1032 1033 1015
4 894 910 1035 1018
4 895 1019 1036 911
4 894 1018 1019 895
4 1035 910 911 1036
4 894 895 911 910
4 1018 1035 1036 1019
4 895 911 1036 1019
4 896 1020 1037 912
4 895 1019 1020 896
4 1036 911 912 1037
4 895 896 912 911
4 1019 1036 1037 1020
4 896 912 1037 1020
4 897 1021 1038 913
4 896 1020 1021 897
4 1037 912 913 1038
4 896 897 913 912
4 1020 1037 1038 1021
4 899 915 1040 1023
4 900 1024 1041 916
4 899 1023 1024 900
4 1040 915 916 1041
4 899 900 916 915
4 1023 1040 1041 1024
4 900 916 1041 1024
4 901 1025 1042 917
4 900 1024 1025 901
4 1041 916 917 1042
4 900 901 917 916
4 1024 1041 1042 1025
4 901 917 1042 1025
4 902 1026 1043 918
4 901 1025 1026 902
4 1042 917 918 1043
4 901 902 918 917
4 1025 1042 1043 1026
4 903 919 1045 1029
4 904 1030 1046 920
4 903 1029 1030 904
4 1045 919 920 1046
4 903 904 920 919
4 1029 1045 1046 1030
4 904 920 1046 1030
4 905 1031 1047 921
4 904 1030 1031 905
4 1046 920 921 1047
4 904 905 921 920
4 1030 1046 1047 1031
4 905 921 1047 1031
4 906 1032 1048 922
4 905 1031 1032 906
4 1047 921 922 1048
4 905 906 922 921
4 1031 1047 1048 1032
4 906 922 1048 1032
4 907 1033 1049 923
4 906 1032 1033 907
4 1048 922 923 1049
4 906 907 923 922
4 1032 1048 1049 1033
4 911 926 1050 1036
4 912 1037 1051 927
4 911 1036 1037 912
4 1050 926 927 1051
4 911 912 927 926
4 1036 1050 1051 1037
4 912 927 1051 1037
4 913 1038 1052 928
4 912 1037 1038 913
4 1051 927 928 1052
4 912 913 928 927
4 1037 1051 1052 1038
4 913 928 1052 1038
4 914 1039 1053 929
4 913 1038 1039 914
4 1052 928 929 1053
4 913 914 929 928
4 1038 1052 1053 1039
4 914 929 1053 1039
4 915 1040 1054 930
4 914 1039 1040 915
4 1053 929 930 1054
4 914 915 930 929
4 1039 1053 1054 1040
4 915 930 1054 1040
4 916 1041 1055 931
4 915 1040 1041 916
4 1054 930 931 1055
4 915 916 931 930
4 1040 1054 1055 1041
4 916 931 1055 1041
4 917 1042 1056 932
4 916 1041 1042 917
4 1055 931 932 1056
4 916 917 932 931
4 1041 1055 1056 1042
4 933 946 1078 1062
4 934 1063 1079 947
4 933 1062 1063 934
4 1078 946 947 1079
4 933 934 947 946
4 1062 1078 1079 1063
4 934 947 1079 1063
4 935 1064 1080 948
4 934 1063 1064 935
4 1079 947 948 1080
4 934 935 948 947
4 1063 1079 1080 1064
4 935 948 1080 1064
4 936 1065 1081 949
4 935 1064 1065 936
4 1080 948 949 1081
4 935 936 949 948
4 1064 1080 1081 1065
4 936 949 1081 1065
4 937 1066 1082 950
4 936 1065 1066 937
4 1081 949 950 1082
4 936 937 950 949
4 1065 1081 1082 1066
4 939 954 1086 1068
4 940 1069 1087 955
4 939 1068 1069 940
4 1086 954 955 1087
4 939 940 955 954
4 1068 1086 1087 1069
4 940 955 1087 1069
4 941 1070 1088 956
4 940 1069 1070 941
4 1087 955 956 1088
4 940 941 956 955
4 1069 1087 1088 1070
4 941 956 1088 1070
4 942 1071 1089 957
4 941 1070 1071 942
4 1088 956 957 1089
4 941 942 957 956
4 1070 1088 1089 1071
4 942 957 1089 1071
4 943 1072 1090 958
4 942 1071 1072 943
4 1089 957 958 1090
4 942 943 958 957
4 1071 1089 1090 1072
4 943 958 1090 1072
4 944 1073 1091 959
4 943 1072 1073 944
4 1090 958 959 1091
4 943 944 959 958
4 1072 1090 1091 1073
4 944 959 1091 1073
4 945 1074 1092 960
4 944 1073 1074 945
4 1091 959 960 1092
4 944 945 960 959
4 1073 1091 1092 1074
4 946 962 1097 1078
4 947 1079 1098 963
4 946 1078 1079 947
4 1097 962 963 1098
4 946 947 963 962
4 1078 1097 1098 1079
4 947 963 1098 1079
4 948 1080 1099 964
4 947 1079 1080 948
4 1098 963 964 1099
4 947 948 964 963
4 1079 1098 1099 1080
4 949 965 1100 1081
4 950 1082 1101 966
4 949 1081 1082 950
4 1100 965 966 1101
4 949 950 966 965
4 1081 1100 1101 1082
4 950 966 1101 1082
4 951 1083 1102 967
4 950 1082 1083 951
4 1101 966 967 1102
4 950 951 967 966
4 1082 1101 1102 1083
4 953 969 1104 1085
4 954 1086 1105 970
4 953 1085 1086 954
4 1104 969 970 1105
4 953 954 970 969
4 1085 1104 1105 1086
4 954 970 1105 1086
4 955 1087 1106 971
4 954 1086 1087 955
4 1105 970 971 1106
4 954 955 971 970
4 1086 1105 1106 1087
4 958 973 1109 1090
4 959 1091 1110 974
4 958 1090 1091 959
4 1109 973 974 1110
4 958 959 974 973
4 1090 1109 1110 1091
4 959 974 1110 1091
4 960 1092 1111 975
4 959 1091 1092 960
4 1110 974 975 1111
4 959 960 975 974
4 1091 1110 1111 1092
4 960 975 1111 1092
4 961 1093 1112 976
4 960 1092 1093 961
4 1111 975 976 1112
4 960 961 976 975
4 1092 1111 1112 1093
4 962 978 1116 1097
4 963 1098 1117 979
4 962 1097 1098 963
4 1116 978 979 1117
4 962 963 979 978
4 1097 1116 1117 1098
4 963 979 1117 1098
4 964 1099 1118 980
4 963 1098 1099 964
4 1117 979 980 1118
4 963 964 980 979
4 1098 1117 1118 1099
4 965 981 1119 1100
4 966 1101 1120 982
4 965 1100 1101 966
4 1119 981 982 1120
4 965 966 982 981
4 1100 1119 1120 1101
4 966 982 1120 1101
4 967 1102 1121 983
4 966 1101 1102 967
4 1120 982 983 1121
4 966 967 983 982
4 1101 1120 1121 1102
4 969 986 1123 1104
4 970 1105 1124 987
4 969 1104 1105 970
4 1123 986 987 1124
4 969 970 987 986
4 1104 1123 1124 1105
4 970 987 1124 1105
4 971 1106 1125 988
4 970 1105 1106 971
4 1124 987 988 1125
4 970 971 988 987
4 1105 1124 1125 1106
4 973 990 1127 1109
4 974 1110 1128 991
4 973 1109 1110 974
4 1127 990 991 1128
4 973 974 991 990
4 1109 1127 1128 1110
4 974 991 1128 1110
4 975 1111 1129 992
4 974 1110 1111 975
4 1128 991 992 1129
4 974 975 992 991
4 1110 1128 1129 1111
4 975 992 1129 1111
4 976 1112 1130 993
4 975 1111 1112 976
4 1129 992 993 1130
4 975 976 993 992
4 1111 1129 1130 1112
4 976 993 1130 1112
4 977 1113 1131 994
4 976 1112 1113 977
4 1130 993 994 1131
4 976 977 994 993
4 1112 1130 1131 1113
4 978 995 1134 1116
4 979 1117 1135 996
4 978 1116 1117 979
4 1134 995 996 1135
4 978 979 996 995
4 1116 1134 1135 1117
4 982 998 1138 1120
4 983 1121 1139 999
4 982 1120 1121 983
4 1138 998 999 1139
4 982 983 999 998
4 1120 1138 1139 1121
4 986 1002 1141 1123
4 987 1124 1142 1003
4 986 1123 1124 987
4 1141 1002 1003 1142
4 986 987 1003 1002
4 1123 1141 1142 1124
4 987 1003 1142 1124
4 988 1125 1143 1004
4 987 1124 1125 988
4 1142 1003 1004 1143
4 987 988 1004 1003
4 1124 1142 1143 1125
4 991 1007 1145 1128
4 992 1129 1146 1008
4 991 1128 1129 992
4 1145 1007 1008 1146
4 991 992 1008 1007
4 1128 1145 1146 1129
4 992 1008 1146 1129
4 993 1130 1147 1009
4 992 1129 1130 993
4 1146 1008 1009 1147
4 992 993 1009 1008
4 1129 1146 1147 1130
4 993 1009 1147 1130
4 994 1131 1148 1010
4 993 1130 1131 994
4 1147 1009 1010 1148
4 993 994 1010 1009
4 1130 1147 1148 1131
4 995 1011 1151 1134
4 996 1135 1152 1012
4 995 1134 1135 996
4 1151 1011 1012 1152
4 995 996 1012 1011
4 1134 1151 1152 1135
4 997 1014 1154 1137
4 998 1138 1155 1015
4 997 1137 1138 998
4 1154 1014 1015 1155
4 997 998 1015 1014
4 1137 1154 1155 1138
4 998 1015 1155 1138
4 999 1139 1156 1016
4 998 1138 1139 999
4 1155 1015 1016 1156
4 998 999 1016 1015
4 1138 1155 1156 1139
4 1002 1019 1157 1141
4 1003 1142 1158 1020
4 1002 1141 1142 1003
4 1157 1019 1020 1158
4 1002 1003 1020 1019
4 1141 1157 1158 1142
4 1003 1020 1158 1142
4 1004 1143 1159 1021
4 1003 1142 1143 1004
4 1158 1020 1021 1159
4 1003 1004 1021 1020
4 1142 1158 1159 1143
4 1007 1025 1163 1145
4 1008 1146 1164 1026
4 1007 1145 1146 1008
4 1163 1025 1026 1164
4 1007 1008 1026 1025
4 1145 1163 1164 1146
4 1008 1026 1164 1146
4 1009 1147 1165 1027
4 1008 1146 1147 1009
4 1164 1026 1027 1165
4 1008 1009 1027 1026
4 1146 1164 1165 1147
4 1009 1027 1165 1147
4 1010 1148 1166 1028
4 1009 1147 1148 1010
4 1165 1027 1028 1166
4 1009 1010 1028 1027
4 1147 1165 1166 1148
4 1011 1029 1169 1151
4 1012 1152 1170 1030
4 1011 1151 1152 1012
4 1169 1029 1030 1170
4 1011 1012 1030 1029
4 1151 1169 1170 1152
4 1012 1030 1170 1152
4 1013 1153 1171 1031
4 1012 1152 1153 1013
4 1170 1030 1031 1171
4 1012 1013 1031 1030
4 1152 1170 1171 1153
4 1014 1032 1172 1154
4 1015 1155 1173 1033
4 1014 1154 1155 1015
4 1172 1032 1033 1173
4 1014 1015 1033 1032
4 1154 1172 1173 1155
4 1015 1033 1173 1155
4 1016 1156 1174 1034
4 1015 1155 1156 1016
4 1173 1033 1034 1174
4 1015 1016 1034 1033
4 1155 1173 1174 1156
4 1019 1036 1175 1157
4 1020 1158 1176 1037
4 1019 1157 1158 1020
4 1175 1036 1037 1176
4 1019 1020 1037 1036
4 1157 1175 1176 1158
4 1020 1037 1176 1158
4 1021 1159 1177 1038
4 1020 1158 1159 1021
4 1176 1037 1038 1177
4 1020 1021 1038 1037
4 1158 1176 1177 1159
4 1021 1038 1177 1159
4 1022 1160 1178 1039
4 1021 1159 1160 1022
4 1177 1038 1039 1178
4 1021 1022 1039 1038
4 1159 1177 1178 1160
4 1024 1041 1180 1162
4 1025 1163 1181 1042
4 1024 1162 1163 1025
4 1180 1041 1042 1181
4 1024 1025 1042 1041
4 1162 1180 1181 1163
4 1025 1042 1181 1163
4 1026 1164 1182 1043
4 1025 1163 1164 1026
4 1181 1042 1043 1182
4 1025 1026 1043 1042
4 1163 1181 1182 1164
4 1026 1043 1182 1164
4 1027 1165 1183 1044
4 1026 1164 1165 1027
4 1182 1043 1044 1183
4 1026 1027 1044 1043
4 1164 1182 1183 1165
4 1029 1045 1187 1169
4 1030 1170 1188 1046
4 1029 1169 1170 1030
4 1187 1045 1046 1188
4 1029 1030 1046 1045
4 1169 1187 1188 1170
4 1030 1046 1188 1170
4 1031 1171 1189 1047
4 1030 1170 1171 1031
4 1188 1046 1047 1189
4 1030 1031 1047 1046
4 1170 1188 1189 1171
4 1031 1047 1189 1171
4 1032 1172 1190 1048
4 1031 1171 1172 1032
4 1189 1047 1048 1190
4 1031 1032 1048 1047
4 1171 1189 1190 1172
4 1032 1048 1190 1172
4 1033 1173 1191 1049
4 1032 1172 1173 1033
4 1190 1048 1049 1191
4 1032 1033 1049 1048
4 1172 1190 1191 1173
4 1037 1051 1193 1176
4 1038 1177 1194 1052
4 1037 1176 1177 1038
4 1193 1051 1052 1194
4 1037 1038 1052 1051
4 1176 1193 1194 1177
4 1038 1052 1194 1177
4 1039 1178 1195 1053
4 1038 1177 1178 1039
4 1194 1052 1053 1195
4 1038 1039 1053 1052
4 1177 1194 1195 1178
4 1039 1053 1195 1178
4 1040 1179 1196 1054
4 1039 1178 1179 1040
4 1195 1053 1054 1196
4 1039 1040 1054 1053
4 1178 1195 1196 1179
4 1040 1054 1196 1179
4 1041 1180 1197 1055
4 1040 1179 1180 1041
4 1196 1054 1055 1197
4 1040 1041 1055 1054
4 1179 1196 1197 1180
4 1041 1055 1197 1180
4 1042 1181 1198 1056
4 1041 1180 1181 1042
4 1197 1055 1056 1198
4 1041 1042 1056 1055
4 1180 1197 1198 1181
4 1042 1056 1198 1181
4 1043 1182 1199 1057
4 1042 1181 1182 1043
4 1198 1056 1057 1199
4 1042 1043 1057 1056
4 1181 1198 1199 1182
4 1058 1071 1219 1205
4 1059 1206 1220 1072
4 1058 1205 1206 1059
4 1219 1071 1072 1220
4 1058 1059 1072 1071
4 1205 1219 1220 1206
4 1059 1072 1220 1206
4 1060 1207 1221 1073
4 1059 1206 1207 1060
4 1220 1072 1073 1221
4 1059 1060 1073 1072
4 1206 1220 1221 1207
4 1060 1073 1221 1207
4 1061 1208 1222 1074
4 1060 1207 1208 1061
4 1221 1073 1074 1222
4 1060 1061 1074 1073
4 1207 1221 1222 1208
4 1063 1079 1227 1211
4 1064 1212 1228 1080
4 1063 1211 1212 1064
4 1227 1079 1080 1228
4 1063 1064 1080 1079
4 1211 1227 1228 1212
4 1064 1080 1228 1212
4 1065 1213 1229 1081
4 1064 1212 1213 1065
4 1228 1080 1081 1229
4 1064 1065 1081 1080
4 1212 1228 1229 1213
4 1065 1081 1229 1213
4 1066 1214 1230 1082
4 1065 1213 1214 1066
4 1229 1081 1082 1230
4 1065 1066 1082 1081
4 1213 1229 1230 1214
4 1066 1082 1230 1214
4 1067 1215 1231 1083
4 1066 1214 1215 1067
4 1230 1082 1083 1231
4 1066 1067 1083 1082
4 1214 1230 1231 1215
4 1068 1086 1233 1216
4 1069 1217 1234 1087
4 1068 1216 1217 1069
4 1233 1086 1087 1234
4 1068 1069 1087 1086
4 1216 1233 1234 1217
4 1069 1087 1234 1217
4 1070 1218 1235 1088
4 1069 1217 1218 1070
4 1234 1087 1088 1235
4 1069 1070 1088 1087
4 1217 1234 1235 1218
4 1070 1088 1235 1218
4 1071 1219 1236 1089
4 1070 1218 1219 1071
4 1235 1088 1089 1236
4 1070 1071 1089 1088
4 1218 1235 1236 1219
4 1071 1089 1236 1219
4 1072 1220 1237 1090
4 1071 1219 1220 1072
4 1236 1089 1090 1237
4 1071 1072 1090 1089
4 1219 1236 1237 1220
4 1072 1090 1237 1220
4 1073 1221 1238 1091
4 1072 1220 1221 1073
4 1237 1090 1091 1238
4 1072 1073 1091 1090
4 1220 1237 1238 1221
4 1073 1091 1238 1221
4 1074 1222 1239 1092
4 1073 1221 1222 1074
4 1238 1091 1092 1239
4 1073 1074 1092 1091
4 1221 1238 1239 1222
4 1074 1092 1239 1222
4 1075 1223 1240 1093
4 1074 1222 1223 1075
4 1239 1092 1093 1240
4 1074 1075 1093 1092
4 1222 1239 1240 1223
4 1075 1093 1240 1223
4 1076 1224 1241 1094
4 1075 1223 1224 1076
4 1240 1093 1094 1241
4 1075 1076 1094 1093
4 1223 1240 1241 1224
4 1076 1094 1241 1224
4 1077 1225 1242 1095
4 1076 1224 1225 1077
4 1241 1094 1095 1242
4 1076 1077 1095 1094
4 1224 1241 1242 1225
4 1079 1098 1245 1227
4 1080 1228 1246 1099
4 1079 1227 1228 1080
4 1245 1098 1099 1246
4 1079 1080 1099 1098
4 1227 1245 1246 1228
4 1080 1099 1246 1228
4 1081 1229 1247 1100
4 1080 1228 1229 1081
4 1246 1099 1100 1247
4 1080 1081 1100 1099
4 1228 1246 1247 1229
4 1081 1100 1247 1229
4 1082 1230 1248 1101
4 1081 1229 1230 1082
4 1247 1100 1101 1248
4 1081 1082 1101 1100
4 1229 1247 1248 1230
4 1082 1101 1248 1230
4 1083 1231 1249 1102
4 1082 1230 1231 1083
4 1248 1101 1102 1249
4 1082 1083 1102 1101
4 1230 1248 1249 1231
4 1083 1102 1249 1231
4 1084 1232 1250 1103
4 1083 1231 1232 1084
4 1249 1102 1103 1250
4 1083 1084 1103 1102
4 1231 1249 1250 1232
4 1086 1105 1251 1233
4 1087 1234 1252 1106
4 1086 1233 1234 1087
4 1251 1105 1106 1252
4 1086 1087 1106 1105
4 1233 1251 1252 1234
4 1087 1106 1252 1234
4 1088 1235 1253 1107
4 1087 1234 1235 1088
4 1252 1106 1107 1253
4 1087 1088 1107 1106
4 1234 1252 1253 1235
4 1088 1107 1253 1235
4 1089 1236 1254 1108
4 1088 1235 1236 1089
4 1253 1107 1108 1254
4 1088 1089 1108 1107
4 1235 1253 1254 1236
4 1091 1110 1256 1238
4 1092 1239 1257 1111
4 1091 1238 1239 1092
4 1256 1110 1111 1257
4 1091 1092 1111 1110
4 1238 1256 1257 1239
4 1092 1111 1257 1239
4 1093 1240 1258 1112
4 1092 1239 1240 1093
4 1257 1111 1112 1258
4 1092 1093 1112 1111
4 1239 1257 1258 1240
4 1093 1112 1258 1240
4 1094 1241 1259 1113
4 1093 1240 1241 1094
4 1258 1112 1113 1259
4 1093 1094 1113 1112
4 1240 1258 1259 1241
4 1094 1113 1259 1241
4 1095 1242 1260 1114
4 1094 1241 1242 1095
4 1259 1113 1114 1260
4 1094 1095 1114 1113
4 1241 1259 1260 1242
4 1095 1114 1260 1242
4 1096 1243 1261 1115
4 1095 1242 1243 1096
4 1260 1114 1115 1261
4 1095 1096 1115 1114
4 1242 1260 1261 1243
4 1097 1116 1263 1244
4 1098 1245 1264 1117
4 1097 1244 1245 1098
4 1263 1116 1117 1264
4 1097 1098 1117 1116
4 1244 1263 1264 1245
4 1098 1117 1264 1245
4 1099 1246 1265 1118
4 1098 1245 1246 1099
4 1264 1117 1118 1265
4 1098 1099 1118 1117
4 1245 1264 1265 1246
4 1101 1120 1267 1248
4 1102 1249 1268 1121
4 1101 1248 1249 1102
4 1267 1120 1121 1268
4 1101 1102 1121 1120
4 1248 1267 1268 1249
4 1102 1121 1268 1249
4 1103 1250 1269 1122
4 1102 1249 1250 1103
4 1268 1121 1122 1269
4 1102 1103 1122 1121
4 1249 1268 1269 1250
4 1105 1124 1270 1251
4 1106 1252 1271 1125
4 1105 1251 1252 1106
4 1270 1124 1125 1271
4 1105 1106 1125 1124
4 1251 1270 1271 1252
4 1106 1125 1271 1252
4 1107 1253 1272 1126
4 1106 1252 1253 1107
4 1271 1125 1126 1272
4 1106 1107 1126 1125
4 1252 1271 1272 1253
4 1111 1129 1274 1257
4 1112 1258 1275 1130
4 1111 1257 1258 1112
4 1274 1129 1130 1275
4 1111 1112 1130 1129
4 1257 1274 1275 1258
4 1112 1130 1275 1258
4 1113 1259 1276 1131
4 1112 1258 1259 1113
4 1275 1130 1131 1276
4 1112 1113 1131 1130
4 1258 1275 1276 1259
4 1113 1131 1276 1259
4 1114 1260 1277 1132
4 1113 1259 1260 1114
4 1276 1131 1132 1277
4 1113 1114 1132 1131
4 1259 1276 1277 1260
4 1114 1132 1277 1260
4 1115 1261 1278 1133
4 1114 1260 1261 1115
4 1277 1132 1133 1278
4 1114 1115 1133 1132
4 1260 1277 1278 1261
4 1116 1134 1280 1263
4 1117 1264 1281 1135
4 1116 1263 1264 1117
4 1280 1134 1135 1281
4 1116 1117 1135 1134
4 1263 1280 1281 1264
4 1117 1135 1281 1264
4 1118 1265 1282 1136
4 1117 1264 1265 1118
4 1281 1135 1136 1282
4 1117 1118 1136 1135
4 1264 1281 1282 1265
4 1120 1138 1283 1267
4 1121 1268 1284 1139
4 1120 1267 1268 1121
4 1283 1138 1139 1284
4 1120 1121 1139 1138
4 1267 1283 1284 1268
4 1121 1139 1284 1268
4 1122 1269 1285 1140
4 1121 1268 1269 1122
4 1284 1139 1140 1285
4 1121 1122 1140 1139
4 1268 1284 1285 1269
4 1124 1142 1286 1270
4 1125 1271 1287 1143
4 1124 1270 1271 1125
4 1286 1142 1143 1287
4 1124 1125 1143 1142
4 1270 1286 1287 1271
4 1130 1147 1291 1275
4 1131 1276 1292 1148
4 1130 1275 1276 1131
4 1291 1147 1148 1292
4 1130 1131 1148 1147
4 1275 1291 1292 1276
4 1131 1148 1292 1276
4 1132 1277 1293 1149
4 1131 1276 1277 1132
4 1292 1148 1149 1293
4 1131 1132 1149 1148
4 1276 1292 1293 1277
4 1132 1149 1293 1277
4 1133 1278 1294 1150
4 1132 1277 1278 1133
4 1293 1149 1150 1294
4 1132 1133 1150 1149
4 1277 1293 1294 1278
4 1134 1151 1296 1280
4 1135 1281 1297 1152
4 1134 1280 1281 1135
4 1296 1151 1152 1297
4 1134 1135 1152 1151
4 1280 1296 1297 1281
4 1135 1152 1297 1281
4 1136 1282 1298 1153
4 1135 1281 1282 1136
4 1297 1152 1153 1298
4 1135 1136 1153 1152
4 1281 1297 1298 1282
4 1138 1155 1300 1283
4 1139 1284 1301 1156
4 1138 1283 1284 1139
4 1300 1155 1156 1301
4 1138 1139 1156 1155
4 1283 1300 1301 1284
4 1142 1158 1303 1286
4 1143 1287 1304 1159
4 1142 1286 1287 1143
4 1303 1158 1159 1304
4 1142 1143 1159 1158
4 1286 1303 1304 1287
4 1143 1159 1304 1287
4 1144 1288 1305 1160
4 1143 1287 1288 1144
4 1304 1159 1160 1305
4 1143 1144 1160 1159
4 1287 1304 1305 1288
4 1146 1164 1309 1290
4 1147 1291 1310 1165
4 1146 1290 1291 1147
4 1309 1164 1165 1310
4 1146 1147 1165 1164
4 1290 1309 1310 1291
4 1147 1165 1310 1291
4 1148 1292 1311 1166
4 1147 1291 1292 1148
4 1310 1165 1166 1311
4 1147 1148 1166 1165
4 1291 1310 1311 1292
4 1148 1166 1311 1292
4 1149 1293 1312 1167
4 1148 1292 1293 1149
4 1311 1166 1167 1312
4 1148 1149 1167 1166
4 1292 1311 1312 1293
4 1149 1167 1312 1293
4 1150 1294 1313 1168
4 1149 1293 1294 1150
4 1312 1167 1168 1313
4 1149 1150 1168 1167
4 1293 1312 1313 1294
4 1151 1169 1315 1296
4 1152 1297 1316 1170
4 1151 1296 1297 1152
4 1315 1169 1170 1316
4 1151 1152 1170 1169
4 1296 1315 1316 1297
4 1152 1170 1316 1297
4 1153 1298 1317 1171
4 1152 1297 1298 1153
4 1316 1170 1171 1317
4 1152 1153 1171 1170
4 1297 1316 1317 1298
4 1153 1171 1317 1298
4 1154 1299 1318 1172
4 1153 1298 1299 1154
4 1317 1171 1172 1318
4 1153 1154 1172 1171
4 1298 1317 1318 1299
4 1154 1172 1318 1299
4 1155 1300 1319 1173
4 1154 1299 1300 1155
4 1318 1172 1173 1319
4 1154 1155 1173 1172
4 1299 1318 1319 1300
4 1155 1173 1319 1300
4 1156 1301 1320 1174
4 1155 1300 1301 1156
4 1319 1173 1174 1320
4 1155 1156 1174 1173
4 1300 1319 1320 1301
4 1158 1176 1322 1303
4 1159 1304 1323 1177
4 1158 1303 1304 1159
4 1322 1176 1177 1323
4 1158 1159 1177 1176
4 1303 1322 1323 1304
4 1159 1177 1323 1304
4 1160 1305 1324 1178
4 1159 1304 1305 1160
4 1323 1177 1178 1324
4 1159 1160 1178 1177
4 1304 1323 1324 1305
4 1160 1178 1324 1305
4 1161 1306 1325 1179
4 1160 1305 1306 1161
4 1324 1178 1179 1325
4 1160 1161 1179 1178
4 1305 1324 1325 1306
4 1163 1181 1327 1308
4 1164 1309 1328 1182
4 1163 1308 1309 1164
4 1327 1181 1182 1328
4 1163 1164 1182 1181
4 1308 1327 1328 1309
4 1164 1182 1328 1309
4 1165 1310 1329 1183
4 1164 1309 1310 1165
4 1328 1182 1183 1329
4 1164 1165 1183 1182
4 1309 1328 1329 1310
4 1165 1183 1329 1310
4 1166 1311 1330 1184
4 1165 1310 1311 1166
4 1329 1183 1184 1330
4 1165 1166 1184 1183
4 1310 1329 1330 1311
4 1166 1184 1330 1311
4 1167 1312 1331 1185
4 1166 1311 1312 1167
4 1330 1184 1185 1331
4 1166 1167 1185 1184
4 1311 1330 1331 1312
4 1167 1185 1331 1312
4 1168 1313 1332 1186
4 1167 1312 1313 1168
4 1331 1185 1186 1332
4 1167 1168 1186 1185
4 1312 1331 1332 1313
4 1170 1188 1334 1316
4 1171 1317 1335 1189
4 1170 1316 1317 1171
4 1334 1188 1189 1335
4 1170 1171 1189 1188
4 1316 1334 1335 1317
4 1171 1189 1335 1317
4 1172 1318 1336 1190
4 1171 1317 1318 1172
4 1335 1189 1190 1336
4 1171 1172 1190 1189
4 1317 1335 1336 1318
4 1172 1190 1336 1318
4 1173 1319 1337 1191
4 1172 1318 1319 1173
4 1336 1190 1191 1337
4 1172 1173 1191 1190
4 1318 1336 1337 1319
4 1173 1191 1337 1319
4 1174 1320 1338 1192
4 1173 1319 1320 1174
4 1337 1191 1192 1338
4 1173 1174 1192 1191
4 1319 1337 1338 1320
4 1177 1194 1339 1323
4 1178 1324 1340 1195
4 1177 1323 1324 1178
4 1339 1194 1195 1340
4 1177 1178 1195 1194
4 1323 1339 1340 1324
4 1178 1195 1340 1324
4 1179 1325 1341 1196
4 1178 1324 1325 1179
4 1340 1195 1196 1341
4 1178 1179 1196 1195
4 1324 1340 1341 1325
4 1179 1196 1341 1325
4 1180 1326 1342 1197
4 1179 1325 1326 1180
4 1341 1196 1197 1342
4 1179 1180 1197 1196
4 1325 1341 1342 1326
4 1180 1197 1342 1326
4 1181 1327 1343 1198
4 1180 1326 1327 1181
4 1342 1197 1198 1343
4 1180 1181 1198 1197
4 1326 1342 1343 1327
4 1181 1198 1343 1327
4 1182 1328 1344 1199
4 1181 1327 1328 1182
4 1343 1198 1199 1344
4 1181 1182 1199 1198
4 1327 1343 1344 1328
4 1182 1199 1344 1328
4 1183 1329 1345 1200
4 1182 1328 1329 1183
4 1344 1199 1200 1345
4 1182 1183 1200 1199
4 1328 1344 1345 1329
4 1183 1200 1345 1329
4 1184 1330 1346 1201
4 1183 1329 1330 1184
4 1345 1200 1201 1346
4 1183 1184 1201 1200
4 1329 1345 1346 1330
4 1197 1202 1349 1342
4 1198 1343 1350 1203
4 1197 1342 1343 1198
4 1349 1202 1203 1350
4 1197 1198 1203 1202
4 1342 1349 1350 1343
4 1198 1203 1350 1343
4 1199 1344 1351 1204
4 1198 1343 1344 1199
4 1350 1203 1204 1351
4 1198 1199 1204 1203
4 1343 1350 1351 1344
4 1206 1220 1366 1353
4 1207 1354 1367 1221
4 1206 1353 1354 1207
4 1366 1220 1221 1367
4 1206 1207 1221 1220
4 1353 1366 1367 1354
4 1207 1221 1367 1354
4 1208 1355 1368 1222
4 1207 1354 1355 1208
4 1367 1221 1222 1368
4 1207 1208 1222 1221
4 1354 1367 1368 1355
4 1208 1222 1368 1355
4 1209 1356 1369 1223
4 1208 1355 1356 1209
4 1368 1222 1223 1369
4 1208 1209 1223 1222
4 1355 1368 1369 1356
4 1209 1223 1369 1356
4 1210 1357 1370 1224
4 1209 1356 1357 1210
4 1369 1223 1224 1370
4 1209 1210 1224 1223
4 1356 1369 1370 1357
4 1212 1228 1375 1359
4 1213 1360 1376 1229
4 1212 1359 1360 1213
4 1375 1228 1229 1376
4 1212 1213 1229 1228
4 1359 1375 1376 1360
4 1213 1229 1376 1360
4 1214 1361 1377 1230
4 1213 1360 1361 1214
4 1376 1229 1230 1377
4 1213 1214 1230 1229
4 1360 1376 1377 1361
4 1214 1230 1377 1361
4 1215 1362 1378 1231
4 1214 1361 1362 1215
4 1377 1230 1231 1378
4 1214 1215 1231 1230
4 1361 1377 1378 1362
4 1218 1235 1382 1364
4 1219 1365 1383 1236
4 1218 1364 1365 1219
4 1382 1235 1236 1383
4 1218 1219 1236 1235
4 1364 1382 1383 1365
4 1219 1236 1383 1365
4 1220 1366 1384 1237
4 1219 1365 1366 1220
4 1383 1236 1237 1384
4 1219 1220 1237 1236
4 1365 1383 1384 1366
4 1220 1237 1384 1366
4 1221 1367 1385 1238
4 1220 1366 1367 1221
4 1384 1237 1238 1385
4 1220 1221 1238 1237
4 1366 1384 1385 1367
4 1221 1238 1385 1367
4 1222 1368 1386 1239
4 1221 1367 1368 1222
4 1385 1238 1239 1386
4 1221 1222 1239 1238
4 1367 1385 1386 1368
4 1222 1239 1386 1368
4 1223 1369 1387 1240
4 1222 1368 1369 1223
4 1386 1239 1240 1387
4 1222 1223 1240 1239
4 1368 1386 1387 1369
4 1223 1240 1387 1369
4 1224 1370 1388 1241
4 1223 1369 1370 1224
4 1387 1240 1241 1388
4 1223 1224 1241 1240
4 1369 1387 1388 1370
4 1224 1241 1388 1370
4 1225 1371 1389 1242
4 1224 1370 1371 1225
4 1388 1241 1242 1389
4 1224 1225 1242 1241
4 1370 1388 1389 1371
4 1225 1242 1389 1371
4 1226 1372 1390 1243
4 1225 1371 1372 1226
4 1389 1242 1243 1390
4 1225 1226 1243 1242
4 1371 1389 1390 1372
4 1227 1245 1393 1374
4 1228 1375 1394 1246
4 1227 1374 1375 1228
4 1393 1245 1246 1394
4 1227 1228 1246 1245
4 1374 1393 1394 1375
4 1228 1246 1394 1375
4 1229 1376 1395 1247
4 1228 1375 1376 1229
4 1394 1246 1247 1395
4 1228 1229 1247 1246
4 1375 1394 1395 1376
4 1230 1248 1396 1377
4 1231 1378 1397 1249
4 1230 1377 1378 1231
4 1396 1248 1249 1397
4 1230 1231 1249 1248
4 1377 1396 1397 1378
4 1231 1249 1397 1378
4 1232 1379 1398 1250
4 1231 1378 1379 1232
4 1397 1249 1250 1398
4 1231 1232 1250 1249
4 1378 1397 1398 1379
4 1234 1252 1401 1381
4 1235 1382 1402 1253
4 1234 1381 1382 1235
4 1401 1252 1253 1402
4 1234 1235 1253 1252
4 1381 1401 1402 1382
4 1235 1253 1402 1382
4 1236 1383 1403 1254
4 1235 1382 1383 1236
4 1402 1253 1254 1403
4 1235 1236 1254 1253
4 1382 1402 1403 1383
4 1236 1254 1403 1383
4 1237 1384 1404 1255
4 1236 1383 1384 1237
4 1403 1254 1255 1404
4 1236 1237 1255 1254
4 1383 1403 1404 1384
4 1241 1259 1406 1388
4 1242 1389 1407 1260
4 1241 1388 1389 1242
4 1406 1259 1260 1407
4 1241 1242 1260 1259
4 1388 1406 1407 1389
4 1242 1260 1407 1389
4 1243 1390 1408 1261
4 1242 1389 1390 1243
4 1407 1260 1261 1408
4 1242 1243 1261 1260
4 1389 1407 1408 1390
4 1245 1264 1411 1393
4 1246 1394 1412 1265
4 1245 1393 1394 1246
4 1411 1264 1265 1412
4 1245 1246 1265 1264
4 1393 1411 1412 1394
4 1246 1265 1412 1394
4 1247 1395 1413 1266
4 1246 1394 1395 1247
4 1412 1265 1266 1413
4 1246 1247 1266 1265
4 1394 1412 1413 1395
4 1249 1268 1414 1397
4 1250 1398 1415 1269
4 1249 1397 1398 1250
4 1414 1268 1269 1415
4 1249 1250 1269 1268
4 1397 1414 1415 1398
4 1251 1270 1417 1400
4 1252 1401 1418 1271
4 1251 1400 1401 1252
4 1417 1270 1271 1418
4 1251 1252 1271 1270
4 1400 1417 1418 1401
4 1252 1271 1418 1401
4 1253 1402 1419 1272
4 1252 1401 1402 1253
4 1418 1271 1272 1419
4 1252 1253 1272 1271
4 1401 1418 1419 1402
4 1253 1272 1419 1402
4 1254 1403 1420 1273
4 1253 1402 1403 1254
4 1419 1272 1273 1420
4 1253 1254 1273 1272
4 1402 1419 1420 1403
4 1259 1276 1422 1406
4 1260 1407 1423 1277
4 1259 1406 1407 1260
4 1422 1276 1277 1423
4 1259 1260 1277 1276
4 1406 1422 1423 1407
4 1260 1277 1423 1407
4 1261 1408 1424 1278
4 1260 1407 1408 1261
4 1423 1277 1278 1424
4 1260 1261 1278 1277
4 1407 1423 1424 1408
4 1261 1278 1424 1408
4 1262 1409 1425 1279
4 1261 1408 1409 1262
4 1424 1278 1279 1425
4 1261 1262 1279 1278
4 1408 1424 1425 1409
4 1264 1281 1427 1411
4 1265 1412 1428 1282
4 1264 1411 1412 1265
4 1427 1281 1282 1428
4 1264 1265 1282 1281
4 1411 1427 1428 1412
4 1268 1284 1431 1414
4 1269 1415 1432 1285
4 1268 1414 1415 1269
4 1431 1284 1285 1432
4 1268 1269 1285 1284
4 1414 1431 1432 1415
4 1270 1286 1434 1417
4 1271 1418 1435 1287
4 1270 1417 1418 1271
4 1434 1286 1287 1435
4 1270 1271 1287 1286
4 1417 1434 1435 1418
4 1271 1287 1435 1418
4 1272 1419 1436 1288
4 1271 1418 1419 1272
4 1435 1287 1288 1436
4 1271 1272 1288 1287
4 1418 1435 1436 1419
4 1272 1288 1436 1419
4 1273 1420 1437 1289
4 1272 1419 1420 1273
4 1436 1288 1289 1437
4 1272 1273 1289 1288
4 1419 1436 1437 1420
4 1277 1293 1439 1423
4 1278 1424 1440 1294
4 1277 1423 1424 1278
4 1439 1293 1294 1440
4 1277 1278 1294 1293
4 1423 1439 1440 1424
4 1278 1294 1440 1424
4 1279 1425 1441 1295
4 1278 1424 1425 1279
4 1440 1294 1295 1441
4 1278 1279 1295 1294
4 1424 1440 1441 1425
4 1281 1297 1443 1427
4 1282 1428 1444 1298
4 1281 1427 1428 1282
4 1443 1297 1298 1444
4 1281 1282 1298 1297
4 1427 1443 1444 1428
4 1283 1300 1446 1430
4 1284 1431 1447 1301
4 1283 1430 1431 1284
4 1446 1300 1301 1447
4 1283 1284 1301 1300
4 1430 1446 1447 1431
4 1284 1301 1447 1431
4 1285 1432 1448 1302
4 1284 1431 1432 1285
4 1447 1301 1302 1448
4 1284 1285 1302 1301
4 1431 1447 1448 1432
4 1286 1303 1450 1434
4 1287 1435 1451 1304
4 1286 1434 1435 1287
4 1450 1303 1304 1451
4 1286 1287 1304 1303
4 1434 1450 1451 1435
4 1287 1304 1451 1435
4 1288 1436 1452 1305
4 1287 1435 1436 1288
4 1451 1304 1305 1452
4 1287 1288 1305 1304
4 1435 1451 1452 1436
4 1288 1305 1452 1436
4 1289 1437 1453 1306
4 1288 1436 1437 1289
4 1452 1305 1306 1453
4 1288 1289 1306 1305
4 1436 1452 1453 1437
4 1293 1312 1458 1439
4 1294 1440 1459 1313
4 1293 1439 1440 1294
4 1458 1312 1313 1459
4 1293 1294 1313 1312
4 1439 1458 1459 1440
4 1294 1313 1459 1440
4 1295 1441 1460 1314
4 1294 1440 1441 1295
4 1459 1313 1314 1460
4 1294 1295 1314 1313
4 1440 1459 1460 1441
4 1297 1316 1462 1443
4 1298 1444 1463 1317
4 1297 1443 1444 1298
4 1462 1316 1317 1463
4 1297 1298 1317 1316
4 1443 1462 1463 1444
4 1298 1317 1463 1444
4 1299 1445 1464 1318
4 1298 1444 1445 1299
4 1463 1317 1318 1464
4 1298 1299 1318 1317
4 1444 1463 1464 1445
4 1300 1319 1465 1446
4 1301 1447 1466 1320
4 1300 1446 1447 1301
4 1465 1319 1320 1466
4 1300 1301 1320 1319
4 1446 1465 1466 1447
4 1301 1320 1466 1447
4 1302 1448 1467 1321
4 1301 1447 1448 1302
4 1466 1320 1321 1467
4 1301 1302 1321 1320
4 1447 1466 1467 1448
4 1304 1323 1469 1451
4 1305 1452 1470 1324
4 1304 1451 1452 1305
4 1469 1323 1324 1470
4 1304 1305 1324 1323
4 1451 1469 1470 1452
4 1305 1324 1470 1452
4 1306 1453 1471 1325
4 1305 1452 1453 1306
4 1470 1324 1325 1471
4 1305 1306 1325 1324
4 1452 1470 1471 1453
4 1306 1325 1471 1453
4 1307 1454 1472 1326
4 1306 1453 1454 1307
4 1471 1325 1326 1472
4 1306 1307 1326 1325
4 1453 1471 1472 1454
4 1310 1329 1475 1456
4 1311 1457 1476 1330
4 1310 1456 1457 1311
4 1475 1329 1330 1476
4 1310 1311 1330 1329
4 1456 1475 1476 1457
4 1311 1330 1476 1457
4 1312 1458 1477 1331
4 1311 1457 1458 1312
4 1476 1330 1331 1477
4 1311 1312 1331 1330
4 1457 1476 1477 1458
4 1312 1331 1477 1458
4 1313 1459 1478 1332
4 1312 1458 1459 1313
4 1477 1331 1332 1478
4 1312 1313 1332 1331
4 1458 1477 1478 1459
4 1313 1332 1478 1459
4 1314 1460 1479 1333
4 1313 1459 1460 1314
4 1478 1332 1333 1479
4 1313 1314 1333 1332
4 1459 1478 1479 1460
4 1317 1335 1480 1463
4 1318 1464 1481 1336
4 1317 1463 1464 1318
4 1480 1335 1336 1481
4 1317 1318 1336 1335
4 1463 1480 1481 1464
4 1318 1336 1481 1464
4 1319 1465 1482 1337
4 1318 1464 1465 1319
4 1481 1336 1337 1482
4 1318 1319 1337 1336
4 1464 1481 1482 1465
4 1319 1337 1482 1465
4 1320 1466 1483 1338
4 1319 1465 1466 1320
4 1482 1337 1338 1483
4 1319 1320 1338 1337
4 1465 1482 1483 1466
4 1324 1340 1485 1470
4 1325 1471 1486 1341
4 1324 1470 1471 1325
4 1485 1340 1341 1486
4 1324 1325 1341 1340
4 1470 1485 1486 1471
4 1325 1341 1486 1471
4 1326 1472 1487 1342
4 1325 1471 1472 1326
4 1486 1341 1342 1487
4 1325 1326 1342 1341
4 1471 1486 1487 1472
4 1326 1342 1487 1472
4 1327 1473 1488 1343
4 1326 1472 1473 1327
4 1487 1342 1343 1488
4 1326 1327 1343 1342
4 1472 1487 1488 1473
4 1327 1343 1488 1473
4 1328 1474 1489 1344
4 1327 1473 1474 1328
4 1488 1343 1344 1489
4 1327 1328 1344 1343
4 1473 1488 1489 1474
4 1328 1344 1489 1474
4 1329 1475 1490 1345
4 1328 1474 1475 1329
4 1489 1344 1345 1490
4 1328 1329 1345 1344
4 1474 1489 1490 1475
4 1329 1345 1490 1475
4 1330 1476 1491 1346
4 1329 1475 1476 1330
4 1490 1345 1346 1491
4 1329 1330 1346 1345
4 1475 1490 1491 1476
4 1330 1346 1491 1476
4 1331 1477 1492 1347
4 1330 1476 1477 1331
4 1491 1346 1347 1492
4 1330 1331 1347 1346
4 1476 1491 1492 1477
4 1331 1347 1492 1477
4 1332 1478 1493 1348
4 1331 1477 1478 1332
4 1492 1347 1348 1493
4 1331 1332 1348 1347
4 1477 1492 1493 1478
4 1342 1349 1495 1487
4 1343 1488 1496 1350
4 1342 1487 1488 1343
4 1495 1349 1350 1496
4 1342 1343 1350 1349
4 1487 1495 1496 1488
4 1343 1350 1496 1488
4 1344 1489 1497 1351
4 1343 1488 1489 1344
4 1496 1350 1351 1497
4 1343 1344 1351 1350
4 1488 1496 1497 1489
4 1344 1351 1497 1489
4 1345 1490 1498 1352
4 1344 1489 1490 1345
4 1497 1351 1352 1498
4 1344 1345 1352 1351
4 1489 1497 1498 1490
4 1354 1367 1514 1501
4 1355 1502 1515 1368
4 1354 1501 1502 1355
4 1514 1367 1368 1515
4 1354 1355 1368 1367
4 1501 1514 1515 1502
4 1355 1368 1515 1502
4 1356 1503 1516 1369
4 1355 1502 1503 1356
4 1515 1368 1369 1516
4 1355 1356 1369 1368
4 1502 1515 1516 1503
4 1356 1369 1516 1503
4 1357 1504 1517 1370
4 1356 1503 1504 1357
4 1516 1369 1370 1517
4 1356 1357 1370 1369
4 1503 1516 1517 1504
4 1357 1370 1517 1504
4 1358 1505 1518 1371
4 1357 1504 1505 1358
4 1517 1370 1371 1518
4 1357 1358 1371 1370
4 1504 1517 1518 1505
4 1359 1375 1521 1506
4 1360 1507 1522 1376
4 1359 1506 1507 1360
4 1521 1375 1376 1522
4 1359 1360 1376 1375
4 1506 1521 1522 1507
4 1360 1376 1522 1507
4 1361 1508 1523 1377
4 1360 1507 1508 1361
4 1522 1376 1377 1523
4 1360 1361 1377 1376
4 1507 1522 1523 1508
4 1361 1377 1523 1508
4 1362 1509 1524 1378
4 1361 1508 1509 1362
4 1523 1377 1378 1524
4 1361 1362 1378 1377
4 1508 1523 1524 1509
4 1362 1378 1524 1509
4 1363 1510 1525 1379
4 1362 1509 1510 1363
4 1524 1378 1379 1525
4 1362 1363 1379 1378
4 1509 1524 1525 1510
4 1365 1383 1529 1512
4 1366 1513 1530 1384
4 1365 1512 1513 1366
4 1529 1383 1384 1530
4 1365 1366 1384 1383
4 1512 1529 1530 1513
4 1366 1384 1530 1513
4 1367 1514 1531 1385
4 1366 1513 1514 1367
4 1530 1384 1385 1531
4 1366 1367 1385 1384
4 1513 1530 1531 1514
4 1367 1385 1531 1514
4 1368 1515 1532 1386
4 1367 1514 1515 1368
4 1531 1385 1386 1532
4 1367 1368 1386 1385
4 1514 1531 1532 1515
4 1368 1386 1532 1515
4 1369 1516 1533 1387
4 1368 1515 1516 1369
4 1532 1386 1387 1533
4 1368 1369 1387 1386
4 1515 1532 1533 1516
4 1369 1387 1533 1516
4 1370 1517 1534 1388
4 1369 1516 1517 1370
4 1533 1387 1388 1534
4 1369 1370 1388 1387
4 1516 1533 1534 1517
4 1370 1388 1534 1517
4 1371 1518 1535 1389
4 1370 1517 1518 1371
4 1534 1388 1389 1535
4 1370 1371 1389 1388
4 1517 1534 1535 1518
4 1371 1389 1535 1518
4 1372 1519 1536 1390
4 1371 1518 1519 1372
4 1535 1389 1390 1536
4 1371 1372 1390 1389
4 1518 1535 1536 1519
4 1372 1390 1536 1519
4 1373 1520 1537 1391
4 1372 1519 1520 1373
4 1536 1390 1391 1537
4 1372 1373 1391 1390
4 1519 1536 1537 1520
4 1375 1394 1540 1521
4 1376 1522 1541 1395
4 1375 1521 1522 1376
4 1540 1394 1395 1541
4 1375 1376 1395 1394
4 1521 1540 1541 1522
4 1376 1395 1541 1522
4 1377 1523 1542 1396
4 1376 1522 1523 1377
4 1541 1395 1396 1542
4 1376 1377 1396 1395
4 1522 1541 1542 1523
4 1377 1396 1542 1523
4 1378 1524 1543 1397
4 1377 1523 1524 1378
4 1542 1396 1397 1543
4 1377 1378 1397 1396
4 1523 1542 1543 1524
4 1378 1397 1543 1524
4 1379 1525 1544 1398
4 1378 1524 1525 1379
4 1543 1397 1398 1544
4 1378 1379 1398 1397
4 1524 1543 1544 1525
4 1379 1398 1544 1525
4 1380 1526 1545 1399
4 1379 1525 1526 1380
4 1544 1398 1399 1545
4 1379 1380 1399 1398
4 1525 1544 1545 1526
4 1382 1402 1547 1528
4 1383 1529 1548 1403
4 1382 1528 1529 1383
4 1547 1402 1403 1548
4 1382 1383 1403 1402
4 1528 1547 1548 1529
4 1383 1403 1548 1529
4 1384 1530 1549 1404
4 1383 1529 1530 1384
4 1548 1403 1404 1549
4 1383 1384 1404 1403
4 1529 1548 1549 1530
4 1384 1404 1549 1530
4 1385 1531 1550 1405
4 1384 1530 1531 1385
4 1549 1404 1405 1550
4 1384 1385 1405 1404
4 1530 1549 1550 1531
4 1389 1407 1553 1535
4 1390 1536 1554 1408
4 1389 1535 1536 1390
4 1553 1407 1408 1554
4 1389 1390 1408 1407
4 1535 1553 1554 1536
4 1390 1408 1554 1536
4 1391 1537 1555 1409
4 1390 1536 1537 1391
4 1554 1408 1409 1555
4 1390 1391 1409 1408
4 1536 1554 1555 1537
4 1391 1409 1555 1537
4 1392 1538 1556 1410
4 1391 1537 1538 1392
4 1555 1409 1410 1556
4 1391 1392 1410 1409
4 1537 1555 1556 1538
4 1393 1411 1557 1539
4 1394 1540 1558 1412
4 1393 1539 1540 1394
4 1557 1411 1412 1558
4 1393 1394 1412 1411
4 1539 1557 1558 1540
4 1394 1412 1558 1540
4 1395 1541 1559 1413
4 1394 1540 1541 1395
4 1558 1412 1413 1559
4 1394 1395 1413 1412
4 1540 1558 1559 1541
4 1397 1414 1561 1543
4 1398 1544 1562 1415
4 1397 1543 1544 1398
4 1561 1414 1415 1562
4 1397 1398 1415 1414
4 1543 1561 1562 1544
4 1398 1415 1562 1544
4 1399 1545 1563 1416
4 1398 1544 1545 1399
4 1562 1415 1416 1563
4 1398 1399 1416 1415
4 1544 1562 1563 1545
4 1402 1419 1565 1547
4 1403 1548 1566 1420
4 1402 1547 1548 1403
4 1565 1419 1420 1566
4 1402 1403 1420 1419
4 1547 1565 1566 1548
4 1403 1420 1566 1548
4 1404 1549 1567 1421
4 1403 1548 1549 1404
4 1566 1420 1421 1567
4 1403 1404 1421 1420
4 1548 1566 1567 1549
4 1407 1423 1570 1553
4 1408 1554 1571 1424
4 1407 1553 1554 1408
4 1570 1423 1424 1571
4 1407 1408 1424 1423
4 1553 1570 1571 1554
4 1408 1424 1571 1554
4 1409 1555 1572 1425
4 1408 1554 1555 1409
4 1571 1424 1425 1572
4 1408 1409 1425 1424
4 1554 1571 1572 1555
4 1409 1425 1572 1555
4 1410 1556 1573 1426
4 1409 1555 1556 1410
4 1572 1425 1426 1573
4 1409 1410 1426 1425
4 1555 1572 1573 1556
4 1411 1427 1574 1557
4 1412 1558 1575 1428
4 1411 1557 1558 1412
4 1574 1427 1428 1575
4 1411 1412 1428 1427
4 1557 1574 1575 1558
4 1412 1428 1575 1558
4 1413 1559 1576 1429
4 1412 1558 1559 1413
4 1575 1428 1429 1576
4 1412 1413 1429 1428
4 1558 1575 1576 1559
4 1414 1431 1578 1561
4 1415 1562 1579 1432
4 1414 1561 1562 1415
4 1578 1431 1432 1579
4 1414 1415 1432 1431
4 1561 1578 1579 1562
4 1415 1432 1579 1562
4 1416 1563 1580 1433
4 1415 1562 1563 1416
4 1579 1432 1433 1580
4 1415 1416 1433 1432
4 1562 1579 1580 1563
4 1419 1436 1582 1565
4 1420 1566 1583 1437
4 1419 1565 1566 1420
4 1582 1436 1437 1583
4 1419 1420 1437 1436
4 1565 1582 1583 1566
4 1424 1440 1587 1571
4 1425 1572 1588 1441
4 1424 1571 1572 1425
4 1587 1440 1441 1588
4 1424 1425 1441 1440
4 1571 1587 1588 1572
4 1425 1441 1588 1572
4 1426 1573 1589 1442
4 1425 1572 1573 1426
4 1588 1441 1442 1589
4 1425 1426 1442 1441
4 1572 1588 1589 1573
4 1427 1443 1590 1574
4 1428 1575 1591 1444
4 1427 1574 1575 1428
4 1590 1443 1444 1591
4 1427 1428 1444 1443
4 1574 1590 1591 1575
4 1428 1444 1591 1575
4 1429 1576 1592 1445
4 1428 1575 1576 1429
4 1591 1444 1445 1592
4 1428 1429 1445 1444
4 1575 1591 1592 1576
4 1431 1447 1594 1578
4 1432 1579 1595 1448
4 1431 1578 1579 1432
4 1594 1447 1448 1595
4 1431 1432 1448 1447
4 1578 1594 1595 1579
4 1432 1448 1595 1579
4 1433 1580 1596 1449
4 1432 1579 1580 1433
4 1595 1448 1449 1596
4 1432 1433 1449 1448
4 1579 1595 1596 1580
4 1436 1452 1598 1582
4 1437 1583 1599 1453
4 1436 1582 1583 1437
4 1598 1452 1453 1599
4 1436 1437 1453 1452
4 1582 1598 1599 1583
4 1437 1453 1599 1583
4 1438 1584 1600 1454
4 1437 1583 1584 1438
4 1599 1453 1454 1600
4 1437 1438 1454 1453
4 1583 1599 1600 1584
4 1440 1459 1605 1587
4 1441 1588 1606 1460
4 1440 1587 1588 1441
4 1605 1459 1460 1606
4 1440 1441 1460 1459
4 1587 1605 1606 1588
4 1441 1460 1606 1588
4 1442 1589 1607 1461
4 1441 1588 1589 1442
4 1606 1460 1461 1607
4 1441 1442 1461 1460
4 1588 1606 1607 1589
4 1443 1462 1608 1590
4 1444 1591 1609 1463
4 1443 1590 1591 1444
4 1608 1462 1463 1609
4 1443 1444 1463 1462
4 1590 1608 1609 1591
4 1444 1463 1609 1591
4 1445 1592 1610 1464
4 1444 1591 1592 1445
4 1609 1463 1464 1610
4 1444 1445 1464 1463
4 1591 1609 1610 1592
4 1445 1464 1610 1592
4 1446 1593 1611 1465
4 1445 1592 1593 1446
4 1610 1464 1465 1611
4 1445 1446 1465 1464
4 1592 1610 1611 1593
4 1446 1465 1611 1593
4 1447 1594 1612 1466
4 1446 1593 1594 1447
4 1611 1465 1466 1612
4 1446 1447 1466 1465
4 1593 1611 1612 1594
4 1447 1466 1612 1594
4 1448 1595 1613 1467
4 1447 1594 1595 1448
4 1612 1466 1467 1613
4 1447 1448 1467 1466
4 1594 1612 1613 1595
4 1448 1467 1613 1595
4 1449 1596 1614 1468
4 1448 1595 1596 1449
4 1613 1467 1468 1614
4 1448 1449 1468 1467
4 1595 1613 1614 1596
4 1452 1470 1616 1598
4 1453 1599 1617 1471
4 1452 1598 1599 1453
4 1616 1470 1471 1617
4 1452 1453 1471 1470
4 1598 1616 1617 1599
4 1453 1471 1617 1599
4 1454 1600 1618 1472
4 1453 1599 1600 1454
4 1617 1471 1472 1618
4 1453 1454 1472 1471
4 1599 1617 1618 1600
4 1454 1472 1618 1600
4 1455 1601 1619 1473
4 1454 1600 1601 1455
4 1618 1472 1473 1619
4 1454 1455 1473 1472
4 1600 1618 1619 1601
4 1458 1477 1623 1604
4 1459 1605 1624 1478
4 1458 1604 1605 1459
4 1623 1477 1478 1624
4 1458 1459 1478 1477
4 1604 1623 1624 1605
4 1459 1478 1624 1605
4 1460 1606 1625 1479
4 1459 1605 1606 1460
4 1624 1478 1479 1625
4 1459 1460 1479 1478
4 1605 1624 1625 1606
4 1463 1480 1626 1609
4 1464 1610 1627 1481
4 1463 1609 1610 1464
4 1626 1480 1481 1627
4 1463 1464 1481 1480
4 1609 1626 1627 1610
4 1464 1481 1627 1610
4 1465 1611 1628 1482
4 1464 1610 1611 1465
4 1627 1481 1482 1628
4 1464 1465 1482 1481
4 1610 1627 1628 1611
4 1465 1482 1628 1611
4 1466 1612 1629 1483
4 1465 1611 1612 1466
4 1628 1482 1483 1629
4 1465 1466 1483 1482
4 1611 1628 1629 1612
4 1466 1483 1629 1612
4 1467 1613 1630 1484
4 1466 1612 1613 1467
4 1629 1483 1484 1630
4 1466 1467 1484 1483
4 1612 1629 1630 1613
4 1471 1486 1632 1617
4 1472 1618 1633 1487
4 1471 1617 1618 1472
4 1632 1486 1487 1633
4 1471 1472 1487 1486
4 1617 1632 1633 1618
4 1472 1487 1633 1618
4 1473 1619 1634 1488
4 1472 1618 1619 1473
4 1633 1487 1488 1634
4 1472 1473 1488 1487
4 1618 1633 1634 1619
4 1473 1488 1634 1619
4 1474 1620 1635 1489
4 1473 1619 1620 1474
4 1634 1488 1489 1635
4 1473 1474 1489 1488
4 1619 1634 1635 1620
4 1474 1489 1635 1620
4 1475 1621 1636 1490
4 1474 1620 1621 1475
4 1635 1489 1490 1636
4 1474 1475 1490 1489
4 1620 1635 1636 1621
4 1475 1490 1636 1621
4 1476 1622 1637 1491
4 1475 1621 1622 1476
4 1636 1490 1491 1637
4 1475 1476 1491 1490
4 1621 1636 1637 1622
4 1476 1491 1637 1622
4 1477 1623 1638 1492
4 1476 1622 1623 1477
4 1637 1491 1492 1638
4 1476 1477 1492 1491
4 1622 1637 1638 1623
4 1477 1492 1638 1623
4 1478 1624 1639 1493
4 1477 1623 1624 1478
4 1638 1492 1493 1639
4 1477 1478 1493 1492
4 1623 1638 1639 1624
4 1478 1493 1639 1624
4 1479 1625 1640 1494
4 1478 1624 1625 1479
4 1639 1493 1494 1640
4 1478 1479 1494 1493
4 1624 1639 1640 1625
4 1488 1496 1641 1634
4 1489 1635 1642 1497
4 1488 1634 1635 1489
4 1641 1496 1497 1642
4 1488 1489 1497 1496
4 1634 1641 1642 1635
4 1489 1497 1642 1635
4 1490 1636 1643 1498
4 1489 1635 1636 1490
4 1642 1497 1498 1643
4 1489 1490 1498 1497
4 1635 1642 1643 1636
4 1490 1498 1643 1636
4 1491 1637 1644 1499
4 1490 1636 1637 1491
4 1643 1498 1499 1644
4 1490 1491 1499 1498
4 1636 1643 1644 1637
4 1491 1499 1644 1637
4 1492 1638 1645 1500
4 1491 1637 1638 1492
4 1644 1499 1500 1645
4 1491 1492 1500 1499
4 1637 1644 1645 1638
4 1502 1515 1658 1646
4 1503 1647 1659 1516
4 1502 1646 1647 1503
4 1658 1515 1516 1659
4 1502 1503 1516 1515
4 1646 1658 1659 1647
4 1503 1516 1659 1647
4 1504 1648 1660 1517
4 1503 1647 1648 1504
4 1659 1516 1517 1660
4 1503 1504 1517 1516
4 1647 1659 1660 1648
4 1504 1517 1660 1648
4 1505 1649 1661 1518
4 1504 1648 1649 1505
4 1660 1517 1518 1661
4 1504 1505 1518 1517
4 1648 1660 1661 1649
4 1507 1522 1665 1650
4 1508 1651 1666 1523
4 1507 1650 1651 1508
4 1665 1522 1523 1666
4 1507 1508 1523 1522
4 1650 1665 1666 1651
4 1508 1523 1666 1651
4 1509 1652 1667 1524
4 1508 1651 1652 1509
4 1666 1523 1524 1667
4 1508 1509 1524 1523
4 1651 1666 1667 1652
4 1509 1524 1667 1652
4 1510 1653 1668 1525
4 1509 1652 1653 1510
4 1667 1524 1525 1668
4 1509 1510 1525 1524
4 1652 1667 1668 1653
4 1510 1525 1668 1653
4 1511 1654 1669 1526
4 1510 1653 1654 1511
4 1668 1525 1526 1669
4 1510 1511 1526 1525
4 1653 1668 1669 1654
4 1513 1530 1673 1656
4 1514 1657 1674 1531
4 1513 1656 1657 1514
4 1673 1530 1531 1674
4 1513 1514 1531 1530
4 1656 1673 1674 1657
4 1514 1531 1674 1657
4 1515 1658 1675 1532
4 1514 1657 1658 1515
4 1674 1531 1532 1675
4 1514 1515 1532 1531
4 1657 1674 1675 1658
4 1515 1532 1675 1658
4 1516 1659 1676 1533
4 1515 1658 1659 1516
4 1675 1532 1533 1676
4 1515 1516 1533 1532
4 1658 1675 1676 1659
4 1516 1533 1676 1659
4 1517 1660 1677 1534
4 1516 1659 1660 1517
4 1676 1533 1534 1677
4 1516 1517 1534 1533
4 1659 1676 1677 1660
4 1517 1534 1677 1660
4 1518 1661 1678 1535
4 1517 1660 1661 1518
4 1677 1534 1535 1678
4 1517 1518 1535 1534
4 1660 1677 1678 1661
4 1518 1535 1678 1661
4 1519 1662 1679 1536
4 1518 1661 1662 1519
4 1678 1535 1536 1679
4 1518 1519 1536 1535
4 1661 1678 1679 1662
4 1519 1536 1679 1662
4 1520 1663 1680 1537
4 1519 1662 1663 1520
4 1679 1536 1537 1680
4 1519 1520 1537 1536
4 1662 1679 1680 1663
4 1521 1540 1682 1664
4 1522 1665 1683 1541
4 1521 1664 1665 1522
4 1682 1540 1541 1683
4 1521 1522 1541 1540
4 1664 1682 1683 1665
4 1522 1541 1683 1665
4 1523 1666 1684 1542
4 1522 1665 1666 1523
4 1683 1541 1542 1684
4 1522 1523 1542 1541
4 1665 1683 1684 1666
4 1524 1543 1685 1667
4 1525 1668 1686 1544
4 1524 1667 1668 1525
4 1685 1543 1544 1686
4 1524 1525 1544 1543
4 1667 1685 1686 1668
4 1525 1544 1686 1668
4 1526 1669 1687 1545
4 1525 1668 1669 1526
4 1686 1544 1545 1687
4 1525 1526 1545 1544
4 1668 1686 1687 1669
4 1526 1545 1687 1669
4 1527 1670 1688 1546
4 1526 1669 1670 1527
4 1687 1545 1546 1688
4 1526 1527 1546 1545
4 1669 1687 1688 1670
4 1529 1548 1691 1672
4 1530 1673 1692 1549
4 1529 1672 1673 1530
4 1691 1548 1549 1692
4 1529 1530 1549 1548
4 1672 1691 1692 1673
4 1530 1549 1692 1673
4 1531 1674 1693 1550
4 1530 1673 1674 1531
4 1692 1549 1550 1693
4 1530 1531 1550 1549
4 1673 1692 1693 1674
4 1531 1550 1693 1674
4 1532 1675 1694 1551
4 1531 1674 1675 1532
4 1693 1550 1551 1694
4 1531 1532 1551 1550
4 1674 1693 1694 1675
4 1532 1551 1694 1675
4 1533 1676 1695 1552
4 1532 1675 1676 1533
4 1694 1551 1552 1695
4 1532 1533 1552 1551
4 1675 1694 1695 1676
4 1536 1554 1697 1679
4 1537 1680 1698 1555
4 1536 1679 1680 1537
4 1697 1554 1555 1698
4 1536 1537 1555 1554
4 1679 1697 1698 1680
4 1537 1555 1698 1680
4 1538 1681 1699 1556
4 1537 1680 1681 1538
4 1698 1555 1556 1699
4 1537 1538 1556 1555
4 1680 1698 1699 1681
4 1540 1558 1700 1682
4 1541 1683 1701 1559
4 1540 1682 1683 1541
4 1700 1558 1559 1701
4 1540 1541 1559 1558
4 1682 1700 1701 1683
4 1541 1559 1701 1683
4 1542 1684 1702 1560
4 1541 1683 1684 1542
4 1701 1559 1560 1702
4 1541 1542 1560 1559
4 1683 1701 1702 1684
4 1544 1562 1704 1686
4 1545 1687 1705 1563
4 1544 1686 1687 1545
4 1704 1562 1563 1705
4 1544 1545 1563 1562
4 1686 1704 1705 1687
4 1545 1563 1705 1687
4 1546 1688 1706 1564
4 1545 1687 1688 1546
4 1705 1563 1564 1706
4 1545 1546 1564 1563
4 1687 1705 1706 1688
4 1547 1565 1708 1690
4 1548 1691 1709 1566
4 1547 1690 1691 1548
4 1708 1565 1566 1709
4 1547 1548 1566 1565
4 1690 1708 1709 1691
4 1548 1566 1709 1691
4 1549 1692 1710 1567
4 1548 1691 1692 1549
4 1709 1566 1567 1710
4 1548 1549 1567 1566
4 1691 1709 1710 1692
4 1549 1567 1710 1692
4 1550 1693 1711 1568
4 1549 1692 1693 1550
4 1710 1567 1568 1711
4 1549 1550 1568 1567
4 1692 1710 1711 1693
4 1550 1568 1711 1693
4 1551 1694 1712 1569
4 1550 1693 1694 1551
4 1711 1568 1569 1712
4 1550 1551 1569 1568
4 1693 1711 1712 1694
4 1555 1572 1715 1698
4 1556 1699 1716 1573
4 1555 1698 1699 1556
4 1715 1572 1573 1716
4 1555 1556 1573 1572
4 1698 1715 1716 1699
4 1558 1575 1717 1700
4 1559 1701 1718 1576
4 1558 1700 1701 1559
4 1717 1575 1576 1718
4 1558 1559 1576 1575
4 1700 1717 1718 1701
4 1559 1576 1718 1701
4 1560 1702 1719 1577
4 1559 1701 1702 1560
4 1718 1576 1577 1719
4 1559 1560 1577 1576
4 1701 1718 1719 1702
4 1562 1579 1721 1704
4 1563 1705 1722 1580
4 1562 1704 1705 1563
4 1721 1579 1580 1722
4 1562 1563 1580 1579
4 1704 1721 1722 1705
4 1563 1580 1722 1705
4 1564 1706 1723 1581
4 1563 1705 1706 1564
4 1722 1580 1581 1723
4 1563 1564 1581 1580
4 1705 1722 1723 1706
4 1565 1582 1725 1708
4 1566 1709 1726 1583
4 1565 1708 1709 1566
4 1725 1582 1583 1726
4 1565 1566 1583 1582
4 1708 1725 1726 1709
4 1566 1583 1726 1709
4 1567 1710 1727 1584
4 1566 1709 1710 1567
4 1726 1583 1584 1727
4 1566 1567 1584 1583
4 1709 1726 1727 1710
4 1572 1588 1732 1715
4 1573 1716 1733 1589
4 1572 1715 1716 1573
4 1732 1588 1589 1733
4 1572 1573 1589 1588
4 1715 1732 1733 1716
4 1575 1591 1734 1717
4 1576 1718 1735 1592
4 1575 1717 1718 1576
4 1734 1591 1592 1735
4 1575 1576 1592 1591
4 1717 1734 1735 1718
4 1576 1592 1735 1718
4 1577 1719 1736 1593
4 1576 1718 1719 1577
4 1735 1592 1593 1736
4 1576 1577 1593 1592
4 1718 1735 1736 1719
4 1579 1595 1738 1721
4 1580 1722 1739 1596
4 1579 1721 1722 1580
4 1738 1595 1596 1739
4 1579 1580 1596 1595
4 1721 1738 1739 1722
4 1580 1596 1739 1722
4 1581 1723 1740 1597
4 1580 1722 1723 1581
4 1739 1596 1597 1740
4 1580 1581 1597 1596
4 1722 1739 1740 1723
4 1582 1598 1742 1725
4 1583 1726 1743 1599
4 1582 1725 1726 1583
4 1742 1598 1599 1743
4 1582 1583 1599 1598
4 1725 1742 1743 1726
4 1583 1599 1743 1726
4 1584 1727 1744 1600
4 1583 1726 1727 1584
4 1743 1599 1600 1744
4 1583 1584 1600 1599
4 1726 1743 1744 1727
4 1584 1600 1744 1727
4 1585 1728 1745 1601
4 1584 1727 1728 1585
4 1744 1600 1601 1745
4 1584 1585 1601 1600
4 1727 1744 1745 1728
4 1585 1601 1745 1728
4 1586 1729 1746 1602
4 1585 1728 1729 1586
4 1745 1601 1602 1746
4 1585 1586 1602 1601
4 1728 1745 1746 1729
4 1587 1605 1749 1731
4 1588 1732 1750 1606
4 1587 1731 1732 1588
4 1749 1605 1606 1750
4 1587 1588 1606 1605
4 1731 1749 1750 1732
4 1588 1606 1750 1732
4 1589 1733 1751 1607
4 1588 1732 1733 1589
4 1750 1606 1607 1751
4 1588 1589 1607 1606
4 1732 1750 1751 1733
4 1591 1609 1752 1734
4 1592 1735 1753 1610
4 1591 1734 1735 1592
4 1752 1609 1610 1753
4 1591 1592 1610 1609
4 1734 1752 1753 1735
4 1592 1610 1753 1735
4 1593 1736 1754 1611
4 1592 1735 1736 1593
4 1753 1610 1611 1754
4 1592 1593 1611 1610
4 1735 1753 1754 1736
4 1594 1612 1755 1737
4 1595 1738 1756 1613
4 1594 1737 1738 1595
4 1755 1612 1613 1756
4 1594 1595 1613 1612
4 1737 1755 1756 1738
4 1595 1613 1756 1738
4 1596 1739 1757 1614
4 1595 1738 1739 1596
4 1756 1613 1614 1757
4 1595 1596 1614 1613
4 1738 1756 1757 1739
4 1596 1614 1757 1739
4 1597 1740 1758 1615
4 1596 1739 1740 1597
4 1757 1614 1615 1758
4 1596 1597 1615 1614
4 1739 1757 1758 1740
4 1599 1617 1760 1743
4 1600 1744 1761 1618
4 1599 1743 1744 1600
4 1760 1617 1618 1761
4 1599 1600 1618 1617
4 1743 1760 1761 1744
4 1600 1618 1761 1744
4 1601 1745 1762 1619
4 1600 1744 1745 1601
4 1761 1618 1619 1762
4 1600 1601 1619 1618
4 1744 1761 1762 1745
4 1601 1619 1762 1745
4 1602 1746 1763 1620
4 1601 1745 1746 1602
4 1762 1619 1620 1763
4 1601 1602 1620 1619
4 1745 1762 1763 1746
4 1602 1620 1763 1746
4 1603 1747 1764 1621
4 1602 1746 1747 1603
4 1763 1620 1621 1764
4 1602 1603 1621 1620
4 1746 1763 1764 1747
4 1605 1624 1767 1749
4 1606 1750 1768 1625
4 1605 1749 1750 1606
4 1767 1624 1625 1768
4 1605 1606 1625 1624
4 1749 1767 1768 1750
4 1610 1627 1769 1753
4 1611 1754 1770 1628
4 1610 1753 1754 1611
4 1769 1627 1628 1770
4 1610 1611 1628 1627
4 1753 1769 1770 1754
4 1611 1628 1770 1754
4 1612 1755 1771 1629
4 1611 1754 1755 1612
4 1770 1628 1629 1771
4 1611 1612 1629 1628
4 1754 1770 1771 1755
4 1612 1629 1771 1755
4 1613 1756 1772 1630
4 1612 1755 1756 1613
4 1771 1629 1630 1772
4 1612 1613 1630 1629
4 1755 1771 1772 1756
4 1613 1630 1772 1756
4 1614 1757 1773 1631
4 1613 1756 1757 1614
4 1772 1630 1631 1773
4 1613 1614 1631 1630
4 1756 1772 1773 1757
4 1618 1633 1775 1761
4 1619 1762 1776 1634
4 1618 1761 1762 1619
4 1775 1633 1634 1776
4 1618 1619 1634 1633
4 1761 1775 1776 1762
4 1619 1634 1776 1762
4 1620 1763 1777 1635
4 1619 1762 1763 1620
4 1776 1634 1635 1777
4 1619 1620 1635 1634
4 1762 1776 1777 1763
4 1620 1635 1777 1763
4 1621 1764 1778 1636
4 1620 1763 1764 1621
4 1777 1635 1636 1778
4 1620 1621 1636 1635
4 1763 1777 1778 1764
4 1621 1636 1778 1764
4 1622 1765 1779 1637
4 1621 1764 1765 1622
4 1778 1636 1637 1779
4 1621 1622 1637 1636
4 1764 1778 1779 1765
4 1622 1637 1779 1765
4 1623 1766 1780 1638
4 1622 1765 1766 1623
4 1779 1637 1638 1780
4 1622 1623 1638 1637
4 1765 1779 1780 1766
4 1623 1638 1780 1766
4 1624 1767 1781 1639
4 1623 1766 1767 1624
4 1780 1638 1639 1781
4 1623 1624 1639 1638
4 1766 1780 1781 1767
4 1624 1639 1781 1767
4 1625 1768 1782 1640
4 1624 1767 1768 1625
4 1781 1639 1640 1782
4 1624 1625 1640 1639
4 1767 1781 1782 1768
4 1635 1642 1783 1777
4 1636 1778 1784 1643
4 1635 1777 1778 1636
4 1783 1642 1643 1784
4 1635 1636 1643 1642
4 1777 1783 1784 1778
4 1636 1643 1784 1778
4 1637 1779 1785 1644
4 1636 1778 1779 1637
4 1784 1643 1644 1785
4 1636 1637 1644 1643
4 1778 1784 1785 1779
4 1637 1644 1785 1779
4 1638 1780 1786 1645
4 1637 1779 1780 1638
4 1785 1644 1645 1786
4 1637 1638 1645 1644
4 1779 1785 1786 1780
4 1648 1660 1798 1787
4 1649 1788 1799 1661
4 1648 1787 1788 1649
4 1798 1660 1661 1799
4 1648 1649 1661 1660
4 1787 1798 1799 1788
4 1650 1665 1802 1789
4 1651 1790 1803 1666
4 1650 1789 1790 1651
4 1802 1665 1666 1803
4 1650 1651 1666 1665
4 1789 1802 1803 1790
4 1651 1666 1803 1790
4 1652 1791 1804 1667
4 1651 1790 1791 1652
4 1803 1666 1667 1804
4 1651 1652 1667 1666
4 1790 1803 1804 1791
4 1652 1667 1804 1791
4 1653 1792 1805 1668
4 1652 1791 1792 1653
4 1804 1667 1668 1805
4 1652 1653 1668 1667
4 1791 1804 1805 1792
4 1653 1668 1805 1792
4 1654 1793 1806 1669
4 1653 1792 1793 1654
4 1805 1668 1669 1806
4 1653 1654 1669 1668
4 1792 1805 1806 1793
4 1654 1669 1806 1793
4 1655 1794 1807 1670
4 1654 1793 1794 1655
4 1806 1669 1670 1807
4 1654 1655 1670 1669
4 1793 1806 1807 1794
4 1658 1675 1811 1796
4 1659 1797 1812 1676
4 1658 1796 1797 1659
4 1811 1675 1676 1812
4 1658 1659 1676 1675
4 1796 1811 1812 1797
4 1659 1676 1812 1797
4 1660 1798 1813 1677
4 1659 1797 1798 1660
4 1812 1676 1677 1813
4 1659 1660 1677 1676
4 1797 1812 1813 1798
4 1660 1677 1813 1798
4 1661 1799 1814 1678
4 1660 1798 1799 1661
4 1813 1677 1678 1814
4 1660 1661 1678 1677
4 1798 1813 1814 1799
4 1661 1678 1814 1799
4 1662 1800 1815 1679
4 1661 1799 1800 1662
4 1814 1678 1679 1815
4 1661 1662 1679 1678
4 1799 1814 1815 1800
4 1662 1679 1815 1800
4 1663 1801 1816 1680
4 1662 1800 1801 1663
4 1815 1679 1680 1816
4 1662 1663 1680 1679
4 1800 1815 1816 1801
4 1665 1683 1818 1802
4 1666 1803 1819 1684
4 1665 1802 1803 1666
4 1818 1683 1684 1819
4 1665 1666 1684 1683
4 1802 1818 1819 1803
4 1666 1684 1819 1803
4 1667 1804 1820 1685
4 1666 1803 1804 1667
4 1819 1684 1685 1820
4 1666 1667 1685 1684
4 1803 1819 1820 1804
4 1668 1686 1821 1805
4 1669 1806 1822 1687
4 1668 1805 1806 1669
4 1821 1686 1687 1822
4 1668 1669 1687 1686
4 1805 1821 1822 1806
4 1669 1687 1822 1806
4 1670 1807 1823 1688
4 1669 1806 1807 1670
4 1822 1687 1688 1823
4 1669 1670 1688 1687
4 1806 1822 1823 1807
4 1670 1688 1823 1807
4 1671 1808 1824 1689
4 1670 1807 1808 1671
4 1823 1688 1689 1824
4 1670 1671 1689 1688
4 1807 1823 1824 1808
4 1674 1693 1828 1810
4 1675 1811 1829 1694
4 1674 1810 1811 1675
4 1828 1693 1694 1829
4 1674 1675 1694 1693
4 1810 1828 1829 1811
4 1675 1694 1829 1811
4 1676 1812 1830 1695
4 1675 1811 1812 1676
4 1829 1694 1695 1830
4 1675 1676 1695 1694
4 1811 1829 1830 1812
4 1676 1695 1830 1812
4 1677 1813 1831 1696
4 1676 1812 1813 1677
4 1830 1695 1696 1831
4 1676 1677 1696 1695
4 1812 1830 1831 1813
4 1679 1697 1833 1815
4 1680 1816 1834 1698
4 1679 1815 1816 1680
4 1833 1697 1698 1834
4 1679 1680 1698 1697
4 1815 1833 1834 1816
4 1680 1698 1834 1816
4 1681 1817 1835 1699
4 1680 1816 1817 1681
4 1834 1698 1699 1835
4 1680 1681 1699 1698
4 1816 1834 1835 1817
4 1683 1701 1836 1818
4 1684 1819 1837 1702
4 1683 1818 1819 1684
4 1836 1701 1702 1837
4 1683 1684 1702 1701
4 1818 1836 1837 1819
4 1684 1702 1837 1819
4 1685 1820 1838 1703
4 1684 1819 1820 1685
4 1837 1702 1703 1838
4 1684 1685 1703 1702
4 1819 1837 1838 1820
4 1687 1705 1839 1822
4 1688 1823 1840 1706
4 1687 1822 1823 1688
4 1839 1705 1706 1840
4 1687 1688 1706 1705
4 1822 1839 1840 1823
4 1688 1706 1840 1823
4 1689 1824 1841 1707
4 1688 1823 1824 1689
4 1840 1706 1707 1841
4 1688 1689 1707 1706
4 1823 1840 1841 1824
4 1691 1709 1843 1826
4 1692 1827 1844 1710
4 1691 1826 1827 1692
4 1843 1709 1710 1844
4 1691 1692 1710 1709
4 1826 1843 1844 1827
4 1692 1710 1844 1827
4 1693 1828 1845 1711
4 1692 1827 1828 1693
4 1844 1710 1711 1845
4 1692 1693 1711 1710
4 1827 1844 1845 1828
4 1693 1711 1845 1828
4 1694 1829 1846 1712
4 1693 1828 1829 1694
4 1845 1711 1712 1846
4 1693 1694 1712 1711
4 1828 1845 1846 1829
4 1694 1712 1846 1829
4 1695 1830 1847 1713
4 1694 1829 1830 1695
4 1846 1712 1713 1847
4 1694 1695 1713 1712
4 1829 1846 1847 1830
4 1697 1714 1849 1833
4 1698 1834 1850 1715
4 1697 1833 1834 1698
4 1849 1714 1715 1850
4 1697 1698 1715 1714
4 1833 1849 1850 1834
4 1698 1715 1850 1834
4 1699 1835 1851 1716
4 1698 1834 1835 1699
4 1850 1715 1716 1851
4 1698 1699 1716 1715
4 1834 1850 1851 1835
4 1701 1718 1852 1836
4 1702 1837 1853 1719
4 1701 1836 1837 1702
4 1852 1718 1719 1853
4 1701 1702 1719 1718
4 1836 1852 1853 1837
4 1705 1722 1855 1839
4 1706 1840 1856 1723
4 1705 1839 1840 1706
4 1855 1722 1723 1856
4 1705 1706 1723 1722
4 1839 1855 1856 1840
4 1706 1723 1856 1840
4 1707 1841 1857 1724
4 1706 1840 1841 1707
4 1856 1723 1724 1857
4 1706 1707 1724 1723
4 1840 1856 1857 1841
4 1709 1726 1859 1843
4 1710 1844 1860 1727
4 1709 1843 1844 1710
4 1859 1726 1727 1860
4 1709 1710 1727 1726
4 1843 1859 1860 1844
4 1710 1727 1860 1844
4 1711 1845 1861 1728
4 1710 1844 1845 1711
4 1860 1727 1728 1861
4 1710 1711 1728 1727
4 1844 1860 1861 1845
4 1711 1728 1861 1845
4 1712 1846 1862 1729
4 1711 1845 1846 1712
4 1861 1728 1729 1862
4 1711 1712 1729 1728
4 1845 1861 1862 1846
4 1712 1729 1862 1846
4 1713 1847 1863 1730
4 1712 1846 1847 1713
4 1862 1729 1730 1863
4 1712 1713 1730 1729
4 1846 1862 1863 1847
4 1714 1731 1865 1849
4 1715 1850 1866 1732
4 1714 1849 1850 1715
4 1865 1731 1732 1866
4 1714 1715 1732 1731
4 1849 1865 1866 1850
4 1715 1732 1866 1850
4 1716 1851 1867 1733
4 1715 1850 1851 1716
4 1866 1732 1733 1867
4 1715 1716 1733 1732
4 1850 1866 1867 1851
4 1718 1735 1868 1852
4 1719 1853 1869 1736
4 1718 1852 1853 1719
4 1868 1735 1736 1869
4 1718 1719 1736 1735
4 1852 1868 1869 1853
4 1719 1736 1869 1853
4 1720 1854 1870 1737
4 1719 1853 1854 1720
4 1869 1736 1737 1870
4 1719 1720 1737 1736
4 1853 1869 1870 1854
4 1722 1739 1872 1855
4 1723 1856 1873 1740
4 1722 1855 1856 1723
4 1872 1739 1740 1873
4 1722 1723 1740 1739
4 1855 1872 1873 1856
4 1723 1740 1873 1856
4 1724 1857 1874 1741
4 1723 1856 1857 1724
4 1873 1740 1741 1874
4 1723 1724 1741 1740
4 1856 1873 1874 1857
4 1726 1743 1876 1859
4 1727 1860 1877 1744
4 1726 1859 1860 1727
4 1876 1743 1744 1877
4 1726 1727 1744 1743
4 1859 1876 1877 1860
4 1727 1744 1877 1860
4 1728 1861 1878 1745
4 1727 1860 1861 1728
4 1877 1744 1745 1878
4 1727 1728 1745 1744
4 1860 1877 1878 1861
4 1728 1745 1878 1861
4 1729 1862 1879 1746
4 1728 1861 1862 1729
4 1878 1745 1746 1879
4 1728 1729 1746 1745
4 1861 1878 1879 1862
4 1729 1746 1879 1862
4 1730 1863 1880 1747
4 1729 1862 1863 1730
4 1879 1746 1747 1880
4 1729 1730 1747 1746
4 1862 1879 1880 1863
4 1731 1749 1882 1865
4 1732 1866 1883 1750
4 1731 1865 1866 1732
4 1882 1749 1750 1883
4 1731 1732 1750 1749
4 1865 1882 1883 1866
4 1732 1750 1883 1866
4 1733 1867 1884 1751
4 1732 1866 1867 1733
4 1883 1750 1751 1884
4 1732 1733 1751 1750
4 1866 1883 1884 1867
4 1735 1753 1885 1868
4 1736 1869 1886 1754
4 1735 1868 1869 1736
4 1885 1753 1754 1886
4 1735 1736 1754 1753
4 1868 1885 1886 1869
4 1736 1754 1886 1869
4 1737 1870 1887 1755
4 1736 1869 1870 1737
4 1886 1754 1755 1887
4 1736 1737 1755 1754
4 1869 1886 1887 1870
4 1738 1756 1888 1871
4 1739 1872 1889 1757
4 1738 1871 1872 1739
4 1888 1756 1757 1889
4 1738 1739 1757 1756
4 1871 1888 1889 1872
4 1739 1757 1889 1872
4 1740 1873 1890 1758
4 1739 1872 1873 1740
4 1889 1757 1758 1890
4 1739 1740 1758 1757
4 1872 1889 1890 1873
4 1740 1758 1890 1873
4 1741 1874 1891 1759
4 1740 1873 1874 1741
4 1890 1758 1759 1891
4 1740 1741 1759 1758
4 1873 1890 1891 1874
4 1745 1762 1893 1878
4 1746 1879 1894 1763
4 1745 1878 1879 1746
4 1893 1762 1763 1894
4 1745 1746 1763 1762
4 1878 1893 1894 1879
4 1746 1763 1894 1879
4 1747 1880 1895 1764
4 1746 1879 1880 1747
4 1894 1763 1764 1895
4 1746 1747 1764 1763
4 1879 1894 1895 1880
4 1747 1764 1895 1880
4 1748 1881 1896 1765
4 1747 1880 1881 1748
4 1895 1764 1765 1896
4 1747 1748 1765 1764
4 1880 1895 1896 1881
4 1749 1767 1898 1882
4 1750 1883 1899 1768
4 1749 1882 1883 1750
4 1898 1767 1768 1899
4 1749 1750 1768 1767
4 1882 1898 1899 1883
4 1753 1769 1900 1885
4 1754 1886 1901 1770
4 1753 1885 1886 1754
4 1900 1769 1770 1901
4 1753 1754 1770 1769
4 1885 1900 1901 1886
4 1754 1770 1901 1886
4 1755 1887 1902 1771
4 1754 1886 1887 1755
4 1901 1770 1771 1902
4 1754 1755 1771 1770
4 1886 1901 1902 1887
4 1755 1771 1902 1887
4 1756 1888 1903 1772
4 1755 1887 1888 1756
4 1902 1771 1772 1903
4 1755 1756 1772 1771
4 1887 1902 1903 1888
4 1756 1772 1903 1888
4 1757 1889 1904 1773
4 1756 1888 1889 1757
4 1903 1772 1773 1904
4 1756 1757 1773 1772
4 1888 1903 1904 1889
4 1757 1773 1904 1889
4 1758 1890 1905 1774
4 1757 1889 1890 1758
4 1904 1773 1774 1905
4 1757 1758 1774 1773
4 1889 1904 1905 1890
4 1763 1777 1907 1894
4 1764 1895 1908 1778
4 1763 1894 1895 1764
4 1907 1777 1778 1908
4 1763 1764 1778 1777
4 1894 1907 1908 1895
4 1764 1778 1908 1895
4 1765 1896 1909 1779
4 1764 1895 1896 1765
4 1908 1778 1779 1909
4 1764 1765 1779 1778
4 1895 1908 1909 1896
4 1765 1779 1909 1896
4 1766 1897 1910 1780
4 1765 1896 1897 1766
4 1909 1779 1780 1910
4 1765 1766 1780 1779
4 1896 1909 1910 1897
4 1766 1780 1910 1897
4 1767 1898 1911 1781
4 1766 1897 1898 1767
4 1910 1780 1781 1911
4 1766 1767 1781 1780
4 1897 1910 1911 1898
4 1767 1781 1911 1898
4 1768 1899 1912 1782
4 1767 1898 1899 1768
4 1911 1781 1782 1912
4 1767 1768 1782 1781
4 1898 1911 1912 1899
4 1779 1785 1913 1909
4 1780 1910 1914 1786
4 1779 1909 1910 1780
4 1913 1785 1786 1914
4 1779 1780 1786 1785
4 1909 1913 1914 1910
4 1790 1803 1927 1915
4 1791 1916 1928 1804
4 1790 1915 1916 1791
4 1927 1803 1804 1928
4 1790 1791 1804 1803
4 1915 1927 1928 1916
4 1791 1804 1928 1916
4 1792 1917 1929 1805
4 1791 1916 1917 1792
4 1928 1804 1805 1929
4 1791 1792 1805 1804
4 1916 1928 1929 1917
4 1792 1805 1929 1917
4 1793 1918 1930 1806
4 1792 1917 1918 1793
4 1929 1805 1806 1930
4 1792 1793 1806 1805
4 1917 1929 1930 1918
4 1793 1806 1930 1918
4 1794 1919 1931 1807
4 1793 1918 1919 1794
4 1930 1806 1807 1931
4 1793 1794 1807 1806
4 1918 1930 1931 1919
4 1794 1807 1931 1919
4 1795 1920 1932 1808
4 1794 1919 1920 1795
4 1931 1807 1808 1932
4 1794 1795 1808 1807
4 1919 1931 1932 1920
4 1798 1813 1937 1923
4 1799 1924 1938 1814
4 1798 1923 1924 1799
4 1937 1813 1814 1938
4 1798 1799 1814 1813
4 1923 1937 1938 1924
4 1799 1814 1938 1924
4 1800 1925 1939 1815
4 1799 1924 1925 1800
4 1938 1814 1815 1939
4 1799 1800 1815 1814
4 1924 1938 1939 1925
4 1800 1815 1939 1925
4 1801 1926 1940 1816
4 1800 1925 1926 1801
4 1939 1815 1816 1940
4 1800 1801 1816 1815
4 1925 1939 1940 1926
4 1803 1819 1942 1927
4 1804 1928 1943 1820
4 1803 1927 1928 1804
4 1942 1819 1820 1943
4 1803 1804 1820 1819
4 1927 1942 1943 1928
4 1804 1820 1943 1928
4 1805 1929 1944 1821
4 1804 1928 1929 1805
4 1943 1820 1821 1944
4 1804 1805 1821 1820
4 1928 1943 1944 1929
4 1806 1822 1945 1930
4 1807 1931 1946 1823
4 1806 1930 1931 1807
4 1945 1822 1823 1946
4 1806 1807 1823 1822
4 1930 1945 1946 1931
4 1807 1823 1946 1931
4 1808 1932 1947 1824
4 1807 1931 1932 1808
4 1946 1823 1824 1947
4 1807 1808 1824 1823
4 1931 1946 1947 1932
4 1808 1824 1947 1932
4 1809 1933 1948 1825
4 1808 1932 1933 1809
4 1947 1824 1825 1948
4 1808 1809 1825 1824
4 1932 1947 1948 1933
4 1811 1829 1951 1935
4 1812 1936 1952 1830
4 1811 1935 1936 1812
4 1951 1829 1830 1952
4 1811 1812 1830 1829
4 1935 1951 1952 1936
4 1812 1830 1952 1936
4 1813 1937 1953 1831
4 1812 1936 1937 1813
4 1952 1830 1831 1953
4 1812 1813 1831 1830
4 1936 1952 1953 1937
4 1813 1831 1953 1937
4 1814 1938 1954 1832
4 1813 1937 1938 1814
4 1953 1831 1832 1954
4 1813 1814 1832 1831
4 1937 1953 1954 1938
4 1815 1833 1955 1939
4 1816 1940 1956 1834
4 1815 1939 1940 1816
4 1955 1833 1834 1956
4 1815 1816 1834 1833
4 1939 1955 1956 1940
4 1818 1836 1957 1941
4 1819 1942 1958 1837
4 1818 1941 1942 1819
4 1957 1836 1837 1958
4 1818 1819 1837 1836
4 1941 1957 1958 1942
4 1819 1837 1958 1942
4 1820 1943 1959 1838
4 1819 1942 1943 1820
4 1958 1837 1838 1959
4 1819 1820 1838 1837
4 1942 1958 1959 1943
4 1823 1840 1961 1946
4 1824 1947 1962 1841
4 1823 1946 1947 1824
4 1961 1840 1841 1962
4 1823 1824 1841 1840
4 1946 1961 1962 1947
4 1824 1841 1962 1947
4 1825 1948 1963 1842
4 1824 1947 1948 1825
4 1962 1841 1842 1963
4 1824 1825 1842 1841
4 1947 1962 1963 1948
4 1829 1846 1966 1951
4 1830 1952 1967 1847
4 1829 1951 1952 1830
4 1966 1846 1847 1967
4 1829 1830 1847 1846
4 1951 1966 1967 1952
4 1830 1847 1967 1952
4 1831 1953 1968 1848
4 1830 1952 1953 1831
4 1967 1847 1848 1968
4 1830 1831 1848 1847
4 1952 1967 1968 1953
4 1833 1849 1969 1955
4 1834 1956 1970 1850
4 1833 1955 1956 1834
4 1969 1849 1850 1970
4 1833 1834 1850 1849
4 1955 1969 1970 1956
4 1836 1852 1971 1957
4 1837 1958 1972 1853
4 1836 1957 1958 1837
4 1971 1852 1853 1972
4 1836 1837 1853 1852
4 1957 1971 1972 1958
4 1837 1853 1972 1958
4 1838 1959 1973 1854
4 1837 1958 1959 1838
4 1972 1853 1854 1973
4 1837 1838 1854 1853
4 1958 1972 1973 1959
4 1840 1856 1975 1961
4 1841 1962 1976 1857
4 1840 1961 1962 1841
4 1975 1856 1857 1976
4 1840 1841 1857 1856
4 1961 1975 1976 1962
4 1841 1857 1976 1962
4 1842 1963 1977 1858
4 1841 1962 1963 1842
4 1976 1857 1858 1977
4 1841 1842 1858 1857
4 1962 1976 1977 1963
4 1846 1862 1980 1966
4 1847 1967 1981 1863
4 1846 1966 1967 1847
4 1980 1862 1863 1981
4 1846 1847 1863 1862
4 1966 1980 1981 1967
4 1847 1863 1981 1967
4 1848 1968 1982 1864
4 1847 1967 1968 1848
4 1981 1863 1864 1982
4 1847 1848 1864 1863
4 1967 1981 1982 1968
4 1849 1865 1983 1969
4 1850 1970 1984 1866
4 1849 1969 1970 1850
4 1983 1865 1866 1984
4 1849 1850 1866 1865
4 1969 1983 1984 1970
4 1852 1868 1985 1971
4 1853 1972 1986 1869
4 1852 1971 1972 1853
4 1985 1868 1869 1986
4 1852 1853 1869 1868
4 1971 1985 1986 1972
4 1853 1869 1986 1972
4 1854 1973 1987 1870
4 1853 1972 1973 1854
4 1986 1869 1870 1987
4 1853 1854 1870 1869
4 1972 1986 1987 1973
4 1856 1873 1990 1975
4 1857 1976 1991 1874
4 1856 1975 1976 1857
4 1990 1873 1874 1991
4 1856 1857 1874 1873
4 1975 1990 1991 1976
4 1857 1874 1991 1976
4 1858 1977 1992 1875
4 1857 1976 1977 1858
4 1991 1874 1875 1992
4 1857 1858 1875 1874
4 1976 1991 1992 1977
4 1862 1879 1995 1980
4 1863 1981 1996 1880
4 1862 1980 1981 1863
4 1995 1879 1880 1996
4 1862 1863 1880 1879
4 1980 1995 1996 1981
4 1863 1880 1996 1981
4 1864 1982 1997 1881
4 1863 1981 1982 1864
4 1996 1880 1881 1997
4 1863 1864 1881 1880
4 1981 1996 1997 1982
4 1865 1882 1998 1983
4 1866 1984 1999 1883
4 1865 1983 1984 1866
4 1998 1882 1883 1999
4 1865 1866 1883 1882
4 1983 1998 1999 1984
4 1869 1886 2000 1986
4 1870 1987 2001 1887
4 1869 1986 1987 1870
4 2000 1886 1887 2001
4 1869 1870 1887 1886
4 1986 2000 2001 1987
4 1870 1887 2001 1987
4 1871 1988 2002 1888
4 1870 1987 1988 1871
4 2001 1887 1888 2002
4 1870 1871 1888 1887
4 1987 2001 2002 1988
4 1872 1889 2003 1989
4 1873 1990 2004 1890
4 1872 1989 1990 1873
4 2003 1889 1890 2004
4 1872 1873 1890 1889
4 1989 2003 2004 1990
4 1873 1890 2004 1990
4 1874 1991 2005 1891
4 1873 1990 1991 1874
4 2004 1890 1891 2005
4 1873 1874 1891 1890
4 1990 2004 2005 1991
4 1874 1891 2005 1991
4 1875 1992 2006 1892
4 1874 1991 1992 1875
4 2005 1891 1892 2006
4 1874 1875 1892 1891
4 1991 2005 2006 1992
4 1879 1894 2008 1995
4 1880 1996 2009 1895
4 1879 1995 1996 1880
4 2008 1894 1895 2009
4 1879 1880 1895 1894
4 1995 2008 2009 1996
4 1880 1895 2009 1996
4 1881 1997 2010 1896
4 1880 1996 1997 1881
4 2009 1895 1896 2010
4 1880 1881 1896 1895
4 1996 2009 2010 1997
4 1882 1898 2012 1998
4 1883 1999 2013 1899
4 1882 1998 1999 1883
4 2012 1898 1899 2013
4 1882 1883 1899 1898
4 1998 2012 2013 1999
4 1886 1901 2014 2000
4 1887 2001 2015 1902
4 1886 2000 2001 1887
4 2014 1901 1902 2015
4 1886 1887 1902 1901
4 2000 2014 2015 2001
4 1887 1902 2015 2001
4 1888 2002 2016 1903
4 1887 2001 2002 1888
4 2015 1902 1903 2016
4 1887 1888 1903 1902
4 2001 2015 2016 2002
4 1888 1903 2016 2002
4 1889 2003 2017 1904
4 1888 2002 2003 1889
4 2016 1903 1904 2017
4 1888 1889 1904 1903
4 2002 2016 2017 2003
4 1889 1904 2017 2003
4 1890 2004 2018 1905
4 1889 2003 2004 1890
4 2017 1904 1905 2018
4 1889 1890 1905 1904
4 2003 2017 2018 2004
4 1890 1905 2018 2004
4 1891 2005 2019 1906
4 1890 2004 2005 1891
4 2018 1905 1906 2019
4 1890 1891 1906 1905
4 2004 2018 2019 2005
4 1895 1908 2022 2009
4 1896 2010 2023 1909
4 1895 2009 2010 1896
4 2022 1908 1909 2023
4 1895 1896 1909 1908
4 2009 2022 2023 2010
4 1896 1909 2023 2010
4 1897 2011 2024 1910
4 1896 2010 2011 1897
4 2023 1909 1910 2024
4 1896 1897 1910 1909
4 2010 2023 2024 2011
4 1897 1910 2024 2011
4 1898 2012 2025 1911
4 1897 2011 2012 1898
4 2024 1910 1911 2025
4 1897 1898 1911 1910
4 2011 2024 2025 2012
4 1898 1911 2025 2012
4 1899 2013 2026 1912
4 1898 2012 2013 1899
4 2025 1911 1912 2026
4 1898 1899 1912 1911
4 2012 2025 2026 2013
4 1916 1928 2040 2027
4 1917 2028 2041 1929
4 1916 2027 2028 1917
4 2040 1928 1929 2041
4 1916 1917 1929 1928
4 2027 2040 2041 2028
4 1917 1929 2041 2028
4 1918 2029 2042 1930
4 1917 2028 2029 1918
4 2041 1929 1930 2042
4 1917 1918 1930 1929
4 2028 2041 2042 2029
4 1918 1930 2042 2029
4 1919 2030 2043 1931
4 1918 2029 2030 1919
4 2042 1930 1931 2043
4 1918 1919 1931 1930
4 2029 2042 2043 2030
4 1919 1931 2043 2030
4 1920 2031 2044 1932
4 1919 2030 2031 1920
4 2043 1931 1932 2044
4 1919 1920 1932 1931
4 2030 2043 2044 2031
4 1920 1932 2044 2031
4 1921 2032 2045 1933
4 1920 2031 2032 1921
4 2044 1932 1933 2045
4 1920 1921 1933 1932
4 2031 2044 2045 2032
4 1921 1933 2045 2032
4 1922 2033 2046 1934
4 1921 2032 2033 1922
4 2045 1933 1934 2046
4 1921 1922 1934 1933
4 2032 2045 2046 2033
4 1923 1937 2051 2035
4 1924 2036 2052 1938
4 1923 2035 2036 1924
4 2051 1937 1938 2052
4 1923 1924 1938 1937
4 2035 2051 2052 2036
4 1924 1938 2052 2036
4 1925 2037 2053 1939
4 1924 2036 2037 1925
4 2052 1938 1939 2053
4 1924 1925 1939 1938
4 2036 2052 2053 2037
4 1925 1939 2053 2037
4 1926 2038 2054 1940
4 1925 2037 2038 1926
4 2053 1939 1940 2054
4 1925 1926 1940 1939
4 2037 2053 2054 2038
4 1927 1942 2055 2039
4 1928 2040 2056 1943
4 1927 2039 2040 1928
4 2055 1942 1943 2056
4 1927 1928 1943 1942
4 2039 2055 2056 2040
4 1928 1943 2056 2040
4 1929 2041 2057 1944
4 1928 2040 2041 1929
4 2056 1943 1944 2057
4 1928 1929 1944 1943
4 2040 2056 2057 2041
4 1929 1944 2057 2041
4 1930 2042 2058 1945
4 1929 2041 2042 1930
4 2057 1944 1945 2058
4 1929 1930 1945 1944
4 2041 2057 2058 2042
4 1931 1946 2059 2043
4 1932 2044 2060 1947
4 1931 2043 2044 1932
4 2059 1946 1947 2060
4 1931 1932 1947 1946
4 2043 2059 2060 2044
4 1932 1947 2060 2044
4 1933 2045 2061 1948
4 1932 2044 2045 1933
4 2060 1947 1948 2061
4 1932 1933 1948 1947
4 2044 2060 2061 2045
4 1933 1948 2061 2045
4 1934 2046 2062 1949
4 1933 2045 2046 1934
4 2061 1948 1949 2062
4 1933 1934 1949 1948
4 2045 2061 2062 2046
4 1939 1955 2072 2053
4 1940 2054 2073 1956
4 1939 2053 2054 1940
4 2072 1955 1956 2073
4 1939 1940 1956 1955
4 2053 2072 2073 2054
4 1942 1958 2074 2055
4 1943 2056 2075 1959
4 1942 2055 2056 1943
4 2074 1958 1959 2075
4 1942 1943 1959 1958
4 2055 2074 2075 2056
4 1943 1959 2075 2056
4 1944 2057 2076 1960
4 1943 2056 2057 1944
4 2075 1959 1960 2076
4 1943 1944 1960 1959
4 2056 2075 2076 2057
4 1947 1962 2079 2060
4 1948 2061 2080 1963
4 1947 2060 2061 1948
4 2079 1962 1963 2080
4 1947 1948 1963 1962
4 2060 2079 2080 2061
4 1948 1963 2080 2061
4 1949 2062 2081 1964
4 1948 2061 2062 1949
4 2080 1963 1964 2081
4 1948 1949 1964 1963
4 2061 2080 2081 2062
4 1949 1964 2081 2062
4 1950 2063 2082 1965
4 1949 2062 2063 1950
4 2081 1964 1965 2082
4 1949 1950 1965 1964
4 2062 2081 2082 2063
4 1952 1967 2088 2069
4 1953 2070 2089 1968
4 1952 2069 2070 1953
4 2088 1967 1968 2089
4 1952 1953 1968 1967
4 2069 2088 2089 2070
4 1955 1969 2090 2072
4 1956 2073 2091 1970
4 1955 2072 2073 1956
4 2090 1969 1970 2091
4 1955 1956 1970 1969
4 2072 2090 2091 2073
4 1958 1972 2092 2074
4 1959 2075 2093 1973
4 1958 2074 2075 1959
4 2092 1972 1973 2093
4 1958 1959 1973 1972
4 2074 2092 2093 2075
4 1959 1973 2093 2075
4 1960 2076 2094 1974
4 1959 2075 2076 1960
4 2093 1973 1974 2094
4 1959 1960 1974 1973
4 2075 2093 2094 2076
4 1962 1976 2097 2079
4 1963 2080 2098 1977
4 1962 2079 2080 1963
4 2097 1976 1977 2098
4 1962 1963 1977 1976
4 2079 2097 2098 2080
4 1963 1977 2098 2080
4 1964 2081 2099 1978
4 1963 2080 2081 1964
4 2098 1977 1978 2099
4 1963 1964 1978 1977
4 2080 2098 2099 2081
4 1964 1978 2099 2081
4 1965 2082 2100 1979
4 1964 2081 2082 1965
4 2099 1978 1979 2100
4 1964 1965 1979 1978
4 2081 2099 2100 2082
4 1967 1981 2106 2088
4 1968 2089 2107 1982
4 1967 2088 2089 1968
4 2106 1981 1982 2107
4 1967 1968 1982 1981
4 2088 2106 2107 2089
4 1969 1983 2108 2090
4 1970 2091 2109 1984
4 1969 2090 2091 1970
4 2108 1983 1984 2109
4 1969 1970 1984 1983
4 2090 2108 2109 2091
4 1972 1986 2110 2092
4 1973 2093 2111 1987
4 1972 2092 2093 1973
4 2110 1986 1987 2111
4 1972 1973 1987 1986
4 2092 2110 2111 2093
4 1973 1987 2111 2093
4 1974 2094 2112 1988
4 1973 2093 2094 1974
4 2111 1987 1988 2112
4 1973 1974 1988 1987
4 2093 2111 2112 2094
4 1976 1991 2115 2097
4 1977 2098 2116 1992
4 1976 2097 2098 1977
4 2115 1991 1992 2116
4 1976 1977 1992 1991
4 2097 2115 2116 2098
4 1977 1992 2116 2098
4 1978 2099 2117 1993
4 1977 2098 2099 1978
4 2116 1992 1993 2117
4 1977 1978 1993 1992
4 2098 2116 2117 2099
4 1978 1993 2117 2099
4 1979 2100 2118 1994
4 1978 2099 2100 1979
4 2117 1993 1994 2118
4 1978 1979 1994 1993
4 2099 2117 2118 2100
4 1981 1996 2123 2106
4 1982 2107 2124 1997
4 1981 2106 2107 1982
4 2123 1996 1997 2124
4 1981 1982 1997 1996
4 2106 2123 2124 2107
4 1983 1998 2125 2108
4 1984 2109 2126 1999
4 1983 2108 2109 1984
4 2125 1998 1999 2126
4 1983 1984 1999 1998
4 2108 2125 2126 2109
4 1986 2000 2127 2110
4 1987 2111 2128 2001
4 1986 2110 2111 1987
4 2127 2000 2001 2128
4 1986 1987 2001 2000
4 2110 2127 2128 2111
4 1987 2001 2128 2111
4 1988 2112 2129 2002
4 1987 2111 2112 1988
4 2128 2001 2002 2129
4 1987 1988 2002 2001
4 2111 2128 2129 2112
4 1988 2002 2129 2112
4 1989 2113 2130 2003
4 1988 2112 2113 1989
4 2129 2002 2003 2130
4 1988 1989 2003 2002
4 2112 2129 2130 2113
4 1990 2004 2131 2114
4 1991 2115 2132 2005
4 1990 2114 2115 1991
4 2131 2004 2005 2132
4 1990 1991 2005 2004
4 2114 2131 2132 2115
4 1991 2005 2132 2115
4 1992 2116 2133 2006
4 1991 2115 2116 1992
4 2132 2005 2006 2133
4 1991 1992 2006 2005
4 2115 2132 2133 2116
4 1992 2006 2133 2116
4 1993 2117 2134 2007
4 1992 2116 2117 1993
4 2133 2006 2007 2134
4 1992 1993 2007 2006
4 2116 2133 2134 2117
4 1996 2009 2139 2123
4 1997 2124 2140 2010
4 1996 2123 2124 1997
4 2139 2009 2010 2140
4 1996 1997 2010 2009
4 2123 2139 2140 2124
4 1998 2012 2142 2125
4 1999 2126 2143 2013
4 1998 2125 2126 1999
4 2142 2012 2013 2143
4 1998 1999 2013 2012
4 2125 2142 2143 2126
4 2001 2015 2144 2128
4 2002 2129 2145 2016
4 2001 2128 2129 2002
4 2144 2015 2016 2145
4 2001 2002 2016 2015
4 2128 2144 2145 2129
4 2002 2016 2145 2129
4 2003 2130 2146 2017
4 2002 2129 2130 2003
4 2145 2016 2017 2146
4 2002 2003 2017 2016
4 2129 2145 2146 2130
4 2003 2017 2146 2130
4 2004 2131 2147 2018
4 2003 2130 2131 2004
4 2146 2017 2018 2147
4 2003 2004 2018 2017
4 2130 2146 2147 2131
4 2004 2018 2147 2131
4 2005 2132 2148 2019
4 2004 2131 2132 2005
4 2147 2018 2019 2148
4 2004 2005 2019 2018
4 2131 2147 2148 2132
4 2005 2019 2148 2132
4 2006 2133 2149 2020
4 2005 2132 2133 2006
4 2148 2019 2020 2149
4 2005 2006 2020 2019
4 2132 2148 2149 2133
4 2006 2020 2149 2133
4 2007 2134 2150 2021
4 2006 2133 2134 2007
4 2149 2020 2021 2150
4 2006 2007 2021 2020
4 2133 2149 2150 2134
4 2009 2022 2152 2139
4 2010 2140 2153 2023
4 2009 2139 2140 2010
4 2152 2022 2023 2153
4 2009 2010 2023 2022
4 2139 2152 2153 2140
4 2010 2023 2153 2140
4 2011 2141 2154 2024
4 2010 2140 2141 2011
4 2153 2023 2024 2154
4 2010 2011 2024 2023
4 2140 2153 2154 2141
4 2011 2024 2154 2141
4 2012 2142 2155 2025
4 2011 2141 2142 2012
4 2154 2024 2025 2155
4 2011 2012 2025 2024
4 2141 2154 2155 2142
4 2012 2025 2155 2142
4 2013 2143 2156 2026
4 2012 2142 2143 2013
4 2155 2025 2026 2156
4 2012 2013 2026 2025
4 2142 2155 2156 2143
4 2028 2041 2176 2157
4 2029 2158 2177 2042
4 2028 2157 2158 2029
4 2176 2041 2042 2177
4 2028 2029 2042 2041
4 2157 2176 2177 2158
4 2029 2042 2177 2158
4 2030 2159 2178 2043
4 2029 2158 2159 2030
4 2177 2042 2043 2178
4 2029 2030 2043 2042
4 2158 2177 2178 2159
4 2030 2043 2178 2159
4 2031 2160 2179 2044
4 2030 2159 2160 2031
4 2178 2043 2044 2179
4 2030 2031 2044 2043
4 2159 2178 2179 2160
4 2031 2044 2179 2160
4 2032 2161 2180 2045
4 2031 2160 2161 2032
4 2179 2044 2045 2180
4 2031 2032 2045 2044
4 2160 2179 2180 2161
4 2032 2045 2180 2161
4 2033 2162 2181 2046
4 2032 2161 2162 2033
4 2180 2045 2046 2181
4 2032 2033 2046 2045
4 2161 2180 2181 2162
4 2033 2046 2181 2162
4 2034 2163 2182 2047
4 2033 2162 2163 2034
4 2181 2046 2047 2182
4 2033 2034 2047 2046
4 2162 2181 2182 2163
4 2035 2051 2190 2171
4 2036 2172 2191 2052
4 2035 2171 2172 2036
4 2190 2051 2052 2191
4 2035 2036 2052 2051
4 2171 2190 2191 2172
4 2036 2052 2191 2172
4 2037 2173 2192 2053
4 2036 2172 2173 2037
4 2191 2052 2053 2192
4 2036 2037 2053 2052
4 2172 2191 2192 2173
4 2037 2053 2192 2173
4 2038 2174 2193 2054
4 2037 2173 2174 2038
4 2192 2053 2054 2193
4 2037 2038 2054 2053
4 2173 2192 2193 2174
4 2040 2056 2194 2175
4 2041 2176 2195 2057
4 2040 2175 2176 2041
4 2194 2056 2057 2195
4 2040 2041 2057 2056
4 2175 2194 2195 2176
4 2041 2057 2195 2176
4 2042 2177 2196 2058
4 2041 2176 2177 2042
4 2195 2057 2058 2196
4 2041 2042 2058 2057
4 2176 2195 2196 2177
4 2042 2058 2196 2177
4 2043 2178 2197 2059
4 2042 2177 2178 2043
4 2196 2058 2059 2197
4 2042 2043 2059 2058
4 2177 2196 2197 2178
4 2043 2059 2197 2178
4 2044 2179 2198 2060
4 2043 2178 2179 2044
4 2197 2059 2060 2198
4 2043 2044 2060 2059
4 2178 2197 2198 2179
4 2045 2061 2199 2180
4 2046 2181 2200 2062
4 2045 2180 2181 2046
4 2199 2061 2062 2200
4 2045 2046 2062 2061
4 2180 2199 2200 2181
4 2046 2062 2200 2181
4 2047 2182 2201 2063
4 2046 2181 2182 2047
4 2200 2062 2063 2201
4 2046 2047 2063 2062
4 2181 2200 2201 2182
4 2047 2063 2201 2182
4 2048 2183 2202 2064
4 2047 2182 2183 2048
4 2201 2063 2064 2202
4 2047 2048 2064 2063
4 2182 2201 2202 2183
4 2049 2068 2207 2188
4 2050 2189 2208 2069
4 2049 2188 2189 2050
4 2207 2068 2069 2208
4 2049 2050 2069 2068
4 2188 2207 2208 2189
4 2050 2069 2208 2189
4 2051 2190 2209 2070
4 2050 2189 2190 2051
4 2208 2069 2070 2209
4 2050 2051 2070 2069
4 2189 2208 2209 2190
4 2051 2070 2209 2190
4 2052 2191 2210 2071
4 2051 2190 2191 2052
4 2209 2070 2071 2210
4 2051 2052 2071 2070
4 2190 2209 2210 2191
4 2053 2072 2211 2192
4 2054 2193 2212 2073
4 2053 2192 2193 2054
4 2211 2072 2073 2212
4 2053 2054 2073 2072
4 2192 2211 2212 2193
4 2056 2075 2213 2194
4 2057 2195 2214 2076
4 2056 2194 2195 2057
4 2213 2075 2076 2214
4 2056 2057 2076 2075
4 2194 2213 2214 2195
4 2057 2076 2214 2195
4 2058 2196 2215 2077
4 2057 2195 2196 2058
4 2214 2076 2077 2215
4 2057 2058 2077 2076
4 2195 2214 2215 2196
4 2058 2077 2215 2196
4 2059 2197 2216 2078
4 2058 2196 2197 2059
4 2215 2077 2078 2216
4 2058 2059 2078 2077
4 2196 2215 2216 2197
4 2061 2080 2218 2199
4 2062 2200 2219 2081
4 2061 2199 2200 2062
4 2218 2080 2081 2219
4 2061 2062 2081 2080
4 2199 2218 2219 2200
4 2062 2081 2219 2200
4 2063 2201 2220 2082
4 2062 2200 2201 2063
4 2219 2081 2082 2220
4 2062 2063 2082 2081
4 2200 2219 2220 2201
4 2063 2082 2220 2201
4 2064 2202 2221 2083
4 2063 2201 2202 2064
4 2220 2082 2083 2221
4 2063 2064 2083 2082
4 2201 2220 2221 2202
4 2064 2083 2221 2202
4 2065 2203 2222 2084
4 2064 2202 2203 2065
4 2221 2083 2084 2222
4 2064 2065 2084 2083
4 2202 2221 2222 2203
4 2065 2084 2222 2203
4 2066 2204 2223 2085
4 2065 2203 2204 2066
4 2222 2084 2085 2223
4 2065 2066 2085 2084
4 2203 2222 2223 2204
4 2067 2086 2225 2206
4 2068 2207 2226 2087
4 2067 2206 2207 2068
4 2225 2086 2087 2226
4 2067 2068 2087 2086
4 2206 2225 2226 2207
4 2068 2087 2226 2207
4 2069 2208 2227 2088
4 2068 2207 2208 2069
4 2226 2087 2088 2227
4 2068 2069 2088 2087
4 2207 2226 2227 2208
4 2069 2088 2227 2208
4 2070 2209 2228 2089
4 2069 2208 2209 2070
4 2227 2088 2089 2228
4 2069 2070 2089 2088
4 2208 2227 2228 2209
4 2072 2090 2229 2211
4 2073 2212 2230 2091
4 2072 2211 2212 2073
4 2229 2090 2091 2230
4 2072 2073 2091 2090
4 2211 2229 2230 2212
4 2075 2093 2231 2213
4 2076 2214 2232 2094
4 2075 2213 2214 2076
4 2231 2093 2094 2232
4 2075 2076 2094 2093
4 2213 2231 2232 2214
4 2076 2094 2232 2214
4 2077 2215 2233 2095
4 2076 2214 2215 2077
4 2232 2094 2095 2233
4 2076 2077 2095 2094
4 2214 2232 2233 2215
4 2081 2099 2237 2219
4 2082 2220 2238 2100
4 2081 2219 2220 2082
4 2237 2099 2100 2238
4 2081 2082 2100 2099
4 2219 2237 2238 2220
4 2082 2100 2238 2220
4 2083 2221 2239 2101
4 2082 2220 2221 2083
4 2238 2100 2101 2239
4 2082 2083 2101 2100
4 2220 2238 2239 2221
4 2083 2101 2239 2221
4 2084 2222 2240 2102
4 2083 2221 2222 2084
4 2239 2101 2102 2240
4 2083 2084 2102 2101
4 2221 2239 2240 2222
4 2084 2102 2240 2222
4 2085 2223 2241 2103
4 2084 2222 2223 2085
4 2240 2102 2103 2241
4 2084 2085 2103 2102
4 2222 2240 2241 2223
4 2086 2104 2243 2225
4 2087 2226 2244 2105
4 2086 2225 2226 2087
4 2243 2104 2105 2244
4 2086 2087 2105 2104
4 2225 2243 2244 2226
4 2087 2105 2244 2226
4 2088 2227 2245 2106
4 2087 2226 2227 2088
4 2244 2105 2106 2245
4 2087 2088 2106 2105
4 2226 2244 2245 2227
4 2088 2106 2245 2227
4 2089 2228 2246 2107
4 2088 2227 2228 2089
4 2245 2106 2107 2246
4 2088 2089 2107 2106
4 2227 2245 2246 2228
4 2090 2108 2247 2229
4 2091 2230 2248 2109
4 2090 2229 2230 2091
4 2247 2108 2109 2248
4 2090 2091 2109 2108
4 2229 2247 2248 2230
4 2093 2111 2249 2231
4 2094 2232 2250 2112
4 2093 2231 2232 2094
4 2249 2111 2112 2250
4 2093 2094 2112 2111
4 2231 2249 2250 2232
4 2094 2112 2250 2232
4 2095 2233 2251 2113
4 2094 2232 2233 2095
4 2250 2112 2113 2251
4 2094 2095 2113 2112
4 2232 2250 2251 2233
4 2095 2113 2251 2233
4 2096 2234 2252 2114
4 2095 2233 2234 2096
4 2251 2113 2114 2252
4 2095 2096 2114 2113
4 2233 2251 2252 2234
4 2098 2116 2254 2236
4 2099 2237 2255 2117
4 2098 2236 2237 2099
4 2254 2116 2117 2255
4 2098 2099 2117 2116
4 2236 2254 2255 2237
4 2099 2117 2255 2237
4 2100 2238 2256 2118
4 2099 2237 2238 2100
4 2255 2117 2118 2256
4 2099 2100 2118 2117
4 2237 2255 2256 2238
4 2100 2118 2256 2238
4 2101 2239 2257 2119
4 2100 2238 2239 2101
4 2256 2118 2119 2257
4 2100 2101 2119 2118
4 2238 2256 2257 2239
4 2101 2119 2257 2239
4 2102 2240 2258 2120
4 2101 2239 2240 2102
4 2257 2119 2120 2258
4 2101 2102 2120 2119
4 2239 2257 2258 2240
4 2102 2120 2258 2240
4 2103 2241 2259 2121
4 2102 2240 2241 2103
4 2258 2120 2121 2259
4 2102 2103 2121 2120
4 2240 2258 2259 2241
4 2105 2122 2262 2244
4 2106 2245 2263 2123
4 2105 2244 2245 2106
4 2262 2122 2123 2263
4 2105 2106 2123 2122
4 2244 2262 2263 2245
4 2106 2123 2263 2245
4 2107 2246 2264 2124
4 2106 2245 2246 2107
4 2263 2123 2124 2264
4 2106 2107 2124 2123
4 2245 2263 2264 2246
4 2108 2125 2266 2247
4 2109 2248 2267 2126
4 2108 2247 2248 2109
4 2266 2125 2126 2267
4 2108 2109 2126 2125
4 2247 2266 2267 2248
4 2111 2128 2268 2249
4 2112 2250 2269 2129
4 2111 2249 2250 2112
4 2268 2128 2129 2269
4 2111 2112 2129 2128
4 2249 2268 2269 2250
4 2112 2129 2269 2250
4 2113 2251 2270 2130
4 2112 2250 2251 2113
4 2269 2129 2130 2270
4 2112 2113 2130 2129
4 2250 2269 2270 2251
4 2113 2130 2270 2251
4 2114 2252 2271 2131
4 2113 2251 2252 2114
4 2270 2130 2131 2271
4 2113 2114 2131 2130
4 2251 2270 2271 2252
4 2114 2131 2271 2252
4 2115 2253 2272 2132
4 2114 2252 2253 2115
4 2271 2131 2132 2272
4 2114 2115 2132 2131
4 2252 2271 2272 2253
4 2116 2133 2273 2254
4 2117 2255 2274 2134
4 2116 2254 2255 2117
4 2273 2133 2134 2274
4 2116 2117 2134 2133
4 2254 2273 2274 2255
4 2117 2134 2274 2255
4 2118 2256 2275 2135
4 2117 2255 2256 2118
4 2274 2134 2135 2275
4 2117 2118 2135 2134
4 2255 2274 2275 2256
4 2118 2135 2275 2256
4 2119 2257 2276 2136
4 2118 2256 2257 2119
4 2275 2135 2136 2276
4 2118 2119 2136 2135
4 2256 2275 2276 2257
4 2119 2136 2276 2257
4 2120 2258 2277 2137
4 2119 2257 2258 2120
4 2276 2136 2137 2277
4 2119 2120 2137 2136
4 2257 2276 2277 2258
4 2122 2138 2281 2262
4 2123 2263 2282 2139
4 2122 2262 2263 2123
4 2281 2138 2139 2282
4 2122 2123 2139 2138
4 2262 2281 2282 2263
4 2123 2139 2282 2263
4 2124 2264 2283 2140
4 2123 2263 2264 2124
4 2282 2139 2140 2283
4 2123 2124 2140 2139
4 2263 2282 2283 2264
4 2125 2142 2285 2266
4 2126 2267 2286 2143
4 2125 2266 2267 2126
4 2285 2142 2143 2286
4 2125 2126 2143 2142
4 2266 2285 2286 2267
4 2129 2145 2287 2269
4 2130 2270 2288 2146
4 2129 2269 2270 2130
4 2287 2145 2146 2288
4 2129 2130 2146 2145
4 2269 2287 2288 2270
4 2130 2146 2288 2270
4 2131 2271 2289 2147
4 2130 2270 2271 2131
4 2288 2146 2147 2289
4 2130 2131 2147 2146
4 2270 2288 2289 2271
4 2131 2147 2289 2271
4 2132 2272 2290 2148
4 2131 2271 2272 2132
4 2289 2147 2148 2290
4 2131 2132 2148 2147
4 2271 2289 2290 2272
4 2132 2148 2290 2272
4 2133 2273 2291 2149
4 2132 2272 2273 2133
4 2290 2148 2149 2291
4 2132 2133 2149 2148
4 2272 2290 2291 2273
4 2133 2149 2291 2273
4 2134 2274 2292 2150
4 2133 2273 2274 2134
4 2291 2149 2150 2292
4 2133 2134 2150 2149
4 2273 2291 2292 2274
4 2134 2150 2292 2274
4 2135 2275 2293 2151
4 2134 2274 2275 2135
4 2292 2150 2151 2293
4 2134 2135 2151 2150
4 2274 2292 2293 2275
4 2139 2152 2298 2282
4 2140 2283 2299 2153
4 2139 2282 2283 2140
4 2298 2152 2153 2299
4 2139 2140 2153 2152
4 2282 2298 2299 2283
4 2140 2153 2299 2283
4 2141 2284 2300 2154
4 2140 2283 2284 2141
4 2299 2153 2154 2300
4 2140 2141 2154 2153
4 2283 2299 2300 2284
4 2141 2154 2300 2284
4 2142 2285 2301 2155
4 2141 2284 2285 2142
4 2300 2154 2155 2301
4 2141 2142 2155 2154
4 2284 2300 2301 2285
4 2142 2155 2301 2285
4 2143 2286 2302 2156
4 2142 2285 2286 2143
4 2301 2155 2156 2302
4 2142 2143 2156 2155
4 2285 2301 2302 2286
4 2159 2178 2320 2303
4 2160 2304 2321 2179
4 2159 2303 2304 2160
4 2320 2178 2179 2321
4 2159 2160 2179 2178
4 2303 2320 2321 2304
4 2160 2179 2321 2304
4 2161 2305 2322 2180
4 2160 2304 2305 2161
4 2321 2179 2180 2322
4 2160 2161 2180 2179
4 2304 2321 2322 2305
4 2161 2180 2322 2305
4 2162 2306 2323 2181
4 2161 2305 2306 2162
4 2322 2180 2181 2323
4 2161 2162 2181 2180
4 2305 2322 2323 2306
4 2162 2181 2323 2306
4 2163 2307 2324 2182
4 2162 2306 2307 2163
4 2323 2181 2182 2324
4 2162 2163 2182 2181
4 2306 2323 2324 2307
4 2163 2182 2324 2307
4 2164 2308 2325 2183
4 2163 2307 2308 2164
4 2324 2182 2183 2325
4 2163 2164 2183 2182
4 2307 2324 2325 2308
4 2164 2183 2325 2308
4 2165 2309 2326 2184
4 2164 2308 2309 2165
4 2325 2183 2184 2326
4 2164 2165 2184 2183
4 2308 2325 2326 2309
4 2165 2184 2326 2309
4 2166 2310 2327 2185
4 2165 2309 2310 2166
4 2326 2184 2185 2327
4 2165 2166 2185 2184
4 2309 2326 2327 2310
4 2166 2185 2327 2310
4 2167 2311 2328 2186
4 2166 2310 2311 2167
4 2327 2185 2186 2328
4 2166 2167 2186 2185
4 2310 2327 2328 2311
4 2168 2187 2329 2312
4 2169 2313 2330 2188
4 2168 2312 2313 2169
4 2329 2187 2188 2330
4 2168 2169 2188 2187
4 2312 2329 2330 2313
4 2169 2188 2330 2313
4 2170 2314 2331 2189
4 2169 2313 2314 2170
4 2330 2188 2189 2331
4 2169 2170 2189 2188
4 2313 2330 2331 2314
4 2170 2189 2331 2314
4 2171 2315 2332 2190
4 2170 2314 2315 2171
4 2331 2189 2190 2332
4 2170 2171 2190 2189
4 2314 2331 2332 2315
4 2171 2190 2332 2315
4 2172 2316 2333 2191
4 2171 2315 2316 2172
4 2332 2190 2191 2333
4 2171 2172 2191 2190
4 2315 2332 2333 2316
4 2172 2191 2333 2316
4 2173 2317 2334 2192
4 2172 2316 2317 2173
4 2333 2191 2192 2334
4 2172 2173 2192 2191
4 2316 2333 2334 2317
4 2173 2192 2334 2317
4 2174 2318 2335 2193
4 2173 2317 2318 2174
4 2334 2192 2193 2335
4 2173 2174 2193 2192
4 2317 2334 2335 2318
4 2177 2196 2337 2319
4 2178 2320 2338 2197
4 2177 2319 2320 2178
4 2337 2196 2197 2338
4 2177 2178 2197 2196
4 2319 2337 2338 2320
4 2178 2197 2338 2320
4 2179 2321 2339 2198
4 2178 2320 2321 2179
4 2338 2197 2198 2339
4 2178 2179 2198 2197
4 2320 2338 2339 2321
4 2179 2198 2339 2321
4 2180 2322 2340 2199
4 2179 2321 2322 2180
4 2339 2198 2199 2340
4 2179 2180 2199 2198
4 2321 2339 2340 2322
4 2181 2200 2341 2323
4 2182 2324 2342 2201
4 2181 2323 2324 2182
4 2341 2200 2201 2342
4 2181 2182 2201 2200
4 2323 2341 2342 2324
4 2182 2201 2342 2324
4 2183 2325 2343 2202
4 2182 2324 2325 2183
4 2342 2201 2202 2343
4 2182 2183 2202 2201
4 2324 2342 2343 2325
4 2183 2202 2343 2325
4 2184 2326 2344 2203
4 2183 2325 2326 2184
4 2343 2202 2203 2344
4 2183 2184 2203 2202
4 2325 2343 2344 2326
4 2184 2203 2344 2326
4 2185 2327 2345 2204
4 2184 2326 2327 2185
4 2344 2203 2204 2345
4 2184 2185 2204 2203
4 2326 2344 2345 2327
4 2185 2204 2345 2327
4 2186 2328 2346 2205
4 2185 2327 2328 2186
4 2345 2204 2205 2346
4 2185 2186 2205 2204
4 2327 2345 2346 2328
4 2186 2205 2346 2328
4 2187 2329 2347 2206
4 2186 2328 2329 2187
4 2346 2205 2206 2347
4 2186 2187 2206 2205
4 2328 2346 2347 2329
4 2187 2206 2347 2329
4 2188 2330 2348 2207
4 2187 2329 2330 2188
4 2347 2206 2207 2348
4 2187 2188 2207 2206
4 2329 2347 2348 2330
4 2188 2207 2348 2330
4 2189 2331 2349 2208
4 2188 2330 2331 2189
4 2348 2207 2208 2349
4 2188 2189 2208 2207
4 2330 2348 2349 2331
4 2189 2208 2349 2331
4 2190 2332 2350 2209
4 2189 2331 2332 2190
4 2349 2208 2209 2350
4 2189 2190 2209 2208
4 2331 2349 2350 2332
4 2190 2209 2350 2332
4 2191 2333 2351 2210
4 2190 2332 2333 2191
4 2350 2209 2210 2351
4 2190 2191 2210 2209
4 2332 2350 2351 2333
4 2191 2210 2351 2333
4 2192 2334 2352 2211
4 2191 2333 2334 2192
4 2351 2210 2211 2352
4 2191 2192 2211 2210
4 2333 2351 2352 2334
4 2192 2211 2352 2334
4 2193 2335 2353 2212
4 2192 2334 2335 2193
4 2352 2211 2212 2353
4 2192 2193 2212 2211
4 2334 2352 2353 2335
4 2195 2214 2354 2336
4 2196 2337 2355 2215
4 2195 2336 2337 2196
4 2354 2214 2215 2355
4 2195 2196 2215 2214
4 2336 2354 2355 2337
4 2196 2215 2355 2337
4 2197 2338 2356 2216
4 2196 2337 2338 2197
4 2355 2215 2216 2356
4 2196 2197 2216 2215
4 2337 2355 2356 2338
4 2197 2216 2356 2338
4 2198 2339 2357 2217
4 2197 2338 2339 2198
4 2356 2216 2217 2357
4 2197 2198 2217 2216
4 2338 2356 2357 2339
4 2201 2220 2360 2342
4 2202 2343 2361 2221
4 2201 2342 2343 2202
4 2360 2220 2221 2361
4 2201 2202 2221 2220
4 2342 2360 2361 2343
4 2202 2221 2361 2343
4 2203 2344 2362 2222
4 2202 2343 2344 2203
4 2361 2221 2222 2362
4 2202 2203 2222 2221
4 2343 2361 2362 2344
4 2203 2222 2362 2344
4 2204 2345 2363 2223
4 2203 2344 2345 2204
4 2362 2222 2223 2363
4 2203 2204 2223 2222
4 2344 2362 2363 2345
4 2204 2223 2363 2345
4 2205 2346 2364 2224
4 2204 2345 2346 2205
4 2363 2223 2224 2364
4 2204 2205 2224 2223
4 2345 2363 2364 2346
4 2205 2224 2364 2346
4 2206 2347 2365 2225
4 2205 2346 2347 2206
4 2364 2224 2225 2365
4 2205 2206 2225 2224
4 2346 2364 2365 2347
4 2206 2225 2365 2347
4 2207 2348 2366 2226
4 2206 2347 2348 2207
4 2365 2225 2226 2366
4 2206 2207 2226 2225
4 2347 2365 2366 2348
4 2207 2226 2366 2348
4 2208 2349 2367 2227
4 2207 2348 2349 2208
4 2366 2226 2227 2367
4 2207 2208 2227 2226
4 2348 2366 2367 2349
4 2211 2229 2370 2352
4 2212 2353 2371 2230
4 2211 2352 2353 2212
4 2370 2229 2230 2371
4 2211 2212 2230 2229
4 2352 2370 2371 2353
4 2214 2232 2372 2354
4 2215 2355 2373 2233
4 2214 2354 2355 2215
4 2372 2232 2233 2373
4 2214 2215 2233 2232
4 2354 2372 2373 2355
4 2215 2233 2373 2355
4 2216 2356 2374 2234
4 2215 2355 2356 2216
4 2373 2233 2234 2374
4 2215 2216 2234 2233
4 2355 2373 2374 2356
4 2216 2234 2374 2356
4 2217 2357 2375 2235
4 2216 2356 2357 2217
4 2374 2234 2235 2375
4 2216 2217 2235 2234
4 2356 2374 2375 2357
4 2222 2240 2379 2362
4 2223 2363 2380 2241
4 2222 2362 2363 2223
4 2379 2240 2241 2380
4 2222 2223 2241 2240
4 2362 2379 2380 2363
4 2223 2241 2380 2363
4 2224 2364 2381 2242
4 2223 2363 2364 2224
4 2380 2241 2242 2381
4 2223 2224 2242 2241
4 2363 2380 2381 2364
4 2224 2242 2381 2364
4 2225 2365 2382 2243
4 2224 2364 2365 2225
4 2381 2242 2243 2382
4 2224 2225 2243 2242
4 2364 2381 2382 2365
4 2225 2243 2382 2365
4 2226 2366 2383 2244
4 2225 2365 2366 2226
4 2382 2243 2244 2383
4 2225 2226 2244 2243
4 2365 2382 2383 2366
4 2226 2244 2383 2366
4 2227 2367 2384 2245
4 2226 2366 2367 2227
4 2383 2244 2245 2384
4 2226 2227 2245 2244
4 2366 2383 2384 2367
4 2229 2247 2387 2370
4 2230 2371 2388 2248
4 2229 2370 2371 2230
4 2387 2247 2248 2388
4 2229 2230 2248 2247
4 2370 2387 2388 2371
4 2232 2250 2389 2372
4 2233 2373 2390 2251
4 2232 2372 2373 2233
4 2389 2250 2251 2390
4 2232 2233 2251 2250
4 2372 2389 2390 2373
4 2233 2251 2390 2373
4 2234 2374 2391 2252
4 2233 2373 2374 2234
4 2390 2251 2252 2391
4 2233 2234 2252 2251
4 2373 2390 2391 2374
4 2234 2252 2391 2374
4 2235 2375 2392 2253
4 2234 2374 2375 2235
4 2391 2252 2253 2392
4 2234 2235 2253 2252
4 2374 2391 2392 2375
4 2239 2257 2396 2378
4 2240 2379 2397 2258
4 2239 2378 2379 2240
4 2396 2257 2258 2397
4 2239 2240 2258 2257
4 2378 2396 2397 2379
4 2240 2258 2397 2379
4 2241 2380 2398 2259
4 2240 2379 2380 2241
4 2397 2258 2259 2398
4 2240 2241 2259 2258
4 2379 2397 2398 2380
4 2241 2259 2398 2380
4 2242 2381 2399 2260
4 2241 2380 2381 2242
4 2398 2259 2260 2399
4 2241 2242 2260 2259
4 2380 2398 2399 2381
4 2242 2260 2399 2381
4 2243 2382 2400 2261
4 2242 2381 2382 2243
4 2399 2260 2261 2400
4 2242 2243 2261 2260
4 2381 2399 2400 2382
4 2243 2261 2400 2382
4 2244 2383 2401 2262
4 2243 2382 2383 2244
4 2400 2261 2262 2401
4 2243 2244 2262 2261
4 2382 2400 2401 2383
4 2244 2262 2401 2383
4 2245 2384 2402 2263
4 2244 2383 2384 2245
4 2401 2262 2263 2402
4 2244 2245 2263 2262
4 2383 2401 2402 2384
4 2247 2266 2405 2387
4 2248 2388 2406 2267
4 2247 2387 2388 2248
4 2405 2266 2267 2406
4 2247 2248 2267 2266
4 2387 2405 2406 2388
4 2251 2270 2407 2390
4 2252 2391 2408 2271
4 2251 2390 2391 2252
4 2407 2270 2271 2408
4 2251 2252 2271 2270
4 2390 2407 2408 2391
4 2252 2271 2408 2391
4 2253 2392 2409 2272
4 2252 2391 2392 2253
4 2408 2271 2272 2409
4 2252 2253 2272 2271
4 2391 2408 2409 2392
4 2253 2272 2409 2392
4 2254 2393 2410 2273
4 2253 2392 2393 2254
4 2409 2272 2273 2410
4 2253 2254 2273 2272
4 2392 2409 2410 2393
4 2255 2274 2411 2394
4 2256 2395 2412 2275
4 2255 2394 2395 2256
4 2411 2274 2275 2412
4 2255 2256 2275 2274
4 2394 2411 2412 2395
4 2256 2275 2412 2395
4 2257 2396 2413 2276
4 2256 2395 2396 2257
4 2412 2275 2276 2413
4 2256 2257 2276 2275
4 2395 2412 2413 2396
4 2257 2276 2413 2396
4 2258 2397 2414 2277
4 2257 2396 2397 2258
4 2413 2276 2277 2414
4 2257 2258 2277 2276
4 2396 2413 2414 2397
4 2258 2277 2414 2397
4 2259 2398 2415 2278
4 2258 2397 2398 2259
4 2414 2277 2278 2415
4 2258 2259 2278 2277
4 2397 2414 2415 2398
4 2259 2278 2415 2398
4 2260 2399 2416 2279
4 2259 2398 2399 2260
4 2415 2278 2279 2416
4 2259 2260 2279 2278
4 2398 2415 2416 2399
4 2260 2279 2416 2399
4 2261 2400 2417 2280
4 2260 2399 2400 2261
4 2416 2279 2280 2417
4 2260 2261 2280 2279
4 2399 2416 2417 2400
4 2261 2280 2417 2400
4 2262 2401 2418 2281
4 2261 2400 2401 2262
4 2417 2280 2281 2418
4 2261 2262 2281 2280
4 2400 2417 2418 2401
4 2262 2281 2418 2401
4 2263 2402 2419 2282
4 2262 2401 2402 2263
4 2418 2281 2282 2419
4 2262 2263 2282 2281
4 2401 2418 2419 2402
4 2263 2282 2419 2402
4 2264 2403 2420 2283
4 2263 2402 2403 2264
4 2419 2282 2283 2420
4 2263 2264 2283 2282
4 2402 2419 2420 2403
4 2265 2284 2421 2404
4 2266 2405 2422 2285
4 2265 2404 2405 2266
4 2421 2284 2285 2422
4 2265 2266 2285 2284
4 2404 2421 2422 2405
4 2266 2285 2422 2405
4 2267 2406 2423 2286
4 2266 2405 2406 2267
4 2422 2285 2286 2423
4 2266 2267 2286 2285
4 2405 2422 2423 2406
4 2271 2289 2424 2408
4 2272 2409 2425 2290
4 2271 2408 2409 2272
4 2424 2289 2290 2425
4 2271 2272 2290 2289
4 2408 2424 2425 2409
4 2272 2290 2425 2409
4 2273 2410 2426 2291
4 2272 2409 2410 2273
4 2425 2290 2291 2426
4 2272 2273 2291 2290
4 2409 2425 2426 2410
4 2273 2291 2426 2410
4 2274 2411 2427 2292
4 2273 2410 2411 2274
4 2426 2291 2292 2427
4 2273 2274 2292 2291
4 2410 2426 2427 2411
4 2274 2292 2427 2411
4 2275 2412 2428 2293
4 2274 2411 2412 2275
4 2427 2292 2293 2428
4 2274 2275 2293 2292
4 2411 2427 2428 2412
4 2275 2293 2428 2412
4 2276 2413 2429 2294
4 2275 2412 2413 2276
4 2428 2293 2294 2429
4 2275 2276 2294 2293
4 2412 2428 2429 2413
4 2276 2294 2429 2413
4 2277 2414 2430 2295
4 2276 2413 2414 2277
4 2429 2294 2295 2430
4 2276 2277 2295 2294
4 2413 2429 2430 2414
4 2277 2295 2430 2414
4 2278 2415 2431 2296
4 2277 2414 2415 2278
4 2430 2295 2296 2431
4 2277 2278 2296 2295
4 2414 2430 2431 2415
4 2281 2297 2434 2418
4 2282 2419 2435 2298
4 2281 2418 2419 2282
4 2434 2297 2298 2435
4 2281 2282 2298 2297
4 2418 2434 2435 2419
4 2282 2298 2435 2419
4 2283 2420 2436 2299
4 2282 2419 2420 2283
4 2435 2298 2299 2436
4 2282 2283 2299 2298
4 2419 2435 2436 2420
4 2283 2299 2436 2420
4 2284 2421 2437 2300
4 2283 2420 2421 2284
4 2436 2299 2300 2437
4 2283 2284 2300 2299
4 2420 2436 2437 2421
4 2284 2300 2437 2421
4 2285 2422 2438 2301
4 2284 2421 2422 2285
4 2437 2300 2301 2438
4 2284 2285 2301 2300
4 2421 2437 2438 2422
4 2285 2301 2438 2422
4 2286 2423 2439 2302
4 2285 2422 2423 2286
4 2438 2301 2302 2439
4 2285 2286 2302 2301
4 2422 2438 2439 2423
4 2304 2321 2455 2440
4 2305 2441 2456 2322
4 2304 2440 2441 2305
4 2455 2321 2322 2456
4 2304 2305 2322 2321
4 2440 2455 2456 2441
4 2305 2322 2456 2441
4 2306 2442 2457 2323
4 2305 2441 2442 2306
4 2456 2322 2323 2457
4 2305 2306 2323 2322
4 2441 2456 2457 2442
4 2306 2323 2457 2442
4 2307 2443 2458 2324
4 2306 2442 2443 2307
4 2457 2323 2324 2458
4 2306 2307 2324 2323
4 2442 2457 2458 2443
4 2307 2324 2458 2443
4 2308 2444 2459 2325
4 2307 2443 2444 2308
4 2458 2324 2325 2459
4 2307 2308 2325 2324
4 2443 2458 2459 2444
4 2308 2325 2459 2444
4 2309 2445 2460 2326
4 2308 2444 2445 2309
4 2459 2325 2326 2460
4 2308 2309 2326 2325
4 2444 2459 2460 2445
4 2309 2326 2460 2445
4 2310 2446 2461 2327
4 2309 2445 2446 2310
4 2460 2326 2327 2461
4 2309 2310 2327 2326
4 2445 2460 2461 2446
4 2310 2327 2461 2446
4 2311 2447 2462 2328
4 2310 2446 2447 2311
4 2461 2327 2328 2462
4 2310 2311 2328 2327
4 2446 2461 2462 2447
4 2311 2328 2462 2447
4 2312 2448 2463 2329
4 2311 2447 2448 2312
4 2462 2328 2329 2463
4 2311 2312 2329 2328
4 2447 2462 2463 2448
4 2312 2329 2463 2448
4 2313 2449 2464 2330
4 2312 2448 2449 2313
4 2463 2329 2330 2464
4 2312 2313 2330 2329
4 2448 2463 2464 2449
4 2313 2330 2464 2449
4 2314 2450 2465 2331
4 2313 2449 2450 2314
4 2464 2330 2331 2465
4 2313 2314 2331 2330
4 2449 2464 2465 2450
4 2314 2331 2465 2450
4 2315 2451 2466 2332
4 2314 2450 2451 2315
4 2465 2331 2332 2466
4 2314 2315 2332 2331
4 2450 2465 2466 2451
4 2315 2332 2466 2451
4 2316 2452 2467 2333
4 2315 2451 2452 2316
4 2466 2332 2333 2467
4 2315 2316 2333 2332
4 2451 2466 2467 2452
4 2316 2333 2467 2452
4 2317 2453 2468 2334
4 2316 2452 2453 2317
4 2467 2333 2334 2468
4 2316 2317 2334 2333
4 2452 2467 2468 2453
4 2320 2338 2470 2454
4 2321 2455 2471 2339
4 2320 2454 2455 2321
4 2470 2338 2339 2471
4 2320 2321 2339 2338
4 2454 2470 2471 2455
4 2321 2339 2471 2455
4 2322 2456 2472 2340
4 2321 2455 2456 2322
4 2471 2339 2340 2472
4 2321 2322 2340 2339
4 2455 2471 2472 2456
4 2322 2340 2472 2456
4 2323 2457 2473 2341
4 2322 2456 2457 2323
4 2472 2340 2341 2473
4 2322 2323 2341 2340
4 2456 2472 2473 2457
4 2323 2341 2473 2457
4 2324 2458 2474 2342
4 2323 2457 2458 2324
4 2473 2341 2342 2474
4 2323 2324 2342 2341
4 2457 2473 2474 2458
4 2327 2345 2477 2461
4 2328 2462 2478 2346
4 2327 2461 2462 2328
4 2477 2345 2346 2478
4 2327 2328 2346 2345
4 2461 2477 2478 2462
4 2328 2346 2478 2462
4 2329 2463 2479 2347
4 2328 2462 2463 2329
4 2478 2346 2347 2479
4 2328 2329 2347 2346
4 2462 2478 2479 2463
4 2332 2350 2482 2466
4 2333 2467 2483 2351
4 2332 2466 2467 2333
4 2482 2350 2351 2483
4 2332 2333 2351 2350
4 2466 2482 2483 2467
4 2333 2351 2483 2467
4 2334 2468 2484 2352
4 2333 2467 2468 2334
4 2483 2351 2352 2484
4 2333 2334 2352 2351
4 2467 2483 2484 2468
4 2334 2352 2484 2468
4 2335 2469 2485 2353
4 2334 2468 2469 2335
4 2484 2352 2353 2485
4 2334 2335 2353 2352
4 2468 2484 2485 2469
4 2338 2356 2486 2470
4 2339 2471 2487 2357
4 2338 2470 2471 2339
4 2486 2356 2357 2487
4 2338 2339 2357 2356
4 2470 2486 2487 2471
4 2339 2357 2487 2471
4 2340 2472 2488 2358
4 2339 2471 2472 2340
4 2487 2357 2358 2488
4 2339 2340 2358 2357
4 2471 2487 2488 2472
4 2340 2358 2488 2472
4 2341 2473 2489 2359
4 2340 2472 2473 2341
4 2488 2358 2359 2489
4 2340 2341 2359 2358
4 2472 2488 2489 2473
4 2350 2368 2493 2482
4 2351 2483 2494 2369
4 2350 2482 2483 2351
4 2493 2368 2369 2494
4 2350 2351 2369 2368
4 2482 2493 2494 2483
4 2351 2369 2494 2483
4 2352 2484 2495 2370
4 2351 2483 2484 2352
4 2494 2369 2370 2495
4 2351 2352 2370 2369
4 2483 2494 2495 2484
4 2352 2370 2495 2484
4 2353 2485 2496 2371
4 2352 2484 2485 2353
4 2495 2370 2371 2496
4 2352 2353 2371 2370
4 2484 2495 2496 2485
4 2356 2374 2497 2486
4 2357 2487 2498 2375
4 2356 2486 2487 2357
4 2497 2374 2375 2498
4 2356 2357 2375 2374
4 2486 2497 2498 2487
4 2357 2375 2498 2487
4 2358 2488 2499 2376
4 2357 2487 2488 2358
4 2498 2375 2376 2499
4 2357 2358 2376 2375
4 2487 2498 2499 2488
4 2358 2376 2499 2488
4 2359 2489 2500 2377
4 2358 2488 2489 2359
4 2499 2376 2377 2500
4 2358 2359 2377 2376
4 2488 2499 2500 2489
4 2369 2386 2506 2494
4 2370 2495 2507 2387
4 2369 2494 2495 2370
4 2506 2386 2387 2507
4 2369 2370 2387 2386
4 2494 2506 2507 2495
4 2370 2387 2507 2495
4 2371 2496 2508 2388
4 2370 2495 2496 2371
4 2507 2387 2388 2508
4 2370 2371 2388 2387
4 2495 2507 2508 2496
4 2374 2391 2509 2497
4 2375 2498 2510 2392
4 2374 2497 2498 2375
4 2509 2391 2392 2510
4 2374 2375 2392 2391
4 2497 2509 2510 2498
4 2375 2392 2510 2498
4 2376 2499 2511 2393
4 2375 2498 2499 2376
4 2510 2392 2393 2511
4 2375 2376 2393 2392
4 2498 2510 2511 2499
4 2376 2393 2511 2499
4 2377 2500 2512 2394
4 2376 2499 2500 2377
4 2511 2393 2394 2512
4 2376 2377 2394 2393
4 2499 2511 2512 2500
4 2385 2403 2521 2505
4 2386 2506 2522 2404
4 2385 2505 2506 2386
4 2521 2403 2404 2522
4 2385 2386 2404 2403
4 2505 2521 2522 2506
4 2386 2404 2522 2506
4 2387 2507 2523 2405
4 2386 2506 2507 2387
4 2522 2404 2405 2523
4 2386 2387 2405 2404
4 2506 2522 2523 2507
4 2387 2405 2523 2507
4 2388 2508 2524 2406
4 2387 2507 2508 2388
4 2523 2405 2406 2524
4 2387 2388 2406 2405
4 2507 2523 2524 2508
4 2391 2408 2525 2509
4 2392 2510 2526 2409
4 2391 2509 2510 2392
4 2525 2408 2409 2526
4 2391 2392 2409 2408
4 2509 2525 2526 2510
4 2392 2409 2526 2510
4 2393 2511 2527 2410
4 2392 2510 2511 2393
4 2526 2409 2410 2527
4 2392 2393 2410 2409
4 2510 2526 2527 2511
4 2393 2410 2527 2511
4 2394 2512 2528 2411
4 2393 2511 2512 2394
4 2527 2410 2411 2528
4 2393 2394 2411 2410
4 2511 2527 2528 2512
4 2394 2411 2528 2512
4 2395 2513 2529 2412
4 2394 2512 2513 2395
4 2528 2411 2412 2529
4 2394 2395 2412 2411
4 2512 2528 2529 2513
4 2397 2414 2531 2515
4 2398 2516 2532 2415
4 2397 2515 2516 2398
4 2531 2414 2415 2532
4 2397 2398 2415 2414
4 2515 2531 2532 2516
4 2398 2415 2532 2516
4 2399 2517 2533 2416
4 2398 2516 2517 2399
4 2532 2415 2416 2533
4 2398 2399 2416 2415
4 2516 2532 2533 2517
4 2399 2416 2533 2517
4 2400 2518 2534 2417
4 2399 2517 2518 2400
4 2533 2416 2417 2534
4 2399 2400 2417 2416
4 2517 2533 2534 2518
4 2400 2417 2534 2518
4 2401 2519 2535 2418
4 2400 2518 2519 2401
4 2534 2417 2418 2535
4 2400 2401 2418 2417
4 2518 2534 2535 2519
4 2403 2420 2537 2521
4 2404 2522 2538 2421
4 2403 2521 2522 2404
4 2537 2420 2421 2538
4 2403 2404 2421 2420
4 2521 2537 2538 2522
4 2404 2421 2538 2522
4 2405 2523 2539 2422
4 2404 2522 2523 2405
4 2538 2421 2422 2539
4 2404 2405 2422 2421
4 2522 2538 2539 2523
4 2405 2422 2539 2523
4 2406 2524 2540 2423
4 2405 2523 2524 2406
4 2539 2422 2423 2540
4 2405 2406 2423 2422
4 2523 2539 2540 2524
4 2409 2425 2541 2526
4 2410 2527 2542 2426
4 2409 2526 2527 2410
4 2541 2425 2426 2542
4 2409 2410 2426 2425
4 2526 2541 2542 2527
4 2410 2426 2542 2527
4 2411 2528 2543 2427
4 2410 2527 2528 2411
4 2542 2426 2427 2543
4 2410 2411 2427 2426
4 2527 2542 2543 2528
4 2411 2427 2543 2528
4 2412 2529 2544 2428
4 2411 2528 2529 2412
4 2543 2427 2428 2544
4 2411 2412 2428 2427
4 2528 2543 2544 2529
4 2412 2428 2544 2529
4 2413 2530 2545 2429
4 2412 2529 2530 2413
4 2544 2428 2429 2545
4 2412 2413 2429 2428
4 2529 2544 2545 2530
4 2413 2429 2545 2530
4 2414 2531 2546 2430
4 2413 2530 2531 2414
4 2545 2429 2430 2546
4 2413 2414 2430 2429
4 2530 2545 2546 2531
4 2414 2430 2546 2531
4 2415 2532 2547 2431
4 2414 2531 2532 2415
4 2546 2430 2431 2547
4 2414 2415 2431 2430
4 2531 2546 2547 2532
4 2415 2431 2547 2532
4 2416 2533 2548 2432
4 2415 2532 2533 2416
4 2547 2431 2432 2548
4 2415 2416 2432 2431
4 2532 2547 2548 2533
4 2416 2432 2548 2533
4 2417 2534 2549 2433
4 2416 2533 2534 2417
4 2548 2432 2433 2549
4 2416 2417 2433 2432
4 2533 2548 2549 2534
4 2417 2433 2549 2534
4 2418 2535 2550 2434
4 2417 2534 2535 2418
4 2549 2433 2434 2550
4 2417 2418 2434 2433
4 2534 2549 2550 2535
4 2418 2434 2550 2535
4 2419 2536 2551 2435
4 2418 2535 2536 2419
4 2550 2434 2435 2551
4 2418 2419 2435 2434
4 2535 2550 2551 2536
4 2419 2435 2551 2536
4 2420 2537 2552 2436
4 2419 2536 2537 2420
4 2551 2435 2436 2552
4 2419 2420 2436 2435
4 2536 2551 2552 2537
4 2420 2436 2552 2537
4 2421 2538 2553 2437
4 2420 2537 2538 2421
4 2552 2436 2437 2553
4 2420 2421 2437 2436
4 2537 2552 2553 2538
4 2421 2437 2553 2538
4 2422 2539 2554 2438
4 2421 2538 2539 2422
4 2553 2437 2438 2554
4 2421 2422 2438 2437
4 2538 2553 2554 2539
4 2442 2457 2567 2555
4 2443 2556 2568 2458
4 2442 2555 2556 2443
4 2567 2457 2458 2568
4 2442 2443 2458 2457
4 2555 2567 2568 2556
4 2443 2458 2568 2556
4 2444 2557 2569 2459
4 2443 2556 2557 2444
4 2568 2458 2459 2569
4 2443 2444 2459 2458
4 2556 2568 2569 2557
4 2444 2459 2569 2557
4 2445 2558 2570 2460
4 2444 2557 2558 2445
4 2569 2459 2460 2570
4 2444 2445 2460 2459
4 2557 2569 2570 2558
4 2445 2460 2570 2558
4 2446 2559 2571 2461
4 2445 2558 2559 2446
4 2570 2460 2461 2571
4 2445 2446 2461 2460
4 2558 2570 2571 2559
4 2446 2461 2571 2559
4 2447 2560 2572 2462
4 2446 2559 2560 2447
4 2571 2461 2462 2572
4 2446 2447 2462 2461
4 2559 2571 2572 2560
4 2447 2462 2572 2560
4 2448 2561 2573 2463
4 2447 2560 2561 2448
4 2572 2462 2463 2573
4 2447 2448 2463 2462
4 2560 2572 2573 2561
4 2448 2463 2573 2561
4 2449 2562 2574 2464
4 2448 2561 2562 2449
4 2573 2463 2464 2574
4 2448 2449 2464 2463
4 2561 2573 2574 2562
4 2449 2464 2574 2562
4 2450 2563 2575 2465
4 2449 2562 2563 2450
4 2574 2464 2465 2575
4 2449 2450 2465 2464
4 2562 2574 2575 2563
4 2450 2465 2575 2563
4 2451 2564 2576 2466
4 2450 2563 2564 2451
4 2575 2465 2466 2576
4 2450 2451 2466 2465
4 2563 2575 2576 2564
4 2451 2466 2576 2564
4 2452 2565 2577 2467
4 2451 2564 2565 2452
4 2576 2466 2467 2577
4 2451 2452 2467 2466
4 2564 2576 2577 2565
4 2456 2472 2578 2566
4 2457 2567 2579 2473
4 2456 2566 2567 2457
4 2578 2472 2473 2579
4 2456 2457 2473 2472
4 2566 2578 2579 2567
4 2457 2473 2579 2567
4 2458 2568 2580 2474
4 2457 2567 2568 2458
4 2579 2473 2474 2580
4 2457 2458 2474 2473
4 2567 2579 2580 2568
4 2458 2474 2580 2568
4 2459 2569 2581 2475
4 2458 2568 2569 2459
4 2580 2474 2475 2581
4 2458 2459 2475 2474
4 2568 2580 2581 2569
4 2459 2475 2581 2569
4 2460 2570 2582 2476
4 2459 2569 2570 2460
4 2581 2475 2476 2582
4 2459 2460 2476 2475
4 2569 2581 2582 2570
4 2460 2476 2582 2570
4 2461 2571 2583 2477
4 2460 2570 2571 2461
4 2582 2476 2477 2583
4 2460 2461 2477 2476
4 2570 2582 2583 2571
4 2461 2477 2583 2571
4 2462 2572 2584 2478
4 2461 2571 2572 2462
4 2583 2477 2478 2584
4 2461 2462 2478 2477
4 2571 2583 2584 2572
4 2462 2478 2584 2572
4 2463 2573 2585 2479
4 2462 2572 2573 2463
4 2584 2478 2479 2585
4 2462 2463 2479 2478
4 2572 2584 2585 2573
4 2463 2479 2585 2573
4 2464 2574 2586 2480
4 2463 2573 2574 2464
4 2585 2479 2480 2586
4 2463 2464 2480 2479
4 2573 2585 2586 2574
4 2464 2480 2586 2574
4 2465 2575 2587 2481
4 2464 2574 2575 2465
4 2586 2480 2481 2587
4 2464 2465 2481 2480
4 2574 2586 2587 2575
4 2465 2481 2587 2575
4 2466 2576 2588 2482
4 2465 2575 2576 2466
4 2587 2481 2482 2588
4 2465 2466 2482 2481
4 2575 2587 2588 2576
4 2466 2482 2588 2576
4 2467 2577 2589 2483
4 2466 2576 2577 2467
4 2588 2482 2483 2589
4 2466 2467 2483 2482
4 2576 2588 2589 2577
4 2472 2488 2591 2578
4 2473 2579 2592 2489
4 2472 2578 2579 2473
4 2591 2488 2489 2592
4 2472 2473 2489 2488
4 2578 2591 2592 2579
4 2473 2489 2592 2579
4 2474 2580 2593 2490
4 2473 2579 2580 2474
4 2592 2489 2490 2593
4 2473 2474 2490 2489
4 2579 2592 2593 2580
4 2474 2490 2593 2580
4 2475 2581 2594 2491
4 2474 2580 2581 2475
4 2593 2490 2491 2594
4 2474 2475 2491 2490
4 2580 2593 2594 2581
4 2481 2492 2600 2587
4 2482 2588 2601 2493
4 2481 2587 2588 2482
4 2600 2492 2493 2601
4 2481 2482 2493 2492
4 2587 2600 2601 2588
4 2482 2493 2601 2588
4 2483 2589 2602 2494
4 2482 2588 2589 2483
4 2601 2493 2494 2602
4 2482 2483 2494 2493
4 2588 2601 2602 2589
4 2483 2494 2602 2589
4 2484 2590 2603 2495
4 2483 2589 2590 2484
4 2602 2494 2495 2603
4 2483 2484 2495 2494
4 2589 2602 2603 2590
4 2488 2499 2604 2591
4 2489 2592 2605 2500
4 2488 2591 2592 2489
4 2604 2499 2500 2605
4 2488 2489 2500 2499
4 2591 2604 2605 2592
4 2489 2500 2605 2592
4 2490 2593 2606 2501
4 2489 2592 2593 2490
4 2605 2500 2501 2606
4 2489 2490 2501 2500
4 2592 2605 2606 2593
4 2490 2501 2606 2593
4 2491 2594 2607 2502
4 2490 2593 2594 2491
4 2606 2501 2502 2607
4 2490 2491 2502 2501
4 2593 2606 2607 2594
4 2492 2504 2613 2600
4 2493 2601 2614 2505
4 2492 2600 2601 2493
4 2613 2504 2505 2614
4 2492 2493 2505 2504
4 2600 2613 2614 2601
4 2493 2505 2614 2601
4 2494 2602 2615 2506
4 2493 2601 2602 2494
4 2614 2505 2506 2615
4 2493 2494 2506 2505
4 2601 2614 2615 2602
4 2494 2506 2615 2602
4 2495 2603 2616 2507
4 2494 2602 2603 2495
4 2615 2506 2507 2616
4 2494 2495 2507 2506
4 2602 2615 2616 2603
4 2499 2511 2617 2604
4 2500 2605 2618 2512
4 2499 2604 2605 2500
4 2617 2511 2512 2618
4 2499 2500 2512 2511
4 2604 2617 2618 2605
4 2500 2512 2618 2605
4 2501 2606 2619 2513
4 2500 2605 2606 2501
4 2618 2512 2513 2619
4 2500 2501 2513 2512
4 2605 2618 2619 2606
4 2501 2513 2619 2606
4 2502 2607 2620 2514
4 2501 2606 2607 2502
4 2619 2513 2514 2620
4 2501 2502 2514 2513
4 2606 2619 2620 2607
4 2503 2519 2625 2612
4 2504 2613 2626 2520
4 2503 2612 2613 2504
4 2625 2519 2520 2626
4 2503 2504 2520 2519
4 2612 2625 2626 2613
4 2504 2520 2626 2613
4 2505 2614 2627 2521
4 2504 2613 2614 2505
4 2626 2520 2521 2627
4 2504 2505 2521 2520
4 2613 2626 2627 2614
4 2505 2521 2627 2614
4 2506 2615 2628 2522
4 2505 2614 2615 2506
4 2627 2521 2522 2628
4 2505 2506 2522 2521
4 2614 2627 2628 2615
4 2506 2522 2628 2615
4 2507 2616 2629 2523
4 2506 2615 2616 2507
4 2628 2522 2523 2629
4 2506 2507 2523 2522
4 2615 2628 2629 2616
4 2511 2527 2630 2617
4 2512 2618 2631 2528
4 2511 2617 2618 2512
4 2630 2527 2528 2631
4 2511 2512 2528 2527
4 2617 2630 2631 2618
4 2512 2528 2631 2618
4 2513 2619 2632 2529
4 2512 2618 2619 2513
4 2631 2528 2529 2632
4 2512 2513 2529 2528
4 2618 2631 2632 2619
4 2513 2529 2632 2619
4 2514 2620 2633 2530
4 2513 2619 2620 2514
4 2632 2529 2530 2633
4 2513 2514 2530 2529
4 2619 2632 2633 2620
4 2514 2530 2633 2620
4 2515 2621 2634 2531
4 2514 2620 2621 2515
4 2633 2530 2531 2634
4 2514 2515 2531 2530
4 2620 2633 2634 2621
4 2515 2531 2634 2621
4 2516 2622 2635 2532
4 2515 2621 2622 2516
4 2634 2531 2532 2635
4 2515 2516 2532 2531
4 2621 2634 2635 2622
4 2516 2532 2635 2622
4 2517 2623 2636 2533
4 2516 2622 2623 2517
4 2635 2532 2533 2636
4 2516 2517 2533 2532
4 2622 2635 2636 2623
4 2518 2534 2637 2624
4 2519 2625 2638 2535
4 2518 2624 2625 2519
4 2637 2534 2535 2638
4 2518 2519 2535 2534
4 2624 2637 2638 2625
4 2519 2535 2638 2625
4 2520 2626 2639 2536
4 2519 2625 2626 2520
4 2638 2535 2536 2639
4 2519 2520 2536 2535
4 2625 2638 2639 2626
4 2520 2536 2639 2626
4 2521 2627 2640 2537
4 2520 2626 2627 2521
4 2639 2536 2537 2640
4 2520 2521 2537 2536
4 2626 2639 2640 2627
4 2521 2537 2640 2627
4 2522 2628 2641 2538
4 2521 2627 2628 2522
4 2640 2537 2538 2641
4 2521 2522 2538 2537
4 2627 2640 2641 2628
4 2528 2543 2642 2631
4 2529 2632 2643 2544
4 2528 2631 2632 2529
4 2642 2543 2544 2643
4 2528 2529 2544 2543
4 2631 2642 2643 2632
4 2529 2544 2643 2632
4 2530 2633 2644 2545
4 2529 2632 2633 2530
4 2643 2544 2545 2644
4 2529 2530 2545 2544
4 2632 2643 2644 2633
4 2530 2545 2644 2633
4 2531 2634 2645 2546
4 2530 2633 2634 2531
4 2644 2545 2546 2645
4 2530 2531 2546 2545
4 2633 2644 2645 2634
4 2531 2546 2645 2634
4 2532 2635 2646 2547
4 2531 2634 2635 2532
4 2645 2546 2547 2646
4 2531 2532 2547 2546
4 2634 2645 2646 2635
4 2532 2547 2646 2635
4 2533 2636 2647 2548
4 2532 2635 2636 2533
4 2646 2547 2548 2647
4 2532 2533 2548 2547
4 2635 2646 2647 2636
4 2533 2548 2647 2636
4 2534 2637 2648 2549
4 2533 2636 2637 2534
4 2647 2548 2549 2648
4 2533 2534 2549 2548
4 2636 2647 2648 2637
4 2534 2549 2648 2637
4 2535 2638 2649 2550
4 2534 2637 2638 2535
4 2648 2549 2550 2649
4 2534 2535 2550 2549
4 2637 2648 2649 2638
4 2535 2550 2649 2638
4 2536 2639 2650 2551
4 2535 2638 2639 2536
4 2649 2550 2551 2650
4 2535 2536 2551 2550
4 2638 2649 2650 2639
4 2536 2551 2650 2639
4 2537 2640 2651 2552
4 2536 2639 2640 2537
4 2650 2551 2552 2651
4 2536 2537 2552 2551
4 2639 2650 2651 2640
4 2537 2552 2651 2640
4 2538 2641 2652 2553
4 2537 2640 2641 2538
4 2651 2552 2553 2652
4 2537 2538 2553 2552
4 2640 2651 2652 2641
4 2561 2573 2660 2653
4 2562 2654 2661 2574
4 2561 2653 2654 2562
4 2660 2573 2574 2661
4 2561 2562 2574 2573
4 2653 2660 2661 2654
4 2568 2580 2664 2655
4 2569 2656 2665 2581
4 2568 2655 2656 2569
4 2664 2580 2581 2665
4 2568 2569 2581 2580
4 2655 2664 2665 2656
4 2569 2581 2665 2656
4 2570 2657 2666 2582
4 2569 2656 2657 2570
4 2665 2581 2582 2666
4 2569 2570 2582 2581
4 2656 2665 2666 2657
4 2570 2582 2666 2657
4 2571 2658 2667 2583
4 2570 2657 2658 2571
4 2666 2582 2583 2667
4 2570 2571 2583 2582
4 2657 2666 2667 2658
4 2571 2583 2667 2658
4 2572 2659 2668 2584
4 2571 2658 2659 2572
4 2667 2583 2584 2668
4 2571 2572 2584 2583
4 2658 2667 2668 2659
4 2572 2584 2668 2659
4 2573 2660 2669 2585
4 2572 2659 2660 2573
4 2668 2584 2585 2669
4 2572 2573 2585 2584
4 2659 2668 2669 2660
4 2573 2585 2669 2660
4 2574 2661 2670 2586
4 2573 2660 2661 2574
4 2669 2585 2586 2670
4 2573 2574 2586 2585
4 2660 2669 2670 2661
4 2574 2586 2670 2661
4 2575 2662 2671 2587
4 2574 2661 2662 2575
4 2670 2586 2587 2671
4 2574 2575 2587 2586
4 2661 2670 2671 2662
4 2575 2587 2671 2662
4 2576 2663 2672 2588
4 2575 2662 2663 2576
4 2671 2587 2588 2672
4 2575 2576 2588 2587
4 2662 2671 2672 2663
4 2580 2593 2673 2664
4 2581 2665 2674 2594
4 2580 2664 2665 2581
4 2673 2593 2594 2674
4 2580 2581 2594 2593
4 2664 2673 2674 2665
4 2581 2594 2674 2665
4 2582 2666 2675 2595
4 2581 2665 2666 2582
4 2674 2594 2595 2675
4 2581 2582 2595 2594
4 2665 2674 2675 2666
4 2582 2595 2675 2666
4 2583 2667 2676 2596
4 2582 2666 2667 2583
4 2675 2595 2596 2676
4 2582 2583 2596 2595
4 2666 2675 2676 2667
4 2583 2596 2676 2667
4 2584 2668 2677 2597
4 2583 2667 2668 2584
4 2676 2596 2597 2677
4 2583 2584 2597 2596
4 2667 2676 2677 2668
4 2584 2597 2677 2668
4 2585 2669 2678 2598
4 2584 2668 2669 2585
4 2677 2597 2598 2678
4 2584 2585 2598 2597
4 2668 2677 2678 2669
4 2585 2598 2678 2669
4 2586 2670 2679 2599
4 2585 2669 2670 2586
4 2678 2598 2599 2679
4 2585 2586 2599 2598
4 2669 2678 2679 2670
4 2586 2599 2679 2670
4 2587 2671 2680 2600
4 2586 2670 2671 2587
4 2679 2599 2600 2680
4 2586 2587 2600 2599
4 2670 2679 2680 2671
4 2587 2600 2680 2671
4 2588 2672 2681 2601
4 2587 2671 2672 2588
4 2680 2600 2601 2681
4 2587 2588 2601 2600
4 2671 2680 2681 2672
4 2593 2606 2682 2673
4 2594 2674 2683 2607
4 2593 2673 2674 2594
4 2682 2606 2607 2683
4 2593 2594 2607 2606
4 2673 2682 2683 2674
4 2594 2607 2683 2674
4 2595 2675 2684 2608
4 2594 2674 2675 2595
4 2683 2607 2608 2684
4 2594 2595 2608 2607
4 2674 2683 2684 2675
4 2595 2608 2684 2675
4 2596 2676 2685 2609
4 2595 2675 2676 2596
4 2684 2608 2609 2685
4 2595 2596 2609 2608
4 2675 2684 2685 2676
4 2596 2609 2685 2676
4 2597 2677 2686 2610
4 2596 2676 2677 2597
4 2685 2609 2610 2686
4 2596 2597 2610 2609
4 2676 2685 2686 2677
4 2597 2610 2686 2677
4 2598 2678 2687 2611
4 2597 2677 2678 2598
4 2686 2610 2611 2687
4 2597 2598 2611 2610
4 2677 2686 2687 2678
4 2598 2611 2687 2678
4 2599 2679 2688 2612
4 2598 2678 2679 2599
4 2687 2611 2612 2688
4 2598 2599 2612 2611
4 2678 2687 2688 2679
4 2599 2612 2688 2679
4 2600 2680 2689 2613
4 2599 2679 2680 2600
4 2688 2612 2613 2689
4 2599 2600 2613 2612
4 2679 2688 2689 2680
4 2600 2613 2689 2680
4 2601 2681 2690 2614
4 2600 2680 2681 2601
4 2689 2613 2614 2690
4 2600 2601 2614 2613
4 2680 2689 2690 2681
4 2606 2619 2691 2682
4 2607 2683 2692 2620
4 2606 2682 2683 2607
4 2691 2619 2620 2692
4 2606 2607 2620 2619
4 2682 2691 2692 2683
4 2607 2620 2692 2683
4 2608 2684 2693 2621
4 2607 2683 2684 2608
4 2692 2620 2621 2693
4 2607 2608 2621 2620
4 2683 2692 2693 2684
4 2608 2621 2693 2684
4 2609 2685 2694 2622
4 2608 2684 2685 2609
4 2693 2621 2622 2694
4 2608 2609 2622 2621
4 2684 2693 2694 2685
4 2609 2622 2694 2685
4 2610 2686 2695 2623
4 2609 2685 2686 2610
4 2694 2622 2623 2695
4 2609 2610 2623 2622
4 2685 2694 2695 2686
4 2610 2623 2695 2686
4 2611 2687 2696 2624
4 2610 2686 2687 2611
4 2695 2623 2624 2696
4 2610 2611 2624 2623
4 2686 2695 2696 2687
4 2611 2624 2696 2687
4 2612 2688 2697 2625
4 2611 2687 2688 2612
4 2696 2624 2625 2697
4 2611 2612 2625 2624
4 2687 2696 2697 2688
4 2612 2625 2697 2688
4 2613 2689 2698 2626
4 2612 2688 2689 2613
4 2697 2625 2626 2698
4 2612 2613 2626 2625
4 2688 2697 2698 2689
4 2613 2626 2698 2689
4 2614 2690 2699 2627
4 2613 2689 2690 2614
4 2698 2626 2627 2699
4 2613 2614 2627 2626
4 2689 2698 2699 2690
4 2619 2632 2700 2691
4 2620 2692 2701 2633
4 2619 2691 2692 2620
4 2700 2632 2633 2701
4 2619 2620 2633 2632
4 2691 2700 2701 2692
4 2620 2633 2701 2692
4 2621 2693 2702 2634
4 2620 2692 2693 2621
4 2701 2633 2634 2702
4 2620 2621 2634 2633
4 2692 2701 2702 2693
4 2621 2634 2702 2693
4 2622 2694 2703 2635
4 2621 2693 2694 2622
4 2702 2634 2635 2703
4 2621 2622 2635 2634
4 2693 2702 2703 2694
4 2622 2635 2703 2694
4 2623 2695 2704 2636
4 2622 2694 2695 2623
4 2703 2635 2636 2704
4 2622 2623 2636 2635
4 2694 2703 2704 2695
4 2623 2636 2704 2695
4 2624 2696 2705 2637
4 2623 2695 2696 2624
4 2704 2636 2637 2705
4 2623 2624 2637 2636
4 2695 2704 2705 2696
4 2624 2637 2705 2696
4 2625 2697 2706 2638
4 2624 2696 2697 2625
4 2705 2637 2638 2706
4 2624 2625 2638 2637
4 2696 2705 2706 2697
4 2625 2638 2706 2697
4 2626 2698 2707 2639
4 2625 2697 2698 2626
4 2706 2638 2639 2707
4 2625 2626 2639 2638
4 2697 2706 2707 2698
4 2626 2639 2707 2698
4 2627 2699 2708 2640
4 2626 2698 2699 2627
4 2707 2639 2640 2708
4 2626 2627 2640 2639
4 2698 2707 2708 2699
4 2635 2646 2709 2703
4 2636 2704 2710 2647
4 2635 2703 2704 2636
4 2709 2646 2647 2710
4 2635 2636 2647 2646
4 2703 2709 2710 2704
4 2636 2647 2710 2704
4 2637 2705 2711 2648
4 2636 2704 2705 2637
4 2710 2647 2648 2711
4 2636 2637 2648 2647
4 2704 2710 2711 2705
4 2637 2648 2711 2705
4 2638 2706 2712 2649
4 2637 2705 2706 2638
4 2711 2648 2649 2712
4 2637 2638 2649 2648
4 2705 2711 2712 2706
