ply
format ascii 1.0
element vertex 2098
property float x
property float y
property float z
element face 6402
property list uchar int vertex_indices
end_header
-0.750000 -0.225000 -0.675000
-0.750000 -0.225000 -0.600000
-0.750000 -0.225000 -0.525000
-0.750000 -0.225000 -0.450000
-0.750000 -0.150000 -0.750000
-0.750000 -0.150000 -0.675000
-0.750000 -0.150000 -0.600000
-0.750000 -0.150000 -0.525000
-0.750000 -0.150000 -0.450000
-0.750000 -0.075000 -0.750000
-0.750000 -0.075000 -0.675000
-0.750000 -0.075000 -0.600000
-0.750000 -0.075000 -0.525000
-0.750000 -0.075000 -0.450000
-0.750000 0.000000 -0.750000
-0.750000 0.000000 -0.675000
-0.750000 0.000000 -0.600000
-0.750000 0.000000 -0.525000
-0.750000 0.000000 -0.450000
-0.750000 0.075000 -0.750000
-0.750000 0.075000 -0.675000
-0.750000 0.075000 -0.600000
-0.750000 0.075000 -0.525000
-0.750000 0.075000 -0.450000
-0.750000 0.150000 -0.675000
-0.750000 0.150000 -0.600000
-0.750000 0.150000 -0.525000
-0.750000 0.150000 -0.450000
-0.675000 -0.300000 -0.750000
-0.675000 -0.300000 -0.675000
-0.675000 -0.300000 -0.600000
-0.675000 -0.225000 -0.750000
-0.675000 -0.225000 -0.675000
-0.675000 -0.225000 -0.600000
-0.675000 -0.225000 -0.525000
-0.675000 -0.225000 -0.450000
-0.675000 -0.150000 -0.825000
-0.675000 -0.150000 -0.750000
-0.675000 -0.150000 -0.675000
-0.675000 -0.150000 -0.600000
-0.675000 -0.150000 -0.525000
-0.675000 -0.150000 -0.450000
-0.675000 -0.075000 -0.825000
-0.675000 -0.075000 -0.750000
-0.675000 -0.075000 -0.675000
-0.675000 -0.075000 -0.600000
-0.675000 -0.075000 -0.525000
-0.675000 -0.075000 -0.450000
-0.675000 0.000000 -0.825000
-0.675000 0.000000 -0.750000
-0.675000 0.000000 -0.675000
-0.675000 0.000000 -0.600000
-0.675000 0.000000 -0.525000
-0.675000 0.000000 -0.450000
-0.675000 0.075000 -0.750000
-0.675000 0.075000 -0.675000
-0.675000 0.075000 -0.600000
-0.675000 0.075000 -0.525000
-0.675000 0.075000 -0.450000
-0.675000 0.150000 -0.750000
-0.675000 0.150000 -0.675000
-0.675000 0.150000 -0.600000
-0.675000 0.150000 -0.525000
-0.675000 0.150000 -0.450000
-0.675000 0.225000 -0.675000
-0.675000 0.225000 -0.600000
-0.600000 -0.300000 -0.750000
-0.600000 -0.300000 -0.675000
-0.600000 -0.300000 -0.600000
-0.600000 -0.225000 -0.825000
-0.600000 -0.225000 -0.750000
-0.600000 -0.225000 -0.675000
-0.600000 -0.225000 -0.600000
-0.600000 -0.225000 -0.525000
-0.600000 -0.225000 -0.450000
-0.600000 -0.150000 -0.825000
-0.600000 -0.150000 -0.750000
-0.600000 -0.150000 -0.675000
-0.600000 -0.150000 -0.600000
-0.600000 -0.150000 -0.525000
-0.600000 -0.150000 -0.450000
-0.600000 -0.075000 -0.825000
-0.600000 -0.075000 -0.750000
-0.600000 -0.075000 -0.675000
-0.600000 -0.075000 -0.600000
-0.600000 -0.075000 -0.525000
-0.600000 -0.075000 -0.450000
-0.600000 0.000000 -0.825000
-0.600000 0.000000 -0.750000
-0.600000 0.000000 -0.675000
-0.600000 0.000000 -0.600000
-0.600000 0.000000 -0.525000
-0.600000 0.000000 -0.450000
-0.600000 0.075000 -0.825000
-0.600000 0.075000 -0.750000
-0.600000 0.075000 -0.675000
-0.600000 0.075000 -0.600000
-0.600000 0.075000 -0.525000
-0.600000 0.075000 -0.450000
-0.600000 0.150000 -0.825000
-0.600000 0.150000 -0.750000
-0.600000 0.150000 -0.675000
-0.600000 0.150000 -0.600000
-0.600000 0.150000 -0.525000
-0.600000 0.225000 -0.750000
-0.600000 0.225000 -0.675000
-0.600000 0.225000 -0.600000
-0.525000 -0.300000 -0.750000
-0.525000 -0.300000 -0.675000
-0.525000 -0.300000 -0.600000
-0.525000 -0.225000 -0.825000
-0.525000 -0.225000 -0.750000
-0.525000 -0.225000 -0.675000
-0.525000 -0.225000 -0.600000
-0.525000 -0.225000 -0.525000
-0.525000 -0.225000 -0.450000
-0.525000 -0.150000 -0.825000
-0.525000 -0.150000 -0.750000
-0.525000 -0.150000 -0.675000
-0.525000 -0.150000 -0.600000
-0.525000 -0.150000 -0.525000
-0.525000 -0.150000 -0.450000
-0.525000 -0.075000 -0.900000
-0.525000 -0.075000 -0.825000
-0.525000 -0.075000 -0.750000
-0.525000 -0.075000 -0.675000
-0.525000 -0.075000 -0.600000
-0.525000 -0.075000 -0.525000
-0.525000 -0.075000 -0.450000
-0.525000 0.000000 -0.900000
-0.525000 0.000000 -0.825000
-0.525000 0.000000 -0.750000
-0.525000 0.000000 -0.675000
-0.525000 0.000000 -0.600000
-0.525000 0.000000 -0.525000
-0.525000 0.000000 -0.450000
-0.525000 0.075000 -0.900000
-0.525000 0.075000 -0.825000
-0.525000 0.075000 -0.750000
-0.525000 0.075000 -0.675000
-0.525000 0.075000 -0.600000
-0.525000 0.075000 -0.525000
-0.525000 0.150000 -0.825000
-0.525000 0.150000 -0.750000
-0.525000 0.150000 -0.675000
-0.525000 0.150000 -0.600000
-0.525000 0.150000 -0.525000
-0.525000 0.225000 -0.750000
-0.525000 0.225000 -0.675000
-0.525000 0.225000 -0.600000
-0.450000 -0.300000 -0.825000
-0.450000 -0.300000 -0.750000
-0.450000 -0.300000 -0.675000
-0.450000 -0.300000 -0.600000
-0.450000 -0.225000 -0.900000
-0.450000 -0.225000 -0.825000
-0.450000 -0.225000 -0.750000
-0.450000 -0.225000 -0.675000
-0.450000 -0.225000 -0.600000
-0.450000 -0.150000 -0.900000
-0.450000 -0.150000 -0.825000
-0.450000 -0.150000 -0.750000
-0.450000 -0.150000 -0.675000
-0.450000 -0.150000 -0.600000
-0.450000 -0.150000 -0.525000
-0.450000 -0.075000 -0.900000
-0.450000 -0.075000 -0.825000
-0.450000 -0.075000 -0.750000
-0.450000 -0.075000 -0.675000
-0.450000 -0.075000 -0.600000
-0.450000 -0.075000 -0.525000
-0.450000 0.000000 -0.900000
-0.450000 0.000000 -0.825000
-0.450000 0.000000 -0.750000
-0.450000 0.000000 -0.675000
-0.450000 0.000000 -0.600000
-0.450000 0.000000 -0.525000
-0.450000 0.075000 -0.900000
-0.450000 0.075000 -0.825000
-0.450000 0.075000 -0.750000
-0.450000 0.075000 -0.675000
-0.450000 0.075000 -0.600000
-0.450000 0.075000 -0.525000
-0.450000 0.150000 -0.900000
-0.450000 0.150000 -0.825000
-0.450000 0.150000 -0.750000
-0.450000 0.150000 -0.675000
-0.450000 0.150000 -0.600000
-0.450000 0.225000 -0.825000
-0.450000 0.225000 -0.750000
-0.450000 0.225000 -0.675000
-0.450000 0.225000 -0.600000
-0.375000 -0.300000 -0.825000
-0.375000 -0.300000 -0.750000
-0.375000 -0.300000 -0.675000
-0.375000 -0.300000 -0.075000
-0.375000 -0.300000 0.000000
-0.375000 -0.300000 0.075000
-0.375000 -0.225000 -0.900000
-0.375000 -0.225000 -0.825000
-0.375000 -0.225000 -0.750000
-0.375000 -0.225000 -0.675000
-0.375000 -0.225000 -0.600000
-0.375000 -0.225000 -0.150000
-0.375000 -0.225000 -0.075000
-0.375000 -0.225000 0.000000
-0.375000 -0.225000 0.075000
-0.375000 -0.225000 0.150000
-0.375000 -0.225000 0.450000
-0.375000 -0.225000 0.525000
-0.375000 -0.225000 0.600000
-0.375000 -0.225000 0.675000
-0.375000 -0.150000 -0.900000
-0.375000 -0.150000 -0.825000
-0.375000 -0.150000 -0.750000
-0.375000 -0.150000 -0.675000
-0.375000 -0.150000 -0.600000
-0.375000 -0.150000 -0.150000
-0.375000 -0.150000 -0.075000
-0.375000 -0.150000 0.000000
-0.375000 -0.150000 0.075000
-0.375000 -0.150000 0.150000
-0.375000 -0.150000 0.375000
-0.375000 -0.150000 0.450000
-0.375000 -0.150000 0.525000
-0.375000 -0.150000 0.600000
-0.375000 -0.150000 0.675000
-0.375000 -0.150000 0.750000
-0.375000 -0.075000 -0.900000
-0.375000 -0.075000 -0.825000
-0.375000 -0.075000 -0.750000
-0.375000 -0.075000 -0.675000
-0.375000 -0.075000 -0.600000
-0.375000 -0.075000 -0.150000
-0.375000 -0.075000 -0.075000
-0.375000 -0.075000 0.000000
-0.375000 -0.075000 0.075000
-0.375000 -0.075000 0.150000
-0.375000 -0.075000 0.375000
-0.375000 -0.075000 0.450000
-0.375000 -0.075000 0.525000
-0.375000 -0.075000 0.600000
-0.375000 -0.075000 0.675000
-0.375000 -0.075000 0.750000
-0.375000 0.000000 -0.900000
-0.375000 0.000000 -0.825000
-0.375000 0.000000 -0.750000
-0.375000 0.000000 -0.675000
-0.375000 0.000000 -0.600000
-0.375000 0.000000 -0.150000
-0.375000 0.000000 -0.075000
-0.375000 0.000000 0.000000
-0.375000 0.000000 0.075000
-0.375000 0.000000 0.150000
-0.375000 0.000000 0.375000
-0.375000 0.000000 0.450000
-0.375000 0.000000 0.525000
-0.375000 0.000000 0.600000
-0.375000 0.000000 0.675000
-0.375000 0.000000 0.750000
-0.375000 0.075000 -0.900000
-0.375000 0.075000 -0.825000
-0.375000 0.075000 -0.750000
-0.375000 0.075000 -0.675000
-0.375000 0.075000 -0.600000
-0.375000 0.075000 -0.150000
-0.375000 0.075000 -0.075000
-0.375000 0.075000 0.000000
-0.375000 0.075000 0.075000
-0.375000 0.075000 0.150000
-0.375000 0.075000 0.375000
-0.375000 0.075000 0.450000
-0.375000 0.075000 0.525000
-0.375000 0.075000 0.600000
-0.375000 0.075000 0.675000
-0.375000 0.075000 0.750000
-0.375000 0.150000 -0.900000
-0.375000 0.150000 -0.825000
-0.375000 0.150000 -0.750000
-0.375000 0.150000 -0.675000
-0.375000 0.150000 -0.600000
-0.375000 0.150000 -0.150000
-0.375000 0.150000 -0.075000
-0.375000 0.150000 0.000000
-0.375000 0.150000 0.075000
-0.375000 0.150000 0.150000
-0.375000 0.150000 0.450000
-0.375000 0.150000 0.525000
-0.375000 0.150000 0.600000
-0.375000 0.150000 0.675000
-0.375000 0.225000 -0.825000
-0.375000 0.225000 -0.750000
-0.375000 0.225000 -0.675000
-0.375000 0.225000 -0.600000
-0.375000 0.225000 0.600000
-0.375000 0.225000 0.675000
-0.300000 -0.300000 -0.900000
-0.300000 -0.300000 -0.825000
-0.300000 -0.300000 -0.750000
-0.300000 -0.300000 -0.675000
-0.300000 -0.300000 -0.150000
-0.300000 -0.300000 -0.075000
-0.300000 -0.300000 0.000000
-0.300000 -0.300000 0.075000
-0.300000 -0.300000 0.150000
-0.300000 -0.300000 0.525000
-0.300000 -0.300000 0.600000
-0.300000 -0.300000 0.675000
-0.300000 -0.300000 0.750000
-0.300000 -0.225000 -0.900000
-0.300000 -0.225000 -0.825000
-0.300000 -0.225000 -0.750000
-0.300000 -0.225000 -0.675000
-0.300000 -0.225000 -0.600000
-0.300000 -0.225000 -0.150000
-0.300000 -0.225000 -0.075000
-0.300000 -0.225000 0.000000
-0.300000 -0.225000 0.075000
-0.300000 -0.225000 0.150000
-0.300000 -0.225000 0.450000
-0.300000 -0.225000 0.525000
-0.300000 -0.225000 0.600000
-0.300000 -0.225000 0.675000
-0.300000 -0.225000 0.750000
-0.300000 -0.150000 -0.900000
-0.300000 -0.150000 -0.825000
-0.300000 -0.150000 -0.750000
-0.300000 -0.150000 -0.675000
-0.300000 -0.150000 -0.600000
-0.300000 -0.150000 -0.150000
-0.300000 -0.150000 -0.075000
-0.300000 -0.150000 0.000000
-0.300000 -0.150000 0.075000
-0.300000 -0.150000 0.150000
-0.300000 -0.150000 0.225000
-0.300000 -0.150000 0.375000
-0.300000 -0.150000 0.450000
-0.300000 -0.150000 0.525000
-0.300000 -0.150000 0.600000
-0.300000 -0.150000 0.675000
-0.300000 -0.150000 0.750000
-0.300000 -0.150000 0.825000
-0.300000 -0.075000 -0.900000
-0.300000 -0.075000 -0.825000
-0.300000 -0.075000 -0.675000
-0.300000 -0.075000 -0.600000
-0.300000 -0.075000 -0.150000
-0.300000 -0.075000 -0.075000
-0.300000 -0.075000 0.000000
-0.300000 -0.075000 0.075000
-0.300000 -0.075000 0.150000
-0.300000 -0.075000 0.225000
-0.300000 -0.075000 0.375000
-0.300000 -0.075000 0.450000
-0.300000 -0.075000 0.525000
-0.300000 -0.075000 0.600000
-0.300000 -0.075000 0.675000
-0.300000 -0.075000 0.750000
-0.300000 -0.075000 0.825000
-0.300000 0.000000 -0.900000
-0.300000 0.000000 -0.825000
-0.300000 0.000000 -0.675000
-0.300000 0.000000 -0.600000
-0.300000 0.000000 -0.150000
-0.300000 0.000000 -0.075000
-0.300000 0.000000 0.000000
-0.300000 0.000000 0.075000
-0.300000 0.000000 0.150000
-0.300000 0.000000 0.225000
-0.300000 0.000000 0.375000
-0.300000 0.000000 0.450000
-0.300000 0.000000 0.525000
-0.300000 0.000000 0.600000
-0.300000 0.000000 0.675000
-0.300000 0.000000 0.750000
-0.300000 0.000000 0.825000
-0.300000 0.075000 -0.900000
-0.300000 0.075000 -0.825000
-0.300000 0.075000 -0.750000
-0.300000 0.075000 -0.675000
-0.300000 0.075000 -0.600000
-0.300000 0.075000 -0.150000
-0.300000 0.075000 -0.075000
-0.300000 0.075000 0.000000
-0.300000 0.075000 0.075000
-0.300000 0.075000 0.150000
-0.300000 0.075000 0.225000
-0.300000 0.075000 0.375000
-0.300000 0.075000 0.450000
-0.300000 0.075000 0.525000
-0.300000 0.075000 0.600000
-0.300000 0.075000 0.675000
-0.300000 0.075000 0.750000
-0.300000 0.075000 0.825000
-0.300000 0.150000 -0.900000
-0.300000 0.150000 -0.825000
-0.300000 0.150000 -0.750000
-0.300000 0.150000 -0.675000
-0.300000 0.150000 -0.600000
-0.300000 0.150000 -0.150000
-0.300000 0.150000 -0.075000
-0.300000 0.150000 0.000000
-0.300000 0.150000 0.075000
-0.300000 0.150000 0.150000
-0.300000 0.150000 0.450000
-0.300000 0.150000 0.525000
-0.300000 0.150000 0.600000
-0.300000 0.150000 0.675000
-0.300000 0.150000 0.750000
-0.300000 0.225000 -0.900000
-0.300000 0.225000 -0.825000
-0.300000 0.225000 -0.750000
-0.300000 0.225000 -0.675000
-0.300000 0.225000 -0.600000
-0.300000 0.225000 -0.150000
-0.300000 0.225000 -0.075000
-0.300000 0.225000 0.000000
-0.300000 0.225000 0.075000
-0.300000 0.225000 0.150000
-0.300000 0.225000 0.525000
-0.300000 0.225000 0.600000
-0.300000 0.225000 0.675000
-0.300000 0.225000 0.750000
-0.225000 -0.300000 -0.900000
-0.225000 -0.300000 -0.825000
-0.225000 -0.300000 -0.750000
-0.225000 -0.300000 -0.675000
-0.225000 -0.300000 -0.150000
-0.225000 -0.300000 -0.075000
-0.225000 -0.300000 0.000000
-0.225000 -0.300000 0.075000
-0.225000 -0.300000 0.150000
-0.225000 -0.300000 0.525000
-0.225000 -0.300000 0.600000
-0.225000 -0.300000 0.675000
-0.225000 -0.300000 0.750000
-0.225000 -0.225000 -0.900000
-0.225000 -0.225000 -0.825000
-0.225000 -0.225000 -0.750000
-0.225000 -0.225000 -0.675000
-0.225000 -0.225000 -0.600000
-0.225000 -0.225000 -0.150000
-0.225000 -0.225000 -0.075000
-0.225000 -0.225000 0.000000
-0.225000 -0.225000 0.075000
-0.225000 -0.225000 0.150000
-0.225000 -0.225000 0.450000
-0.225000 -0.225000 0.525000
-0.225000 -0.225000 0.600000
-0.225000 -0.225000 0.675000
-0.225000 -0.225000 0.750000
-0.225000 -0.225000 0.825000
-0.225000 -0.150000 -0.900000
-0.225000 -0.150000 -0.825000
-0.225000 -0.150000 -0.750000
-0.225000 -0.150000 -0.675000
-0.225000 -0.150000 -0.600000
-0.225000 -0.150000 -0.225000
-0.225000 -0.150000 -0.150000
-0.225000 -0.150000 -0.075000
-0.225000 -0.150000 0.000000
-0.225000 -0.150000 0.075000
-0.225000 -0.150000 0.150000
-0.225000 -0.150000 0.225000
-0.225000 -0.150000 0.375000
-0.225000 -0.150000 0.450000
-0.225000 -0.150000 0.525000
-0.225000 -0.150000 0.600000
-0.225000 -0.150000 0.675000
-0.225000 -0.150000 0.750000
-0.225000 -0.150000 0.825000
-0.225000 -0.075000 -0.900000
-0.225000 -0.075000 -0.825000
-0.225000 -0.075000 -0.675000
-0.225000 -0.075000 -0.600000
-0.225000 -0.075000 -0.225000
-0.225000 -0.075000 -0.150000
-0.225000 -0.075000 -0.075000
-0.225000 -0.075000 0.075000
-0.225000 -0.075000 0.150000
-0.225000 -0.075000 0.225000
-0.225000 -0.075000 0.375000
-0.225000 -0.075000 0.450000
-0.225000 -0.075000 0.525000
-0.225000 -0.075000 0.600000
-0.225000 -0.075000 0.675000
-0.225000 -0.075000 0.750000
-0.225000 -0.075000 0.825000
-0.225000 0.000000 -0.900000
-0.225000 0.000000 -0.825000
-0.225000 0.000000 -0.675000
-0.225000 0.000000 -0.600000
-0.225000 0.000000 -0.225000
-0.225000 0.000000 -0.150000
-0.225000 0.000000 -0.075000
-0.225000 0.000000 0.075000
-0.225000 0.000000 0.150000
-0.225000 0.000000 0.225000
-0.225000 0.000000 0.375000
-0.225000 0.000000 0.450000
-0.225000 0.000000 0.525000
-0.225000 0.000000 0.600000
-0.225000 0.000000 0.675000
-0.225000 0.000000 0.750000
-0.225000 0.000000 0.825000
-0.225000 0.075000 -0.900000
-0.225000 0.075000 -0.825000
-0.225000 0.075000 -0.750000
-0.225000 0.075000 -0.675000
-0.225000 0.075000 -0.600000
-0.225000 0.075000 -0.225000
-0.225000 0.075000 -0.150000
-0.225000 0.075000 -0.075000
-0.225000 0.075000 0.000000
-0.225000 0.075000 0.075000
-0.225000 0.075000 0.150000
-0.225000 0.075000 0.225000
-0.225000 0.075000 0.375000
-0.225000 0.075000 0.450000
-0.225000 0.075000 0.525000
-0.225000 0.075000 0.600000
-0.225000 0.075000 0.675000
-0.225000 0.075000 0.750000
-0.225000 0.075000 0.825000
-0.225000 0.150000 -0.900000
-0.225000 0.150000 -0.825000
-0.225000 0.150000 -0.750000
-0.225000 0.150000 -0.675000
-0.225000 0.150000 -0.600000
-0.225000 0.150000 -0.225000
-0.225000 0.150000 -0.150000
-0.225000 0.150000 -0.075000
-0.225000 0.150000 0.000000
-0.225000 0.150000 0.075000
-0.225000 0.150000 0.150000
-0.225000 0.150000 0.225000
-0.225000 0.150000 0.450000
-0.225000 0.150000 0.525000
-0.225000 0.150000 0.600000
-0.225000 0.150000 0.675000
-0.225000 0.150000 0.750000
-0.225000 0.150000 0.825000
-0.225000 0.225000 -0.900000
-0.225000 0.225000 -0.825000
-0.225000 0.225000 -0.750000
-0.225000 0.225000 -0.675000
-0.225000 0.225000 -0.150000
-0.225000 0.225000 -0.075000
-0.225000 0.225000 0.000000
-0.225000 0.225000 0.075000
-0.225000 0.225000 0.150000
-0.225000 0.225000 0.525000
-0.225000 0.225000 0.600000
-0.225000 0.225000 0.675000
-0.225000 0.225000 0.750000
-0.225000 0.300000 -0.075000
-0.225000 0.300000 0.000000
-0.225000 0.300000 0.075000
-0.150000 -0.300000 -0.900000
-0.150000 -0.300000 -0.825000
-0.150000 -0.300000 -0.750000
-0.150000 -0.300000 -0.675000
-0.150000 -0.300000 -0.225000
-0.150000 -0.300000 -0.150000
-0.150000 -0.300000 -0.075000
-0.150000 -0.300000 0.000000
-0.150000 -0.300000 0.075000
-0.150000 -0.300000 0.150000
-0.150000 -0.300000 0.525000
-0.150000 -0.300000 0.600000
-0.150000 -0.300000 0.675000
-0.150000 -0.300000 0.750000
-0.150000 -0.300000 0.825000
-0.150000 -0.225000 -0.900000
-0.150000 -0.225000 -0.825000
-0.150000 -0.225000 -0.750000
-0.150000 -0.225000 -0.675000
-0.150000 -0.225000 -0.600000
-0.150000 -0.225000 -0.225000
-0.150000 -0.225000 -0.150000
-0.150000 -0.225000 -0.075000
-0.150000 -0.225000 0.000000
-0.150000 -0.225000 0.075000
-0.150000 -0.225000 0.150000
-0.150000 -0.225000 0.225000
-0.150000 -0.225000 0.450000
-0.150000 -0.225000 0.525000
-0.150000 -0.225000 0.600000
-0.150000 -0.225000 0.675000
-0.150000 -0.225000 0.750000
-0.150000 -0.225000 0.825000
-0.150000 -0.150000 -0.900000
-0.150000 -0.150000 -0.825000
-0.150000 -0.150000 -0.750000
-0.150000 -0.150000 -0.675000
-0.150000 -0.150000 -0.600000
-0.150000 -0.150000 -0.225000
-0.150000 -0.150000 -0.150000
-0.150000 -0.150000 -0.075000
-0.150000 -0.150000 0.075000
-0.150000 -0.150000 0.150000
-0.150000 -0.150000 0.225000
-0.150000 -0.150000 0.450000
-0.150000 -0.150000 0.525000
-0.150000 -0.150000 0.600000
-0.150000 -0.150000 0.675000
-0.150000 -0.150000 0.750000
-0.150000 -0.150000 0.825000
-0.150000 -0.075000 -0.900000
-0.150000 -0.075000 -0.825000
-0.150000 -0.075000 -0.675000
-0.150000 -0.075000 -0.600000
-0.150000 -0.075000 -0.225000
-0.150000 -0.075000 -0.150000
-0.150000 -0.075000 -0.075000
-0.150000 -0.075000 0.075000
-0.150000 -0.075000 0.150000
-0.150000 -0.075000 0.225000
-0.150000 -0.075000 0.450000
-0.150000 -0.075000 0.525000
-0.150000 -0.075000 0.600000
-0.150000 -0.075000 0.675000
-0.150000 -0.075000 0.750000
-0.150000 -0.075000 0.825000
-0.150000 0.000000 -0.900000
-0.150000 0.000000 -0.825000
-0.150000 0.000000 -0.675000
-0.150000 0.000000 -0.600000
-0.150000 0.000000 -0.225000
-0.150000 0.000000 -0.150000
-0.150000 0.000000 -0.075000
-0.150000 0.000000 0.075000
-0.150000 0.000000 0.150000
-0.150000 0.000000 0.225000
-0.150000 0.000000 0.450000
-0.150000 0.000000 0.525000
-0.150000 0.000000 0.600000
-0.150000 0.000000 0.675000
-0.150000 0.000000 0.750000
-0.150000 0.000000 0.825000
-0.150000 0.075000 -0.900000
-0.150000 0.075000 -0.825000
-0.150000 0.075000 -0.750000
-0.150000 0.075000 -0.675000
-0.150000 0.075000 -0.600000
-0.150000 0.075000 -0.225000
-0.150000 0.075000 -0.150000
-0.150000 0.075000 -0.075000
-0.150000 0.075000 0.075000
-0.150000 0.075000 0.150000
-0.150000 0.075000 0.225000
-0.150000 0.075000 0.450000
-0.150000 0.075000 0.525000
-0.150000 0.075000 0.600000
-0.150000 0.075000 0.675000
-0.150000 0.075000 0.750000
-0.150000 0.075000 0.825000
-0.150000 0.150000 -0.900000
-0.150000 0.150000 -0.825000
-0.150000 0.150000 -0.750000
-0.150000 0.150000 -0.675000
-0.150000 0.150000 -0.600000
-0.150000 0.150000 -0.225000
-0.150000 0.150000 -0.150000
-0.150000 0.150000 -0.075000
-0.150000 0.150000 0.000000
-0.150000 0.150000 0.075000
-0.150000 0.150000 0.150000
-0.150000 0.150000 0.225000
-0.150000 0.150000 0.450000
-0.150000 0.150000 0.525000
-0.150000 0.150000 0.600000
-0.150000 0.150000 0.675000
-0.150000 0.150000 0.750000
-0.150000 0.150000 0.825000
-0.150000 0.225000 -0.900000
-0.150000 0.225000 -0.825000
-0.150000 0.225000 -0.750000
-0.150000 0.225000 -0.675000
-0.150000 0.225000 -0.150000
-0.150000 0.225000 -0.075000
-0.150000 0.225000 0.000000
-0.150000 0.225000 0.075000
-0.150000 0.225000 0.150000
-0.150000 0.225000 0.225000
-0.150000 0.225000 0.525000
-0.150000 0.225000 0.600000
-0.150000 0.225000 0.675000
-0.150000 0.225000 0.750000
-0.150000 0.300000 -0.075000
-0.150000 0.300000 0.000000
-0.150000 0.300000 0.075000
-0.075000 -0.375000 -0.150000
-0.075000 -0.375000 -0.075000
-0.075000 -0.375000 0.000000
-0.075000 -0.375000 0.075000
-0.075000 -0.300000 -0.900000
-0.075000 -0.300000 -0.825000
-0.075000 -0.300000 -0.750000
-0.075000 -0.300000 -0.675000
-0.075000 -0.300000 -0.225000
-0.075000 -0.300000 -0.150000
-0.075000 -0.300000 -0.075000
-0.075000 -0.300000 0.000000
-0.075000 -0.300000 0.075000
-0.075000 -0.300000 0.150000
-0.075000 -0.300000 0.225000
-0.075000 -0.300000 0.525000
-0.075000 -0.300000 0.600000
-0.075000 -0.300000 0.675000
-0.075000 -0.300000 0.750000
-0.075000 -0.300000 0.825000
-0.075000 -0.225000 -0.900000
-0.075000 -0.225000 -0.825000
-0.075000 -0.225000 -0.750000
-0.075000 -0.225000 -0.675000
-0.075000 -0.225000 -0.600000
-0.075000 -0.225000 -0.225000
-0.075000 -0.225000 -0.150000
-0.075000 -0.225000 -0.075000
-0.075000 -0.225000 0.000000
-0.075000 -0.225000 0.075000
-0.075000 -0.225000 0.150000
-0.075000 -0.225000 0.225000
-0.075000 -0.225000 0.450000
-0.075000 -0.225000 0.525000
-0.075000 -0.225000 0.600000
-0.075000 -0.225000 0.675000
-0.075000 -0.225000 0.750000
-0.075000 -0.225000 0.825000
-0.075000 -0.150000 -0.900000
-0.075000 -0.150000 -0.825000
-0.075000 -0.150000 -0.750000
-0.075000 -0.150000 -0.675000
-0.075000 -0.150000 -0.600000
-0.075000 -0.150000 -0.225000
-0.075000 -0.150000 -0.150000
-0.075000 -0.150000 -0.075000
-0.075000 -0.150000 0.075000
-0.075000 -0.150000 0.150000
-0.075000 -0.150000 0.225000
-0.075000 -0.150000 0.450000
-0.075000 -0.150000 0.525000
-0.075000 -0.150000 0.600000
-0.075000 -0.150000 0.675000
-0.075000 -0.150000 0.750000
-0.075000 -0.150000 0.825000
-0.075000 -0.075000 -0.900000
-0.075000 -0.075000 -0.825000
-0.075000 -0.075000 -0.675000
-0.075000 -0.075000 -0.600000
-0.075000 -0.075000 -0.225000
-0.075000 -0.075000 -0.150000
-0.075000 -0.075000 -0.075000
-0.075000 -0.075000 0.075000
-0.075000 -0.075000 0.150000
-0.075000 -0.075000 0.225000
-0.075000 -0.075000 0.300000
-0.075000 -0.075000 0.450000
-0.075000 -0.075000 0.525000
-0.075000 -0.075000 0.600000
-0.075000 -0.075000 0.750000
-0.075000 -0.075000 0.825000
-0.075000 0.000000 -0.900000
-0.075000 0.000000 -0.825000
-0.075000 0.000000 -0.675000
-0.075000 0.000000 -0.600000
-0.075000 0.000000 -0.225000
-0.075000 0.000000 -0.150000
-0.075000 0.000000 0.150000
-0.075000 0.000000 0.225000
-0.075000 0.000000 0.300000
-0.075000 0.000000 0.450000
-0.075000 0.000000 0.525000
-0.075000 0.000000 0.600000
-0.075000 0.000000 0.750000
-0.075000 0.000000 0.825000
-0.075000 0.075000 -0.900000
-0.075000 0.075000 -0.825000
-0.075000 0.075000 -0.750000
-0.075000 0.075000 -0.675000
-0.075000 0.075000 -0.600000
-0.075000 0.075000 -0.300000
-0.075000 0.075000 -0.225000
-0.075000 0.075000 -0.150000
-0.075000 0.075000 -0.075000
-0.075000 0.075000 0.075000
-0.075000 0.075000 0.150000
-0.075000 0.075000 0.225000
-0.075000 0.075000 0.300000
-0.075000 0.075000 0.450000
-0.075000 0.075000 0.525000
-0.075000 0.075000 0.600000
-0.075000 0.075000 0.675000
-0.075000 0.075000 0.750000
-0.075000 0.075000 0.825000
-0.075000 0.150000 -0.900000
-0.075000 0.150000 -0.825000
-0.075000 0.150000 -0.750000
-0.075000 0.150000 -0.675000
-0.075000 0.150000 -0.600000
-0.075000 0.150000 -0.300000
-0.075000 0.150000 -0.225000
-0.075000 0.150000 -0.150000
-0.075000 0.150000 -0.075000
-0.075000 0.150000 0.000000
-0.075000 0.150000 0.075000
-0.075000 0.150000 0.150000
-0.075000 0.150000 0.225000
-0.075000 0.150000 0.450000
-0.075000 0.150000 0.525000
-0.075000 0.150000 0.600000
-0.075000 0.150000 0.675000
-0.075000 0.150000 0.750000
-0.075000 0.150000 0.825000
-0.075000 0.225000 -0.900000
-0.075000 0.225000 -0.825000
-0.075000 0.225000 -0.750000
-0.075000 0.225000 -0.675000
-0.075000 0.225000 -0.300000
-0.075000 0.225000 -0.225000
-0.075000 0.225000 -0.150000
-0.075000 0.225000 -0.075000
-0.075000 0.225000 0.000000
-0.075000 0.225000 0.075000
-0.075000 0.225000 0.150000
-0.075000 0.225000 0.225000
-0.075000 0.225000 0.525000
-0.075000 0.225000 0.600000
-0.075000 0.225000 0.675000
-0.075000 0.225000 0.750000
-0.075000 0.300000 -0.150000
-0.075000 0.300000 -0.075000
-0.075000 0.300000 0.000000
-0.075000 0.300000 0.075000
0.000000 -0.375000 -0.150000
0.000000 -0.375000 -0.075000
0.000000 -0.375000 0.000000
0.000000 -0.375000 0.075000
0.000000 -0.300000 -0.900000
0.000000 -0.300000 -0.825000
0.000000 -0.300000 -0.750000
0.000000 -0.300000 -0.675000
0.000000 -0.300000 -0.225000
0.000000 -0.300000 -0.150000
0.000000 -0.300000 -0.075000
0.000000 -0.300000 0.000000
0.000000 -0.300000 0.075000
0.000000 -0.300000 0.150000
0.000000 -0.300000 0.225000
0.000000 -0.300000 0.525000
0.000000 -0.300000 0.600000
0.000000 -0.300000 0.675000
0.000000 -0.300000 0.750000
0.000000 -0.300000 0.825000
0.000000 -0.225000 -0.900000
0.000000 -0.225000 -0.825000
0.000000 -0.225000 -0.750000
0.000000 -0.225000 -0.675000
0.000000 -0.225000 -0.600000
0.000000 -0.225000 -0.300000
0.000000 -0.225000 -0.225000
0.000000 -0.225000 -0.150000
0.000000 -0.225000 -0.075000
0.000000 -0.225000 0.000000
0.000000 -0.225000 0.075000
0.000000 -0.225000 0.150000
0.000000 -0.225000 0.225000
0.000000 -0.225000 0.300000
0.000000 -0.225000 0.525000
0.000000 -0.225000 0.600000
0.000000 -0.225000 0.675000
0.000000 -0.225000 0.750000
0.000000 -0.225000 0.825000
0.000000 -0.150000 -0.900000
0.000000 -0.150000 -0.825000
0.000000 -0.150000 -0.750000
0.000000 -0.150000 -0.675000
0.000000 -0.150000 -0.600000
0.000000 -0.150000 -0.300000
0.000000 -0.150000 -0.225000
0.000000 -0.150000 -0.150000
0.000000 -0.150000 0.075000
0.000000 -0.150000 0.150000
0.000000 -0.150000 0.225000
0.000000 -0.150000 0.300000
0.000000 -0.150000 0.450000
0.000000 -0.150000 0.525000
0.000000 -0.150000 0.600000
0.000000 -0.150000 0.675000
0.000000 -0.150000 0.750000
0.000000 -0.150000 0.825000
0.000000 -0.075000 -0.900000
0.000000 -0.075000 -0.825000
0.000000 -0.075000 -0.675000
0.000000 -0.075000 -0.600000
0.000000 -0.075000 -0.300000
0.000000 -0.075000 -0.225000
0.000000 -0.075000 -0.150000
0.000000 -0.075000 0.150000
0.000000 -0.075000 0.225000
0.000000 -0.075000 0.300000
0.000000 -0.075000 0.450000
0.000000 -0.075000 0.525000
0.000000 -0.075000 0.600000
0.000000 -0.075000 0.750000
0.000000 -0.075000 0.825000
0.000000 0.000000 -0.900000
0.000000 0.000000 -0.825000
0.000000 0.000000 -0.675000
0.000000 0.000000 -0.600000
0.000000 0.000000 -0.300000
0.000000 0.000000 -0.225000
0.000000 0.000000 -0.150000
0.000000 0.000000 0.150000
0.000000 0.000000 0.225000
0.000000 0.000000 0.300000
0.000000 0.000000 0.450000
0.000000 0.000000 0.525000
0.000000 0.000000 0.600000
0.000000 0.000000 0.750000
0.000000 0.000000 0.825000
0.000000 0.075000 -0.900000
0.000000 0.075000 -0.825000
0.000000 0.075000 -0.750000
0.000000 0.075000 -0.675000
0.000000 0.075000 -0.600000
0.000000 0.075000 -0.300000
0.000000 0.075000 -0.225000
0.000000 0.075000 -0.150000
0.000000 0.075000 -0.075000
0.000000 0.075000 0.150000
0.000000 0.075000 0.225000
0.000000 0.075000 0.300000
0.000000 0.075000 0.450000
0.000000 0.075000 0.525000
0.000000 0.075000 0.600000
0.000000 0.075000 0.675000
0.000000 0.075000 0.750000
0.000000 0.075000 0.825000
0.000000 0.150000 -0.900000
0.000000 0.150000 -0.825000
0.000000 0.150000 -0.750000
0.000000 0.150000 -0.675000
0.000000 0.150000 -0.600000
0.000000 0.150000 -0.300000
0.000000 0.150000 -0.225000
0.000000 0.150000 -0.150000
0.000000 0.150000 -0.075000
0.000000 0.150000 0.000000
0.000000 0.150000 0.075000
0.000000 0.150000 0.150000
0.000000 0.150000 0.225000
0.000000 0.150000 0.300000
0.000000 0.150000 0.525000
0.000000 0.150000 0.600000
0.000000 0.150000 0.675000
0.000000 0.150000 0.750000
0.000000 0.150000 0.825000
0.000000 0.225000 -0.900000
0.000000 0.225000 -0.825000
0.000000 0.225000 -0.750000
0.000000 0.225000 -0.675000
0.000000 0.225000 -0.300000
0.000000 0.225000 -0.225000
0.000000 0.225000 -0.150000
0.000000 0.225000 -0.075000
0.000000 0.225000 0.000000
0.000000 0.225000 0.075000
0.000000 0.225000 0.150000
0.000000 0.225000 0.225000
0.000000 0.225000 0.525000
0.000000 0.225000 0.600000
0.000000 0.225000 0.675000
0.000000 0.225000 0.750000
0.000000 0.225000 0.825000
0.000000 0.300000 -0.150000
0.000000 0.300000 -0.075000
0.000000 0.300000 0.000000
0.000000 0.300000 0.075000
0.075000 -0.375000 -0.225000
0.075000 -0.375000 -0.150000
0.075000 -0.375000 -0.075000
0.075000 -0.375000 0.000000
0.075000 -0.375000 0.075000
0.075000 -0.300000 -0.900000
0.075000 -0.300000 -0.825000
0.075000 -0.300000 -0.750000
0.075000 -0.300000 -0.675000
0.075000 -0.300000 -0.600000
0.075000 -0.300000 -0.300000
0.075000 -0.300000 -0.225000
0.075000 -0.300000 -0.150000
0.075000 -0.300000 -0.075000
0.075000 -0.300000 0.000000
0.075000 -0.300000 0.075000
0.075000 -0.300000 0.150000
0.075000 -0.300000 0.225000
0.075000 -0.300000 0.300000
0.075000 -0.300000 0.600000
0.075000 -0.300000 0.675000
0.075000 -0.300000 0.750000
0.075000 -0.300000 0.825000
0.075000 -0.225000 -0.900000
0.075000 -0.225000 -0.825000
0.075000 -0.225000 -0.750000
0.075000 -0.225000 -0.675000
0.075000 -0.225000 -0.600000
0.075000 -0.225000 -0.375000
0.075000 -0.225000 -0.300000
0.075000 -0.225000 -0.225000
0.075000 -0.225000 -0.150000
0.075000 -0.225000 -0.075000
0.075000 -0.225000 0.000000
0.075000 -0.225000 0.075000
0.075000 -0.225000 0.150000
0.075000 -0.225000 0.225000
0.075000 -0.225000 0.300000
0.075000 -0.225000 0.375000
0.075000 -0.225000 0.525000
0.075000 -0.225000 0.600000
0.075000 -0.225000 0.675000
0.075000 -0.225000 0.750000
0.075000 -0.225000 0.825000
0.075000 -0.150000 -0.900000
0.075000 -0.150000 -0.825000
0.075000 -0.150000 -0.750000
0.075000 -0.150000 -0.675000
0.075000 -0.150000 -0.600000
0.075000 -0.150000 -0.375000
0.075000 -0.150000 -0.300000
0.075000 -0.150000 -0.225000
0.075000 -0.150000 -0.150000
0.075000 -0.150000 0.150000
0.075000 -0.150000 0.225000
0.075000 -0.150000 0.300000
0.075000 -0.150000 0.375000
0.075000 -0.150000 0.525000
0.075000 -0.150000 0.600000
0.075000 -0.150000 0.675000
0.075000 -0.150000 0.750000
0.075000 -0.150000 0.825000
0.075000 -0.075000 -0.900000
0.075000 -0.075000 -0.825000
0.075000 -0.075000 -0.675000
0.075000 -0.075000 -0.600000
0.075000 -0.075000 -0.375000
0.075000 -0.075000 -0.300000
0.075000 -0.075000 -0.225000
0.075000 -0.075000 -0.150000
0.075000 -0.075000 0.150000
0.075000 -0.075000 0.225000
0.075000 -0.075000 0.300000
0.075000 -0.075000 0.375000
0.075000 -0.075000 0.450000
0.075000 -0.075000 0.525000
0.075000 -0.075000 0.600000
0.075000 -0.075000 0.750000
0.075000 -0.075000 0.825000
0.075000 0.000000 -0.900000
0.075000 0.000000 -0.825000
0.075000 0.000000 -0.675000
0.075000 0.000000 -0.600000
0.075000 0.000000 -0.375000
0.075000 0.000000 -0.300000
0.075000 0.000000 -0.225000
0.075000 0.000000 0.150000
0.075000 0.000000 0.225000
0.075000 0.000000 0.300000
0.075000 0.000000 0.375000
0.075000 0.000000 0.450000
0.075000 0.000000 0.525000
0.075000 0.000000 0.600000
0.075000 0.000000 0.750000
0.075000 0.000000 0.825000
0.075000 0.075000 -0.900000
0.075000 0.075000 -0.825000
0.075000 0.075000 -0.750000
0.075000 0.075000 -0.675000
0.075000 0.075000 -0.600000
0.075000 0.075000 -0.375000
0.075000 0.075000 -0.300000
0.075000 0.075000 -0.225000
0.075000 0.075000 -0.150000
0.075000 0.075000 0.150000
0.075000 0.075000 0.225000
0.075000 0.075000 0.300000
0.075000 0.075000 0.375000
0.075000 0.075000 0.525000
0.075000 0.075000 0.600000
0.075000 0.075000 0.675000
0.075000 0.075000 0.750000
0.075000 0.075000 0.825000
0.075000 0.150000 -0.900000
0.075000 0.150000 -0.825000
0.075000 0.150000 -0.750000
0.075000 0.150000 -0.675000
0.075000 0.150000 -0.600000
0.075000 0.150000 -0.375000
0.075000 0.150000 -0.300000
0.075000 0.150000 -0.225000
0.075000 0.150000 -0.150000
0.075000 0.150000 -0.075000
0.075000 0.150000 0.000000
0.075000 0.150000 0.075000
0.075000 0.150000 0.150000
0.075000 0.150000 0.225000
0.075000 0.150000 0.300000
0.075000 0.150000 0.375000
0.075000 0.150000 0.525000
0.075000 0.150000 0.600000
0.075000 0.150000 0.675000
0.075000 0.150000 0.750000
0.075000 0.150000 0.825000
0.075000 0.225000 -0.900000
0.075000 0.225000 -0.825000
0.075000 0.225000 -0.750000
0.075000 0.225000 -0.675000
0.075000 0.225000 -0.300000
0.075000 0.225000 -0.225000
0.075000 0.225000 -0.150000
0.075000 0.225000 -0.075000
0.075000 0.225000 0.000000
0.075000 0.225000 0.075000
0.075000 0.225000 0.150000
0.075000 0.225000 0.225000
0.075000 0.225000 0.300000
0.075000 0.225000 0.600000
0.075000 0.225000 0.675000
0.075000 0.225000 0.750000
0.075000 0.225000 0.825000
0.075000 0.300000 -0.150000
0.075000 0.300000 -0.075000
0.075000 0.300000 0.000000
0.075000 0.300000 0.075000
0.150000 -0.375000 -0.225000
0.150000 -0.375000 -0.150000
0.150000 -0.375000 -0.075000
0.150000 -0.375000 0.000000
0.150000 -0.375000 0.075000
0.150000 -0.300000 -0.900000
0.150000 -0.300000 -0.825000
0.150000 -0.300000 -0.750000
0.150000 -0.300000 -0.675000
0.150000 -0.300000 -0.600000
0.150000 -0.300000 -0.375000
0.150000 -0.300000 -0.300000
0.150000 -0.300000 -0.225000
0.150000 -0.300000 -0.150000
0.150000 -0.300000 -0.075000
0.150000 -0.300000 0.000000
0.150000 -0.300000 0.075000
0.150000 -0.300000 0.150000
0.150000 -0.300000 0.225000
0.150000 -0.300000 0.300000
0.150000 -0.300000 0.375000
0.150000 -0.300000 0.600000
0.150000 -0.300000 0.675000
0.150000 -0.300000 0.750000
0.150000 -0.300000 0.825000
0.150000 -0.225000 -0.900000
0.150000 -0.225000 -0.825000
0.150000 -0.225000 -0.750000
0.150000 -0.225000 -0.675000
0.150000 -0.225000 -0.600000
0.150000 -0.225000 -0.525000
0.150000 -0.225000 -0.450000
0.150000 -0.225000 -0.375000
0.150000 -0.225000 -0.300000
0.150000 -0.225000 -0.225000
0.150000 -0.225000 -0.150000
0.150000 -0.225000 -0.075000
0.150000 -0.225000 0.000000
0.150000 -0.225000 0.075000
0.150000 -0.225000 0.150000
0.150000 -0.225000 0.225000
0.150000 -0.225000 0.300000
0.150000 -0.225000 0.375000
0.150000 -0.225000 0.450000
0.150000 -0.225000 0.525000
0.150000 -0.225000 0.600000
0.150000 -0.225000 0.675000
0.150000 -0.225000 0.750000
0.150000 -0.225000 0.825000
0.150000 -0.150000 -0.900000
0.150000 -0.150000 -0.825000
0.150000 -0.150000 -0.750000
0.150000 -0.150000 -0.675000
0.150000 -0.150000 -0.600000
0.150000 -0.150000 -0.525000
0.150000 -0.150000 -0.450000
0.150000 -0.150000 -0.375000
0.150000 -0.150000 -0.300000
0.150000 -0.150000 -0.225000
0.150000 -0.150000 -0.150000
0.150000 -0.150000 -0.075000
0.150000 -0.150000 0.000000
0.150000 -0.150000 0.075000
0.150000 -0.150000 0.150000
0.150000 -0.150000 0.225000
0.150000 -0.150000 0.300000
0.150000 -0.150000 0.375000
0.150000 -0.150000 0.450000
0.150000 -0.150000 0.525000
0.150000 -0.150000 0.600000
0.150000 -0.150000 0.675000
0.150000 -0.150000 0.750000
0.150000 -0.150000 0.825000
0.150000 -0.075000 -0.900000
0.150000 -0.075000 -0.825000
0.150000 -0.075000 -0.675000
0.150000 -0.075000 -0.600000
0.150000 -0.075000 -0.525000
0.150000 -0.075000 -0.450000
0.150000 -0.075000 -0.375000
0.150000 -0.075000 -0.300000
0.150000 -0.075000 -0.225000
0.150000 -0.075000 0.225000
0.150000 -0.075000 0.300000
0.150000 -0.075000 0.375000
0.150000 -0.075000 0.450000
0.150000 -0.075000 0.525000
0.150000 -0.075000 0.600000
0.150000 -0.075000 0.750000
0.150000 -0.075000 0.825000
0.150000 -0.075000 0.900000
0.150000 0.000000 -0.900000
0.150000 0.000000 -0.825000
0.150000 0.000000 -0.675000
0.150000 0.000000 -0.600000
0.150000 0.000000 -0.525000
0.150000 0.000000 -0.450000
0.150000 0.000000 -0.375000
0.150000 0.000000 -0.300000
0.150000 0.000000 -0.225000
0.150000 0.000000 0.225000
0.150000 0.000000 0.300000
0.150000 0.000000 0.375000
0.150000 0.000000 0.450000
0.150000 0.000000 0.525000
0.150000 0.000000 0.600000
0.150000 0.000000 0.750000
0.150000 0.000000 0.825000
0.150000 0.000000 0.900000
0.150000 0.075000 -0.900000
0.150000 0.075000 -0.825000
0.150000 0.075000 -0.750000
0.150000 0.075000 -0.675000
0.150000 0.075000 -0.600000
0.150000 0.075000 -0.525000
0.150000 0.075000 -0.450000
0.150000 0.075000 -0.375000
0.150000 0.075000 -0.300000
0.150000 0.075000 -0.225000
0.150000 0.075000 -0.150000
0.150000 0.075000 -0.075000
0.150000 0.075000 0.000000
0.150000 0.075000 0.150000
0.150000 0.075000 0.225000
0.150000 0.075000 0.300000
0.150000 0.075000 0.375000
0.150000 0.075000 0.450000
0.150000 0.075000 0.525000
0.150000 0.075000 0.600000
0.150000 0.075000 0.675000
0.150000 0.075000 0.750000
0.150000 0.075000 0.825000
0.150000 0.150000 -0.900000
0.150000 0.150000 -0.825000
0.150000 0.150000 -0.750000
0.150000 0.150000 -0.675000
0.150000 0.150000 -0.600000
0.150000 0.150000 -0.525000
0.150000 0.150000 -0.450000
0.150000 0.150000 -0.375000
0.150000 0.150000 -0.300000
0.150000 0.150000 -0.225000
0.150000 0.150000 -0.150000
0.150000 0.150000 -0.075000
0.150000 0.150000 0.000000
0.150000 0.150000 0.075000
0.150000 0.150000 0.150000
0.150000 0.150000 0.225000
0.150000 0.150000 0.300000
0.150000 0.150000 0.375000
0.150000 0.150000 0.450000
0.150000 0.150000 0.525000
0.150000 0.150000 0.600000
0.150000 0.150000 0.675000
0.150000 0.150000 0.750000
0.150000 0.150000 0.825000
0.150000 0.225000 -0.900000
0.150000 0.225000 -0.825000
0.150000 0.225000 -0.750000
0.150000 0.225000 -0.675000
0.150000 0.225000 -0.600000
0.150000 0.225000 -0.375000
0.150000 0.225000 -0.300000
0.150000 0.225000 -0.225000
0.150000 0.225000 -0.150000
0.150000 0.225000 -0.075000
0.150000 0.225000 0.000000
0.150000 0.225000 0.075000
0.150000 0.225000 0.150000
0.150000 0.225000 0.225000
0.150000 0.225000 0.300000
0.150000 0.225000 0.375000
0.150000 0.225000 0.600000
0.150000 0.225000 0.675000
0.150000 0.225000 0.750000
0.150000 0.225000 0.825000
0.150000 0.300000 -0.150000
0.150000 0.300000 -0.075000
0.150000 0.300000 0.000000
0.225000 -0.375000 -0.225000
0.225000 -0.375000 -0.150000
0.225000 -0.375000 -0.075000
0.225000 -0.300000 -0.825000
0.225000 -0.300000 -0.750000
0.225000 -0.300000 -0.675000
0.225000 -0.300000 -0.600000
0.225000 -0.300000 -0.525000
0.225000 -0.300000 -0.450000
0.225000 -0.300000 -0.375000
0.225000 -0.300000 -0.300000
0.225000 -0.300000 -0.225000
0.225000 -0.300000 -0.150000
0.225000 -0.300000 -0.075000
0.225000 -0.300000 0.000000
0.225000 -0.300000 0.075000
0.225000 -0.300000 0.150000
0.225000 -0.300000 0.225000
0.225000 -0.300000 0.300000
0.225000 -0.300000 0.375000
0.225000 -0.300000 0.450000
0.225000 -0.300000 0.525000
0.225000 -0.300000 0.600000
0.225000 -0.300000 0.675000
0.225000 -0.300000 0.750000
0.225000 -0.300000 0.825000
0.225000 -0.225000 -0.900000
0.225000 -0.225000 -0.825000
0.225000 -0.225000 -0.750000
0.225000 -0.225000 -0.675000
0.225000 -0.225000 -0.600000
0.225000 -0.225000 -0.525000
0.225000 -0.225000 -0.450000
0.225000 -0.225000 -0.375000
0.225000 -0.225000 -0.300000
0.225000 -0.225000 -0.225000
0.225000 -0.225000 -0.150000
0.225000 -0.225000 -0.075000
0.225000 -0.225000 0.000000
0.225000 -0.225000 0.075000
0.225000 -0.225000 0.150000
0.225000 -0.225000 0.225000
0.225000 -0.225000 0.300000
0.225000 -0.225000 0.375000
0.225000 -0.225000 0.450000
0.225000 -0.225000 0.525000
0.225000 -0.225000 0.600000
0.225000 -0.225000 0.675000
0.225000 -0.225000 0.750000
0.225000 -0.225000 0.825000
0.225000 -0.150000 -0.900000
0.225000 -0.150000 -0.825000
0.225000 -0.150000 -0.750000
0.225000 -0.150000 -0.675000
0.225000 -0.150000 -0.600000
0.225000 -0.150000 -0.525000
0.225000 -0.150000 -0.450000
0.225000 -0.150000 -0.375000
0.225000 -0.150000 -0.300000
0.225000 -0.150000 -0.225000
0.225000 -0.150000 -0.150000
0.225000 -0.150000 -0.075000
0.225000 -0.150000 0.000000
0.225000 -0.150000 0.075000
0.225000 -0.150000 0.150000
0.225000 -0.150000 0.225000
0.225000 -0.150000 0.300000
0.225000 -0.150000 0.375000
0.225000 -0.150000 0.450000
0.225000 -0.150000 0.525000
0.225000 -0.150000 0.600000
0.225000 -0.150000 0.675000
0.225000 -0.150000 0.750000
0.225000 -0.150000 0.825000
0.225000 -0.075000 -0.900000
0.225000 -0.075000 -0.825000
0.225000 -0.075000 -0.750000
0.225000 -0.075000 -0.675000
0.225000 -0.075000 -0.600000
0.225000 -0.075000 -0.525000
0.225000 -0.075000 -0.450000
0.225000 -0.075000 -0.375000
0.225000 -0.075000 -0.300000
0.225000 -0.075000 -0.150000
0.225000 -0.075000 -0.075000
0.225000 -0.075000 0.000000
0.225000 -0.075000 0.075000
0.225000 -0.075000 0.150000
0.225000 -0.075000 0.300000
0.225000 -0.075000 0.375000
0.225000 -0.075000 0.450000
0.225000 -0.075000 0.525000
0.225000 -0.075000 0.600000
0.225000 -0.075000 0.750000
0.225000 -0.075000 0.825000
0.225000 -0.075000 0.900000
0.225000 0.000000 -0.900000
0.225000 0.000000 -0.825000
0.225000 0.000000 -0.750000
0.225000 0.000000 -0.675000
0.225000 0.000000 -0.600000
0.225000 0.000000 -0.525000
0.225000 0.000000 -0.450000
0.225000 0.000000 -0.375000
0.225000 0.000000 -0.300000
0.225000 0.000000 -0.150000
0.225000 0.000000 -0.075000
0.225000 0.000000 0.000000
0.225000 0.000000 0.075000
0.225000 0.000000 0.150000
0.225000 0.000000 0.300000
0.225000 0.000000 0.375000
0.225000 0.000000 0.450000
0.225000 0.000000 0.525000
0.225000 0.000000 0.600000
0.225000 0.000000 0.750000
0.225000 0.000000 0.825000
0.225000 0.000000 0.900000
0.225000 0.075000 -0.900000
0.225000 0.075000 -0.825000
0.225000 0.075000 -0.750000
0.225000 0.075000 -0.675000
0.225000 0.075000 -0.600000
0.225000 0.075000 -0.525000
0.225000 0.075000 -0.450000
0.225000 0.075000 -0.375000
0.225000 0.075000 -0.300000
0.225000 0.075000 -0.225000
0.225000 0.075000 -0.150000
0.225000 0.075000 -0.075000
0.225000 0.075000 0.000000
0.225000 0.075000 0.075000
0.225000 0.075000 0.150000
0.225000 0.075000 0.225000
0.225000 0.075000 0.300000
0.225000 0.075000 0.375000
0.225000 0.075000 0.450000
0.225000 0.075000 0.525000
0.225000 0.075000 0.600000
0.225000 0.075000 0.675000
0.225000 0.075000 0.750000
0.225000 0.075000 0.825000
0.225000 0.075000 0.900000
0.225000 0.150000 -0.900000
0.225000 0.150000 -0.825000
0.225000 0.150000 -0.750000
0.225000 0.150000 -0.675000
0.225000 0.150000 -0.600000
0.225000 0.150000 -0.525000
0.225000 0.150000 -0.450000
0.225000 0.150000 -0.375000
0.225000 0.150000 -0.300000
0.225000 0.150000 -0.225000
0.225000 0.150000 -0.150000
0.225000 0.150000 -0.075000
0.225000 0.150000 0.000000
0.225000 0.150000 0.075000
0.225000 0.150000 0.150000
0.225000 0.150000 0.225000
0.225000 0.150000 0.300000
0.225000 0.150000 0.375000
0.225000 0.150000 0.450000
0.225000 0.150000 0.525000
0.225000 0.150000 0.600000
0.225000 0.150000 0.675000
0.225000 0.150000 0.750000
0.225000 0.150000 0.825000
0.225000 0.225000 -0.825000
0.225000 0.225000 -0.750000
0.225000 0.225000 -0.675000
0.225000 0.225000 -0.600000
0.225000 0.225000 -0.525000
0.225000 0.225000 -0.450000
0.225000 0.225000 -0.375000
0.225000 0.225000 -0.300000
0.225000 0.225000 -0.225000
0.225000 0.225000 -0.150000
0.225000 0.225000 -0.075000
0.225000 0.225000 0.000000
0.225000 0.225000 0.075000
0.225000 0.225000 0.150000
0.225000 0.225000 0.225000
0.225000 0.225000 0.300000
0.225000 0.225000 0.375000
0.225000 0.225000 0.450000
0.225000 0.225000 0.525000
0.225000 0.225000 0.600000
0.225000 0.225000 0.675000
0.225000 0.225000 0.750000
0.225000 0.225000 0.825000
0.300000 -0.300000 -0.825000
0.300000 -0.300000 -0.750000
0.300000 -0.300000 -0.675000
0.300000 -0.300000 -0.600000
0.300000 -0.300000 -0.525000
0.300000 -0.300000 -0.450000
0.300000 -0.300000 -0.375000
0.300000 -0.300000 -0.300000
0.300000 -0.300000 -0.225000
0.300000 -0.300000 -0.150000
0.300000 -0.300000 -0.075000
0.300000 -0.300000 0.000000
0.300000 -0.300000 0.075000
0.300000 -0.300000 0.150000
0.300000 -0.300000 0.225000
0.300000 -0.300000 0.300000
0.300000 -0.300000 0.375000
0.300000 -0.300000 0.450000
0.300000 -0.300000 0.525000
0.300000 -0.300000 0.600000
0.300000 -0.300000 0.675000
0.300000 -0.300000 0.750000
0.300000 -0.300000 0.825000
0.300000 -0.225000 -0.900000
0.300000 -0.225000 -0.825000
0.300000 -0.225000 -0.750000
0.300000 -0.225000 -0.675000
0.300000 -0.225000 -0.600000
0.300000 -0.225000 -0.525000
0.300000 -0.225000 -0.450000
0.300000 -0.225000 -0.375000
0.300000 -0.225000 -0.300000
0.300000 -0.225000 -0.225000
0.300000 -0.225000 -0.150000
0.300000 -0.225000 -0.075000
0.300000 -0.225000 0.000000
0.300000 -0.225000 0.075000
0.300000 -0.225000 0.150000
0.300000 -0.225000 0.225000
0.300000 -0.225000 0.300000
0.300000 -0.225000 0.375000
0.300000 -0.225000 0.450000
0.300000 -0.225000 0.525000
0.300000 -0.225000 0.600000
0.300000 -0.225000 0.675000
0.300000 -0.225000 0.750000
0.300000 -0.225000 0.825000
0.300000 -0.150000 -0.900000
0.300000 -0.150000 -0.825000
0.300000 -0.150000 -0.750000
0.300000 -0.150000 -0.675000
0.300000 -0.150000 -0.600000
0.300000 -0.150000 -0.525000
0.300000 -0.150000 -0.450000
0.300000 -0.150000 -0.375000
0.300000 -0.150000 -0.300000
0.300000 -0.150000 -0.225000
0.300000 -0.150000 -0.150000
0.300000 -0.150000 -0.075000
0.300000 -0.150000 0.000000
0.300000 -0.150000 0.075000
0.300000 -0.150000 0.150000
0.300000 -0.150000 0.225000
0.300000 -0.150000 0.300000
0.300000 -0.150000 0.375000
0.300000 -0.150000 0.450000
0.300000 -0.150000 0.525000
0.300000 -0.150000 0.600000
0.300000 -0.150000 0.675000
0.300000 -0.150000 0.750000
0.300000 -0.150000 0.825000
0.300000 -0.150000 0.900000
0.300000 -0.075000 -0.900000
0.300000 -0.075000 -0.825000
0.300000 -0.075000 -0.750000
0.300000 -0.075000 -0.675000
0.300000 -0.075000 -0.600000
0.300000 -0.075000 -0.525000
0.300000 -0.075000 -0.450000
0.300000 -0.075000 -0.375000
0.300000 -0.075000 -0.225000
0.300000 -0.075000 -0.150000
0.300000 -0.075000 -0.075000
0.300000 -0.075000 0.000000
0.300000 -0.075000 0.075000
0.300000 -0.075000 0.150000
0.300000 -0.075000 0.225000
0.300000 -0.075000 0.300000
0.300000 -0.075000 0.375000
0.300000 -0.075000 0.450000
0.300000 -0.075000 0.525000
0.300000 -0.075000 0.600000
0.300000 -0.075000 0.750000
0.300000 -0.075000 0.825000
0.300000 -0.075000 0.900000
0.300000 0.000000 -0.900000
0.300000 0.000000 -0.825000
0.300000 0.000000 -0.750000
0.300000 0.000000 -0.675000
0.300000 0.000000 -0.600000
0.300000 0.000000 -0.525000
0.300000 0.000000 -0.450000
0.300000 0.000000 -0.375000
0.300000 0.000000 -0.225000
0.300000 0.000000 -0.150000
0.300000 0.000000 -0.075000
0.300000 0.000000 0.000000
0.300000 0.000000 0.075000
0.300000 0.000000 0.150000
0.300000 0.000000 0.225000
0.300000 0.000000 0.300000
0.300000 0.000000 0.375000
0.300000 0.000000 0.450000
0.300000 0.000000 0.525000
0.300000 0.000000 0.600000
0.300000 0.000000 0.750000
0.300000 0.000000 0.825000
0.300000 0.000000 0.900000
0.300000 0.075000 -0.900000
0.300000 0.075000 -0.825000
0.300000 0.075000 -0.750000
0.300000 0.075000 -0.675000
0.300000 0.075000 -0.600000
0.300000 0.075000 -0.525000
0.300000 0.075000 -0.450000
0.300000 0.075000 -0.375000
0.300000 0.075000 -0.300000
0.300000 0.075000 -0.225000
0.300000 0.075000 -0.150000
0.300000 0.075000 -0.075000
0.300000 0.075000 0.000000
0.300000 0.075000 0.075000
0.300000 0.075000 0.150000
0.300000 0.075000 0.225000
0.300000 0.075000 0.300000
0.300000 0.075000 0.375000
0.300000 0.075000 0.450000
0.300000 0.075000 0.525000
0.300000 0.075000 0.600000
0.300000 0.075000 0.675000
0.300000 0.075000 0.750000
0.300000 0.075000 0.825000
0.300000 0.075000 0.900000
0.300000 0.150000 -0.900000
0.300000 0.150000 -0.825000
0.300000 0.150000 -0.750000
0.300000 0.150000 -0.675000
0.300000 0.150000 -0.600000
0.300000 0.150000 -0.525000
0.300000 0.150000 -0.450000
0.300000 0.150000 -0.375000
0.300000 0.150000 -0.300000
0.300000 0.150000 -0.225000
0.300000 0.150000 -0.150000
0.300000 0.150000 -0.075000
0.300000 0.150000 0.000000
0.300000 0.150000 0.075000
0.300000 0.150000 0.150000
0.300000 0.150000 0.225000
0.300000 0.150000 0.300000
0.300000 0.150000 0.375000
0.300000 0.150000 0.450000
0.300000 0.150000 0.525000
0.300000 0.150000 0.600000
0.300000 0.150000 0.675000
0.300000 0.150000 0.750000
0.300000 0.150000 0.825000
0.300000 0.225000 -0.825000
0.300000 0.225000 -0.750000
0.300000 0.225000 -0.675000
0.300000 0.225000 -0.600000
0.300000 0.225000 -0.525000
0.300000 0.225000 -0.450000
0.300000 0.225000 -0.375000
0.300000 0.225000 -0.300000
0.300000 0.225000 -0.225000
0.300000 0.225000 -0.150000
0.300000 0.225000 -0.075000
0.300000 0.225000 0.000000
0.300000 0.225000 0.075000
0.300000 0.225000 0.150000
0.300000 0.225000 0.225000
0.300000 0.225000 0.300000
0.300000 0.225000 0.375000
0.300000 0.225000 0.450000
0.300000 0.225000 0.525000
0.300000 0.225000 0.600000
0.300000 0.225000 0.675000
0.300000 0.225000 0.750000
0.300000 0.225000 0.825000
0.375000 -0.300000 -0.825000
0.375000 -0.300000 -0.750000
0.375000 -0.300000 -0.675000
0.375000 -0.300000 -0.600000
0.375000 -0.300000 -0.525000
0.375000 -0.300000 -0.450000
0.375000 -0.300000 -0.375000
0.375000 -0.300000 -0.300000
0.375000 -0.300000 -0.225000
0.375000 -0.300000 -0.150000
0.375000 -0.300000 0.150000
0.375000 -0.300000 0.225000
0.375000 -0.300000 0.300000
0.375000 -0.300000 0.375000
0.375000 -0.300000 0.450000
0.375000 -0.300000 0.525000
0.375000 -0.300000 0.600000
0.375000 -0.300000 0.675000
0.375000 -0.300000 0.750000
0.375000 -0.300000 0.825000
0.375000 -0.225000 -0.825000
0.375000 -0.225000 -0.750000
0.375000 -0.225000 -0.675000
0.375000 -0.225000 -0.600000
0.375000 -0.225000 -0.525000
0.375000 -0.225000 -0.450000
0.375000 -0.225000 -0.375000
0.375000 -0.225000 -0.300000
0.375000 -0.225000 -0.225000
0.375000 -0.225000 -0.150000
0.375000 -0.225000 -0.075000
0.375000 -0.225000 0.075000
0.375000 -0.225000 0.150000
0.375000 -0.225000 0.225000
0.375000 -0.225000 0.300000
0.375000 -0.225000 0.375000
0.375000 -0.225000 0.450000
0.375000 -0.225000 0.525000
0.375000 -0.225000 0.600000
0.375000 -0.225000 0.675000
0.375000 -0.225000 0.750000
0.375000 -0.225000 0.825000
0.375000 -0.150000 -0.825000
0.375000 -0.150000 -0.750000
0.375000 -0.150000 -0.675000
0.375000 -0.150000 -0.600000
0.375000 -0.150000 -0.525000
0.375000 -0.150000 -0.450000
0.375000 -0.150000 -0.375000
0.375000 -0.150000 -0.300000
0.375000 -0.150000 -0.225000
0.375000 -0.150000 -0.150000
0.375000 -0.150000 -0.075000
0.375000 -0.150000 0.000000
0.375000 -0.150000 0.075000
0.375000 -0.150000 0.150000
0.375000 -0.150000 0.225000
0.375000 -0.150000 0.300000
0.375000 -0.150000 0.375000
0.375000 -0.150000 0.450000
0.375000 -0.150000 0.525000
0.375000 -0.150000 0.600000
0.375000 -0.150000 0.675000
0.375000 -0.150000 0.750000
0.375000 -0.150000 0.825000
0.375000 -0.150000 0.900000
0.375000 -0.075000 -0.825000
0.375000 -0.075000 -0.750000
0.375000 -0.075000 -0.675000
0.375000 -0.075000 -0.600000
0.375000 -0.075000 -0.375000
0.375000 -0.075000 -0.300000
0.375000 -0.075000 -0.225000
0.375000 -0.075000 -0.150000
0.375000 -0.075000 -0.075000
0.375000 -0.075000 0.000000
0.375000 -0.075000 0.075000
0.375000 -0.075000 0.150000
0.375000 -0.075000 0.225000
0.375000 -0.075000 0.300000
0.375000 -0.075000 0.375000
0.375000 -0.075000 0.450000
0.375000 -0.075000 0.525000
0.375000 -0.075000 0.600000
0.375000 -0.075000 0.675000
0.375000 -0.075000 0.750000
0.375000 -0.075000 0.825000
0.375000 -0.075000 0.900000
0.375000 0.000000 -0.825000
0.375000 0.000000 -0.750000
0.375000 0.000000 -0.675000
0.375000 0.000000 -0.600000
0.375000 0.000000 -0.375000
0.375000 0.000000 -0.300000
0.375000 0.000000 -0.225000
0.375000 0.000000 -0.150000
0.375000 0.000000 -0.075000
0.375000 0.000000 0.000000
0.375000 0.000000 0.075000
0.375000 0.000000 0.150000
0.375000 0.000000 0.225000
0.375000 0.000000 0.300000
0.375000 0.000000 0.375000
0.375000 0.000000 0.450000
0.375000 0.000000 0.525000
0.375000 0.000000 0.675000
0.375000 0.000000 0.750000
0.375000 0.000000 0.825000
0.375000 0.000000 0.900000
0.375000 0.075000 -0.825000
0.375000 0.075000 -0.750000
0.375000 0.075000 -0.675000
0.375000 0.075000 -0.600000
0.375000 0.075000 -0.525000
0.375000 0.075000 -0.450000
0.375000 0.075000 -0.375000
0.375000 0.075000 -0.300000
0.375000 0.075000 -0.225000
0.375000 0.075000 -0.150000
0.375000 0.075000 -0.075000
0.375000 0.075000 0.000000
0.375000 0.075000 0.075000
0.375000 0.075000 0.150000
0.375000 0.075000 0.225000
0.375000 0.075000 0.300000
0.375000 0.075000 0.375000
0.375000 0.075000 0.450000
0.375000 0.075000 0.525000
0.375000 0.075000 0.600000
0.375000 0.075000 0.675000
0.375000 0.075000 0.750000
0.375000 0.075000 0.825000
0.375000 0.075000 0.900000
0.375000 0.150000 -0.825000
0.375000 0.150000 -0.750000
0.375000 0.150000 -0.675000
0.375000 0.150000 -0.600000
0.375000 0.150000 -0.525000
0.375000 0.150000 -0.450000
0.375000 0.150000 -0.375000
0.375000 0.150000 -0.300000
0.375000 0.150000 -0.225000
0.375000 0.150000 -0.150000
0.375000 0.150000 -0.075000
0.375000 0.150000 0.075000
0.375000 0.150000 0.150000
0.375000 0.150000 0.225000
0.375000 0.150000 0.300000
0.375000 0.150000 0.375000
0.375000 0.150000 0.450000
0.375000 0.150000 0.525000
0.375000 0.150000 0.600000
0.375000 0.150000 0.675000
0.375000 0.150000 0.750000
0.375000 0.150000 0.825000
0.375000 0.225000 -0.750000
0.375000 0.225000 -0.675000
0.375000 0.225000 -0.600000
0.375000 0.225000 -0.525000
0.375000 0.225000 -0.450000
0.375000 0.225000 -0.375000
0.375000 0.225000 -0.300000
0.375000 0.225000 -0.225000
0.375000 0.225000 -0.150000
0.375000 0.225000 0.150000
0.375000 0.225000 0.225000
0.375000 0.225000 0.300000
0.375000 0.225000 0.375000
0.375000 0.225000 0.450000
0.375000 0.225000 0.525000
0.375000 0.225000 0.600000
0.375000 0.225000 0.675000
0.375000 0.225000 0.750000
0.375000 0.225000 0.825000
0.450000 -0.300000 -0.750000
0.450000 -0.300000 -0.675000
0.450000 -0.300000 -0.600000
0.450000 -0.300000 -0.525000
0.450000 -0.300000 -0.450000
0.450000 -0.300000 -0.375000
0.450000 -0.300000 -0.300000
0.450000 -0.300000 -0.225000
0.450000 -0.300000 0.375000
0.450000 -0.300000 0.450000
0.450000 -0.300000 0.525000
0.450000 -0.300000 0.600000
0.450000 -0.300000 0.675000
0.450000 -0.300000 0.750000
0.450000 -0.225000 -0.750000
0.450000 -0.225000 -0.675000
0.450000 -0.225000 -0.600000
0.450000 -0.225000 -0.525000
0.450000 -0.225000 -0.450000
0.450000 -0.225000 -0.375000
0.450000 -0.225000 -0.300000
0.450000 -0.225000 -0.225000
0.450000 -0.225000 -0.150000
0.450000 -0.225000 0.225000
0.450000 -0.225000 0.300000
0.450000 -0.225000 0.375000
0.450000 -0.225000 0.450000
0.450000 -0.225000 0.525000
0.450000 -0.225000 0.600000
0.450000 -0.225000 0.675000
0.450000 -0.225000 0.750000
0.450000 -0.225000 0.825000
0.450000 -0.150000 -0.825000
0.450000 -0.150000 -0.750000
0.450000 -0.150000 -0.675000
0.450000 -0.150000 -0.600000
0.450000 -0.150000 -0.525000
0.450000 -0.150000 -0.450000
0.450000 -0.150000 -0.375000
0.450000 -0.150000 -0.300000
0.450000 -0.150000 -0.225000
0.450000 -0.150000 -0.150000
0.450000 -0.150000 0.225000
0.450000 -0.150000 0.300000
0.450000 -0.150000 0.375000
0.450000 -0.150000 0.450000
0.450000 -0.150000 0.525000
0.450000 -0.150000 0.600000
0.450000 -0.150000 0.675000
0.450000 -0.150000 0.750000
0.450000 -0.150000 0.825000
0.450000 -0.075000 -0.825000
0.450000 -0.075000 -0.750000
0.450000 -0.075000 -0.675000
0.450000 -0.075000 -0.600000
0.450000 -0.075000 -0.525000
0.450000 -0.075000 -0.450000
0.450000 -0.075000 -0.375000
0.450000 -0.075000 -0.300000
0.450000 -0.075000 -0.225000
0.450000 -0.075000 -0.150000
0.450000 -0.075000 0.225000
0.450000 -0.075000 0.300000
0.450000 -0.075000 0.375000
0.450000 -0.075000 0.450000
0.450000 -0.075000 0.525000
0.450000 -0.075000 0.600000
0.450000 -0.075000 0.675000
0.450000 -0.075000 0.750000
0.450000 -0.075000 0.825000
0.450000 0.000000 -0.825000
0.450000 0.000000 -0.750000
0.450000 0.000000 -0.675000
0.450000 0.000000 -0.600000
0.450000 0.000000 -0.525000
0.450000 0.000000 -0.450000
0.450000 0.000000 -0.375000
0.450000 0.000000 -0.300000
0.450000 0.000000 -0.225000
0.450000 0.000000 -0.150000
0.450000 0.000000 0.225000
0.450000 0.000000 0.300000
0.450000 0.000000 0.375000
0.450000 0.000000 0.450000
0.450000 0.000000 0.525000
0.450000 0.000000 0.600000
0.450000 0.000000 0.675000
0.450000 0.000000 0.750000
0.450000 0.000000 0.825000
0.450000 0.075000 -0.825000
0.450000 0.075000 -0.750000
0.450000 0.075000 -0.675000
0.450000 0.075000 -0.600000
0.450000 0.075000 -0.525000
0.450000 0.075000 -0.450000
0.450000 0.075000 -0.375000
0.450000 0.075000 -0.300000
0.450000 0.075000 -0.225000
0.450000 0.075000 -0.150000
0.450000 0.075000 0.225000
0.450000 0.075000 0.300000
0.450000 0.075000 0.375000
0.450000 0.075000 0.450000
0.450000 0.075000 0.525000
0.450000 0.075000 0.600000
0.450000 0.075000 0.675000
0.450000 0.075000 0.750000
0.450000 0.075000 0.825000
0.450000 0.150000 -0.750000
0.450000 0.150000 -0.675000
0.450000 0.150000 -0.600000
0.450000 0.150000 -0.525000
0.450000 0.150000 -0.450000
0.450000 0.150000 -0.375000
0.450000 0.150000 -0.300000
0.450000 0.150000 -0.225000
0.450000 0.150000 -0.150000
0.450000 0.150000 0.300000
0.450000 0.150000 0.375000
0.450000 0.150000 0.450000
0.450000 0.150000 0.525000
0.450000 0.150000 0.600000
0.450000 0.150000 0.675000
0.450000 0.150000 0.750000
0.450000 0.150000 0.825000
0.450000 0.225000 -0.675000
0.450000 0.225000 -0.600000
0.450000 0.225000 -0.525000
0.450000 0.225000 -0.450000
0.450000 0.225000 -0.375000
0.450000 0.225000 -0.300000
0.450000 0.225000 -0.225000
0.450000 0.225000 0.375000
0.450000 0.225000 0.450000
0.450000 0.225000 0.525000
0.450000 0.225000 0.600000
0.450000 0.225000 0.675000
0.450000 0.225000 0.750000
0.525000 -0.300000 -0.600000
0.525000 -0.300000 -0.525000
0.525000 -0.300000 -0.450000
0.525000 -0.300000 -0.375000
0.525000 -0.225000 -0.675000
0.525000 -0.225000 -0.600000
0.525000 -0.225000 -0.525000
0.525000 -0.225000 -0.450000
0.525000 -0.225000 -0.375000
0.525000 -0.225000 -0.300000
0.525000 -0.225000 -0.225000
0.525000 -0.225000 0.375000
0.525000 -0.225000 0.450000
0.525000 -0.225000 0.525000
0.525000 -0.225000 0.600000
0.525000 -0.150000 -0.750000
0.525000 -0.150000 -0.675000
0.525000 -0.150000 -0.600000
0.525000 -0.150000 -0.525000
0.525000 -0.150000 -0.450000
0.525000 -0.150000 -0.375000
0.525000 -0.150000 -0.300000
0.525000 -0.150000 -0.225000
0.525000 -0.150000 0.300000
0.525000 -0.150000 0.375000
0.525000 -0.150000 0.450000
0.525000 -0.150000 0.525000
0.525000 -0.150000 0.600000
0.525000 -0.150000 0.675000
0.525000 -0.150000 0.750000
0.525000 -0.075000 -0.750000
0.525000 -0.075000 -0.675000
0.525000 -0.075000 -0.600000
0.525000 -0.075000 -0.525000
0.525000 -0.075000 -0.450000
0.525000 -0.075000 -0.375000
0.525000 -0.075000 -0.300000
0.525000 -0.075000 -0.225000
0.525000 -0.075000 0.300000
0.525000 -0.075000 0.375000
0.525000 -0.075000 0.450000
0.525000 -0.075000 0.525000
0.525000 -0.075000 0.600000
0.525000 -0.075000 0.675000
0.525000 -0.075000 0.750000
0.525000 0.000000 -0.750000
0.525000 0.000000 -0.675000
0.525000 0.000000 -0.600000
0.525000 0.000000 -0.525000
0.525000 0.000000 -0.450000
0.525000 0.000000 -0.375000
0.525000 0.000000 -0.300000
0.525000 0.000000 -0.225000
0.525000 0.000000 0.300000
0.525000 0.000000 0.375000
0.525000 0.000000 0.450000
0.525000 0.000000 0.525000
0.525000 0.000000 0.600000
0.525000 0.000000 0.675000
0.525000 0.000000 0.750000
0.525000 0.075000 -0.750000
0.525000 0.075000 -0.675000
0.525000 0.075000 -0.600000
0.525000 0.075000 -0.525000
0.525000 0.075000 -0.450000
0.525000 0.075000 -0.375000
0.525000 0.075000 -0.300000
0.525000 0.075000 -0.225000
0.525000 0.075000 0.300000
0.525000 0.075000 0.375000
0.525000 0.075000 0.450000
0.525000 0.075000 0.525000
0.525000 0.075000 0.600000
0.525000 0.075000 0.675000
0.525000 0.075000 0.750000
0.525000 0.150000 -0.675000
0.525000 0.150000 -0.600000
0.525000 0.150000 -0.525000
0.525000 0.150000 -0.450000
0.525000 0.150000 -0.375000
0.525000 0.150000 -0.300000
0.525000 0.150000 0.450000
0.525000 0.150000 0.525000
0.525000 0.150000 0.600000
0.525000 0.150000 0.675000
0.525000 0.150000 0.750000
0.600000 -0.150000 -0.600000
0.600000 -0.150000 -0.525000
0.600000 -0.075000 -0.600000
0.600000 -0.075000 -0.525000
0.600000 0.000000 -0.600000
0.600000 0.000000 -0.525000
4 0 5 38 32
4 1 33 39 6
4 0 32 33 1
4 38 5 6 39
4 0 1 6 5
4 32 38 39 33
4 1 6 39 33
4 2 34 40 7
4 1 33 34 2
4 39 6 7 40
4 1 2 7 6
4 33 39 40 34
4 2 7 40 34
4 3 35 41 8
4 2 34 35 3
4 40 7 8 41
4 2 3 8 7
4 34 40 41 35
4 4 9 43 37
4 5 38 44 10
4 4 37 38 5
4 43 9 10 44
4 4 5 10 9
4 37 43 44 38
4 5 10 44 38
4 6 39 45 11
4 5 38 39 6
4 44 10 11 45
4 5 6 11 10
4 38 44 45 39
4 6 11 45 39
4 7 40 46 12
4 6 39 40 7
4 45 11 12 46
4 6 7 12 11
4 39 45 46 40
4 7 12 46 40
4 8 41 47 13
4 7 40 41 8
4 46 12 13 47
4 7 8 13 12
4 40 46 47 41
4 9 14 49 43
4 10 44 50 15
4 9 43 44 10
4 49 14 15 50
4 9 10 15 14
4 43 49 50 44
4 10 15 50 44
4 11 45 51 16
4 10 44 45 11
4 50 15 16 51
4 10 11 16 15
4 44 50 51 45
4 11 16 51 45
4 12 46 52 17
4 11 45 46 12
4 51 16 17 52
4 11 12 17 16
4 45 51 52 46
4 12 17 52 46
4 13 47 53 18
4 12 46 47 13
4 52 17 18 53
4 12 13 18 17
4 46 52 53 47
4 14 19 54 49
4 15 50 55 20
4 14 49 50 15
4 54 19 20 55
4 14 15 20 19
4 49 54 55 50
4 15 20 55 50
4 16 51 56 21
4 15 50 51 16
4 55 20 21 56
4 15 16 21 20
4 50 55 56 51
4 16 21 56 51
4 17 52 57 22
4 16 51 52 17
4 56 21 22 57
4 16 17 22 21
4 51 56 57 52
4 17 22 57 52
4 18 53 58 23
4 17 52 53 18
4 57 22 23 58
4 17 18 23 22
4 52 57 58 53
4 20 24 60 55
4 21 56 61 25
4 20 55 56 21
4 60 24 25 61
4 20 21 25 24
4 55 60 61 56
4 21 25 61 56
4 22 57 62 26
4 21 56 57 22
4 61 25 26 62
4 21 22 26 25
4 56 61 62 57
4 22 26 62 57
4 23 58 63 27
4 22 57 58 23
4 62 26 27 63
4 22 23 27 26
4 57 62 63 58
4 28 31 70 66
4 29 67 71 32
4 28 66 67 29
4 70 31 32 71
4 28 29 32 31
4 66 70 71 67
4 29 32 71 67
4 30 68 72 33
4 29 67 68 30
4 71 32 33 72
4 29 30 33 32
4 67 71 72 68
4 31 37 76 70
4 32 71 77 38
4 31 70 71 32
4 76 37 38 77
4 31 32 38 37
4 70 76 77 71
4 32 38 77 71
4 33 72 78 39
4 32 71 72 33
4 77 38 39 78
4 32 33 39 38
4 71 77 78 72
4 33 39 78 72
4 34 73 79 40
4 33 72 73 34
4 78 39 40 79
4 33 34 40 39
4 72 78 79 73
4 34 40 79 73
4 35 74 80 41
4 34 73 74 35
4 79 40 41 80
4 34 35 41 40
4 73 79 80 74
4 36 42 81 75
4 37 76 82 43
4 36 75 76 37
4 81 42 43 82
4 36 37 43 42
4 75 81 82 76
4 37 43 82 76
4 38 77 83 44
4 37 76 77 38
4 82 43 44 83
4 37 38 44 43
4 76 82 83 77
4 38 44 83 77
4 39 78 84 45
4 38 77 78 39
4 83 44 45 84
4 38 39 45 44
4 77 83 84 78
4 40 46 85 79
4 41 80 86 47
4 40 79 80 41
4 85 46 47 86
4 40 41 47 46
4 79 85 86 80
4 42 48 87 81
4 43 82 88 49
4 42 81 82 43
4 87 48 49 88
4 42 43 49 48
4 81 87 88 82
4 43 49 88 82
4 44 83 89 50
4 43 82 83 44
4 88 49 50 89
4 43 44 50 49
4 82 88 89 83
4 46 52 91 85
4 47 86 92 53
4 46 85 86 47
4 91 52 53 92
4 46 47 53 52
4 85 91 92 86
4 49 54 94 88
4 50 89 95 55
4 49 88 89 50
4 94 54 55 95
4 49 50 55 54
4 88 94 95 89
4 50 55 95 89
4 51 90 96 56
4 50 89 90 51
4 95 55 56 96
4 50 51 56 55
4 89 95 96 90
4 51 56 96 90
4 52 91 97 57
4 51 90 91 52
4 96 56 57 97
4 51 52 57 56
4 90 96 97 91
4 52 57 97 91
4 53 92 98 58
4 52 91 92 53
4 97 57 58 98
4 52 53 58 57
4 91 97 98 92
4 54 59 100 94
4 55 95 101 60
4 54 94 95 55
4 100 59 60 101
4 54 55 60 59
4 94 100 101 95
4 55 60 101 95
4 56 96 102 61
4 55 95 96 56
4 101 60 61 102
4 55 56 61 60
4 95 101 102 96
4 56 61 102 96
4 57 97 103 62
4 56 96 97 57
4 102 61 62 103
4 56 57 62 61
4 96 102 103 97
4 60 64 105 101
4 61 102 106 65
4 60 101 102 61
4 105 64 65 106
4 60 61 65 64
4 101 105 106 102
4 66 70 111 107
4 67 108 112 71
4 66 107 108 67
4 111 70 71 112
4 66 67 71 70
4 107 111 112 108
4 67 71 112 108
4 68 109 113 72
4 67 108 109 68
4 112 71 72 113
4 67 68 72 71
4 108 112 113 109
4 69 75 116 110
4 70 111 117 76
4 69 110 111 70
4 116 75 76 117
4 69 70 76 75
4 110 116 117 111
4 70 76 117 111
4 71 112 118 77
4 70 111 112 71
4 117 76 77 118
4 70 71 77 76
4 111 117 118 112
4 71 77 118 112
4 72 113 119 78
4 71 112 113 72
4 118 77 78 119
4 71 72 78 77
4 112 118 119 113
4 72 78 119 113
4 73 114 120 79
4 72 113 114 73
4 119 78 79 120
4 72 73 79 78
4 113 119 120 114
4 73 79 120 114
4 74 115 121 80
4 73 114 115 74
4 120 79 80 121
4 73 74 80 79
4 114 120 121 115
4 75 81 123 116
4 76 117 124 82
4 75 116 117 76
4 123 81 82 124
4 75 76 82 81
4 116 123 124 117
4 76 82 124 117
4 77 118 125 83
4 76 117 118 77
4 124 82 83 125
4 76 77 83 82
4 117 124 125 118
4 77 83 125 118
4 78 119 126 84
4 77 118 119 78
4 125 83 84 126
4 77 78 84 83
4 118 125 126 119
4 78 84 126 119
4 79 120 127 85
4 78 119 120 79
4 126 84 85 127
4 78 79 85 84
4 119 126 127 120
4 79 85 127 120
4 80 121 128 86
4 79 120 121 80
4 127 85 86 128
4 79 80 86 85
4 120 127 128 121
4 81 87 130 123
4 82 124 131 88
4 81 123 124 82
4 130 87 88 131
4 81 82 88 87
4 123 130 131 124
4 84 90 133 126
4 85 127 134 91
4 84 126 127 85
4 133 90 91 134
4 84 85 91 90
4 126 133 134 127
4 85 91 134 127
4 86 128 135 92
4 85 127 128 86
4 134 91 92 135
4 85 86 92 91
4 127 134 135 128
4 87 93 137 130
4 88 131 138 94
4 87 130 131 88
4 137 93 94 138
4 87 88 94 93
4 130 137 138 131
4 88 94 138 131
4 89 132 139 95
4 88 131 132 89
4 138 94 95 139
4 88 89 95 94
4 131 138 139 132
4 89 95 139 132
4 90 133 140 96
4 89 132 133 90
4 139 95 96 140
4 89 90 96 95
4 132 139 140 133
4 90 96 140 133
4 91 134 141 97
4 90 133 134 91
4 140 96 97 141
4 90 91 97 96
4 133 140 141 134
4 93 99 142 137
4 94 138 143 100
4 93 137 138 94
4 142 99 100 143
4 93 94 100 99
4 137 142 143 138
4 94 100 143 138
4 95 139 144 101
4 94 138 139 95
4 143 100 101 144
4 94 95 101 100
4 138 143 144 139
4 95 101 144 139
4 96 140 145 102
4 95 139 140 96
4 144 101 102 145
4 95 96 102 101
4 139 144 145 140
4 96 102 145 140
4 97 141 146 103
4 96 140 141 97
4 145 102 103 146
4 96 97 103 102
4 140 145 146 141
4 100 104 147 143
4 101 144 148 105
4 100 143 144 101
4 147 104 105 148
4 100 101 105 104
4 143 147 148 144
4 101 105 148 144
4 102 145 149 106
4 101 144 145 102
4 148 105 106 149
4 101 102 106 105
4 144 148 149 145
4 107 111 156 151
4 108 152 157 112
4 107 151 152 108
4 156 111 112 157
4 107 108 112 111
4 151 156 157 152
4 108 112 157 152
4 109 153 158 113
4 108 152 153 109
4 157 112 113 158
4 108 109 113 112
4 152 157 158 153
4 110 116 160 155
4 111 156 161 117
4 110 155 156 111
4 160 116 117 161
4 110 111 117 116
4 155 160 161 156
4 111 117 161 156
4 112 157 162 118
4 111 156 157 112
4 161 117 118 162
4 111 112 118 117
4 156 161 162 157
4 112 118 162 157
4 113 158 163 119
4 112 157 158 113
4 162 118 119 163
4 112 113 119 118
4 157 162 163 158
4 116 123 166 160
4 117 161 167 124
4 116 160 161 117
4 166 123 124 167
4 116 117 124 123
4 160 166 167 161
4 118 125 168 162
4 119 163 169 126
4 118 162 163 119
4 168 125 126 169
4 118 119 126 125
4 162 168 169 163
4 119 126 169 163
4 120 164 170 127
4 119 163 164 120
4 169 126 127 170
4 119 120 127 126
4 163 169 170 164
4 122 129 171 165
4 123 166 172 130
4 122 165 166 123
4 171 129 130 172
4 122 123 130 129
4 165 171 172 166
4 123 130 172 166
4 124 167 173 131
4 123 166 167 124
4 172 130 131 173
4 123 124 131 130
4 166 172 173 167
4 125 132 174 168
4 126 169 175 133
4 125 168 169 126
4 174 132 133 175
4 125 126 133 132
4 168 174 175 169
4 126 133 175 169
4 127 170 176 134
4 126 169 170 127
4 175 133 134 176
4 126 127 134 133
4 169 175 176 170
4 129 136 177 171
4 130 172 178 137
4 129 171 172 130
4 177 136 137 178
4 129 130 137 136
4 171 177 178 172
4 130 137 178 172
4 131 173 179 138
4 130 172 173 131
4 178 137 138 179
4 130 131 138 137
4 172 178 179 173
4 132 139 180 174
4 133 175 181 140
4 132 174 175 133
4 180 139 140 181
4 132 133 140 139
4 174 180 181 175
4 133 140 181 175
4 134 176 182 141
4 133 175 176 134
4 181 140 141 182
4 133 134 141 140
4 175 181 182 176
4 137 142 184 178
4 138 179 185 143
4 137 178 179 138
4 184 142 143 185
4 137 138 143 142
4 178 184 185 179
4 138 143 185 179
4 139 180 186 144
4 138 179 180 139
4 185 143 144 186
4 138 139 144 143
4 179 185 186 180
4 139 144 186 180
4 140 181 187 145
4 139 180 181 140
4 186 144 145 187
4 139 140 145 144
4 180 186 187 181
4 143 147 189 185
4 144 186 190 148
4 143 185 186 144
4 189 147 148 190
4 143 144 148 147
4 185 189 190 186
4 144 148 190 186
4 145 187 191 149
4 144 186 187 145
4 190 148 149 191
4 144 145 149 148
4 186 190 191 187
4 150 155 199 192
4 151 193 200 156
4 150 192 193 151
4 199 155 156 200
4 150 151 156 155
4 192 199 200 193
4 151 156 200 193
4 152 194 201 157
4 151 193 194 152
4 200 156 157 201
4 151 152 157 156
4 193 200 201 194
4 154 159 212 198
4 155 199 213 160
4 154 198 199 155
4 212 159 160 213
4 154 155 160 159
4 198 212 213 199
4 155 160 213 199
4 156 200 214 161
4 155 199 200 156
4 213 160 161 214
4 155 156 161 160
4 199 213 214 200
4 156 161 214 200
4 157 201 215 162
4 156 200 201 157
4 214 161 162 215
4 156 157 162 161
4 200 214 215 201
4 157 162 215 201
4 158 202 216 163
4 157 201 202 158
4 215 162 163 216
4 157 158 163 162
4 201 215 216 202
4 159 165 228 212
4 160 213 229 166
4 159 212 213 160
4 228 165 166 229
4 159 160 166 165
4 212 228 229 213
4 160 166 229 213
4 161 214 230 167
4 160 213 214 161
4 229 166 167 230
4 160 161 167 166
4 213 229 230 214
4 162 168 231 215
4 163 216 232 169
4 162 215 216 163
4 231 168 169 232
4 162 163 169 168
4 215 231 232 216
4 165 171 244 228
4 166 229 245 172
4 165 228 229 166
4 244 171 172 245
4 165 166 172 171
4 228 244 245 229
4 166 172 245 229
4 167 230 246 173
4 166 229 230 167
4 245 172 173 246
4 166 167 173 172
4 229 245 246 230
4 168 174 247 231
4 169 232 248 175
4 168 231 232 169
4 247 174 175 248
4 168 169 175 174
4 231 247 248 232
4 171 177 260 244
4 172 245 261 178
4 171 244 245 172
4 260 177 178 261
4 171 172 178 177
4 244 260 261 245
4 172 178 261 245
4 173 246 262 179
4 172 245 246 173
4 261 178 179 262
4 172 173 179 178
4 245 261 262 246
4 174 180 263 247
4 175 248 264 181
4 174 247 248 175
4 263 180 181 264
4 174 175 181 180
4 247 263 264 248
4 177 183 276 260
4 178 261 277 184
4 177 260 261 178
4 276 183 184 277
4 177 178 184 183
4 260 276 277 261
4 178 184 277 261
4 179 262 278 185
4 178 261 262 179
4 277 184 185 278
4 178 179 185 184
4 261 277 278 262
4 179 185 278 262
4 180 263 279 186
4 179 262 263 180
4 278 185 186 279
4 179 180 186 185
4 262 278 279 263
4 180 186 279 263
4 181 264 280 187
4 180 263 264 181
4 279 186 187 280
4 180 181 187 186
4 263 279 280 264
4 184 188 290 277
4 185 278 291 189
4 184 277 278 185
4 290 188 189 291
4 184 185 189 188
4 277 290 291 278
4 185 189 291 278
4 186 279 292 190
4 185 278 279 186
4 291 189 190 292
4 185 186 190 189
4 278 291 292 279
4 186 190 292 279
4 187 280 293 191
4 186 279 280 187
4 292 190 191 293
4 186 187 191 190
4 279 292 293 280
4 192 199 310 297
4 193 298 311 200
4 192 297 298 193
4 310 199 200 311
4 192 193 200 199
4 297 310 311 298
4 193 200 311 298
4 194 299 312 201
4 193 298 299 194
4 311 200 201 312
4 193 194 201 200
4 298 311 312 299
4 195 204 315 301
4 196 302 316 205
4 195 301 302 196
4 315 204 205 316
4 195 196 205 204
4 301 315 316 302
4 196 205 316 302
4 197 303 317 206
4 196 302 303 197
4 316 205 206 317
4 196 197 206 205
4 302 316 317 303
4 198 212 324 309
4 199 310 325 213
4 198 309 310 199
4 324 212 213 325
4 198 199 213 212
4 309 324 325 310
4 199 213 325 310
4 200 311 326 214
4 199 310 311 200
4 325 213 214 326
4 199 200 214 213
4 310 325 326 311
4 200 214 326 311
4 201 312 327 215
4 200 311 312 201
4 326 214 215 327
4 200 201 215 214
4 311 326 327 312
4 201 215 327 312
4 202 313 328 216
4 201 312 313 202
4 327 215 216 328
4 201 202 216 215
4 312 327 328 313
4 203 217 329 314
4 204 315 330 218
4 203 314 315 204
4 329 217 218 330
4 203 204 218 217
4 314 329 330 315
4 204 218 330 315
4 205 316 331 219
4 204 315 316 205
4 330 218 219 331
4 204 205 219 218
4 315 330 331 316
4 205 219 331 316
4 206 317 332 220
4 205 316 317 206
4 331 219 220 332
4 205 206 220 219
4 316 331 332 317
4 206 220 332 317
4 207 318 333 221
4 206 317 318 207
4 332 220 221 333
4 206 207 221 220
4 317 332 333 318
4 208 223 336 319
4 209 320 337 224
4 208 319 320 209
4 336 223 224 337
4 208 209 224 223
4 319 336 337 320
4 209 224 337 320
4 210 321 338 225
4 209 320 321 210
4 337 224 225 338
4 209 210 225 224
4 320 337 338 321
4 210 225 338 321
4 211 322 339 226
4 210 321 322 211
4 338 225 226 339
4 210 211 226 225
4 321 338 339 322
4 212 228 342 324
4 213 325 343 229
4 212 324 325 213
4 342 228 229 343
4 212 213 229 228
4 324 342 343 325
4 215 231 344 327
4 216 328 345 232
4 215 327 328 216
4 344 231 232 345
4 215 216 232 231
4 327 344 345 328
4 217 233 346 329
4 218 330 347 234
4 217 329 330 218
4 346 233 234 347
4 217 218 234 233
4 329 346 347 330
4 218 234 347 330
4 219 331 348 235
4 218 330 331 219
4 347 234 235 348
4 218 219 235 234
4 330 347 348 331
4 219 235 348 331
4 220 332 349 236
4 219 331 332 220
4 348 235 236 349
4 219 220 236 235
4 331 348 349 332
4 220 236 349 332
4 221 333 350 237
4 220 332 333 221
4 349 236 237 350
4 220 221 237 236
4 332 349 350 333
4 222 238 352 335
4 223 336 353 239
4 222 335 336 223
4 352 238 239 353
4 222 223 239 238
4 335 352 353 336
4 223 239 353 336
4 224 337 354 240
4 223 336 337 224
4 353 239 240 354
4 223 224 240 239
4 336 353 354 337
4 224 240 354 337
4 225 338 355 241
4 224 337 338 225
4 354 240 241 355
4 224 225 241 240
4 337 354 355 338
4 225 241 355 338
4 226 339 356 242
4 225 338 339 226
4 355 241 242 356
4 225 226 242 241
4 338 355 356 339
4 226 242 356 339
4 227 340 357 243
4 226 339 340 227
4 356 242 243 357
4 226 227 243 242
4 339 356 357 340
4 228 244 359 342
4 229 343 360 245
4 228 342 343 229
4 359 244 245 360
4 228 229 245 244
4 342 359 360 343
4 231 247 361 344
4 232 345 362 248
4 231 344 345 232
4 361 247 248 362
4 231 232 248 247
4 344 361 362 345
4 233 249 363 346
4 234 347 364 250
4 233 346 347 234
4 363 249 250 364
4 233 234 250 249
4 346 363 364 347
4 234 250 364 347
4 235 348 365 251
4 234 347 348 235
4 364 250 251 365
4 234 235 251 250
4 347 364 365 348
4 235 251 365 348
4 236 349 366 252
4 235 348 349 236
4 365 251 252 366
4 235 236 252 251
4 348 365 366 349
4 236 252 366 349
4 237 350 367 253
4 236 349 350 237
4 366 252 253 367
4 236 237 253 252
4 349 366 367 350
4 238 254 369 352
4 239 353 370 255
4 238 352 353 239
4 369 254 255 370
4 238 239 255 254
4 352 369 370 353
4 239 255 370 353
4 240 354 371 256
4 239 353 354 240
4 370 255 256 371
4 239 240 256 255
4 353 370 371 354
4 240 256 371 354
4 241 355 372 257
4 240 354 355 241
4 371 256 257 372
4 240 241 257 256
4 354 371 372 355
4 241 257 372 355
4 242 356 373 258
4 241 355 356 242
4 372 257 258 373
4 241 242 258 257
4 355 372 373 356
4 242 258 373 356
4 243 357 374 259
4 242 356 357 243
4 373 258 259 374
4 242 243 259 258
4 356 373 374 357
4 244 260 376 359
4 245 360 377 261
4 244 359 360 245
4 376 260 261 377
4 244 245 261 260
4 359 376 377 360
4 247 263 379 361
4 248 362 380 264
4 247 361 362 248
4 379 263 264 380
4 247 248 264 263
4 361 379 380 362
4 249 265 381 363
4 250 364 382 266
4 249 363 364 250
4 381 265 266 382
4 249 250 266 265
4 363 381 382 364
4 250 266 382 364
4 251 365 383 267
4 250 364 365 251
4 382 266 267 383
4 250 251 267 266
4 364 382 383 365
4 251 267 383 365
4 252 366 384 268
4 251 365 366 252
4 383 267 268 384
4 251 252 268 267
4 365 383 384 366
4 252 268 384 366
4 253 367 385 269
4 252 366 367 253
4 384 268 269 385
4 252 253 269 268
4 366 384 385 367
4 254 270 387 369
4 255 370 388 271
4 254 369 370 255
4 387 270 271 388
4 254 255 271 270
4 369 387 388 370
4 255 271 388 370
4 256 371 389 272
4 255 370 371 256
4 388 271 272 389
4 255 256 272 271
4 370 388 389 371
4 256 272 389 371
4 257 372 390 273
4 256 371 372 257
4 389 272 273 390
4 256 257 273 272
4 371 389 390 372
4 257 273 390 372
4 258 373 391 274
4 257 372 373 258
4 390 273 274 391
4 257 258 274 273
4 372 390 391 373
4 258 274 391 373
4 259 374 392 275
4 258 373 374 259
4 391 274 275 392
4 258 259 275 274
4 373 391 392 374
4 260 276 394 376
4 261 377 395 277
4 260 376 377 261
4 394 276 277 395
4 260 261 277 276
4 376 394 395 377
4 261 277 395 377
4 262 378 396 278
4 261 377 378 262
4 395 277 278 396
4 261 262 278 277
4 377 395 396 378
4 262 278 396 378
4 263 379 397 279
4 262 378 379 263
4 396 278 279 397
4 262 263 279 278
4 378 396 397 379
4 263 279 397 379
4 264 380 398 280
4 263 379 380 264
4 397 279 280 398
4 263 264 280 279
4 379 397 398 380
4 265 281 399 381
4 266 382 400 282
4 265 381 382 266
4 399 281 282 400
4 265 266 282 281
4 381 399 400 382
4 266 282 400 382
4 267 383 401 283
4 266 382 383 267
4 400 282 283 401
4 266 267 283 282
4 382 400 401 383
4 267 283 401 383
4 268 384 402 284
4 267 383 384 268
4 401 283 284 402
4 267 268 284 283
4 383 401 402 384
4 268 284 402 384
4 269 385 403 285
4 268 384 385 269
4 402 284 285 403
4 268 269 285 284
4 384 402 403 385
4 271 286 404 388
4 272 389 405 287
4 271 388 389 272
4 404 286 287 405
4 271 272 287 286
4 388 404 405 389
4 272 287 405 389
4 273 390 406 288
4 272 389 390 273
4 405 287 288 406
4 272 273 288 287
4 389 405 406 390
4 273 288 406 390
4 274 391 407 289
4 273 390 391 274
4 406 288 289 407
4 273 274 289 288
4 390 406 407 391
4 277 290 410 395
4 278 396 411 291
4 277 395 396 278
4 410 290 291 411
4 277 278 291 290
4 395 410 411 396
4 278 291 411 396
4 279 397 412 292
4 278 396 397 279
4 411 291 292 412
4 278 279 292 291
4 396 411 412 397
4 279 292 412 397
4 280 398 413 293
4 279 397 398 280
4 412 292 293 413
4 279 280 293 292
4 397 412 413 398
4 288 294 420 406
4 289 407 421 295
4 288 406 407 289
4 420 294 295 421
4 288 289 295 294
4 406 420 421 407
4 296 309 436 423
4 297 424 437 310
4 296 423 424 297
4 436 309 310 437
4 296 297 310 309
4 423 436 437 424
4 297 310 437 424
4 298 425 438 311
4 297 424 425 298
4 437 310 311 438
4 297 298 311 310
4 424 437 438 425
4 298 311 438 425
4 299 426 439 312
4 298 425 426 299
4 438 311 312 439
4 298 299 312 311
4 425 438 439 426
4 300 314 441 427
4 301 428 442 315
4 300 427 428 301
4 441 314 315 442
4 300 301 315 314
4 427 441 442 428
4 301 315 442 428
4 302 429 443 316
4 301 428 429 302
4 442 315 316 443
4 301 302 316 315
4 428 442 443 429
4 302 316 443 429
4 303 430 444 317
4 302 429 430 303
4 443 316 317 444
4 302 303 317 316
4 429 443 444 430
4 303 317 444 430
4 304 431 445 318
4 303 430 431 304
4 444 317 318 445
4 303 304 318 317
4 430 444 445 431
4 305 320 447 432
4 306 433 448 321
4 305 432 433 306
4 447 320 321 448
4 305 306 321 320
4 432 447 448 433
4 306 321 448 433
4 307 434 449 322
4 306 433 434 307
4 448 321 322 449
4 306 307 322 321
4 433 448 449 434
4 307 322 449 434
4 308 435 450 323
4 307 434 435 308
4 449 322 323 450
4 307 308 323 322
4 434 449 450 435
4 309 324 452 436
4 310 437 453 325
4 309 436 437 310
4 452 324 325 453
4 309 310 325 324
4 436 452 453 437
4 310 325 453 437
4 311 438 454 326
4 310 437 438 311
4 453 325 326 454
4 310 311 326 325
4 437 453 454 438
4 311 326 454 438
4 312 439 455 327
4 311 438 439 312
4 454 326 327 455
4 311 312 327 326
4 438 454 455 439
4 312 327 455 439
4 313 440 456 328
4 312 439 440 313
4 455 327 328 456
4 312 313 328 327
4 439 455 456 440
4 314 329 458 441
4 315 442 459 330
4 314 441 442 315
4 458 329 330 459
4 314 315 330 329
4 441 458 459 442
4 315 330 459 442
4 316 443 460 331
4 315 442 443 316
4 459 330 331 460
4 315 316 331 330
4 442 459 460 443
4 316 331 460 443
4 317 444 461 332
4 316 443 444 317
4 460 331 332 461
4 316 317 332 331
4 443 460 461 444
4 317 332 461 444
4 318 445 462 333
4 317 444 445 318
4 461 332 333 462
4 317 318 333 332
4 444 461 462 445
4 319 336 465 446
4 320 447 466 337
4 319 446 447 320
4 465 336 337 466
4 319 320 337 336
4 446 465 466 447
4 320 337 466 447
4 321 448 467 338
4 320 447 448 321
4 466 337 338 467
4 320 321 338 337
4 447 466 467 448
4 321 338 467 448
4 322 449 468 339
4 321 448 449 322
4 467 338 339 468
4 321 322 339 338
4 448 467 468 449
4 322 339 468 449
4 323 450 469 340
4 322 449 450 323
4 468 339 340 469
4 322 323 340 339
4 449 468 469 450
4 324 342 471 452
4 325 453 472 343
4 324 452 453 325
4 471 342 343 472
4 324 325 343 342
4 452 471 472 453
4 327 344 473 455
4 328 456 474 345
4 327 455 456 328
4 473 344 345 474
4 327 328 345 344
4 455 473 474 456
4 329 346 476 458
4 330 459 477 347
4 329 458 459 330
4 476 346 347 477
4 329 330 347 346
4 458 476 477 459
4 332 349 478 461
4 333 462 479 350
4 332 461 462 333
4 478 349 350 479
4 332 333 350 349
4 461 478 479 462
4 333 350 479 462
4 334 463 480 351
4 333 462 463 334
4 479 350 351 480
4 333 334 351 350
4 462 479 480 463
4 335 352 481 464
4 336 465 482 353
4 335 464 465 336
4 481 352 353 482
4 335 336 353 352
4 464 481 482 465
4 336 353 482 465
4 337 466 483 354
4 336 465 466 337
4 482 353 354 483
4 336 337 354 353
4 465 482 483 466
4 338 355 484 467
4 339 468 485 356
4 338 467 468 339
4 484 355 356 485
4 338 339 356 355
4 467 484 485 468
4 339 356 485 468
4 340 469 486 357
4 339 468 469 340
4 485 356 357 486
4 339 340 357 356
4 468 485 486 469
4 340 357 486 469
4 341 470 487 358
4 340 469 470 341
4 486 357 358 487
4 340 341 358 357
4 469 486 487 470
4 342 359 488 471
4 343 472 489 360
4 342 471 472 343
4 488 359 360 489
4 342 343 360 359
4 471 488 489 472
4 344 361 490 473
4 345 474 491 362
4 344 473 474 345
4 490 361 362 491
4 344 345 362 361
4 473 490 491 474
4 346 363 493 476
4 347 477 494 364
4 346 476 477 347
4 493 363 364 494
4 346 347 364 363
4 476 493 494 477
4 349 366 495 478
4 350 479 496 367
4 349 478 479 350
4 495 366 367 496
4 349 350 367 366
4 478 495 496 479
4 350 367 496 479
4 351 480 497 368
4 350 479 480 351
4 496 367 368 497
4 350 351 368 367
4 479 496 497 480
4 352 369 498 481
4 353 482 499 370
4 352 481 482 353
4 498 369 370 499
4 352 353 370 369
4 481 498 499 482
4 353 370 499 482
4 354 483 500 371
4 353 482 483 354
4 499 370 371 500
4 353 354 371 370
4 482 499 500 483
4 356 373 502 485
4 357 486 503 374
4 356 485 486 357
4 502 373 374 503
4 356 357 374 373
4 485 502 503 486
4 357 374 503 486
4 358 487 504 375
4 357 486 487 358
4 503 374 375 504
4 357 358 375 374
4 486 503 504 487
4 359 376 505 488
4 360 489 506 377
4 359 488 489 360
4 505 376 377 506
4 359 360 377 376
4 488 505 506 489
4 361 379 508 490
4 362 491 509 380
4 361 490 491 362
4 508 379 380 509
4 361 362 380 379
4 490 508 509 491
4 363 381 511 493
4 364 494 512 382
4 363 493 494 364
4 511 381 382 512
4 363 364 382 381
4 493 511 512 494
4 366 384 514 495
4 367 496 515 385
4 366 495 496 367
4 514 384 385 515
4 366 367 385 384
4 495 514 515 496
4 367 385 515 496
4 368 497 516 386
4 367 496 497 368
4 515 385 386 516
4 367 368 386 385
4 496 515 516 497
4 369 387 517 498
4 370 499 518 388
4 369 498 499 370
4 517 387 388 518
4 369 370 388 387
4 498 517 518 499
4 370 388 518 499
4 371 500 519 389
4 370 499 500 371
4 518 388 389 519
4 370 371 389 388
4 499 518 519 500
4 371 389 519 500
4 372 501 520 390
4 371 500 501 372
4 519 389 390 520
4 371 372 390 389
4 500 519 520 501
4 372 390 520 501
4 373 502 521 391
4 372 501 502 373
4 520 390 391 521
4 372 373 391 390
4 501 520 521 502
4 373 391 521 502
4 374 503 522 392
4 373 502 503 374
4 521 391 392 522
4 373 374 392 391
4 502 521 522 503
4 374 392 522 503
4 375 504 523 393
4 374 503 504 375
4 522 392 393 523
4 374 375 393 392
4 503 522 523 504
4 376 394 524 505
4 377 506 525 395
4 376 505 506 377
4 524 394 395 525
4 376 377 395 394
4 505 524 525 506
4 377 395 525 506
4 378 507 526 396
4 377 506 507 378
4 525 395 396 526
4 377 378 396 395
4 506 525 526 507
4 378 396 526 507
4 379 508 527 397
4 378 507 508 379
4 526 396 397 527
4 378 379 397 396
4 507 526 527 508
4 379 397 527 508
4 380 509 528 398
4 379 508 509 380
4 527 397 398 528
4 379 380 398 397
4 508 527 528 509
4 381 399 530 511
4 382 512 531 400
4 381 511 512 382
4 530 399 400 531
4 381 382 400 399
4 511 530 531 512
4 382 400 531 512
4 383 513 532 401
4 382 512 513 383
4 531 400 401 532
4 382 383 401 400
4 512 531 532 513
4 383 401 532 513
4 384 514 533 402
4 383 513 514 384
4 532 401 402 533
4 383 384 402 401
4 513 532 533 514
4 384 402 533 514
4 385 515 534 403
4 384 514 515 385
4 533 402 403 534
4 384 385 403 402
4 514 533 534 515
4 388 404 536 518
4 389 519 537 405
4 388 518 519 389
4 536 404 405 537
4 388 389 405 404
4 518 536 537 519
4 389 405 537 519
4 390 520 538 406
4 389 519 520 390
4 537 405 406 538
4 389 390 406 405
4 519 537 538 520
4 390 406 538 520
4 391 521 539 407
4 390 520 521 391
4 538 406 407 539
4 390 391 407 406
4 520 538 539 521
4 391 407 539 521
4 392 522 540 408
4 391 521 522 392
4 539 407 408 540
4 391 392 408 407
4 521 539 540 522
4 394 409 542 524
4 395 525 543 410
4 394 524 525 395
4 542 409 410 543
4 394 395 410 409
4 524 542 543 525
4 395 410 543 525
4 396 526 544 411
4 395 525 526 396
4 543 410 411 544
4 395 396 411 410
4 525 543 544 526
4 396 411 544 526
4 397 527 545 412
4 396 526 527 397
4 544 411 412 545
4 396 397 412 411
4 526 544 545 527
4 399 414 546 530
4 400 531 547 415
4 399 530 531 400
4 546 414 415 547
4 399 400 415 414
4 530 546 547 531
4 400 415 547 531
4 401 532 548 416
4 400 531 532 401
4 547 415 416 548
4 400 401 416 415
4 531 547 548 532
4 401 416 548 532
4 402 533 549 417
4 401 532 533 402
4 548 416 417 549
4 401 402 417 416
4 532 548 549 533
4 402 417 549 533
4 403 534 550 418
4 402 533 534 403
4 549 417 418 550
4 402 403 418 417
4 533 549 550 534
4 405 419 551 537
4 406 538 552 420
4 405 537 538 406
4 551 419 420 552
4 405 406 420 419
4 537 551 552 538
4 406 420 552 538
4 407 539 553 421
4 406 538 539 407
4 552 420 421 553
4 406 407 421 420
4 538 552 553 539
4 407 421 553 539
4 408 540 554 422
4 407 539 540 408
4 553 421 422 554
4 407 408 422 421
4 539 553 554 540
4 423 436 573 558
4 424 559 574 437
4 423 558 559 424
4 573 436 437 574
4 423 424 437 436
4 558 573 574 559
4 424 437 574 559
4 425 560 575 438
4 424 559 560 425
4 574 437 438 575
4 424 425 438 437
4 559 574 575 560
4 425 438 575 560
4 426 561 576 439
4 425 560 561 426
4 575 438 439 576
4 425 426 439 438
4 560 575 576 561
4 427 441 579 563
4 428 564 580 442
4 427 563 564 428
4 579 441 442 580
4 427 428 442 441
4 563 579 580 564
4 428 442 580 564
4 429 565 581 443
4 428 564 565 429
4 580 442 443 581
4 428 429 443 442
4 564 580 581 565
4 429 443 581 565
4 430 566 582 444
4 429 565 566 430
4 581 443 444 582
4 429 430 444 443
4 565 581 582 566
4 430 444 582 566
4 431 567 583 445
4 430 566 567 431
4 582 444 445 583
4 430 431 445 444
4 566 582 583 567
4 432 447 586 568
4 433 569 587 448
4 432 568 569 433
4 586 447 448 587
4 432 433 448 447
4 568 586 587 569
4 433 448 587 569
4 434 570 588 449
4 433 569 570 434
4 587 448 449 588
4 433 434 449 448
4 569 587 588 570
4 434 449 588 570
4 435 571 589 450
4 434 570 571 435
4 588 449 450 589
4 434 435 450 449
4 570 588 589 571
4 436 452 591 573
4 437 574 592 453
4 436 573 574 437
4 591 452 453 592
4 436 437 453 452
4 573 591 592 574
4 438 454 593 575
4 439 576 594 455
4 438 575 576 439
4 593 454 455 594
4 438 439 455 454
4 575 593 594 576
4 439 455 594 576
4 440 577 595 456
4 439 576 577 440
4 594 455 456 595
4 439 440 456 455
4 576 594 595 577
4 441 458 597 579
4 442 580 598 459
4 441 579 580 442
4 597 458 459 598
4 441 442 459 458
4 579 597 598 580
4 444 461 599 582
4 445 583 600 462
4 444 582 583 445
4 599 461 462 600
4 444 445 462 461
4 582 599 600 583
4 446 465 602 585
4 447 586 603 466
4 446 585 586 447
4 602 465 466 603
4 446 447 466 465
4 585 602 603 586
4 447 466 603 586
4 448 587 604 467
4 447 586 587 448
4 603 466 467 604
4 447 448 467 466
4 586 603 604 587
4 449 468 605 588
4 450 589 606 469
4 449 588 589 450
4 605 468 469 606
4 449 450 469 468
4 588 605 606 589
4 450 469 606 589
4 451 590 607 470
4 450 589 590 451
4 606 469 470 607
4 450 451 470 469
4 589 606 607 590
4 452 471 608 591
4 453 592 609 472
4 452 591 592 453
4 608 471 472 609
4 452 453 472 471
4 591 608 609 592
4 455 473 610 594
4 456 595 611 474
4 455 594 595 456
4 610 473 474 611
4 455 456 474 473
4 594 610 611 595
4 457 475 612 596
4 458 597 613 476
4 457 596 597 458
4 612 475 476 613
4 457 458 476 475
4 596 612 613 597
4 458 476 613 597
4 459 598 614 477
4 458 597 598 459
4 613 476 477 614
4 458 459 477 476
4 597 613 614 598
4 461 478 615 599
4 462 600 616 479
4 461 599 600 462
4 615 478 479 616
4 461 462 479 478
4 599 615 616 600
4 462 479 616 600
4 463 601 617 480
4 462 600 601 463
4 616 479 480 617
4 462 463 480 479
4 600 616 617 601
4 465 482 618 602
4 466 603 619 483
4 465 602 603 466
4 618 482 483 619
4 465 466 483 482
4 602 618 619 603
4 468 485 621 605
4 469 606 622 486
4 468 605 606 469
4 621 485 486 622
4 468 469 486 485
4 605 621 622 606
4 469 486 622 606
4 470 607 623 487
4 469 606 607 470
4 622 486 487 623
4 469 470 487 486
4 606 622 623 607
4 471 488 624 608
4 472 609 625 489
4 471 608 609 472
4 624 488 489 625
4 471 472 489 488
4 608 624 625 609
4 473 490 626 610
4 474 611 627 491
4 473 610 611 474
4 626 490 491 627
4 473 474 491 490
4 610 626 627 611
4 475 492 628 612
4 476 613 629 493
4 475 612 613 476
4 628 492 493 629
4 475 476 493 492
4 612 628 629 613
4 476 493 629 613
4 477 614 630 494
4 476 613 614 477
4 629 493 494 630
4 476 477 494 493
4 613 629 630 614
4 479 496 632 616
4 480 617 633 497
4 479 616 617 480
4 632 496 497 633
4 479 480 497 496
4 616 632 633 617
4 482 499 634 618
4 483 619 635 500
4 482 618 619 483
4 634 499 500 635
4 482 483 500 499
4 618 634 635 619
4 486 503 638 622
4 487 623 639 504
4 486 622 623 487
4 638 503 504 639
4 486 487 504 503
4 622 638 639 623
4 488 505 640 624
4 489 625 641 506
4 488 624 625 489
4 640 505 506 641
4 488 489 506 505
4 624 640 641 625
4 490 508 643 626
4 491 627 644 509
4 490 626 627 491
4 643 508 509 644
4 490 491 509 508
4 626 643 644 627
4 492 510 645 628
4 493 629 646 511
4 492 628 629 493
4 645 510 511 646
4 492 493 511 510
4 628 645 646 629
4 493 511 646 629
4 494 630 647 512
4 493 629 630 494
4 646 511 512 647
4 493 494 512 511
4 629 646 647 630
4 495 514 648 631
4 496 632 649 515
4 495 631 632 496
4 648 514 515 649
4 495 496 515 514
4 631 648 649 632
4 496 515 649 632
4 497 633 650 516
4 496 632 633 497
4 649 515 516 650
4 496 497 516 515
4 632 649 650 633
4 499 518 651 634
4 500 635 652 519
4 499 634 635 500
4 651 518 519 652
4 499 500 519 518
4 634 651 652 635
4 502 521 654 637
4 503 638 655 522
4 502 637 638 503
4 654 521 522 655
4 502 503 522 521
4 637 654 655 638
4 503 522 655 638
4 504 639 656 523
4 503 638 639 504
4 655 522 523 656
4 503 504 523 522
4 638 655 656 639
4 505 524 657 640
4 506 641 658 525
4 505 640 641 506
4 657 524 525 658
4 505 506 525 524
4 640 657 658 641
4 507 526 659 642
4 508 643 660 527
4 507 642 643 508
4 659 526 527 660
4 507 508 527 526
4 642 659 660 643
4 508 527 660 643
4 509 644 661 528
4 508 643 644 509
4 660 527 528 661
4 508 509 528 527
4 643 660 661 644
4 510 529 662 645
4 511 646 663 530
4 510 645 646 511
4 662 529 530 663
4 510 511 530 529
4 645 662 663 646
4 511 530 663 646
4 512 647 664 531
4 511 646 647 512
4 663 530 531 664
4 511 512 531 530
4 646 663 664 647
4 514 533 666 648
4 515 649 667 534
4 514 648 649 515
4 666 533 534 667
4 514 515 534 533
4 648 666 667 649
4 515 534 667 649
4 516 650 668 535
4 515 649 650 516
4 667 534 535 668
4 515 516 535 534
4 649 667 668 650
4 518 536 669 651
4 519 652 670 537
4 518 651 652 519
4 669 536 537 670
4 518 519 537 536
4 651 669 670 652
4 519 537 670 652
4 520 653 671 538
4 519 652 653 520
4 670 537 538 671
4 519 520 538 537
4 652 670 671 653
4 521 539 672 654
4 522 655 673 540
4 521 654 655 522
4 672 539 540 673
4 521 522 540 539
4 654 672 673 655
4 522 540 673 655
4 523 656 674 541
4 522 655 656 523
4 673 540 541 674
4 522 523 541 540
4 655 673 674 656
4 524 542 675 657
4 525 658 676 543
4 524 657 658 525
4 675 542 543 676
4 524 525 543 542
4 657 675 676 658
4 525 543 676 658
4 526 659 677 544
4 525 658 659 526
4 676 543 544 677
4 525 526 544 543
4 658 676 677 659
4 526 544 677 659
4 527 660 678 545
4 526 659 660 527
4 677 544 545 678
4 526 527 545 544
4 659 677 678 660
4 530 546 679 663
4 531 664 680 547
4 530 663 664 531
4 679 546 547 680
4 530 531 547 546
4 663 679 680 664
4 531 547 680 664
4 532 665 681 548
4 531 664 665 532
4 680 547 548 681
4 531 532 548 547
4 664 680 681 665
4 532 548 681 665
4 533 666 682 549
4 532 665 666 533
4 681 548 549 682
4 532 533 549 548
4 665 681 682 666
4 533 549 682 666
4 534 667 683 550
4 533 666 667 534
4 682 549 550 683
4 533 534 550 549
4 666 682 683 667
4 537 551 685 670
4 538 671 686 552
4 537 670 671 538
4 685 551 552 686
4 537 538 552 551
4 670 685 686 671
4 538 552 686 671
4 539 672 687 553
4 538 671 672 539
4 686 552 553 687
4 538 539 553 552
4 671 686 687 672
4 539 553 687 672
4 540 673 688 554
4 539 672 673 540
4 687 553 554 688
4 539 540 554 553
4 672 687 688 673
4 547 555 689 680
4 548 681 690 556
4 547 680 681 548
4 689 555 556 690
4 547 548 556 555
4 680 689 690 681
4 548 556 690 681
4 549 682 691 557
4 548 681 682 549
4 690 556 557 691
4 548 549 557 556
4 681 690 691 682
4 558 573 712 696
4 559 697 713 574
4 558 696 697 559
4 712 573 574 713
4 558 559 574 573
4 696 712 713 697
4 559 574 713 697
4 560 698 714 575
4 559 697 698 560
4 713 574 575 714
4 559 560 575 574
4 697 713 714 698
4 560 575 714 698
4 561 699 715 576
4 560 698 699 561
4 714 575 576 715
4 560 561 576 575
4 698 714 715 699
4 562 578 717 700
4 563 701 718 579
4 562 700 701 563
4 717 578 579 718
4 562 563 579 578
4 700 717 718 701
4 563 579 718 701
4 564 702 719 580
4 563 701 702 564
4 718 579 580 719
4 563 564 580 579
4 701 718 719 702
4 564 580 719 702
4 565 703 720 581
4 564 702 703 565
4 719 580 581 720
4 564 565 581 580
4 702 719 720 703
4 565 581 720 703
4 566 704 721 582
4 565 703 704 566
4 720 581 582 721
4 565 566 582 581
4 703 720 721 704
4 566 582 721 704
4 567 705 722 583
4 566 704 705 567
4 721 582 583 722
4 566 567 583 582
4 704 721 722 705
4 568 586 725 707
4 569 708 726 587
4 568 707 708 569
4 725 586 587 726
4 568 569 587 586
4 707 725 726 708
4 569 587 726 708
4 570 709 727 588
4 569 708 709 570
4 726 587 588 727
4 569 570 588 587
4 708 726 727 709
4 570 588 727 709
4 571 710 728 589
4 570 709 710 571
4 727 588 589 728
4 570 571 589 588
4 709 727 728 710
4 571 589 728 710
4 572 711 729 590
4 571 710 711 572
4 728 589 590 729
4 571 572 590 589
4 710 728 729 711
4 573 591 730 712
4 574 713 731 592
4 573 712 713 574
4 730 591 592 731
4 573 574 592 591
4 712 730 731 713
4 575 593 732 714
4 576 715 733 594
4 575 714 715 576
4 732 593 594 733
4 575 576 594 593
4 714 732 733 715
4 576 594 733 715
4 577 716 734 595
4 576 715 716 577
4 733 594 595 734
4 576 577 595 594
4 715 733 734 716
4 578 596 735 717
4 579 718 736 597
4 578 717 718 579
4 735 596 597 736
4 578 579 597 596
4 717 735 736 718
4 579 597 736 718
4 580 719 737 598
4 579 718 719 580
4 736 597 598 737
4 579 580 598 597
4 718 736 737 719
4 582 599 738 721
4 583 722 739 600
4 582 721 722 583
4 738 599 600 739
4 582 583 600 599
4 721 738 739 722
4 583 600 739 722
4 584 723 740 601
4 583 722 723 584
4 739 600 601 740
4 583 584 601 600
4 722 739 740 723
4 585 602 741 724
4 586 725 742 603
4 585 724 725 586
4 741 602 603 742
4 585 586 603 602
4 724 741 742 725
4 586 603 742 725
4 587 726 743 604
4 586 725 726 587
4 742 603 604 743
4 586 587 604 603
4 725 742 743 726
4 588 605 744 727
4 589 728 745 606
4 588 727 728 589
4 744 605 606 745
4 588 589 606 605
4 727 744 745 728
4 589 606 745 728
4 590 729 746 607
4 589 728 729 590
4 745 606 607 746
4 589 590 607 606
4 728 745 746 729
4 591 608 747 730
4 592 731 748 609
4 591 730 731 592
4 747 608 609 748
4 591 592 609 608
4 730 747 748 731
4 594 610 749 733
4 595 734 750 611
4 594 733 734 595
4 749 610 611 750
4 594 595 611 610
4 733 749 750 734
4 596 612 751 735
4 597 736 752 613
4 596 735 736 597
4 751 612 613 752
4 596 597 613 612
4 735 751 752 736
4 597 613 752 736
4 598 737 753 614
4 597 736 737 598
4 752 613 614 753
4 597 598 614 613
4 736 752 753 737
4 599 615 754 738
4 600 739 755 616
4 599 738 739 600
4 754 615 616 755
4 599 600 616 615
4 738 754 755 739
4 600 616 755 739
4 601 740 756 617
4 600 739 740 601
4 755 616 617 756
4 600 601 617 616
4 739 755 756 740
4 602 618 758 741
4 603 742 759 619
4 602 741 742 603
4 758 618 619 759
4 602 603 619 618
4 741 758 759 742
4 603 619 759 742
4 604 743 760 620
4 603 742 743 604
4 759 619 620 760
4 603 604 620 619
4 742 759 760 743
4 606 622 761 745
4 607 746 762 623
4 606 745 746 607
4 761 622 623 762
4 606 607 623 622
4 745 761 762 746
4 608 624 763 747
4 609 748 764 625
4 608 747 748 609
4 763 624 625 764
4 608 609 625 624
4 747 763 764 748
4 610 626 765 749
4 611 750 766 627
4 610 749 750 611
4 765 626 627 766
4 610 611 627 626
4 749 765 766 750
4 612 628 767 751
4 613 752 768 629
4 612 751 752 613
4 767 628 629 768
4 612 613 629 628
4 751 767 768 752
4 616 632 769 755
4 617 756 770 633
4 616 755 756 617
4 769 632 633 770
4 616 617 633 632
4 755 769 770 756
4 618 634 772 758
4 619 759 773 635
4 618 758 759 619
4 772 634 635 773
4 618 619 635 634
4 758 772 773 759
4 622 638 775 761
4 623 762 776 639
4 622 761 762 623
4 775 638 639 776
4 622 623 639 638
4 761 775 776 762
4 624 640 777 763
4 625 764 778 641
4 624 763 764 625
4 777 640 641 778
4 624 625 641 640
4 763 777 778 764
4 626 643 780 765
4 627 766 781 644
4 626 765 766 627
4 780 643 644 781
4 626 627 644 643
4 765 780 781 766
4 628 645 783 767
4 629 768 784 646
4 628 767 768 629
4 783 645 646 784
4 628 629 646 645
4 767 783 784 768
4 632 649 787 769
4 633 770 788 650
4 632 769 770 633
4 787 649 650 788
4 632 633 650 649
4 769 787 788 770
4 634 651 790 772
4 635 773 791 652
4 634 772 773 635
4 790 651 652 791
4 634 635 652 651
4 772 790 791 773
4 635 652 791 773
4 636 774 792 653
4 635 773 774 636
4 791 652 653 792
4 635 636 653 652
4 773 791 792 774
4 638 655 794 775
4 639 776 795 656
4 638 775 776 639
4 794 655 656 795
4 638 639 656 655
4 775 794 795 776
4 640 657 796 777
4 641 778 797 658
4 640 777 778 641
4 796 657 658 797
4 640 641 658 657
4 777 796 797 778
4 642 659 798 779
4 643 780 799 660
4 642 779 780 643
4 798 659 660 799
4 642 643 660 659
4 779 798 799 780
4 643 660 799 780
4 644 781 800 661
4 643 780 781 644
4 799 660 661 800
4 643 644 661 660
4 780 799 800 781
4 645 662 802 783
4 646 784 803 663
4 645 783 784 646
4 802 662 663 803
4 645 646 663 662
4 783 802 803 784
4 646 663 803 784
4 647 785 804 664
4 646 784 785 647
4 803 663 664 804
4 646 647 664 663
4 784 803 804 785
4 648 666 806 786
4 649 787 807 667
4 648 786 787 649
4 806 666 667 807
4 648 649 667 666
4 786 806 807 787
4 649 667 807 787
4 650 788 808 668
4 649 787 788 650
4 807 667 668 808
4 649 650 668 667
4 787 807 808 788
4 651 669 809 790
4 652 791 810 670
4 651 790 791 652
4 809 669 670 810
4 651 652 670 669
4 790 809 810 791
4 652 670 810 791
4 653 792 811 671
4 652 791 792 653
4 810 670 671 811
4 652 653 671 670
4 791 810 811 792
4 654 672 812 793
4 655 794 813 673
4 654 793 794 655
4 812 672 673 813
4 654 655 673 672
4 793 812 813 794
4 655 673 813 794
4 656 795 814 674
4 655 794 795 656
4 813 673 674 814
4 655 656 674 673
4 794 813 814 795
4 657 675 815 796
4 658 797 816 676
4 657 796 797 658
4 815 675 676 816
4 657 658 676 675
4 796 815 816 797
4 658 676 816 797
4 659 798 817 677
4 658 797 798 659
4 816 676 677 817
4 658 659 677 676
4 797 816 817 798
4 659 677 817 798
4 660 799 818 678
4 659 798 799 660
4 817 677 678 818
4 659 660 678 677
4 798 817 818 799
4 663 679 821 803
4 664 804 822 680
4 663 803 804 664
4 821 679 680 822
4 663 664 680 679
4 803 821 822 804
4 664 680 822 804
4 665 805 823 681
4 664 804 805 665
4 822 680 681 823
4 664 665 681 680
4 804 822 823 805
4 665 681 823 805
4 666 806 824 682
4 665 805 806 666
4 823 681 682 824
4 665 666 682 681
4 805 823 824 806
4 666 682 824 806
4 667 807 825 683
4 666 806 807 667
4 824 682 683 825
4 666 667 683 682
4 806 824 825 807
4 667 683 825 807
4 668 808 826 684
4 667 807 808 668
4 825 683 684 826
4 667 668 684 683
4 807 825 826 808
4 670 685 827 810
4 671 811 828 686
4 670 810 811 671
4 827 685 686 828
4 670 671 686 685
4 810 827 828 811
4 671 686 828 811
4 672 812 829 687
4 671 811 812 672
4 828 686 687 829
4 671 672 687 686
4 811 828 829 812
4 672 687 829 812
4 673 813 830 688
4 672 812 813 673
4 829 687 688 830
4 672 673 688 687
4 812 829 830 813
4 680 689 832 822
4 681 823 833 690
4 680 822 823 681
4 832 689 690 833
4 680 681 690 689
4 822 832 833 823
4 681 690 833 823
4 682 824 834 691
4 681 823 824 682
4 833 690 691 834
4 681 682 691 690
4 823 833 834 824
4 692 701 844 835
4 693 836 845 702
4 692 835 836 693
4 844 701 702 845
4 692 693 702 701
4 835 844 845 836
4 693 702 845 836
4 694 837 846 703
4 693 836 837 694
4 845 702 703 846
4 693 694 703 702
4 836 845 846 837
4 694 703 846 837
4 695 838 847 704
4 694 837 838 695
4 846 703 704 847
4 694 695 704 703
4 837 846 847 838
4 696 712 855 839
4 697 840 856 713
4 696 839 840 697
4 855 712 713 856
4 696 697 713 712
4 839 855 856 840
4 697 713 856 840
4 698 841 857 714
4 697 840 841 698
4 856 713 714 857
4 697 698 714 713
4 840 856 857 841
4 698 714 857 841
4 699 842 858 715
4 698 841 842 699
4 857 714 715 858
4 698 699 715 714
4 841 857 858 842
4 700 717 861 843
4 701 844 862 718
4 700 843 844 701
4 861 717 718 862
4 700 701 718 717
4 843 861 862 844
4 701 718 862 844
4 702 845 863 719
4 701 844 845 702
4 862 718 719 863
4 701 702 719 718
4 844 862 863 845
4 702 719 863 845
4 703 846 864 720
4 702 845 846 703
4 863 719 720 864
4 702 703 720 719
4 845 863 864 846
4 703 720 864 846
4 704 847 865 721
4 703 846 847 704
4 864 720 721 865
4 703 704 721 720
4 846 864 865 847
4 704 721 865 847
4 705 848 866 722
4 704 847 848 705
4 865 721 722 866
4 704 705 722 721
4 847 865 866 848
4 705 722 866 848
4 706 849 867 723
4 705 848 849 706
4 866 722 723 867
4 705 706 723 722
4 848 866 867 849
4 707 725 869 850
4 708 851 870 726
4 707 850 851 708
4 869 725 726 870
4 707 708 726 725
4 850 869 870 851
4 708 726 870 851
4 709 852 871 727
4 708 851 852 709
4 870 726 727 871
4 708 709 727 726
4 851 870 871 852
4 709 727 871 852
4 710 853 872 728
4 709 852 853 710
4 871 727 728 872
4 709 710 728 727
4 852 871 872 853
4 710 728 872 853
4 711 854 873 729
4 710 853 854 711
4 872 728 729 873
4 710 711 729 728
4 853 872 873 854
4 712 730 874 855
4 713 856 875 731
4 712 855 856 713
4 874 730 731 875
4 712 713 731 730
4 855 874 875 856
4 714 732 876 857
4 715 858 877 733
4 714 857 858 715
4 876 732 733 877
4 714 715 733 732
4 857 876 877 858
4 715 733 877 858
4 716 859 878 734
4 715 858 859 716
4 877 733 734 878
4 715 716 734 733
4 858 877 878 859
4 717 735 880 861
4 718 862 881 736
4 717 861 862 718
4 880 735 736 881
4 717 718 736 735
4 861 880 881 862
4 721 738 882 865
4 722 866 883 739
4 721 865 866 722
4 882 738 739 883
4 721 722 739 738
4 865 882 883 866
4 722 739 883 866
4 723 867 884 740
4 722 866 867 723
4 883 739 740 884
4 722 723 740 739
4 866 883 884 867
4 725 742 887 869
4 726 870 888 743
4 725 869 870 726
4 887 742 743 888
4 725 726 743 742
4 869 887 888 870
4 726 743 888 870
4 727 871 889 744
4 726 870 871 727
4 888 743 744 889
4 726 727 744 743
4 870 888 889 871
4 728 745 890 872
4 729 873 891 746
4 728 872 873 729
4 890 745 746 891
4 728 729 746 745
4 872 890 891 873
4 730 747 892 874
4 731 875 893 748
4 730 874 875 731
4 892 747 748 893
4 730 731 748 747
4 874 892 893 875
4 733 749 894 877
4 734 878 895 750
4 733 877 878 734
4 894 749 750 895
4 733 734 750 749
4 877 894 895 878
4 735 751 897 880
4 736 881 898 752
4 735 880 881 736
4 897 751 752 898
4 735 736 752 751
4 880 897 898 881
4 739 755 899 883
4 740 884 900 756
4 739 883 884 740
4 899 755 756 900
4 739 740 756 755
4 883 899 900 884
4 741 758 902 886
4 742 887 903 759
4 741 886 887 742
4 902 758 759 903
4 741 742 759 758
4 886 902 903 887
4 742 759 903 887
4 743 888 904 760
4 742 887 888 743
4 903 759 760 904
4 742 743 760 759
4 887 903 904 888
4 745 761 905 890
4 746 891 906 762
4 745 890 891 746
4 905 761 762 906
4 745 746 762 761
4 890 905 906 891
4 747 763 907 892
4 748 893 908 764
4 747 892 893 748
4 907 763 764 908
4 747 748 764 763
4 892 907 908 893
4 749 765 909 894
4 750 895 910 766
4 749 894 895 750
4 909 765 766 910
4 749 750 766 765
4 894 909 910 895
4 751 767 912 897
4 752 898 913 768
4 751 897 898 752
4 912 767 768 913
4 751 752 768 767
4 897 912 913 898
4 755 769 914 899
4 756 900 915 770
4 755 899 900 756
4 914 769 770 915
4 755 756 770 769
4 899 914 915 900
4 756 770 915 900
4 757 901 916 771
4 756 900 901 757
4 915 770 771 916
4 756 757 771 770
4 900 915 916 901
4 758 772 917 902
4 759 903 918 773
4 758 902 903 759
4 917 772 773 918
4 758 759 773 772
4 902 917 918 903
4 759 773 918 903
4 760 904 919 774
4 759 903 904 760
4 918 773 774 919
4 759 760 774 773
4 903 918 919 904
4 761 775 920 905
4 762 906 921 776
4 761 905 906 762
4 920 775 776 921
4 761 762 776 775
4 905 920 921 906
4 763 777 922 907
4 764 908 923 778
4 763 907 908 764
4 922 777 778 923
4 763 764 778 777
4 907 922 923 908
4 765 780 925 909
4 766 910 926 781
4 765 909 910 766
4 925 780 781 926
4 765 766 781 780
4 909 925 926 910
4 767 783 928 912
4 768 913 929 784
4 767 912 913 768
4 928 783 784 929
4 767 768 784 783
4 912 928 929 913
4 769 787 931 914
4 770 915 932 788
4 769 914 915 770
4 931 787 788 932
4 769 770 788 787
4 914 931 932 915
4 770 788 932 915
4 771 916 933 789
4 770 915 916 771
4 932 788 789 933
4 770 771 789 788
4 915 932 933 916
4 772 790 934 917
4 773 918 935 791
4 772 917 918 773
4 934 790 791 935
4 772 773 791 790
4 917 934 935 918
4 773 791 935 918
4 774 919 936 792
4 773 918 919 774
4 935 791 792 936
4 773 774 792 791
4 918 935 936 919
4 775 794 938 920
4 776 921 939 795
4 775 920 921 776
4 938 794 795 939
4 775 776 795 794
4 920 938 939 921
4 777 796 940 922
4 778 923 941 797
4 777 922 923 778
4 940 796 797 941
4 777 778 797 796
4 922 940 941 923
4 779 798 942 924
4 780 925 943 799
4 779 924 925 780
4 942 798 799 943
4 779 780 799 798
4 924 942 943 925
4 780 799 943 925
4 781 926 944 800
4 780 925 926 781
4 943 799 800 944
4 780 781 800 799
4 925 943 944 926
4 782 801 945 927
4 783 928 946 802
4 782 927 928 783
4 945 801 802 946
4 782 783 802 801
4 927 945 946 928
4 783 802 946 928
4 784 929 947 803
4 783 928 929 784
4 946 802 803 947
4 783 784 803 802
4 928 946 947 929
4 784 803 947 929
4 785 930 948 804
4 784 929 930 785
4 947 803 804 948
4 784 785 804 803
4 929 947 948 930
4 787 807 951 931
4 788 932 952 808
4 787 931 932 788
4 951 807 808 952
4 787 788 808 807
4 931 951 952 932
4 791 810 954 935
4 792 936 955 811
4 791 935 936 792
4 954 810 811 955
4 791 792 811 810
4 935 954 955 936
4 792 811 955 936
4 793 937 956 812
4 792 936 937 793
4 955 811 812 956
4 792 793 812 811
4 936 955 956 937
4 793 812 956 937
4 794 938 957 813
4 793 937 938 794
4 956 812 813 957
4 793 794 813 812
4 937 956 957 938
4 794 813 957 938
4 795 939 958 814
4 794 938 939 795
4 957 813 814 958
4 794 795 814 813
4 938 957 958 939
4 796 815 959 940
4 797 941 960 816
4 796 940 941 797
4 959 815 816 960
4 796 797 816 815
4 940 959 960 941
4 797 816 960 941
4 798 942 961 817
4 797 941 942 798
4 960 816 817 961
4 797 798 817 816
4 941 960 961 942
4 798 817 961 942
4 799 943 962 818
4 798 942 943 799
4 961 817 818 962
4 798 799 818 817
4 942 961 962 943
4 801 819 963 945
4 802 946 964 820
4 801 945 946 802
4 963 819 820 964
4 801 802 820 819
4 945 963 964 946
4 802 820 964 946
4 803 947 965 821
4 802 946 947 803
4 964 820 821 965
4 802 803 821 820
4 946 964 965 947
4 803 821 965 947
4 804 948 966 822
4 803 947 948 804
4 965 821 822 966
4 803 804 822 821
4 947 965 966 948
4 804 822 966 948
4 805 949 967 823
4 804 948 949 805
4 966 822 823 967
4 804 805 823 822
4 948 966 967 949
4 805 823 967 949
4 806 950 968 824
4 805 949 950 806
4 967 823 824 968
4 805 806 824 823
4 949 967 968 950
4 806 824 968 950
4 807 951 969 825
4 806 950 951 807
4 968 824 825 969
4 806 807 825 824
4 950 968 969 951
4 807 825 969 951
4 808 952 970 826
4 807 951 952 808
4 969 825 826 970
4 807 808 826 825
4 951 969 970 952
4 810 827 971 954
4 811 955 972 828
4 810 954 955 811
4 971 827 828 972
4 810 811 828 827
4 954 971 972 955
4 811 828 972 955
4 812 956 973 829
4 811 955 956 812
4 972 828 829 973
4 811 812 829 828
4 955 972 973 956
4 812 829 973 956
4 813 957 974 830
4 812 956 957 813
4 973 829 830 974
4 812 813 830 829
4 956 973 974 957
4 821 831 976 965
4 822 966 977 832
4 821 965 966 822
4 976 831 832 977
4 821 822 832 831
4 965 976 977 966
4 822 832 977 966
4 823 967 978 833
4 822 966 967 823
4 977 832 833 978
4 822 823 833 832
4 966 977 978 967
4 823 833 978 967
4 824 968 979 834
4 823 967 968 824
4 978 833 834 979
4 823 824 834 833
4 967 978 979 968
4 835 844 992 981
4 836 982 993 845
4 835 981 982 836
4 992 844 845 993
4 835 836 845 844
4 981 992 993 982
4 836 845 993 982
4 837 983 994 846
4 836 982 983 837
4 993 845 846 994
4 836 837 846 845
4 982 993 994 983
4 837 846 994 983
4 838 984 995 847
4 837 983 984 838
4 994 846 847 995
4 837 838 847 846
4 983 994 995 984
4 839 855 1003 985
4 840 986 1004 856
4 839 985 986 840
4 1003 855 856 1004
4 839 840 856 855
4 985 1003 1004 986
4 840 856 1004 986
4 841 987 1005 857
4 840 986 987 841
4 1004 856 857 1005
4 840 841 857 856
4 986 1004 1005 987
4 841 857 1005 987
4 842 988 1006 858
4 841 987 988 842
4 1005 857 858 1006
4 841 842 858 857
4 987 1005 1006 988
4 843 861 1010 991
4 844 992 1011 862
4 843 991 992 844
4 1010 861 862 1011
4 843 844 862 861
4 991 1010 1011 992
4 844 862 1011 992
4 845 993 1012 863
4 844 992 993 845
4 1011 862 863 1012
4 844 845 863 862
4 992 1011 1012 993
4 845 863 1012 993
4 846 994 1013 864
4 845 993 994 846
4 1012 863 864 1013
4 845 846 864 863
4 993 1012 1013 994
4 846 864 1013 994
4 847 995 1014 865
4 846 994 995 847
4 1013 864 865 1014
4 846 847 865 864
4 994 1013 1014 995
4 847 865 1014 995
4 848 996 1015 866
4 847 995 996 848
4 1014 865 866 1015
4 847 848 866 865
4 995 1014 1015 996
4 848 866 1015 996
4 849 997 1016 867
4 848 996 997 849
4 1015 866 867 1016
4 848 849 867 866
4 996 1015 1016 997
4 851 870 1020 999
4 852 1000 1021 871
4 851 999 1000 852
4 1020 870 871 1021
4 851 852 871 870
4 999 1020 1021 1000
4 852 871 1021 1000
4 853 1001 1022 872
4 852 1000 1001 853
4 1021 871 872 1022
4 852 853 872 871
4 1000 1021 1022 1001
4 853 872 1022 1001
4 854 1002 1023 873
4 853 1001 1002 854
4 1022 872 873 1023
4 853 854 873 872
4 1001 1022 1023 1002
4 855 874 1024 1003
4 856 1004 1025 875
4 855 1003 1004 856
4 1024 874 875 1025
4 855 856 875 874
4 1003 1024 1025 1004
4 857 876 1026 1005
4 858 1006 1027 877
4 857 1005 1006 858
4 1026 876 877 1027
4 857 858 877 876
4 1005 1026 1027 1006
4 858 877 1027 1006
4 859 1007 1028 878
4 858 1006 1007 859
4 1027 877 878 1028
4 858 859 878 877
4 1006 1027 1028 1007
4 860 879 1030 1009
4 861 1010 1031 880
4 860 1009 1010 861
4 1030 879 880 1031
4 860 861 880 879
4 1009 1030 1031 1010
4 861 880 1031 1010
4 862 1011 1032 881
4 861 1010 1011 862
4 1031 880 881 1032
4 861 862 881 880
4 1010 1031 1032 1011
4 866 883 1033 1015
4 867 1016 1034 884
4 866 1015 1016 867
4 1033 883 884 1034
4 866 867 884 883
4 1015 1033 1034 1016
4 867 884 1034 1016
4 868 1017 1035 885
4 867 1016 1017 868
4 1034 884 885 1035
4 867 868 885 884
4 1016 1034 1035 1017
4 869 887 1037 1019
4 870 1020 1038 888
4 869 1019 1020 870
4 1037 887 888 1038
4 869 870 888 887
4 1019 1037 1038 1020
4 870 888 1038 1020
4 871 1021 1039 889
4 870 1020 1021 871
4 1038 888 889 1039
4 870 871 889 888
4 1020 1038 1039 1021
4 872 890 1040 1022
4 873 1023 1041 891
4 872 1022 1023 873
4 1040 890 891 1041
4 872 873 891 890
4 1022 1040 1041 1023
4 874 892 1042 1024
4 875 1025 1043 893
4 874 1024 1025 875
4 1042 892 893 1043
4 874 875 893 892
4 1024 1042 1043 1025
4 877 894 1044 1027
4 878 1028 1045 895
4 877 1027 1028 878
4 1044 894 895 1045
4 877 878 895 894
4 1027 1044 1045 1028
4 879 896 1047 1030
4 880 1031 1048 897
4 879 1030 1031 880
4 1047 896 897 1048
4 879 880 897 896
4 1030 1047 1048 1031
4 880 897 1048 1031
4 881 1032 1049 898
4 880 1031 1032 881
4 1048 897 898 1049
4 880 881 898 897
4 1031 1048 1049 1032
4 883 899 1050 1033
4 884 1034 1051 900
4 883 1033 1034 884
4 1050 899 900 1051
4 883 884 900 899
4 1033 1050 1051 1034
4 884 900 1051 1034
4 885 1035 1052 901
4 884 1034 1035 885
4 1051 900 901 1052
4 884 885 901 900
4 1034 1051 1052 1035
4 887 903 1055 1037
4 888 1038 1056 904
4 887 1037 1038 888
4 1055 903 904 1056
4 887 888 904 903
4 1037 1055 1056 1038
4 890 905 1057 1040
4 891 1041 1058 906
4 890 1040 1041 891
4 1057 905 906 1058
4 890 891 906 905
4 1040 1057 1058 1041
4 892 907 1059 1042
4 893 1043 1060 908
4 892 1042 1043 893
4 1059 907 908 1060
4 892 893 908 907
4 1042 1059 1060 1043
4 894 909 1061 1044
4 895 1045 1062 910
4 894 1044 1045 895
4 1061 909 910 1062
4 894 895 910 909
4 1044 1061 1062 1045
4 896 911 1064 1047
4 897 1048 1065 912
4 896 1047 1048 897
4 1064 911 912 1065
4 896 897 912 911
4 1047 1064 1065 1048
4 899 914 1066 1050
4 900 1051 1067 915
4 899 1050 1051 900
4 1066 914 915 1067
4 899 900 915 914
4 1050 1066 1067 1051
4 900 915 1067 1051
4 901 1052 1068 916
4 900 1051 1052 901
4 1067 915 916 1068
4 900 901 916 915
4 1051 1067 1068 1052
4 903 918 1071 1055
4 904 1056 1072 919
4 903 1055 1056 904
4 1071 918 919 1072
4 903 904 919 918
4 1055 1071 1072 1056
4 905 920 1073 1057
4 906 1058 1074 921
4 905 1057 1058 906
4 1073 920 921 1074
4 905 906 921 920
4 1057 1073 1074 1058
4 907 922 1075 1059
4 908 1060 1076 923
4 907 1059 1060 908
4 1075 922 923 1076
4 907 908 923 922
4 1059 1075 1076 1060
4 909 925 1078 1061
4 910 1062 1079 926
4 909 1061 1062 910
4 1078 925 926 1079
4 909 910 926 925
4 1061 1078 1079 1062
4 911 927 1081 1064
4 912 1065 1082 928
4 911 1064 1065 912
4 1081 927 928 1082
4 911 912 928 927
4 1064 1081 1082 1065
4 914 931 1084 1066
4 915 1067 1085 932
4 914 1066 1067 915
4 1084 931 932 1085
4 914 915 932 931
4 1066 1084 1085 1067
4 915 932 1085 1067
4 916 1068 1086 933
4 915 1067 1068 916
4 1085 932 933 1086
4 915 916 933 932
4 1067 1085 1086 1068
4 918 935 1088 1071
4 919 1072 1089 936
4 918 1071 1072 919
4 1088 935 936 1089
4 918 919 936 935
4 1071 1088 1089 1072
4 920 938 1091 1073
4 921 1074 1092 939
4 920 1073 1074 921
4 1091 938 939 1092
4 920 921 939 938
4 1073 1091 1092 1074
4 922 940 1093 1075
4 923 1076 1094 941
4 922 1075 1076 923
4 1093 940 941 1094
4 922 923 941 940
4 1075 1093 1094 1076
4 924 942 1095 1077
4 925 1078 1096 943
4 924 1077 1078 925
4 1095 942 943 1096
4 924 925 943 942
4 1077 1095 1096 1078
4 925 943 1096 1078
4 926 1079 1097 944
4 925 1078 1079 926
4 1096 943 944 1097
4 925 926 944 943
4 1078 1096 1097 1079
4 927 945 1099 1081
4 928 1082 1100 946
4 927 1081 1082 928
4 1099 945 946 1100
4 927 928 946 945
4 1081 1099 1100 1082
4 928 946 1100 1082
4 929 1083 1101 947
4 928 1082 1083 929
4 1100 946 947 1101
4 928 929 947 946
4 1082 1100 1101 1083
4 931 951 1105 1084
4 932 1085 1106 952
4 931 1084 1085 932
4 1105 951 952 1106
4 931 932 952 951
4 1084 1105 1106 1085
4 932 952 1106 1085
4 933 1086 1107 953
4 932 1085 1086 933
4 1106 952 953 1107
4 932 933 953 952
4 1085 1106 1107 1086
4 935 954 1109 1088
4 936 1089 1110 955
4 935 1088 1089 936
4 1109 954 955 1110
4 935 936 955 954
4 1088 1109 1110 1089
4 936 955 1110 1089
4 937 1090 1111 956
4 936 1089 1090 937
4 1110 955 956 1111
4 936 937 956 955
4 1089 1110 1111 1090
4 937 956 1111 1090
4 938 1091 1112 957
4 937 1090 1091 938
4 1111 956 957 1112
4 937 938 957 956
4 1090 1111 1112 1091
4 938 957 1112 1091
4 939 1092 1113 958
4 938 1091 1092 939
4 1112 957 958 1113
4 938 939 958 957
4 1091 1112 1113 1092
4 940 959 1114 1093
4 941 1094 1115 960
4 940 1093 1094 941
4 1114 959 960 1115
4 940 941 960 959
4 1093 1114 1115 1094
4 941 960 1115 1094
4 942 1095 1116 961
4 941 1094 1095 942
4 1115 960 961 1116
4 941 942 961 960
4 1094 1115 1116 1095
4 942 961 1116 1095
4 943 1096 1117 962
4 942 1095 1096 943
4 1116 961 962 1117
4 942 943 962 961
4 1095 1116 1117 1096
4 946 964 1119 1100
4 947 1101 1120 965
4 946 1100 1101 947
4 1119 964 965 1120
4 946 947 965 964
4 1100 1119 1120 1101
4 947 965 1120 1101
4 948 1102 1121 966
4 947 1101 1102 948
4 1120 965 966 1121
4 947 948 966 965
4 1101 1120 1121 1102
4 948 966 1121 1102
4 949 1103 1122 967
4 948 1102 1103 949
4 1121 966 967 1122
4 948 949 967 966
4 1102 1121 1122 1103
4 949 967 1122 1103
4 950 1104 1123 968
4 949 1103 1104 950
4 1122 967 968 1123
4 949 950 968 967
4 1103 1122 1123 1104
4 950 968 1123 1104
4 951 1105 1124 969
4 950 1104 1105 951
4 1123 968 969 1124
4 950 951 969 968
4 1104 1123 1124 1105
4 951 969 1124 1105
4 952 1106 1125 970
4 951 1105 1106 952
4 1124 969 970 1125
4 951 952 970 969
4 1105 1124 1125 1106
4 955 972 1127 1110
4 956 1111 1128 973
4 955 1110 1111 956
4 1127 972 973 1128
4 955 956 973 972
4 1110 1127 1128 1111
4 956 973 1128 1111
4 957 1112 1129 974
4 956 1111 1112 957
4 1128 973 974 1129
4 956 957 974 973
4 1111 1128 1129 1112
4 957 974 1129 1112
4 958 1113 1130 975
4 957 1112 1113 958
4 1129 974 975 1130
4 957 958 975 974
4 1112 1129 1130 1113
4 965 976 1131 1120
4 966 1121 1132 977
4 965 1120 1121 966
4 1131 976 977 1132
4 965 966 977 976
4 1120 1131 1132 1121
4 966 977 1132 1121
4 967 1122 1133 978
4 966 1121 1122 967
4 1132 977 978 1133
4 966 967 978 977
4 1121 1132 1133 1122
4 967 978 1133 1122
4 968 1123 1134 979
4 967 1122 1123 968
4 1133 978 979 1134
4 967 968 979 978
4 1122 1133 1134 1123
4 980 991 1147 1135
4 981 1136 1148 992
4 980 1135 1136 981
4 1147 991 992 1148
4 980 981 992 991
4 1135 1147 1148 1136
4 981 992 1148 1136
4 982 1137 1149 993
4 981 1136 1137 982
4 1148 992 993 1149
4 981 982 993 992
4 1136 1148 1149 1137
4 982 993 1149 1137
4 983 1138 1150 994
4 982 1137 1138 983
4 1149 993 994 1150
4 982 983 994 993
4 1137 1149 1150 1138
4 983 994 1150 1138
4 984 1139 1151 995
4 983 1138 1139 984
4 1150 994 995 1151
4 983 984 995 994
4 1138 1150 1151 1139
4 985 1003 1160 1140
4 986 1141 1161 1004
4 985 1140 1141 986
4 1160 1003 1004 1161
4 985 986 1004 1003
4 1140 1160 1161 1141
4 986 1004 1161 1141
4 987 1142 1162 1005
4 986 1141 1142 987
4 1161 1004 1005 1162
4 986 987 1005 1004
4 1141 1161 1162 1142
4 987 1005 1162 1142
4 988 1143 1163 1006
4 987 1142 1143 988
4 1162 1005 1006 1163
4 987 988 1006 1005
4 1142 1162 1163 1143
4 988 1006 1163 1143
4 989 1144 1164 1007
4 988 1143 1144 989
4 1163 1006 1007 1164
4 988 989 1007 1006
4 1143 1163 1164 1144
4 990 1009 1168 1146
4 991 1147 1169 1010
4 990 1146 1147 991
4 1168 1009 1010 1169
4 990 991 1010 1009
4 1146 1168 1169 1147
4 991 1010 1169 1147
4 992 1148 1170 1011
4 991 1147 1148 992
4 1169 1010 1011 1170
4 991 992 1011 1010
4 1147 1169 1170 1148
4 992 1011 1170 1148
4 993 1149 1171 1012
4 992 1148 1149 993
4 1170 1011 1012 1171
4 992 993 1012 1011
4 1148 1170 1171 1149
4 993 1012 1171 1149
4 994 1150 1172 1013
4 993 1149 1150 994
4 1171 1012 1013 1172
4 993 994 1013 1012
4 1149 1171 1172 1150
4 994 1013 1172 1150
4 995 1151 1173 1014
4 994 1150 1151 995
4 1172 1013 1014 1173
4 994 995 1014 1013
4 1150 1172 1173 1151
4 995 1014 1173 1151
4 996 1152 1174 1015
4 995 1151 1152 996
4 1173 1014 1015 1174
4 995 996 1015 1014
4 1151 1173 1174 1152
4 996 1015 1174 1152
4 997 1153 1175 1016
4 996 1152 1153 997
4 1174 1015 1016 1175
4 996 997 1016 1015
4 1152 1174 1175 1153
4 997 1016 1175 1153
4 998 1154 1176 1017
4 997 1153 1154 998
4 1175 1016 1017 1176
4 997 998 1017 1016
4 1153 1175 1176 1154
4 999 1020 1180 1156
4 1000 1157 1181 1021
4 999 1156 1157 1000
4 1180 1020 1021 1181
4 999 1000 1021 1020
4 1156 1180 1181 1157
4 1000 1021 1181 1157
4 1001 1158 1182 1022
4 1000 1157 1158 1001
4 1181 1021 1022 1182
4 1000 1001 1022 1021
4 1157 1181 1182 1158
4 1001 1022 1182 1158
4 1002 1159 1183 1023
4 1001 1158 1159 1002
4 1182 1022 1023 1183
4 1001 1002 1023 1022
4 1158 1182 1183 1159
4 1003 1024 1184 1160
4 1004 1161 1185 1025
4 1003 1160 1161 1004
4 1184 1024 1025 1185
4 1003 1004 1025 1024
4 1160 1184 1185 1161
4 1004 1025 1185 1161
4 1005 1162 1186 1026
4 1004 1161 1162 1005
4 1185 1025 1026 1186
4 1004 1005 1026 1025
4 1161 1185 1186 1162
4 1005 1026 1186 1162
4 1006 1163 1187 1027
4 1005 1162 1163 1006
4 1186 1026 1027 1187
4 1005 1006 1027 1026
4 1162 1186 1187 1163
4 1006 1027 1187 1163
4 1007 1164 1188 1028
4 1006 1163 1164 1007
4 1187 1027 1028 1188
4 1006 1007 1028 1027
4 1163 1187 1188 1164
4 1008 1029 1191 1167
4 1009 1168 1192 1030
4 1008 1167 1168 1009
4 1191 1029 1030 1192
4 1008 1009 1030 1029
4 1167 1191 1192 1168
4 1009 1030 1192 1168
4 1010 1169 1193 1031
4 1009 1168 1169 1010
4 1192 1030 1031 1193
4 1009 1010 1031 1030
4 1168 1192 1193 1169
4 1010 1031 1193 1169
4 1011 1170 1194 1032
4 1010 1169 1170 1011
4 1193 1031 1032 1194
4 1010 1011 1032 1031
4 1169 1193 1194 1170
4 1015 1033 1198 1174
4 1016 1175 1199 1034
4 1015 1174 1175 1016
4 1198 1033 1034 1199
4 1015 1016 1034 1033
4 1174 1198 1199 1175
4 1016 1034 1199 1175
4 1017 1176 1200 1035
4 1016 1175 1176 1017
4 1199 1034 1035 1200
4 1016 1017 1035 1034
4 1175 1199 1200 1176
4 1017 1035 1200 1176
4 1018 1177 1201 1036
4 1017 1176 1177 1018
4 1200 1035 1036 1201
4 1017 1018 1036 1035
4 1176 1200 1201 1177
4 1019 1037 1203 1179
4 1020 1180 1204 1038
4 1019 1179 1180 1020
4 1203 1037 1038 1204
4 1019 1020 1038 1037
4 1179 1203 1204 1180
4 1020 1038 1204 1180
4 1021 1181 1205 1039
4 1020 1180 1181 1021
4 1204 1038 1039 1205
4 1020 1021 1039 1038
4 1180 1204 1205 1181
4 1022 1040 1206 1182
4 1023 1183 1207 1041
4 1022 1182 1183 1023
4 1206 1040 1041 1207
4 1022 1023 1041 1040
4 1182 1206 1207 1183
4 1024 1042 1208 1184
4 1025 1185 1209 1043
4 1024 1184 1185 1025
4 1208 1042 1043 1209
4 1024 1025 1043 1042
4 1184 1208 1209 1185
4 1027 1044 1210 1187
4 1028 1188 1211 1045
4 1027 1187 1188 1028
4 1210 1044 1045 1211
4 1027 1028 1045 1044
4 1187 1210 1211 1188
4 1029 1046 1214 1191
4 1030 1192 1215 1047
4 1029 1191 1192 1030
4 1214 1046 1047 1215
4 1029 1030 1047 1046
4 1191 1214 1215 1192
4 1030 1047 1215 1192
4 1031 1193 1216 1048
4 1030 1192 1193 1031
4 1215 1047 1048 1216
4 1030 1031 1048 1047
4 1192 1215 1216 1193
4 1034 1051 1217 1199
4 1035 1200 1218 1052
4 1034 1199 1200 1035
4 1217 1051 1052 1218
4 1034 1035 1052 1051
4 1199 1217 1218 1200
4 1035 1052 1218 1200
4 1036 1201 1219 1053
4 1035 1200 1201 1036
4 1218 1052 1053 1219
4 1035 1036 1053 1052
4 1200 1218 1219 1201
4 1037 1055 1221 1203
4 1038 1204 1222 1056
4 1037 1203 1204 1038
4 1221 1055 1056 1222
4 1037 1038 1056 1055
4 1203 1221 1222 1204
4 1040 1057 1223 1206
4 1041 1207 1224 1058
4 1040 1206 1207 1041
4 1223 1057 1058 1224
4 1040 1041 1058 1057
4 1206 1223 1224 1207
4 1042 1059 1226 1208
4 1043 1209 1227 1060
4 1042 1208 1209 1043
4 1226 1059 1060 1227
4 1042 1043 1060 1059
4 1208 1226 1227 1209
4 1044 1061 1228 1210
4 1045 1211 1229 1062
4 1044 1210 1211 1045
4 1228 1061 1062 1229
4 1044 1045 1062 1061
4 1210 1228 1229 1211
4 1046 1063 1232 1214
4 1047 1215 1233 1064
4 1046 1214 1215 1047
4 1232 1063 1064 1233
4 1046 1047 1064 1063
4 1214 1232 1233 1215
4 1047 1064 1233 1215
4 1048 1216 1234 1065
4 1047 1215 1216 1048
4 1233 1064 1065 1234
4 1047 1048 1065 1064
4 1215 1233 1234 1216
4 1051 1067 1235 1217
4 1052 1218 1236 1068
4 1051 1217 1218 1052
4 1235 1067 1068 1236
4 1051 1052 1068 1067
4 1217 1235 1236 1218
4 1052 1068 1236 1218
4 1053 1219 1237 1069
4 1052 1218 1219 1053
4 1236 1068 1069 1237
4 1052 1053 1069 1068
4 1218 1236 1237 1219
4 1053 1069 1237 1219
4 1054 1220 1238 1070
4 1053 1219 1220 1054
4 1237 1069 1070 1238
4 1053 1054 1070 1069
4 1219 1237 1238 1220
4 1055 1071 1239 1221
4 1056 1222 1240 1072
4 1055 1221 1222 1056
4 1239 1071 1072 1240
4 1055 1056 1072 1071
4 1221 1239 1240 1222
4 1057 1073 1241 1223
4 1058 1224 1242 1074
4 1057 1223 1224 1058
4 1241 1073 1074 1242
4 1057 1058 1074 1073
4 1223 1241 1242 1224
4 1059 1075 1244 1226
4 1060 1227 1245 1076
4 1059 1226 1227 1060
4 1244 1075 1076 1245
4 1059 1060 1076 1075
4 1226 1244 1245 1227
4 1061 1078 1247 1228
4 1062 1229 1248 1079
4 1061 1228 1229 1062
4 1247 1078 1079 1248
4 1061 1062 1079 1078
4 1228 1247 1248 1229
4 1063 1080 1251 1232
4 1064 1233 1252 1081
4 1063 1232 1233 1064
4 1251 1080 1081 1252
4 1063 1064 1081 1080
4 1232 1251 1252 1233
4 1064 1081 1252 1233
4 1065 1234 1253 1082
4 1064 1233 1234 1065
4 1252 1081 1082 1253
4 1064 1065 1082 1081
4 1233 1252 1253 1234
4 1067 1085 1258 1235
4 1068 1236 1259 1086
4 1067 1235 1236 1068
4 1258 1085 1086 1259
4 1067 1068 1086 1085
4 1235 1258 1259 1236
4 1068 1086 1259 1236
4 1069 1237 1260 1087
4 1068 1236 1237 1069
4 1259 1086 1087 1260
4 1068 1069 1087 1086
4 1236 1259 1260 1237
4 1071 1088 1262 1239
4 1072 1240 1263 1089
4 1071 1239 1240 1072
4 1262 1088 1089 1263
4 1071 1072 1089 1088
4 1239 1262 1263 1240
4 1073 1091 1265 1241
4 1074 1242 1266 1092
4 1073 1241 1242 1074
4 1265 1091 1092 1266
4 1073 1074 1092 1091
4 1241 1265 1266 1242
4 1075 1093 1267 1244
4 1076 1245 1268 1094
4 1075 1244 1245 1076
4 1267 1093 1094 1268
4 1075 1076 1094 1093
4 1244 1267 1268 1245
4 1076 1094 1268 1245
4 1077 1246 1269 1095
4 1076 1245 1246 1077
4 1268 1094 1095 1269
4 1076 1077 1095 1094
4 1245 1268 1269 1246
4 1077 1095 1269 1246
4 1078 1247 1270 1096
4 1077 1246 1247 1078
4 1269 1095 1096 1270
4 1077 1078 1096 1095
4 1246 1269 1270 1247
4 1078 1096 1270 1247
4 1079 1248 1271 1097
4 1078 1247 1248 1079
4 1270 1096 1097 1271
4 1078 1079 1097 1096
4 1247 1270 1271 1248
4 1080 1098 1274 1251
4 1081 1252 1275 1099
4 1080 1251 1252 1081
4 1274 1098 1099 1275
4 1080 1081 1099 1098
4 1251 1274 1275 1252
4 1081 1099 1275 1252
4 1082 1253 1276 1100
4 1081 1252 1253 1082
4 1275 1099 1100 1276
4 1081 1082 1100 1099
4 1252 1275 1276 1253
4 1082 1100 1276 1253
4 1083 1254 1277 1101
4 1082 1253 1254 1083
4 1276 1100 1101 1277
4 1082 1083 1101 1100
4 1253 1276 1277 1254
4 1084 1105 1281 1257
4 1085 1258 1282 1106
4 1084 1257 1258 1085
4 1281 1105 1106 1282
4 1084 1085 1106 1105
4 1257 1281 1282 1258
4 1085 1106 1282 1258
4 1086 1259 1283 1107
4 1085 1258 1259 1086
4 1282 1106 1107 1283
4 1085 1086 1107 1106
4 1258 1282 1283 1259
4 1086 1107 1283 1259
4 1087 1260 1284 1108
4 1086 1259 1260 1087
4 1283 1107 1108 1284
4 1086 1087 1108 1107
4 1259 1283 1284 1260
4 1088 1109 1286 1262
4 1089 1263 1287 1110
4 1088 1262 1263 1089
4 1286 1109 1110 1287
4 1088 1089 1110 1109
4 1262 1286 1287 1263
4 1089 1110 1287 1263
4 1090 1264 1288 1111
4 1089 1263 1264 1090
4 1287 1110 1111 1288
4 1089 1090 1111 1110
4 1263 1287 1288 1264
4 1091 1112 1289 1265
4 1092 1266 1290 1113
4 1091 1265 1266 1092
4 1289 1112 1113 1290
4 1091 1092 1113 1112
4 1265 1289 1290 1266
4 1093 1114 1291 1267
4 1094 1268 1292 1115
4 1093 1267 1268 1094
4 1291 1114 1115 1292
4 1093 1094 1115 1114
4 1267 1291 1292 1268
4 1094 1115 1292 1268
4 1095 1269 1293 1116
4 1094 1268 1269 1095
4 1292 1115 1116 1293
4 1094 1095 1116 1115
4 1268 1292 1293 1269
4 1095 1116 1293 1269
4 1096 1270 1294 1117
4 1095 1269 1270 1096
4 1293 1116 1117 1294
4 1095 1096 1117 1116
4 1269 1293 1294 1270
4 1099 1118 1297 1275
4 1100 1276 1298 1119
4 1099 1275 1276 1100
4 1297 1118 1119 1298
4 1099 1100 1119 1118
4 1275 1297 1298 1276
4 1100 1119 1298 1276
4 1101 1277 1299 1120
4 1100 1276 1277 1101
4 1298 1119 1120 1299
4 1100 1101 1120 1119
4 1276 1298 1299 1277
4 1101 1120 1299 1277
4 1102 1278 1300 1121
4 1101 1277 1278 1102
4 1299 1120 1121 1300
4 1101 1102 1121 1120
4 1277 1299 1300 1278
4 1102 1121 1300 1278
4 1103 1279 1301 1122
4 1102 1278 1279 1103
4 1300 1121 1122 1301
4 1102 1103 1122 1121
4 1278 1300 1301 1279
4 1103 1122 1301 1279
4 1104 1280 1302 1123
4 1103 1279 1280 1104
4 1301 1122 1123 1302
4 1103 1104 1123 1122
4 1279 1301 1302 1280
4 1104 1123 1302 1280
4 1105 1281 1303 1124
4 1104 1280 1281 1105
4 1302 1123 1124 1303
4 1104 1105 1124 1123
4 1280 1302 1303 1281
4 1105 1124 1303 1281
4 1106 1282 1304 1125
4 1105 1281 1282 1106
4 1303 1124 1125 1304
4 1105 1106 1125 1124
4 1281 1303 1304 1282
4 1106 1125 1304 1282
4 1107 1283 1305 1126
4 1106 1282 1283 1107
4 1304 1125 1126 1305
4 1106 1107 1126 1125
4 1282 1304 1305 1283
4 1110 1127 1307 1287
4 1111 1288 1308 1128
4 1110 1287 1288 1111
4 1307 1127 1128 1308
4 1110 1111 1128 1127
4 1287 1307 1308 1288
4 1111 1128 1308 1288
4 1112 1289 1309 1129
4 1111 1288 1289 1112
4 1308 1128 1129 1309
4 1111 1112 1129 1128
4 1288 1308 1309 1289
4 1112 1129 1309 1289
4 1113 1290 1310 1130
4 1112 1289 1290 1113
4 1309 1129 1130 1310
4 1112 1113 1130 1129
4 1289 1309 1310 1290
4 1120 1131 1311 1299
4 1121 1300 1312 1132
4 1120 1299 1300 1121
4 1311 1131 1132 1312
4 1120 1121 1132 1131
4 1299 1311 1312 1300
4 1121 1132 1312 1300
4 1122 1301 1313 1133
4 1121 1300 1301 1122
4 1312 1132 1133 1313
4 1121 1122 1133 1132
4 1300 1312 1313 1301
4 1135 1147 1325 1314
4 1136 1315 1326 1148
4 1135 1314 1315 1136
4 1325 1147 1148 1326
4 1135 1136 1148 1147
4 1314 1325 1326 1315
4 1136 1148 1326 1315
4 1137 1316 1327 1149
4 1136 1315 1316 1137
4 1326 1148 1149 1327
4 1136 1137 1149 1148
4 1315 1326 1327 1316
4 1141 1161 1341 1317
4 1142 1318 1342 1162
4 1141 1317 1318 1142
4 1341 1161 1162 1342
4 1141 1142 1162 1161
4 1317 1341 1342 1318
4 1142 1162 1342 1318
4 1143 1319 1343 1163
4 1142 1318 1319 1143
4 1342 1162 1163 1343
4 1142 1143 1163 1162
4 1318 1342 1343 1319
4 1143 1163 1343 1319
4 1144 1320 1344 1164
4 1143 1319 1320 1144
4 1343 1163 1164 1344
4 1143 1144 1164 1163
4 1319 1343 1344 1320
4 1145 1167 1347 1323
4 1146 1324 1348 1168
4 1145 1323 1324 1146
4 1347 1167 1168 1348
4 1145 1146 1168 1167
4 1323 1347 1348 1324
4 1146 1168 1348 1324
4 1147 1325 1349 1169
4 1146 1324 1325 1147
4 1348 1168 1169 1349
4 1146 1147 1169 1168
4 1324 1348 1349 1325
4 1147 1169 1349 1325
4 1148 1326 1350 1170
4 1147 1325 1326 1148
4 1349 1169 1170 1350
4 1147 1148 1170 1169
4 1325 1349 1350 1326
4 1148 1170 1350 1326
4 1149 1327 1351 1171
4 1148 1326 1327 1149
4 1350 1170 1171 1351
4 1148 1149 1171 1170
4 1326 1350 1351 1327
4 1149 1171 1351 1327
4 1150 1328 1352 1172
4 1149 1327 1328 1150
4 1351 1171 1172 1352
4 1149 1150 1172 1171
4 1327 1351 1352 1328
4 1150 1172 1352 1328
4 1151 1329 1353 1173
4 1150 1328 1329 1151
4 1352 1172 1173 1353
4 1150 1151 1173 1172
4 1328 1352 1353 1329
4 1151 1173 1353 1329
4 1152 1330 1354 1174
4 1151 1329 1330 1152
4 1353 1173 1174 1354
4 1151 1152 1174 1173
4 1329 1353 1354 1330
4 1152 1174 1354 1330
4 1153 1331 1355 1175
4 1152 1330 1331 1153
4 1354 1174 1175 1355
4 1152 1153 1175 1174
4 1330 1354 1355 1331
4 1153 1175 1355 1331
4 1154 1332 1356 1176
4 1153 1331 1332 1154
4 1355 1175 1176 1356
4 1153 1154 1176 1175
4 1331 1355 1356 1332
4 1154 1176 1356 1332
4 1155 1333 1357 1177
4 1154 1332 1333 1155
4 1356 1176 1177 1357
4 1154 1155 1177 1176
4 1332 1356 1357 1333
4 1156 1180 1360 1336
4 1157 1337 1361 1181
4 1156 1336 1337 1157
4 1360 1180 1181 1361
4 1156 1157 1181 1180
4 1336 1360 1361 1337
4 1157 1181 1361 1337
4 1158 1338 1362 1182
4 1157 1337 1338 1158
4 1361 1181 1182 1362
4 1157 1158 1182 1181
4 1337 1361 1362 1338
4 1158 1182 1362 1338
4 1159 1339 1363 1183
4 1158 1338 1339 1159
4 1362 1182 1183 1363
4 1158 1159 1183 1182
4 1338 1362 1363 1339
4 1160 1184 1364 1340
4 1161 1341 1365 1185
4 1160 1340 1341 1161
4 1364 1184 1185 1365
4 1160 1161 1185 1184
4 1340 1364 1365 1341
4 1161 1185 1365 1341
4 1162 1342 1366 1186
4 1161 1341 1342 1162
4 1365 1185 1186 1366
4 1161 1162 1186 1185
4 1341 1365 1366 1342
4 1163 1187 1367 1343
4 1164 1344 1368 1188
4 1163 1343 1344 1164
4 1367 1187 1188 1368
4 1163 1164 1188 1187
4 1343 1367 1368 1344
4 1164 1188 1368 1344
4 1165 1345 1369 1189
4 1164 1344 1345 1165
4 1368 1188 1189 1369
4 1164 1165 1189 1188
4 1344 1368 1369 1345
4 1166 1190 1370 1346
4 1167 1347 1371 1191
4 1166 1346 1347 1167
4 1370 1190 1191 1371
4 1166 1167 1191 1190
4 1346 1370 1371 1347
4 1167 1191 1371 1347
4 1168 1348 1372 1192
4 1167 1347 1348 1168
4 1371 1191 1192 1372
4 1167 1168 1192 1191
4 1347 1371 1372 1348
4 1168 1192 1372 1348
4 1169 1349 1373 1193
4 1168 1348 1349 1169
4 1372 1192 1193 1373
4 1168 1169 1193 1192
4 1348 1372 1373 1349
4 1171 1195 1375 1351
4 1172 1352 1376 1196
4 1171 1351 1352 1172
4 1375 1195 1196 1376
4 1171 1172 1196 1195
4 1351 1375 1376 1352
4 1172 1196 1376 1352
4 1173 1353 1377 1197
4 1172 1352 1353 1173
4 1376 1196 1197 1377
4 1172 1173 1197 1196
4 1352 1376 1377 1353
4 1175 1199 1379 1355
4 1176 1356 1380 1200
4 1175 1355 1356 1176
4 1379 1199 1200 1380
4 1175 1176 1200 1199
4 1355 1379 1380 1356
4 1176 1200 1380 1356
4 1177 1357 1381 1201
4 1176 1356 1357 1177
4 1380 1200 1201 1381
4 1176 1177 1201 1200
4 1356 1380 1381 1357
4 1177 1201 1381 1357
4 1178 1358 1382 1202
4 1177 1357 1358 1178
4 1381 1201 1202 1382
4 1177 1178 1202 1201
4 1357 1381 1382 1358
4 1179 1203 1383 1359
4 1180 1360 1384 1204
4 1179 1359 1360 1180
4 1383 1203 1204 1384
4 1179 1180 1204 1203
4 1359 1383 1384 1360
4 1180 1204 1384 1360
4 1181 1361 1385 1205
4 1180 1360 1361 1181
4 1384 1204 1205 1385
4 1180 1181 1205 1204
4 1360 1384 1385 1361
4 1182 1206 1386 1362
4 1183 1363 1387 1207
4 1182 1362 1363 1183
4 1386 1206 1207 1387
4 1182 1183 1207 1206
4 1362 1386 1387 1363
4 1184 1208 1388 1364
4 1185 1365 1389 1209
4 1184 1364 1365 1185
4 1388 1208 1209 1389
4 1184 1185 1209 1208
4 1364 1388 1389 1365
4 1187 1210 1391 1367
4 1188 1368 1392 1211
4 1187 1367 1368 1188
4 1391 1210 1211 1392
4 1187 1188 1211 1210
4 1367 1391 1392 1368
4 1188 1211 1392 1368
4 1189 1369 1393 1212
4 1188 1368 1369 1189
4 1392 1211 1212 1393
4 1188 1189 1212 1211
4 1368 1392 1393 1369
4 1190 1213 1394 1370
4 1191 1371 1395 1214
4 1190 1370 1371 1191
4 1394 1213 1214 1395
4 1190 1191 1214 1213
4 1370 1394 1395 1371
4 1191 1214 1395 1371
4 1192 1372 1396 1215
4 1191 1371 1372 1192
4 1395 1214 1215 1396
4 1191 1192 1215 1214
4 1371 1395 1396 1372
4 1200 1218 1402 1380
4 1201 1381 1403 1219
4 1200 1380 1381 1201
4 1402 1218 1219 1403
4 1200 1201 1219 1218
4 1380 1402 1403 1381
4 1201 1219 1403 1381
4 1202 1382 1404 1220
4 1201 1381 1382 1202
4 1403 1219 1220 1404
4 1201 1202 1220 1219
4 1381 1403 1404 1382
4 1203 1221 1405 1383
4 1204 1384 1406 1222
4 1203 1383 1384 1204
4 1405 1221 1222 1406
4 1203 1204 1222 1221
4 1383 1405 1406 1384
4 1206 1223 1407 1386
4 1207 1387 1408 1224
4 1206 1386 1387 1207
4 1407 1223 1224 1408
4 1206 1207 1224 1223
4 1386 1407 1408 1387
4 1208 1226 1410 1388
4 1209 1389 1411 1227
4 1208 1388 1389 1209
4 1410 1226 1227 1411
4 1208 1209 1227 1226
4 1388 1410 1411 1389
4 1210 1228 1413 1391
4 1211 1392 1414 1229
4 1210 1391 1392 1211
4 1413 1228 1229 1414
4 1210 1211 1229 1228
4 1391 1413 1414 1392
4 1211 1229 1414 1392
4 1212 1393 1415 1230
4 1211 1392 1393 1212
4 1414 1229 1230 1415
4 1211 1212 1230 1229
4 1392 1414 1415 1393
4 1213 1231 1416 1394
4 1214 1395 1417 1232
4 1213 1394 1395 1214
4 1416 1231 1232 1417
4 1213 1214 1232 1231
4 1394 1416 1417 1395
4 1214 1232 1417 1395
4 1215 1396 1418 1233
4 1214 1395 1396 1215
4 1417 1232 1233 1418
4 1214 1215 1233 1232
4 1395 1417 1418 1396
4 1218 1236 1424 1402
4 1219 1403 1425 1237
4 1218 1402 1403 1219
4 1424 1236 1237 1425
4 1218 1219 1237 1236
4 1402 1424 1425 1403
4 1219 1237 1425 1403
4 1220 1404 1426 1238
4 1219 1403 1404 1220
4 1425 1237 1238 1426
4 1219 1220 1238 1237
4 1403 1425 1426 1404
4 1221 1239 1427 1405
4 1222 1406 1428 1240
4 1221 1405 1406 1222
4 1427 1239 1240 1428
4 1221 1222 1240 1239
4 1405 1427 1428 1406
4 1223 1241 1429 1407
4 1224 1408 1430 1242
4 1223 1407 1408 1224
4 1429 1241 1242 1430
4 1223 1224 1242 1241
4 1407 1429 1430 1408
4 1224 1242 1430 1408
4 1225 1409 1431 1243
4 1224 1408 1409 1225
4 1430 1242 1243 1431
4 1224 1225 1243 1242
4 1408 1430 1431 1409
4 1226 1244 1432 1410
4 1227 1411 1433 1245
4 1226 1410 1411 1227
4 1432 1244 1245 1433
4 1226 1227 1245 1244
4 1410 1432 1433 1411
4 1228 1247 1435 1413
4 1229 1414 1436 1248
4 1228 1413 1414 1229
4 1435 1247 1248 1436
4 1228 1229 1248 1247
4 1413 1435 1436 1414
4 1229 1248 1436 1414
4 1230 1415 1437 1249
4 1229 1414 1415 1230
4 1436 1248 1249 1437
4 1229 1230 1249 1248
4 1414 1436 1437 1415
4 1231 1250 1438 1416
4 1232 1417 1439 1251
4 1231 1416 1417 1232
4 1438 1250 1251 1439
4 1231 1232 1251 1250
4 1416 1438 1439 1417
4 1232 1251 1439 1417
4 1233 1418 1440 1252
4 1232 1417 1418 1233
4 1439 1251 1252 1440
4 1232 1233 1252 1251
4 1417 1439 1440 1418
4 1236 1259 1448 1424
4 1237 1425 1449 1260
4 1236 1424 1425 1237
4 1448 1259 1260 1449
4 1236 1237 1260 1259
4 1424 1448 1449 1425
4 1237 1260 1449 1425
4 1238 1426 1450 1261
4 1237 1425 1426 1238
4 1449 1260 1261 1450
4 1237 1238 1261 1260
4 1425 1449 1450 1426
4 1239 1262 1451 1427
4 1240 1428 1452 1263
4 1239 1427 1428 1240
4 1451 1262 1263 1452
4 1239 1240 1263 1262
4 1427 1451 1452 1428
4 1241 1265 1454 1429
4 1242 1430 1455 1266
4 1241 1429 1430 1242
4 1454 1265 1266 1455
4 1241 1242 1266 1265
4 1429 1454 1455 1430
4 1244 1267 1457 1432
4 1245 1433 1458 1268
4 1244 1432 1433 1245
4 1457 1267 1268 1458
4 1244 1245 1268 1267
4 1432 1457 1458 1433
4 1245 1268 1458 1433
4 1246 1434 1459 1269
4 1245 1433 1434 1246
4 1458 1268 1269 1459
4 1245 1246 1269 1268
4 1433 1458 1459 1434
4 1246 1269 1459 1434
4 1247 1435 1460 1270
4 1246 1434 1435 1247
4 1459 1269 1270 1460
4 1246 1247 1270 1269
4 1434 1459 1460 1435
4 1247 1270 1460 1435
4 1248 1436 1461 1271
4 1247 1435 1436 1248
4 1460 1270 1271 1461
4 1247 1248 1271 1270
4 1435 1460 1461 1436
4 1248 1271 1461 1436
4 1249 1437 1462 1272
4 1248 1436 1437 1249
4 1461 1271 1272 1462
4 1248 1249 1272 1271
4 1436 1461 1462 1437
4 1250 1273 1463 1438
4 1251 1439 1464 1274
4 1250 1438 1439 1251
4 1463 1273 1274 1464
4 1250 1251 1274 1273
4 1438 1463 1464 1439
4 1251 1274 1464 1439
4 1252 1440 1465 1275
4 1251 1439 1440 1252
4 1464 1274 1275 1465
4 1251 1252 1275 1274
4 1439 1464 1465 1440
4 1252 1275 1465 1440
4 1253 1441 1466 1276
4 1252 1440 1441 1253
4 1465 1275 1276 1466
4 1252 1253 1276 1275
4 1440 1465 1466 1441
4 1255 1278 1468 1443
4 1256 1444 1469 1279
4 1255 1443 1444 1256
4 1468 1278 1279 1469
4 1255 1256 1279 1278
4 1443 1468 1469 1444
4 1258 1282 1472 1447
4 1259 1448 1473 1283
4 1258 1447 1448 1259
4 1472 1282 1283 1473
4 1258 1259 1283 1282
4 1447 1472 1473 1448
4 1259 1283 1473 1448
4 1260 1449 1474 1284
4 1259 1448 1449 1260
4 1473 1283 1284 1474
4 1259 1260 1284 1283
4 1448 1473 1474 1449
4 1260 1284 1474 1449
4 1261 1450 1475 1285
4 1260 1449 1450 1261
4 1474 1284 1285 1475
4 1260 1261 1285 1284
4 1449 1474 1475 1450
4 1262 1286 1476 1451
4 1263 1452 1477 1287
4 1262 1451 1452 1263
4 1476 1286 1287 1477
4 1262 1263 1287 1286
4 1451 1476 1477 1452
4 1263 1287 1477 1452
4 1264 1453 1478 1288
4 1263 1452 1453 1264
4 1477 1287 1288 1478
4 1263 1264 1288 1287
4 1452 1477 1478 1453
4 1265 1289 1479 1454
4 1266 1455 1480 1290
4 1265 1454 1455 1266
4 1479 1289 1290 1480
4 1265 1266 1290 1289
4 1454 1479 1480 1455
4 1268 1292 1481 1458
4 1269 1459 1482 1293
4 1268 1458 1459 1269
4 1481 1292 1293 1482
4 1268 1269 1293 1292
4 1458 1481 1482 1459
4 1269 1293 1482 1459
4 1270 1460 1483 1294
4 1269 1459 1460 1270
4 1482 1293 1294 1483
4 1269 1270 1294 1293
4 1459 1482 1483 1460
4 1270 1294 1483 1460
4 1271 1461 1484 1295
4 1270 1460 1461 1271
4 1483 1294 1295 1484
4 1270 1271 1295 1294
4 1460 1483 1484 1461
4 1274 1296 1487 1464
4 1275 1465 1488 1297
4 1274 1464 1465 1275
4 1487 1296 1297 1488
4 1274 1275 1297 1296
4 1464 1487 1488 1465
4 1275 1297 1488 1465
4 1276 1466 1489 1298
4 1275 1465 1466 1276
4 1488 1297 1298 1489
4 1275 1276 1298 1297
4 1465 1488 1489 1466
4 1276 1298 1489 1466
4 1277 1467 1490 1299
4 1276 1466 1467 1277
4 1489 1298 1299 1490
4 1276 1277 1299 1298
4 1466 1489 1490 1467
4 1277 1299 1490 1467
4 1278 1468 1491 1300
4 1277 1467 1468 1278
4 1490 1299 1300 1491
4 1277 1278 1300 1299
4 1467 1490 1491 1468
4 1278 1300 1491 1468
4 1279 1469 1492 1301
4 1278 1468 1469 1279
4 1491 1300 1301 1492
4 1278 1279 1301 1300
4 1468 1491 1492 1469
4 1279 1301 1492 1469
4 1280 1470 1493 1302
4 1279 1469 1470 1280
4 1492 1301 1302 1493
4 1279 1280 1302 1301
4 1469 1492 1493 1470
4 1280 1302 1493 1470
4 1281 1471 1494 1303
4 1280 1470 1471 1281
4 1493 1302 1303 1494
4 1280 1281 1303 1302
4 1470 1493 1494 1471
4 1281 1303 1494 1471
4 1282 1472 1495 1304
4 1281 1471 1472 1282
4 1494 1303 1304 1495
4 1281 1282 1304 1303
4 1471 1494 1495 1472
4 1282 1304 1495 1472
4 1283 1473 1496 1305
4 1282 1472 1473 1283
4 1495 1304 1305 1496
4 1282 1283 1305 1304
4 1472 1495 1496 1473
4 1283 1305 1496 1473
4 1284 1474 1497 1306
4 1283 1473 1474 1284
4 1496 1305 1306 1497
4 1283 1284 1306 1305
4 1473 1496 1497 1474
4 1287 1307 1500 1477
4 1288 1478 1501 1308
4 1287 1477 1478 1288
4 1500 1307 1308 1501
4 1287 1288 1308 1307
4 1477 1500 1501 1478
4 1288 1308 1501 1478
4 1289 1479 1502 1309
4 1288 1478 1479 1289
4 1501 1308 1309 1502
4 1288 1289 1309 1308
4 1478 1501 1502 1479
4 1289 1309 1502 1479
4 1290 1480 1503 1310
4 1289 1479 1480 1290
4 1502 1309 1310 1503
4 1289 1290 1310 1309
4 1479 1502 1503 1480
4 1317 1341 1528 1504
4 1318 1505 1529 1342
4 1317 1504 1505 1318
4 1528 1341 1342 1529
4 1317 1318 1342 1341
4 1504 1528 1529 1505
4 1318 1342 1529 1505
4 1319 1506 1530 1343
4 1318 1505 1506 1319
4 1529 1342 1343 1530
4 1318 1319 1343 1342
4 1505 1529 1530 1506
4 1319 1343 1530 1506
4 1320 1507 1531 1344
4 1319 1506 1507 1320
4 1530 1343 1344 1531
4 1319 1320 1344 1343
4 1506 1530 1531 1507
4 1320 1344 1531 1507
4 1321 1508 1532 1345
4 1320 1507 1508 1321
4 1531 1344 1345 1532
4 1320 1321 1345 1344
4 1507 1531 1532 1508
4 1321 1345 1532 1508
4 1322 1509 1533 1346
4 1321 1508 1509 1322
4 1532 1345 1346 1533
4 1321 1322 1346 1345
4 1508 1532 1533 1509
4 1322 1346 1533 1509
4 1323 1510 1534 1347
4 1322 1509 1510 1323
4 1533 1346 1347 1534
4 1322 1323 1347 1346
4 1509 1533 1534 1510
4 1323 1347 1534 1510
4 1324 1511 1535 1348
4 1323 1510 1511 1324
4 1534 1347 1348 1535
4 1323 1324 1348 1347
4 1510 1534 1535 1511
4 1324 1348 1535 1511
4 1325 1512 1536 1349
4 1324 1511 1512 1325
4 1535 1348 1349 1536
4 1324 1325 1349 1348
4 1511 1535 1536 1512
4 1325 1349 1536 1512
4 1326 1513 1537 1350
4 1325 1512 1513 1326
4 1536 1349 1350 1537
4 1325 1326 1350 1349
4 1512 1536 1537 1513
4 1326 1350 1537 1513
4 1327 1514 1538 1351
4 1326 1513 1514 1327
4 1537 1350 1351 1538
4 1326 1327 1351 1350
4 1513 1537 1538 1514
4 1327 1351 1538 1514
4 1328 1515 1539 1352
4 1327 1514 1515 1328
4 1538 1351 1352 1539
4 1327 1328 1352 1351
4 1514 1538 1539 1515
4 1328 1352 1539 1515
4 1329 1516 1540 1353
4 1328 1515 1516 1329
4 1539 1352 1353 1540
4 1328 1329 1353 1352
4 1515 1539 1540 1516
4 1329 1353 1540 1516
4 1330 1517 1541 1354
4 1329 1516 1517 1330
4 1540 1353 1354 1541
4 1329 1330 1354 1353
4 1516 1540 1541 1517
4 1330 1354 1541 1517
4 1331 1518 1542 1355
4 1330 1517 1518 1331
4 1541 1354 1355 1542
4 1330 1331 1355 1354
4 1517 1541 1542 1518
4 1331 1355 1542 1518
4 1332 1519 1543 1356
4 1331 1518 1519 1332
4 1542 1355 1356 1543
4 1331 1332 1356 1355
4 1518 1542 1543 1519
4 1332 1356 1543 1519
4 1333 1520 1544 1357
4 1332 1519 1520 1333
4 1543 1356 1357 1544
4 1332 1333 1357 1356
4 1519 1543 1544 1520
4 1333 1357 1544 1520
4 1334 1521 1545 1358
4 1333 1520 1521 1334
4 1544 1357 1358 1545
4 1333 1334 1358 1357
4 1520 1544 1545 1521
4 1334 1358 1545 1521
4 1335 1522 1546 1359
4 1334 1521 1522 1335
4 1545 1358 1359 1546
4 1334 1335 1359 1358
4 1521 1545 1546 1522
4 1335 1359 1546 1522
4 1336 1523 1547 1360
4 1335 1522 1523 1336
4 1546 1359 1360 1547
4 1335 1336 1360 1359
4 1522 1546 1547 1523
4 1336 1360 1547 1523
4 1337 1524 1548 1361
4 1336 1523 1524 1337
4 1547 1360 1361 1548
4 1336 1337 1361 1360
4 1523 1547 1548 1524
4 1337 1361 1548 1524
4 1338 1525 1549 1362
4 1337 1524 1525 1338
4 1548 1361 1362 1549
4 1337 1338 1362 1361
4 1524 1548 1549 1525
4 1338 1362 1549 1525
4 1339 1526 1550 1363
4 1338 1525 1526 1339
4 1549 1362 1363 1550
4 1338 1339 1363 1362
4 1525 1549 1550 1526
4 1340 1364 1551 1527
4 1341 1528 1552 1365
4 1340 1527 1528 1341
4 1551 1364 1365 1552
4 1340 1341 1365 1364
4 1527 1551 1552 1528
4 1341 1365 1552 1528
4 1342 1529 1553 1366
4 1341 1528 1529 1342
4 1552 1365 1366 1553
4 1341 1342 1366 1365
4 1528 1552 1553 1529
4 1343 1367 1554 1530
4 1344 1531 1555 1368
4 1343 1530 1531 1344
4 1554 1367 1368 1555
4 1343 1344 1368 1367
4 1530 1554 1555 1531
4 1344 1368 1555 1531
4 1345 1532 1556 1369
4 1344 1531 1532 1345
4 1555 1368 1369 1556
4 1344 1345 1369 1368
4 1531 1555 1556 1532
4 1345 1369 1556 1532
4 1346 1533 1557 1370
4 1345 1532 1533 1346
4 1556 1369 1370 1557
4 1345 1346 1370 1369
4 1532 1556 1557 1533
4 1346 1370 1557 1533
4 1347 1534 1558 1371
4 1346 1533 1534 1347
4 1557 1370 1371 1558
4 1346 1347 1371 1370
4 1533 1557 1558 1534
4 1347 1371 1558 1534
4 1348 1535 1559 1372
4 1347 1534 1535 1348
4 1558 1371 1372 1559
4 1347 1348 1372 1371
4 1534 1558 1559 1535
4 1349 1373 1560 1536
4 1350 1537 1561 1374
4 1349 1536 1537 1350
4 1560 1373 1374 1561
4 1349 1350 1374 1373
4 1536 1560 1561 1537
4 1350 1374 1561 1537
4 1351 1538 1562 1375
4 1350 1537 1538 1351
4 1561 1374 1375 1562
4 1350 1351 1375 1374
4 1537 1561 1562 1538
4 1351 1375 1562 1538
4 1352 1539 1563 1376
4 1351 1538 1539 1352
4 1562 1375 1376 1563
4 1351 1352 1376 1375
4 1538 1562 1563 1539
4 1352 1376 1563 1539
4 1353 1540 1564 1377
4 1352 1539 1540 1353
4 1563 1376 1377 1564
4 1352 1353 1377 1376
4 1539 1563 1564 1540
4 1353 1377 1564 1540
4 1354 1541 1565 1378
4 1353 1540 1541 1354
4 1564 1377 1378 1565
4 1353 1354 1378 1377
4 1540 1564 1565 1541
4 1354 1378 1565 1541
4 1355 1542 1566 1379
4 1354 1541 1542 1355
4 1565 1378 1379 1566
4 1354 1355 1379 1378
4 1541 1565 1566 1542
4 1356 1380 1567 1543
4 1357 1544 1568 1381
4 1356 1543 1544 1357
4 1567 1380 1381 1568
4 1356 1357 1381 1380
4 1543 1567 1568 1544
4 1357 1381 1568 1544
4 1358 1545 1569 1382
4 1357 1544 1545 1358
4 1568 1381 1382 1569
4 1357 1358 1382 1381
4 1544 1568 1569 1545
4 1358 1382 1569 1545
4 1359 1546 1570 1383
4 1358 1545 1546 1359
4 1569 1382 1383 1570
4 1358 1359 1383 1382
4 1545 1569 1570 1546
4 1359 1383 1570 1546
4 1360 1547 1571 1384
4 1359 1546 1547 1360
4 1570 1383 1384 1571
4 1359 1360 1384 1383
4 1546 1570 1571 1547
4 1360 1384 1571 1547
4 1361 1548 1572 1385
4 1360 1547 1548 1361
4 1571 1384 1385 1572
4 1360 1361 1385 1384
4 1547 1571 1572 1548
4 1362 1386 1573 1549
4 1363 1550 1574 1387
4 1362 1549 1550 1363
4 1573 1386 1387 1574
4 1362 1363 1387 1386
4 1549 1573 1574 1550
4 1364 1388 1576 1551
4 1365 1552 1577 1389
4 1364 1551 1552 1365
4 1576 1388 1389 1577
4 1364 1365 1389 1388
4 1551 1576 1577 1552
4 1365 1389 1577 1552
4 1366 1553 1578 1390
4 1365 1552 1553 1366
4 1577 1389 1390 1578
4 1365 1366 1390 1389
4 1552 1577 1578 1553
4 1368 1392 1580 1555
4 1369 1556 1581 1393
4 1368 1555 1556 1369
4 1580 1392 1393 1581
4 1368 1369 1393 1392
4 1555 1580 1581 1556
4 1369 1393 1581 1556
4 1370 1557 1582 1394
4 1369 1556 1557 1370
4 1581 1393 1394 1582
4 1369 1370 1394 1393
4 1556 1581 1582 1557
4 1370 1394 1582 1557
4 1371 1558 1583 1395
4 1370 1557 1558 1371
4 1582 1394 1395 1583
4 1370 1371 1395 1394
4 1557 1582 1583 1558
4 1374 1397 1585 1561
4 1375 1562 1586 1398
4 1374 1561 1562 1375
4 1585 1397 1398 1586
4 1374 1375 1398 1397
4 1561 1585 1586 1562
4 1375 1398 1586 1562
4 1376 1563 1587 1399
4 1375 1562 1563 1376
4 1586 1398 1399 1587
4 1375 1376 1399 1398
4 1562 1586 1587 1563
4 1376 1399 1587 1563
4 1377 1564 1588 1400
4 1376 1563 1564 1377
4 1587 1399 1400 1588
4 1376 1377 1400 1399
4 1563 1587 1588 1564
4 1377 1400 1588 1564
4 1378 1565 1589 1401
4 1377 1564 1565 1378
4 1588 1400 1401 1589
4 1377 1378 1401 1400
4 1564 1588 1589 1565
4 1381 1403 1592 1568
4 1382 1569 1593 1404
4 1381 1568 1569 1382
4 1592 1403 1404 1593
4 1381 1382 1404 1403
4 1568 1592 1593 1569
4 1382 1404 1593 1569
4 1383 1570 1594 1405
4 1382 1569 1570 1383
4 1593 1404 1405 1594
4 1382 1383 1405 1404
4 1569 1593 1594 1570
4 1383 1405 1594 1570
4 1384 1571 1595 1406
4 1383 1570 1571 1384
4 1594 1405 1406 1595
4 1383 1384 1406 1405
4 1570 1594 1595 1571
4 1386 1407 1596 1573
4 1387 1574 1597 1408
4 1386 1573 1574 1387
4 1596 1407 1408 1597
4 1386 1387 1408 1407
4 1573 1596 1597 1574
4 1388 1410 1599 1576
4 1389 1577 1600 1411
4 1388 1576 1577 1389
4 1599 1410 1411 1600
4 1388 1389 1411 1410
4 1576 1599 1600 1577
4 1389 1411 1600 1577
4 1390 1578 1601 1412
4 1389 1577 1578 1390
4 1600 1411 1412 1601
4 1389 1390 1412 1411
4 1577 1600 1601 1578
4 1392 1414 1603 1580
4 1393 1581 1604 1415
4 1392 1580 1581 1393
4 1603 1414 1415 1604
4 1392 1393 1415 1414
4 1580 1603 1604 1581
4 1393 1415 1604 1581
4 1394 1582 1605 1416
4 1393 1581 1582 1394
4 1604 1415 1416 1605
4 1393 1394 1416 1415
4 1581 1604 1605 1582
4 1394 1416 1605 1582
4 1395 1583 1606 1417
4 1394 1582 1583 1395
4 1605 1416 1417 1606
4 1394 1395 1417 1416
4 1582 1605 1606 1583
4 1398 1420 1609 1586
4 1399 1587 1610 1421
4 1398 1586 1587 1399
4 1609 1420 1421 1610
4 1398 1399 1421 1420
4 1586 1609 1610 1587
4 1399 1421 1610 1587
4 1400 1588 1611 1422
4 1399 1587 1588 1400
4 1610 1421 1422 1611
4 1399 1400 1422 1421
4 1587 1610 1611 1588
4 1400 1422 1611 1588
4 1401 1589 1612 1423
4 1400 1588 1589 1401
4 1611 1422 1423 1612
4 1400 1401 1423 1422
4 1588 1611 1612 1589
4 1403 1425 1615 1592
4 1404 1593 1616 1426
4 1403 1592 1593 1404
4 1615 1425 1426 1616
4 1403 1404 1426 1425
4 1592 1615 1616 1593
4 1404 1426 1616 1593
4 1405 1594 1617 1427
4 1404 1593 1594 1405
4 1616 1426 1427 1617
4 1404 1405 1427 1426
4 1593 1616 1617 1594
4 1405 1427 1617 1594
4 1406 1595 1618 1428
4 1405 1594 1595 1406
4 1617 1427 1428 1618
4 1405 1406 1428 1427
4 1594 1617 1618 1595
4 1407 1429 1619 1596
4 1408 1597 1620 1430
4 1407 1596 1597 1408
4 1619 1429 1430 1620
4 1407 1408 1430 1429
4 1596 1619 1620 1597
4 1408 1430 1620 1597
4 1409 1598 1621 1431
4 1408 1597 1598 1409
4 1620 1430 1431 1621
4 1408 1409 1431 1430
4 1597 1620 1621 1598
4 1410 1432 1622 1599
4 1411 1600 1623 1433
4 1410 1599 1600 1411
4 1622 1432 1433 1623
4 1410 1411 1433 1432
4 1599 1622 1623 1600
4 1411 1433 1623 1600
4 1412 1601 1624 1434
4 1411 1600 1601 1412
4 1623 1433 1434 1624
4 1411 1412 1434 1433
4 1600 1623 1624 1601
4 1414 1436 1626 1603
4 1415 1604 1627 1437
4 1414 1603 1604 1415
4 1626 1436 1437 1627
4 1414 1415 1437 1436
4 1603 1626 1627 1604
4 1415 1437 1627 1604
4 1416 1605 1628 1438
4 1415 1604 1605 1416
4 1627 1437 1438 1628
4 1415 1416 1438 1437
4 1604 1627 1628 1605
4 1416 1438 1628 1605
4 1417 1606 1629 1439
4 1416 1605 1606 1417
4 1628 1438 1439 1629
4 1416 1417 1439 1438
4 1605 1628 1629 1606
4 1419 1442 1632 1608
4 1420 1609 1633 1443
4 1419 1608 1609 1420
4 1632 1442 1443 1633
4 1419 1420 1443 1442
4 1608 1632 1633 1609
4 1420 1443 1633 1609
4 1421 1610 1634 1444
4 1420 1609 1610 1421
4 1633 1443 1444 1634
4 1420 1421 1444 1443
4 1609 1633 1634 1610
4 1421 1444 1634 1610
4 1422 1611 1635 1445
4 1421 1610 1611 1422
4 1634 1444 1445 1635
4 1421 1422 1445 1444
4 1610 1634 1635 1611
4 1422 1445 1635 1611
4 1423 1612 1636 1446
4 1422 1611 1612 1423
4 1635 1445 1446 1636
4 1422 1423 1446 1445
4 1611 1635 1636 1612
4 1425 1449 1639 1615
4 1426 1616 1640 1450
4 1425 1615 1616 1426
4 1639 1449 1450 1640
4 1425 1426 1450 1449
4 1615 1639 1640 1616
4 1426 1450 1640 1616
4 1427 1617 1641 1451
4 1426 1616 1617 1427
4 1640 1450 1451 1641
4 1426 1427 1451 1450
4 1616 1640 1641 1617
4 1427 1451 1641 1617
4 1428 1618 1642 1452
4 1427 1617 1618 1428
4 1641 1451 1452 1642
4 1427 1428 1452 1451
4 1617 1641 1642 1618
4 1429 1454 1644 1619
4 1430 1620 1645 1455
4 1429 1619 1620 1430
4 1644 1454 1455 1645
4 1429 1430 1455 1454
4 1619 1644 1645 1620
4 1430 1455 1645 1620
4 1431 1621 1646 1456
4 1430 1620 1621 1431
4 1645 1455 1456 1646
4 1430 1431 1456 1455
4 1620 1645 1646 1621
4 1432 1457 1647 1622
4 1433 1623 1648 1458
4 1432 1622 1623 1433
4 1647 1457 1458 1648
4 1432 1433 1458 1457
4 1622 1647 1648 1623
4 1433 1458 1648 1623
4 1434 1624 1649 1459
4 1433 1623 1624 1434
4 1648 1458 1459 1649
4 1433 1434 1459 1458
4 1623 1648 1649 1624
4 1434 1459 1649 1624
4 1435 1625 1650 1460
4 1434 1624 1625 1435
4 1649 1459 1460 1650
4 1434 1435 1460 1459
4 1624 1649 1650 1625
4 1435 1460 1650 1625
4 1436 1626 1651 1461
4 1435 1625 1626 1436
4 1650 1460 1461 1651
4 1435 1436 1461 1460
4 1625 1650 1651 1626
4 1436 1461 1651 1626
4 1437 1627 1652 1462
4 1436 1626 1627 1437
4 1651 1461 1462 1652
4 1436 1437 1462 1461
4 1626 1651 1652 1627
4 1437 1462 1652 1627
4 1438 1628 1653 1463
4 1437 1627 1628 1438
4 1652 1462 1463 1653
4 1437 1438 1463 1462
4 1627 1652 1653 1628
4 1438 1463 1653 1628
4 1439 1629 1654 1464
4 1438 1628 1629 1439
4 1653 1463 1464 1654
4 1438 1439 1464 1463
4 1628 1653 1654 1629
4 1439 1464 1654 1629
4 1440 1630 1655 1465
4 1439 1629 1630 1440
4 1654 1464 1465 1655
4 1439 1440 1465 1464
4 1629 1654 1655 1630
4 1441 1466 1656 1631
4 1442 1632 1657 1467
4 1441 1631 1632 1442
4 1656 1466 1467 1657
4 1441 1442 1467 1466
4 1631 1656 1657 1632
4 1442 1467 1657 1632
4 1443 1633 1658 1468
4 1442 1632 1633 1443
4 1657 1467 1468 1658
4 1442 1443 1468 1467
4 1632 1657 1658 1633
4 1443 1468 1658 1633
4 1444 1634 1659 1469
4 1443 1633 1634 1444
4 1658 1468 1469 1659
4 1443 1444 1469 1468
4 1633 1658 1659 1634
4 1444 1469 1659 1634
4 1445 1635 1660 1470
4 1444 1634 1635 1445
4 1659 1469 1470 1660
4 1444 1445 1470 1469
4 1634 1659 1660 1635
4 1445 1470 1660 1635
4 1446 1636 1661 1471
4 1445 1635 1636 1446
4 1660 1470 1471 1661
4 1445 1446 1471 1470
4 1635 1660 1661 1636
4 1446 1471 1661 1636
4 1447 1637 1662 1472
4 1446 1636 1637 1447
4 1661 1471 1472 1662
4 1446 1447 1472 1471
4 1636 1661 1662 1637
4 1448 1473 1663 1638
4 1449 1639 1664 1474
4 1448 1638 1639 1449
4 1663 1473 1474 1664
4 1448 1449 1474 1473
4 1638 1663 1664 1639
4 1449 1474 1664 1639
4 1450 1640 1665 1475
4 1449 1639 1640 1450
4 1664 1474 1475 1665
4 1449 1450 1475 1474
4 1639 1664 1665 1640
4 1450 1475 1665 1640
4 1451 1641 1666 1476
4 1450 1640 1641 1451
4 1665 1475 1476 1666
4 1450 1451 1476 1475
4 1640 1665 1666 1641
4 1451 1476 1666 1641
4 1452 1642 1667 1477
4 1451 1641 1642 1452
4 1666 1476 1477 1667
4 1451 1452 1477 1476
4 1641 1666 1667 1642
4 1452 1477 1667 1642
4 1453 1643 1668 1478
4 1452 1642 1643 1453
4 1667 1477 1478 1668
4 1452 1453 1478 1477
4 1642 1667 1668 1643
4 1454 1479 1669 1644
4 1455 1645 1670 1480
4 1454 1644 1645 1455
4 1669 1479 1480 1670
4 1454 1455 1480 1479
4 1644 1669 1670 1645
4 1458 1481 1671 1648
4 1459 1649 1672 1482
4 1458 1648 1649 1459
4 1671 1481 1482 1672
4 1458 1459 1482 1481
4 1648 1671 1672 1649
4 1459 1482 1672 1649
4 1460 1650 1673 1483
4 1459 1649 1650 1460
4 1672 1482 1483 1673
4 1459 1460 1483 1482
4 1649 1672 1673 1650
4 1460 1483 1673 1650
4 1461 1651 1674 1484
4 1460 1650 1651 1461
4 1673 1483 1484 1674
4 1460 1461 1484 1483
4 1650 1673 1674 1651
4 1461 1484 1674 1651
4 1462 1652 1675 1485
4 1461 1651 1652 1462
4 1674 1484 1485 1675
4 1461 1462 1485 1484
4 1651 1674 1675 1652
4 1462 1485 1675 1652
4 1463 1653 1676 1486
4 1462 1652 1653 1463
4 1675 1485 1486 1676
4 1462 1463 1486 1485
4 1652 1675 1676 1653
4 1463 1486 1676 1653
4 1464 1654 1677 1487
4 1463 1653 1654 1464
4 1676 1486 1487 1677
4 1463 1464 1487 1486
4 1653 1676 1677 1654
4 1464 1487 1677 1654
4 1465 1655 1678 1488
4 1464 1654 1655 1465
4 1677 1487 1488 1678
4 1464 1465 1488 1487
4 1654 1677 1678 1655
4 1465 1488 1678 1655
4 1466 1656 1679 1489
4 1465 1655 1656 1466
4 1678 1488 1489 1679
4 1465 1466 1489 1488
4 1655 1678 1679 1656
4 1466 1489 1679 1656
4 1467 1657 1680 1490
4 1466 1656 1657 1467
4 1679 1489 1490 1680
4 1466 1467 1490 1489
4 1656 1679 1680 1657
4 1467 1490 1680 1657
4 1468 1658 1681 1491
4 1467 1657 1658 1468
4 1680 1490 1491 1681
4 1467 1468 1491 1490
4 1657 1680 1681 1658
4 1468 1491 1681 1658
4 1469 1659 1682 1492
4 1468 1658 1659 1469
4 1681 1491 1492 1682
4 1468 1469 1492 1491
4 1658 1681 1682 1659
4 1469 1492 1682 1659
4 1470 1660 1683 1493
4 1469 1659 1660 1470
4 1682 1492 1493 1683
4 1469 1470 1493 1492
4 1659 1682 1683 1660
4 1470 1493 1683 1660
4 1471 1661 1684 1494
4 1470 1660 1661 1471
4 1683 1493 1494 1684
4 1470 1471 1494 1493
4 1660 1683 1684 1661
4 1471 1494 1684 1661
4 1472 1662 1685 1495
4 1471 1661 1662 1472
4 1684 1494 1495 1685
4 1471 1472 1495 1494
4 1661 1684 1685 1662
4 1472 1495 1685 1662
4 1473 1663 1686 1496
4 1472 1662 1663 1473
4 1685 1495 1496 1686
4 1472 1473 1496 1495
4 1662 1685 1686 1663
4 1473 1496 1686 1663
4 1474 1664 1687 1497
4 1473 1663 1664 1474
4 1686 1496 1497 1687
4 1473 1474 1497 1496
4 1663 1686 1687 1664
4 1474 1497 1687 1664
4 1475 1665 1688 1498
4 1474 1664 1665 1475
4 1687 1497 1498 1688
4 1474 1475 1498 1497
4 1664 1687 1688 1665
4 1475 1498 1688 1665
4 1476 1666 1689 1499
4 1475 1665 1666 1476
4 1688 1498 1499 1689
4 1475 1476 1499 1498
4 1665 1688 1689 1666
4 1476 1499 1689 1666
4 1477 1667 1690 1500
4 1476 1666 1667 1477
4 1689 1499 1500 1690
4 1476 1477 1500 1499
4 1666 1689 1690 1667
4 1477 1500 1690 1667
4 1478 1668 1691 1501
4 1477 1667 1668 1478
4 1690 1500 1501 1691
4 1477 1478 1501 1500
4 1667 1690 1691 1668
4 1478 1501 1691 1668
4 1479 1669 1692 1502
4 1478 1668 1669 1479
4 1691 1501 1502 1692
4 1478 1479 1502 1501
4 1668 1691 1692 1669
4 1479 1502 1692 1669
4 1480 1670 1693 1503
4 1479 1669 1670 1480
4 1692 1502 1503 1693
4 1479 1480 1503 1502
4 1669 1692 1693 1670
4 1504 1528 1714 1694
4 1505 1695 1715 1529
4 1504 1694 1695 1505
4 1714 1528 1529 1715
4 1504 1505 1529 1528
4 1694 1714 1715 1695
4 1505 1529 1715 1695
4 1506 1696 1716 1530
4 1505 1695 1696 1506
4 1715 1529 1530 1716
4 1505 1506 1530 1529
4 1695 1715 1716 1696
4 1506 1530 1716 1696
4 1507 1697 1717 1531
4 1506 1696 1697 1507
4 1716 1530 1531 1717
4 1506 1507 1531 1530
4 1696 1716 1717 1697
4 1507 1531 1717 1697
4 1508 1698 1718 1532
4 1507 1697 1698 1508
4 1717 1531 1532 1718
4 1507 1508 1532 1531
4 1697 1717 1718 1698
4 1508 1532 1718 1698
4 1509 1699 1719 1533
4 1508 1698 1699 1509
4 1718 1532 1533 1719
4 1508 1509 1533 1532
4 1698 1718 1719 1699
4 1509 1533 1719 1699
4 1510 1700 1720 1534
4 1509 1699 1700 1510
4 1719 1533 1534 1720
4 1509 1510 1534 1533
4 1699 1719 1720 1700
4 1510 1534 1720 1700
4 1511 1701 1721 1535
4 1510 1700 1701 1511
4 1720 1534 1535 1721
4 1510 1511 1535 1534
4 1700 1720 1721 1701
4 1511 1535 1721 1701
4 1512 1702 1722 1536
4 1511 1701 1702 1512
4 1721 1535 1536 1722
4 1511 1512 1536 1535
4 1701 1721 1722 1702
4 1512 1536 1722 1702
4 1513 1703 1723 1537
4 1512 1702 1703 1513
4 1722 1536 1537 1723
4 1512 1513 1537 1536
4 1702 1722 1723 1703
4 1517 1541 1726 1704
4 1518 1705 1727 1542
4 1517 1704 1705 1518
4 1726 1541 1542 1727
4 1517 1518 1542 1541
4 1704 1726 1727 1705
4 1518 1542 1727 1705
4 1519 1706 1728 1543
4 1518 1705 1706 1519
4 1727 1542 1543 1728
4 1518 1519 1543 1542
4 1705 1727 1728 1706
4 1519 1543 1728 1706
4 1520 1707 1729 1544
4 1519 1706 1707 1520
4 1728 1543 1544 1729
4 1519 1520 1544 1543
4 1706 1728 1729 1707
4 1520 1544 1729 1707
4 1521 1708 1730 1545
4 1520 1707 1708 1521
4 1729 1544 1545 1730
4 1520 1521 1545 1544
4 1707 1729 1730 1708
4 1521 1545 1730 1708
4 1522 1709 1731 1546
4 1521 1708 1709 1522
4 1730 1545 1546 1731
4 1521 1522 1546 1545
4 1708 1730 1731 1709
4 1522 1546 1731 1709
4 1523 1710 1732 1547
4 1522 1709 1710 1523
4 1731 1546 1547 1732
4 1522 1523 1547 1546
4 1709 1731 1732 1710
4 1523 1547 1732 1710
4 1524 1711 1733 1548
4 1523 1710 1711 1524
4 1732 1547 1548 1733
4 1523 1524 1548 1547
4 1710 1732 1733 1711
4 1524 1548 1733 1711
4 1525 1712 1734 1549
4 1524 1711 1712 1525
4 1733 1548 1549 1734
4 1524 1525 1549 1548
4 1711 1733 1734 1712
4 1525 1549 1734 1712
4 1526 1713 1735 1550
4 1525 1712 1713 1526
4 1734 1549 1550 1735
4 1525 1526 1550 1549
4 1712 1734 1735 1713
4 1528 1552 1736 1714
4 1529 1715 1737 1553
4 1528 1714 1715 1529
4 1736 1552 1553 1737
4 1528 1529 1553 1552
4 1714 1736 1737 1715
4 1529 1553 1737 1715
4 1530 1716 1738 1554
4 1529 1715 1716 1530
4 1737 1553 1554 1738
4 1529 1530 1554 1553
4 1715 1737 1738 1716
4 1535 1559 1743 1721
4 1536 1722 1744 1560
4 1535 1721 1722 1536
4 1743 1559 1560 1744
4 1535 1536 1560 1559
4 1721 1743 1744 1722
4 1536 1560 1744 1722
4 1537 1723 1745 1561
4 1536 1722 1723 1537
4 1744 1560 1561 1745
4 1536 1537 1561 1560
4 1722 1744 1745 1723
4 1537 1561 1745 1723
4 1538 1724 1746 1562
4 1537 1723 1724 1538
4 1745 1561 1562 1746
4 1537 1538 1562 1561
4 1723 1745 1746 1724
4 1540 1564 1748 1725
4 1541 1726 1749 1565
4 1540 1725 1726 1541
4 1748 1564 1565 1749
4 1540 1541 1565 1564
4 1725 1748 1749 1726
4 1541 1565 1749 1726
4 1542 1727 1750 1566
4 1541 1726 1727 1542
4 1749 1565 1566 1750
4 1541 1542 1566 1565
4 1726 1749 1750 1727
4 1542 1566 1750 1727
4 1543 1728 1751 1567
4 1542 1727 1728 1543
4 1750 1566 1567 1751
4 1542 1543 1567 1566
4 1727 1750 1751 1728
4 1543 1567 1751 1728
4 1544 1729 1752 1568
4 1543 1728 1729 1544
4 1751 1567 1568 1752
4 1543 1544 1568 1567
4 1728 1751 1752 1729
4 1544 1568 1752 1729
4 1545 1730 1753 1569
4 1544 1729 1730 1545
4 1752 1568 1569 1753
4 1544 1545 1569 1568
4 1729 1752 1753 1730
4 1548 1572 1756 1733
4 1549 1734 1757 1573
4 1548 1733 1734 1549
4 1756 1572 1573 1757
4 1548 1549 1573 1572
4 1733 1756 1757 1734
4 1549 1573 1757 1734
4 1550 1735 1758 1574
4 1549 1734 1735 1550
4 1757 1573 1574 1758
4 1549 1550 1574 1573
4 1734 1757 1758 1735
4 1552 1577 1760 1736
4 1553 1737 1761 1578
4 1552 1736 1737 1553
4 1760 1577 1578 1761
4 1552 1553 1578 1577
4 1736 1760 1761 1737
4 1553 1578 1761 1737
4 1554 1738 1762 1579
4 1553 1737 1738 1554
4 1761 1578 1579 1762
4 1553 1554 1579 1578
4 1737 1761 1762 1738
4 1560 1584 1766 1744
4 1561 1745 1767 1585
4 1560 1744 1745 1561
4 1766 1584 1585 1767
4 1560 1561 1585 1584
4 1744 1766 1767 1745
4 1561 1585 1767 1745
4 1562 1746 1768 1586
4 1561 1745 1746 1562
4 1767 1585 1586 1768
4 1561 1562 1586 1585
4 1745 1767 1768 1746
4 1562 1586 1768 1746
4 1563 1747 1769 1587
4 1562 1746 1747 1563
4 1768 1586 1587 1769
4 1562 1563 1587 1586
4 1746 1768 1769 1747
4 1564 1588 1770 1748
4 1565 1749 1771 1589
4 1564 1748 1749 1565
4 1770 1588 1589 1771
4 1564 1565 1589 1588
4 1748 1770 1771 1749
4 1565 1589 1771 1749
4 1566 1750 1772 1590
4 1565 1749 1750 1566
4 1771 1589 1590 1772
4 1565 1566 1590 1589
4 1749 1771 1772 1750
4 1566 1590 1772 1750
4 1567 1751 1773 1591
4 1566 1750 1751 1567
4 1772 1590 1591 1773
4 1566 1567 1591 1590
4 1750 1772 1773 1751
4 1573 1596 1779 1757
4 1574 1758 1780 1597
4 1573 1757 1758 1574
4 1779 1596 1597 1780
4 1573 1574 1597 1596
4 1757 1779 1780 1758
4 1574 1597 1780 1758
4 1575 1759 1781 1598
4 1574 1758 1759 1575
4 1780 1597 1598 1781
4 1574 1575 1598 1597
4 1758 1780 1781 1759
4 1577 1600 1782 1760
4 1578 1761 1783 1601
4 1577 1760 1761 1578
4 1782 1600 1601 1783
4 1577 1578 1601 1600
4 1760 1782 1783 1761
4 1584 1607 1788 1766
4 1585 1767 1789 1608
4 1584 1766 1767 1585
4 1788 1607 1608 1789
4 1584 1585 1608 1607
4 1766 1788 1789 1767
4 1585 1608 1789 1767
4 1586 1768 1790 1609
4 1585 1767 1768 1586
4 1789 1608 1609 1790
4 1585 1586 1609 1608
4 1767 1789 1790 1768
4 1586 1609 1790 1768
4 1587 1769 1791 1610
4 1586 1768 1769 1587
4 1790 1609 1610 1791
4 1586 1587 1610 1609
4 1768 1790 1791 1769
4 1588 1611 1792 1770
4 1589 1771 1793 1612
4 1588 1770 1771 1589
4 1792 1611 1612 1793
4 1588 1589 1612 1611
4 1770 1792 1793 1771
4 1589 1612 1793 1771
4 1590 1772 1794 1613
4 1589 1771 1772 1590
4 1793 1612 1613 1794
4 1589 1590 1613 1612
4 1771 1793 1794 1772
4 1590 1613 1794 1772
4 1591 1773 1795 1614
4 1590 1772 1773 1591
4 1794 1613 1614 1795
4 1590 1591 1614 1613
4 1772 1794 1795 1773
4 1596 1619 1800 1779
4 1597 1780 1801 1620
4 1596 1779 1780 1597
4 1800 1619 1620 1801
4 1596 1597 1620 1619
4 1779 1800 1801 1780
4 1597 1620 1801 1780
4 1598 1781 1802 1621
4 1597 1780 1781 1598
4 1801 1620 1621 1802
4 1597 1598 1621 1620
4 1780 1801 1802 1781
4 1600 1623 1803 1782
4 1601 1783 1804 1624
4 1600 1782 1783 1601
4 1803 1623 1624 1804
4 1600 1601 1624 1623
4 1782 1803 1804 1783
4 1601 1624 1804 1783
4 1602 1784 1805 1625
4 1601 1783 1784 1602
4 1804 1624 1625 1805
4 1601 1602 1625 1624
4 1783 1804 1805 1784
4 1607 1631 1811 1788
4 1608 1789 1812 1632
4 1607 1788 1789 1608
4 1811 1631 1632 1812
4 1607 1608 1632 1631
4 1788 1811 1812 1789
4 1608 1632 1812 1789
4 1609 1790 1813 1633
4 1608 1789 1790 1609
4 1812 1632 1633 1813
4 1608 1609 1633 1632
4 1789 1812 1813 1790
4 1609 1633 1813 1790
4 1610 1791 1814 1634
4 1609 1790 1791 1610
4 1813 1633 1634 1814
4 1609 1610 1634 1633
4 1790 1813 1814 1791
4 1611 1635 1815 1792
4 1612 1793 1816 1636
4 1611 1792 1793 1612
4 1815 1635 1636 1816
4 1611 1612 1636 1635
4 1792 1815 1816 1793
4 1612 1636 1816 1793
4 1613 1794 1817 1637
4 1612 1793 1794 1613
4 1816 1636 1637 1817
4 1612 1613 1637 1636
4 1793 1816 1817 1794
4 1613 1637 1817 1794
4 1614 1795 1818 1638
4 1613 1794 1795 1614
4 1817 1637 1638 1818
4 1613 1614 1638 1637
4 1794 1817 1818 1795
4 1614 1638 1818 1795
4 1615 1796 1819 1639
4 1614 1795 1796 1615
4 1818 1638 1639 1819
4 1614 1615 1639 1638
4 1795 1818 1819 1796
4 1619 1644 1824 1800
4 1620 1801 1825 1645
4 1619 1800 1801 1620
4 1824 1644 1645 1825
4 1619 1620 1645 1644
4 1800 1824 1825 1801
4 1620 1645 1825 1801
4 1621 1802 1826 1646
4 1620 1801 1802 1621
4 1825 1645 1646 1826
4 1620 1621 1646 1645
4 1801 1825 1826 1802
4 1623 1648 1827 1803
4 1624 1804 1828 1649
4 1623 1803 1804 1624
4 1827 1648 1649 1828
4 1623 1624 1649 1648
4 1803 1827 1828 1804
4 1624 1649 1828 1804
4 1625 1805 1829 1650
4 1624 1804 1805 1625
4 1828 1649 1650 1829
4 1624 1625 1650 1649
4 1804 1828 1829 1805
4 1625 1650 1829 1805
4 1626 1806 1830 1651
4 1625 1805 1806 1626
4 1829 1650 1651 1830
4 1625 1626 1651 1650
4 1805 1829 1830 1806
4 1630 1655 1834 1810
4 1631 1811 1835 1656
4 1630 1810 1811 1631
4 1834 1655 1656 1835
4 1630 1631 1656 1655
4 1810 1834 1835 1811
4 1631 1656 1835 1811
4 1632 1812 1836 1657
4 1631 1811 1812 1632
4 1835 1656 1657 1836
4 1631 1632 1657 1656
4 1811 1835 1836 1812
4 1632 1657 1836 1812
4 1633 1813 1837 1658
4 1632 1812 1813 1633
4 1836 1657 1658 1837
4 1632 1633 1658 1657
4 1812 1836 1837 1813
4 1635 1660 1838 1815
4 1636 1816 1839 1661
4 1635 1815 1816 1636
4 1838 1660 1661 1839
4 1635 1636 1661 1660
4 1815 1838 1839 1816
4 1636 1661 1839 1816
4 1637 1817 1840 1662
4 1636 1816 1817 1637
4 1839 1661 1662 1840
4 1636 1637 1662 1661
4 1816 1839 1840 1817
4 1637 1662 1840 1817
4 1638 1818 1841 1663
4 1637 1817 1818 1638
4 1840 1662 1663 1841
4 1637 1638 1663 1662
4 1817 1840 1841 1818
4 1638 1663 1841 1818
4 1639 1819 1842 1664
4 1638 1818 1819 1639
4 1841 1663 1664 1842
4 1638 1639 1664 1663
4 1818 1841 1842 1819
4 1639 1664 1842 1819
4 1640 1820 1843 1665
4 1639 1819 1820 1640
4 1842 1664 1665 1843
4 1639 1640 1665 1664
4 1819 1842 1843 1820
4 1643 1668 1846 1823
4 1644 1824 1847 1669
4 1643 1823 1824 1644
4 1846 1668 1669 1847
4 1643 1644 1669 1668
4 1823 1846 1847 1824
4 1644 1669 1847 1824
4 1645 1825 1848 1670
4 1644 1824 1825 1645
4 1847 1669 1670 1848
4 1644 1645 1670 1669
4 1824 1847 1848 1825
4 1649 1672 1849 1828
4 1650 1829 1850 1673
4 1649 1828 1829 1650
4 1849 1672 1673 1850
4 1649 1650 1673 1672
4 1828 1849 1850 1829
4 1650 1673 1850 1829
4 1651 1830 1851 1674
4 1650 1829 1830 1651
4 1850 1673 1674 1851
4 1650 1651 1674 1673
4 1829 1850 1851 1830
4 1651 1674 1851 1830
4 1652 1831 1852 1675
4 1651 1830 1831 1652
4 1851 1674 1675 1852
4 1651 1652 1675 1674
4 1830 1851 1852 1831
4 1652 1675 1852 1831
4 1653 1832 1853 1676
4 1652 1831 1832 1653
4 1852 1675 1676 1853
4 1652 1653 1676 1675
4 1831 1852 1853 1832
4 1653 1676 1853 1832
4 1654 1833 1854 1677
4 1653 1832 1833 1654
4 1853 1676 1677 1854
4 1653 1654 1677 1676
4 1832 1853 1854 1833
4 1654 1677 1854 1833
4 1655 1834 1855 1678
4 1654 1833 1834 1655
4 1854 1677 1678 1855
4 1654 1655 1678 1677
4 1833 1854 1855 1834
4 1655 1678 1855 1834
4 1656 1835 1856 1679
4 1655 1834 1835 1656
4 1855 1678 1679 1856
4 1655 1656 1679 1678
4 1834 1855 1856 1835
4 1656 1679 1856 1835
4 1657 1836 1857 1680
4 1656 1835 1836 1657
4 1856 1679 1680 1857
4 1656 1657 1680 1679
4 1835 1856 1857 1836
4 1661 1684 1858 1839
4 1662 1840 1859 1685
4 1661 1839 1840 1662
4 1858 1684 1685 1859
4 1661 1662 1685 1684
4 1839 1858 1859 1840
4 1662 1685 1859 1840
4 1663 1841 1860 1686
4 1662 1840 1841 1663
4 1859 1685 1686 1860
4 1662 1663 1686 1685
4 1840 1859 1860 1841
4 1663 1686 1860 1841
4 1664 1842 1861 1687
4 1663 1841 1842 1664
4 1860 1686 1687 1861
4 1663 1664 1687 1686
4 1841 1860 1861 1842
4 1664 1687 1861 1842
4 1665 1843 1862 1688
4 1664 1842 1843 1665
4 1861 1687 1688 1862
4 1664 1665 1688 1687
4 1842 1861 1862 1843
4 1665 1688 1862 1843
4 1666 1844 1863 1689
4 1665 1843 1844 1666
4 1862 1688 1689 1863
4 1665 1666 1689 1688
4 1843 1862 1863 1844
4 1666 1689 1863 1844
4 1667 1845 1864 1690
4 1666 1844 1845 1667
4 1863 1689 1690 1864
4 1666 1667 1690 1689
4 1844 1863 1864 1845
4 1667 1690 1864 1845
4 1668 1846 1865 1691
4 1667 1845 1846 1668
4 1864 1690 1691 1865
4 1667 1668 1691 1690
4 1845 1864 1865 1846
4 1668 1691 1865 1846
4 1669 1847 1866 1692
4 1668 1846 1847 1669
4 1865 1691 1692 1866
4 1668 1669 1692 1691
4 1846 1865 1866 1847
4 1669 1692 1866 1847
4 1670 1848 1867 1693
4 1669 1847 1848 1670
4 1866 1692 1693 1867
4 1669 1670 1693 1692
4 1847 1866 1867 1848
4 1695 1715 1882 1868
4 1696 1869 1883 1716
4 1695 1868 1869 1696
4 1882 1715 1716 1883
4 1695 1696 1716 1715
4 1868 1882 1883 1869
4 1696 1716 1883 1869
4 1697 1870 1884 1717
4 1696 1869 1870 1697
4 1883 1716 1717 1884
4 1696 1697 1717 1716
4 1869 1883 1884 1870
4 1697 1717 1884 1870
4 1698 1871 1885 1718
4 1697 1870 1871 1698
4 1884 1717 1718 1885
4 1697 1698 1718 1717
4 1870 1884 1885 1871
4 1698 1718 1885 1871
4 1699 1872 1886 1719
4 1698 1871 1872 1699
4 1885 1718 1719 1886
4 1698 1699 1719 1718
4 1871 1885 1886 1872
4 1699 1719 1886 1872
4 1700 1873 1887 1720
4 1699 1872 1873 1700
4 1886 1719 1720 1887
4 1699 1700 1720 1719
4 1872 1886 1887 1873
4 1700 1720 1887 1873
4 1701 1874 1888 1721
4 1700 1873 1874 1701
4 1887 1720 1721 1888
4 1700 1701 1721 1720
4 1873 1887 1888 1874
4 1701 1721 1888 1874
4 1702 1875 1889 1722
4 1701 1874 1875 1702
4 1888 1721 1722 1889
4 1701 1702 1722 1721
4 1874 1888 1889 1875
4 1707 1729 1893 1876
4 1708 1877 1894 1730
4 1707 1876 1877 1708
4 1893 1729 1730 1894
4 1707 1708 1730 1729
4 1876 1893 1894 1877
4 1708 1730 1894 1877
4 1709 1878 1895 1731
4 1708 1877 1878 1709
4 1894 1730 1731 1895
4 1708 1709 1731 1730
4 1877 1894 1895 1878
4 1709 1731 1895 1878
4 1710 1879 1896 1732
4 1709 1878 1879 1710
4 1895 1731 1732 1896
4 1709 1710 1732 1731
4 1878 1895 1896 1879
4 1710 1732 1896 1879
4 1711 1880 1897 1733
4 1710 1879 1880 1711
4 1896 1732 1733 1897
4 1710 1711 1733 1732
4 1879 1896 1897 1880
4 1711 1733 1897 1880
4 1712 1881 1898 1734
4 1711 1880 1881 1712
4 1897 1733 1734 1898
4 1711 1712 1734 1733
4 1880 1897 1898 1881
4 1715 1737 1901 1882
4 1716 1883 1902 1738
4 1715 1882 1883 1716
4 1901 1737 1738 1902
4 1715 1716 1738 1737
4 1882 1901 1902 1883
4 1716 1738 1902 1883
4 1717 1884 1903 1739
4 1716 1883 1884 1717
4 1902 1738 1739 1903
4 1716 1717 1739 1738
4 1883 1902 1903 1884
4 1717 1739 1903 1884
4 1718 1885 1904 1740
4 1717 1884 1885 1718
4 1903 1739 1740 1904
4 1717 1718 1740 1739
4 1884 1903 1904 1885
4 1719 1741 1905 1886
4 1720 1887 1906 1742
4 1719 1886 1887 1720
4 1905 1741 1742 1906
4 1719 1720 1742 1741
4 1886 1905 1906 1887
4 1720 1742 1906 1887
4 1721 1888 1907 1743
4 1720 1887 1888 1721
4 1906 1742 1743 1907
4 1720 1721 1743 1742
4 1887 1906 1907 1888
4 1721 1743 1907 1888
4 1722 1889 1908 1744
4 1721 1888 1889 1722
4 1907 1743 1744 1908
4 1721 1722 1744 1743
4 1888 1907 1908 1889
4 1722 1744 1908 1889
4 1723 1890 1909 1745
4 1722 1889 1890 1723
4 1908 1744 1745 1909
4 1722 1723 1745 1744
4 1889 1908 1909 1890
4 1727 1750 1910 1891
4 1728 1892 1911 1751
4 1727 1891 1892 1728
4 1910 1750 1751 1911
4 1727 1728 1751 1750
4 1891 1910 1911 1892
4 1728 1751 1911 1892
4 1729 1893 1912 1752
4 1728 1892 1893 1729
4 1911 1751 1752 1912
4 1728 1729 1752 1751
4 1892 1911 1912 1893
4 1729 1752 1912 1893
4 1730 1894 1913 1753
4 1729 1893 1894 1730
4 1912 1752 1753 1913
4 1729 1730 1753 1752
4 1893 1912 1913 1894
4 1730 1753 1913 1894
4 1731 1895 1914 1754
4 1730 1894 1895 1731
4 1913 1753 1754 1914
4 1730 1731 1754 1753
4 1894 1913 1914 1895
4 1731 1754 1914 1895
4 1732 1896 1915 1755
4 1731 1895 1896 1732
4 1914 1754 1755 1915
4 1731 1732 1755 1754
4 1895 1914 1915 1896
4 1732 1755 1915 1896
4 1733 1897 1916 1756
4 1732 1896 1897 1733
4 1915 1755 1756 1916
4 1732 1733 1756 1755
4 1896 1915 1916 1897
4 1733 1756 1916 1897
4 1734 1898 1917 1757
4 1733 1897 1898 1734
4 1916 1756 1757 1917
4 1733 1734 1757 1756
4 1897 1916 1917 1898
4 1734 1757 1917 1898
4 1735 1899 1918 1758
4 1734 1898 1899 1735
4 1917 1757 1758 1918
4 1734 1735 1758 1757
4 1898 1917 1918 1899
4 1736 1760 1919 1900
4 1737 1901 1920 1761
4 1736 1900 1901 1737
4 1919 1760 1761 1920
4 1736 1737 1761 1760
4 1900 1919 1920 1901
4 1737 1761 1920 1901
4 1738 1902 1921 1762
4 1737 1901 1902 1738
4 1920 1761 1762 1921
4 1737 1738 1762 1761
4 1901 1920 1921 1902
4 1738 1762 1921 1902
4 1739 1903 1922 1763
4 1738 1902 1903 1739
4 1921 1762 1763 1922
4 1738 1739 1763 1762
4 1902 1921 1922 1903
4 1742 1764 1925 1906
4 1743 1907 1926 1765
4 1742 1906 1907 1743
4 1925 1764 1765 1926
4 1742 1743 1765 1764
4 1906 1925 1926 1907
4 1743 1765 1926 1907
4 1744 1908 1927 1766
4 1743 1907 1908 1744
4 1926 1765 1766 1927
4 1743 1744 1766 1765
4 1907 1926 1927 1908
4 1744 1766 1927 1908
4 1745 1909 1928 1767
4 1744 1908 1909 1745
4 1927 1766 1767 1928
4 1744 1745 1767 1766
4 1908 1927 1928 1909
4 1750 1772 1929 1910
4 1751 1911 1930 1773
4 1750 1910 1911 1751
4 1929 1772 1773 1930
4 1750 1751 1773 1772
4 1910 1929 1930 1911
4 1751 1773 1930 1911
4 1752 1912 1931 1774
4 1751 1911 1912 1752
4 1930 1773 1774 1931
4 1751 1752 1774 1773
4 1911 1930 1931 1912
4 1752 1774 1931 1912
4 1753 1913 1932 1775
4 1752 1912 1913 1753
4 1931 1774 1775 1932
4 1752 1753 1775 1774
4 1912 1931 1932 1913
4 1754 1776 1933 1914
4 1755 1915 1934 1777
4 1754 1914 1915 1755
4 1933 1776 1777 1934
4 1754 1755 1777 1776
4 1914 1933 1934 1915
4 1755 1777 1934 1915
4 1756 1916 1935 1778
4 1755 1915 1916 1756
4 1934 1777 1778 1935
4 1755 1756 1778 1777
4 1915 1934 1935 1916
4 1756 1778 1935 1916
4 1757 1917 1936 1779
4 1756 1916 1917 1757
4 1935 1778 1779 1936
4 1756 1757 1779 1778
4 1916 1935 1936 1917
4 1757 1779 1936 1917
4 1758 1918 1937 1780
4 1757 1917 1918 1758
4 1936 1779 1780 1937
4 1757 1758 1780 1779
4 1917 1936 1937 1918
4 1760 1782 1938 1919
4 1761 1920 1939 1783
4 1760 1919 1920 1761
4 1938 1782 1783 1939
4 1760 1761 1783 1782
4 1919 1938 1939 1920
4 1761 1783 1939 1920
4 1762 1921 1940 1784
4 1761 1920 1921 1762
4 1939 1783 1784 1940
4 1761 1762 1784 1783
4 1920 1939 1940 1921
4 1765 1787 1945 1926
4 1766 1927 1946 1788
4 1765 1926 1927 1766
4 1945 1787 1788 1946
4 1765 1766 1788 1787
4 1926 1945 1946 1927
4 1766 1788 1946 1927
4 1767 1928 1947 1789
4 1766 1927 1928 1767
4 1946 1788 1789 1947
4 1766 1767 1789 1788
4 1927 1946 1947 1928
4 1772 1794 1948 1929
4 1773 1930 1949 1795
4 1772 1929 1930 1773
4 1948 1794 1795 1949
4 1772 1773 1795 1794
4 1929 1948 1949 1930
4 1773 1795 1949 1930
4 1774 1931 1950 1796
4 1773 1930 1931 1774
4 1949 1795 1796 1950
4 1773 1774 1796 1795
4 1930 1949 1950 1931
4 1778 1799 1954 1935
4 1779 1936 1955 1800
4 1778 1935 1936 1779
4 1954 1799 1800 1955
4 1778 1779 1800 1799
4 1935 1954 1955 1936
4 1779 1800 1955 1936
4 1780 1937 1956 1801
4 1779 1936 1937 1780
4 1955 1800 1801 1956
4 1779 1780 1801 1800
4 1936 1955 1956 1937
4 1782 1803 1957 1938
4 1783 1939 1958 1804
4 1782 1938 1939 1783
4 1957 1803 1804 1958
4 1782 1783 1804 1803
4 1938 1957 1958 1939
4 1783 1804 1958 1939
4 1784 1940 1959 1805
4 1783 1939 1940 1784
4 1958 1804 1805 1959
4 1783 1784 1805 1804
4 1939 1958 1959 1940
4 1784 1805 1959 1940
4 1785 1941 1960 1806
4 1784 1940 1941 1785
4 1959 1805 1806 1960
4 1784 1785 1806 1805
4 1940 1959 1960 1941
4 1786 1809 1963 1944
4 1787 1945 1964 1810
4 1786 1944 1945 1787
4 1963 1809 1810 1964
4 1786 1787 1810 1809
4 1944 1963 1964 1945
4 1787 1810 1964 1945
4 1788 1946 1965 1811
4 1787 1945 1946 1788
4 1964 1810 1811 1965
4 1787 1788 1811 1810
4 1945 1964 1965 1946
4 1788 1811 1965 1946
4 1789 1947 1966 1812
4 1788 1946 1947 1789
4 1965 1811 1812 1966
4 1788 1789 1812 1811
4 1946 1965 1966 1947
4 1794 1817 1967 1948
4 1795 1949 1968 1818
4 1794 1948 1949 1795
4 1967 1817 1818 1968
4 1794 1795 1818 1817
4 1948 1967 1968 1949
4 1795 1818 1968 1949
4 1796 1950 1969 1819
4 1795 1949 1950 1796
4 1968 1818 1819 1969
4 1795 1796 1819 1818
4 1949 1968 1969 1950
4 1796 1819 1969 1950
4 1797 1951 1970 1820
4 1796 1950 1951 1797
4 1969 1819 1820 1970
4 1796 1797 1820 1819
4 1950 1969 1970 1951
4 1797 1820 1970 1951
4 1798 1952 1971 1821
4 1797 1951 1952 1798
4 1970 1820 1821 1971
4 1797 1798 1821 1820
4 1951 1970 1971 1952
4 1799 1823 1973 1954
4 1800 1955 1974 1824
4 1799 1954 1955 1800
4 1973 1823 1824 1974
4 1799 1800 1824 1823
4 1954 1973 1974 1955
4 1800 1824 1974 1955
4 1801 1956 1975 1825
4 1800 1955 1956 1801
4 1974 1824 1825 1975
4 1800 1801 1825 1824
4 1955 1974 1975 1956
4 1804 1828 1976 1958
4 1805 1959 1977 1829
4 1804 1958 1959 1805
4 1976 1828 1829 1977
4 1804 1805 1829 1828
4 1958 1976 1977 1959
4 1805 1829 1977 1959
4 1806 1960 1978 1830
4 1805 1959 1960 1806
4 1977 1829 1830 1978
4 1805 1806 1830 1829
4 1959 1977 1978 1960
4 1806 1830 1978 1960
4 1807 1961 1979 1831
4 1806 1960 1961 1807
4 1978 1830 1831 1979
4 1806 1807 1831 1830
4 1960 1978 1979 1961
4 1807 1831 1979 1961
4 1808 1962 1980 1832
4 1807 1961 1962 1808
4 1979 1831 1832 1980
4 1807 1808 1832 1831
4 1961 1979 1980 1962
4 1808 1832 1980 1962
4 1809 1963 1981 1833
4 1808 1962 1963 1809
4 1980 1832 1833 1981
4 1808 1809 1833 1832
4 1962 1980 1981 1963
4 1809 1833 1981 1963
4 1810 1964 1982 1834
4 1809 1963 1964 1810
4 1981 1833 1834 1982
4 1809 1810 1834 1833
4 1963 1981 1982 1964
4 1810 1834 1982 1964
4 1811 1965 1983 1835
4 1810 1964 1965 1811
4 1982 1834 1835 1983
4 1810 1811 1835 1834
4 1964 1982 1983 1965
4 1811 1835 1983 1965
4 1812 1966 1984 1836
4 1811 1965 1966 1812
4 1983 1835 1836 1984
4 1811 1812 1836 1835
4 1965 1983 1984 1966
4 1818 1841 1985 1968
4 1819 1969 1986 1842
4 1818 1968 1969 1819
4 1985 1841 1842 1986
4 1818 1819 1842 1841
4 1968 1985 1986 1969
4 1819 1842 1986 1969
4 1820 1970 1987 1843
4 1819 1969 1970 1820
4 1986 1842 1843 1987
4 1819 1820 1843 1842
4 1969 1986 1987 1970
4 1820 1843 1987 1970
4 1821 1971 1988 1844
4 1820 1970 1971 1821
4 1987 1843 1844 1988
4 1820 1821 1844 1843
4 1970 1987 1988 1971
4 1821 1844 1988 1971
4 1822 1972 1989 1845
4 1821 1971 1972 1822
4 1988 1844 1845 1989
4 1821 1822 1845 1844
4 1971 1988 1989 1972
4 1822 1845 1989 1972
4 1823 1973 1990 1846
4 1822 1972 1973 1823
4 1989 1845 1846 1990
4 1822 1823 1846 1845
4 1972 1989 1990 1973
4 1823 1846 1990 1973
4 1824 1974 1991 1847
4 1823 1973 1974 1824
4 1990 1846 1847 1991
4 1823 1824 1847 1846
4 1973 1990 1991 1974
4 1824 1847 1991 1974
4 1825 1975 1992 1848
4 1824 1974 1975 1825
4 1991 1847 1848 1992
4 1824 1825 1848 1847
4 1974 1991 1992 1975
4 1829 1850 1993 1977
4 1830 1978 1994 1851
4 1829 1977 1978 1830
4 1993 1850 1851 1994
4 1829 1830 1851 1850
4 1977 1993 1994 1978
4 1830 1851 1994 1978
4 1831 1979 1995 1852
4 1830 1978 1979 1831
4 1994 1851 1852 1995
4 1830 1831 1852 1851
4 1978 1994 1995 1979
4 1831 1852 1995 1979
4 1832 1980 1996 1853
4 1831 1979 1980 1832
4 1995 1852 1853 1996
4 1831 1832 1853 1852
4 1979 1995 1996 1980
4 1832 1853 1996 1980
4 1833 1981 1997 1854
4 1832 1980 1981 1833
4 1996 1853 1854 1997
4 1832 1833 1854 1853
4 1980 1996 1997 1981
4 1833 1854 1997 1981
4 1834 1982 1998 1855
4 1833 1981 1982 1834
4 1997 1854 1855 1998
4 1833 1834 1855 1854
4 1981 1997 1998 1982
4 1834 1855 1998 1982
4 1835 1983 1999 1856
4 1834 1982 1983 1835
4 1998 1855 1856 1999
4 1834 1835 1856 1855
4 1982 1998 1999 1983
4 1842 1861 2000 1986
4 1843 1987 2001 1862
4 1842 1986 1987 1843
4 2000 1861 1862 2001
4 1842 1843 1862 1861
4 1986 2000 2001 1987
4 1843 1862 2001 1987
4 1844 1988 2002 1863
4 1843 1987 1988 1844
4 2001 1862 1863 2002
4 1843 1844 1863 1862
4 1987 2001 2002 1988
4 1844 1863 2002 1988
4 1845 1989 2003 1864
4 1844 1988 1989 1845
4 2002 1863 1864 2003
4 1844 1845 1864 1863
4 1988 2002 2003 1989
4 1845 1864 2003 1989
4 1846 1990 2004 1865
4 1845 1989 1990 1846
4 2003 1864 1865 2004
4 1845 1846 1865 1864
4 1989 2003 2004 1990
4 1846 1865 2004 1990
4 1847 1991 2005 1866
4 1846 1990 1991 1847
4 2004 1865 1866 2005
4 1846 1847 1866 1865
4 1990 2004 2005 1991
4 1870 1884 2011 2006
4 1871 2007 2012 1885
4 1870 2006 2007 1871
4 2011 1884 1885 2012
4 1870 1871 1885 1884
4 2006 2011 2012 2007
4 1871 1885 2012 2007
4 1872 2008 2013 1886
4 1871 2007 2008 1872
4 2012 1885 1886 2013
4 1871 1872 1886 1885
4 2007 2012 2013 2008
4 1872 1886 2013 2008
4 1873 2009 2014 1887
4 1872 2008 2009 1873
4 2013 1886 1887 2014
4 1872 1873 1887 1886
4 2008 2013 2014 2009
4 1883 1902 2022 2010
4 1884 2011 2023 1903
4 1883 2010 2011 1884
4 2022 1902 1903 2023
4 1883 1884 1903 1902
4 2010 2022 2023 2011
4 1884 1903 2023 2011
4 1885 2012 2024 1904
4 1884 2011 2012 1885
4 2023 1903 1904 2024
4 1884 1885 1904 1903
4 2011 2023 2024 2012
4 1885 1904 2024 2012
4 1886 2013 2025 1905
4 1885 2012 2013 1886
4 2024 1904 1905 2025
4 1885 1886 1905 1904
4 2012 2024 2025 2013
4 1886 1905 2025 2013
4 1887 2014 2026 1906
4 1886 2013 2014 1887
4 2025 1905 1906 2026
4 1886 1887 1906 1905
4 2013 2025 2026 2014
4 1887 1906 2026 2014
4 1888 2015 2027 1907
4 1887 2014 2015 1888
4 2026 1906 1907 2027
4 1887 1888 1907 1906
4 2014 2026 2027 2015
4 1888 1907 2027 2015
4 1889 2016 2028 1908
4 1888 2015 2016 1889
4 2027 1907 1908 2028
4 1888 1889 1908 1907
4 2015 2027 2028 2016
4 1893 1912 2030 2017
4 1894 2018 2031 1913
4 1893 2017 2018 1894
4 2030 1912 1913 2031
4 1893 1894 1913 1912
4 2017 2030 2031 2018
4 1894 1913 2031 2018
4 1895 2019 2032 1914
4 1894 2018 2019 1895
4 2031 1913 1914 2032
4 1894 1895 1914 1913
4 2018 2031 2032 2019
4 1895 1914 2032 2019
4 1896 2020 2033 1915
4 1895 2019 2020 1896
4 2032 1914 1915 2033
4 1895 1896 1915 1914
4 2019 2032 2033 2020
4 1901 1920 2036 2021
4 1902 2022 2037 1921
4 1901 2021 2022 1902
4 2036 1920 1921 2037
4 1901 1902 1921 1920
4 2021 2036 2037 2022
4 1902 1921 2037 2022
4 1903 2023 2038 1922
4 1902 2022 2023 1903
4 2037 1921 1922 2038
4 1902 1903 1922 1921
4 2022 2037 2038 2023
4 1903 1922 2038 2023
4 1904 2024 2039 1923
4 1903 2023 2024 1904
4 2038 1922 1923 2039
4 1903 1904 1923 1922
4 2023 2038 2039 2024
4 1904 1923 2039 2024
4 1905 2025 2040 1924
4 1904 2024 2025 1905
4 2039 1923 1924 2040
4 1904 1905 1924 1923
4 2024 2039 2040 2025
4 1905 1924 2040 2025
4 1906 2026 2041 1925
4 1905 2025 2026 1906
4 2040 1924 1925 2041
4 1905 1906 1925 1924
4 2025 2040 2041 2026
4 1906 1925 2041 2026
4 1907 2027 2042 1926
4 1906 2026 2027 1907
4 2041 1925 1926 2042
4 1906 1907 1926 1925
4 2026 2041 2042 2027
4 1907 1926 2042 2027
4 1908 2028 2043 1927
4 1907 2027 2028 1908
4 2042 1926 1927 2043
4 1907 1908 1927 1926
4 2027 2042 2043 2028
4 1911 1930 2044 2029
4 1912 2030 2045 1931
4 1911 2029 2030 1912
4 2044 1930 1931 2045
4 1911 1912 1931 1930
4 2029 2044 2045 2030
4 1912 1931 2045 2030
4 1913 2031 2046 1932
4 1912 2030 2031 1913
4 2045 1931 1932 2046
4 1912 1913 1932 1931
4 2030 2045 2046 2031
4 1913 1932 2046 2031
4 1914 2032 2047 1933
4 1913 2031 2032 1914
4 2046 1932 1933 2047
4 1913 1914 1933 1932
4 2031 2046 2047 2032
4 1914 1933 2047 2032
4 1915 2033 2048 1934
4 1914 2032 2033 1915
4 2047 1933 1934 2048
4 1914 1915 1934 1933
4 2032 2047 2048 2033
4 1915 1934 2048 2033
4 1916 2034 2049 1935
4 1915 2033 2034 1916
4 2048 1934 1935 2049
4 1915 1916 1935 1934
4 2033 2048 2049 2034
4 1916 1935 2049 2034
4 1917 2035 2050 1936
4 1916 2034 2035 1917
4 2049 1935 1936 2050
4 1916 1917 1936 1935
4 2034 2049 2050 2035
4 1920 1939 2051 2036
4 1921 2037 2052 1940
4 1920 2036 2037 1921
4 2051 1939 1940 2052
4 1920 1921 1940 1939
4 2036 2051 2052 2037
4 1921 1940 2052 2037
4 1922 2038 2053 1941
4 1921 2037 2038 1922
4 2052 1940 1941 2053
4 1921 1922 1941 1940
4 2037 2052 2053 2038
4 1922 1941 2053 2038
4 1923 2039 2054 1942
4 1922 2038 2039 1923
4 2053 1941 1942 2054
4 1922 1923 1942 1941
4 2038 2053 2054 2039
4 1923 1942 2054 2039
4 1924 2040 2055 1943
4 1923 2039 2040 1924
4 2054 1942 1943 2055
4 1923 1924 1943 1942
4 2039 2054 2055 2040
4 1924 1943 2055 2040
4 1925 2041 2056 1944
4 1924 2040 2041 1925
4 2055 1943 1944 2056
4 1924 1925 1944 1943
4 2040 2055 2056 2041
4 1925 1944 2056 2041
4 1926 2042 2057 1945
4 1925 2041 2042 1926
4 2056 1944 1945 2057
4 1925 1926 1945 1944
4 2041 2056 2057 2042
4 1926 1945 2057 2042
4 1927 2043 2058 1946
4 1926 2042 2043 1927
4 2057 1945 1946 2058
4 1926 1927 1946 1945
4 2042 2057 2058 2043
4 1930 1949 2059 2044
4 1931 2045 2060 1950
4 1930 2044 2045 1931
4 2059 1949 1950 2060
4 1930 1931 1950 1949
4 2044 2059 2060 2045
4 1931 1950 2060 2045
4 1932 2046 2061 1951
4 1931 2045 2046 1932
4 2060 1950 1951 2061
4 1931 1932 1951 1950
4 2045 2060 2061 2046
4 1932 1951 2061 2046
4 1933 2047 2062 1952
4 1932 2046 2047 1933
4 2061 1951 1952 2062
4 1932 1933 1952 1951
4 2046 2061 2062 2047
4 1933 1952 2062 2047
4 1934 2048 2063 1953
4 1933 2047 2048 1934
4 2062 1952 1953 2063
4 1933 1934 1953 1952
4 2047 2062 2063 2048
4 1934 1953 2063 2048
4 1935 2049 2064 1954
4 1934 2048 2049 1935
4 2063 1953 1954 2064
4 1934 1935 1954 1953
4 2048 2063 2064 2049
4 1935 1954 2064 2049
4 1936 2050 2065 1955
4 1935 2049 2050 1936
4 2064 1954 1955 2065
4 1935 1936 1955 1954
4 2049 2064 2065 2050
4 1939 1958 2066 2051
4 1940 2052 2067 1959
4 1939 2051 2052 1940
4 2066 1958 1959 2067
4 1939 1940 1959 1958
4 2051 2066 2067 2052
4 1940 1959 2067 2052
4 1941 2053 2068 1960
4 1940 2052 2053 1941
4 2067 1959 1960 2068
4 1940 1941 1960 1959
4 2052 2067 2068 2053
4 1941 1960 2068 2053
4 1942 2054 2069 1961
4 1941 2053 2054 1942
4 2068 1960 1961 2069
4 1941 1942 1961 1960
4 2053 2068 2069 2054
4 1942 1961 2069 2054
4 1943 2055 2070 1962
4 1942 2054 2055 1943
4 2069 1961 1962 2070
4 1942 1943 1962 1961
4 2054 2069 2070 2055
4 1943 1962 2070 2055
4 1944 2056 2071 1963
4 1943 2055 2056 1944
4 2070 1962 1963 2071
4 1943 1944 1963 1962
4 2055 2070 2071 2056
4 1944 1963 2071 2056
4 1945 2057 2072 1964
4 1944 2056 2057 1945
4 2071 1963 1964 2072
4 1944 1945 1964 1963
4 2056 2071 2072 2057
4 1945 1964 2072 2057
4 1946 2058 2073 1965
4 1945 2057 2058 1946
4 2072 1964 1965 2073
4 1945 1946 1965 1964
4 2057 2072 2073 2058
4 1949 1968 2074 2059
4 1950 2060 2075 1969
4 1949 2059 2060 1950
4 2074 1968 1969 2075
4 1949 1950 1969 1968
4 2059 2074 2075 2060
4 1950 1969 2075 2060
4 1951 2061 2076 1970
4 1950 2060 2061 1951
4 2075 1969 1970 2076
4 1950 1951 1970 1969
4 2060 2075 2076 2061
4 1951 1970 2076 2061
4 1952 2062 2077 1971
4 1951 2061 2062 1952
4 2076 1970 1971 2077
4 1951 1952 1971 1970
4 2061 2076 2077 2062
4 1952 1971 2077 2062
4 1953 2063 2078 1972
4 1952 2062 2063 1953
4 2077 1971 1972 2078
4 1952 1953 1972 1971
4 2062 2077 2078 2063
4 1953 1972 2078 2063
4 1954 2064 2079 1973
4 1953 2063 2064 1954
4 2078 1972 1973 2079
4 1953 1954 1973 1972
4 2063 2078 2079 2064
4 1954 1973 2079 2064
4 1955 2065 2080 1974
4 1954 2064 2065 1955
4 2079 1973 1974 2080
4 1954 1955 1974 1973
4 2064 2079 2080 2065
4 1959 1977 2081 2067
4 1960 2068 2082 1978
4 1959 2067 2068 1960
4 2081 1977 1978 2082
4 1959 1960 1978 1977
4 2067 2081 2082 2068
4 1960 1978 2082 2068
4 1961 2069 2083 1979
4 1960 2068 2069 1961
4 2082 1978 1979 2083
4 1960 1961 1979 1978
4 2068 2082 2083 2069
4 1961 1979 2083 2069
4 1962 2070 2084 1980
4 1961 2069 2070 1962
4 2083 1979 1980 2084
4 1961 1962 1980 1979
4 2069 2083 2084 2070
4 1962 1980 2084 2070
4 1963 2071 2085 1981
4 1962 2070 2071 1963
4 2084 1980 1981 2085
4 1962 1963 1981 1980
4 2070 2084 2085 2071
4 1963 1981 2085 2071
4 1964 2072 2086 1982
4 1963 2071 2072 1964
4 2085 1981 1982 2086
4 1963 1964 1982 1981
4 2071 2085 2086 2072
4 1970 1987 2087 2076
4 1971 2077 2088 1988
4 1970 2076 2077 1971
4 2087 1987 1988 2088
4 1970 1971 1988 1987
4 2076 2087 2088 2077
4 1971 1988 2088 2077
4 1972 2078 2089 1989
4 1971 2077 2078 1972
4 2088 1988 1989 2089
4 1971 1972 1989 1988
4 2077 2088 2089 2078
4 1972 1989 2089 2078
4 1973 2079 2090 1990
4 1972 2078 2079 1973
4 2089 1989 1990 2090
4 1972 1973 1990 1989
4 2078 2089 2090 2079
4 1973 1990 2090 2079
4 1974 2080 2091 1991
4 1973 2079 2080 1974
4 2090 1990 1991 2091
4 1973 1974 1991 1990
4 2079 2090 2091 2080
4 2023 2038 2094 2092
4 2024 2093 2095 2039
4 2023 2092 2093 2024
4 2094 2038 2039 2095
4 2023 2024 2039 2038
4 2092 2094 2095 2093
4 2038 2053 2096 2094
4 2039 2095 2097 2054
4 2038 2094 2095 2039
4 2096 2053 2054 2097
4 2038 2039 2054 2053
4 2094 2096 2097 2095
