ply
format ascii 1.0
element vertex 2530
property float x
property float y
property float z
element face 7836
property list uchar int vertex_indices
end_header
-0.600000 -0.225000 0.225000
-0.600000 -0.225000 0.300000
-0.600000 -0.225000 0.375000
-0.600000 -0.225000 0.450000
-0.600000 -0.150000 0.150000
-0.600000 -0.150000 0.225000
-0.600000 -0.150000 0.300000
-0.600000 -0.150000 0.375000
-0.600000 -0.150000 0.450000
-0.600000 -0.075000 0.150000
-0.600000 -0.075000 0.225000
-0.600000 -0.075000 0.300000
-0.600000 -0.075000 0.375000
-0.600000 -0.075000 0.450000
-0.600000 0.000000 0.150000
-0.600000 0.000000 0.225000
-0.600000 0.000000 0.300000
-0.600000 0.000000 0.375000
-0.600000 0.000000 0.450000
-0.600000 0.075000 0.150000
-0.600000 0.075000 0.225000
-0.600000 0.075000 0.300000
-0.600000 0.075000 0.375000
-0.600000 0.075000 0.450000
-0.525000 -0.300000 0.150000
-0.525000 -0.300000 0.225000
-0.525000 -0.300000 0.300000
-0.525000 -0.300000 0.375000
-0.525000 -0.300000 0.450000
-0.525000 -0.225000 0.000000
-0.525000 -0.225000 0.075000
-0.525000 -0.225000 0.150000
-0.525000 -0.225000 0.225000
-0.525000 -0.225000 0.300000
-0.525000 -0.225000 0.375000
-0.525000 -0.225000 0.450000
-0.525000 -0.225000 0.525000
-0.525000 -0.150000 -0.075000
-0.525000 -0.150000 0.000000
-0.525000 -0.150000 0.075000
-0.525000 -0.150000 0.150000
-0.525000 -0.150000 0.225000
-0.525000 -0.150000 0.300000
-0.525000 -0.150000 0.375000
-0.525000 -0.150000 0.450000
-0.525000 -0.150000 0.525000
-0.525000 -0.150000 0.600000
-0.525000 -0.075000 -0.600000
-0.525000 -0.075000 -0.525000
-0.525000 -0.075000 -0.450000
-0.525000 -0.075000 -0.375000
-0.525000 -0.075000 -0.075000
-0.525000 -0.075000 0.000000
-0.525000 -0.075000 0.075000
-0.525000 -0.075000 0.150000
-0.525000 -0.075000 0.225000
-0.525000 -0.075000 0.300000
-0.525000 -0.075000 0.375000
-0.525000 -0.075000 0.450000
-0.525000 -0.075000 0.525000
-0.525000 -0.075000 0.600000
-0.525000 0.000000 -0.600000
-0.525000 0.000000 -0.525000
-0.525000 0.000000 -0.450000
-0.525000 0.000000 -0.375000
-0.525000 0.000000 -0.075000
-0.525000 0.000000 0.000000
-0.525000 0.000000 0.075000
-0.525000 0.000000 0.150000
-0.525000 0.000000 0.225000
-0.525000 0.000000 0.300000
-0.525000 0.000000 0.375000
-0.525000 0.000000 0.450000
-0.525000 0.000000 0.525000
-0.525000 0.000000 0.600000
-0.525000 0.075000 -0.600000
-0.525000 0.075000 -0.525000
-0.525000 0.075000 -0.450000
-0.525000 0.075000 -0.375000
-0.525000 0.075000 -0.075000
-0.525000 0.075000 0.000000
-0.525000 0.075000 0.075000
-0.525000 0.075000 0.150000
-0.525000 0.075000 0.225000
-0.525000 0.075000 0.300000
-0.525000 0.075000 0.375000
-0.525000 0.075000 0.450000
-0.525000 0.075000 0.525000
-0.525000 0.075000 0.600000
-0.525000 0.150000 0.000000
-0.525000 0.150000 0.075000
-0.525000 0.150000 0.150000
-0.525000 0.150000 0.225000
-0.525000 0.150000 0.300000
-0.525000 0.150000 0.375000
-0.525000 0.150000 0.450000
-0.525000 0.150000 0.525000
-0.525000 0.225000 0.150000
-0.525000 0.225000 0.225000
-0.525000 0.225000 0.300000
-0.525000 0.225000 0.375000
-0.525000 0.225000 0.450000
-0.450000 -0.300000 -0.750000
-0.450000 -0.300000 -0.675000
-0.450000 -0.300000 -0.600000
-0.450000 -0.300000 -0.525000
-0.450000 -0.300000 -0.450000
-0.450000 -0.300000 -0.375000
-0.450000 -0.300000 -0.300000
-0.450000 -0.300000 -0.075000
-0.450000 -0.300000 0.000000
-0.450000 -0.300000 0.075000
-0.450000 -0.300000 0.150000
-0.450000 -0.300000 0.225000
-0.450000 -0.300000 0.300000
-0.450000 -0.300000 0.375000
-0.450000 -0.300000 0.450000
-0.450000 -0.300000 0.525000
-0.450000 -0.225000 -0.825000
-0.450000 -0.225000 -0.750000
-0.450000 -0.225000 -0.675000
-0.450000 -0.225000 -0.600000
-0.450000 -0.225000 -0.525000
-0.450000 -0.225000 -0.450000
-0.450000 -0.225000 -0.375000
-0.450000 -0.225000 -0.300000
-0.450000 -0.225000 -0.225000
-0.450000 -0.225000 -0.150000
-0.450000 -0.225000 -0.075000
-0.450000 -0.225000 0.000000
-0.450000 -0.225000 0.075000
-0.450000 -0.225000 0.150000
-0.450000 -0.225000 0.225000
-0.450000 -0.225000 0.300000
-0.450000 -0.225000 0.375000
-0.450000 -0.225000 0.450000
-0.450000 -0.225000 0.525000
-0.450000 -0.225000 0.600000
-0.450000 -0.150000 -0.825000
-0.450000 -0.150000 -0.750000
-0.450000 -0.150000 -0.675000
-0.450000 -0.150000 -0.600000
-0.450000 -0.150000 -0.525000
-0.450000 -0.150000 -0.450000
-0.450000 -0.150000 -0.375000
-0.450000 -0.150000 -0.300000
-0.450000 -0.150000 -0.225000
-0.450000 -0.150000 -0.150000
-0.450000 -0.150000 -0.075000
-0.450000 -0.150000 0.000000
-0.450000 -0.150000 0.075000
-0.450000 -0.150000 0.150000
-0.450000 -0.150000 0.225000
-0.450000 -0.150000 0.300000
-0.450000 -0.150000 0.375000
-0.450000 -0.150000 0.450000
-0.450000 -0.150000 0.525000
-0.450000 -0.150000 0.600000
-0.450000 -0.150000 0.675000
-0.450000 -0.075000 -0.825000
-0.450000 -0.075000 -0.750000
-0.450000 -0.075000 -0.675000
-0.450000 -0.075000 -0.600000
-0.450000 -0.075000 -0.525000
-0.450000 -0.075000 -0.450000
-0.450000 -0.075000 -0.375000
-0.450000 -0.075000 -0.300000
-0.450000 -0.075000 -0.225000
-0.450000 -0.075000 -0.150000
-0.450000 -0.075000 -0.075000
-0.450000 -0.075000 0.000000
-0.450000 -0.075000 0.075000
-0.450000 -0.075000 0.150000
-0.450000 -0.075000 0.225000
-0.450000 -0.075000 0.300000
-0.450000 -0.075000 0.375000
-0.450000 -0.075000 0.450000
-0.450000 -0.075000 0.525000
-0.450000 -0.075000 0.600000
-0.450000 -0.075000 0.675000
-0.450000 0.000000 -0.825000
-0.450000 0.000000 -0.750000
-0.450000 0.000000 -0.675000
-0.450000 0.000000 -0.600000
-0.450000 0.000000 -0.525000
-0.450000 0.000000 -0.450000
-0.450000 0.000000 -0.375000
-0.450000 0.000000 -0.300000
-0.450000 0.000000 -0.225000
-0.450000 0.000000 -0.150000
-0.450000 0.000000 -0.075000
-0.450000 0.000000 0.000000
-0.450000 0.000000 0.075000
-0.450000 0.000000 0.150000
-0.450000 0.000000 0.225000
-0.450000 0.000000 0.300000
-0.450000 0.000000 0.375000
-0.450000 0.000000 0.450000
-0.450000 0.000000 0.525000
-0.450000 0.000000 0.600000
-0.450000 0.000000 0.675000
-0.450000 0.075000 -0.825000
-0.450000 0.075000 -0.750000
-0.450000 0.075000 -0.675000
-0.450000 0.075000 -0.600000
-0.450000 0.075000 -0.525000
-0.450000 0.075000 -0.450000
-0.450000 0.075000 -0.375000
-0.450000 0.075000 -0.300000
-0.450000 0.075000 -0.225000
-0.450000 0.075000 -0.150000
-0.450000 0.075000 -0.075000
-0.450000 0.075000 0.000000
-0.450000 0.075000 0.075000
-0.450000 0.075000 0.150000
-0.450000 0.075000 0.225000
-0.450000 0.075000 0.300000
-0.450000 0.075000 0.375000
-0.450000 0.075000 0.450000
-0.450000 0.075000 0.525000
-0.450000 0.075000 0.600000
-0.450000 0.075000 0.675000
-0.450000 0.150000 -0.825000
-0.450000 0.150000 -0.750000
-0.450000 0.150000 -0.675000
-0.450000 0.150000 -0.600000
-0.450000 0.150000 -0.525000
-0.450000 0.150000 -0.450000
-0.450000 0.150000 -0.375000
-0.450000 0.150000 -0.300000
-0.450000 0.150000 -0.225000
-0.450000 0.150000 -0.150000
-0.450000 0.150000 -0.075000
-0.450000 0.150000 0.000000
-0.450000 0.150000 0.075000
-0.450000 0.150000 0.150000
-0.450000 0.150000 0.225000
-0.450000 0.150000 0.300000
-0.450000 0.150000 0.375000
-0.450000 0.150000 0.450000
-0.450000 0.150000 0.525000
-0.450000 0.150000 0.600000
-0.450000 0.225000 -0.675000
-0.450000 0.225000 -0.600000
-0.450000 0.225000 -0.525000
-0.450000 0.225000 -0.450000
-0.450000 0.225000 -0.375000
-0.450000 0.225000 -0.300000
-0.450000 0.225000 0.000000
-0.450000 0.225000 0.075000
-0.450000 0.225000 0.150000
-0.450000 0.225000 0.225000
-0.450000 0.225000 0.300000
-0.450000 0.225000 0.375000
-0.450000 0.225000 0.450000
-0.450000 0.225000 0.525000
-0.375000 -0.300000 -0.825000
-0.375000 -0.300000 -0.750000
-0.375000 -0.300000 -0.675000
-0.375000 -0.300000 -0.600000
-0.375000 -0.300000 -0.525000
-0.375000 -0.300000 -0.450000
-0.375000 -0.300000 -0.375000
-0.375000 -0.300000 -0.300000
-0.375000 -0.300000 -0.225000
-0.375000 -0.300000 -0.150000
-0.375000 -0.300000 -0.075000
-0.375000 -0.300000 0.000000
-0.375000 -0.300000 0.075000
-0.375000 -0.300000 0.150000
-0.375000 -0.300000 0.225000
-0.375000 -0.300000 0.300000
-0.375000 -0.300000 0.375000
-0.375000 -0.300000 0.450000
-0.375000 -0.300000 0.525000
-0.375000 -0.300000 0.600000
-0.375000 -0.225000 -0.900000
-0.375000 -0.225000 -0.825000
-0.375000 -0.225000 -0.750000
-0.375000 -0.225000 -0.675000
-0.375000 -0.225000 -0.600000
-0.375000 -0.225000 -0.525000
-0.375000 -0.225000 -0.450000
-0.375000 -0.225000 -0.375000
-0.375000 -0.225000 -0.300000
-0.375000 -0.225000 -0.225000
-0.375000 -0.225000 -0.150000
-0.375000 -0.225000 -0.075000
-0.375000 -0.225000 0.000000
-0.375000 -0.225000 0.075000
-0.375000 -0.225000 0.150000
-0.375000 -0.225000 0.225000
-0.375000 -0.225000 0.300000
-0.375000 -0.225000 0.375000
-0.375000 -0.225000 0.450000
-0.375000 -0.225000 0.525000
-0.375000 -0.225000 0.600000
-0.375000 -0.225000 0.675000
-0.375000 -0.150000 -0.900000
-0.375000 -0.150000 -0.825000
-0.375000 -0.150000 -0.750000
-0.375000 -0.150000 -0.675000
-0.375000 -0.150000 -0.600000
-0.375000 -0.150000 -0.525000
-0.375000 -0.150000 -0.450000
-0.375000 -0.150000 -0.375000
-0.375000 -0.150000 -0.300000
-0.375000 -0.150000 -0.225000
-0.375000 -0.150000 -0.150000
-0.375000 -0.150000 -0.075000
-0.375000 -0.150000 0.000000
-0.375000 -0.150000 0.075000
-0.375000 -0.150000 0.150000
-0.375000 -0.150000 0.225000
-0.375000 -0.150000 0.375000
-0.375000 -0.150000 0.450000
-0.375000 -0.150000 0.525000
-0.375000 -0.150000 0.600000
-0.375000 -0.150000 0.675000
-0.375000 -0.075000 -0.900000
-0.375000 -0.075000 -0.825000
-0.375000 -0.075000 -0.750000
-0.375000 -0.075000 -0.675000
-0.375000 -0.075000 -0.600000
-0.375000 -0.075000 -0.525000
-0.375000 -0.075000 -0.450000
-0.375000 -0.075000 -0.375000
-0.375000 -0.075000 -0.300000
-0.375000 -0.075000 -0.225000
-0.375000 -0.075000 -0.150000
-0.375000 -0.075000 -0.075000
-0.375000 -0.075000 0.000000
-0.375000 -0.075000 0.075000
-0.375000 -0.075000 0.450000
-0.375000 -0.075000 0.525000
-0.375000 -0.075000 0.600000
-0.375000 -0.075000 0.675000
-0.375000 0.000000 -0.900000
-0.375000 0.000000 -0.825000
-0.375000 0.000000 -0.750000
-0.375000 0.000000 -0.675000
-0.375000 0.000000 -0.600000
-0.375000 0.000000 -0.525000
-0.375000 0.000000 -0.450000
-0.375000 0.000000 -0.375000
-0.375000 0.000000 -0.300000
-0.375000 0.000000 -0.225000
-0.375000 0.000000 -0.150000
-0.375000 0.000000 -0.075000
-0.375000 0.000000 0.000000
-0.375000 0.000000 0.075000
-0.375000 0.000000 0.525000
-0.375000 0.000000 0.600000
-0.375000 0.000000 0.675000
-0.375000 0.075000 -0.900000
-0.375000 0.075000 -0.825000
-0.375000 0.075000 -0.750000
-0.375000 0.075000 -0.675000
-0.375000 0.075000 -0.600000
-0.375000 0.075000 -0.525000
-0.375000 0.075000 -0.450000
-0.375000 0.075000 -0.375000
-0.375000 0.075000 -0.300000
-0.375000 0.075000 -0.225000
-0.375000 0.075000 -0.150000
-0.375000 0.075000 -0.075000
-0.375000 0.075000 0.000000
-0.375000 0.075000 0.075000
-0.375000 0.075000 0.150000
-0.375000 0.075000 0.225000
-0.375000 0.075000 0.375000
-0.375000 0.075000 0.450000
-0.375000 0.075000 0.525000
-0.375000 0.075000 0.600000
-0.375000 0.075000 0.675000
-0.375000 0.150000 -0.900000
-0.375000 0.150000 -0.825000
-0.375000 0.150000 -0.750000
-0.375000 0.150000 -0.675000
-0.375000 0.150000 -0.600000
-0.375000 0.150000 -0.525000
-0.375000 0.150000 -0.450000
-0.375000 0.150000 -0.375000
-0.375000 0.150000 -0.300000
-0.375000 0.150000 -0.225000
-0.375000 0.150000 -0.150000
-0.375000 0.150000 -0.075000
-0.375000 0.150000 0.000000
-0.375000 0.150000 0.075000
-0.375000 0.150000 0.150000
-0.375000 0.150000 0.225000
-0.375000 0.150000 0.300000
-0.375000 0.150000 0.375000
-0.375000 0.150000 0.450000
-0.375000 0.150000 0.525000
-0.375000 0.150000 0.600000
-0.375000 0.150000 0.675000
-0.375000 0.225000 -0.825000
-0.375000 0.225000 -0.750000
-0.375000 0.225000 -0.675000
-0.375000 0.225000 -0.600000
-0.375000 0.225000 -0.525000
-0.375000 0.225000 -0.450000
-0.375000 0.225000 -0.375000
-0.375000 0.225000 -0.300000
-0.375000 0.225000 -0.225000
-0.375000 0.225000 -0.150000
-0.375000 0.225000 -0.075000
-0.375000 0.225000 0.000000
-0.375000 0.225000 0.075000
-0.375000 0.225000 0.150000
-0.375000 0.225000 0.225000
-0.375000 0.225000 0.300000
-0.375000 0.225000 0.375000
-0.375000 0.225000 0.450000
-0.375000 0.225000 0.525000
-0.375000 0.225000 0.600000
-0.300000 -0.375000 -0.225000
-0.300000 -0.375000 -0.150000
-0.300000 -0.375000 -0.075000
-0.300000 -0.375000 0.000000
-0.300000 -0.300000 -0.900000
-0.300000 -0.300000 -0.825000
-0.300000 -0.300000 -0.750000
-0.300000 -0.300000 -0.675000
-0.300000 -0.300000 -0.600000
-0.300000 -0.300000 -0.525000
-0.300000 -0.300000 -0.450000
-0.300000 -0.300000 -0.375000
-0.300000 -0.300000 -0.300000
-0.300000 -0.300000 -0.225000
-0.300000 -0.300000 -0.150000
-0.300000 -0.300000 -0.075000
-0.300000 -0.300000 0.000000
-0.300000 -0.300000 0.075000
-0.300000 -0.300000 0.150000
-0.300000 -0.300000 0.225000
-0.300000 -0.300000 0.300000
-0.300000 -0.300000 0.375000
-0.300000 -0.300000 0.450000
-0.300000 -0.300000 0.525000
-0.300000 -0.300000 0.600000
-0.300000 -0.300000 0.675000
-0.300000 -0.225000 -0.900000
-0.300000 -0.225000 -0.825000
-0.300000 -0.225000 -0.750000
-0.300000 -0.225000 -0.675000
-0.300000 -0.225000 -0.600000
-0.300000 -0.225000 -0.525000
-0.300000 -0.225000 -0.450000
-0.300000 -0.225000 -0.375000
-0.300000 -0.225000 -0.300000
-0.300000 -0.225000 -0.225000
-0.300000 -0.225000 -0.150000
-0.300000 -0.225000 -0.075000
-0.300000 -0.225000 0.000000
-0.300000 -0.225000 0.075000
-0.300000 -0.225000 0.150000
-0.300000 -0.225000 0.225000
-0.300000 -0.225000 0.300000
-0.300000 -0.225000 0.375000
-0.300000 -0.225000 0.450000
-0.300000 -0.225000 0.525000
-0.300000 -0.225000 0.600000
-0.300000 -0.225000 0.675000
-0.300000 -0.150000 -0.975000
-0.300000 -0.150000 -0.900000
-0.300000 -0.150000 -0.825000
-0.300000 -0.150000 -0.750000
-0.300000 -0.150000 -0.675000
-0.300000 -0.150000 -0.600000
-0.300000 -0.150000 -0.525000
-0.300000 -0.150000 -0.450000
-0.300000 -0.150000 -0.375000
-0.300000 -0.150000 -0.300000
-0.300000 -0.150000 -0.225000
-0.300000 -0.150000 -0.150000
-0.300000 -0.150000 -0.075000
-0.300000 -0.150000 0.000000
-0.300000 -0.150000 0.075000
-0.300000 -0.150000 0.150000
-0.300000 -0.150000 0.225000
-0.300000 -0.150000 0.300000
-0.300000 -0.150000 0.375000
-0.300000 -0.150000 0.450000
-0.300000 -0.150000 0.525000
-0.300000 -0.150000 0.600000
-0.300000 -0.150000 0.675000
-0.300000 -0.075000 -0.975000
-0.300000 -0.075000 -0.900000
-0.300000 -0.075000 -0.825000
-0.300000 -0.075000 -0.750000
-0.300000 -0.075000 0.150000
-0.300000 -0.075000 0.225000
-0.300000 -0.075000 0.300000
-0.300000 -0.075000 0.375000
-0.300000 -0.075000 0.525000
-0.300000 -0.075000 0.600000
-0.300000 -0.075000 0.675000
-0.300000 0.000000 -0.975000
-0.300000 0.000000 -0.900000
-0.300000 0.000000 -0.825000
-0.300000 0.000000 -0.750000
-0.300000 0.000000 0.150000
-0.300000 0.000000 0.225000
-0.300000 0.000000 0.300000
-0.300000 0.000000 0.375000
-0.300000 0.000000 0.525000
-0.300000 0.000000 0.600000
-0.300000 0.000000 0.675000
-0.300000 0.075000 -0.975000
-0.300000 0.075000 -0.900000
-0.300000 0.075000 -0.825000
-0.300000 0.075000 -0.750000
-0.300000 0.075000 -0.675000
-0.300000 0.075000 -0.600000
-0.300000 0.075000 -0.525000
-0.300000 0.075000 -0.450000
-0.300000 0.075000 -0.375000
-0.300000 0.075000 -0.300000
-0.300000 0.075000 -0.225000
-0.300000 0.075000 -0.150000
-0.300000 0.075000 -0.075000
-0.300000 0.075000 0.000000
-0.300000 0.075000 0.075000
-0.300000 0.075000 0.150000
-0.300000 0.075000 0.225000
-0.300000 0.075000 0.300000
-0.300000 0.075000 0.375000
-0.300000 0.075000 0.450000
-0.300000 0.075000 0.525000
-0.300000 0.075000 0.600000
-0.300000 0.075000 0.675000
-0.300000 0.150000 -0.900000
-0.300000 0.150000 -0.825000
-0.300000 0.150000 -0.750000
-0.300000 0.150000 -0.675000
-0.300000 0.150000 -0.600000
-0.300000 0.150000 -0.525000
-0.300000 0.150000 -0.450000
-0.300000 0.150000 -0.375000
-0.300000 0.150000 -0.300000
-0.300000 0.150000 -0.225000
-0.300000 0.150000 -0.150000
-0.300000 0.150000 -0.075000
-0.300000 0.150000 0.000000
-0.300000 0.150000 0.075000
-0.300000 0.150000 0.150000
-0.300000 0.150000 0.225000
-0.300000 0.150000 0.300000
-0.300000 0.150000 0.375000
-0.300000 0.150000 0.450000
-0.300000 0.150000 0.525000
-0.300000 0.150000 0.600000
-0.300000 0.150000 0.675000
-0.300000 0.225000 -0.900000
-0.300000 0.225000 -0.825000
-0.300000 0.225000 -0.750000
-0.300000 0.225000 -0.675000
-0.300000 0.225000 -0.600000
-0.300000 0.225000 -0.525000
-0.300000 0.225000 -0.450000
-0.300000 0.225000 -0.375000
-0.300000 0.225000 -0.300000
-0.300000 0.225000 -0.225000
-0.300000 0.225000 -0.150000
-0.300000 0.225000 -0.075000
-0.300000 0.225000 0.000000
-0.300000 0.225000 0.075000
-0.300000 0.225000 0.150000
-0.300000 0.225000 0.225000
-0.300000 0.225000 0.300000
-0.300000 0.225000 0.375000
-0.300000 0.225000 0.450000
-0.300000 0.225000 0.525000
-0.300000 0.225000 0.600000
-0.300000 0.225000 0.675000
-0.300000 0.300000 -0.225000
-0.300000 0.300000 -0.150000
-0.300000 0.300000 -0.075000
-0.300000 0.300000 0.000000
-0.225000 -0.375000 -0.300000
-0.225000 -0.375000 -0.225000
-0.225000 -0.375000 -0.150000
-0.225000 -0.375000 -0.075000
-0.225000 -0.375000 0.000000
-0.225000 -0.300000 -0.900000
-0.225000 -0.300000 -0.825000
-0.225000 -0.300000 -0.750000
-0.225000 -0.300000 -0.675000
-0.225000 -0.300000 -0.600000
-0.225000 -0.300000 -0.525000
-0.225000 -0.300000 -0.450000
-0.225000 -0.300000 -0.375000
-0.225000 -0.300000 -0.300000
-0.225000 -0.300000 -0.225000
-0.225000 -0.300000 -0.150000
-0.225000 -0.300000 -0.075000
-0.225000 -0.300000 0.000000
-0.225000 -0.300000 0.075000
-0.225000 -0.300000 0.150000
-0.225000 -0.300000 0.225000
-0.225000 -0.300000 0.300000
-0.225000 -0.300000 0.375000
-0.225000 -0.300000 0.450000
-0.225000 -0.300000 0.525000
-0.225000 -0.300000 0.600000
-0.225000 -0.300000 0.675000
-0.225000 -0.225000 -0.900000
-0.225000 -0.225000 -0.825000
-0.225000 -0.225000 -0.750000
-0.225000 -0.225000 -0.675000
-0.225000 -0.225000 -0.600000
-0.225000 -0.225000 -0.525000
-0.225000 -0.225000 -0.450000
-0.225000 -0.225000 -0.375000
-0.225000 -0.225000 -0.300000
-0.225000 -0.225000 -0.225000
-0.225000 -0.225000 -0.150000
-0.225000 -0.225000 -0.075000
-0.225000 -0.225000 0.000000
-0.225000 -0.225000 0.075000
-0.225000 -0.225000 0.150000
-0.225000 -0.225000 0.225000
-0.225000 -0.225000 0.300000
-0.225000 -0.225000 0.375000
-0.225000 -0.225000 0.450000
-0.225000 -0.225000 0.525000
-0.225000 -0.225000 0.600000
-0.225000 -0.225000 0.675000
-0.225000 -0.225000 0.750000
-0.225000 -0.150000 -0.975000
-0.225000 -0.150000 -0.900000
-0.225000 -0.150000 -0.825000
-0.225000 -0.150000 -0.750000
-0.225000 -0.150000 -0.675000
-0.225000 -0.150000 -0.600000
-0.225000 -0.150000 -0.525000
-0.225000 -0.150000 -0.450000
-0.225000 -0.150000 -0.375000
-0.225000 -0.150000 -0.300000
-0.225000 -0.150000 0.000000
-0.225000 -0.150000 0.075000
-0.225000 -0.150000 0.150000
-0.225000 -0.150000 0.225000
-0.225000 -0.150000 0.300000
-0.225000 -0.150000 0.375000
-0.225000 -0.150000 0.450000
-0.225000 -0.150000 0.525000
-0.225000 -0.150000 0.600000
-0.225000 -0.150000 0.675000
-0.225000 -0.150000 0.750000
-0.225000 -0.075000 -0.975000
-0.225000 -0.075000 -0.900000
-0.225000 -0.075000 -0.825000
-0.225000 -0.075000 -0.675000
-0.225000 -0.075000 -0.600000
-0.225000 -0.075000 -0.525000
-0.225000 -0.075000 -0.450000
-0.225000 -0.075000 -0.375000
-0.225000 -0.075000 0.000000
-0.225000 -0.075000 0.075000
-0.225000 -0.075000 0.150000
-0.225000 -0.075000 0.225000
-0.225000 -0.075000 0.300000
-0.225000 -0.075000 0.375000
-0.225000 -0.075000 0.450000
-0.225000 -0.075000 0.600000
-0.225000 -0.075000 0.675000
-0.225000 -0.075000 0.750000
-0.225000 0.000000 -0.975000
-0.225000 0.000000 -0.900000
-0.225000 0.000000 -0.825000
-0.225000 0.000000 -0.675000
-0.225000 0.000000 -0.600000
-0.225000 0.000000 -0.525000
-0.225000 0.000000 -0.450000
-0.225000 0.000000 -0.375000
-0.225000 0.000000 0.000000
-0.225000 0.000000 0.075000
-0.225000 0.000000 0.150000
-0.225000 0.000000 0.225000
-0.225000 0.000000 0.300000
-0.225000 0.000000 0.375000
-0.225000 0.000000 0.450000
-0.225000 0.000000 0.600000
-0.225000 0.000000 0.675000
-0.225000 0.000000 0.750000
-0.225000 0.075000 -0.975000
-0.225000 0.075000 -0.900000
-0.225000 0.075000 -0.825000
-0.225000 0.075000 -0.750000
-0.225000 0.075000 -0.675000
-0.225000 0.075000 -0.600000
-0.225000 0.075000 -0.525000
-0.225000 0.075000 -0.450000
-0.225000 0.075000 -0.375000
-0.225000 0.075000 -0.300000
-0.225000 0.075000 0.000000
-0.225000 0.075000 0.075000
-0.225000 0.075000 0.150000
-0.225000 0.075000 0.225000
-0.225000 0.075000 0.300000
-0.225000 0.075000 0.375000
-0.225000 0.075000 0.450000
-0.225000 0.075000 0.525000
-0.225000 0.075000 0.600000
-0.225000 0.075000 0.675000
-0.225000 0.075000 0.750000
-0.225000 0.150000 -0.975000
-0.225000 0.150000 -0.900000
-0.225000 0.150000 -0.825000
-0.225000 0.150000 -0.750000
-0.225000 0.150000 -0.675000
-0.225000 0.150000 -0.600000
-0.225000 0.150000 -0.525000
-0.225000 0.150000 -0.450000
-0.225000 0.150000 -0.375000
-0.225000 0.150000 -0.300000
-0.225000 0.150000 -0.225000
-0.225000 0.150000 -0.150000
-0.225000 0.150000 -0.075000
-0.225000 0.150000 0.000000
-0.225000 0.150000 0.075000
-0.225000 0.150000 0.150000
-0.225000 0.150000 0.225000
-0.225000 0.150000 0.300000
-0.225000 0.150000 0.375000
-0.225000 0.150000 0.450000
-0.225000 0.150000 0.525000
-0.225000 0.150000 0.600000
-0.225000 0.150000 0.675000
-0.225000 0.150000 0.750000
-0.225000 0.225000 -0.900000
-0.225000 0.225000 -0.825000
-0.225000 0.225000 -0.750000
-0.225000 0.225000 -0.675000
-0.225000 0.225000 -0.600000
-0.225000 0.225000 -0.525000
-0.225000 0.225000 -0.450000
-0.225000 0.225000 -0.375000
-0.225000 0.225000 -0.300000
-0.225000 0.225000 -0.225000
-0.225000 0.225000 -0.150000
-0.225000 0.225000 -0.075000
-0.225000 0.225000 0.000000
-0.225000 0.225000 0.075000
-0.225000 0.225000 0.150000
-0.225000 0.225000 0.225000
-0.225000 0.225000 0.300000
-0.225000 0.225000 0.375000
-0.225000 0.225000 0.450000
-0.225000 0.225000 0.525000
-0.225000 0.225000 0.600000
-0.225000 0.225000 0.675000
-0.225000 0.300000 -0.300000
-0.225000 0.300000 -0.225000
-0.225000 0.300000 -0.150000
-0.225000 0.300000 -0.075000
-0.225000 0.300000 0.000000
-0.150000 -0.375000 -0.300000
-0.150000 -0.375000 -0.225000
-0.150000 -0.375000 -0.150000
-0.150000 -0.375000 -0.075000
-0.150000 -0.375000 0.000000
-0.150000 -0.300000 -0.900000
-0.150000 -0.300000 -0.825000
-0.150000 -0.300000 -0.750000
-0.150000 -0.300000 -0.675000
-0.150000 -0.300000 -0.600000
-0.150000 -0.300000 -0.450000
-0.150000 -0.300000 -0.375000
-0.150000 -0.300000 -0.300000
-0.150000 -0.300000 -0.225000
-0.150000 -0.300000 -0.150000
-0.150000 -0.300000 -0.075000
-0.150000 -0.300000 0.000000
-0.150000 -0.300000 0.075000
-0.150000 -0.300000 0.375000
-0.150000 -0.300000 0.450000
-0.150000 -0.300000 0.525000
-0.150000 -0.300000 0.600000
-0.150000 -0.300000 0.675000
-0.150000 -0.300000 0.750000
-0.150000 -0.225000 -0.975000
-0.150000 -0.225000 -0.900000
-0.150000 -0.225000 -0.825000
-0.150000 -0.225000 -0.750000
-0.150000 -0.225000 -0.675000
-0.150000 -0.225000 -0.600000
-0.150000 -0.225000 -0.525000
-0.150000 -0.225000 -0.450000
-0.150000 -0.225000 -0.375000
-0.150000 -0.225000 -0.300000
-0.150000 -0.225000 -0.225000
-0.150000 -0.225000 -0.150000
-0.150000 -0.225000 -0.075000
-0.150000 -0.225000 0.000000
-0.150000 -0.225000 0.075000
-0.150000 -0.225000 0.150000
-0.150000 -0.225000 0.225000
-0.150000 -0.225000 0.300000
-0.150000 -0.225000 0.375000
-0.150000 -0.225000 0.450000
-0.150000 -0.225000 0.525000
-0.150000 -0.225000 0.600000
-0.150000 -0.225000 0.675000
-0.150000 -0.225000 0.750000
-0.150000 -0.150000 -0.975000
-0.150000 -0.150000 -0.900000
-0.150000 -0.150000 -0.825000
-0.150000 -0.150000 -0.750000
-0.150000 -0.150000 -0.675000
-0.150000 -0.150000 -0.600000
-0.150000 -0.150000 -0.525000
-0.150000 -0.150000 -0.450000
-0.150000 -0.150000 -0.375000
-0.150000 -0.150000 -0.300000
-0.150000 -0.150000 -0.075000
-0.150000 -0.150000 0.000000
-0.150000 -0.150000 0.075000
-0.150000 -0.150000 0.150000
-0.150000 -0.150000 0.225000
-0.150000 -0.150000 0.300000
-0.150000 -0.150000 0.375000
-0.150000 -0.150000 0.450000
-0.150000 -0.150000 0.525000
-0.150000 -0.150000 0.600000
-0.150000 -0.150000 0.675000
-0.150000 -0.150000 0.750000
-0.150000 -0.075000 -0.975000
-0.150000 -0.075000 -0.900000
-0.150000 -0.075000 -0.825000
-0.150000 -0.075000 -0.750000
-0.150000 -0.075000 -0.675000
-0.150000 -0.075000 -0.600000
-0.150000 -0.075000 -0.525000
-0.150000 -0.075000 -0.450000
-0.150000 -0.075000 -0.375000
-0.150000 -0.075000 0.000000
-0.150000 -0.075000 0.075000
-0.150000 -0.075000 0.150000
-0.150000 -0.075000 0.225000
-0.150000 -0.075000 0.300000
-0.150000 -0.075000 0.375000
-0.150000 -0.075000 0.450000
-0.150000 -0.075000 0.525000
-0.150000 -0.075000 0.600000
-0.150000 -0.075000 0.675000
-0.150000 -0.075000 0.750000
-0.150000 0.000000 -0.975000
-0.150000 0.000000 -0.900000
-0.150000 0.000000 -0.825000
-0.150000 0.000000 -0.750000
-0.150000 0.000000 -0.675000
-0.150000 0.000000 -0.600000
-0.150000 0.000000 -0.525000
-0.150000 0.000000 -0.450000
-0.150000 0.000000 -0.375000
-0.150000 0.000000 0.000000
-0.150000 0.000000 0.075000
-0.150000 0.000000 0.150000
-0.150000 0.000000 0.225000
-0.150000 0.000000 0.300000
-0.150000 0.000000 0.375000
-0.150000 0.000000 0.450000
-0.150000 0.000000 0.600000
-0.150000 0.000000 0.675000
-0.150000 0.000000 0.750000
-0.150000 0.075000 -0.975000
-0.150000 0.075000 -0.900000
-0.150000 0.075000 -0.825000
-0.150000 0.075000 -0.750000
-0.150000 0.075000 -0.675000
-0.150000 0.075000 -0.600000
-0.150000 0.075000 -0.525000
-0.150000 0.075000 -0.450000
-0.150000 0.075000 -0.375000
-0.150000 0.075000 -0.300000
-0.150000 0.075000 -0.075000
-0.150000 0.075000 0.000000
-0.150000 0.075000 0.075000
-0.150000 0.075000 0.150000
-0.150000 0.075000 0.225000
-0.150000 0.075000 0.300000
-0.150000 0.075000 0.375000
-0.150000 0.075000 0.450000
-0.150000 0.075000 0.525000
-0.150000 0.075000 0.600000
-0.150000 0.075000 0.675000
-0.150000 0.075000 0.750000
-0.150000 0.150000 -0.975000
-0.150000 0.150000 -0.900000
-0.150000 0.150000 -0.825000
-0.150000 0.150000 -0.750000
-0.150000 0.150000 -0.675000
-0.150000 0.150000 -0.600000
-0.150000 0.150000 -0.525000
-0.150000 0.150000 -0.450000
-0.150000 0.150000 -0.375000
-0.150000 0.150000 -0.300000
-0.150000 0.150000 -0.225000
-0.150000 0.150000 -0.150000
-0.150000 0.150000 -0.075000
-0.150000 0.150000 0.000000
-0.150000 0.150000 0.075000
-0.150000 0.150000 0.150000
-0.150000 0.150000 0.225000
-0.150000 0.150000 0.300000
-0.150000 0.150000 0.375000
-0.150000 0.150000 0.450000
-0.150000 0.150000 0.525000
-0.150000 0.150000 0.600000
-0.150000 0.150000 0.675000
-0.150000 0.150000 0.750000
-0.150000 0.225000 -0.900000
-0.150000 0.225000 -0.825000
-0.150000 0.225000 -0.750000
-0.150000 0.225000 -0.675000
-0.150000 0.225000 -0.600000
-0.150000 0.225000 -0.450000
-0.150000 0.225000 -0.375000
-0.150000 0.225000 -0.300000
-0.150000 0.225000 -0.225000
-0.150000 0.225000 -0.150000
-0.150000 0.225000 -0.075000
-0.150000 0.225000 0.000000
-0.150000 0.225000 0.075000
-0.150000 0.225000 0.375000
-0.150000 0.225000 0.450000
-0.150000 0.225000 0.525000
-0.150000 0.225000 0.600000
-0.150000 0.225000 0.675000
-0.150000 0.300000 -0.375000
-0.150000 0.300000 -0.300000
-0.150000 0.300000 -0.225000
-0.150000 0.300000 -0.150000
-0.150000 0.300000 -0.075000
-0.150000 0.300000 0.000000
-0.075000 -0.375000 -0.300000
-0.075000 -0.375000 -0.225000
-0.075000 -0.375000 -0.150000
-0.075000 -0.375000 -0.075000
-0.075000 -0.300000 -0.900000
-0.075000 -0.300000 -0.825000
-0.075000 -0.300000 -0.750000
-0.075000 -0.300000 -0.675000
-0.075000 -0.300000 -0.525000
-0.075000 -0.300000 -0.450000
-0.075000 -0.300000 -0.375000
-0.075000 -0.300000 -0.300000
-0.075000 -0.300000 -0.225000
-0.075000 -0.300000 -0.150000
-0.075000 -0.300000 -0.075000
-0.075000 -0.300000 0.000000
-0.075000 -0.300000 0.075000
-0.075000 -0.300000 0.450000
-0.075000 -0.300000 0.525000
-0.075000 -0.300000 0.600000
-0.075000 -0.300000 0.675000
-0.075000 -0.300000 0.750000
-0.075000 -0.225000 -0.975000
-0.075000 -0.225000 -0.900000
-0.075000 -0.225000 -0.825000
-0.075000 -0.225000 -0.750000
-0.075000 -0.225000 -0.675000
-0.075000 -0.225000 -0.600000
-0.075000 -0.225000 -0.525000
-0.075000 -0.225000 -0.450000
-0.075000 -0.225000 -0.375000
-0.075000 -0.225000 -0.300000
-0.075000 -0.225000 -0.225000
-0.075000 -0.225000 -0.150000
-0.075000 -0.225000 -0.075000
-0.075000 -0.225000 0.000000
-0.075000 -0.225000 0.075000
-0.075000 -0.225000 0.375000
-0.075000 -0.225000 0.450000
-0.075000 -0.225000 0.525000
-0.075000 -0.225000 0.600000
-0.075000 -0.225000 0.675000
-0.075000 -0.225000 0.750000
-0.075000 -0.150000 -0.975000
-0.075000 -0.150000 -0.900000
-0.075000 -0.150000 -0.825000
-0.075000 -0.150000 -0.750000
-0.075000 -0.150000 -0.675000
-0.075000 -0.150000 -0.600000
-0.075000 -0.150000 -0.525000
-0.075000 -0.150000 -0.450000
-0.075000 -0.150000 -0.375000
-0.075000 -0.150000 -0.300000
-0.075000 -0.150000 -0.075000
-0.075000 -0.150000 0.000000
-0.075000 -0.150000 0.075000
-0.075000 -0.150000 0.150000
-0.075000 -0.150000 0.300000
-0.075000 -0.150000 0.375000
-0.075000 -0.150000 0.450000
-0.075000 -0.150000 0.525000
-0.075000 -0.150000 0.600000
-0.075000 -0.150000 0.675000
-0.075000 -0.150000 0.750000
-0.075000 -0.075000 -0.975000
-0.075000 -0.075000 -0.900000
-0.075000 -0.075000 -0.825000
-0.075000 -0.075000 -0.750000
-0.075000 -0.075000 -0.675000
-0.075000 -0.075000 -0.600000
-0.075000 -0.075000 -0.525000
-0.075000 -0.075000 -0.450000
-0.075000 -0.075000 -0.375000
-0.075000 -0.075000 0.000000
-0.075000 -0.075000 0.075000
-0.075000 -0.075000 0.150000
-0.075000 -0.075000 0.300000
-0.075000 -0.075000 0.375000
-0.075000 -0.075000 0.450000
-0.075000 -0.075000 0.525000
-0.075000 -0.075000 0.675000
-0.075000 -0.075000 0.750000
-0.075000 0.000000 -0.975000
-0.075000 0.000000 -0.900000
-0.075000 0.000000 -0.750000
-0.075000 0.000000 -0.675000
-0.075000 0.000000 -0.600000
-0.075000 0.000000 -0.525000
-0.075000 0.000000 -0.450000
-0.075000 0.000000 -0.375000
-0.075000 0.000000 0.000000
-0.075000 0.000000 0.075000
-0.075000 0.000000 0.150000
-0.075000 0.000000 0.300000
-0.075000 0.000000 0.375000
-0.075000 0.000000 0.450000
-0.075000 0.000000 0.525000
-0.075000 0.000000 0.675000
-0.075000 0.000000 0.750000
-0.075000 0.075000 -0.975000
-0.075000 0.075000 -0.900000
-0.075000 0.075000 -0.825000
-0.075000 0.075000 -0.750000
-0.075000 0.075000 -0.675000
-0.075000 0.075000 -0.600000
-0.075000 0.075000 -0.525000
-0.075000 0.075000 -0.450000
-0.075000 0.075000 -0.375000
-0.075000 0.075000 -0.300000
-0.075000 0.075000 -0.075000
-0.075000 0.075000 0.000000
-0.075000 0.075000 0.075000
-0.075000 0.075000 0.150000
-0.075000 0.075000 0.300000
-0.075000 0.075000 0.375000
-0.075000 0.075000 0.450000
-0.075000 0.075000 0.525000
-0.075000 0.075000 0.600000
-0.075000 0.075000 0.675000
-0.075000 0.075000 0.750000
-0.075000 0.150000 -0.975000
-0.075000 0.150000 -0.900000
-0.075000 0.150000 -0.825000
-0.075000 0.150000 -0.750000
-0.075000 0.150000 -0.675000
-0.075000 0.150000 -0.600000
-0.075000 0.150000 -0.525000
-0.075000 0.150000 -0.450000
-0.075000 0.150000 -0.375000
-0.075000 0.150000 -0.300000
-0.075000 0.150000 -0.225000
-0.075000 0.150000 -0.150000
-0.075000 0.150000 -0.075000
-0.075000 0.150000 0.000000
-0.075000 0.150000 0.075000
-0.075000 0.150000 0.375000
-0.075000 0.150000 0.450000
-0.075000 0.150000 0.525000
-0.075000 0.150000 0.600000
-0.075000 0.150000 0.675000
-0.075000 0.150000 0.750000
-0.075000 0.225000 -0.975000
-0.075000 0.225000 -0.900000
-0.075000 0.225000 -0.825000
-0.075000 0.225000 -0.750000
-0.075000 0.225000 -0.675000
-0.075000 0.225000 -0.525000
-0.075000 0.225000 -0.450000
-0.075000 0.225000 -0.375000
-0.075000 0.225000 -0.300000
-0.075000 0.225000 -0.225000
-0.075000 0.225000 -0.150000
-0.075000 0.225000 -0.075000
-0.075000 0.225000 0.000000
-0.075000 0.225000 0.075000
-0.075000 0.225000 0.450000
-0.075000 0.225000 0.525000
-0.075000 0.225000 0.600000
-0.075000 0.225000 0.675000
-0.075000 0.300000 -0.375000
-0.075000 0.300000 -0.300000
-0.075000 0.300000 -0.225000
-0.075000 0.300000 -0.150000
-0.075000 0.300000 -0.075000
0.000000 -0.375000 -0.375000
0.000000 -0.375000 -0.300000
0.000000 -0.375000 -0.225000
0.000000 -0.375000 -0.150000
0.000000 -0.375000 -0.075000
0.000000 -0.375000 0.000000
0.000000 -0.300000 -0.975000
0.000000 -0.300000 -0.900000
0.000000 -0.300000 -0.825000
0.000000 -0.300000 -0.750000
0.000000 -0.300000 -0.675000
0.000000 -0.300000 -0.600000
0.000000 -0.300000 -0.525000
0.000000 -0.300000 -0.450000
0.000000 -0.300000 -0.375000
0.000000 -0.300000 -0.300000
0.000000 -0.300000 -0.225000
0.000000 -0.300000 -0.150000
0.000000 -0.300000 -0.075000
0.000000 -0.300000 0.000000
0.000000 -0.300000 0.075000
0.000000 -0.300000 0.150000
0.000000 -0.300000 0.525000
0.000000 -0.300000 0.600000
0.000000 -0.300000 0.675000
0.000000 -0.300000 0.750000
0.000000 -0.225000 -0.975000
0.000000 -0.225000 -0.900000
0.000000 -0.225000 -0.825000
0.000000 -0.225000 -0.750000
0.000000 -0.225000 -0.675000
0.000000 -0.225000 -0.600000
0.000000 -0.225000 -0.525000
0.000000 -0.225000 -0.450000
0.000000 -0.225000 -0.375000
0.000000 -0.225000 -0.300000
0.000000 -0.225000 -0.225000
0.000000 -0.225000 -0.150000
0.000000 -0.225000 -0.075000
0.000000 -0.225000 0.000000
0.000000 -0.225000 0.075000
0.000000 -0.225000 0.150000
0.000000 -0.225000 0.450000
0.000000 -0.225000 0.525000
0.000000 -0.225000 0.600000
0.000000 -0.225000 0.675000
0.000000 -0.225000 0.750000
0.000000 -0.150000 -0.975000
0.000000 -0.150000 -0.900000
0.000000 -0.150000 -0.825000
0.000000 -0.150000 -0.750000
0.000000 -0.150000 -0.675000
0.000000 -0.150000 -0.600000
0.000000 -0.150000 -0.525000
0.000000 -0.150000 -0.450000
0.000000 -0.150000 -0.375000
0.000000 -0.150000 -0.075000
0.000000 -0.150000 0.000000
0.000000 -0.150000 0.075000
0.000000 -0.150000 0.150000
0.000000 -0.150000 0.225000
0.000000 -0.150000 0.375000
0.000000 -0.150000 0.450000
0.000000 -0.150000 0.525000
0.000000 -0.150000 0.600000
0.000000 -0.150000 0.675000
0.000000 -0.150000 0.750000
0.000000 -0.075000 -0.975000
0.000000 -0.075000 -0.900000
0.000000 -0.075000 -0.750000
0.000000 -0.075000 -0.675000
0.000000 -0.075000 -0.600000
0.000000 -0.075000 -0.525000
0.000000 -0.075000 -0.450000
0.000000 -0.075000 0.000000
0.000000 -0.075000 0.075000
0.000000 -0.075000 0.150000
0.000000 -0.075000 0.225000
0.000000 -0.075000 0.375000
0.000000 -0.075000 0.450000
0.000000 -0.075000 0.525000
0.000000 -0.075000 0.675000
0.000000 -0.075000 0.750000
0.000000 0.000000 -0.975000
0.000000 0.000000 -0.900000
0.000000 0.000000 -0.750000
0.000000 0.000000 -0.675000
0.000000 0.000000 -0.600000
0.000000 0.000000 -0.525000
0.000000 0.000000 -0.450000
0.000000 0.000000 0.000000
0.000000 0.000000 0.075000
0.000000 0.000000 0.150000
0.000000 0.000000 0.225000
0.000000 0.000000 0.375000
0.000000 0.000000 0.450000
0.000000 0.000000 0.525000
0.000000 0.000000 0.675000
0.000000 0.000000 0.750000
0.000000 0.075000 -0.975000
0.000000 0.075000 -0.900000
0.000000 0.075000 -0.825000
0.000000 0.075000 -0.750000
0.000000 0.075000 -0.675000
0.000000 0.075000 -0.600000
0.000000 0.075000 -0.525000
0.000000 0.075000 -0.450000
0.000000 0.075000 -0.375000
0.000000 0.075000 -0.075000
0.000000 0.075000 0.000000
0.000000 0.075000 0.075000
0.000000 0.075000 0.150000
0.000000 0.075000 0.225000
0.000000 0.075000 0.375000
0.000000 0.075000 0.450000
0.000000 0.075000 0.525000
0.000000 0.075000 0.600000
0.000000 0.075000 0.675000
0.000000 0.075000 0.750000
0.000000 0.150000 -0.975000
0.000000 0.150000 -0.900000
0.000000 0.150000 -0.825000
0.000000 0.150000 -0.750000
0.000000 0.150000 -0.675000
0.000000 0.150000 -0.600000
0.000000 0.150000 -0.525000
0.000000 0.150000 -0.450000
0.000000 0.150000 -0.375000
0.000000 0.150000 -0.300000
0.000000 0.150000 -0.225000
0.000000 0.150000 -0.150000
0.000000 0.150000 -0.075000
0.000000 0.150000 0.000000
0.000000 0.150000 0.075000
0.000000 0.150000 0.150000
0.000000 0.150000 0.375000
0.000000 0.150000 0.450000
0.000000 0.150000 0.525000
0.000000 0.150000 0.600000
0.000000 0.150000 0.675000
0.000000 0.150000 0.750000
0.000000 0.225000 -0.975000
0.000000 0.225000 -0.900000
0.000000 0.225000 -0.825000
0.000000 0.225000 -0.750000
0.000000 0.225000 -0.675000
0.000000 0.225000 -0.600000
0.000000 0.225000 -0.525000
0.000000 0.225000 -0.450000
0.000000 0.225000 -0.375000
0.000000 0.225000 -0.300000
0.000000 0.225000 -0.225000
0.000000 0.225000 -0.150000
0.000000 0.225000 -0.075000
0.000000 0.225000 0.000000
0.000000 0.225000 0.075000
0.000000 0.225000 0.450000
0.000000 0.225000 0.525000
0.000000 0.225000 0.600000
0.000000 0.225000 0.675000
0.000000 0.300000 -0.375000
0.000000 0.300000 -0.300000
0.000000 0.300000 -0.225000
0.000000 0.300000 -0.150000
0.000000 0.300000 -0.075000
0.075000 -0.375000 -0.375000
0.075000 -0.375000 -0.300000
0.075000 -0.375000 -0.225000
0.075000 -0.375000 -0.150000
0.075000 -0.375000 -0.075000
0.075000 -0.375000 0.000000
0.075000 -0.300000 -0.975000
0.075000 -0.300000 -0.900000
0.075000 -0.300000 -0.825000
0.075000 -0.300000 -0.750000
0.075000 -0.300000 -0.675000
0.075000 -0.300000 -0.600000
0.075000 -0.300000 -0.525000
0.075000 -0.300000 -0.450000
0.075000 -0.300000 -0.375000
0.075000 -0.300000 -0.300000
0.075000 -0.300000 -0.225000
0.075000 -0.300000 -0.150000
0.075000 -0.300000 -0.075000
0.075000 -0.300000 0.000000
0.075000 -0.300000 0.075000
0.075000 -0.300000 0.150000
0.075000 -0.300000 0.225000
0.075000 -0.300000 0.525000
0.075000 -0.300000 0.600000
0.075000 -0.300000 0.675000
0.075000 -0.225000 -0.975000
0.075000 -0.225000 -0.900000
0.075000 -0.225000 -0.825000
0.075000 -0.225000 -0.750000
0.075000 -0.225000 -0.675000
0.075000 -0.225000 -0.600000
0.075000 -0.225000 -0.525000
0.075000 -0.225000 -0.450000
0.075000 -0.225000 -0.375000
0.075000 -0.225000 -0.300000
0.075000 -0.225000 -0.225000
0.075000 -0.225000 -0.150000
0.075000 -0.225000 -0.075000
0.075000 -0.225000 0.000000
0.075000 -0.225000 0.075000
0.075000 -0.225000 0.150000
0.075000 -0.225000 0.225000
0.075000 -0.225000 0.450000
0.075000 -0.225000 0.525000
0.075000 -0.225000 0.600000
0.075000 -0.225000 0.675000
0.075000 -0.225000 0.750000
0.075000 -0.150000 -0.975000
0.075000 -0.150000 -0.900000
0.075000 -0.150000 -0.825000
0.075000 -0.150000 -0.750000
0.075000 -0.150000 -0.675000
0.075000 -0.150000 -0.600000
0.075000 -0.150000 -0.525000
0.075000 -0.150000 -0.450000
0.075000 -0.150000 -0.375000
0.075000 -0.150000 -0.300000
0.075000 -0.150000 -0.225000
0.075000 -0.150000 -0.150000
0.075000 -0.150000 -0.075000
0.075000 -0.150000 0.000000
0.075000 -0.150000 0.075000
0.075000 -0.150000 0.150000
0.075000 -0.150000 0.225000
0.075000 -0.150000 0.300000
0.075000 -0.150000 0.450000
0.075000 -0.150000 0.525000
0.075000 -0.150000 0.600000
0.075000 -0.150000 0.675000
0.075000 -0.150000 0.750000
0.075000 -0.075000 -0.975000
0.075000 -0.075000 -0.900000
0.075000 -0.075000 -0.750000
0.075000 -0.075000 -0.675000
0.075000 -0.075000 -0.600000
0.075000 -0.075000 -0.525000
0.075000 -0.075000 -0.375000
0.075000 -0.075000 -0.300000
0.075000 -0.075000 -0.225000
0.075000 -0.075000 -0.150000
0.075000 -0.075000 0.000000
0.075000 -0.075000 0.075000
0.075000 -0.075000 0.150000
0.075000 -0.075000 0.225000
0.075000 -0.075000 0.300000
0.075000 -0.075000 0.450000
0.075000 -0.075000 0.525000
0.075000 -0.075000 0.675000
0.075000 -0.075000 0.750000
0.075000 0.000000 -0.975000
0.075000 0.000000 -0.900000
0.075000 0.000000 -0.750000
0.075000 0.000000 -0.675000
0.075000 0.000000 -0.600000
0.075000 0.000000 -0.525000
0.075000 0.000000 0.000000
0.075000 0.000000 0.075000
0.075000 0.000000 0.150000
0.075000 0.000000 0.225000
0.075000 0.000000 0.300000
0.075000 0.000000 0.450000
0.075000 0.000000 0.525000
0.075000 0.000000 0.675000
0.075000 0.000000 0.750000
0.075000 0.075000 -0.975000
0.075000 0.075000 -0.900000
0.075000 0.075000 -0.825000
0.075000 0.075000 -0.750000
0.075000 0.075000 -0.675000
0.075000 0.075000 -0.600000
0.075000 0.075000 -0.525000
0.075000 0.075000 -0.450000
0.075000 0.075000 -0.375000
0.075000 0.075000 -0.300000
0.075000 0.075000 -0.225000
0.075000 0.075000 -0.150000
0.075000 0.075000 -0.075000
0.075000 0.075000 0.000000
0.075000 0.075000 0.075000
0.075000 0.075000 0.150000
0.075000 0.075000 0.225000
0.075000 0.075000 0.300000
0.075000 0.075000 0.375000
0.075000 0.075000 0.450000
0.075000 0.075000 0.525000
0.075000 0.075000 0.600000
0.075000 0.075000 0.675000
0.075000 0.075000 0.750000
0.075000 0.150000 -0.975000
0.075000 0.150000 -0.900000
0.075000 0.150000 -0.825000
0.075000 0.150000 -0.750000
0.075000 0.150000 -0.675000
0.075000 0.150000 -0.600000
0.075000 0.150000 -0.525000
0.075000 0.150000 -0.450000
0.075000 0.150000 -0.375000
0.075000 0.150000 -0.300000
0.075000 0.150000 -0.225000
0.075000 0.150000 -0.150000
0.075000 0.150000 -0.075000
0.075000 0.150000 0.000000
0.075000 0.150000 0.075000
0.075000 0.150000 0.150000
0.075000 0.150000 0.225000
0.075000 0.150000 0.375000
0.075000 0.150000 0.450000
0.075000 0.150000 0.525000
0.075000 0.150000 0.600000
0.075000 0.150000 0.675000
0.075000 0.150000 0.750000
0.075000 0.225000 -0.900000
0.075000 0.225000 -0.825000
0.075000 0.225000 -0.750000
0.075000 0.225000 -0.675000
0.075000 0.225000 -0.600000
0.075000 0.225000 -0.525000
0.075000 0.225000 -0.450000
0.075000 0.225000 -0.375000
0.075000 0.225000 -0.300000
0.075000 0.225000 -0.225000
0.075000 0.225000 -0.150000
0.075000 0.225000 -0.075000
0.075000 0.225000 0.000000
0.075000 0.225000 0.075000
0.075000 0.225000 0.150000
0.075000 0.225000 0.525000
0.075000 0.225000 0.600000
0.075000 0.225000 0.675000
0.075000 0.300000 -0.375000
0.075000 0.300000 -0.300000
0.075000 0.300000 -0.225000
0.075000 0.300000 -0.150000
0.075000 0.300000 -0.075000
0.150000 -0.375000 -0.225000
0.150000 -0.375000 -0.150000
0.150000 -0.375000 -0.075000
0.150000 -0.375000 0.000000
0.150000 -0.300000 -0.975000
0.150000 -0.300000 -0.900000
0.150000 -0.300000 -0.825000
0.150000 -0.300000 -0.750000
0.150000 -0.300000 -0.675000
0.150000 -0.300000 -0.600000
0.150000 -0.300000 -0.525000
0.150000 -0.300000 -0.450000
0.150000 -0.300000 -0.375000
0.150000 -0.300000 -0.300000
0.150000 -0.300000 -0.225000
0.150000 -0.300000 -0.150000
0.150000 -0.300000 -0.075000
0.150000 -0.300000 0.000000
0.150000 -0.300000 0.075000
0.150000 -0.300000 0.150000
0.150000 -0.300000 0.225000
0.150000 -0.300000 0.300000
0.150000 -0.300000 0.450000
0.150000 -0.300000 0.525000
0.150000 -0.300000 0.600000
0.150000 -0.300000 0.675000
0.150000 -0.225000 -0.975000
0.150000 -0.225000 -0.900000
0.150000 -0.225000 -0.825000
0.150000 -0.225000 -0.750000
0.150000 -0.225000 -0.675000
0.150000 -0.225000 -0.600000
0.150000 -0.225000 -0.525000
0.150000 -0.225000 -0.450000
0.150000 -0.225000 -0.375000
0.150000 -0.225000 -0.300000
0.150000 -0.225000 -0.225000
0.150000 -0.225000 -0.150000
0.150000 -0.225000 -0.075000
0.150000 -0.225000 0.000000
0.150000 -0.225000 0.075000
0.150000 -0.225000 0.150000
0.150000 -0.225000 0.225000
0.150000 -0.225000 0.300000
0.150000 -0.225000 0.375000
0.150000 -0.225000 0.450000
0.150000 -0.225000 0.525000
0.150000 -0.225000 0.600000
0.150000 -0.225000 0.675000
0.150000 -0.225000 0.750000
0.150000 -0.150000 -0.975000
0.150000 -0.150000 -0.900000
0.150000 -0.150000 -0.750000
0.150000 -0.150000 -0.675000
0.150000 -0.150000 -0.600000
0.150000 -0.150000 -0.525000
0.150000 -0.150000 -0.450000
0.150000 -0.150000 -0.375000
0.150000 -0.150000 -0.300000
0.150000 -0.150000 -0.225000
0.150000 -0.150000 -0.150000
0.150000 -0.150000 -0.075000
0.150000 -0.150000 0.075000
0.150000 -0.150000 0.150000
0.150000 -0.150000 0.225000
0.150000 -0.150000 0.300000
0.150000 -0.150000 0.375000
0.150000 -0.150000 0.450000
0.150000 -0.150000 0.525000
0.150000 -0.150000 0.600000
0.150000 -0.150000 0.675000
0.150000 -0.150000 0.750000
0.150000 -0.075000 -0.975000
0.150000 -0.075000 -0.900000
0.150000 -0.075000 -0.450000
0.150000 -0.075000 -0.375000
0.150000 -0.075000 -0.300000
0.150000 -0.075000 -0.225000
0.150000 -0.075000 -0.150000
0.150000 -0.075000 0.075000
0.150000 -0.075000 0.150000
0.150000 -0.075000 0.225000
0.150000 -0.075000 0.300000
0.150000 -0.075000 0.375000
0.150000 -0.075000 0.450000
0.150000 -0.075000 0.525000
0.150000 -0.075000 0.675000
0.150000 -0.075000 0.750000
0.150000 0.000000 -0.975000
0.150000 0.000000 -0.900000
0.150000 0.000000 -0.450000
0.150000 0.000000 -0.375000
0.150000 0.000000 -0.300000
0.150000 0.000000 -0.225000
0.150000 0.000000 -0.150000
0.150000 0.000000 0.075000
0.150000 0.000000 0.150000
0.150000 0.000000 0.225000
0.150000 0.000000 0.300000
0.150000 0.000000 0.375000
0.150000 0.000000 0.450000
0.150000 0.000000 0.525000
0.150000 0.000000 0.675000
0.150000 0.000000 0.750000
0.150000 0.075000 -0.975000
0.150000 0.075000 -0.900000
0.150000 0.075000 -0.825000
0.150000 0.075000 -0.750000
0.150000 0.075000 -0.675000
0.150000 0.075000 -0.600000
0.150000 0.075000 -0.525000
0.150000 0.075000 -0.450000
0.150000 0.075000 -0.375000
0.150000 0.075000 -0.300000
0.150000 0.075000 -0.225000
0.150000 0.075000 -0.150000
0.150000 0.075000 -0.075000
0.150000 0.075000 0.000000
0.150000 0.075000 0.075000
0.150000 0.075000 0.150000
0.150000 0.075000 0.225000
0.150000 0.075000 0.300000
0.150000 0.075000 0.375000
0.150000 0.075000 0.450000
0.150000 0.075000 0.525000
0.150000 0.075000 0.600000
0.150000 0.075000 0.675000
0.150000 0.075000 0.750000
0.150000 0.150000 -0.975000
0.150000 0.150000 -0.900000
0.150000 0.150000 -0.825000
0.150000 0.150000 -0.750000
0.150000 0.150000 -0.675000
0.150000 0.150000 -0.600000
0.150000 0.150000 -0.525000
0.150000 0.150000 -0.450000
0.150000 0.150000 -0.375000
0.150000 0.150000 -0.300000
0.150000 0.150000 -0.225000
0.150000 0.150000 -0.150000
0.150000 0.150000 -0.075000
0.150000 0.150000 0.000000
0.150000 0.150000 0.075000
0.150000 0.150000 0.150000
0.150000 0.150000 0.225000
0.150000 0.150000 0.300000
0.150000 0.150000 0.375000
0.150000 0.150000 0.450000
0.150000 0.150000 0.525000
0.150000 0.150000 0.600000
0.150000 0.150000 0.675000
0.150000 0.150000 0.750000
0.150000 0.225000 -0.900000
0.150000 0.225000 -0.825000
0.150000 0.225000 -0.750000
0.150000 0.225000 -0.675000
0.150000 0.225000 -0.600000
0.150000 0.225000 -0.525000
0.150000 0.225000 -0.450000
0.150000 0.225000 -0.375000
0.150000 0.225000 -0.300000
0.150000 0.225000 -0.225000
0.150000 0.225000 -0.150000
0.150000 0.225000 -0.075000
0.150000 0.225000 0.000000
0.150000 0.225000 0.075000
0.150000 0.225000 0.150000
0.150000 0.225000 0.225000
0.150000 0.225000 0.300000
0.150000 0.225000 0.525000
0.150000 0.225000 0.600000
0.150000 0.225000 0.675000
0.150000 0.300000 -0.225000
0.150000 0.300000 -0.150000
0.150000 0.300000 0.000000
0.150000 0.300000 0.075000
0.225000 -0.375000 0.075000
0.225000 -0.375000 0.150000
0.225000 -0.375000 0.225000
0.225000 -0.375000 0.300000
0.225000 -0.300000 -0.975000
0.225000 -0.300000 -0.900000
0.225000 -0.300000 -0.825000
0.225000 -0.300000 -0.750000
0.225000 -0.300000 -0.675000
0.225000 -0.300000 -0.600000
0.225000 -0.300000 -0.525000
0.225000 -0.300000 -0.450000
0.225000 -0.300000 -0.375000
0.225000 -0.300000 -0.225000
0.225000 -0.300000 -0.150000
0.225000 -0.300000 -0.075000
0.225000 -0.300000 0.000000
0.225000 -0.300000 0.075000
0.225000 -0.300000 0.150000
0.225000 -0.300000 0.225000
0.225000 -0.300000 0.300000
0.225000 -0.300000 0.375000
0.225000 -0.300000 0.450000
0.225000 -0.300000 0.525000
0.225000 -0.300000 0.600000
0.225000 -0.300000 0.675000
0.225000 -0.225000 -0.975000
0.225000 -0.225000 -0.900000
0.225000 -0.225000 -0.825000
0.225000 -0.225000 -0.750000
0.225000 -0.225000 -0.675000
0.225000 -0.225000 -0.600000
0.225000 -0.225000 -0.525000
0.225000 -0.225000 -0.450000
0.225000 -0.225000 -0.375000
0.225000 -0.225000 -0.300000
0.225000 -0.225000 -0.225000
0.225000 -0.225000 -0.150000
0.225000 -0.225000 -0.075000
0.225000 -0.225000 0.000000
0.225000 -0.225000 0.075000
0.225000 -0.225000 0.150000
0.225000 -0.225000 0.225000
0.225000 -0.225000 0.300000
0.225000 -0.225000 0.375000
0.225000 -0.225000 0.450000
0.225000 -0.225000 0.525000
0.225000 -0.225000 0.600000
0.225000 -0.225000 0.675000
0.225000 -0.225000 0.750000
0.225000 -0.150000 -0.975000
0.225000 -0.150000 -0.900000
0.225000 -0.150000 -0.825000
0.225000 -0.150000 -0.750000
0.225000 -0.150000 -0.675000
0.225000 -0.150000 -0.600000
0.225000 -0.150000 -0.525000
0.225000 -0.150000 -0.450000
0.225000 -0.150000 -0.375000
0.225000 -0.150000 -0.300000
0.225000 -0.150000 -0.225000
0.225000 -0.150000 -0.150000
0.225000 -0.150000 -0.075000
0.225000 -0.150000 0.000000
0.225000 -0.150000 0.150000
0.225000 -0.150000 0.225000
0.225000 -0.150000 0.300000
0.225000 -0.150000 0.375000
0.225000 -0.150000 0.450000
0.225000 -0.150000 0.525000
0.225000 -0.150000 0.600000
0.225000 -0.150000 0.675000
0.225000 -0.150000 0.750000
0.225000 -0.075000 -0.975000
0.225000 -0.075000 -0.900000
0.225000 -0.075000 -0.600000
0.225000 -0.075000 -0.525000
0.225000 -0.075000 -0.450000
0.225000 -0.075000 -0.375000
0.225000 -0.075000 -0.300000
0.225000 -0.075000 -0.225000
0.225000 -0.075000 -0.150000
0.225000 -0.075000 -0.075000
0.225000 -0.075000 0.150000
0.225000 -0.075000 0.225000
0.225000 -0.075000 0.300000
0.225000 -0.075000 0.375000
0.225000 -0.075000 0.450000
0.225000 -0.075000 0.525000
0.225000 -0.075000 0.600000
0.225000 -0.075000 0.675000
0.225000 -0.075000 0.750000
0.225000 0.000000 -0.975000
0.225000 0.000000 -0.900000
0.225000 0.000000 -0.600000
0.225000 0.000000 -0.525000
0.225000 0.000000 -0.450000
0.225000 0.000000 -0.375000
0.225000 0.000000 -0.300000
0.225000 0.000000 -0.225000
0.225000 0.000000 -0.150000
0.225000 0.000000 -0.075000
0.225000 0.000000 0.150000
0.225000 0.000000 0.225000
0.225000 0.000000 0.300000
0.225000 0.000000 0.375000
0.225000 0.000000 0.450000
0.225000 0.000000 0.525000
0.225000 0.000000 0.600000
0.225000 0.000000 0.675000
0.225000 0.000000 0.750000
0.225000 0.075000 -0.975000
0.225000 0.075000 -0.900000
0.225000 0.075000 -0.825000
0.225000 0.075000 -0.750000
0.225000 0.075000 -0.675000
0.225000 0.075000 -0.600000
0.225000 0.075000 -0.525000
0.225000 0.075000 -0.450000
0.225000 0.075000 -0.375000
0.225000 0.075000 -0.300000
0.225000 0.075000 -0.225000
0.225000 0.075000 -0.150000
0.225000 0.075000 -0.075000
0.225000 0.075000 0.000000
0.225000 0.075000 0.075000
0.225000 0.075000 0.150000
0.225000 0.075000 0.225000
0.225000 0.075000 0.300000
0.225000 0.075000 0.375000
0.225000 0.075000 0.450000
0.225000 0.075000 0.525000
0.225000 0.075000 0.600000
0.225000 0.075000 0.675000
0.225000 0.075000 0.750000
0.225000 0.150000 -0.975000
0.225000 0.150000 -0.900000
0.225000 0.150000 -0.825000
0.225000 0.150000 -0.750000
0.225000 0.150000 -0.675000
0.225000 0.150000 -0.600000
0.225000 0.150000 -0.525000
0.225000 0.150000 -0.450000
0.225000 0.150000 -0.375000
0.225000 0.150000 -0.300000
0.225000 0.150000 -0.225000
0.225000 0.150000 -0.150000
0.225000 0.150000 -0.075000
0.225000 0.150000 0.000000
0.225000 0.150000 0.075000
0.225000 0.150000 0.150000
0.225000 0.150000 0.225000
0.225000 0.150000 0.300000
0.225000 0.150000 0.375000
0.225000 0.150000 0.450000
0.225000 0.150000 0.525000
0.225000 0.150000 0.600000
0.225000 0.150000 0.675000
0.225000 0.150000 0.750000
0.225000 0.225000 -0.900000
0.225000 0.225000 -0.825000
0.225000 0.225000 -0.750000
0.225000 0.225000 -0.675000
0.225000 0.225000 -0.600000
0.225000 0.225000 -0.525000
0.225000 0.225000 -0.450000
0.225000 0.225000 -0.375000
0.225000 0.225000 -0.225000
0.225000 0.225000 -0.150000
0.225000 0.225000 -0.075000
0.225000 0.225000 0.000000
0.225000 0.225000 0.075000
0.225000 0.225000 0.150000
0.225000 0.225000 0.225000
0.225000 0.225000 0.300000
0.225000 0.225000 0.375000
0.225000 0.225000 0.450000
0.225000 0.225000 0.525000
0.225000 0.225000 0.600000
0.225000 0.225000 0.675000
0.225000 0.300000 0.000000
0.225000 0.300000 0.075000
0.225000 0.300000 0.150000
0.225000 0.300000 0.225000
0.300000 -0.375000 0.075000
0.300000 -0.375000 0.150000
0.300000 -0.375000 0.225000
0.300000 -0.375000 0.300000
0.300000 -0.375000 0.375000
0.300000 -0.300000 -0.975000
0.300000 -0.300000 -0.900000
0.300000 -0.300000 -0.825000
0.300000 -0.300000 -0.750000
0.300000 -0.300000 -0.675000
0.300000 -0.300000 -0.600000
0.300000 -0.300000 -0.525000
0.300000 -0.300000 -0.450000
0.300000 -0.300000 -0.150000
0.300000 -0.300000 -0.075000
0.300000 -0.300000 0.000000
0.300000 -0.300000 0.075000
0.300000 -0.300000 0.150000
0.300000 -0.300000 0.225000
0.300000 -0.300000 0.300000
0.300000 -0.300000 0.375000
0.300000 -0.300000 0.450000
0.300000 -0.300000 0.525000
0.300000 -0.300000 0.600000
0.300000 -0.300000 0.675000
0.300000 -0.225000 -0.975000
0.300000 -0.225000 -0.900000
0.300000 -0.225000 -0.825000
0.300000 -0.225000 -0.750000
0.300000 -0.225000 -0.675000
0.300000 -0.225000 -0.600000
0.300000 -0.225000 -0.525000
0.300000 -0.225000 -0.450000
0.300000 -0.225000 -0.375000
0.300000 -0.225000 -0.225000
0.300000 -0.225000 -0.150000
0.300000 -0.225000 -0.075000
0.300000 -0.225000 0.000000
0.300000 -0.225000 0.075000
0.300000 -0.225000 0.150000
0.300000 -0.225000 0.225000
0.300000 -0.225000 0.300000
0.300000 -0.225000 0.375000
0.300000 -0.225000 0.450000
0.300000 -0.225000 0.525000
0.300000 -0.225000 0.600000
0.300000 -0.225000 0.675000
0.300000 -0.225000 0.750000
0.300000 -0.150000 -0.975000
0.300000 -0.150000 -0.900000
0.300000 -0.150000 -0.825000
0.300000 -0.150000 -0.750000
0.300000 -0.150000 -0.675000
0.300000 -0.150000 -0.600000
0.300000 -0.150000 -0.525000
0.300000 -0.150000 -0.450000
0.300000 -0.150000 -0.375000
0.300000 -0.150000 -0.225000
0.300000 -0.150000 -0.150000
0.300000 -0.150000 -0.075000
0.300000 -0.150000 0.000000
0.300000 -0.150000 0.075000
0.300000 -0.150000 0.225000
0.300000 -0.150000 0.300000
0.300000 -0.150000 0.375000
0.300000 -0.150000 0.450000
0.300000 -0.150000 0.525000
0.300000 -0.150000 0.600000
0.300000 -0.150000 0.675000
0.300000 -0.150000 0.750000
0.300000 -0.075000 -0.975000
0.300000 -0.075000 -0.900000
0.300000 -0.075000 -0.825000
0.300000 -0.075000 -0.750000
0.300000 -0.075000 -0.675000
0.300000 -0.075000 -0.600000
0.300000 -0.075000 -0.525000
0.300000 -0.075000 -0.450000
0.300000 -0.075000 -0.375000
0.300000 -0.075000 -0.225000
0.300000 -0.075000 -0.150000
0.300000 -0.075000 -0.075000
0.300000 -0.075000 0.000000
0.300000 -0.075000 0.225000
0.300000 -0.075000 0.300000
0.300000 -0.075000 0.375000
0.300000 -0.075000 0.450000
0.300000 -0.075000 0.600000
0.300000 -0.075000 0.675000
0.300000 -0.075000 0.750000
0.300000 0.000000 -0.975000
0.300000 0.000000 -0.900000
0.300000 0.000000 -0.825000
0.300000 0.000000 -0.750000
0.300000 0.000000 -0.675000
0.300000 0.000000 -0.600000
0.300000 0.000000 -0.525000
0.300000 0.000000 -0.450000
0.300000 0.000000 -0.375000
0.300000 0.000000 -0.225000
0.300000 0.000000 -0.150000
0.300000 0.000000 -0.075000
0.300000 0.000000 0.000000
0.300000 0.000000 0.300000
0.300000 0.000000 0.375000
0.300000 0.000000 0.450000
0.300000 0.000000 0.525000
0.300000 0.000000 0.600000
0.300000 0.000000 0.675000
0.300000 0.000000 0.750000
0.300000 0.075000 -0.975000
0.300000 0.075000 -0.900000
0.300000 0.075000 -0.825000
0.300000 0.075000 -0.750000
0.300000 0.075000 -0.675000
0.300000 0.075000 -0.600000
0.300000 0.075000 -0.525000
0.300000 0.075000 -0.450000
0.300000 0.075000 -0.375000
0.300000 0.075000 -0.225000
0.300000 0.075000 -0.150000
0.300000 0.075000 -0.075000
0.300000 0.075000 0.000000
0.300000 0.075000 0.225000
0.300000 0.075000 0.300000
0.300000 0.075000 0.375000
0.300000 0.075000 0.450000
0.300000 0.075000 0.525000
0.300000 0.075000 0.600000
0.300000 0.075000 0.675000
0.300000 0.075000 0.750000
0.300000 0.150000 -0.975000
0.300000 0.150000 -0.900000
0.300000 0.150000 -0.825000
0.300000 0.150000 -0.750000
0.300000 0.150000 -0.675000
0.300000 0.150000 -0.600000
0.300000 0.150000 -0.525000
0.300000 0.150000 -0.450000
0.300000 0.150000 -0.375000
0.300000 0.150000 -0.225000
0.300000 0.150000 -0.150000
0.300000 0.150000 -0.075000
0.300000 0.150000 0.000000
0.300000 0.150000 0.075000
0.300000 0.150000 0.150000
0.300000 0.150000 0.225000
0.300000 0.150000 0.300000
0.300000 0.150000 0.375000
0.300000 0.150000 0.450000
0.300000 0.150000 0.525000
0.300000 0.150000 0.600000
0.300000 0.150000 0.675000
0.300000 0.150000 0.750000
0.300000 0.225000 -0.900000
0.300000 0.225000 -0.825000
0.300000 0.225000 -0.750000
0.300000 0.225000 -0.675000
0.300000 0.225000 -0.600000
0.300000 0.225000 -0.525000
0.300000 0.225000 -0.150000
0.300000 0.225000 -0.075000
0.300000 0.225000 0.000000
0.300000 0.225000 0.075000
0.300000 0.225000 0.150000
0.300000 0.225000 0.225000
0.300000 0.225000 0.300000
0.300000 0.225000 0.375000
0.300000 0.225000 0.450000
0.300000 0.225000 0.525000
0.300000 0.225000 0.600000
0.300000 0.225000 0.675000
0.300000 0.300000 0.000000
0.300000 0.300000 0.075000
0.300000 0.300000 0.150000
0.300000 0.300000 0.225000
0.300000 0.300000 0.300000
0.300000 0.300000 0.375000
0.375000 -0.375000 0.075000
0.375000 -0.375000 0.150000
0.375000 -0.375000 0.225000
0.375000 -0.375000 0.300000
0.375000 -0.375000 0.375000
0.375000 -0.375000 0.450000
0.375000 -0.375000 0.525000
0.375000 -0.300000 -0.075000
0.375000 -0.300000 0.000000
0.375000 -0.300000 0.075000
0.375000 -0.300000 0.150000
0.375000 -0.300000 0.225000
0.375000 -0.300000 0.300000
0.375000 -0.300000 0.375000
0.375000 -0.300000 0.450000
0.375000 -0.300000 0.525000
0.375000 -0.300000 0.600000
0.375000 -0.300000 0.675000
0.375000 -0.225000 -0.975000
0.375000 -0.225000 -0.900000
0.375000 -0.225000 -0.825000
0.375000 -0.225000 -0.750000
0.375000 -0.225000 -0.675000
0.375000 -0.225000 -0.600000
0.375000 -0.225000 -0.525000
0.375000 -0.225000 -0.150000
0.375000 -0.225000 -0.075000
0.375000 -0.225000 0.000000
0.375000 -0.225000 0.075000
0.375000 -0.225000 0.150000
0.375000 -0.225000 0.225000
0.375000 -0.225000 0.300000
0.375000 -0.225000 0.375000
0.375000 -0.225000 0.450000
0.375000 -0.225000 0.525000
0.375000 -0.225000 0.600000
0.375000 -0.225000 0.675000
0.375000 -0.150000 -0.975000
0.375000 -0.150000 -0.900000
0.375000 -0.150000 -0.825000
0.375000 -0.150000 -0.750000
0.375000 -0.150000 -0.675000
0.375000 -0.150000 -0.600000
0.375000 -0.150000 -0.525000
0.375000 -0.150000 -0.150000
0.375000 -0.150000 -0.075000
0.375000 -0.150000 0.000000
0.375000 -0.150000 0.075000
0.375000 -0.150000 0.525000
0.375000 -0.150000 0.600000
0.375000 -0.150000 0.675000
0.375000 -0.150000 0.750000
0.375000 -0.075000 -0.975000
0.375000 -0.075000 -0.900000
0.375000 -0.075000 -0.825000
0.375000 -0.075000 -0.750000
0.375000 -0.075000 -0.675000
0.375000 -0.075000 -0.600000
0.375000 -0.075000 -0.525000
0.375000 -0.075000 -0.150000
0.375000 -0.075000 -0.075000
0.375000 -0.075000 0.000000
0.375000 -0.075000 0.075000
0.375000 -0.075000 0.600000
0.375000 -0.075000 0.675000
0.375000 -0.075000 0.750000
0.375000 0.000000 -0.975000
0.375000 0.000000 -0.900000
0.375000 0.000000 -0.825000
0.375000 0.000000 -0.750000
0.375000 0.000000 -0.675000
0.375000 0.000000 -0.600000
0.375000 0.000000 -0.525000
0.375000 0.000000 -0.150000
0.375000 0.000000 -0.075000
0.375000 0.000000 0.000000
0.375000 0.000000 0.075000
0.375000 0.000000 0.600000
0.375000 0.000000 0.675000
0.375000 0.000000 0.750000
0.375000 0.075000 -0.975000
0.375000 0.075000 -0.900000
0.375000 0.075000 -0.825000
0.375000 0.075000 -0.750000
0.375000 0.075000 -0.675000
0.375000 0.075000 -0.600000
0.375000 0.075000 -0.525000
0.375000 0.075000 -0.150000
0.375000 0.075000 -0.075000
0.375000 0.075000 0.000000
0.375000 0.075000 0.075000
0.375000 0.075000 0.300000
0.375000 0.075000 0.375000
0.375000 0.075000 0.525000
0.375000 0.075000 0.600000
0.375000 0.075000 0.675000
0.375000 0.075000 0.750000
0.375000 0.150000 -0.975000
0.375000 0.150000 -0.900000
0.375000 0.150000 -0.825000
0.375000 0.150000 -0.750000
0.375000 0.150000 -0.675000
0.375000 0.150000 -0.600000
0.375000 0.150000 -0.525000
0.375000 0.150000 -0.150000
0.375000 0.150000 -0.075000
0.375000 0.150000 0.000000
0.375000 0.150000 0.075000
0.375000 0.150000 0.150000
0.375000 0.150000 0.225000
0.375000 0.150000 0.300000
0.375000 0.150000 0.375000
0.375000 0.150000 0.450000
0.375000 0.150000 0.525000
0.375000 0.150000 0.600000
0.375000 0.150000 0.675000
0.375000 0.225000 -0.075000
0.375000 0.225000 0.000000
0.375000 0.225000 0.075000
0.375000 0.225000 0.150000
0.375000 0.225000 0.225000
0.375000 0.225000 0.300000
0.375000 0.225000 0.375000
0.375000 0.225000 0.450000
0.375000 0.225000 0.525000
0.375000 0.225000 0.600000
0.375000 0.225000 0.675000
0.375000 0.300000 0.075000
0.375000 0.300000 0.150000
0.375000 0.300000 0.225000
0.375000 0.300000 0.300000
0.375000 0.300000 0.375000
0.375000 0.300000 0.450000
0.375000 0.300000 0.525000
0.450000 -0.375000 0.075000
0.450000 -0.375000 0.150000
0.450000 -0.375000 0.225000
0.450000 -0.375000 0.300000
0.450000 -0.375000 0.375000
0.450000 -0.375000 0.450000
0.450000 -0.375000 0.525000
0.450000 -0.300000 0.000000
0.450000 -0.300000 0.075000
0.450000 -0.300000 0.150000
0.450000 -0.300000 0.225000
0.450000 -0.300000 0.300000
0.450000 -0.300000 0.375000
0.450000 -0.300000 0.450000
0.450000 -0.300000 0.525000
0.450000 -0.300000 0.600000
0.450000 -0.225000 -0.075000
0.450000 -0.225000 0.000000
0.450000 -0.225000 0.075000
0.450000 -0.225000 0.150000
0.450000 -0.225000 0.225000
0.450000 -0.225000 0.300000
0.450000 -0.225000 0.375000
0.450000 -0.225000 0.450000
0.450000 -0.225000 0.525000
0.450000 -0.225000 0.600000
0.450000 -0.225000 0.675000
0.450000 -0.150000 -0.150000
0.450000 -0.150000 -0.075000
0.450000 -0.150000 0.000000
0.450000 -0.150000 0.075000
0.450000 -0.150000 0.150000
0.450000 -0.150000 0.525000
0.450000 -0.150000 0.600000
0.450000 -0.150000 0.675000
0.450000 -0.075000 -0.150000
0.450000 -0.075000 -0.075000
0.450000 -0.075000 0.000000
0.450000 -0.075000 0.075000
0.450000 -0.075000 0.525000
0.450000 -0.075000 0.600000
0.450000 -0.075000 0.675000
0.450000 0.000000 -0.150000
0.450000 0.000000 -0.075000
0.450000 0.000000 0.000000
0.450000 0.000000 0.075000
0.450000 0.000000 0.600000
0.450000 0.000000 0.675000
0.450000 0.075000 -0.075000
0.450000 0.075000 0.000000
0.450000 0.075000 0.075000
0.450000 0.075000 0.150000
0.450000 0.075000 0.525000
0.450000 0.075000 0.600000
0.450000 0.075000 0.675000
0.450000 0.150000 -0.075000
0.450000 0.150000 0.000000
0.450000 0.150000 0.075000
0.450000 0.150000 0.150000
0.450000 0.150000 0.225000
0.450000 0.150000 0.300000
0.450000 0.150000 0.375000
0.450000 0.150000 0.450000
0.450000 0.150000 0.525000
0.450000 0.150000 0.600000
0.450000 0.150000 0.675000
0.450000 0.225000 -0.075000
0.450000 0.225000 0.000000
0.450000 0.225000 0.075000
0.450000 0.225000 0.150000
0.450000 0.225000 0.225000
0.450000 0.225000 0.300000
0.450000 0.225000 0.375000
0.450000 0.225000 0.450000
0.450000 0.225000 0.525000
0.450000 0.225000 0.600000
0.450000 0.225000 0.675000
0.450000 0.300000 0.075000
0.450000 0.300000 0.150000
0.450000 0.300000 0.225000
0.450000 0.300000 0.300000
0.450000 0.300000 0.375000
0.450000 0.300000 0.450000
0.450000 0.300000 0.525000
0.525000 -0.375000 0.150000
0.525000 -0.375000 0.225000
0.525000 -0.375000 0.300000
0.525000 -0.375000 0.375000
0.525000 -0.375000 0.450000
0.525000 -0.375000 0.525000
0.525000 -0.300000 0.000000
0.525000 -0.300000 0.075000
0.525000 -0.300000 0.150000
0.525000 -0.300000 0.225000
0.525000 -0.300000 0.300000
0.525000 -0.300000 0.375000
0.525000 -0.300000 0.450000
0.525000 -0.300000 0.525000
0.525000 -0.300000 0.600000
0.525000 -0.225000 0.000000
0.525000 -0.225000 0.075000
0.525000 -0.225000 0.150000
0.525000 -0.225000 0.225000
0.525000 -0.225000 0.300000
0.525000 -0.225000 0.375000
0.525000 -0.225000 0.450000
0.525000 -0.225000 0.525000
0.525000 -0.225000 0.600000
0.525000 -0.225000 0.675000
0.525000 -0.150000 -0.075000
0.525000 -0.150000 0.000000
0.525000 -0.150000 0.075000
0.525000 -0.150000 0.150000
0.525000 -0.150000 0.225000
0.525000 -0.150000 0.525000
0.525000 -0.150000 0.600000
0.525000 -0.150000 0.675000
0.525000 -0.075000 -0.075000
0.525000 -0.075000 0.000000
0.525000 -0.075000 0.075000
0.525000 -0.075000 0.150000
0.525000 -0.075000 0.525000
0.525000 -0.075000 0.600000
0.525000 -0.075000 0.675000
0.525000 0.000000 -0.075000
0.525000 0.000000 0.000000
0.525000 0.000000 0.075000
0.525000 0.000000 0.150000
0.525000 0.000000 0.525000
0.525000 0.000000 0.600000
0.525000 0.000000 0.675000
0.525000 0.075000 -0.075000
0.525000 0.075000 0.000000
0.525000 0.075000 0.075000
0.525000 0.075000 0.150000
0.525000 0.075000 0.225000
0.525000 0.075000 0.525000
0.525000 0.075000 0.600000
0.525000 0.075000 0.675000
0.525000 0.150000 -0.075000
0.525000 0.150000 0.000000
0.525000 0.150000 0.075000
0.525000 0.150000 0.150000
0.525000 0.150000 0.225000
0.525000 0.150000 0.300000
0.525000 0.150000 0.375000
0.525000 0.150000 0.450000
0.525000 0.150000 0.525000
0.525000 0.150000 0.600000
0.525000 0.150000 0.675000
0.525000 0.225000 0.000000
0.525000 0.225000 0.075000
0.525000 0.225000 0.150000
0.525000 0.225000 0.225000
0.525000 0.225000 0.300000
0.525000 0.225000 0.375000
0.525000 0.225000 0.450000
0.525000 0.225000 0.525000
0.525000 0.225000 0.600000
0.525000 0.225000 0.675000
0.525000 0.300000 0.075000
0.525000 0.300000 0.150000
0.525000 0.300000 0.225000
0.525000 0.300000 0.300000
0.525000 0.300000 0.375000
0.525000 0.300000 0.450000
0.525000 0.300000 0.525000
0.600000 -0.375000 0.150000
0.600000 -0.375000 0.225000
0.600000 -0.375000 0.300000
0.600000 -0.375000 0.375000
0.600000 -0.375000 0.450000
0.600000 -0.375000 0.525000
0.600000 -0.300000 0.075000
0.600000 -0.300000 0.150000
0.600000 -0.300000 0.225000
0.600000 -0.300000 0.300000
0.600000 -0.300000 0.375000
0.600000 -0.300000 0.450000
0.600000 -0.300000 0.525000
0.600000 -0.300000 0.600000
0.600000 -0.225000 0.000000
0.600000 -0.225000 0.075000
0.600000 -0.225000 0.150000
0.600000 -0.225000 0.225000
0.600000 -0.225000 0.300000
0.600000 -0.225000 0.375000
0.600000 -0.225000 0.450000
0.600000 -0.225000 0.525000
0.600000 -0.225000 0.600000
0.600000 -0.150000 0.000000
0.600000 -0.150000 0.075000
0.600000 -0.150000 0.150000
0.600000 -0.150000 0.225000
0.600000 -0.150000 0.300000
0.600000 -0.150000 0.450000
0.600000 -0.150000 0.525000
0.600000 -0.150000 0.600000
0.600000 -0.150000 0.675000
0.600000 -0.075000 0.000000
0.600000 -0.075000 0.075000
0.600000 -0.075000 0.150000
0.600000 -0.075000 0.225000
0.600000 -0.075000 0.450000
0.600000 -0.075000 0.525000
0.600000 -0.075000 0.600000
0.600000 -0.075000 0.675000
0.600000 0.000000 0.000000
0.600000 0.000000 0.075000
0.600000 0.000000 0.150000
0.600000 0.000000 0.225000
0.600000 0.000000 0.525000
0.600000 0.000000 0.600000
0.600000 0.000000 0.675000
0.600000 0.075000 0.000000
0.600000 0.075000 0.075000
0.600000 0.075000 0.150000
0.600000 0.075000 0.225000
0.600000 0.075000 0.300000
0.600000 0.075000 0.525000
0.600000 0.075000 0.600000
0.600000 0.075000 0.675000
0.600000 0.150000 0.000000
0.600000 0.150000 0.075000
0.600000 0.150000 0.150000
0.600000 0.150000 0.225000
0.600000 0.150000 0.300000
0.600000 0.150000 0.375000
0.600000 0.150000 0.450000
0.600000 0.150000 0.525000
0.600000 0.150000 0.600000
0.600000 0.150000 0.675000
0.600000 0.225000 0.075000
0.600000 0.225000 0.150000
0.600000 0.225000 0.225000
0.600000 0.225000 0.300000
0.600000 0.225000 0.375000
0.600000 0.225000 0.450000
0.600000 0.225000 0.525000
0.600000 0.225000 0.600000
0.600000 0.300000 0.150000
0.600000 0.300000 0.225000
0.600000 0.300000 0.300000
0.600000 0.300000 0.375000
0.600000 0.300000 0.450000
0.675000 -0.375000 0.300000
0.675000 -0.375000 0.375000
0.675000 -0.375000 0.450000
0.675000 -0.300000 0.150000
0.675000 -0.300000 0.225000
0.675000 -0.300000 0.300000
0.675000 -0.300000 0.375000
0.675000 -0.300000 0.450000
0.675000 -0.300000 0.525000
0.675000 -0.225000 0.075000
0.675000 -0.225000 0.150000
0.675000 -0.225000 0.225000
0.675000 -0.225000 0.300000
0.675000 -0.225000 0.375000
0.675000 -0.225000 0.450000
0.675000 -0.225000 0.525000
0.675000 -0.225000 0.600000
0.675000 -0.150000 0.075000
0.675000 -0.150000 0.150000
0.675000 -0.150000 0.225000
0.675000 -0.150000 0.300000
0.675000 -0.150000 0.375000
0.675000 -0.150000 0.450000
0.675000 -0.150000 0.525000
0.675000 -0.150000 0.600000
0.675000 -0.075000 0.075000
0.675000 -0.075000 0.150000
0.675000 -0.075000 0.225000
0.675000 -0.075000 0.300000
0.675000 -0.075000 0.375000
0.675000 -0.075000 0.450000
0.675000 -0.075000 0.525000
0.675000 -0.075000 0.600000
0.675000 -0.075000 0.675000
0.675000 0.000000 0.075000
0.675000 0.000000 0.150000
0.675000 0.000000 0.225000
0.675000 0.000000 0.300000
0.675000 0.000000 0.375000
0.675000 0.000000 0.450000
0.675000 0.000000 0.525000
0.675000 0.000000 0.600000
0.675000 0.000000 0.675000
0.675000 0.075000 0.075000
0.675000 0.075000 0.150000
0.675000 0.075000 0.225000
0.675000 0.075000 0.300000
0.675000 0.075000 0.375000
0.675000 0.075000 0.450000
0.675000 0.075000 0.525000
0.675000 0.075000 0.600000
0.675000 0.075000 0.675000
0.675000 0.150000 0.075000
0.675000 0.150000 0.150000
0.675000 0.150000 0.225000
0.675000 0.150000 0.300000
0.675000 0.150000 0.375000
0.675000 0.150000 0.450000
0.675000 0.150000 0.525000
0.675000 0.150000 0.600000
0.675000 0.225000 0.150000
0.675000 0.225000 0.225000
0.675000 0.225000 0.300000
0.675000 0.225000 0.375000
0.675000 0.225000 0.450000
0.675000 0.225000 0.525000
0.675000 0.225000 0.600000
0.675000 0.300000 0.300000
0.675000 0.300000 0.375000
0.675000 0.300000 0.450000
0.750000 -0.300000 0.225000
0.750000 -0.300000 0.300000
0.750000 -0.300000 0.375000
0.750000 -0.300000 0.450000
0.750000 -0.300000 0.525000
0.750000 -0.225000 0.150000
0.750000 -0.225000 0.225000
0.750000 -0.225000 0.300000
0.750000 -0.225000 0.375000
0.750000 -0.225000 0.450000
0.750000 -0.225000 0.525000
0.750000 -0.150000 0.150000
0.750000 -0.150000 0.225000
0.750000 -0.150000 0.300000
0.750000 -0.150000 0.375000
0.750000 -0.150000 0.450000
0.750000 -0.150000 0.525000
0.750000 -0.075000 0.150000
0.750000 -0.075000 0.225000
0.750000 -0.075000 0.300000
0.750000 -0.075000 0.375000
0.750000 -0.075000 0.450000
0.750000 -0.075000 0.525000
0.750000 -0.075000 0.600000
0.750000 0.000000 0.150000
0.750000 0.000000 0.225000
0.750000 0.000000 0.300000
0.750000 0.000000 0.375000
0.750000 0.000000 0.450000
0.750000 0.000000 0.525000
0.750000 0.000000 0.600000
0.750000 0.075000 0.150000
0.750000 0.075000 0.225000
0.750000 0.075000 0.300000
0.750000 0.075000 0.375000
0.750000 0.075000 0.450000
0.750000 0.075000 0.525000
0.750000 0.075000 0.600000
0.750000 0.150000 0.150000
0.750000 0.150000 0.225000
0.750000 0.150000 0.300000
0.750000 0.150000 0.375000
0.750000 0.150000 0.450000
0.750000 0.150000 0.525000
0.750000 0.150000 0.600000
0.750000 0.225000 0.225000
0.750000 0.225000 0.300000
0.750000 0.225000 0.375000
0.750000 0.225000 0.450000
0.750000 0.225000 0.525000
0.825000 -0.225000 0.150000
0.825000 -0.225000 0.225000
0.825000 -0.225000 0.300000
0.825000 -0.225000 0.375000
0.825000 -0.225000 0.450000
0.825000 -0.225000 0.525000
0.825000 -0.150000 0.150000
0.825000 -0.150000 0.225000
0.825000 -0.150000 0.300000
0.825000 -0.150000 0.375000
0.825000 -0.150000 0.450000
0.825000 -0.150000 0.525000
0.825000 -0.075000 0.150000
0.825000 -0.075000 0.225000
0.825000 -0.075000 0.300000
0.825000 -0.075000 0.375000
0.825000 -0.075000 0.450000
0.825000 -0.075000 0.525000
0.825000 0.000000 0.150000
0.825000 0.000000 0.225000
0.825000 0.000000 0.300000
0.825000 0.000000 0.375000
0.825000 0.000000 0.450000
0.825000 0.000000 0.525000
0.825000 0.075000 0.150000
0.825000 0.075000 0.225000
0.825000 0.075000 0.300000
0.825000 0.075000 0.375000
0.825000 0.075000 0.450000
0.825000 0.075000 0.525000
0.825000 0.150000 0.300000
0.825000 0.150000 0.375000
0.825000 0.150000 0.450000
0.825000 0.150000 0.525000
0.900000 -0.225000 0.375000
0.900000 -0.225000 0.450000
0.900000 -0.150000 0.300000
0.900000 -0.150000 0.375000
0.900000 -0.150000 0.450000
0.900000 -0.150000 0.525000
0.900000 -0.075000 0.300000
0.900000 -0.075000 0.375000
0.900000 -0.075000 0.450000
0.900000 -0.075000 0.525000
0.900000 0.000000 0.300000
0.900000 0.000000 0.375000
0.900000 0.000000 0.450000
0.900000 0.000000 0.525000
0.900000 0.075000 0.375000
0.900000 0.075000 0.450000
4 0 5 41 32
4 1 33 42 6
4 0 32 33 1
4 41 5 6 42
4 0 1 6 5
4 32 41 42 33
4 1 6 42 33
4 2 34 43 7
4 1 33 34 2
4 42 6 7 43
4 1 2 7 6
4 33 42 43 34
4 2 7 43 34
4 3 35 44 8
4 2 34 35 3
4 43 7 8 44
4 2 3 8 7
4 34 43 44 35
4 4 9 54 40
4 5 41 55 10
4 4 40 41 5
4 54 9 10 55
4 4 5 10 9
4 40 54 55 41
4 5 10 55 41
4 6 42 56 11
4 5 41 42 6
4 55 10 11 56
4 5 6 11 10
4 41 55 56 42
4 6 11 56 42
4 7 43 57 12
4 6 42 43 7
4 56 11 12 57
4 6 7 12 11
4 42 56 57 43
4 7 12 57 43
4 8 44 58 13
4 7 43 44 8
4 57 12 13 58
4 7 8 13 12
4 43 57 58 44
4 9 14 68 54
4 10 55 69 15
4 9 54 55 10
4 68 14 15 69
4 9 10 15 14
4 54 68 69 55
4 10 15 69 55
4 11 56 70 16
4 10 55 56 11
4 69 15 16 70
4 10 11 16 15
4 55 69 70 56
4 11 16 70 56
4 12 57 71 17
4 11 56 57 12
4 70 16 17 71
4 11 12 17 16
4 56 70 71 57
4 12 17 71 57
4 13 58 72 18
4 12 57 58 13
4 71 17 18 72
4 12 13 18 17
4 57 71 72 58
4 14 19 82 68
4 15 69 83 20
4 14 68 69 15
4 82 19 20 83
4 14 15 20 19
4 68 82 83 69
4 15 20 83 69
4 16 70 84 21
4 15 69 70 16
4 83 20 21 84
4 15 16 21 20
4 69 83 84 70
4 16 21 84 70
4 17 71 85 22
4 16 70 71 17
4 84 21 22 85
4 16 17 22 21
4 70 84 85 71
4 17 22 85 71
4 18 72 86 23
4 17 71 72 18
4 85 22 23 86
4 17 18 23 22
4 71 85 86 72
4 24 31 131 112
4 25 113 132 32
4 24 112 113 25
4 131 31 32 132
4 24 25 32 31
4 112 131 132 113
4 25 32 132 113
4 26 114 133 33
4 25 113 114 26
4 132 32 33 133
4 25 26 33 32
4 113 132 133 114
4 26 33 133 114
4 27 115 134 34
4 26 114 115 27
4 133 33 34 134
4 26 27 34 33
4 114 133 134 115
4 27 34 134 115
4 28 116 135 35
4 27 115 116 28
4 134 34 35 135
4 27 28 35 34
4 115 134 135 116
4 29 38 149 129
4 30 130 150 39
4 29 129 130 30
4 149 38 39 150
4 29 30 39 38
4 129 149 150 130
4 30 39 150 130
4 31 131 151 40
4 30 130 131 31
4 150 39 40 151
4 30 31 40 39
4 130 150 151 131
4 31 40 151 131
4 32 132 152 41
4 31 131 132 32
4 151 40 41 152
4 31 32 41 40
4 131 151 152 132
4 32 41 152 132
4 33 133 153 42
4 32 132 133 33
4 152 41 42 153
4 32 33 42 41
4 132 152 153 133
4 33 42 153 133
4 34 134 154 43
4 33 133 134 34
4 153 42 43 154
4 33 34 43 42
4 133 153 154 134
4 34 43 154 134
4 35 135 155 44
4 34 134 135 35
4 154 43 44 155
4 34 35 44 43
4 134 154 155 135
4 35 44 155 135
4 36 136 156 45
4 35 135 136 36
4 155 44 45 156
4 35 36 45 44
4 135 155 156 136
4 37 51 169 148
4 38 149 170 52
4 37 148 149 38
4 169 51 52 170
4 37 38 52 51
4 148 169 170 149
4 38 52 170 149
4 39 150 171 53
4 38 149 150 39
4 170 52 53 171
4 38 39 53 52
4 149 170 171 150
4 39 53 171 150
4 40 151 172 54
4 39 150 151 40
4 171 53 54 172
4 39 40 54 53
4 150 171 172 151
4 40 54 172 151
4 41 152 173 55
4 40 151 152 41
4 172 54 55 173
4 40 41 55 54
4 151 172 173 152
4 41 55 173 152
4 42 153 174 56
4 41 152 153 42
4 173 55 56 174
4 41 42 56 55
4 152 173 174 153
4 43 57 175 154
4 44 155 176 58
4 43 154 155 44
4 175 57 58 176
4 43 44 58 57
4 154 175 176 155
4 44 58 176 155
4 45 156 177 59
4 44 155 156 45
4 176 58 59 177
4 44 45 59 58
4 155 176 177 156
4 45 59 177 156
4 46 157 178 60
4 45 156 157 46
4 177 59 60 178
4 45 46 60 59
4 156 177 178 157
4 47 61 183 162
4 48 163 184 62
4 47 162 163 48
4 183 61 62 184
4 47 48 62 61
4 162 183 184 163
4 48 62 184 163
4 49 164 185 63
4 48 163 164 49
4 184 62 63 185
4 48 49 63 62
4 163 184 185 164
4 49 63 185 164
4 50 165 186 64
4 49 164 165 50
4 185 63 64 186
4 49 50 64 63
4 164 185 186 165
4 51 65 190 169
4 52 170 191 66
4 51 169 170 52
4 190 65 66 191
4 51 52 66 65
4 169 190 191 170
4 52 66 191 170
4 53 171 192 67
4 52 170 171 53
4 191 66 67 192
4 52 53 67 66
4 170 191 192 171
4 53 67 192 171
4 54 172 193 68
4 53 171 172 54
4 192 67 68 193
4 53 54 68 67
4 171 192 193 172
4 54 68 193 172
4 55 173 194 69
4 54 172 173 55
4 193 68 69 194
4 54 55 69 68
4 172 193 194 173
4 57 71 196 175
4 58 176 197 72
4 57 175 176 58
4 196 71 72 197
4 57 58 72 71
4 175 196 197 176
4 58 72 197 176
4 59 177 198 73
4 58 176 177 59
4 197 72 73 198
4 58 59 73 72
4 176 197 198 177
4 59 73 198 177
4 60 178 199 74
4 59 177 178 60
4 198 73 74 199
4 59 60 74 73
4 177 198 199 178
4 61 75 204 183
4 62 184 205 76
4 61 183 184 62
4 204 75 76 205
4 61 62 76 75
4 183 204 205 184
4 62 76 205 184
4 63 185 206 77
4 62 184 185 63
4 205 76 77 206
4 62 63 77 76
4 184 205 206 185
4 63 77 206 185
4 64 186 207 78
4 63 185 186 64
4 206 77 78 207
4 63 64 78 77
4 185 206 207 186
4 65 79 211 190
4 66 191 212 80
4 65 190 191 66
4 211 79 80 212
4 65 66 80 79
4 190 211 212 191
4 66 80 212 191
4 67 192 213 81
4 66 191 192 67
4 212 80 81 213
4 66 67 81 80
4 191 212 213 192
4 67 81 213 192
4 68 193 214 82
4 67 192 193 68
4 213 81 82 214
4 67 68 82 81
4 192 213 214 193
4 68 82 214 193
4 69 194 215 83
4 68 193 194 69
4 214 82 83 215
4 68 69 83 82
4 193 214 215 194
4 69 83 215 194
4 70 195 216 84
4 69 194 195 70
4 215 83 84 216
4 69 70 84 83
4 194 215 216 195
4 70 84 216 195
4 71 196 217 85
4 70 195 196 71
4 216 84 85 217
4 70 71 85 84
4 195 216 217 196
4 71 85 217 196
4 72 197 218 86
4 71 196 197 72
4 217 85 86 218
4 71 72 86 85
4 196 217 218 197
4 72 86 218 197
4 73 198 219 87
4 72 197 198 73
4 218 86 87 219
4 72 73 87 86
4 197 218 219 198
4 73 87 219 198
4 74 199 220 88
4 73 198 199 74
4 219 87 88 220
4 73 74 88 87
4 198 219 220 199
4 80 89 233 212
4 81 213 234 90
4 80 212 213 81
4 233 89 90 234
4 80 81 90 89
4 212 233 234 213
4 81 90 234 213
4 82 214 235 91
4 81 213 214 82
4 234 90 91 235
4 81 82 91 90
4 213 234 235 214
4 82 91 235 214
4 83 215 236 92
4 82 214 215 83
4 235 91 92 236
4 82 83 92 91
4 214 235 236 215
4 83 92 236 215
4 84 216 237 93
4 83 215 216 84
4 236 92 93 237
4 83 84 93 92
4 215 236 237 216
4 84 93 237 216
4 85 217 238 94
4 84 216 217 85
4 237 93 94 238
4 84 85 94 93
4 216 237 238 217
4 85 94 238 217
4 86 218 239 95
4 85 217 218 86
4 238 94 95 239
4 85 86 95 94
4 217 238 239 218
4 86 95 239 218
4 87 219 240 96
4 86 218 219 87
4 239 95 96 240
4 86 87 96 95
4 218 239 240 219
4 91 97 250 235
4 92 236 251 98
4 91 235 236 92
4 250 97 98 251
4 91 92 98 97
4 235 250 251 236
4 92 98 251 236
4 93 237 252 99
4 92 236 237 93
4 251 98 99 252
4 92 93 99 98
4 236 251 252 237
4 93 99 252 237
4 94 238 253 100
4 93 237 238 94
4 252 99 100 253
4 93 94 100 99
4 237 252 253 238
4 94 100 253 238
4 95 239 254 101
4 94 238 239 95
4 253 100 101 254
4 94 95 101 100
4 238 253 254 239
4 102 119 278 257
4 103 258 279 120
4 102 257 258 103
4 278 119 120 279
4 102 103 120 119
4 257 278 279 258
4 103 120 279 258
4 104 259 280 121
4 103 258 259 104
4 279 120 121 280
4 103 104 121 120
4 258 279 280 259
4 104 121 280 259
4 105 260 281 122
4 104 259 260 105
4 280 121 122 281
4 104 105 122 121
4 259 280 281 260
4 105 122 281 260
4 106 261 282 123
4 105 260 261 106
4 281 122 123 282
4 105 106 123 122
4 260 281 282 261
4 106 123 282 261
4 107 262 283 124
4 106 261 262 107
4 282 123 124 283
4 106 107 124 123
4 261 282 283 262
4 107 124 283 262
4 108 263 284 125
4 107 262 263 108
4 283 124 125 284
4 107 108 125 124
4 262 283 284 263
4 109 128 287 266
4 110 267 288 129
4 109 266 267 110
4 287 128 129 288
4 109 110 129 128
4 266 287 288 267
4 110 129 288 267
4 111 268 289 130
4 110 267 268 111
4 288 129 130 289
4 110 111 130 129
4 267 288 289 268
4 111 130 289 268
4 112 269 290 131
4 111 268 269 112
4 289 130 131 290
4 111 112 131 130
4 268 289 290 269
4 112 131 290 269
4 113 270 291 132
4 112 269 270 113
4 290 131 132 291
4 112 113 132 131
4 269 290 291 270
4 113 132 291 270
4 114 271 292 133
4 113 270 271 114
4 291 132 133 292
4 113 114 133 132
4 270 291 292 271
4 114 133 292 271
4 115 272 293 134
4 114 271 272 115
4 292 133 134 293
4 114 115 134 133
4 271 292 293 272
4 115 134 293 272
4 116 273 294 135
4 115 272 273 116
4 293 134 135 294
4 115 116 135 134
4 272 293 294 273
4 116 135 294 273
4 117 274 295 136
4 116 273 274 117
4 294 135 136 295
4 116 117 136 135
4 273 294 295 274
4 118 138 299 277
4 119 278 300 139
4 118 277 278 119
4 299 138 139 300
4 118 119 139 138
4 277 299 300 278
4 119 139 300 278
4 120 279 301 140
4 119 278 279 120
4 300 139 140 301
4 119 120 140 139
4 278 300 301 279
4 120 140 301 279
4 121 280 302 141
4 120 279 280 121
4 301 140 141 302
4 120 121 141 140
4 279 301 302 280
4 121 141 302 280
4 122 281 303 142
4 121 280 281 122
4 302 141 142 303
4 121 122 142 141
4 280 302 303 281
4 122 142 303 281
4 123 282 304 143
4 122 281 282 123
4 303 142 143 304
4 122 123 143 142
4 281 303 304 282
4 123 143 304 282
4 124 283 305 144
4 123 282 283 124
4 304 143 144 305
4 123 124 144 143
4 282 304 305 283
4 124 144 305 283
4 125 284 306 145
4 124 283 284 125
4 305 144 145 306
4 124 125 145 144
4 283 305 306 284
4 125 145 306 284
4 126 285 307 146
4 125 284 285 126
4 306 145 146 307
4 125 126 146 145
4 284 306 307 285
4 126 146 307 285
4 127 286 308 147
4 126 285 286 127
4 307 146 147 308
4 126 127 147 146
4 285 307 308 286
4 127 147 308 286
4 128 287 309 148
4 127 286 287 128
4 308 147 148 309
4 127 128 148 147
4 286 308 309 287
4 128 148 309 287
4 129 288 310 149
4 128 287 288 129
4 309 148 149 310
4 128 129 149 148
4 287 309 310 288
4 129 149 310 288
4 130 289 311 150
4 129 288 289 130
4 310 149 150 311
4 129 130 150 149
4 288 310 311 289
4 130 150 311 289
4 131 290 312 151
4 130 289 290 131
4 311 150 151 312
4 130 131 151 150
4 289 311 312 290
4 131 151 312 290
4 132 291 313 152
4 131 290 291 132
4 312 151 152 313
4 131 132 152 151
4 290 312 313 291
4 134 154 314 293
4 135 294 315 155
4 134 293 294 135
4 314 154 155 315
4 134 135 155 154
4 293 314 315 294
4 135 155 315 294
4 136 295 316 156
4 135 294 295 136
4 315 155 156 316
4 135 136 156 155
4 294 315 316 295
4 136 156 316 295
4 137 296 317 157
4 136 295 296 137
4 316 156 157 317
4 136 137 157 156
4 295 316 317 296
4 138 159 320 299
4 139 300 321 160
4 138 299 300 139
4 320 159 160 321
4 138 139 160 159
4 299 320 321 300
4 139 160 321 300
4 140 301 322 161
4 139 300 301 140
4 321 160 161 322
4 139 140 161 160
4 300 321 322 301
4 140 161 322 301
4 141 302 323 162
4 140 301 302 141
4 322 161 162 323
4 140 141 162 161
4 301 322 323 302
4 141 162 323 302
4 142 303 324 163
4 141 302 303 142
4 323 162 163 324
4 141 142 163 162
4 302 323 324 303
4 142 163 324 303
4 143 304 325 164
4 142 303 304 143
4 324 163 164 325
4 142 143 164 163
4 303 324 325 304
4 143 164 325 304
4 144 305 326 165
4 143 304 305 144
4 325 164 165 326
4 143 144 165 164
4 304 325 326 305
4 144 165 326 305
4 145 306 327 166
4 144 305 306 145
4 326 165 166 327
4 144 145 166 165
4 305 326 327 306
4 145 166 327 306
4 146 307 328 167
4 145 306 307 146
4 327 166 167 328
4 145 146 167 166
4 306 327 328 307
4 146 167 328 307
4 147 308 329 168
4 146 307 308 147
4 328 167 168 329
4 146 147 168 167
4 307 328 329 308
4 147 168 329 308
4 148 309 330 169
4 147 308 309 148
4 329 168 169 330
4 147 148 169 168
4 308 329 330 309
4 148 169 330 309
4 149 310 331 170
4 148 309 310 149
4 330 169 170 331
4 148 149 170 169
4 309 330 331 310
4 149 170 331 310
4 150 311 332 171
4 149 310 311 150
4 331 170 171 332
4 149 150 171 170
4 310 331 332 311
4 155 176 333 315
4 156 316 334 177
4 155 315 316 156
4 333 176 177 334
4 155 156 177 176
4 315 333 334 316
4 156 177 334 316
4 157 317 335 178
4 156 316 317 157
4 334 177 178 335
4 156 157 178 177
4 316 334 335 317
4 157 178 335 317
4 158 318 336 179
4 157 317 318 158
4 335 178 179 336
4 157 158 179 178
4 317 335 336 318
4 159 180 338 320
4 160 321 339 181
4 159 320 321 160
4 338 180 181 339
4 159 160 181 180
4 320 338 339 321
4 160 181 339 321
4 161 322 340 182
4 160 321 322 161
4 339 181 182 340
4 160 161 182 181
4 321 339 340 322
4 161 182 340 322
4 162 323 341 183
4 161 322 323 162
4 340 182 183 341
4 161 162 183 182
4 322 340 341 323
4 162 183 341 323
4 163 324 342 184
4 162 323 324 163
4 341 183 184 342
4 162 163 184 183
4 323 341 342 324
4 163 184 342 324
4 164 325 343 185
4 163 324 325 164
4 342 184 185 343
4 163 164 185 184
4 324 342 343 325
4 164 185 343 325
4 165 326 344 186
4 164 325 326 165
4 343 185 186 344
4 164 165 186 185
4 325 343 344 326
4 165 186 344 326
4 166 327 345 187
4 165 326 327 166
4 344 186 187 345
4 165 166 187 186
4 326 344 345 327
4 166 187 345 327
4 167 328 346 188
4 166 327 328 167
4 345 187 188 346
4 166 167 188 187
4 327 345 346 328
4 167 188 346 328
4 168 329 347 189
4 167 328 329 168
4 346 188 189 347
4 167 168 189 188
4 328 346 347 329
4 168 189 347 329
4 169 330 348 190
4 168 329 330 169
4 347 189 190 348
4 168 169 190 189
4 329 347 348 330
4 169 190 348 330
4 170 331 349 191
4 169 330 331 170
4 348 190 191 349
4 169 170 191 190
4 330 348 349 331
4 177 198 351 334
4 178 335 352 199
4 177 334 335 178
4 351 198 199 352
4 177 178 199 198
4 334 351 352 335
4 178 199 352 335
4 179 336 353 200
4 178 335 336 179
4 352 199 200 353
4 178 179 200 199
4 335 352 353 336
4 180 201 355 338
4 181 339 356 202
4 180 338 339 181
4 355 201 202 356
4 180 181 202 201
4 338 355 356 339
4 181 202 356 339
4 182 340 357 203
4 181 339 340 182
4 356 202 203 357
4 181 182 203 202
4 339 356 357 340
4 182 203 357 340
4 183 341 358 204
4 182 340 341 183
4 357 203 204 358
4 182 183 204 203
4 340 357 358 341
4 183 204 358 341
4 184 342 359 205
4 183 341 342 184
4 358 204 205 359
4 183 184 205 204
4 341 358 359 342
4 184 205 359 342
4 185 343 360 206
4 184 342 343 185
4 359 205 206 360
4 184 185 206 205
4 342 359 360 343
4 185 206 360 343
4 186 344 361 207
4 185 343 344 186
4 360 206 207 361
4 185 186 207 206
4 343 360 361 344
4 186 207 361 344
4 187 345 362 208
4 186 344 345 187
4 361 207 208 362
4 186 187 208 207
4 344 361 362 345
4 187 208 362 345
4 188 346 363 209
4 187 345 346 188
4 362 208 209 363
4 187 188 209 208
4 345 362 363 346
4 188 209 363 346
4 189 347 364 210
4 188 346 347 189
4 363 209 210 364
4 188 189 210 209
4 346 363 364 347
4 189 210 364 347
4 190 348 365 211
4 189 347 348 190
4 364 210 211 365
4 189 190 211 210
4 347 364 365 348
4 190 211 365 348
4 191 349 366 212
4 190 348 349 191
4 365 211 212 366
4 190 191 212 211
4 348 365 366 349
4 191 212 366 349
4 192 350 367 213
4 191 349 350 192
4 366 212 213 367
4 191 192 213 212
4 349 366 367 350
4 198 219 372 351
4 199 352 373 220
4 198 351 352 199
4 372 219 220 373
4 198 199 220 219
4 351 372 373 352
4 199 220 373 352
4 200 353 374 221
4 199 352 353 200
4 373 220 221 374
4 199 200 221 220
4 352 373 374 353
4 201 222 376 355
4 202 356 377 223
4 201 355 356 202
4 376 222 223 377
4 201 202 223 222
4 355 376 377 356
4 202 223 377 356
4 203 357 378 224
4 202 356 357 203
4 377 223 224 378
4 202 203 224 223
4 356 377 378 357
4 203 224 378 357
4 204 358 379 225
4 203 357 358 204
4 378 224 225 379
4 203 204 225 224
4 357 378 379 358
4 204 225 379 358
4 205 359 380 226
4 204 358 359 205
4 379 225 226 380
4 204 205 226 225
4 358 379 380 359
4 205 226 380 359
4 206 360 381 227
4 205 359 360 206
4 380 226 227 381
4 205 206 227 226
4 359 380 381 360
4 206 227 381 360
4 207 361 382 228
4 206 360 361 207
4 381 227 228 382
4 206 207 228 227
4 360 381 382 361
4 207 228 382 361
4 208 362 383 229
4 207 361 362 208
4 382 228 229 383
4 207 208 229 228
4 361 382 383 362
4 208 229 383 362
4 209 363 384 230
4 208 362 363 209
4 383 229 230 384
4 208 209 230 229
4 362 383 384 363
4 209 230 384 363
4 210 364 385 231
4 209 363 364 210
4 384 230 231 385
4 209 210 231 230
4 363 384 385 364
4 210 231 385 364
4 211 365 386 232
4 210 364 365 211
4 385 231 232 386
4 210 211 232 231
4 364 385 386 365
4 211 232 386 365
4 212 366 387 233
4 211 365 366 212
4 386 232 233 387
4 211 212 233 232
4 365 386 387 366
4 212 233 387 366
4 213 367 388 234
4 212 366 367 213
4 387 233 234 388
4 212 213 234 233
4 366 387 388 367
4 213 234 388 367
4 214 368 389 235
4 213 367 368 214
4 388 234 235 389
4 213 214 235 234
4 367 388 389 368
4 214 235 389 368
4 215 369 390 236
4 214 368 369 215
4 389 235 236 390
4 214 215 236 235
4 368 389 390 369
4 217 238 392 370
4 218 371 393 239
4 217 370 371 218
4 392 238 239 393
4 217 218 239 238
4 370 392 393 371
4 218 239 393 371
4 219 372 394 240
4 218 371 372 219
4 393 239 240 394
4 218 219 240 239
4 371 393 394 372
4 219 240 394 372
4 220 373 395 241
4 219 372 373 220
4 394 240 241 395
4 219 220 241 240
4 372 394 395 373
4 224 242 399 378
4 225 379 400 243
4 224 378 379 225
4 399 242 243 400
4 224 225 243 242
4 378 399 400 379
4 225 243 400 379
4 226 380 401 244
4 225 379 380 226
4 400 243 244 401
4 225 226 244 243
4 379 400 401 380
4 226 244 401 380
4 227 381 402 245
4 226 380 381 227
4 401 244 245 402
4 226 227 245 244
4 380 401 402 381
4 227 245 402 381
4 228 382 403 246
4 227 381 382 228
4 402 245 246 403
4 227 228 246 245
4 381 402 403 382
4 228 246 403 382
4 229 383 404 247
4 228 382 383 229
4 403 246 247 404
4 228 229 247 246
4 382 403 404 383
4 233 248 408 387
4 234 388 409 249
4 233 387 388 234
4 408 248 249 409
4 233 234 249 248
4 387 408 409 388
4 234 249 409 388
4 235 389 410 250
4 234 388 389 235
4 409 249 250 410
4 234 235 250 249
4 388 409 410 389
4 235 250 410 389
4 236 390 411 251
4 235 389 390 236
4 410 250 251 411
4 235 236 251 250
4 389 410 411 390
4 236 251 411 390
4 237 391 412 252
4 236 390 391 237
4 411 251 252 412
4 236 237 252 251
4 390 411 412 391
4 237 252 412 391
4 238 392 413 253
4 237 391 392 238
4 412 252 253 413
4 237 238 253 252
4 391 412 413 392
4 238 253 413 392
4 239 393 414 254
4 238 392 393 239
4 413 253 254 414
4 238 239 254 253
4 392 413 414 393
4 239 254 414 393
4 240 394 415 255
4 239 393 394 240
4 414 254 255 415
4 239 240 255 254
4 393 414 415 394
4 256 277 444 422
4 257 423 445 278
4 256 422 423 257
4 444 277 278 445
4 256 257 278 277
4 422 444 445 423
4 257 278 445 423
4 258 424 446 279
4 257 423 424 258
4 445 278 279 446
4 257 258 279 278
4 423 445 446 424
4 258 279 446 424
4 259 425 447 280
4 258 424 425 259
4 446 279 280 447
4 258 259 280 279
4 424 446 447 425
4 259 280 447 425
4 260 426 448 281
4 259 425 426 260
4 447 280 281 448
4 259 260 281 280
4 425 447 448 426
4 260 281 448 426
4 261 427 449 282
4 260 426 427 261
4 448 281 282 449
4 260 261 282 281
4 426 448 449 427
4 261 282 449 427
4 262 428 450 283
4 261 427 428 262
4 449 282 283 450
4 261 262 283 282
4 427 449 450 428
4 262 283 450 428
4 263 429 451 284
4 262 428 429 263
4 450 283 284 451
4 262 263 284 283
4 428 450 451 429
4 263 284 451 429
4 264 430 452 285
4 263 429 430 264
4 451 284 285 452
4 263 264 285 284
4 429 451 452 430
4 264 285 452 430
4 265 431 453 286
4 264 430 431 265
4 452 285 286 453
4 264 265 286 285
4 430 452 453 431
4 265 286 453 431
4 266 432 454 287
4 265 431 432 266
4 453 286 287 454
4 265 266 287 286
4 431 453 454 432
4 266 287 454 432
4 267 433 455 288
4 266 432 433 267
4 454 287 288 455
4 266 267 288 287
4 432 454 455 433
4 267 288 455 433
4 268 434 456 289
4 267 433 434 268
4 455 288 289 456
4 267 268 289 288
4 433 455 456 434
4 268 289 456 434
4 269 435 457 290
4 268 434 435 269
4 456 289 290 457
4 268 269 290 289
4 434 456 457 435
4 269 290 457 435
4 270 436 458 291
4 269 435 436 270
4 457 290 291 458
4 269 270 291 290
4 435 457 458 436
4 270 291 458 436
4 271 437 459 292
4 270 436 437 271
4 458 291 292 459
4 270 271 292 291
4 436 458 459 437
4 271 292 459 437
4 272 438 460 293
4 271 437 438 272
4 459 292 293 460
4 271 272 293 292
4 437 459 460 438
4 272 293 460 438
4 273 439 461 294
4 272 438 439 273
4 460 293 294 461
4 272 273 294 293
4 438 460 461 439
4 273 294 461 439
4 274 440 462 295
4 273 439 440 274
4 461 294 295 462
4 273 274 295 294
4 439 461 462 440
4 274 295 462 440
4 275 441 463 296
4 274 440 441 275
4 462 295 296 463
4 274 275 296 295
4 440 462 463 441
4 276 298 466 443
4 277 444 467 299
4 276 443 444 277
4 466 298 299 467
4 276 277 299 298
4 443 466 467 444
4 277 299 467 444
4 278 445 468 300
4 277 444 445 278
4 467 299 300 468
4 277 278 300 299
4 444 467 468 445
4 278 300 468 445
4 279 446 469 301
4 278 445 446 279
4 468 300 301 469
4 278 279 301 300
4 445 468 469 446
4 283 305 473 450
4 284 451 474 306
4 283 450 451 284
4 473 305 306 474
4 283 284 306 305
4 450 473 474 451
4 284 306 474 451
4 285 452 475 307
4 284 451 452 285
4 474 306 307 475
4 284 285 307 306
4 451 474 475 452
4 285 307 475 452
4 286 453 476 308
4 285 452 453 286
4 475 307 308 476
4 285 286 308 307
4 452 475 476 453
4 286 308 476 453
4 287 454 477 309
4 286 453 454 287
4 476 308 309 477
4 286 287 309 308
4 453 476 477 454
4 287 309 477 454
4 288 455 478 310
4 287 454 455 288
4 477 309 310 478
4 287 288 310 309
4 454 477 478 455
4 294 315 484 461
4 295 462 485 316
4 294 461 462 295
4 484 315 316 485
4 294 295 316 315
4 461 484 485 462
4 295 316 485 462
4 296 463 486 317
4 295 462 463 296
4 485 316 317 486
4 295 296 317 316
4 462 485 486 463
4 296 317 486 463
4 297 464 487 318
4 296 463 464 297
4 486 317 318 487
4 296 297 318 317
4 463 486 487 464
4 298 319 489 466
4 299 467 490 320
4 298 466 467 299
4 489 319 320 490
4 298 299 320 319
4 466 489 490 467
4 299 320 490 467
4 300 468 491 321
4 299 467 468 300
4 490 320 321 491
4 299 300 321 320
4 467 490 491 468
4 316 334 496 485
4 317 486 497 335
4 316 485 486 317
4 496 334 335 497
4 316 317 335 334
4 485 496 497 486
4 317 335 497 486
4 318 487 498 336
4 317 486 487 318
4 497 335 336 498
4 317 318 336 335
4 486 497 498 487
4 319 337 500 489
4 320 490 501 338
4 319 489 490 320
4 500 337 338 501
4 319 320 338 337
4 489 500 501 490
4 320 338 501 490
4 321 491 502 339
4 320 490 491 321
4 501 338 339 502
4 320 321 339 338
4 490 501 502 491
4 335 352 508 497
4 336 498 509 353
4 335 497 498 336
4 508 352 353 509
4 335 336 353 352
4 497 508 509 498
4 337 354 511 500
4 338 501 512 355
4 337 500 501 338
4 511 354 355 512
4 337 338 355 354
4 500 511 512 501
4 338 355 512 501
4 339 502 513 356
4 338 501 502 339
4 512 355 356 513
4 338 339 356 355
4 501 512 513 502
4 351 372 530 507
4 352 508 531 373
4 351 507 508 352
4 530 372 373 531
4 351 352 373 372
4 507 530 531 508
4 352 373 531 508
4 353 509 532 374
4 352 508 509 353
4 531 373 374 532
4 352 353 374 373
4 508 531 532 509
4 354 375 533 511
4 355 512 534 376
4 354 511 512 355
4 533 375 376 534
4 354 355 376 375
4 511 533 534 512
4 355 376 534 512
4 356 513 535 377
4 355 512 513 356
4 534 376 377 535
4 355 356 377 376
4 512 534 535 513
4 356 377 535 513
4 357 514 536 378
4 356 513 514 357
4 535 377 378 536
4 356 357 378 377
4 513 535 536 514
4 357 378 536 514
4 358 515 537 379
4 357 514 515 358
4 536 378 379 537
4 357 358 379 378
4 514 536 537 515
4 361 382 540 518
4 362 519 541 383
4 361 518 519 362
4 540 382 383 541
4 361 362 383 382
4 518 540 541 519
4 362 383 541 519
4 363 520 542 384
4 362 519 520 363
4 541 383 384 542
4 362 363 384 383
4 519 541 542 520
4 363 384 542 520
4 364 521 543 385
4 363 520 521 364
4 542 384 385 543
4 363 364 385 384
4 520 542 543 521
4 364 385 543 521
4 365 522 544 386
4 364 521 522 365
4 543 385 386 544
4 364 365 386 385
4 521 543 544 522
4 365 386 544 522
4 366 523 545 387
4 365 522 523 366
4 544 386 387 545
4 365 366 387 386
4 522 544 545 523
4 366 387 545 523
4 367 524 546 388
4 366 523 524 367
4 545 387 388 546
4 366 367 388 387
4 523 545 546 524
4 371 393 551 529
4 372 530 552 394
4 371 529 530 372
4 551 393 394 552
4 371 372 394 393
4 529 551 552 530
4 372 394 552 530
4 373 531 553 395
4 372 530 531 373
4 552 394 395 553
4 372 373 395 394
4 530 552 553 531
4 373 395 553 531
4 374 532 554 396
4 373 531 532 374
4 553 395 396 554
4 373 374 396 395
4 531 553 554 532
4 376 397 556 534
4 377 535 557 398
4 376 534 535 377
4 556 397 398 557
4 376 377 398 397
4 534 556 557 535
4 377 398 557 535
4 378 536 558 399
4 377 535 536 378
4 557 398 399 558
4 377 378 399 398
4 535 557 558 536
4 378 399 558 536
4 379 537 559 400
4 378 536 537 379
4 558 399 400 559
4 378 379 400 399
4 536 558 559 537
4 379 400 559 537
4 380 538 560 401
4 379 537 538 380
4 559 400 401 560
4 379 380 401 400
4 537 559 560 538
4 380 401 560 538
4 381 539 561 402
4 380 538 539 381
4 560 401 402 561
4 380 381 402 401
4 538 560 561 539
4 381 402 561 539
4 382 540 562 403
4 381 539 540 382
4 561 402 403 562
4 381 382 403 402
4 539 561 562 540
4 382 403 562 540
4 383 541 563 404
4 382 540 541 383
4 562 403 404 563
4 382 383 404 403
4 540 562 563 541
4 383 404 563 541
4 384 542 564 405
4 383 541 542 384
4 563 404 405 564
4 383 384 405 404
4 541 563 564 542
4 384 405 564 542
4 385 543 565 406
4 384 542 543 385
4 564 405 406 565
4 384 385 406 405
4 542 564 565 543
4 385 406 565 543
4 386 544 566 407
4 385 543 544 386
4 565 406 407 566
4 385 386 407 406
4 543 565 566 544
4 386 407 566 544
4 387 545 567 408
4 386 544 545 387
4 566 407 408 567
4 386 387 408 407
4 544 566 567 545
4 387 408 567 545
4 388 546 568 409
4 387 545 546 388
4 567 408 409 568
4 387 388 409 408
4 545 567 568 546
4 388 409 568 546
4 389 547 569 410
4 388 546 547 389
4 568 409 410 569
4 388 389 410 409
4 546 568 569 547
4 389 410 569 547
4 390 548 570 411
4 389 547 548 390
4 569 410 411 570
4 389 390 411 410
4 547 569 570 548
4 390 411 570 548
4 391 549 571 412
4 390 548 549 391
4 570 411 412 571
4 390 391 412 411
4 548 570 571 549
4 391 412 571 549
4 392 550 572 413
4 391 549 550 392
4 571 412 413 572
4 391 392 413 412
4 549 571 572 550
4 392 413 572 550
4 393 551 573 414
4 392 550 551 393
4 572 413 414 573
4 392 393 414 413
4 550 572 573 551
4 393 414 573 551
4 394 552 574 415
4 393 551 552 394
4 573 414 415 574
4 393 394 415 414
4 551 573 574 552
4 394 415 574 552
4 395 553 575 416
4 394 552 553 395
4 574 415 416 575
4 394 395 416 415
4 552 574 575 553
4 417 430 595 582
4 418 583 596 431
4 417 582 583 418
4 595 430 431 596
4 417 418 431 430
4 582 595 596 583
4 418 431 596 583
4 419 584 597 432
4 418 583 584 419
4 596 431 432 597
4 418 419 432 431
4 583 596 597 584
4 419 432 597 584
4 420 585 598 433
4 419 584 585 420
4 597 432 433 598
4 419 420 433 432
4 584 597 598 585
4 421 443 608 586
4 422 587 609 444
4 421 586 587 422
4 608 443 444 609
4 421 422 444 443
4 586 608 609 587
4 422 444 609 587
4 423 588 610 445
4 422 587 588 423
4 609 444 445 610
4 422 423 445 444
4 587 609 610 588
4 423 445 610 588
4 424 589 611 446
4 423 588 589 424
4 610 445 446 611
4 423 424 446 445
4 588 610 611 589
4 424 446 611 589
4 425 590 612 447
4 424 589 590 425
4 611 446 447 612
4 424 425 447 446
4 589 611 612 590
4 425 447 612 590
4 426 591 613 448
4 425 590 591 426
4 612 447 448 613
4 425 426 448 447
4 590 612 613 591
4 426 448 613 591
4 427 592 614 449
4 426 591 592 427
4 613 448 449 614
4 426 427 449 448
4 591 613 614 592
4 427 449 614 592
4 428 593 615 450
4 427 592 593 428
4 614 449 450 615
4 427 428 450 449
4 592 614 615 593
4 428 450 615 593
4 429 594 616 451
4 428 593 594 429
4 615 450 451 616
4 428 429 451 450
4 593 615 616 594
4 429 451 616 594
4 430 595 617 452
4 429 594 595 430
4 616 451 452 617
4 429 430 452 451
4 594 616 617 595
4 430 452 617 595
4 431 596 618 453
4 430 595 596 431
4 617 452 453 618
4 430 431 453 452
4 595 617 618 596
4 431 453 618 596
4 432 597 619 454
4 431 596 597 432
4 618 453 454 619
4 431 432 454 453
4 596 618 619 597
4 432 454 619 597
4 433 598 620 455
4 432 597 598 433
4 619 454 455 620
4 432 433 455 454
4 597 619 620 598
4 433 455 620 598
4 434 599 621 456
4 433 598 599 434
4 620 455 456 621
4 433 434 456 455
4 598 620 621 599
4 434 456 621 599
4 435 600 622 457
4 434 599 600 435
4 621 456 457 622
4 434 435 457 456
4 599 621 622 600
4 435 457 622 600
4 436 601 623 458
4 435 600 601 436
4 622 457 458 623
4 435 436 458 457
4 600 622 623 601
4 436 458 623 601
4 437 602 624 459
4 436 601 602 437
4 623 458 459 624
4 436 437 459 458
4 601 623 624 602
4 437 459 624 602
4 438 603 625 460
4 437 602 603 438
4 624 459 460 625
4 437 438 460 459
4 602 624 625 603
4 438 460 625 603
4 439 604 626 461
4 438 603 604 439
4 625 460 461 626
4 438 439 461 460
4 603 625 626 604
4 439 461 626 604
4 440 605 627 462
4 439 604 605 440
4 626 461 462 627
4 439 440 462 461
4 604 626 627 605
4 440 462 627 605
4 441 606 628 463
4 440 605 606 441
4 627 462 463 628
4 440 441 463 462
4 605 627 628 606
4 441 463 628 606
4 442 607 629 464
4 441 606 607 442
4 628 463 464 629
4 441 442 464 463
4 606 628 629 607
4 443 466 632 608
4 444 609 633 467
4 443 608 609 444
4 632 466 467 633
4 443 444 467 466
4 608 632 633 609
4 444 467 633 609
4 445 610 634 468
4 444 609 610 445
4 633 467 468 634
4 444 445 468 467
4 609 633 634 610
4 446 469 635 611
4 447 612 636 470
4 446 611 612 447
4 635 469 470 636
4 446 447 470 469
4 611 635 636 612
4 447 470 636 612
4 448 613 637 471
4 447 612 613 448
4 636 470 471 637
4 447 448 471 470
4 612 636 637 613
4 448 471 637 613
4 449 614 638 472
4 448 613 614 449
4 637 471 472 638
4 448 449 472 471
4 613 637 638 614
4 449 472 638 614
4 450 615 639 473
4 449 614 615 450
4 638 472 473 639
4 449 450 473 472
4 614 638 639 615
4 450 473 639 615
4 451 616 640 474
4 450 615 616 451
4 639 473 474 640
4 450 451 474 473
4 615 639 640 616
4 455 478 641 620
4 456 621 642 479
4 455 620 621 456
4 641 478 479 642
4 455 456 479 478
4 620 641 642 621
4 456 479 642 621
4 457 622 643 480
4 456 621 622 457
4 642 479 480 643
4 456 457 480 479
4 621 642 643 622
4 457 480 643 622
4 458 623 644 481
4 457 622 623 458
4 643 480 481 644
4 457 458 481 480
4 622 643 644 623
4 458 481 644 623
4 459 624 645 482
4 458 623 624 459
4 644 481 482 645
4 458 459 482 481
4 623 644 645 624
4 459 482 645 624
4 460 625 646 483
4 459 624 625 460
4 645 482 483 646
4 459 460 483 482
4 624 645 646 625
4 460 483 646 625
4 461 626 647 484
4 460 625 626 461
4 646 483 484 647
4 460 461 484 483
4 625 646 647 626
4 462 485 648 627
4 463 628 649 486
4 462 627 628 463
4 648 485 486 649
4 462 463 486 485
4 627 648 649 628
4 463 486 649 628
4 464 629 650 487
4 463 628 629 464
4 649 486 487 650
4 463 464 487 486
4 628 649 650 629
4 465 488 652 631
4 466 632 653 489
4 465 631 632 466
4 652 488 489 653
4 465 466 489 488
4 631 652 653 632
4 466 489 653 632
4 467 633 654 490
4 466 632 633 467
4 653 489 490 654
4 466 467 490 489
4 632 653 654 633
4 480 492 662 643
4 481 644 663 493
4 480 643 644 481
4 662 492 493 663
4 480 481 493 492
4 643 662 663 644
4 481 493 663 644
4 482 645 664 494
4 481 644 645 482
4 663 493 494 664
4 481 482 494 493
4 644 663 664 645
4 482 494 664 645
4 483 646 665 495
4 482 645 646 483
4 664 494 495 665
4 482 483 495 494
4 645 664 665 646
4 486 497 667 649
4 487 650 668 498
4 486 649 650 487
4 667 497 498 668
4 486 487 498 497
4 649 667 668 650
4 488 499 670 652
4 489 653 671 500
4 488 652 653 489
4 670 499 500 671
4 488 489 500 499
4 652 670 671 653
4 497 508 685 667
4 498 668 686 509
4 497 667 668 498
4 685 508 509 686
4 497 498 509 508
4 667 685 686 668
4 499 510 688 670
4 500 671 689 511
4 499 670 671 500
4 688 510 511 689
4 499 500 511 510
4 670 688 689 671
4 500 511 689 671
4 501 672 690 512
4 500 671 672 501
4 689 511 512 690
4 500 501 512 511
4 671 689 690 672
4 503 525 700 680
4 504 681 701 526
4 503 680 681 504
4 700 525 526 701
4 503 504 526 525
4 680 700 701 681
4 504 526 701 681
4 505 682 702 527
4 504 681 682 505
4 701 526 527 702
4 504 505 527 526
4 681 701 702 682
4 505 527 702 682
4 506 683 703 528
4 505 682 683 506
4 702 527 528 703
4 505 506 528 527
4 682 702 703 683
4 508 531 706 685
4 509 686 707 532
4 508 685 686 509
4 706 531 532 707
4 508 509 532 531
4 685 706 707 686
4 511 533 710 689
4 512 690 711 534
4 511 689 690 512
4 710 533 534 711
4 511 512 534 533
4 689 710 711 690
4 512 534 711 690
4 513 691 712 535
4 512 690 691 513
4 711 534 535 712
4 512 513 535 534
4 690 711 712 691
4 514 536 713 692
4 515 693 714 537
4 514 692 693 515
4 713 536 537 714
4 514 515 537 536
4 692 713 714 693
4 515 537 714 693
4 516 694 715 538
4 515 693 694 516
4 714 537 538 715
4 515 516 538 537
4 693 714 715 694
4 516 538 715 694
4 517 695 716 539
4 516 694 695 517
4 715 538 539 716
4 516 517 539 538
4 694 715 716 695
4 517 539 716 695
4 518 696 717 540
4 517 695 696 518
4 716 539 540 717
4 517 518 540 539
4 695 716 717 696
4 523 545 722 698
4 524 699 723 546
4 523 698 699 524
4 722 545 546 723
4 523 524 546 545
4 698 722 723 699
4 524 546 723 699
4 525 700 724 547
4 524 699 700 525
4 723 546 547 724
4 524 525 547 546
4 699 723 724 700
4 525 547 724 700
4 526 701 725 548
4 525 700 701 526
4 724 547 548 725
4 525 526 548 547
4 700 724 725 701
4 526 548 725 701
4 527 702 726 549
4 526 701 702 527
4 725 548 549 726
4 526 527 549 548
4 701 725 726 702
4 527 549 726 702
4 528 703 727 550
4 527 702 703 528
4 726 549 550 727
4 527 528 550 549
4 702 726 727 703
4 528 550 727 703
4 529 704 728 551
4 528 703 704 529
4 727 550 551 728
4 528 529 551 550
4 703 727 728 704
4 530 552 729 705
4 531 706 730 553
4 530 705 706 531
4 729 552 553 730
4 530 531 553 552
4 705 729 730 706
4 531 553 730 706
4 532 707 731 554
4 531 706 707 532
4 730 553 554 731
4 531 532 554 553
4 706 730 731 707
4 533 555 733 710
4 534 711 734 556
4 533 710 711 534
4 733 555 556 734
4 533 534 556 555
4 710 733 734 711
4 534 556 734 711
4 535 712 735 557
4 534 711 712 535
4 734 556 557 735
4 534 535 557 556
4 711 734 735 712
4 535 557 735 712
4 536 713 736 558
4 535 712 713 536
4 735 557 558 736
4 535 536 558 557
4 712 735 736 713
4 536 558 736 713
4 537 714 737 559
4 536 713 714 537
4 736 558 559 737
4 536 537 559 558
4 713 736 737 714
4 537 559 737 714
4 538 715 738 560
4 537 714 715 538
4 737 559 560 738
4 537 538 560 559
4 714 737 738 715
4 538 560 738 715
4 539 716 739 561
4 538 715 716 539
4 738 560 561 739
4 538 539 561 560
4 715 738 739 716
4 539 561 739 716
4 540 717 740 562
4 539 716 717 540
4 739 561 562 740
4 539 540 562 561
4 716 739 740 717
4 540 562 740 717
4 541 718 741 563
4 540 717 718 541
4 740 562 563 741
4 540 541 563 562
4 717 740 741 718
4 541 563 741 718
4 542 719 742 564
4 541 718 719 542
4 741 563 564 742
4 541 542 564 563
4 718 741 742 719
4 542 564 742 719
4 543 720 743 565
4 542 719 720 543
4 742 564 565 743
4 542 543 565 564
4 719 742 743 720
4 543 565 743 720
4 544 721 744 566
4 543 720 721 544
4 743 565 566 744
4 543 544 566 565
4 720 743 744 721
4 544 566 744 721
4 545 722 745 567
4 544 721 722 545
4 744 566 567 745
4 544 545 567 566
4 721 744 745 722
4 545 567 745 722
4 546 723 746 568
4 545 722 723 546
4 745 567 568 746
4 545 546 568 567
4 722 745 746 723
4 546 568 746 723
4 547 724 747 569
4 546 723 724 547
4 746 568 569 747
4 546 547 569 568
4 723 746 747 724
4 547 569 747 724
4 548 725 748 570
4 547 724 725 548
4 747 569 570 748
4 547 548 570 569
4 724 747 748 725
4 548 570 748 725
4 549 726 749 571
4 548 725 726 549
4 748 570 571 749
4 548 549 571 570
4 725 748 749 726
4 549 571 749 726
4 550 727 750 572
4 549 726 727 550
4 749 571 572 750
4 549 550 572 571
4 726 749 750 727
4 550 572 750 727
4 551 728 751 573
4 550 727 728 551
4 750 572 573 751
4 550 551 573 572
4 727 750 751 728
4 551 573 751 728
4 552 729 752 574
4 551 728 729 552
4 751 573 574 752
4 551 552 574 573
4 728 751 752 729
4 552 574 752 729
4 553 730 753 575
4 552 729 730 553
4 752 574 575 753
4 552 553 575 574
4 729 752 753 730
4 553 575 753 730
4 554 731 754 576
4 553 730 731 554
4 753 575 576 754
4 553 554 576 575
4 730 753 754 731
4 564 577 756 742
4 565 743 757 578
4 564 742 743 565
4 756 577 578 757
4 564 565 578 577
4 742 756 757 743
4 565 578 757 743
4 566 744 758 579
4 565 743 744 566
4 757 578 579 758
4 565 566 579 578
4 743 757 758 744
4 566 579 758 744
4 567 745 759 580
4 566 744 745 567
4 758 579 580 759
4 566 567 580 579
4 744 758 759 745
4 581 594 772 760
4 582 761 773 595
4 581 760 761 582
4 772 594 595 773
4 581 582 595 594
4 760 772 773 761
4 582 595 773 761
4 583 762 774 596
4 582 761 762 583
4 773 595 596 774
4 582 583 596 595
4 761 773 774 762
4 583 596 774 762
4 584 763 775 597
4 583 762 763 584
4 774 596 597 775
4 583 584 597 596
4 762 774 775 763
4 584 597 775 763
4 585 764 776 598
4 584 763 764 585
4 775 597 598 776
4 584 585 598 597
4 763 775 776 764
4 586 608 785 765
4 587 766 786 609
4 586 765 766 587
4 785 608 609 786
4 586 587 609 608
4 765 785 786 766
4 587 609 786 766
4 588 767 787 610
4 587 766 767 588
4 786 609 610 787
4 587 588 610 609
4 766 786 787 767
4 588 610 787 767
4 589 768 788 611
4 588 767 768 589
4 787 610 611 788
4 588 589 611 610
4 767 787 788 768
4 589 611 788 768
4 590 769 789 612
4 589 768 769 590
4 788 611 612 789
4 589 590 612 611
4 768 788 789 769
4 593 615 792 771
4 594 772 793 616
4 593 771 772 594
4 792 615 616 793
4 593 594 616 615
4 771 792 793 772
4 594 616 793 772
4 595 773 794 617
4 594 772 773 595
4 793 616 617 794
4 594 595 617 616
4 772 793 794 773
4 596 618 795 774
4 597 775 796 619
4 596 774 775 597
4 795 618 619 796
4 596 597 619 618
4 774 795 796 775
4 597 619 796 775
4 598 776 797 620
4 597 775 776 598
4 796 619 620 797
4 597 598 620 619
4 775 796 797 776
4 598 620 797 776
4 599 777 798 621
4 598 776 777 599
4 797 620 621 798
4 598 599 621 620
4 776 797 798 777
4 603 625 802 778
4 604 779 803 626
4 603 778 779 604
4 802 625 626 803
4 603 604 626 625
4 778 802 803 779
4 604 626 803 779
4 605 780 804 627
4 604 779 780 605
4 803 626 627 804
4 604 605 627 626
4 779 803 804 780
4 605 627 804 780
4 606 781 805 628
4 605 780 781 606
4 804 627 628 805
4 605 606 628 627
4 780 804 805 781
4 606 628 805 781
4 607 782 806 629
4 606 781 782 607
4 805 628 629 806
4 606 607 629 628
4 781 805 806 782
4 608 632 809 785
4 609 786 810 633
4 608 785 786 609
4 809 632 633 810
4 608 609 633 632
4 785 809 810 786
4 610 634 811 787
4 611 788 812 635
4 610 787 788 611
4 811 634 635 812
4 610 611 635 634
4 787 811 812 788
4 611 635 812 788
4 612 789 813 636
4 611 788 789 612
4 812 635 636 813
4 611 612 636 635
4 788 812 813 789
4 612 636 813 789
4 613 790 814 637
4 612 789 790 613
4 813 636 637 814
4 612 613 637 636
4 789 813 814 790
4 613 637 814 790
4 614 791 815 638
4 613 790 791 614
4 814 637 638 815
4 613 614 638 637
4 790 814 815 791
4 614 638 815 791
4 615 792 816 639
4 614 791 792 615
4 815 638 639 816
4 614 615 639 638
4 791 815 816 792
4 615 639 816 792
4 616 793 817 640
4 615 792 793 616
4 816 639 640 817
4 615 616 640 639
4 792 816 817 793
4 620 641 819 797
4 621 798 820 642
4 620 797 798 621
4 819 641 642 820
4 620 621 642 641
4 797 819 820 798
4 621 642 820 798
4 622 799 821 643
4 621 798 799 622
4 820 642 643 821
4 621 622 643 642
4 798 820 821 799
4 622 643 821 799
4 623 800 822 644
4 622 799 800 623
4 821 643 644 822
4 622 623 644 643
4 799 821 822 800
4 624 645 823 801
4 625 802 824 646
4 624 801 802 625
4 823 645 646 824
4 624 625 646 645
4 801 823 824 802
4 625 646 824 802
4 626 803 825 647
4 625 802 803 626
4 824 646 647 825
4 625 626 647 646
4 802 824 825 803
4 626 647 825 803
4 627 804 826 648
4 626 803 804 627
4 825 647 648 826
4 626 627 648 647
4 803 825 826 804
4 628 649 827 805
4 629 806 828 650
4 628 805 806 629
4 827 649 650 828
4 628 629 650 649
4 805 827 828 806
4 629 650 828 806
4 630 807 829 651
4 629 806 807 630
4 828 650 651 829
4 629 630 651 650
4 806 828 829 807
4 631 652 830 808
4 632 809 831 653
4 631 808 809 632
4 830 652 653 831
4 631 632 653 652
4 808 830 831 809
4 632 653 831 809
4 633 810 832 654
4 632 809 810 633
4 831 653 654 832
4 632 633 654 653
4 809 831 832 810
4 635 655 834 812
4 636 813 835 656
4 635 812 813 636
4 834 655 656 835
4 635 636 656 655
4 812 834 835 813
4 636 656 835 813
4 637 814 836 657
4 636 813 814 637
4 835 656 657 836
4 636 637 657 656
4 813 835 836 814
4 637 657 836 814
4 638 815 837 658
4 637 814 815 638
4 836 657 658 837
4 637 638 658 657
4 814 836 837 815
4 638 658 837 815
4 639 816 838 659
4 638 815 816 639
4 837 658 659 838
4 638 639 659 658
4 815 837 838 816
4 641 660 839 819
4 642 820 840 661
4 641 819 820 642
4 839 660 661 840
4 641 642 661 660
4 819 839 840 820
4 642 661 840 820
4 643 821 841 662
4 642 820 821 643
4 840 661 662 841
4 642 643 662 661
4 820 840 841 821
4 643 662 841 821
4 644 822 842 663
4 643 821 822 644
4 841 662 663 842
4 643 644 663 662
4 821 841 842 822
4 644 663 842 822
4 645 823 843 664
4 644 822 823 645
4 842 663 664 843
4 644 645 664 663
4 822 842 843 823
4 645 664 843 823
4 646 824 844 665
4 645 823 824 646
4 843 664 665 844
4 645 646 665 664
4 823 843 844 824
4 646 665 844 824
4 647 825 845 666
4 646 824 825 647
4 844 665 666 845
4 646 647 666 665
4 824 844 845 825
4 649 667 847 827
4 650 828 848 668
4 649 827 828 650
4 847 667 668 848
4 649 650 668 667
4 827 847 848 828
4 650 668 848 828
4 651 829 849 669
4 650 828 829 651
4 848 668 669 849
4 650 651 669 668
4 828 848 849 829
4 652 670 850 830
4 653 831 851 671
4 652 830 831 653
4 850 670 671 851
4 652 653 671 670
4 830 850 851 831
4 655 673 854 834
4 656 835 855 674
4 655 834 835 656
4 854 673 674 855
4 655 656 674 673
4 834 854 855 835
4 656 674 855 835
4 657 836 856 675
4 656 835 836 657
4 855 674 675 856
4 656 657 675 674
4 835 855 856 836
4 657 675 856 836
4 658 837 857 676
4 657 836 837 658
4 856 675 676 857
4 657 658 676 675
4 836 856 857 837
4 658 676 857 837
4 659 838 858 677
4 658 837 838 659
4 857 676 677 858
4 658 659 677 676
4 837 857 858 838
4 660 678 859 839
4 661 840 860 679
4 660 839 840 661
4 859 678 679 860
4 660 661 679 678
4 839 859 860 840
4 661 679 860 840
4 662 841 861 680
4 661 840 841 662
4 860 679 680 861
4 661 662 680 679
4 840 860 861 841
4 662 680 861 841
4 663 842 862 681
4 662 841 842 663
4 861 680 681 862
4 662 663 681 680
4 841 861 862 842
4 663 681 862 842
4 664 843 863 682
4 663 842 843 664
4 862 681 682 863
4 663 664 682 681
4 842 862 863 843
4 664 682 863 843
4 665 844 864 683
4 664 843 844 665
4 863 682 683 864
4 664 665 683 682
4 843 863 864 844
4 667 685 866 847
4 668 848 867 686
4 667 847 848 668
4 866 685 686 867
4 667 668 686 685
4 847 866 867 848
4 668 686 867 848
4 669 849 868 687
4 668 848 849 669
4 867 686 687 868
4 668 669 687 686
4 848 867 868 849
4 670 688 869 850
4 671 851 870 689
4 670 850 851 671
4 869 688 689 870
4 670 671 689 688
4 850 869 870 851
4 671 689 870 851
4 672 852 871 690
4 671 851 852 672
4 870 689 690 871
4 671 672 690 689
4 851 870 871 852
4 673 692 873 854
4 674 855 874 693
4 673 854 855 674
4 873 692 693 874
4 673 674 693 692
4 854 873 874 855
4 674 693 874 855
4 675 856 875 694
4 674 855 856 675
4 874 693 694 875
4 674 675 694 693
4 855 874 875 856
4 675 694 875 856
4 676 857 876 695
4 675 856 857 676
4 875 694 695 876
4 675 676 695 694
4 856 875 876 857
4 676 695 876 857
4 677 858 877 696
4 676 857 858 677
4 876 695 696 877
4 676 677 696 695
4 857 876 877 858
4 678 698 880 859
4 679 860 881 699
4 678 859 860 679
4 880 698 699 881
4 678 679 699 698
4 859 880 881 860
4 679 699 881 860
4 680 861 882 700
4 679 860 861 680
4 881 699 700 882
4 679 680 700 699
4 860 881 882 861
4 680 700 882 861
4 681 862 883 701
4 680 861 862 681
4 882 700 701 883
4 680 681 701 700
4 861 882 883 862
4 681 701 883 862
4 682 863 884 702
4 681 862 863 682
4 883 701 702 884
4 681 682 702 701
4 862 883 884 863
4 682 702 884 863
4 683 864 885 703
4 682 863 864 683
4 884 702 703 885
4 682 683 703 702
4 863 884 885 864
4 683 703 885 864
4 684 865 886 704
4 683 864 865 684
4 885 703 704 886
4 683 684 704 703
4 864 885 886 865
4 685 706 888 866
4 686 867 889 707
4 685 866 867 686
4 888 706 707 889
4 685 686 707 706
4 866 888 889 867
4 686 707 889 867
4 687 868 890 708
4 686 867 868 687
4 889 707 708 890
4 686 687 708 707
4 867 889 890 868
4 688 709 891 869
4 689 870 892 710
4 688 869 870 689
4 891 709 710 892
4 688 689 710 709
4 869 891 892 870
4 689 710 892 870
4 690 871 893 711
4 689 870 871 690
4 892 710 711 893
4 689 690 711 710
4 870 892 893 871
4 691 712 894 872
4 692 873 895 713
4 691 872 873 692
4 894 712 713 895
4 691 692 713 712
4 872 894 895 873
4 692 713 895 873
4 693 874 896 714
4 692 873 874 693
4 895 713 714 896
4 692 693 714 713
4 873 895 896 874
4 693 714 896 874
4 694 875 897 715
4 693 874 875 694
4 896 714 715 897
4 693 694 715 714
4 874 896 897 875
4 694 715 897 875
4 695 876 898 716
4 694 875 876 695
4 897 715 716 898
4 694 695 716 715
4 875 897 898 876
4 695 716 898 876
4 696 877 899 717
4 695 876 877 696
4 898 716 717 899
4 695 696 717 716
4 876 898 899 877
4 696 717 899 877
4 697 878 900 718
4 696 877 878 697
4 899 717 718 900
4 696 697 718 717
4 877 899 900 878
4 698 722 904 880
4 699 881 905 723
4 698 880 881 699
4 904 722 723 905
4 698 699 723 722
4 880 904 905 881
4 699 723 905 881
4 700 882 906 724
4 699 881 882 700
4 905 723 724 906
4 699 700 724 723
4 881 905 906 882
4 700 724 906 882
4 701 883 907 725
4 700 882 883 701
4 906 724 725 907
4 700 701 725 724
4 882 906 907 883
4 702 726 908 884
4 703 885 909 727
4 702 884 885 703
4 908 726 727 909
4 702 703 727 726
4 884 908 909 885
4 703 727 909 885
4 704 886 910 728
4 703 885 886 704
4 909 727 728 910
4 703 704 728 727
4 885 909 910 886
4 704 728 910 886
4 705 887 911 729
4 704 886 887 705
4 910 728 729 911
4 704 705 729 728
4 886 910 911 887
4 706 730 912 888
4 707 889 913 731
4 706 888 889 707
4 912 730 731 913
4 706 707 731 730
4 888 912 913 889
4 707 731 913 889
4 708 890 914 732
4 707 889 890 708
4 913 731 732 914
4 707 708 732 731
4 889 913 914 890
4 710 733 915 892
4 711 893 916 734
4 710 892 893 711
4 915 733 734 916
4 710 711 734 733
4 892 915 916 893
4 711 734 916 893
4 712 894 917 735
4 711 893 894 712
4 916 734 735 917
4 711 712 735 734
4 893 916 917 894
4 712 735 917 894
4 713 895 918 736
4 712 894 895 713
4 917 735 736 918
4 712 713 736 735
4 894 917 918 895
4 713 736 918 895
4 714 896 919 737
4 713 895 896 714
4 918 736 737 919
4 713 714 737 736
4 895 918 919 896
4 716 739 920 898
4 717 899 921 740
4 716 898 899 717
4 920 739 740 921
4 716 717 740 739
4 898 920 921 899
4 717 740 921 899
4 718 900 922 741
4 717 899 900 718
4 921 740 741 922
4 717 718 741 740
4 899 921 922 900
4 718 741 922 900
4 719 901 923 742
4 718 900 901 719
4 922 741 742 923
4 718 719 742 741
4 900 922 923 901
4 719 742 923 901
4 720 902 924 743
4 719 901 902 720
4 923 742 743 924
4 719 720 743 742
4 901 923 924 902
4 720 743 924 902
4 721 903 925 744
4 720 902 903 721
4 924 743 744 925
4 720 721 744 743
4 902 924 925 903
4 721 744 925 903
4 722 904 926 745
4 721 903 904 722
4 925 744 745 926
4 721 722 745 744
4 903 925 926 904
4 722 745 926 904
4 723 905 927 746
4 722 904 905 723
4 926 745 746 927
4 722 723 746 745
4 904 926 927 905
4 727 750 928 909
4 728 910 929 751
4 727 909 910 728
4 928 750 751 929
4 727 728 751 750
4 909 928 929 910
4 728 751 929 910
4 729 911 930 752
4 728 910 911 729
4 929 751 752 930
4 728 729 752 751
4 910 929 930 911
4 729 752 930 911
4 730 912 931 753
4 729 911 912 730
4 930 752 753 931
4 729 730 753 752
4 911 930 931 912
4 730 753 931 912
4 731 913 932 754
4 730 912 913 731
4 931 753 754 932
4 730 731 754 753
4 912 931 932 913
4 741 755 934 922
4 742 923 935 756
4 741 922 923 742
4 934 755 756 935
4 741 742 756 755
4 922 934 935 923
4 742 756 935 923
4 743 924 936 757
4 742 923 924 743
4 935 756 757 936
4 742 743 757 756
4 923 935 936 924
4 743 757 936 924
4 744 925 937 758
4 743 924 925 744
4 936 757 758 937
4 743 744 758 757
4 924 936 937 925
4 744 758 937 925
4 745 926 938 759
4 744 925 926 745
4 937 758 759 938
4 744 745 759 758
4 925 937 938 926
4 760 772 950 939
4 761 940 951 773
4 760 939 940 761
4 950 772 773 951
4 760 761 773 772
4 939 950 951 940
4 761 773 951 940
4 762 941 952 774
4 761 940 941 762
4 951 773 774 952
4 761 762 774 773
4 940 951 952 941
4 762 774 952 941
4 763 942 953 775
4 762 941 942 763
4 952 774 775 953
4 762 763 775 774
4 941 952 953 942
4 765 785 962 943
4 766 944 963 786
4 765 943 944 766
4 962 785 786 963
4 765 766 786 785
4 943 962 963 944
4 766 786 963 944
4 767 945 964 787
4 766 944 945 767
4 963 786 787 964
4 766 767 787 786
4 944 963 964 945
4 767 787 964 945
4 768 946 965 788
4 767 945 946 768
4 964 787 788 965
4 767 768 788 787
4 945 964 965 946
4 770 791 968 948
4 771 949 969 792
4 770 948 949 771
4 968 791 792 969
4 770 771 792 791
4 948 968 969 949
4 771 792 969 949
4 772 950 970 793
4 771 949 950 772
4 969 792 793 970
4 771 772 793 792
4 949 969 970 950
4 772 793 970 950
4 773 951 971 794
4 772 950 951 773
4 970 793 794 971
4 772 773 794 793
4 950 970 971 951
4 774 795 972 952
4 775 953 973 796
4 774 952 953 775
4 972 795 796 973
4 774 775 796 795
4 952 972 973 953
4 775 796 973 953
4 776 954 974 797
4 775 953 954 776
4 973 796 797 974
4 775 776 797 796
4 953 973 974 954
4 776 797 974 954
4 777 955 975 798
4 776 954 955 777
4 974 797 798 975
4 776 777 798 797
4 954 974 975 955
4 779 803 977 956
4 780 957 978 804
4 779 956 957 780
4 977 803 804 978
4 779 780 804 803
4 956 977 978 957
4 780 804 978 957
4 781 958 979 805
4 780 957 958 781
4 978 804 805 979
4 780 781 805 804
4 957 978 979 958
4 781 805 979 958
4 782 959 980 806
4 781 958 959 782
4 979 805 806 980
4 781 782 806 805
4 958 979 980 959
4 782 806 980 959
4 783 960 981 807
4 782 959 960 783
4 980 806 807 981
4 782 783 807 806
4 959 980 981 960
4 784 808 982 961
4 785 962 983 809
4 784 961 962 785
4 982 808 809 983
4 784 785 809 808
4 961 982 983 962
4 785 809 983 962
4 786 963 984 810
4 785 962 963 786
4 983 809 810 984
4 785 786 810 809
4 962 983 984 963
4 786 810 984 963
4 787 964 985 811
4 786 963 964 787
4 984 810 811 985
4 786 787 811 810
4 963 984 985 964
4 787 811 985 964
4 788 965 986 812
4 787 964 965 788
4 985 811 812 986
4 787 788 812 811
4 964 985 986 965
4 788 812 986 965
4 789 966 987 813
4 788 965 966 789
4 986 812 813 987
4 788 789 813 812
4 965 986 987 966
4 790 814 988 967
4 791 968 989 815
4 790 967 968 791
4 988 814 815 989
4 790 791 815 814
4 967 988 989 968
4 791 815 989 968
4 792 969 990 816
4 791 968 969 792
4 989 815 816 990
4 791 792 816 815
4 968 989 990 969
4 792 816 990 969
4 793 970 991 817
4 792 969 970 793
4 990 816 817 991
4 792 793 817 816
4 969 990 991 970
4 796 818 992 973
4 797 974 993 819
4 796 973 974 797
4 992 818 819 993
4 796 797 819 818
4 973 992 993 974
4 797 819 993 974
4 798 975 994 820
4 797 974 975 798
4 993 819 820 994
4 797 798 820 819
4 974 993 994 975
4 802 824 997 976
4 803 977 998 825
4 802 976 977 803
4 997 824 825 998
4 802 803 825 824
4 976 997 998 977
4 803 825 998 977
4 804 978 999 826
4 803 977 978 804
4 998 825 826 999
4 803 804 826 825
4 977 998 999 978
4 804 826 999 978
4 805 979 1000 827
4 804 978 979 805
4 999 826 827 1000
4 804 805 827 826
4 978 999 1000 979
4 805 827 1000 979
4 806 980 1001 828
4 805 979 980 806
4 1000 827 828 1001
4 805 806 828 827
4 979 1000 1001 980
4 806 828 1001 980
4 807 981 1002 829
4 806 980 981 807
4 1001 828 829 1002
4 806 807 829 828
4 980 1001 1002 981
4 808 830 1003 982
4 809 983 1004 831
4 808 982 983 809
4 1003 830 831 1004
4 808 809 831 830
4 982 1003 1004 983
4 809 831 1004 983
4 810 984 1005 832
4 809 983 984 810
4 1004 831 832 1005
4 809 810 832 831
4 983 1004 1005 984
4 811 833 1006 985
4 812 986 1007 834
4 811 985 986 812
4 1006 833 834 1007
4 811 812 834 833
4 985 1006 1007 986
4 812 834 1007 986
4 813 987 1008 835
4 812 986 987 813
4 1007 834 835 1008
4 812 813 835 834
4 986 1007 1008 987
4 814 836 1009 988
4 815 989 1010 837
4 814 988 989 815
4 1009 836 837 1010
4 814 815 837 836
4 988 1009 1010 989
4 815 837 1010 989
4 816 990 1011 838
4 815 989 990 816
4 1010 837 838 1011
4 815 816 838 837
4 989 1010 1011 990
4 819 839 1012 993
4 820 994 1013 840
4 819 993 994 820
4 1012 839 840 1013
4 819 820 840 839
4 993 1012 1013 994
4 823 843 1015 996
4 824 997 1016 844
4 823 996 997 824
4 1015 843 844 1016
4 823 824 844 843
4 996 1015 1016 997
4 824 844 1016 997
4 825 998 1017 845
4 824 997 998 825
4 1016 844 845 1017
4 824 825 845 844
4 997 1016 1017 998
4 825 845 1017 998
4 826 999 1018 846
4 825 998 999 826
4 1017 845 846 1018
4 825 826 846 845
4 998 1017 1018 999
4 828 848 1019 1001
4 829 1002 1020 849
4 828 1001 1002 829
4 1019 848 849 1020
4 828 829 849 848
4 1001 1019 1020 1002
4 830 850 1021 1003
4 831 1004 1022 851
4 830 1003 1004 831
4 1021 850 851 1022
4 830 831 851 850
4 1003 1021 1022 1004
4 833 853 1023 1006
4 834 1007 1024 854
4 833 1006 1007 834
4 1023 853 854 1024
4 833 834 854 853
4 1006 1023 1024 1007
4 834 854 1024 1007
4 835 1008 1025 855
4 834 1007 1008 835
4 1024 854 855 1025
4 834 835 855 854
4 1007 1024 1025 1008
4 836 856 1026 1009
4 837 1010 1027 857
4 836 1009 1010 837
4 1026 856 857 1027
4 836 837 857 856
4 1009 1026 1027 1010
4 837 857 1027 1010
4 838 1011 1028 858
4 837 1010 1011 838
4 1027 857 858 1028
4 837 838 858 857
4 1010 1027 1028 1011
4 839 859 1029 1012
4 840 1013 1030 860
4 839 1012 1013 840
4 1029 859 860 1030
4 839 840 860 859
4 1012 1029 1030 1013
4 843 863 1032 1015
4 844 1016 1033 864
4 843 1015 1016 844
4 1032 863 864 1033
4 843 844 864 863
4 1015 1032 1033 1016
4 844 864 1033 1016
4 845 1017 1034 865
4 844 1016 1017 845
4 1033 864 865 1034
4 844 845 865 864
4 1016 1033 1034 1017
4 848 867 1036 1019
4 849 1020 1037 868
4 848 1019 1020 849
4 1036 867 868 1037
4 848 849 868 867
4 1019 1036 1037 1020
4 850 869 1038 1021
4 851 1022 1039 870
4 850 1021 1022 851
4 1038 869 870 1039
4 850 851 870 869
4 1021 1038 1039 1022
4 853 872 1041 1023
4 854 1024 1042 873
4 853 1023 1024 854
4 1041 872 873 1042
4 853 854 873 872
4 1023 1041 1042 1024
4 854 873 1042 1024
4 855 1025 1043 874
4 854 1024 1025 855
4 1042 873 874 1043
4 854 855 874 873
4 1024 1042 1043 1025
4 856 875 1044 1026
4 857 1027 1045 876
4 856 1026 1027 857
4 1044 875 876 1045
4 856 857 876 875
4 1026 1044 1045 1027
4 857 876 1045 1027
4 858 1028 1046 877
4 857 1027 1028 858
4 1045 876 877 1046
4 857 858 877 876
4 1027 1045 1046 1028
4 859 880 1049 1029
4 860 1030 1050 881
4 859 1029 1030 860
4 1049 880 881 1050
4 859 860 881 880
4 1029 1049 1050 1030
4 863 884 1052 1032
4 864 1033 1053 885
4 863 1032 1033 864
4 1052 884 885 1053
4 863 864 885 884
4 1032 1052 1053 1033
4 864 885 1053 1033
4 865 1034 1054 886
4 864 1033 1034 865
4 1053 885 886 1054
4 864 865 886 885
4 1033 1053 1054 1034
4 867 889 1057 1036
4 868 1037 1058 890
4 867 1036 1037 868
4 1057 889 890 1058
4 867 868 890 889
4 1036 1057 1058 1037
4 869 891 1059 1038
4 870 1039 1060 892
4 869 1038 1039 870
4 1059 891 892 1060
4 869 870 892 891
4 1038 1059 1060 1039
4 870 892 1060 1039
4 871 1040 1061 893
4 870 1039 1040 871
4 1060 892 893 1061
4 870 871 893 892
4 1039 1060 1061 1040
4 872 894 1062 1041
4 873 1042 1063 895
4 872 1041 1042 873
4 1062 894 895 1063
4 872 873 895 894
4 1041 1062 1063 1042
4 873 895 1063 1042
4 874 1043 1064 896
4 873 1042 1043 874
4 1063 895 896 1064
4 873 874 896 895
4 1042 1063 1064 1043
4 875 897 1065 1044
4 876 1045 1066 898
4 875 1044 1045 876
4 1065 897 898 1066
4 875 876 898 897
4 1044 1065 1066 1045
4 876 898 1066 1045
4 877 1046 1067 899
4 876 1045 1046 877
4 1066 898 899 1067
4 876 877 899 898
4 1045 1066 1067 1046
4 877 899 1067 1046
4 878 1047 1068 900
4 877 1046 1047 878
4 1067 899 900 1068
4 877 878 900 899
4 1046 1067 1068 1047
4 879 903 1071 1048
4 880 1049 1072 904
4 879 1048 1049 880
4 1071 903 904 1072
4 879 880 904 903
4 1048 1071 1072 1049
4 880 904 1072 1049
4 881 1050 1073 905
4 880 1049 1050 881
4 1072 904 905 1073
4 880 881 905 904
4 1049 1072 1073 1050
4 885 909 1074 1053
4 886 1054 1075 910
4 885 1053 1054 886
4 1074 909 910 1075
4 885 886 910 909
4 1053 1074 1075 1054
4 886 910 1075 1054
4 887 1055 1076 911
4 886 1054 1055 887
4 1075 910 911 1076
4 886 887 911 910
4 1054 1075 1076 1055
4 888 912 1077 1056
4 889 1057 1078 913
4 888 1056 1057 889
4 1077 912 913 1078
4 888 889 913 912
4 1056 1077 1078 1057
4 889 913 1078 1057
4 890 1058 1079 914
4 889 1057 1058 890
4 1078 913 914 1079
4 889 890 914 913
4 1057 1078 1079 1058
4 892 915 1081 1060
4 893 1061 1082 916
4 892 1060 1061 893
4 1081 915 916 1082
4 892 893 916 915
4 1060 1081 1082 1061
4 893 916 1082 1061
4 894 1062 1083 917
4 893 1061 1062 894
4 1082 916 917 1083
4 893 894 917 916
4 1061 1082 1083 1062
4 894 917 1083 1062
4 895 1063 1084 918
4 894 1062 1063 895
4 1083 917 918 1084
4 894 895 918 917
4 1062 1083 1084 1063
4 898 920 1086 1066
4 899 1067 1087 921
4 898 1066 1067 899
4 1086 920 921 1087
4 898 899 921 920
4 1066 1086 1087 1067
4 899 921 1087 1067
4 900 1068 1088 922
4 899 1067 1068 900
4 1087 921 922 1088
4 899 900 922 921
4 1067 1087 1088 1068
4 900 922 1088 1068
4 901 1069 1089 923
4 900 1068 1069 901
4 1088 922 923 1089
4 900 901 923 922
4 1068 1088 1089 1069
4 901 923 1089 1069
4 902 1070 1090 924
4 901 1069 1070 902
4 1089 923 924 1090
4 901 902 924 923
4 1069 1089 1090 1070
4 902 924 1090 1070
4 903 1071 1091 925
4 902 1070 1071 903
4 1090 924 925 1091
4 902 903 925 924
4 1070 1090 1091 1071
4 903 925 1091 1071
4 904 1072 1092 926
4 903 1071 1072 904
4 1091 925 926 1092
4 903 904 926 925
4 1071 1091 1092 1072
4 904 926 1092 1072
4 905 1073 1093 927
4 904 1072 1073 905
4 1092 926 927 1093
4 904 905 927 926
4 1072 1092 1093 1073
4 910 929 1094 1075
4 911 1076 1095 930
4 910 1075 1076 911
4 1094 929 930 1095
4 910 911 930 929
4 1075 1094 1095 1076
4 911 930 1095 1076
4 912 1077 1096 931
4 911 1076 1077 912
4 1095 930 931 1096
4 911 912 931 930
4 1076 1095 1096 1077
4 912 931 1096 1077
4 913 1078 1097 932
4 912 1077 1078 913
4 1096 931 932 1097
4 912 913 932 931
4 1077 1096 1097 1078
4 921 933 1098 1087
4 922 1088 1099 934
4 921 1087 1088 922
4 1098 933 934 1099
4 921 922 934 933
4 1087 1098 1099 1088
4 922 934 1099 1088
4 923 1089 1100 935
4 922 1088 1089 923
4 1099 934 935 1100
4 922 923 935 934
4 1088 1099 1100 1089
4 923 935 1100 1089
4 924 1090 1101 936
4 923 1089 1090 924
4 1100 935 936 1101
4 923 924 936 935
4 1089 1100 1101 1090
4 924 936 1101 1090
4 925 1091 1102 937
4 924 1090 1091 925
4 1101 936 937 1102
4 924 925 937 936
4 1090 1101 1102 1091
4 939 950 1118 1104
4 940 1105 1119 951
4 939 1104 1105 940
4 1118 950 951 1119
4 939 940 951 950
4 1104 1118 1119 1105
4 940 951 1119 1105
4 941 1106 1120 952
4 940 1105 1106 941
4 1119 951 952 1120
4 940 941 952 951
4 1105 1119 1120 1106
4 941 952 1120 1106
4 942 1107 1121 953
4 941 1106 1107 942
4 1120 952 953 1121
4 941 942 953 952
4 1106 1120 1121 1107
4 943 962 1130 1110
4 944 1111 1131 963
4 943 1110 1111 944
4 1130 962 963 1131
4 943 944 963 962
4 1110 1130 1131 1111
4 944 963 1131 1111
4 945 1112 1132 964
4 944 1111 1112 945
4 1131 963 964 1132
4 944 945 964 963
4 1111 1131 1132 1112
4 947 967 1135 1115
4 948 1116 1136 968
4 947 1115 1116 948
4 1135 967 968 1136
4 947 948 968 967
4 1115 1135 1136 1116
4 948 968 1136 1116
4 949 1117 1137 969
4 948 1116 1117 949
4 1136 968 969 1137
4 948 949 969 968
4 1116 1136 1137 1117
4 949 969 1137 1117
4 950 1118 1138 970
4 949 1117 1118 950
4 1137 969 970 1138
4 949 950 970 969
4 1117 1137 1138 1118
4 950 970 1138 1118
4 951 1119 1139 971
4 950 1118 1119 951
4 1138 970 971 1139
4 950 951 971 970
4 1118 1138 1139 1119
4 952 972 1140 1120
4 953 1121 1141 973
4 952 1120 1121 953
4 1140 972 973 1141
4 952 953 973 972
4 1120 1140 1141 1121
4 953 973 1141 1121
4 954 1122 1142 974
4 953 1121 1122 954
4 1141 973 974 1142
4 953 954 974 973
4 1121 1141 1142 1122
4 954 974 1142 1122
4 955 1123 1143 975
4 954 1122 1123 955
4 1142 974 975 1143
4 954 955 975 974
4 1122 1142 1143 1123
4 957 978 1146 1125
4 958 1126 1147 979
4 957 1125 1126 958
4 1146 978 979 1147
4 957 958 979 978
4 1125 1146 1147 1126
4 958 979 1147 1126
4 959 1127 1148 980
4 958 1126 1127 959
4 1147 979 980 1148
4 958 959 980 979
4 1126 1147 1148 1127
4 959 980 1148 1127
4 960 1128 1149 981
4 959 1127 1128 960
4 1148 980 981 1149
4 959 960 981 980
4 1127 1148 1149 1128
4 961 982 1150 1129
4 962 1130 1151 983
4 961 1129 1130 962
4 1150 982 983 1151
4 961 962 983 982
4 1129 1150 1151 1130
4 962 983 1151 1130
4 963 1131 1152 984
4 962 1130 1131 963
4 1151 983 984 1152
4 962 963 984 983
4 1130 1151 1152 1131
4 963 984 1152 1131
4 964 1132 1153 985
4 963 1131 1132 964
4 1152 984 985 1153
4 963 964 985 984
4 1131 1152 1153 1132
4 964 985 1153 1132
4 965 1133 1154 986
4 964 1132 1133 965
4 1153 985 986 1154
4 964 965 986 985
4 1132 1153 1154 1133
4 966 987 1155 1134
4 967 1135 1156 988
4 966 1134 1135 967
4 1155 987 988 1156
4 966 967 988 987
4 1134 1155 1156 1135
4 967 988 1156 1135
4 968 1136 1157 989
4 967 1135 1136 968
4 1156 988 989 1157
4 967 968 989 988
4 1135 1156 1157 1136
4 968 989 1157 1136
4 969 1137 1158 990
4 968 1136 1137 969
4 1157 989 990 1158
4 968 969 990 989
4 1136 1157 1158 1137
4 973 992 1159 1141
4 974 1142 1160 993
4 973 1141 1142 974
4 1159 992 993 1160
4 973 974 993 992
4 1141 1159 1160 1142
4 974 993 1160 1142
4 975 1143 1161 994
4 974 1142 1143 975
4 1160 993 994 1161
4 974 975 994 993
4 1142 1160 1161 1143
4 977 998 1165 1145
4 978 1146 1166 999
4 977 1145 1146 978
4 1165 998 999 1166
4 977 978 999 998
4 1145 1165 1166 1146
4 978 999 1166 1146
4 979 1147 1167 1000
4 978 1146 1147 979
4 1166 999 1000 1167
4 978 979 1000 999
4 1146 1166 1167 1147
4 980 1001 1168 1148
4 981 1149 1169 1002
4 980 1148 1149 981
4 1168 1001 1002 1169
4 980 981 1002 1001
4 1148 1168 1169 1149
4 982 1003 1170 1150
4 983 1151 1171 1004
4 982 1150 1151 983
4 1170 1003 1004 1171
4 982 983 1004 1003
4 1150 1170 1171 1151
4 985 1006 1172 1153
4 986 1154 1173 1007
4 985 1153 1154 986
4 1172 1006 1007 1173
4 985 986 1007 1006
4 1153 1172 1173 1154
4 986 1007 1173 1154
4 987 1155 1174 1008
4 986 1154 1155 987
4 1173 1007 1008 1174
4 986 987 1008 1007
4 1154 1173 1174 1155
4 987 1008 1174 1155
4 988 1156 1175 1009
4 987 1155 1156 988
4 1174 1008 1009 1175
4 987 988 1009 1008
4 1155 1174 1175 1156
4 988 1009 1175 1156
4 989 1157 1176 1010
4 988 1156 1157 989
4 1175 1009 1010 1176
4 988 989 1010 1009
4 1156 1175 1176 1157
4 993 1012 1177 1160
4 994 1161 1178 1013
4 993 1160 1161 994
4 1177 1012 1013 1178
4 993 994 1013 1012
4 1160 1177 1178 1161
4 994 1013 1178 1161
4 995 1162 1179 1014
4 994 1161 1162 995
4 1178 1013 1014 1179
4 994 995 1014 1013
4 1161 1178 1179 1162
4 997 1016 1181 1164
4 998 1165 1182 1017
4 997 1164 1165 998
4 1181 1016 1017 1182
4 997 998 1017 1016
4 1164 1181 1182 1165
4 998 1017 1182 1165
4 999 1166 1183 1018
4 998 1165 1166 999
4 1182 1017 1018 1183
4 998 999 1018 1017
4 1165 1182 1183 1166
4 1001 1019 1184 1168
4 1002 1169 1185 1020
4 1001 1168 1169 1002
4 1184 1019 1020 1185
4 1001 1002 1020 1019
4 1168 1184 1185 1169
4 1003 1021 1186 1170
4 1004 1171 1187 1022
4 1003 1170 1171 1004
4 1186 1021 1022 1187
4 1003 1004 1022 1021
4 1170 1186 1187 1171
4 1006 1023 1188 1172
4 1007 1173 1189 1024
4 1006 1172 1173 1007
4 1188 1023 1024 1189
4 1006 1007 1024 1023
4 1172 1188 1189 1173
4 1007 1024 1189 1173
4 1008 1174 1190 1025
4 1007 1173 1174 1008
4 1189 1024 1025 1190
4 1007 1008 1025 1024
4 1173 1189 1190 1174
4 1008 1025 1190 1174
4 1009 1175 1191 1026
4 1008 1174 1175 1009
4 1190 1025 1026 1191
4 1008 1009 1026 1025
4 1174 1190 1191 1175
4 1009 1026 1191 1175
4 1010 1176 1192 1027
4 1009 1175 1176 1010
4 1191 1026 1027 1192
4 1009 1010 1027 1026
4 1175 1191 1192 1176
4 1012 1029 1193 1177
4 1013 1178 1194 1030
4 1012 1177 1178 1013
4 1193 1029 1030 1194
4 1012 1013 1030 1029
4 1177 1193 1194 1178
4 1013 1030 1194 1178
4 1014 1179 1195 1031
4 1013 1178 1179 1014
4 1194 1030 1031 1195
4 1013 1014 1031 1030
4 1178 1194 1195 1179
4 1016 1033 1197 1181
4 1017 1182 1198 1034
4 1016 1181 1182 1017
4 1197 1033 1034 1198
4 1016 1017 1034 1033
4 1181 1197 1198 1182
4 1017 1034 1198 1182
4 1018 1183 1199 1035
4 1017 1182 1183 1018
4 1198 1034 1035 1199
4 1017 1018 1035 1034
4 1182 1198 1199 1183
4 1019 1036 1200 1184
4 1020 1185 1201 1037
4 1019 1184 1185 1020
4 1200 1036 1037 1201
4 1019 1020 1037 1036
4 1184 1200 1201 1185
4 1021 1038 1202 1186
4 1022 1187 1203 1039
4 1021 1186 1187 1022
4 1202 1038 1039 1203
4 1021 1022 1039 1038
4 1186 1202 1203 1187
4 1023 1041 1205 1188
4 1024 1189 1206 1042
4 1023 1188 1189 1024
4 1205 1041 1042 1206
4 1023 1024 1042 1041
4 1188 1205 1206 1189
4 1024 1042 1206 1189
4 1025 1190 1207 1043
4 1024 1189 1190 1025
4 1206 1042 1043 1207
4 1024 1025 1043 1042
4 1189 1206 1207 1190
4 1025 1043 1207 1190
4 1026 1191 1208 1044
4 1025 1190 1191 1026
4 1207 1043 1044 1208
4 1025 1026 1044 1043
4 1190 1207 1208 1191
4 1026 1044 1208 1191
4 1027 1192 1209 1045
4 1026 1191 1192 1027
4 1208 1044 1045 1209
4 1026 1027 1045 1044
4 1191 1208 1209 1192
4 1029 1049 1212 1193
4 1030 1194 1213 1050
4 1029 1193 1194 1030
4 1212 1049 1050 1213
4 1029 1030 1050 1049
4 1193 1212 1213 1194
4 1030 1050 1213 1194
4 1031 1195 1214 1051
4 1030 1194 1195 1031
4 1213 1050 1051 1214
4 1030 1031 1051 1050
4 1194 1213 1214 1195
4 1033 1053 1216 1197
4 1034 1198 1217 1054
4 1033 1197 1198 1034
4 1216 1053 1054 1217
4 1033 1034 1054 1053
4 1197 1216 1217 1198
4 1036 1057 1220 1200
4 1037 1201 1221 1058
4 1036 1200 1201 1037
4 1220 1057 1058 1221
4 1036 1037 1058 1057
4 1200 1220 1221 1201
4 1038 1059 1222 1202
4 1039 1203 1223 1060
4 1038 1202 1203 1039
4 1222 1059 1060 1223
4 1038 1039 1060 1059
4 1202 1222 1223 1203
4 1039 1060 1223 1203
4 1040 1204 1224 1061
4 1039 1203 1204 1040
4 1223 1060 1061 1224
4 1039 1040 1061 1060
4 1203 1223 1224 1204
4 1040 1061 1224 1204
4 1041 1205 1225 1062
4 1040 1204 1205 1041
4 1224 1061 1062 1225
4 1040 1041 1062 1061
4 1204 1224 1225 1205
4 1041 1062 1225 1205
4 1042 1206 1226 1063
4 1041 1205 1206 1042
4 1225 1062 1063 1226
4 1041 1042 1063 1062
4 1205 1225 1226 1206
4 1043 1064 1227 1207
4 1044 1208 1228 1065
4 1043 1207 1208 1044
4 1227 1064 1065 1228
4 1043 1044 1065 1064
4 1207 1227 1228 1208
4 1044 1065 1228 1208
4 1045 1209 1229 1066
4 1044 1208 1209 1045
4 1228 1065 1066 1229
4 1044 1045 1066 1065
4 1208 1228 1229 1209
4 1045 1066 1229 1209
4 1046 1210 1230 1067
4 1045 1209 1210 1046
4 1229 1066 1067 1230
4 1045 1046 1067 1066
4 1209 1229 1230 1210
4 1048 1071 1234 1211
4 1049 1212 1235 1072
4 1048 1211 1212 1049
4 1234 1071 1072 1235
4 1048 1049 1072 1071
4 1211 1234 1235 1212
4 1049 1072 1235 1212
4 1050 1213 1236 1073
4 1049 1212 1213 1050
4 1235 1072 1073 1236
4 1049 1050 1073 1072
4 1212 1235 1236 1213
4 1053 1074 1238 1216
4 1054 1217 1239 1075
4 1053 1216 1217 1054
4 1238 1074 1075 1239
4 1053 1054 1075 1074
4 1216 1238 1239 1217
4 1054 1075 1239 1217
4 1055 1218 1240 1076
4 1054 1217 1218 1055
4 1239 1075 1076 1240
4 1054 1055 1076 1075
4 1217 1239 1240 1218
4 1055 1076 1240 1218
4 1056 1219 1241 1077
4 1055 1218 1219 1056
4 1240 1076 1077 1241
4 1055 1056 1077 1076
4 1218 1240 1241 1219
4 1056 1077 1241 1219
4 1057 1220 1242 1078
4 1056 1219 1220 1057
4 1241 1077 1078 1242
4 1056 1057 1078 1077
4 1219 1241 1242 1220
4 1057 1078 1242 1220
4 1058 1221 1243 1079
4 1057 1220 1221 1058
4 1242 1078 1079 1243
4 1057 1058 1079 1078
4 1220 1242 1243 1221
4 1059 1080 1244 1222
4 1060 1223 1245 1081
4 1059 1222 1223 1060
4 1244 1080 1081 1245
4 1059 1060 1081 1080
4 1222 1244 1245 1223
4 1060 1081 1245 1223
4 1061 1224 1246 1082
4 1060 1223 1224 1061
4 1245 1081 1082 1246
4 1060 1061 1082 1081
4 1223 1245 1246 1224
4 1061 1082 1246 1224
4 1062 1225 1247 1083
4 1061 1224 1225 1062
4 1246 1082 1083 1247
4 1061 1062 1083 1082
4 1224 1246 1247 1225
4 1062 1083 1247 1225
4 1063 1226 1248 1084
4 1062 1225 1226 1063
4 1247 1083 1084 1248
4 1062 1063 1084 1083
4 1225 1247 1248 1226
4 1065 1085 1250 1228
4 1066 1229 1251 1086
4 1065 1228 1229 1066
4 1250 1085 1086 1251
4 1065 1066 1086 1085
4 1228 1250 1251 1229
4 1066 1086 1251 1229
4 1067 1230 1252 1087
4 1066 1229 1230 1067
4 1251 1086 1087 1252
4 1066 1067 1087 1086
4 1229 1251 1252 1230
4 1067 1087 1252 1230
4 1068 1231 1253 1088
4 1067 1230 1231 1068
4 1252 1087 1088 1253
4 1067 1068 1088 1087
4 1230 1252 1253 1231
4 1070 1090 1255 1233
4 1071 1234 1256 1091
4 1070 1233 1234 1071
4 1255 1090 1091 1256
4 1070 1071 1091 1090
4 1233 1255 1256 1234
4 1071 1091 1256 1234
4 1072 1235 1257 1092
4 1071 1234 1235 1072
4 1256 1091 1092 1257
4 1071 1072 1092 1091
4 1234 1256 1257 1235
4 1072 1092 1257 1235
4 1073 1236 1258 1093
4 1072 1235 1236 1073
4 1257 1092 1093 1258
4 1072 1073 1093 1092
4 1235 1257 1258 1236
4 1075 1094 1259 1239
4 1076 1240 1260 1095
4 1075 1239 1240 1076
4 1259 1094 1095 1260
4 1075 1076 1095 1094
4 1239 1259 1260 1240
4 1076 1095 1260 1240
4 1077 1241 1261 1096
4 1076 1240 1241 1077
4 1260 1095 1096 1261
4 1076 1077 1096 1095
4 1240 1260 1261 1241
4 1077 1096 1261 1241
4 1078 1242 1262 1097
4 1077 1241 1242 1078
4 1261 1096 1097 1262
4 1077 1078 1097 1096
4 1241 1261 1262 1242
4 1087 1098 1263 1252
4 1088 1253 1264 1099
4 1087 1252 1253 1088
4 1263 1098 1099 1264
4 1087 1088 1099 1098
4 1252 1263 1264 1253
4 1088 1099 1264 1253
4 1089 1254 1265 1100
4 1088 1253 1254 1089
4 1264 1099 1100 1265
4 1088 1089 1100 1099
4 1253 1264 1265 1254
4 1089 1100 1265 1254
4 1090 1255 1266 1101
4 1089 1254 1255 1090
4 1265 1100 1101 1266
4 1089 1090 1101 1100
4 1254 1265 1266 1255
4 1090 1101 1266 1255
4 1091 1256 1267 1102
4 1090 1255 1256 1091
4 1266 1101 1102 1267
4 1090 1091 1102 1101
4 1255 1266 1267 1256
4 1103 1117 1282 1268
4 1104 1269 1283 1118
4 1103 1268 1269 1104
4 1282 1117 1118 1283
4 1103 1104 1118 1117
4 1268 1282 1283 1269
4 1104 1118 1283 1269
4 1105 1270 1284 1119
4 1104 1269 1270 1105
4 1283 1118 1119 1284
4 1104 1105 1119 1118
4 1269 1283 1284 1270
4 1105 1119 1284 1270
4 1106 1271 1285 1120
4 1105 1270 1271 1106
4 1284 1119 1120 1285
4 1105 1106 1120 1119
4 1270 1284 1285 1271
4 1106 1120 1285 1271
4 1107 1272 1286 1121
4 1106 1271 1272 1107
4 1285 1120 1121 1286
4 1106 1107 1121 1120
4 1271 1285 1286 1272
4 1107 1121 1286 1272
4 1108 1273 1287 1122
4 1107 1272 1273 1108
4 1286 1121 1122 1287
4 1107 1108 1122 1121
4 1272 1286 1287 1273
4 1109 1129 1294 1274
4 1110 1275 1295 1130
4 1109 1274 1275 1110
4 1294 1129 1130 1295
4 1109 1110 1130 1129
4 1274 1294 1295 1275
4 1110 1130 1295 1275
4 1111 1276 1296 1131
4 1110 1275 1276 1111
4 1295 1130 1131 1296
4 1110 1111 1131 1130
4 1275 1295 1296 1276
4 1111 1131 1296 1276
4 1112 1277 1297 1132
4 1111 1276 1277 1112
4 1296 1131 1132 1297
4 1111 1112 1132 1131
4 1276 1296 1297 1277
4 1112 1132 1297 1277
4 1113 1278 1298 1133
4 1112 1277 1278 1113
4 1297 1132 1133 1298
4 1112 1113 1133 1132
4 1277 1297 1298 1278
4 1114 1134 1299 1279
4 1115 1280 1300 1135
4 1114 1279 1280 1115
4 1299 1134 1135 1300
4 1114 1115 1135 1134
4 1279 1299 1300 1280
4 1115 1135 1300 1280
4 1116 1281 1301 1136
4 1115 1280 1281 1116
4 1300 1135 1136 1301
4 1115 1116 1136 1135
4 1280 1300 1301 1281
4 1116 1136 1301 1281
4 1117 1282 1302 1137
4 1116 1281 1282 1117
4 1301 1136 1137 1302
4 1116 1117 1137 1136
4 1281 1301 1302 1282
4 1117 1137 1302 1282
4 1118 1283 1303 1138
4 1117 1282 1283 1118
4 1302 1137 1138 1303
4 1117 1118 1138 1137
4 1282 1302 1303 1283
4 1118 1138 1303 1283
4 1119 1284 1304 1139
4 1118 1283 1284 1119
4 1303 1138 1139 1304
4 1118 1119 1139 1138
4 1283 1303 1304 1284
4 1119 1139 1304 1284
4 1120 1285 1305 1140
4 1119 1284 1285 1120
4 1304 1139 1140 1305
4 1119 1120 1140 1139
4 1284 1304 1305 1285
4 1120 1140 1305 1285
4 1121 1286 1306 1141
4 1120 1285 1286 1121
4 1305 1140 1141 1306
4 1120 1121 1141 1140
4 1285 1305 1306 1286
4 1121 1141 1306 1286
4 1122 1287 1307 1142
4 1121 1286 1287 1122
4 1306 1141 1142 1307
4 1121 1122 1142 1141
4 1286 1306 1307 1287
4 1122 1142 1307 1287
4 1123 1288 1308 1143
4 1122 1287 1288 1123
4 1307 1142 1143 1308
4 1122 1123 1143 1142
4 1287 1307 1308 1288
4 1123 1143 1308 1288
4 1124 1289 1309 1144
4 1123 1288 1289 1124
4 1308 1143 1144 1309
4 1123 1124 1144 1143
4 1288 1308 1309 1289
4 1125 1146 1312 1291
4 1126 1292 1313 1147
4 1125 1291 1292 1126
4 1312 1146 1147 1313
4 1125 1126 1147 1146
4 1291 1312 1313 1292
4 1126 1147 1313 1292
4 1127 1293 1314 1148
4 1126 1292 1293 1127
4 1313 1147 1148 1314
4 1126 1127 1148 1147
4 1292 1313 1314 1293
4 1129 1150 1316 1294
4 1130 1295 1317 1151
4 1129 1294 1295 1130
4 1316 1150 1151 1317
4 1129 1130 1151 1150
4 1294 1316 1317 1295
4 1131 1152 1318 1296
4 1132 1297 1319 1153
4 1131 1296 1297 1132
4 1318 1152 1153 1319
4 1131 1132 1153 1152
4 1296 1318 1319 1297
4 1132 1153 1319 1297
4 1133 1298 1320 1154
4 1132 1297 1298 1133
4 1319 1153 1154 1320
4 1132 1133 1154 1153
4 1297 1319 1320 1298
4 1133 1154 1320 1298
4 1134 1299 1321 1155
4 1133 1298 1299 1134
4 1320 1154 1155 1321
4 1133 1134 1155 1154
4 1298 1320 1321 1299
4 1134 1155 1321 1299
4 1135 1300 1322 1156
4 1134 1299 1300 1135
4 1321 1155 1156 1322
4 1134 1135 1156 1155
4 1299 1321 1322 1300
4 1135 1156 1322 1300
4 1136 1301 1323 1157
4 1135 1300 1301 1136
4 1322 1156 1157 1323
4 1135 1136 1157 1156
4 1300 1322 1323 1301
4 1141 1159 1328 1306
4 1142 1307 1329 1160
4 1141 1306 1307 1142
4 1328 1159 1160 1329
4 1141 1142 1160 1159
4 1306 1328 1329 1307
4 1142 1160 1329 1307
4 1143 1308 1330 1161
4 1142 1307 1308 1143
4 1329 1160 1161 1330
4 1142 1143 1161 1160
4 1307 1329 1330 1308
4 1143 1161 1330 1308
4 1144 1309 1331 1162
4 1143 1308 1309 1144
4 1330 1161 1162 1331
4 1143 1144 1162 1161
4 1308 1330 1331 1309
4 1145 1165 1334 1311
4 1146 1312 1335 1166
4 1145 1311 1312 1146
4 1334 1165 1166 1335
4 1145 1146 1166 1165
4 1311 1334 1335 1312
4 1146 1166 1335 1312
4 1147 1313 1336 1167
4 1146 1312 1313 1147
4 1335 1166 1167 1336
4 1146 1147 1167 1166
4 1312 1335 1336 1313
4 1147 1167 1336 1313
4 1148 1314 1337 1168
4 1147 1313 1314 1148
4 1336 1167 1168 1337
4 1147 1148 1168 1167
4 1313 1336 1337 1314
4 1148 1168 1337 1314
4 1149 1315 1338 1169
4 1148 1314 1315 1149
4 1337 1168 1169 1338
4 1148 1149 1169 1168
4 1314 1337 1338 1315
4 1150 1170 1339 1316
4 1151 1317 1340 1171
4 1150 1316 1317 1151
4 1339 1170 1171 1340
4 1150 1151 1171 1170
4 1316 1339 1340 1317
4 1153 1172 1341 1319
4 1154 1320 1342 1173
4 1153 1319 1320 1154
4 1341 1172 1173 1342
4 1153 1154 1173 1172
4 1319 1341 1342 1320
4 1154 1173 1342 1320
4 1155 1321 1343 1174
4 1154 1320 1321 1155
4 1342 1173 1174 1343
4 1154 1155 1174 1173
4 1320 1342 1343 1321
4 1155 1174 1343 1321
4 1156 1322 1344 1175
4 1155 1321 1322 1156
4 1343 1174 1175 1344
4 1155 1156 1175 1174
4 1321 1343 1344 1322
4 1160 1177 1349 1329
4 1161 1330 1350 1178
4 1160 1329 1330 1161
4 1349 1177 1178 1350
4 1160 1161 1178 1177
4 1329 1349 1350 1330
4 1161 1178 1350 1330
4 1162 1331 1351 1179
4 1161 1330 1331 1162
4 1350 1178 1179 1351
4 1161 1162 1179 1178
4 1330 1350 1351 1331
4 1162 1179 1351 1331
4 1163 1332 1352 1180
4 1162 1331 1332 1163
4 1351 1179 1180 1352
4 1162 1163 1180 1179
4 1331 1351 1352 1332
4 1165 1182 1354 1334
4 1166 1335 1355 1183
4 1165 1334 1335 1166
4 1354 1182 1183 1355
4 1165 1166 1183 1182
4 1334 1354 1355 1335
4 1168 1184 1356 1337
4 1169 1338 1357 1185
4 1168 1337 1338 1169
4 1356 1184 1185 1357
4 1168 1169 1185 1184
4 1337 1356 1357 1338
4 1170 1186 1358 1339
4 1171 1340 1359 1187
4 1170 1339 1340 1171
4 1358 1186 1187 1359
4 1170 1171 1187 1186
4 1339 1358 1359 1340
4 1172 1188 1360 1341
4 1173 1342 1361 1189
4 1172 1341 1342 1173
4 1360 1188 1189 1361
4 1172 1173 1189 1188
4 1341 1360 1361 1342
4 1173 1189 1361 1342
4 1174 1343 1362 1190
4 1173 1342 1343 1174
4 1361 1189 1190 1362
4 1173 1174 1190 1189
4 1342 1361 1362 1343
4 1174 1190 1362 1343
4 1175 1344 1363 1191
4 1174 1343 1344 1175
4 1362 1190 1191 1363
4 1174 1175 1191 1190
4 1343 1362 1363 1344
4 1177 1193 1364 1349
4 1178 1350 1365 1194
4 1177 1349 1350 1178
4 1364 1193 1194 1365
4 1177 1178 1194 1193
4 1349 1364 1365 1350
4 1178 1194 1365 1350
4 1179 1351 1366 1195
4 1178 1350 1351 1179
4 1365 1194 1195 1366
4 1178 1179 1195 1194
4 1350 1365 1366 1351
4 1179 1195 1366 1351
4 1180 1352 1367 1196
4 1179 1351 1352 1180
4 1366 1195 1196 1367
4 1179 1180 1196 1195
4 1351 1366 1367 1352
4 1182 1198 1369 1354
4 1183 1355 1370 1199
4 1182 1354 1355 1183
4 1369 1198 1199 1370
4 1182 1183 1199 1198
4 1354 1369 1370 1355
4 1184 1200 1371 1356
4 1185 1357 1372 1201
4 1184 1356 1357 1185
4 1371 1200 1201 1372
4 1184 1185 1201 1200
4 1356 1371 1372 1357
4 1186 1202 1373 1358
4 1187 1359 1374 1203
4 1186 1358 1359 1187
4 1373 1202 1203 1374
4 1186 1187 1203 1202
4 1358 1373 1374 1359
4 1188 1205 1376 1360
4 1189 1361 1377 1206
4 1188 1360 1361 1189
4 1376 1205 1206 1377
4 1188 1189 1206 1205
4 1360 1376 1377 1361
4 1189 1206 1377 1361
4 1190 1362 1378 1207
4 1189 1361 1362 1190
4 1377 1206 1207 1378
4 1189 1190 1207 1206
4 1361 1377 1378 1362
4 1190 1207 1378 1362
4 1191 1363 1379 1208
4 1190 1362 1363 1191
4 1378 1207 1208 1379
4 1190 1191 1208 1207
4 1362 1378 1379 1363
4 1193 1212 1386 1364
4 1194 1365 1387 1213
4 1193 1364 1365 1194
4 1386 1212 1213 1387
4 1193 1194 1213 1212
4 1364 1386 1387 1365
4 1194 1213 1387 1365
4 1195 1366 1388 1214
4 1194 1365 1366 1195
4 1387 1213 1214 1388
4 1194 1195 1214 1213
4 1365 1387 1388 1366
4 1195 1214 1388 1366
4 1196 1367 1389 1215
4 1195 1366 1367 1196
4 1388 1214 1215 1389
4 1195 1196 1215 1214
4 1366 1388 1389 1367
4 1198 1217 1392 1369
4 1199 1370 1393 1218
4 1198 1369 1370 1199
4 1392 1217 1218 1393
4 1198 1199 1218 1217
4 1369 1392 1393 1370
4 1200 1220 1395 1371
4 1201 1372 1396 1221
4 1200 1371 1372 1201
4 1395 1220 1221 1396
4 1200 1201 1221 1220
4 1371 1395 1396 1372
4 1202 1222 1397 1373
4 1203 1374 1398 1223
4 1202 1373 1374 1203
4 1397 1222 1223 1398
4 1202 1203 1223 1222
4 1373 1397 1398 1374
4 1203 1223 1398 1374
4 1204 1375 1399 1224
4 1203 1374 1375 1204
4 1398 1223 1224 1399
4 1203 1204 1224 1223
4 1374 1398 1399 1375
4 1204 1224 1399 1375
4 1205 1376 1400 1225
4 1204 1375 1376 1205
4 1399 1224 1225 1400
4 1204 1205 1225 1224
4 1375 1399 1400 1376
4 1205 1225 1400 1376
4 1206 1377 1401 1226
4 1205 1376 1377 1206
4 1400 1225 1226 1401
4 1205 1206 1226 1225
4 1376 1400 1401 1377
4 1206 1226 1401 1377
4 1207 1378 1402 1227
4 1206 1377 1378 1207
4 1401 1226 1227 1402
4 1206 1207 1227 1226
4 1377 1401 1402 1378
4 1207 1227 1402 1378
4 1208 1379 1403 1228
4 1207 1378 1379 1208
4 1402 1227 1228 1403
4 1207 1208 1228 1227
4 1378 1402 1403 1379
4 1208 1228 1403 1379
4 1209 1380 1404 1229
4 1208 1379 1380 1209
4 1403 1228 1229 1404
4 1208 1209 1229 1228
4 1379 1403 1404 1380
4 1211 1234 1409 1385
4 1212 1386 1410 1235
4 1211 1385 1386 1212
4 1409 1234 1235 1410
4 1211 1212 1235 1234
4 1385 1409 1410 1386
4 1212 1235 1410 1386
4 1213 1387 1411 1236
4 1212 1386 1387 1213
4 1410 1235 1236 1411
4 1212 1213 1236 1235
4 1386 1410 1411 1387
4 1213 1236 1411 1387
4 1214 1388 1412 1237
4 1213 1387 1388 1214
4 1411 1236 1237 1412
4 1213 1214 1237 1236
4 1387 1411 1412 1388
4 1216 1238 1414 1391
4 1217 1392 1415 1239
4 1216 1391 1392 1217
4 1414 1238 1239 1415
4 1216 1217 1239 1238
4 1391 1414 1415 1392
4 1217 1239 1415 1392
4 1218 1393 1416 1240
4 1217 1392 1393 1218
4 1415 1239 1240 1416
4 1217 1218 1240 1239
4 1392 1415 1416 1393
4 1218 1240 1416 1393
4 1219 1394 1417 1241
4 1218 1393 1394 1219
4 1416 1240 1241 1417
4 1218 1219 1241 1240
4 1393 1416 1417 1394
4 1219 1241 1417 1394
4 1220 1395 1418 1242
4 1219 1394 1395 1220
4 1417 1241 1242 1418
4 1219 1220 1242 1241
4 1394 1417 1418 1395
4 1220 1242 1418 1395
4 1221 1396 1419 1243
4 1220 1395 1396 1221
4 1418 1242 1243 1419
4 1220 1221 1243 1242
4 1395 1418 1419 1396
4 1223 1245 1420 1398
4 1224 1399 1421 1246
4 1223 1398 1399 1224
4 1420 1245 1246 1421
4 1223 1224 1246 1245
4 1398 1420 1421 1399
4 1224 1246 1421 1399
4 1225 1400 1422 1247
4 1224 1399 1400 1225
4 1421 1246 1247 1422
4 1224 1225 1247 1246
4 1399 1421 1422 1400
4 1225 1247 1422 1400
4 1226 1401 1423 1248
4 1225 1400 1401 1226
4 1422 1247 1248 1423
4 1225 1226 1248 1247
4 1400 1422 1423 1401
4 1227 1249 1424 1402
4 1228 1403 1425 1250
4 1227 1402 1403 1228
4 1424 1249 1250 1425
4 1227 1228 1250 1249
4 1402 1424 1425 1403
4 1228 1250 1425 1403
4 1229 1404 1426 1251
4 1228 1403 1404 1229
4 1425 1250 1251 1426
4 1228 1229 1251 1250
4 1403 1425 1426 1404
4 1229 1251 1426 1404
4 1230 1405 1427 1252
4 1229 1404 1405 1230
4 1426 1251 1252 1427
4 1229 1230 1252 1251
4 1404 1426 1427 1405
4 1230 1252 1427 1405
4 1231 1406 1428 1253
4 1230 1405 1406 1231
4 1427 1252 1253 1428
4 1230 1231 1253 1252
4 1405 1427 1428 1406
4 1231 1253 1428 1406
4 1232 1407 1429 1254
4 1231 1406 1407 1232
4 1428 1253 1254 1429
4 1231 1232 1254 1253
4 1406 1428 1429 1407
4 1232 1254 1429 1407
4 1233 1408 1430 1255
4 1232 1407 1408 1233
4 1429 1254 1255 1430
4 1232 1233 1255 1254
4 1407 1429 1430 1408
4 1233 1255 1430 1408
4 1234 1409 1431 1256
4 1233 1408 1409 1234
4 1430 1255 1256 1431
4 1233 1234 1256 1255
4 1408 1430 1431 1409
4 1234 1256 1431 1409
4 1235 1410 1432 1257
4 1234 1409 1410 1235
4 1431 1256 1257 1432
4 1234 1235 1257 1256
4 1409 1431 1432 1410
4 1235 1257 1432 1410
4 1236 1411 1433 1258
4 1235 1410 1411 1236
4 1432 1257 1258 1433
4 1235 1236 1258 1257
4 1410 1432 1433 1411
4 1240 1260 1435 1416
4 1241 1417 1436 1261
4 1240 1416 1417 1241
4 1435 1260 1261 1436
4 1240 1241 1261 1260
4 1416 1435 1436 1417
4 1241 1261 1436 1417
4 1242 1418 1437 1262
4 1241 1417 1418 1242
4 1436 1261 1262 1437
4 1241 1242 1262 1261
4 1417 1436 1437 1418
4 1252 1263 1438 1427
4 1253 1428 1439 1264
4 1252 1427 1428 1253
4 1438 1263 1264 1439
4 1252 1253 1264 1263
4 1427 1438 1439 1428
4 1253 1264 1439 1428
4 1254 1429 1440 1265
4 1253 1428 1429 1254
4 1439 1264 1265 1440
4 1253 1254 1265 1264
4 1428 1439 1440 1429
4 1254 1265 1440 1429
4 1255 1430 1441 1266
4 1254 1429 1430 1255
4 1440 1265 1266 1441
4 1254 1255 1266 1265
4 1429 1440 1441 1430
4 1255 1266 1441 1430
4 1256 1431 1442 1267
4 1255 1430 1431 1256
4 1441 1266 1267 1442
4 1255 1256 1267 1266
4 1430 1441 1442 1431
4 1270 1284 1457 1443
4 1271 1444 1458 1285
4 1270 1443 1444 1271
4 1457 1284 1285 1458
4 1270 1271 1285 1284
4 1443 1457 1458 1444
4 1271 1285 1458 1444
4 1272 1445 1459 1286
4 1271 1444 1445 1272
4 1458 1285 1286 1459
4 1271 1272 1286 1285
4 1444 1458 1459 1445
4 1272 1286 1459 1445
4 1273 1446 1460 1287
4 1272 1445 1446 1273
4 1459 1286 1287 1460
4 1272 1273 1287 1286
4 1445 1459 1460 1446
4 1274 1294 1469 1447
4 1275 1448 1470 1295
4 1274 1447 1448 1275
4 1469 1294 1295 1470
4 1274 1275 1295 1294
4 1447 1469 1470 1448
4 1275 1295 1470 1448
4 1276 1449 1471 1296
4 1275 1448 1449 1276
4 1470 1295 1296 1471
4 1275 1276 1296 1295
4 1448 1470 1471 1449
4 1276 1296 1471 1449
4 1277 1450 1472 1297
4 1276 1449 1450 1277
4 1471 1296 1297 1472
4 1276 1277 1297 1296
4 1449 1471 1472 1450
4 1277 1297 1472 1450
4 1278 1451 1473 1298
4 1277 1450 1451 1278
4 1472 1297 1298 1473
4 1277 1278 1298 1297
4 1450 1472 1473 1451
4 1278 1298 1473 1451
4 1279 1452 1474 1299
4 1278 1451 1452 1279
4 1473 1298 1299 1474
4 1278 1279 1299 1298
4 1451 1473 1474 1452
4 1279 1299 1474 1452
4 1280 1453 1475 1300
4 1279 1452 1453 1280
4 1474 1299 1300 1475
4 1279 1280 1300 1299
4 1452 1474 1475 1453
4 1280 1300 1475 1453
4 1281 1454 1476 1301
4 1280 1453 1454 1281
4 1475 1300 1301 1476
4 1280 1281 1301 1300
4 1453 1475 1476 1454
4 1281 1301 1476 1454
4 1282 1455 1477 1302
4 1281 1454 1455 1282
4 1476 1301 1302 1477
4 1281 1282 1302 1301
4 1454 1476 1477 1455
4 1282 1302 1477 1455
4 1283 1456 1478 1303
4 1282 1455 1456 1283
4 1477 1302 1303 1478
4 1282 1283 1303 1302
4 1455 1477 1478 1456
4 1283 1303 1478 1456
4 1284 1457 1479 1304
4 1283 1456 1457 1284
4 1478 1303 1304 1479
4 1283 1284 1304 1303
4 1456 1478 1479 1457
4 1284 1304 1479 1457
4 1285 1458 1480 1305
4 1284 1457 1458 1285
4 1479 1304 1305 1480
4 1284 1285 1305 1304
4 1457 1479 1480 1458
4 1285 1305 1480 1458
4 1286 1459 1481 1306
4 1285 1458 1459 1286
4 1480 1305 1306 1481
4 1285 1286 1306 1305
4 1458 1480 1481 1459
4 1286 1306 1481 1459
4 1287 1460 1482 1307
4 1286 1459 1460 1287
4 1481 1306 1307 1482
4 1286 1287 1307 1306
4 1459 1481 1482 1460
4 1287 1307 1482 1460
4 1288 1461 1483 1308
4 1287 1460 1461 1288
4 1482 1307 1308 1483
4 1287 1288 1308 1307
4 1460 1482 1483 1461
4 1288 1308 1483 1461
4 1289 1462 1484 1309
4 1288 1461 1462 1289
4 1483 1308 1309 1484
4 1288 1289 1309 1308
4 1461 1483 1484 1462
4 1289 1309 1484 1462
4 1290 1463 1485 1310
4 1289 1462 1463 1290
4 1484 1309 1310 1485
4 1289 1290 1310 1309
4 1462 1484 1485 1463
4 1291 1312 1489 1466
4 1292 1467 1490 1313
4 1291 1466 1467 1292
4 1489 1312 1313 1490
4 1291 1292 1313 1312
4 1466 1489 1490 1467
4 1292 1313 1490 1467
4 1293 1468 1491 1314
4 1292 1467 1468 1293
4 1490 1313 1314 1491
4 1292 1293 1314 1313
4 1467 1490 1491 1468
4 1294 1316 1493 1469
4 1295 1470 1494 1317
4 1294 1469 1470 1295
4 1493 1316 1317 1494
4 1294 1295 1317 1316
4 1469 1493 1494 1470
4 1297 1319 1495 1472
4 1298 1473 1496 1320
4 1297 1472 1473 1298
4 1495 1319 1320 1496
4 1297 1298 1320 1319
4 1472 1495 1496 1473
4 1298 1320 1496 1473
4 1299 1474 1497 1321
4 1298 1473 1474 1299
4 1496 1320 1321 1497
4 1298 1299 1321 1320
4 1473 1496 1497 1474
4 1299 1321 1497 1474
4 1300 1475 1498 1322
4 1299 1474 1475 1300
4 1497 1321 1322 1498
4 1299 1300 1322 1321
4 1474 1497 1498 1475
4 1301 1323 1499 1476
4 1302 1477 1500 1324
4 1301 1476 1477 1302
4 1499 1323 1324 1500
4 1301 1302 1324 1323
4 1476 1499 1500 1477
4 1302 1324 1500 1477
4 1303 1478 1501 1325
4 1302 1477 1478 1303
4 1500 1324 1325 1501
4 1302 1303 1325 1324
4 1477 1500 1501 1478
4 1303 1325 1501 1478
4 1304 1479 1502 1326
4 1303 1478 1479 1304
4 1501 1325 1326 1502
4 1303 1304 1326 1325
4 1478 1501 1502 1479
4 1304 1326 1502 1479
4 1305 1480 1503 1327
4 1304 1479 1480 1305
4 1502 1326 1327 1503
4 1304 1305 1327 1326
4 1479 1502 1503 1480
4 1308 1330 1505 1483
4 1309 1484 1506 1331
4 1308 1483 1484 1309
4 1505 1330 1331 1506
4 1308 1309 1331 1330
4 1483 1505 1506 1484
4 1309 1331 1506 1484
4 1310 1485 1507 1332
4 1309 1484 1485 1310
4 1506 1331 1332 1507
4 1309 1310 1332 1331
4 1484 1506 1507 1485
4 1311 1334 1510 1488
4 1312 1489 1511 1335
4 1311 1488 1489 1312
4 1510 1334 1335 1511
4 1311 1312 1335 1334
4 1488 1510 1511 1489
4 1312 1335 1511 1489
4 1313 1490 1512 1336
4 1312 1489 1490 1313
4 1511 1335 1336 1512
4 1312 1313 1336 1335
4 1489 1511 1512 1490
4 1313 1336 1512 1490
4 1314 1491 1513 1337
4 1313 1490 1491 1314
4 1512 1336 1337 1513
4 1313 1314 1337 1336
4 1490 1512 1513 1491
4 1314 1337 1513 1491
4 1315 1492 1514 1338
4 1314 1491 1492 1315
4 1513 1337 1338 1514
4 1314 1315 1338 1337
4 1491 1513 1514 1492
4 1316 1339 1515 1493
4 1317 1494 1516 1340
4 1316 1493 1494 1317
4 1515 1339 1340 1516
4 1316 1317 1340 1339
4 1493 1515 1516 1494
4 1324 1345 1518 1500
4 1325 1501 1519 1346
4 1324 1500 1501 1325
4 1518 1345 1346 1519
4 1324 1325 1346 1345
4 1500 1518 1519 1501
4 1325 1346 1519 1501
4 1326 1502 1520 1347
4 1325 1501 1502 1326
4 1519 1346 1347 1520
4 1325 1326 1347 1346
4 1501 1519 1520 1502
4 1326 1347 1520 1502
4 1327 1503 1521 1348
4 1326 1502 1503 1327
4 1520 1347 1348 1521
4 1326 1327 1348 1347
4 1502 1520 1521 1503
4 1330 1350 1522 1505
4 1331 1506 1523 1351
4 1330 1505 1506 1331
4 1522 1350 1351 1523
4 1330 1331 1351 1350
4 1505 1522 1523 1506
4 1331 1351 1523 1506
4 1332 1507 1524 1352
4 1331 1506 1507 1332
4 1523 1351 1352 1524
4 1331 1332 1352 1351
4 1506 1523 1524 1507
4 1332 1352 1524 1507
4 1333 1508 1525 1353
4 1332 1507 1508 1333
4 1524 1352 1353 1525
4 1332 1333 1353 1352
4 1507 1524 1525 1508
4 1334 1354 1527 1510
4 1335 1511 1528 1355
4 1334 1510 1511 1335
4 1527 1354 1355 1528
4 1334 1335 1355 1354
4 1510 1527 1528 1511
4 1337 1356 1529 1513
4 1338 1514 1530 1357
4 1337 1513 1514 1338
4 1529 1356 1357 1530
4 1337 1338 1357 1356
4 1513 1529 1530 1514
4 1339 1358 1531 1515
4 1340 1516 1532 1359
4 1339 1515 1516 1340
4 1531 1358 1359 1532
4 1339 1340 1359 1358
4 1515 1531 1532 1516
4 1351 1366 1539 1523
4 1352 1524 1540 1367
4 1351 1523 1524 1352
4 1539 1366 1367 1540
4 1351 1352 1367 1366
4 1523 1539 1540 1524
4 1352 1367 1540 1524
4 1353 1525 1541 1368
4 1352 1524 1525 1353
4 1540 1367 1368 1541
4 1352 1353 1368 1367
4 1524 1540 1541 1525
4 1354 1369 1543 1527
4 1355 1528 1544 1370
4 1354 1527 1528 1355
4 1543 1369 1370 1544
4 1354 1355 1370 1369
4 1527 1543 1544 1528
4 1356 1371 1545 1529
4 1357 1530 1546 1372
4 1356 1529 1530 1357
4 1545 1371 1372 1546
4 1356 1357 1372 1371
4 1529 1545 1546 1530
4 1358 1373 1547 1531
4 1359 1532 1548 1374
4 1358 1531 1532 1359
4 1547 1373 1374 1548
4 1358 1359 1374 1373
4 1531 1547 1548 1532
4 1365 1387 1561 1538
4 1366 1539 1562 1388
4 1365 1538 1539 1366
4 1561 1387 1388 1562
4 1365 1366 1388 1387
4 1538 1561 1562 1539
4 1366 1388 1562 1539
4 1367 1540 1563 1389
4 1366 1539 1540 1367
4 1562 1388 1389 1563
4 1366 1367 1389 1388
4 1539 1562 1563 1540
4 1367 1389 1563 1540
4 1368 1541 1564 1390
4 1367 1540 1541 1368
4 1563 1389 1390 1564
4 1367 1368 1390 1389
4 1540 1563 1564 1541
4 1369 1392 1566 1543
4 1370 1544 1567 1393
4 1369 1543 1544 1370
4 1566 1392 1393 1567
4 1369 1370 1393 1392
4 1543 1566 1567 1544
4 1371 1395 1569 1545
4 1372 1546 1570 1396
4 1371 1545 1546 1372
4 1569 1395 1396 1570
4 1371 1372 1396 1395
4 1545 1569 1570 1546
4 1373 1397 1571 1547
4 1374 1548 1572 1398
4 1373 1547 1548 1374
4 1571 1397 1398 1572
4 1373 1374 1398 1397
4 1547 1571 1572 1548
4 1374 1398 1572 1548
4 1375 1549 1573 1399
4 1374 1548 1549 1375
4 1572 1398 1399 1573
4 1374 1375 1399 1398
4 1548 1572 1573 1549
4 1376 1400 1574 1550
4 1377 1551 1575 1401
4 1376 1550 1551 1377
4 1574 1400 1401 1575
4 1376 1377 1401 1400
4 1550 1574 1575 1551
4 1377 1401 1575 1551
4 1378 1552 1576 1402
4 1377 1551 1552 1378
4 1575 1401 1402 1576
4 1377 1378 1402 1401
4 1551 1575 1576 1552
4 1378 1402 1576 1552
4 1379 1553 1577 1403
4 1378 1552 1553 1379
4 1576 1402 1403 1577
4 1378 1379 1403 1402
4 1552 1576 1577 1553
4 1380 1404 1578 1554
4 1381 1555 1579 1405
4 1380 1554 1555 1381
4 1578 1404 1405 1579
4 1380 1381 1405 1404
4 1554 1578 1579 1555
4 1381 1405 1579 1555
4 1382 1556 1580 1406
4 1381 1555 1556 1382
4 1579 1405 1406 1580
4 1381 1382 1406 1405
4 1555 1579 1580 1556
4 1382 1406 1580 1556
4 1383 1557 1581 1407
4 1382 1556 1557 1383
4 1580 1406 1407 1581
4 1382 1383 1407 1406
4 1556 1580 1581 1557
4 1383 1407 1581 1557
4 1384 1558 1582 1408
4 1383 1557 1558 1384
4 1581 1407 1408 1582
4 1383 1384 1408 1407
4 1557 1581 1582 1558
4 1386 1410 1584 1560
4 1387 1561 1585 1411
4 1386 1560 1561 1387
4 1584 1410 1411 1585
4 1386 1387 1411 1410
4 1560 1584 1585 1561
4 1387 1411 1585 1561
4 1388 1562 1586 1412
4 1387 1561 1562 1388
4 1585 1411 1412 1586
4 1387 1388 1412 1411
4 1561 1585 1586 1562
4 1388 1412 1586 1562
4 1389 1563 1587 1413
4 1388 1562 1563 1389
4 1586 1412 1413 1587
4 1388 1389 1413 1412
4 1562 1586 1587 1563
4 1392 1415 1590 1566
4 1393 1567 1591 1416
4 1392 1566 1567 1393
4 1590 1415 1416 1591
4 1392 1393 1416 1415
4 1566 1590 1591 1567
4 1393 1416 1591 1567
4 1394 1568 1592 1417
4 1393 1567 1568 1394
4 1591 1416 1417 1592
4 1393 1394 1417 1416
4 1567 1591 1592 1568
4 1394 1417 1592 1568
4 1395 1569 1593 1418
4 1394 1568 1569 1395
4 1592 1417 1418 1593
4 1394 1395 1418 1417
4 1568 1592 1593 1569
4 1395 1418 1593 1569
4 1396 1570 1594 1419
4 1395 1569 1570 1396
4 1593 1418 1419 1594
4 1395 1396 1419 1418
4 1569 1593 1594 1570
4 1398 1420 1595 1572
4 1399 1573 1596 1421
4 1398 1572 1573 1399
4 1595 1420 1421 1596
4 1398 1399 1421 1420
4 1572 1595 1596 1573
4 1399 1421 1596 1573
4 1400 1574 1597 1422
4 1399 1573 1574 1400
4 1596 1421 1422 1597
4 1399 1400 1422 1421
4 1573 1596 1597 1574
4 1400 1422 1597 1574
4 1401 1575 1598 1423
4 1400 1574 1575 1401
4 1597 1422 1423 1598
4 1400 1401 1423 1422
4 1574 1597 1598 1575
4 1401 1423 1598 1575
4 1402 1576 1599 1424
4 1401 1575 1576 1402
4 1598 1423 1424 1599
4 1401 1402 1424 1423
4 1575 1598 1599 1576
4 1402 1424 1599 1576
4 1403 1577 1600 1425
4 1402 1576 1577 1403
4 1599 1424 1425 1600
4 1402 1403 1425 1424
4 1576 1599 1600 1577
4 1403 1425 1600 1577
4 1404 1578 1601 1426
4 1403 1577 1578 1404
4 1600 1425 1426 1601
4 1403 1404 1426 1425
4 1577 1600 1601 1578
4 1404 1426 1601 1578
4 1405 1579 1602 1427
4 1404 1578 1579 1405
4 1601 1426 1427 1602
4 1404 1405 1427 1426
4 1578 1601 1602 1579
4 1405 1427 1602 1579
4 1406 1580 1603 1428
4 1405 1579 1580 1406
4 1602 1427 1428 1603
4 1405 1406 1428 1427
4 1579 1602 1603 1580
4 1406 1428 1603 1580
4 1407 1581 1604 1429
4 1406 1580 1581 1407
4 1603 1428 1429 1604
4 1406 1407 1429 1428
4 1580 1603 1604 1581
4 1407 1429 1604 1581
4 1408 1582 1605 1430
4 1407 1581 1582 1408
4 1604 1429 1430 1605
4 1407 1408 1430 1429
4 1581 1604 1605 1582
4 1408 1430 1605 1582
4 1409 1583 1606 1431
4 1408 1582 1583 1409
4 1605 1430 1431 1606
4 1408 1409 1431 1430
4 1582 1605 1606 1583
4 1409 1431 1606 1583
4 1410 1584 1607 1432
4 1409 1583 1584 1410
4 1606 1431 1432 1607
4 1409 1410 1432 1431
4 1583 1606 1607 1584
4 1410 1432 1607 1584
4 1411 1585 1608 1433
4 1410 1584 1585 1411
4 1607 1432 1433 1608
4 1410 1411 1433 1432
4 1584 1607 1608 1585
4 1411 1433 1608 1585
4 1412 1586 1609 1434
4 1411 1585 1586 1412
4 1608 1433 1434 1609
4 1411 1412 1434 1433
4 1585 1608 1609 1586
4 1416 1435 1612 1591
4 1417 1592 1613 1436
4 1416 1591 1592 1417
4 1612 1435 1436 1613
4 1416 1417 1436 1435
4 1591 1612 1613 1592
4 1417 1436 1613 1592
4 1418 1593 1614 1437
4 1417 1592 1593 1418
4 1613 1436 1437 1614
4 1417 1418 1437 1436
4 1592 1613 1614 1593
4 1429 1440 1615 1604
4 1430 1605 1616 1441
4 1429 1604 1605 1430
4 1615 1440 1441 1616
4 1429 1430 1441 1440
4 1604 1615 1616 1605
4 1447 1469 1645 1623
4 1448 1624 1646 1470
4 1447 1623 1624 1448
4 1645 1469 1470 1646
4 1447 1448 1470 1469
4 1623 1645 1646 1624
4 1448 1470 1646 1624
4 1449 1625 1647 1471
4 1448 1624 1625 1449
4 1646 1470 1471 1647
4 1448 1449 1471 1470
4 1624 1646 1647 1625
4 1449 1471 1647 1625
4 1450 1626 1648 1472
4 1449 1625 1626 1450
4 1647 1471 1472 1648
4 1449 1450 1472 1471
4 1625 1647 1648 1626
4 1450 1472 1648 1626
4 1451 1627 1649 1473
4 1450 1626 1627 1451
4 1648 1472 1473 1649
4 1450 1451 1473 1472
4 1626 1648 1649 1627
4 1451 1473 1649 1627
4 1452 1628 1650 1474
4 1451 1627 1628 1452
4 1649 1473 1474 1650
4 1451 1452 1474 1473
4 1627 1649 1650 1628
4 1452 1474 1650 1628
4 1453 1629 1651 1475
4 1452 1628 1629 1453
4 1650 1474 1475 1651
4 1452 1453 1475 1474
4 1628 1650 1651 1629
4 1453 1475 1651 1629
4 1454 1630 1652 1476
4 1453 1629 1630 1454
4 1651 1475 1476 1652
4 1453 1454 1476 1475
4 1629 1651 1652 1630
4 1454 1476 1652 1630
4 1455 1631 1653 1477
4 1454 1630 1631 1455
4 1652 1476 1477 1653
4 1454 1455 1477 1476
4 1630 1652 1653 1631
4 1457 1479 1655 1632
4 1458 1633 1656 1480
4 1457 1632 1633 1458
4 1655 1479 1480 1656
4 1457 1458 1480 1479
4 1632 1655 1656 1633
4 1458 1480 1656 1633
4 1459 1634 1657 1481
4 1458 1633 1634 1459
4 1656 1480 1481 1657
4 1458 1459 1481 1480
4 1633 1656 1657 1634
4 1459 1481 1657 1634
4 1460 1635 1658 1482
4 1459 1634 1635 1460
4 1657 1481 1482 1658
4 1459 1460 1482 1481
4 1634 1657 1658 1635
4 1460 1482 1658 1635
4 1461 1636 1659 1483
4 1460 1635 1636 1461
4 1658 1482 1483 1659
4 1460 1461 1483 1482
4 1635 1658 1659 1636
4 1461 1483 1659 1636
4 1462 1637 1660 1484
4 1461 1636 1637 1462
4 1659 1483 1484 1660
4 1461 1462 1484 1483
4 1636 1659 1660 1637
4 1462 1484 1660 1637
4 1463 1638 1661 1485
4 1462 1637 1638 1463
4 1660 1484 1485 1661
4 1462 1463 1485 1484
4 1637 1660 1661 1638
4 1463 1485 1661 1638
4 1464 1639 1662 1486
4 1463 1638 1639 1464
4 1661 1485 1486 1662
4 1463 1464 1486 1485
4 1638 1661 1662 1639
4 1465 1488 1664 1641
4 1466 1642 1665 1489
4 1465 1641 1642 1466
4 1664 1488 1489 1665
4 1465 1466 1489 1488
4 1641 1664 1665 1642
4 1466 1489 1665 1642
4 1467 1643 1666 1490
4 1466 1642 1643 1467
4 1665 1489 1490 1666
4 1466 1467 1490 1489
4 1642 1665 1666 1643
4 1467 1490 1666 1643
4 1468 1644 1667 1491
4 1467 1643 1644 1468
4 1666 1490 1491 1667
4 1467 1468 1491 1490
4 1643 1666 1667 1644
4 1469 1493 1669 1645
4 1470 1646 1670 1494
4 1469 1645 1646 1470
4 1669 1493 1494 1670
4 1469 1470 1494 1493
4 1645 1669 1670 1646
4 1475 1498 1675 1651
4 1476 1652 1676 1499
4 1475 1651 1652 1476
4 1675 1498 1499 1676
4 1475 1476 1499 1498
4 1651 1675 1676 1652
4 1476 1499 1676 1652
4 1477 1653 1677 1500
4 1476 1652 1653 1477
4 1676 1499 1500 1677
4 1476 1477 1500 1499
4 1652 1676 1677 1653
4 1477 1500 1677 1653
4 1478 1654 1678 1501
4 1477 1653 1654 1478
4 1677 1500 1501 1678
4 1477 1478 1501 1500
4 1653 1677 1678 1654
4 1479 1502 1679 1655
4 1480 1656 1680 1503
4 1479 1655 1656 1480
4 1679 1502 1503 1680
4 1479 1480 1503 1502
4 1655 1679 1680 1656
4 1480 1503 1680 1656
4 1481 1657 1681 1504
4 1480 1656 1657 1481
4 1680 1503 1504 1681
4 1480 1481 1504 1503
4 1656 1680 1681 1657
4 1484 1506 1683 1660
4 1485 1661 1684 1507
4 1484 1660 1661 1485
4 1683 1506 1507 1684
4 1484 1485 1507 1506
4 1660 1683 1684 1661
4 1485 1507 1684 1661
4 1486 1662 1685 1508
4 1485 1661 1662 1486
4 1684 1507 1508 1685
4 1485 1486 1508 1507
4 1661 1684 1685 1662
4 1487 1509 1686 1663
4 1488 1664 1687 1510
4 1487 1663 1664 1488
4 1686 1509 1510 1687
4 1487 1488 1510 1509
4 1663 1686 1687 1664
4 1488 1510 1687 1664
4 1489 1665 1688 1511
4 1488 1664 1665 1489
4 1687 1510 1511 1688
4 1488 1489 1511 1510
4 1664 1687 1688 1665
4 1489 1511 1688 1665
4 1490 1666 1689 1512
4 1489 1665 1666 1490
4 1688 1511 1512 1689
4 1489 1490 1512 1511
4 1665 1688 1689 1666
4 1490 1512 1689 1666
4 1491 1667 1690 1513
4 1490 1666 1667 1491
4 1689 1512 1513 1690
4 1490 1491 1513 1512
4 1666 1689 1690 1667
4 1491 1513 1690 1667
4 1492 1668 1691 1514
4 1491 1667 1668 1492
4 1690 1513 1514 1691
4 1491 1492 1514 1513
4 1667 1690 1691 1668
4 1493 1515 1692 1669
4 1494 1670 1693 1516
4 1493 1669 1670 1494
4 1692 1515 1516 1693
4 1493 1494 1516 1515
4 1669 1692 1693 1670
4 1499 1517 1696 1676
4 1500 1677 1697 1518
4 1499 1676 1677 1500
4 1696 1517 1518 1697
4 1499 1500 1518 1517
4 1676 1696 1697 1677
4 1500 1518 1697 1677
4 1501 1678 1698 1519
4 1500 1677 1678 1501
4 1697 1518 1519 1698
4 1500 1501 1519 1518
4 1677 1697 1698 1678
4 1501 1519 1698 1678
4 1502 1679 1699 1520
4 1501 1678 1679 1502
4 1698 1519 1520 1699
4 1501 1502 1520 1519
4 1678 1698 1699 1679
4 1502 1520 1699 1679
4 1503 1680 1700 1521
4 1502 1679 1680 1503
4 1699 1520 1521 1700
4 1502 1503 1521 1520
4 1679 1699 1700 1680
4 1506 1523 1702 1683
4 1507 1684 1703 1524
4 1506 1683 1684 1507
4 1702 1523 1524 1703
4 1506 1507 1524 1523
4 1683 1702 1703 1684
4 1507 1524 1703 1684
4 1508 1685 1704 1525
4 1507 1684 1685 1508
4 1703 1524 1525 1704
4 1507 1508 1525 1524
4 1684 1703 1704 1685
4 1508 1525 1704 1685
4 1509 1686 1705 1526
4 1508 1685 1686 1509
4 1704 1525 1526 1705
4 1508 1509 1526 1525
4 1685 1704 1705 1686
4 1509 1526 1705 1686
4 1510 1687 1706 1527
4 1509 1686 1687 1510
4 1705 1526 1527 1706
4 1509 1510 1527 1526
4 1686 1705 1706 1687
4 1510 1527 1706 1687
4 1511 1688 1707 1528
4 1510 1687 1688 1511
4 1706 1527 1528 1707
4 1510 1511 1528 1527
4 1687 1706 1707 1688
4 1513 1529 1709 1690
4 1514 1691 1710 1530
4 1513 1690 1691 1514
4 1709 1529 1530 1710
4 1513 1514 1530 1529
4 1690 1709 1710 1691
4 1515 1531 1711 1692
4 1516 1693 1712 1532
4 1515 1692 1693 1516
4 1711 1531 1532 1712
4 1515 1516 1532 1531
4 1692 1711 1712 1693
4 1517 1533 1715 1696
4 1518 1697 1716 1534
4 1517 1696 1697 1518
4 1715 1533 1534 1716
4 1517 1518 1534 1533
4 1696 1715 1716 1697
4 1518 1534 1716 1697
4 1519 1698 1717 1535
4 1518 1697 1698 1519
4 1716 1534 1535 1717
4 1518 1519 1535 1534
4 1697 1716 1717 1698
4 1519 1535 1717 1698
4 1520 1699 1718 1536
4 1519 1698 1699 1520
4 1717 1535 1536 1718
4 1519 1520 1536 1535
4 1698 1717 1718 1699
4 1520 1536 1718 1699
4 1521 1700 1719 1537
4 1520 1699 1700 1521
4 1718 1536 1537 1719
4 1520 1521 1537 1536
4 1699 1718 1719 1700
4 1524 1540 1722 1703
4 1525 1704 1723 1541
4 1524 1703 1704 1525
4 1722 1540 1541 1723
4 1524 1525 1541 1540
4 1703 1722 1723 1704
4 1525 1541 1723 1704
4 1526 1705 1724 1542
4 1525 1704 1705 1526
4 1723 1541 1542 1724
4 1525 1526 1542 1541
4 1704 1723 1724 1705
4 1526 1542 1724 1705
4 1527 1706 1725 1543
4 1526 1705 1706 1527
4 1724 1542 1543 1725
4 1526 1527 1543 1542
4 1705 1724 1725 1706
4 1527 1543 1725 1706
4 1528 1707 1726 1544
4 1527 1706 1707 1528
4 1725 1543 1544 1726
4 1527 1528 1544 1543
4 1706 1725 1726 1707
4 1529 1545 1728 1709
4 1530 1710 1729 1546
4 1529 1709 1710 1530
4 1728 1545 1546 1729
4 1529 1530 1546 1545
4 1709 1728 1729 1710
4 1531 1547 1730 1711
4 1532 1712 1731 1548
4 1531 1711 1712 1532
4 1730 1547 1548 1731
4 1531 1532 1548 1547
4 1711 1730 1731 1712
4 1533 1554 1737 1715
4 1534 1716 1738 1555
4 1533 1715 1716 1534
4 1737 1554 1555 1738
4 1533 1534 1555 1554
4 1715 1737 1738 1716
4 1534 1555 1738 1716
4 1535 1717 1739 1556
4 1534 1716 1717 1535
4 1738 1555 1556 1739
4 1534 1535 1556 1555
4 1716 1738 1739 1717
4 1535 1556 1739 1717
4 1536 1718 1740 1557
4 1535 1717 1718 1536
4 1739 1556 1557 1740
4 1535 1536 1557 1556
4 1717 1739 1740 1718
4 1536 1557 1740 1718
4 1537 1719 1741 1558
4 1536 1718 1719 1537
4 1740 1557 1558 1741
4 1536 1537 1558 1557
4 1718 1740 1741 1719
4 1539 1562 1745 1721
4 1540 1722 1746 1563
4 1539 1721 1722 1540
4 1745 1562 1563 1746
4 1539 1540 1563 1562
4 1721 1745 1746 1722
4 1540 1563 1746 1722
4 1541 1723 1747 1564
4 1540 1722 1723 1541
4 1746 1563 1564 1747
4 1540 1541 1564 1563
4 1722 1746 1747 1723
4 1541 1564 1747 1723
4 1542 1724 1748 1565
4 1541 1723 1724 1542
4 1747 1564 1565 1748
4 1541 1542 1565 1564
4 1723 1747 1748 1724
4 1542 1565 1748 1724
4 1543 1725 1749 1566
4 1542 1724 1725 1543
4 1748 1565 1566 1749
4 1542 1543 1566 1565
4 1724 1748 1749 1725
4 1543 1566 1749 1725
4 1544 1726 1750 1567
4 1543 1725 1726 1544
4 1749 1566 1567 1750
4 1543 1544 1567 1566
4 1725 1749 1750 1726
4 1545 1569 1752 1728
4 1546 1729 1753 1570
4 1545 1728 1729 1546
4 1752 1569 1570 1753
4 1545 1546 1570 1569
4 1728 1752 1753 1729
4 1547 1571 1754 1730
4 1548 1731 1755 1572
4 1547 1730 1731 1548
4 1754 1571 1572 1755
4 1547 1548 1572 1571
4 1730 1754 1755 1731
4 1548 1572 1755 1731
4 1549 1732 1756 1573
4 1548 1731 1732 1549
4 1755 1572 1573 1756
4 1548 1549 1573 1572
4 1731 1755 1756 1732
4 1552 1576 1759 1735
4 1553 1736 1760 1577
4 1552 1735 1736 1553
4 1759 1576 1577 1760
4 1552 1553 1577 1576
4 1735 1759 1760 1736
4 1553 1577 1760 1736
4 1554 1737 1761 1578
4 1553 1736 1737 1554
4 1760 1577 1578 1761
4 1553 1554 1578 1577
4 1736 1760 1761 1737
4 1554 1578 1761 1737
4 1555 1738 1762 1579
4 1554 1737 1738 1555
4 1761 1578 1579 1762
4 1554 1555 1579 1578
4 1737 1761 1762 1738
4 1555 1579 1762 1738
4 1556 1739 1763 1580
4 1555 1738 1739 1556
4 1762 1579 1580 1763
4 1555 1556 1580 1579
4 1738 1762 1763 1739
4 1556 1580 1763 1739
4 1557 1740 1764 1581
4 1556 1739 1740 1557
4 1763 1580 1581 1764
4 1556 1557 1581 1580
4 1739 1763 1764 1740
4 1557 1581 1764 1740
4 1558 1741 1765 1582
4 1557 1740 1741 1558
4 1764 1581 1582 1765
4 1557 1558 1582 1581
4 1740 1764 1765 1741
4 1558 1582 1765 1741
4 1559 1742 1766 1583
4 1558 1741 1742 1559
4 1765 1582 1583 1766
4 1558 1559 1583 1582
4 1741 1765 1766 1742
4 1561 1585 1768 1744
4 1562 1745 1769 1586
4 1561 1744 1745 1562
4 1768 1585 1586 1769
4 1561 1562 1586 1585
4 1744 1768 1769 1745
4 1562 1586 1769 1745
4 1563 1746 1770 1587
4 1562 1745 1746 1563
4 1769 1586 1587 1770
4 1562 1563 1587 1586
4 1745 1769 1770 1746
4 1563 1587 1770 1746
4 1564 1747 1771 1588
4 1563 1746 1747 1564
4 1770 1587 1588 1771
4 1563 1564 1588 1587
4 1746 1770 1771 1747
4 1564 1588 1771 1747
4 1565 1748 1772 1589
4 1564 1747 1748 1565
4 1771 1588 1589 1772
4 1564 1565 1589 1588
4 1747 1771 1772 1748
4 1566 1590 1773 1749
4 1567 1750 1774 1591
4 1566 1749 1750 1567
4 1773 1590 1591 1774
4 1566 1567 1591 1590
4 1749 1773 1774 1750
4 1567 1591 1774 1750
4 1568 1751 1775 1592
4 1567 1750 1751 1568
4 1774 1591 1592 1775
4 1567 1568 1592 1591
4 1750 1774 1775 1751
4 1568 1592 1775 1751
4 1569 1752 1776 1593
4 1568 1751 1752 1569
4 1775 1592 1593 1776
4 1568 1569 1593 1592
4 1751 1775 1776 1752
4 1569 1593 1776 1752
4 1570 1753 1777 1594
4 1569 1752 1753 1570
4 1776 1593 1594 1777
4 1569 1570 1594 1593
4 1752 1776 1777 1753
4 1572 1595 1778 1755
4 1573 1756 1779 1596
4 1572 1755 1756 1573
4 1778 1595 1596 1779
4 1572 1573 1596 1595
4 1755 1778 1779 1756
4 1573 1596 1779 1756
4 1574 1757 1780 1597
4 1573 1756 1757 1574
4 1779 1596 1597 1780
4 1573 1574 1597 1596
4 1756 1779 1780 1757
4 1574 1597 1780 1757
4 1575 1758 1781 1598
4 1574 1757 1758 1575
4 1780 1597 1598 1781
4 1574 1575 1598 1597
4 1757 1780 1781 1758
4 1575 1598 1781 1758
4 1576 1759 1782 1599
4 1575 1758 1759 1576
4 1781 1598 1599 1782
4 1575 1576 1599 1598
4 1758 1781 1782 1759
4 1576 1599 1782 1759
4 1577 1760 1783 1600
4 1576 1759 1760 1577
4 1782 1599 1600 1783
4 1576 1577 1600 1599
4 1759 1782 1783 1760
4 1577 1600 1783 1760
4 1578 1761 1784 1601
4 1577 1760 1761 1578
4 1783 1600 1601 1784
4 1577 1578 1601 1600
4 1760 1783 1784 1761
4 1578 1601 1784 1761
4 1579 1762 1785 1602
4 1578 1761 1762 1579
4 1784 1601 1602 1785
4 1578 1579 1602 1601
4 1761 1784 1785 1762
4 1581 1604 1786 1764
4 1582 1765 1787 1605
4 1581 1764 1765 1582
4 1786 1604 1605 1787
4 1581 1582 1605 1604
4 1764 1786 1787 1765
4 1582 1605 1787 1765
4 1583 1766 1788 1606
4 1582 1765 1766 1583
4 1787 1605 1606 1788
4 1582 1583 1606 1605
4 1765 1787 1788 1766
4 1583 1606 1788 1766
4 1584 1767 1789 1607
4 1583 1766 1767 1584
4 1788 1606 1607 1789
4 1583 1584 1607 1606
4 1766 1788 1789 1767
4 1584 1607 1789 1767
4 1585 1768 1790 1608
4 1584 1767 1768 1585
4 1789 1607 1608 1790
4 1584 1585 1608 1607
4 1767 1789 1790 1768
4 1585 1608 1790 1768
4 1586 1769 1791 1609
4 1585 1768 1769 1586
4 1790 1608 1609 1791
4 1585 1586 1609 1608
4 1768 1790 1791 1769
4 1586 1609 1791 1769
4 1587 1770 1792 1610
4 1586 1769 1770 1587
4 1791 1609 1610 1792
4 1586 1587 1610 1609
4 1769 1791 1792 1770
4 1587 1610 1792 1770
4 1588 1771 1793 1611
4 1587 1770 1771 1588
4 1792 1610 1611 1793
4 1587 1588 1611 1610
4 1770 1792 1793 1771
4 1591 1612 1796 1774
4 1592 1775 1797 1613
4 1591 1774 1775 1592
4 1796 1612 1613 1797
4 1591 1592 1613 1612
4 1774 1796 1797 1775
4 1592 1613 1797 1775
4 1593 1776 1798 1614
4 1592 1775 1776 1593
4 1797 1613 1614 1798
4 1592 1593 1614 1613
4 1775 1797 1798 1776
4 1607 1617 1799 1789
4 1608 1790 1800 1618
4 1607 1789 1790 1608
4 1799 1617 1618 1800
4 1607 1608 1618 1617
4 1789 1799 1800 1790
4 1619 1636 1819 1803
4 1620 1804 1820 1637
4 1619 1803 1804 1620
4 1819 1636 1637 1820
4 1619 1620 1637 1636
4 1803 1819 1820 1804
4 1620 1637 1820 1804
4 1621 1805 1821 1638
4 1620 1804 1805 1621
4 1820 1637 1638 1821
4 1620 1621 1638 1637
4 1804 1820 1821 1805
4 1621 1638 1821 1805
4 1622 1806 1822 1639
4 1621 1805 1806 1622
4 1821 1638 1639 1822
4 1621 1622 1639 1638
4 1805 1821 1822 1806
4 1623 1645 1828 1808
4 1624 1809 1829 1646
4 1623 1808 1809 1624
4 1828 1645 1646 1829
4 1623 1624 1646 1645
4 1808 1828 1829 1809
4 1624 1646 1829 1809
4 1625 1810 1830 1647
4 1624 1809 1810 1625
4 1829 1646 1647 1830
4 1624 1625 1647 1646
4 1809 1829 1830 1810
4 1625 1647 1830 1810
4 1626 1811 1831 1648
4 1625 1810 1811 1626
4 1830 1647 1648 1831
4 1625 1626 1648 1647
4 1810 1830 1831 1811
4 1626 1648 1831 1811
4 1627 1812 1832 1649
4 1626 1811 1812 1627
4 1831 1648 1649 1832
4 1626 1627 1649 1648
4 1811 1831 1832 1812
4 1627 1649 1832 1812
4 1628 1813 1833 1650
4 1627 1812 1813 1628
4 1832 1649 1650 1833
4 1627 1628 1650 1649
4 1812 1832 1833 1813
4 1628 1650 1833 1813
4 1629 1814 1834 1651
4 1628 1813 1814 1629
4 1833 1650 1651 1834
4 1628 1629 1651 1650
4 1813 1833 1834 1814
4 1629 1651 1834 1814
4 1630 1815 1835 1652
4 1629 1814 1815 1630
4 1834 1651 1652 1835
4 1629 1630 1652 1651
4 1814 1834 1835 1815
4 1633 1656 1838 1816
4 1634 1817 1839 1657
4 1633 1816 1817 1634
4 1838 1656 1657 1839
4 1633 1634 1657 1656
4 1816 1838 1839 1817
4 1634 1657 1839 1817
4 1635 1818 1840 1658
4 1634 1817 1818 1635
4 1839 1657 1658 1840
4 1634 1635 1658 1657
4 1817 1839 1840 1818
4 1635 1658 1840 1818
4 1636 1819 1841 1659
4 1635 1818 1819 1636
4 1840 1658 1659 1841
4 1635 1636 1659 1658
4 1818 1840 1841 1819
4 1636 1659 1841 1819
4 1637 1820 1842 1660
4 1636 1819 1820 1637
4 1841 1659 1660 1842
4 1636 1637 1660 1659
4 1819 1841 1842 1820
4 1637 1660 1842 1820
4 1638 1821 1843 1661
4 1637 1820 1821 1638
4 1842 1660 1661 1843
4 1637 1638 1661 1660
4 1820 1842 1843 1821
4 1638 1661 1843 1821
4 1639 1822 1844 1662
4 1638 1821 1822 1639
4 1843 1661 1662 1844
4 1638 1639 1662 1661
4 1821 1843 1844 1822
4 1639 1662 1844 1822
4 1640 1823 1845 1663
4 1639 1822 1823 1640
4 1844 1662 1663 1845
4 1639 1640 1663 1662
4 1822 1844 1845 1823
4 1640 1663 1845 1823
4 1641 1824 1846 1664
4 1640 1823 1824 1641
4 1845 1663 1664 1846
4 1640 1641 1664 1663
4 1823 1845 1846 1824
4 1641 1664 1846 1824
4 1642 1825 1847 1665
4 1641 1824 1825 1642
4 1846 1664 1665 1847
4 1641 1642 1665 1664
4 1824 1846 1847 1825
4 1642 1665 1847 1825
4 1643 1826 1848 1666
4 1642 1825 1826 1643
4 1847 1665 1666 1848
4 1642 1643 1666 1665
4 1825 1847 1848 1826
4 1643 1666 1848 1826
4 1644 1827 1849 1667
4 1643 1826 1827 1644
4 1848 1666 1667 1849
4 1643 1644 1667 1666
4 1826 1848 1849 1827
4 1645 1669 1851 1828
4 1646 1829 1852 1670
4 1645 1828 1829 1646
4 1851 1669 1670 1852
4 1645 1646 1670 1669
4 1828 1851 1852 1829
4 1646 1670 1852 1829
4 1647 1830 1853 1671
4 1646 1829 1830 1647
4 1852 1670 1671 1853
4 1646 1647 1671 1670
4 1829 1852 1853 1830
4 1647 1671 1853 1830
4 1648 1831 1854 1672
4 1647 1830 1831 1648
4 1853 1671 1672 1854
4 1647 1648 1672 1671
4 1830 1853 1854 1831
4 1648 1672 1854 1831
4 1649 1832 1855 1673
4 1648 1831 1832 1649
4 1854 1672 1673 1855
4 1648 1649 1673 1672
4 1831 1854 1855 1832
4 1649 1673 1855 1832
4 1650 1833 1856 1674
4 1649 1832 1833 1650
4 1855 1673 1674 1856
4 1649 1650 1674 1673
4 1832 1855 1856 1833
4 1650 1674 1856 1833
4 1651 1834 1857 1675
4 1650 1833 1834 1651
4 1856 1674 1675 1857
4 1650 1651 1675 1674
4 1833 1856 1857 1834
4 1651 1675 1857 1834
4 1652 1835 1858 1676
4 1651 1834 1835 1652
4 1857 1675 1676 1858
4 1651 1652 1676 1675
4 1834 1857 1858 1835
4 1652 1676 1858 1835
4 1653 1836 1859 1677
4 1652 1835 1836 1653
4 1858 1676 1677 1859
4 1652 1653 1677 1676
4 1835 1858 1859 1836
4 1655 1679 1860 1837
4 1656 1838 1861 1680
4 1655 1837 1838 1656
4 1860 1679 1680 1861
4 1655 1656 1680 1679
4 1837 1860 1861 1838
4 1656 1680 1861 1838
4 1657 1839 1862 1681
4 1656 1838 1839 1657
4 1861 1680 1681 1862
4 1656 1657 1681 1680
4 1838 1861 1862 1839
4 1657 1681 1862 1839
4 1658 1840 1863 1682
4 1657 1839 1840 1658
4 1862 1681 1682 1863
4 1657 1658 1682 1681
4 1839 1862 1863 1840
4 1661 1684 1865 1843
4 1662 1844 1866 1685
4 1661 1843 1844 1662
4 1865 1684 1685 1866
4 1661 1662 1685 1684
4 1843 1865 1866 1844
4 1662 1685 1866 1844
4 1663 1845 1867 1686
4 1662 1844 1845 1663
4 1866 1685 1686 1867
4 1662 1663 1686 1685
4 1844 1866 1867 1845
4 1663 1686 1867 1845
4 1664 1846 1868 1687
4 1663 1845 1846 1664
4 1867 1686 1687 1868
4 1663 1664 1687 1686
4 1845 1867 1868 1846
4 1664 1687 1868 1846
4 1665 1847 1869 1688
4 1664 1846 1847 1665
4 1868 1687 1688 1869
4 1664 1665 1688 1687
4 1846 1868 1869 1847
4 1666 1689 1870 1848
4 1667 1849 1871 1690
4 1666 1848 1849 1667
4 1870 1689 1690 1871
4 1666 1667 1690 1689
4 1848 1870 1871 1849
4 1667 1690 1871 1849
4 1668 1850 1872 1691
4 1667 1849 1850 1668
4 1871 1690 1691 1872
4 1667 1668 1691 1690
4 1849 1871 1872 1850
4 1669 1692 1873 1851
4 1670 1852 1874 1693
4 1669 1851 1852 1670
4 1873 1692 1693 1874
4 1669 1670 1693 1692
4 1851 1873 1874 1852
4 1674 1694 1878 1856
4 1675 1857 1879 1695
4 1674 1856 1857 1675
4 1878 1694 1695 1879
4 1674 1675 1695 1694
4 1856 1878 1879 1857
4 1675 1695 1879 1857
4 1676 1858 1880 1696
4 1675 1857 1858 1676
4 1879 1695 1696 1880
4 1675 1676 1696 1695
4 1857 1879 1880 1858
4 1676 1696 1880 1858
4 1677 1859 1881 1697
4 1676 1858 1859 1677
4 1880 1696 1697 1881
4 1676 1677 1697 1696
4 1858 1880 1881 1859
4 1679 1699 1882 1860
4 1680 1861 1883 1700
4 1679 1860 1861 1680
4 1882 1699 1700 1883
4 1679 1680 1700 1699
4 1860 1882 1883 1861
4 1680 1700 1883 1861
4 1681 1862 1884 1701
4 1680 1861 1862 1681
4 1883 1700 1701 1884
4 1680 1681 1701 1700
4 1861 1883 1884 1862
4 1684 1703 1886 1865
4 1685 1866 1887 1704
4 1684 1865 1866 1685
4 1886 1703 1704 1887
4 1684 1685 1704 1703
4 1865 1886 1887 1866
4 1685 1704 1887 1866
4 1686 1867 1888 1705
4 1685 1866 1867 1686
4 1887 1704 1705 1888
4 1685 1686 1705 1704
4 1866 1887 1888 1867
4 1686 1705 1888 1867
4 1687 1868 1889 1706
4 1686 1867 1868 1687
4 1888 1705 1706 1889
4 1686 1687 1706 1705
4 1867 1888 1889 1868
4 1689 1708 1890 1870
4 1690 1871 1891 1709
4 1689 1870 1871 1690
4 1890 1708 1709 1891
4 1689 1690 1709 1708
4 1870 1890 1891 1871
4 1690 1709 1891 1871
4 1691 1872 1892 1710
4 1690 1871 1872 1691
4 1891 1709 1710 1892
4 1690 1691 1710 1709
4 1871 1891 1892 1872
4 1692 1711 1893 1873
4 1693 1874 1894 1712
4 1692 1873 1874 1693
4 1893 1711 1712 1894
4 1692 1693 1712 1711
4 1873 1893 1894 1874
4 1694 1713 1898 1878
4 1695 1879 1899 1714
4 1694 1878 1879 1695
4 1898 1713 1714 1899
4 1694 1695 1714 1713
4 1878 1898 1899 1879
4 1695 1714 1899 1879
4 1696 1880 1900 1715
4 1695 1879 1880 1696
4 1899 1714 1715 1900
4 1695 1696 1715 1714
4 1879 1899 1900 1880
4 1696 1715 1900 1880
4 1697 1881 1901 1716
4 1696 1880 1881 1697
4 1900 1715 1716 1901
4 1696 1697 1716 1715
4 1880 1900 1901 1881
4 1699 1718 1902 1882
4 1700 1883 1903 1719
4 1699 1882 1883 1700
4 1902 1718 1719 1903
4 1699 1700 1719 1718
4 1882 1902 1903 1883
4 1700 1719 1903 1883
4 1701 1884 1904 1720
4 1700 1883 1884 1701
4 1903 1719 1720 1904
4 1700 1701 1720 1719
4 1883 1903 1904 1884
4 1709 1728 1911 1891
4 1710 1892 1912 1729
4 1709 1891 1892 1710
4 1911 1728 1729 1912
4 1709 1710 1729 1728
4 1891 1911 1912 1892
4 1711 1730 1913 1893
4 1712 1894 1914 1731
4 1711 1893 1894 1712
4 1913 1730 1731 1914
4 1711 1712 1731 1730
4 1893 1913 1914 1894
4 1713 1735 1918 1898
4 1714 1899 1919 1736
4 1713 1898 1899 1714
4 1918 1735 1736 1919
4 1713 1714 1736 1735
4 1898 1918 1919 1899
4 1714 1736 1919 1899
4 1715 1900 1920 1737
4 1714 1899 1900 1715
4 1919 1736 1737 1920
4 1714 1715 1737 1736
4 1899 1919 1920 1900
4 1715 1737 1920 1900
4 1716 1901 1921 1738
4 1715 1900 1901 1716
4 1920 1737 1738 1921
4 1715 1716 1738 1737
4 1900 1920 1921 1901
4 1718 1740 1922 1902
4 1719 1903 1923 1741
4 1718 1902 1903 1719
4 1922 1740 1741 1923
4 1718 1719 1741 1740
4 1902 1922 1923 1903
4 1719 1741 1923 1903
4 1720 1904 1924 1742
4 1719 1903 1904 1720
4 1923 1741 1742 1924
4 1719 1720 1742 1741
4 1903 1923 1924 1904
4 1723 1747 1927 1906
4 1724 1907 1928 1748
4 1723 1906 1907 1724
4 1927 1747 1748 1928
4 1723 1724 1748 1747
4 1906 1927 1928 1907
4 1724 1748 1928 1907
4 1725 1908 1929 1749
4 1724 1907 1908 1725
4 1928 1748 1749 1929
4 1724 1725 1749 1748
4 1907 1928 1929 1908
4 1725 1749 1929 1908
4 1726 1909 1930 1750
4 1725 1908 1909 1726
4 1929 1749 1750 1930
4 1725 1726 1750 1749
4 1908 1929 1930 1909
4 1727 1751 1931 1910
4 1728 1911 1932 1752
4 1727 1910 1911 1728
4 1931 1751 1752 1932
4 1727 1728 1752 1751
4 1910 1931 1932 1911
4 1728 1752 1932 1911
4 1729 1912 1933 1753
4 1728 1911 1912 1729
4 1932 1752 1753 1933
4 1728 1729 1753 1752
4 1911 1932 1933 1912
4 1730 1754 1934 1913
4 1731 1914 1935 1755
4 1730 1913 1914 1731
4 1934 1754 1755 1935
4 1730 1731 1755 1754
4 1913 1934 1935 1914
4 1731 1755 1935 1914
4 1732 1915 1936 1756
4 1731 1914 1915 1732
4 1935 1755 1756 1936
4 1731 1732 1756 1755
4 1914 1935 1936 1915
4 1732 1756 1936 1915
4 1733 1916 1937 1757
4 1732 1915 1916 1733
4 1936 1756 1757 1937
4 1732 1733 1757 1756
4 1915 1936 1937 1916
4 1733 1757 1937 1916
4 1734 1917 1938 1758
4 1733 1916 1917 1734
4 1937 1757 1758 1938
4 1733 1734 1758 1757
4 1916 1937 1938 1917
4 1734 1758 1938 1917
4 1735 1918 1939 1759
4 1734 1917 1918 1735
4 1938 1758 1759 1939
4 1734 1735 1759 1758
4 1917 1938 1939 1918
4 1735 1759 1939 1918
4 1736 1919 1940 1760
4 1735 1918 1919 1736
4 1939 1759 1760 1940
4 1735 1736 1760 1759
4 1918 1939 1940 1919
4 1736 1760 1940 1919
4 1737 1920 1941 1761
4 1736 1919 1920 1737
4 1940 1760 1761 1941
4 1736 1737 1761 1760
4 1919 1940 1941 1920
4 1737 1761 1941 1920
4 1738 1921 1942 1762
4 1737 1920 1921 1738
4 1941 1761 1762 1942
4 1737 1738 1762 1761
4 1920 1941 1942 1921
4 1740 1764 1943 1922
4 1741 1923 1944 1765
4 1740 1922 1923 1741
4 1943 1764 1765 1944
4 1740 1741 1765 1764
4 1922 1943 1944 1923
4 1741 1765 1944 1923
4 1742 1924 1945 1766
4 1741 1923 1924 1742
4 1944 1765 1766 1945
4 1741 1742 1766 1765
4 1923 1944 1945 1924
4 1742 1766 1945 1924
4 1743 1925 1946 1767
4 1742 1924 1925 1743
4 1945 1766 1767 1946
4 1742 1743 1767 1766
4 1924 1945 1946 1925
4 1746 1770 1949 1926
4 1747 1927 1950 1771
4 1746 1926 1927 1747
4 1949 1770 1771 1950
4 1746 1747 1771 1770
4 1926 1949 1950 1927
4 1747 1771 1950 1927
4 1748 1928 1951 1772
4 1747 1927 1928 1748
4 1950 1771 1772 1951
4 1747 1748 1772 1771
4 1927 1950 1951 1928
4 1748 1772 1951 1928
4 1749 1929 1952 1773
4 1748 1928 1929 1749
4 1951 1772 1773 1952
4 1748 1749 1773 1772
4 1928 1951 1952 1929
4 1749 1773 1952 1929
4 1750 1930 1953 1774
4 1749 1929 1930 1750
4 1952 1773 1774 1953
4 1749 1750 1774 1773
4 1929 1952 1953 1930
4 1750 1774 1953 1930
4 1751 1931 1954 1775
4 1750 1930 1931 1751
4 1953 1774 1775 1954
4 1750 1751 1775 1774
4 1930 1953 1954 1931
4 1751 1775 1954 1931
4 1752 1932 1955 1776
4 1751 1931 1932 1752
4 1954 1775 1776 1955
4 1751 1752 1776 1775
4 1931 1954 1955 1932
4 1752 1776 1955 1932
4 1753 1933 1956 1777
4 1752 1932 1933 1753
4 1955 1776 1777 1956
4 1752 1753 1777 1776
4 1932 1955 1956 1933
4 1755 1778 1957 1935
4 1756 1936 1958 1779
4 1755 1935 1936 1756
4 1957 1778 1779 1958
4 1755 1756 1779 1778
4 1935 1957 1958 1936
4 1756 1779 1958 1936
4 1757 1937 1959 1780
4 1756 1936 1937 1757
4 1958 1779 1780 1959
4 1756 1757 1780 1779
4 1936 1958 1959 1937
4 1757 1780 1959 1937
4 1758 1938 1960 1781
4 1757 1937 1938 1758
4 1959 1780 1781 1960
4 1757 1758 1781 1780
4 1937 1959 1960 1938
4 1758 1781 1960 1938
4 1759 1939 1961 1782
4 1758 1938 1939 1759
4 1960 1781 1782 1961
4 1758 1759 1782 1781
4 1938 1960 1961 1939
4 1759 1782 1961 1939
4 1760 1940 1962 1783
4 1759 1939 1940 1760
4 1961 1782 1783 1962
4 1759 1760 1783 1782
4 1939 1961 1962 1940
4 1765 1787 1963 1944
4 1766 1945 1964 1788
4 1765 1944 1945 1766
4 1963 1787 1788 1964
4 1765 1766 1788 1787
4 1944 1963 1964 1945
4 1766 1788 1964 1945
4 1767 1946 1965 1789
4 1766 1945 1946 1767
4 1964 1788 1789 1965
4 1766 1767 1789 1788
4 1945 1964 1965 1946
4 1767 1789 1965 1946
4 1768 1947 1966 1790
4 1767 1946 1947 1768
4 1965 1789 1790 1966
4 1767 1768 1790 1789
4 1946 1965 1966 1947
4 1768 1790 1966 1947
4 1769 1948 1967 1791
4 1768 1947 1948 1769
4 1966 1790 1791 1967
4 1768 1769 1791 1790
4 1947 1966 1967 1948
4 1769 1791 1967 1948
4 1770 1949 1968 1792
4 1769 1948 1949 1770
4 1967 1791 1792 1968
4 1769 1770 1792 1791
4 1948 1967 1968 1949
4 1770 1792 1968 1949
4 1771 1950 1969 1793
4 1770 1949 1950 1771
4 1968 1792 1793 1969
4 1770 1771 1793 1792
4 1949 1968 1969 1950
4 1771 1793 1969 1950
4 1772 1951 1970 1794
4 1771 1950 1951 1772
4 1969 1793 1794 1970
4 1771 1772 1794 1793
4 1950 1969 1970 1951
4 1772 1794 1970 1951
4 1773 1952 1971 1795
4 1772 1951 1952 1773
4 1970 1794 1795 1971
4 1772 1773 1795 1794
4 1951 1970 1971 1952
4 1773 1795 1971 1952
4 1774 1953 1972 1796
4 1773 1952 1953 1774
4 1971 1795 1796 1972
4 1773 1774 1796 1795
4 1952 1971 1972 1953
4 1774 1796 1972 1953
4 1775 1954 1973 1797
4 1774 1953 1954 1775
4 1972 1796 1797 1973
4 1774 1775 1797 1796
4 1953 1972 1973 1954
4 1775 1797 1973 1954
4 1776 1955 1974 1798
4 1775 1954 1955 1776
4 1973 1797 1798 1974
4 1775 1776 1798 1797
4 1954 1973 1974 1955
4 1789 1799 1975 1965
4 1790 1966 1976 1800
4 1789 1965 1966 1790
4 1975 1799 1800 1976
4 1789 1790 1800 1799
4 1965 1975 1976 1966
4 1790 1800 1976 1966
4 1791 1967 1977 1801
4 1790 1966 1967 1791
4 1976 1800 1801 1977
4 1790 1791 1801 1800
4 1966 1976 1977 1967
4 1791 1801 1977 1967
4 1792 1968 1978 1802
4 1791 1967 1968 1792
4 1977 1801 1802 1978
4 1791 1792 1802 1801
4 1967 1977 1978 1968
4 1803 1819 1990 1981
4 1804 1982 1991 1820
4 1803 1981 1982 1804
4 1990 1819 1820 1991
4 1803 1804 1820 1819
4 1981 1990 1991 1982
4 1804 1820 1991 1982
4 1805 1983 1992 1821
4 1804 1982 1983 1805
4 1991 1820 1821 1992
4 1804 1805 1821 1820
4 1982 1991 1992 1983
4 1805 1821 1992 1983
4 1806 1984 1993 1822
4 1805 1983 1984 1806
4 1992 1821 1822 1993
4 1805 1806 1822 1821
4 1983 1992 1993 1984
4 1806 1822 1993 1984
4 1807 1985 1994 1823
4 1806 1984 1985 1807
4 1993 1822 1823 1994
4 1806 1807 1823 1822
4 1984 1993 1994 1985
4 1817 1839 2007 1988
4 1818 1989 2008 1840
4 1817 1988 1989 1818
4 2007 1839 1840 2008
4 1817 1818 1840 1839
4 1988 2007 2008 1989
4 1818 1840 2008 1989
4 1819 1990 2009 1841
4 1818 1989 1990 1819
4 2008 1840 1841 2009
4 1818 1819 1841 1840
4 1989 2008 2009 1990
4 1819 1841 2009 1990
4 1820 1991 2010 1842
4 1819 1990 1991 1820
4 2009 1841 1842 2010
4 1819 1820 1842 1841
4 1990 2009 2010 1991
4 1821 1843 2011 1992
4 1822 1993 2012 1844
4 1821 1992 1993 1822
4 2011 1843 1844 2012
4 1821 1822 1844 1843
4 1992 2011 2012 1993
4 1822 1844 2012 1993
4 1823 1994 2013 1845
4 1822 1993 1994 1823
4 2012 1844 1845 2013
4 1822 1823 1845 1844
4 1993 2012 2013 1994
4 1823 1845 2013 1994
4 1824 1995 2014 1846
4 1823 1994 1995 1824
4 2013 1845 1846 2014
4 1823 1824 1846 1845
4 1994 2013 2014 1995
4 1824 1846 2014 1995
4 1825 1996 2015 1847
4 1824 1995 1996 1825
4 2014 1846 1847 2015
4 1824 1825 1847 1846
4 1995 2014 2015 1996
4 1825 1847 2015 1996
4 1826 1997 2016 1848
4 1825 1996 1997 1826
4 2015 1847 1848 2016
4 1825 1826 1848 1847
4 1996 2015 2016 1997
4 1826 1848 2016 1997
4 1827 1998 2017 1849
4 1826 1997 1998 1827
4 2016 1848 1849 2017
4 1826 1827 1849 1848
4 1997 2016 2017 1998
4 1828 1851 2018 1999
4 1829 2000 2019 1852
4 1828 1999 2000 1829
4 2018 1851 1852 2019
4 1828 1829 1852 1851
4 1999 2018 2019 2000
4 1829 1852 2019 2000
4 1830 2001 2020 1853
4 1829 2000 2001 1830
4 2019 1852 1853 2020
4 1829 1830 1853 1852
4 2000 2019 2020 2001
4 1830 1853 2020 2001
4 1831 2002 2021 1854
4 1830 2001 2002 1831
4 2020 1853 1854 2021
4 1830 1831 1854 1853
4 2001 2020 2021 2002
4 1831 1854 2021 2002
4 1832 2003 2022 1855
4 1831 2002 2003 1832
4 2021 1854 1855 2022
4 1831 1832 1855 1854
4 2002 2021 2022 2003
4 1832 1855 2022 2003
4 1833 2004 2023 1856
4 1832 2003 2004 1833
4 2022 1855 1856 2023
4 1832 1833 1856 1855
4 2003 2022 2023 2004
4 1833 1856 2023 2004
4 1834 2005 2024 1857
4 1833 2004 2005 1834
4 2023 1856 1857 2024
4 1833 1834 1857 1856
4 2004 2023 2024 2005
4 1838 1861 2025 2006
4 1839 2007 2026 1862
4 1838 2006 2007 1839
4 2025 1861 1862 2026
4 1838 1839 1862 1861
4 2006 2025 2026 2007
4 1839 1862 2026 2007
4 1840 2008 2027 1863
4 1839 2007 2008 1840
4 2026 1862 1863 2027
4 1839 1840 1863 1862
4 2007 2026 2027 2008
4 1840 1863 2027 2008
4 1841 2009 2028 1864
4 1840 2008 2009 1841
4 2027 1863 1864 2028
4 1840 1841 1864 1863
4 2008 2027 2028 2009
4 1848 1870 2030 2016
4 1849 2017 2031 1871
4 1848 2016 2017 1849
4 2030 1870 1871 2031
4 1848 1849 1871 1870
4 2016 2030 2031 2017
4 1851 1873 2033 2018
4 1852 2019 2034 1874
4 1851 2018 2019 1852
4 2033 1873 1874 2034
4 1851 1852 1874 1873
4 2018 2033 2034 2019
4 1852 1874 2034 2019
4 1853 2020 2035 1875
4 1852 2019 2020 1853
4 2034 1874 1875 2035
4 1852 1853 1875 1874
4 2019 2034 2035 2020
4 1853 1875 2035 2020
4 1854 2021 2036 1876
4 1853 2020 2021 1854
4 2035 1875 1876 2036
4 1853 1854 1876 1875
4 2020 2035 2036 2021
4 1854 1876 2036 2021
4 1855 2022 2037 1877
4 1854 2021 2022 1855
4 2036 1876 1877 2037
4 1854 1855 1877 1876
4 2021 2036 2037 2022
4 1855 1877 2037 2022
4 1856 2023 2038 1878
4 1855 2022 2023 1856
4 2037 1877 1878 2038
4 1855 1856 1878 1877
4 2022 2037 2038 2023
4 1856 1878 2038 2023
4 1857 2024 2039 1879
4 1856 2023 2024 1857
4 2038 1878 1879 2039
4 1856 1857 1879 1878
4 2023 2038 2039 2024
4 1861 1883 2040 2025
4 1862 2026 2041 1884
4 1861 2025 2026 1862
4 2040 1883 1884 2041
4 1861 1862 1884 1883
4 2025 2040 2041 2026
4 1862 1884 2041 2026
4 1863 2027 2042 1885
4 1862 2026 2027 1863
4 2041 1884 1885 2042
4 1862 1863 1885 1884
4 2026 2041 2042 2027
4 1870 1890 2044 2030
4 1871 2031 2045 1891
4 1870 2030 2031 1871
4 2044 1890 1891 2045
4 1870 1871 1891 1890
4 2030 2044 2045 2031
4 1871 1891 2045 2031
4 1872 2032 2046 1892
4 1871 2031 2032 1872
4 2045 1891 1892 2046
4 1871 1872 1892 1891
4 2031 2045 2046 2032
4 1873 1893 2047 2033
4 1874 2034 2048 1894
4 1873 2033 2034 1874
4 2047 1893 1894 2048
4 1873 1874 1894 1893
4 2033 2047 2048 2034
4 1874 1894 2048 2034
4 1875 2035 2049 1895
4 1874 2034 2035 1875
4 2048 1894 1895 2049
4 1874 1875 1895 1894
4 2034 2048 2049 2035
4 1875 1895 2049 2035
4 1876 2036 2050 1896
4 1875 2035 2036 1876
4 2049 1895 1896 2050
4 1875 1876 1896 1895
4 2035 2049 2050 2036
4 1876 1896 2050 2036
4 1877 2037 2051 1897
4 1876 2036 2037 1877
4 2050 1896 1897 2051
4 1876 1877 1897 1896
4 2036 2050 2051 2037
4 1877 1897 2051 2037
4 1878 2038 2052 1898
4 1877 2037 2038 1878
4 2051 1897 1898 2052
4 1877 1878 1898 1897
4 2037 2051 2052 2038
4 1878 1898 2052 2038
4 1879 2039 2053 1899
4 1878 2038 2039 1879
4 2052 1898 1899 2053
4 1878 1879 1899 1898
4 2038 2052 2053 2039
4 1883 1903 2054 2040
4 1884 2041 2055 1904
4 1883 2040 2041 1884
4 2054 1903 1904 2055
4 1883 1884 1904 1903
4 2040 2054 2055 2041
4 1884 1904 2055 2041
4 1885 2042 2056 1905
4 1884 2041 2042 1885
4 2055 1904 1905 2056
4 1884 1885 1905 1904
4 2041 2055 2056 2042
4 1890 1910 2058 2044
4 1891 2045 2059 1911
4 1890 2044 2045 1891
4 2058 1910 1911 2059
4 1890 1891 1911 1910
4 2044 2058 2059 2045
4 1891 1911 2059 2045
4 1892 2046 2060 1912
4 1891 2045 2046 1892
4 2059 1911 1912 2060
4 1891 1892 1912 1911
4 2045 2059 2060 2046
4 1893 1913 2061 2047
4 1894 2048 2062 1914
4 1893 2047 2048 1894
4 2061 1913 1914 2062
4 1893 1894 1914 1913
4 2047 2061 2062 2048
4 1894 1914 2062 2048
4 1895 2049 2063 1915
4 1894 2048 2049 1895
4 2062 1914 1915 2063
4 1894 1895 1915 1914
4 2048 2062 2063 2049
4 1895 1915 2063 2049
4 1896 2050 2064 1916
4 1895 2049 2050 1896
4 2063 1915 1916 2064
4 1895 1896 1916 1915
4 2049 2063 2064 2050
4 1896 1916 2064 2050
4 1897 2051 2065 1917
4 1896 2050 2051 1897
4 2064 1916 1917 2065
4 1896 1897 1917 1916
4 2050 2064 2065 2051
4 1897 1917 2065 2051
4 1898 2052 2066 1918
4 1897 2051 2052 1898
4 2065 1917 1918 2066
4 1897 1898 1918 1917
4 2051 2065 2066 2052
4 1898 1918 2066 2052
4 1899 2053 2067 1919
4 1898 2052 2053 1899
4 2066 1918 1919 2067
4 1898 1899 1919 1918
4 2052 2066 2067 2053
4 1903 1923 2068 2054
4 1904 2055 2069 1924
4 1903 2054 2055 1904
4 2068 1923 1924 2069
4 1903 1904 1924 1923
4 2054 2068 2069 2055
4 1904 1924 2069 2055
4 1905 2056 2070 1925
4 1904 2055 2056 1905
4 2069 1924 1925 2070
4 1904 1905 1925 1924
4 2055 2069 2070 2056
4 1910 1931 2075 2058
4 1911 2059 2076 1932
4 1910 2058 2059 1911
4 2075 1931 1932 2076
4 1910 1911 1932 1931
4 2058 2075 2076 2059
4 1911 1932 2076 2059
4 1912 2060 2077 1933
4 1911 2059 2060 1912
4 2076 1932 1933 2077
4 1911 1912 1933 1932
4 2059 2076 2077 2060
4 1913 1934 2078 2061
4 1914 2062 2079 1935
4 1913 2061 2062 1914
4 2078 1934 1935 2079
4 1913 1914 1935 1934
4 2061 2078 2079 2062
4 1914 1935 2079 2062
4 1915 2063 2080 1936
4 1914 2062 2063 1915
4 2079 1935 1936 2080
4 1914 1915 1936 1935
4 2062 2079 2080 2063
4 1915 1936 2080 2063
4 1916 2064 2081 1937
4 1915 2063 2064 1916
4 2080 1936 1937 2081
4 1915 1916 1937 1936
4 2063 2080 2081 2064
4 1916 1937 2081 2064
4 1917 2065 2082 1938
4 1916 2064 2065 1917
4 2081 1937 1938 2082
4 1916 1917 1938 1937
4 2064 2081 2082 2065
4 1917 1938 2082 2065
4 1918 2066 2083 1939
4 1917 2065 2066 1918
4 2082 1938 1939 2083
4 1917 1918 1939 1938
4 2065 2082 2083 2066
4 1918 1939 2083 2066
4 1919 2067 2084 1940
4 1918 2066 2067 1919
4 2083 1939 1940 2084
4 1918 1919 1940 1939
4 2066 2083 2084 2067
4 1923 1944 2085 2068
4 1924 2069 2086 1945
4 1923 2068 2069 1924
4 2085 1944 1945 2086
4 1923 1924 1945 1944
4 2068 2085 2086 2069
4 1924 1945 2086 2069
4 1925 2070 2087 1946
4 1924 2069 2070 1925
4 2086 1945 1946 2087
4 1924 1925 1946 1945
4 2069 2086 2087 2070
4 1927 1950 2091 2072
4 1928 2073 2092 1951
4 1927 2072 2073 1928
4 2091 1950 1951 2092
4 1927 1928 1951 1950
4 2072 2091 2092 2073
4 1931 1954 2095 2075
4 1932 2076 2096 1955
4 1931 2075 2076 1932
4 2095 1954 1955 2096
4 1931 1932 1955 1954
4 2075 2095 2096 2076
4 1945 1964 2097 2086
4 1946 2087 2098 1965
4 1945 2086 2087 1946
4 2097 1964 1965 2098
4 1945 1946 1965 1964
4 2086 2097 2098 2087
4 1946 1965 2098 2087
4 1947 2088 2099 1966
4 1946 2087 2088 1947
4 2098 1965 1966 2099
4 1946 1947 1966 1965
4 2087 2098 2099 2088
4 1947 1966 2099 2088
4 1948 2089 2100 1967
4 1947 2088 2089 1948
4 2099 1966 1967 2100
4 1947 1948 1967 1966
4 2088 2099 2100 2089
4 1948 1967 2100 2089
4 1949 2090 2101 1968
4 1948 2089 2090 1949
4 2100 1967 1968 2101
4 1948 1949 1968 1967
4 2089 2100 2101 2090
4 1949 1968 2101 2090
4 1950 2091 2102 1969
4 1949 2090 2091 1950
4 2101 1968 1969 2102
4 1949 1950 1969 1968
4 2090 2101 2102 2091
4 1950 1969 2102 2091
4 1951 2092 2103 1970
4 1950 2091 2092 1951
4 2102 1969 1970 2103
4 1950 1951 1970 1969
4 2091 2102 2103 2092
4 1951 1970 2103 2092
4 1952 2093 2104 1971
4 1951 2092 2093 1952
4 2103 1970 1971 2104
4 1951 1952 1971 1970
4 2092 2103 2104 2093
4 1952 1971 2104 2093
4 1953 2094 2105 1972
4 1952 2093 2094 1953
4 2104 1971 1972 2105
4 1952 1953 1972 1971
4 2093 2104 2105 2094
4 1953 1972 2105 2094
4 1954 2095 2106 1973
4 1953 2094 2095 1954
4 2105 1972 1973 2106
4 1953 1954 1973 1972
4 2094 2105 2106 2095
4 1954 1973 2106 2095
4 1955 2096 2107 1974
4 1954 2095 2096 1955
4 2106 1973 1974 2107
4 1954 1955 1974 1973
4 2095 2106 2107 2096
4 1966 1976 2108 2099
4 1967 2100 2109 1977
4 1966 2099 2100 1967
4 2108 1976 1977 2109
4 1966 1967 1977 1976
4 2099 2108 2109 2100
4 1967 1977 2109 2100
4 1968 2101 2110 1978
4 1967 2100 2101 1968
4 2109 1977 1978 2110
4 1967 1968 1978 1977
4 2100 2109 2110 2101
4 1968 1978 2110 2101
4 1969 2102 2111 1979
4 1968 2101 2102 1969
4 2110 1978 1979 2111
4 1968 1969 1979 1978
4 2101 2110 2111 2102
4 1969 1979 2111 2102
4 1970 2103 2112 1980
4 1969 2102 2103 1970
4 2111 1979 1980 2112
4 1969 1970 1980 1979
4 2102 2111 2112 2103
4 1981 1990 2123 2115
4 1982 2116 2124 1991
4 1981 2115 2116 1982
4 2123 1990 1991 2124
4 1981 1982 1991 1990
4 2115 2123 2124 2116
4 1982 1991 2124 2116
4 1983 2117 2125 1992
4 1982 2116 2117 1983
4 2124 1991 1992 2125
4 1982 1983 1992 1991
4 2116 2124 2125 2117
4 1983 1992 2125 2117
4 1984 2118 2126 1993
4 1983 2117 2118 1984
4 2125 1992 1993 2126
4 1983 1984 1993 1992
4 2117 2125 2126 2118
4 1984 1993 2126 2118
4 1985 2119 2127 1994
4 1984 2118 2119 1985
4 2126 1993 1994 2127
4 1984 1985 1994 1993
4 2118 2126 2127 2119
4 1985 1994 2127 2119
4 1986 2120 2128 1995
4 1985 2119 2120 1986
4 2127 1994 1995 2128
4 1985 1986 1995 1994
4 2119 2127 2128 2120
4 1986 1995 2128 2120
4 1987 2121 2129 1996
4 1986 2120 2121 1987
4 2128 1995 1996 2129
4 1986 1987 1996 1995
4 2120 2128 2129 2121
4 1989 2008 2132 2122
4 1990 2123 2133 2009
4 1989 2122 2123 1990
4 2132 2008 2009 2133
4 1989 1990 2009 2008
4 2122 2132 2133 2123
4 1990 2009 2133 2123
4 1991 2124 2134 2010
4 1990 2123 2124 1991
4 2133 2009 2010 2134
4 1990 1991 2010 2009
4 2123 2133 2134 2124
4 1991 2010 2134 2124
4 1992 2125 2135 2011
4 1991 2124 2125 1992
4 2134 2010 2011 2135
4 1991 1992 2011 2010
4 2124 2134 2135 2125
4 1992 2011 2135 2125
4 1993 2126 2136 2012
4 1992 2125 2126 1993
4 2135 2011 2012 2136
4 1992 1993 2012 2011
4 2125 2135 2136 2126
4 1993 2012 2136 2126
4 1994 2127 2137 2013
4 1993 2126 2127 1994
4 2136 2012 2013 2137
4 1993 1994 2013 2012
4 2126 2136 2137 2127
4 1994 2013 2137 2127
4 1995 2128 2138 2014
4 1994 2127 2128 1995
4 2137 2013 2014 2138
4 1994 1995 2014 2013
4 2127 2137 2138 2128
4 1995 2014 2138 2128
4 1996 2129 2139 2015
4 1995 2128 2129 1996
4 2138 2014 2015 2139
4 1995 1996 2015 2014
4 2128 2138 2139 2129
4 1996 2015 2139 2129
4 1997 2130 2140 2016
4 1996 2129 2130 1997
4 2139 2015 2016 2140
4 1996 1997 2016 2015
4 2129 2139 2140 2130
4 2007 2026 2143 2131
4 2008 2132 2144 2027
4 2007 2131 2132 2008
4 2143 2026 2027 2144
4 2007 2008 2027 2026
4 2131 2143 2144 2132
4 2008 2027 2144 2132
4 2009 2133 2145 2028
4 2008 2132 2133 2009
4 2144 2027 2028 2145
4 2008 2009 2028 2027
4 2132 2144 2145 2133
4 2015 2029 2147 2139
4 2016 2140 2148 2030
4 2015 2139 2140 2016
4 2147 2029 2030 2148
4 2015 2016 2030 2029
4 2139 2147 2148 2140
4 2016 2030 2148 2140
4 2017 2141 2149 2031
4 2016 2140 2141 2017
4 2148 2030 2031 2149
4 2016 2017 2031 2030
4 2140 2148 2149 2141
4 2025 2040 2150 2142
4 2026 2143 2151 2041
4 2025 2142 2143 2026
4 2150 2040 2041 2151
4 2025 2026 2041 2040
4 2142 2150 2151 2143
4 2026 2041 2151 2143
4 2027 2144 2152 2042
4 2026 2143 2144 2027
4 2151 2041 2042 2152
4 2026 2027 2042 2041
4 2143 2151 2152 2144
4 2027 2042 2152 2144
4 2028 2145 2153 2043
4 2027 2144 2145 2028
4 2152 2042 2043 2153
4 2027 2028 2043 2042
4 2144 2152 2153 2145
4 2030 2044 2155 2148
4 2031 2149 2156 2045
4 2030 2148 2149 2031
4 2155 2044 2045 2156
4 2030 2031 2045 2044
4 2148 2155 2156 2149
4 2040 2054 2157 2150
4 2041 2151 2158 2055
4 2040 2150 2151 2041
4 2157 2054 2055 2158
4 2040 2041 2055 2054
4 2150 2157 2158 2151
4 2041 2055 2158 2151
4 2042 2152 2159 2056
4 2041 2151 2152 2042
4 2158 2055 2056 2159
4 2041 2042 2056 2055
4 2151 2158 2159 2152
4 2042 2056 2159 2152
4 2043 2153 2160 2057
4 2042 2152 2153 2043
4 2159 2056 2057 2160
4 2042 2043 2057 2056
4 2152 2159 2160 2153
4 2044 2058 2161 2155
4 2045 2156 2162 2059
4 2044 2155 2156 2045
4 2161 2058 2059 2162
4 2044 2045 2059 2058
4 2155 2161 2162 2156
4 2055 2069 2163 2158
4 2056 2159 2164 2070
4 2055 2158 2159 2056
4 2163 2069 2070 2164
4 2055 2056 2070 2069
4 2158 2163 2164 2159
4 2058 2075 2168 2161
4 2059 2162 2169 2076
4 2058 2161 2162 2059
4 2168 2075 2076 2169
4 2058 2059 2076 2075
4 2161 2168 2169 2162
4 2069 2086 2170 2163
4 2070 2164 2171 2087
4 2069 2163 2164 2070
4 2170 2086 2087 2171
4 2069 2070 2087 2086
4 2163 2170 2171 2164
4 2070 2087 2171 2164
4 2071 2165 2172 2088
4 2070 2164 2165 2071
4 2171 2087 2088 2172
4 2070 2071 2088 2087
4 2164 2171 2172 2165
4 2074 2094 2178 2167
4 2075 2168 2179 2095
4 2074 2167 2168 2075
4 2178 2094 2095 2179
4 2074 2075 2095 2094
4 2167 2178 2179 2168
4 2075 2095 2179 2168
4 2076 2169 2180 2096
4 2075 2168 2169 2076
4 2179 2095 2096 2180
4 2075 2076 2096 2095
4 2168 2179 2180 2169
4 2086 2097 2181 2170
4 2087 2171 2182 2098
4 2086 2170 2171 2087
4 2181 2097 2098 2182
4 2086 2087 2098 2097
4 2170 2181 2182 2171
4 2087 2098 2182 2171
4 2088 2172 2183 2099
4 2087 2171 2172 2088
4 2182 2098 2099 2183
4 2087 2088 2099 2098
4 2171 2182 2183 2172
4 2088 2099 2183 2172
4 2089 2173 2184 2100
4 2088 2172 2173 2089
4 2183 2099 2100 2184
4 2088 2089 2100 2099
4 2172 2183 2184 2173
4 2091 2102 2186 2175
4 2092 2176 2187 2103
4 2091 2175 2176 2092
4 2186 2102 2103 2187
4 2091 2092 2103 2102
4 2175 2186 2187 2176
4 2092 2103 2187 2176
4 2093 2177 2188 2104
4 2092 2176 2177 2093
4 2187 2103 2104 2188
4 2092 2093 2104 2103
4 2176 2187 2188 2177
4 2093 2104 2188 2177
4 2094 2178 2189 2105
4 2093 2177 2178 2094
4 2188 2104 2105 2189
4 2093 2094 2105 2104
4 2177 2188 2189 2178
4 2094 2105 2189 2178
4 2095 2179 2190 2106
4 2094 2178 2179 2095
4 2189 2105 2106 2190
4 2094 2095 2106 2105
4 2178 2189 2190 2179
4 2095 2106 2190 2179
4 2096 2180 2191 2107
4 2095 2179 2180 2096
4 2190 2106 2107 2191
4 2095 2096 2107 2106
4 2179 2190 2191 2180
4 2099 2108 2192 2183
4 2100 2184 2193 2109
4 2099 2183 2184 2100
4 2192 2108 2109 2193
4 2099 2100 2109 2108
4 2183 2192 2193 2184
4 2100 2109 2193 2184
4 2101 2185 2194 2110
4 2100 2184 2185 2101
4 2193 2109 2110 2194
4 2100 2101 2110 2109
4 2184 2193 2194 2185
4 2101 2110 2194 2185
4 2102 2186 2195 2111
4 2101 2185 2186 2102
4 2194 2110 2111 2195
4 2101 2102 2111 2110
4 2185 2194 2195 2186
4 2102 2111 2195 2186
4 2103 2187 2196 2112
4 2102 2186 2187 2103
4 2195 2111 2112 2196
4 2102 2103 2112 2111
4 2186 2195 2196 2187
4 2103 2112 2196 2187
4 2104 2188 2197 2113
4 2103 2187 2188 2104
4 2196 2112 2113 2197
4 2103 2104 2113 2112
4 2187 2196 2197 2188
4 2104 2113 2197 2188
4 2105 2189 2198 2114
4 2104 2188 2189 2105
4 2197 2113 2114 2198
4 2104 2105 2114 2113
4 2188 2197 2198 2189
4 2116 2124 2207 2199
4 2117 2200 2208 2125
4 2116 2199 2200 2117
4 2207 2124 2125 2208
4 2116 2117 2125 2124
4 2199 2207 2208 2200
4 2117 2125 2208 2200
4 2118 2201 2209 2126
4 2117 2200 2201 2118
4 2208 2125 2126 2209
4 2117 2118 2126 2125
4 2200 2208 2209 2201
4 2118 2126 2209 2201
4 2119 2202 2210 2127
4 2118 2201 2202 2119
4 2209 2126 2127 2210
4 2118 2119 2127 2126
4 2201 2209 2210 2202
4 2119 2127 2210 2202
4 2120 2203 2211 2128
4 2119 2202 2203 2120
4 2210 2127 2128 2211
4 2119 2120 2128 2127
4 2202 2210 2211 2203
4 2120 2128 2211 2203
4 2121 2204 2212 2129
4 2120 2203 2204 2121
4 2211 2128 2129 2212
4 2120 2121 2129 2128
4 2203 2211 2212 2204
4 2122 2132 2214 2205
4 2123 2206 2215 2133
4 2122 2205 2206 2123
4 2214 2132 2133 2215
4 2122 2123 2133 2132
4 2205 2214 2215 2206
4 2123 2133 2215 2206
4 2124 2207 2216 2134
4 2123 2206 2207 2124
4 2215 2133 2134 2216
4 2123 2124 2134 2133
4 2206 2215 2216 2207
4 2124 2134 2216 2207
4 2125 2208 2217 2135
4 2124 2207 2208 2125
4 2216 2134 2135 2217
4 2124 2125 2135 2134
4 2207 2216 2217 2208
4 2128 2138 2220 2211
4 2129 2212 2221 2139
4 2128 2211 2212 2129
4 2220 2138 2139 2221
4 2128 2129 2139 2138
4 2211 2220 2221 2212
4 2129 2139 2221 2212
4 2130 2213 2222 2140
4 2129 2212 2213 2130
4 2221 2139 2140 2222
4 2129 2130 2140 2139
4 2212 2221 2222 2213
4 2132 2144 2225 2214
4 2133 2215 2226 2145
4 2132 2214 2215 2133
4 2225 2144 2145 2226
4 2132 2133 2145 2144
4 2214 2225 2226 2215
4 2133 2145 2226 2215
4 2134 2216 2227 2146
4 2133 2215 2216 2134
4 2226 2145 2146 2227
4 2133 2134 2146 2145
4 2215 2226 2227 2216
4 2139 2147 2229 2221
4 2140 2222 2230 2148
4 2139 2221 2222 2140
4 2229 2147 2148 2230
4 2139 2140 2148 2147
4 2221 2229 2230 2222
4 2140 2148 2230 2222
4 2141 2223 2231 2149
4 2140 2222 2223 2141
4 2230 2148 2149 2231
4 2140 2141 2149 2148
4 2222 2230 2231 2223
4 2143 2151 2232 2224
4 2144 2225 2233 2152
4 2143 2224 2225 2144
4 2232 2151 2152 2233
4 2143 2144 2152 2151
4 2224 2232 2233 2225
4 2144 2152 2233 2225
4 2145 2226 2234 2153
4 2144 2225 2226 2145
4 2233 2152 2153 2234
4 2144 2145 2153 2152
4 2225 2233 2234 2226
4 2147 2154 2236 2229
4 2148 2230 2237 2155
4 2147 2229 2230 2148
4 2236 2154 2155 2237
4 2147 2148 2155 2154
4 2229 2236 2237 2230
4 2148 2155 2237 2230
4 2149 2231 2238 2156
4 2148 2230 2231 2149
4 2237 2155 2156 2238
4 2148 2149 2156 2155
4 2230 2237 2238 2231
4 2151 2158 2239 2232
4 2152 2233 2240 2159
4 2151 2232 2233 2152
4 2239 2158 2159 2240
4 2151 2152 2159 2158
4 2232 2239 2240 2233
4 2152 2159 2240 2233
4 2153 2234 2241 2160
4 2152 2233 2234 2153
4 2240 2159 2160 2241
4 2152 2153 2160 2159
4 2233 2240 2241 2234
4 2155 2161 2244 2237
4 2156 2238 2245 2162
4 2155 2237 2238 2156
4 2244 2161 2162 2245
4 2155 2156 2162 2161
4 2237 2244 2245 2238
4 2158 2163 2246 2239
4 2159 2240 2247 2164
4 2158 2239 2240 2159
4 2246 2163 2164 2247
4 2158 2159 2164 2163
4 2239 2246 2247 2240
4 2159 2164 2247 2240
4 2160 2241 2248 2165
4 2159 2240 2241 2160
4 2247 2164 2165 2248
4 2159 2160 2165 2164
4 2240 2247 2248 2241
4 2161 2168 2252 2244
4 2162 2245 2253 2169
4 2161 2244 2245 2162
4 2252 2168 2169 2253
4 2161 2162 2169 2168
4 2244 2252 2253 2245
4 2163 2170 2254 2246
4 2164 2247 2255 2171
4 2163 2246 2247 2164
4 2254 2170 2171 2255
4 2163 2164 2171 2170
4 2246 2254 2255 2247
4 2164 2171 2255 2247
4 2165 2248 2256 2172
4 2164 2247 2248 2165
4 2255 2171 2172 2256
4 2164 2165 2172 2171
4 2247 2255 2256 2248
4 2165 2172 2256 2248
4 2166 2249 2257 2173
4 2165 2248 2249 2166
4 2256 2172 2173 2257
4 2165 2166 2173 2172
4 2248 2256 2257 2249
4 2167 2178 2262 2251
4 2168 2252 2263 2179
4 2167 2251 2252 2168
4 2262 2178 2179 2263
4 2167 2168 2179 2178
4 2251 2262 2263 2252
4 2168 2179 2263 2252
4 2169 2253 2264 2180
4 2168 2252 2253 2169
4 2263 2179 2180 2264
4 2168 2169 2180 2179
4 2252 2263 2264 2253
4 2171 2182 2265 2255
4 2172 2256 2266 2183
4 2171 2255 2256 2172
4 2265 2182 2183 2266
4 2171 2172 2183 2182
4 2255 2265 2266 2256
4 2172 2183 2266 2256
4 2173 2257 2267 2184
4 2172 2256 2257 2173
4 2266 2183 2184 2267
4 2172 2173 2184 2183
4 2256 2266 2267 2257
4 2173 2184 2267 2257
4 2174 2258 2268 2185
4 2173 2257 2258 2174
4 2267 2184 2185 2268
4 2173 2174 2185 2184
4 2257 2267 2268 2258
4 2176 2187 2270 2260
4 2177 2261 2271 2188
4 2176 2260 2261 2177
4 2270 2187 2188 2271
4 2176 2177 2188 2187
4 2260 2270 2271 2261
4 2177 2188 2271 2261
4 2178 2262 2272 2189
4 2177 2261 2262 2178
4 2271 2188 2189 2272
4 2177 2178 2189 2188
4 2261 2271 2272 2262
4 2178 2189 2272 2262
4 2179 2263 2273 2190
4 2178 2262 2263 2179
4 2272 2189 2190 2273
4 2178 2179 2190 2189
4 2262 2272 2273 2263
4 2179 2190 2273 2263
4 2180 2264 2274 2191
4 2179 2263 2264 2180
4 2273 2190 2191 2274
4 2179 2180 2191 2190
4 2263 2273 2274 2264
4 2183 2192 2275 2266
4 2184 2267 2276 2193
4 2183 2266 2267 2184
4 2275 2192 2193 2276
4 2183 2184 2193 2192
4 2266 2275 2276 2267
4 2184 2193 2276 2267
4 2185 2268 2277 2194
4 2184 2267 2268 2185
4 2276 2193 2194 2277
4 2184 2185 2194 2193
4 2267 2276 2277 2268
4 2185 2194 2277 2268
4 2186 2269 2278 2195
4 2185 2268 2269 2186
4 2277 2194 2195 2278
4 2185 2186 2195 2194
4 2268 2277 2278 2269
4 2186 2195 2278 2269
4 2187 2270 2279 2196
4 2186 2269 2270 2187
4 2278 2195 2196 2279
4 2186 2187 2196 2195
4 2269 2278 2279 2270
4 2187 2196 2279 2270
4 2188 2271 2280 2197
4 2187 2270 2271 2188
4 2279 2196 2197 2280
4 2187 2188 2197 2196
4 2270 2279 2280 2271
4 2188 2197 2280 2271
4 2189 2272 2281 2198
4 2188 2271 2272 2189
4 2280 2197 2198 2281
4 2188 2189 2198 2197
4 2271 2280 2281 2272
4 2199 2207 2289 2282
4 2200 2283 2290 2208
4 2199 2282 2283 2200
4 2289 2207 2208 2290
4 2199 2200 2208 2207
4 2282 2289 2290 2283
4 2200 2208 2290 2283
4 2201 2284 2291 2209
4 2200 2283 2284 2201
4 2290 2208 2209 2291
4 2200 2201 2209 2208
4 2283 2290 2291 2284
4 2201 2209 2291 2284
4 2202 2285 2292 2210
4 2201 2284 2285 2202
4 2291 2209 2210 2292
4 2201 2202 2210 2209
4 2284 2291 2292 2285
4 2202 2210 2292 2285
4 2203 2286 2293 2211
4 2202 2285 2286 2203
4 2292 2210 2211 2293
4 2202 2203 2211 2210
4 2285 2292 2293 2286
4 2203 2211 2293 2286
4 2204 2287 2294 2212
4 2203 2286 2287 2204
4 2293 2211 2212 2294
4 2203 2204 2212 2211
4 2286 2293 2294 2287
4 2206 2215 2297 2288
4 2207 2289 2298 2216
4 2206 2288 2289 2207
4 2297 2215 2216 2298
4 2206 2207 2216 2215
4 2288 2297 2298 2289
4 2207 2216 2298 2289
4 2208 2290 2299 2217
4 2207 2289 2290 2208
4 2298 2216 2217 2299
4 2207 2208 2217 2216
4 2289 2298 2299 2290
4 2208 2217 2299 2290
4 2209 2291 2300 2218
4 2208 2290 2291 2209
4 2299 2217 2218 2300
4 2208 2209 2218 2217
4 2290 2299 2300 2291
4 2209 2218 2300 2291
4 2210 2292 2301 2219
4 2209 2291 2292 2210
4 2300 2218 2219 2301
4 2209 2210 2219 2218
4 2291 2300 2301 2292
4 2210 2219 2301 2292
4 2211 2293 2302 2220
4 2210 2292 2293 2211
4 2301 2219 2220 2302
4 2210 2211 2220 2219
4 2292 2301 2302 2293
4 2211 2220 2302 2293
4 2212 2294 2303 2221
4 2211 2293 2294 2212
4 2302 2220 2221 2303
4 2211 2212 2221 2220
4 2293 2302 2303 2294
4 2212 2221 2303 2294
4 2213 2295 2304 2222
4 2212 2294 2295 2213
4 2303 2221 2222 2304
4 2212 2213 2222 2221
4 2294 2303 2304 2295
4 2214 2225 2305 2296
4 2215 2297 2306 2226
4 2214 2296 2297 2215
4 2305 2225 2226 2306
4 2214 2215 2226 2225
4 2296 2305 2306 2297
4 2215 2226 2306 2297
4 2216 2298 2307 2227
4 2215 2297 2298 2216
4 2306 2226 2227 2307
4 2215 2216 2227 2226
4 2297 2306 2307 2298
4 2216 2227 2307 2298
4 2217 2299 2308 2228
4 2216 2298 2299 2217
4 2307 2227 2228 2308
4 2216 2217 2228 2227
4 2298 2307 2308 2299
4 2221 2229 2311 2303
4 2222 2304 2312 2230
4 2221 2303 2304 2222
4 2311 2229 2230 2312
4 2221 2222 2230 2229
4 2303 2311 2312 2304
4 2225 2233 2314 2305
4 2226 2306 2315 2234
4 2225 2305 2306 2226
4 2314 2233 2234 2315
4 2225 2226 2234 2233
4 2305 2314 2315 2306
4 2226 2234 2315 2306
4 2227 2307 2316 2235
4 2226 2306 2307 2227
4 2315 2234 2235 2316
4 2226 2227 2235 2234
4 2306 2315 2316 2307
4 2229 2236 2319 2311
4 2230 2312 2320 2237
4 2229 2311 2312 2230
4 2319 2236 2237 2320
4 2229 2230 2237 2236
4 2311 2319 2320 2312
4 2230 2237 2320 2312
4 2231 2313 2321 2238
4 2230 2312 2313 2231
4 2320 2237 2238 2321
4 2230 2231 2238 2237
4 2312 2320 2321 2313
4 2233 2240 2322 2314
4 2234 2315 2323 2241
4 2233 2314 2315 2234
4 2322 2240 2241 2323
4 2233 2234 2241 2240
4 2314 2322 2323 2315
4 2234 2241 2323 2315
4 2235 2316 2324 2242
4 2234 2315 2316 2235
4 2323 2241 2242 2324
4 2234 2235 2242 2241
4 2315 2323 2324 2316
4 2236 2243 2326 2319
4 2237 2320 2327 2244
4 2236 2319 2320 2237
4 2326 2243 2244 2327
4 2236 2237 2244 2243
4 2319 2326 2327 2320
4 2237 2244 2327 2320
4 2238 2321 2328 2245
4 2237 2320 2321 2238
4 2327 2244 2245 2328
4 2237 2238 2245 2244
4 2320 2327 2328 2321
4 2240 2247 2329 2322
4 2241 2323 2330 2248
4 2240 2322 2323 2241
4 2329 2247 2248 2330
4 2240 2241 2248 2247
4 2322 2329 2330 2323
4 2241 2248 2330 2323
4 2242 2324 2331 2249
4 2241 2323 2324 2242
4 2330 2248 2249 2331
4 2241 2242 2249 2248
4 2323 2330 2331 2324
4 2243 2251 2334 2326
4 2244 2327 2335 2252
4 2243 2326 2327 2244
4 2334 2251 2252 2335
4 2243 2244 2252 2251
4 2326 2334 2335 2327
4 2244 2252 2335 2327
4 2245 2328 2336 2253
4 2244 2327 2328 2245
4 2335 2252 2253 2336
4 2244 2245 2253 2252
4 2327 2335 2336 2328
4 2247 2255 2337 2329
4 2248 2330 2338 2256
4 2247 2329 2330 2248
4 2337 2255 2256 2338
4 2247 2248 2256 2255
4 2329 2337 2338 2330
4 2248 2256 2338 2330
4 2249 2331 2339 2257
4 2248 2330 2331 2249
4 2338 2256 2257 2339
4 2248 2249 2257 2256
4 2330 2338 2339 2331
4 2249 2257 2339 2331
4 2250 2332 2340 2258
4 2249 2331 2332 2250
4 2339 2257 2258 2340
4 2249 2250 2258 2257
4 2331 2339 2340 2332
4 2251 2262 2344 2334
4 2252 2335 2345 2263
4 2251 2334 2335 2252
4 2344 2262 2263 2345
4 2251 2252 2263 2262
4 2334 2344 2345 2335
4 2252 2263 2345 2335
4 2253 2336 2346 2264
4 2252 2335 2336 2253
4 2345 2263 2264 2346
4 2252 2253 2264 2263
4 2335 2345 2346 2336
4 2256 2266 2347 2338
4 2257 2339 2348 2267
4 2256 2338 2339 2257
4 2347 2266 2267 2348
4 2256 2257 2267 2266
4 2338 2347 2348 2339
4 2257 2267 2348 2339
4 2258 2340 2349 2268
4 2257 2339 2340 2258
4 2348 2267 2268 2349
4 2257 2258 2268 2267
4 2339 2348 2349 2340
4 2258 2268 2349 2340
4 2259 2341 2350 2269
4 2258 2340 2341 2259
4 2349 2268 2269 2350
4 2258 2259 2269 2268
4 2340 2349 2350 2341
4 2259 2269 2350 2341
4 2260 2342 2351 2270
4 2259 2341 2342 2260
4 2350 2269 2270 2351
4 2259 2260 2270 2269
4 2341 2350 2351 2342
4 2260 2270 2351 2342
4 2261 2343 2352 2271
4 2260 2342 2343 2261
4 2351 2270 2271 2352
4 2260 2261 2271 2270
4 2342 2351 2352 2343
4 2261 2271 2352 2343
4 2262 2344 2353 2272
4 2261 2343 2344 2262
4 2352 2271 2272 2353
4 2261 2262 2272 2271
4 2343 2352 2353 2344
4 2262 2272 2353 2344
4 2263 2345 2354 2273
4 2262 2344 2345 2263
4 2353 2272 2273 2354
4 2262 2263 2273 2272
4 2344 2353 2354 2345
4 2267 2276 2355 2348
4 2268 2349 2356 2277
4 2267 2348 2349 2268
4 2355 2276 2277 2356
4 2267 2268 2277 2276
4 2348 2355 2356 2349
4 2268 2277 2356 2349
4 2269 2350 2357 2278
4 2268 2349 2350 2269
4 2356 2277 2278 2357
4 2268 2269 2278 2277
4 2349 2356 2357 2350
4 2269 2278 2357 2350
4 2270 2351 2358 2279
4 2269 2350 2351 2270
4 2357 2278 2279 2358
4 2269 2270 2279 2278
4 2350 2357 2358 2351
4 2270 2279 2358 2351
4 2271 2352 2359 2280
4 2270 2351 2352 2271
4 2358 2279 2280 2359
4 2270 2271 2280 2279
4 2351 2358 2359 2352
4 2284 2291 2365 2360
4 2285 2361 2366 2292
4 2284 2360 2361 2285
4 2365 2291 2292 2366
4 2284 2285 2292 2291
4 2360 2365 2366 2361
4 2285 2292 2366 2361
4 2286 2362 2367 2293
4 2285 2361 2362 2286
4 2366 2292 2293 2367
4 2285 2286 2293 2292
4 2361 2366 2367 2362
4 2289 2298 2370 2363
4 2290 2364 2371 2299
4 2289 2363 2364 2290
4 2370 2298 2299 2371
4 2289 2290 2299 2298
4 2363 2370 2371 2364
4 2290 2299 2371 2364
4 2291 2365 2372 2300
4 2290 2364 2365 2291
4 2371 2299 2300 2372
4 2290 2291 2300 2299
4 2364 2371 2372 2365
4 2291 2300 2372 2365
4 2292 2366 2373 2301
4 2291 2365 2366 2292
4 2372 2300 2301 2373
4 2291 2292 2301 2300
4 2365 2372 2373 2366
4 2292 2301 2373 2366
4 2293 2367 2374 2302
4 2292 2366 2367 2293
4 2373 2301 2302 2374
4 2292 2293 2302 2301
4 2366 2373 2374 2367
4 2293 2302 2374 2367
4 2294 2368 2375 2303
4 2293 2367 2368 2294
4 2374 2302 2303 2375
4 2293 2294 2303 2302
4 2367 2374 2375 2368
4 2297 2306 2377 2369
4 2298 2370 2378 2307
4 2297 2369 2370 2298
4 2377 2306 2307 2378
4 2297 2298 2307 2306
4 2369 2377 2378 2370
4 2298 2307 2378 2370
4 2299 2371 2379 2308
4 2298 2370 2371 2299
4 2378 2307 2308 2379
4 2298 2299 2308 2307
4 2370 2378 2379 2371
4 2299 2308 2379 2371
4 2300 2372 2380 2309
4 2299 2371 2372 2300
4 2379 2308 2309 2380
4 2299 2300 2309 2308
4 2371 2379 2380 2372
4 2302 2310 2382 2374
4 2303 2375 2383 2311
4 2302 2374 2375 2303
4 2382 2310 2311 2383
4 2302 2303 2311 2310
4 2374 2382 2383 2375
4 2303 2311 2383 2375
4 2304 2376 2384 2312
4 2303 2375 2376 2304
4 2383 2311 2312 2384
4 2303 2304 2312 2311
4 2375 2383 2384 2376
4 2306 2315 2385 2377
4 2307 2378 2386 2316
4 2306 2377 2378 2307
4 2385 2315 2316 2386
4 2306 2307 2316 2315
4 2377 2385 2386 2378
4 2307 2316 2386 2378
4 2308 2379 2387 2317
4 2307 2378 2379 2308
4 2386 2316 2317 2387
4 2307 2308 2317 2316
4 2378 2386 2387 2379
4 2310 2318 2390 2382
4 2311 2383 2391 2319
4 2310 2382 2383 2311
4 2390 2318 2319 2391
4 2310 2311 2319 2318
4 2382 2390 2391 2383
4 2311 2319 2391 2383
4 2312 2384 2392 2320
4 2311 2383 2384 2312
4 2391 2319 2320 2392
4 2311 2312 2320 2319
4 2383 2391 2392 2384
4 2315 2323 2394 2385
4 2316 2386 2395 2324
4 2315 2385 2386 2316
4 2394 2323 2324 2395
4 2315 2316 2324 2323
4 2385 2394 2395 2386
4 2316 2324 2395 2386
4 2317 2387 2396 2325
4 2316 2386 2387 2317
4 2395 2324 2325 2396
4 2316 2317 2325 2324
4 2386 2395 2396 2387
4 2319 2326 2400 2391
4 2320 2392 2401 2327
4 2319 2391 2392 2320
4 2400 2326 2327 2401
4 2319 2320 2327 2326
4 2391 2400 2401 2392
4 2320 2327 2401 2392
4 2321 2393 2402 2328
4 2320 2392 2393 2321
4 2401 2327 2328 2402
4 2320 2321 2328 2327
4 2392 2401 2402 2393
4 2323 2330 2403 2394
4 2324 2395 2404 2331
4 2323 2394 2395 2324
4 2403 2330 2331 2404
4 2323 2324 2331 2330
4 2394 2403 2404 2395
4 2324 2331 2404 2395
4 2325 2396 2405 2332
4 2324 2395 2396 2325
4 2404 2331 2332 2405
4 2324 2325 2332 2331
4 2395 2404 2405 2396
4 2326 2334 2409 2400
4 2327 2401 2410 2335
4 2326 2400 2401 2327
4 2409 2334 2335 2410
4 2326 2327 2335 2334
4 2400 2409 2410 2401
4 2327 2335 2410 2401
4 2328 2402 2411 2336
4 2327 2401 2402 2328
4 2410 2335 2336 2411
4 2327 2328 2336 2335
4 2401 2410 2411 2402
4 2330 2338 2412 2403
4 2331 2404 2413 2339
4 2330 2403 2404 2331
4 2412 2338 2339 2413
4 2330 2331 2339 2338
4 2403 2412 2413 2404
4 2331 2339 2413 2404
4 2332 2405 2414 2340
4 2331 2404 2405 2332
4 2413 2339 2340 2414
4 2331 2332 2340 2339
4 2404 2413 2414 2405
4 2332 2340 2414 2405
4 2333 2406 2415 2341
4 2332 2405 2406 2333
4 2414 2340 2341 2415
4 2332 2333 2341 2340
4 2405 2414 2415 2406
4 2334 2344 2418 2409
4 2335 2410 2419 2345
4 2334 2409 2410 2335
4 2418 2344 2345 2419
4 2334 2335 2345 2344
4 2409 2418 2419 2410
4 2339 2348 2420 2413
4 2340 2414 2421 2349
4 2339 2413 2414 2340
4 2420 2348 2349 2421
4 2339 2340 2349 2348
4 2413 2420 2421 2414
4 2340 2349 2421 2414
4 2341 2415 2422 2350
4 2340 2414 2415 2341
4 2421 2349 2350 2422
4 2340 2341 2350 2349
4 2414 2421 2422 2415
4 2341 2350 2422 2415
4 2342 2416 2423 2351
4 2341 2415 2416 2342
4 2422 2350 2351 2423
4 2341 2342 2351 2350
4 2415 2422 2423 2416
4 2342 2351 2423 2416
4 2343 2417 2424 2352
4 2342 2416 2417 2343
4 2423 2351 2352 2424
4 2342 2343 2352 2351
4 2416 2423 2424 2417
4 2343 2352 2424 2417
4 2344 2418 2425 2353
4 2343 2417 2418 2344
4 2424 2352 2353 2425
4 2343 2344 2353 2352
4 2417 2424 2425 2418
4 2344 2353 2425 2418
4 2345 2419 2426 2354
4 2344 2418 2419 2345
4 2425 2353 2354 2426
4 2344 2345 2354 2353
4 2418 2425 2426 2419
4 2350 2357 2427 2422
4 2351 2423 2428 2358
4 2350 2422 2423 2351
4 2427 2357 2358 2428
4 2350 2351 2358 2357
4 2422 2427 2428 2423
4 2351 2358 2428 2423
4 2352 2424 2429 2359
4 2351 2423 2424 2352
4 2428 2358 2359 2429
4 2351 2352 2359 2358
4 2423 2428 2429 2424
4 2364 2371 2436 2430
4 2365 2431 2437 2372
4 2364 2430 2431 2365
4 2436 2371 2372 2437
4 2364 2365 2372 2371
4 2430 2436 2437 2431
4 2365 2372 2437 2431
4 2366 2432 2438 2373
4 2365 2431 2432 2366
4 2437 2372 2373 2438
4 2365 2366 2373 2372
4 2431 2437 2438 2432
4 2366 2373 2438 2432
4 2367 2433 2439 2374
4 2366 2432 2433 2367
4 2438 2373 2374 2439
4 2366 2367 2374 2373
4 2432 2438 2439 2433
4 2367 2374 2439 2433
4 2368 2434 2440 2375
4 2367 2433 2434 2368
4 2439 2374 2375 2440
4 2367 2368 2375 2374
4 2433 2439 2440 2434
4 2370 2378 2441 2435
4 2371 2436 2442 2379
4 2370 2435 2436 2371
4 2441 2378 2379 2442
4 2370 2371 2379 2378
4 2435 2441 2442 2436
4 2371 2379 2442 2436
4 2372 2437 2443 2380
4 2371 2436 2437 2372
4 2442 2379 2380 2443
4 2371 2372 2380 2379
4 2436 2442 2443 2437
4 2372 2380 2443 2437
4 2373 2438 2444 2381
4 2372 2437 2438 2373
4 2443 2380 2381 2444
4 2372 2373 2381 2380
4 2437 2443 2444 2438
4 2373 2381 2444 2438
4 2374 2439 2445 2382
4 2373 2438 2439 2374
4 2444 2381 2382 2445
4 2373 2374 2382 2381
4 2438 2444 2445 2439
4 2374 2382 2445 2439
4 2375 2440 2446 2383
4 2374 2439 2440 2375
4 2445 2382 2383 2446
4 2374 2375 2383 2382
4 2439 2445 2446 2440
4 2378 2386 2447 2441
4 2379 2442 2448 2387
4 2378 2441 2442 2379
4 2447 2386 2387 2448
4 2378 2379 2387 2386
4 2441 2447 2448 2442
4 2379 2387 2448 2442
4 2380 2443 2449 2388
4 2379 2442 2443 2380
4 2448 2387 2388 2449
4 2379 2380 2388 2387
4 2442 2448 2449 2443
4 2380 2388 2449 2443
4 2381 2444 2450 2389
4 2380 2443 2444 2381
4 2449 2388 2389 2450
4 2380 2381 2389 2388
4 2443 2449 2450 2444
4 2382 2390 2451 2445
4 2383 2446 2452 2391
4 2382 2445 2446 2383
4 2451 2390 2391 2452
4 2382 2383 2391 2390
4 2445 2451 2452 2446
4 2386 2395 2454 2447
4 2387 2448 2455 2396
4 2386 2447 2448 2387
4 2454 2395 2396 2455
4 2386 2387 2396 2395
4 2447 2454 2455 2448
4 2390 2399 2458 2451
4 2391 2452 2459 2400
4 2390 2451 2452 2391
4 2458 2399 2400 2459
4 2390 2391 2400 2399
4 2451 2458 2459 2452
4 2391 2400 2459 2452
4 2392 2453 2460 2401
4 2391 2452 2453 2392
4 2459 2400 2401 2460
4 2391 2392 2401 2400
4 2452 2459 2460 2453
4 2395 2404 2461 2454
4 2396 2455 2462 2405
4 2395 2454 2455 2396
4 2461 2404 2405 2462
4 2395 2396 2405 2404
4 2454 2461 2462 2455
4 2396 2405 2462 2455
4 2397 2456 2463 2406
4 2396 2455 2456 2397
4 2462 2405 2406 2463
4 2396 2397 2406 2405
4 2455 2462 2463 2456
4 2397 2406 2463 2456
4 2398 2457 2464 2407
4 2397 2456 2457 2398
4 2463 2406 2407 2464
4 2397 2398 2407 2406
4 2456 2463 2464 2457
4 2399 2408 2465 2458
4 2400 2459 2466 2409
4 2399 2458 2459 2400
4 2465 2408 2409 2466
4 2399 2400 2409 2408
4 2458 2465 2466 2459
4 2400 2409 2466 2459
4 2401 2460 2467 2410
4 2400 2459 2460 2401
4 2466 2409 2410 2467
4 2400 2401 2410 2409
4 2459 2466 2467 2460
4 2404 2413 2468 2461
4 2405 2462 2469 2414
4 2404 2461 2462 2405
4 2468 2413 2414 2469
4 2404 2405 2414 2413
4 2461 2468 2469 2462
4 2405 2414 2469 2462
4 2406 2463 2470 2415
4 2405 2462 2463 2406
4 2469 2414 2415 2470
4 2405 2406 2415 2414
4 2462 2469 2470 2463
4 2406 2415 2470 2463
4 2407 2464 2471 2416
4 2406 2463 2464 2407
4 2470 2415 2416 2471
4 2406 2407 2416 2415
4 2463 2470 2471 2464
4 2407 2416 2471 2464
4 2408 2465 2472 2417
4 2407 2464 2465 2408
4 2471 2416 2417 2472
4 2407 2408 2417 2416
4 2464 2471 2472 2465
4 2408 2417 2472 2465
4 2409 2466 2473 2418
4 2408 2465 2466 2409
4 2472 2417 2418 2473
4 2408 2409 2418 2417
4 2465 2472 2473 2466
4 2409 2418 2473 2466
4 2410 2467 2474 2419
4 2409 2466 2467 2410
4 2473 2418 2419 2474
4 2409 2410 2419 2418
4 2466 2473 2474 2467
4 2414 2421 2475 2469
4 2415 2470 2476 2422
4 2414 2469 2470 2415
4 2475 2421 2422 2476
4 2414 2415 2422 2421
4 2469 2475 2476 2470
4 2415 2422 2476 2470
4 2416 2471 2477 2423
4 2415 2470 2471 2416
4 2476 2422 2423 2477
4 2415 2416 2423 2422
4 2470 2476 2477 2471
4 2416 2423 2477 2471
4 2417 2472 2478 2424
4 2416 2471 2472 2417
4 2477 2423 2424 2478
4 2416 2417 2424 2423
4 2471 2477 2478 2472
4 2417 2424 2478 2472
4 2418 2473 2479 2425
4 2417 2472 2473 2418
4 2478 2424 2425 2479
4 2417 2418 2425 2424
4 2472 2478 2479 2473
4 2435 2441 2486 2480
4 2436 2481 2487 2442
4 2435 2480 2481 2436
4 2486 2441 2442 2487
4 2435 2436 2442 2441
4 2480 2486 2487 2481
4 2437 2443 2488 2482
4 2438 2483 2489 2444
4 2437 2482 2483 2438
4 2488 2443 2444 2489
4 2437 2438 2444 2443
4 2482 2488 2489 2483
4 2438 2444 2489 2483
4 2439 2484 2490 2445
4 2438 2483 2484 2439
4 2489 2444 2445 2490
4 2438 2439 2445 2444
4 2483 2489 2490 2484
4 2439 2445 2490 2484
4 2440 2485 2491 2446
4 2439 2484 2485 2440
4 2490 2445 2446 2491
4 2439 2440 2446 2445
4 2484 2490 2491 2485
4 2441 2447 2492 2486
4 2442 2487 2493 2448
4 2441 2486 2487 2442
4 2492 2447 2448 2493
4 2441 2442 2448 2447
4 2486 2492 2493 2487
4 2442 2448 2493 2487
4 2443 2488 2494 2449
4 2442 2487 2488 2443
4 2493 2448 2449 2494
4 2442 2443 2449 2448
4 2487 2493 2494 2488
4 2443 2449 2494 2488
4 2444 2489 2495 2450
4 2443 2488 2489 2444
4 2494 2449 2450 2495
4 2443 2444 2450 2449
4 2488 2494 2495 2489
4 2444 2450 2495 2489
4 2445 2490 2496 2451
4 2444 2489 2490 2445
4 2495 2450 2451 2496
4 2444 2445 2451 2450
4 2489 2495 2496 2490
4 2445 2451 2496 2490
4 2446 2491 2497 2452
4 2445 2490 2491 2446
4 2496 2451 2452 2497
4 2445 2446 2452 2451
4 2490 2496 2497 2491
4 2447 2454 2498 2492
4 2448 2493 2499 2455
4 2447 2492 2493 2448
4 2498 2454 2455 2499
4 2447 2448 2455 2454
4 2492 2498 2499 2493
4 2448 2455 2499 2493
4 2449 2494 2500 2456
4 2448 2493 2494 2449
4 2499 2455 2456 2500
4 2448 2449 2456 2455
4 2493 2499 2500 2494
4 2449 2456 2500 2494
4 2450 2495 2501 2457
4 2449 2494 2495 2450
4 2500 2456 2457 2501
4 2449 2450 2457 2456
4 2494 2500 2501 2495
4 2450 2457 2501 2495
4 2451 2496 2502 2458
4 2450 2495 2496 2451
4 2501 2457 2458 2502
4 2450 2451 2458 2457
4 2495 2501 2502 2496
4 2451 2458 2502 2496
4 2452 2497 2503 2459
4 2451 2496 2497 2452
4 2502 2458 2459 2503
4 2451 2452 2459 2458
4 2496 2502 2503 2497
4 2454 2461 2504 2498
4 2455 2499 2505 2462
4 2454 2498 2499 2455
4 2504 2461 2462 2505
4 2454 2455 2462 2461
4 2498 2504 2505 2499
4 2455 2462 2505 2499
4 2456 2500 2506 2463
4 2455 2499 2500 2456
4 2505 2462 2463 2506
4 2455 2456 2463 2462
4 2499 2505 2506 2500
4 2456 2463 2506 2500
4 2457 2501 2507 2464
4 2456 2500 2501 2457
4 2506 2463 2464 2507
4 2456 2457 2464 2463
4 2500 2506 2507 2501
4 2457 2464 2507 2501
4 2458 2502 2508 2465
4 2457 2501 2502 2458
4 2507 2464 2465 2508
4 2457 2458 2465 2464
4 2501 2507 2508 2502
4 2458 2465 2508 2502
4 2459 2503 2509 2466
4 2458 2502 2503 2459
4 2508 2465 2466 2509
4 2458 2459 2466 2465
4 2502 2508 2509 2503
4 2463 2470 2510 2506
4 2464 2507 2511 2471
4 2463 2506 2507 2464
4 2510 2470 2471 2511
4 2463 2464 2471 2470
4 2506 2510 2511 2507
4 2464 2471 2511 2507
4 2465 2508 2512 2472
4 2464 2507 2508 2465
4 2511 2471 2472 2512
4 2464 2465 2472 2471
4 2507 2511 2512 2508
4 2465 2472 2512 2508
4 2466 2509 2513 2473
4 2465 2508 2509 2466
4 2512 2472 2473 2513
4 2465 2466 2473 2472
4 2508 2512 2513 2509
4 2483 2489 2517 2514
4 2484 2515 2518 2490
4 2483 2514 2515 2484
4 2517 2489 2490 2518
4 2483 2484 2490 2489
4 2514 2517 2518 2515
4 2488 2494 2520 2516
4 2489 2517 2521 2495
4 2488 2516 2517 2489
4 2520 2494 2495 2521
4 2488 2489 2495 2494
4 2516 2520 2521 2517
4 2489 2495 2521 2517
4 2490 2518 2522 2496
4 2489 2517 2518 2490
4 2521 2495 2496 2522
4 2489 2490 2496 2495
4 2517 2521 2522 2518
4 2490 2496 2522 2518
4 2491 2519 2523 2497
4 2490 2518 2519 2491
4 2522 2496 2497 2523
4 2490 2491 2497 2496
4 2518 2522 2523 2519
4 2494 2500 2524 2520
4 2495 2521 2525 2501
4 2494 2520 2521 2495
4 2524 2500 2501 2525
4 2494 2495 2501 2500
4 2520 2524 2525 2521
4 2495 2501 2525 2521
4 2496 2522 2526 2502
4 2495 2521 2522 2496
4 2525 2501 2502 2526
4 2495 2496 2502 2501
4 2521 2525 2526 2522
4 2496 2502 2526 2522
4 2497 2523 2527 2503
4 2496 2522 2523 2497
4 2526 2502 2503 2527
4 2496 2497 2503 2502
4 2522 2526 2527 2523
4 2501 2507 2528 2525
4 2502 2526 2529 2508
4 2501 2525 2526 2502
4 2528 2507 2508 2529
4 2501 2502 2508 2507
4 2525 2528 2529 2526
