ply
format ascii 1.0
element vertex 4096
property float x
property float y
property float z
property float nx
property float ny
property float nz
property uchar red
property uchar green
property uchar blue
end_header
0.129438 -0.050946 0.699007 0.033842 0.176446 -0.983728 131 149 2
0.143801 -0.170063 0.102214 -0.739192 0.665178 0.105517 33 212 140
-0.066414 -0.252011 -0.058920 0.233607 0.971222 -0.046424 157 251 121
0.135805 -0.068423 -0.228824 -0.837475 0.460464 0.294292 20 186 165
0.339500 -0.032208 0.612977 -0.986301 -0.112760 -0.120398 1 113 112
0.148218 0.146673 -0.028915 -0.798507 -0.594023 0.097584 25 51 139
0.139815 -0.168716 0.065950 -0.873396 0.465169 0.144209 16 186 145
-0.032109 0.105546 0.270025 0.721724 -0.272510 -0.636281 219 92 46
0.297939 -0.084987 0.688344 -0.753313 0.016316 -0.657459 31 129 43
-0.122724 0.117286 0.147764 0.788445 -0.412121 -0.456630 228 74 69
-0.013811 0.213460 0.609640 0.242122 -0.873244 -0.422874 158 16 73
0.065232 0.031253 -0.467315 -0.936451 -0.022663 0.350066 8 124 172
-0.253598 0.048437 -0.735513 0.979023 -0.203748 0.000948 252 101 127
-0.145739 -0.030211 0.648364 0.419348 -0.001828 -0.907824 180 127 11
-0.094291 0.146011 0.167780 0.730887 -0.428768 -0.531001 220 72 59
-0.065170 -0.217326 0.096004 0.476479 0.747303 -0.463148 188 222 68
0.070184 -0.225133 0.393903 0.631523 0.735038 0.246776 208 221 158
0.207689 0.022751 0.712939 0.031643 0.129405 -0.991087 131 143 1
0.112912 -0.004653 -0.906534 -0.987853 0.043295 -0.149238 1 133 108
0.032121 0.256813 -0.126078 -0.063768 -0.996024 0.062215 119 0 135
0.022387 -0.260590 -0.029034 -0.366742 0.930063 0.021983 80 246 130
0.316324 -0.035937 0.370588 -0.939540 0.080994 0.332724 7 137 169
0.067423 -0.046909 -0.450511 -0.969001 0.040843 0.243658 3 132 158
0.052881 0.238871 -0.133401 -0.628721 -0.772025 0.093208 47 29 139
0.017816 0.053621 -0.571695 -0.856393 -0.185216 0.481961 18 103 188
0.136531 -0.159496 0.016316 -0.873396 0.465169 0.144209 16 186 145
-0.074177 -0.209342 0.588264 0.494802 0.845871 0.199183 190 235 152
-0.012494 0.130370 0.686359 0.122988 -0.447608 -0.885732 143 70 14
-0.088836 -0.225639 -0.787035 -0.109779 0.993646 0.024822 113 254 130
-0.089996 -0.240909 -0.019863 0.348563 0.935331 -0.060504 171 246 119
0.150166 -0.240544 0.323492 -0.055620 0.996643 0.060077 120 254 135
-0.185008 -0.171479 0.572259 0.343629 0.880653 -0.326143 171 239 85
0.184695 0.050533 0.711260 0.062156 -0.075064 -0.995240 135 117 0
0.126825 -0.090505 -0.219828 -0.837475 0.460464 0.294292 20 186 165
-0.257143 0.021624 -0.707709 0.997464 -0.071121 0.002725 254 118 127
-0.185146 -0.030625 -0.108051 0.977113 0.142441 -0.157987 252 145 107
0.102196 -0.107811 -0.288920 -0.893676 0.358151 0.270316 13 173 161
0.115029 0.086819 -0.293266 -0.847667 -0.307004 0.432677 19 88 182
-0.191598 0.006876 -0.135184 0.989838 -0.035507 -0.137699 253 122 109
-0.045195 0.210442 0.550049 0.238406 -0.922720 0.302904 157 9 166
0.229604 0.082777 0.208627 -0.845706 -0.167483 0.506687 19 106 192
-0.113382 -0.255335 -0.502446 -0.453635 0.879026 0.146729 69 239 146
-0.231196 0.155131 -0.525812 0.947686 -0.313801 -0.058490 248 87 120
-0.189426 -0.002404 -0.891447 0.896326 0.120341 0.426752 241 142 181
0.033782 -0.255316 -0.062050 -0.366742 0.930063 0.021983 80 246 130
-0.022475 0.166207 -0.604838 -0.806161 -0.587343 0.071644 24 52 136
0.108271 -0.203039 0.061194 -0.739192 0.665178 0.105517 33 212 140
-0.214522 -0.047504 0.612340 0.604727 0.027692 -0.795951 204 131 26
0.117670 0.222028 0.635828 -0.071535 -0.737819 -0.671197 118 33 41
0.118998 0.241183 0.309360 -0.436623 -0.897138 0.067115 71 13 136
0.014899 0.255511 -0.029779 0.083692 -0.996457 -0.008368 138 0 126
0.189618 0.270143 0.504613 -0.093008 -0.992036 -0.084931 115 1 116
-0.064164 -0.254226 -0.093928 0.233607 0.971222 -0.046424 157 251 121
0.214121 -0.175233 0.289751 -0.737245 0.568943 0.364383 33 200 173
-0.129680 0.170486 0.049443 0.893024 -0.445782 -0.061533 241 70 119
0.096478 -0.072382 -0.958926 -0.984731 0.088987 0.149621 1 138 146
-0.194510 -0.190594 0.524941 0.350817 0.840915 -0.412056 172 234 74
-0.032953 0.218040 0.563560 0.238406 -0.922720 0.302904 157 9 166
-0.187443 -0.197429 -0.395372 0.776215 0.619667 -0.116200 226 206 112
0.035384 -0.181280 -0.974138 -0.380710 0.852139 0.359054 78 236 173
0.002091 -0.222583 0.488776 0.362000 0.915696 0.174517 173 244 149
0.015434 -0.140496 -0.529598 -0.900771 0.260163 0.347746 12 160 171
-0.024400 -0.222635 -0.786679 -0.606544 0.766576 -0.210870 50 225 100
-0.233263 -0.117036 0.573782 0.613582 0.507353 -0.605070 205 192 50
0.030511 0.172808 0.670675 0.009672 -0.374443 -0.927199 128 79 9
0.080845 -0.062310 0.695297 0.033842 0.176446 -0.983728 131 149 2
0.150948 0.152285 0.027589 -0.798507 -0.594023 0.097584 25 51 139
-0.322424 0.093340 0.439647 0.857511 -0.509713 -0.069772 236 62 118
-0.057456 -0.099958 -1.051092 -0.145324 0.319177 0.936486 108 168 246
-0.150091 -0.190972 -0.257162 0.841131 0.523750 -0.134852 234 194 110
0.031955 -0.097883 -0.518682 -0.900771 0.260163 0.347746 12 160 171
-0.137998 -0.119578 0.087631 0.819361 0.413191 -0.397393 231 180 76
-0.164549 0.112364 -0.006587 0.872698 -0.482870 -0.072355 238 65 118
-0.085129 -0.201512 0.100986 0.476479 0.747303 -0.463148 188 222 68
0.064238 -0.240888 0.200133 0.293754 0.929005 -0.225074 164 245 98
0.174112 -0.182034 0.220784 -0.704979 0.594181 0.387239 37 203 176
0.082516 -0.239913 0.406364 0.631523 0.735038 0.246776 208 221 158
-0.019696 -0.180054 0.640830 0.020007 0.486225 -0.873605 130 189 16
0.151840 -0.018528 -0.241826 -0.823398 -0.038906 0.566130 22 122 199
0.038212 0.254418 -0.103571 -0.628721 -0.772025 0.093208 47 29 139
0.344428 0.010524 0.532587 -0.986301 -0.112760 -0.120398 1 113 112
-0.107640 -0.252556 -0.504586 -0.323847 0.906906 0.269526 86 243 161
-0.316913 -0.071884 0.400987 0.574156 0.410561 0.708368 200 179 217
0.195771 -0.058970 0.134104 -0.904117 0.189882 0.382777 12 151 176
-0.226567 0.158593 -0.481984 0.842099 -0.537120 -0.048694 234 59 121
0.131864 0.048598 -1.034726 -0.991191 0.003568 -0.132395 1 127 110
0.087289 0.009216 -0.393910 -0.945740 0.047930 0.321369 6 133 168
0.085742 0.071379 -0.366364 -0.925734 -0.349746 0.143856 9 82 145
0.193672 -0.252379 0.578919 -0.279892 0.903946 -0.323330 91 242 86
-0.201930 -0.183834 0.532420 0.350817 0.840915 -0.412056 172 234 74
0.164906 0.083190 -0.128098 -0.941446 -0.318065 0.111869 7 86 141
-0.161346 0.065036 0.053508 0.985660 -0.082507 -0.147197 253 116 108
-0.212786 -0.171800 -0.436043 0.801739 0.591413 -0.086281 229 202 116
0.189819 0.037917 0.033162 -0.975660 -0.201625 0.086228 3 101 138
-0.186991 -0.023698 -0.890555 0.896326 0.120341 0.426752 241 142 181
-0.068809 0.227751 -0.542298 -0.323209 -0.909009 0.263132 86 11 161
0.211847 -0.047980 0.166624 -0.904117 0.189882 0.382777 12 151 176
0.222610 -0.120442 0.678069 0.012577 0.464386 -0.885544 129 186 14
0.257765 -0.079232 0.694683 0.015272 0.242815 -0.969952 129 158 3
0.140442 0.270161 0.482930 -0.029216 -0.978251 0.205358 123 2 153
0.008290 -0.263332 -0.148202 -0.366742 0.930063 0.021983 80 246 130
-0.056878 -0.217333 0.593538 0.107120 0.886839 -0.449490 141 240 70
-0.013723 0.009833 -1.067359 -0.026689 -0.046374 0.998568 124 121 254
-0.071180 -0.152128 0.635775 0.283188 0.504084 -0.815907 163 191 23
-0.010410 0.255957 -0.183363 -0.063768 -0.996024 0.062215 119 0 135
0.049158 0.242489 0.198515 0.262537 -0.932287 -0.248828 160 8 95
0.065570 -0.210187 0.346388 0.691641 0.664813 -0.282236 215 212 91
-0.080129 0.048035 0.229833 0.757282 -0.106251 -0.644387 224 113 45
0.312323 -0.163345 0.607780 -0.585453 0.599855 -0.545362 52 203 57
-0.151583 0.191898 -0.233392 0.695872 -0.685118 -0.215351 216 40 100
-0.093045 -0.108439 -1.053725 -0.145324 0.319177 0.936486 108 168 246
-0.020015 0.255484 -0.155879 0.059466 -0.998020 -0.020471 135 0 124
0.223435 -0.168346 0.297840 -0.737245 0.568943 0.364383 33 200 173
0.344750 0.016405 0.524437 -0.986301 -0.112760 -0.120398 1 113 112
0.084434 -0.109161 -0.340610 -0.856381 0.450176 0.252889 18 184 159
-0.228527 -0.149447 -0.681897 0.879978 0.424616 0.212931 239 181 154
0.022415 -0.106853 -0.536685 -0.900771 0.260163 0.347746 12 160 171
0.001743 0.229653 0.162026 0.461037 -0.822020 -0.334258 186 22 84
0.043346 -0.170105 0.647811 0.020007 0.486225 -0.873605 130 189 16
-0.014083 0.216391 -0.807602 -0.668689 -0.714200 -0.206815 42 36 101
0.007599 -0.069346 0.351486 0.952529 0.256307 0.164304 248 160 148
0.007471 0.254984 -0.041265 0.083692 -0.996457 -0.008368 138 0 126
0.040716 -0.018496 -1.057916 -0.155875 0.245511 0.956780 107 158 249
0.275119 -0.167843 0.645204 -0.544146 0.746633 -0.382679 58 222 78
-0.016830 0.125840 0.278663 0.721724 -0.272510 -0.636281 219 92 46
0.252896 0.144284 0.303385 -0.686649 -0.559440 0.464264 39 56 186
0.063456 -0.013921 -0.753914 -0.907212 -0.047014 -0.418038 11 121 74
0.154980 -0.124319 0.017303 -0.908908 0.400083 0.117556 11 178 142
0.134712 0.150834 -0.115790 -0.822399 -0.562505 0.085135 22 55 138
0.018011 -0.198829 0.631244 0.020007 0.486225 -0.873605 130 189 16
0.347769 0.012663 0.503214 -0.986301 -0.112760 -0.120398 1 113 112
-0.099906 -0.072162 0.415499 -0.243060 0.346500 0.906013 96 171 243
-0.091388 0.143744 0.173606 0.730887 -0.428768 -0.531001 220 72 59
-0.008345 -0.233908 -0.379064 -0.589045 0.789274 0.173414 52 228 149
0.124436 -0.061734 -0.275553 -0.917741 0.367460 0.150749 10 174 146
0.204008 -0.207567 0.331906 -0.731348 0.619013 0.286275 34 206 164
-0.112319 -0.000940 0.171952 0.861438 0.041714 -0.506146 237 132 62
-0.046693 0.251666 -0.424070 -0.679038 -0.690000 0.250616 40 39 159
-0.037802 0.147780 0.672074 0.403480 -0.312624 -0.859924 178 87 17
-0.121647 -0.234794 -0.634218 0.367610 0.920090 0.135265 174 244 144
-0.172239 -0.082700 -0.907890 0.900748 0.287717 0.325381 242 164 168
0.248976 0.197743 0.645793 -0.645152 -0.435892 -0.627516 45 71 47
0.019395 0.116904 -0.710180 -0.856132 -0.285296 -0.430864 18 91 72
0.177386 -0.074066 0.022883 -0.986334 0.136104 0.092853 1 144 139
0.282774 0.062286 0.290599 -0.845706 -0.167483 0.506687 19 106 192
0.117280 0.094705 -0.283263 -0.847667 -0.307004 0.432677 19 88 182
0.117002 -0.180724 -0.018312 -0.739192 0.665178 0.105517 33 212 140
0.082378 -0.049435 -0.802797 -0.940004 0.036805 -0.339172 7 132 84
0.233215 -0.067339 0.223293 -0.828152 0.322681 0.458303 21 168 185
-0.160242 0.184141 0.564839 0.396281 -0.763295 -0.510238 178 30 62
-0.180514 0.102525 -0.133485 0.872698 -0.482870 -0.072355 238 65 118
-0.224820 -0.086840 -0.767895 0.872467 0.282199 0.398955 238 163 178
-0.083349 -0.212689 -0.659881 -0.456604 0.819141 -0.347161 69 231 83
-0.109496 -0.022624 0.174969 0.861438 0.041714 -0.506146 237 132 62
0.151486 0.122704 -0.128686 -0.941446 -0.318065 0.111869 7 86 141
0.081398 0.229284 0.308438 0.599306 -0.683168 -0.417270 203 40 74
0.084087 -0.183634 0.641214 0.020007 0.486225 -0.873605 130 189 16
0.322001 0.108536 0.586524 -0.986527 0.154801 0.052925 1 147 134
-0.060541 0.220127 -0.558479 -0.323209 -0.909009 0.263132 86 11 161
0.133970 0.100827 -0.234317 -0.888508 -0.333648 0.315011 14 84 167
-0.151666 -0.229843 -0.590729 0.313310 0.942377 0.117316 167 247 142
-0.013892 -0.141463 -0.631092 -0.951688 0.269803 0.146618 6 161 146
-0.250743 -0.062878 -0.626781 0.963476 0.265511 0.034891 250 161 131
-0.183215 -0.130350 0.392719 -0.224797 0.631732 0.741876 98 208 222
0.103917 0.016049 0.708751 0.031643 0.129405 -0.991087 131 143 1
0.006314 0.249421 0.110560 0.180172 -0.971576 -0.153552 150 3 107
0.100593 0.242020 0.420070 0.498821 -0.853585 0.150234 191 18 146
0.172641 0.048378 -0.129844 -0.993127 -0.049032 0.106279 0 121 141
-0.149323 0.048019 0.382974 -0.396479 -0.132979 0.908362 76 110 243
-0.019835 -0.092848 -1.047678 -0.145324 0.319177 0.936486 108 168 246
0.103726 0.217246 0.030451 -0.628721 -0.772025 0.093208 47 29 139
0.088066 0.185513 -0.225556 -0.795109 -0.478583 0.372507 26 66 174
-0.161000 0.038634 0.070626 0.985660 -0.082507 -0.147197 253 116 108
0.080500 -0.233822 0.599356 0.140214 0.893294 -0.427044 145 241 73
0.260247 -0.225305 0.477256 -0.510213 0.834920 0.206376 62 233 153
0.183210 -0.039990 0.034800 -0.986334 0.136104 0.092853 1 144 139
-0.188484 -0.039922 0.363514 -0.392092 0.210012 0.895633 77 154 241
0.262886 0.120499 0.685148 -0.645152 -0.435892 -0.627516 45 71 47
0.248422 0.022195 0.714167 0.031643 0.129405 -0.991087 131 143 1
0.011008 0.087330 0.697637 0.062156 -0.075064 -0.995240 135 117 0
0.001024 -0.195704 -0.464579 -0.621037 0.690601 0.370652 48 215 174
-0.212606 0.183761 0.441052 0.101961 -0.927839 0.358775 140 9 173
0.135868 -0.265293 0.462546 -0.113514 0.967323 0.226717 113 250 156
-0.253564 0.047036 -0.511946 0.990792 -0.135317 -0.004521 253 110 126
-0.196119 0.204706 0.507696 0.351913 -0.768784 -0.533974 172 29 59
-0.245120 0.105979 -0.487701 0.947686 -0.313801 -0.058490 248 87 120
0.162913 0.083705 -0.143402 -0.941446 -0.318065 0.111869 7 86 141
-0.146265 -0.180764 -0.849303 0.720107 0.662565 0.206042 219 211 153
0.010666 0.168140 -0.502232 -0.705006 -0.680483 0.199772 37 40 152
0.012451 -0.010280 -0.594377 -0.986125 0.137027 -0.093706 1 144 115
0.271603 -0.079698 0.301360 -0.828152 0.322681 0.458303 21 168 185
-0.036599 0.108664 0.263597 0.721724 -0.272510 -0.636281 219 92 46
-0.193838 0.183215 -0.751923 0.825733 -0.513982 0.232351 232 61 157
0.285705 0.147697 0.382849 -0.744696 -0.597264 0.297830 32 51 165
-0.164246 -0.002197 0.046445 0.969835 0.175519 -0.169157 251 149 105
-0.028406 -0.197526 -0.703643 -0.692700 0.679197 -0.242607 39 214 96
0.088680 -0.058822 -0.825124 -0.958510 0.045790 -0.281356 5 133 91
-0.255438 0.036044 -0.593692 0.990792 -0.135317 -0.004521 253 110 126
-0.010145 -0.225992 0.532204 0.364461 0.915564 0.170033 173 244 149
-0.118852 0.039709 -1.064471 0.815430 -0.128346 0.564447 231 111 199
0.182793 -0.261605 0.475460 -0.146038 0.967750 0.205264 108 250 153
-0.031054 -0.262404 -0.098425 0.233607 0.971222 -0.046424 157 251 121
-0.219078 0.196552 0.475971 0.101961 -0.927839 0.358775 140 9 173
0.025841 0.008263 -0.565901 -0.921391 -0.019797 0.388132 10 124 176
0.136641 -0.177526 0.099107 -0.739192 0.665178 0.105517 33 212 140
0.032686 -0.131404 0.669107 0.020007 0.486225 -0.873605 130 189 16
-0.197361 -0.183863 0.434002 -0.224797 0.631732 0.741876 98 208 222
0.090399 -0.101894 -0.981381 -0.984731 0.088987 0.149621 1 138 146
0.001744 -0.130687 0.668798 0.020007 0.486225 -0.873605 130 189 16
-0.040170 0.073950 0.437448 -0.513746 -0.324961 0.794018 61 86 228
-0.111298 0.017101 0.394673 -0.359094 -0.135038 0.923481 81 110 245
-0.244667 0.091633 -0.675163 0.979023 -0.203748 0.000948 252 101 127
0.061552 -0.160273 -0.948223 -0.784101 0.616064 -0.075168 27 206 117
0.125329 0.070302 -1.032147 -0.947937 -0.272332 -0.165079 6 92 106
-0.247541 0.077712 -0.698528 0.979023 -0.203748 0.000948 252 101 127
-0.256596 0.025684 -0.537430 0.990792 -0.135317 -0.004521 253 110 126
-0.083792 -0.217878 -0.630276 -0.505709 0.837844 0.205610 63 234 153
-0.257461 0.020007 -0.633323 0.997464 -0.071121 0.002725 254 118 127
-0.242476 0.027868 0.592763 0.574717 -0.002850 -0.818348 200 127 23
0.076410 0.084531 -0.394442 -0.925734 -0.349746 0.143856 9 82 145
-0.079923 -0.091468 -1.057472 -0.145324 0.319177 0.936486 108 168 246
0.210684 0.048907 0.713006 0.062156 -0.075064 -0.995240 135 117 0
0.037161 0.227969 -0.276460 -0.104338 -0.940772 0.322584 114 7 168
0.078698 0.152037 0.679566 0.009672 -0.374443 -0.927199 128 79 9
0.004162 -0.071000 0.382851 0.989597 0.141139 -0.027881 253 145 123
0.084261 -0.008775 -0.803604 -0.940004 0.036805 -0.339172 7 132 84
0.081384 0.047988 -0.820527 -0.905034 -0.362872 -0.221897 12 81 99
-0.147506 -0.160698 -0.078130 0.919570 0.391169 -0.037110 244 177 122
0.274081 0.099607 0.300259 -0.836559 -0.316272 0.447372 20 87 184
0.155533 0.098203 -0.164294 -0.941446 -0.318065 0.111869 7 86 141
0.065723 0.243048 0.515492 0.453436 -0.863924 0.219160 185 17 155
-0.242920 -0.021483 -0.764182 0.926350 0.042371 0.374272 245 132 175
-0.107246 0.119386 -1.025924 0.748488 -0.478915 0.458700 222 66 185
-0.067874 -0.129820 0.200507 0.777980 0.412500 -0.473910 226 180 67
0.013393 -0.025113 0.699648 0.033842 0.176446 -0.983728 131 149 2
-0.037180 -0.189573 -0.585561 -0.861046 0.507078 -0.038355 17 192 122
-0.088730 -0.080522 0.421694 -0.243060 0.346500 0.906013 96 171 243
0.077109 0.121625 0.691831 0.009672 -0.374443 -0.927199 128 79 9
-0.093465 -0.258330 -0.428887 -0.193348 0.977973 0.078646 102 252 137
0.335444 0.019563 0.597714 -0.986301 -0.112760 -0.120398 1 113 112
-0.058009 -0.260478 -0.282966 0.173889 0.984306 0.030076 149 252 131
0.038412 -0.217629 -0.274182 -0.599433 0.789403 0.132374 51 228 144
-0.025710 0.199460 0.498266 0.352217 -0.911159 0.213852 172 11 154
-0.150954 -0.101834 0.046399 0.978288 -0.096675 -0.183319 252 115 104
0.027331 0.233943 -0.262215 -0.104338 -0.940772 0.322584 114 7 168
0.085811 0.256612 0.550392 0.167912 -0.957298 -0.235345 148 5 97
0.098183 -0.187326 0.639483 0.020007 0.486225 -0.873605 130 189 16
-0.218093 0.166666 -0.424490 0.842099 -0.537120 -0.048694 234 59 121
-0.163488 -0.100997 -0.020932 0.978288 -0.096675 -0.183319 252 115 104
-0.032419 -0.220275 0.549167 0.364461 0.915564 0.170033 173 244 149
-0.168051 -0.164846 -0.267717 0.841131 0.523750 -0.134852 234 194 110
0.049266 0.181289 0.340868 0.599306 -0.683168 -0.417270 203 40 74
0.174489 0.161289 0.169800 -0.753477 -0.585889 0.298341 31 52 165
-0.169239 -0.190464 -0.311288 0.806999 0.493282 -0.324693 230 190 86
-0.062230 -0.136517 0.648526 0.283188 0.504084 -0.815907 163 191 23
-0.040259 0.249626 0.054614 0.180172 -0.971576 -0.153552 150 3 107
0.075340 -0.068257 0.694041 0.033842 0.176446 -0.983728 131 149 2
-0.037684 0.036311 -1.066769 -0.026689 -0.046374 0.998568 124 121 254
-0.118038 -0.185976 -0.946583 0.745369 0.643239 0.175122 222 209 149
0.294061 0.187125 0.549226 -0.760120 -0.632430 0.149167 30 46 146
-0.189046 0.208472 -0.390230 0.835273 -0.546863 -0.057093 233 57 120
0.253491 0.206544 0.627480 -0.438566 -0.834816 -0.332780 71 21 85
0.178565 -0.069565 0.028805 -0.986334 0.136104 0.092853 1 144 139
-0.172994 0.087674 -0.037179 0.985660 -0.082507 -0.147197 253 116 108
0.289162 -0.196179 0.589159 -0.785105 0.617380 -0.049524 27 206 121
-0.074048 0.225400 -0.707164 -0.161924 -0.986579 -0.021031 106 1 124
0.103838 0.233553 0.193338 -0.206828 -0.970450 0.124298 101 3 143
0.024673 0.082519 -0.548404 -0.856393 -0.185216 0.481961 18 103 188
-0.106013 0.158697 0.613144 0.627236 -0.474717 -0.617429 207 66 48
0.041458 -0.037208 -1.052994 -0.155875 0.245511 0.956780 107 158 249
0.110575 0.104092 0.698146 0.012069 -0.258614 -0.965905 129 94 4
0.255753 -0.233883 0.554389 -0.584617 0.811266 -0.008413 52 230 126
0.327660 -0.114921 0.644202 -0.977100 0.195183 -0.084733 2 152 116
-0.148250 -0.023923 -1.011582 0.923028 -0.259977 0.283603 245 94 163
-0.035193 0.231830 -0.889572 -0.607444 -0.793757 -0.031002 50 26 123
-0.253207 -0.095595 0.380239 0.172237 0.253467 0.951887 149 159 248
-0.268822 -0.138589 0.401717 0.564608 0.449374 0.692302 199 184 215
0.344853 -0.005612 0.450065 -0.981345 0.190836 0.023323 2 151 130
-0.097759 0.222755 -0.857297 0.464050 -0.840879 0.278533 186 20 163
-0.181287 -0.140729 -0.256605 0.841131 0.523750 -0.134852 234 194 110
-0.010343 -0.171324 0.256441 0.669232 0.590562 -0.450959 212 202 70
0.048481 -0.157883 -0.831658 -0.837727 0.480842 -0.258852 20 188 94
-0.151719 -0.100928 -0.945147 0.870623 0.317375 0.375883 238 167 175
-0.342742 0.055906 0.439192 0.915171 -0.239056 -0.324523 244 97 86
-0.245028 -0.122409 -0.499696 0.928752 0.365837 -0.059864 245 174 119
-0.220215 -0.018289 -0.250482 0.925231 0.188049 -0.329524 245 151 85
0.206248 0.217496 0.334886 -0.248772 -0.945313 0.210938 95 6 154
0.209726 0.058714 0.147673 -0.919036 -0.193003 0.343689 10 102 171
0.094916 -0.254154 0.464670 0.355368 0.927208 0.118319 172 245 142
-0.022896 -0.210134 0.173134 0.401254 0.892301 -0.206869 178 241 101
0.046947 -0.196664 -0.316466 -0.895790 0.397584 0.198715 13 178 152
0.126714 -0.146278 -0.085779 -0.873396 0.465169 0.144209 16 186 145
-0.267886 -0.169001 0.485732 0.611217 0.582996 -0.535285 205 201 59
0.035971 0.060352 -1.055237 -0.014678 -0.309147 0.950901 125 88 248
0.162111 -0.013480 -0.221102 -0.890585 0.332256 0.310586 13 169 167
-0.081996 -0.243621 -0.015711 0.348563 0.935331 -0.060504 171 246 119
-0.116554 0.098712 0.404563 -0.359094 -0.135038 0.923481 81 110 245
-0.086279 -0.147634 0.450622 -0.385701 0.469742 0.794089 78 187 228
-0.075877 0.212221 -0.931404 0.506916 -0.841471 0.186985 192 20 151
-0.229991 0.059642 0.591470 0.632216 -0.313108 -0.708707 208 87 37
-0.308186 0.074663 0.408939 0.661600 -0.319501 0.678384 211 86 213
0.229657 -0.244035 0.477405 -0.510213 0.834920 0.206376 62 233 153
0.053510 -0.112927 0.679608 0.012577 0.464386 -0.885544 129 186 14
0.020583 0.018699 -0.674481 -0.828512 -0.181830 -0.529628 21 104 59
0.331466 -0.093113 0.558763 -0.987093 0.158206 0.024885 1 147 130
0.152616 0.265466 0.462298 -0.029216 -0.978251 0.205358 123 2 153
-0.113500 -0.188256 -0.000907 0.759104 0.640650 -0.115453 224 209 112
0.260467 0.103681 0.697793 -0.646432 -0.279139 -0.710075 45 91 36
0.029427 0.108910 -0.724822 -0.856132 -0.285296 -0.430864 18 91 72
0.014272 0.172029 -1.014192 -0.374623 -0.783613 0.495589 79 27 190
0.245641 0.023421 0.219176 -0.870247 0.024615 0.492001 16 130 190
-0.120077 -0.252562 -0.386075 0.594630 0.796688 -0.108177 203 229 113
-0.215367 0.183019 -0.557741 0.842099 -0.537120 -0.048694 234 59 121
0.056191 0.248891 0.558246 0.453436 -0.863924 0.219160 185 17 155
0.065571 0.244676 0.054406 -0.440309 -0.897711 0.015617 71 13 129
-0.202217 -0.021270 -0.859261 0.896326 0.120341 0.426752 241 142 181
0.063765 -0.003718 -0.472295 -0.969001 0.040843 0.243658 3 132 158
-0.146457 0.189321 -0.210944 0.839074 -0.419777 -0.346038 234 73 83
0.161012 -0.187637 0.640460 -0.006543 0.658010 -0.752980 126 211 31
0.151848 -0.070766 -0.177132 -0.873396 0.465169 0.144209 16 186 145
-0.024310 -0.267783 -0.238722 0.173889 0.984306 0.030076 149 252 131
-0.027591 -0.195092 0.199718 0.669232 0.590562 -0.450959 212 202 70
-0.002706 0.036730 -1.065815 -0.026689 -0.046374 0.998568 124 121 254
0.110123 -0.048397 -1.005907 -0.843052 0.537784 -0.007155 20 196 126
0.135295 -0.057704 -0.247046 -0.837475 0.460464 0.294292 20 186 165
0.233158 0.069111 0.709043 0.012069 -0.258614 -0.965905 129 94 4
-0.029688 -0.177808 -0.598205 -0.861046 0.507078 -0.038355 17 192 122
-0.130215 0.197256 -0.870082 0.593714 -0.769013 0.236901 203 29 157
0.007785 -0.236568 0.570997 0.107120 0.886839 -0.449490 141 240 70
-0.209651 0.131773 0.577747 0.632216 -0.313108 -0.708707 208 87 37
0.098054 -0.218234 0.614269 -0.006543 0.658010 -0.752980 126 211 31
-0.258353 0.008055 -0.394716 0.990792 -0.135317 -0.004521 253 110 126
-0.254226 0.040520 -0.462022 0.990792 -0.135317 -0.004521 253 110 126
0.060663 -0.027310 0.700881 0.033842 0.176446 -0.983728 131 149 2
0.013808 0.192698 -0.832229 -0.673376 -0.735628 0.073598 41 33 136
0.253135 -0.125979 0.300418 -0.832134 0.316078 0.455684 21 167 185
0.272202 -0.002240 0.267442 -0.870247 0.024615 0.492001 16 130 190
-0.029408 -0.218127 -0.755885 -0.606544 0.766576 -0.210870 50 225 100
0.269005 0.211127 0.593087 -0.768725 -0.499138 -0.399903 29 63 76
0.004072 0.242613 -0.309111 -0.373021 -0.926122 -0.056159 79 9 120
0.023753 0.169940 0.318321 0.663735 -0.649576 -0.370819 212 44 80
0.140127 -0.156428 0.028200 -0.873396 0.465169 0.144209 16 186 145
0.218125 -0.204726 0.361828 -0.731348 0.619013 0.286275 34 206 164
0.219357 -0.205218 0.366039 -0.731348 0.619013 0.286275 34 206 164
0.149364 -0.131006 0.002141 -0.873396 0.465169 0.144209 16 186 145
0.125733 0.142809 -0.198604 -0.803488 -0.473255 0.361161 25 67 173
0.087075 -0.169976 0.648884 0.020007 0.486225 -0.873605 130 189 16
0.021422 0.229581 0.548979 0.352217 -0.911159 0.213852 172 11 154
-0.010637 0.194170 0.650407 0.229595 -0.871355 -0.433621 156 16 72
0.102573 -0.235561 0.287919 0.295382 0.948891 0.111156 165 248 141
0.219134 -0.024262 0.174630 -0.934047 0.123318 0.335186 8 143 170
-0.240159 0.140871 -0.628324 0.997372 -0.070245 0.017756 254 118 129
-0.096563 -0.221586 -0.866014 0.450376 0.858685 0.244586 184 236 158
-0.115577 0.190771 0.060936 0.795414 -0.542656 -0.269891 228 58 93
0.005414 -0.077772 -0.659174 -0.824139 0.237023 -0.514407 22 157 61
0.129112 -0.005860 -1.015585 -0.991191 0.003568 -0.132395 1 127 110
0.222205 0.171017 0.290207 -0.686649 -0.559440 0.464264 39 56 186
-0.233908 -0.059746 -0.305265 0.904687 0.206546 -0.372667 242 153 79
-0.271190 0.018541 0.371411 0.431669 -0.153435 0.888887 182 107 240
0.107157 0.239453 0.278570 0.309391 -0.950338 -0.033677 166 6 123
-0.179977 -0.178937 -0.778308 0.828831 0.472311 0.299934 233 187 165
-0.248316 0.045034 0.581576 0.632216 -0.313108 -0.708707 208 87 37
0.164913 -0.121666 0.085069 -0.908908 0.400083 0.117556 11 178 142
0.030101 -0.116227 -0.509761 -0.900771 0.260163 0.347746 12 160 171
-0.090573 -0.175427 0.464977 -0.385701 0.469742 0.794089 78 187 228
-0.138584 -0.084893 0.107767 0.969835 0.175519 -0.169157 251 149 105
-0.137862 0.217221 -0.749397 0.417159 -0.908033 -0.038152 180 11 122
-0.239735 -0.163640 0.523715 0.611217 0.582996 -0.535285 205 201 59
0.050329 -0.174228 -0.960098 -0.685669 0.690146 0.231424 40 215 157
-0.033986 -0.007385 0.701198 0.033842 0.176446 -0.983728 131 149 2
0.195525 0.266823 0.513611 -0.447830 -0.881689 -0.148569 70 15 108
0.309266 0.002572 0.341285 -0.939540 0.080994 0.332724 7 137 169
-0.007758 0.099515 -0.631104 -0.968503 -0.205318 0.140877 4 101 145
0.194357 0.017365 0.069139 -0.986334 0.136104 0.092853 1 144 139
0.159858 0.259261 0.587730 0.160251 -0.895777 -0.414612 147 13 74
-0.231501 0.135758 0.406164 0.084457 -0.451476 0.888277 138 69 240
-0.183539 0.111852 0.604635 0.486475 -0.369154 -0.791875 189 80 26
-0.251389 0.168223 0.506706 0.643438 -0.527015 -0.555196 209 60 56
0.197428 -0.062274 0.139657 -0.904117 0.189882 0.382777 12 151 176
0.167327 -0.018324 -0.174033 -0.983240 0.160931 0.085673 2 148 138
-0.105995 -0.234605 -0.191193 0.786637 0.616114 -0.040071 227 206 122
-0.055278 0.223358 -0.755902 -0.161924 -0.986579 -0.021031 106 1 124
-0.165470 0.081150 0.380777 -0.396479 -0.132979 0.908362 76 110 243
-0.259869 -0.044130 -0.448765 0.999973 0.007346 0.000730 254 128 127
-0.046312 0.152680 0.465695 -0.513746 -0.324961 0.794018 61 86 228
0.176279 0.023610 -0.107276 -0.993127 -0.049032 0.106279 0 121 141
-0.146329 -0.162720 0.598155 0.393793 0.508293 -0.765875 177 192 29
0.267182 -0.222891 0.484635 -0.510213 0.834920 0.206376 62 233 153
-0.076042 -0.258160 -0.254550 0.173889 0.984306 0.030076 149 252 131
0.104317 0.238172 0.288639 0.309391 -0.950338 -0.033677 166 6 123
-0.233105 0.106902 0.391649 0.084457 -0.451476 0.888277 138 69 240
-0.198577 0.031508 -0.191707 0.989838 -0.035507 -0.137699 253 122 109
-0.237719 -0.001952 -0.779266 0.926350 0.042371 0.374272 245 132 175
-0.224227 -0.033556 -0.805524 0.910113 0.226668 0.346867 243 156 171
0.073688 -0.223368 0.009116 -0.535152 0.834882 0.128782 59 233 143
0.025939 0.110532 -0.533617 -0.871975 -0.360542 0.331162 16 81 169
0.230690 0.047994 0.714324 0.062156 -0.075064 -0.995240 135 117 0
-0.085334 0.226924 -0.865413 0.464050 -0.840879 0.278533 186 20 163
0.134503 -0.143682 -0.046972 -0.873396 0.465169 0.144209 16 186 145
0.040069 -0.205803 0.625635 -0.006543 0.658010 -0.752980 126 211 31
-0.005687 -0.104228 -0.646356 -0.951688 0.269803 0.146618 6 161 146
0.205929 0.196479 0.300491 -0.689575 -0.609124 0.391733 39 49 177
-0.180426 0.207247 -0.630985 0.306099 -0.944958 0.115576 166 7 142
0.000789 0.031020 0.394281 0.972401 -0.215342 0.089805 251 100 138
-0.165357 -0.034034 0.372257 -0.392092 0.210012 0.895633 77 154 241
-0.081761 0.206433 0.102655 0.507861 -0.807581 -0.299816 192 24 89
0.158181 -0.135447 0.079922 -0.908908 0.400083 0.117556 11 178 142
0.103974 -0.208043 0.623123 -0.006543 0.658010 -0.752980 126 211 31
0.318861 -0.103757 0.666822 -0.720054 -0.060334 -0.691290 35 119 39
-0.330346 0.079985 0.439853 0.857511 -0.509713 -0.069772 236 62 118
-0.041367 -0.196836 -0.611674 -0.505709 0.837844 0.205610 63 234 153
0.310309 -0.047711 0.675096 -0.753313 0.016316 -0.657459 31 129 43
-0.297547 0.070108 0.521627 0.741374 -0.201295 -0.640191 222 101 45
-0.093019 -0.206432 0.507064 0.027411 0.883716 0.467220 130 240 187
0.078189 0.184427 -0.248032 -0.795109 -0.478583 0.372507 26 66 174
-0.224744 0.150974 -0.398969 0.947686 -0.313801 -0.058490 248 87 120
-0.163305 0.126897 -0.088575 0.872698 -0.482870 -0.072355 238 65 118
-0.161779 0.090147 0.036533 0.985660 -0.082507 -0.147197 253 116 108
0.137878 -0.250796 0.401698 -0.113514 0.967323 0.226717 113 250 156
-0.010307 0.099813 -1.043122 -0.014678 -0.309147 0.950901 125 88 248
-0.259578 -0.009312 -0.623701 0.997464 -0.071121 0.002725 254 118 127
-0.060639 -0.247875 0.041574 0.348563 0.935331 -0.060504 171 246 119
-0.107493 -0.248025 -0.283493 0.594630 0.796688 -0.108177 203 229 113
-0.057557 0.229044 -0.524009 -0.323209 -0.909009 0.263132 86 11 161
-0.229126 -0.152359 0.548115 0.611217 0.582996 -0.535285 205 201 59
0.084803 -0.223838 0.609486 -0.006543 0.658010 -0.752980 126 211 31
0.093926 -0.057113 -0.842717 -0.958510 0.045790 -0.281356 5 133 91
-0.133889 0.096390 -1.002198 0.722546 0.004976 0.691305 219 128 215
-0.138756 -0.209609 0.510568 -0.231792 0.869421 0.436325 97 238 183
0.275253 0.191375 0.432093 -0.750722 -0.547291 0.369985 31 57 174
0.163529 0.092699 0.701858 0.012069 -0.258614 -0.965905 129 94 4
0.137048 -0.079752 -0.207561 -0.837475 0.460464 0.294292 20 186 165
-0.229241 0.164443 -0.592753 0.842099 -0.537120 -0.048694 234 59 121
0.095734 0.149641 -0.255275 -0.795109 -0.478583 0.372507 26 66 174
-0.079479 0.231708 -0.152775 0.547773 -0.836507 0.014149 197 20 129
0.000728 -0.261997 -0.195945 -0.462275 0.846447 0.264251 68 235 161
-0.039131 0.253724 -0.397915 -0.679038 -0.690000 0.250616 40 39 159
0.255254 0.021908 0.714347 0.031643 0.129405 -0.991087 131 143 1
-0.119326 -0.062715 0.154934 0.861438 0.041714 -0.506146 237 132 62
0.115546 0.098901 -1.023149 -0.947937 -0.272332 -0.165079 6 92 106
-0.157581 -0.144776 -0.893578 0.900748 0.287717 0.325381 242 164 168
0.036337 0.026803 -0.540039 -0.921391 -0.019797 0.388132 10 124 176
-0.252183 0.017121 -0.745625 0.926350 0.042371 0.374272 245 132 175
0.063011 -0.250255 0.510090 0.333395 0.927684 0.168079 170 245 148
0.213034 0.095470 0.179247 -0.894581 -0.243989 0.374425 13 96 175
-0.214019 0.018057 -0.832223 0.938325 -0.032585 0.344215 247 123 171
-0.195509 0.048140 -0.173941 0.989838 -0.035507 -0.137699 253 122 109
-0.207243 -0.050248 0.617775 0.604727 0.027692 -0.795951 204 131 26
0.108006 0.085683 0.703042 0.012069 -0.258614 -0.965905 129 94 4
0.047980 0.188114 -0.336458 -0.834960 -0.511610 0.202723 21 62 153
0.333233 -0.051419 0.648277 -0.772750 -0.060007 -0.631868 28 119 46
0.080128 -0.107190 -0.839910 -0.837727 0.480842 -0.258852 20 188 94
-0.187645 -0.096959 -0.196959 0.861585 0.430366 -0.269178 237 182 93
0.335183 -0.018797 0.635779 -0.986301 -0.112760 -0.120398 1 113 112
0.320474 -0.133754 0.647223 -0.544146 0.746633 -0.382679 58 222 78
0.003509 0.209263 0.232209 0.627703 -0.602700 -0.492688 207 50 64
0.041203 -0.112197 -1.031683 -0.144313 0.314236 0.938312 109 167 247
0.057513 -0.147848 -0.842247 -0.837727 0.480842 -0.258852 20 188 94
-0.246828 -0.082778 0.375672 0.172237 0.253467 0.951887 149 159 248
0.314122 -0.158648 0.568224 -0.909756 0.393415 0.132549 11 177 144
-0.040687 -0.248150 -0.424103 -0.589045 0.789274 0.173414 52 228 149
-0.121755 -0.257298 -0.445151 0.368521 0.928495 0.045705 174 245 133
-0.090727 0.240546 -0.526709 -0.495329 -0.859747 0.124432 64 17 143
0.085086 0.104096 -1.041962 0.082365 -0.287991 0.954085 138 90 249
-0.257381 -0.045348 0.367615 0.172237 0.253467 0.951887 149 159 248
0.134766 -0.150207 -0.024338 -0.873396 0.465169 0.144209 16 186 145
-0.051390 0.248673 -0.114051 0.475381 -0.879703 -0.011677 188 15 126
0.041643 -0.238409 0.489768 0.362000 0.915696 0.174517 173 244 149
-0.028635 -0.059413 0.432295 0.379056 0.054368 0.923775 175 134 245
0.217392 -0.193019 0.635266 -0.006543 0.658010 -0.752980 126 211 31
0.308102 0.103855 0.379888 -0.866809 -0.345473 0.359571 16 83 173
0.086381 0.074462 -0.358160 -0.847667 -0.307004 0.432677 19 88 182
-0.161109 0.025230 -0.971184 0.929284 -0.043747 0.366766 245 121 174
-0.140332 -0.184994 -0.159227 0.759104 0.640650 -0.115453 224 209 112
0.105794 0.228252 0.155207 -0.206828 -0.970450 0.124298 101 3 143
0.174146 0.020904 -0.128455 -0.993127 -0.049032 0.106279 0 121 141
-0.260072 -0.021841 -0.394709 0.999973 0.007346 0.000730 254 128 127
0.058888 -0.241695 0.152854 -0.376179 0.920356 -0.106929 79 244 113
0.219410 0.122487 0.692967 0.009672 -0.374443 -0.927199 128 79 9
-0.120180 0.254135 -0.479067 0.402420 -0.914967 0.029900 178 10 131
0.050835 0.043965 -0.504746 -0.921391 -0.019797 0.388132 10 124 176
-0.032432 0.181875 -0.588443 -0.806161 -0.587343 0.071644 24 52 136
-0.291439 -0.109270 0.521300 0.613582 0.507353 -0.605070 205 192 50
-0.212901 -0.022119 -0.232132 0.925231 0.188049 -0.329524 245 151 85
0.019298 0.189258 -0.867281 -0.607444 -0.793757 -0.031002 50 26 123
0.315269 0.115806 0.408648 -0.866809 -0.345473 0.359571 16 83 173
-0.155439 -0.006407 0.092568 0.969835 0.175519 -0.169157 251 149 105
-0.083456 -0.145173 -1.034444 -0.053766 0.610388 0.790276 120 205 228
-0.111068 -0.032233 0.171502 0.861438 0.041714 -0.506146 237 132 62
-0.121155 -0.079638 0.148946 0.811850 0.164790 -0.560128 231 148 56
-0.009929 -0.188816 -0.513436 -0.707184 0.676075 0.206912 37 213 153
-0.121555 -0.177740 0.004481 0.759104 0.640650 -0.115453 224 209 112
0.071068 -0.118216 -1.021697 -0.741779 0.504605 0.441745 32 191 183
0.250575 0.124936 0.276638 -0.686649 -0.559440 0.464264 39 56 186
-0.170705 0.140171 -0.210117 0.839074 -0.419777 -0.346038 234 73 83
0.097528 -0.004474 -0.846595 -0.967633 0.012540 -0.252049 4 129 95
-0.221933 0.196570 0.502397 0.351913 -0.768784 -0.533974 172 29 59
-0.011305 0.156636 -0.577558 -0.763666 -0.566237 0.310143 30 55 167
-0.238904 0.144089 0.412453 0.262335 -0.557741 0.787468 160 56 227
-0.302001 -0.049798 0.386732 0.388537 0.227774 0.892837 177 156 241
0.181549 0.066358 0.006092 -0.975660 -0.201625 0.086228 3 101 138
0.072511 0.137289 -0.996078 -0.510969 -0.853969 0.098220 62 18 140
0.014600 0.235261 0.580888 0.242122 -0.873244 -0.422874 158 16 73
0.075942 0.001097 -0.782699 -0.907212 -0.047014 -0.418038 11 121 74
0.009429 0.217969 0.519255 0.352217 -0.911159 0.213852 172 11 154
-0.111071 -0.232899 -0.239052 0.669530 0.711726 -0.212545 212 218 100
-0.244728 0.000346 -0.762179 0.926350 0.042371 0.374272 245 132 175
0.017539 0.109044 -0.701288 -0.856132 -0.285296 -0.430864 18 91 72
-0.155855 0.199002 -0.269795 0.695872 -0.685118 -0.215351 216 40 100
-0.101053 -0.225059 -0.010233 0.952507 0.266544 -0.147257 248 161 108
-0.106681 -0.157476 -0.997995 0.759477 0.447324 0.472330 224 184 187
0.007298 -0.131427 -0.686940 -0.834045 0.267317 -0.482609 21 161 65
0.118009 -0.036245 -1.021717 -0.843052 0.537784 -0.007155 20 196 126
-0.038608 -0.164274 0.218560 0.777980 0.412500 -0.473910 226 180 67
-0.063068 -0.259488 -0.198499 0.233607 0.971222 -0.046424 157 251 121
0.111416 0.087049 -1.049381 0.082365 -0.287991 0.954085 138 90 249
0.190621 -0.185125 0.257648 -0.737245 0.568943 0.364383 33 200 173
0.194022 -0.080828 0.141901 -0.889712 0.338557 0.306253 14 170 166
0.042767 -0.148021 -0.784703 -0.862321 0.476414 -0.171561 17 188 105
0.148175 -0.236267 0.307374 -0.393012 0.873477 0.287367 77 238 164
-0.198936 0.207684 0.499035 0.101961 -0.927839 0.358775 140 9 173
-0.244376 -0.077137 -0.694105 0.963476 0.265511 0.034891 250 161 131
-0.147378 -0.218868 -0.725474 0.346114 0.937317 0.040531 171 247 132
-0.112868 -0.218020 -0.848510 0.450376 0.858685 0.244586 184 236 158
0.106185 0.238384 0.234961 -0.206828 -0.970450 0.124298 101 3 143
-0.258770 -0.000542 -0.690474 0.997464 -0.071121 0.002725 254 118 127
-0.104276 0.129560 0.418729 -0.513746 -0.324961 0.794018 61 86 228
-0.023019 0.104476 0.693035 0.358894 -0.130218 -0.924250 173 110 9
-0.046243 0.243909 0.060780 0.461037 -0.822020 -0.334258 186 22 84
0.075128 0.134377 -1.007777 -0.510969 -0.853969 0.098220 62 18 140
0.103536 0.250872 0.460590 0.498821 -0.853585 0.150234 191 18 146
0.038554 -0.225861 0.602238 0.140214 0.893294 -0.427044 145 241 73
-0.006727 0.096819 -0.658580 -0.828512 -0.181830 -0.529628 21 104 59
0.261381 0.223593 0.472700 -0.839469 -0.538517 0.072747 20 58 136
0.040283 0.150422 -0.820407 -0.905034 -0.362872 -0.221897 12 81 99
-0.159699 0.076992 0.057833 0.985660 -0.082507 -0.147197 253 116 108
0.181833 -0.146840 0.663646 0.012577 0.464386 -0.885544 129 186 14
0.004198 0.062320 -0.604143 -0.966640 -0.192383 0.169103 4 102 149
-0.115624 0.253648 -0.500595 0.451864 -0.875047 0.173525 185 15 149
-0.106928 0.196678 0.074549 0.795414 -0.542656 -0.269891 228 58 93
-0.007510 -0.142774 0.282171 0.852336 0.266920 -0.449752 236 161 70
0.056906 0.062518 -0.487563 -0.936451 -0.022663 0.350066 8 124 172
0.063936 0.114863 -0.858726 -0.905034 -0.362872 -0.221897 12 81 99
-0.140176 0.154242 0.014797 0.893024 -0.445782 -0.061533 241 70 119
0.175172 -0.061988 -0.018338 -0.986334 0.136104 0.092853 1 144 139
0.097646 0.237572 0.214415 -0.206828 -0.970450 0.124298 101 3 143
-0.193464 -0.009059 -0.144489 0.989838 -0.035507 -0.137699 253 122 109
0.033145 0.052657 -0.705791 -0.828512 -0.181830 -0.529628 21 104 59
0.071149 0.242899 0.118241 -0.403159 -0.908797 -0.107474 76 11 113
-0.240272 0.140938 -0.621717 0.997372 -0.070245 0.017756 254 118 129
-0.172321 0.050261 -0.011703 0.985660 -0.082507 -0.147197 253 116 108
0.105548 0.265707 0.522414 0.453436 -0.863924 0.219160 185 17 155
-0.139587 0.063126 0.131728 0.919400 -0.072261 -0.386629 244 118 78
0.163185 0.255207 0.419994 -0.252725 -0.918578 0.303883 95 10 166
-0.045628 -0.076600 0.683111 0.284528 0.221258 -0.932785 163 155 8
0.142127 -0.193812 0.169354 -0.746130 0.629066 0.218096 32 207 155
0.285503 -0.204152 0.547775 -0.785105 0.617380 -0.049524 27 206 121
-0.155416 0.214227 -0.640150 0.306099 -0.944958 0.115576 166 7 142
0.308004 -0.045255 0.350161 -0.864400 0.320539 0.387386 17 168 176
-0.033000 -0.265619 -0.175459 0.233607 0.971222 -0.046424 157 251 121
0.064430 -0.129042 -0.829698 -0.837727 0.480842 -0.258852 20 188 94
-0.184348 0.052608 0.369256 -0.309841 -0.046521 0.949649 87 121 248
-0.108402 0.184058 -0.951646 0.637243 -0.585431 0.501190 208 52 191
0.083123 0.124481 0.690740 0.009672 -0.374443 -0.927199 128 79 9
0.016976 0.201336 0.650627 0.229595 -0.871355 -0.433621 156 16 72
0.343769 0.056919 0.438059 -0.907529 -0.283513 0.309857 11 91 167
0.163626 0.095112 -0.104975 -0.941446 -0.318065 0.111869 7 86 141
0.062207 -0.057675 -0.747788 -0.940004 0.036805 -0.339172 7 132 84
-0.178250 -0.023254 -0.918822 0.968270 0.088843 0.233582 250 138 157
-0.220846 0.149441 -0.343920 0.918209 -0.275774 -0.284325 244 92 91
-0.102153 -0.232755 -0.087328 0.786637 0.616114 -0.040071 227 206 122
-0.043171 0.183949 0.475184 0.433016 -0.316055 0.844160 182 87 235
-0.138153 -0.088711 -1.001931 0.916897 0.320968 0.237232 244 168 157
0.325288 0.085061 0.584861 -0.933371 -0.354891 -0.053577 8 82 120
-0.156566 -0.144642 -0.133391 0.919570 0.391169 -0.037110 244 177 122
0.020701 -0.231933 -0.269077 -0.599433 0.789403 0.132374 51 228 144
0.152443 -0.051763 0.699652 0.033842 0.176446 -0.983728 131 149 2
0.225760 -0.057413 0.202834 -0.828152 0.322681 0.458303 21 168 185
-0.061864 0.155226 0.456674 -0.513746 -0.324961 0.794018 61 86 228
-0.156155 -0.017113 0.077353 0.969835 0.175519 -0.169157 251 149 105
-0.101994 -0.087205 -1.061972 0.629243 0.384567 0.675398 207 176 213
0.178725 -0.266211 0.532660 -0.008555 0.986197 -0.165356 126 253 106
0.137581 0.235119 0.619315 -0.071535 -0.737819 -0.671197 118 33 41
-0.117898 0.233992 -0.287367 0.419406 -0.886100 -0.197295 180 14 102
-0.157496 -0.169567 -0.220215 0.841131 0.523750 -0.134852 234 194 110
-0.238008 0.102606 -0.354374 0.947686 -0.313801 -0.058490 248 87 120
-0.005114 0.219202 0.182333 0.444240 -0.862700 -0.241661 184 17 96
-0.208786 0.028128 0.364566 0.003114 -0.088312 0.996088 127 116 254
0.083339 0.217764 -0.102774 -0.628721 -0.772025 0.093208 47 29 139
0.087347 -0.177769 -0.213031 -0.794380 0.579633 0.181620 26 201 150
-0.155618 -0.130838 0.035597 0.919570 0.391169 -0.037110 244 177 122
-0.168951 0.232811 -0.441947 0.522813 -0.842762 -0.128138 194 20 111
-0.173433 -0.032717 -0.037894 0.969835 0.175519 -0.169157 251 149 105
0.017442 0.090513 0.344144 0.797390 -0.147870 -0.585067 229 108 52
-0.088918 -0.140589 -1.036654 0.454231 0.702906 0.547355 185 217 197
-0.171425 0.030459 0.372387 -0.309841 -0.046521 0.949649 87 121 248
-0.220991 0.047431 -0.257118 0.939499 -0.161999 -0.301824 247 106 89
0.002501 0.049538 0.334137 0.797390 -0.147870 -0.585067 229 108 52
0.089944 -0.170698 -0.219930 -0.917741 0.367460 0.150749 10 174 146
-0.238253 0.076119 -0.329018 0.918209 -0.275774 -0.284325 244 92 91
0.286952 -0.147174 0.394237 -0.861076 0.362916 0.356146 17 173 172
-0.036517 0.020617 -1.067467 -0.026689 -0.046374 0.998568 124 121 254
-0.110523 0.119270 0.167029 0.730887 -0.428768 -0.531001 220 72 59
-0.144973 -0.003828 0.648665 0.419348 -0.001828 -0.907824 180 127 11
0.071059 0.001485 -0.444161 -0.969001 0.040843 0.243658 3 132 158
-0.257515 0.016489 -0.463561 0.990792 -0.135317 -0.004521 253 110 126
-0.206081 0.120666 0.585839 0.632216 -0.313108 -0.708707 208 87 37
0.082229 -0.131695 -0.929695 -0.784101 0.616064 -0.075168 27 206 117
-0.171298 0.201389 -0.305760 0.667746 -0.666004 -0.332497 212 42 85
0.321560 0.122122 0.538571 -0.986527 0.154801 0.052925 1 147 134
0.167834 -0.014010 -0.176319 -0.983240 0.160931 0.085673 2 148 138
-0.002136 -0.126170 0.671223 0.020007 0.486225 -0.873605 130 189 16
0.045780 0.232722 -0.234062 -0.673482 -0.710137 0.205250 41 36 153
-0.006158 -0.150878 -0.568756 -0.782761 0.500121 0.370357 27 191 174
0.064493 0.133478 -0.891438 -0.905034 -0.362872 -0.221897 12 81 99
0.137933 -0.162880 0.035725 -0.873396 0.465169 0.144209 16 186 145
-0.196174 0.076053 -0.185917 0.989838 -0.035507 -0.137699 253 122 109
-0.174298 -0.054087 -0.923476 0.968270 0.088843 0.233582 250 138 157
0.077397 -0.220309 0.361074 0.631523 0.735038 0.246776 208 221 158
0.209206 0.194727 0.303536 -0.689575 -0.609124 0.391733 39 49 177
-0.059601 0.244683 -0.147725 0.475381 -0.879703 -0.011677 188 15 126
0.186927 -0.047779 0.085699 -0.986334 0.136104 0.092853 1 144 139
0.319905 -0.118267 0.488060 -0.909756 0.393415 0.132549 11 177 144
0.250092 0.122795 0.273344 -0.686649 -0.559440 0.464264 39 56 186
0.172951 -0.149111 0.158590 -0.875690 0.358076 0.323957 15 173 168
-0.133420 -0.179258 -0.081956 0.759104 0.640650 -0.115453 224 209 112
0.266025 0.181711 0.399073 -0.750722 -0.547291 0.369985 31 57 174
0.159405 -0.118597 0.032039 -0.908908 0.400083 0.117556 11 178 142
-0.098633 -0.202496 -0.929223 0.450376 0.858685 0.244586 184 236 158
-0.193415 -0.028931 -0.875589 0.896326 0.120341 0.426752 241 142 181
-0.068569 0.238729 -0.827800 0.164824 -0.984693 0.056681 148 1 134
0.118625 -0.255773 0.563594 0.106819 0.970115 -0.217869 141 251 99
-0.177637 0.103471 -0.105100 0.872698 -0.482870 -0.072355 238 65 118
0.199368 0.253302 0.444326 -0.252725 -0.918578 0.303883 95 10 166
-0.141174 -0.033351 0.120171 0.861438 0.041714 -0.506146 237 132 62
-0.072536 0.236582 -0.853565 0.164824 -0.984693 0.056681 148 1 134
0.154522 -0.270782 0.498614 -0.146038 0.967750 0.205264 108 250 153
0.043307 -0.206261 -0.313673 -0.895790 0.397584 0.198715 13 178 152
0.037152 -0.192963 0.317001 0.706938 0.651510 -0.275270 217 210 92
-0.093740 -0.207306 0.069202 0.952507 0.266544 -0.147257 248 161 108
-0.127776 -0.176955 -0.936412 0.870623 0.317375 0.375883 238 167 175
-0.335063 0.071782 0.441806 0.857511 -0.509713 -0.069772 236 62 118
-0.176950 0.193860 -0.302028 0.667746 -0.666004 -0.332497 212 42 85
-0.034389 -0.255074 -0.371196 -0.589045 0.789274 0.173414 52 228 149
0.038132 0.190726 0.307646 0.663735 -0.649576 -0.370819 212 44 80
0.190614 0.071305 0.109936 -0.894581 -0.243989 0.374425 13 96 175
-0.065085 0.066781 0.419907 -0.359094 -0.135038 0.923481 81 110 245
0.316077 -0.155800 0.573190 -0.909756 0.393415 0.132549 11 177 144
-0.158398 0.139589 -0.114097 0.872698 -0.482870 -0.072355 238 65 118
0.008104 0.067659 -0.671770 -0.828512 -0.181830 -0.529628 21 104 59
-0.001132 -0.243707 -0.297731 -0.599433 0.789403 0.132374 51 228 144
-0.271704 -0.131077 0.522677 0.611217 0.582996 -0.535285 205 201 59
-0.042724 -0.223191 -0.950821 -0.362562 0.889266 0.278847 81 240 163
-0.255352 0.031594 -0.441676 0.990792 -0.135317 -0.004521 253 110 126
0.083654 -0.231900 0.177175 -0.310135 0.950554 -0.016247 87 248 125
-0.108990 -0.079739 -1.059705 0.629243 0.384567 0.675398 207 176 213
0.005645 0.166717 0.670510 0.122988 -0.447608 -0.885732 143 70 14
-0.087043 -0.222481 -0.880403 0.450376 0.858685 0.244586 184 236 158
-0.209378 0.182076 -0.443761 0.842099 -0.537120 -0.048694 234 59 121
0.133530 0.266767 0.543131 0.167912 -0.957298 -0.235345 148 5 97
-0.017144 -0.186343 0.637388 0.020007 0.486225 -0.873605 130 189 16
0.050301 -0.112522 -1.030175 -0.144313 0.314236 0.938312 109 167 247
0.107644 -0.247423 0.373691 0.355368 0.927208 0.118319 172 245 142
-0.195455 0.176098 -0.761918 0.825733 -0.513982 0.232351 232 61 157
-0.040313 0.167492 0.224731 0.730887 -0.428768 -0.531001 220 72 59
0.093853 -0.237189 0.369238 0.631523 0.735038 0.246776 208 221 158
-0.177759 0.133843 -0.219544 0.839074 -0.419777 -0.346038 234 73 83
0.267054 0.033627 0.716254 0.031643 0.129405 -0.991087 131 143 1
-0.239021 -0.128065 -0.601923 0.993818 0.090795 0.063885 254 139 135
-0.169894 -0.205815 0.510957 0.240346 0.862057 -0.446196 158 237 70
-0.068152 -0.257113 -0.174395 0.233607 0.971222 -0.046424 157 251 121
0.178273 0.093073 0.031491 -0.975660 -0.201625 0.086228 3 101 138
-0.149495 -0.171670 0.438123 -0.224797 0.631732 0.741876 98 208 222
-0.148596 0.177769 -0.882892 0.851945 -0.338637 0.399392 236 84 178
0.026130 -0.235273 0.160973 0.476479 0.747303 -0.463148 188 222 68
0.264927 -0.107051 0.308556 -0.828152 0.322681 0.458303 21 168 185
-0.130867 -0.225721 -0.707978 0.346114 0.937317 0.040531 171 247 132
0.000663 -0.172692 -0.717119 -0.692700 0.679197 -0.242607 39 214 96
0.116622 0.033177 -0.307748 -0.953676 -0.030678 0.299266 5 123 165
0.165955 -0.073169 -0.071927 -0.908908 0.400083 0.117556 11 178 142
-0.031049 -0.086513 0.685207 0.284528 0.221258 -0.932785 163 155 8
0.227372 -0.225672 0.601259 -0.190031 0.748676 -0.635116 103 222 46
0.047160 -0.120058 -0.462728 -0.900698 0.260150 0.347945 12 160 171
0.075602 -0.206070 -0.135689 -0.773224 0.633411 0.030243 28 208 131
0.091291 0.057037 -0.365522 -0.925734 -0.349746 0.143856 9 82 145
-0.346690 -0.004569 0.409174 0.661600 -0.319501 0.678384 211 86 213
0.137860 -0.238910 0.301298 -0.393012 0.873477 0.287367 77 238 164
0.185905 -0.101056 0.140681 -0.889712 0.338557 0.306253 14 170 166
-0.162848 -0.145665 -0.876691 0.911143 0.291555 0.291228 243 164 164
-0.221295 -0.169943 -0.502381 0.801739 0.591413 -0.086281 229 202 116
0.198439 0.001805 0.110258 -0.904117 0.189882 0.382777 12 151 176
0.047030 0.195265 -0.322321 -0.834960 -0.511610 0.202723 21 62 153
-0.090430 0.197308 0.481510 -0.208158 -0.904763 0.371584 100 12 174
-0.030182 0.013767 -1.067616 -0.026689 -0.046374 0.998568 124 121 254
-0.008649 0.253808 -0.041158 0.059466 -0.998020 -0.020471 135 0 124
0.278898 -0.054933 0.297107 -0.828152 0.322681 0.458303 21 168 185
-0.187509 0.112121 -0.216834 0.839074 -0.419777 -0.346038 234 73 83
-0.084931 -0.058344 0.414232 -0.243060 0.346500 0.906013 96 171 243
0.276097 0.161958 0.387423 -0.744696 -0.597264 0.297830 32 51 165
-0.062535 0.179522 0.641300 0.627236 -0.474717 -0.617429 207 66 48
-0.165870 0.202751 -0.706292 0.306099 -0.944958 0.115576 166 7 142
-0.125898 -0.234672 -0.290224 0.669515 0.708134 -0.224267 212 217 98
0.141182 -0.094125 -0.166382 -0.873396 0.465169 0.144209 16 186 145
0.317157 -0.057068 0.380359 -0.864400 0.320539 0.387386 17 168 176
0.320457 0.108316 0.558399 -0.986527 0.154801 0.052925 1 147 134
0.117036 -0.184385 0.005001 -0.739192 0.665178 0.105517 33 212 140
-0.134456 -0.102746 -0.997233 0.916897 0.320968 0.237232 244 168 157
-0.257532 0.019892 -0.569182 0.990792 -0.135317 -0.004521 253 110 126
0.028430 -0.192275 0.448393 0.462883 0.524396 0.714666 186 194 218
-0.013407 0.252843 0.004865 0.083692 -0.996457 -0.008368 138 0 126
0.184379 -0.260157 0.565219 -0.279892 0.903946 -0.323330 91 242 86
0.014641 0.074856 0.349400 0.972401 -0.215342 0.089805 251 100 138
-0.178157 -0.023514 -0.058415 0.977113 0.142441 -0.157987 252 145 107
-0.079778 0.232529 -0.092662 0.547773 -0.836507 0.014149 197 20 129
0.107991 -0.069953 0.694647 0.015272 0.242815 -0.969952 129 158 3
0.044710 0.003338 0.705201 0.031643 0.129405 -0.991087 131 143 1
-0.058769 -0.051000 0.247793 0.811850 0.164790 -0.560128 231 148 56
-0.141744 0.165821 -0.088290 0.872698 -0.482870 -0.072355 238 65 118
0.175736 0.143915 0.683858 0.009672 -0.374443 -0.927199 128 79 9
0.003508 0.172642 -0.511863 -0.763666 -0.566237 0.310143 30 55 167
-0.080563 -0.006493 0.225541 0.861438 0.041714 -0.506146 237 132 62
0.028592 0.223936 0.227397 0.444240 -0.862700 -0.241661 184 17 96
-0.145543 0.203779 -0.810523 0.592870 -0.768492 0.240676 203 29 158
-0.330438 -0.034657 0.493168 0.871586 0.176095 -0.457525 238 149 69
0.061590 -0.238791 0.058829 -0.535152 0.834882 0.128782 59 233 143
0.009121 0.070812 -0.674442 -0.828512 -0.181830 -0.529628 21 104 59
-0.002107 0.005128 0.363549 0.972401 -0.215342 0.089805 251 100 138
-0.211158 0.178684 -0.437130 0.842099 -0.537120 -0.048694 234 59 121
-0.175502 0.143420 0.591005 0.310156 -0.534296 -0.786341 167 59 27
0.018465 -0.224412 0.191776 0.401254 0.892301 -0.206869 178 241 101
0.007596 -0.115736 -1.035667 -0.144313 0.314236 0.938312 109 167 247
-0.153436 0.134734 -0.905838 0.844872 -0.271208 0.461127 235 92 186
0.028817 -0.178922 -0.800396 -0.862321 0.476414 -0.171561 17 188 105
0.214061 -0.248303 0.456113 -0.510213 0.834920 0.206376 62 233 153
0.015837 -0.113166 -0.692181 -0.824139 0.237023 -0.514407 22 157 61
-0.269517 -0.033683 0.567251 0.727738 0.025199 -0.685393 220 130 40
0.156812 0.142965 0.018846 -0.798507 -0.594023 0.097584 25 51 139
-0.002089 0.082162 -0.617504 -0.966640 -0.192383 0.169103 4 102 149
0.102834 0.100090 -0.307744 -0.847667 -0.307004 0.432677 19 88 182
0.285163 -0.136175 0.378703 -0.861076 0.362916 0.356146 17 173 172
0.174214 -0.064054 -0.025492 -0.986334 0.136104 0.092853 1 144 139
0.107793 0.041878 -0.903113 -0.873194 -0.410215 -0.263165 16 75 93
0.050632 -0.170309 -0.914950 -0.789262 0.610522 -0.065792 26 205 119
0.005993 -0.235667 -0.313416 -0.599433 0.789403 0.132374 51 228 144
-0.005521 -0.169876 -0.541756 -0.782761 0.500121 0.370357 27 191 174
-0.034921 -0.213030 0.137322 0.401254 0.892301 -0.206869 178 241 101
-0.018166 -0.157362 0.459750 0.591779 0.365412 0.718521 202 174 219
-0.030686 0.211924 0.161309 0.444240 -0.862700 -0.241661 184 17 96
0.128607 -0.227783 0.243166 -0.412623 0.890787 0.190370 74 241 151
-0.000249 0.075849 -0.614172 -0.966640 -0.192383 0.169103 4 102 149
0.057201 0.061884 0.702442 0.062156 -0.075064 -0.995240 135 117 0
0.235883 -0.243877 0.566149 -0.279892 0.903946 -0.323330 91 242 86
0.176475 -0.048737 -0.023923 -0.986334 0.136104 0.092853 1 144 139
0.049764 -0.053224 -0.720278 -0.902292 -0.047082 -0.428547 12 121 72
0.028255 0.045217 -1.064040 -0.124557 -0.511404 0.850266 111 62 235
-0.016127 0.135263 0.683382 0.122988 -0.447608 -0.885732 143 70 14
0.037812 -0.237984 0.495488 0.362000 0.915696 0.174517 173 244 149
-0.242797 0.040869 -0.321010 0.923549 -0.204701 -0.324275 245 101 86
-0.244032 0.106790 -0.545595 0.997372 -0.070245 0.017756 254 118 129
0.179961 0.077901 0.015118 -0.975660 -0.201625 0.086228 3 101 138
-0.152124 0.210653 -0.678092 0.306099 -0.944958 0.115576 166 7 142
-0.285671 0.032575 0.547182 0.741374 -0.201295 -0.640191 222 101 45
-0.264207 -0.052607 0.572193 0.727738 0.025199 -0.685393 220 130 40
0.148941 0.224697 0.283783 -0.436623 -0.897138 0.067115 71 13 136
-0.116700 0.201095 0.016076 0.893024 -0.445782 -0.061533 241 70 119
0.203128 -0.230661 0.379595 -0.731348 0.619013 0.286275 34 206 164
-0.019250 0.165763 -0.668770 -0.636424 -0.691031 -0.342695 46 39 83
-0.209492 -0.152903 0.407813 0.039190 0.572304 0.819105 132 200 231
-0.164395 0.048479 0.042371 0.985660 -0.082507 -0.147197 253 116 108
0.059675 -0.163451 -0.954690 -0.784101 0.616064 -0.075168 27 206 117
-0.128224 -0.138171 -0.973391 0.916897 0.320968 0.237232 244 168 157
-0.144029 0.011052 -0.993260 0.923028 -0.259977 0.283603 245 94 163
-0.183577 -0.205315 0.478832 -0.218124 0.865826 0.450297 99 237 184
-0.149376 -0.082880 0.047980 0.969835 0.175519 -0.169157 251 149 105
-0.076821 0.226284 -0.727297 -0.161924 -0.986579 -0.021031 106 1 124
-0.295831 0.119159 0.425658 0.664680 -0.419983 0.617912 212 73 206
0.045193 -0.214027 0.453496 0.462883 0.524396 0.714666 186 194 218
0.184389 -0.259823 0.566145 -0.279892 0.903946 -0.323330 91 242 86
-0.106798 -0.023670 -1.070196 -0.048281 0.049662 0.997598 121 133 254
0.005287 0.144407 0.306158 0.847391 -0.267735 -0.458527 235 93 69
-0.055015 -0.042109 -1.066772 -0.048281 0.049662 0.997598 121 133 254
-0.233918 0.071863 -0.310893 0.918209 -0.275774 -0.284325 244 92 91
-0.251545 -0.073577 -0.523225 0.963476 0.265511 0.034891 250 161 131
-0.123687 -0.227148 -0.259533 0.669530 0.711726 -0.212545 212 218 100
-0.249747 0.003113 -0.316971 0.923549 -0.204701 -0.324275 245 101 86
0.078704 -0.220588 0.358562 0.631523 0.735038 0.246776 208 221 158
-0.120972 0.177867 -0.942469 0.748488 -0.478915 0.458700 222 66 185
0.091410 -0.050425 -0.360176 -0.967552 0.100570 0.231796 4 140 157
-0.086358 0.010454 0.217585 0.860761 0.087396 -0.501450 237 138 63
0.120417 -0.265513 0.477088 0.355368 0.927208 0.118319 172 245 142
0.064127 -0.013350 -0.469244 -0.969001 0.040843 0.243658 3 132 158
0.024228 0.223118 0.222294 0.444240 -0.862700 -0.241661 184 17 96
-0.240855 -0.072781 0.591454 0.604727 0.027692 -0.795951 204 131 26
0.037218 0.173408 -0.855045 -0.683553 -0.729450 -0.025644 40 34 124
0.165070 0.055933 -0.192018 -0.909282 -0.185163 0.372721 11 103 175
0.179400 0.123677 0.115797 -0.975660 -0.201625 0.086228 3 101 138
0.107687 -0.021290 -0.328035 -0.887417 0.127132 0.443090 14 143 183
0.136821 0.266615 0.546098 0.167912 -0.957298 -0.235345 148 5 97
-0.223874 0.085693 -0.291870 0.918209 -0.275774 -0.284325 244 92 91
0.275702 0.120696 0.671835 -0.645152 -0.435892 -0.627516 45 71 47
0.139283 0.128991 -0.186565 -0.803488 -0.473255 0.361161 25 67 173
-0.010538 0.075592 0.309782 0.797390 -0.147870 -0.585067 229 108 52
0.031192 -0.240183 0.158258 0.476479 0.747303 -0.463148 188 222 68
-0.242077 0.104863 -0.432411 0.947686 -0.313801 -0.058490 248 87 120
-0.234235 0.158810 0.421324 0.262335 -0.557741 0.787468 160 56 227
0.175360 0.051553 -0.098555 -0.975660 -0.201625 0.086228 3 101 138
0.186988 0.019158 -0.009263 -0.993127 -0.049032 0.106279 0 121 141
-0.125761 -0.239319 -0.592261 0.367610 0.920090 0.135265 174 244 144
-0.137872 -0.050754 0.389397 -0.548333 0.307644 0.777616 57 166 226
-0.151830 0.232204 -0.514453 0.451864 -0.875047 0.173525 185 15 149
0.019775 0.233176 0.567008 0.352217 -0.911159 0.213852 172 11 154
-0.252650 0.053840 -0.553558 0.979023 -0.203748 0.000948 252 101 127
-0.088059 -0.150154 0.631136 0.283188 0.504084 -0.815907 163 191 23
-0.093080 -0.200584 0.085639 0.952507 0.266544 -0.147257 248 161 108
-0.081243 -0.144162 0.166077 0.777980 0.412500 -0.473910 226 180 67
0.009135 -0.204046 0.242494 0.669232 0.590562 -0.450959 212 202 70
-0.182799 0.086740 0.616796 0.486475 -0.369154 -0.791875 189 80 26
-0.079205 -0.201615 -0.965095 0.435810 0.860684 0.263234 183 237 161
-0.227599 0.135717 -0.363360 0.947686 -0.313801 -0.058490 248 87 120
0.101597 -0.242352 0.364801 0.631523 0.735038 0.246776 208 221 158
0.159566 -0.126564 0.060397 -0.908908 0.400083 0.117556 11 178 142
-0.053728 0.223044 -0.753080 -0.161924 -0.986579 -0.021031 106 1 124
-0.223601 -0.043685 -0.800550 0.910113 0.226668 0.346867 243 156 171
0.048452 -0.242080 0.571561 0.140214 0.893294 -0.427044 145 241 73
0.088751 -0.080895 -0.837926 -0.939765 0.293781 -0.174742 7 164 105
-0.099561 -0.124482 0.153135 0.777980 0.412500 -0.473910 226 180 67
-0.217298 -0.168313 -0.454063 0.801739 0.591413 -0.086281 229 202 116
-0.045558 -0.214957 0.600922 0.107120 0.886839 -0.449490 141 240 70
-0.057892 -0.120169 0.448163 -0.385701 0.469742 0.794089 78 187 228
-0.118728 -0.131811 0.631824 0.283188 0.504084 -0.815907 163 191 23
-0.177273 -0.161384 0.420947 -0.224797 0.631732 0.741876 98 208 222
0.027600 0.182881 -0.411777 -0.679670 -0.688591 0.252769 40 39 159
0.159972 0.103069 -0.113100 -0.941446 -0.318065 0.111869 7 86 141
0.042135 0.158993 0.676376 0.009672 -0.374443 -0.927199 128 79 9
-0.176126 0.006043 -0.935423 0.929284 -0.043747 0.366766 245 121 174
-0.271160 0.147068 0.503873 0.643438 -0.527015 -0.555196 209 60 56
0.312109 -0.143068 0.508162 -0.909756 0.393415 0.132549 11 177 144
-0.033181 -0.123513 0.253562 0.785733 0.279535 -0.551801 227 163 57
0.190393 -0.028621 0.705108 0.033842 0.176446 -0.983728 131 149 2
0.179728 0.087732 0.035462 -0.975660 -0.201625 0.086228 3 101 138
0.152815 -0.135322 0.038011 -0.908908 0.400083 0.117556 11 178 142
-0.195384 -0.154831 -0.773693 0.828831 0.472311 0.299934 233 187 165
-0.326527 0.085169 0.448920 0.857511 -0.509713 -0.069772 236 62 118
0.050111 0.171064 -0.360673 -0.847667 -0.307004 0.432677 19 88 182
0.319219 0.020965 0.363651 -0.923768 0.110464 0.366676 9 141 174
0.115660 -0.228055 0.605533 -0.006543 0.658010 -0.752980 126 211 31
0.165313 0.144162 0.683650 0.009672 -0.374443 -0.927199 128 79 9
0.173620 -0.037521 -0.070698 -0.986334 0.136104 0.092853 1 144 139
0.147325 0.217692 0.218359 -0.434127 -0.893055 0.118266 72 13 142
-0.202886 -0.202785 -0.557864 0.733697 0.679458 -0.005098 221 214 126
-0.097506 -0.236346 -0.567122 -0.453635 0.879026 0.146729 69 239 146
0.174235 0.109384 0.024888 -0.941446 -0.318065 0.111869 7 86 141
-0.074773 -0.166007 0.626500 0.335228 0.459936 -0.822241 170 186 22
0.163002 0.035503 -0.207211 -0.909282 -0.185163 0.372721 11 103 175
-0.297444 -0.064890 0.530441 0.783918 0.154766 -0.601265 227 147 50
0.038960 0.256055 -0.041764 -0.440309 -0.897711 0.015617 71 13 129
0.136367 0.019654 -0.261706 -0.823398 -0.038906 0.566130 22 122 199
-0.174080 -0.032991 -0.932404 0.968270 0.088843 0.233582 250 138 157
-0.268888 0.170850 0.468739 0.793359 -0.584637 -0.169653 228 52 105
0.193776 0.039840 0.082426 -0.975660 -0.201625 0.086228 3 101 138
-0.043602 -0.181977 0.193134 0.669232 0.590562 -0.450959 212 202 70
0.293445 -0.180708 0.608948 -0.585453 0.599855 -0.545362 52 203 57
-0.113318 0.209211 -0.172723 0.547773 -0.836507 0.014149 197 20 129
0.214332 0.236782 0.603234 -0.438566 -0.834816 -0.332780 71 21 85
0.174038 0.015337 -0.132031 -0.993127 -0.049032 0.106279 0 121 141
-0.136355 -0.076860 -1.024913 0.916897 0.320968 0.237232 244 168 157
-0.300617 -0.042429 0.532086 0.783918 0.154766 -0.601265 227 147 50
-0.169668 -0.094235 -0.057476 0.978288 -0.096675 -0.183319 252 115 104
0.103507 -0.056903 -0.876944 -0.939765 0.293781 -0.174742 7 164 105
-0.033485 -0.251675 0.049540 0.076897 0.994343 -0.073271 137 254 118
0.326754 0.089177 0.532061 -0.933371 -0.354891 -0.053577 8 82 120
0.062524 0.009789 -0.475947 -0.936451 -0.022663 0.350066 8 124 172
-0.029273 0.175431 -0.605713 -0.806161 -0.587343 0.071644 24 52 136
0.246082 0.220205 0.602976 -0.438566 -0.834816 -0.332780 71 21 85
-0.069793 0.237122 0.006960 0.475381 -0.879703 -0.011677 188 15 126
-0.174143 0.056637 -0.916416 0.925103 -0.366125 0.100682 245 80 140
-0.222731 0.174423 -0.590272 0.842099 -0.537120 -0.048694 234 59 121
0.000363 -0.200144 0.234588 0.669232 0.590562 -0.450959 212 202 70
0.105404 -0.055879 -1.012262 -0.843052 0.537784 -0.007155 20 196 126
0.200621 -0.095568 0.689694 0.015272 0.242815 -0.969952 129 158 3
-0.150715 -0.039789 0.646085 0.419348 -0.001828 -0.907824 180 127 11
-0.133869 0.184730 -0.114540 0.893024 -0.445782 -0.061533 241 70 119
0.253552 0.230172 0.525433 -0.573258 -0.819230 0.015416 54 23 129
-0.180955 0.107431 -0.171548 0.872698 -0.482870 -0.072355 238 65 118
0.174543 -0.044723 -0.050332 -0.986334 0.136104 0.092853 1 144 139
-0.145329 -0.192815 0.556452 0.343629 0.880653 -0.326143 171 239 85
-0.172408 0.013417 0.001075 0.989838 -0.035507 -0.137699 253 122 109
-0.136198 0.209162 0.494542 0.013903 -0.943738 0.330402 129 7 169
0.114358 0.071195 -0.970619 -0.947937 -0.272332 -0.165079 6 92 106
0.022800 0.114598 0.356352 0.972401 -0.215342 0.089805 251 100 138
0.037806 -0.010815 -1.060361 -0.155875 0.245511 0.956780 107 158 249
0.142822 -0.123813 -0.060685 -0.873396 0.465169 0.144209 16 186 145
0.076333 0.236495 0.005116 -0.628721 -0.772025 0.093208 47 29 139
-0.251852 0.055657 -0.394750 0.990792 -0.135317 -0.004521 253 110 126
-0.118903 -0.226297 -0.796829 0.346114 0.937317 0.040531 171 247 132
-0.148811 0.036789 0.646816 0.418008 -0.000987 -0.908443 180 127 11
0.278840 -0.090472 0.322499 -0.864400 0.320539 0.387386 17 168 176
0.066433 -0.069841 -1.040551 -0.155875 0.245511 0.956780 107 158 249
-0.189914 0.008453 -0.123487 0.989838 -0.035507 -0.137699 253 122 109
-0.077400 -0.129539 0.647572 0.283188 0.504084 -0.815907 163 191 23
-0.169208 -0.005486 0.013190 0.977113 0.142441 -0.157987 252 145 107
0.048906 -0.045455 0.697222 0.033842 0.176446 -0.983728 131 149 2
-0.110686 0.134534 -1.004495 0.748488 -0.478915 0.458700 222 66 185
-0.256873 -0.053788 -0.357712 0.904687 0.206546 -0.372667 242 153 79
0.073976 -0.033944 -0.426651 -0.945740 0.047930 0.321369 6 133 168
0.041589 0.246703 -0.168612 -0.669055 -0.741953 0.043260 42 32 133
0.058634 0.150781 -0.895838 -0.905034 -0.362872 -0.221897 12 81 99
-0.230800 -0.161861 -0.647750 0.879978 0.424616 0.212931 239 181 154
0.192398 0.054875 0.101997 -0.975660 -0.201625 0.086228 3 101 138
0.013186 -0.201831 -0.840767 -0.545727 0.836964 -0.040897 57 234 122
0.314242 -0.159626 0.571946 -0.909756 0.393415 0.132549 11 177 144
-0.001850 -0.233236 -0.357056 -0.606660 0.780196 0.152504 50 226 146
-0.148804 0.211864 -0.676983 0.306099 -0.944958 0.115576 166 7 142
0.025950 0.164800 -0.465470 -0.679670 -0.688591 0.252769 40 39 159
-0.227760 0.059386 -0.798530 0.907945 -0.022365 0.418491 243 124 180
0.173217 0.085127 -0.044294 -0.975660 -0.201625 0.086228 3 101 138
-0.039891 -0.117658 0.667931 0.283188 0.504084 -0.815907 163 191 23
-0.092714 -0.209271 0.518229 -0.084587 0.969552 -0.229815 116 251 98
-0.022036 -0.200968 -0.731468 -0.692700 0.679197 -0.242607 39 214 96
-0.026856 -0.217080 0.601191 0.107120 0.886839 -0.449490 141 240 70
0.076390 -0.080633 -0.789588 -0.940004 0.036805 -0.339172 7 132 84
0.139357 0.058170 -0.253635 -0.909282 -0.185163 0.372721 11 103 175
0.152406 0.156218 0.063461 -0.798507 -0.594023 0.097584 25 51 139
-0.300885 0.124549 0.476376 0.857511 -0.509713 -0.069772 236 62 118
0.000834 -0.040860 0.346270 0.952529 0.256307 0.164304 248 160 148
-0.207907 0.156602 -0.760792 0.825733 -0.513982 0.232351 232 61 157
0.023449 -0.145089 0.377755 0.952529 0.256307 0.164304 248 160 148
0.026461 -0.178922 -0.443806 -0.895057 0.397463 0.202226 13 178 153
0.169126 -0.161129 0.655688 0.020007 0.486225 -0.873605 130 189 16
-0.039433 -0.245392 -0.432397 -0.589045 0.789274 0.173414 52 228 149
-0.097397 -0.033640 0.194653 0.861438 0.041714 -0.506146 237 132 62
-0.321885 -0.108136 0.462147 0.888225 0.397587 -0.230174 240 178 98
-0.022716 0.245798 0.088586 0.461037 -0.822020 -0.334258 186 22 84
0.016539 0.254264 -0.182844 -0.063768 -0.996024 0.062215 119 0 135
0.131796 0.217821 0.172995 -0.753477 -0.585889 0.298341 31 52 165
0.086294 0.213304 -0.119785 -0.628721 -0.772025 0.093208 47 29 139
-0.078838 0.232611 -0.021420 0.475381 -0.879703 -0.011677 188 15 126
-0.002142 -0.025805 0.387884 0.989597 0.141139 -0.027881 253 145 123
-0.017301 0.147905 -0.629671 -0.966640 -0.192383 0.169103 4 102 149
0.090786 -0.231609 0.273086 0.293754 0.929005 -0.225074 164 245 98
0.117035 -0.246411 0.585020 0.140214 0.893294 -0.427044 145 241 73
-0.209577 -0.186520 -0.507121 0.801739 0.591413 -0.086281 229 202 116
0.165907 -0.270356 0.504706 -0.146038 0.967750 0.205264 108 250 153
0.049448 0.227792 -0.239083 -0.673482 -0.710137 0.205250 41 36 153
0.068054 -0.245629 0.474553 0.333395 0.927684 0.168079 170 245 148
-0.178327 -0.156340 -0.818452 0.828831 0.472311 0.299934 233 187 165
-0.171074 -0.232139 -0.476396 0.566299 0.811834 -0.142237 199 231 109
0.102277 -0.084203 -0.319930 -0.893676 0.358151 0.270316 13 173 161
-0.039311 0.230383 0.103604 0.461037 -0.822020 -0.334258 186 22 84
0.040115 -0.181365 -0.891387 -0.789262 0.610522 -0.065792 26 205 119
-0.141591 0.043697 -0.993769 0.722546 0.004976 0.691305 219 128 215
0.229946 -0.052442 0.206897 -0.828152 0.322681 0.458303 21 168 185
-0.127148 0.194650 -0.886230 0.593714 -0.769013 0.236901 203 29 157
-0.143551 -0.031991 -1.034271 0.923028 -0.259977 0.283603 245 94 163
-0.210221 -0.050538 -0.240825 0.925231 0.188049 -0.329524 245 151 85
0.334032 0.005022 0.622905 -0.986301 -0.112760 -0.120398 1 113 112
-0.035953 -0.230291 -0.781281 -0.606544 0.766576 -0.210870 50 225 100
-0.019805 0.203482 0.505678 0.352217 -0.911159 0.213852 172 11 154
-0.155590 0.209729 0.529585 0.031678 -0.985205 -0.168429 131 1 106
0.042418 0.253702 -0.079576 -0.440309 -0.897711 0.015617 71 13 129
-0.224247 -0.027927 0.605633 0.604727 0.027692 -0.795951 204 131 26
0.345362 -0.002321 0.444594 -0.981345 0.190836 0.023323 2 151 130
-0.238585 -0.091122 0.376630 0.055821 0.340950 0.938423 134 170 247
0.148858 0.273547 0.509495 -0.093008 -0.992036 -0.084931 115 1 116
-0.221952 -0.034260 -0.264474 0.925231 0.188049 -0.329524 245 151 85
-0.149500 0.126729 0.079049 0.872698 -0.482870 -0.072355 238 65 118
-0.076423 0.200147 0.126776 0.461037 -0.822020 -0.334258 186 22 84
-0.290813 -0.113594 0.518309 0.613582 0.507353 -0.605070 205 192 50
0.219324 0.206976 0.340392 -0.689575 -0.609124 0.391733 39 49 177
0.141705 -0.174169 0.647802 0.020007 0.486225 -0.873605 130 189 16
-0.215869 0.067299 0.372005 0.158092 -0.215508 0.963620 147 100 250
-0.291429 0.053866 0.387338 0.431669 -0.153435 0.888887 182 107 240
0.047463 -0.245635 -0.026450 -0.773224 0.633411 0.030243 28 208 131
0.133031 0.155224 -0.103025 -0.822399 -0.562505 0.085135 22 55 138
0.290296 0.130500 0.362562 -0.866809 -0.345473 0.359571 16 83 173
0.284497 -0.168722 0.410258 -0.861076 0.362916 0.356146 17 173 172
0.085083 -0.231950 0.146965 -0.310135 0.950554 -0.016247 87 248 125
0.079598 -0.203097 -0.097738 -0.535152 0.834882 0.128782 59 233 143
0.037300 -0.194218 0.440071 0.865340 0.495180 0.077351 237 190 137
0.216285 0.001724 0.157129 -0.934047 0.123318 0.335186 8 143 170
0.173668 0.199646 0.243053 -0.753477 -0.585889 0.298341 31 52 165
-0.009767 -0.130578 0.668594 0.020007 0.486225 -0.873605 130 189 16
-0.056698 -0.259600 -0.381471 -0.153026 0.976323 0.152891 107 251 146
-0.116765 -0.089415 0.417574 -0.243060 0.346500 0.906013 96 171 243
0.016327 0.120118 -0.548490 -0.871975 -0.360542 0.331162 16 81 169
-0.104476 0.238232 -0.597422 -0.495329 -0.859747 0.124432 64 17 143
-0.183323 -0.195420 0.459929 -0.218124 0.865826 0.450297 99 237 184
0.007039 0.098976 -0.680854 -0.828512 -0.181830 -0.529628 21 104 59
0.107416 -0.214887 0.129895 -0.739192 0.665178 0.105517 33 212 140
-0.170680 0.187677 0.442201 0.064857 -0.926925 0.369598 135 9 174
0.081511 -0.128102 -0.992870 -0.741779 0.504605 0.441745 32 191 183
0.031024 0.141571 -1.029720 -0.040180 -0.137700 0.989659 122 109 253
0.268265 -0.105551 0.686526 0.012577 0.464386 -0.885544 129 186 14
0.104227 -0.192167 -0.035673 -0.739192 0.665178 0.105517 33 212 140
-0.063225 -0.147292 0.192932 0.777980 0.412500 -0.473910 226 180 67
0.134309 0.181242 0.666300 -0.077433 -0.517572 -0.852129 117 61 18
-0.247684 -0.090581 -0.520420 0.993818 0.090795 0.063885 254 139 135
-0.182422 0.008650 -0.069681 0.989838 -0.035507 -0.137699 253 122 109
0.018677 0.111165 -1.038984 -0.014678 -0.309147 0.950901 125 88 248
0.228770 -0.236615 0.445190 -0.510213 0.834920 0.206376 62 233 153
0.212311 -0.154395 0.253552 -0.737245 0.568943 0.364383 33 200 173
0.024190 0.174960 -1.002061 -0.374623 -0.783613 0.495589 79 27 190
-0.156453 0.211400 -0.295998 0.667746 -0.666004 -0.332497 212 42 85
-0.212860 -0.168884 -0.416737 0.801739 0.591413 -0.086281 229 202 116
-0.225651 -0.129255 -0.730375 0.827122 0.470166 0.307918 232 187 166
0.085655 0.219192 0.370964 0.636021 -0.707697 0.307640 208 37 166
-0.257116 -0.073711 -0.397678 0.993818 0.090795 0.063885 254 139 135
0.046093 -0.251279 0.056727 -0.773224 0.633411 0.030243 28 208 131
0.100595 0.057813 -0.904069 -0.873194 -0.410215 -0.263165 16 75 93
-0.005071 -0.104197 -0.642411 -0.951688 0.269803 0.146618 6 161 146
-0.204124 -0.093572 -0.808395 0.872467 0.282199 0.398955 238 163 178
0.225247 0.244558 0.556154 -0.447830 -0.881689 -0.148569 70 15 108
-0.244610 0.091717 -0.715753 0.979023 -0.203748 0.000948 252 101 127
-0.067909 -0.259747 -0.228281 0.233607 0.971222 -0.046424 157 251 121
0.058307 -0.242436 0.148521 -0.376179 0.920356 -0.106929 79 244 113
-0.062670 -0.258227 -0.170128 0.233607 0.971222 -0.046424 157 251 121
0.237342 -0.161748 0.317989 -0.731348 0.619013 0.286275 34 206 164
0.064612 -0.238913 0.208775 0.293754 0.929005 -0.225074 164 245 98
0.162305 -0.057505 0.698619 0.015272 0.242815 -0.969952 129 158 3
-0.026655 0.192276 0.645732 0.229595 -0.871355 -0.433621 156 16 72
-0.039539 0.217533 -0.511164 -0.705006 -0.680483 0.199772 37 40 152
0.215729 0.122541 0.222216 -0.686649 -0.559440 0.464264 39 56 186
-0.142562 0.182621 -0.886646 0.593714 -0.769013 0.236901 203 29 157
-0.256744 -0.000785 -0.732310 0.926350 0.042371 0.374272 245 132 175
-0.040446 0.188569 0.476135 0.352217 -0.911159 0.213852 172 11 154
0.081563 -0.042899 -0.402986 -0.945740 0.047930 0.321369 6 133 168
-0.175874 -0.215508 -0.641232 0.313310 0.942377 0.117316 167 247 142
-0.189985 0.019783 0.627888 0.418008 -0.000987 -0.908443 180 127 11
0.035154 0.043697 0.702436 0.062156 -0.075064 -0.995240 135 117 0
-0.233770 -0.103618 -0.336838 0.892491 0.298846 -0.337864 241 165 84
0.077381 0.235102 0.161413 -0.206828 -0.970450 0.124298 101 3 143
0.024259 0.131316 0.368674 0.950733 -0.120051 0.285821 248 112 163
0.238027 -0.179151 0.356814 -0.572293 0.653717 0.495111 54 210 190
-0.242016 -0.084432 -0.703740 0.963476 0.265511 0.034891 250 161 131
-0.089099 0.226604 -0.616556 -0.495329 -0.859747 0.124432 64 17 143
0.015266 0.030066 -0.670067 -0.828512 -0.181830 -0.529628 21 104 59
0.061813 0.227800 -0.180040 -0.669055 -0.741953 0.043260 42 32 133
-0.255314 -0.079187 -0.395143 0.928752 0.365837 -0.059864 245 174 119
-0.095019 -0.186016 0.107031 0.777980 0.412500 -0.473910 226 180 67
-0.280190 -0.076536 0.549938 0.783918 0.154766 -0.601265 227 147 50
0.186213 0.046544 0.012527 -0.975660 -0.201625 0.086228 3 101 138
0.334276 0.002005 0.407295 -0.923768 0.110464 0.366676 9 141 174
0.196677 0.138388 0.198558 -0.840285 -0.485043 0.242186 20 65 158
-0.144285 0.105261 0.629245 0.310156 -0.534296 -0.786341 167 59 27
-0.230674 -0.071345 -0.303843 0.904687 0.206546 -0.372667 242 153 79
0.009745 0.006821 -0.645864 -0.968503 -0.205318 0.140877 4 101 145
0.278338 -0.194481 0.610016 -0.585453 0.599855 -0.545362 52 203 57
-0.003987 0.189429 -0.481428 -0.705006 -0.680483 0.199772 37 40 152
-0.082731 0.237139 -0.810996 0.108213 -0.944173 -0.311170 141 7 87
-0.250547 -0.174613 0.426071 0.075850 0.590716 0.803306 137 202 229
0.286182 -0.200891 0.501836 -0.909756 0.393415 0.132549 11 177 144
-0.176414 0.208383 -0.330042 0.667746 -0.666004 -0.332497 212 42 85
0.125109 -0.116290 -0.184367 -0.837475 0.460464 0.294292 20 186 165
-0.115299 0.163035 0.601422 0.310156 -0.534296 -0.786341 167 59 27
-0.166413 -0.085606 0.383888 -0.392092 0.210012 0.895633 77 154 241
-0.267653 -0.124476 0.532670 0.613582 0.507353 -0.605070 205 192 50
0.032294 -0.176045 0.379739 0.865340 0.495180 0.077351 237 190 137
-0.001234 0.099605 -0.592776 -0.966640 -0.192383 0.169103 4 102 149
-0.196046 -0.186939 -0.721821 0.827122 0.470166 0.307918 232 187 166
0.005580 -0.235316 0.548705 0.364461 0.915564 0.170033 173 244 149
-0.119970 0.095731 -1.016742 0.722546 0.004976 0.691305 219 128 215
0.010291 0.090942 0.334289 0.797390 -0.147870 -0.585067 229 108 52
-0.132755 0.230821 -0.571098 0.451864 -0.875047 0.173525 185 15 149
-0.049936 0.152235 0.223806 0.730887 -0.428768 -0.531001 220 72 59
-0.014679 0.166647 0.260698 0.730887 -0.428768 -0.531001 220 72 59
-0.107873 0.213367 -0.137864 0.547773 -0.836507 0.014149 197 20 129
0.283656 -0.011016 0.288141 -0.870247 0.024615 0.492001 16 130 190
-0.089188 0.241684 -0.260883 0.419406 -0.886100 -0.197295 180 14 102
0.127489 -0.015425 -1.006147 -0.987853 0.043295 -0.149238 1 133 108
-0.087921 0.258400 -0.350012 -0.020333 -0.999685 -0.014695 124 0 125
0.137321 -0.123248 -0.095824 -0.873396 0.465169 0.144209 16 186 145
0.083511 -0.130095 -0.929951 -0.784101 0.616064 -0.075168 27 206 117
-0.245705 0.056978 -0.339170 0.939499 -0.161999 -0.301824 247 106 89
0.190335 0.009323 0.710631 0.031643 0.129405 -0.991087 131 143 1
0.012651 -0.203079 -0.859189 -0.545727 0.836964 -0.040897 57 234 122
-0.077691 0.081046 0.675106 0.358894 -0.130218 -0.924250 173 110 9
-0.000807 -0.178854 -0.730175 -0.692700 0.679197 -0.242607 39 214 96
0.252953 -0.089363 0.692071 0.015272 0.242815 -0.969952 129 158 3
-0.064107 0.257140 -0.297280 -0.020333 -0.999685 -0.014695 124 0 125
-0.067173 -0.210122 0.600460 0.321411 0.641553 -0.696495 168 209 38
-0.147426 0.223745 -0.315231 0.498523 -0.849057 -0.174866 191 19 105
-0.159705 0.228593 -0.376487 0.522813 -0.842762 -0.128138 194 20 111
0.132394 0.210931 0.160974 -0.753477 -0.585889 0.298341 31 52 165
0.028925 0.068949 0.700143 0.062156 -0.075064 -0.995240 135 117 0
-0.174787 -0.150155 -0.252673 0.841131 0.523750 -0.134852 234 194 110
-0.158563 -0.160044 -0.204736 0.861585 0.430366 -0.269178 237 182 93
0.139114 0.193019 0.142769 -0.753477 -0.585889 0.298341 31 52 165
0.050688 -0.167890 -0.893171 -0.789262 0.610522 -0.065792 26 205 119
0.012736 0.069371 -0.679603 -0.828512 -0.181830 -0.529628 21 104 59
-0.141037 -0.063217 0.116193 0.969835 0.175519 -0.169157 251 149 105
-0.245757 0.087402 -0.398365 0.947686 -0.313801 -0.058490 248 87 120
-0.041650 -0.191877 -0.995527 -0.053766 0.610388 0.790276 120 205 228
-0.255418 -0.177910 0.490266 0.611217 0.582996 -0.535285 205 201 59
0.021968 0.188390 -0.897372 -0.607444 -0.793757 -0.031002 50 26 123
-0.239634 -0.021195 -0.772347 0.926350 0.042371 0.374272 245 132 175
0.270685 -0.205304 0.438150 -0.562566 0.785015 0.259368 55 227 160
-0.028508 0.228428 -0.802529 -0.668689 -0.714200 -0.206815 42 36 101
-0.088264 -0.246977 -0.103697 0.348563 0.935331 -0.060504 171 246 119
0.258051 0.002444 0.242788 -0.850049 0.091531 0.518689 19 139 193
0.036160 0.084396 0.699429 0.062156 -0.075064 -0.995240 135 117 0
-0.013627 -0.129067 -1.034466 -0.144313 0.314236 0.938312 109 167 247
0.053682 0.196693 0.385309 0.636021 -0.707697 0.307640 208 37 166
-0.027225 -0.219525 0.533992 0.364461 0.915564 0.170033 173 244 149
0.347041 0.001093 0.487278 -0.981345 0.190836 0.023323 2 151 130
0.156560 -0.107062 -0.029218 -0.908908 0.400083 0.117556 11 178 142
0.018703 -0.175626 0.644174 0.020007 0.486225 -0.873605 130 189 16
-0.012634 0.253421 -0.033850 0.059466 -0.998020 -0.020471 135 0 124
0.007801 -0.047913 -1.055730 -0.155875 0.245511 0.956780 107 158 249
-0.179504 0.028243 -0.053755 0.989838 -0.035507 -0.137699 253 122 109
0.074388 0.067122 -0.440499 -0.936451 -0.022663 0.350066 8 124 172
-0.250820 0.061905 -0.709538 0.979023 -0.203748 0.000948 252 101 127
-0.259984 -0.019807 -0.536406 0.999973 0.007346 0.000730 254 128 127
0.059712 0.147892 -0.999660 -0.715882 -0.680683 0.155511 36 40 147
-0.121952 -0.181905 -0.944876 0.745369 0.643239 0.175122 222 209 149
-0.240757 -0.132493 -0.568611 0.993818 0.090795 0.063885 254 139 135
0.222496 0.061550 0.710934 0.012069 -0.258614 -0.965905 129 94 4
-0.004023 -0.097235 -0.648421 -0.951688 0.269803 0.146618 6 161 146
-0.035224 -0.182475 -1.002352 -0.053766 0.610388 0.790276 120 205 228
-0.308232 -0.031894 0.524869 0.783918 0.154766 -0.601265 227 147 50
-0.048198 -0.258055 -0.382827 -0.153026 0.976323 0.152891 107 251 146
-0.123681 0.254734 -0.401434 0.522813 -0.842762 -0.128138 194 20 111
-0.001094 -0.048370 0.423925 0.250504 0.103310 0.962588 159 140 250
0.244004 0.205055 0.388922 -0.750722 -0.547291 0.369985 31 57 174
-0.140433 0.156071 -0.917113 0.844872 -0.271208 0.461127 235 92 186
-0.182404 -0.138869 -0.256348 0.841131 0.523750 -0.134852 234 194 110
-0.244864 0.107656 -0.495413 0.997372 -0.070245 0.017756 254 118 129
-0.021506 0.223729 -0.845167 -0.673376 -0.735628 0.073598 41 33 136
-0.021364 -0.236853 -0.409885 -0.589045 0.789274 0.173414 52 228 149
0.172670 0.077788 -0.067644 -0.975660 -0.201625 0.086228 3 101 138
0.057038 0.236300 0.506859 0.453436 -0.863924 0.219160 185 17 155
-0.066216 -0.250530 -0.031600 0.348563 0.935331 -0.060504 171 246 119
0.293156 -0.194793 0.531601 -0.909756 0.393415 0.132549 11 177 144
0.121266 -0.192755 0.087399 -0.739192 0.665178 0.105517 33 212 140
0.211609 -0.182751 0.297665 -0.731348 0.619013 0.286275 34 206 164
-0.206530 -0.112508 -0.789738 0.872467 0.282199 0.398955 238 163 178
0.014189 0.138174 0.326250 0.847391 -0.267735 -0.458527 235 93 69
-0.004204 -0.104962 -0.635382 -0.951688 0.269803 0.146618 6 161 146
0.271659 0.217076 0.543069 -0.839469 -0.538517 0.072747 20 58 136
0.284316 -0.205044 0.555465 -0.785105 0.617380 -0.049524 27 206 121
-0.039949 0.251774 -0.032924 0.059466 -0.998020 -0.020471 135 0 124
-0.105711 0.045158 0.190414 0.860761 0.087396 -0.501450 237 138 63
0.056325 -0.129191 -0.800563 -0.862321 0.476414 -0.171561 17 188 105
0.033842 -0.210287 -0.332479 -0.606660 0.780196 0.152504 50 226 146
0.266597 0.089504 0.697786 -0.646432 -0.279139 -0.710075 45 91 36
-0.083179 0.201611 0.594391 0.242122 -0.873244 -0.422874 158 16 73
-0.105442 0.215360 -0.114125 0.547773 -0.836507 0.014149 197 20 129
-0.137180 -0.247529 -0.429293 0.566299 0.811834 -0.142237 199 231 109
-0.093949 0.184062 0.137183 0.788445 -0.412121 -0.456630 228 74 69
-0.237687 -0.124393 -0.627894 0.993818 0.090795 0.063885 254 139 135
-0.240403 0.153250 0.419441 0.262335 -0.557741 0.787468 160 56 227
-0.166129 -0.119929 -0.109871 0.919570 0.391169 -0.037110 244 177 122
-0.030589 -0.189622 -0.675282 -0.692700 0.679197 -0.242607 39 214 96
-0.227074 -0.049679 0.602728 0.604727 0.027692 -0.795951 204 131 26
0.340241 -0.038608 0.526026 -0.981345 0.190836 0.023323 2 151 130
-0.053138 -0.159537 0.198832 0.777980 0.412500 -0.473910 226 180 67
0.047010 0.151137 -0.407822 -0.892578 -0.390797 0.224906 13 77 156
-0.251002 -0.046555 -0.726777 0.910113 0.226668 0.346867 243 156 171
0.125463 -0.024364 -1.007080 -0.843052 0.537784 -0.007155 20 196 126
-0.187800 0.138938 0.589199 0.310156 -0.534296 -0.786341 167 59 27
-0.179810 -0.110981 -0.858540 0.905044 0.299657 0.301831 242 165 165
-0.078685 0.212949 0.090313 0.507861 -0.807581 -0.299816 192 24 89
0.011523 0.112872 -0.560106 -0.856393 -0.185216 0.481961 18 103 188
-0.162593 0.100071 0.388325 -0.106129 -0.469470 0.876547 113 67 239
-0.016530 -0.219796 0.143807 0.401254 0.892301 -0.206869 178 241 101
0.092490 0.252099 0.495790 0.453436 -0.863924 0.219160 185 17 155
-0.117030 -0.242521 -0.295374 0.594630 0.796688 -0.108177 203 229 113
-0.225305 -0.098120 -0.309613 0.892491 0.298846 -0.337864 241 165 84
-0.007927 0.160538 -1.028662 -0.040180 -0.137700 0.989659 122 109 253
0.095075 -0.147032 -0.246380 -0.917741 0.367460 0.150749 10 174 146
-0.000406 0.067091 0.325739 0.797390 -0.147870 -0.585067 229 108 52
-0.253029 0.189817 0.475476 0.262884 -0.854973 0.447116 161 18 184
-0.009215 -0.201221 0.479339 0.462883 0.524396 0.714666 186 194 218
-0.102471 0.140108 0.631034 0.627236 -0.474717 -0.617429 207 66 48
0.239599 0.004505 0.212185 -0.850049 0.091531 0.518689 19 139 193
0.050307 0.162139 -0.883422 -0.683553 -0.729450 -0.025644 40 34 124
0.075792 -0.012184 -0.780880 -0.907212 -0.047014 -0.418038 11 121 74
-0.008474 -0.062424 0.692204 0.033842 0.176446 -0.983728 131 149 2
0.147105 -0.259763 0.444579 -0.113514 0.967323 0.226717 113 250 156
-0.316412 0.044971 0.507685 0.741374 -0.201295 -0.640191 222 101 45
0.080490 0.072510 -0.397414 -0.925734 -0.349746 0.143856 9 82 145
0.006160 0.035148 0.346019 0.972401 -0.215342 0.089805 251 100 138
0.001396 0.169308 0.279411 0.663735 -0.649576 -0.370819 212 44 80
0.042444 -0.159017 -0.412087 -0.895790 0.397584 0.198715 13 178 152
-0.053515 0.193049 -0.665638 -0.590346 -0.718859 -0.367062 52 35 80
0.132812 -0.267031 0.468431 -0.113514 0.967323 0.226717 113 250 156
-0.127894 0.205638 -0.208432 0.449372 -0.850478 -0.273408 184 19 92
0.033664 0.187455 -0.383010 -0.679670 -0.688591 0.252769 40 39 159
-0.119010 -0.123723 -1.010138 0.759477 0.447324 0.472330 224 184 187
-0.151329 0.182805 -0.864077 0.593714 -0.769013 0.236901 203 29 157
-0.128713 -0.187982 0.587009 0.343629 0.880653 -0.326143 171 239 85
0.151045 -0.077060 -0.161689 -0.873396 0.465169 0.144209 16 186 145
0.099044 0.133170 -0.269371 -0.795109 -0.478583 0.372507 26 66 174
0.233545 -0.244656 0.489529 -0.510213 0.834920 0.206376 62 233 153
-0.222226 0.157216 -0.704683 0.832570 -0.514385 0.205513 233 61 153
-0.119710 -0.108727 -1.023214 0.759477 0.447324 0.472330 224 184 187
-0.058516 -0.258120 -0.146992 0.233607 0.971222 -0.046424 157 251 121
0.089178 0.233221 0.064636 -0.628721 -0.772025 0.093208 47 29 139
0.277809 0.196207 0.459550 -0.839469 -0.538517 0.072747 20 58 136
0.182032 -0.165572 0.209943 -0.704979 0.594181 0.387239 37 203 176
0.312154 0.097173 0.383237 -0.866809 -0.345473 0.359571 16 83 173
-0.186902 0.071178 -0.881902 0.844872 -0.271208 0.461127 235 92 186
0.172559 0.037592 -0.135588 -0.993127 -0.049032 0.106279 0 121 141
0.143989 -0.242211 0.345414 -0.055620 0.996643 0.060077 120 254 135
-0.220518 0.109086 0.391563 0.084457 -0.451476 0.888277 138 69 240
0.024795 -0.118757 -0.521614 -0.900771 0.260163 0.347746 12 160 171
0.033681 -0.180168 0.390615 0.865340 0.495180 0.077351 237 190 137
-0.188749 -0.205588 0.476852 -0.218124 0.865826 0.450297 99 237 184
-0.070472 0.201235 0.602444 0.242122 -0.873244 -0.422874 158 16 73
-0.021949 -0.214792 -0.469644 -0.707184 0.676075 0.206912 37 213 153
-0.218109 -0.093419 -0.777919 0.872467 0.282199 0.398955 238 163 178
0.027704 0.154284 -0.773194 -0.929904 -0.316930 -0.186641 8 87 103
-0.153745 -0.022070 -0.992000 0.923028 -0.259977 0.283603 245 94 163
-0.315832 0.100704 0.466876 0.857511 -0.509713 -0.069772 236 62 118
0.059051 -0.044827 -0.740878 -0.907212 -0.047014 -0.418038 11 121 74
-0.170015 0.036238 0.373130 -0.309841 -0.046521 0.949649 87 121 248
0.002782 -0.195018 0.467017 0.462883 0.524396 0.714666 186 194 218
0.209341 -0.025986 0.706233 0.033842 0.176446 -0.983728 131 149 2
0.141055 0.236865 0.344801 -0.248772 -0.945313 0.210938 95 6 154
0.262047 0.110219 0.285258 -0.836559 -0.316272 0.447372 20 87 184
0.117290 -0.111980 -0.213362 -0.837475 0.460464 0.294292 20 186 165
-0.002141 -0.213357 -0.872129 -0.545727 0.836964 -0.040897 57 234 122
-0.168959 -0.120400 -0.174629 0.861585 0.430366 -0.269178 237 182 93
-0.124555 0.193813 -0.045171 0.893024 -0.445782 -0.061533 241 70 119
0.180861 -0.131370 0.160363 -0.875690 0.358076 0.323957 15 173 168
-0.019265 -0.227068 -0.817562 -0.606544 0.766576 -0.210870 50 225 100
-0.058119 0.212263 0.122225 0.461037 -0.822020 -0.334258 186 22 84
-0.191014 0.204228 -0.617941 0.705472 -0.706070 0.061439 217 37 135
-0.205641 0.093808 -0.832400 0.851945 -0.338637 0.399392 236 84 178
0.176798 0.194799 0.654204 -0.077433 -0.517572 -0.852129 117 61 18
0.273127 0.144417 0.344820 -0.744696 -0.597264 0.297830 32 51 165
-0.114086 -0.157734 0.097259 0.819361 0.413191 -0.397393 231 180 76
-0.259801 -0.055961 -0.422462 0.999973 0.007346 0.000730 254 128 127
0.164851 -0.087590 -0.031386 -0.908908 0.400083 0.117556 11 178 142
-0.182915 0.067674 -0.891268 0.844872 -0.271208 0.461127 235 92 186
-0.205890 0.196012 -0.537157 0.842099 -0.537120 -0.048694 234 59 121
-0.000178 -0.249376 0.095087 0.103143 0.983665 -0.147527 140 252 108
0.163156 -0.262935 0.467760 -0.146038 0.967750 0.205264 108 250 153
0.061334 0.121460 -0.401672 -0.925734 -0.349746 0.143856 9 82 145
-0.227253 -0.192963 0.466871 0.270042 0.942339 0.197672 161 247 152
0.036664 -0.153936 -0.770457 -0.862321 0.476414 -0.171561 17 188 105
0.165930 -0.264583 0.543028 -0.008555 0.986197 -0.165356 126 253 106
-0.223506 0.140296 -0.741429 0.825733 -0.513982 0.232351 232 61 157
0.044147 -0.231600 -0.212382 -0.758982 0.631975 0.156695 30 208 147
0.007392 0.156244 -0.532236 -0.763666 -0.566237 0.310143 30 55 167
0.031466 -0.254699 -0.126799 -0.366742 0.930063 0.021983 80 246 130
-0.065083 -0.218269 -0.575174 -0.453635 0.879026 0.146729 69 239 146
0.069881 -0.051685 -0.439935 -0.969001 0.040843 0.243658 3 132 158
-0.187719 -0.040471 -0.132839 0.977113 0.142441 -0.157987 252 145 107
0.014103 -0.100777 0.362813 0.952529 0.256307 0.164304 248 160 148
-0.158387 -0.218129 -0.667118 0.325905 0.943722 0.056344 169 247 134
0.103296 -0.256004 0.453993 0.355368 0.927208 0.118319 172 245 142
-0.224146 0.147471 -0.370481 0.947686 -0.313801 -0.058490 248 87 120
0.040111 -0.092296 -0.721972 -0.834045 0.267317 -0.482609 21 161 65
0.324907 0.077959 0.629344 -0.986301 -0.112760 -0.120398 1 113 112
-0.083352 -0.129453 0.175418 0.777980 0.412500 -0.473910 226 180 67
0.055371 0.143769 -0.385810 -0.925734 -0.349746 0.143856 9 82 145
0.032170 -0.176653 0.385010 0.865340 0.495180 0.077351 237 190 137
-0.093319 -0.242172 -0.058697 0.786637 0.616114 -0.040071 227 206 122
0.269323 0.059842 0.267341 -0.845706 -0.167483 0.506687 19 106 192
-0.075143 0.257693 -0.319634 -0.020333 -0.999685 -0.014695 124 0 125
0.145516 0.172289 0.104909 -0.798507 -0.594023 0.097584 25 51 139
-0.041496 0.229657 -0.922088 -0.269401 -0.905522 0.327801 93 12 169
0.247228 -0.230865 0.467561 -0.510213 0.834920 0.206376 62 233 153
-0.185973 -0.124758 -0.236054 0.861585 0.430366 -0.269178 237 182 93
0.000164 0.217474 -0.391251 -0.679038 -0.690000 0.250616 40 39 159
-0.177232 -0.193867 -0.762383 0.828831 0.472311 0.299934 233 187 165
-0.199008 0.168658 0.420650 -0.106129 -0.469470 0.876547 113 67 239
-0.006507 0.211602 0.206906 0.444240 -0.862700 -0.241661 184 17 96
-0.172142 0.017139 0.002029 0.989838 -0.035507 -0.137699 253 122 109
-0.154643 -0.015141 0.088068 0.969835 0.175519 -0.169157 251 149 105
-0.224659 0.023357 -0.807185 0.907945 -0.022365 0.418491 243 124 180
0.074493 -0.223707 0.609691 -0.006543 0.658010 -0.752980 126 211 31
-0.010814 -0.206034 -0.769367 -0.682788 0.664116 -0.304550 40 212 88
-0.055911 -0.107134 -1.048407 -0.145324 0.319177 0.936486 108 168 246
0.019336 -0.252740 0.086302 0.103143 0.983665 -0.147527 140 252 108
-0.024828 -0.175063 -1.007369 -0.053766 0.610388 0.790276 120 205 228
-0.090648 0.073954 0.411016 -0.359094 -0.135038 0.923481 81 110 245
0.060759 0.247710 0.093146 -0.440309 -0.897711 0.015617 71 13 129
0.070928 -0.239931 0.105022 -0.535152 0.834882 0.128782 59 233 143
-0.121449 -0.066882 0.150978 0.861438 0.041714 -0.506146 237 132 62
0.274375 -0.154761 0.371559 -0.861076 0.362916 0.356146 17 173 172
-0.139254 -0.248268 -0.487507 0.368521 0.928495 0.045705 174 245 133
-0.100014 -0.201640 0.038875 0.952507 0.266544 -0.147257 248 161 108
-0.176988 0.048568 -0.919618 0.925103 -0.366125 0.100682 245 80 140
-0.174918 0.054012 -0.918838 0.925103 -0.366125 0.100682 245 80 140
-0.010233 0.132120 0.284651 0.847391 -0.267735 -0.458527 235 93 69
0.022749 -0.026666 -0.666317 -0.902292 -0.047082 -0.428547 12 121 72
-0.033635 -0.198663 0.625004 0.335228 0.459936 -0.822241 170 186 22
-0.217286 -0.150948 0.561548 0.613582 0.507353 -0.605070 205 192 50
-0.149111 0.132762 0.407466 -0.106129 -0.469470 0.876547 113 67 239
0.021506 -0.108123 -0.538087 -0.900771 0.260163 0.347746 12 160 171
-0.093781 0.206219 -0.913846 0.464050 -0.840879 0.278533 186 20 163
-0.170874 -0.098997 -0.061404 0.978288 -0.096675 -0.183319 252 115 104
0.077750 0.220222 -0.120114 -0.628721 -0.772025 0.093208 47 29 139
-0.054837 -0.240450 -0.853834 0.242141 0.969263 0.043557 158 251 133
-0.214546 -0.170859 0.544615 0.611217 0.582996 -0.535285 205 201 59
0.169981 0.134359 0.074213 -0.798507 -0.594023 0.097584 25 51 139
0.082065 0.230878 0.418277 0.498821 -0.853585 0.150234 191 18 146
0.221427 0.245427 0.562515 -0.447830 -0.881689 -0.148569 70 15 108
0.010447 -0.262323 -0.048858 0.076897 0.994343 -0.073271 137 254 118
0.026152 0.244227 -0.232606 -0.104338 -0.940772 0.322584 114 7 168
0.063463 -0.111070 -0.786116 -0.862321 0.476414 -0.171561 17 188 105
-0.140030 0.198815 -0.218065 0.695872 -0.685118 -0.215351 216 40 100
-0.246486 -0.104255 -0.519621 0.993818 0.090795 0.063885 254 139 135
-0.198327 0.172971 0.423043 -0.106129 -0.469470 0.876547 113 67 239
0.104241 -0.209644 0.074601 -0.739192 0.665178 0.105517 33 212 140
-0.255022 0.041093 -0.653629 0.990792 -0.135317 -0.004521 253 110 126
-0.181109 -0.116079 -0.206606 0.861585 0.430366 -0.269178 237 182 93
-0.157440 0.090852 0.065194 0.985660 -0.082507 -0.147197 253 116 108
0.064171 -0.090790 -0.440577 -0.900698 0.260150 0.347945 12 160 171
-0.052258 0.192410 -0.635729 -0.627521 -0.739938 0.242300 47 33 158
-0.171652 0.231936 -0.464186 0.451864 -0.875047 0.173525 185 15 149
-0.218623 -0.100324 -0.293911 0.892491 0.298846 -0.337864 241 165 84
-0.224935 -0.067980 -0.288311 0.900982 0.191976 -0.389071 242 151 77
-0.155392 0.109767 -0.916938 0.844872 -0.271208 0.461127 235 92 186
-0.086612 -0.258625 -0.315005 0.050478 0.997118 -0.056629 133 254 120
-0.199577 0.168040 -0.765096 0.825733 -0.513982 0.232351 232 61 157
-0.181138 0.121092 -0.861533 0.851945 -0.338637 0.399392 236 84 178
-0.173732 -0.187840 -0.778721 0.655120 0.641122 0.399725 211 209 178
0.099383 -0.200807 -0.015136 -0.739192 0.665178 0.105517 33 212 140
0.261304 -0.225747 0.591018 -0.190031 0.748676 -0.635116 103 222 46
-0.044736 0.242895 -0.815248 0.108213 -0.944173 -0.311170 141 7 87
-0.044580 0.198677 0.183058 0.444240 -0.862700 -0.241661 184 17 96
-0.033618 -0.008362 0.701036 0.033842 0.176446 -0.983728 131 149 2
-0.166906 0.109616 0.392915 -0.106129 -0.469470 0.876547 113 67 239
0.290290 -0.017635 0.697586 -0.772750 -0.060007 -0.631868 28 119 46
0.265765 0.057717 0.260699 -0.845706 -0.167483 0.506687 19 106 192
0.001761 0.076550 -0.601881 -0.966640 -0.192383 0.169103 4 102 149
0.027410 -0.150805 0.363706 0.952529 0.256307 0.164304 248 160 148
-0.257594 0.016117 0.581741 0.727738 0.025199 -0.685393 220 130 40
0.335745 -0.032449 0.643403 -0.772750 -0.060007 -0.631868 28 119 46
-0.258547 -0.137960 0.399874 0.075850 0.590716 0.803306 137 202 229
-0.162611 -0.135587 -0.887520 0.911143 0.291555 0.291228 243 164 164
-0.207265 -0.172184 0.551487 0.611217 0.582996 -0.535285 205 201 59
-0.183731 -0.220185 -0.582673 0.313310 0.942377 0.117316 167 247 142
0.026234 -0.120043 -0.713360 -0.834045 0.267317 -0.482609 21 161 65
-0.078560 -0.002782 0.229256 0.861438 0.041714 -0.506146 237 132 62
0.044429 0.254092 -0.000439 -0.440309 -0.897711 0.015617 71 13 129
0.141269 -0.193801 0.166388 -0.746130 0.629066 0.218096 32 207 155
0.015752 -0.187559 0.274831 0.706938 0.651510 -0.275270 217 210 92
-0.228318 0.117660 0.396662 0.084457 -0.451476 0.888277 138 69 240
0.080029 0.209165 0.653979 -0.071535 -0.737819 -0.671197 118 33 41
-0.017892 -0.218921 -0.453014 -0.621037 0.690601 0.370652 48 215 174
0.073965 -0.254378 0.511120 0.333395 0.927684 0.168079 170 245 148
0.065420 0.087322 -0.819743 -0.905034 -0.362872 -0.221897 12 81 99
0.189489 -0.046459 0.701812 0.015272 0.242815 -0.969952 129 158 3
-0.165227 -0.233094 -0.528399 0.313310 0.942377 0.117316 167 247 142
-0.061370 0.207549 -0.681403 -0.590346 -0.718859 -0.367062 52 35 80
-0.232220 0.169199 0.527996 0.643438 -0.527015 -0.555196 209 60 56
0.297866 0.167538 0.478771 -0.839469 -0.538517 0.072747 20 58 136
-0.081226 0.108943 0.212858 0.721724 -0.272510 -0.636281 219 92 46
0.181938 0.027203 -0.052735 -0.993127 -0.049032 0.106279 0 121 141
0.089343 -0.252682 0.562810 0.140214 0.893294 -0.427044 145 241 73
-0.212152 0.169955 -0.359340 0.835273 -0.546863 -0.057093 233 57 120
0.020051 -0.230196 -0.282379 -0.599433 0.789403 0.132374 51 228 144
-0.060381 -0.103877 0.438232 -0.243060 0.346500 0.906013 96 171 243
-0.185759 -0.003403 -0.898866 0.896326 0.120341 0.426752 241 142 181
-0.195523 0.042241 -0.880354 0.938325 -0.032585 0.344215 247 123 171
-0.052937 -0.233858 -0.903161 0.435810 0.860684 0.263234 183 237 161
0.231011 -0.005539 0.199884 -0.850049 0.091531 0.518689 19 139 193
0.308090 0.014357 0.335093 -0.939540 0.080994 0.332724 7 137 169
0.010645 -0.254875 0.052424 0.076897 0.994343 -0.073271 137 254 118
0.042103 0.253582 0.126225 0.180172 -0.971576 -0.153552 150 3 107
-0.189308 0.032643 -0.125367 0.989838 -0.035507 -0.137699 253 122 109
-0.134132 0.208326 -0.229263 0.695872 -0.685118 -0.215351 216 40 100
0.077423 -0.216356 -0.020819 -0.535152 0.834882 0.128782 59 233 143
-0.095174 0.225224 -0.661650 -0.590346 -0.718859 -0.367062 52 35 80
-0.161922 -0.104201 -0.010888 0.978288 -0.096675 -0.183319 252 115 104
-0.070317 -0.163256 0.167393 0.777980 0.412500 -0.473910 226 180 67
0.089225 0.080598 -0.348234 -0.847667 -0.307004 0.432677 19 88 182
0.005132 0.241523 -0.319161 -0.664935 -0.684894 0.297963 42 40 165
-0.225216 0.009029 -0.806741 0.907945 -0.022365 0.418491 243 124 180
-0.320515 -0.078355 0.495253 0.871586 0.176095 -0.457525 238 149 69
0.080719 0.233735 0.011834 -0.628721 -0.772025 0.093208 47 29 139
-0.185046 -0.218204 -0.595075 0.313310 0.942377 0.117316 167 247 142
-0.149915 0.150014 -0.081348 0.872698 -0.482870 -0.072355 238 65 118
0.023154 -0.244572 -0.212531 -0.462275 0.846447 0.264251 68 235 161
-0.082786 0.229732 0.034753 0.475381 -0.879703 -0.011677 188 15 126
0.045433 -0.167827 -0.380985 -0.895790 0.397584 0.198715 13 178 152
-0.101483 -0.258692 -0.329423 0.050478 0.997118 -0.056629 133 254 120
0.149924 -0.078603 -0.163501 -0.873396 0.465169 0.144209 16 186 145
-0.298548 -0.116772 0.412118 0.574156 0.410561 0.708368 200 179 217
0.013242 0.062689 0.699635 0.062156 -0.075064 -0.995240 135 117 0
0.307125 0.135753 0.617588 -0.548609 -0.550783 -0.629020 57 57 47
0.062747 -0.048019 -0.468920 -0.969001 0.040843 0.243658 3 132 158
0.074287 0.210878 -0.216099 -0.673482 -0.710137 0.205250 41 36 153
0.005910 0.196469 -0.433084 -0.679670 -0.688591 0.252769 40 39 159
-0.144458 0.239402 -0.385368 0.522813 -0.842762 -0.128138 194 20 111
-0.118789 -0.147323 -0.988142 0.759477 0.447324 0.472330 224 184 187
-0.167738 -0.116985 -0.118701 0.919570 0.391169 -0.037110 244 177 122
0.080060 -0.233362 0.160252 -0.310135 0.950554 -0.016247 87 248 125
-0.000402 -0.204387 -0.450789 -0.621037 0.690601 0.370652 48 215 174
-0.164562 -0.200142 -0.314366 0.806999 0.493282 -0.324693 230 190 86
0.183761 -0.217171 0.300947 -0.731348 0.619013 0.286275 34 206 164
0.321972 -0.123982 0.519212 -0.909756 0.393415 0.132549 11 177 144
0.187165 0.005536 0.008825 -0.983240 0.160931 0.085673 2 148 138
0.190506 -0.039173 0.111102 -0.986334 0.136104 0.092853 1 144 139
-0.060570 -0.227885 0.083700 0.476479 0.747303 -0.463148 188 222 68
0.134194 -0.009870 0.706333 0.031643 0.129405 -0.991087 131 143 1
-0.347048 -0.069800 0.431266 0.888225 0.397587 -0.230174 240 178 98
-0.014750 -0.012690 0.326342 0.797688 -0.147631 -0.584721 229 108 52
-0.158864 0.210295 -0.663169 0.306099 -0.944958 0.115576 166 7 142
0.336974 0.010653 0.593528 -0.986301 -0.112760 -0.120398 1 113 112
-0.119013 -0.197106 -0.075805 0.952507 0.266544 -0.147257 248 161 108
-0.216886 -0.177618 -0.514014 0.801739 0.591413 -0.086281 229 202 116
0.057843 -0.077968 -0.746551 -0.875237 0.271076 -0.400598 15 162 76
-0.260686 -0.124233 0.539939 0.613582 0.507353 -0.605070 205 192 50
0.216097 0.038994 0.153634 -0.919036 -0.193003 0.343689 10 102 171
0.070327 0.086144 -0.428213 -0.892578 -0.390797 0.224906 13 77 156
0.211276 0.010868 0.139808 -0.934047 0.123318 0.335186 8 143 170
0.152176 0.219780 0.251928 -0.434127 -0.893055 0.118266 72 13 142
-0.133133 -0.147316 0.615163 0.393793 0.508293 -0.765875 177 192 29
-0.098292 0.085144 0.409680 -0.359094 -0.135038 0.923481 81 110 245
0.119795 -0.156168 -0.095782 -0.873396 0.465169 0.144209 16 186 145
0.122638 -0.087255 -0.236827 -0.837475 0.460464 0.294292 20 186 165
0.006334 0.109944 0.324094 0.797390 -0.147870 -0.585067 229 108 52
0.014354 0.215859 -0.357573 -0.664935 -0.684894 0.297963 42 40 165
-0.312041 -0.080966 0.507272 0.783918 0.154766 -0.601265 227 147 50
-0.253970 -0.144006 0.528845 0.611217 0.582996 -0.535285 205 201 59
-0.132489 -0.168052 -0.933012 0.870623 0.317375 0.375883 238 167 175
0.172061 0.113952 0.695920 0.009672 -0.374443 -0.927199 128 79 9
-0.012254 -0.176393 0.464560 0.591779 0.365412 0.718521 202 174 219
-0.177940 0.100084 -0.086157 0.872698 -0.482870 -0.072355 238 65 118
0.143065 -0.251629 0.407851 -0.113514 0.967323 0.226717 113 250 156
0.184124 0.080836 0.069084 -0.975660 -0.201625 0.086228 3 101 138
-0.024588 0.144651 -1.031549 -0.040180 -0.137700 0.989659 122 109 253
0.199073 0.001773 0.111772 -0.904117 0.189882 0.382777 12 151 176
-0.005137 -0.180314 -1.001974 -0.053766 0.610388 0.790276 120 205 228
-0.050939 0.249443 -0.209114 0.547773 -0.836507 0.014149 197 20 129
0.248404 0.002459 0.226977 -0.850049 0.091531 0.518689 19 139 193
0.077210 -0.171377 0.647879 0.020007 0.486225 -0.873605 130 189 16
0.174115 0.257078 0.434738 -0.252725 -0.918578 0.303883 95 10 166
-0.230432 -0.146808 -0.428700 0.801739 0.591413 -0.086281 229 202 116
0.074527 -0.098855 -0.806298 -0.837727 0.480842 -0.258852 20 188 94
-0.207286 0.189624 -0.490839 0.842099 -0.537120 -0.048694 234 59 121
0.004880 0.202036 -0.911954 -0.607444 -0.793757 -0.031002 50 26 123
0.002127 0.122061 -1.035697 -0.014678 -0.309147 0.950901 125 88 248
0.265674 0.217639 0.478168 -0.839469 -0.538517 0.072747 20 58 136
-0.121197 -0.237667 -0.615899 0.367610 0.920090 0.135265 174 244 144
0.107000 0.027488 -0.338994 -0.953676 -0.030678 0.299266 5 123 165
-0.335044 0.071925 0.441003 0.857511 -0.509713 -0.069772 236 62 118
-0.074420 0.115204 0.217896 0.721724 -0.272510 -0.636281 219 92 46
-0.153190 0.165734 0.427267 -0.169861 -0.551577 0.816646 105 57 231
-0.240755 -0.138002 -0.560822 0.993818 0.090795 0.063885 254 139 135
0.340144 0.004116 0.421442 -0.923768 0.110464 0.366676 9 141 174
-0.245780 -0.105243 -0.529212 0.993818 0.090795 0.063885 254 139 135
0.335428 0.027009 0.402664 -0.923768 0.110464 0.366676 9 141 174
0.168878 0.072413 -0.123120 -0.975660 -0.201625 0.086228 3 101 138
0.014255 -0.198914 0.462445 0.462883 0.524396 0.714666 186 194 218
-0.140776 0.052782 -0.994686 0.722546 0.004976 0.691305 219 128 215
-0.031144 0.084131 0.439050 0.500029 -0.239284 0.832295 191 96 233
0.267453 0.131434 0.672856 -0.645152 -0.435892 -0.627516 45 71 47
-0.158684 -0.116755 0.013013 0.978288 -0.096675 -0.183319 252 115 104
-0.025431 -0.264883 -0.121992 0.233607 0.971222 -0.046424 157 251 121
-0.064345 0.188436 0.632381 0.242122 -0.873244 -0.422874 158 16 73
0.154035 0.270221 0.542672 -0.093008 -0.992036 -0.084931 115 1 116
0.004383 0.068702 -0.595823 -0.966640 -0.192383 0.169103 4 102 149
0.288397 0.198153 0.567120 -0.760120 -0.632430 0.149167 30 46 146
-0.052718 -0.216535 0.110091 0.476479 0.747303 -0.463148 188 222 68
0.158142 -0.139175 0.667329 0.012577 0.464386 -0.885544 129 186 14
0.051438 0.221611 -0.253941 -0.673482 -0.710137 0.205250 41 36 153
-0.130557 -0.096865 0.649309 0.283188 0.504084 -0.815907 163 191 23
0.330780 0.019927 0.635586 -0.986301 -0.112760 -0.120398 1 113 112
-0.128605 0.044560 0.656129 0.419348 -0.001828 -0.907824 180 127 11
-0.272621 -0.029444 0.564111 0.727738 0.025199 -0.685393 220 130 40
-0.120983 0.152219 0.119242 0.788445 -0.412121 -0.456630 228 74 69
-0.085136 -0.010109 -1.069823 -0.048281 0.049662 0.997598 121 133 254
-0.098663 -0.228425 -0.838138 0.450376 0.858685 0.244586 184 236 158
-0.162295 0.032181 -0.967350 0.929284 -0.043747 0.366766 245 121 174
-0.209875 -0.058592 0.615485 0.604727 0.027692 -0.795951 204 131 26
-0.065451 0.192007 0.624374 0.242122 -0.873244 -0.422874 158 16 73
0.023151 -0.181909 0.307206 0.706938 0.651510 -0.275270 217 210 92
0.130655 -0.164563 -0.002925 -0.873396 0.465169 0.144209 16 186 145
0.076845 -0.232245 0.252263 0.293754 0.929005 -0.225074 164 245 98
-0.197048 -0.199905 0.503779 0.350817 0.840915 -0.412056 172 234 74
0.070761 -0.010662 -0.443311 -0.969001 0.040843 0.243658 3 132 158
0.176975 0.095913 0.023439 -0.975660 -0.201625 0.086228 3 101 138
-0.229543 0.130379 -0.366223 0.947686 -0.313801 -0.058490 248 87 120
-0.175574 0.217557 -0.559535 0.306099 -0.944958 0.115576 166 7 142
0.084506 -0.163229 -0.271241 -0.917741 0.367460 0.150749 10 174 146
0.001027 0.139876 0.300932 0.847391 -0.267735 -0.458527 235 93 69
-0.134242 0.161635 0.047358 0.893024 -0.445782 -0.061533 241 70 119
-0.124380 -0.124556 0.110533 0.819361 0.413191 -0.397393 231 180 76
0.082807 0.228122 0.400158 0.498821 -0.853585 0.150234 191 18 146
-0.038651 0.254182 -0.146546 0.059466 -0.998020 -0.020471 135 0 124
-0.187550 0.037368 -0.113949 0.989838 -0.035507 -0.137699 253 122 109
-0.184933 0.136877 -0.840055 0.851945 -0.338637 0.399392 236 84 178
-0.143489 0.144100 0.040192 0.893024 -0.445782 -0.061533 241 70 119
-0.171205 -0.056301 -0.049596 0.969835 0.175519 -0.169157 251 149 105
-0.038821 -0.185440 -0.651848 -0.505709 0.837844 0.205610 63 234 153
0.038165 0.177480 0.330909 0.663735 -0.649576 -0.370819 212 44 80
-0.259857 -0.026715 -0.640338 0.999973 0.007346 0.000730 254 128 127
-0.101596 0.206530 0.497710 -0.208158 -0.904763 0.371584 100 12 174
-0.157103 -0.069156 -0.959502 0.870623 0.317375 0.375883 238 167 175
-0.000327 0.204187 -0.864991 -0.607444 -0.793757 -0.031002 50 26 123
-0.053629 0.257511 -0.337021 -0.020333 -0.999685 -0.014695 124 0 125
-0.248295 0.177508 0.501478 0.643438 -0.527015 -0.555196 209 60 56
-0.089513 0.018509 0.403350 -0.359094 -0.135038 0.923481 81 110 245
-0.217557 0.174200 -0.658248 0.705472 -0.706070 0.061439 217 37 135
-0.110680 -0.196226 -0.020312 0.952507 0.266544 -0.147257 248 161 108
-0.054598 0.142338 0.456101 -0.513746 -0.324961 0.794018 61 86 228
-0.037952 0.037042 0.282132 0.797688 -0.147631 -0.584721 229 108 52
0.004025 0.135499 -0.564136 -0.871975 -0.360542 0.331162 16 81 169
-0.131076 0.110114 0.139816 0.788445 -0.412121 -0.456630 228 74 69
-0.165124 -0.069222 0.380611 -0.392092 0.210012 0.895633 77 154 241
0.030309 0.156640 0.344968 0.797390 -0.147870 -0.585067 229 108 52
-0.049110 -0.263804 -0.225559 0.173889 0.984306 0.030076 149 252 131
0.315450 0.089200 0.384653 -0.907529 -0.283513 0.309857 11 91 167
0.049806 0.231217 0.501786 0.453436 -0.863924 0.219160 185 17 155
-0.022630 -0.162643 -0.653350 -0.824139 0.237023 -0.514407 22 157 61
-0.177176 0.200875 -0.691686 0.306099 -0.944958 0.115576 166 7 142
0.097203 0.231715 0.327159 0.599306 -0.683168 -0.417270 203 40 74
0.231261 0.192483 0.338870 -0.689575 -0.609124 0.391733 39 49 177
-0.161982 0.080608 0.040521 0.985660 -0.082507 -0.147197 253 116 108
-0.057972 0.044660 0.419438 -0.359094 -0.135038 0.923481 81 110 245
0.056802 -0.076208 -0.470555 -0.900698 0.260150 0.347945 12 160 171
0.214093 0.053385 0.156359 -0.919036 -0.193003 0.343689 10 102 171
-0.053528 -0.220619 -0.547034 -0.323847 0.906906 0.269526 86 243 161
0.042436 0.228596 0.236210 0.444240 -0.862700 -0.241661 184 17 96
-0.021938 -0.175480 -0.568886 -0.782761 0.500121 0.370357 27 191 174
-0.215775 -0.181956 -0.533425 0.801739 0.591413 -0.086281 229 202 116
-0.068159 -0.258605 -0.298192 0.050478 0.997118 -0.056629 133 254 120
0.125544 0.232168 0.247713 -0.434127 -0.893055 0.118266 72 13 142
0.113956 0.060923 -0.313402 -0.953676 -0.030678 0.299266 5 123 165
-0.136853 -0.185348 0.463237 -0.231792 0.869421 0.436325 97 238 183
-0.178439 0.099030 -0.085144 0.872698 -0.482870 -0.072355 238 65 118
0.272508 0.214696 0.535246 -0.839469 -0.538517 0.072747 20 58 136
0.011522 -0.249659 -0.216583 -0.462275 0.846447 0.264251 68 235 161
-0.202939 -0.203124 -0.610679 0.733697 0.679458 -0.005098 221 214 126
-0.158840 0.045772 0.081087 0.985660 -0.082507 -0.147197 253 116 108
-0.130427 0.206819 0.551340 0.031678 -0.985205 -0.168429 131 1 106
0.111700 -0.265041 0.495122 0.333395 0.927684 0.168079 170 245 148
-0.165391 0.096971 0.622721 0.486475 -0.369154 -0.791875 189 80 26
0.133948 -0.241071 0.317211 -0.055620 0.996643 0.060077 120 254 135
-0.037258 -0.211588 0.139009 0.401254 0.892301 -0.206869 178 241 101
0.178315 0.110961 0.073796 -0.975660 -0.201625 0.086228 3 101 138
-0.153107 0.143098 0.412518 -0.106129 -0.469470 0.876547 113 67 239
-0.193685 -0.156274 -0.776116 0.828831 0.472311 0.299934 233 187 165
0.037288 -0.194107 0.439490 0.865340 0.495180 0.077351 237 190 137
-0.003872 -0.139054 -0.672534 -0.824139 0.237023 -0.514407 22 157 61
0.138611 0.157003 -0.044640 -0.798507 -0.594023 0.097584 25 51 139
-0.024303 -0.227647 0.580950 0.107120 0.886839 -0.449490 141 240 70
0.013698 0.188289 -0.434427 -0.679670 -0.688591 0.252769 40 39 159
-0.117726 -0.191476 -0.046564 0.759104 0.640650 -0.115453 224 209 112
-0.061396 -0.254045 -0.076229 0.233607 0.971222 -0.046424 157 251 121
-0.126167 -0.110792 0.642228 0.283188 0.504084 -0.815907 163 191 23
0.094430 -0.115014 -0.305051 -0.893676 0.358151 0.270316 13 173 161
-0.165304 0.161930 -0.860682 0.851945 -0.338637 0.399392 236 84 178
-0.190330 -0.154006 -0.308319 0.806999 0.493282 -0.324693 230 190 86
0.270596 -0.016654 0.266718 -0.850049 0.091531 0.518689 19 139 193
-0.118646 0.099141 0.646100 0.627236 -0.474717 -0.617429 207 66 48
-0.221393 -0.110765 -0.310463 0.892491 0.298846 -0.337864 241 165 84
-0.105773 -0.199677 0.005182 0.952507 0.266544 -0.147257 248 161 108
-0.090393 -0.232485 -0.833424 0.242141 0.969263 0.043557 158 251 133
0.065434 -0.037108 -0.755598 -0.907212 -0.047014 -0.418038 11 121 74
0.330582 -0.088742 0.495899 -0.987093 0.158206 0.024885 1 147 130
-0.104113 0.109503 0.410978 -0.359094 -0.135038 0.923481 81 110 245
-0.105640 -0.235024 -0.190673 0.786637 0.616114 -0.040071 227 206 122
0.224882 0.136587 0.252678 -0.686649 -0.559440 0.464264 39 56 186
0.022799 -0.230428 -0.268551 -0.599433 0.789403 0.132374 51 228 144
0.108260 0.004759 0.707415 0.031643 0.129405 -0.991087 131 143 1
0.303100 -0.166559 0.516052 -0.909756 0.393415 0.132549 11 177 144
0.109125 -0.195218 0.017873 -0.739192 0.665178 0.105517 33 212 140
0.098732 -0.210965 0.044336 -0.739192 0.665178 0.105517 33 212 140
-0.011817 0.019916 0.701296 0.062156 -0.075064 -0.995240 135 117 0
-0.043716 -0.254231 -0.402758 -0.153026 0.976323 0.152891 107 251 146
-0.058194 0.197330 0.617537 0.242122 -0.873244 -0.422874 158 16 73
0.005721 0.223628 -0.359249 -0.679038 -0.690000 0.250616 40 39 159
0.197321 -0.098630 0.171166 -0.889712 0.338557 0.306253 14 170 166
-0.249636 -0.071423 -0.592322 0.963476 0.265511 0.034891 250 161 131
-0.032333 -0.224679 0.117921 0.476479 0.747303 -0.463148 188 222 68
0.189716 0.153060 0.203790 -0.840285 -0.485043 0.242186 20 65 158
0.177220 0.067927 -0.039224 -0.975660 -0.201625 0.086228 3 101 138
0.196445 -0.038433 0.703557 0.033842 0.176446 -0.983728 131 149 2
-0.161757 0.126401 -0.895494 0.844872 -0.271208 0.461127 235 92 186
0.172647 0.266404 0.469615 -0.029216 -0.978251 0.205358 123 2 153
0.104662 0.189300 -0.151918 -0.822399 -0.562505 0.085135 22 55 138
-0.090990 0.208345 0.081871 0.507861 -0.807581 -0.299816 192 24 89
-0.093236 0.170340 -0.986954 0.637243 -0.585431 0.501190 208 52 191
0.092004 -0.221723 0.074568 -0.535152 0.834882 0.128782 59 233 143
0.178596 -0.082811 0.058623 -0.908908 0.400083 0.117556 11 178 142
0.024607 -0.190082 0.291599 0.706938 0.651510 -0.275270 217 210 92
0.335275 -0.071968 0.575399 -0.987093 0.158206 0.024885 1 147 130
0.008670 -0.150748 0.308102 0.852336 0.266920 -0.449752 236 161 70
-0.211120 -0.039423 0.358584 0.003114 -0.088312 0.996088 127 116 254
-0.072572 -0.224934 -0.743304 -0.109779 0.993646 0.024822 113 254 130
-0.145855 -0.120788 -0.941960 0.870623 0.317375 0.375883 238 167 175
-0.100978 -0.238051 -0.145685 0.786637 0.616114 -0.040071 227 206 122
-0.059673 0.004829 0.691871 0.458254 -0.004903 -0.888808 185 126 14
0.089148 -0.229772 0.359190 0.631523 0.735038 0.246776 208 221 158
-0.012429 0.253679 -0.045864 0.059466 -0.998020 -0.020471 135 0 124
-0.250655 0.062641 -0.722412 0.979023 -0.203748 0.000948 252 101 127
-0.112074 -0.149894 0.109560 0.819361 0.413191 -0.397393 231 180 76
0.046741 0.253742 0.044628 -0.440309 -0.897711 0.015617 71 13 129
-0.087725 -0.209191 -0.925804 0.450376 0.858685 0.244586 184 236 158
-0.126268 -0.236882 -0.304622 0.594630 0.796688 -0.108177 203 229 113
0.057167 0.067450 -1.052602 -0.014678 -0.309147 0.950901 125 88 248
0.240466 0.215940 0.621076 -0.438566 -0.834816 -0.332780 71 21 85
0.010131 0.150377 -0.531860 -0.871975 -0.360542 0.331162 16 81 169
-0.245267 -0.008827 -0.759807 0.926350 0.042371 0.374272 245 132 175
-0.056340 -0.237117 0.073154 0.476479 0.747303 -0.463148 188 222 68
0.119343 -0.253267 0.571436 0.140214 0.893294 -0.427044 145 241 73
-0.343609 0.034584 0.424610 0.661600 -0.319501 0.678384 211 86 213
0.126119 0.045380 -0.276236 -0.953676 -0.030678 0.299266 5 123 165
-0.159172 0.135663 -0.097231 0.872698 -0.482870 -0.072355 238 65 118
-0.159880 0.151690 -0.880934 0.851945 -0.338637 0.399392 236 84 178
-0.071841 0.206431 -0.662370 -0.590346 -0.718859 -0.367062 52 35 80
0.072352 0.248921 0.524928 0.453436 -0.863924 0.219160 185 17 155
0.014664 0.254529 -0.180532 -0.063768 -0.996024 0.062215 119 0 135
0.001819 0.034740 0.392049 0.972401 -0.215342 0.089805 251 100 138
0.078050 -0.201870 -0.161065 -0.773224 0.633411 0.030243 28 208 131
-0.081526 0.020511 0.227632 0.860761 0.087396 -0.501450 237 138 63
0.015348 -0.108497 0.681389 0.012577 0.464386 -0.885544 129 186 14
-0.209883 -0.191495 -0.675098 0.879978 0.424616 0.212931 239 181 154
-0.041502 -0.189570 -0.641613 -0.505709 0.837844 0.205610 63 234 153
-0.099467 0.127438 0.643828 0.627236 -0.474717 -0.617429 207 66 48
-0.126561 -0.170329 0.444680 -0.548333 0.307644 0.777616 57 166 226
-0.128118 -0.178557 -0.930931 0.745369 0.643239 0.175122 222 209 149
-0.204806 -0.198791 0.463991 0.270042 0.942339 0.197672 161 247 152
-0.189781 0.036311 -0.129711 0.989838 -0.035507 -0.137699 253 122 109
-0.297206 0.035622 0.532866 0.741374 -0.201295 -0.640191 222 101 45
-0.125164 0.104561 0.155037 0.788445 -0.412121 -0.456630 228 74 69
-0.019077 0.223909 0.585048 0.242122 -0.873244 -0.422874 158 16 73
-0.241983 -0.016438 -0.302356 0.900982 0.191976 -0.389071 242 151 77
0.093175 -0.103910 -0.926723 -0.948447 0.310275 -0.064633 6 167 119
-0.113449 0.226814 -0.648387 0.306099 -0.944958 0.115576 166 7 142
0.144451 0.231659 0.325479 -0.248772 -0.945313 0.210938 95 6 154
0.279582 -0.213241 0.528321 -0.785105 0.617380 -0.049524 27 206 121
-0.099744 -0.261085 -0.370019 0.050478 0.997118 -0.056629 133 254 120
-0.104042 -0.233033 -0.128680 0.786637 0.616114 -0.040071 227 206 122
0.349513 0.018383 0.449829 -0.981345 0.190836 0.023323 2 151 130
-0.252488 -0.162544 0.417380 0.075850 0.590716 0.803306 137 202 229
-0.278342 -0.024817 0.370063 0.388537 0.227774 0.892837 177 156 241
-0.172188 0.073669 0.629408 0.486475 -0.369154 -0.791875 189 80 26
0.178030 -0.040045 -0.020148 -0.986334 0.136104 0.092853 1 144 139
-0.005140 -0.230073 0.543451 0.364461 0.915564 0.170033 173 244 149
-0.026067 0.252228 -0.014749 0.059466 -0.998020 -0.020471 135 0 124
0.023580 -0.139601 0.664336 0.020007 0.486225 -0.873605 130 189 16
0.177581 -0.223150 0.307718 -0.393012 0.873477 0.287367 77 238 164
-0.028010 -0.237082 0.102356 0.476479 0.747303 -0.463148 188 222 68
-0.236407 0.109810 0.563172 0.644733 -0.316703 -0.695714 209 87 38
-0.085736 0.193470 0.607006 0.627236 -0.474717 -0.617429 207 66 48
-0.118891 0.207429 -0.061613 0.893024 -0.445782 -0.061533 241 70 119
-0.243697 0.039491 0.370351 0.158092 -0.215508 0.963620 147 100 250
-0.061522 0.224035 -0.739559 -0.161924 -0.986579 -0.021031 106 1 124
-0.062017 0.212480 -0.967814 0.506916 -0.841471 0.186985 192 20 151
-0.187555 -0.182020 -0.338502 0.738735 0.525061 -0.422589 221 194 73
-0.081351 0.226768 -0.584579 -0.495329 -0.859747 0.124432 64 17 143
0.005749 0.189553 -0.779571 -0.672273 -0.709145 -0.212517 41 37 100
-0.036650 0.257292 -0.345595 -0.020333 -0.999685 -0.014695 124 0 125
0.148421 0.228457 0.315812 -0.248772 -0.945313 0.210938 95 6 154
0.270733 0.005552 0.264453 -0.870247 0.024615 0.492001 16 130 190
0.276180 -0.218412 0.517803 -0.785105 0.617380 -0.049524 27 206 121
0.276991 -0.044314 0.286185 -0.828152 0.322681 0.458303 21 168 185
-0.207574 -0.134286 0.580336 0.465866 0.422257 -0.777604 186 181 28
-0.153968 0.113242 0.075891 0.985660 -0.082507 -0.147197 253 116 108
-0.050047 0.178949 0.474029 -0.513746 -0.324961 0.794018 61 86 228
0.273804 -0.092115 0.314082 -0.828152 0.322681 0.458303 21 168 185
0.096728 0.115799 -0.308558 -0.847667 -0.307004 0.432677 19 88 182
0.300361 0.134742 0.628153 -0.768725 -0.499138 -0.399903 29 63 76
0.326353 -0.001968 0.651995 -0.772750 -0.060007 -0.631868 28 119 46
-0.030483 -0.166595 0.229879 0.777980 0.412500 -0.473910 226 180 67
0.051721 0.155844 -0.379941 -0.925734 -0.349746 0.143856 9 82 145
-0.101792 0.110583 0.186062 0.730887 -0.428768 -0.531001 220 72 59
-0.016021 -0.219507 0.598984 0.107120 0.886839 -0.449490 141 240 70
0.049270 0.189592 0.378094 0.636021 -0.707697 0.307640 208 37 166
-0.009976 0.253817 -0.045428 0.059466 -0.998020 -0.020471 135 0 124
0.241728 0.080886 0.228237 -0.845706 -0.167483 0.506687 19 106 192
-0.054005 0.076479 0.429532 -0.513746 -0.324961 0.794018 61 86 228
0.187135 -0.251500 0.582852 -0.190031 0.748676 -0.635116 103 222 46
0.283429 -0.118806 0.356811 -0.861076 0.362916 0.356146 17 173 172
0.305805 -0.023502 0.337857 -0.939540 0.080994 0.332724 7 137 169
0.081708 0.170794 -0.258036 -0.795109 -0.478583 0.372507 26 66 174
0.141943 -0.067128 0.695889 0.015272 0.242815 -0.969952 129 158 3
-0.084401 -0.109742 -1.051939 -0.145324 0.319177 0.936486 108 168 246
0.219595 0.087440 0.190194 -0.919036 -0.193003 0.343689 10 102 171
0.065057 0.245063 0.062139 -0.440309 -0.897711 0.015617 71 13 129
0.149075 0.054301 -0.231849 -0.909282 -0.185163 0.372721 11 103 175
0.003854 0.240753 -0.323783 -0.664935 -0.684894 0.297963 42 40 165
0.059593 0.159084 -0.350598 -0.847667 -0.307004 0.432677 19 88 182
0.026357 0.255792 0.051298 0.083692 -0.996457 -0.008368 138 0 126
0.243329 -0.084339 0.253538 -0.828152 0.322681 0.458303 21 168 185
-0.113717 0.240414 -0.572300 0.451864 -0.875047 0.173525 185 15 149
0.169710 0.147586 0.130821 -0.753477 -0.585889 0.298341 31 52 165
0.011185 0.108392 0.402533 0.950733 -0.120051 0.285821 248 112 163
0.133842 -0.240505 0.307720 -0.055620 0.996643 0.060077 120 254 135
0.058092 0.232472 0.245470 0.262537 -0.932287 -0.248828 160 8 95
0.088331 -0.087624 -0.356889 -0.967552 0.100570 0.231796 4 140 157
0.043058 0.243561 -0.199793 -0.669055 -0.741953 0.043260 42 32 133
-0.138126 0.214092 -0.260513 0.695872 -0.685118 -0.215351 216 40 100
-0.009019 -0.229243 -0.402589 -0.589045 0.789274 0.173414 52 228 149
0.114872 -0.223184 0.609797 -0.006543 0.658010 -0.752980 126 211 31
0.131443 -0.190658 0.130354 -0.686595 0.678014 0.262458 39 213 160
0.231516 0.143864 0.680169 -0.077433 -0.517572 -0.852129 117 61 18
0.293711 -0.187448 0.513613 -0.909756 0.393415 0.132549 11 177 144
-0.157521 -0.141936 -0.128531 0.919570 0.391169 -0.037110 244 177 122
-0.257690 0.016732 -0.509285 0.990792 -0.135317 -0.004521 253 110 126
0.116329 0.239668 0.271739 -0.436623 -0.897138 0.067115 71 13 136
0.099599 -0.082537 -0.932345 -0.984731 0.088987 0.149621 1 138 146
0.292364 0.129970 0.367039 -0.866809 -0.345473 0.359571 16 83 173
-0.300576 0.010001 0.384208 0.431669 -0.153435 0.888887 182 107 240
-0.189363 -0.217558 -0.580644 0.733697 0.679458 -0.005098 221 214 126
-0.250605 -0.086048 -0.481423 0.993818 0.090795 0.063885 254 139 135
-0.062603 0.191581 0.492070 -0.418139 -0.902891 -0.099734 74 12 114
-0.039993 0.043635 0.277726 0.757282 -0.106251 -0.644387 224 113 45
-0.066351 -0.155050 -1.025652 -0.053766 0.610388 0.790276 120 205 228
-0.016440 0.139731 -0.658118 -0.828512 -0.181830 -0.529628 21 104 59
0.015057 -0.197828 0.259426 0.669232 0.590562 -0.450959 212 202 70
0.124373 0.113181 0.695734 0.009672 -0.374443 -0.927199 128 79 9
-0.180995 0.008843 0.632037 0.418008 -0.000987 -0.908443 180 127 11
0.146812 0.024910 -0.246153 -0.823398 -0.038906 0.566130 22 122 199
-0.073326 0.236181 -0.126503 0.547773 -0.836507 0.014149 197 20 129
-0.045409 -0.051327 0.267061 0.811850 0.164790 -0.560128 231 148 56
0.108929 0.245147 0.410153 0.498821 -0.853585 0.150234 191 18 146
0.028459 0.231812 0.546895 0.352217 -0.911159 0.213852 172 11 154
0.057959 0.188034 0.342309 0.599306 -0.683168 -0.417270 203 40 74
-0.089705 -0.180643 0.468485 -0.385701 0.469742 0.794089 78 187 228
-0.193749 0.123159 0.593092 0.486475 -0.369154 -0.791875 189 80 26
-0.017964 -0.208477 -0.758662 -0.682788 0.664116 -0.304550 40 212 88
0.288003 -0.018012 0.296179 -0.870247 0.024615 0.492001 16 130 190
-0.056974 0.245155 -0.076316 0.475381 -0.879703 -0.011677 188 15 126
0.065718 0.081692 -0.452035 -0.890045 -0.356245 0.284446 14 82 163
-0.094740 -0.238712 -0.033399 0.786637 0.616114 -0.040071 227 206 122
0.003865 0.248485 0.113610 0.180172 -0.971576 -0.153552 150 3 107
-0.317369 -0.112756 0.471592 0.888225 0.397587 -0.230174 240 178 98
-0.170630 0.084209 -0.019404 0.985660 -0.082507 -0.147197 253 116 108
0.150220 0.132280 -0.100140 -0.798507 -0.594023 0.097584 25 51 139
-0.038780 -0.265321 -0.198328 0.233607 0.971222 -0.046424 157 251 121
0.164672 0.117222 -0.033311 -0.941446 -0.318065 0.111869 7 86 141
0.139007 -0.192399 0.154641 -0.686595 0.678014 0.262458 39 213 160
0.308003 -0.092047 0.677110 -0.720054 -0.060334 -0.691290 35 119 39
0.031959 -0.177794 0.394670 0.865340 0.495180 0.077351 237 190 137
-0.151179 0.146118 -0.070593 0.872698 -0.482870 -0.072355 238 65 118
0.124647 0.062827 -1.015898 -0.947937 -0.272332 -0.165079 6 92 106
-0.013398 -0.237030 -0.382019 -0.589045 0.789274 0.173414 52 228 149
-0.143672 0.114871 0.398542 -0.106129 -0.469470 0.876547 113 67 239
-0.110613 0.246255 -0.550925 0.451864 -0.875047 0.173525 185 15 149
-0.180728 0.162185 -0.827564 0.851945 -0.338637 0.399392 236 84 178
-0.215069 -0.088854 -0.787797 0.872467 0.282199 0.398955 238 163 178
-0.229567 -0.016791 -0.797763 0.926350 0.042371 0.374272 245 132 175
-0.025100 -0.228902 -0.866018 -0.604413 0.795482 0.043516 50 228 133
0.027757 -0.112023 0.679716 0.012577 0.464386 -0.885544 129 186 14
-0.137960 -0.178083 -0.890783 0.745369 0.643239 0.175122 222 209 149
0.133498 -0.181610 0.643473 0.020007 0.486225 -0.873605 130 189 16
0.266296 -0.223307 0.484125 -0.510213 0.834920 0.206376 62 233 153
-0.025545 -0.212613 0.157307 0.401254 0.892301 -0.206869 178 241 101
-0.230461 0.146821 -0.469311 0.947686 -0.313801 -0.058490 248 87 120
0.077220 0.229544 0.283165 0.309391 -0.950338 -0.033677 166 6 123
-0.025714 0.242535 0.092475 0.461037 -0.822020 -0.334258 186 22 84
-0.078966 0.209132 0.572638 0.238406 -0.922720 0.302904 157 9 166
-0.229919 0.143982 -0.445304 0.947686 -0.313801 -0.058490 248 87 120
-0.274340 0.150857 0.496591 0.643438 -0.527015 -0.555196 209 60 56
0.211221 0.219383 0.349209 -0.248772 -0.945313 0.210938 95 6 154
-0.111009 -0.260349 -0.393578 0.594630 0.796688 -0.108177 203 229 113
0.098802 -0.077184 -0.329793 -0.887417 0.127132 0.443090 14 143 183
0.333071 -0.075723 0.511832 -0.987093 0.158206 0.024885 1 147 130
-0.231990 0.122516 -0.363699 0.947686 -0.313801 -0.058490 248 87 120
0.086882 0.234801 0.087551 -0.440309 -0.897711 0.015617 71 13 129
0.287058 -0.080627 0.694795 0.015272 0.242815 -0.969952 129 158 3
0.274820 -0.218878 0.533541 -0.785105 0.617380 -0.049524 27 206 121
-0.320361 0.025681 0.509177 0.741374 -0.201295 -0.640191 222 101 45
-0.189577 0.147874 0.410661 -0.106129 -0.469470 0.876547 113 67 239
0.108031 0.068984 -0.319632 -0.847667 -0.307004 0.432677 19 88 182
-0.007830 -0.189671 -0.503468 -0.707184 0.676075 0.206912 37 213 153
-0.047879 0.124410 0.675842 0.403480 -0.312624 -0.859924 178 87 17
0.065247 0.110787 -0.402440 -0.925734 -0.349746 0.143856 9 82 145
-0.199422 -0.173426 -0.733384 0.827122 0.470166 0.307918 232 187 166
0.167551 0.135227 0.059615 -0.798507 -0.594023 0.097584 25 51 139
0.220941 -0.024836 0.179876 -0.934047 0.123318 0.335186 8 143 170
-0.067313 -0.223865 -0.707341 -0.456604 0.819141 -0.347161 69 231 83
0.118972 0.141445 -0.215433 -0.803488 -0.473255 0.361161 25 67 173
-0.051119 -0.212840 0.549214 0.364461 0.915564 0.170033 173 244 149
-0.072630 -0.096362 0.211144 0.785733 0.279535 -0.551801 227 163 57
-0.223542 -0.119678 -0.747463 0.872467 0.282199 0.398955 238 163 178
0.062415 -0.056826 -0.748274 -0.940004 0.036805 -0.339172 7 132 84
-0.149403 0.112246 0.396443 -0.106129 -0.469470 0.876547 113 67 239
0.155544 -0.232545 0.306136 -0.393012 0.873477 0.287367 77 238 164
-0.071889 0.116283 0.220304 0.721724 -0.272510 -0.636281 219 92 46
-0.025923 -0.241057 -0.406235 -0.589045 0.789274 0.173414 52 228 149
0.069246 0.043283 -1.060272 -0.014678 -0.309147 0.950901 125 88 248
-0.091792 0.229250 -0.751149 -0.161924 -0.986579 -0.021031 106 1 124
-0.150350 -0.212754 -0.298205 0.806999 0.493282 -0.324693 230 190 86
-0.348657 0.009728 0.419360 0.863563 -0.242430 0.442139 237 96 183
-0.006257 0.198299 -0.460813 -0.679670 -0.688591 0.252769 40 39 159
-0.071649 0.036362 -1.067675 -0.026689 -0.046374 0.998568 124 121 254
0.155483 -0.116062 -0.006908 -0.908908 0.400083 0.117556 11 178 142
0.238793 -0.218802 0.410052 -0.572293 0.653717 0.495111 54 210 190
-0.098723 0.235585 -0.592815 -0.495329 -0.859747 0.124432 64 17 143
-0.009232 -0.208255 0.623377 0.140214 0.893294 -0.427044 145 241 73
-0.144133 0.090484 0.115805 0.919400 -0.072261 -0.386629 244 118 78
0.033173 -0.151153 -0.468677 -0.895057 0.397463 0.202226 13 178 153
0.065458 0.036557 -0.466366 -0.936451 -0.022663 0.350066 8 124 172
-0.189226 0.208850 0.499290 0.101961 -0.927839 0.358775 140 9 173
-0.015257 -0.143725 0.661152 0.020007 0.486225 -0.873605 130 189 16
-0.211967 0.132928 0.575171 0.632216 -0.313108 -0.708707 208 87 37
0.010478 -0.222025 0.601043 0.140214 0.893294 -0.427044 145 241 73
0.096188 0.091369 0.701372 0.012069 -0.258614 -0.965905 129 94 4
0.081039 0.252543 0.521233 0.453436 -0.863924 0.219160 185 17 155
-0.241177 -0.100502 -0.607543 0.993818 0.090795 0.063885 254 139 135
-0.250800 0.061909 -0.729429 0.979023 -0.203748 0.000948 252 101 127
-0.001400 -0.093161 0.428811 0.250504 0.103310 0.962588 159 140 250
0.129892 0.029165 -1.020483 -0.991191 0.003568 -0.132395 1 127 110
-0.260026 -0.014465 -0.531535 0.999973 0.007346 0.000730 254 128 127
-0.171396 0.126674 -0.184673 0.872698 -0.482870 -0.072355 238 65 118
0.167689 -0.226846 0.305426 -0.393012 0.873477 0.287367 77 238 164
-0.006796 0.088817 0.311539 0.797390 -0.147870 -0.585067 229 108 52
0.292883 0.062997 0.309536 -0.836559 -0.316272 0.447372 20 87 184
-0.216737 -0.063007 -0.802431 0.872467 0.282199 0.398955 238 163 178
-0.040281 -0.188748 -0.641959 -0.505709 0.837844 0.205610 63 234 153
0.031313 0.205326 -0.343938 -0.664935 -0.684894 0.297963 42 40 165
-0.006385 0.099703 -0.622107 -0.966640 -0.192383 0.169103 4 102 149
-0.182554 -0.195631 0.460708 -0.218124 0.865826 0.450297 99 237 184
-0.235838 0.085460 -0.330281 0.918209 -0.275774 -0.284325 244 92 91
-0.071978 0.145143 0.199193 0.730887 -0.428768 -0.531001 220 72 59
0.062362 0.005881 0.706096 0.031643 0.129405 -0.991087 131 143 1
-0.105435 0.132332 -1.015363 0.748488 -0.478915 0.458700 222 66 185
0.067728 -0.219495 -0.055828 -0.773224 0.633411 0.030243 28 208 131
0.123067 0.090572 -0.273357 -0.834960 -0.511610 0.202723 21 62 153
-0.087309 -0.126873 0.439802 -0.243060 0.346500 0.906013 96 171 243
0.305885 0.104275 0.374946 -0.866809 -0.345473 0.359571 16 83 173
-0.128567 -0.254964 -0.437438 0.566299 0.811834 -0.142237 199 231 109
-0.044070 -0.063541 0.431070 -0.467115 0.067828 0.881591 67 136 239
0.121815 -0.030269 -1.021026 -0.843052 0.537784 -0.007155 20 196 126
0.056277 0.073319 0.701521 0.062156 -0.075064 -0.995240 135 117 0
0.287264 0.148009 0.387370 -0.744696 -0.597264 0.297830 32 51 165
0.115250 0.248660 0.409131 0.498821 -0.853585 0.150234 191 18 146
-0.037471 0.216183 -0.508463 -0.705006 -0.680483 0.199772 37 40 152
-0.111023 0.170065 -0.964658 0.637243 -0.585431 0.501190 208 52 191
0.177994 -0.001925 0.708769 0.031643 0.129405 -0.991087 131 143 1
0.063555 -0.220018 -0.151561 -0.773224 0.633411 0.030243 28 208 131
-0.023877 0.151132 0.259838 0.721724 -0.272510 -0.636281 219 92 46
-0.124986 0.032723 0.155159 0.860761 0.087396 -0.501450 237 138 63
-0.163516 -0.232592 -0.537003 0.313310 0.942377 0.117316 167 247 142
-0.010695 0.161635 -1.028622 -0.040180 -0.137700 0.989659 122 109 253
-0.115385 0.118082 0.159718 0.788445 -0.412121 -0.456630 228 74 69
0.061016 0.056300 0.703101 0.062156 -0.075064 -0.995240 135 117 0
-0.248050 0.075818 -0.580329 0.979023 -0.203748 0.000948 252 101 127
0.079101 -0.105731 -0.833875 -0.837727 0.480842 -0.258852 20 188 94
-0.023375 -0.081811 0.288650 0.785733 0.279535 -0.551801 227 163 57
0.124536 -0.019603 -0.987811 -0.987853 0.043295 -0.149238 1 133 108
0.019283 -0.187494 -0.449282 -0.621037 0.690601 0.370652 48 215 174
-0.345049 0.049944 0.435987 0.933805 -0.202494 -0.294965 246 101 89
0.173877 -0.095698 0.066003 -0.908908 0.400083 0.117556 11 178 142
0.207650 0.037684 0.130312 -0.919036 -0.193003 0.343689 10 102 171
-0.064378 0.155504 0.455162 -0.513746 -0.324961 0.794018 61 86 228
-0.079349 -0.230618 -0.545305 -0.453635 0.879026 0.146729 69 239 146
0.146883 -0.080827 -0.174747 -0.873396 0.465169 0.144209 16 186 145
-0.195905 0.074993 -0.183708 0.989838 -0.035507 -0.137699 253 122 109
0.049694 0.244054 -0.111968 -0.628721 -0.772025 0.093208 47 29 139
0.334588 0.071132 0.515103 -0.933371 -0.354891 -0.053577 8 82 120
-0.120709 0.131103 -0.991723 0.748488 -0.478915 0.458700 222 66 185
-0.084243 -0.182666 0.472334 -0.385701 0.469742 0.794089 78 187 228
-0.010079 0.116492 -0.624123 -0.966640 -0.192383 0.169103 4 102 149
-0.022317 0.217028 -0.941213 -0.269401 -0.905522 0.327801 93 12 169
0.000162 0.152781 -0.555491 -0.871975 -0.360542 0.331162 16 81 169
-0.007969 -0.066165 -1.053616 -0.155875 0.245511 0.956780 107 158 249
-0.260007 -0.031804 -0.383483 0.999973 0.007346 0.000730 254 128 127
0.322427 -0.070559 0.403281 -0.864400 0.320539 0.387386 17 168 176
-0.092176 0.238547 -0.253146 0.419406 -0.886100 -0.197295 180 14 102
0.040153 0.067041 -0.526848 -0.856393 -0.185216 0.481961 18 103 188
-0.170070 0.153281 -0.224480 0.839074 -0.419777 -0.346038 234 73 83
-0.124723 -0.171578 0.603386 0.393793 0.508293 -0.765875 177 192 29
-0.146034 -0.240718 -0.527647 0.367610 0.920090 0.135265 174 244 144
-0.146500 -0.119090 -0.941900 0.870623 0.317375 0.375883 238 167 175
-0.173018 0.028578 -0.007223 0.989838 -0.035507 -0.137699 253 122 109
-0.211243 0.089581 -0.254849 0.918209 -0.275774 -0.284325 244 92 91
0.289474 0.161139 0.616134 -0.768725 -0.499138 -0.399903 29 63 76
-0.229974 0.126438 -0.352069 0.947686 -0.313801 -0.058490 248 87 120
-0.031830 0.171496 -0.646691 -0.627521 -0.739938 0.242300 47 33 158
0.335426 -0.074075 0.594791 -0.987093 0.158206 0.024885 1 147 130
-0.202174 0.197987 -0.494671 0.842099 -0.537120 -0.048694 234 59 121
0.069824 0.230806 0.458513 0.498821 -0.853585 0.150234 191 18 146
-0.193729 -0.202855 -0.471822 0.801739 0.591413 -0.086281 229 202 116
-0.112688 -0.208092 -0.054779 0.952507 0.266544 -0.147257 248 161 108
-0.093953 -0.244765 -0.111012 0.786637 0.616114 -0.040071 227 206 122
-0.192272 0.125316 -0.834201 0.851945 -0.338637 0.399392 236 84 178
0.015850 0.257179 -0.134353 0.059466 -0.998020 -0.020471 135 0 124
0.055227 -0.241088 0.187550 0.293754 0.929005 -0.225074 164 245 98
0.080966 0.064311 0.703743 0.062156 -0.075064 -0.995240 135 117 0
0.010077 0.254888 -0.003792 0.083692 -0.996457 -0.008368 138 0 126
0.345642 0.025922 0.508223 -0.986301 -0.112760 -0.120398 1 113 112
0.043939 -0.102170 -0.734057 -0.834045 0.267317 -0.482609 21 161 65
-0.314288 -0.114010 0.479637 0.760449 0.604787 -0.236538 224 204 97
0.029515 0.174973 0.417859 0.882798 -0.449458 0.136582 240 70 144
0.055376 -0.224622 0.432491 0.865340 0.495180 0.077351 237 190 137
0.121663 0.112548 -0.247311 -0.803488 -0.473255 0.361161 25 67 173
0.044307 -0.244528 -0.130323 -0.773224 0.633411 0.030243 28 208 131
0.089369 0.237892 0.203141 -0.206828 -0.970450 0.124298 101 3 143
0.286809 0.185668 0.485388 -0.839469 -0.538517 0.072747 20 58 136
-0.191491 -0.027968 0.362978 -0.309841 -0.046521 0.949649 87 121 248
0.113341 -0.239475 0.267332 -0.353238 0.912989 0.204141 82 243 153
0.140696 -0.171095 0.086972 -0.739192 0.665178 0.105517 33 212 140
0.021811 -0.090062 -0.691108 -0.824139 0.237023 -0.514407 22 157 61
0.216780 -0.154154 0.262216 -0.737245 0.568943 0.364383 33 200 173
-0.155395 0.146408 -0.123387 0.872698 -0.482870 -0.072355 238 65 118
-0.015293 0.123886 0.281245 0.721724 -0.272510 -0.636281 219 92 46
0.053176 -0.171834 -0.958804 -0.685669 0.690146 0.231424 40 215 157
0.022962 0.154122 -0.493999 -0.871975 -0.360542 0.331162 16 81 169
-0.002910 0.217880 -0.398462 -0.679038 -0.690000 0.250616 40 39 159
-0.154433 -0.084690 0.018789 0.978288 -0.096675 -0.183319 252 115 104
-0.083024 -0.220943 -0.614625 -0.453635 0.879026 0.146729 69 239 146
-0.241694 0.105823 -0.695495 0.979023 -0.203748 0.000948 252 101 127
-0.103702 -0.052328 0.669486 0.458254 -0.004903 -0.888808 185 126 14
0.098053 0.016504 -0.847567 -0.967633 0.012540 -0.252049 4 129 95
-0.147877 -0.006237 0.647329 0.419348 -0.001828 -0.907824 180 127 11
-0.110740 0.199275 -0.906557 0.464050 -0.840879 0.278533 186 20 163
0.026590 -0.193273 -0.844508 -0.545727 0.836964 -0.040897 57 234 122
0.212370 -0.112397 0.682142 0.012577 0.464386 -0.885544 129 186 14
-0.258549 -0.058389 -0.445397 0.963476 0.265511 0.034891 250 161 131
-0.112270 -0.137376 0.437122 -0.243060 0.346500 0.906013 96 171 243
0.329051 0.065585 0.606990 -0.986301 -0.112760 -0.120398 1 113 112
-0.253059 -0.043676 -0.708963 0.963476 0.265511 0.034891 250 161 131
-0.099221 -0.101776 -1.056259 0.629243 0.384567 0.675398 207 176 213
-0.240329 -0.132725 -0.489835 0.928752 0.365837 -0.059864 245 174 119
-0.167915 0.064842 -0.943799 0.925103 -0.366125 0.100682 245 80 140
0.251496 -0.085271 0.268952 -0.828152 0.322681 0.458303 21 168 185
-0.071501 0.172774 -1.008889 0.350803 -0.586249 0.730239 172 52 220
0.176899 -0.269612 0.509020 -0.146038 0.967750 0.205264 108 250 153
0.167150 0.066369 -0.156810 -0.975660 -0.201625 0.086228 3 101 138
0.228533 0.231665 0.417482 -0.434743 -0.864489 0.252303 72 17 159
-0.162972 0.128262 -0.093666 0.872698 -0.482870 -0.072355 238 65 118
-0.115771 -0.121543 0.430128 -0.243060 0.346500 0.906013 96 171 243
-0.277056 -0.044222 0.374454 0.388537 0.227774 0.892837 177 156 241
-0.233183 0.157698 -0.586530 0.842099 -0.537120 -0.048694 234 59 121
0.238375 -0.246508 0.544503 -0.584617 0.811266 -0.008413 52 230 126
-0.058404 0.237036 -0.802223 0.108213 -0.944173 -0.311170 141 7 87
0.052186 0.059799 -0.500366 -0.936451 -0.022663 0.350066 8 124 172
0.069932 0.059128 0.703444 0.062156 -0.075064 -0.995240 135 117 0
-0.118494 -0.120101 0.428846 -0.243060 0.346500 0.906013 96 171 243
-0.065138 -0.261457 -0.345718 0.050478 0.997118 -0.056629 133 254 120
-0.175017 -0.117310 -0.867004 0.911143 0.291555 0.291228 243 164 164
-0.189661 0.072442 -0.140245 0.985660 -0.082507 -0.147197 253 116 108
-0.229659 0.087903 0.579281 0.632216 -0.313108 -0.708707 208 87 37
-0.130242 0.221753 -0.773954 0.417159 -0.908033 -0.038152 180 11 122
0.305471 0.154020 0.466465 -0.839469 -0.538517 0.072747 20 58 136
-0.065017 -0.000603 0.415128 -0.467115 0.067828 0.881591 67 136 239
0.012417 -0.202249 -0.832148 -0.604413 0.795482 0.043516 50 228 133
0.223639 -0.206399 0.376160 -0.572293 0.653717 0.495111 54 210 190
-0.056554 0.243312 0.046017 0.507861 -0.807581 -0.299816 192 24 89
-0.083622 -0.052538 0.211320 0.811850 0.164790 -0.560128 231 148 56
0.088897 -0.248120 0.435458 0.355368 0.927208 0.118319 172 245 142
-0.133973 0.130707 -0.970492 0.748488 -0.478915 0.458700 222 66 185
0.082639 -0.231862 0.309314 0.295382 0.948891 0.111156 165 248 141
0.229808 0.024090 0.713820 0.031643 0.129405 -0.991087 131 143 1
0.176051 -0.013923 -0.082170 -0.983240 0.160931 0.085673 2 148 138
0.000580 0.203741 -0.871346 -0.607444 -0.793757 -0.031002 50 26 123
-0.003144 0.166235 0.276667 0.663735 -0.649576 -0.370819 212 44 80
-0.122248 -0.186764 -0.050146 0.759104 0.640650 -0.115453 224 209 112
-0.147626 -0.147572 0.000470 0.759104 0.640650 -0.115453 224 209 112
-0.139187 0.185381 -0.187977 0.872698 -0.482870 -0.072355 238 65 118
0.123383 0.130752 0.688628 0.009672 -0.374443 -0.927199 128 79 9
0.051915 -0.220144 0.442541 0.865340 0.495180 0.077351 237 190 137
-0.090190 0.132696 -1.032086 0.350803 -0.586249 0.730239 172 52 220
0.194842 0.009605 0.085657 -0.986334 0.136104 0.092853 1 144 139
-0.217411 0.181795 0.526649 0.351913 -0.768784 -0.533974 172 29 59
0.025902 0.058898 -0.555298 -0.856393 -0.185216 0.481961 18 103 188
-0.153770 -0.081243 -0.957018 0.870623 0.317375 0.375883 238 167 175
0.340005 -0.044104 0.561052 -0.981345 0.190836 0.023323 2 151 130
-0.116997 0.206333 -0.026184 0.893024 -0.445782 -0.061533 241 70 119
0.243091 0.158593 0.306997 -0.689575 -0.609124 0.391733 39 49 177
-0.120558 -0.158752 0.443074 -0.243060 0.346500 0.906013 96 171 243
-0.249630 0.067599 -0.715093 0.979023 -0.203748 0.000948 252 101 127
-0.014216 -0.222571 -0.899581 -0.545727 0.836964 -0.040897 57 234 122
0.057022 0.215020 0.643566 0.160251 -0.895777 -0.414612 147 13 74
0.032152 -0.090655 -0.707949 -0.824139 0.237023 -0.514407 22 157 61
-0.025391 0.066825 -1.058902 -0.124557 -0.511404 0.850266 111 62 235
0.165212 -0.057644 -0.130505 -0.908908 0.400083 0.117556 11 178 142
-0.256519 0.028153 -0.594501 0.990792 -0.135317 -0.004521 253 110 126
0.034297 0.158656 -1.020201 -0.374623 -0.783613 0.495589 79 27 190
-0.095308 -0.239983 -0.538541 -0.453635 0.879026 0.146729 69 239 146
-0.113833 -0.234577 -0.628200 -0.453635 0.879026 0.146729 69 239 146
-0.140671 0.220611 -0.282754 0.667746 -0.666004 -0.332497 212 42 85
0.212948 -0.006896 0.709236 0.031643 0.129405 -0.991087 131 143 1
-0.120337 -0.256513 -0.472532 0.368521 0.928495 0.045705 174 245 133
-0.274174 0.162279 0.473558 0.793359 -0.584637 -0.169653 228 52 105
-0.143424 0.158591 -0.060301 0.872698 -0.482870 -0.072355 238 65 118
-0.159977 0.092124 -0.918915 0.844872 -0.271208 0.461127 235 92 186
-0.194274 -0.210811 -0.531420 0.801739 0.591413 -0.086281 229 202 116
-0.010961 0.211349 0.524629 0.352217 -0.911159 0.213852 172 11 154
-0.026040 0.179736 -0.571667 -0.763666 -0.566237 0.310143 30 55 167
-0.095427 -0.185143 0.607375 0.335228 0.459936 -0.822241 170 186 22
-0.220349 -0.086393 -0.777991 0.872467 0.282199 0.398955 238 163 178
-0.031787 -0.232376 -0.451227 -0.621037 0.690601 0.370652 48 215 174
-0.002190 -0.093611 -0.643193 -0.951688 0.269803 0.146618 6 161 146
-0.122824 0.113179 -1.006986 0.748488 -0.478915 0.458700 222 66 185
-0.139462 -0.070062 0.395915 -0.548333 0.307644 0.777616 57 166 226
0.193605 -0.082799 0.692780 0.015272 0.242815 -0.969952 129 158 3
-0.068504 0.224806 -0.552098 -0.323209 -0.909009 0.263132 86 11 161
0.061864 0.097345 -0.821628 -0.905034 -0.362872 -0.221897 12 81 99
-0.151286 -0.234083 -0.558504 0.367610 0.920090 0.135265 174 244 144
-0.044826 -0.243241 -0.847389 0.242141 0.969263 0.043557 158 251 133
-0.116947 0.208880 -0.051796 0.547773 -0.836507 0.014149 197 20 129
-0.212341 0.121671 -0.289519 0.918209 -0.275774 -0.284325 244 92 91
-0.096878 0.182979 -0.967559 0.637243 -0.585431 0.501190 208 52 191
-0.140656 -0.110191 0.091910 0.819361 0.413191 -0.397393 231 180 76
-0.251311 -0.083904 -0.473497 0.993818 0.090795 0.063885 254 139 135
0.029218 0.142337 0.353375 0.972401 -0.215342 0.089805 251 100 138
0.051039 0.233836 -0.212953 -0.673482 -0.710137 0.205250 41 36 153
-0.011222 -0.217413 -0.805599 -0.606544 0.766576 -0.210870 50 225 100
0.062944 0.081485 -1.047950 -0.014678 -0.309147 0.950901 125 88 248
0.213572 -0.251550 0.468042 -0.510213 0.834920 0.206376 62 233 153
0.212929 0.228929 0.381930 -0.252725 -0.918578 0.303883 95 10 166
0.338408 0.019015 0.573953 -0.986301 -0.112760 -0.120398 1 113 112
0.094627 -0.094377 -0.958031 -0.984731 0.088987 0.149621 1 138 146
0.128996 0.238049 0.332512 -0.436623 -0.897138 0.067115 71 13 136
0.070647 0.029944 -0.450569 -0.969001 0.040843 0.243658 3 132 158
-0.080545 -0.223956 0.064523 0.575798 0.730911 -0.366368 200 220 80
-0.039862 0.017344 0.427076 -0.467115 0.067828 0.881591 67 136 239
-0.017226 -0.026863 0.698281 0.033842 0.176446 -0.983728 131 149 2
0.180370 -0.140268 0.667072 0.012577 0.464386 -0.885544 129 186 14
-0.162658 -0.112141 0.396206 -0.548333 0.307644 0.777616 57 166 226
-0.180805 -0.092735 -0.168312 0.861585 0.430366 -0.269178 237 182 93
0.100058 0.237988 0.269081 0.262537 -0.932287 -0.248828 160 8 95
0.070665 -0.156322 0.656108 0.020007 0.486225 -0.873605 130 189 16
0.138445 -0.145063 -0.018647 -0.873396 0.465169 0.144209 16 186 145
0.004617 0.108899 0.695535 0.012069 -0.258614 -0.965905 129 94 4
-0.098801 0.236598 -0.258476 0.419406 -0.886100 -0.197295 180 14 102
0.009949 -0.051812 -0.641318 -0.951688 0.269803 0.146618 6 161 146
-0.000141 0.059700 -0.636760 -0.968503 -0.205318 0.140877 4 101 145
0.018166 0.191138 -0.893241 -0.607444 -0.793757 -0.031002 50 26 123
-0.039554 0.251673 -0.026833 0.059466 -0.998020 -0.020471 135 0 124
-0.144440 -0.191332 -0.821703 0.720107 0.662565 0.206042 219 211 153
0.138690 0.229090 0.275817 -0.436623 -0.897138 0.067115 71 13 136
-0.035353 -0.254386 0.010794 0.076897 0.994343 -0.073271 137 254 118
-0.221636 0.070347 0.594194 0.632216 -0.313108 -0.708707 208 87 37
-0.146862 0.211962 -0.722652 0.417159 -0.908033 -0.038152 180 11 122
0.045143 -0.039309 0.698194 0.033842 0.176446 -0.983728 131 149 2
0.082983 -0.113741 -0.337373 -0.856381 0.450176 0.252889 18 184 159
-0.200611 -0.138864 -0.784041 0.872467 0.282199 0.398955 238 163 178
-0.292954 0.120362 0.503966 0.643438 -0.527015 -0.555196 209 60 56
-0.029754 -0.031017 0.297230 0.826213 0.182103 -0.533114 232 150 59
0.291091 0.095295 0.330654 -0.866809 -0.345473 0.359571 16 83 173
-0.309031 -0.134184 0.431650 0.564608 0.449374 0.692302 199 184 215
0.086326 -0.232441 0.304461 0.295382 0.948891 0.111156 165 248 141
0.017538 0.223253 0.209513 0.444240 -0.862700 -0.241661 184 17 96
-0.203256 -0.171789 0.555871 0.350817 0.840915 -0.412056 172 234 74
-0.128745 -0.247370 -0.394801 0.566299 0.811834 -0.142237 199 231 109
0.080532 -0.094510 -0.379905 -0.856381 0.450176 0.252889 18 184 159
0.187047 -0.045363 0.083431 -0.986334 0.136104 0.092853 1 144 139
-0.154969 -0.055760 0.044056 0.969835 0.175519 -0.169157 251 149 105
0.130433 -0.113680 -0.168406 -0.873396 0.465169 0.144209 16 186 145
-0.086985 0.091023 0.414936 -0.359094 -0.135038 0.923481 81 110 245
0.201437 -0.259924 0.480804 -0.146038 0.967750 0.205264 108 250 153
0.316174 0.014600 0.357863 -0.939540 0.080994 0.332724 7 137 169
0.299402 -0.125644 0.402397 -0.861076 0.362916 0.356146 17 173 172
-0.213473 0.147930 0.567072 0.644733 -0.316703 -0.695714 209 87 38
0.036010 0.011210 -1.065021 -0.048281 0.049662 0.997598 121 133 254
0.105384 0.030199 -0.876916 -0.873194 -0.410215 -0.263165 16 75 93
0.119454 -0.147956 -0.124332 -0.873396 0.465169 0.144209 16 186 145
0.126954 -0.052574 -0.280253 -0.893676 0.358151 0.270316 13 173 161
-0.215560 -0.058323 0.363503 0.172237 0.253467 0.951887 149 159 248
-0.253064 0.108803 0.548193 0.644733 -0.316703 -0.695714 209 87 38
-0.099442 -0.178462 -0.979286 0.454231 0.702906 0.547355 185 217 197
-0.046863 -0.195755 0.498233 -0.385701 0.469742 0.794089 78 187 228
-0.194541 0.202079 -0.602140 0.705472 -0.706070 0.061439 217 37 135
-0.151508 0.066816 0.102690 0.919400 -0.072261 -0.386629 244 118 78
-0.244165 0.094239 -0.633193 0.979023 -0.203748 0.000948 252 101 127
-0.014730 0.226287 0.582625 0.242122 -0.873244 -0.422874 158 16 73
0.106813 0.161876 -0.215712 -0.803488 -0.473255 0.361161 25 67 173
-0.046501 -0.241320 -0.880814 0.242141 0.969263 0.043557 158 251 133
0.134151 0.012837 0.709297 0.031643 0.129405 -0.991087 131 143 1
0.186252 -0.266249 0.499816 -0.146038 0.967750 0.205264 108 250 153
-0.111742 0.210540 -0.155158 0.547773 -0.836507 0.014149 197 20 129
-0.138828 -0.148577 0.427425 -0.548333 0.307644 0.777616 57 166 226
0.250332 -0.218884 0.602391 -0.190031 0.748676 -0.635116 103 222 46
-0.176295 0.189769 0.543951 0.396281 -0.763295 -0.510238 178 30 62
-0.051301 -0.258504 -0.118719 0.233607 0.971222 -0.046424 157 251 121
0.043880 -0.252709 0.030079 -0.773224 0.633411 0.030243 28 208 131
0.167499 0.111530 -0.025697 -0.941446 -0.318065 0.111869 7 86 141
-0.115228 -0.011642 0.166119 0.861438 0.041714 -0.506146 237 132 62
0.139553 -0.263295 0.455865 -0.113514 0.967323 0.226717 113 250 156
-0.036431 -0.211711 -0.529206 -0.707184 0.676075 0.206912 37 213 153
0.194467 -0.237688 0.375001 -0.393012 0.873477 0.287367 77 238 164
0.111502 -0.050705 0.698433 0.033842 0.176446 -0.983728 131 149 2
0.135425 -0.152119 -0.014178 -0.873396 0.465169 0.144209 16 186 145
-0.001370 0.005069 0.355423 0.972401 -0.215342 0.089805 251 100 138
0.180405 -0.114958 0.140988 -0.875690 0.358076 0.323957 15 173 168
0.183432 0.007253 -0.037240 -0.983240 0.160931 0.085673 2 148 138
-0.209150 0.090579 -0.249057 0.918209 -0.275774 -0.284325 244 92 91
0.059885 -0.039743 -0.481689 -0.969001 0.040843 0.243658 3 132 158
-0.094956 -0.144029 -1.027226 0.454231 0.702906 0.547355 185 217 197
0.198934 0.148711 0.680186 -0.077433 -0.517572 -0.852129 117 61 18
-0.138131 0.200785 0.470694 0.013903 -0.943738 0.330402 129 7 169
-0.202862 0.006238 0.362607 0.003114 -0.088312 0.996088 127 116 254
-0.072054 -0.001395 -1.069439 -0.026689 -0.046374 0.998568 124 121 254
-0.082031 -0.065849 0.674558 0.284528 0.221258 -0.932785 163 155 8
-0.206596 0.140024 -0.295666 0.834555 -0.423106 -0.352845 233 73 82
0.078484 0.074301 -0.405966 -0.925734 -0.349746 0.143856 9 82 145
-0.162328 -0.094496 -0.018169 0.978288 -0.096675 -0.183319 252 115 104
-0.251881 0.057655 -0.527530 0.979023 -0.203748 0.000948 252 101 127
-0.230306 0.159434 -0.555940 0.842099 -0.537120 -0.048694 234 59 121
0.016534 -0.047318 -1.054460 -0.155875 0.245511 0.956780 107 158 249
-0.246452 0.057815 -0.341945 0.939499 -0.161999 -0.301824 247 106 89
0.155186 0.134377 -0.046748 -0.798507 -0.594023 0.097584 25 51 139
0.127002 0.254146 0.586081 0.160251 -0.895777 -0.414612 147 13 74
0.153055 -0.177552 0.159841 -0.746130 0.629066 0.218096 32 207 155
0.092505 0.232111 0.091510 -0.440309 -0.897711 0.015617 71 13 129
0.156809 0.267759 0.473814 -0.029216 -0.978251 0.205358 123 2 153
0.200527 -0.052246 0.142003 -0.904117 0.189882 0.382777 12 151 176
-0.203242 -0.112782 -0.277783 0.806999 0.493282 -0.324693 230 190 86
0.023259 -0.166047 0.326670 0.852336 0.266920 -0.449752 236 161 70
0.088340 -0.249520 0.448102 0.355368 0.927208 0.118319 172 245 142
0.127564 -0.009679 -0.277273 -0.953676 -0.030678 0.299266 5 123 165
0.278353 0.042668 0.703608 -0.742302 -0.089828 -0.664017 32 116 42
0.184041 -0.040144 0.043850 -0.986334 0.136104 0.092853 1 144 139
0.257850 0.206239 0.418767 -0.750722 -0.547291 0.369985 31 57 174
0.087830 0.045078 -0.397665 -0.945740 0.047930 0.321369 6 133 168
0.026257 -0.146687 -1.022431 -0.144313 0.314236 0.938312 109 167 247
-0.208651 -0.192371 0.509275 0.350817 0.840915 -0.412056 172 234 74
-0.054499 -0.228414 -0.918373 0.435810 0.860684 0.263234 183 237 161
0.043566 0.189091 0.319907 0.599306 -0.683168 -0.417270 203 40 74
0.067082 -0.021883 -0.456059 -0.969001 0.040843 0.243658 3 132 158
0.064833 -0.063949 -0.755748 -0.940004 0.036805 -0.339172 7 132 84
0.119383 0.059017 -0.979380 -0.947937 -0.272332 -0.165079 6 92 106
0.084199 0.001132 -0.802359 -0.940004 0.036805 -0.339172 7 132 84
0.052889 0.183533 0.356675 0.636021 -0.707697 0.307640 208 37 166
-0.001469 -0.081789 0.427609 0.250504 0.103310 0.962588 159 140 250
-0.069485 0.066659 -1.065461 -0.124557 -0.511404 0.850266 111 62 235
-0.105562 -0.224928 -0.039158 0.952507 0.266544 -0.147257 248 161 108
-0.182843 0.023221 -0.076464 0.989838 -0.035507 -0.137699 253 122 109
-0.242709 -0.106229 -0.575583 0.993818 0.090795 0.063885 254 139 135
0.250371 -0.005719 0.710584 0.031643 0.129405 -0.991087 131 143 1
0.110478 0.031040 -0.895131 -0.873194 -0.410215 -0.263165 16 75 93
-0.229672 0.122683 0.563553 0.644733 -0.316703 -0.695714 209 87 38
0.101674 -0.133787 -0.238493 -0.917741 0.367460 0.150749 10 174 146
-0.254926 0.032711 -0.381732 0.990792 -0.135317 -0.004521 253 110 126
0.085775 0.238821 0.250890 0.262537 -0.932287 -0.248828 160 8 95
0.063274 -0.139613 -0.358059 -0.856381 0.450176 0.252889 18 184 159
0.338707 -0.060737 0.640134 -0.987093 0.158206 0.024885 1 147 130
0.108709 -0.107678 -0.259309 -0.917741 0.367460 0.150749 10 174 146
0.068997 0.215564 -0.217246 -0.673482 -0.710137 0.205250 41 36 153
0.159504 -0.270276 0.509409 -0.008555 0.986197 -0.165356 126 253 106
-0.272571 0.022109 0.565643 0.741374 -0.201295 -0.640191 222 101 45
-0.243390 -0.077239 -0.720551 0.963476 0.265511 0.034891 250 161 131
-0.144638 0.233751 -0.355863 0.498523 -0.849057 -0.174866 191 19 105
0.290873 -0.097668 0.690589 0.015272 0.242815 -0.969952 129 158 3
-0.051997 -0.028348 0.424162 -0.467115 0.067828 0.881591 67 136 239
-0.145224 -0.077152 0.077729 0.969835 0.175519 -0.169157 251 149 105
-0.175112 0.181205 -0.809763 0.592870 -0.768492 0.240676 203 29 158
0.120868 -0.171391 -0.040179 -0.873396 0.465169 0.144209 16 186 145
0.091813 0.222119 -0.009542 -0.628721 -0.772025 0.093208 47 29 139
-0.332249 0.010804 0.402331 0.661600 -0.319501 0.678384 211 86 213
-0.155379 -0.132882 0.019980 0.919570 0.391169 -0.037110 244 177 122
-0.123930 0.221442 -0.251077 0.449372 -0.850478 -0.273408 184 19 92
0.041870 0.163158 -0.847706 -0.905034 -0.362872 -0.221897 12 81 99
-0.206403 0.129059 0.400372 0.084457 -0.451476 0.888277 138 69 240
-0.249278 -0.096786 -0.486812 0.993818 0.090795 0.063885 254 139 135
-0.189026 -0.095264 -0.198671 0.861585 0.430366 -0.269178 237 182 93
0.024560 0.214420 0.479214 0.352217 -0.911159 0.213852 172 11 154
0.037596 0.256641 0.062719 0.083692 -0.996457 -0.008368 138 0 126
-0.118685 -0.103380 0.422400 -0.243060 0.346500 0.906013 96 171 243
-0.171204 -0.114053 -0.171665 0.861585 0.430366 -0.269178 237 182 93
0.233641 0.243934 0.516382 -0.573258 -0.819230 0.015416 54 23 129
-0.200583 0.123773 -0.261957 0.834555 -0.423106 -0.352845 233 73 82
0.081702 0.133075 -0.984897 -0.510969 -0.853969 0.098220 62 18 140
-0.251109 0.060918 -0.623799 0.979023 -0.203748 0.000948 252 101 127
-0.203243 0.070175 -0.852552 0.844872 -0.271208 0.461127 235 92 186
-0.168049 -0.142441 -0.206954 0.861585 0.430366 -0.269178 237 182 93
-0.246354 -0.040371 -0.324740 0.904687 0.206546 -0.372667 242 153 79
0.003072 -0.209642 -0.865674 -0.545727 0.836964 -0.040897 57 234 122
0.106964 0.237572 0.329877 0.309391 -0.950338 -0.033677 166 6 123
-0.091673 0.048713 0.215130 0.860761 0.087396 -0.501450 237 138 63
-0.219962 0.157757 -0.358545 0.842099 -0.537120 -0.048694 234 59 121
-0.130827 -0.247073 -0.525746 0.367610 0.920090 0.135265 174 244 144
-0.202237 0.137652 -0.282510 0.834555 -0.423106 -0.352845 233 73 82
-0.108167 0.087352 -1.053379 0.968263 -0.249702 -0.010711 250 95 126
-0.112718 0.070130 -1.063250 0.968263 -0.249702 -0.010711 250 95 126
-0.122857 0.110526 0.153636 0.788445 -0.412121 -0.456630 228 74 69
0.125897 0.121187 -0.226571 -0.803488 -0.473255 0.361161 25 67 173
0.260475 -0.110041 0.302616 -0.828152 0.322681 0.458303 21 168 185
-0.130857 -0.022065 -1.061173 0.815430 -0.128346 0.564447 231 111 199
0.105093 -0.213585 0.105414 -0.739192 0.665178 0.105517 33 212 140
-0.122480 -0.230025 -0.265346 0.669515 0.708134 -0.224267 212 217 98
-0.023761 -0.210268 0.615367 0.107120 0.886839 -0.449490 141 240 70
-0.133972 0.216666 -0.255282 0.695872 -0.685118 -0.215351 216 40 100
0.026695 0.020391 -1.065788 -0.026689 -0.046374 0.998568 124 121 254
-0.202967 0.178091 -0.339853 0.792227 -0.531042 -0.300618 228 59 89
-0.259972 -0.029910 -0.451043 0.999973 0.007346 0.000730 254 128 127
0.179440 -0.265621 0.492009 -0.146038 0.967750 0.205264 108 250 153
0.152362 -0.269453 0.490814 -0.146038 0.967750 0.205264 108 250 153
-0.245933 0.086037 -0.569947 0.979023 -0.203748 0.000948 252 101 127
-0.127605 0.200229 -0.135925 0.893024 -0.445782 -0.061533 241 70 119
0.160805 0.067619 -0.193802 -0.888508 -0.333648 0.315011 14 84 167
0.015737 0.008849 -0.601716 -0.968503 -0.205318 0.140877 4 101 145
0.073740 -0.235322 0.166220 -0.310135 0.950554 -0.016247 87 248 125
-0.157343 0.057093 0.084768 0.985660 -0.082507 -0.147197 253 116 108
-0.098423 -0.221716 -0.650622 -0.505709 0.837844 0.205610 63 234 153
-0.225131 0.130676 -0.339557 0.918209 -0.275774 -0.284325 244 92 91
-0.138752 -0.109385 0.096673 0.819361 0.413191 -0.397393 231 180 76
-0.245581 0.093812 -0.509910 0.997372 -0.070245 0.017756 254 118 129
-0.188842 0.106542 0.603853 0.486475 -0.369154 -0.791875 189 80 26
-0.156123 -0.071190 0.021428 0.969835 0.175519 -0.169157 251 149 105
0.191530 -0.161350 0.222366 -0.737245 0.568943 0.364383 33 200 173
-0.252644 0.013356 -0.744059 0.926350 0.042371 0.374272 245 132 175
-0.029970 -0.195321 0.628368 0.335228 0.459936 -0.822241 170 186 22
0.197911 -0.066943 0.143113 -0.904117 0.189882 0.382777 12 151 176
0.105740 0.099704 -0.302322 -0.847667 -0.307004 0.432677 19 88 182
0.331693 -0.098895 0.604518 -0.987093 0.158206 0.024885 1 147 130
-0.114365 0.185702 0.074698 0.795414 -0.542656 -0.269891 228 58 93
0.115249 0.129271 0.689141 0.009672 -0.374443 -0.927199 128 79 9
-0.037591 -0.131321 0.462506 0.591779 0.365412 0.718521 202 174 219
0.337122 -0.052746 0.510449 -0.981345 0.190836 0.023323 2 151 130
0.315870 -0.047633 0.372153 -0.939540 0.080994 0.332724 7 137 169
0.020410 0.147112 0.332527 0.847391 -0.267735 -0.458527 235 93 69
-0.258026 0.011258 -0.655024 0.997464 -0.071121 0.002725 254 118 127
-0.100901 -0.220348 -0.862371 0.450376 0.858685 0.244586 184 236 158
0.256746 -0.233006 0.569937 -0.584617 0.811266 -0.008413 52 230 126
-0.098391 -0.233579 -0.026135 0.786637 0.616114 -0.040071 227 206 122
0.089064 -0.211869 -0.001533 -0.535152 0.834882 0.128782 59 233 143
-0.172254 0.065399 -0.912138 0.844872 -0.271208 0.461127 235 92 186
0.191454 -0.229011 0.604039 -0.006543 0.658010 -0.752980 126 211 31
0.072628 -0.241785 0.207218 -0.353238 0.912989 0.204141 82 243 153
0.033361 -0.256249 -0.029605 -0.366742 0.930063 0.021983 80 246 130
-0.259879 -0.036761 -0.508990 0.999973 0.007346 0.000730 254 128 127
0.090147 -0.097893 -0.874009 -0.939765 0.293781 -0.174742 7 164 105
-0.044902 0.105507 0.447301 -0.513746 -0.324961 0.794018 61 86 228
0.085475 -0.075527 -0.816924 -0.958510 0.045790 -0.281356 5 133 91
-0.250562 0.063159 -0.707207 0.979023 -0.203748 0.000948 252 101 127
-0.251416 -0.076114 -0.507487 0.963476 0.265511 0.034891 250 161 131
-0.202926 -0.083524 -0.228217 0.967639 0.086952 -0.236884 250 138 97
0.138705 0.095739 -0.226352 -0.888508 -0.333648 0.315011 14 84 167
-0.256689 -0.043317 -0.351464 0.904687 0.206546 -0.372667 242 153 79
-0.151750 -0.159586 -0.895548 0.870623 0.317375 0.375883 238 167 175
-0.167069 0.124871 -0.120456 0.872698 -0.482870 -0.072355 238 65 118
0.094754 0.124072 0.691027 0.009672 -0.374443 -0.927199 128 79 9
0.084161 -0.221794 0.611279 -0.006543 0.658010 -0.752980 126 211 31
0.032986 0.158479 -0.806420 -0.895400 -0.360554 -0.261267 13 81 94
0.116833 0.085659 -1.008690 -0.947937 -0.272332 -0.165079 6 92 106
-0.008037 0.140987 0.681613 0.122988 -0.447608 -0.885732 143 70 14
-0.064744 -0.238187 -0.810142 0.225564 0.929622 -0.291418 156 246 90
-0.061320 0.127118 0.445523 -0.513746 -0.324961 0.794018 61 86 228
0.020917 -0.128411 0.366419 0.952529 0.256307 0.164304 248 160 148
0.210024 -0.026012 0.151420 -0.904117 0.189882 0.382777 12 151 176
0.030531 -0.256600 0.049891 0.076897 0.994343 -0.073271 137 254 118
0.028198 0.024987 -0.559453 -0.921391 -0.019797 0.388132 10 124 176
0.201586 -0.013053 0.125061 -0.904117 0.189882 0.382777 12 151 176
-0.119669 -0.218913 -0.218343 0.786637 0.616114 -0.040071 227 206 122
-0.148957 0.140201 -0.004309 0.872698 -0.482870 -0.072355 238 65 118
0.159745 0.140160 0.025768 -0.798507 -0.594023 0.097584 25 51 139
0.098141 -0.039437 -0.341948 -0.887417 0.127132 0.443090 14 143 183
0.298305 0.081320 0.334620 -0.866809 -0.345473 0.359571 16 83 173
-0.040624 0.192356 -0.594691 -0.806161 -0.587343 0.071644 24 52 136
0.136276 0.120942 -0.203801 -0.803488 -0.473255 0.361161 25 67 173
0.266072 0.180054 0.637509 -0.768725 -0.499138 -0.399903 29 63 76
0.189681 0.270077 0.505316 -0.093008 -0.992036 -0.084931 115 1 116
-0.244130 0.103489 -0.553127 0.997372 -0.070245 0.017756 254 118 129
-0.062567 -0.208970 0.557843 0.494802 0.845871 0.199183 190 235 152
0.223209 -0.254719 0.504687 -0.510213 0.834920 0.206376 62 233 153
0.050328 -0.234935 0.206552 0.293754 0.929005 -0.225074 164 245 98
-0.280668 0.069859 0.540341 0.644733 -0.316703 -0.695714 209 87 38
0.250647 0.157610 0.318770 -0.689575 -0.609124 0.391733 39 49 177
0.045162 -0.106991 0.682602 0.012577 0.464386 -0.885544 129 186 14
0.033718 -0.032261 0.699066 0.033842 0.176446 -0.983728 131 149 2
0.004670 0.254008 -0.199110 -0.063768 -0.996024 0.062215 119 0 135
-0.147104 -0.180832 -0.846155 0.720107 0.662565 0.206042 219 211 153
-0.094430 0.231733 -0.602342 -0.495329 -0.859747 0.124432 64 17 143
0.117238 -0.080497 0.692153 0.015272 0.242815 -0.969952 129 158 3
-0.098856 -0.215802 0.020736 0.952507 0.266544 -0.147257 248 161 108
-0.029815 -0.000167 0.429293 0.379056 0.054368 0.923775 175 134 245
-0.064614 0.174645 0.642938 0.627236 -0.474717 -0.617429 207 66 48
0.060865 0.097152 -0.446638 -0.892578 -0.390797 0.224906 13 77 156
-0.160384 -0.057890 0.010798 0.969835 0.175519 -0.169157 251 149 105
-0.167308 0.059061 -0.951442 0.929284 -0.043747 0.366766 245 121 174
0.015811 -0.080614 -0.562419 -0.875279 0.128114 0.466340 15 143 186
-0.176995 0.147561 0.412016 -0.106129 -0.469470 0.876547 113 67 239
-0.095155 -0.227865 -0.725856 -0.109779 0.993646 0.024822 113 254 130
-0.162034 -0.100998 -0.013174 0.978288 -0.096675 -0.183319 252 115 104
0.003820 -0.062654 0.362957 0.952529 0.256307 0.164304 248 160 148
0.172228 -0.040089 -0.081719 -0.986334 0.136104 0.092853 1 144 139
0.325182 -0.066123 0.657597 -0.753313 0.016316 -0.657459 31 129 43
-0.015249 -0.135502 -0.652670 -0.824139 0.237023 -0.514407 22 157 61
0.112581 -0.200408 0.074802 -0.739192 0.665178 0.105517 33 212 140
-0.013306 -0.220871 -0.876934 -0.545727 0.836964 -0.040897 57 234 122
-0.260941 -0.183804 0.463787 0.218217 0.964440 0.149121 155 250 146
-0.179662 0.047867 -0.059953 0.989838 -0.035507 -0.137699 253 122 109
-0.193291 0.197139 -0.673260 0.705472 -0.706070 0.061439 217 37 135
-0.058029 -0.219532 -0.556097 -0.323847 0.906906 0.269526 86 243 161
-0.263394 -0.181299 0.464561 0.732013 0.675788 -0.086417 220 213 116
-0.343688 0.045140 0.443594 0.933805 -0.202494 -0.294965 246 101 89
0.131108 -0.180787 0.643876 0.020007 0.486225 -0.873605 130 189 16
0.081475 -0.225448 0.054961 -0.535152 0.834882 0.128782 59 233 143
0.163083 0.130150 -0.007854 -0.798507 -0.594023 0.097584 25 51 139
-0.143248 0.118093 0.620935 0.310156 -0.534296 -0.786341 167 59 27
-0.192785 -0.052666 -0.870218 0.896326 0.120341 0.426752 241 142 181
-0.223634 0.056486 -0.270204 0.939499 -0.161999 -0.301824 247 106 89
0.292164 -0.053040 0.321258 -0.864400 0.320539 0.387386 17 168 176
-0.005103 0.032351 0.421466 0.200087 -0.111831 0.973375 153 113 251
0.341085 0.023189 0.548112 -0.986301 -0.112760 -0.120398 1 113 112
-0.109177 0.229029 -0.716774 0.417159 -0.908033 -0.038152 180 11 122
-0.026956 -0.186810 -0.564193 -0.782761 0.500121 0.370357 27 191 174
-0.191628 -0.097486 -0.210552 0.861585 0.430366 -0.269178 237 182 93
0.342530 0.057024 0.434526 -0.907529 -0.283513 0.309857 11 91 167
-0.164221 -0.237365 -0.478940 0.566299 0.811834 -0.142237 199 231 109
0.262756 -0.098505 0.298617 -0.828152 0.322681 0.458303 21 168 185
-0.258107 -0.052725 -0.500700 0.963476 0.265511 0.034891 250 161 131
0.293724 -0.089392 0.354817 -0.864400 0.320539 0.387386 17 168 176
0.178831 0.153883 0.167671 -0.840285 -0.485043 0.242186 20 65 158
-0.077382 -0.146007 0.170809 0.777980 0.412500 -0.473910 226 180 67
0.075610 -0.027725 -0.781686 -0.940004 0.036805 -0.339172 7 132 84
0.329036 -0.003627 0.648872 -0.772750 -0.060007 -0.631868 28 119 46
0.316325 0.066668 0.366601 -0.907529 -0.283513 0.309857 11 91 167
-0.154834 -0.217435 -0.322184 0.669515 0.708134 -0.224267 212 217 98
-0.257771 0.016580 -0.522467 0.990792 -0.135317 -0.004521 253 110 126
0.007878 0.251734 0.097759 0.180172 -0.971576 -0.153552 150 3 107
0.026388 -0.222893 0.213694 0.401254 0.892301 -0.206869 178 241 101
0.339752 -0.042122 0.534175 -0.981345 0.190836 0.023323 2 151 130
0.231947 -0.131677 0.265678 -0.832134 0.316078 0.455684 21 167 185
-0.153191 0.104706 -0.934124 0.925103 -0.366125 0.100682 245 80 140
-0.033902 0.239902 0.087656 0.461037 -0.822020 -0.334258 186 22 84
0.102966 0.263571 0.534326 0.167912 -0.957298 -0.235345 148 5 97
-0.241212 -0.112763 -0.381549 0.928752 0.365837 -0.059864 245 174 119
0.013030 -0.243838 0.133676 0.476479 0.747303 -0.463148 188 222 68
-0.038957 -0.014273 0.288687 0.826213 0.182103 -0.533114 232 150 59
-0.257465 0.020347 -0.622910 0.997464 -0.071121 0.002725 254 118 127
-0.076369 -0.153595 0.165867 0.777980 0.412500 -0.473910 226 180 67
-0.235989 0.052268 -0.306400 0.939499 -0.161999 -0.301824 247 106 89
-0.038293 0.105733 0.449556 0.500029 -0.239284 0.832295 191 96 233
0.334598 0.068560 0.531962 -0.933371 -0.354891 -0.053577 8 82 120
-0.048771 -0.224924 -0.939267 0.435810 0.860684 0.263234 183 237 161
0.032072 0.224082 0.508007 0.352217 -0.911159 0.213852 172 11 154
0.023646 -0.174398 -0.465158 -0.895057 0.397463 0.202226 13 178 153
0.176122 0.271401 0.504702 -0.093008 -0.992036 -0.084931 115 1 116
0.043445 0.232351 0.519419 0.453436 -0.863924 0.219160 185 17 155
0.064923 0.102332 -0.421533 -0.892578 -0.390797 0.224906 13 77 156
0.170020 -0.092418 0.690000 0.015272 0.242815 -0.969952 129 158 3
0.160016 -0.043567 -0.194923 -0.890585 0.332256 0.310586 13 169 167
0.330939 -0.099883 0.580888 -0.987093 0.158206 0.024885 1 147 130
0.110867 -0.175646 -0.087020 -0.873396 0.465169 0.144209 16 186 145
0.023499 -0.245666 0.136380 0.103143 0.983665 -0.147527 140 252 108
-0.149271 0.121911 0.097713 0.919400 -0.072261 -0.386629 244 118 78
-0.000621 0.154309 -0.555499 -0.763666 -0.566237 0.310143 30 55 167
-0.108225 0.213722 -0.103210 0.547773 -0.836507 0.014149 197 20 129
0.270035 0.082897 0.280881 -0.836559 -0.316272 0.447372 20 87 184
-0.245158 0.085573 -0.378848 0.947686 -0.313801 -0.058490 248 87 120
-0.220657 0.012798 -0.816432 0.907945 -0.022365 0.418491 243 124 180
-0.169252 -0.118318 -0.170278 0.919570 0.391169 -0.037110 244 177 122
0.220135 0.166704 0.667331 -0.077433 -0.517572 -0.852129 117 61 18
0.005472 0.243894 0.132147 0.461037 -0.822020 -0.334258 186 22 84
-0.175066 -0.014213 -0.030909 0.977113 0.142441 -0.157987 252 145 107
0.005333 -0.178881 0.269808 0.669232 0.590562 -0.450959 212 202 70
-0.121901 0.253291 -0.481725 0.402420 -0.914967 0.029900 178 10 131
-0.118510 -0.018120 0.159998 0.861438 0.041714 -0.506146 237 132 62
0.089291 0.021189 0.707515 0.062156 -0.075064 -0.995240 135 117 0
0.064289 0.171698 -0.310715 -0.834960 -0.511610 0.202723 21 62 153
0.349238 0.014660 0.468696 -0.981345 0.190836 0.023323 2 151 130
-0.051849 0.216463 0.573629 0.238406 -0.922720 0.302904 157 9 166
-0.047814 -0.148473 0.217202 0.777980 0.412500 -0.473910 226 180 67
0.111530 0.038522 -0.910283 -0.873194 -0.410215 -0.263165 16 75 93
-0.150630 -0.105455 0.633769 0.511581 0.411303 -0.754397 192 179 31
0.260132 0.138711 0.675329 -0.645152 -0.435892 -0.627516 45 71 47
0.188444 -0.006803 0.041746 -0.986334 0.136104 0.092853 1 144 139
-0.017463 -0.267216 -0.144542 0.076897 0.994343 -0.073271 137 254 118
-0.300492 -0.128199 0.487710 0.760449 0.604787 -0.236538 224 204 97
-0.208623 0.104215 -0.260583 0.918209 -0.275774 -0.284325 244 92 91
-0.048300 -0.102917 0.442617 -0.385701 0.469742 0.794089 78 187 228
-0.222583 0.009567 -0.247217 0.903697 -0.054349 -0.424709 242 120 73
0.185127 -0.060504 0.085232 -0.986334 0.136104 0.092853 1 144 139
0.072644 0.236909 0.163282 -0.403159 -0.908797 -0.107474 76 11 113
0.073316 -0.127163 -0.854964 -0.837727 0.480842 -0.258852 20 188 94
0.231375 0.027102 0.189845 -0.934047 0.123318 0.335186 8 143 170
0.122314 0.062271 -0.286628 -0.953676 -0.030678 0.299266 5 123 165
0.032590 0.159716 -0.450143 -0.892578 -0.390797 0.224906 13 77 156
0.222767 0.081976 0.195609 -0.919036 -0.193003 0.343689 10 102 171
0.243358 0.090979 0.236709 -0.836559 -0.316272 0.447372 20 87 184
-0.109470 -0.230634 -0.198353 0.786637 0.616114 -0.040071 227 206 122
0.016677 -0.032628 -0.573976 -0.875279 0.128114 0.466340 15 143 186
0.021888 -0.133989 0.667421 0.020007 0.486225 -0.873605 130 189 16
-0.093624 0.140433 0.639772 0.627236 -0.474717 -0.617429 207 66 48
0.134540 -0.146667 -0.037123 -0.873396 0.465169 0.144209 16 186 145
0.162767 0.226612 0.324459 -0.248772 -0.945313 0.210938 95 6 154
-0.200524 -0.145688 -0.773886 0.828831 0.472311 0.299934 233 187 165
0.194184 -0.144720 0.664934 0.012577 0.464386 -0.885544 129 186 14
-0.096537 0.230672 -0.618057 -0.495329 -0.859747 0.124432 64 17 143
0.045489 0.175966 -0.370712 -0.892578 -0.390797 0.224906 13 77 156
-0.236506 0.140557 0.549083 0.644733 -0.316703 -0.695714 209 87 38
-0.258684 -0.046343 -0.533320 0.963476 0.265511 0.034891 250 161 131
-0.144125 -0.046509 -1.035949 0.916897 0.320968 0.237232 244 168 157
-0.228252 -0.005040 -0.800906 0.907945 -0.022365 0.418491 243 124 180
-0.189751 0.194379 -0.333796 0.792227 -0.531042 -0.300618 228 59 89
-0.005683 -0.208513 -0.789176 -0.606544 0.766576 -0.210870 50 225 100
-0.141276 0.217051 -0.654512 0.306099 -0.944958 0.115576 166 7 142
-0.126461 0.179335 0.032052 0.893024 -0.445782 -0.061533 241 70 119
0.175526 0.036036 -0.108578 -0.993127 -0.049032 0.106279 0 121 141
-0.248227 -0.095907 0.576324 0.613582 0.507353 -0.605070 205 192 50
-0.258412 0.008158 -0.594409 0.997464 -0.071121 0.002725 254 118 127
0.036880 -0.176400 -0.984133 -0.380710 0.852139 0.359054 78 236 173
-0.101719 0.098043 0.410234 -0.359094 -0.135038 0.923481 81 110 245
-0.065761 0.016002 0.252000 0.757282 -0.106251 -0.644387 224 113 45
-0.126941 -0.007414 0.657256 0.458254 -0.004903 -0.888808 185 126 14
-0.126591 -0.172548 0.000181 0.759104 0.640650 -0.115453 224 209 112
0.218379 -0.163376 0.279851 -0.737245 0.568943 0.364383 33 200 173
-0.247450 0.086256 -0.419640 0.947686 -0.313801 -0.058490 248 87 120
0.016422 -0.233327 0.579449 0.107120 0.886839 -0.449490 141 240 70
0.182739 0.122578 0.124531 -0.894581 -0.243989 0.374425 13 96 175
-0.240532 0.006233 -0.292693 0.923549 -0.204701 -0.324275 245 101 86
0.097818 -0.104063 -0.308359 -0.893676 0.358151 0.270316 13 173 161
-0.202009 -0.094099 -0.812647 0.872467 0.282199 0.398955 238 163 178
-0.108251 -0.233558 -0.617044 -0.453635 0.879026 0.146729 69 239 146
-0.143742 -0.153494 -0.006855 0.759104 0.640650 -0.115453 224 209 112
-0.184988 -0.039331 0.630253 0.419348 -0.001828 -0.907824 180 127 11
0.000073 0.214334 -0.400112 -0.679670 -0.688591 0.252769 40 39 159
-0.147888 -0.062689 0.387057 -0.548333 0.307644 0.777616 57 166 226
-0.341053 -0.081894 0.433507 0.888225 0.397587 -0.230174 240 178 98
-0.201294 -0.180145 -0.718097 0.827122 0.470166 0.307918 232 187 166
0.167842 0.006989 -0.193786 -0.993127 -0.049032 0.106279 0 121 141
-0.033632 0.212695 0.599871 0.242122 -0.873244 -0.422874 158 16 73
-0.072216 -0.228477 0.068594 0.575798 0.730911 -0.366368 200 220 80
0.017557 0.255544 -0.161310 -0.063768 -0.996024 0.062215 119 0 135
0.138397 0.227076 0.256439 -0.434127 -0.893055 0.118266 72 13 142
-0.221919 -0.182597 -0.606296 0.733697 0.679458 -0.005098 221 214 126
0.040904 -0.218553 0.614486 -0.006543 0.658010 -0.752980 126 211 31
-0.027324 -0.230211 -0.881028 -0.545727 0.836964 -0.040897 57 234 122
0.097552 0.240842 0.239784 -0.206828 -0.970450 0.124298 101 3 143
0.059464 0.243710 -0.048917 -0.628721 -0.772025 0.093208 47 29 139
0.163185 0.264673 0.460023 -0.029216 -0.978251 0.205358 123 2 153
-0.080780 -0.102301 0.432156 -0.243060 0.346500 0.906013 96 171 243
-0.285207 0.106084 0.405342 0.664680 -0.419983 0.617912 212 73 206
0.045358 -0.071797 -0.720416 -0.824139 0.237023 -0.514407 22 157 61
-0.211222 0.058473 -0.232636 0.939499 -0.161999 -0.301824 247 106 89
0.052755 -0.241375 0.183136 0.293754 0.929005 -0.225074 164 245 98
-0.077076 -0.123347 0.651510 0.283188 0.504084 -0.815907 163 191 23
0.269102 -0.209157 0.446378 -0.562566 0.785015 0.259368 55 227 160
0.298698 0.159856 0.433041 -0.750722 -0.547291 0.369985 31 57 174
-0.203091 -0.200104 -0.539968 0.801739 0.591413 -0.086281 229 202 116
0.177230 0.108081 0.054779 -0.975660 -0.201625 0.086228 3 101 138
0.332470 0.027964 0.394926 -0.923768 0.110464 0.366676 9 141 174
-0.126627 0.222688 -0.756674 0.417159 -0.908033 -0.038152 180 11 122
0.127421 0.234567 0.275723 -0.436623 -0.897138 0.067115 71 13 136
-0.140672 -0.207121 0.504594 -0.231792 0.869421 0.436325 97 238 183
-0.200380 -0.067128 -0.840399 0.905044 0.299657 0.301831 242 165 165
0.302907 -0.162742 0.618552 -0.585453 0.599855 -0.545362 52 203 57
0.049995 0.154258 -0.390550 -0.892578 -0.390797 0.224906 13 77 156
-0.051599 -0.099871 0.674857 0.283188 0.504084 -0.815907 163 191 23
-0.188182 0.070554 -0.129282 0.985660 -0.082507 -0.147197 253 116 108
-0.084580 -0.202199 0.498563 0.027411 0.883716 0.467220 130 240 187
-0.102128 0.028337 0.669852 0.458254 -0.004903 -0.888808 185 126 14
-0.099309 -0.241548 -0.166703 0.786637 0.616114 -0.040071 227 206 122
-0.166024 0.068591 -0.947546 0.925103 -0.366125 0.100682 245 80 140
-0.052676 -0.201511 0.152569 0.401254 0.892301 -0.206869 178 241 101
0.148775 0.025336 -0.243268 -0.823398 -0.038906 0.566130 22 122 199
-0.147762 0.170388 0.583622 0.310156 -0.534296 -0.786341 167 59 27
0.074056 -0.011188 0.704233 0.033842 0.176446 -0.983728 131 149 2
0.231560 0.015816 0.194512 -0.934047 0.123318 0.335186 8 143 170
0.006212 0.054573 -0.601443 -0.966640 -0.192383 0.169103 4 102 149
-0.183006 -0.014716 -0.080470 0.977113 0.142441 -0.157987 252 145 107
0.030135 0.151076 -0.474896 -0.892578 -0.390797 0.224906 13 77 156
0.049989 -0.077859 -0.731047 -0.834045 0.267317 -0.482609 21 161 65
-0.112403 0.058351 0.181226 0.860761 0.087396 -0.501450 237 138 63
0.234434 -0.239914 0.472540 -0.510213 0.834920 0.206376 62 233 153
-0.199273 -0.114137 -0.265512 0.841131 0.523750 -0.134852 234 194 110
0.050067 0.190302 0.378078 0.636021 -0.707697 0.307640 208 37 166
-0.214619 0.121294 -0.296510 0.918209 -0.275774 -0.284325 244 92 91
0.005100 0.033104 0.701358 0.062156 -0.075064 -0.995240 135 117 0
-0.135679 -0.171310 -0.052703 0.759104 0.640650 -0.115453 224 209 112
0.173697 0.012258 -0.136645 -0.993127 -0.049032 0.106279 0 121 141
-0.179454 -0.031926 -0.074021 0.977113 0.142441 -0.157987 252 145 107
0.057528 0.071222 -0.770114 -0.895400 -0.360554 -0.261267 13 81 94
0.283288 0.204845 0.569459 -0.760120 -0.632430 0.149167 30 46 146
0.071740 0.229843 0.617230 0.160251 -0.895777 -0.414612 147 13 74
-0.017755 -0.183650 -0.695210 -0.692700 0.679197 -0.242607 39 214 96
-0.162649 -0.106401 -0.913480 0.900748 0.287717 0.325381 242 164 168
0.276366 -0.176975 0.631388 -0.585453 0.599855 -0.545362 52 203 57
-0.249566 0.039495 -0.339420 0.923549 -0.204701 -0.324275 245 101 86
-0.070180 -0.203464 0.113216 0.476479 0.747303 -0.463148 188 222 68
-0.017613 0.138078 0.446431 0.500029 -0.239284 0.832295 191 96 233
0.221098 0.127623 0.236280 -0.686649 -0.559440 0.464264 39 56 186
-0.094434 0.103647 0.414491 -0.513746 -0.324961 0.794018 61 86 228
0.009148 -0.262288 -0.178072 -0.366742 0.930063 0.021983 80 246 130
-0.058647 -0.023972 0.255922 0.811850 0.164790 -0.560128 231 148 56
0.068628 -0.134819 -0.348460 -0.856381 0.450176 0.252889 18 184 159
-0.007951 0.205413 0.494382 0.352217 -0.911159 0.213852 172 11 154
-0.251754 -0.088678 -0.459817 0.993818 0.090795 0.063885 254 139 135
-0.089828 0.227511 -0.684673 -0.161924 -0.986579 -0.021031 106 1 124
0.018982 0.134121 0.686178 0.009672 -0.374443 -0.927199 128 79 9
-0.056836 -0.253775 -0.047624 0.233607 0.971222 -0.046424 157 251 121
0.209497 0.253267 0.551947 -0.447830 -0.881689 -0.148569 70 15 108
0.091197 0.165701 -0.244326 -0.795109 -0.478583 0.372507 26 66 174
0.339918 -0.014061 0.426350 -0.923768 0.110464 0.366676 9 141 174
0.187702 -0.093839 0.137924 -0.889712 0.338557 0.306253 14 170 166
-0.178412 -0.154939 -0.820422 0.828831 0.472311 0.299934 233 187 165
-0.145233 -0.199108 -0.807356 0.655120 0.641122 0.399725 211 209 178
-0.111145 -0.185023 -0.961148 0.454231 0.702906 0.547355 185 217 197
0.101706 -0.015567 -1.042580 -0.448018 0.224846 0.865289 70 156 237
0.030518 0.179859 -0.859979 -0.683553 -0.729450 -0.025644 40 34 124
-0.178029 -0.227672 -0.537759 0.313310 0.942377 0.117316 167 247 142
0.139037 0.148182 -0.094856 -0.798507 -0.594023 0.097584 25 51 139
-0.152067 -0.061669 -0.984742 0.916897 0.320968 0.237232 244 168 157
-0.014332 -0.223715 0.591084 0.107120 0.886839 -0.449490 141 240 70
-0.249497 -0.083144 -0.506977 0.963476 0.265511 0.034891 250 161 131
0.055912 -0.229932 -0.139333 -0.773224 0.633411 0.030243 28 208 131
0.000808 0.241653 -0.271588 -0.373021 -0.926122 -0.056159 79 9 120
-0.257115 -0.031533 -0.689350 0.963476 0.265511 0.034891 250 161 131
-0.236275 0.125313 -0.448119 0.947686 -0.313801 -0.058490 248 87 120
-0.180294 0.185311 -0.292856 0.792227 -0.531042 -0.300618 228 59 89
-0.224253 0.113396 -0.319964 0.918209 -0.275774 -0.284325 244 92 91
0.045544 0.074192 -0.733857 -0.856132 -0.285296 -0.430864 18 91 72
0.101166 0.228064 0.103070 -0.440309 -0.897711 0.015617 71 13 129
0.111587 0.054576 -0.934864 -0.867819 -0.413202 -0.275961 16 74 92
0.143192 0.225188 0.259789 -0.434127 -0.893055 0.118266 72 13 142
0.224573 0.046153 0.180322 -0.919036 -0.193003 0.343689 10 102 171
0.244369 -0.211628 0.612729 -0.190031 0.748676 -0.635116 103 222 46
0.227168 0.241310 0.569640 -0.447830 -0.881689 -0.148569 70 15 108
0.068689 -0.075755 -0.768750 -0.875237 0.271076 -0.400598 15 162 76
0.046878 -0.168890 -0.856757 -0.789262 0.610522 -0.065792 26 205 119
0.065547 0.031464 -0.466460 -0.936451 -0.022663 0.350066 8 124 172
0.169833 -0.157990 0.160814 -0.746130 0.629066 0.218096 32 207 155
0.020332 -0.201126 -0.921702 -0.545727 0.836964 -0.040897 57 234 122
0.059693 -0.160754 -0.972536 -0.685669 0.690146 0.231424 40 215 157
-0.159567 0.117238 0.020963 0.872698 -0.482870 -0.072355 238 65 118
0.012330 -0.001323 -0.639967 -0.968503 -0.205318 0.140877 4 101 145
0.134164 0.220801 0.193520 -0.434127 -0.893055 0.118266 72 13 142
-0.171284 -0.018920 -0.011764 0.977113 0.142441 -0.157987 252 145 107
0.090608 0.231967 0.137690 -0.403159 -0.908797 -0.107474 76 11 113
0.001580 -0.209829 0.221926 0.401254 0.892301 -0.206869 178 241 101
-0.039612 0.253898 -0.135492 0.059466 -0.998020 -0.020471 135 0 124
0.005991 -0.104615 -1.039660 -0.145324 0.319177 0.936486 108 168 246
0.098289 -0.079103 -0.943012 -0.984731 0.088987 0.149621 1 138 146
0.087797 0.242092 0.233316 -0.206828 -0.970450 0.124298 101 3 143
-0.096940 -0.227830 -0.735154 -0.109779 0.993646 0.024822 113 254 130
-0.139600 0.246442 -0.453109 0.402420 -0.914967 0.029900 178 10 131
0.115076 0.011253 -0.314924 -0.953676 -0.030678 0.299266 5 123 165
-0.177715 -0.168453 -0.298915 0.806999 0.493282 -0.324693 230 190 86
-0.227494 -0.010896 -0.802864 0.907945 -0.022365 0.418491 243 124 180
-0.273221 0.163162 0.474973 0.793359 -0.584637 -0.169653 228 52 105
0.046576 -0.138099 -0.435014 -0.895057 0.397463 0.202226 13 178 153
-0.145815 -0.064282 0.087694 0.969835 0.175519 -0.169157 251 149 105
0.254187 0.098340 0.262162 -0.836559 -0.316272 0.447372 20 87 184
-0.180762 0.053923 0.370490 -0.309841 -0.046521 0.949649 87 121 248
-0.340026 -0.033262 0.475441 0.871586 0.176095 -0.457525 238 149 69
-0.245609 0.096096 -0.499288 0.997372 -0.070245 0.017756 254 118 129
0.111722 -0.118836 -0.218479 -0.837475 0.460464 0.294292 20 186 165
-0.085556 0.019664 0.405057 -0.359094 -0.135038 0.923481 81 110 245
0.252475 -0.149382 0.329911 -0.731348 0.619013 0.286275 34 206 164
0.019390 -0.044642 -0.565583 -0.875279 0.128114 0.466340 15 143 186
-0.092144 -0.253229 -0.222697 0.348563 0.935331 -0.060504 171 246 119
-0.109775 0.210510 -0.874247 0.464050 -0.840879 0.278533 186 20 163
-0.229531 0.189211 0.460501 0.262884 -0.854973 0.447116 161 18 184
-0.162388 0.087939 -0.916957 0.844872 -0.271208 0.461127 235 92 186
0.003223 0.076800 -0.593244 -0.966640 -0.192383 0.169103 4 102 149
-0.208933 -0.092284 -0.257625 0.861585 0.430366 -0.269178 237 182 93
-0.191523 0.198641 0.519457 0.351913 -0.768784 -0.533974 172 29 59
0.064526 -0.222830 0.610543 -0.006543 0.658010 -0.752980 126 211 31
0.137714 -0.194061 0.635048 -0.006543 0.658010 -0.752980 126 211 31
-0.196323 0.116342 0.392956 -0.106129 -0.469470 0.876547 113 67 239
0.133180 -0.193907 0.143294 -0.686595 0.678014 0.262458 39 213 160
-0.211910 0.178169 -0.444448 0.842099 -0.537120 -0.048694 234 59 121
-0.259881 -0.033585 -0.537848 0.999973 0.007346 0.000730 254 128 127
0.124391 0.220782 0.160108 -0.753477 -0.585889 0.298341 31 52 165
0.274986 -0.028290 0.275966 -0.850049 0.091531 0.518689 19 139 193
0.038161 -0.110317 -0.493307 -0.900698 0.260150 0.347945 12 160 171
-0.005170 0.251389 0.084628 0.180172 -0.971576 -0.153552 150 3 107
-0.129339 0.218730 -0.692125 0.417159 -0.908033 -0.038152 180 11 122
-0.138970 -0.119843 -0.958706 0.870623 0.317375 0.375883 238 167 175
-0.058800 -0.127152 0.655502 0.283188 0.504084 -0.815907 163 191 23
0.007124 0.167587 0.443259 0.433016 -0.316055 0.844160 182 87 235
0.217857 -0.257593 0.543407 -0.279892 0.903946 -0.323330 91 242 86
-0.037964 -0.178084 0.206599 0.669232 0.590562 -0.450959 212 202 70
-0.076725 -0.092354 0.429440 -0.243060 0.346500 0.906013 96 171 243
-0.079753 0.088307 0.223366 0.721724 -0.272510 -0.636281 219 92 46
-0.262516 -0.135245 0.528628 0.611217 0.582996 -0.535285 205 201 59
-0.004800 -0.161770 0.450984 0.591779 0.365412 0.718521 202 174 219
0.235638 -0.239797 0.475045 -0.510213 0.834920 0.206376 62 233 153
-0.027217 0.087947 -1.047241 -0.014678 -0.309147 0.950901 125 88 248
-0.216669 0.182875 0.525583 0.351913 -0.768784 -0.533974 172 29 59
-0.125631 0.189595 -0.906441 0.593714 -0.769013 0.236901 203 29 157
0.079570 -0.110541 -0.844327 -0.837727 0.480842 -0.258852 20 188 94
-0.006209 0.109600 0.431392 0.500029 -0.239284 0.832295 191 96 233
-0.166870 0.127240 -0.133866 0.872698 -0.482870 -0.072355 238 65 118
0.095245 0.209754 0.651710 -0.071535 -0.737819 -0.671197 118 33 41
-0.116845 -0.049248 -1.065762 0.557263 0.223704 0.799634 198 156 229
0.051970 -0.165149 -0.883121 -0.789262 0.610522 -0.065792 26 205 119
0.065362 -0.057610 -0.456914 -0.969001 0.040843 0.243658 3 132 158
-0.085193 0.182824 0.150577 0.730887 -0.428768 -0.531001 220 72 59
0.050319 -0.248897 0.077511 -0.535152 0.834882 0.128782 59 233 143
0.074565 0.007003 -1.058945 -0.155875 0.245511 0.956780 107 158 249
0.179475 0.019586 -0.079265 -0.993127 -0.049032 0.106279 0 121 141
-0.003734 0.197050 -0.774591 -0.672273 -0.709145 -0.212517 41 37 100
-0.350353 0.002461 0.451791 0.933805 -0.202494 -0.294965 246 101 89
0.063688 0.103255 0.697784 0.012069 -0.258614 -0.965905 129 94 4
0.065179 0.070528 -0.795375 -0.895400 -0.360554 -0.261267 13 81 94
-0.051794 -0.025926 0.424083 -0.467115 0.067828 0.881591 67 136 239
0.102825 -0.209652 0.621727 -0.006543 0.658010 -0.752980 126 211 31
0.212539 0.044610 0.147276 -0.919036 -0.193003 0.343689 10 102 171
0.240885 -0.029574 0.220306 -0.850049 0.091531 0.518689 19 139 193
0.162687 0.102773 0.699150 0.012069 -0.258614 -0.965905 129 94 4
-0.018107 0.209659 0.526345 0.238406 -0.922720 0.302904 157 9 166
-0.160312 0.016247 0.087295 0.989838 -0.035507 -0.137699 253 122 109
0.123631 -0.027015 -0.990473 -0.843052 0.537784 -0.007155 20 196 126
0.011226 -0.128173 -0.691926 -0.834045 0.267317 -0.482609 21 161 65
-0.081264 -0.228823 0.053684 0.575798 0.730911 -0.366368 200 220 80
0.182132 0.132242 0.135783 -0.840285 -0.485043 0.242186 20 65 158
-0.066796 -0.218274 -0.580444 -0.453635 0.879026 0.146729 69 239 146
-0.171593 0.019383 0.005392 0.989838 -0.035507 -0.137699 253 122 109
-0.340721 -0.030277 0.475265 0.871586 0.176095 -0.457525 238 149 69
-0.051678 -0.210222 0.536315 0.364461 0.915564 0.170033 173 244 149
0.104203 0.031014 -0.874266 -0.873194 -0.410215 -0.263165 16 75 93
-0.213359 0.078795 0.375486 0.084457 -0.451476 0.888277 138 69 240
-0.011798 -0.200436 -0.978702 -0.380710 0.852139 0.359054 78 236 173
-0.005103 -0.123709 -0.663492 -0.824139 0.237023 -0.514407 22 157 61
0.100780 -0.063004 -1.002982 -0.843052 0.537784 -0.007155 20 196 126
-0.106495 0.229171 -0.690852 0.417159 -0.908033 -0.038152 180 11 122
-0.190481 0.077594 -0.148623 0.985660 -0.082507 -0.147197 253 116 108
-0.205070 -0.186491 -0.465036 0.801739 0.591413 -0.086281 229 202 116
-0.073992 -0.176491 0.620953 0.335228 0.459936 -0.822241 170 186 22
-0.198552 0.192307 -0.668369 0.705472 -0.706070 0.061439 217 37 135
0.157119 0.107196 -0.125378 -0.941446 -0.318065 0.111869 7 86 141
0.164861 0.063463 -0.184566 -0.941446 -0.318065 0.111869 7 86 141
-0.244247 -0.088426 -0.611748 0.963476 0.265511 0.034891 250 161 131
-0.025685 -0.267186 -0.171437 0.233607 0.971222 -0.046424 157 251 121
-0.135770 0.177762 -0.091661 0.893024 -0.445782 -0.061533 241 70 119
-0.245677 -0.024110 -0.314696 0.900982 0.191976 -0.389071 242 151 77
-0.350428 -0.014232 0.462948 0.871586 0.176095 -0.457525 238 149 69
0.188279 0.051184 0.046760 -0.975660 -0.201625 0.086228 3 101 138
-0.070111 -0.206908 0.107730 0.476479 0.747303 -0.463148 188 222 68
0.119319 0.044616 0.707623 0.062156 -0.075064 -0.995240 135 117 0
-0.148049 0.112736 0.622682 0.310156 -0.534296 -0.786341 167 59 27
0.000946 0.048201 -0.646047 -0.968503 -0.205318 0.140877 4 101 145
-0.181316 0.136728 -0.847896 0.851945 -0.338637 0.399392 236 84 178
-0.026302 0.218731 -0.939782 -0.269401 -0.905522 0.327801 93 12 169
0.032600 0.116450 0.693457 0.009672 -0.374443 -0.927199 128 79 9
-0.093882 0.199301 0.593033 0.242122 -0.873244 -0.422874 158 16 73
0.065684 0.018608 -1.063369 -0.155875 0.245511 0.956780 107 158 249
-0.240401 -0.037967 -0.760206 0.910113 0.226668 0.346867 243 156 171
-0.167579 0.051434 0.019392 0.985660 -0.082507 -0.147197 253 116 108
-0.265982 0.062148 0.379074 0.158092 -0.215508 0.963620 147 100 250
-0.201887 0.029565 -0.205740 0.903697 -0.054349 -0.424709 242 120 73
0.023197 0.079836 -0.552060 -0.856393 -0.185216 0.481961 18 103 188
0.001260 0.103025 -0.673205 -0.828512 -0.181830 -0.529628 21 104 59
0.073128 0.083845 -0.417227 -0.925734 -0.349746 0.143856 9 82 145
-0.040067 -0.194205 -0.581916 -0.782761 0.500121 0.370357 27 191 174
0.057232 0.196375 -0.277501 -0.834960 -0.511610 0.202723 21 62 153
-0.110253 0.212913 -0.072550 0.547773 -0.836507 0.014149 197 20 129
-0.127572 0.196784 -0.110481 0.893024 -0.445782 -0.061533 241 70 119
-0.193181 0.140387 -0.819477 0.852518 -0.338640 0.398166 236 84 178
0.056401 0.217591 0.291680 0.599306 -0.683168 -0.417270 203 40 74
-0.038462 0.220471 -0.944968 -0.269401 -0.905522 0.327801 93 12 169
-0.134063 0.135939 0.111350 0.788445 -0.412121 -0.456630 228 74 69
-0.078893 -0.212628 -0.639621 -0.505709 0.837844 0.205610 63 234 153
0.060389 0.110387 0.695833 0.012069 -0.258614 -0.965905 129 94 4
0.055614 0.248299 -0.018109 -0.440309 -0.897711 0.015617 71 13 129
0.095160 -0.096668 -0.326945 -0.893676 0.358151 0.270316 13 173 161
0.185821 -0.262335 0.555406 -0.008555 0.986197 -0.165356 126 253 106
0.202767 0.130856 0.204602 -0.840285 -0.485043 0.242186 20 65 158
-0.181286 0.004030 -0.060325 0.989838 -0.035507 -0.137699 253 122 109
-0.244881 0.103283 -0.511798 0.997372 -0.070245 0.017756 254 118 129
0.016534 -0.178757 -0.771198 -0.682788 0.664116 -0.304550 40 212 88
-0.259086 -0.005915 -0.715050 0.997464 -0.071121 0.002725 254 118 127
0.038750 -0.118443 -0.734102 -0.834045 0.267317 -0.482609 21 161 65
-0.235345 0.136851 -0.494951 0.947686 -0.313801 -0.058490 248 87 120
0.233518 -0.117655 0.258821 -0.832134 0.316078 0.455684 21 167 185
-0.142226 0.229686 -0.329251 0.498523 -0.849057 -0.174866 191 19 105
-0.193246 -0.213482 -0.596129 0.733697 0.679458 -0.005098 221 214 126
0.326026 0.105135 0.430208 -0.907529 -0.283513 0.309857 11 91 167
0.059920 0.126488 -1.033366 -0.014678 -0.309147 0.950901 125 88 248
0.198813 -0.236771 0.596721 -0.190031 0.748676 -0.635116 103 222 46
-0.072486 -0.143008 0.181456 0.777980 0.412500 -0.473910 226 180 67
0.185060 0.068336 0.050445 -0.975660 -0.201625 0.086228 3 101 138
-0.133903 0.100944 0.138176 0.919400 -0.072261 -0.386629 244 118 78
-0.161992 -0.121353 -0.022368 0.919570 0.391169 -0.037110 244 177 122
0.080589 0.064375 -0.416553 -0.925734 -0.349746 0.143856 9 82 145
-0.133075 0.087559 0.645695 0.310156 -0.534296 -0.786341 167 59 27
0.019988 0.230776 -0.310712 -0.664935 -0.684894 0.297963 42 40 165
0.092529 -0.227200 0.112253 -0.535152 0.834882 0.128782 59 233 143
-0.234279 -0.006139 -0.787306 0.926350 0.042371 0.374272 245 132 175
0.125642 0.169771 -0.078284 -0.822399 -0.562505 0.085135 22 55 138
0.143672 -0.128401 -0.040738 -0.873396 0.465169 0.144209 16 186 145
0.024813 -0.180059 -0.988243 -0.380710 0.852139 0.359054 78 236 173
0.036286 -0.128226 -0.735264 -0.834045 0.267317 -0.482609 21 161 65
0.168919 0.272279 0.502331 -0.093008 -0.992036 -0.084931 115 1 116
0.095784 -0.002128 -0.840098 -0.958510 0.045790 -0.281356 5 133 91
0.067050 -0.038584 -0.453388 -0.969001 0.040843 0.243658 3 132 158
0.099598 0.030592 -0.360874 -0.945740 0.047930 0.321369 6 133 168
-0.112944 0.125420 0.157311 0.788445 -0.412121 -0.456630 228 74 69
0.245604 0.234367 0.555275 -0.447830 -0.881689 -0.148569 70 15 108
0.112496 -0.207708 0.120228 -0.739192 0.665178 0.105517 33 212 140
0.015590 0.122084 0.393632 0.950733 -0.120051 0.285821 248 112 163
0.007271 -0.087828 0.408003 0.989597 0.141139 -0.027881 253 145 123
-0.242746 0.098338 -0.408243 0.947686 -0.313801 -0.058490 248 87 120
-0.097848 -0.247736 -0.233156 0.786637 0.616114 -0.040071 227 206 122
-0.063671 0.257097 -0.384538 -0.063608 -0.995085 0.075888 119 0 137
0.081163 -0.210708 -0.041894 -0.535152 0.834882 0.128782 59 233 143
-0.132238 -0.208391 0.511604 -0.231792 0.869421 0.436325 97 238 183
-0.076333 -0.216840 -0.678903 -0.456604 0.819141 -0.347161 69 231 83
0.243395 0.236050 0.551941 -0.447830 -0.881689 -0.148569 70 15 108
-0.034983 -0.221114 -0.750710 -0.606544 0.766576 -0.210870 50 225 100
0.040683 -0.061014 -0.521121 -0.875279 0.128114 0.466340 15 143 186
0.000615 0.167195 -1.027389 -0.040180 -0.137700 0.989659 122 109 253
0.274593 0.181393 0.415987 -0.750722 -0.547291 0.369985 31 57 174
0.187789 -0.015060 0.046896 -0.986334 0.136104 0.092853 1 144 139
0.330516 0.072412 0.577574 -0.933371 -0.354891 -0.053577 8 82 120
0.058044 -0.123937 -0.794610 -0.862321 0.476414 -0.171561 17 188 105
0.093011 -0.111293 -0.314673 -0.893676 0.358151 0.270316 13 173 161
0.232436 -0.097765 0.243048 -0.832134 0.316078 0.455684 21 167 185
-0.001787 -0.144517 -0.678490 -0.834045 0.267317 -0.482609 21 161 65
0.257561 -0.022125 0.246321 -0.850049 0.091531 0.518689 19 139 193
0.004512 0.063219 -0.664626 -0.828512 -0.181830 -0.529628 21 104 59
0.019610 -0.206642 0.625080 -0.006543 0.658010 -0.752980 126 211 31
-0.027075 -0.170728 -1.010870 -0.053766 0.610388 0.790276 120 205 228
-0.240123 -0.031270 0.360744 0.172237 0.253467 0.951887 149 159 248
-0.245961 -0.094158 -0.542148 0.993818 0.090795 0.063885 254 139 135
-0.023129 0.204597 -0.497316 -0.705006 -0.680483 0.199772 37 40 152
0.213234 -0.199036 0.337029 -0.731348 0.619013 0.286275 34 206 164
-0.124942 0.112413 0.403043 -0.396479 -0.132979 0.908362 76 110 243
-0.289906 0.023646 0.545085 0.741374 -0.201295 -0.640191 222 101 45
0.053097 0.212834 0.646648 0.229595 -0.871355 -0.433621 156 16 72
-0.215214 0.088137 -0.266273 0.918209 -0.275774 -0.284325 244 92 91
0.176137 0.018725 -0.110856 -0.993127 -0.049032 0.106279 0 121 141
-0.096516 -0.077792 0.667306 0.284528 0.221258 -0.932785 163 155 8
0.294924 -0.102976 0.687936 -0.295702 0.550711 -0.780562 89 197 27
-0.184540 0.140741 0.407450 -0.106129 -0.469470 0.876547 113 67 239
0.125028 0.052856 -1.046574 -0.376447 -0.034036 0.925813 79 123 245
-0.186534 -0.197868 -0.391643 0.776215 0.619667 -0.116200 226 206 112
-0.134109 0.186352 -0.129779 0.893024 -0.445782 -0.061533 241 70 119
-0.123818 -0.139477 0.096177 0.819361 0.413191 -0.397393 231 180 76
0.327939 0.088045 0.420174 -0.907529 -0.283513 0.309857 11 91 167
0.042345 -0.085147 -0.501298 -0.900771 0.260163 0.347746 12 160 171
-0.030149 0.223453 -0.780043 -0.668689 -0.714200 -0.206815 42 36 101
-0.202043 0.027597 -0.863965 0.938325 -0.032585 0.344215 247 123 171
-0.262258 -0.051324 0.574310 0.727738 0.025199 -0.685393 220 130 40
-0.108999 0.211800 -0.186905 0.547773 -0.836507 0.014149 197 20 129
0.069222 0.224651 0.425544 0.498821 -0.853585 0.150234 191 18 146
-0.027066 -0.263062 -0.098253 0.076897 0.994343 -0.073271 137 254 118
-0.175797 0.012950 -0.023169 0.989838 -0.035507 -0.137699 253 122 109
-0.000987 -0.169660 -0.703919 -0.692700 0.679197 -0.242607 39 214 96
-0.057553 0.222461 -0.716745 -0.590346 -0.718859 -0.367062 52 35 80
0.051101 0.121194 -0.443611 -0.892578 -0.390797 0.224906 13 77 156
0.082111 -0.239372 0.212832 -0.353238 0.912989 0.204141 82 243 153
-0.187664 -0.036872 0.629018 0.418008 -0.000987 -0.908443 180 127 11
-0.131312 -0.117637 -0.989238 0.916897 0.320968 0.237232 244 168 157
-0.160796 0.032017 -0.971166 0.929284 -0.043747 0.366766 245 121 174
0.068946 -0.140333 -0.337569 -0.856381 0.450176 0.252889 18 184 159
-0.004607 0.255972 -0.177176 -0.063768 -0.996024 0.062215 119 0 135
0.025797 0.204664 0.266230 0.627703 -0.602700 -0.492688 207 50 64
-0.035194 -0.234611 -0.904610 -0.362562 0.889266 0.278847 81 240 163
-0.076552 -0.031535 -1.068341 -0.048281 0.049662 0.997598 121 133 254
0.010891 -0.170714 0.300461 0.852336 0.266920 -0.449752 236 161 70
0.111202 -0.163143 -0.125322 -0.873396 0.465169 0.144209 16 186 145
-0.010725 -0.073087 0.690214 0.033842 0.176446 -0.983728 131 149 2
0.032907 -0.149953 -0.745094 -0.682788 0.664116 -0.304550 40 212 88
-0.236804 -0.101491 -0.342970 0.892491 0.298846 -0.337864 241 165 84
-0.226707 0.146039 -0.404284 0.947686 -0.313801 -0.058490 248 87 120
-0.045608 -0.057576 -1.061952 -0.155875 0.245511 0.956780 107 158 249
0.254847 -0.102022 0.286801 -0.828152 0.322681 0.458303 21 168 185
-0.085182 -0.202967 0.588531 0.494802 0.845871 0.199183 190 235 152
-0.290704 0.067765 0.530289 0.741374 -0.201295 -0.640191 222 101 45
-0.158212 -0.000247 0.083062 0.969835 0.175519 -0.169157 251 149 105
-0.110878 0.213800 0.004114 0.547773 -0.836507 0.014149 197 20 129
-0.138715 0.136146 -0.952813 0.925103 -0.366125 0.100682 245 80 140
-0.276292 0.036740 0.377030 0.431669 -0.153435 0.888887 182 107 240
-0.004456 0.212488 -0.417317 -0.679670 -0.688591 0.252769 40 39 159
0.080818 0.238239 0.114260 -0.440309 -0.897711 0.015617 71 13 129
-0.007633 0.112691 -0.662611 -0.828512 -0.181830 -0.529628 21 104 59
0.002244 0.256414 -0.136579 0.059466 -0.998020 -0.020471 135 0 124
0.163801 0.247363 0.396795 -0.252725 -0.918578 0.303883 95 10 166
-0.237985 0.061871 -0.317765 0.939499 -0.161999 -0.301824 247 106 89
0.009654 0.197449 -0.888039 -0.607444 -0.793757 -0.031002 50 26 123
0.190420 0.169264 0.238687 -0.840285 -0.485043 0.242186 20 65 158
-0.006876 -0.083913 0.313542 0.815119 0.195836 -0.545187 231 152 57
-0.033661 0.230787 -0.892910 -0.607444 -0.793757 -0.031002 50 26 123
-0.081850 0.087748 0.672547 0.358894 -0.130218 -0.924250 173 110 9
0.060712 0.233075 0.245976 0.262537 -0.932287 -0.248828 160 8 95
0.033740 0.050682 -1.059950 -0.124557 -0.511404 0.850266 111 62 235
0.250522 -0.236874 0.573057 -0.279892 0.903946 -0.323330 91 242 86
-0.170212 0.055574 -0.944499 0.929284 -0.043747 0.366766 245 121 174
0.062568 0.229035 0.466781 0.453436 -0.863924 0.219160 185 17 155
-0.149517 -0.153573 -0.052859 0.919570 0.391169 -0.037110 244 177 122
-0.188689 -0.171587 0.568089 0.343629 0.880653 -0.326143 171 239 85
-0.201186 0.190081 -0.391687 0.835273 -0.546863 -0.057093 233 57 120
0.028243 0.004780 0.704863 0.031643 0.129405 -0.991087 131 143 1
-0.221268 -0.124517 -0.749013 0.872467 0.282199 0.398955 238 163 178
-0.193379 0.030960 -0.154196 0.989838 -0.035507 -0.137699 253 122 109
0.008806 -0.171813 0.646069 0.020007 0.486225 -0.873605 130 189 16
0.019945 0.185958 0.443561 0.433016 -0.316055 0.844160 182 87 235
-0.018857 -0.227152 0.127796 0.476479 0.747303 -0.463148 188 222 68
0.111702 0.255592 0.460293 0.498821 -0.853585 0.150234 191 18 146
-0.215050 -0.167738 -0.429240 0.801739 0.591413 -0.086281 229 202 116
0.068080 -0.246260 0.477989 0.333395 0.927684 0.168079 170 245 148
-0.026971 -0.178415 -0.654239 -0.692700 0.679197 -0.242607 39 214 96
0.242893 -0.010541 0.709716 0.031643 0.129405 -0.991087 131 143 1
0.037983 -0.236406 0.177898 0.401254 0.892301 -0.206869 178 241 101
-0.195621 0.058334 0.622161 0.486475 -0.369154 -0.791875 189 80 26
0.129484 0.271057 0.489119 0.498821 -0.853585 0.150234 191 18 146
0.089309 -0.249780 0.447231 0.355368 0.927208 0.118319 172 245 142
0.188738 -0.071468 0.123692 -0.904117 0.189882 0.382777 12 151 176
0.059533 -0.036244 -0.742891 -0.907212 -0.047014 -0.418038 11 121 74
-0.242070 0.128254 -0.557800 0.947686 -0.313801 -0.058490 248 87 120
0.051588 -0.097904 -0.746376 -0.875237 0.271076 -0.400598 15 162 76
0.340887 -0.028625 0.471524 -0.981345 0.190836 0.023323 2 151 130
-0.106928 0.010937 0.395471 -0.359094 -0.135038 0.923481 81 110 245
-0.242414 0.106855 -0.448558 0.947686 -0.313801 -0.058490 248 87 120
0.056374 -0.179177 0.643060 0.020007 0.486225 -0.873605 130 189 16
-0.122526 0.203011 -0.191438 0.449372 -0.850478 -0.273408 184 19 92
0.324574 0.090664 0.560182 -0.933371 -0.354891 -0.053577 8 82 120
-0.067339 0.238091 0.033847 0.475381 -0.879703 -0.011677 188 15 126
0.101565 -0.024845 -0.339276 -0.887417 0.127132 0.443090 14 143 183
-0.221562 0.017501 0.607486 0.574717 -0.002850 -0.818348 200 127 23
-0.108840 0.228906 -0.820267 0.464050 -0.840879 0.278533 186 20 163
-0.134522 0.187622 -0.144978 0.893024 -0.445782 -0.061533 241 70 119
-0.149993 -0.114000 0.057939 0.978288 -0.096675 -0.183319 252 115 104
0.012304 0.112649 -0.693785 -0.828512 -0.181830 -0.529628 21 104 59
0.130210 0.045576 -0.268880 -0.823398 -0.038906 0.566130 22 122 199
0.143379 0.224287 0.253667 -0.434127 -0.893055 0.118266 72 13 142
0.215322 -0.081382 0.200432 -0.832134 0.316078 0.455684 21 167 185
0.043215 -0.149696 -0.427093 -0.895057 0.397463 0.202226 13 178 153
-0.011137 -0.220027 -0.834317 -0.604413 0.795482 0.043516 50 228 133
-0.255228 0.040419 -0.678583 0.990792 -0.135317 -0.004521 253 110 126
0.081259 -0.216616 -0.003193 -0.535152 0.834882 0.128782 59 233 143
-0.258717 -0.001103 -0.724664 0.997464 -0.071121 0.002725 254 118 127
-0.177595 -0.020333 -0.922649 0.968270 0.088843 0.233582 250 138 157
-0.249523 0.005611 -0.750907 0.926350 0.042371 0.374272 245 132 175
-0.078197 -0.062680 0.216199 0.811850 0.164790 -0.560128 231 148 56
0.077751 0.089796 -0.373008 -0.925734 -0.349746 0.143856 9 82 145
-0.124716 0.112779 -1.004316 0.748488 -0.478915 0.458700 222 66 185
-0.002209 -0.120038 0.431906 0.250504 0.103310 0.962588 159 140 250
-0.028539 0.203781 -0.728180 -0.636424 -0.691031 -0.342695 46 39 83
-0.043382 -0.241539 -0.888927 -0.604413 0.795482 0.043516 50 228 133
0.074046 -0.144165 -0.946534 -0.784101 0.616064 -0.075168 27 206 117
0.063007 0.152137 -0.965912 -0.715882 -0.680683 0.155511 36 40 147
-0.063183 -0.170915 -1.013183 -0.053766 0.610388 0.790276 120 205 228
-0.243933 0.054222 -0.332176 0.939499 -0.161999 -0.301824 247 106 89
-0.080702 -0.227969 -0.565359 -0.453635 0.879026 0.146729 69 239 146
0.083986 -0.017132 -0.399699 -0.945740 0.047930 0.321369 6 133 168
0.221628 0.231586 0.405315 -0.434743 -0.864489 0.252303 72 17 159
0.169085 -0.092013 0.016410 -0.908908 0.400083 0.117556 11 178 142
-0.133711 0.208423 0.541342 0.031678 -0.985205 -0.168429 131 1 106
0.026912 -0.204598 -0.389151 -0.606660 0.780196 0.152504 50 226 146
-0.046427 -0.263686 -0.202595 0.233607 0.971222 -0.046424 157 251 121
0.287074 -0.191600 0.603807 -0.585453 0.599855 -0.545362 52 203 57
0.089909 -0.107308 0.683072 0.012577 0.464386 -0.885544 129 186 14
-0.119748 -0.147490 -0.986442 0.759477 0.447324 0.472330 224 184 187
-0.006122 0.198453 -0.771718 -0.672273 -0.709145 -0.212517 41 37 100
-0.213295 0.026974 -0.833353 0.938325 -0.032585 0.344215 247 123 171
0.071972 0.078835 -0.832585 -0.905034 -0.362872 -0.221897 12 81 99
0.072051 0.063214 0.703269 0.062156 -0.075064 -0.995240 135 117 0
0.114116 -0.146001 0.662847 0.020007 0.486225 -0.873605 130 189 16
-0.102088 0.172006 0.446836 -0.308700 -0.548573 0.777028 88 57 226
-0.155565 -0.125521 0.034283 0.978288 -0.096675 -0.183319 252 115 104
0.037081 0.084346 -0.525655 -0.856393 -0.185216 0.481961 18 103 188
-0.259865 -0.022206 -0.674845 0.999973 0.007346 0.000730 254 128 127
0.330259 0.025282 0.634834 -0.986301 -0.112760 -0.120398 1 113 112
-0.152200 -0.207833 0.499887 -0.231792 0.869421 0.436325 97 238 183
-0.235425 -0.088722 0.375570 0.055821 0.340950 0.938423 134 170 247
0.111924 0.225840 0.149933 -0.434127 -0.893055 0.118266 72 13 142
0.031895 0.143877 0.682373 0.009672 -0.374443 -0.927199 128 79 9
-0.067709 0.068699 0.241022 0.757282 -0.106251 -0.644387 224 113 45
0.039417 -0.252092 -0.096954 -0.773224 0.633411 0.030243 28 208 131
0.045070 0.255042 0.072249 -0.440309 -0.897711 0.015617 71 13 129
0.012623 -0.036848 -0.635045 -0.986125 0.137027 -0.093706 1 144 115
0.112664 0.223898 0.137980 -0.434127 -0.893055 0.118266 72 13 142
0.323932 0.098536 0.519220 -0.933371 -0.354891 -0.053577 8 82 120
-0.114016 0.214329 -0.855258 0.593714 -0.769013 0.236901 203 29 157
0.294023 -0.183405 0.605362 -0.585453 0.599855 -0.545362 52 203 57
-0.259861 -0.033884 -0.562200 0.999973 0.007346 0.000730 254 128 127
0.143934 -0.256020 0.427021 -0.113514 0.967323 0.226717 113 250 156
-0.280592 0.106835 0.523579 0.644733 -0.316703 -0.695714 209 87 38
-0.162237 -0.180125 0.572905 0.343629 0.880653 -0.326143 171 239 85
0.133707 0.194598 0.658242 -0.077433 -0.517572 -0.852129 117 61 18
0.019605 0.121545 0.339249 0.797390 -0.147870 -0.585067 229 108 52
0.237984 0.240859 0.514450 -0.573258 -0.819230 0.015416 54 23 129
0.024393 0.255927 0.015657 0.083692 -0.996457 -0.008368 138 0 126
-0.018948 0.209990 0.189791 0.444240 -0.862700 -0.241661 184 17 96
0.009325 0.240133 -0.312997 -0.664935 -0.684894 0.297963 42 40 165
-0.089335 0.101034 -1.047694 -0.124557 -0.511404 0.850266 111 62 235
-0.108263 -0.229710 -0.160445 0.786637 0.616114 -0.040071 227 206 122
0.172957 0.070833 -0.080667 -0.975660 -0.201625 0.086228 3 101 138
-0.230980 0.143929 -0.462213 0.947686 -0.313801 -0.058490 248 87 120
0.034530 0.055421 -0.708907 -0.828512 -0.181830 -0.529628 21 104 59
-0.008217 -0.180751 0.463673 0.462883 0.524396 0.714666 186 194 218
0.065639 0.085222 -0.817231 -0.895400 -0.360554 -0.261267 13 81 94
-0.008642 -0.110272 0.299316 0.852336 0.266920 -0.449752 236 161 70
-0.118728 -0.193282 -0.063173 0.759104 0.640650 -0.115453 224 209 112
-0.040835 -0.007192 0.700997 0.033842 0.176446 -0.983728 131 149 2
0.045204 0.163350 -0.998788 -0.715882 -0.680683 0.155511 36 40 147
0.071432 -0.132915 -0.342356 -0.856381 0.450176 0.252889 18 184 159
-0.248933 0.072017 -0.485278 0.979023 -0.203748 0.000948 252 101 127
-0.105557 0.204116 0.558680 -0.418139 -0.902891 -0.099734 74 12 114
-0.198363 0.026941 -0.188985 0.989838 -0.035507 -0.137699 253 122 109
-0.058977 0.257026 -0.296602 -0.020333 -0.999685 -0.014695 124 0 125
-0.155569 0.187061 -0.230880 0.695872 -0.685118 -0.215351 216 40 100
0.161370 -0.048756 -0.185234 -0.983240 0.160931 0.085673 2 148 138
0.131716 0.010426 -0.269104 -0.823398 -0.038906 0.566130 22 122 199
0.342611 -0.002272 0.429583 -0.923768 0.110464 0.366676 9 141 174
0.308300 -0.107343 0.405264 -0.861076 0.362916 0.356146 17 173 172
-0.161849 0.148212 -0.879683 0.851945 -0.338637 0.399392 236 84 178
0.056741 -0.240966 0.190029 0.293754 0.929005 -0.225074 164 245 98
0.117401 0.083531 -0.290953 -0.847667 -0.307004 0.432677 19 88 182
0.000612 0.144046 -0.563817 -0.871975 -0.360542 0.331162 16 81 169
0.006006 -0.188866 0.460415 0.462883 0.524396 0.714666 186 194 218
-0.013538 -0.185093 -0.537935 -0.707184 0.676075 0.206912 37 213 153
-0.243142 0.001708 -0.297273 0.923549 -0.204701 -0.324275 245 101 86
0.031684 -0.236021 -0.224999 -0.462275 0.846447 0.264251 68 235 161
-0.041996 0.256552 -0.287860 -0.020333 -0.999685 -0.014695 124 0 125
0.071908 -0.032460 -0.435096 -0.969001 0.040843 0.243658 3 132 158
-0.158951 -0.217511 -0.341623 0.594630 0.796688 -0.108177 203 229 113
0.052058 -0.100980 -1.033770 -0.144313 0.314236 0.938312 109 167 247
0.070625 0.110629 -0.879084 -0.905034 -0.362872 -0.221897 12 81 99
-0.169028 -0.228556 -0.554703 0.313310 0.942377 0.117316 167 247 142
-0.055153 -0.110570 0.667013 0.283188 0.504084 -0.815907 163 191 23
0.068210 -0.155251 -0.313506 -0.856381 0.450176 0.252889 18 184 159
-0.293269 -0.061500 0.385917 0.388537 0.227774 0.892837 177 156 241
-0.097419 -0.062392 0.412429 -0.243060 0.346500 0.906013 96 171 243
-0.006260 -0.136453 -1.030860 -0.144313 0.314236 0.938312 109 167 247
0.300885 0.184776 0.574043 -0.760120 -0.632430 0.149167 30 46 146
-0.185342 -0.034068 0.630083 0.418008 -0.000987 -0.908443 180 127 11
-0.125225 -0.010129 -1.066596 0.815430 -0.128346 0.564447 231 111 199
0.105145 -0.064656 -0.320684 -0.887417 0.127132 0.443090 14 143 183
-0.031617 0.242967 -0.407173 -0.679038 -0.690000 0.250616 40 39 159
0.250474 -0.063686 0.698460 0.015272 0.242815 -0.969952 129 158 3
-0.224099 0.062501 0.372282 0.158092 -0.215508 0.963620 147 100 250
0.047845 0.166533 -0.942764 -0.683553 -0.729450 -0.025644 40 34 124
-0.132818 0.202569 -0.846315 0.593714 -0.769013 0.236901 203 29 157
0.087590 0.240125 0.601142 0.160251 -0.895777 -0.414612 147 13 74
-0.156150 -0.160610 -0.879569 0.720107 0.662565 0.206042 219 211 153
0.042606 0.024777 -0.525261 -0.921391 -0.019797 0.388132 10 124 176
0.086533 -0.228066 0.360800 0.631523 0.735038 0.246776 208 221 158
0.094603 0.051518 -0.358332 -0.847667 -0.307004 0.432677 19 88 182
0.215118 -0.122567 0.228627 -0.832134 0.316078 0.455684 21 167 185
-0.303892 -0.102945 0.408436 0.574156 0.410561 0.708368 200 179 217
-0.105688 -0.003452 0.393849 -0.359094 -0.135038 0.923481 81 110 245
-0.172368 -0.102502 -0.080774 0.919570 0.391169 -0.037110 244 177 122
-0.248075 -0.004380 -0.753358 0.926350 0.042371 0.374272 245 132 175
-0.008115 -0.206743 -0.958274 -0.362562 0.889266 0.278847 81 240 163
0.233364 0.181856 0.326047 -0.689575 -0.609124 0.391733 39 49 177
0.003057 0.148506 -0.698643 -0.856132 -0.285296 -0.430864 18 91 72
0.136700 0.151413 -0.094309 -0.798507 -0.594023 0.097584 25 51 139
0.125277 -0.082903 0.691678 0.015272 0.242815 -0.969952 129 158 3
0.168123 0.247629 0.602308 -0.071535 -0.737819 -0.671197 118 33 41
0.271143 0.209220 0.478963 -0.839469 -0.538517 0.072747 20 58 136
-0.215397 -0.136412 -0.747393 0.828831 0.472311 0.299934 233 187 165
0.128549 0.251831 0.393919 -0.029216 -0.978251 0.205358 123 2 153
0.073323 -0.007947 -1.055311 -0.155875 0.245511 0.956780 107 158 249
0.019393 -0.179758 -0.779790 -0.682788 0.664116 -0.304550 40 212 88
0.143596 -0.244683 0.378477 -0.113514 0.967323 0.226717 113 250 156
-0.000992 0.207237 -0.930052 -0.607444 -0.793757 -0.031002 50 26 123
0.018246 0.207333 0.459417 0.352217 -0.911159 0.213852 172 11 154
0.296635 0.148887 0.617660 -0.768725 -0.499138 -0.399903 29 63 76
-0.091225 -0.255180 -0.462549 -0.193348 0.977973 0.078646 102 252 137
0.145411 0.227315 0.295808 -0.436623 -0.897138 0.067115 71 13 136
0.179175 0.046089 -0.068169 -0.975660 -0.201625 0.086228 3 101 138
-0.237038 0.043962 -0.779226 0.907945 -0.022365 0.418491 243 124 180
-0.003735 0.009979 0.392810 0.972401 -0.215342 0.089805 251 100 138
0.026310 -0.048801 -0.679303 -0.824139 0.237023 -0.514407 22 157 61
0.189451 -0.094412 0.143637 -0.889712 0.338557 0.306253 14 170 166
0.328633 0.029520 0.644185 -0.986301 -0.112760 -0.120398 1 113 112
0.232595 0.223815 0.611693 -0.438566 -0.834816 -0.332780 71 21 85
-0.077375 0.119940 0.432197 -0.513746 -0.324961 0.794018 61 86 228
-0.330125 -0.104213 0.437128 0.888225 0.397587 -0.230174 240 178 98
0.187216 0.054041 0.041405 -0.975660 -0.201625 0.086228 3 101 138
0.162090 -0.063161 -0.135872 -0.908908 0.400083 0.117556 11 178 142
0.150911 -0.138309 0.035063 -0.873396 0.465169 0.144209 16 186 145
0.165555 -0.029243 -0.173859 -0.983240 0.160931 0.085673 2 148 138
-0.245770 0.074778 -0.351993 0.918209 -0.275774 -0.284325 244 92 91
-0.258546 0.008064 -0.437251 0.990792 -0.135317 -0.004521 253 110 126
-0.250151 0.066198 -0.478282 0.979023 -0.203748 0.000948 252 101 127
-0.271893 0.060156 0.379598 0.158092 -0.215508 0.963620 147 100 250
-0.116352 0.041790 0.171561 0.860761 0.087396 -0.501450 237 138 63
0.006432 0.134523 0.431235 0.433016 -0.316055 0.844160 182 87 235
0.068167 -0.003962 -0.765257 -0.907212 -0.047014 -0.418038 11 121 74
-0.254168 0.040276 -0.442023 0.990792 -0.135317 -0.004521 253 110 126
0.078319 -0.130693 -0.879477 -0.789262 0.610522 -0.065792 26 205 119
-0.212992 -0.080023 -0.798586 0.872467 0.282199 0.398955 238 163 178
0.268321 0.183757 0.628566 -0.768725 -0.499138 -0.399903 29 63 76
0.120279 0.257846 0.444624 0.498821 -0.853585 0.150234 191 18 146
-0.112121 -0.230858 -0.681074 -0.109779 0.993646 0.024822 113 254 130
0.344366 -0.007294 0.443350 -0.981345 0.190836 0.023323 2 151 130
-0.240753 -0.077256 -0.733607 0.910113 0.226668 0.346867 243 156 171
-0.220390 0.171252 -0.514803 0.842099 -0.537120 -0.048694 234 59 121
-0.011864 -0.210386 -0.778208 -0.606544 0.766576 -0.210870 50 225 100
-0.124541 0.138185 0.414619 -0.169861 -0.551577 0.816646 105 57 231
0.050047 0.005105 -0.508600 -0.921391 -0.019797 0.388132 10 124 176
-0.126700 -0.184533 -0.067037 0.759104 0.640650 -0.115453 224 209 112
-0.095106 0.119463 -1.038043 -0.014678 -0.309147 0.950901 125 88 248
-0.042206 0.093021 -1.045823 -0.014678 -0.309147 0.950901 125 88 248
-0.000674 0.057863 -0.643102 -0.968503 -0.205318 0.140877 4 101 145
0.009023 -0.264548 -0.080538 0.076897 0.994343 -0.073271 137 254 118
-0.014589 -0.202696 -0.484008 -0.707184 0.676075 0.206912 37 213 153
0.132092 0.056700 -0.265377 -0.823398 -0.038906 0.566130 22 122 199
0.019536 -0.094975 0.686991 0.015272 0.242815 -0.969952 129 158 3
0.094979 0.027192 -0.373958 -0.945740 0.047930 0.321369 6 133 168
-0.145119 -0.160213 0.429692 -0.224797 0.631732 0.741876 98 208 222
0.335136 -0.067176 0.539432 -0.987093 0.158206 0.024885 1 147 130
0.058546 0.118174 -0.419313 -0.892578 -0.390797 0.224906 13 77 156
-0.251738 0.091383 0.385533 0.084457 -0.451476 0.888277 138 69 240
0.180518 0.072269 0.008244 -0.975660 -0.201625 0.086228 3 101 138
0.148646 -0.056293 -0.211261 -0.837475 0.460464 0.294292 20 186 165
0.230502 0.011914 0.193000 -0.934047 0.123318 0.335186 8 143 170
0.128512 0.025132 0.709667 0.062156 -0.075064 -0.995240 135 117 0
0.118767 0.006039 -0.303696 -0.953676 -0.030678 0.299266 5 123 165
0.276413 -0.216371 0.539552 -0.785105 0.617380 -0.049524 27 206 121
0.162003 -0.001304 -0.225860 -0.823398 -0.038906 0.566130 22 122 199
-0.027602 -0.204920 -0.726641 -0.692700 0.679197 -0.242607 39 214 96
-0.051147 -0.087691 0.246127 0.785733 0.279535 -0.551801 227 163 57
-0.242004 0.004532 0.362578 0.003114 -0.088312 0.996088 127 116 254
-0.211296 0.156721 -0.748485 0.825733 -0.513982 0.232351 232 61 157
0.242363 0.209259 0.391813 -0.750722 -0.547291 0.369985 31 57 174
0.095446 -0.003904 -0.363514 -0.967552 0.100570 0.231796 4 140 157
0.278148 -0.216387 0.511829 -0.785105 0.617380 -0.049524 27 206 121
0.123857 -0.241398 0.313299 -0.055620 0.996643 0.060077 120 254 135
0.122243 0.052415 -0.287866 -0.953676 -0.030678 0.299266 5 123 165
-0.167336 -0.159226 0.422120 -0.224797 0.631732 0.741876 98 208 222
-0.343434 -0.018036 0.400181 0.431669 -0.153435 0.888887 182 107 240
-0.028162 -0.051345 0.292754 0.826213 0.182103 -0.533114 232 150 59
-0.234700 -0.167008 -0.613784 0.993818 0.090795 0.063885 254 139 135
-0.055853 -0.250537 0.025061 0.233607 0.971222 -0.046424 157 251 121
-0.143569 -0.064101 0.100761 0.969835 0.175519 -0.169157 251 149 105
0.283188 -0.092062 0.333518 -0.864400 0.320539 0.387386 17 168 176
0.126999 -0.127277 -0.145340 -0.873396 0.465169 0.144209 16 186 145
-0.031508 0.247142 -0.395381 -0.679038 -0.690000 0.250616 40 39 159
0.237485 -0.093338 0.690832 0.015272 0.242815 -0.969952 129 158 3
0.131389 0.266226 0.462895 -0.029216 -0.978251 0.205358 123 2 153
-0.186867 -0.040361 -0.127473 0.977113 0.142441 -0.157987 252 145 107
0.140745 0.267232 0.469020 -0.029216 -0.978251 0.205358 123 2 153
0.203270 -0.183948 0.643316 -0.006543 0.658010 -0.752980 126 211 31
-0.019064 0.147402 -0.640317 -0.966640 -0.192383 0.169103 4 102 149
-0.182938 0.038561 -0.908347 0.844872 -0.271208 0.461127 235 92 186
0.109292 -0.083087 -0.298218 -0.893676 0.358151 0.270316 13 173 161
0.079124 0.212406 -0.176323 -0.669055 -0.741953 0.043260 42 32 133
0.039607 -0.022383 -0.702281 -0.902292 -0.047082 -0.428547 12 121 72
0.189822 0.006149 0.037403 -0.986334 0.136104 0.092853 1 144 139
0.109688 -0.013123 -0.326370 -0.887417 0.127132 0.443090 14 143 183
0.026145 0.175856 -0.999166 -0.374623 -0.783613 0.495589 79 27 190
0.183333 -0.068654 0.078120 -0.986334 0.136104 0.092853 1 144 139
-0.074094 0.202848 -0.973320 0.637243 -0.585431 0.501190 208 52 191
-0.191496 0.021766 0.627191 0.418008 -0.000987 -0.908443 180 127 11
0.084263 0.141239 -0.305315 -0.834960 -0.511610 0.202723 21 62 153
0.092880 -0.216761 0.046035 -0.535152 0.834882 0.128782 59 233 143
-0.250956 -0.054469 -0.684892 0.963476 0.265511 0.034891 250 161 131
-0.240839 0.024845 -0.772001 0.907945 -0.022365 0.418491 243 124 180
-0.000815 0.048472 0.329888 0.797390 -0.147870 -0.585067 229 108 52
-0.056336 -0.148567 0.465718 -0.385701 0.469742 0.794089 78 187 228
-0.205411 -0.082596 -0.813344 0.872467 0.282199 0.398955 238 163 178
-0.023885 0.214346 0.545171 0.238406 -0.922720 0.302904 157 9 166
0.160229 -0.131791 0.083317 -0.908908 0.400083 0.117556 11 178 142
-0.042403 0.168638 0.470111 0.500029 -0.239284 0.832295 191 96 233
0.050247 -0.173832 0.645895 0.020007 0.486225 -0.873605 130 189 16
0.020891 -0.259326 -0.107465 -0.366742 0.930063 0.021983 80 246 130
0.123278 0.187976 0.663212 -0.077433 -0.517572 -0.852129 117 61 18
0.007527 0.046992 -0.602569 -0.968503 -0.205318 0.140877 4 101 145
-0.241981 -0.092950 -0.639893 0.963476 0.265511 0.034891 250 161 131
-0.256451 -0.009756 -0.732018 0.926350 0.042371 0.374272 245 132 175
0.066251 0.226509 -0.145604 -0.628721 -0.772025 0.093208 47 29 139
-0.138202 -0.020523 0.126286 0.861438 0.041714 -0.506146 237 132 62
-0.134329 -0.178763 -0.903734 0.745369 0.643239 0.175122 222 209 149
0.084240 0.214073 0.362113 0.636021 -0.707697 0.307640 208 37 166
-0.196654 -0.040292 -0.186731 0.967639 0.086952 -0.236884 250 138 97
-0.072978 0.225990 -0.743086 -0.161924 -0.986579 -0.021031 106 1 124
0.005235 0.220282 0.536015 0.352217 -0.911159 0.213852 172 11 154
-0.187136 0.082404 -0.128920 0.985660 -0.082507 -0.147197 253 116 108
-0.150575 -0.162703 -0.175315 0.919570 0.391169 -0.037110 244 177 122
-0.255141 0.037029 -0.558096 0.990792 -0.135317 -0.004521 253 110 126
-0.137403 -0.234853 -0.590998 0.367610 0.920090 0.135265 174 244 144
0.013881 0.076913 0.362567 0.972401 -0.215342 0.089805 251 100 138
-0.145889 -0.164726 -0.083299 0.759104 0.640650 -0.115453 224 209 112
0.091813 -0.104550 -0.909807 -0.948447 0.310275 -0.064633 6 167 119
0.001789 -0.113722 0.315789 0.815119 0.195836 -0.545187 231 152 57
-0.028259 0.088945 0.693188 0.358894 -0.130218 -0.924250 173 110 9
-0.002226 -0.068494 0.326033 0.815119 0.195836 -0.545187 231 152 57
-0.023935 -0.251921 -0.349318 -0.606660 0.780196 0.152504 50 226 146
-0.186510 -0.186149 0.440558 -0.218124 0.865826 0.450297 99 237 184
0.005082 -0.235757 -0.316586 -0.606660 0.780196 0.152504 50 226 146
-0.073647 0.204625 0.119592 0.461037 -0.822020 -0.334258 186 22 84
-0.082026 0.112282 0.426054 -0.513746 -0.324961 0.794018 61 86 228
0.052707 0.026739 -0.501112 -0.936451 -0.022663 0.350066 8 124 172
-0.087206 -0.222998 -0.615245 -0.453635 0.879026 0.146729 69 239 146
0.100046 0.093427 -0.956744 -0.867819 -0.413202 -0.275961 16 74 92
-0.244192 0.088247 -0.377542 0.947686 -0.313801 -0.058490 248 87 120
-0.179418 -0.215328 -0.437220 0.776215 0.619667 -0.116200 226 206 112
-0.248575 -0.062515 -0.689421 0.963476 0.265511 0.034891 250 161 131
-0.188361 0.093587 -0.168490 0.872698 -0.482870 -0.072355 238 65 118
-0.280256 0.097190 0.393972 0.664680 -0.419983 0.617912 212 73 206
-0.107993 0.212655 -0.175255 0.547773 -0.836507 0.014149 197 20 129
-0.008525 -0.110993 0.299108 0.852336 0.266920 -0.449752 236 161 70
-0.058129 -0.169764 0.631184 0.335228 0.459936 -0.822241 170 186 22
-0.246187 0.084649 -0.606345 0.979023 -0.203748 0.000948 252 101 127
-0.232090 -0.033154 0.599492 0.604727 0.027692 -0.795951 204 131 26
0.113008 -0.042950 -0.936381 -0.843052 0.537784 -0.007155 20 196 126
0.183524 0.025734 -0.038592 -0.993127 -0.049032 0.106279 0 121 141
-0.192655 -0.199103 -0.712354 0.827122 0.470166 0.307918 232 187 166
-0.347890 0.034066 0.437892 0.933805 -0.202494 -0.294965 246 101 89
0.105451 0.263213 0.537553 0.167912 -0.957298 -0.235345 148 5 97
0.020218 0.175304 0.302597 0.663735 -0.649576 -0.370819 212 44 80
-0.132697 0.175692 0.585960 0.310156 -0.534296 -0.786341 167 59 27
-0.259808 -0.006003 -0.453162 0.997464 -0.071121 0.002725 254 118 127
-0.222271 0.154008 -0.375169 0.947686 -0.313801 -0.058490 248 87 120
-0.191016 -0.031180 -0.144857 0.977113 0.142441 -0.157987 252 145 107
-0.111881 0.197963 0.057368 0.795414 -0.542656 -0.269891 228 58 93
-0.020591 -0.163185 -0.609096 -0.861046 0.507078 -0.038355 17 192 122
-0.271633 -0.169477 0.424286 0.075850 0.590716 0.803306 137 202 229
0.239754 -0.013672 0.709207 0.031643 0.129405 -0.991087 131 143 1
0.236298 0.134805 0.267415 -0.686649 -0.559440 0.464264 39 56 186
0.296506 0.130642 0.377670 -0.866809 -0.345473 0.359571 16 83 173
0.184022 0.007871 -0.031638 -0.983240 0.160931 0.085673 2 148 138
0.225279 -0.144978 0.665240 0.012577 0.464386 -0.885544 129 186 14
0.156589 0.217275 0.249211 -0.434127 -0.893055 0.118266 72 13 142
-0.132036 0.220274 -0.652629 0.306099 -0.944958 0.115576 166 7 142
-0.137902 -0.212171 -0.263465 0.841131 0.523750 -0.134852 234 194 110
0.029310 0.227751 0.215098 0.444240 -0.862700 -0.241661 184 17 96
-0.028281 0.255700 -0.205792 -0.063768 -0.996024 0.062215 119 0 135
-0.258409 -0.051929 -0.498426 0.963476 0.265511 0.034891 250 161 131
-0.014590 0.177410 -0.547720 -0.763666 -0.566237 0.310143 30 55 167
0.214701 -0.208073 0.360319 -0.731348 0.619013 0.286275 34 206 164
0.007679 0.015072 -0.648046 -0.968503 -0.205318 0.140877 4 101 145
0.017561 0.058697 -0.683486 -0.828512 -0.181830 -0.529628 21 104 59
0.002582 0.205240 -0.948956 -0.607444 -0.793757 -0.031002 50 26 123
-0.086724 -0.050215 0.207506 0.811850 0.164790 -0.560128 231 148 56
0.057851 -0.008439 0.704082 0.031643 0.129405 -0.991087 131 143 1
0.138015 -0.144164 -0.024153 -0.873396 0.465169 0.144209 16 186 145
0.140387 0.131883 0.688348 0.009672 -0.374443 -0.927199 128 79 9
0.044342 -0.099890 -0.733490 -0.834045 0.267317 -0.482609 21 161 65
-0.228118 -0.173940 -0.593173 0.801739 0.591413 -0.086281 229 202 116
-0.043279 0.256045 -0.251610 -0.020333 -0.999685 -0.014695 124 0 125
-0.102925 0.240943 -0.286756 0.419406 -0.886100 -0.197295 180 14 102
-0.055033 0.026856 0.691539 0.358894 -0.130218 -0.924250 173 110 9
-0.019205 -0.198486 0.207719 0.669232 0.590562 -0.450959 212 202 70
-0.071329 -0.225033 -0.733861 -0.109779 0.993646 0.024822 113 254 130
-0.120818 0.118451 0.150003 0.788445 -0.412121 -0.456630 228 74 69
-0.031909 -0.233378 -0.878757 -0.604413 0.795482 0.043516 50 228 133
0.041213 0.231229 -0.254213 -0.673482 -0.710137 0.205250 41 36 153
-0.115449 -0.231687 -0.662606 -0.109779 0.993646 0.024822 113 254 130
-0.253626 0.045589 -0.482243 0.990792 -0.135317 -0.004521 253 110 126
0.321492 0.086391 0.399778 -0.907529 -0.283513 0.309857 11 91 167
0.174611 0.240113 0.383869 -0.252725 -0.918578 0.303883 95 10 166
-0.023463 -0.242252 -0.392441 -0.589045 0.789274 0.173414 52 228 149
0.112837 0.182517 -0.117772 -0.822399 -0.562505 0.085135 22 55 138
-0.255796 -0.075524 -0.415634 0.993818 0.090795 0.063885 254 139 135
0.233408 0.028056 0.714453 0.031643 0.129405 -0.991087 131 143 1
0.130223 -0.235314 0.599063 -0.006543 0.658010 -0.752980 126 211 31
0.203437 0.050183 0.126807 -0.894581 -0.243989 0.374425 13 96 175
-0.032292 -0.235801 -0.839794 -0.604413 0.795482 0.043516 50 228 133
-0.200751 -0.198614 -0.508008 0.801739 0.591413 -0.086281 229 202 116
0.140510 -0.157881 0.035210 -0.873396 0.465169 0.144209 16 186 145
0.286478 -0.201214 0.568939 -0.785105 0.617380 -0.049524 27 206 121
-0.164054 0.013933 0.060995 0.989838 -0.035507 -0.137699 253 122 109
0.066382 -0.033376 -1.049917 -0.155875 0.245511 0.956780 107 158 249
-0.222432 -0.088594 0.374751 0.055821 0.340950 0.938423 134 170 247
-0.069888 0.237297 -0.010111 0.475381 -0.879703 -0.011677 188 15 126
0.000178 -0.103270 0.317136 0.815119 0.195836 -0.545187 231 152 57
-0.196144 -0.156291 -0.321548 0.738735 0.525061 -0.422589 221 194 73
0.057766 -0.021915 -0.740667 -0.907212 -0.047014 -0.418038 11 121 74
-0.067998 0.238745 -0.181182 0.547773 -0.836507 0.014149 197 20 129
0.280167 -0.127195 0.675345 0.012577 0.464386 -0.885544 129 186 14
0.110170 -0.207545 0.102903 -0.739192 0.665178 0.105517 33 212 140
0.181355 0.048096 -0.038803 -0.975660 -0.201625 0.086228 3 101 138
-0.304579 -0.047427 0.525633 0.783918 0.154766 -0.601265 227 147 50
-0.052952 -0.261153 -0.182437 0.233607 0.971222 -0.046424 157 251 121
-0.050363 0.213094 0.130881 0.461037 -0.822020 -0.334258 186 22 84
0.317070 0.127953 0.424855 -0.907529 -0.283513 0.309857 11 91 167
-0.032453 -0.198061 -0.693590 -0.692700 0.679197 -0.242607 39 214 96
0.108836 -0.244374 0.348754 -0.055620 0.996643 0.060077 120 254 135
0.217625 0.233962 0.406560 -0.434743 -0.864489 0.252303 72 17 159
-0.114803 0.238943 -0.303027 0.419406 -0.886100 -0.197295 180 14 102
-0.118898 -0.050398 0.156678 0.861438 0.041714 -0.506146 237 132 62
-0.125162 -0.060331 0.402149 -0.548333 0.307644 0.777616 57 166 226
0.093257 0.003304 -0.830604 -0.958510 0.045790 -0.281356 5 133 91
0.148759 -0.215432 0.229051 -0.412623 0.890787 0.190370 74 241 151
-0.188164 -0.016251 -0.890193 0.896326 0.120341 0.426752 241 142 181
0.036783 0.256344 0.089849 0.083692 -0.996457 -0.008368 138 0 126
-0.034000 -0.192508 0.628298 0.335228 0.459936 -0.822241 170 186 22
-0.088177 -0.202317 0.095700 0.575798 0.730911 -0.366368 200 220 80
0.091536 -0.111664 0.680810 0.012577 0.464386 -0.885544 129 186 14
-0.125070 0.178471 -0.932087 0.844872 -0.271208 0.461127 235 92 186
-0.233555 0.149464 -0.678192 0.832570 -0.514385 0.205513 233 61 153
0.093938 0.004926 -1.051927 -0.448018 0.224846 0.865289 70 156 237
-0.176580 0.116805 0.606601 0.486475 -0.369154 -0.791875 189 80 26
0.052716 -0.035732 -0.728415 -0.902292 -0.047082 -0.428547 12 121 72
-0.235784 -0.146904 -0.505974 0.928752 0.365837 -0.059864 245 174 119
0.285652 0.194898 0.584528 -0.548609 -0.550783 -0.629020 57 57 47
-0.073545 0.114023 -1.039478 -0.014678 -0.309147 0.950901 125 88 248
0.112574 0.245005 0.600255 0.160251 -0.895777 -0.414612 147 13 74
-0.175473 0.103120 0.388398 -0.106129 -0.469470 0.876547 113 67 239
-0.191427 0.084019 -0.158563 0.985660 -0.082507 -0.147197 253 116 108
0.005371 0.254096 0.043434 0.083692 -0.996457 -0.008368 138 0 126
-0.008127 -0.242235 -0.335991 -0.606660 0.780196 0.152504 50 226 146
-0.224800 0.027142 -0.806677 0.907945 -0.022365 0.418491 243 124 180
-0.281977 0.160338 0.443757 0.793359 -0.584637 -0.169653 228 52 105
-0.152680 -0.082073 0.029875 0.969835 0.175519 -0.169157 251 149 105
0.074366 -0.101403 -0.388515 -0.856381 0.450176 0.252889 18 184 159
0.115108 0.205791 0.057946 -0.822399 -0.562505 0.085135 22 55 138
-0.215180 -0.007670 -0.230285 0.925231 0.188049 -0.329524 245 151 85
-0.064162 0.055812 0.247315 0.757282 -0.106251 -0.644387 224 113 45
-0.158900 -0.070596 0.006120 0.969835 0.175519 -0.169157 251 149 105
-0.087466 -0.233718 -0.813476 0.225564 0.929622 -0.291418 156 246 90
-0.202692 -0.099994 -0.249973 0.861585 0.430366 -0.269178 237 182 93
-0.098920 0.234220 -0.817879 0.164824 -0.984693 0.056681 148 1 134
-0.132540 0.039361 0.654321 0.419348 -0.001828 -0.907824 180 127 11
-0.191569 -0.192665 -0.397527 0.776215 0.619667 -0.116200 226 206 112
-0.171793 0.063767 0.375472 -0.396479 -0.132979 0.908362 76 110 243
0.014614 -0.198836 -0.953937 -0.362562 0.889266 0.278847 81 240 163
0.314627 0.016998 0.352911 -0.939540 0.080994 0.332724 7 137 169
-0.201292 0.045494 -0.864320 0.938325 -0.032585 0.344215 247 123 171
-0.239288 0.103842 0.390682 0.084457 -0.451476 0.888277 138 69 240
-0.022183 0.149795 -1.030736 -0.040180 -0.137700 0.989659 122 109 253
-0.019280 0.081782 -1.049122 -0.014678 -0.309147 0.950901 125 88 248
0.066113 0.226541 -0.146276 -0.628721 -0.772025 0.093208 47 29 139
-0.025069 -0.216385 0.512589 0.362000 0.915696 0.174517 173 244 149
-0.110571 -0.085249 0.162635 0.811850 0.164790 -0.560128 231 148 56
0.093767 0.247109 0.471648 0.498821 -0.853585 0.150234 191 18 146
0.072222 -0.146030 -0.979324 -0.685669 0.690146 0.231424 40 215 157
-0.005004 0.215928 0.609587 0.242122 -0.873244 -0.422874 158 16 73
0.190825 -0.153224 0.208251 -0.737245 0.568943 0.364383 33 200 173
0.062683 -0.222015 -0.132039 -0.773224 0.633411 0.030243 28 208 131
0.324599 -0.124935 0.656438 -0.977100 0.195183 -0.084733 2 152 116
0.211302 0.254754 0.537679 -0.447830 -0.881689 -0.148569 70 15 108
-0.173233 0.036109 -0.010710 0.989838 -0.035507 -0.137699 253 122 109
0.126030 -0.176236 0.016640 -0.739192 0.665178 0.105517 33 212 140
0.018206 0.216156 0.236079 0.444240 -0.862700 -0.241661 184 17 96
-0.205827 0.043611 -0.852135 0.938325 -0.032585 0.344215 247 123 171
0.020257 -0.217593 0.613526 0.140214 0.893294 -0.427044 145 241 73
-0.020863 -0.131106 0.668001 0.335228 0.459936 -0.822241 170 186 22
-0.185453 -0.209413 -0.445991 0.776215 0.619667 -0.116200 226 206 112
0.296801 -0.052537 0.690453 -0.753313 0.016316 -0.657459 31 129 43
-0.234039 0.129311 -0.433352 0.947686 -0.313801 -0.058490 248 87 120
-0.059029 0.109461 0.237813 0.721724 -0.272510 -0.636281 219 92 46
-0.198539 -0.163325 0.416156 -0.224797 0.631732 0.741876 98 208 222
0.190931 0.221645 0.335418 -0.248772 -0.945313 0.210938 95 6 154
0.041827 -0.252868 0.101172 0.103143 0.983665 -0.147527 140 252 108
0.054726 0.220176 -0.248113 -0.673482 -0.710137 0.205250 41 36 153
0.058041 0.154559 -0.978169 -0.715882 -0.680683 0.155511 36 40 147
-0.233000 0.069595 -0.781983 0.918527 -0.175077 0.354481 244 105 172
-0.169660 -0.062700 -0.047376 0.969835 0.175519 -0.169157 251 149 105
0.236468 0.227456 0.416734 -0.434743 -0.864489 0.252303 72 17 159
-0.184600 0.217904 -0.415524 0.835273 -0.546863 -0.057093 233 57 120
-0.025813 -0.078561 -1.053342 -0.155875 0.245511 0.956780 107 158 249
-0.018679 0.020624 0.312570 0.797688 -0.147631 -0.584721 229 108 52
-0.069525 -0.250292 -0.466410 -0.323847 0.906906 0.269526 86 243 161
0.110824 -0.046831 -0.970790 -0.843052 0.537784 -0.007155 20 196 126
-0.159160 0.115803 0.035457 0.872698 -0.482870 -0.072355 238 65 118
-0.130405 0.198091 -0.161055 0.893024 -0.445782 -0.061533 241 70 119
0.137602 0.014474 0.709620 0.031643 0.129405 -0.991087 131 143 1
-0.103227 -0.006296 0.186984 0.861438 0.041714 -0.506146 237 132 62
0.097198 -0.244296 0.381847 0.631523 0.735038 0.246776 208 221 158
-0.225441 -0.012843 -0.807422 0.907945 -0.022365 0.418491 243 124 180
-0.161626 0.199891 -0.783319 0.592870 -0.768492 0.240676 203 29 158
0.079030 0.232561 0.614175 0.160251 -0.895777 -0.414612 147 13 74
-0.131312 0.141096 0.111447 0.788445 -0.412121 -0.456630 228 74 69
-0.039899 0.174068 0.219959 0.627703 -0.602700 -0.492688 207 50 64
-0.098146 -0.256628 -0.295468 0.594630 0.796688 -0.108177 203 229 113
0.135871 0.232628 0.304771 -0.436623 -0.897138 0.067115 71 13 136
0.239974 -0.047942 0.702236 0.015272 0.242815 -0.969952 129 158 3
0.010874 -0.185910 -0.774105 -0.682788 0.664116 -0.304550 40 212 88
-0.185029 -0.191124 -0.345628 0.776215 0.619667 -0.116200 226 206 112
-0.071925 0.242694 -0.231708 0.449372 -0.850478 -0.273408 184 19 92
-0.077237 -0.231877 0.053921 0.575798 0.730911 -0.366368 200 220 80
-0.134377 -0.182620 -0.106900 0.759104 0.640650 -0.115453 224 209 112
-0.221185 -0.183374 -0.604334 0.733697 0.679458 -0.005098 221 214 126
0.067748 0.240212 0.185277 -0.206828 -0.970450 0.124298 101 3 143
0.235087 0.045378 0.205416 -0.845706 -0.167483 0.506687 19 106 192
0.310837 0.108678 0.640546 -0.768725 -0.499138 -0.399903 29 63 76
0.339905 0.021080 0.559749 -0.986301 -0.112760 -0.120398 1 113 112
0.082188 -0.052961 -0.397568 -0.967552 0.100570 0.231796 4 140 157
-0.233114 -0.068556 -0.308219 0.904687 0.206546 -0.372667 242 153 79
0.040824 -0.248802 -0.129886 -0.773224 0.633411 0.030243 28 208 131
0.170937 -0.126136 0.674349 0.012577 0.464386 -0.885544 129 186 14
0.092523 -0.232528 0.288731 0.295382 0.948891 0.111156 165 248 141
-0.046355 0.226378 -0.505089 -0.705006 -0.680483 0.199772 37 40 152
-0.023793 0.252092 -0.001493 0.059466 -0.998020 -0.020471 135 0 124
-0.250693 0.126608 0.542285 0.644733 -0.316703 -0.695714 209 87 38
0.181671 0.155184 0.180130 -0.840285 -0.485043 0.242186 20 65 158
0.288282 -0.202490 0.524426 -0.785105 0.617380 -0.049524 27 206 121
0.326162 -0.121709 0.645838 -0.977100 0.195183 -0.084733 2 152 116
0.025241 0.006937 -0.677731 -0.828512 -0.181830 -0.529628 21 104 59
0.181030 0.206584 0.272374 -0.689575 -0.609124 0.391733 39 49 177
-0.258971 -0.002126 -0.658455 0.997464 -0.071121 0.002725 254 118 127
0.320183 0.107293 0.526532 -0.933371 -0.354891 -0.053577 8 82 120
-0.098909 0.248111 -0.310414 0.419406 -0.886100 -0.197295 180 14 102
0.170398 0.215108 0.281906 -0.248772 -0.945313 0.210938 95 6 154
-0.246494 -0.066917 0.371388 0.172237 0.253467 0.951887 149 159 248
0.011944 -0.205045 -0.889976 -0.545727 0.836964 -0.040897 57 234 122
0.001352 -0.249803 -0.250131 -0.599433 0.789403 0.132374 51 228 144
-0.189406 0.202688 0.515025 0.351913 -0.768784 -0.533974 172 29 59
-0.208330 0.072822 -0.231337 0.939499 -0.161999 -0.301824 247 106 89
-0.214681 -0.076321 0.607554 0.465866 0.422257 -0.777604 186 181 28
0.005024 -0.076936 0.383376 0.989597 0.141139 -0.027881 253 145 123
-0.260086 -0.013327 -0.461669 0.999973 0.007346 0.000730 254 128 127
-0.108936 -0.106008 0.651164 0.283188 0.504084 -0.815907 163 191 23
-0.177430 -0.039383 -0.068223 0.977113 0.142441 -0.157987 252 145 107
0.189605 0.098022 0.124933 -0.894581 -0.243989 0.374425 13 96 175
0.036027 -0.057938 -0.530704 -0.875279 0.128114 0.466340 15 143 186
-0.153784 0.209650 -0.681894 0.306099 -0.944958 0.115576 166 7 142
0.032446 -0.092118 -0.709094 -0.824139 0.237023 -0.514407 22 157 61
0.235891 0.121494 0.693359 -0.077433 -0.517572 -0.852129 117 61 18
0.258428 -0.127218 0.310943 -0.832134 0.316078 0.455684 21 167 185
-0.212106 0.193379 0.513467 0.351913 -0.768784 -0.533974 172 29 59
0.097609 0.031906 -0.853778 -0.873194 -0.410215 -0.263165 16 75 93
0.302306 0.171581 0.525340 -0.760120 -0.632430 0.149167 30 46 146
-0.183342 0.181171 -0.789598 0.592870 -0.768492 0.240676 203 29 158
-0.031020 -0.087096 0.685077 0.284528 0.221258 -0.932785 163 155 8
-0.132014 -0.067984 0.132906 0.861438 0.041714 -0.506146 237 132 62
0.103241 0.251982 0.467875 0.498821 -0.853585 0.150234 191 18 146
0.050312 0.236729 0.594070 0.160251 -0.895777 -0.414612 147 13 74
-0.152237 0.004224 0.377362 -0.309841 -0.046521 0.949649 87 121 248
-0.187596 -0.219325 -0.561871 0.733697 0.679458 -0.005098 221 214 126
0.048354 -0.195155 0.339609 0.691641 0.664813 -0.282236 215 212 91
-0.313760 -0.022853 0.384975 0.388537 0.227774 0.892837 177 156 241
0.030440 0.113837 -0.518167 -0.871975 -0.360542 0.331162 16 81 169
0.114144 0.038962 -0.315054 -0.953676 -0.030678 0.299266 5 123 165
-0.184377 -0.009540 -0.084281 0.977113 0.142441 -0.157987 252 145 107
0.026484 0.128044 0.348710 0.972401 -0.215342 0.089805 251 100 138
-0.248213 -0.186139 0.488310 0.350817 0.840915 -0.412056 172 234 74
-0.112577 -0.226432 -0.194730 0.786637 0.616114 -0.040071 227 206 122
-0.057621 -0.142520 0.206283 0.777980 0.412500 -0.473910 226 180 67
-0.002619 -0.264939 -0.098073 0.076897 0.994343 -0.073271 137 254 118
-0.112394 -0.141849 -1.003609 0.759477 0.447324 0.472330 224 184 187
0.305818 -0.174769 0.592011 -0.785105 0.617380 -0.049524 27 206 121
0.038588 -0.075454 -0.711255 -0.824139 0.237023 -0.514407 22 157 61
0.025526 -0.003860 -0.674668 -0.902292 -0.047082 -0.428547 12 121 72
-0.126413 0.221284 -0.254667 0.449372 -0.850478 -0.273408 184 19 92
-0.028021 0.232085 -0.816734 -0.668689 -0.714200 -0.206815 42 36 101
-0.168413 -0.130477 -0.188992 0.861585 0.430366 -0.269178 237 182 93
0.029575 0.114556 -0.728853 -0.856132 -0.285296 -0.430864 18 91 72
-0.185887 0.002192 -0.092923 0.989838 -0.035507 -0.137699 253 122 109
0.118890 -0.007685 0.706130 0.031643 0.129405 -0.991087 131 143 1
0.076835 0.229637 0.277011 0.309391 -0.950338 -0.033677 166 6 123
0.163925 -0.176600 0.193900 -0.704979 0.594181 0.387239 37 203 176
-0.050905 -0.222933 -0.750771 0.225564 0.929622 -0.291418 156 246 90
-0.180690 0.081623 0.376253 -0.106129 -0.469470 0.876547 113 67 239
-0.243708 0.116828 -0.524074 0.997372 -0.070245 0.017756 254 118 129
0.140453 0.230757 0.309570 -0.436623 -0.897138 0.067115 71 13 136
-0.044077 -0.261631 -0.325763 0.173889 0.984306 0.030076 149 252 131
0.071727 0.172728 -0.277479 -0.834960 -0.511610 0.202723 21 62 153
-0.122860 -0.249245 -0.376943 0.594630 0.796688 -0.108177 203 229 113
-0.024668 0.168856 -0.607800 -0.806161 -0.587343 0.071644 24 52 136
0.018894 -0.184881 -0.983074 -0.380710 0.852139 0.359054 78 236 173
-0.230740 -0.192536 0.469598 0.270042 0.942339 0.197672 161 247 152
-0.241606 0.122671 -0.619014 0.997372 -0.070245 0.017756 254 118 129
-0.071826 -0.184280 0.146616 0.777980 0.412500 -0.473910 226 180 67
0.152687 -0.245706 0.387395 -0.113514 0.967323 0.226717 113 250 156
-0.202832 -0.123082 0.386658 0.039190 0.572304 0.819105 132 200 231
-0.204685 -0.048000 -0.846482 0.905044 0.299657 0.301831 242 165 165
0.203902 -0.234768 0.390453 -0.731348 0.619013 0.286275 34 206 164
0.075945 0.234243 -0.016163 -0.628721 -0.772025 0.093208 47 29 139
-0.216064 0.149518 -0.747477 0.825733 -0.513982 0.232351 232 61 157
0.171262 0.025287 -0.153385 -0.993127 -0.049032 0.106279 0 121 141
0.328468 -0.114269 0.636387 -0.977100 0.195183 -0.084733 2 152 116
0.091865 0.213685 -0.079053 -0.628721 -0.772025 0.093208 47 29 139
0.082447 0.230090 0.620835 0.160251 -0.895777 -0.414612 147 13 74
-0.246547 -0.050235 -0.330676 0.904687 0.206546 -0.372667 242 153 79
0.057376 -0.021815 -0.491765 -0.936451 -0.022663 0.350066 8 124 172
0.089986 0.101876 -0.937553 -0.873194 -0.410215 -0.263165 16 75 93
-0.137865 0.084545 0.393323 -0.396479 -0.132979 0.908362 76 110 243
-0.052185 0.036269 0.264612 0.757282 -0.106251 -0.644387 224 113 45
-0.072766 -0.137134 0.450974 -0.385701 0.469742 0.794089 78 187 228
0.048222 0.128772 -0.441869 -0.892578 -0.390797 0.224906 13 77 156
-0.043530 0.256018 -0.249399 -0.020333 -0.999685 -0.014695 124 0 125
-0.045361 0.215251 -0.539483 -0.705006 -0.680483 0.199772 37 40 152
-0.103876 -0.180793 0.461690 -0.385701 0.469742 0.794089 78 187 228
0.246347 0.170492 0.331231 -0.689575 -0.609124 0.391733 39 49 177
0.024721 -0.253389 -0.181546 -0.462275 0.846447 0.264251 68 235 161
0.113423 0.198665 -0.005411 -0.822399 -0.562505 0.085135 22 55 138
0.058629 0.147548 -1.006151 -0.715882 -0.680683 0.155511 36 40 147
0.074825 -0.220538 0.344688 0.691641 0.664813 -0.282236 215 212 91
0.020829 -0.167151 0.648940 0.020007 0.486225 -0.873605 130 189 16
-0.264691 0.176894 0.457621 0.262884 -0.854973 0.447116 161 18 184
0.028433 0.236137 0.565365 0.352217 -0.911159 0.213852 172 11 154
-0.054017 0.251836 -0.440926 -0.323209 -0.909009 0.263132 86 11 161
0.173758 0.200857 0.245658 -0.753477 -0.585889 0.298341 31 52 165
0.053374 0.021163 -1.064676 -0.048281 0.049662 0.997598 121 133 254
0.002053 0.254650 -0.051127 0.059466 -0.998020 -0.020471 135 0 124
-0.007373 -0.247558 0.102176 0.103143 0.983665 -0.147527 140 252 108
-0.261375 -0.171381 0.490575 0.611217 0.582996 -0.535285 205 201 59
-0.160827 -0.113198 0.397916 -0.548333 0.307644 0.777616 57 166 226
0.193131 0.038754 0.072595 -0.975660 -0.201625 0.086228 3 101 138
-0.122338 -0.227644 -0.736348 0.346114 0.937317 0.040531 171 247 132
0.096637 -0.002452 -0.843074 -0.967633 0.012540 -0.252049 4 129 95
-0.229093 0.017473 -0.266256 0.939499 -0.161999 -0.301824 247 106 89
-0.200328 0.077858 -0.209129 0.939499 -0.161999 -0.301824 247 106 89
0.191851 -0.067493 0.696584 0.015272 0.242815 -0.969952 129 158 3
0.092221 0.232556 0.109066 -0.440309 -0.897711 0.015617 71 13 129
-0.087537 -0.112568 0.181707 0.785733 0.279535 -0.551801 227 163 57
-0.195563 -0.105329 0.603367 0.511581 0.411303 -0.754397 192 179 31
0.243363 0.144153 0.289129 -0.686649 -0.559440 0.464264 39 56 186
-0.246538 -0.068568 -0.699615 0.963476 0.265511 0.034891 250 161 131
-0.150078 -0.238352 -0.428267 0.566299 0.811834 -0.142237 199 231 109
-0.120340 -0.174803 0.450149 -0.385701 0.469742 0.794089 78 187 228
0.039650 0.232311 0.217827 0.444240 -0.862700 -0.241661 184 17 96
0.119308 0.186969 -0.025841 -0.822399 -0.562505 0.085135 22 55 138
0.065099 -0.071074 -0.452915 -0.900698 0.260150 0.347945 12 160 171
-0.010728 0.142285 -0.667931 -0.828512 -0.181830 -0.529628 21 104 59
-0.096827 0.220920 -0.118944 0.547773 -0.836507 0.014149 197 20 129
-0.070358 -0.111434 0.206744 0.785733 0.279535 -0.551801 227 163 57
-0.015434 0.073013 0.303761 0.797390 -0.147870 -0.585067 229 108 52
0.011552 -0.152860 -0.528650 -0.782761 0.500121 0.370357 27 191 174
0.010487 -0.107907 0.420508 0.989597 0.141139 -0.027881 253 145 123
-0.145888 -0.167915 -0.114120 0.919570 0.391169 -0.037110 244 177 122
0.103849 0.064045 -0.924579 -0.873194 -0.410215 -0.263165 16 75 93
0.065237 -0.101661 -0.424036 -0.895057 0.397463 0.202226 13 178 153
0.049737 0.149761 -0.857884 -0.905034 -0.362872 -0.221897 12 81 99
0.194751 0.092879 0.133876 -0.894581 -0.243989 0.374425 13 96 175
0.275028 0.171496 0.402230 -0.750722 -0.547291 0.369985 31 57 174
-0.107819 0.087571 0.661111 0.403480 -0.312624 -0.859924 178 87 17
-0.177721 -0.011062 -0.044487 0.977113 0.142441 -0.157987 252 145 107
-0.226995 -0.142928 -0.370173 0.801739 0.591413 -0.086281 229 202 116
0.169690 -0.126937 0.673911 0.012577 0.464386 -0.885544 129 186 14
0.139680 0.149180 -0.083516 -0.798507 -0.594023 0.097584 25 51 139
0.120538 0.209900 0.129008 -0.753477 -0.585889 0.298341 31 52 165
0.049796 -0.236302 -0.162298 -0.773224 0.633411 0.030243 28 208 131
-0.171283 0.053642 -0.942017 0.929284 -0.043747 0.366766 245 121 174
0.060987 -0.127485 -0.815662 -0.837727 0.480842 -0.258852 20 188 94
0.318185 -0.128039 0.505261 -0.909756 0.393415 0.132549 11 177 144
-0.309780 0.100379 0.427898 0.664680 -0.419983 0.617912 212 73 206
0.247462 -0.230912 0.468332 -0.510213 0.834920 0.206376 62 233 153
0.190191 -0.127436 0.182296 -0.889712 0.338557 0.306253 14 170 166
-0.259917 -0.044416 -0.379977 0.999973 0.007346 0.000730 254 128 127
-0.040060 -0.232336 -0.776901 -0.606544 0.766576 -0.210870 50 225 100
0.063767 0.141634 -1.008387 -0.715882 -0.680683 0.155511 36 40 147
-0.229852 0.020743 -0.796057 0.907945 -0.022365 0.418491 243 124 180
0.118534 0.172375 -0.129747 -0.822399 -0.562505 0.085135 22 55 138
-0.227677 -0.114252 -0.330147 0.892491 0.298846 -0.337864 241 165 84
0.339645 -0.044465 0.548861 -0.981345 0.190836 0.023323 2 151 130
0.227742 0.050466 0.713954 0.062156 -0.075064 -0.995240 135 117 0
-0.114030 -0.215893 -0.077580 0.952507 0.266544 -0.147257 248 161 108
-0.096557 -0.194642 0.581360 -0.084587 0.969552 -0.229815 116 251 98
-0.239912 -0.116247 -0.604859 0.993818 0.090795 0.063885 254 139 135
-0.160339 0.122578 -0.023987 0.872698 -0.482870 -0.072355 238 65 118
-0.158691 0.215352 -0.308409 0.667746 -0.666004 -0.332497 212 42 85
0.023510 -0.058010 -0.554177 -0.875279 0.128114 0.466340 15 143 186
0.337970 -0.043252 0.635851 -0.986301 -0.112760 -0.120398 1 113 112
0.043565 -0.153037 -0.802646 -0.862321 0.476414 -0.171561 17 188 105
0.271748 0.060810 0.704376 -0.646432 -0.279139 -0.710075 45 91 36
-0.123352 0.222613 -0.253768 0.449372 -0.850478 -0.273408 184 19 92
0.044258 -0.197600 0.323809 0.691641 0.664813 -0.282236 215 212 91
-0.202185 0.134436 0.582652 0.486475 -0.369154 -0.791875 189 80 26
0.304154 -0.037652 0.336641 -0.939540 0.080994 0.332724 7 137 169
0.102499 0.194054 -0.141402 -0.822399 -0.562505 0.085135 22 55 138
0.093720 -0.085360 -0.969359 -0.984731 0.088987 0.149621 1 138 146
-0.144416 -0.133875 0.059532 0.819361 0.413191 -0.397393 231 180 76
0.181166 -0.156666 0.194701 -0.704979 0.594181 0.387239 37 203 176
-0.086006 0.254670 -0.470426 -0.323209 -0.909009 0.263132 86 11 161
0.105946 -0.049877 -0.323320 -0.887417 0.127132 0.443090 14 143 183
0.088993 -0.147958 -0.279376 -0.893676 0.358151 0.270316 13 173 161
-0.138028 0.081242 0.646863 0.486475 -0.369154 -0.791875 189 80 26
0.082350 0.118626 -1.037340 0.082365 -0.287991 0.954085 138 90 249
-0.004987 -0.216273 -0.893830 -0.545727 0.836964 -0.040897 57 234 122
0.337932 -0.039431 0.435612 -0.981345 0.190836 0.023323 2 151 130
-0.063687 -0.200307 0.493758 0.027411 0.883716 0.467220 130 240 187
-0.246195 0.145097 0.415596 0.262335 -0.557741 0.787468 160 56 227
-0.009977 0.249458 -0.328670 -0.373021 -0.926122 -0.056159 79 9 120
0.128087 0.163016 -0.099299 -0.822399 -0.562505 0.085135 22 55 138
-0.217904 -0.067838 0.609063 0.604727 0.027692 -0.795951 204 131 26
-0.165394 0.035611 0.639186 0.418008 -0.000987 -0.908443 180 127 11
-0.290851 0.032567 0.541185 0.741374 -0.201295 -0.640191 222 101 45
0.143572 -0.161852 0.066558 -0.873396 0.465169 0.144209 16 186 145
-0.007011 0.247957 -0.323610 -0.373021 -0.926122 -0.056159 79 9 120
0.021736 -0.218207 0.224885 0.401254 0.892301 -0.206869 178 241 101
-0.278127 -0.016049 0.368809 0.431669 -0.153435 0.888887 182 107 240
-0.037685 -0.016045 0.290052 0.826213 0.182103 -0.533114 232 150 59
-0.022872 0.222664 0.569711 0.238406 -0.922720 0.302904 157 9 166
0.191669 -0.033813 0.111936 -0.904117 0.189882 0.382777 12 151 176
0.031481 0.015570 0.704328 0.062156 -0.075064 -0.995240 135 117 0
-0.185355 -0.207205 -0.433561 0.776215 0.619667 -0.116200 226 206 112
0.056847 0.118419 -0.425630 -0.892578 -0.390797 0.224906 13 77 156
0.049116 0.250511 -0.062384 -0.628721 -0.772025 0.093208 47 29 139
0.051656 0.199045 0.315229 0.599306 -0.683168 -0.417270 203 40 74
-0.076304 0.009095 0.234606 0.860761 0.087396 -0.501450 237 138 63
-0.193444 -0.140482 -0.295513 0.806999 0.493282 -0.324693 230 190 86
-0.083017 0.197802 0.521331 -0.418139 -0.902891 -0.099734 74 12 114
0.146636 -0.244603 0.379658 -0.113514 0.967323 0.226717 113 250 156
0.023280 0.124630 0.343478 0.797390 -0.147870 -0.585067 229 108 52
-0.244451 -0.019182 -0.760652 0.926350 0.042371 0.374272 245 132 175
0.064979 -0.139676 -0.352174 -0.856381 0.450176 0.252889 18 184 159
-0.034036 -0.119531 0.669105 0.335228 0.459936 -0.822241 170 186 22
-0.217655 0.175067 -0.509589 0.842099 -0.537120 -0.048694 234 59 121
-0.079892 0.182845 0.463306 -0.308700 -0.548573 0.777028 88 57 226
-0.186664 0.210022 -0.370225 0.835273 -0.546863 -0.057093 233 57 120
-0.029178 -0.190700 0.203114 0.669232 0.590562 -0.450959 212 202 70
-0.018710 -0.237133 0.111842 0.476479 0.747303 -0.463148 188 222 68
0.339184 -0.046014 0.542151 -0.981345 0.190836 0.023323 2 151 130
0.325643 -0.013126 0.390105 -0.923768 0.110464 0.366676 9 141 174
-0.095213 0.115325 0.656936 0.403480 -0.312624 -0.859924 178 87 17
-0.307446 0.093043 0.502952 0.741374 -0.201295 -0.640191 222 101 45
0.204014 -0.014753 0.131639 -0.904117 0.189882 0.382777 12 151 176
0.118461 -0.193325 0.071341 -0.739192 0.665178 0.105517 33 212 140
-0.079293 -0.252228 -0.469920 -0.193348 0.977973 0.078646 102 252 137
0.141437 -0.255096 0.421828 -0.113514 0.967323 0.226717 113 250 156
0.117461 -0.163440 -0.086461 -0.873396 0.465169 0.144209 16 186 145
-0.164693 -0.122873 -0.105313 0.919570 0.391169 -0.037110 244 177 122
0.113313 -0.134874 -0.188857 -0.837475 0.460464 0.294292 20 186 165
0.247579 -0.062127 0.245579 -0.828152 0.322681 0.458303 21 168 185
-0.065085 -0.224341 -0.733957 -0.109779 0.993646 0.024822 113 254 130
0.055200 0.233170 0.603649 0.160251 -0.895777 -0.414612 147 13 74
0.078184 0.078718 -0.857728 -0.905034 -0.362872 -0.221897 12 81 99
-0.248834 0.072374 -0.511529 0.979023 -0.203748 0.000948 252 101 127
0.096715 0.128973 -0.284985 -0.834960 -0.511610 0.202723 21 62 153
0.095195 -0.086603 -0.958914 -0.984731 0.088987 0.149621 1 138 146
0.052018 -0.245615 0.143277 -0.376179 0.920356 -0.106929 79 244 113
-0.147173 -0.043899 0.647730 0.419348 -0.001828 -0.907824 180 127 11
0.088116 0.231963 0.147070 -0.403159 -0.908797 -0.107474 76 11 113
0.253763 0.230027 0.525573 -0.573258 -0.819230 0.015416 54 23 129
-0.192220 0.178963 -0.313072 0.792227 -0.531042 -0.300618 228 59 89
0.030283 -0.062150 -1.048414 -0.155875 0.245511 0.956780 107 158 249
0.114684 -0.040788 -0.971426 -0.843052 0.537784 -0.007155 20 196 126
0.046395 -0.202558 0.391710 0.865340 0.495180 0.077351 237 190 137
-0.091346 0.206459 0.579705 0.242122 -0.873244 -0.422874 158 16 73
-0.225469 -0.089809 -0.764378 0.872467 0.282199 0.398955 238 163 178
0.137917 -0.101562 0.686767 0.012577 0.464386 -0.885544 129 186 14
0.130795 -0.115000 -0.161953 -0.873396 0.465169 0.144209 16 186 145
-0.159056 0.235363 -0.479707 0.451864 -0.875047 0.173525 185 15 149
0.204752 0.021994 0.117535 -0.934047 0.123318 0.335186 8 143 170
-0.148354 -0.179039 0.586284 0.393793 0.508293 -0.765875 177 192 29
0.124402 -0.153864 0.658707 0.020007 0.486225 -0.873605 130 189 16
0.013905 -0.026880 -0.633960 -0.986125 0.137027 -0.093706 1 144 115
-0.209392 -0.169102 -0.390929 0.776215 0.619667 -0.116200 226 206 112
-0.088416 0.048942 -1.067539 -0.026689 -0.046374 0.998568 124 121 254
0.128263 -0.035113 -0.277652 -0.953676 -0.030678 0.299266 5 123 165
0.052182 -0.222887 0.610601 -0.006543 0.658010 -0.752980 126 211 31
-0.150837 0.146671 -0.070157 0.872698 -0.482870 -0.072355 238 65 118
-0.060083 0.218671 -0.945194 0.506916 -0.841471 0.186985 192 20 151
0.139649 -0.102290 0.686409 0.012577 0.464386 -0.885544 129 186 14
0.026057 0.251986 -0.209564 -0.063768 -0.996024 0.062215 119 0 135
0.013069 0.200306 -0.403380 -0.679670 -0.688591 0.252769 40 39 159
-0.151755 0.201118 0.472589 0.064857 -0.926925 0.369598 135 9 174
-0.196543 0.057069 -0.183674 0.989838 -0.035507 -0.137699 253 122 109
-0.222310 -0.126353 -0.744133 0.828831 0.472311 0.299934 233 187 165
-0.171021 -0.018791 -0.950484 0.968270 0.088843 0.233582 250 138 157
0.261748 -0.174911 0.378634 -0.572293 0.653717 0.495111 54 210 190
0.285079 0.194015 0.527216 -0.839469 -0.538517 0.072747 20 58 136
-0.111624 0.227124 -0.819719 0.593714 -0.769013 0.236901 203 29 157
-0.224201 0.164047 -0.501231 0.842099 -0.537120 -0.048694 234 59 121
0.163538 0.089089 -0.122839 -0.941446 -0.318065 0.111869 7 86 141
-0.018953 0.205779 0.514064 0.352217 -0.911159 0.213852 172 11 154
-0.178983 -0.132508 -0.839651 0.905044 0.299657 0.301831 242 165 165
0.120395 -0.192459 0.079434 -0.739192 0.665178 0.105517 33 212 140
0.008368 0.222902 -0.354742 -0.664935 -0.684894 0.297963 42 40 165
0.146519 -0.190647 0.175251 -0.746130 0.629066 0.218096 32 207 155
-0.148250 0.210861 -0.711616 0.417159 -0.908033 -0.038152 180 11 122
0.041441 -0.254066 0.012805 -0.366742 0.930063 0.021983 80 246 130
0.143275 -0.106749 -0.112981 -0.873396 0.465169 0.144209 16 186 145
-0.181245 -0.047024 -0.897366 0.968270 0.088843 0.233582 250 138 157
0.007474 0.052031 0.372276 0.972401 -0.215342 0.089805 251 100 138
-0.031441 -0.193065 -0.682490 -0.692700 0.679197 -0.242607 39 214 96
0.037751 -0.248820 -0.173386 -0.462275 0.846447 0.264251 68 235 161
0.033446 -0.185963 -0.854043 -0.789262 0.610522 -0.065792 26 205 119
0.072098 0.024811 0.706168 0.062156 -0.075064 -0.995240 135 117 0
-0.234073 0.149479 -0.676057 0.832570 -0.514385 0.205513 233 61 153
0.029150 -0.194577 -0.948622 -0.362562 0.889266 0.278847 81 240 163
0.038497 -0.178481 -0.845206 -0.789262 0.610522 -0.065792 26 205 119
0.015038 -0.186255 0.452650 0.462883 0.524396 0.714666 186 194 218
-0.201060 -0.117873 0.593151 0.465866 0.422257 -0.777604 186 181 28
-0.034639 -0.264703 -0.164544 0.233607 0.971222 -0.046424 157 251 121
0.254206 0.206118 0.627608 -0.438566 -0.834816 -0.332780 71 21 85
-0.100763 -0.230462 -0.024776 0.786637 0.616114 -0.040071 227 206 122
-0.069541 -0.236358 -0.863148 0.242141 0.969263 0.043557 158 251 133
-0.220006 -0.130573 -0.743853 0.828831 0.472311 0.299934 233 187 165
0.035415 -0.221473 -0.265072 -0.462275 0.846447 0.264251 68 235 161
-0.127911 0.188800 -0.903309 0.593714 -0.769013 0.236901 203 29 157
-0.010120 0.137610 -1.031941 -0.040180 -0.137700 0.989659 122 109 253
0.334331 -0.081706 0.599876 -0.987093 0.158206 0.024885 1 147 130
0.036756 -0.197032 0.306352 0.706938 0.651510 -0.275270 217 210 92
0.057669 0.082346 -0.476400 -0.890045 -0.356245 0.284446 14 82 163
0.215949 -0.236347 0.413387 -0.562566 0.785015 0.259368 55 227 160
0.033548 0.231787 0.537670 0.453436 -0.863924 0.219160 185 17 155
0.058688 0.146903 -0.889718 -0.905034 -0.362872 -0.221897 12 81 99
0.055619 0.122470 -1.034738 -0.014678 -0.309147 0.950901 125 88 248
0.041986 0.249447 -0.119294 -0.628721 -0.772025 0.093208 47 29 139
0.205475 -0.036089 0.145676 -0.904117 0.189882 0.382777 12 151 176
0.250727 0.205973 0.632557 -0.438566 -0.834816 -0.332780 71 21 85
0.010723 0.076116 -1.050501 -0.014678 -0.309147 0.950901 125 88 248
-0.119312 -0.030217 0.157636 0.861438 0.041714 -0.506146 237 132 62
0.087599 -0.002669 -0.812302 -0.958510 0.045790 -0.281356 5 133 91
-0.067201 -0.210370 0.105138 0.476479 0.747303 -0.463148 188 222 68
0.299578 0.125117 0.641671 -0.768725 -0.499138 -0.399903 29 63 76
0.240390 0.159203 0.303190 -0.689575 -0.609124 0.391733 39 49 177
0.039135 0.170349 -0.848311 -0.905034 -0.362872 -0.221897 12 81 99
-0.024201 -0.220698 0.533828 0.364461 0.915564 0.170033 173 244 149
-0.106684 0.213790 -0.158887 0.547773 -0.836507 0.014149 197 20 129
-0.162444 0.125224 -0.067023 0.872698 -0.482870 -0.072355 238 65 118
-0.199632 -0.206465 -0.579875 0.733697 0.679458 -0.005098 221 214 126
0.034168 0.181928 0.410672 0.882798 -0.449458 0.136582 240 70 144
-0.078576 -0.260027 -0.332524 0.050478 0.997118 -0.056629 133 254 120
-0.157000 -0.070182 -0.958877 0.870623 0.317375 0.375883 238 167 175
-0.262979 -0.122542 0.539032 0.613582 0.507353 -0.605070 205 192 50
-0.212044 0.120575 -0.287497 0.918209 -0.275774 -0.284325 244 92 91
0.054105 -0.011800 -0.499828 -0.921391 -0.019797 0.388132 10 124 176
0.330494 -0.094783 0.530800 -0.987093 0.158206 0.024885 1 147 130
0.024811 0.255639 0.054090 0.083692 -0.996457 -0.008368 138 0 126
0.176551 -0.124527 0.675272 0.012577 0.464386 -0.885544 129 186 14
-0.083277 0.196757 0.531887 -0.418139 -0.902891 -0.099734 74 12 114
-0.129853 -0.247091 -0.528275 0.367610 0.920090 0.135265 174 244 144
0.306335 -0.129207 0.665107 -0.295702 0.550711 -0.780562 89 197 27
-0.132461 -0.193794 -0.156311 0.759104 0.640650 -0.115453 224 209 112
-0.259973 -0.029330 -0.455143 0.999973 0.007346 0.000730 254 128 127
0.339900 -0.051738 0.619113 -0.981345 0.190836 0.023323 2 151 130
0.021069 0.181189 -0.800127 -0.672273 -0.709145 -0.212517 41 37 100
-0.211420 0.157967 -0.328592 0.834555 -0.423106 -0.352845 233 73 82
0.160330 0.098633 -0.122699 -0.941446 -0.318065 0.111869 7 86 141
-0.022153 0.193200 0.646259 0.229595 -0.871355 -0.433621 156 16 72
0.049948 0.018472 -0.728542 -0.902292 -0.047082 -0.428547 12 121 72
0.200771 -0.233188 0.600308 -0.006543 0.658010 -0.752980 126 211 31
-0.078317 0.198628 0.127897 0.461037 -0.822020 -0.334258 186 22 84
-0.002831 -0.254516 0.043155 0.076897 0.994343 -0.073271 137 254 118
0.097646 -0.009500 -0.847643 -0.958510 0.045790 -0.281356 5 133 91
-0.204824 -0.192253 -0.502253 0.801739 0.591413 -0.086281 229 202 116
0.036740 0.256580 0.061317 0.083692 -0.996457 -0.008368 138 0 126
0.315472 -0.140356 0.523197 -0.909756 0.393415 0.132549 11 177 144
-0.039559 0.235780 -0.792186 -0.668689 -0.714200 -0.206815 42 36 101
-0.115552 0.068231 0.177542 0.860761 0.087396 -0.501450 237 138 63
0.102045 0.244178 0.597971 0.160251 -0.895777 -0.414612 147 13 74
0.349486 0.014023 0.484358 -0.981345 0.190836 0.023323 2 151 130
0.065937 0.046792 -0.464423 -0.936451 -0.022663 0.350066 8 124 172
0.009204 -0.039629 -0.603127 -0.986125 0.137027 -0.093706 1 144 115
0.334350 -0.065500 0.497602 -0.987093 0.158206 0.024885 1 147 130
0.061699 -0.067854 0.693644 0.033842 0.176446 -0.983728 131 149 2
-0.070519 -0.136870 0.190029 0.777980 0.412500 -0.473910 226 180 67
-0.155338 -0.108574 -0.930308 0.870623 0.317375 0.375883 238 167 175
-0.007191 0.212387 -0.827563 -0.673376 -0.735628 0.073598 41 33 136
-0.183261 -0.003994 -0.905376 0.968270 0.088843 0.233582 250 138 157
-0.115373 -0.163979 0.088113 0.819361 0.413191 -0.397393 231 180 76
-0.100591 0.122276 0.178273 0.730887 -0.428768 -0.531001 220 72 59
-0.151399 -0.034088 0.087011 0.969835 0.175519 -0.169157 251 149 105
-0.245182 0.088908 -0.729012 0.979023 -0.203748 0.000948 252 101 127
-0.101731 0.191103 0.101074 0.795414 -0.542656 -0.269891 228 58 93
-0.216038 0.152199 -0.332598 0.834555 -0.423106 -0.352845 233 73 82
0.120279 0.181060 -0.055509 -0.822399 -0.562505 0.085135 22 55 138
-0.180935 -0.147976 -0.275809 0.806999 0.493282 -0.324693 230 190 86
-0.115301 0.005063 0.391356 -0.359094 -0.135038 0.923481 81 110 245
-0.233709 0.144124 -0.507464 0.947686 -0.313801 -0.058490 248 87 120
-0.117922 -0.257461 -0.409306 0.566299 0.811834 -0.142237 199 231 109
-0.020266 -0.234762 -0.415672 -0.589045 0.789274 0.173414 52 228 149
0.167006 0.166219 0.160583 -0.753477 -0.585889 0.298341 31 52 165
0.020639 0.214340 0.626437 0.229595 -0.871355 -0.433621 156 16 72
-0.194743 0.172227 -0.773011 0.825733 -0.513982 0.232351 232 61 157
-0.323483 -0.052912 0.499391 0.871586 0.176095 -0.457525 238 149 69
-0.091100 0.227298 -0.215334 0.449372 -0.850478 -0.273408 184 19 92
-0.094355 0.020340 0.205582 0.860761 0.087396 -0.501450 237 138 63
-0.014810 0.220379 0.594781 0.242122 -0.873244 -0.422874 158 16 73
0.041657 0.174647 0.340813 0.599306 -0.683168 -0.417270 203 40 74
-0.142875 0.051042 0.126169 0.919400 -0.072261 -0.386629 244 118 78
-0.139427 -0.230861 -0.615241 0.313310 0.942377 0.117316 167 247 142
0.019197 -0.189664 -0.800951 -0.682788 0.664116 -0.304550 40 212 88
-0.196778 -0.008728 -0.168401 0.989838 -0.035507 -0.137699 253 122 109
-0.190289 -0.145120 -0.294720 0.806999 0.493282 -0.324693 230 190 86
0.083802 0.141223 -0.307253 -0.834960 -0.511610 0.202723 21 62 153
0.117743 0.059382 -0.301489 -0.953676 -0.030678 0.299266 5 123 165
0.217711 -0.026410 0.171456 -0.934047 0.123318 0.335186 8 143 170
-0.164288 -0.052623 -0.006120 0.969835 0.175519 -0.169157 251 149 105
0.139857 0.029524 0.710044 0.062156 -0.075064 -0.995240 135 117 0
0.004541 0.130738 0.312760 0.847391 -0.267735 -0.458527 235 93 69
0.002010 -0.083699 0.326905 0.815119 0.195836 -0.545187 231 152 57
0.226390 0.018695 0.179045 -0.934047 0.123318 0.335186 8 143 170
-0.081299 -0.167244 0.623147 0.335228 0.459936 -0.822241 170 186 22
-0.217298 0.133472 -0.773720 0.852518 -0.338640 0.398166 236 84 178
-0.012049 0.189628 -0.509204 -0.705006 -0.680483 0.199772 37 40 152
0.049252 0.249855 0.141567 -0.403159 -0.908797 -0.107474 76 11 113
-0.204695 -0.179637 -0.415739 0.776215 0.619667 -0.116200 226 206 112
-0.039695 -0.197333 -0.681063 -0.456604 0.819141 -0.347161 69 231 83
-0.064464 0.240222 -0.009591 0.475381 -0.879703 -0.011677 188 15 126
0.077898 0.225370 0.629273 0.160251 -0.895777 -0.414612 147 13 74
-0.136304 -0.171858 -0.920697 0.745369 0.643239 0.175122 222 209 149
-0.246665 -0.019753 -0.755109 0.926350 0.042371 0.374272 245 132 175
-0.045305 0.188638 0.195249 0.627703 -0.602700 -0.492688 207 50 64
0.124465 -0.182468 0.044959 -0.739192 0.665178 0.105517 33 212 140
0.058874 -0.187342 0.638573 0.020007 0.486225 -0.873605 130 189 16
0.313307 -0.117167 0.437324 -0.919092 0.381258 0.099562 10 176 140
-0.040610 0.215451 -0.522035 -0.705006 -0.680483 0.199772 37 40 152
-0.087775 -0.256655 -0.281337 0.050478 0.997118 -0.056629 133 254 120
-0.251022 -0.089329 -0.390538 0.928752 0.365837 -0.059864 245 174 119
-0.305781 -0.078932 0.396049 0.574156 0.410561 0.708368 200 179 217
-0.187957 -0.165209 0.420967 -0.224797 0.631732 0.741876 98 208 222
0.253082 -0.061949 0.255397 -0.828152 0.322681 0.458303 21 168 185
-0.246646 0.082055 -0.689729 0.979023 -0.203748 0.000948 252 101 127
-0.140451 -0.193175 -0.829718 0.720107 0.662565 0.206042 219 211 153
0.055604 -0.036149 0.699121 0.033842 0.176446 -0.983728 131 149 2
0.233302 0.243228 0.466244 -0.573258 -0.819230 0.015416 54 23 129
-0.121447 0.255801 -0.411036 0.402420 -0.914967 0.029900 178 10 131
-0.094001 0.069424 0.409050 -0.359094 -0.135038 0.923481 81 110 245
0.005780 0.202407 -0.939072 -0.607444 -0.793757 -0.031002 50 26 123
-0.245305 0.135346 0.408393 0.262335 -0.557741 0.787468 160 56 227
0.078278 -0.232284 0.085993 -0.535152 0.834882 0.128782 59 233 143
-0.118679 0.070713 -1.021075 0.923028 -0.259977 0.283603 245 94 163
-0.210441 -0.195117 -0.623201 0.733697 0.679458 -0.005098 221 214 126
0.033080 -0.176181 0.371808 0.865340 0.495180 0.077351 237 190 137
-0.242536 0.102011 -0.648509 0.997372 -0.070245 0.017756 254 118 129
-0.177915 0.072620 -0.061691 0.985660 -0.082507 -0.147197 253 116 108
0.022478 0.099082 -0.545941 -0.856393 -0.185216 0.481961 18 103 188
0.022522 0.051981 -0.563963 -0.856393 -0.185216 0.481961 18 103 188
0.016452 -0.147741 0.422453 0.952529 0.256307 0.164304 248 160 148
0.031687 -0.094293 -0.522062 -0.900771 0.260163 0.347746 12 160 171
0.059970 -0.033995 -0.482313 -0.969001 0.040843 0.243658 3 132 158
0.022927 0.189770 -0.951493 -0.607444 -0.793757 -0.031002 50 26 123
-0.223906 0.016343 -0.250900 0.903697 -0.054349 -0.424709 242 120 73
-0.134125 0.164111 0.031113 0.893024 -0.445782 -0.061533 241 70 119
-0.169151 -0.184256 -0.301638 0.806999 0.493282 -0.324693 230 190 86
-0.005726 0.194005 -0.471977 -0.705006 -0.680483 0.199772 37 40 152
0.278697 -0.207279 0.462895 -0.919092 0.381258 0.099562 10 176 140
0.027548 0.256116 0.024655 0.083692 -0.996457 -0.008368 138 0 126
-0.137288 0.137757 -0.957723 0.748488 -0.478915 0.458700 222 66 185
-0.007151 0.255400 -0.114432 0.059466 -0.998020 -0.020471 135 0 124
-0.215560 -0.187897 -0.658809 0.879978 0.424616 0.212931 239 181 154
0.154435 -0.125343 0.016567 -0.908908 0.400083 0.117556 11 178 142
-0.322421 0.089985 0.464195 0.857511 -0.509713 -0.069772 236 62 118
-0.158570 -0.045441 0.034114 0.969835 0.175519 -0.169157 251 149 105
0.314510 0.131234 0.421858 -0.744696 -0.597264 0.297830 32 51 165
0.078617 -0.233563 0.180807 -0.353238 0.912989 0.204141 82 243 153
-0.252153 0.053610 -0.399547 0.990792 -0.135317 -0.004521 253 110 126
0.112009 -0.222476 0.161712 -0.686595 0.678014 0.262458 39 213 160
-0.014824 0.178433 -1.026061 -0.374623 -0.783613 0.495589 79 27 190
-0.191431 0.046102 -0.144102 0.989838 -0.035507 -0.137699 253 122 109
-0.027438 -0.005754 0.701710 0.031643 0.129405 -0.991087 131 143 1
-0.044547 0.257222 -0.329906 -0.020333 -0.999685 -0.014695 124 0 125
0.022835 -0.188515 -0.441001 -0.895057 0.397463 0.202226 13 178 153
0.177975 -0.071961 0.026046 -0.986334 0.136104 0.092853 1 144 139
-0.034998 -0.227666 -0.926503 -0.362562 0.889266 0.278847 81 240 163
-0.043959 -0.201125 -0.586101 -0.861046 0.507078 -0.038355 17 192 122
-0.077766 0.237328 -0.825393 0.164824 -0.984693 0.056681 148 1 134
-0.036865 0.254649 -0.389228 -0.679038 -0.690000 0.250616 40 39 159
0.299670 0.004846 0.683980 -0.772750 -0.060007 -0.631868 28 119 46
0.188498 0.207470 0.644281 -0.071535 -0.737819 -0.671197 118 33 41
0.247428 -0.064153 0.246732 -0.828152 0.322681 0.458303 21 168 185
-0.249136 0.069960 -0.717899 0.979023 -0.203748 0.000948 252 101 127
0.024717 -0.155592 0.386787 0.952529 0.256307 0.164304 248 160 148
0.328406 0.099356 0.435849 -0.933371 -0.354891 -0.053577 8 82 120
-0.212331 0.187447 -0.554074 0.842099 -0.537120 -0.048694 234 59 121
-0.099191 -0.227679 -0.751139 -0.109779 0.993646 0.024822 113 254 130
0.326328 -0.062250 0.405243 -0.939540 0.080994 0.332724 7 137 169
0.082457 -0.116256 -0.334677 -0.856381 0.450176 0.252889 18 184 159
0.262362 0.090162 0.701382 -0.646432 -0.279139 -0.710075 45 91 36
0.088456 0.017761 -0.391749 -0.945740 0.047930 0.321369 6 133 168
-0.124669 0.225607 -0.628542 0.306099 -0.944958 0.115576 166 7 142
0.221526 -0.179496 0.315962 -0.731348 0.619013 0.286275 34 206 164
0.056844 0.241199 0.211456 0.262537 -0.932287 -0.248828 160 8 95
-0.161919 0.120356 -0.028208 0.872698 -0.482870 -0.072355 238 65 118
-0.256927 0.006278 0.581994 0.604727 0.027692 -0.795951 204 131 26
-0.104392 0.005197 0.668812 0.458254 -0.004903 -0.888808 185 126 14
0.038595 0.213984 0.636659 0.229595 -0.871355 -0.433621 156 16 72
0.178187 0.116723 0.085817 -0.975660 -0.201625 0.086228 3 101 138
0.191947 -0.250490 0.582603 -0.190031 0.748676 -0.635116 103 222 46
0.240877 0.193104 0.361818 -0.744696 -0.597264 0.297830 32 51 165
-0.012135 -0.170645 0.646240 0.020007 0.486225 -0.873605 130 189 16
0.002547 0.041739 0.400941 0.972401 -0.215342 0.089805 251 100 138
0.008258 0.224995 0.551120 0.352217 -0.911159 0.213852 172 11 154
0.120588 0.044452 -0.962278 -0.947937 -0.272332 -0.165079 6 92 106
0.021332 -0.248936 0.113056 0.103143 0.983665 -0.147527 140 252 108
0.080558 0.244511 0.588947 0.160251 -0.895777 -0.414612 147 13 74
-0.260038 0.030875 0.577206 0.644733 -0.316703 -0.695714 209 87 38
-0.016840 -0.147342 0.659102 0.020007 0.486225 -0.873605 130 189 16
-0.236816 0.025316 -0.294158 0.923549 -0.204701 -0.324275 245 101 86
0.106446 0.235602 0.618201 0.160251 -0.895777 -0.414612 147 13 74
-0.153465 -0.149312 -0.105788 0.919570 0.391169 -0.037110 244 177 122
-0.000061 0.224577 0.594555 0.242122 -0.873244 -0.422874 158 16 73
-0.125484 0.239201 -0.327723 0.498523 -0.849057 -0.174866 191 19 105
0.102698 -0.010895 -0.866763 -0.967633 0.012540 -0.252049 4 129 95
0.269910 -0.104069 0.315461 -0.828152 0.322681 0.458303 21 168 185
-0.208833 -0.159480 -0.729401 0.827122 0.470166 0.307918 232 187 166
0.055447 0.095689 0.699707 0.012069 -0.258614 -0.965905 129 94 4
0.195685 -0.110336 0.179353 -0.889712 0.338557 0.306253 14 170 166
0.031709 -0.254665 -0.124211 -0.366742 0.930063 0.021983 80 246 130
0.082107 -0.010258 -0.406256 -0.945740 0.047930 0.321369 6 133 168
-0.009914 0.149071 -0.673244 -0.856132 -0.285296 -0.430864 18 91 72
-0.031466 0.131040 -1.033722 -0.040180 -0.137700 0.989659 122 109 253
0.015934 -0.139424 0.327706 0.815119 0.195836 -0.545187 231 152 57
0.061188 -0.138358 -0.836511 -0.837727 0.480842 -0.258852 20 188 94
-0.019703 0.224481 0.572752 0.238406 -0.922720 0.302904 157 9 166
-0.154923 -0.072458 0.026993 0.969835 0.175519 -0.169157 251 149 105
-0.192087 0.211216 -0.525307 0.705472 -0.706070 0.061439 217 37 135
0.020996 0.256074 -0.035904 0.083692 -0.996457 -0.008368 138 0 126
0.069323 -0.059863 -1.042641 -0.155875 0.245511 0.956780 107 158 249
-0.202216 -0.118634 0.592045 0.465866 0.422257 -0.777604 186 181 28
-0.083876 0.216172 -0.900304 0.464050 -0.840879 0.278533 186 20 163
0.291860 -0.167936 0.433748 -0.919092 0.381258 0.099562 10 176 140
0.117119 0.163023 0.675530 0.009672 -0.374443 -0.927199 128 79 9
-0.041460 0.192414 -0.603623 -0.806161 -0.587343 0.071644 24 52 136
-0.107400 0.213508 -0.147809 0.547773 -0.836507 0.014149 197 20 129
0.071030 0.135868 -1.016134 -0.510969 -0.853969 0.098220 62 18 140
0.049219 -0.209174 -0.278260 -0.758982 0.631975 0.156695 30 208 147
0.231899 -0.189369 0.363223 -0.572293 0.653717 0.495111 54 210 190
-0.215613 -0.149725 -0.726082 0.827122 0.470166 0.307918 232 187 166
-0.246567 0.006506 0.589873 0.604727 0.027692 -0.795951 204 131 26
0.017999 0.255515 0.000754 0.083692 -0.996457 -0.008368 138 0 126
-0.191239 0.079274 -0.154644 0.985660 -0.082507 -0.147197 253 116 108
-0.252397 0.051151 -0.379522 0.990792 -0.135317 -0.004521 253 110 126
-0.240265 -0.096311 -0.661701 0.963476 0.265511 0.034891 250 161 131
0.215779 0.155317 0.674643 -0.077433 -0.517572 -0.852129 117 61 18
-0.024595 0.255934 -0.352447 -0.679038 -0.690000 0.250616 40 39 159
-0.091801 -0.030500 0.204437 0.861438 0.041714 -0.506146 237 132 62
-0.016646 -0.039042 0.426970 0.250504 0.103310 0.962588 159 140 250
-0.232242 -0.143432 -0.429804 0.928752 0.365837 -0.059864 245 174 119
-0.107557 0.212913 -0.176872 0.547773 -0.836507 0.014149 197 20 129
-0.196389 -0.120410 0.384761 0.055821 0.340950 0.938423 134 170 247
0.225306 0.178697 0.659577 -0.077433 -0.517572 -0.852129 117 61 18
0.040239 0.236578 0.542712 0.453436 -0.863924 0.219160 185 17 155
0.216812 0.101627 0.700133 0.012069 -0.258614 -0.965905 129 94 4
0.056546 0.151233 -0.999610 -0.715882 -0.680683 0.155511 36 40 147
0.114324 0.237331 0.245518 -0.434127 -0.893055 0.118266 72 13 142
-0.056803 -0.240422 0.067345 0.476479 0.747303 -0.463148 188 222 68
0.111498 0.163315 -0.203402 -0.803488 -0.473255 0.361161 25 67 173
0.077070 -0.246066 0.454880 0.355368 0.927208 0.118319 172 245 142
-0.088290 -0.155400 -1.018157 0.454231 0.702906 0.547355 185 217 197
0.265534 -0.226673 0.569944 -0.584617 0.811266 -0.008413 52 230 126
-0.100429 -0.218382 0.005888 0.952507 0.266544 -0.147257 248 161 108
0.090556 0.008825 -0.820507 -0.958510 0.045790 -0.281356 5 133 91
0.112707 0.009009 -0.904197 -0.967633 0.012540 -0.252049 4 129 95
-0.126644 -0.187515 -0.083225 0.759104 0.640650 -0.115453 224 209 112
0.029613 0.120805 -0.512760 -0.871975 -0.360542 0.331162 16 81 169
-0.017122 0.107019 -1.040884 -0.014678 -0.309147 0.950901 125 88 248
-0.245429 -0.071388 -0.708770 0.963476 0.265511 0.034891 250 161 131
0.052471 -0.238947 0.470133 0.362000 0.915696 0.174517 173 244 149
-0.257450 0.019238 -0.531562 0.990792 -0.135317 -0.004521 253 110 126
0.201901 -0.042199 0.140265 -0.904117 0.189882 0.382777 12 151 176
-0.095427 -0.223176 -0.637303 -0.505709 0.837844 0.205610 63 234 153
-0.191478 -0.002083 -0.887227 0.896326 0.120341 0.426752 241 142 181
-0.113372 0.167580 0.439228 -0.308700 -0.548573 0.777028 88 57 226
-0.151686 0.129282 0.035656 0.872698 -0.482870 -0.072355 238 65 118
0.252414 0.048991 0.235531 -0.845706 -0.167483 0.506687 19 106 192
-0.092579 -0.052803 0.674434 0.284528 0.221258 -0.932785 163 155 8
-0.020565 0.022549 0.700551 0.062156 -0.075064 -0.995240 135 117 0
0.004661 0.033787 -0.641514 -0.968503 -0.205318 0.140877 4 101 145
-0.095387 0.241214 -0.271951 0.419406 -0.886100 -0.197295 180 14 102
-0.122549 0.024454 0.659345 0.458254 -0.004903 -0.888808 185 126 14
-0.179060 -0.115235 -0.198702 0.861585 0.430366 -0.269178 237 182 93
-0.182834 -0.205200 -0.729427 0.827122 0.470166 0.307918 232 187 166
-0.089389 0.205836 0.582111 0.242122 -0.873244 -0.422874 158 16 73
-0.118206 -0.112527 0.132933 0.777980 0.412500 -0.473910 226 180 67
0.105165 0.211830 0.001798 -0.822399 -0.562505 0.085135 22 55 138
0.122228 0.016094 0.709341 0.031643 0.129405 -0.991087 131 143 1
-0.095195 -0.262800 -0.396165 0.050478 0.997118 -0.056629 133 254 120
-0.252111 -0.125054 0.547946 0.613582 0.507353 -0.605070 205 192 50
0.002256 0.242120 -0.288912 -0.373021 -0.926122 -0.056159 79 9 120
0.324547 -0.132737 0.639061 -0.977100 0.195183 -0.084733 2 152 116
0.294077 -0.068328 0.338175 -0.864400 0.320539 0.387386 17 168 176
-0.098978 -0.259712 -0.425258 -0.193348 0.977973 0.078646 102 252 137
-0.157003 -0.240783 -0.469713 0.566299 0.811834 -0.142237 199 231 109
-0.309530 0.112868 0.455464 0.857511 -0.509713 -0.069772 236 62 118
0.074204 -0.144997 -0.976535 -0.685669 0.690146 0.231424 40 215 157
0.059511 0.242496 0.209410 0.262537 -0.932287 -0.248828 160 8 95
0.146134 0.218006 0.637215 -0.071535 -0.737819 -0.671197 118 33 41
-0.259193 0.003128 -0.431393 0.990792 -0.135317 -0.004521 253 110 126
-0.251056 0.181622 0.458645 0.262884 -0.854973 0.447116 161 18 184
0.088171 -0.191163 -0.139486 -0.535152 0.834882 0.128782 59 233 143
0.184383 -0.030158 0.032840 -0.986334 0.136104 0.092853 1 144 139
0.015787 -0.125659 0.332431 0.815119 0.195836 -0.545187 231 152 57
0.216315 0.124938 0.225970 -0.686649 -0.559440 0.464264 39 56 186
0.023225 0.015091 -0.677376 -0.828512 -0.181830 -0.529628 21 104 59
-0.118520 0.082406 0.657968 0.403480 -0.312624 -0.859924 178 87 17
-0.193906 0.173968 -0.772135 0.825733 -0.513982 0.232351 232 61 157
-0.152706 -0.138616 -0.911039 0.870623 0.317375 0.375883 238 167 175
-0.258051 0.012260 -0.619462 0.997464 -0.071121 0.002725 254 118 127
0.211670 -0.098681 0.205764 -0.832134 0.316078 0.455684 21 167 185
0.014630 -0.038384 -1.057063 -0.155875 0.245511 0.956780 107 158 249
0.110677 -0.262349 0.481547 0.355368 0.927208 0.118319 172 245 142
0.252773 0.188805 0.648098 -0.645152 -0.435892 -0.627516 45 71 47
0.241578 -0.056647 0.700082 0.015272 0.242815 -0.969952 129 158 3
0.144420 -0.258652 0.563423 0.106819 0.970115 -0.217869 141 251 99
0.037089 -0.209440 0.277840 0.706938 0.651510 -0.275270 217 210 92
-0.004518 -0.016890 0.348680 0.989597 0.141139 -0.027881 253 145 123
0.071076 0.098443 -0.860995 -0.905034 -0.362872 -0.221897 12 81 99
0.003305 -0.208752 -0.937018 -0.362562 0.889266 0.278847 81 240 163
-0.213329 -0.065938 0.612605 0.604727 0.027692 -0.795951 204 131 26
-0.243404 -0.041288 -0.750155 0.910113 0.226668 0.346867 243 156 171
0.256191 -0.066619 0.264304 -0.828152 0.322681 0.458303 21 168 185
0.064670 -0.238325 0.163681 -0.310135 0.950554 -0.016247 87 248 125
0.156118 0.259302 0.433431 -0.029216 -0.978251 0.205358 123 2 153
0.293176 0.102067 0.342188 -0.866809 -0.345473 0.359571 16 83 173
-0.243696 0.144273 0.414180 0.262335 -0.557741 0.787468 160 56 227
0.271013 0.078874 0.279865 -0.836559 -0.316272 0.447372 20 87 184
0.012649 -0.067291 -0.665936 -0.824139 0.237023 -0.514407 22 157 61
0.059575 0.113648 -0.838952 -0.905034 -0.362872 -0.221897 12 81 99
0.038188 -0.188679 -0.371924 -0.895790 0.397584 0.198715 13 178 152
-0.248727 -0.058315 -0.717184 0.963476 0.265511 0.034891 250 161 131
-0.091843 -0.008484 0.206180 0.861438 0.041714 -0.506146 237 132 62
-0.299400 0.127642 0.472036 0.857511 -0.509713 -0.069772 236 62 118
-0.119124 -0.242520 -0.306876 0.594630 0.796688 -0.108177 203 229 113
-0.091493 -0.197550 0.099998 0.575798 0.730911 -0.366368 200 220 80
0.253440 0.230690 0.548848 -0.573258 -0.819230 0.015416 54 23 129
0.021091 0.203981 0.647493 0.229595 -0.871355 -0.433621 156 16 72
0.178181 -0.142671 0.665780 0.012577 0.464386 -0.885544 129 186 14
0.026882 0.253023 -0.192115 -0.063768 -0.996024 0.062215 119 0 135
0.015067 0.148122 0.422882 0.882798 -0.449458 0.136582 240 70 144
-0.146931 0.201361 0.472710 0.013903 -0.943738 0.330402 129 7 169
-0.136634 0.137291 -0.959275 0.748488 -0.478915 0.458700 222 66 185
-0.173375 -0.212541 -0.381994 0.776215 0.619667 -0.116200 226 206 112
0.206110 0.249688 0.581693 -0.438566 -0.834816 -0.332780 71 21 85
-0.265457 -0.180372 0.448204 0.218217 0.964440 0.149121 155 250 146
0.171710 -0.025546 -0.110157 -0.983240 0.160931 0.085673 2 148 138
-0.083913 -0.053806 0.412769 -0.243060 0.346500 0.906013 96 171 243
0.133662 -0.210538 0.620685 -0.006543 0.658010 -0.752980 126 211 31
0.222728 0.120285 0.229848 -0.686649 -0.559440 0.464264 39 56 186
-0.091788 -0.172139 -0.993757 0.454231 0.702906 0.547355 185 217 197
-0.153035 -0.200203 0.530882 0.240346 0.862057 -0.446196 158 237 70
0.022168 0.140830 -0.731532 -0.856132 -0.285296 -0.430864 18 91 72
0.027082 -0.227409 -0.267161 -0.599433 0.789403 0.132374 51 228 144
0.013557 -0.007514 -0.586732 -0.875279 0.128114 0.466340 15 143 186
-0.239555 -0.001954 -0.774720 0.926350 0.042371 0.374272 245 132 175
-0.153607 -0.083032 0.391072 -0.548333 0.307644 0.777616 57 166 226
-0.188783 0.080904 -0.139108 0.985660 -0.082507 -0.147197 253 116 108
-0.182289 0.003544 -0.067412 0.989838 -0.035507 -0.137699 253 122 109
0.001241 0.041700 0.407600 0.950733 -0.120051 0.285821 248 112 163
0.032849 0.014290 0.704510 0.062156 -0.075064 -0.995240 135 117 0
0.033241 -0.165888 0.353431 0.952529 0.256307 0.164304 248 160 148
0.093717 0.039765 0.706390 0.062156 -0.075064 -0.995240 135 117 0
0.020427 -0.108691 -0.540458 -0.900771 0.260163 0.347746 12 160 171
0.177345 -0.051122 -0.011190 -0.986334 0.136104 0.092853 1 144 139
-0.054139 -0.262089 -0.347051 0.050478 0.997118 -0.056629 133 254 120
0.337272 -0.054042 0.527363 -0.981345 0.190836 0.023323 2 151 130
-0.017329 0.218444 0.597335 0.242122 -0.873244 -0.422874 158 16 73
0.030887 0.181229 -0.986436 -0.715882 -0.680683 0.155511 36 40 147
0.175439 0.007129 -0.122725 -0.993127 -0.049032 0.106279 0 121 141
-0.062027 -0.032789 0.248429 0.811850 0.164790 -0.560128 231 148 56
0.004614 0.043492 -0.658013 -0.828512 -0.181830 -0.529628 21 104 59
-0.055663 0.119974 0.237128 0.721724 -0.272510 -0.636281 219 92 46
-0.078758 -0.227575 -0.561704 -0.453635 0.879026 0.146729 69 239 146
-0.146927 -0.020590 -1.012834 0.923028 -0.259977 0.283603 245 94 163
-0.122914 -0.036326 -1.065147 0.557263 0.223704 0.799634 198 156 229
0.154765 0.151780 0.055753 -0.798507 -0.594023 0.097584 25 51 139
-0.117578 0.071869 0.660911 0.358894 -0.130218 -0.924250 173 110 9
0.052548 0.140226 -0.853754 -0.905034 -0.362872 -0.221897 12 81 99
-0.127928 -0.132609 0.094843 0.819361 0.413191 -0.397393 231 180 76
0.209460 0.215277 0.335937 -0.689575 -0.609124 0.391733 39 49 177
-0.031416 -0.178123 0.637399 0.335228 0.459936 -0.822241 170 186 22
0.170669 0.129318 0.051552 -0.941446 -0.318065 0.111869 7 86 141
-0.352346 0.001740 0.422186 0.863563 -0.242430 0.442139 237 96 183
-0.043459 0.257295 -0.364997 -0.063608 -0.995085 0.075888 119 0 137
-0.022848 0.161942 -0.644009 -0.806161 -0.587343 0.071644 24 52 136
0.156613 0.212919 0.641690 -0.071535 -0.737819 -0.671197 118 33 41
-0.034811 0.210513 -0.969478 -0.269401 -0.905522 0.327801 93 12 169
-0.115129 -0.228466 -0.778898 0.346114 0.937317 0.040531 171 247 132
0.083393 0.250118 0.575083 0.167912 -0.957298 -0.235345 148 5 97
0.313846 -0.119156 0.449117 -0.909756 0.393415 0.132549 11 177 144
0.094599 -0.084048 -0.874673 -0.939765 0.293781 -0.174742 7 164 105
-0.107784 -0.261908 -0.391668 0.050478 0.997118 -0.056629 133 254 120
-0.189709 -0.208086 -0.470325 0.801739 0.591413 -0.086281 229 202 116
-0.064718 -0.213244 -0.951055 0.435810 0.860684 0.263234 183 237 161
-0.294627 -0.042289 0.539931 0.783918 0.154766 -0.601265 227 147 50
-0.179716 0.058474 -0.902540 0.844872 -0.271208 0.461127 235 92 186
0.084624 0.071878 0.703400 0.062156 -0.075064 -0.995240 135 117 0
0.036310 -0.043081 -0.693065 -0.902292 -0.047082 -0.428547 12 121 72
0.159182 0.192095 0.191638 -0.753477 -0.585889 0.298341 31 52 165
-0.085241 -0.247652 -0.096710 0.348563 0.935331 -0.060504 171 246 119
-0.127798 -0.205103 -0.165591 0.786637 0.616114 -0.040071 227 206 122
0.341774 0.056070 0.489679 -0.933371 -0.354891 -0.053577 8 82 120
-0.032746 0.105362 -1.041664 -0.014678 -0.309147 0.950901 125 88 248
0.245917 0.082367 0.235720 -0.845706 -0.167483 0.506687 19 106 192
-0.266226 0.071597 0.552933 0.644733 -0.316703 -0.695714 209 87 38
-0.122203 -0.171024 0.037488 0.759104 0.640650 -0.115453 224 209 112
-0.227361 -0.168957 -0.551984 0.801739 0.591413 -0.086281 229 202 116
-0.099884 -0.138312 -1.027073 0.759477 0.447324 0.472330 224 184 187
-0.254423 -0.038732 -0.708909 0.963476 0.265511 0.034891 250 161 131
-0.072858 0.205389 -0.970335 0.506916 -0.841471 0.186985 192 20 151
-0.027937 0.226502 -0.895346 -0.607444 -0.793757 -0.031002 50 26 123
0.264468 -0.065350 0.278367 -0.828152 0.322681 0.458303 21 168 185
-0.122363 0.067557 0.165733 0.860761 0.087396 -0.501450 237 138 63
-0.111921 -0.227826 -0.801581 -0.109779 0.993646 0.024822 113 254 130
0.170586 0.000577 -0.171101 -0.993127 -0.049032 0.106279 0 121 141
0.227104 0.137541 0.257115 -0.686649 -0.559440 0.464264 39 56 186
-0.091852 0.224131 -0.121671 0.547773 -0.836507 0.014149 197 20 129
-0.135834 -0.189135 0.576394 0.343629 0.880653 -0.326143 171 239 85
0.032456 0.180923 -0.941875 -0.683553 -0.729450 -0.025644 40 34 124
0.197760 0.267320 0.503927 -0.447830 -0.881689 -0.148569 70 15 108
-0.023843 -0.057419 0.297372 0.826213 0.182103 -0.533114 232 150 59
-0.040899 -0.164251 -1.016814 -0.053766 0.610388 0.790276 120 205 228
-0.205163 0.183068 -0.382699 0.835273 -0.546863 -0.057093 233 57 120
0.125522 0.187139 0.031702 -0.798507 -0.594023 0.097584 25 51 139
-0.006163 -0.107112 0.681737 0.020007 0.486225 -0.873605 130 189 16
-0.220255 -0.160117 -0.425364 0.801739 0.591413 -0.086281 229 202 116
-0.144569 0.182451 -0.198031 0.839074 -0.419777 -0.346038 234 73 83
0.154289 0.228489 0.322874 -0.248772 -0.945313 0.210938 95 6 154
0.214298 -0.108029 0.217045 -0.832134 0.316078 0.455684 21 167 185
0.138188 -0.113405 -0.122321 -0.873396 0.465169 0.144209 16 186 145
0.076530 0.203805 -0.226678 -0.795109 -0.478583 0.372507 26 66 174
0.207289 -0.231548 0.390467 -0.572293 0.653717 0.495111 54 210 190
0.112017 -0.111936 -0.228787 -0.917741 0.367460 0.150749 10 174 146
0.201643 0.204228 0.646220 -0.077433 -0.517572 -0.852129 117 61 18
-0.009249 0.133151 0.285866 0.847391 -0.267735 -0.458527 235 93 69
0.173840 -0.063530 -0.030229 -0.986334 0.136104 0.092853 1 144 139
-0.084256 0.229964 -0.042564 0.475381 -0.879703 -0.011677 188 15 126
-0.198438 0.055661 -0.869892 0.844872 -0.271208 0.461127 235 92 186
0.214533 -0.247239 0.452976 -0.510213 0.834920 0.206376 62 233 153
-0.039052 0.256112 -0.261997 -0.020333 -0.999685 -0.014695 124 0 125
0.316912 0.150811 0.511706 -0.760120 -0.632430 0.149167 30 46 146
0.008600 0.195815 0.453071 0.433016 -0.316055 0.844160 182 87 235
0.139133 0.170269 0.040387 -0.798507 -0.594023 0.097584 25 51 139
-0.050001 -0.223746 -0.941084 0.435810 0.860684 0.263234 183 237 161
-0.259814 -0.053004 -0.435308 0.999973 0.007346 0.000730 254 128 127
0.329718 -0.060483 0.414385 -0.939540 0.080994 0.332724 7 137 169
0.346781 0.000278 0.483020 -0.981345 0.190836 0.023323 2 151 130
-0.134430 -0.221987 -0.763906 0.346114 0.937317 0.040531 171 247 132
-0.042848 0.192401 0.193775 0.627703 -0.602700 -0.492688 207 50 64
-0.086075 0.234232 -0.551813 -0.495329 -0.859747 0.124432 64 17 143
-0.123189 -0.136043 0.101045 0.819361 0.413191 -0.397393 231 180 76
0.015746 0.121529 -0.705993 -0.856132 -0.285296 -0.430864 18 91 72
-0.013630 0.227686 0.580367 0.242122 -0.873244 -0.422874 158 16 73
0.226058 0.028045 0.174680 -0.934047 0.123318 0.335186 8 143 170
-0.039555 -0.068345 0.270539 0.811850 0.164790 -0.560128 231 148 56
0.180123 -0.084005 0.074494 -0.908908 0.400083 0.117556 11 178 142
-0.219512 0.010612 -0.819032 0.907945 -0.022365 0.418491 243 124 180
0.063423 0.001324 0.705535 0.031643 0.129405 -0.991087 131 143 1
-0.199818 0.173123 0.550729 0.351913 -0.768784 -0.533974 172 29 59
-0.183697 -0.110258 -0.847605 0.905044 0.299657 0.301831 242 165 165
0.143433 0.106501 0.697911 0.012069 -0.258614 -0.965905 129 94 4
0.327722 -0.113819 0.541883 -0.987093 0.158206 0.024885 1 147 130
0.320873 0.119317 0.434862 -0.933371 -0.354891 -0.053577 8 82 120
-0.205137 -0.114272 0.592665 0.465866 0.422257 -0.777604 186 181 28
-0.259670 -0.050061 0.577105 0.727738 0.025199 -0.685393 220 130 40
-0.205971 -0.090431 -0.806576 0.872467 0.282199 0.398955 238 163 178
0.339490 -0.049076 0.628854 -0.986301 -0.112760 -0.120398 1 113 112
-0.052932 0.033255 0.691454 0.358894 -0.130218 -0.924250 173 110 9
-0.103842 0.133664 0.634596 0.627236 -0.474717 -0.617429 207 66 48
-0.197113 -0.189451 -0.715119 0.827122 0.470166 0.307918 232 187 166
0.112131 0.212448 0.073175 -0.822399 -0.562505 0.085135 22 55 138
0.277392 -0.121768 0.345235 -0.861076 0.362916 0.356146 17 173 172
-0.137015 -0.165650 -0.030078 0.759104 0.640650 -0.115453 224 209 112
-0.102576 -0.059970 0.181661 0.811850 0.164790 -0.560128 231 148 56
0.261703 -0.229360 0.577055 -0.584617 0.811266 -0.008413 52 230 126
-0.210109 0.058540 0.609693 0.632216 -0.313108 -0.708707 208 87 37
0.298562 0.104762 0.659401 -0.645152 -0.435892 -0.627516 45 71 47
0.016169 -0.260321 -0.144142 -0.366742 0.930063 0.021983 80 246 130
0.165037 -0.042690 -0.154546 -0.983240 0.160931 0.085673 2 148 138
-0.149547 -0.200368 -0.277392 0.806999 0.493282 -0.324693 230 190 86
-0.055970 0.201392 -0.678028 -0.590346 -0.718859 -0.367062 52 35 80
-0.319031 0.094125 0.475615 0.857511 -0.509713 -0.069772 236 62 118
-0.193501 0.019107 -0.152020 0.989838 -0.035507 -0.137699 253 122 109
-0.028816 0.126197 -1.034830 -0.014678 -0.309147 0.950901 125 88 248
0.219346 0.243161 0.580623 -0.438566 -0.834816 -0.332780 71 21 85
-0.255041 0.052716 0.571894 0.644733 -0.316703 -0.695714 209 87 38
0.033175 0.044927 -1.063494 -0.124557 -0.511404 0.850266 111 62 235
-0.038984 -0.078771 0.684623 0.284528 0.221258 -0.932785 163 155 8
-0.148219 0.240942 -0.479791 0.451864 -0.875047 0.173525 185 15 149
0.251778 -0.235209 0.496386 -0.510213 0.834920 0.206376 62 233 153
0.239815 0.194542 0.362045 -0.744696 -0.597264 0.297830 32 51 165
-0.108892 0.214646 -0.022790 0.547773 -0.836507 0.014149 197 20 129
0.319579 0.117477 0.515228 -0.986527 0.154801 0.052925 1 147 134
-0.117390 0.193643 -0.912479 0.464050 -0.840879 0.278533 186 20 163
0.095142 -0.227317 0.123869 -0.535152 0.834882 0.128782 59 233 143
-0.248582 -0.136412 0.542001 0.613582 0.507353 -0.605070 205 192 50
0.011374 -0.261820 -0.041054 0.076897 0.994343 -0.073271 137 254 118
0.149664 0.001202 0.708273 0.031643 0.129405 -0.991087 131 143 1
-0.002194 -0.111608 -0.662576 -0.824139 0.237023 -0.514407 22 157 61
-0.217347 -0.176581 -0.511191 0.801739 0.591413 -0.086281 229 202 116
0.064046 0.110413 -0.410972 -0.892578 -0.390797 0.224906 13 77 156
-0.110976 0.217294 -0.216884 0.449372 -0.850478 -0.273408 184 19 92
-0.042029 -0.243945 -0.826170 -0.604413 0.795482 0.043516 50 228 133
0.164353 -0.140020 0.125299 -0.875690 0.358076 0.323957 15 173 168
-0.008616 -0.234289 0.126816 0.476479 0.747303 -0.463148 188 222 68
-0.051073 -0.194581 0.165541 0.669232 0.590562 -0.450959 212 202 70
-0.224099 -0.077309 0.370750 0.055821 0.340950 0.938423 134 170 247
0.087553 0.014356 -0.810218 -0.940004 0.036805 -0.339172 7 132 84
0.000877 0.074172 -0.609645 -0.966640 -0.192383 0.169103 4 102 149
0.017494 0.232909 -0.311374 -0.664935 -0.684894 0.297963 42 40 165
0.045860 0.009456 -1.064251 -0.155875 0.245511 0.956780 107 158 249
0.209281 0.184736 0.288132 -0.689575 -0.609124 0.391733 39 49 177
0.087315 0.184401 0.666586 0.009672 -0.374443 -0.927199 128 79 9
-0.036781 -0.258026 -0.365883 -0.589045 0.789274 0.173414 52 228 149
0.005177 -0.075493 0.396114 0.989597 0.141139 -0.027881 253 145 123
-0.109161 -0.195511 -0.009196 0.952507 0.266544 -0.147257 248 161 108
-0.155745 -0.042649 -0.996261 0.916897 0.320968 0.237232 244 168 157
0.278975 0.198196 0.487731 -0.839469 -0.538517 0.072747 20 58 136
0.021293 -0.215726 -0.354575 -0.606660 0.780196 0.152504 50 226 146
-0.088986 -0.249450 -0.146079 0.348563 0.935331 -0.060504 171 246 119
-0.048259 -0.262676 -0.267401 0.173889 0.984306 0.030076 149 252 131
-0.042083 -0.263088 -0.289623 0.173889 0.984306 0.030076 149 252 131
0.293542 -0.176952 0.612976 -0.585453 0.599855 -0.545362 52 203 57
0.089302 0.222025 -0.027259 -0.628721 -0.772025 0.093208 47 29 139
-0.170977 -0.173592 0.578267 0.393793 0.508293 -0.765875 177 192 29
-0.207568 -0.037904 -0.226167 0.925231 0.188049 -0.329524 245 151 85
0.102217 -0.204113 0.025552 -0.739192 0.665178 0.105517 33 212 140
-0.309560 -0.041381 0.520696 0.783918 0.154766 -0.601265 227 147 50
0.000898 0.035805 0.404566 0.972401 -0.215342 0.089805 251 100 138
-0.123290 0.223644 -0.742931 0.417159 -0.908033 -0.038152 180 11 122
-0.137022 -0.202819 -0.221661 0.841131 0.523750 -0.134852 234 194 110
0.218008 -0.059774 0.698928 0.015272 0.242815 -0.969952 129 158 3
0.172449 0.098250 -0.021802 -0.941446 -0.318065 0.111869 7 86 141
-0.114773 0.224680 -0.674459 0.417159 -0.908033 -0.038152 180 11 122
0.054961 0.150639 -0.371743 -0.925734 -0.349746 0.143856 9 82 145
-0.032771 -0.182812 -0.595164 -0.861046 0.507078 -0.038355 17 192 122
-0.118360 0.066581 -1.025902 0.923028 -0.259977 0.283603 245 94 163
0.154556 -0.242724 0.363709 -0.055620 0.996643 0.060077 120 254 135
-0.164757 -0.122893 -0.107122 0.919570 0.391169 -0.037110 244 177 122
-0.240483 -0.139945 -0.562292 0.993818 0.090795 0.063885 254 139 135
-0.234618 0.135042 -0.709984 0.832570 -0.514385 0.205513 233 61 153
0.031175 -0.256372 -0.060865 -0.366742 0.930063 0.021983 80 246 130
0.328022 0.032980 0.382208 -0.923768 0.110464 0.366676 9 141 174
-0.361185 -0.020221 0.427408 0.863563 -0.242430 0.442139 237 96 183
0.031362 0.105044 0.696901 0.012069 -0.258614 -0.965905 129 94 4
-0.146684 -0.100398 0.402824 -0.548333 0.307644 0.777616 57 166 226
0.282006 0.160233 0.398736 -0.744696 -0.597264 0.297830 32 51 165
0.124195 0.220634 0.159324 -0.753477 -0.585889 0.298341 31 52 165
0.136717 0.223466 0.223012 -0.434127 -0.893055 0.118266 72 13 142
-0.015421 0.187529 -0.719772 -0.636424 -0.691031 -0.342695 46 39 83
-0.186345 0.085659 0.377730 -0.106129 -0.469470 0.876547 113 67 239
-0.206974 -0.198946 -0.634525 0.733697 0.679458 -0.005098 221 214 126
-0.223479 -0.155884 -0.689923 0.879978 0.424616 0.212931 239 181 154
-0.111917 0.257734 -0.480144 0.402420 -0.914967 0.029900 178 10 131
0.077238 0.081176 -0.397265 -0.925734 -0.349746 0.143856 9 82 145
-0.284117 0.001309 0.553036 0.727738 0.025199 -0.685393 220 130 40
0.022115 0.147956 -1.029193 -0.040180 -0.137700 0.989659 122 109 253
0.085067 -0.058725 -0.383050 -0.967552 0.100570 0.231796 4 140 157
0.033762 0.240397 0.571168 0.453436 -0.863924 0.219160 185 17 155
-0.129298 0.221222 -0.794841 0.592870 -0.768492 0.240676 203 29 158
0.016009 -0.245110 0.134689 0.476479 0.747303 -0.463148 188 222 68
-0.160658 0.142974 -0.163947 0.872698 -0.482870 -0.072355 238 65 118
0.168312 0.263237 0.582306 0.167912 -0.957298 -0.235345 148 5 97
-0.167532 -0.023052 0.005962 0.969835 0.175519 -0.169157 251 149 105
-0.282321 -0.161208 0.461355 0.732013 0.675788 -0.086417 220 213 116
-0.048013 -0.114285 -1.044744 -0.145324 0.319177 0.936486 108 168 246
0.031359 -0.246940 0.133377 0.103143 0.983665 -0.147527 140 252 108
-0.028395 0.037815 0.294975 0.797688 -0.147631 -0.584721 229 108 52
0.236628 -0.241817 0.485664 -0.510213 0.834920 0.206376 62 233 153
