ply
format ascii 1.0
element vertex 4096
property float x
property float y
property float z
property float nx
property float ny
property float nz
property uchar red
property uchar green
property uchar blue
end_header
0.282690 -0.261501 -0.671567 -0.539590 0.840804 -0.043492 58 234 121
0.386768 0.231348 0.398251 -0.582939 -0.811391 -0.042740 53 24 122
-0.143671 -0.269590 -0.069899 -0.348157 0.848899 -0.397690 83 235 76
-0.406907 0.250355 0.245683 0.388539 -0.917916 -0.080417 177 10 117
0.299896 -0.270802 -0.773995 -0.510502 0.850360 -0.127576 62 235 111
0.453965 -0.080530 0.103571 -0.984295 0.105885 -0.141254 2 141 109
0.234572 0.236221 -0.916250 0.133767 -0.882401 0.451083 144 14 185
0.120096 -0.235271 -0.652875 0.806170 0.589888 0.046058 230 202 133
-0.483304 -0.122846 -0.225508 0.723157 0.283454 0.629840 219 163 207
-0.255630 0.211616 0.409694 -0.752975 -0.655021 -0.063056 31 43 119
0.432407 -0.090126 0.581975 -0.923484 0.212032 -0.319719 9 154 86
-0.547537 0.103705 0.145459 0.940357 -0.338155 -0.037150 247 84 122
0.170958 0.263411 -0.549233 0.483928 -0.871718 0.076955 189 16 137
0.085979 0.221893 -0.010849 0.642621 -0.632301 -0.432704 209 46 72
-0.246730 0.216655 0.703515 0.159012 -0.795432 -0.584810 147 26 52
0.238262 0.241404 0.246408 0.618657 -0.784411 -0.044297 206 27 121
0.238804 -0.301489 -0.610795 0.018577 0.999533 -0.024265 129 254 124
0.346708 -0.273593 0.120756 -0.509783 0.858779 0.051180 62 236 134
-0.067442 0.165771 -0.030715 -0.489856 -0.422836 -0.762398 65 73 30
0.326893 0.191178 -0.520967 -0.790831 -0.611707 -0.020031 26 49 124
0.204598 -0.152835 0.544642 0.953898 0.291093 -0.073100 249 164 118
0.353288 0.236829 0.080769 -0.629973 -0.774890 -0.051758 47 28 120
0.006789 -0.160666 0.023505 0.545450 0.475627 -0.690118 197 188 39
0.325774 0.010725 0.742496 0.053455 -0.048082 -0.997412 134 121 0
-0.285169 0.223409 0.720231 -0.043309 -0.809055 -0.586135 121 24 52
0.442116 -0.143814 0.291778 -0.918351 0.395307 0.019058 10 177 129
-0.344835 0.192657 -0.325657 0.308804 -0.411267 0.857613 166 75 236
0.198603 -0.130474 0.558414 0.932676 0.349459 -0.089404 246 172 116
-0.228957 -0.273323 0.035329 -0.557589 0.795841 -0.236078 56 228 97
0.420803 0.074999 -0.247724 -0.984529 -0.133035 0.114039 1 110 142
-0.201992 0.138216 0.616876 -0.894433 -0.441587 0.070639 13 71 136
-0.393573 0.237481 -0.182337 0.472615 -0.709533 0.522683 187 37 194
-0.331107 -0.122642 0.821211 0.143418 0.375422 -0.915691 145 175 10
-0.421843 0.168912 0.721249 0.706300 -0.447787 -0.548295 217 70 57
0.346298 0.239579 0.590437 -0.410753 -0.866096 -0.284887 75 17 91
-0.268417 0.242884 0.263570 -0.712376 -0.701745 0.008627 36 38 128
-0.489995 -0.095460 0.638506 0.979203 0.198883 -0.040082 252 152 122
0.361044 -0.262097 0.383962 -0.638867 0.760911 -0.113422 46 224 113
0.182536 0.060940 0.511993 0.992904 -0.031486 -0.114677 254 123 112
0.346338 -0.208672 -0.444122 -0.814906 0.577670 -0.047183 23 201 121
0.326044 0.174204 -0.823536 -0.769249 -0.638946 0.002192 29 46 127
-0.488659 -0.079907 0.631060 0.957645 0.128298 -0.257791 249 143 94
0.439827 -0.150871 0.134388 -0.929955 0.357684 0.085124 8 173 138
0.344060 -0.265032 0.367307 -0.192271 0.980946 -0.027855 102 252 123
-0.475050 0.171414 -0.150334 0.824685 -0.511391 0.241607 232 62 158
-0.132959 0.073683 -0.404302 0.002439 -0.379706 0.925104 127 79 245
-0.215286 0.174310 0.419033 -0.904984 -0.424984 -0.019803 12 73 124
-0.465049 -0.112445 -0.253024 0.656705 0.328569 0.678808 211 169 214
-0.434731 0.151780 -0.245810 0.583448 -0.587112 0.561149 201 52 199
0.185517 -0.006942 0.505252 0.996824 -0.018945 -0.077352 254 125 117
-0.084333 0.124006 -0.046235 -0.555532 -0.482346 -0.677294 56 66 41
0.352110 -0.213363 -0.161326 -0.762914 0.623456 0.171069 30 206 149
0.425584 0.128574 0.540529 -0.880667 -0.456269 -0.127453 15 69 111
0.077926 0.257255 -0.106393 0.382570 -0.813138 -0.438688 176 23 71
0.048840 0.027761 -0.560168 0.974624 -0.216254 0.057813 251 99 134
0.209284 -0.194400 0.409981 0.847159 0.531288 -0.007438 235 195 126
0.231214 0.178163 0.723450 0.850533 -0.440770 -0.286906 235 71 90
0.292568 0.261977 -0.290509 -0.549240 -0.835646 0.005610 57 20 128
-0.211616 -0.263609 -0.267395 -0.025422 0.770477 0.636961 124 225 208
0.057519 -0.075342 -0.625105 0.980999 0.184868 0.058869 252 151 135
-0.165932 -0.121600 0.074814 -0.718770 0.386250 -0.578083 35 176 53
0.328324 0.199574 -0.612023 -0.771607 -0.635453 0.028684 29 46 131
-0.198996 0.164884 0.514482 -0.916285 -0.400310 0.013165 10 76 129
0.365292 0.118851 0.693259 -0.769698 -0.310112 -0.558028 29 87 56
-0.493531 -0.092215 0.626054 0.882710 0.084140 -0.462324 240 138 68
0.342517 0.149554 -0.831287 -0.866984 -0.493930 -0.066118 16 64 119
0.215198 -0.289178 0.051099 0.391567 0.862696 -0.320050 177 237 86
-0.513622 -0.253052 0.192141 0.761240 0.610955 -0.217363 224 205 99
0.343057 -0.186334 -0.748157 -0.818351 0.574688 -0.005939 23 200 126
0.250141 0.290134 -0.812027 -0.092077 -0.994721 0.045295 115 0 133
-0.226599 -0.221622 0.108823 -0.792377 0.579114 -0.191744 26 201 103
-0.060691 -0.159914 -0.031037 -0.183515 0.308569 -0.933331 104 166 8
0.374971 0.101278 -0.651628 -0.979777 -0.199611 -0.013847 2 102 125
0.410426 -0.118339 -0.261371 -0.959316 0.281724 -0.018558 5 163 125
-0.558716 0.116654 0.036463 0.938975 -0.320226 -0.125626 247 86 111
-0.000386 0.130339 -0.053297 0.453277 -0.672952 -0.584531 185 41 52
0.414424 -0.048292 0.656454 -0.883670 0.081823 -0.460905 14 137 68
0.429398 -0.177990 0.239693 -0.859637 0.509991 0.030533 17 192 131
-0.457287 0.037674 0.666862 0.681456 -0.294691 -0.669907 214 89 42
0.263968 -0.239272 0.613902 0.714091 0.694520 -0.087841 218 216 116
-0.221208 -0.188571 0.285449 -0.889630 0.455034 0.038763 14 185 132
0.303361 0.131524 -1.015137 -0.153625 -0.470825 0.868748 107 67 238
0.356813 -0.245511 0.165947 -0.640415 0.767107 0.037629 45 225 132
-0.208856 0.141757 0.346150 -0.909657 -0.410644 -0.062413 11 75 119
0.325061 -0.246008 -0.472440 -0.640423 0.768002 -0.005606 45 225 126
-0.414089 0.225075 0.445776 0.526461 -0.848640 -0.051473 194 19 120
0.242193 -0.292862 -0.695365 -0.254046 0.963272 -0.086995 95 250 116
-0.195691 -0.134216 0.563215 -0.895001 0.441263 -0.065273 13 183 119
0.007701 -0.229667 -0.336912 0.628316 0.675871 0.385250 207 213 176
-0.220403 -0.183961 0.369977 -0.901562 0.432070 0.022397 12 182 130
-0.512080 0.059571 0.505017 0.945171 -0.228926 -0.232903 248 98 97
0.382081 0.019325 -0.837941 -0.991632 -0.102120 -0.078980 1 114 117
0.353595 -0.079000 -1.062355 -0.815229 0.179503 0.550618 23 150 197
-0.235044 -0.201986 0.190264 -0.808499 0.587988 -0.024504 24 202 124
-0.568819 -0.036792 -0.126833 0.988051 0.027031 0.151736 253 130 146
-0.362919 -0.312750 0.084824 -0.075235 0.996373 0.039765 117 254 132
-0.559874 -0.112419 0.262457 0.975462 0.214830 -0.048182 251 154 121
0.374622 -0.229140 0.556287 -0.630202 0.763164 -0.142917 47 224 109
0.251472 -0.194987 0.604713 0.433285 0.515458 -0.739302 182 193 33
0.360845 0.096998 -0.942469 -0.974888 -0.211410 0.069993 3 100 136
0.144272 -0.060006 -1.019098 0.800171 0.138932 0.583458 229 145 201
-0.203670 0.106527 0.701752 -0.931752 -0.240012 -0.272456 8 96 92
-0.317013 -0.036862 0.840735 0.024996 0.076030 -0.996792 130 137 0
-0.549968 -0.177709 0.071583 0.881679 0.462811 -0.091916 239 186 115
0.117093 0.232084 -0.518331 0.721112 -0.689279 0.069950 219 39 136
0.274948 -0.274165 -0.494902 -0.477982 0.874586 -0.081447 66 239 117
0.366262 -0.125536 -0.715592 -0.926808 0.367772 0.075964 9 174 137
-0.173186 0.030581 0.531287 -0.996826 -0.013224 0.078499 0 125 137
-0.499454 0.061629 0.573697 0.978042 -0.160772 -0.132615 252 107 110
0.119039 0.197525 -0.715978 0.777188 -0.617936 0.118884 226 48 142
0.280103 0.280185 -0.917728 -0.298882 -0.948925 0.101052 89 6 140
0.412762 -0.191261 0.072741 -0.850980 0.506522 0.138811 19 192 145
-0.482860 0.058816 0.660817 0.964303 -0.226857 -0.136582 250 98 110
-0.385058 0.256287 0.250462 0.215046 -0.976599 -0.002953 154 2 127
0.384243 -0.002057 -0.806598 -0.992298 0.122985 -0.014807 0 143 125
-0.282598 -0.253444 0.491705 -0.420358 0.907078 -0.022544 73 243 124
-0.413539 -0.276024 0.541557 0.483888 0.845929 -0.224178 189 235 98
-0.206102 -0.000782 0.524759 -0.859254 0.047275 -0.509361 17 133 62
0.050686 -0.015871 -0.607635 0.998596 -0.031117 0.042872 254 123 132
-0.517523 -0.156658 0.442279 0.896250 0.373115 -0.239836 241 175 96
-0.181283 -0.049555 0.574715 -0.984860 0.166027 0.049858 1 148 133
-0.122879 -0.103322 0.002647 -0.693781 0.361038 -0.623153 39 173 48
0.098067 0.014759 0.135011 0.988971 -0.046550 -0.140606 253 121 109
0.168058 -0.151901 0.433424 0.924852 0.368596 -0.093734 245 174 115
0.062972 0.058629 -0.680575 0.991707 -0.120738 0.044037 253 112 133
0.118556 0.138965 -0.857632 0.877542 -0.465549 0.114819 239 68 142
0.052893 0.185480 -0.368188 0.817310 -0.553876 0.158824 231 56 147
-0.225428 -0.136615 0.752407 -0.790076 0.458770 -0.406584 26 185 75
-0.181798 -0.078611 0.595078 -0.984337 0.170820 0.043607 1 149 133
-0.546326 -0.182198 0.088907 0.864666 0.491857 -0.102130 237 190 114
0.360546 0.111794 -0.761089 -0.941026 -0.336237 -0.037614 7 84 122
0.279395 -0.229413 0.589909 0.641751 0.764590 -0.059649 209 224 119
0.087048 -0.253836 0.014237 0.556659 0.678600 -0.479200 198 214 66
0.430967 0.156626 0.279129 -0.893238 -0.449552 0.005330 13 70 128
-0.296432 -0.263959 0.503069 -0.418542 0.908185 -0.004782 74 243 126
0.252505 0.277532 -0.441390 -0.344241 -0.938879 0.001847 83 7 127
0.217471 -0.150701 0.536631 0.889431 0.451136 -0.073414 240 185 118
0.362605 -0.132629 -0.546929 -0.937668 0.330220 -0.108319 7 169 113
0.293305 0.092359 -1.035435 -0.077498 -0.339709 0.937332 117 84 247
0.376973 0.108185 -0.994350 -0.953492 -0.286585 0.093387 5 90 139
0.425899 -0.063164 -0.186276 -0.962159 0.142429 0.232301 4 145 157
-0.372220 0.279253 0.040716 0.005268 -0.999926 -0.010965 128 0 126
0.008913 -0.076763 -0.543740 0.757239 0.188724 0.625277 224 151 207
0.263824 0.273904 -0.493598 -0.457523 -0.889163 0.007816 69 14 128
0.176906 -0.081478 0.442491 0.991768 0.111797 -0.062428 253 141 119
0.114156 0.177908 -0.693822 0.810132 -0.584646 0.043300 230 52 133
0.302333 -0.271408 -0.397749 -0.600570 0.799431 -0.015033 50 229 125
0.027453 0.166096 -0.087557 -0.636000 -0.483017 -0.601830 46 65 50
-0.511749 0.179066 0.177872 0.902219 -0.428370 0.049995 242 72 133
-0.238245 -0.169620 0.343109 -0.677178 0.620099 -0.396115 41 206 76
-0.088259 -0.251668 -0.087699 -0.171114 0.761164 -0.625579 105 224 47
-0.297853 -0.261698 0.376278 -0.487244 0.873116 0.016180 65 238 129
-0.090779 -0.190855 -0.350871 0.464084 0.331696 0.821343 186 169 232
0.113171 0.194074 -0.688741 0.812005 -0.581151 0.053965 231 53 134
0.418540 -0.149921 0.015525 -0.873438 0.463060 0.150603 16 186 146
0.341791 -0.183316 -0.707724 -0.847941 0.526880 -0.058251 19 194 120
-0.236628 0.192609 0.404562 -0.811369 -0.573944 -0.110763 24 54 113
0.176854 0.020514 -1.035747 0.623329 -0.147916 0.767843 206 108 225
0.025719 0.093453 0.016870 0.855738 -0.223414 -0.466689 236 99 67
0.286983 -0.295664 -0.208923 -0.510009 0.857088 0.072740 62 236 136
0.442555 0.089680 0.487756 -0.949091 -0.282979 -0.138377 6 91 109
0.395187 -0.196976 -0.023799 -0.816897 0.576727 0.008057 23 201 128
-0.228911 -0.172804 -0.353419 -0.049570 0.451467 0.890910 121 185 241
0.107342 0.242703 -0.048359 0.341462 -0.858693 -0.382164 171 18 78
-0.199681 0.131130 0.520798 -0.923141 -0.370089 -0.104138 9 80 114
-0.278063 0.096046 -0.366677 0.256317 -0.243077 0.935529 160 96 246
0.292884 0.248023 0.416742 0.522405 -0.849711 -0.071307 194 19 118
-0.516733 0.167066 0.109664 0.857905 -0.511480 -0.048867 236 62 121
0.250039 0.297523 -0.235660 -0.363003 -0.931602 -0.018609 81 8 125
0.269358 0.274294 0.197981 0.270402 -0.961406 -0.050817 161 4 121
-0.183401 0.106341 0.534109 -0.976080 -0.217329 0.006026 3 99 128
-0.485821 -0.104064 0.622088 0.945825 0.238335 -0.220480 248 157 99
-0.477268 -0.250541 0.236208 0.674298 0.738199 -0.019601 213 221 125
-0.376015 0.103453 -0.338271 0.320047 -0.299278 0.898890 168 89 242
0.269947 0.266046 -0.744282 -0.490630 -0.868401 -0.071851 64 16 118
0.307109 -0.018225 -1.046041 -0.126383 0.002801 0.991978 111 127 253
0.182049 -0.122770 0.551476 0.966261 0.251562 -0.055289 250 159 120
0.422564 0.154630 0.091216 -0.896102 -0.441856 0.042006 13 71 132
-0.193869 -0.131148 0.592172 -0.944139 0.326623 -0.043797 7 169 121
0.263578 -0.281484 0.217261 0.327407 0.937421 -0.118514 169 247 112
-0.515393 -0.041523 0.542043 0.952630 -0.023148 -0.303250 248 124 88
0.347606 -0.209317 0.667032 -0.453284 0.632835 -0.627737 69 208 47
-0.340349 0.240084 0.566556 0.330066 -0.941083 -0.073617 169 7 118
0.233963 -0.304775 -0.000983 0.109067 0.989549 -0.094329 141 253 115
0.151606 0.068164 -1.009220 0.805263 -0.262502 0.531643 230 94 195
-0.470514 0.089401 0.693745 0.899994 -0.302679 -0.313681 242 88 87
0.020732 -0.262506 -0.328714 0.472632 0.804199 0.360393 187 230 173
0.377156 -0.068916 -0.788006 -0.982283 0.186999 -0.012280 2 151 125
0.402011 0.188041 0.116517 -0.819142 -0.573274 -0.019090 23 54 125
-0.113395 0.213008 -0.068853 -0.466607 -0.604093 -0.646025 68 50 45
0.262938 -0.290482 -0.820850 0.009233 0.994082 -0.108241 128 254 113
0.470646 -0.050064 0.277405 -0.991637 0.126474 0.025685 1 143 130
0.218442 -0.186953 -0.971577 0.386075 0.535498 0.751125 176 195 223
-0.333498 0.069636 -0.119979 0.664046 -0.187577 0.723780 212 103 219
0.105517 0.281392 -0.113648 0.440214 -0.840812 -0.315034 183 20 87
0.459309 0.019820 0.571559 -0.992135 -0.092476 -0.084363 1 115 116
0.206664 0.240011 -0.851025 0.454988 -0.857744 0.239294 185 18 158
0.084551 -0.007888 0.065364 0.980376 -0.172604 -0.095244 252 105 115
-0.420633 0.215269 -0.195106 0.651502 -0.686153 0.323634 210 40 168
0.107018 -0.120177 -0.910615 0.950650 0.182499 0.250917 248 150 159
0.371933 -0.172868 -0.340438 -0.873646 0.486534 -0.005153 16 189 126
0.188011 0.127784 0.479035 0.959482 -0.265819 -0.093454 249 93 115
0.323682 0.198667 0.686446 -0.228163 -0.479428 -0.847402 98 66 19
0.197468 0.056261 0.636506 0.984563 -0.147530 -0.094189 253 108 115
0.337139 -0.222824 -0.808275 -0.783597 0.620691 0.026789 27 206 130
0.403723 -0.066336 -0.345373 -0.988933 0.127742 0.075452 1 143 137
0.279878 -0.298477 -0.242875 -0.397340 0.917671 -0.001271 76 244 127
-0.229318 -0.184941 0.472299 -0.824516 0.565818 -0.004787 22 199 126
-0.272170 -0.247620 0.414224 -0.637255 0.770649 -0.002593 46 225 127
0.380599 0.088163 -0.937065 -0.947646 -0.311559 -0.069981 6 87 118
0.305412 -0.262377 -0.472161 -0.607507 0.793867 -0.026661 50 228 124
-0.187675 0.170691 0.038109 -0.664664 -0.448805 -0.597324 42 70 51
-0.306633 -0.270500 -0.198809 0.181215 0.917629 0.353721 150 244 172
0.155385 -0.245066 0.055870 0.691072 0.707326 -0.148696 215 217 108
0.353939 0.143425 -0.551138 -0.870305 -0.491858 -0.025389 16 64 124
-0.208285 0.045653 0.749044 -0.887524 -0.098657 -0.450075 14 114 70
0.346129 0.247467 0.580037 0.130307 -0.983554 -0.125067 144 2 111
0.110744 -0.207306 -0.625606 0.810231 0.582791 0.062291 230 201 135
-0.308764 -0.302327 0.050384 -0.253678 0.962387 -0.097255 95 250 115
-0.384912 0.057069 0.803025 0.557383 -0.170605 -0.812538 198 105 23
0.449158 0.063412 -0.051791 -0.980483 -0.112062 0.161540 2 113 148
-0.097009 0.173938 -0.077311 -0.397772 -0.671265 -0.625444 76 41 47
0.126045 -0.312455 -0.143098 0.081633 0.983716 -0.160121 137 252 107
0.101292 0.145379 0.006340 0.921591 -0.383799 -0.058041 245 78 120
0.370569 -0.234500 0.480335 -0.517603 0.846477 -0.124757 61 235 111
0.352409 -0.166163 -0.803737 -0.832856 0.553195 -0.018052 21 198 125
-0.474232 0.072205 -0.287548 0.649577 -0.191461 0.735794 210 103 221
-0.491655 0.215567 0.033936 0.718823 -0.695191 -0.002057 219 38 127
-0.473947 0.183988 0.383957 0.809986 -0.571441 -0.131821 230 54 110
0.289287 -0.058994 -1.055985 -0.034307 0.124549 0.991620 123 143 253
0.420933 -0.199217 0.406769 -0.805776 0.544986 -0.231766 24 196 97
-0.512522 -0.181427 -0.114543 0.820936 0.488730 0.295309 232 189 165
0.445509 -0.041644 -0.060427 -0.983962 0.043918 0.172885 2 133 149
0.272917 -0.244047 -0.963448 0.220763 0.738629 0.636938 155 221 208
-0.222177 0.179761 0.545939 -0.789515 -0.606472 -0.094118 26 50 115
0.276236 -0.201467 -0.963802 0.021184 0.586988 0.809319 130 202 230
-0.407513 -0.283804 0.430937 0.468725 0.879916 -0.077747 187 239 117
0.080856 0.004448 -0.852754 0.998142 -0.014625 0.059145 254 125 135
-0.518640 0.204622 -0.010995 0.790567 -0.611339 0.035625 228 49 132
0.361758 -0.171688 -0.935322 -0.837497 0.545536 -0.031438 20 197 123
0.090539 0.281645 -0.148647 0.329395 -0.920584 -0.209817 169 10 100
0.123711 -0.275112 -0.384655 0.588800 0.806631 0.051586 202 230 134
0.234617 0.248295 -0.867881 0.375071 -0.917431 0.132826 175 10 144
0.174025 0.267279 -0.671901 0.508937 -0.853116 0.114785 192 18 142
-0.340628 -0.295836 -0.088070 -0.088599 0.995145 -0.042868 116 254 122
0.089611 -0.111359 0.142354 0.784308 0.151666 -0.601546 227 146 50
0.283162 -0.294457 -0.191418 -0.322950 0.946302 0.014711 86 248 129
-0.539024 -0.072491 0.422007 0.944554 0.266619 -0.191653 247 161 103
0.221797 -0.200765 -0.928134 -0.040471 0.493468 0.868822 122 190 238
-0.415103 0.251367 0.251782 0.390282 -0.919295 -0.050761 177 10 121
-0.493279 -0.046204 -0.214394 0.841315 0.084210 0.533946 234 138 195
0.335009 -0.112352 -1.031516 -0.318565 0.236122 0.918021 86 157 244
-0.010474 -0.186535 -0.439150 0.721794 0.388249 0.572954 219 177 200
0.420783 0.153443 0.171056 -0.834989 -0.540036 0.105613 21 58 140
0.110426 0.079832 -0.927512 0.971967 -0.207975 0.109661 251 100 141
0.384935 -0.025730 -0.871098 -0.990729 0.097483 0.094624 1 139 139
0.376186 0.197378 -0.110110 -0.808239 -0.582701 0.084906 24 53 138
0.170223 -0.000358 0.408879 0.996050 0.049963 -0.073404 254 133 118
0.416973 -0.162532 0.500929 -0.846863 0.511620 -0.145148 19 192 108
-0.030119 0.221211 -0.345240 0.391975 -0.719251 0.573614 177 35 200
0.285412 0.237971 -0.629470 -0.606273 -0.766492 -0.211952 50 29 100
0.266464 0.275917 -0.458530 -0.324667 -0.945791 -0.008356 86 6 126
0.320848 0.155844 0.674617 -0.232825 -0.675854 -0.699295 97 41 38
0.421484 0.149413 0.201685 -0.882063 -0.469317 0.041315 15 67 132
0.038698 -0.155682 -0.028165 0.747004 0.507701 -0.429214 222 192 72
0.433284 0.147183 0.501011 -0.859243 -0.509768 -0.042878 17 62 122
-0.559589 0.060380 0.060024 0.966630 -0.247652 -0.065539 250 95 119
-0.194626 0.213494 -0.338222 0.027199 -0.776916 0.629016 130 28 207
0.251326 0.275461 -0.577165 -0.345673 -0.938134 -0.020384 83 7 124
0.354563 -0.068336 0.719416 -0.659703 0.349985 -0.665058 43 172 42
0.279072 -0.280557 -0.510282 -0.378257 0.922030 -0.082358 79 245 116
0.368930 0.042039 -1.068332 -0.957749 -0.114992 0.263617 5 112 161
0.233688 -0.183125 0.693226 0.821086 0.548125 -0.159298 232 197 107
0.244344 0.248223 0.465045 0.694245 -0.705006 -0.144878 216 37 109
-0.201391 0.142119 0.670988 -0.905368 -0.356836 -0.230167 12 82 98
-0.007109 -0.290462 -0.279488 0.334589 0.852294 0.402051 170 236 178
0.348724 -0.178949 -0.877706 -0.857764 0.513182 -0.029747 18 192 123
0.329526 -0.278813 0.215318 -0.528696 0.848749 -0.010304 60 235 126
0.224719 -0.186415 0.512639 0.870465 0.487936 -0.064873 238 189 119
0.181913 -0.262785 -0.794037 0.611529 0.787396 0.077724 205 227 137
-0.419380 0.161496 -0.286031 0.454980 -0.554563 0.696744 185 56 216
0.197479 0.268246 -0.103255 0.300514 -0.950594 -0.077862 165 6 117
0.378989 -0.095113 -0.832499 -0.976717 0.213975 0.015444 2 154 129
0.179030 0.250817 -0.767299 0.567988 -0.817331 0.096745 199 23 139
0.090428 -0.116804 -0.833406 0.953308 0.270253 0.134787 249 161 144
-0.209937 0.147002 0.590248 -0.847810 -0.524531 -0.078011 19 60 117
-0.160800 0.077145 0.802132 -0.592126 -0.035863 -0.805047 52 122 24
-0.435260 0.250779 0.350246 0.663153 -0.746538 -0.053933 212 32 120
-0.462382 0.111547 0.614918 0.915737 -0.278240 -0.289841 244 92 90
0.386495 -0.063894 -0.456438 -0.993596 0.112216 -0.013218 0 141 125
-0.178716 -0.069622 0.130211 -0.971791 0.232292 -0.040766 3 157 122
-0.358283 0.114320 0.775913 0.552645 -0.481878 -0.679983 197 66 40
0.423005 0.127612 0.581323 -0.863140 -0.386582 -0.324876 17 78 86
-0.388570 0.166061 -0.273027 0.419342 -0.537062 0.731927 180 59 220
-0.381212 -0.122930 0.767661 0.382138 0.333939 -0.861659 176 170 17
0.153620 0.237014 -0.723413 0.647760 -0.756217 0.092425 210 31 139
-0.386993 -0.092642 -0.354387 0.083616 0.095294 0.991931 138 139 253
0.195600 -0.165058 0.464073 0.949831 0.306257 -0.063470 248 166 119
-0.181924 -0.098743 0.536608 -0.981265 0.185724 0.051232 2 151 134
0.057138 -0.219608 0.005936 0.564115 0.602957 -0.564107 199 204 55
0.326328 0.204289 -0.703100 -0.801040 -0.597644 -0.033992 25 51 123
0.449726 0.097351 0.362520 -0.978586 -0.195435 -0.064615 2 102 119
0.271034 0.260741 -0.475308 -0.423050 -0.902695 0.078553 73 12 137
-0.386375 -0.299524 0.013695 0.102261 0.994458 -0.024404 140 254 124
0.417930 -0.107434 -0.081932 -0.938451 0.336891 0.076250 7 170 137
-0.440078 0.036703 0.716624 0.945158 -0.100320 -0.310827 248 114 87
0.053871 0.002707 -0.679733 0.989575 -0.131500 0.058728 253 110 134
0.434600 0.065704 -0.026743 -0.979008 -0.168354 0.114893 2 106 142
-0.294557 0.223892 0.695968 -0.047220 -0.888112 -0.457194 121 14 69
0.384381 -0.042323 -0.954013 -0.984523 0.137320 0.108894 1 145 141
0.045628 -0.117180 -0.072566 0.972058 0.225120 -0.066519 251 156 119
0.303851 -0.283150 -0.319683 -0.468283 0.882614 -0.041276 67 240 122
0.367953 -0.138455 0.693797 -0.771044 0.347701 -0.533475 29 171 59
0.400930 0.184309 0.104968 -0.792934 -0.603509 0.083861 26 50 138
-0.261217 0.020845 -0.391301 0.314352 -0.125926 0.940917 167 111 247
0.384096 0.104494 -0.384688 -0.936660 -0.349645 0.020408 8 82 130
0.095555 -0.055985 -0.909472 0.975212 0.138544 0.172532 251 145 149
-0.358856 -0.012737 -0.362413 0.380431 -0.078476 0.921474 176 117 244
0.210970 0.202488 -0.936014 0.477696 -0.770211 0.422590 188 29 181
-0.376120 -0.297936 0.353571 0.119272 0.991974 -0.041973 142 253 122
-0.487757 -0.269464 0.097373 0.659138 0.748128 0.076426 211 222 137
-0.165293 -0.201691 -0.355500 0.001754 0.527876 0.849320 127 194 235
-0.044694 0.208294 -0.109099 0.520180 -0.667247 -0.533099 193 42 59
0.180082 0.284210 -0.103101 0.247575 -0.968023 -0.040472 159 4 122
-0.522067 0.166293 0.078402 0.839182 -0.543599 0.016539 234 58 129
0.351503 0.262811 0.512200 0.039180 -0.994552 -0.096602 132 0 115
0.299595 -0.257183 -0.722860 -0.621374 0.783243 0.020619 48 227 130
-0.506305 -0.163700 0.419102 0.879839 0.468887 -0.077647 239 187 117
0.346886 -0.249540 0.052822 -0.425214 0.904842 0.021306 73 242 130
-0.481915 -0.129555 0.578651 0.931454 0.347474 -0.107956 246 171 113
0.270321 0.253526 0.270809 0.444068 -0.894546 -0.050907 184 13 121
0.340577 -0.247829 -0.308849 -0.626023 0.779423 -0.024391 47 226 124
-0.333148 0.241889 0.733373 0.170435 -0.796380 -0.580286 149 25 53
0.194446 -0.015608 0.648284 0.979050 0.189295 -0.075029 252 151 117
0.206418 -0.257266 -0.521399 0.230490 0.958375 -0.168496 156 249 106
0.200729 -0.105755 0.592958 0.966770 0.243759 -0.077059 250 158 117
-0.080992 0.266323 -0.139151 -0.224055 -0.816580 -0.531974 98 23 59
-0.110703 -0.249392 -0.030357 -0.546236 0.543081 -0.637722 57 196 46
0.049442 0.170150 -0.331183 0.828367 -0.546810 0.121685 233 57 143
0.190796 0.282886 -0.449018 0.288413 -0.957408 0.013693 164 5 129
-0.495691 -0.144450 0.553236 0.907976 0.353143 -0.225545 243 172 98
0.255791 -0.207137 0.678641 0.733508 0.659900 -0.162778 221 211 106
0.358671 -0.214639 -0.332775 -0.856680 0.515724 0.011307 18 193 128
0.252887 0.041060 0.763660 -0.016098 -0.159528 -0.987062 125 107 1
-0.196526 -0.256495 0.005691 -0.441809 0.738394 -0.509488 71 221 62
0.093019 0.008712 -0.822642 0.967583 -0.234878 0.092825 250 97 139
0.057376 0.212002 -0.059690 0.660493 -0.587606 -0.467405 211 52 67
-0.472170 0.045063 0.763981 0.921134 -0.210146 -0.327644 244 100 85
-0.355840 0.241117 0.661624 0.520001 -0.686841 -0.507787 193 39 62
0.137619 0.229441 -0.636577 0.678807 -0.732437 0.052516 214 34 134
-0.548967 0.137824 0.000264 0.951719 -0.306966 -0.001882 248 88 127
0.470688 -0.044322 0.298987 -0.989903 0.129414 0.057827 1 144 134
0.217230 -0.208257 -0.971635 0.471610 0.596519 0.649422 187 203 210
-0.545765 -0.004620 0.321857 0.992011 0.042292 -0.118854 253 132 112
0.261512 0.240339 0.463973 0.624868 -0.719808 -0.302352 207 35 88
-0.298648 0.091723 0.832273 -0.060913 -0.208447 -0.976135 119 100 3
-0.289702 -0.190719 0.776137 -0.249022 0.549820 -0.797300 95 197 25
-0.530654 -0.118643 0.371689 0.921126 0.353122 -0.163802 244 172 106
-0.282118 0.131635 -0.380889 0.025655 -0.273192 0.961617 130 92 250
0.217968 -0.184079 0.576990 0.880449 0.468220 -0.074702 239 187 117
0.063523 -0.174989 -0.429660 0.880460 0.461767 0.107529 239 186 141
0.247528 0.169846 0.744601 0.139928 -0.337778 -0.930766 145 84 8
0.395627 0.148248 0.544715 -0.784280 -0.507495 -0.356866 27 62 81
0.083875 -0.009866 -0.837542 0.991258 -0.067407 0.113422 253 118 141
0.204471 0.299259 -0.263555 -0.071933 -0.997401 0.004176 118 0 128
0.223924 -0.271524 -0.756613 0.373729 0.907463 0.191933 175 243 151
0.367952 0.047855 -0.761614 -0.985203 -0.164941 -0.046586 1 106 121
-0.519178 -0.168122 0.410332 0.931065 0.350722 -0.100559 246 172 114
-0.042702 0.256088 -0.136320 -0.222585 -0.843291 -0.489199 99 19 65
-0.568613 0.001819 0.036883 0.992904 -0.118085 -0.014060 254 112 125
0.201752 -0.088680 0.664309 0.969196 0.181395 -0.166599 251 150 106
-0.181310 -0.006760 0.464193 -0.998717 0.049022 -0.012677 0 133 125
0.114783 0.109972 -0.892556 0.929461 -0.351024 0.113512 246 82 141
-0.174036 -0.000704 0.522004 -0.999045 0.017219 0.040167 0 129 132
0.161336 0.020746 0.342899 0.989842 -0.124083 -0.069393 253 111 118
0.149351 0.247231 -0.725248 0.667295 -0.736365 0.111728 212 33 141
0.369520 -0.260196 0.446528 -0.312947 0.949185 -0.033339 87 248 123
0.335945 0.178724 -0.289255 -0.687633 -0.624873 0.369723 39 47 174
0.019369 0.105019 -0.243337 0.944323 -0.328699 0.014521 247 85 129
-0.481394 0.197124 -0.056318 0.653140 -0.757026 -0.017907 210 30 125
-0.136087 0.095821 -0.385159 -0.006527 -0.357513 0.933885 126 81 246
0.077409 0.214106 -0.357508 0.779989 -0.621932 0.069405 226 48 136
-0.415202 -0.169980 0.744207 0.552781 0.601592 -0.576646 197 204 53
0.208517 0.254660 -0.823023 0.473466 -0.863097 0.175765 187 17 149
-0.551670 -0.104157 0.199041 0.967843 0.249992 -0.027995 250 159 123
0.171845 -0.088647 0.418588 0.980639 0.194040 -0.026379 252 152 124
0.430597 -0.098141 -0.071052 -0.946007 0.289431 0.145945 6 164 146
-0.092015 0.109256 -0.031224 -0.575084 -0.452395 -0.681628 54 69 40
0.089573 -0.265352 -0.223540 0.626439 0.779281 0.017180 207 226 129
0.457772 0.077467 0.278606 -0.973039 -0.230275 0.012959 3 98 129
-0.490614 0.052296 0.577400 0.973429 -0.179854 -0.141733 251 104 109
0.001011 0.291817 -0.174866 -0.101309 -0.963237 -0.248820 114 4 95
-0.362728 0.254283 0.313021 0.062258 -0.997921 -0.016687 135 0 125
0.422598 0.169152 0.193188 -0.885982 -0.460863 0.051395 14 68 134
0.444281 0.085839 0.069373 -0.956638 -0.275396 0.094876 5 92 139
-0.336966 -0.235611 0.671572 -0.038085 0.721237 -0.691641 122 219 39
0.452093 0.036450 0.000420 -0.999726 -0.002546 -0.023267 0 127 124
0.231905 -0.219582 0.395425 0.779946 0.615698 -0.112250 226 206 113
0.328067 0.270212 0.417878 -0.025456 -0.999626 -0.010019 124 0 126
-0.091270 -0.274859 -0.088951 -0.281747 0.757365 -0.589081 91 224 52
-0.126048 -0.290918 -0.089083 -0.238214 0.926370 -0.291705 97 245 90
0.107991 -0.132583 -0.885368 0.932394 0.347164 0.100592 246 171 140
-0.425405 -0.234658 -0.196707 0.617060 0.527286 0.584129 206 194 201
-0.298777 0.164742 0.793785 0.155878 -0.275210 -0.948663 147 92 6
0.401383 0.195619 0.329285 -0.803277 -0.594339 -0.038819 25 51 122
0.380411 -0.018491 -0.789209 -0.987797 0.055638 -0.145470 1 134 108
-0.562752 0.063086 -0.125103 0.979011 -0.172969 0.107795 252 105 141
0.360321 0.237818 0.526665 -0.367041 -0.906732 -0.207647 80 11 101
0.286503 -0.233912 0.533894 0.592297 0.803614 -0.058216 203 229 120
-0.178385 0.066605 0.612751 -0.976070 -0.105679 -0.190052 3 114 103
-0.310410 -0.227612 0.714578 -0.005562 0.884766 -0.466002 126 240 68
-0.479671 0.047716 -0.254667 0.627003 -0.260486 0.734176 207 94 221
0.173714 -0.053302 0.438287 0.991184 0.122954 -0.049368 253 143 121
-0.564853 -0.064036 0.137127 0.966700 0.228357 -0.115515 250 156 112
0.182605 0.044472 0.484591 0.975176 -0.204206 -0.085626 251 101 116
0.226198 0.158858 0.534541 0.889699 -0.449408 -0.080424 240 70 117
-0.459785 -0.059438 -0.309825 0.569127 -0.069750 0.819286 200 118 231
0.345288 -0.182381 -0.699784 -0.867178 0.496683 -0.036174 16 190 122
0.374568 0.042210 -0.826134 -0.984133 -0.143857 -0.103859 2 109 114
0.281801 0.235233 0.527103 0.555078 -0.827205 -0.087288 198 22 116
0.275858 -0.113411 -1.040478 0.092336 0.278235 0.956065 139 162 249
0.198475 -0.273702 -0.680101 0.443848 0.894618 0.051552 184 241 134
0.376533 -0.041640 -1.001623 -0.982264 0.092505 0.163098 2 139 148
0.328008 0.192898 -0.536387 -0.865999 -0.464130 -0.186087 17 68 103
0.224211 -0.183563 0.522756 0.806069 0.589513 -0.052212 230 202 120
-0.235688 0.100449 0.796750 -0.399983 -0.208168 -0.892569 76 100 13
0.445990 0.044281 0.048296 -0.990828 -0.134738 -0.010313 1 110 126
0.371688 0.110331 -0.850877 -0.962389 -0.267249 -0.048840 4 93 121
0.090092 0.292437 -0.176601 0.231106 -0.936983 -0.262016 156 8 94
-0.460379 -0.108944 0.712012 0.713318 0.401865 -0.574180 218 178 54
0.288155 0.111757 -1.022973 -0.085384 -0.402418 0.911465 116 76 243
0.055934 0.158036 -0.090230 0.902292 -0.431105 -0.004113 242 72 126
0.056012 0.039215 -0.602690 0.988435 -0.142869 0.050848 253 109 133
0.438867 -0.106413 0.212932 -0.949136 0.284031 -0.135894 6 163 110
0.446094 0.042871 0.564642 -0.953366 -0.193320 -0.231777 5 102 97
0.409693 -0.091294 0.622372 -0.765765 0.161023 -0.622636 29 148 48
0.433420 -0.069172 -0.087360 -0.982144 0.159918 0.099094 2 147 140
0.359093 0.086210 0.705987 -0.569495 -0.216117 -0.793075 54 99 26
0.389938 0.112571 0.672271 -0.767197 -0.264692 -0.584249 29 93 53
-0.342733 -0.292975 0.340685 -0.279649 0.958945 -0.047131 91 249 121
0.029891 -0.044545 0.055433 0.764557 -0.092710 -0.637854 224 115 46
0.217436 0.262213 -0.759713 0.375717 -0.924296 0.067189 175 9 136
0.091208 0.103770 -0.757678 0.930974 -0.360770 0.055976 246 81 134
-0.266900 0.196052 0.208246 -0.693501 -0.719265 -0.041410 39 35 122
0.178224 -0.251877 -0.788910 0.650519 0.753196 0.097578 210 223 139
0.370372 -0.075498 -0.780286 -0.954695 0.174272 0.241220 5 149 158
0.188568 -0.064336 0.654166 0.985617 0.155500 -0.066173 253 147 119
0.212347 -0.150927 0.547984 0.874454 0.483611 -0.038093 238 189 122
-0.206635 -0.259642 -0.101998 0.447802 0.807864 -0.383182 184 230 78
0.201820 -0.102754 0.568806 0.941502 0.330804 -0.064361 247 169 119
-0.140083 0.169844 -0.377072 -0.057738 -0.539591 0.839945 120 58 234
0.167824 -0.193888 -0.956193 0.723430 0.568396 0.391886 219 199 177
-0.026333 -0.221956 -0.075617 0.074834 0.699900 -0.710310 137 216 36
0.320108 -0.243044 -0.551872 -0.768479 0.638390 -0.043564 29 208 121
-0.560771 0.084771 -0.033331 0.950251 -0.311478 0.002115 248 87 127
-0.181319 -0.076576 0.559680 -0.989810 0.140330 0.024156 1 145 130
0.378159 0.088424 -0.834376 -0.970015 -0.242589 0.014864 3 96 129
0.103284 -0.060196 -0.957876 0.987859 -0.005772 0.155247 253 126 147
-0.353918 -0.050217 0.816689 0.132024 0.062342 -0.989284 144 135 1
-0.568084 -0.018851 -0.164954 0.839111 0.007209 0.543912 234 128 196
0.304772 0.262558 -0.208394 -0.540762 -0.840575 -0.031787 58 20 123
0.414951 0.012281 -0.351655 -0.996677 -0.074948 0.031894 0 117 131
0.444736 0.149043 0.497183 -0.897707 -0.437923 -0.048432 13 71 121
0.371246 0.105023 -0.959561 -0.959841 -0.280435 0.007798 5 91 128
0.442252 0.108323 0.083601 -0.951103 -0.280532 0.129249 6 91 143
-0.492790 -0.248082 0.254623 0.668280 0.735184 -0.113601 212 221 113
-0.559188 -0.031790 0.249739 0.984542 0.003671 -0.175109 253 127 105
0.395435 -0.097779 -0.358199 -0.975644 0.218123 0.023259 3 155 130
0.368224 0.081033 -0.910642 -0.973699 -0.220244 0.058336 3 99 134
0.315315 -0.117583 -1.037480 -0.059975 0.396370 0.916130 119 178 244
0.285938 -0.252112 -0.941662 -0.352053 0.891338 0.285616 82 241 163
0.416619 -0.186328 0.207294 -0.837064 0.543587 0.061949 20 196 135
0.310703 0.202937 -0.819909 -0.675031 -0.733687 -0.077695 41 33 117
0.439084 -0.142446 0.188209 -0.912579 0.406014 0.048498 11 179 133
0.333866 0.155718 -1.020630 -0.735638 -0.562943 0.376740 33 55 175
-0.146118 0.088802 -0.336141 0.520833 -0.205035 0.828670 193 101 233
-0.439054 -0.246092 -0.135095 0.585382 0.697194 0.413821 202 216 180
-0.406755 -0.281001 0.340017 0.319071 0.946734 -0.043451 168 248 121
0.343239 0.238989 -0.026821 -0.640014 -0.768068 -0.021277 45 29 124
-0.512929 -0.029977 0.507099 0.996023 0.045970 -0.076318 254 133 117
0.367841 -0.242795 0.270454 -0.609452 0.791601 -0.044004 49 228 121
0.126619 -0.199191 -0.843214 0.856080 0.499733 0.131886 236 191 144
0.366847 -0.100644 -1.003154 -0.939732 0.317395 0.127135 7 167 143
-0.185857 -0.196387 0.067301 -0.754823 0.515006 -0.406215 31 193 75
0.243724 0.164873 -0.988623 0.063290 -0.511952 0.856680 135 62 236
-0.291952 0.248946 0.482912 -0.351022 -0.936366 0.001420 82 8 127
0.317632 -0.026381 0.765330 -0.017961 0.045275 -0.998813 125 133 0
-0.481362 0.086149 0.618073 0.977350 -0.115247 -0.177498 252 112 104
-0.280100 0.086340 -0.381849 -0.086012 -0.258255 0.962240 116 94 250
-0.302239 0.012571 -0.371333 0.247473 -0.052273 0.967484 159 120 250
0.429911 0.130602 0.066815 -0.931367 -0.349115 0.103316 8 82 140
-0.055117 0.255861 -0.119915 0.040310 -0.854324 -0.518175 132 18 61
0.384140 0.125172 0.653795 -0.760469 -0.353153 -0.544949 30 82 58
-0.182678 -0.029324 0.165219 -0.999693 0.022841 -0.009617 0 130 126
-0.375656 -0.024857 -0.335357 0.501940 0.076071 0.861551 191 137 237
-0.531532 -0.171563 0.311734 0.828943 0.477797 -0.290797 233 188 90
-0.478296 -0.219575 0.438359 0.775695 0.625327 -0.085228 226 207 116
0.291229 -0.245451 -0.764698 -0.593878 0.804352 0.018106 51 230 129
0.041247 -0.217890 -0.366893 0.853528 0.478521 0.206176 236 188 153
0.087319 -0.137848 -0.698984 0.919421 0.383578 0.086793 244 176 138
0.334325 -0.198213 -0.882528 -0.823579 0.567199 0.002027 22 199 127
-0.428839 0.211656 -0.176900 0.541540 -0.734271 0.409366 196 33 179
-0.142367 -0.058323 -0.374764 0.395739 -0.017663 0.918193 177 125 244
-0.304086 0.236416 0.656199 -0.211205 -0.938244 -0.274027 100 7 92
-0.410282 -0.285262 0.095246 0.136585 0.982340 -0.127879 144 252 111
0.314823 0.235143 -0.338243 -0.710541 -0.703245 -0.024048 36 37 124
0.190678 0.090579 0.499689 0.974835 -0.214892 -0.059314 251 100 119
-0.180845 -0.006230 -0.400962 -0.064248 -0.026014 0.997595 119 124 254
0.173559 0.249700 0.001844 0.562067 -0.819696 -0.110357 199 22 113
0.175289 0.104461 0.398238 0.966672 -0.253134 -0.038323 250 95 122
0.339515 0.205421 -0.382894 -0.720219 -0.693558 0.016190 35 39 129
-0.230523 -0.146916 0.760954 -0.738526 0.496399 -0.456254 33 190 69
0.001962 -0.054432 0.026833 0.652446 0.146596 -0.743522 210 146 32
-0.561408 -0.095986 0.104932 0.993763 0.092313 0.062553 254 139 135
0.328944 -0.186004 0.698836 -0.317240 0.729940 -0.605431 87 220 50
0.373299 0.214132 -0.025826 -0.741884 -0.669886 0.029332 32 42 131
-0.483990 0.180472 0.448869 0.811388 -0.554619 -0.184520 230 56 103
0.439084 0.048190 -0.086669 -0.975759 -0.174714 0.131797 3 105 144
-0.214163 0.279289 -0.086077 -0.173820 -0.977077 -0.122909 105 2 111
-0.253807 0.088659 -0.382987 -0.000979 -0.350485 0.936568 127 82 246
0.159903 -0.075033 0.320466 0.996188 0.060111 -0.063208 254 135 119
0.199622 -0.291585 -0.556148 0.410792 0.910662 0.044110 179 243 133
0.398791 -0.055085 0.688479 -0.817243 0.259470 -0.514577 23 160 61
-0.048768 0.112689 -0.008588 -0.006328 -0.221518 -0.975136 126 99 3
-0.381336 -0.301678 0.062086 0.062109 0.996209 -0.060914 135 254 119
0.035193 -0.063826 -0.415098 0.966491 0.253404 0.041005 250 159 132
-0.277680 -0.153450 0.781687 -0.135834 0.583487 -0.800682 110 201 25
-0.048110 0.146680 -0.040847 -0.461389 -0.233461 -0.855930 68 97 18
-0.275074 -0.253072 0.520749 -0.532260 0.846566 -0.005153 59 235 126
0.411232 -0.030867 0.688853 -0.884438 0.042714 -0.464700 14 132 68
0.170175 0.224380 -0.813409 0.623087 -0.777243 0.087498 206 28 138
-0.486844 -0.130812 0.632109 0.794386 0.263658 -0.547207 228 161 57
-0.275843 0.180962 0.764292 -0.307870 -0.466144 -0.829413 88 68 21
-0.181800 -0.112906 0.417534 -0.953657 0.277698 0.115853 5 162 142
0.056327 -0.188881 -0.414052 0.890274 0.426264 0.160347 241 181 147
0.024406 0.030837 -0.378969 0.978110 -0.167580 0.123360 252 106 143
0.216959 0.298369 -0.573203 0.120105 -0.992268 -0.031277 142 0 123
-0.214834 0.178273 0.520736 -0.856428 -0.515529 -0.027589 18 61 123
0.088160 -0.091936 -0.809692 0.964722 0.246310 0.092969 250 158 139
0.023175 -0.032227 -0.379010 0.997285 0.046722 0.056919 254 133 134
0.274254 -0.231585 0.551265 0.678285 0.732137 -0.062493 213 220 119
0.099860 0.283008 -0.322099 0.127910 -0.972316 -0.195551 143 3 102
0.197077 0.115924 -0.918755 -0.061247 -0.385588 0.920636 119 78 244
-0.273959 0.224905 0.703066 -0.220248 -0.838899 -0.497735 99 20 64
-0.002250 -0.295970 -0.285013 0.482570 0.727759 0.487333 189 220 189
-0.199566 0.094261 0.182120 -0.973661 -0.208237 -0.092849 3 100 115
-0.288604 -0.261325 -0.277157 0.084012 0.774824 0.626570 138 226 207
0.007554 -0.004888 -0.001721 0.786662 0.241308 -0.568272 227 158 55
0.295402 0.235161 -0.636014 -0.648425 -0.761279 0.000491 44 30 127
0.050830 0.015153 -0.558598 0.984292 -0.169053 0.050889 252 105 133
0.120474 0.267987 -0.281815 0.394688 -0.918257 0.032026 177 10 131
-0.187956 0.061392 0.231071 -0.984379 -0.175946 0.006347 1 105 128
0.301326 -0.226106 -0.632052 -0.604655 0.771592 -0.197582 50 225 102
0.178249 -0.062637 0.479467 0.993822 0.016793 -0.109709 254 129 113
0.374575 -0.169645 0.658028 -0.653009 0.554916 -0.515410 44 198 61
-0.499379 0.186452 0.194761 0.703772 -0.670441 -0.234977 217 42 97
0.153261 -0.188966 -0.942632 0.839665 0.523456 0.144766 234 194 145
0.415930 0.053384 0.692049 -0.907755 -0.043655 -0.417223 11 121 74
0.206813 0.143578 0.604213 0.920972 -0.367185 -0.130329 244 80 110
0.284647 0.254884 -0.567784 -0.565171 -0.824304 -0.033235 55 22 123
0.331319 0.247135 0.046175 -0.608389 -0.791903 0.052455 49 26 134
0.155412 -0.031330 0.316201 0.994153 0.068420 -0.083535 254 136 116
-0.199035 0.140010 0.439936 -0.912212 -0.409126 -0.022005 11 75 124
0.380187 0.118911 0.606172 -0.848796 -0.230184 -0.475984 19 98 66
0.284195 -0.300597 -0.148394 -0.378096 0.925715 0.009796 79 245 128
-0.234996 -0.283860 -0.006846 -0.308372 0.944415 -0.113961 88 247 112
0.423396 -0.104870 -0.116031 -0.960443 0.271656 0.061255 5 162 135
-0.477884 -0.270343 0.121346 0.578010 0.814265 -0.053649 201 231 120
0.304605 -0.276234 -0.103636 -0.273716 0.960091 -0.057481 92 249 120
-0.417564 0.011757 0.672386 0.757129 -0.166180 -0.631775 224 106 46
-0.377562 -0.257048 -0.219530 0.509308 0.719921 0.471507 192 219 187
-0.268301 -0.238013 0.675327 -0.579615 0.810274 -0.086618 53 230 116
0.179945 -0.099154 0.467225 0.978199 0.179877 -0.103786 252 150 114
0.088966 0.219844 -0.025324 0.601641 -0.672301 -0.431322 204 41 72
-0.363370 -0.074766 -0.340393 0.489472 0.089394 0.867425 189 138 238
0.156873 -0.046030 -1.015852 0.781051 0.223825 0.582976 227 156 201
-0.182229 0.002229 0.605063 -0.999822 -0.003303 0.018577 0 127 129
-0.249707 -0.208461 0.664329 -0.665283 0.732692 -0.143391 42 220 109
0.332604 -0.264583 0.560756 0.204985 0.971118 -0.122111 153 251 111
-0.549700 -0.068236 0.283455 0.990246 0.135181 -0.033735 253 144 123
0.039130 -0.256236 -0.047372 0.230087 0.775551 -0.587861 156 226 52
0.357362 -0.149573 -0.664069 -0.938125 0.346268 -0.004488 7 171 126
-0.239784 0.243732 -0.299492 0.123053 -0.805476 0.579712 143 24 201
-0.186361 -0.166586 0.112519 -0.854410 0.378254 -0.356241 18 175 82
-0.504184 -0.232296 0.234539 0.728069 0.632816 -0.263551 220 208 93
0.330119 0.075079 -1.059857 -0.562710 -0.356455 0.745853 55 82 222
0.370310 -0.052026 -0.774343 -0.990037 0.133008 -0.046212 1 144 121
0.172348 0.231877 0.049646 0.538709 -0.836303 -0.101932 196 20 114
-0.385417 0.238855 -0.067138 0.497807 -0.843316 0.202501 190 19 153
-0.077036 -0.022640 -0.017281 -0.418682 0.062549 -0.905976 74 135 11
0.405090 -0.194590 0.415527 -0.781968 0.619040 -0.072912 27 206 118
0.058935 -0.277320 -0.093452 -0.029159 0.860669 -0.508329 123 237 62
0.425660 0.148322 0.155837 -0.900942 -0.431959 0.041411 12 72 132
-0.484508 -0.237783 0.372519 0.796486 0.598222 -0.087987 229 203 116
-0.310306 0.284510 -0.038181 -0.141184 -0.983377 -0.114179 109 2 112
0.401228 0.204389 0.277072 -0.811537 -0.583385 -0.032704 24 53 123
0.117862 -0.266899 -0.383288 0.630115 0.774895 0.049923 207 226 133
-0.532627 -0.219654 0.072479 0.819817 0.568280 -0.070413 232 199 118
0.110235 0.193484 -0.680985 0.803890 -0.588600 0.085506 229 52 138
-0.532258 -0.056175 0.398031 0.939563 0.306690 -0.152194 247 166 108
0.349010 0.148618 -0.732100 -0.884285 -0.466945 -0.001380 14 67 127
-0.453114 -0.273699 0.329507 0.620880 0.783893 0.004476 206 227 128
0.121971 0.270379 -0.357436 0.426163 -0.892881 0.145426 181 13 146
0.260811 0.262246 0.257671 0.487972 -0.863895 -0.124774 189 17 111
-0.239841 0.171432 -0.355673 0.010015 -0.570786 0.821038 128 54 232
0.340533 -0.177977 -0.989459 -0.689437 0.474556 0.547242 39 188 197
0.261310 -0.166774 -1.002041 0.019333 0.314786 0.948966 129 167 248
-0.530445 0.046467 -0.197648 0.939287 -0.208571 0.272468 247 100 162
-0.148340 0.228800 -0.040909 -0.503091 -0.708417 -0.495019 63 37 64
0.134982 -0.189420 -0.882596 0.894685 0.441069 0.070687 241 183 136
0.389104 -0.114087 0.590630 -0.716527 0.361824 -0.596383 36 173 51
0.361705 -0.040133 -1.108927 -0.854131 0.099800 0.510392 18 140 192
0.443459 -0.048355 0.607856 -0.948229 0.073095 -0.309061 6 136 88
0.065121 -0.285747 -0.350102 0.272367 0.937431 0.216887 162 247 155
-0.079010 0.043602 -0.014465 -0.468237 -0.068875 -0.880915 67 118 15
-0.231154 0.205285 0.379359 -0.810416 -0.585564 -0.018461 24 52 125
0.318964 -0.252540 -0.726879 -0.689796 0.720734 -0.068730 39 219 118
-0.444516 -0.226495 0.629137 0.818333 0.550146 -0.166343 231 197 106
0.218224 -0.285372 -0.688051 0.391542 0.918781 0.050356 177 244 133
0.380096 -0.072104 0.704367 -0.597346 0.290233 -0.747625 51 164 32
0.416166 -0.169700 0.237097 -0.831362 0.554915 -0.030110 21 198 123
0.367820 -0.090356 -0.951572 -0.953718 0.229502 0.194294 5 156 152
0.256073 0.274984 0.096341 0.295034 -0.955308 -0.018452 165 5 125
0.065847 -0.108893 -0.672561 0.949736 0.304743 0.071644 248 166 136
0.354310 -0.250306 0.090419 -0.659378 0.751725 -0.011431 43 223 126
0.427175 -0.161188 0.498943 -0.910790 0.397291 -0.112347 11 178 113
-0.197371 0.175923 0.267630 -0.823978 -0.548512 -0.142109 22 57 109
0.341807 -0.185871 -0.802916 -0.855529 0.515788 -0.045084 18 193 121
0.293825 0.128771 -1.022576 -0.061246 -0.420980 0.905000 119 73 242
0.337257 0.254931 0.592825 0.266114 -0.951800 -0.152513 161 6 108
0.193464 0.060077 0.615876 0.993831 -0.046000 -0.100918 254 121 114
0.151542 -0.240874 -0.657632 0.661984 0.744107 0.089904 211 222 138
-0.446115 -0.015957 0.741655 0.742133 -0.201340 -0.639297 222 101 45
0.409956 0.057650 -0.299728 -0.976700 -0.200823 0.075682 2 101 137
0.381625 -0.204818 -0.091659 -0.780180 0.624618 0.034233 28 207 131
-0.031226 0.251850 -0.293239 0.390515 -0.820386 0.417690 177 22 180
0.307221 -0.226838 -0.970884 -0.540906 0.746523 0.387459 58 222 176
0.451364 -0.102690 0.323983 -0.935032 0.353801 0.023252 8 172 130
-0.109610 0.284495 -0.178640 -0.054059 -0.941202 -0.333490 120 7 84
0.357623 0.127111 -0.746071 -0.922873 -0.384064 -0.028289 9 78 123
0.312349 0.209835 -0.558153 -0.719030 -0.694527 -0.025054 35 38 124
0.225486 0.301365 -0.534084 -0.008271 -0.999039 0.043039 126 0 132
-0.070069 0.112136 0.001771 -0.144916 -0.438388 -0.887026 109 71 14
-0.491072 -0.111558 0.572388 0.956880 0.282045 -0.069506 249 163 118
-0.362327 -0.201474 0.835884 -0.012326 0.539375 -0.841975 125 196 20
-0.431623 -0.041472 -0.320550 0.477243 -0.036217 0.878025 188 122 239
0.043972 -0.287183 -0.167605 0.235257 0.885727 -0.400178 157 240 76
0.242109 0.293053 -0.423207 -0.190927 -0.981372 -0.021343 103 2 124
0.397027 0.112646 -0.274361 -0.966887 -0.236323 0.096344 4 97 139
0.101437 -0.253060 -0.441202 0.793324 0.606284 0.055293 228 204 134
0.057163 0.234382 -0.025056 0.618588 -0.516686 -0.591934 206 61 52
-0.206055 0.156133 0.306519 -0.916715 -0.395847 0.054208 10 77 134
-0.189819 0.013240 0.664850 -0.993586 -0.028407 -0.109453 0 123 113
-0.519659 0.030051 -0.249662 0.734560 -0.022854 0.678159 221 124 213
0.164343 -0.261318 -0.792301 0.708611 0.694960 0.122072 217 216 143
0.375912 -0.025028 -0.667429 -0.992572 -0.027112 -0.118600 0 124 112
-0.506600 -0.144921 -0.176716 0.809244 0.392101 0.437471 230 177 183
0.296472 0.193603 0.717819 -0.179774 -0.581210 -0.793647 104 53 26
-0.120335 0.092238 0.014654 -0.728889 -0.238738 -0.641659 34 97 45
0.456410 -0.065338 0.146740 -0.979801 0.195276 0.043089 2 152 132
-0.323476 -0.286140 0.101094 -0.127490 0.989029 -0.074614 111 253 117
0.243727 -0.302568 -0.856615 -0.108507 0.790971 0.602156 113 228 204
-0.526958 0.031163 0.461822 0.972392 -0.158926 -0.170870 251 107 105
-0.457126 -0.242483 -0.160075 0.665477 0.617053 0.419983 212 206 181
-0.520219 -0.206143 0.145452 0.785365 0.595442 -0.169263 227 203 105
-0.561950 -0.020467 0.281895 0.980466 0.005040 -0.196623 252 128 102
0.461455 -0.091384 0.417429 -0.947130 0.319116 0.033327 6 168 131
-0.148259 -0.294356 -0.235323 0.090698 0.892766 0.441297 139 241 183
0.331679 -0.225305 -0.870836 -0.746871 0.610893 0.262668 32 205 160
0.074276 -0.037188 -0.750324 0.997805 -0.006303 0.065917 254 126 135
0.215415 0.164882 0.471963 0.872847 -0.483700 -0.064595 238 65 119
0.013180 0.168212 -0.034393 0.569289 -0.443211 -0.692441 200 70 39
-0.497015 0.120310 0.531166 0.928106 -0.357876 -0.102683 245 81 114
0.234656 0.277709 -0.745974 0.234902 -0.968396 0.083843 157 4 138
0.369328 0.072809 0.690996 -0.726893 -0.269930 -0.631478 34 93 46
-0.384939 0.286135 0.067037 0.032154 -0.999273 0.020464 131 0 130
0.409932 0.125860 0.581720 -0.826422 -0.393761 -0.402466 22 77 76
0.449777 -0.037868 0.001375 -0.994254 0.033279 0.101738 0 131 140
0.245005 0.248889 0.683062 -0.314796 -0.641809 -0.699275 87 45 38
-0.195588 -0.167061 0.529248 -0.921229 0.385908 0.049120 10 176 133
0.122779 0.280907 -0.053915 0.485508 -0.792011 -0.370137 189 26 80
-0.301463 0.186131 -0.332367 0.274728 -0.590077 0.759167 162 52 224
-0.205503 0.109043 0.626319 -0.877087 -0.364405 -0.312932 15 81 87
-0.444973 0.232064 0.059466 0.533610 -0.827254 -0.175813 195 22 105
0.381155 -0.012447 -0.594992 -0.998127 -0.053262 -0.030107 0 120 123
0.450074 0.051148 0.016008 -0.957154 -0.192619 0.216228 5 102 155
0.396700 -0.022961 0.713762 -0.839865 0.108997 -0.531739 20 141 59
0.431828 0.120683 0.550489 -0.911438 -0.378510 -0.161277 11 79 106
-0.482458 0.205628 -0.096569 0.700159 -0.708829 0.085668 216 37 138
-0.406516 -0.280451 0.036763 0.397215 0.916674 -0.043913 178 244 121
0.217248 -0.063216 -1.039433 0.209691 0.055131 0.976212 154 134 251
0.188847 -0.233447 0.157112 0.553829 0.804320 -0.215273 198 230 100
0.176651 0.198526 -0.922961 0.659271 -0.697591 0.280587 211 38 163
0.347061 0.174566 -0.934109 -0.860806 -0.508662 -0.016598 17 62 125
-0.397623 -0.175407 -0.306955 0.177640 0.465041 0.867283 150 186 238
-0.093059 -0.275312 -0.082010 -0.243105 0.814161 -0.527297 96 231 60
-0.505616 0.040051 0.610282 0.938343 -0.227383 -0.260404 247 98 94
-0.189871 0.133009 0.477196 -0.919785 -0.384295 0.079451 10 78 137
0.318018 -0.222217 -0.731145 -0.711596 0.698291 -0.077590 36 216 117
0.243572 0.282515 -0.879364 -0.084957 -0.994542 0.060562 116 0 135
-0.211958 0.189373 -0.330184 0.444893 -0.587319 0.676112 184 52 213
0.407464 -0.159024 -0.077151 -0.865224 0.484793 0.127915 17 189 143
-0.484471 0.185134 0.296439 0.792449 -0.601462 -0.101332 228 50 114
-0.155007 0.132360 -0.382748 -0.112654 -0.439343 0.891227 113 71 241
0.175114 0.016088 -1.024393 0.597912 -0.161070 0.785212 203 106 227
-0.226640 0.167382 0.711462 -0.709788 -0.610581 -0.351273 37 49 82
0.099846 0.148648 -0.773793 0.905643 -0.415048 0.086873 242 74 138
-0.400515 -0.184536 0.764241 0.625566 0.428824 -0.651750 207 182 44
-0.416454 -0.293408 0.039589 0.343765 0.934592 -0.091455 171 246 115
0.185905 0.043566 0.550814 0.994185 -0.048014 -0.096389 254 121 115
0.177987 0.156441 -0.994271 0.738501 -0.602328 0.303013 221 50 166
-0.048425 -0.018533 -0.395970 0.785944 -0.077964 0.613363 227 117 205
0.307642 -0.268328 -0.323242 -0.597376 0.801879 0.011508 51 229 128
0.382684 -0.034724 -0.808511 -0.998272 0.044932 -0.037867 0 133 122
-0.420816 -0.273190 0.482850 0.578224 0.794535 -0.185394 201 228 103
-0.044874 -0.090589 -0.334695 0.891976 0.080868 0.444791 241 137 184
0.173793 -0.275060 -0.622881 0.521961 0.848218 0.089905 194 235 138
-0.206623 -0.002767 -0.405222 -0.081187 0.001702 0.996697 117 127 254
0.413392 0.040127 -0.179161 -0.964997 -0.141318 -0.220930 4 109 99
0.165368 -0.212789 -0.926137 0.769513 0.555503 0.315065 225 198 167
0.151635 0.139085 -0.965770 0.858032 -0.476287 0.192175 236 66 152
0.265911 0.227145 0.534682 0.658840 -0.749756 -0.061610 211 31 119
-0.514935 0.191324 0.017108 0.802371 -0.596812 -0.004064 229 51 126
-0.177288 -0.027494 0.519569 -0.992542 0.120496 0.018457 0 142 129
0.175487 -0.017810 0.464088 0.987879 0.152175 -0.030610 253 146 123
-0.490585 0.060083 0.580802 0.975220 -0.192075 -0.109784 251 103 113
-0.357755 0.211355 -0.304969 0.304405 -0.711473 0.633360 166 36 208
0.244807 0.201223 0.597660 0.811077 -0.579290 -0.081098 230 53 117
0.299532 -0.294760 -0.054436 -0.350263 0.936509 0.016364 82 246 129
-0.446798 0.170181 -0.242910 0.523666 -0.549186 0.651283 194 57 210
-0.184017 -0.078086 0.281526 -0.984469 0.173537 0.026573 1 149 130
0.190943 -0.038601 0.650493 0.995308 0.060495 -0.075515 254 135 117
0.144482 0.267884 -0.082210 0.473850 -0.859963 -0.189552 187 17 103
0.422667 0.156888 0.318584 -0.868590 -0.495531 0.000068 16 64 127
0.315102 -0.186718 -0.844831 -0.589234 0.646876 0.484102 52 209 189
0.327946 -0.233616 -0.494453 -0.795380 0.601896 -0.071357 26 204 118
0.291802 -0.036058 -1.048289 -0.072120 -0.067209 0.995129 118 118 254
0.099625 0.146274 -0.831598 0.943107 -0.320300 0.089200 247 86 138
0.216935 0.171119 0.537863 0.858475 -0.506836 -0.078346 236 62 117
0.361949 -0.247655 0.007169 -0.659352 0.751702 -0.014092 43 223 125
-0.189022 -0.189759 -0.344622 0.000810 0.533393 0.845867 127 195 235
0.408857 -0.120961 0.586134 -0.751179 0.263743 -0.605119 31 161 50
0.326764 0.198226 -0.666767 -0.797151 -0.603757 0.005344 25 50 128
0.103203 0.246521 -0.118809 0.695290 -0.707442 -0.126880 216 37 111
0.208613 -0.089313 0.533101 0.966755 0.236611 -0.096958 250 157 115
0.146358 0.154070 -0.941569 0.838790 -0.499319 0.217053 234 63 155
0.219443 -0.206606 -0.982859 0.589360 0.683789 0.430218 202 214 182
0.159058 0.115852 0.296026 0.976067 -0.209314 -0.059008 251 100 119
-0.051053 -0.088793 0.000648 0.028708 0.279283 -0.959780 131 163 5
0.086705 -0.216383 -0.473273 0.843525 0.533371 0.063094 235 195 135
0.381094 0.203560 0.523666 -0.584873 -0.778191 -0.228787 52 28 98
0.260911 -0.203616 -0.984041 0.232455 0.649018 0.724389 157 210 219
0.240282 -0.293084 -0.212444 -0.181869 0.983005 -0.024998 104 252 124
0.060559 -0.173844 0.062530 0.659444 0.506252 -0.555736 211 192 56
0.404130 0.112304 -0.188121 -0.946942 -0.317474 0.050107 6 87 133
-0.200082 -0.020775 0.712083 -0.863308 0.404441 -0.301873 17 179 89
0.278442 0.273883 -0.229002 -0.430530 -0.902573 0.002461 72 12 127
0.159262 0.228765 -0.705725 0.624740 -0.779078 0.052314 207 28 134
0.230624 -0.159466 0.713304 0.856110 0.493456 -0.153551 236 190 107
-0.202963 -0.042372 0.187380 -0.904535 -0.137092 -0.403759 12 110 76
0.130413 -0.311574 -0.394777 0.142066 0.981211 0.130544 145 252 144
0.298385 0.264630 -0.202176 -0.529631 -0.847643 0.031512 59 19 131
-0.203995 0.047560 -0.406582 -0.069224 -0.198940 0.977564 118 102 252
-0.169641 0.167116 -0.388155 0.006069 -0.409834 0.912140 128 75 243
0.369644 0.075681 -0.526065 -0.939351 -0.342769 -0.011333 7 83 126
0.013478 0.271304 -0.162573 -0.094772 -0.818838 -0.566148 115 23 55
0.124110 0.153699 -0.781130 0.765951 -0.639065 0.070100 225 46 136
-0.086135 0.025859 -0.012238 -0.632261 -0.047274 -0.773311 46 121 28
-0.224239 -0.299859 -0.080655 -0.285941 0.949667 -0.127949 91 248 111
-0.377401 -0.305800 0.312771 -0.017727 0.999817 -0.007162 125 254 126
0.449160 -0.058458 0.602321 -0.924571 0.293762 -0.242636 9 164 96
0.433773 -0.021987 0.669920 -0.958678 0.080261 -0.272937 5 137 92
0.188078 0.242227 -0.859146 0.607445 -0.785068 0.121156 204 27 142
-0.422054 -0.264682 0.553738 0.583137 0.804133 -0.115418 201 230 112
-0.499031 0.100496 0.468707 0.908733 -0.368327 -0.196316 243 80 102
-0.050139 -0.102314 -0.374144 0.738404 0.196944 0.644960 221 152 209
-0.563190 -0.029358 0.279547 0.947338 0.106505 -0.302005 248 141 88
-0.202959 -0.133494 0.668717 -0.768967 0.438308 -0.465377 29 183 68
0.331075 -0.296348 0.247051 -0.423193 0.905195 -0.039109 73 242 122
-0.223096 -0.200414 0.576465 -0.807154 0.588456 -0.047146 24 202 121
0.290726 0.234922 -0.767247 -0.485334 -0.872590 -0.055115 65 16 120
-0.437704 -0.189549 0.702397 0.830532 0.372381 -0.414186 233 174 74
0.111232 -0.252963 -0.480075 0.748377 0.656133 0.097067 222 211 139
-0.520197 -0.003125 0.428230 0.996462 -0.072856 -0.041911 254 118 122
0.038961 -0.099989 -0.446661 0.986848 0.142432 0.076454 253 145 137
-0.433643 -0.213520 0.757022 0.829167 0.557095 -0.046113 233 198 121
-0.201407 0.140757 0.545038 -0.912766 -0.408296 0.012362 11 75 129
0.329759 0.051040 0.732195 -0.419940 -0.188291 -0.887805 73 103 14
0.351146 -0.261129 0.009671 -0.618041 0.785702 0.026410 48 227 130
0.401080 0.095877 -0.356084 -0.944420 -0.319184 0.078695 7 86 137
0.043073 -0.291733 -0.316371 0.216843 0.942614 0.253886 155 247 159
0.052381 -0.202166 -0.007128 0.857365 0.357421 -0.370373 236 173 80
0.268533 0.115215 -1.021356 0.009403 -0.392976 0.919501 128 77 244
0.339831 0.038955 -1.067797 -0.503156 -0.107897 0.857433 63 113 236
0.350456 -0.211379 -0.438723 -0.837844 0.545909 0.000322 20 197 127
-0.325818 -0.123581 0.816042 -0.059401 0.235233 -0.970122 119 157 3
0.353472 -0.029455 -1.109930 -0.841464 0.011560 0.540189 20 128 196
0.014477 -0.079289 0.038280 0.752496 0.141188 -0.643285 223 145 45
0.064581 0.033990 -0.005643 0.972149 -0.187705 -0.140334 251 103 109
-0.202346 -0.255226 0.007063 -0.466667 0.815793 -0.341620 67 231 83
-0.136270 0.171050 0.001339 -0.613595 -0.288492 -0.735034 49 90 33
-0.368814 -0.218565 -0.246316 0.584089 0.615382 0.529287 201 205 194
0.334160 -0.227417 -0.434801 -0.792964 0.609259 0.003489 26 205 127
-0.253380 -0.225989 0.311055 -0.769363 0.638108 0.029977 29 208 131
-0.279495 0.047020 0.814551 0.100224 -0.043136 -0.994029 140 122 0
0.332225 -0.256296 -0.250284 -0.642394 0.764926 0.047092 45 225 133
0.096103 0.220153 -0.398496 0.722357 -0.689995 0.045914 219 39 133
0.445457 0.104808 0.226549 -0.951818 -0.302123 -0.052584 6 88 120
-0.293183 0.245627 0.690815 0.017694 -0.818355 -0.574440 129 23 54
0.194706 0.266997 0.008299 0.471399 -0.877128 -0.091813 187 15 115
-0.244270 0.221408 0.079822 -0.711505 -0.697915 -0.081702 36 38 117
0.052320 0.013020 -0.583082 0.984100 -0.160164 0.076772 252 107 137
-0.270974 -0.258016 0.087375 -0.199133 0.906503 -0.372288 102 243 80
-0.240082 -0.217204 0.579369 -0.715151 0.698962 0.003410 36 216 127
0.366851 -0.243921 0.014601 -0.674205 0.737166 0.045098 41 221 133
-0.372688 -0.037929 -0.371497 0.069327 0.028676 0.997182 136 131 254
-0.228397 -0.193975 0.685990 -0.718747 0.618968 -0.316673 35 206 87
0.167628 0.001508 -1.043776 0.762509 -0.119075 0.635925 224 112 208
-0.476178 0.103795 0.508869 0.970612 -0.235205 -0.050907 251 97 121
0.147542 -0.140167 0.229196 0.940849 0.316826 -0.120098 247 167 112
-0.565255 0.030123 0.133662 0.988409 -0.136804 -0.065825 253 110 119
0.195901 0.082508 -1.044220 0.535044 -0.292136 0.792707 195 90 228
0.209569 0.118967 0.567902 0.914065 -0.388371 -0.116847 244 77 112
0.309081 -0.218413 -0.956850 -0.688760 0.723575 0.045263 39 219 133
0.461176 -0.045492 0.193305 -0.986569 0.157043 0.044940 1 147 133
-0.204966 0.144033 -0.388151 -0.062918 -0.495829 0.866138 119 64 237
-0.347469 -0.292372 0.494774 -0.104692 0.988442 -0.109642 114 253 113
-0.327156 0.268336 0.069566 -0.225244 -0.970427 -0.086810 98 3 116
-0.342268 -0.267184 0.545213 0.022638 0.989893 -0.139995 130 253 109
-0.185752 -0.082175 0.324876 -0.965687 0.257595 0.033059 4 160 131
0.188616 -0.118701 -1.032196 0.658662 0.192482 0.727403 211 152 220
0.442633 0.002350 0.601146 -0.945285 -0.052764 -0.321950 6 120 86
-0.186986 0.049476 0.182631 -0.980053 -0.195292 -0.036840 2 102 122
0.105443 -0.114085 -0.924376 0.972022 0.192758 0.134229 251 152 144
0.329375 0.233288 0.608266 -0.289263 -0.877622 -0.382239 90 15 78
0.334595 0.236579 -0.165537 -0.678677 -0.734071 0.023190 40 33 130
-0.311824 -0.294355 0.123346 -0.479243 0.875918 -0.055615 66 239 120
0.325344 0.217196 -0.845997 -0.770567 -0.635316 -0.050985 29 46 120
0.125768 0.158236 -0.755820 0.784481 -0.613420 0.091137 227 49 139
0.136348 0.186706 -0.876831 0.853955 -0.508598 0.109952 236 62 141
0.365361 0.111628 -0.792879 -0.961454 -0.273887 -0.024351 4 92 124
0.413652 -0.003466 -0.281128 -0.991463 0.111462 0.067657 1 141 136
0.298803 0.230988 -0.909417 -0.657640 -0.736049 0.160441 43 33 147
0.062296 0.019328 -0.750924 0.994573 -0.057766 0.086527 254 120 138
-0.248856 0.210811 0.740540 -0.532599 -0.577438 -0.618793 59 53 48
-0.372159 0.269222 0.024538 0.035681 -0.995847 0.083765 132 0 138
-0.260339 -0.246750 0.388631 -0.713485 0.700554 -0.012750 36 216 125
-0.322551 0.045950 -0.390149 0.002285 -0.124717 0.992190 127 111 254
-0.479268 0.063295 0.590557 0.961735 -0.182426 -0.204416 250 104 101
0.051304 0.192569 -0.422226 0.637419 -0.693576 0.335632 208 39 170
0.147306 -0.204496 -0.905531 0.836189 0.532195 0.132501 234 195 144
0.356562 -0.142312 -0.892142 -0.863134 0.408966 0.296222 17 179 165
0.311943 0.049177 0.758938 -0.024887 0.018325 -0.999522 124 129 0
-0.051708 -0.276007 -0.150742 -0.127929 0.934246 -0.332894 111 246 85
0.416658 -0.180270 0.308816 -0.873266 0.487166 0.008735 16 189 128
-0.534195 -0.099095 -0.197880 0.860579 0.289047 0.419351 237 164 180
-0.491080 -0.056023 0.610801 0.987068 0.107277 -0.119117 253 141 112
-0.398947 -0.300802 0.190924 0.125399 0.988654 -0.082689 143 253 116
0.393298 -0.195504 0.481008 -0.759902 0.638582 -0.121502 30 208 112
0.408988 0.038213 0.648748 -0.845654 -0.116908 -0.520771 19 112 61
0.295495 -0.292010 -0.048849 -0.268702 0.961721 -0.053785 93 250 120
0.329571 0.202824 -0.551771 -0.791886 -0.609738 -0.033701 26 49 123
-0.215660 0.231390 -0.306987 0.012320 -0.776142 0.630438 129 28 207
-0.171796 0.292359 -0.152696 -0.100185 -0.942964 -0.317462 114 7 87
-0.574100 -0.003135 0.014747 0.999530 0.028666 -0.010882 254 131 126
0.015175 0.219173 -0.306887 0.509305 -0.789397 0.342725 192 26 171
0.293987 0.253771 -0.167426 -0.540973 -0.841034 -0.003140 58 20 127
-0.434860 0.252640 -0.149664 0.554434 -0.815691 0.165076 198 23 148
-0.213684 -0.115216 0.751550 -0.839209 0.353386 -0.413336 20 172 74
0.435662 -0.125743 -0.026383 -0.926835 0.212474 0.309567 9 154 166
-0.528524 0.124888 0.006344 0.785975 -0.596423 -0.162856 227 51 106
0.286831 0.078393 -1.032842 -0.012815 -0.262240 0.964918 125 94 250
-0.489260 0.014927 -0.272550 0.781798 -0.132558 0.609278 227 110 205
0.323121 -0.214226 -0.732368 -0.756956 0.650091 -0.066331 30 210 119
0.030479 -0.176552 -0.317364 0.905862 0.413844 0.090263 242 180 139
0.199127 0.010351 -1.035390 0.481894 -0.240648 0.842535 188 96 234
0.307135 -0.165619 -1.007971 -0.214605 0.461915 0.860569 100 186 237
-0.192526 -0.151050 0.577697 -0.954243 0.296725 -0.037070 5 165 122
-0.547604 0.135634 -0.079930 0.922401 -0.384879 0.032315 245 78 131
0.382212 -0.101434 -0.895934 -0.944087 0.306052 0.122605 7 166 143
-0.427284 0.143748 -0.257690 0.541825 -0.634239 0.551513 196 46 197
0.200728 -0.201787 0.330783 0.860602 0.505532 -0.061659 237 191 119
0.044099 0.039243 -0.548635 0.979041 -0.046122 0.198374 252 121 152
0.198702 -0.148590 0.483067 0.936925 0.322245 -0.135389 246 168 110
0.435013 0.082303 -0.062714 -0.971282 -0.216269 0.099187 3 99 140
0.355452 -0.264240 0.114168 -0.529398 0.848321 0.009409 60 235 128
-0.192749 -0.045682 0.223943 -0.992894 0.113891 -0.034503 0 142 123
0.068252 -0.217615 -0.353564 0.817214 0.571221 0.076597 231 200 137
0.107926 -0.164030 -0.847484 0.918513 0.356477 0.171051 244 172 149
0.224242 -0.283426 -0.743725 0.437761 0.897413 0.054905 183 241 134
-0.300141 -0.153938 0.801466 -0.160677 0.709362 -0.686286 107 217 39
0.354585 -0.055784 -0.992947 -0.875021 0.229926 0.425996 15 156 181
0.352940 0.103953 0.733411 -0.649509 -0.220449 -0.727695 44 99 34
0.466246 -0.068966 0.075767 -0.949246 0.159138 0.271305 6 147 162
0.224639 0.261550 -0.359265 -0.195984 -0.954346 0.225419 102 5 156
-0.152226 -0.068251 0.082954 -0.902629 0.165607 -0.397285 12 148 76
-0.418182 -0.181783 0.734161 0.742363 0.556295 -0.373408 222 198 79
-0.205129 0.138776 0.565551 -0.902107 -0.403179 -0.153787 12 76 107
-0.331914 -0.246757 0.700540 0.207427 0.876363 -0.434697 153 239 72
0.351982 -0.268735 0.331155 -0.368548 0.922053 -0.118281 80 245 112
-0.459522 -0.229216 0.578542 0.772648 0.606634 -0.187112 226 204 103
0.029711 0.014697 -0.453047 0.995827 0.036298 0.083727 254 132 138
0.107977 0.103148 -0.893156 0.935170 -0.269470 0.229877 246 93 156
0.174801 -0.117845 0.356515 0.930589 0.355429 -0.087601 246 172 116
0.344074 0.240406 -0.027285 -0.639347 -0.767978 0.038021 45 29 132
0.416812 -0.021571 -0.304483 -0.998294 0.011586 0.057226 0 128 134
-0.294093 0.250589 0.424310 -0.410160 -0.911763 -0.021394 75 11 124
0.347666 0.148130 -0.575711 -0.895297 -0.445466 -0.001690 13 70 127
0.372994 -0.088508 -0.658469 -0.971276 0.237286 -0.017868 3 157 125
0.382356 0.017348 -0.870229 -0.999429 -0.011002 -0.031963 0 126 123
-0.491528 -0.106955 0.570722 0.975469 0.193054 -0.105784 251 152 114
0.285628 -0.011598 0.777198 0.119967 0.029734 -0.992333 142 131 0
0.296381 -0.165209 -1.016854 -0.086110 0.392828 0.915571 116 177 244
-0.273914 -0.247145 0.635577 -0.518612 0.849015 -0.101067 61 235 114
-0.026316 0.040372 -0.046250 -0.292298 -0.135582 -0.946667 90 110 6
-0.440908 0.231042 0.276406 0.418562 -0.889932 -0.181183 180 14 104
0.130472 -0.190334 -0.899927 0.876321 0.460040 0.142912 239 186 145
0.186246 0.114833 -1.030621 0.636572 -0.374234 0.674333 208 79 213
0.319867 0.174585 -0.882763 -0.732188 -0.635834 0.244164 34 46 158
-0.537122 -0.077839 -0.157057 0.923646 0.193209 0.330982 245 152 169
0.181407 -0.001226 0.464302 0.996367 -0.050886 -0.068288 254 121 118
-0.510230 -0.225791 -0.058276 0.799138 0.592418 0.102071 229 203 140
0.138384 -0.143213 -0.967673 0.910089 0.337239 0.240848 243 170 158
0.118850 0.218895 -0.650093 0.755516 -0.646303 0.107182 223 45 141
-0.399982 -0.174113 0.745134 0.573071 0.604348 -0.553492 200 204 56
0.295746 0.267574 -0.048489 -0.430876 -0.895378 -0.112447 72 13 113
0.292197 0.227279 -0.589532 -0.695418 -0.710513 -0.107538 38 36 113
0.311307 0.228723 -0.463704 -0.761086 -0.646510 -0.052656 30 45 120
-0.311662 0.050995 0.836190 -0.173102 -0.139826 -0.974928 105 109 3
0.168894 -0.315506 -0.337660 -0.009586 0.994555 0.103769 126 254 140
0.117194 0.032837 -0.985799 0.964288 -0.120774 0.235714 250 112 157
0.315978 -0.199551 -0.980650 -0.106455 0.689247 0.716663 113 215 218
-0.453231 0.110098 -0.311277 0.611888 -0.265982 0.744880 205 93 222
0.192767 0.022312 0.478455 0.988495 -0.068954 -0.134622 253 118 110
0.409365 -0.184841 0.019056 -0.883638 0.466656 -0.037628 14 186 122
-0.506097 -0.027049 0.543296 0.906091 0.164802 -0.389667 243 148 77
0.205335 -0.197171 0.315089 0.818141 0.566288 -0.099820 231 199 114
0.347064 0.257022 0.435901 -0.362786 -0.927085 -0.094335 81 9 115
0.279293 0.272158 -0.384317 -0.445502 -0.894440 0.038787 70 13 132
-0.331325 -0.288881 0.249935 -0.487204 0.867404 -0.101202 65 238 114
-0.552204 -0.138695 0.041732 0.872024 0.489464 0.000419 238 189 127
0.151759 -0.220005 -0.872689 0.725621 0.542611 0.423140 220 196 181
-0.181007 -0.024844 0.412979 -0.997530 0.065284 -0.025932 0 135 124
0.239724 -0.222029 0.499698 0.778721 0.620382 -0.093382 226 206 115
0.346173 -0.276827 0.327176 -0.239736 0.970037 -0.039422 96 251 122
0.372346 0.097215 -0.795907 -0.960966 -0.276364 -0.012953 4 92 125
0.340450 0.070563 -1.063905 -0.362461 -0.310554 0.878737 81 87 239
-0.090422 0.051507 -0.012767 -0.563069 -0.065864 -0.823781 55 119 22
0.349009 0.028826 0.733661 -0.441032 0.015893 -0.897351 71 129 13
-0.399462 -0.296465 0.194533 0.183882 0.982848 -0.014035 150 252 125
0.340058 -0.076261 -1.048838 -0.613628 0.214726 0.759838 49 154 224
-0.546269 -0.146725 0.380178 0.929785 0.329927 -0.163245 246 169 106
0.276243 -0.278636 -0.465227 -0.390530 0.920587 0.002253 77 244 127
0.156497 0.119200 0.212071 0.923460 -0.371215 -0.097063 245 80 115
0.372983 0.085685 -0.730669 -0.958323 -0.278408 -0.064072 5 92 119
-0.481302 0.206439 -0.082501 0.695268 -0.712675 0.093260 216 36 139
-0.134581 0.252477 -0.102126 -0.258971 -0.769885 -0.583277 94 29 53
-0.257130 -0.234091 0.714787 -0.638322 0.717050 -0.279971 46 218 91
0.434134 0.104864 0.080806 -0.947134 -0.294363 0.127625 6 89 143
-0.350358 0.092607 0.787060 0.222070 -0.289399 -0.931092 155 90 8
0.311999 -0.253420 -0.277805 -0.475343 0.879654 0.016048 66 239 129
0.118079 -0.281453 -0.395402 0.657256 0.747003 0.100005 211 222 140
-0.086691 -0.195967 -0.347384 -0.029764 0.626730 0.778668 123 207 226
0.053855 -0.133301 -0.554389 0.981860 0.181521 0.054786 252 150 134
-0.447357 0.235716 0.171968 0.560260 -0.824774 -0.076529 198 22 117
0.381168 -0.048647 -0.843852 -0.993590 0.110926 0.021768 0 141 130
-0.534516 0.020986 0.353638 0.997723 -0.046179 -0.049148 254 121 121
0.447894 0.128810 0.380805 -0.926532 -0.375845 0.016717 9 79 129
-0.013517 0.265330 -0.110639 -0.093950 -0.899208 -0.427315 115 12 73
-0.234163 0.035824 0.814531 -0.749115 -0.017256 -0.662215 31 125 43
0.207093 0.281947 -0.729466 0.368504 -0.929300 0.024645 174 9 130
-0.176266 0.004905 0.317930 -0.998555 -0.014073 0.051869 0 125 134
-0.219347 -0.182245 0.260062 -0.927113 0.373887 -0.025881 9 175 124
0.392477 -0.031946 -0.622084 -0.992733 0.114966 0.035564 0 142 132
-0.265167 -0.100832 0.839527 -0.627871 0.268557 -0.730517 47 161 34
-0.230335 0.185725 0.083234 -0.680543 -0.575459 -0.453551 40 54 69
-0.430080 0.241587 -0.122637 0.567893 -0.808551 0.154087 199 24 147
0.358219 -0.221088 -0.069602 -0.672293 0.725838 0.145542 41 220 146
0.306991 -0.031930 0.754640 -0.036283 0.101394 -0.994184 122 140 0
0.365423 -0.248827 0.328135 -0.561386 0.825548 -0.057585 55 232 120
0.315728 -0.247080 -0.486368 -0.645684 0.763381 -0.018479 45 224 125
-0.535204 -0.172513 -0.120423 0.865786 0.456666 0.204623 237 185 153
0.358565 -0.148663 -0.714129 -0.915628 0.401128 0.026877 10 178 130
-0.132090 -0.083628 0.040172 -0.634239 0.187687 -0.750009 46 151 31
0.434596 -0.173213 0.347813 -0.880381 0.466873 0.083418 15 187 138
0.080699 -0.013977 -0.838590 0.992331 -0.022970 0.121460 254 124 142
0.041381 -0.237888 -0.224971 0.876713 0.480983 0.005482 239 188 128
-0.101903 0.203364 -0.066162 -0.544333 -0.600481 -0.585768 58 50 52
-0.240580 -0.025864 0.823263 -0.685471 0.249059 -0.684177 40 159 40
-0.268335 0.164663 0.774217 -0.466927 -0.534363 -0.704582 67 59 37
-0.524105 0.142425 0.216698 0.893411 -0.423125 -0.150939 241 73 108
-0.425175 -0.110401 0.628546 0.977514 0.203954 -0.053572 252 153 120
0.405921 -0.159230 0.633784 -0.876587 0.404106 -0.261331 15 179 94
0.387886 -0.190823 -0.105625 -0.836518 0.536435 0.111696 20 195 141
0.176036 0.038909 0.465783 0.991768 -0.057922 -0.114195 253 120 112
0.225016 -0.190055 0.513229 0.840235 0.532390 -0.102791 234 195 114
0.400283 -0.223596 0.138663 -0.793552 0.605462 0.060750 26 204 135
-0.105988 -0.254735 -0.277925 0.416613 0.668823 0.615719 180 212 206
0.089858 0.012117 -0.858727 0.976984 -0.138223 0.162469 252 109 148
-0.215146 0.134088 -0.375655 0.035191 -0.456415 0.889071 131 69 240
0.193159 0.194172 -0.979211 0.628804 -0.679073 0.378768 207 40 175
-0.516786 -0.104306 0.434169 0.967693 0.210545 -0.138710 250 154 109
-0.502530 -0.051579 0.541939 0.987906 0.112936 -0.106240 253 141 113
0.221824 0.295492 -0.415932 -0.105657 -0.994035 -0.027034 114 0 124
-0.175416 0.024129 0.553562 -0.996764 -0.049257 0.063520 0 121 135
0.450084 -0.099614 0.164604 -0.973947 0.226733 0.004478 3 156 128
-0.408225 -0.287611 0.182321 0.158034 0.986847 -0.034037 147 253 123
0.369644 -0.108738 -0.674429 -0.940847 0.302083 -0.153469 7 166 107
0.220694 -0.090908 -1.022310 0.320630 0.200899 0.925655 168 153 245
-0.462890 0.162369 0.505897 0.861793 -0.493885 -0.115718 237 64 112
0.368508 0.080252 -0.874155 -0.950051 -0.309502 -0.040149 6 88 122
0.052631 -0.065160 -0.610564 0.986326 0.053682 0.155821 253 134 147
-0.408837 0.059972 -0.324572 0.433155 -0.192424 0.880539 182 102 239
-0.349071 0.270967 0.086845 0.058277 -0.998288 -0.005034 134 0 126
0.434211 -0.173533 0.216883 -0.858919 0.485801 0.162038 17 189 148
0.348491 0.143361 -0.855708 -0.893019 -0.446219 0.058357 13 70 134
0.287043 0.213366 -0.983425 -0.054962 -0.660568 0.748752 120 43 222
-0.477063 -0.060863 -0.245796 0.715095 0.130281 0.686779 218 144 215
0.407062 0.031119 -0.395485 -0.992708 -0.077179 0.092599 0 117 139
0.343026 0.197210 -0.790911 -0.861696 -0.506227 -0.034834 17 62 123
-0.402929 0.164624 0.705610 0.530245 -0.608904 -0.589979 195 49 52
-0.163704 0.166982 -0.315377 0.582583 -0.351975 0.732605 201 82 220
0.315458 0.252333 -0.278369 -0.551230 -0.834106 -0.020307 57 21 124
-0.232782 -0.165317 -0.336488 0.333167 0.473390 0.815415 169 187 231
-0.294403 -0.260993 -0.291806 0.102211 0.755072 0.647626 140 223 210
-0.029105 0.018616 0.001522 0.602414 -0.000343 -0.798183 204 127 25
0.282506 0.107155 -1.028105 -0.074156 -0.515063 0.853939 118 61 236
0.132863 0.128851 -0.916199 0.858658 -0.480072 0.179545 236 66 150
0.323471 0.239457 -0.062861 -0.581407 -0.813170 0.026857 53 23 130
0.012640 -0.010191 -0.460598 0.993433 0.043207 0.105945 254 133 141
0.453525 0.088360 0.258213 -0.969826 -0.243693 0.007098 3 96 128
0.455567 -0.053248 0.601078 -0.971787 0.185660 -0.145469 3 151 108
0.345836 -0.229090 -0.227579 -0.728837 0.682581 0.053674 34 214 134
0.091924 0.142295 -0.727609 0.863072 -0.504105 0.031380 237 63 131
0.227118 0.170394 0.603114 0.878453 -0.462543 -0.119893 239 68 112
-0.491287 0.090204 0.472126 0.926975 -0.361357 -0.100686 245 81 114
-0.197466 -0.153906 0.366776 -0.880682 0.472666 -0.031394 15 187 123
0.379091 -0.170950 -0.304242 -0.886391 0.456711 0.075674 14 185 137
-0.484144 -0.200405 0.616517 0.924258 0.365894 -0.108943 245 174 113
-0.556769 -0.113659 0.322174 0.864798 0.351212 -0.358851 237 172 81
0.357220 0.157661 0.645203 -0.790574 -0.338062 -0.510595 26 84 62
0.170455 0.262970 0.020812 0.380474 -0.916849 -0.120940 176 10 112
-0.447428 0.073384 -0.272879 0.748320 -0.333571 0.573365 222 84 200
0.348512 -0.093251 0.751453 -0.332133 0.190005 -0.923897 85 151 9
-0.344602 -0.295661 0.392657 -0.102213 0.989183 -0.105211 114 253 114
-0.555117 -0.097139 0.244517 0.977076 0.144743 -0.156115 252 145 107
0.313837 0.264007 -0.219434 -0.492158 -0.870299 0.018961 64 16 129
0.455297 -0.130449 0.285806 -0.944723 0.323217 0.055032 7 168 134
0.210118 0.131173 0.501165 0.907069 -0.414713 -0.072381 243 74 118
-0.307770 0.282782 -0.154277 0.170093 -0.975454 0.139852 149 3 145
-0.289187 0.242649 0.196114 -0.539924 -0.841368 0.024120 58 20 130
0.242093 -0.233659 -0.974016 0.517583 0.795992 0.313855 193 228 167
-0.503660 0.188649 0.091598 0.774227 -0.631400 -0.043669 226 46 121
0.384551 -0.006973 -0.468577 -0.993366 -0.048118 0.104449 0 121 140
0.296781 0.230335 -0.639167 -0.689141 -0.724282 -0.022377 39 35 124
0.445090 0.142062 0.357598 -0.924701 -0.380265 0.018063 9 79 129
-0.382570 -0.294777 0.100803 0.192906 0.980231 -0.043978 152 252 121
0.267639 0.232696 0.495040 0.637754 -0.766891 -0.071749 208 29 118
0.464655 -0.069930 0.192083 -0.983193 0.181307 -0.021452 2 150 124
0.426930 -0.005132 0.540044 -0.912260 0.086585 -0.400356 11 138 76
0.071210 0.109398 -0.736131 0.965936 -0.225972 0.126112 250 98 143
-0.209515 -0.151256 0.349744 -0.902458 0.430747 0.005215 12 182 128
0.119594 0.238360 -0.072423 0.772244 -0.631995 -0.064974 225 46 119
0.255189 -0.268497 -0.759615 0.185999 0.981321 0.049133 151 252 133
0.275259 0.084271 -1.034575 -0.033645 -0.216984 0.975595 123 99 251
-0.354546 0.086675 0.809241 0.153591 -0.174600 -0.972587 147 105 3
0.360436 0.053733 0.727075 -0.675779 -0.159724 -0.719591 41 107 35
0.099290 -0.008850 -0.912996 0.842728 -0.050762 0.535941 234 121 195
-0.429698 0.073994 -0.301344 0.572649 -0.253573 0.779598 200 95 226
0.260199 0.267659 -0.899067 -0.170056 -0.965815 0.195657 105 4 152
0.115224 0.287902 -0.117129 0.294283 -0.907123 -0.300874 165 11 89
-0.482763 -0.221941 -0.114558 0.786233 0.526327 0.323756 227 194 168
-0.456838 0.184661 -0.217852 0.662930 -0.593093 0.456907 212 51 185
0.444600 0.121281 0.166238 -0.961774 -0.272620 0.025873 4 92 130
-0.284541 -0.251217 0.436209 -0.550619 0.833071 0.053021 57 233 134
-0.235844 0.001599 0.809995 -0.676818 0.088363 -0.730828 41 138 34
0.381290 0.126559 -0.887271 -0.957364 -0.270593 -0.101157 5 92 114
0.373193 0.258540 0.327187 -0.486944 -0.864581 -0.124036 65 17 111
-0.139358 0.029480 0.074755 -0.937035 -0.096748 -0.335568 8 115 84
-0.419478 0.228757 0.478920 0.653056 -0.746097 -0.129834 210 32 110
0.090579 0.129348 -0.744920 0.945716 -0.319598 0.058976 248 86 135
-0.077609 -0.200467 -0.041477 -0.510875 0.367203 -0.777283 62 174 28
0.265909 0.269700 -0.817234 -0.430292 -0.902116 -0.032189 72 12 123
-0.177021 0.264390 -0.051828 -0.462403 -0.710291 -0.530726 68 36 59
0.324843 0.270281 0.536680 0.171456 -0.928448 -0.329526 149 9 85
0.118881 0.185396 -0.826566 0.850860 -0.497293 0.169519 235 64 149
0.183469 -0.319547 -0.093478 0.049799 0.997001 -0.059244 133 254 119
-0.504550 -0.033494 0.583421 0.965774 -0.156495 -0.206859 250 107 101
0.184378 0.136462 0.342567 0.901188 -0.408959 -0.143570 242 75 109
-0.424897 0.241542 0.070818 0.373002 -0.927539 0.023272 175 9 130
0.384916 -0.198142 -0.019084 -0.783323 0.621025 0.027064 27 206 130
-0.076646 -0.159416 -0.028830 -0.260189 0.309455 -0.914625 94 166 10
0.054368 0.112867 -0.068432 0.962315 -0.262009 -0.072812 250 94 118
-0.148946 -0.295918 -0.106671 0.116479 0.911311 -0.394898 142 243 77
0.324973 -0.051936 0.744270 -0.053449 0.130787 -0.989969 120 144 1
0.209778 -0.198557 -0.947816 0.440240 0.638807 0.630963 183 208 207
0.453618 0.105061 0.317062 -0.955846 -0.293070 0.021661 5 90 130
-0.201796 -0.295332 -0.083682 -0.229167 0.951244 -0.206442 98 248 101
-0.418158 0.206453 -0.270675 0.495049 -0.639947 0.587702 190 45 202
-0.444205 0.150394 0.689584 0.849756 -0.468505 -0.241697 235 67 96
0.311462 -0.201481 0.689569 0.086539 0.755844 -0.649008 138 223 44
0.476181 -0.001718 0.371427 -0.998544 0.035740 0.040417 0 132 132
0.003063 0.290394 -0.117097 0.206954 -0.783931 -0.585340 153 27 52
-0.052467 -0.166762 -0.020732 -0.077363 0.353952 -0.932059 117 172 8
0.384424 -0.043446 -0.899791 -0.991059 0.128447 -0.036093 1 143 122
0.156098 0.133287 0.152018 0.900943 -0.431508 -0.045844 242 72 121
0.274412 -0.264815 0.402248 0.609217 0.791975 -0.040380 205 228 122
0.142493 0.170213 0.160671 0.930194 -0.360007 -0.071653 246 81 118
-0.439629 -0.190342 0.649460 0.787145 0.589630 -0.180941 227 202 104
0.324213 -0.164593 -1.023938 -0.350634 0.392678 0.850212 82 177 235
0.308396 -0.169821 -1.011268 -0.022224 0.532295 0.846267 124 195 235
0.106684 -0.163125 0.071682 0.906190 0.413821 -0.087020 243 180 116
-0.247636 0.187155 -0.361661 0.223345 -0.480919 0.847841 155 66 235
0.110025 0.198565 -0.565794 0.777380 -0.624390 0.076272 226 47 137
-0.303179 -0.058495 0.816257 0.097471 0.061023 -0.993366 139 135 0
-0.405303 0.042352 0.846217 0.687770 -0.231420 -0.688054 215 97 39
-0.051495 0.227456 -0.070856 -0.041968 -0.548319 -0.835216 122 57 21
-0.448983 -0.058948 -0.294380 0.602174 0.170418 0.779964 204 149 226
0.414922 -0.193969 0.463571 -0.763135 0.638799 -0.097777 30 208 115
0.155816 0.102757 -0.991853 0.702673 -0.318735 0.636128 217 86 208
-0.194916 -0.123581 0.601083 -0.948532 0.308477 -0.071622 6 166 118
-0.473614 -0.255682 0.362784 0.637900 0.727329 -0.253133 208 220 95
0.270669 0.247360 -0.660212 -0.478522 -0.877686 -0.026152 66 15 124
-0.043823 -0.211121 -0.384939 -0.096893 0.490700 0.865925 115 190 237
0.367023 -0.165961 -0.439573 -0.909995 0.414494 -0.010154 11 180 126
-0.114115 0.226846 -0.115913 -0.298035 -0.843625 -0.446623 89 19 70
0.384100 0.083524 -0.999822 -0.988057 -0.135955 0.072522 1 110 136
0.139173 -0.241722 -0.000019 0.664240 0.688544 -0.291018 212 215 90
-0.395751 0.222443 -0.242723 0.439404 -0.768993 0.464299 183 29 186
0.375077 0.091153 -0.591649 -0.977137 -0.205506 -0.054510 2 101 120
0.049074 0.153463 0.028065 0.792964 -0.329992 -0.512166 228 85 62
-0.181390 -0.034259 -0.430756 -0.045874 -0.082488 0.995536 121 116 254
0.349846 0.144658 -0.840833 -0.904142 -0.426694 0.021443 12 73 130
-0.517609 0.022570 0.333671 0.990348 -0.138338 -0.008627 253 109 126
0.413408 -0.175866 0.213556 -0.851979 0.523570 0.002706 18 194 127
0.198157 -0.061400 0.657450 0.979237 0.172492 -0.106498 252 149 113
0.354880 0.106141 0.724069 -0.588149 -0.274971 -0.760573 52 92 30
0.099538 0.112558 -0.817441 0.893188 -0.442859 0.078046 241 71 137
0.164066 -0.202844 -0.951421 0.779113 0.515346 0.356932 226 193 173
0.008337 0.128479 -0.080951 -0.766804 -0.224684 -0.601273 29 98 50
-0.514277 0.168382 -0.063119 0.797705 -0.592811 0.110647 229 51 141
-0.527769 0.120708 0.284232 0.896553 -0.403522 -0.182658 241 76 104
0.214253 0.296034 -0.207392 -0.181529 -0.983350 -0.008323 104 2 126
0.376814 0.050066 -0.779925 -0.977371 -0.200585 -0.067171 2 101 118
-0.306358 0.277289 -0.002352 -0.197979 -0.972358 -0.123788 102 3 111
0.192095 -0.046794 0.583328 0.988628 0.089248 -0.121032 253 138 112
-0.482436 -0.160358 -0.225069 0.696242 0.364883 0.618149 216 174 206
0.119152 0.102063 -0.903528 0.912610 -0.386415 0.133515 243 78 144
-0.217694 0.238272 0.039369 -0.589281 -0.723917 -0.358738 52 35 81
-0.221682 0.187074 0.450489 -0.745393 -0.664247 -0.056261 32 42 120
0.272833 -0.225052 0.552407 0.593960 0.802070 -0.062408 203 229 119
-0.239353 0.189136 0.086840 -0.493530 -0.739811 -0.457283 64 33 69
-0.101403 0.057170 0.034450 -0.371107 -0.028824 -0.928143 80 123 9
0.345440 -0.178496 -0.932123 -0.850428 0.526091 0.000428 19 194 127
-0.540667 0.134938 0.049592 0.905391 -0.418355 -0.072433 242 74 118
0.343926 -0.202856 -0.548486 -0.816859 0.575264 -0.042578 23 200 122
0.064613 0.002802 -0.717839 0.996137 -0.029249 0.082794 254 123 138
0.364068 -0.197205 -0.354031 -0.851154 0.523431 0.039459 18 194 132
0.085871 -0.162582 -0.709311 0.916791 0.387790 0.095462 244 176 139
-0.271533 -0.255335 0.585362 -0.555144 0.831752 0.002012 56 233 127
0.131766 0.191730 -0.870281 0.810854 -0.568354 0.139603 230 55 145
0.324184 -0.228748 -0.558522 -0.772462 0.632169 -0.060536 29 208 119
-0.241448 -0.249475 0.115874 -0.741261 0.654734 -0.147838 32 210 108
0.332623 0.195407 -0.637150 -0.795563 -0.605725 0.013316 26 50 129
-0.185612 -0.072812 0.538211 -0.963544 0.230168 -0.136399 4 156 110
-0.530961 0.159469 0.043454 0.892312 -0.451328 -0.009106 241 69 126
-0.007263 0.197273 -0.328073 0.740371 -0.567970 0.359529 221 55 173
-0.177679 0.004015 0.390631 -0.999037 0.026019 -0.035334 0 130 122
-0.527722 0.143778 -0.072517 0.905495 -0.415345 0.086995 242 74 138
-0.291724 -0.131288 0.798372 -0.163078 0.445107 -0.880503 106 184 15
-0.447002 0.150316 0.582413 0.910463 -0.409954 -0.054727 243 75 120
-0.009171 -0.027535 -0.290055 0.987628 0.137903 0.074660 253 145 137
-0.129049 0.127683 -0.018225 -0.536053 -0.396227 -0.745420 59 76 32
0.185245 -0.272200 0.053071 0.570287 0.807764 -0.149296 200 230 108
-0.555966 -0.101743 -0.042537 0.971804 0.215825 0.094953 251 155 139
0.474680 -0.051237 0.422672 -0.994522 0.096299 -0.040654 0 139 122
0.132689 0.214771 0.117202 0.758940 -0.539591 -0.364487 224 58 81
0.121171 0.202660 -0.761446 0.835946 -0.546561 0.049663 234 57 133
0.276695 -0.264694 -0.914149 -0.117030 0.966402 0.228846 112 250 156
0.069105 -0.253414 -0.382950 0.630733 0.745523 0.215340 207 222 154
0.154535 -0.097731 0.281825 0.991645 0.109812 -0.067683 253 141 118
0.416384 0.137625 -0.034629 -0.909663 -0.406463 0.085444 11 75 138
0.414248 0.021908 -0.253719 -0.935389 -0.192328 0.296744 8 102 165
-0.384611 0.207825 0.670470 0.570147 -0.800341 -0.185438 200 25 103
0.364880 0.123027 -0.722043 -0.945861 -0.321965 -0.041049 6 86 122
0.370735 -0.211612 -0.291005 -0.866403 0.495485 0.061963 17 190 135
-0.478877 -0.264358 0.108150 0.573696 0.808547 -0.130858 200 230 110
0.262414 -0.157180 0.749118 0.062176 0.394895 -0.916620 135 177 10
0.228064 -0.283395 -0.722245 0.350271 0.935336 0.049562 172 246 133
0.282844 -0.263460 -0.643202 -0.512070 0.855765 -0.073832 62 236 118
-0.387951 0.261532 0.291856 0.224999 -0.974091 -0.022843 156 3 124
0.077508 -0.230738 -0.038426 0.739727 0.577188 -0.345916 221 201 83
0.304604 0.014468 0.768519 -0.128512 0.076048 -0.988788 111 137 1
0.061500 0.225226 -0.062753 0.370252 -0.797858 -0.475748 174 25 66
0.410674 -0.028563 -0.346002 -0.999278 -0.006054 0.037518 0 126 132
0.108069 0.105462 -0.896830 0.955536 -0.290412 0.051112 249 90 134
-0.226858 -0.220767 0.129920 -0.799515 0.567325 -0.197277 25 199 102
0.299776 0.255728 -0.355854 -0.571499 -0.818033 0.064890 54 23 135
-0.471914 0.097454 0.639959 0.952160 -0.232318 -0.198542 248 97 102
0.368698 -0.007971 -1.083396 -0.603798 -0.042147 0.796022 50 122 228
-0.298399 0.246111 0.368913 -0.427588 -0.903927 0.009159 72 12 128
0.413051 -0.204465 0.466820 -0.794476 0.603979 -0.063379 26 204 119
-0.547007 0.037104 -0.139638 0.908673 -0.232328 0.346896 243 97 171
-0.322135 0.250186 0.525315 -0.215999 -0.974584 -0.059418 99 3 119
-0.341818 0.254622 0.281797 -0.291752 -0.955991 -0.031028 90 5 123
0.113204 0.018908 -0.966890 0.967473 -0.115204 0.225219 250 112 156
-0.021532 0.009087 -0.354248 0.943147 -0.080607 0.322453 247 117 168
-0.486847 -0.050864 0.623472 0.980734 0.086408 -0.175200 252 138 105
-0.349316 0.260493 0.244349 -0.198816 -0.978022 -0.062812 102 2 119
0.410722 0.114269 -0.020093 -0.897928 -0.439688 0.020022 13 71 130
-0.497021 0.111757 0.585621 0.895687 -0.317539 -0.311310 241 87 87
-0.454652 0.215207 0.262356 0.703224 -0.710391 -0.028640 217 36 123
0.275292 -0.136178 0.696859 0.157708 0.551707 -0.818992 147 197 23
0.039461 -0.303694 -0.314630 0.031276 0.944553 0.326865 131 247 169
-0.430895 0.251113 0.239176 0.323668 -0.942956 -0.077935 168 7 117
-0.190947 -0.121411 0.393025 -0.962378 0.271715 0.000035 4 162 127
0.381375 0.063976 -0.915751 -0.986492 -0.161293 -0.028605 1 106 123
0.308393 -0.243886 -0.738582 -0.623065 0.778580 -0.074856 48 226 117
-0.224250 -0.274058 0.026847 -0.548666 0.780435 -0.299811 57 227 89
-0.346177 0.258950 0.328780 -0.242009 -0.965731 -0.093783 96 4 115
0.281746 0.253787 0.479662 0.580648 -0.811938 -0.060034 201 23 119
-0.473914 -0.215818 0.420464 0.840759 0.537357 -0.066122 234 196 119
0.334084 0.183460 -0.573305 -0.810110 -0.585856 -0.022226 24 52 124
0.046853 0.045966 -0.571148 0.991280 -0.118760 0.057090 253 112 134
-0.552740 -0.001201 0.333090 0.973188 -0.053969 -0.223589 251 120 98
0.377894 -0.075753 -0.878840 -0.970032 0.231923 -0.072452 3 157 118
0.387017 -0.233881 0.234233 -0.698296 0.714186 0.048176 38 218 133
-0.426586 0.227740 0.372952 0.614288 -0.786150 -0.067956 205 27 118
0.129295 0.203828 -0.820521 0.832191 -0.540637 0.123169 233 58 143
0.186116 -0.112197 0.463729 0.958623 0.263741 -0.107158 249 161 113
0.308923 0.280495 0.434874 0.420359 -0.905671 -0.055301 181 12 120
-0.397616 -0.170568 -0.308799 0.360829 0.360162 0.860282 173 173 237
-0.557230 0.128348 0.015447 0.948241 -0.312074 0.058733 248 87 134
-0.526110 0.136173 0.157382 0.887812 -0.458472 0.039917 240 69 132
-0.291287 0.142898 0.799284 -0.214352 -0.469303 -0.856626 100 67 18
0.432096 -0.183400 0.260835 -0.835787 0.541648 0.089874 20 196 138
0.355202 0.213059 -0.168428 -0.744797 -0.631237 0.216375 32 47 155
-0.456847 0.017962 0.531222 0.999340 -0.027328 -0.023929 254 124 124
-0.198716 -0.073760 0.189092 -0.974711 0.213180 -0.067029 3 154 118
-0.497118 -0.076357 0.602675 0.985280 0.000333 -0.170946 253 127 105
0.446221 -0.030279 0.070657 -0.999067 0.001907 0.043143 0 127 133
-0.459829 0.169508 -0.247837 0.645679 -0.527196 0.552416 209 60 197
0.363488 0.226517 0.362972 -0.623549 -0.779601 -0.058390 47 28 120
0.469605 0.011091 0.289657 -0.997919 -0.062077 0.017426 0 119 129
0.309234 -0.277114 -0.370307 -0.605839 0.795461 -0.014189 50 228 125
-0.385888 0.007312 0.780759 0.623248 -0.116080 -0.773361 206 112 28
-0.335635 0.096106 -0.359060 0.356621 -0.307737 0.882111 172 88 239
0.363352 -0.114569 -0.530027 -0.950374 0.214701 -0.225152 6 154 98
0.159218 -0.189575 0.198678 0.895241 0.445566 0.003840 241 184 127
0.341404 -0.021281 -1.066582 -0.363370 0.049005 0.930355 81 133 246
0.177732 0.301396 -0.306135 0.227498 -0.972109 -0.057004 156 3 120
0.045156 0.026226 -0.532957 0.997386 -0.053373 0.048718 254 120 133
0.298670 0.264923 0.291344 0.263009 -0.964269 -0.031811 161 4 123
0.226801 0.289897 -0.748372 -0.138562 -0.989646 0.037427 109 1 132
-0.242787 0.193006 0.162064 -0.814419 -0.564690 -0.133595 23 55 110
0.386944 0.041086 -0.940977 -0.972561 -0.097561 0.211202 3 115 154
-0.538061 0.064225 0.382604 0.974223 -0.191250 -0.119640 251 103 112
0.099478 -0.070763 0.142826 0.943330 0.230872 -0.238382 247 156 97
0.151717 -0.246726 -0.764928 0.687539 0.725732 0.024567 215 220 130
0.260795 -0.288100 0.120061 0.028044 0.971897 -0.233731 131 251 97
-0.406956 0.228132 0.482208 0.669512 -0.740984 -0.051924 212 33 120
0.149419 0.234750 0.033033 0.797535 -0.599743 -0.065165 229 51 119
0.059677 -0.151673 -0.636058 0.954952 0.270504 0.122038 249 161 143
0.214868 -0.318199 -0.176637 -0.092298 0.995327 -0.028382 115 254 123
0.092844 0.204359 -0.620419 0.884248 -0.456124 0.100286 240 69 140
-0.452319 0.191857 0.511759 0.756993 -0.636500 -0.147750 224 46 108
0.179808 0.272926 -0.003722 0.462948 -0.878602 -0.117206 186 15 112
0.376241 -0.116056 -0.880614 -0.947667 0.313485 -0.060451 6 167 119
0.120471 0.227072 -0.006045 0.102653 -0.894449 -0.435228 140 13 72
-0.479236 0.121877 0.570367 0.916798 -0.385009 -0.106069 244 78 113
0.180142 -0.002276 0.528324 0.993268 0.089023 -0.074125 254 138 118
0.324268 0.220260 -0.823992 -0.877333 -0.471335 -0.090167 15 67 116
-0.177785 -0.058155 0.540927 -0.989584 0.142805 -0.018191 1 145 125
0.231675 0.295102 -0.437599 -0.253240 -0.966691 0.037109 95 4 132
-0.091576 0.278124 -0.191421 0.070410 -0.937990 -0.339438 136 7 84
-0.194433 0.184452 -0.363518 0.019978 -0.685269 0.728016 130 40 220
-0.059041 0.194834 -0.361681 -0.005435 -0.631834 0.775084 126 46 226
-0.561487 -0.128376 -0.075362 0.911443 0.351485 0.213847 243 172 154
0.441078 -0.081947 -0.021118 -0.955603 0.237841 0.173937 5 157 149
-0.377313 0.190823 0.671616 0.482744 -0.852684 -0.199722 189 18 102
0.465060 0.069708 0.348216 -0.975511 -0.206093 0.076833 3 101 137
-0.293735 -0.300526 0.007416 -0.202312 0.974174 -0.100271 101 251 114
0.025042 -0.115065 -0.394141 0.987799 0.083477 0.131470 253 138 144
0.448509 -0.011412 0.038683 -0.994495 -0.060884 0.085286 0 119 138
-0.018907 0.172840 -0.062622 -0.699326 -0.526500 -0.483468 38 60 65
-0.586030 -0.072273 -0.004804 0.985687 0.106338 -0.130816 253 141 110
0.307198 -0.286127 0.198581 -0.203362 0.976207 -0.075263 101 251 117
0.320661 0.225468 -0.355159 -0.738602 -0.673977 -0.014868 33 41 125
-0.253260 0.029345 -0.399150 -0.062638 -0.055566 0.996488 119 120 254
-0.190755 0.092563 0.255049 -0.966437 -0.239088 -0.094007 4 97 115
0.264257 0.268080 -0.466325 -0.435309 -0.900087 -0.018679 71 12 125
0.128495 -0.133707 -0.944305 0.890878 0.318794 0.323584 241 168 168
-0.422718 -0.156982 -0.293224 0.540814 0.358763 0.760795 196 173 224
0.438751 -0.051171 0.620991 -0.957752 0.138011 -0.252318 5 145 95
0.389682 -0.205445 -0.041910 -0.853980 0.513281 0.085210 18 192 138
0.373277 0.054424 -0.865626 -0.996875 -0.077229 0.016609 0 117 129
0.123770 -0.148283 -0.938443 0.929727 0.349481 0.116066 246 172 142
0.336654 0.152837 -0.670885 -0.876127 -0.463323 -0.133166 15 68 110
-0.443417 0.162034 0.731527 0.898962 -0.414465 -0.141725 242 74 109
0.368925 -0.100944 -0.936893 -0.960914 0.261809 0.090008 4 160 138
-0.170805 -0.232115 -0.299904 -0.058339 0.652395 0.755630 120 210 223
-0.187932 0.052766 0.191300 -0.988855 -0.139294 -0.052572 1 109 120
-0.255637 0.232113 0.063069 -0.483186 -0.872631 -0.071042 65 16 118
0.389955 -0.206906 0.155730 -0.730111 0.683218 -0.012348 34 214 125
-0.200381 0.077405 -0.384091 -0.056713 -0.119669 0.991193 120 112 253
0.197019 -0.079766 -1.035161 0.492357 0.112164 0.863136 190 141 237
0.446485 0.020406 -0.032042 -0.972982 -0.033547 0.228431 3 123 156
0.288501 0.243130 -0.899427 -0.598957 -0.797590 0.071410 51 25 136
0.192556 -0.029379 0.618922 0.993561 0.022356 -0.111072 254 130 113
0.223995 0.295392 -0.613688 0.060531 -0.998102 -0.011316 135 0 126
0.292077 0.246620 -0.482830 -0.603309 -0.797445 -0.009982 50 25 126
0.367978 0.081485 -0.588138 -0.961678 -0.267733 -0.059120 4 93 119
0.234846 -0.282966 -0.756292 0.378406 0.923681 0.060189 175 245 135
0.059789 -0.229987 -0.361807 0.710779 0.675928 0.194715 218 213 152
-0.284709 -0.251800 0.240930 -0.615295 0.788117 0.016817 49 227 129
-0.469243 -0.259523 0.104012 0.535276 0.838956 -0.098139 195 234 114
-0.225876 0.065451 0.795516 -0.657237 -0.125038 -0.743240 43 111 32
-0.195452 -0.091098 0.702214 -0.756245 0.436231 -0.487643 31 183 65
-0.530549 -0.053715 0.459859 0.980542 0.030128 -0.193983 252 131 102
-0.025311 -0.004821 -0.423087 0.746714 -0.226643 0.625340 222 98 207
0.348477 0.122583 -0.744052 -0.927201 -0.348933 -0.136179 9 83 110
-0.192016 -0.064789 0.583494 -0.935470 0.265665 -0.233063 8 161 97
0.452630 0.005509 0.062147 -0.996706 -0.031206 0.074856 0 123 137
0.117769 -0.192543 -0.837811 0.857752 0.496340 0.133825 236 190 144
-0.243125 -0.284517 -0.230074 0.342828 0.841587 0.417374 171 234 180
0.385794 -0.130748 -0.440483 -0.940011 0.334387 0.067560 7 170 136
0.330816 0.204499 -0.412340 -0.790468 -0.611701 -0.031349 26 49 123
0.347695 -0.199375 -0.668265 -0.839761 0.542409 -0.024367 20 196 124
-0.478571 0.214481 -0.107751 0.716973 -0.676068 0.169949 218 41 149
0.285080 -0.295787 -0.060469 -0.261786 0.964597 -0.031930 94 250 123
0.112986 0.192030 -0.644029 0.805680 -0.588579 0.066743 230 52 136
0.193008 -0.033300 -1.021842 0.394566 0.059711 0.916926 177 135 244
-0.135343 0.251045 -0.107363 -0.309508 -0.789274 -0.530332 88 26 59
0.273948 0.267603 0.069109 -0.042561 -0.999076 -0.005908 122 0 126
0.276898 -0.069541 -1.045574 0.120210 0.192577 0.973891 142 152 251
-0.191979 -0.006004 -0.403758 -0.000406 -0.187070 0.982346 127 103 252
0.290048 -0.243932 -0.626295 -0.646172 0.760547 0.063486 45 224 135
-0.434699 0.184091 -0.259986 0.463339 -0.656686 0.595046 186 43 203
0.228893 -0.293885 0.032388 0.012429 0.990580 -0.136370 129 253 110
-0.472782 -0.155258 0.595306 0.791443 0.423973 -0.440301 228 181 71
0.367683 0.005754 0.694571 -0.737660 -0.023545 -0.674762 33 124 41
-0.358930 0.047755 0.823921 0.185587 0.073186 -0.979899 151 136 2
-0.440668 -0.106216 -0.284025 0.574901 0.254703 0.777570 200 159 226
-0.210671 -0.048777 0.749803 -0.928588 0.144066 -0.342008 9 145 83
0.055160 -0.295321 -0.247144 0.233583 0.970816 0.054367 157 251 134
-0.506507 -0.037933 0.612513 0.920702 0.067522 -0.384380 244 136 78
0.270820 0.250492 0.400869 0.591372 -0.803827 -0.064358 202 25 119
-0.465005 0.113710 0.645506 0.781462 -0.428001 -0.454018 227 72 69
0.087518 0.162889 -0.699323 0.922569 -0.375621 0.088176 245 79 138
0.195213 0.062951 0.581327 0.975924 -0.207971 -0.065724 251 100 119
0.035310 -0.190379 -0.289780 0.875964 0.479203 0.055246 239 188 134
0.386477 0.052765 -1.017819 -0.968961 -0.176416 0.173184 3 105 149
0.386005 0.051549 0.728116 -0.734073 -0.085906 -0.673615 33 116 41
0.235039 -0.271287 0.145148 0.220723 0.916873 -0.332605 155 244 85
0.218322 -0.250817 0.219847 0.712386 0.694604 -0.100153 218 216 114
-0.492939 -0.019141 -0.255493 0.768873 -0.058961 0.636678 225 119 208
0.435860 0.058540 -0.084531 -0.995110 -0.086529 0.047639 0 116 133
0.226761 -0.183085 0.596212 0.882301 0.467908 -0.051066 239 187 120
-0.543593 -0.186785 0.002768 0.856506 0.513338 -0.053674 236 192 120
0.384296 -0.224645 0.470297 -0.588632 0.805720 -0.065782 52 230 119
-0.237242 0.192725 0.277131 -0.773519 -0.631845 0.049395 28 46 133
-0.339608 -0.293156 0.198210 -0.248273 0.949004 -0.194296 95 248 102
0.271010 -0.295722 -0.309150 -0.347836 0.936347 0.047599 83 246 133
-0.131789 0.212312 -0.070735 -0.411354 -0.660008 -0.628632 75 43 47
0.395357 -0.070504 -0.428767 -0.980440 0.185227 0.066547 2 151 135
0.236257 -0.192198 0.527242 0.853261 0.512162 -0.098159 236 192 114
0.184245 -0.150044 0.347609 0.953272 0.298886 -0.044050 249 165 121
-0.220098 0.193011 0.352763 -0.845919 -0.525895 0.088630 19 60 138
0.188346 -0.082670 0.616377 0.989047 0.111649 -0.096542 253 141 115
0.330308 -0.219381 -0.994300 -0.705146 0.704621 0.079236 37 217 137
0.211757 -0.159308 0.484426 0.881691 0.452276 -0.134412 239 185 110
-0.515737 -0.222049 0.154193 0.807510 0.588503 -0.039891 230 202 122
-0.325021 0.081041 -0.361472 0.386116 -0.177535 0.905205 176 104 242
0.378380 0.034490 -0.534684 -0.989039 -0.145055 -0.027588 1 109 123
0.338515 0.248988 -0.111305 -0.652054 -0.757832 0.022730 44 30 130
-0.372505 0.271700 0.103460 -0.067862 -0.997665 0.007703 118 0 128
0.260260 -0.255554 0.418252 0.684110 0.725884 -0.071312 214 220 118
0.361203 -0.249572 0.235756 -0.579837 0.813784 0.039307 53 231 132
0.098625 -0.245964 -0.427618 0.763811 0.640461 0.080021 224 209 137
0.444349 -0.143205 0.356004 -0.891389 0.449106 -0.061061 13 184 119
-0.157433 -0.278365 -0.055785 -0.358476 0.829835 -0.427631 81 233 72
0.294203 0.252442 -0.409952 -0.547087 -0.836464 -0.031988 57 20 123
0.307867 -0.140078 -1.012315 -0.114490 0.345579 0.931379 112 171 246
-0.265760 -0.212292 0.723005 -0.541151 0.828327 -0.145019 58 233 109
0.199364 0.079546 0.589007 0.978564 -0.181775 -0.096798 252 104 115
-0.408273 0.043070 0.805325 0.592279 -0.003996 -0.805723 203 126 24
-0.381969 0.240888 -0.178908 0.429727 -0.785738 0.444917 182 27 184
0.318299 -0.004737 -1.043364 -0.288807 -0.012300 0.957308 90 125 249
-0.061835 0.071792 0.005182 0.027260 -0.144091 -0.989189 130 109 1
0.342519 0.170453 -0.778995 -0.864249 -0.500524 -0.050482 17 63 121
-0.382624 0.114698 -0.361654 0.294942 -0.385185 0.874438 165 78 238
0.341580 0.008531 -1.054558 -0.998782 -0.048441 -0.009380 0 121 126
-0.490434 -0.226405 -0.124670 0.774918 0.577288 0.257373 226 201 160
-0.335242 -0.309858 -0.018180 -0.018518 0.998077 -0.059153 125 254 119
0.374068 0.087445 -0.667690 -0.974350 -0.224164 -0.019811 3 98 124
-0.184702 -0.030201 0.253514 -0.996456 -0.084118 0.000102 0 116 127
-0.439787 0.154934 0.624160 0.795730 -0.578712 -0.178622 228 53 104
0.372587 0.070426 0.726174 -0.612253 -0.087544 -0.785801 49 116 27
0.356147 0.165824 -0.936409 -0.844042 -0.535209 -0.033824 19 59 123
-0.263159 0.238409 0.223336 -0.660956 -0.750397 0.006343 43 31 128
0.399348 -0.158757 -0.029098 -0.904059 0.421904 0.068371 12 181 136
-0.037302 -0.179142 -0.292499 0.813414 0.428039 0.393878 231 182 177
0.201214 0.240692 -0.863560 0.482966 -0.858430 0.172750 189 18 149
-0.495711 0.006479 0.574517 0.992632 -0.071401 -0.097896 254 118 115
-0.213184 0.178659 0.082175 -0.857266 -0.492012 -0.151722 18 64 108
0.354256 -0.147247 -0.685238 -0.929919 0.294933 -0.219692 8 165 99
-0.324814 -0.277912 0.657199 0.549007 0.834491 -0.047085 197 233 121
-0.420106 -0.280839 0.378418 0.326649 0.920684 -0.213639 169 244 100
0.161902 -0.306060 -0.342176 -0.014603 0.994318 0.105440 125 254 140
0.346885 -0.174896 -0.652757 -0.835936 0.548487 -0.019311 20 197 125
0.089010 -0.130850 -0.785787 0.952160 0.289381 0.098235 248 164 140
-0.313313 0.205522 0.742013 0.247607 -0.723053 -0.644891 159 35 45
0.078569 0.026816 -0.833069 0.974764 -0.124424 0.185347 251 111 151
0.428309 0.141361 0.508764 -0.866603 -0.496515 -0.049726 17 64 121
-0.187703 0.016438 0.497548 -0.985255 -0.148150 -0.085581 1 108 116
0.242187 0.179976 0.547402 0.822543 -0.563761 -0.074815 232 55 117
0.279212 0.149010 -1.015523 -0.059981 -0.423338 0.903984 119 73 242
0.132612 -0.329103 -0.074278 0.360140 0.843083 -0.399387 173 234 76
0.125526 0.153766 -0.852722 0.826758 -0.556643 0.081363 232 56 137
-0.063233 -0.028204 -0.022182 -0.084905 0.046897 -0.995285 116 133 0
-0.564557 -0.011620 0.214946 0.977018 -0.050559 -0.207076 252 121 101
0.189171 0.213330 -0.923369 0.658416 -0.740264 0.136005 211 33 144
-0.450274 -0.273859 0.339482 0.621390 0.779420 -0.079871 206 226 117
-0.302120 -0.252626 -0.289591 0.142618 0.713954 0.685514 145 218 214
-0.095191 0.008584 -0.012199 -0.603375 -0.067452 -0.794600 50 118 26
-0.420909 0.025112 0.815407 0.658762 0.027212 -0.751859 211 130 31
-0.257270 -0.030452 0.832479 -0.420587 0.166112 -0.891915 73 148 13
0.293910 -0.263850 -0.747048 -0.518832 0.854522 -0.024600 61 236 124
0.313639 0.215497 -0.564285 -0.753419 -0.656133 -0.042999 31 43 122
0.156027 0.133375 -0.984187 0.827736 -0.477662 0.294436 233 66 165
0.315409 0.217243 -0.828887 -0.755721 -0.652625 -0.054465 31 44 120
0.148717 0.081320 0.331131 0.946145 -0.236660 -0.220913 248 97 99
-0.520192 -0.228903 -0.025341 0.800089 0.574660 0.172112 229 200 149
-0.252568 0.224551 0.514270 -0.618531 -0.784689 -0.041030 48 27 122
-0.185135 0.094574 0.146757 -0.979826 -0.199790 -0.005016 2 102 126
0.381192 -0.186349 -0.293388 -0.865151 0.495373 0.078224 17 190 137
0.080396 -0.189837 -0.515667 0.858267 0.511953 0.035797 236 192 132
-0.581876 0.004373 0.022772 0.983144 -0.127788 -0.130762 252 111 110
-0.044653 0.150009 -0.365939 -0.070459 -0.616977 0.783821 118 48 227
-0.188854 -0.044266 0.636248 -0.980495 0.102701 -0.167578 2 140 106
0.359651 -0.152827 -0.697962 -0.914853 0.398251 -0.066635 10 178 119
0.322229 -0.228980 -0.737106 -0.734487 0.677930 -0.030649 33 213 123
-0.245682 -0.263608 0.637723 -0.007610 0.939201 -0.343284 126 247 83
0.129635 0.220381 -0.698280 0.769971 -0.633632 0.075206 225 46 137
-0.311021 -0.249119 0.723701 0.026364 0.879451 -0.475259 130 239 66
-0.580508 -0.003530 0.051902 0.996754 -0.069195 -0.041148 254 118 122
-0.408430 -0.282584 0.296587 0.399317 0.915795 -0.043196 178 244 121
0.362322 0.052614 -0.723430 -0.948581 -0.191417 -0.252100 6 103 95
0.044755 -0.280110 -0.314599 0.519139 0.816528 0.252540 193 231 159
0.358845 -0.280117 0.158640 -0.495532 0.864682 -0.082302 64 237 117
-0.140398 -0.254825 -0.287663 -0.097916 0.764918 0.636642 115 225 208
0.450757 0.108437 0.344215 -0.944748 -0.326543 -0.028663 7 85 123
0.191401 0.040989 0.603416 0.994437 -0.084053 -0.063477 254 116 119
0.346955 0.068579 0.748118 -0.639393 -0.137954 -0.756402 45 109 31
-0.581650 0.050134 -0.088338 0.990626 -0.131665 0.036403 253 110 132
-0.550602 0.024272 0.421242 0.958637 -0.132454 -0.251933 249 110 95
-0.241478 -0.199687 0.360268 -0.807654 0.588449 0.037729 24 202 132
0.449477 0.037114 0.060908 -0.980945 -0.156204 0.115534 2 107 142
0.282473 -0.261490 -0.921730 -0.265242 0.865052 0.425830 93 237 181
0.139654 0.240980 -0.080928 0.597310 -0.797834 -0.081740 203 25 117
0.246888 -0.249326 -0.925372 0.070781 0.766258 0.638622 136 225 208
-0.486134 0.008228 0.675739 0.918811 -0.071801 -0.388113 244 118 78
-0.330284 -0.100050 0.806730 0.089020 0.130363 -0.987462 138 144 1
-0.337453 0.268984 0.150279 -0.170896 -0.978454 -0.115855 105 2 112
0.433330 -0.138294 0.573690 -0.752799 0.398597 -0.523846 31 178 60
-0.264995 0.254408 0.445962 -0.573880 -0.815137 0.078827 54 23 137
0.164568 0.290280 -0.359253 0.166865 -0.984161 0.059857 148 2 135
-0.319289 -0.291537 0.133319 -0.441830 0.895413 -0.054973 71 241 120
0.106275 -0.116290 0.160611 0.908378 0.254893 -0.331481 243 159 85
0.148736 -0.199347 -0.972318 0.849555 0.442466 0.287192 235 183 164
0.203205 0.136556 0.715161 0.900095 -0.424693 -0.097287 242 73 115
-0.194747 -0.096173 0.588401 -0.883549 0.273955 -0.379855 14 162 79
0.302883 0.273101 -0.044099 -0.406716 -0.911752 -0.057369 75 11 120
0.289604 0.278340 -0.019423 -0.347024 -0.937841 0.005314 83 7 128
0.383074 0.001819 -0.658919 -0.999646 -0.023212 -0.012985 0 124 125
0.182610 -0.050959 0.446591 0.997372 0.001300 -0.072440 254 127 118
-0.514374 0.038746 0.496957 0.960665 -0.260852 -0.095284 249 94 115
-0.428618 -0.052383 -0.363850 0.153373 0.040071 0.987356 147 132 253
-0.307819 -0.207653 -0.310059 0.097985 0.680525 0.726144 139 214 220
-0.195597 -0.314742 -0.102102 -0.187466 0.960912 -0.203728 103 250 101
0.376650 -0.096415 -0.763654 -0.955056 0.292569 -0.047666 5 164 121
-0.398611 0.259654 0.062765 0.299707 -0.953769 -0.022360 165 5 124
0.284529 -0.104370 0.744372 -0.003217 0.477034 -0.878879 127 188 15
-0.265394 -0.230921 0.415193 -0.700264 0.712442 -0.045358 38 218 121
0.410459 -0.096164 -0.156194 -0.932360 0.339181 0.125142 8 170 143
-0.133739 0.259160 -0.104493 -0.313827 -0.846720 -0.429626 87 19 72
0.380570 0.211267 0.186740 -0.719772 -0.694203 0.003388 35 38 127
-0.348670 0.174627 -0.312129 0.276139 -0.523630 0.805952 162 60 230
0.275672 0.289807 -0.140258 -0.396951 -0.913833 -0.085675 76 10 116
0.246427 -0.300875 -0.613884 -0.112646 0.992028 -0.056489 113 253 120
0.354713 0.108115 0.703214 -0.697103 -0.295523 -0.653233 38 89 44
0.215794 0.144802 -1.016153 0.464722 -0.535019 0.705542 186 59 217
0.443840 -0.158269 0.242618 -0.895374 0.424506 0.134538 13 181 144
-0.223457 -0.310613 -0.137456 0.010228 0.998251 -0.058230 128 254 120
0.422901 -0.140196 -0.011186 -0.916547 0.399675 -0.014164 10 178 125
-0.296620 0.249253 0.559285 -0.195904 -0.944762 -0.262767 102 7 93
0.260961 0.203096 -0.980084 0.092452 -0.804778 0.586332 139 24 202
-0.275132 -0.189436 -0.360711 -0.003540 0.395224 0.918578 127 177 244
0.151166 0.204981 -0.829348 0.733532 -0.670062 0.113793 221 42 142
0.375066 0.024508 -0.846502 -0.988640 -0.142726 -0.047119 1 109 121
0.062941 0.078564 -0.033127 0.990533 -0.122114 -0.062718 253 111 119
-0.322570 0.246054 0.358779 -0.329938 -0.940929 -0.076120 85 7 117
-0.329919 0.280430 -0.010435 -0.106209 -0.989781 -0.095151 113 1 115
0.238313 -0.104730 -1.021330 0.248682 0.315299 0.915830 159 167 244
0.124422 -0.181194 0.088821 0.920944 0.382358 -0.075265 244 176 117
0.189942 0.257144 0.071228 0.594850 -0.796845 -0.105787 203 25 114
-0.308801 -0.225451 -0.271173 0.403673 0.602762 0.688277 178 204 215
0.093822 -0.010438 -0.913848 0.983440 -0.038021 0.177202 252 122 150
-0.344586 -0.260641 -0.196116 0.514841 0.783951 0.346929 193 227 171
0.352196 0.160760 -0.894402 -0.879083 -0.476181 -0.021572 15 66 124
0.281437 0.241096 -0.751480 -0.515250 -0.853867 -0.073676 61 18 118
-0.496289 -0.095130 0.613437 0.973332 0.170333 -0.153658 251 149 107
0.345659 -0.251340 -0.124017 -0.607182 0.794536 0.006483 50 228 128
-0.444555 0.151686 0.580236 0.804740 -0.565539 -0.180443 230 55 104
-0.181999 0.026424 0.593897 -0.998574 -0.053081 0.005760 0 120 128
0.271607 0.287970 0.064903 0.031260 -0.998893 -0.035154 131 0 123
0.271862 0.221678 -0.829285 -0.516424 -0.795716 0.316452 61 26 167
0.215121 0.294527 -0.115833 -0.042562 -0.999055 -0.008841 122 0 126
0.094028 -0.269378 -0.332635 0.701853 0.710793 0.046651 216 218 133
-0.388192 0.191046 0.744158 0.575316 -0.630689 -0.520810 200 47 61
0.387645 -0.063927 -0.851298 -0.995063 0.093596 0.033000 0 139 131
0.122947 0.171005 -0.899105 0.877837 -0.465105 0.114366 239 68 142
0.167217 -0.006292 0.426862 0.995485 -0.052327 -0.079187 254 120 117
0.346676 0.170338 -0.813037 -0.886476 -0.451960 -0.099465 14 69 114
-0.264090 0.205475 0.156773 -0.689703 -0.716035 -0.107719 39 36 113
-0.557544 -0.133878 0.143187 0.970502 0.235384 0.052158 251 157 134
0.089452 0.107650 -0.796864 0.915260 -0.344229 0.209296 244 83 154
-0.245858 -0.232029 0.644835 -0.708428 0.702890 -0.063841 37 217 119
0.418148 -0.134319 0.667775 -0.828583 0.482438 -0.284083 21 189 91
0.138700 0.186894 -0.897443 0.804026 -0.535200 0.259042 230 59 160
0.435224 -0.143996 0.372810 -0.894325 0.445592 -0.040378 13 184 122
0.315542 0.217627 -0.380719 -0.640342 -0.767314 -0.034531 45 29 123
0.423515 0.129276 0.068440 -0.917245 -0.398306 -0.003684 10 76 127
-0.156814 0.158166 -0.003931 -0.718631 -0.494641 -0.488773 35 64 65
0.062698 -0.268926 -0.332039 0.498069 0.858606 0.121342 191 236 142
-0.078741 0.009772 0.021509 0.100722 -0.037082 -0.994223 140 122 0
0.354553 -0.170814 -0.784483 -0.904444 0.413470 -0.104996 12 180 114
-0.219673 0.187643 0.507583 -0.797129 -0.601139 0.056730 25 50 134
0.282608 -0.094934 0.763788 0.096213 0.340703 -0.935235 139 170 8
-0.304139 0.057896 0.830264 0.118407 -0.217952 -0.968750 142 99 3
-0.444642 -0.067230 -0.302876 0.501522 0.090773 0.860370 191 139 237
0.301144 0.227932 -0.808880 -0.611594 -0.791094 -0.011078 49 26 126
-0.442552 -0.274439 0.305044 0.534995 0.844695 -0.016445 195 235 125
0.075643 0.137131 0.034174 0.777716 -0.444549 -0.444449 226 70 70
0.145100 0.092114 0.227934 0.972138 -0.224787 -0.066467 251 98 119
-0.428056 -0.228768 0.569140 0.649796 0.756521 -0.073773 210 223 118
0.313359 -0.252704 0.557789 0.533318 0.845127 -0.036498 195 235 122
-0.551381 -0.132134 -0.141838 0.908379 0.250294 0.334963 243 159 170
-0.423444 0.202262 0.580746 0.757282 -0.649255 -0.070655 224 44 118
0.252215 0.184202 0.633093 0.693626 -0.624046 -0.359791 215 47 81
-0.124455 -0.242555 -0.292477 -0.060096 0.822100 0.566162 119 232 199
-0.054450 -0.216694 -0.317470 0.133300 0.701708 0.699884 144 216 216
0.422713 -0.092541 0.334241 -0.840711 0.355577 -0.408375 20 172 75
0.369087 -0.129876 -0.516640 -0.944575 0.324392 -0.050478 7 168 121
0.346542 -0.156948 -0.523336 -0.909677 0.403106 -0.099966 11 178 114
0.066664 0.114568 -0.644670 0.956834 -0.283249 0.065106 249 91 135
-0.521383 -0.193110 0.330212 0.928658 0.369016 -0.037702 245 174 122
-0.244196 0.227120 0.607469 -0.729029 -0.677461 -0.097790 34 41 115
0.431481 0.106010 0.627705 -0.933906 -0.313093 -0.172605 8 87 105
-0.464186 0.023278 -0.314788 0.399164 -0.179177 0.899202 178 104 242
0.153764 0.084478 0.353554 0.994846 -0.070705 -0.072684 254 118 118
0.356887 -0.130007 -1.074702 -0.900955 0.317615 0.295637 12 167 165
0.021514 0.242293 -0.143559 -0.147752 -0.908289 -0.391383 108 11 77
-0.548976 -0.163615 0.057434 0.892327 0.451320 0.007898 241 185 128
0.212740 -0.171249 0.598320 0.867135 0.483389 -0.120048 238 189 112
-0.438593 0.073510 -0.306367 0.609762 -0.325850 0.722504 205 85 219
-0.260764 -0.240486 -0.290296 -0.031174 0.763710 0.644806 123 224 209
-0.082841 -0.093495 -0.006223 -0.626150 0.201862 -0.753119 47 153 31
0.120756 -0.209442 -0.801075 0.830012 0.520942 0.199248 233 193 152
0.253868 0.217705 0.515290 0.733034 -0.677047 -0.065340 220 41 119
0.239633 0.277020 -0.825661 -0.198901 -0.978063 0.061899 102 2 135
0.175356 -0.146005 0.367005 0.949271 0.300841 -0.091538 248 165 115
-0.185731 0.082271 0.553197 -0.953402 -0.299840 0.033466 5 89 131
-0.050768 0.284263 -0.191022 -0.080884 -0.943239 -0.322116 117 7 86
-0.318659 0.177871 -0.340950 0.177252 -0.462795 0.868563 150 68 238
-0.580064 0.002597 -0.014005 0.992849 -0.095456 0.071689 254 115 136
-0.537434 0.011641 0.423427 0.925747 -0.106514 -0.362832 245 113 81
0.318473 -0.231725 -0.564314 -0.766191 0.641205 0.042521 29 209 132
-0.410899 0.259149 0.277589 0.247513 -0.966073 -0.073761 159 4 118
-0.208364 0.146641 0.132182 -0.879483 -0.452806 -0.146549 15 69 108
-0.252092 0.057736 -0.399971 -0.011566 -0.215386 0.976461 126 100 251
0.097612 -0.058978 -0.915243 0.993481 -0.035104 0.108459 254 123 141
-0.217419 0.150649 0.657168 -0.858501 -0.485462 -0.165235 18 65 106
-0.287552 0.277746 -0.008565 -0.220276 -0.957225 -0.187612 99 5 103
0.352586 0.131429 -0.955829 -0.933526 -0.352797 0.063741 8 82 135
-0.054799 0.063469 -0.038145 -0.484538 -0.035042 -0.874068 65 123 16
-0.447565 -0.079254 0.767146 0.871185 0.179572 -0.456936 238 150 69
0.179804 -0.296807 -0.101267 0.179677 0.981750 -0.062318 150 252 119
-0.540468 -0.078755 0.285015 0.981537 0.185861 -0.045185 252 151 121
0.369870 0.087065 -0.981722 -0.945338 -0.309001 0.104188 6 88 140
0.335336 -0.096360 0.746015 -0.402154 0.466022 -0.788096 76 186 27
0.324698 -0.153904 -1.029527 -0.233609 0.289571 0.928211 97 164 245
0.058032 -0.107635 -0.594178 0.993570 0.102722 0.047605 254 140 133
-0.218040 0.044194 -0.424439 0.106434 -0.102993 0.988971 141 114 253
0.332184 -0.278904 0.430777 -0.067420 0.994107 -0.084883 118 254 116
-0.563268 -0.134965 0.264451 0.900910 0.354602 -0.250238 242 172 95
-0.439334 -0.151267 -0.275656 0.627660 0.386030 0.676036 207 176 213
0.173347 -0.295270 -0.523265 0.485747 0.872933 0.045142 189 238 133
-0.404973 -0.167795 -0.269475 0.455270 0.434134 0.777340 185 182 226
-0.289631 -0.261967 0.325894 -0.510868 0.852125 -0.113565 62 236 113
-0.356445 0.035237 0.828574 0.033093 -0.144107 -0.989009 131 109 1
0.393669 -0.110136 -0.372463 -0.959566 0.279663 0.031956 5 163 131
-0.450096 0.237825 0.112764 0.569905 -0.811751 -0.127550 200 24 111
0.377606 -0.041279 -0.646271 -0.971673 0.219030 -0.088752 3 155 116
0.155756 0.030951 0.301968 0.985456 -0.128099 -0.111655 253 111 113
0.314518 -0.276524 0.441525 0.324413 0.944451 -0.052622 168 247 120
0.166364 -0.246723 -0.780346 0.673111 0.729477 0.121593 213 220 143
0.305293 -0.260687 -0.574561 -0.559498 0.823985 -0.089507 56 232 116
-0.233215 -0.215275 0.519073 -0.734793 0.669637 0.108003 33 212 141
0.315007 0.274781 0.270706 0.073927 -0.994829 -0.069647 136 0 118
0.264817 0.271528 -0.411698 -0.387347 -0.921523 -0.027516 78 10 123
-0.358989 -0.058528 -0.346857 0.389906 0.175436 0.903989 177 149 242
-0.376759 0.253999 -0.164025 0.370215 -0.837035 0.402881 174 20 178
0.389651 -0.024051 -0.987046 -0.978685 0.089335 0.184920 2 138 151
0.380324 0.031191 -0.920355 -0.983214 -0.156861 -0.093196 2 107 115
0.182114 -0.020434 -1.031875 0.580035 0.043796 0.813414 201 133 231
0.158037 -0.302284 -0.113147 0.256377 0.950789 -0.173985 160 248 105
-0.566771 -0.043598 0.150909 0.981930 0.108539 -0.155025 252 141 107
0.113902 0.063598 -0.927494 0.919317 -0.354069 0.171731 244 82 149
0.251234 0.240147 0.479306 0.710387 -0.699553 -0.077302 218 38 117
-0.316514 -0.005771 -0.378353 0.227447 0.000903 0.973790 156 127 251
0.161850 -0.201210 -0.870250 0.734762 0.668917 0.112582 221 212 141
0.437546 0.112733 0.356670 -0.907064 -0.419351 -0.037145 11 74 122
0.230594 -0.072769 -1.025677 0.012659 0.140768 0.989962 129 145 253
-0.122171 -0.161805 0.035270 -0.708615 0.336053 -0.620430 37 170 48
0.398080 -0.065685 -0.399936 -0.988304 0.151252 0.019426 1 146 129
0.193538 0.046861 0.624547 0.981250 -0.137691 -0.134866 252 109 110
0.426104 0.177475 0.381657 -0.828735 -0.558163 0.040646 21 56 132
-0.361313 0.255911 -0.121545 0.403150 -0.893404 0.198240 178 13 152
-0.427078 0.220288 0.503361 0.656704 -0.736824 -0.160719 211 33 107
0.109156 -0.056913 0.139141 0.995962 0.073332 -0.051790 254 136 120
0.429870 -0.096587 -0.071452 -0.959501 0.266051 0.092600 5 161 139
0.382025 0.026888 -0.869191 -0.997054 -0.076600 0.003963 0 117 128
0.303166 0.257866 -0.246721 -0.465679 -0.884951 0.002322 68 14 127
-0.335596 -0.142366 0.802419 0.063143 0.304623 -0.950378 135 166 6
0.240957 0.277205 -0.709592 0.120441 -0.992446 0.023325 142 0 130
-0.259443 -0.083422 0.824601 -0.555209 0.250259 -0.793167 56 159 26
0.143796 0.080558 -0.997492 0.862852 -0.338186 0.375655 237 84 175
-0.552508 0.057771 -0.152889 0.867846 -0.348489 0.354117 238 83 172
0.364274 -0.239236 0.179847 -0.649139 0.760520 -0.015124 44 224 125
-0.245208 -0.217924 0.420907 -0.759434 0.650553 -0.006349 30 210 126
0.167715 0.276585 -0.005358 0.222392 -0.935098 -0.275925 155 8 92
0.191820 0.286328 -0.043382 0.220878 -0.971026 -0.091218 155 3 115
-0.089836 -0.172120 -0.023529 -0.243461 0.524385 -0.815933 96 194 23
-0.039064 -0.187932 -0.320577 0.691939 0.474334 0.544268 215 187 196
0.067070 0.208491 -0.239555 0.775850 -0.630825 -0.010800 226 47 126
0.075301 0.135663 -0.061970 0.888944 -0.443088 -0.115982 240 71 112
-0.229243 0.141826 -0.382300 -0.052970 -0.367151 0.928652 120 80 245
0.220923 -0.161907 0.600450 0.897466 0.436338 -0.064536 241 183 119
0.081959 -0.259676 -0.342874 0.768273 0.637539 0.057450 225 208 134
0.186705 -0.262657 0.095891 0.436278 0.810580 -0.390668 183 230 77
-0.418918 -0.280939 -0.095594 0.428375 0.893034 0.137791 182 241 145
0.187099 -0.252737 -0.706590 0.511632 0.858608 0.032028 192 236 131
-0.241009 0.282776 -0.100722 -0.101094 -0.976483 -0.190425 114 2 103
-0.423317 -0.141703 0.766708 0.707945 0.357766 -0.608949 217 173 49
0.340643 -0.221796 -0.423709 -0.780816 0.624758 0.002036 27 207 127
0.316463 -0.188835 -0.571427 -0.779962 0.483953 0.396797 28 189 178
-0.150953 0.120658 -0.415941 -0.064114 -0.272133 0.960121 119 92 249
0.395977 -0.105588 -0.390165 -0.987270 0.155198 0.034814 1 147 131
0.359457 0.236000 0.090469 -0.636314 -0.770563 0.036584 46 29 132
-0.178446 -0.019829 0.568690 -0.997077 0.051356 -0.056566 0 134 120
-0.496317 -0.194621 0.414491 0.851342 0.519870 -0.070373 236 193 118
-0.170017 -0.039875 0.366635 -0.991084 0.095373 0.093036 1 139 139
-0.118326 -0.201926 0.022331 -0.764288 0.384422 -0.517767 30 176 61
0.449852 -0.017288 -0.039228 -0.996084 0.079655 0.038353 0 137 132
-0.331303 -0.276038 0.679423 0.242622 0.939993 -0.239891 158 247 96
0.260315 0.290751 0.018166 0.110900 -0.993018 -0.040199 141 0 122
0.307800 0.219540 -0.608126 -0.724785 -0.688845 -0.013383 35 39 125
-0.497002 0.055231 0.548474 0.896116 -0.320638 -0.306868 241 86 88
-0.286590 0.043242 0.815627 0.127691 -0.321086 -0.938402 143 86 7
0.313182 -0.269558 -0.377933 -0.560363 0.827729 -0.029293 56 233 123
0.380288 -0.083626 -0.868439 -0.987437 0.130770 -0.088697 1 144 116
0.397297 0.206661 0.476806 -0.671055 -0.735908 -0.090138 41 33 116
-0.391111 -0.205756 -0.284563 0.232736 0.541238 0.808020 157 196 230
-0.475148 -0.106895 -0.245709 0.803533 0.121123 0.582806 229 142 201
0.364413 -0.136550 -0.807335 -0.930328 0.365281 -0.032564 8 174 123
0.282033 0.249101 -0.687116 -0.561230 -0.827049 -0.031801 55 22 123
0.318872 -0.063479 -1.039039 -0.428470 0.176473 0.886155 72 150 240
0.362805 0.250908 0.546855 -0.392204 -0.892386 -0.223213 77 13 99
0.161061 0.237996 -0.757387 0.647368 -0.756069 0.096304 210 31 139
-0.339181 0.255565 0.180734 -0.285950 -0.951430 -0.114078 91 6 112
-0.519808 0.168156 0.139612 0.868913 -0.485519 -0.096241 238 65 115
-0.360978 -0.293922 0.362079 0.037890 0.999093 -0.019441 132 254 125
0.201582 0.124111 0.643856 0.943778 -0.311489 -0.110719 247 87 113
0.270636 0.034795 -1.060929 0.117978 -0.165359 0.979151 142 106 252
-0.285170 0.151056 -0.364710 0.092220 -0.470091 0.877787 139 67 239
-0.489912 -0.069346 0.643167 0.942553 0.236437 -0.235992 247 157 97
-0.461364 0.145795 0.568338 0.824731 -0.540076 -0.167743 232 58 106
-0.177466 -0.277253 -0.087757 0.114768 0.949831 -0.290945 142 248 90
0.242255 0.291793 -0.802559 0.007690 -0.999964 -0.003669 128 0 127
0.323680 0.219979 -0.949517 -0.714677 -0.699313 -0.014075 36 38 125
0.255976 0.275777 -0.353874 -0.397867 -0.917402 -0.008690 76 10 126
-0.359146 0.193654 -0.286516 0.325819 -0.611870 0.720734 169 49 219
0.123332 -0.171302 -0.865455 0.873591 0.481721 0.069161 238 188 136
0.205512 0.128224 0.519435 0.932512 -0.346105 -0.103118 246 83 114
0.220594 0.276565 -0.012857 0.198733 -0.975582 -0.093510 152 3 115
-0.433584 0.003263 0.780805 0.764568 -0.062131 -0.641541 224 119 45
-0.192682 0.079114 0.528677 -0.975024 -0.190297 -0.114524 3 103 112
-0.197045 -0.024280 -0.409134 -0.021242 0.064691 0.997679 124 135 254
-0.544172 -0.175216 0.143333 0.916958 0.398943 -0.005690 244 178 126
0.142431 0.198323 -0.869691 0.805323 -0.574253 0.147272 230 54 146
-0.432593 0.244167 -0.095689 0.516658 -0.851521 0.089312 193 18 138
-0.356526 -0.136799 0.790855 0.324959 0.417739 -0.848467 168 180 19
0.212364 0.240240 0.195750 0.700755 -0.708253 -0.085557 216 37 116
0.284616 -0.280400 -0.423725 -0.569914 0.819874 -0.054813 54 232 120
0.315091 -0.276840 0.328100 0.027481 0.998352 -0.050382 131 254 121
0.074948 0.071464 -0.647728 0.920683 -0.384581 0.066631 244 78 135
0.253657 -0.226113 0.562185 0.788523 0.608663 -0.088097 228 205 116
0.305251 0.221110 -0.660694 -0.745954 -0.649816 -0.145914 32 44 108
-0.068050 -0.313403 -0.235698 -0.138438 0.976502 0.165161 109 252 148
-0.178332 -0.025693 0.595945 -0.989228 0.105993 -0.100962 1 141 114
0.054768 0.162539 -0.030010 0.794098 -0.442171 -0.417005 228 71 74
0.458111 0.024131 0.485021 -0.973907 -0.157901 -0.163013 3 107 106
0.421169 0.133571 0.056367 -0.904564 -0.415207 0.096781 12 74 139
0.218771 0.291822 -0.573004 -0.152469 -0.987617 -0.036946 108 1 122
0.364820 0.236836 0.335447 -0.534607 -0.842576 -0.065274 59 20 119
-0.147917 -0.241064 -0.031871 -0.605292 0.673525 -0.424247 50 213 73
0.387240 -0.023351 -0.924913 -0.998884 -0.047152 -0.002835 0 121 127
-0.191584 -0.100876 0.622576 -0.955168 0.290988 -0.054589 5 164 120
0.093563 -0.169587 -0.738046 0.927141 0.367276 0.074281 245 174 136
-0.397956 -0.110725 0.804915 0.562154 0.288942 -0.774916 199 164 28
0.396729 0.187013 0.026699 -0.821412 -0.549025 0.154448 22 57 147
0.301294 0.242025 -0.473213 -0.608711 -0.793391 0.001429 49 26 127
-0.335972 -0.240178 -0.274842 0.202765 0.613866 0.762925 153 205 224
0.372855 -0.079583 0.723498 -0.747018 0.251674 -0.615325 32 159 49
-0.171294 -0.012939 0.449230 -0.995229 0.059909 0.077013 0 135 137
0.318436 -0.237829 -0.844483 -0.639580 0.767177 -0.048748 45 225 121
0.073977 -0.284516 -0.130023 0.581403 0.757095 -0.297957 201 224 89
0.469481 0.033387 0.318975 -0.995862 -0.069212 0.058903 0 118 135
-0.173724 0.024593 0.444219 -0.989505 -0.129482 0.064140 1 110 135
-0.223004 0.121399 -0.388571 -0.066496 -0.437733 0.896643 119 71 241
0.219222 0.146853 0.565383 0.876140 -0.468813 -0.112220 239 67 113
-0.195616 -0.140378 0.548699 -0.924971 0.378724 0.031585 9 175 131
0.284407 0.150030 -1.022152 -0.108838 -0.577309 0.809240 113 53 230
-0.202665 -0.159116 0.588741 -0.945681 0.307247 -0.106236 6 166 113
0.092576 -0.314355 -0.167607 0.076924 0.939495 -0.333813 137 247 84
-0.241649 -0.220877 0.466986 -0.750906 0.660124 -0.019417 31 211 125
0.375601 -0.011004 -0.737788 -0.996097 0.070757 -0.052762 0 136 120
-0.103118 -0.212576 -0.043515 -0.095001 0.349870 -0.931969 115 172 8
0.155470 0.162022 -0.940890 0.732078 -0.644252 0.221361 220 45 155
0.357129 -0.257561 0.022758 -0.679675 0.733493 0.005543 40 221 128
-0.544211 -0.010592 -0.097677 0.966603 0.020758 0.255436 250 130 160
0.341764 0.208275 -0.336434 -0.767006 -0.637565 0.072198 29 46 136
0.390714 0.021642 -0.520360 -0.994638 -0.077805 0.068128 0 117 136
0.361418 -0.132976 0.696856 -0.452535 0.530023 -0.717139 69 195 36
0.368872 -0.121372 -0.862363 -0.938945 0.344065 -0.001026 7 171 127
-0.301540 -0.283596 0.129022 -0.443232 0.886442 -0.133289 70 240 110
0.193769 -0.060668 0.530179 0.966880 0.244024 -0.074804 250 158 117
-0.510627 -0.068405 0.571144 0.924548 0.086413 -0.371139 245 138 80
-0.115470 0.160763 -0.044656 -0.562326 -0.522248 -0.641129 55 60 45
0.183786 -0.005340 0.473945 0.991058 0.056486 -0.120885 253 134 112
-0.062787 0.264404 -0.139230 -0.091308 -0.843583 -0.529180 115 19 60
0.079981 -0.039450 -0.862843 0.993164 0.029894 0.112836 254 131 141
-0.203534 -0.165168 0.320223 -0.893477 0.434565 0.113363 13 182 141
-0.215906 0.150545 0.486749 -0.895002 -0.445789 -0.015626 13 70 125
-0.299488 -0.250081 0.666038 -0.147924 0.935232 -0.321650 108 246 86
0.360057 -0.125532 -0.483520 -0.934726 0.327574 -0.137777 8 169 109
0.203995 0.153159 0.484654 0.898902 -0.430623 -0.080870 242 72 117
-0.317652 -0.282528 0.477870 -0.270592 0.956452 -0.109448 92 249 113
0.366887 0.104769 -0.676392 -0.939188 -0.342997 0.016713 7 83 129
0.104665 -0.013462 0.127312 0.999129 -0.002676 -0.041634 254 127 122
0.174462 -0.017315 0.479880 0.995409 -0.018686 -0.093873 254 125 115
-0.246096 0.255117 0.031392 -0.362115 -0.849511 -0.383671 81 19 78
-0.450529 -0.219813 0.649231 0.711534 0.655314 -0.253541 218 211 95
-0.376574 0.265496 0.480859 0.154417 -0.987601 -0.028272 147 1 123
0.053198 0.151159 -0.444392 0.942943 -0.330446 0.040799 247 85 132
0.352450 0.230441 -0.131626 -0.725752 -0.675019 0.132792 34 41 144
0.309162 -0.269694 -0.105803 -0.490181 0.869524 0.060427 65 238 135
0.103108 0.108726 -0.905094 0.957841 -0.191362 0.214295 249 103 154
0.382612 -0.023144 -0.740918 -0.994129 0.001896 -0.108183 0 127 113
0.345009 0.257851 0.502754 0.008955 -0.998824 -0.047650 128 0 121
-0.481969 -0.188474 -0.118810 0.700323 0.628329 0.338749 216 207 170
0.209645 0.115255 0.612095 0.978425 -0.189731 -0.081769 252 103 117
0.099538 -0.086958 -0.897781 0.976148 0.165581 0.140422 251 148 145
0.193336 0.104218 -1.021524 0.582344 -0.577110 0.572556 201 53 200
0.312877 0.214736 -0.688289 -0.749910 -0.660642 -0.034441 31 43 123
-0.399404 -0.203648 0.727888 0.598463 0.630412 -0.494391 203 207 64
-0.214816 0.172672 0.131414 -0.907673 -0.413182 -0.073554 11 74 118
0.141849 -0.211939 -0.851758 0.811048 0.580693 0.070682 230 201 136
0.106104 -0.137660 -0.871260 0.923492 0.314747 0.219308 245 167 155
-0.354246 0.267416 0.557529 0.024176 -0.998601 -0.047018 130 0 121
0.189430 -0.041689 -1.052683 0.639461 0.002023 0.768821 209 127 225
-0.135581 0.276817 -0.281878 0.001519 -0.900797 0.434237 127 12 182
-0.085966 0.284394 -0.168602 -0.038521 -0.984519 -0.170992 122 1 105
-0.450282 -0.269632 0.470720 0.671983 0.738421 -0.056341 213 221 120
-0.031370 0.083280 -0.008441 0.219806 -0.374807 -0.900669 155 79 12
0.100576 0.014614 -0.920667 0.808639 -0.070159 0.584106 230 118 201
0.450149 -0.023657 0.048672 -0.992056 0.088228 0.089668 1 138 138
0.106072 0.066342 -0.939382 0.961085 -0.199222 0.191380 250 102 151
-0.569938 -0.094843 0.048539 0.978761 0.203411 -0.025502 252 153 124
0.428010 0.094887 0.625202 -0.930080 -0.254894 -0.264539 8 95 93
-0.479863 -0.260942 -0.021261 0.594907 0.801240 -0.064027 203 229 119
-0.050561 -0.054844 -0.358883 0.861543 -0.055272 0.504668 237 120 191
0.187056 0.010802 0.595375 0.968262 -0.001074 -0.249934 250 127 95
0.323311 -0.143095 -1.024842 -0.307600 0.397133 0.864677 88 178 237
-0.509841 0.069085 0.530830 0.943769 -0.185755 -0.273486 247 103 92
-0.070225 0.142956 -0.036383 0.515101 -0.280423 -0.809959 193 91 24
0.262494 0.272571 -0.671295 -0.509658 -0.860241 0.015291 62 17 129
-0.252175 0.229061 -0.313184 0.033807 -0.736585 0.675500 131 33 213
0.303748 0.239007 -0.538613 -0.722634 -0.685266 -0.090610 35 40 115
0.099248 0.085600 -0.883220 0.948853 -0.263447 0.173991 248 93 149
-0.173079 -0.291480 -0.228001 -0.056033 0.885938 0.460406 120 240 186
0.060377 -0.003133 -0.705376 0.994190 -0.071533 0.080433 254 118 137
0.079228 -0.077639 -0.759142 0.970897 0.224755 0.082727 251 156 138
0.063495 0.268017 -0.133404 0.401807 -0.852639 -0.334002 178 18 84
0.386117 -0.031989 -0.843956 -0.988320 0.054634 0.142262 1 134 145
-0.259726 -0.122628 -0.381945 -0.010297 0.288033 0.957565 126 164 249
0.376913 0.046153 -0.788901 -0.978816 -0.193374 0.067282 2 102 136
0.082444 -0.306167 -0.189956 -0.057845 0.997607 -0.037870 120 254 122
0.290931 0.272423 0.068791 -0.320816 -0.946982 -0.017386 86 6 125
0.235006 -0.202224 0.471104 0.747332 0.654286 -0.115780 222 210 112
0.102262 -0.301487 -0.240632 0.575832 0.817091 0.027922 200 231 131
0.349539 -0.208605 0.657015 -0.492792 0.770665 -0.404021 64 225 75
-0.501693 -0.227647 0.059989 0.692517 0.719713 -0.049328 215 219 121
-0.459023 -0.155149 -0.257294 0.662104 0.440487 0.606292 211 183 204
-0.556953 -0.063179 0.381566 0.952015 -0.017040 -0.305575 248 125 88
-0.341011 -0.169909 0.796039 0.039786 0.529840 -0.847164 132 195 19
-0.361230 -0.280377 0.515642 -0.039354 0.994277 -0.099316 122 254 114
-0.252600 0.152776 -0.364294 0.128501 -0.492190 0.860951 143 64 237
0.454955 0.033349 0.486939 -0.974745 0.038970 -0.219896 3 132 99
-0.234950 -0.192994 0.324677 -0.814432 0.580258 0.000846 23 201 127
-0.422563 0.068038 -0.336556 0.230983 -0.263008 0.936736 156 93 246
-0.152224 -0.084881 -0.337053 0.658547 0.151354 0.737162 211 146 221
-0.519589 0.059894 0.506019 0.885686 -0.261166 -0.383866 240 94 78
0.426644 -0.024567 0.659638 -0.919325 0.102646 -0.379874 10 140 79
-0.391674 -0.282027 0.412315 0.339603 0.938709 -0.059118 170 247 119
0.369612 0.102984 -0.801553 -0.966799 -0.255379 -0.009002 4 94 126
-0.530105 -0.053780 -0.171727 0.912107 0.108541 0.395323 243 141 177
-0.232037 -0.191964 0.424560 -0.828399 0.559586 0.024854 21 198 130
-0.536497 0.060932 0.219583 0.979849 -0.199670 0.005346 252 102 128
0.058640 -0.109923 -0.609389 0.992187 0.011616 0.124215 254 128 143
-0.476339 -0.246396 -0.008266 0.595848 0.802682 -0.025820 203 229 124
0.382663 -0.189259 -0.313219 -0.849022 0.527890 0.022208 19 194 130
0.446951 0.045236 0.526765 -0.944135 -0.207188 -0.256284 7 101 94
0.466378 -0.108951 0.253453 -0.974218 0.204279 0.095762 3 153 139
-0.382293 0.270009 0.216413 0.048890 -0.998627 0.018793 133 0 129
0.267275 -0.233232 0.536879 0.700569 0.707475 -0.093183 216 217 115
0.364118 -0.113593 -0.779067 -0.917482 0.394335 -0.052224 10 177 120
0.355431 0.154286 0.681698 -0.648989 -0.459732 -0.606184 44 68 50
0.283649 -0.306126 -0.093599 -0.410443 0.911307 0.032488 75 243 131
-0.508070 0.209334 -0.037443 0.747989 -0.663710 -0.001297 222 42 127
-0.527745 0.056233 -0.153810 0.915317 -0.182771 0.358872 244 104 173
-0.509960 -0.046206 -0.240325 0.779304 0.062013 0.623570 226 135 207
0.371754 0.213551 -0.017489 -0.747380 -0.658226 0.090341 32 43 139
0.096626 -0.073192 -0.905052 0.963519 0.196132 0.182110 250 152 150
-0.335189 0.009326 0.815065 0.205028 0.013027 -0.978669 153 129 2
0.050693 0.055432 -0.667837 0.946806 -0.073486 0.313304 248 118 167
-0.233167 -0.204888 0.438675 -0.763711 0.642358 0.064193 30 209 135
0.191334 0.047748 0.640096 0.984973 -0.151283 -0.083320 253 108 116
0.229386 0.207981 0.491712 0.699039 -0.499240 -0.511961 216 63 62
-0.266160 0.240406 0.074127 -0.451612 -0.835072 -0.314168 69 21 87
-0.473038 -0.185922 0.649680 0.841595 0.483312 -0.241096 234 189 96
-0.498906 -0.131890 -0.244970 0.744171 0.179578 0.643398 222 150 209
0.406570 0.107013 -0.273102 -0.943089 -0.324154 0.074216 7 86 136
-0.379718 0.242149 0.474457 0.413654 -0.909239 -0.046638 180 11 121
-0.182243 -0.037632 0.790930 -0.508175 -0.077867 -0.857727 62 117 18
0.377046 0.080045 -0.560409 -0.968985 -0.245863 -0.024902 3 96 124
0.374336 0.161607 -0.236504 -0.785116 -0.538022 0.306799 27 58 166
0.477528 0.023438 0.279531 -0.998168 0.019931 0.057134 0 130 134
0.032620 -0.125004 -0.413486 0.876315 0.415390 0.243974 239 180 158
-0.517678 0.107663 -0.101820 0.866647 -0.456175 0.202060 237 69 153
-0.506595 0.198931 0.138338 0.823232 -0.566600 -0.035395 232 55 122
0.049867 -0.200416 0.038457 0.619292 0.470449 -0.628614 206 187 47
-0.537543 -0.204700 0.020320 0.836584 0.535741 -0.114490 234 195 112
0.104533 -0.117829 0.064447 0.924495 0.377270 -0.054563 245 175 120
0.298965 0.241452 -0.710608 -0.656556 -0.750434 -0.076051 43 31 117
0.285048 -0.104252 -1.021791 -0.043684 0.305381 0.951228 121 166 248
-0.425222 0.184955 -0.239145 0.463129 -0.677189 0.571775 186 41 200
-0.389700 -0.104732 0.789017 0.641111 0.142201 -0.754158 209 145 31
0.287978 0.241811 -0.635786 -0.599188 -0.800231 -0.024563 51 25 124
-0.447711 0.026634 -0.318920 0.581098 -0.169045 0.796084 201 105 229
0.302896 -0.249079 -0.725061 -0.576671 0.816679 0.022062 53 231 130
0.260051 -0.102890 -1.036971 -0.027203 0.252012 0.967342 124 159 250
0.211184 0.278960 -0.692096 0.390773 -0.917197 0.077761 177 10 137
-0.526696 -0.220854 0.169858 0.852141 0.521343 -0.045363 236 193 121
0.401138 -0.192114 0.112168 -0.758174 0.651966 -0.010605 30 210 126
0.420159 -0.045522 0.643798 -0.882682 0.144433 -0.447226 14 145 70
0.319832 0.257796 0.580170 0.405678 -0.905489 -0.124561 179 12 111
0.042410 -0.047605 -0.511437 0.996919 -0.047137 0.062698 254 121 135
0.335815 -0.205391 -0.802395 -0.777542 0.626125 0.058277 28 207 134
-0.520612 0.109943 0.304851 0.878657 -0.450133 -0.159191 239 70 107
0.324050 0.178480 -0.806177 -0.796492 -0.604083 -0.026161 25 50 124
-0.245805 -0.227061 0.486652 -0.715609 0.697043 0.045106 36 216 133
0.320299 0.215686 -0.404710 -0.741309 -0.664291 -0.095804 32 42 115
0.369631 0.159185 -0.416189 -0.883962 -0.464218 0.055790 14 68 134
-0.201999 0.066109 0.709379 -0.893071 -0.315166 -0.321084 13 87 86
-0.501926 -0.204974 -0.174519 0.748414 0.547877 0.373774 222 197 175
0.086226 0.282909 -0.187932 0.105616 -0.992817 -0.056220 140 0 120
-0.393557 0.179660 -0.285124 0.427457 -0.643136 0.635340 182 45 208
0.155245 0.270964 -0.486440 0.506233 -0.860705 0.053984 192 17 134
0.143366 0.213196 -0.754857 0.705625 -0.702412 0.093331 217 37 139
-0.308774 0.283428 -0.065089 -0.164478 -0.978288 -0.126093 106 2 111
0.358113 0.145652 -0.943396 -0.913637 -0.398374 0.081032 11 76 137
0.311277 0.243601 -0.364992 -0.619719 -0.784673 0.015363 48 27 129
-0.178260 -0.246912 0.012482 -0.625786 0.682780 -0.377099 47 214 79
0.208160 0.263489 -0.747691 0.449565 -0.890877 0.065042 184 13 135
0.111872 0.257547 -0.408173 0.660170 -0.743257 0.108373 211 32 141
0.355220 -0.186454 -0.895926 -0.791153 0.599245 -0.122402 26 203 111
0.302592 -0.289196 0.208283 0.014358 0.998016 -0.061309 129 254 119
0.016672 -0.257626 -0.325760 0.611762 0.709912 0.348959 205 218 171
-0.176799 -0.159325 0.057728 -0.877718 0.435837 -0.199142 15 183 102
-0.407492 -0.258405 0.588010 0.554966 0.810700 -0.186490 198 230 103
0.323126 0.043299 0.772812 -0.397303 0.066914 -0.915245 76 136 10
0.328348 0.249910 0.601757 -0.097812 -0.894069 -0.437119 115 13 71
0.369948 -0.038157 -1.102943 -0.806885 0.075520 0.585861 24 137 202
0.326991 0.220254 0.639102 -0.019056 -0.839589 -0.542887 125 20 58
-0.191396 0.037184 0.668934 -0.983289 -0.117198 -0.139307 2 112 109
0.445256 0.042222 0.009479 -0.971413 -0.182684 0.151603 3 104 146
0.187476 -0.046903 0.550265 0.988828 0.122654 -0.084704 253 143 116
0.297159 0.264822 0.002461 -0.410566 -0.910989 -0.039173 75 11 122
0.037074 0.001235 -0.534783 0.993485 0.047895 0.103412 254 133 140
-0.202466 -0.140809 0.294657 -0.942701 0.332989 -0.020809 7 169 124
-0.532772 -0.082593 0.445990 0.961349 0.237324 -0.139590 250 157 109
-0.524290 -0.130312 0.418195 0.948187 0.280183 -0.149797 248 163 108
0.165724 0.227642 -0.873523 0.734790 -0.658453 0.162859 221 43 148
0.165459 0.163301 0.169158 0.856243 -0.510536 -0.078753 236 62 117
-0.283985 0.093579 0.795595 -0.004985 -0.299216 -0.954172 126 89 5
0.291324 0.248141 -0.438222 -0.584882 -0.810892 -0.019155 52 24 125
0.195421 -0.030941 0.685593 0.993386 0.045121 -0.105582 254 133 114
-0.207821 -0.141634 0.703327 -0.925383 0.330339 -0.185857 9 169 103
0.206556 -0.199685 0.283264 0.761732 0.638007 -0.112744 224 208 113
-0.445725 0.230699 0.317796 0.550394 -0.822984 -0.140584 197 22 109
0.346485 -0.212943 0.634286 -0.536516 0.789630 -0.297716 59 228 89
-0.200884 0.153429 0.484426 -0.920766 -0.388553 -0.034876 10 77 123
-0.196387 0.078930 0.734717 -0.893518 -0.155361 -0.421294 13 107 73
0.449870 0.033273 0.019226 -0.994050 -0.069193 0.084129 0 118 138
-0.562287 -0.025338 0.223511 0.994098 0.039527 -0.101031 254 132 114
0.469950 0.038358 0.378076 -0.996199 -0.087054 -0.003121 0 116 127
0.134190 -0.030994 0.226529 0.992265 0.108854 -0.059674 254 141 119
-0.064400 -0.296175 -0.106239 -0.068247 0.774676 -0.628665 118 226 47
-0.050929 -0.299616 -0.126022 -0.088125 0.863991 -0.495736 116 237 64
-0.415646 -0.234553 0.642817 0.582926 0.739909 -0.335756 201 221 84
-0.331414 -0.160002 0.755588 0.000330 0.634439 -0.772973 127 208 28
-0.164427 -0.025429 0.445747 -0.993051 0.111846 0.036618 0 141 132
-0.434984 -0.191438 -0.251160 0.636452 0.642615 0.426585 208 209 181
-0.084395 0.138565 -0.033771 -0.279118 -0.346455 -0.895579 91 83 13
0.278872 -0.151717 -1.021428 -0.012502 0.335153 0.942081 125 170 247
0.265460 -0.217404 0.605618 0.729687 0.679971 -0.072090 220 214 118
0.150632 -0.207907 0.150708 0.885563 0.447723 -0.123785 240 184 111
-0.249423 -0.295860 -0.026617 -0.296157 0.927589 -0.227751 89 245 98
0.009794 0.188819 -0.419174 -0.007687 -0.634541 0.772851 126 46 226
-0.550948 -0.137935 -0.116474 0.876469 0.445851 0.181710 239 184 150
-0.015683 0.187212 -0.365928 0.547888 -0.638239 0.540805 197 46 196
-0.368859 0.257650 0.457752 0.129021 -0.989818 -0.060113 143 1 119
-0.575514 0.031006 0.149350 0.995483 -0.089955 -0.030372 254 116 123
0.386181 -0.045740 -0.856992 -0.999643 0.002041 -0.026652 0 127 124
0.342256 0.170749 -0.946280 -0.873456 -0.482896 0.062341 16 65 135
0.299597 0.264957 0.067125 -0.327878 -0.940084 0.093483 85 7 139
0.197023 0.105331 0.452662 0.920616 -0.359832 -0.151613 244 81 108
0.301837 -0.289621 -0.228618 -0.442374 0.896134 -0.035359 71 241 122
-0.554383 0.071130 0.139265 0.984596 -0.166524 -0.053287 253 106 120
0.373744 -0.063508 -0.524705 -0.971015 0.176874 -0.160767 3 150 107
0.340637 -0.002526 -1.060661 -0.339811 -0.099435 0.935223 84 114 246
-0.238918 -0.282278 -0.042039 -0.331461 0.943001 -0.029712 85 247 123
0.304425 0.271933 0.348200 0.354569 -0.934272 -0.037645 172 8 122
0.164688 -0.230566 0.104300 0.782926 0.619715 -0.054587 227 206 120
-0.340405 0.269332 0.487416 -0.114275 -0.990183 -0.080497 112 1 117
0.076681 0.267952 -0.304480 0.307017 -0.931740 0.193910 166 8 152
0.146509 0.057867 0.437164 0.945575 -0.307190 -0.107339 248 88 113
0.344290 -0.176852 -0.607753 -0.850497 0.525817 -0.013097 19 194 125
-0.491925 -0.257688 -0.044084 0.676315 0.734702 0.053016 213 221 134
0.190422 0.107500 0.420604 0.954260 -0.291415 -0.066825 249 90 118
-0.226495 0.188204 0.343490 -0.815934 -0.576954 0.037086 23 53 132
-0.114549 -0.253599 -0.255609 0.595923 0.648048 0.474247 203 210 187
-0.415971 0.198206 -0.232432 0.566863 -0.633368 0.526793 199 46 194
0.363761 -0.119718 -0.717067 -0.925980 0.366985 -0.088783 9 174 116
-0.429872 0.197930 0.617219 0.789823 -0.594331 -0.151493 228 51 108
-0.221048 -0.175381 0.299555 -0.934452 0.351827 -0.054926 8 172 120
-0.321475 0.196218 -0.284491 0.420660 -0.689148 0.590017 181 39 202
-0.311344 0.259927 0.272713 -0.395207 -0.917462 -0.045553 77 10 121
0.351630 0.239153 0.069702 -0.702300 -0.711248 0.030004 37 36 131
-0.241561 -0.243686 -0.322863 -0.052443 0.604751 0.794686 120 204 228
0.337510 0.240673 -0.041957 -0.662273 -0.748180 0.040267 43 32 132
0.275308 -0.295580 -0.093211 -0.226650 0.973714 0.022618 98 251 130
0.238970 0.174501 -1.000161 0.281507 -0.630889 0.723002 163 47 219
0.378119 0.000327 -0.853300 -0.995599 0.066885 -0.065644 0 136 119
0.056727 -0.051385 -0.650898 0.999801 -0.007327 0.018561 254 126 129
0.129541 0.179765 -0.824178 0.826161 -0.556145 0.090333 232 56 139
0.112775 0.085471 -0.908814 0.948455 -0.291659 0.123967 248 90 143
-0.382300 -0.226495 0.716156 0.507642 0.756425 -0.412458 192 223 74
0.115024 -0.188916 -0.802957 0.874445 0.458204 0.159357 238 185 147
-0.470545 0.152829 -0.191137 0.805614 -0.508660 0.303727 230 62 166
-0.535104 -0.047941 -0.204010 0.891779 -0.031461 0.451375 241 123 185
-0.519816 0.097481 -0.110391 0.938052 -0.302911 0.168234 247 88 148
-0.118130 -0.219077 -0.035738 -0.353742 0.722256 -0.594318 82 219 51
-0.570417 -0.031228 -0.160066 0.981167 0.091773 0.169968 252 139 149
-0.539794 -0.090468 0.362961 0.986712 -0.051241 -0.154191 253 120 107
-0.399599 -0.274811 0.333593 0.420660 0.905556 -0.054898 181 242 120
-0.256317 -0.242803 0.608930 -0.672433 0.739393 -0.033647 41 221 123
0.394266 -0.000089 -0.460305 -0.999494 0.031539 0.004042 0 131 128
-0.320648 0.083105 -0.386780 -0.017234 -0.274651 0.961390 125 92 250
-0.079326 0.229471 -0.119104 -0.233624 -0.754981 -0.612718 97 31 49
-0.542747 0.130965 0.106069 0.892447 -0.425811 -0.149077 241 73 108
-0.096689 0.031326 0.000236 -0.562528 0.003933 -0.826769 55 128 22
-0.301944 -0.317818 -0.006947 -0.089192 0.990030 -0.109016 116 253 113
-0.337873 0.275788 0.109615 -0.300995 -0.942209 -0.147120 89 7 108
-0.496890 -0.006407 0.562673 0.996337 0.027595 -0.080945 254 131 117
0.437129 0.149364 0.366828 -0.902186 -0.430337 -0.029518 12 72 123
-0.371539 -0.232073 -0.250278 0.510696 0.546420 0.663788 192 197 212
-0.432582 0.180966 0.577668 0.820326 -0.569256 -0.054889 232 54 120
0.050228 0.130883 -0.018022 0.791105 -0.465796 -0.396468 228 68 76
-0.206465 0.166049 0.475105 -0.877589 -0.471102 -0.088881 15 67 116
-0.557356 -0.041351 -0.111065 0.967713 0.115815 0.223870 250 142 156
0.383647 0.015099 -0.676718 -0.998432 -0.005936 -0.055658 0 126 120
-0.188844 0.002484 0.649218 -0.999988 -0.004571 0.001996 0 126 127
0.359422 -0.272048 0.512057 -0.349543 0.927514 -0.132427 82 245 110
-0.229292 -0.212070 0.526595 -0.771639 0.633944 0.051851 29 208 134
-0.312142 -0.016827 -0.332154 0.423698 0.069624 0.903124 181 136 242
0.146997 0.238126 -0.699125 0.674979 -0.736028 0.051624 213 33 134
-0.344287 -0.291513 0.360011 -0.237265 0.970463 -0.043660 97 251 121
0.193953 -0.174415 0.377632 0.882024 0.465770 -0.071360 239 186 118
-0.542888 -0.161657 -0.099677 0.898201 0.417425 0.137805 242 180 145
0.141409 0.093914 0.235130 0.983847 -0.162668 -0.074727 252 106 117
0.316948 -0.238091 -0.616899 -0.640136 0.768227 -0.007325 45 225 126
0.118196 -0.286513 -0.334484 0.383860 0.919892 0.080312 176 244 137
-0.497090 -0.208621 -0.107865 0.770518 0.599150 0.217534 225 203 155
0.350212 -0.078386 -1.051491 -0.391709 0.176907 0.902922 77 150 242
0.371391 0.097963 -0.946925 -0.968286 -0.242791 -0.058942 4 96 119
-0.581271 -0.053801 -0.081125 0.953463 0.049834 0.297363 249 133 165
-0.536827 0.086464 0.230704 0.964672 -0.259737 -0.044105 250 94 121
-0.484162 0.145910 -0.208593 0.632632 -0.638434 0.438381 208 46 183
0.214769 0.211729 0.391543 0.823845 -0.563324 -0.062816 232 55 119
0.455886 -0.055490 0.139878 -0.988991 0.105717 0.103542 1 140 140
0.373120 0.220653 0.258231 -0.652098 -0.753570 -0.083071 44 31 116
-0.038580 0.278179 -0.185548 -0.121595 -0.927801 -0.352704 111 9 82
0.192700 0.302998 -0.364370 0.057515 -0.998332 0.005104 134 0 128
-0.093680 -0.214705 -0.049302 -0.475954 0.526688 -0.704320 66 194 37
0.093341 -0.050204 -0.857639 0.980213 0.132269 0.147264 252 144 146
0.455107 0.005187 0.508098 -0.983092 -0.022471 -0.181730 2 124 104
-0.342602 0.006745 0.822340 0.008060 0.094309 -0.995510 128 139 0
-0.242295 -0.204837 0.264954 -0.772900 0.631114 0.065738 28 207 135
0.382202 0.006446 -0.818970 -0.995437 -0.026692 -0.091609 0 124 115
0.302483 0.270582 0.320798 0.310107 -0.946094 -0.093482 167 6 115
-0.509107 -0.157314 0.485138 0.931136 0.362288 -0.041636 246 173 122
0.311607 -0.123382 0.730543 0.219253 0.329857 -0.918217 155 169 10
0.321860 -0.218287 -0.680148 -0.725291 0.636499 0.262341 35 208 160
-0.137582 0.020662 0.034661 -0.755027 -0.123589 -0.643941 31 111 45
0.356634 0.240995 0.119432 -0.647996 -0.760436 0.042875 44 30 132
0.125454 -0.235824 -0.576766 0.723263 0.686214 0.077468 219 214 137
0.066679 0.218882 -0.072464 0.338516 -0.775525 -0.532886 170 28 59
0.439281 0.103796 0.414856 -0.913013 -0.214602 -0.346921 11 100 83
-0.464426 0.248462 -0.016233 0.589636 -0.806959 0.033870 202 24 131
-0.235102 0.205589 0.589483 -0.715779 -0.696738 -0.047082 36 38 121
0.377305 0.087423 -0.865277 -0.970731 -0.239611 -0.016368 3 96 125
-0.123496 0.259912 -0.119264 -0.328089 -0.741623 -0.585109 85 32 52
0.344758 0.041812 -1.061925 -0.558356 -0.235503 0.795472 56 97 228
0.402361 0.198381 0.240328 -0.781816 -0.622844 -0.028795 27 48 123
-0.561801 -0.053493 -0.126176 0.913723 0.180369 0.364113 243 150 173
0.206469 0.121463 0.621304 0.941989 -0.322539 -0.092871 247 86 115
-0.188986 0.117257 0.574568 -0.940690 -0.337565 -0.033934 7 84 123
0.333698 -0.277409 0.390914 -0.106727 0.989046 -0.101971 113 253 114
-0.089941 0.048406 -0.004189 -0.128048 0.114197 -0.985171 111 142 1
-0.163709 -0.283799 -0.312024 -0.054222 0.695904 0.716085 120 216 218
0.456187 0.041047 0.086179 -0.988247 -0.145138 0.047999 1 108 133
-0.351387 -0.159901 -0.334966 0.131120 0.374795 0.917789 144 175 244
0.286503 0.242626 -0.145557 -0.383145 -0.923363 0.024504 78 9 130
-0.372456 0.249661 -0.185995 0.239582 -0.817858 0.523172 158 23 194
-0.265872 -0.239841 0.567414 -0.594082 0.803728 -0.032982 51 229 123
-0.298537 -0.221243 0.727070 -0.021893 0.795172 -0.605989 124 228 50
-0.435582 0.004744 0.775313 0.790156 0.059390 -0.610022 228 135 49
0.350510 -0.268722 0.372014 -0.108736 0.986234 -0.124576 113 253 111
0.250870 0.280016 -0.798717 -0.263272 -0.962263 -0.068829 93 4 118
0.369886 0.233041 0.338817 -0.587693 -0.809072 -0.004281 52 24 126
-0.210492 0.126971 0.745289 -0.663991 -0.421196 -0.617827 42 73 48
0.454002 -0.103990 0.148714 -0.964372 0.258929 0.054247 4 160 134
0.001395 0.270475 -0.122662 0.357616 -0.768890 -0.530018 173 29 59
-0.448518 -0.218360 0.535388 0.787276 0.615605 -0.035032 227 205 123
-0.532558 0.142457 -0.071389 0.837872 -0.544615 0.036957 234 58 132
-0.473883 0.176654 0.429499 0.802045 -0.590581 -0.089100 229 52 116
-0.487266 0.215484 0.028878 0.748644 -0.661885 -0.037957 222 43 122
-0.362648 0.264233 -0.006222 0.016677 -0.999146 0.037813 129 0 132
0.408765 -0.181674 0.073542 -0.822822 0.566387 0.046588 22 199 133
-0.544706 0.077916 -0.068029 0.948941 -0.297095 0.106041 248 89 141
-0.209390 0.180587 0.494764 -0.704477 -0.709413 0.021087 37 37 130
0.382789 -0.166730 -0.085011 -0.874418 0.473594 -0.105368 16 187 114
-0.204991 0.149618 0.473340 -0.942260 -0.330333 -0.055004 7 85 120
-0.524071 0.182557 -0.034417 0.829993 -0.556749 0.033787 233 56 131
-0.189301 -0.290617 -0.064382 -0.354762 0.849878 -0.389681 82 235 77
-0.463883 0.107533 0.674459 0.934719 -0.322116 -0.150139 246 86 108
0.264457 -0.267404 -0.859929 0.022581 0.998267 0.054340 130 254 134
-0.484394 -0.181508 0.499683 0.885890 0.459612 -0.062898 240 186 119
0.380512 -0.045476 -0.857396 -0.974127 0.224872 -0.022572 3 156 124
0.358361 -0.212773 -0.246698 -0.781075 0.617652 0.091800 27 206 139
0.176061 -0.039043 -1.033477 0.596309 -0.004056 0.802745 203 126 229
-0.212052 0.202739 0.524861 -0.846268 -0.532315 -0.021721 19 59 124
-0.471357 0.060693 0.761265 0.963099 -0.105800 -0.247479 250 114 95
0.372364 0.117256 -0.829776 -0.949970 -0.284977 0.127851 6 91 143
-0.077733 0.152543 -0.050469 -0.407230 -0.428917 -0.806346 75 72 24
0.317369 0.220309 -0.419289 -0.720118 -0.692822 -0.037782 35 39 122
-0.502043 -0.092424 0.551402 0.994915 0.044800 -0.090209 254 133 115
0.251794 0.240932 0.282959 0.557604 -0.829574 -0.029741 198 21 123
0.041168 -0.038991 -0.512650 0.992944 0.109369 0.045827 254 141 133
0.077260 0.015411 -0.814308 0.992604 -0.064064 0.103119 254 119 140
0.192849 -0.056267 0.564065 0.952688 0.293914 -0.077464 248 164 117
-0.199854 -0.147890 0.517059 -0.889367 0.402875 -0.216145 14 178 99
-0.424177 -0.254931 -0.155419 0.593216 0.701072 0.395719 203 216 177
0.381450 -0.116755 0.704518 -0.788493 0.354354 -0.502705 26 172 63
-0.099255 -0.233859 -0.028081 -0.155903 0.519846 -0.839913 107 193 20
-0.333913 0.016254 0.847421 0.004770 0.027370 -0.999614 128 130 0
0.323656 -0.249032 -0.442960 -0.733586 0.679579 -0.004996 33 214 126
0.476603 0.008308 0.439990 -0.999199 -0.039988 0.001254 0 122 127
-0.516096 0.147777 0.217381 0.884034 -0.452000 -0.119080 240 69 112
-0.297628 -0.271730 0.452421 -0.498896 0.866582 -0.011792 63 237 125
0.403248 0.203379 0.309957 -0.743281 -0.668641 -0.021288 32 42 124
-0.345830 0.256585 0.428179 -0.149254 -0.973552 -0.172976 108 3 105
-0.178653 0.239714 -0.086871 -0.251439 -0.889235 -0.382151 95 14 78
0.101016 -0.062254 -0.924391 0.986148 0.087125 0.141141 253 138 145
0.451313 -0.022721 -0.011610 -0.992290 0.044129 0.115811 0 133 142
0.417384 0.127583 -0.084195 -0.927906 -0.344385 0.142793 9 83 145
-0.551339 -0.157037 0.206597 0.945674 0.317190 -0.071353 248 167 118
0.035206 -0.035441 -0.439999 0.996253 0.058876 0.063349 254 135 135
-0.443168 -0.201324 0.597608 0.863096 0.504956 0.009192 237 191 128
0.215126 0.105381 0.687099 0.924320 -0.358517 -0.130760 245 81 110
0.154439 0.137550 0.289833 0.834471 -0.329620 -0.441599 233 85 71
0.450613 0.114598 0.412057 -0.955017 -0.296474 -0.006745 5 89 126
-0.443518 -0.251902 0.394415 0.587664 0.807056 -0.057549 202 230 120
0.312073 -0.229000 -0.894466 -0.671677 0.737033 0.075049 41 221 137
-0.515833 -0.167189 -0.127453 0.878431 0.396494 0.266743 239 178 161
0.088054 0.136045 0.012897 0.946808 -0.313990 -0.070461 248 87 118
-0.215991 -0.188932 0.321487 -0.898403 0.439138 0.005504 12 183 128
-0.497537 0.130346 0.470735 0.934123 -0.316628 -0.164805 246 87 106
0.409173 0.178977 0.417894 -0.774588 -0.631127 -0.041152 28 47 122
0.228629 -0.302723 -0.597121 -0.073566 0.996399 -0.042147 118 254 122
0.381350 0.216449 0.381486 -0.575325 -0.816532 -0.047713 54 23 121
-0.266456 -0.232487 -0.320296 -0.025830 0.600133 0.799483 124 204 229
-0.003565 0.209437 -0.064652 0.714559 -0.441364 -0.542774 218 71 58
-0.126518 0.192375 -0.066642 -0.447346 -0.653649 -0.610429 70 44 49
-0.475125 0.221810 -0.072328 0.680481 -0.730868 0.052706 214 34 134
0.194158 -0.130632 0.487078 0.957171 0.264882 -0.116881 249 161 112
0.259158 -0.276709 -0.295716 -0.526691 0.840593 0.126491 60 234 143
0.321689 -0.233217 -0.652368 -0.749996 0.661439 -0.001943 31 211 127
0.247715 0.269370 -0.177374 -0.362423 -0.923939 -0.122419 81 9 111
-0.531669 -0.001617 -0.205620 0.784915 -0.044871 0.617977 227 121 206
0.285657 0.257926 -0.823657 -0.409900 -0.911705 -0.027853 75 11 123
0.228399 -0.100706 0.751364 0.872279 0.309716 -0.378424 238 166 79
-0.254082 -0.237802 0.118337 -0.711531 0.697815 -0.082331 36 216 117
0.076686 -0.275668 -0.180469 0.606196 0.789126 -0.099031 204 228 114
-0.224707 0.152129 -0.376105 -0.040956 -0.504934 0.862186 122 63 237
0.241667 -0.245415 0.362755 0.732741 0.677329 -0.065700 220 213 119
-0.547212 -0.168473 -0.027219 0.927649 0.345764 0.141121 245 171 145
-0.405593 0.190297 0.690453 0.648148 -0.647027 -0.401572 210 45 76
-0.387229 -0.093906 0.793602 0.456028 0.285679 -0.842868 185 163 20
0.149789 0.081833 -1.004850 0.838424 -0.381194 0.389533 234 78 177
-0.179723 0.009970 0.585828 -0.998211 -0.058000 0.014495 0 120 129
0.025763 0.270600 -0.323278 0.035231 -0.965605 0.257617 131 4 160
-0.059477 0.208477 -0.320249 0.435408 -0.688985 0.579413 183 39 201
-0.281961 -0.279817 0.122817 -0.580650 0.811381 -0.067125 53 230 118
-0.339168 0.149215 -0.346532 0.095053 -0.506367 0.857063 139 62 236
-0.536816 -0.107292 -0.131733 0.913199 0.337733 0.228045 243 170 156
0.202649 -0.082441 0.602517 0.987466 0.140222 -0.072446 253 145 118
0.436941 -0.105361 -0.015435 -0.977687 0.197858 0.070565 2 152 136
-0.300078 0.214952 -0.303210 0.119469 -0.813016 0.569852 142 23 200
-0.525809 -0.188327 0.351456 0.860396 0.463103 -0.212730 237 186 100
-0.443304 -0.265504 0.346483 0.465137 0.868007 -0.173815 186 238 105
0.219202 0.158875 0.518451 0.904016 -0.418562 -0.086956 242 74 116
-0.525381 -0.101111 0.364076 0.980679 0.195366 -0.010084 252 152 126
0.380271 -0.119800 -0.860611 -0.942835 0.321487 -0.087802 7 168 116
0.331359 -0.208004 -0.574843 -0.836572 0.543770 0.066798 20 196 136
0.086384 -0.298069 -0.131554 -0.019267 0.961995 -0.272386 125 250 92
-0.407253 -0.271474 0.451916 0.417650 0.905237 -0.078201 180 242 117
-0.234733 -0.210512 0.573223 -0.763521 0.645535 -0.017893 30 209 125
0.383855 0.218377 0.107927 -0.767790 -0.635553 0.081060 29 46 137
0.316149 -0.239509 -0.860382 -0.648954 0.760796 -0.007010 44 224 126
0.290037 -0.088494 -1.054830 0.056099 0.230683 0.971410 134 156 251
-0.395683 0.277756 0.097010 0.014801 -0.999886 -0.003099 129 0 127
-0.324883 -0.285150 0.433990 -0.407986 0.912932 -0.010150 75 243 126
0.319858 -0.234806 -0.489230 -0.709415 0.704791 -0.000507 37 217 127
-0.287311 -0.100012 0.836623 -0.267514 0.302476 -0.914847 93 166 10
-0.248442 0.022883 -0.389781 0.056204 -0.149066 0.987229 134 108 253
0.116583 -0.175264 0.090826 0.829146 0.517724 -0.210900 233 193 100
0.076995 -0.065606 -0.791239 0.989523 0.131854 0.058812 253 144 134
-0.223983 -0.204210 0.661642 -0.866776 0.497821 0.029569 16 190 131
-0.416255 -0.130911 0.728440 0.643939 0.409361 -0.646348 209 179 45
0.199075 0.258926 -0.785895 0.517627 -0.853073 0.065788 193 18 135
0.307531 -0.234242 -0.714063 -0.624932 0.771843 -0.117128 47 225 112
0.218370 -0.128533 0.711501 0.931264 0.305289 -0.198862 246 166 102
0.380562 -0.026029 -0.775709 -0.999476 0.032364 0.000078 0 131 127
0.268861 0.262981 -0.772663 -0.471208 -0.879555 0.065928 67 15 135
0.169742 -0.218837 0.193500 0.800165 0.593455 -0.086872 229 203 116
-0.490646 0.093162 0.495597 0.949974 -0.303774 -0.072597 248 88 118
-0.400385 0.197269 -0.276682 0.511806 -0.617925 0.596845 192 48 203
0.385978 0.185389 0.005164 -0.785236 -0.617097 0.050951 27 48 133
0.233287 0.275330 0.140139 0.349614 -0.927577 -0.131798 172 9 110
-0.431997 0.021686 0.821200 0.866525 -0.159062 -0.473111 237 107 67
-0.501690 -0.167799 0.476034 0.938811 0.321313 -0.124061 247 168 111
-0.479169 -0.268042 0.168172 0.622787 0.781005 0.046567 206 227 133
0.316848 -0.234940 0.645903 -0.066113 0.906074 -0.417922 119 243 74
-0.329919 0.287489 -0.030841 -0.056452 -0.995574 -0.075136 120 0 117
0.304387 -0.062460 -1.047575 -0.033860 0.042432 0.998525 123 132 254
-0.490445 -0.233482 0.085171 0.653127 0.751933 -0.089562 210 223 116
-0.512557 -0.098032 0.528966 0.966056 0.227817 -0.121804 250 156 111
0.366251 -0.123519 -0.734941 -0.933026 0.357209 -0.043177 8 173 121
-0.488596 0.056514 0.571250 0.958154 -0.246218 -0.146008 249 96 108
0.302897 -0.080823 -1.034972 -0.084749 0.228792 0.969779 116 156 251
-0.265077 -0.288757 0.029297 -0.392768 0.857068 -0.333418 77 236 84
-0.373704 -0.247266 0.588148 0.404660 0.874682 -0.266801 179 239 93
0.435517 0.144667 0.195950 -0.887032 -0.446963 0.115750 14 70 142
0.288083 0.242671 -0.861070 -0.545990 -0.837709 -0.011756 57 20 126
-0.174700 0.100434 0.449801 -0.972588 -0.230966 0.026980 3 98 130
0.159227 -0.264609 -0.537656 0.556443 0.830602 0.021699 198 233 130
-0.302812 -0.079694 0.799239 -0.027175 0.188049 -0.981784 124 151 2
-0.197121 0.142613 0.537994 -0.906424 -0.420759 -0.036833 11 73 122
0.092783 0.194286 -0.636742 0.884113 -0.452168 0.117850 240 69 142
0.268993 0.255724 -0.858550 -0.430829 -0.899954 -0.066849 72 12 118
-0.267204 -0.246872 0.487249 -0.649123 0.760588 0.012087 44 224 129
-0.229432 -0.224456 0.127226 -0.796797 0.581984 -0.162507 25 201 106
0.060692 0.114897 -0.560704 0.945323 -0.320189 0.061993 248 86 135
-0.578444 -0.086535 -0.164081 0.926695 0.154557 0.342562 245 147 171
0.343726 0.167985 -0.968614 -0.829537 -0.551124 0.090171 21 57 138
0.088362 -0.300314 -0.072541 0.066376 0.899188 -0.432499 135 242 72
-0.493962 0.124690 0.493280 0.951687 -0.301839 -0.056429 248 89 120
0.411286 -0.206202 0.382862 -0.810442 0.585445 0.020937 24 202 130
0.121358 -0.227832 -0.004613 0.760342 0.619827 -0.194153 224 206 102
0.382507 0.142915 -0.288063 -0.910964 -0.409980 0.045411 11 75 133
0.111162 -0.280462 -0.334201 0.594284 0.802537 0.052547 203 229 134
0.184931 0.022282 0.512856 0.991807 -0.021684 -0.125893 253 124 111
0.296833 0.250068 0.564470 0.486446 -0.865967 -0.116065 189 17 112
0.094183 0.121884 -0.762457 0.910224 -0.389901 0.139530 243 77 145
0.160926 0.261399 0.002470 0.648809 -0.755398 -0.091765 210 31 115
0.100960 0.060086 -0.852875 0.926921 -0.357313 0.114650 245 81 142
-0.172945 -0.255565 -0.017929 -0.424639 0.764927 -0.484323 73 225 65
-0.304090 0.076742 0.824981 -0.262674 -0.266590 -0.927325 94 93 9
0.361430 -0.182733 -0.496103 -0.840452 0.540876 0.033071 20 196 131
0.344114 -0.198306 -0.420986 -0.841366 0.540339 0.011686 20 196 128
0.282222 0.261992 -0.820481 -0.525114 -0.850776 -0.020850 60 19 124
-0.224252 0.147602 0.747797 -0.772124 -0.482997 -0.412962 29 65 74
0.257251 -0.153828 -1.014270 0.100666 0.411986 0.905612 140 180 242
0.408482 -0.149807 -0.108045 -0.887686 0.456011 0.063780 14 185 135
-0.335625 0.269763 0.237706 -0.291786 -0.956476 0.003768 90 5 127
-0.260589 0.220094 0.457778 -0.605103 -0.796109 -0.007805 50 25 126
0.438307 -0.106568 0.050057 -0.948354 0.317024 -0.011017 6 167 126
-0.071234 0.133109 -0.021443 -0.684474 -0.258587 -0.681637 40 94 40
0.150905 0.169898 -0.953196 0.827194 -0.542413 0.146756 232 58 146
-0.251581 0.202533 -0.387170 0.110661 -0.690378 0.714935 141 39 218
0.421995 -0.143086 0.483181 -0.806852 0.547942 -0.220795 24 197 99
0.189998 0.012465 0.618114 0.995497 -0.035922 -0.087724 254 122 116
-0.059366 0.111570 -0.326380 0.765159 -0.305549 0.566720 225 88 199
0.365947 -0.261636 0.491366 -0.313397 0.942655 -0.114823 87 247 112
0.128948 -0.057523 -1.016716 0.960994 0.109408 0.254009 250 141 159
0.382702 -0.062031 -0.894253 -0.960409 0.222480 0.167680 5 155 148
0.427537 0.125096 0.071936 -0.919015 -0.378770 0.109294 10 79 141
-0.181554 0.010076 0.461562 -0.979068 0.010187 -0.203277 2 128 101
0.349182 -0.225752 0.148039 -0.558397 0.829556 -0.005545 56 233 126
0.367534 -0.244751 0.222630 -0.641535 0.766446 -0.031506 45 225 123
0.417690 -0.021436 -0.253698 -0.997669 -0.052322 0.043796 0 120 133
-0.142860 -0.114133 0.042236 -0.672818 0.315414 -0.669201 41 167 42
0.391594 -0.211344 0.045668 -0.787374 0.613775 0.057639 27 205 134
0.300545 0.137571 -1.015178 -0.186492 -0.571472 0.799150 103 54 229
0.378938 0.042120 -0.786838 -0.990564 -0.136253 -0.014742 1 110 125
0.161450 0.114905 0.237918 0.914521 -0.398822 -0.067759 244 76 118
0.285533 0.262385 -0.493380 -0.428310 -0.903421 -0.019496 72 12 125
0.410393 0.075191 0.626421 -0.843521 -0.188660 -0.502871 19 103 63
0.204487 0.153844 0.450818 0.928472 -0.361323 -0.085932 245 81 116
-0.389258 -0.001874 0.806424 0.438199 -0.098368 -0.893479 183 114 13
0.385713 -0.006562 -0.689185 -0.999763 0.015080 0.015699 0 129 129
0.381753 0.006799 -0.959291 -0.996953 0.061993 0.047354 0 135 133
0.306924 0.283516 0.272611 -0.120108 -0.981007 -0.152317 112 2 108
-0.529284 -0.110762 -0.172220 0.876616 0.324237 0.355549 239 168 172
0.059611 -0.116843 -0.611597 0.984516 0.163088 0.064275 253 148 135
0.150829 0.278635 -0.397416 0.443580 -0.894732 0.051879 184 13 134
0.295354 0.080449 -1.042839 -0.016301 -0.346871 0.937771 125 83 247
0.359031 0.232299 0.543360 -0.544768 -0.815997 -0.193327 58 23 102
-0.030081 -0.135127 -0.331024 0.919195 0.158443 0.360521 244 147 173
0.297251 0.250630 0.478698 0.538362 -0.837034 -0.097677 196 20 115
0.109687 0.035552 -0.954154 0.977718 -0.113510 0.176589 252 113 150
-0.203014 -0.100627 0.549194 -0.843680 0.258050 -0.470759 19 160 67
0.288844 -0.242757 -0.762466 -0.488309 0.871443 -0.046275 65 238 121
-0.514790 0.115164 0.467011 0.957194 -0.259496 -0.128229 249 94 111
0.063669 -0.157811 -0.550221 0.966175 0.253469 0.047535 250 159 133
0.364187 -0.248151 0.673417 -0.024666 0.967085 -0.253254 124 250 95
0.258881 0.240456 -0.909042 -0.116014 -0.909229 0.399804 112 11 178
-0.196396 0.102591 0.293881 -0.955593 -0.294607 -0.006924 5 89 126
-0.233000 -0.217714 0.531137 -0.764891 0.644085 0.009760 29 209 128
0.266029 -0.221637 0.573293 0.704112 0.698455 -0.128012 217 216 111
0.470079 0.016722 0.321735 -0.995955 -0.087166 0.021802 0 116 130
-0.181862 -0.101660 0.508254 -0.961646 0.273391 -0.022218 4 162 124
0.063374 -0.007731 -0.777807 0.987429 0.066099 0.143580 253 135 145
-0.031176 0.036899 -0.354567 0.926240 -0.049801 0.373629 245 121 175
-0.207340 0.130071 0.655926 -0.877427 -0.401462 -0.262584 15 76 94
0.425422 0.101984 -0.126075 -0.938261 -0.300091 0.172079 7 89 149
-0.554161 -0.121090 0.189216 0.949291 0.313803 0.019333 248 167 129
0.376336 0.071656 -0.837134 -0.984255 -0.154227 -0.086346 2 107 116
-0.056176 -0.102029 -0.344704 0.825488 0.080986 0.558579 232 137 198
0.210022 0.142365 0.581504 0.927101 -0.355182 -0.119702 245 82 112
-0.551788 0.070525 0.271048 0.960540 -0.237171 -0.145302 249 97 108
0.178446 -0.088198 -1.021927 0.568538 0.078959 0.818859 199 137 231
-0.268807 0.232863 0.389527 -0.593953 -0.793369 -0.133362 51 26 110
-0.183611 0.018235 0.187043 -0.999992 0.003317 0.002141 0 127 127
0.250499 -0.234992 0.521479 0.781941 0.620661 -0.057863 227 206 120
0.362491 0.222052 0.190994 -0.641851 -0.765679 0.041988 45 29 132
0.307464 0.214173 -0.695004 -0.681244 -0.731214 -0.035118 40 34 123
-0.455646 -0.164497 -0.250407 0.663098 0.387164 0.640629 212 176 209
0.225585 -0.217772 0.426525 0.817315 0.573626 -0.054315 231 200 120
0.421700 -0.120630 0.568371 -0.858456 0.403432 -0.316695 18 178 87
0.221582 0.162889 0.623922 0.901448 -0.412894 -0.130040 242 74 110
0.188739 0.021117 0.606035 0.996695 0.008333 -0.080806 254 128 117
0.303315 0.254195 -0.377675 -0.608978 -0.793170 -0.005300 49 26 126
0.117835 0.178125 -0.862545 0.900279 -0.424181 0.097816 242 73 139
0.107126 -0.167572 0.042273 0.838096 0.533504 -0.113881 234 195 112
0.197577 -0.006071 0.643908 0.993456 -0.025780 -0.111264 254 124 113
0.075913 -0.093619 -0.770468 0.990221 0.084353 0.111118 253 138 141
0.185016 -0.211923 -0.938766 0.715167 0.629347 0.304070 218 207 166
0.008858 0.043168 0.002423 0.768426 -0.127612 -0.627086 225 111 47
-0.121102 0.105131 -0.015795 -0.565465 -0.343607 -0.749789 55 83 31
0.338213 -0.248847 -0.333952 -0.657138 0.751054 0.063927 43 223 135
-0.538823 -0.025520 0.401502 0.964227 0.072800 -0.254887 250 136 95
-0.512912 -0.076371 0.531518 0.917354 0.253132 -0.307224 244 159 88
-0.551960 0.022640 0.245997 0.959970 -0.075464 -0.269746 249 117 93
-0.083052 -0.079250 -0.000674 -0.439234 0.199410 -0.875962 71 152 15
-0.497076 -0.176559 0.431442 0.872305 0.483254 -0.074492 238 189 118
0.238201 0.282662 -0.757282 0.006894 -0.999881 -0.013788 128 0 125
0.365254 0.233046 0.195345 -0.657839 -0.746638 -0.098894 43 32 114
-0.415925 0.220394 0.478855 0.647122 -0.758476 -0.077112 210 30 117
0.309554 -0.250570 0.655274 0.400250 0.912379 -0.085821 178 243 116
0.192242 0.151552 -0.986789 0.556210 -0.503577 0.661091 198 63 211
0.358725 0.141666 -0.773732 -0.921875 -0.384442 -0.048476 9 78 121
0.330339 0.194968 -0.725261 -0.748155 -0.662673 0.033612 32 43 131
-0.073880 0.080608 -0.381639 -0.044862 -0.276526 0.959959 121 92 249
0.049725 0.014110 -0.032470 0.990840 -0.054539 -0.123534 253 120 111
0.407986 0.193950 0.399042 -0.786010 -0.607765 -0.113181 27 50 113
0.338342 0.129266 0.724014 -0.505852 -0.469141 -0.723893 63 67 35
0.193371 0.074743 0.511001 0.973998 -0.206688 -0.092779 251 101 115
0.119303 -0.111921 -0.991457 0.957332 0.214084 0.194120 249 154 152
-0.494024 0.189690 0.214038 0.767678 -0.630734 -0.113336 225 47 113
-0.014265 0.033045 -0.053684 -0.581064 -0.116284 -0.805508 53 112 24
0.284757 0.233986 -0.608521 -0.627366 -0.778655 0.010402 47 28 128
-0.418482 -0.294553 0.338872 0.148214 0.979992 -0.132844 146 252 110
0.058070 -0.104193 -0.006538 0.958516 0.197710 -0.205321 249 152 101
-0.195708 0.251808 -0.271023 0.090821 -0.898452 0.429576 139 12 182
-0.431621 -0.188678 0.703240 0.879305 0.465117 -0.102416 239 186 114
0.475256 0.006217 0.331695 -0.998011 -0.031546 0.054571 0 123 134
0.419984 -0.129633 -0.073140 -0.918727 0.386992 0.078596 10 176 137
0.271634 0.241948 0.585882 0.695239 -0.715285 -0.070779 216 36 118
0.394083 -0.178758 -0.348717 -0.867354 0.495187 0.049877 16 190 133
-0.116146 -0.134841 0.000788 -0.120185 0.287390 -0.950244 112 164 6
0.194262 -0.079967 0.522100 0.980251 0.165732 -0.107894 252 148 113
0.208909 -0.204749 0.304399 0.837387 0.540952 -0.078448 234 196 117
-0.189402 0.042779 0.660335 -0.977116 -0.169049 -0.129100 2 105 111
0.354571 -0.214174 -0.322715 -0.791665 0.610164 0.031097 26 205 131
0.156725 0.264689 -0.559923 0.575573 -0.814799 0.069414 200 23 136
-0.085375 -0.129389 -0.037146 -0.557166 0.442318 -0.702795 56 183 37
0.396763 0.139244 -0.135330 -0.879739 -0.452966 0.144505 15 69 145
0.401199 0.048250 -0.373178 -0.988475 -0.151384 0.000094 1 108 127
-0.138175 -0.291509 -0.087447 -0.257170 0.921166 -0.292092 94 244 90
0.453400 0.092672 0.480464 -0.990099 -0.127453 -0.058819 1 111 120
0.276237 0.254923 -0.515145 -0.517167 -0.853129 -0.068623 61 18 118
0.379945 -0.003258 -0.760693 -0.971051 -0.028286 -0.237193 3 123 97
-0.247024 -0.227977 0.516188 -0.689624 0.721674 0.060041 39 219 135
0.311940 -0.296423 -0.016680 -0.419183 0.907887 0.005095 74 243 128
-0.427389 -0.240989 0.642729 0.578828 0.783146 -0.227244 201 227 98
0.326133 -0.058231 0.729087 -0.374108 0.261979 -0.889612 79 160 14
0.220591 0.142247 0.600996 0.921021 -0.377449 -0.096185 244 79 115
-0.025393 0.270449 -0.159943 -0.046186 -0.966387 -0.252911 121 4 95
-0.149062 0.287535 -0.155011 -0.153365 -0.962519 -0.223690 107 4 98
-0.476938 -0.225066 0.492943 0.665294 0.706663 -0.240857 212 217 96
0.373009 -0.108592 -0.662945 -0.961128 0.271930 -0.047820 4 162 121
0.283825 0.070755 -1.037437 -0.081500 -0.303739 0.949263 117 88 248
-0.376395 0.234819 0.499630 0.483668 -0.871502 -0.080929 189 16 117
-0.069893 -0.258059 -0.088350 -0.410092 0.673280 -0.615239 75 213 49
0.135184 0.285634 -0.071115 0.506889 -0.821174 -0.262176 192 22 94
-0.065240 0.072322 -0.041428 -0.350955 -0.133278 -0.926859 82 110 9
-0.447269 0.209345 0.260688 0.600765 -0.799415 -0.004105 204 25 126
0.328073 -0.283675 0.207741 -0.347701 0.937073 -0.031586 83 246 123
0.367979 -0.136266 -0.849745 -0.935700 0.352766 0.004660 8 172 128
-0.123647 -0.193632 -0.014512 -0.582695 0.540192 -0.607174 53 196 50
0.153836 -0.286400 -0.429909 0.503525 0.861952 0.059171 191 237 135
0.371691 0.214298 0.023282 -0.729732 -0.683411 -0.021001 34 40 124
0.129253 0.060440 -0.994900 0.876013 -0.241963 0.417199 239 96 180
0.383233 0.040572 -0.750551 -0.992933 -0.118610 0.004056 0 112 128
0.051190 -0.035006 -0.629140 0.994259 0.055177 0.091681 254 134 139
-0.184251 0.100407 0.565888 -0.968391 -0.231490 -0.092901 4 97 115
-0.138706 -0.002284 0.062223 -0.898103 0.009556 -0.439681 12 128 71
-0.410835 0.259238 -0.069281 0.496825 -0.863853 0.083204 190 17 138
-0.569448 -0.099938 0.003041 0.973049 0.209864 0.095563 251 154 139
0.348909 -0.089486 0.728337 -0.637294 0.430412 -0.639220 46 182 45
0.366205 -0.200034 0.655120 -0.595266 0.655985 -0.464051 51 211 68
0.457305 0.080171 0.312443 -0.966662 -0.253744 0.034319 4 95 131
-0.083209 0.063068 -0.020692 0.063199 -0.282072 -0.957309 135 91 5
0.203665 -0.087084 0.553770 0.936480 0.337030 -0.097040 246 170 115
-0.244512 -0.205083 0.285039 -0.844211 0.534963 -0.033486 19 195 123
0.278846 0.257696 -0.778497 -0.483013 -0.875605 0.003788 65 15 127
0.193704 0.103402 0.528741 0.936776 -0.221905 -0.270572 246 99 93
-0.296972 -0.103862 -0.378677 0.256941 0.237795 0.936715 160 157 246
0.080802 -0.296353 -0.017847 -0.014062 0.988429 -0.151029 125 253 108
-0.026098 0.255528 -0.137464 0.127592 -0.825692 -0.549502 143 22 57
0.270184 0.275218 -0.422188 -0.415800 -0.909214 -0.020967 74 11 124
-0.261939 -0.298706 -0.040214 -0.267008 0.959669 -0.087991 93 249 116
0.352529 0.142563 -0.330904 -0.872015 -0.478083 -0.105008 16 66 114
0.357040 -0.156097 -0.729143 -0.902223 0.398751 -0.164291 12 178 106
-0.514732 -0.242086 0.006968 0.796897 0.603079 -0.035366 229 204 122
0.390547 0.057207 -0.946245 -0.990393 -0.120823 -0.067265 1 112 118
0.350164 0.165067 -0.773036 -0.897618 -0.440713 0.007350 13 71 128
-0.428387 -0.028561 -0.302004 0.428880 0.085775 0.899280 182 138 242
0.320101 0.258867 0.514922 0.410440 -0.910277 -0.054181 179 11 120
0.170202 0.261472 -0.710296 0.629907 -0.776645 0.006367 207 28 128
0.383288 -0.026077 -0.852619 -0.989590 0.138887 -0.037715 1 145 122
-0.223537 0.190959 0.645424 -0.711033 -0.680252 -0.178016 36 40 104
0.055787 -0.136329 -0.539454 0.961311 0.250487 0.114616 250 159 142
-0.322936 -0.170300 0.763172 0.027546 0.720311 -0.693104 131 219 39
-0.069595 -0.028792 -0.360715 0.731268 0.073440 0.678126 220 136 213
0.360375 0.229455 0.587394 -0.536084 -0.786834 -0.305788 59 27 88
-0.486243 -0.043618 0.660147 0.992956 0.057319 -0.103698 254 134 114
-0.383984 0.183268 -0.280191 0.451339 -0.623346 0.638540 185 48 208
0.262103 0.269152 0.060757 -0.037070 -0.998284 -0.045335 122 0 121
-0.167272 -0.147515 0.101589 -0.877265 0.383093 -0.289216 15 176 90
0.239653 0.196388 0.620760 0.724686 -0.682515 -0.094889 219 40 115
-0.446126 -0.090617 -0.263377 0.746001 0.215349 0.630164 222 154 207
-0.198731 0.241812 -0.320412 0.002669 -0.764732 0.644342 127 29 209
0.296642 -0.230986 -0.379073 -0.706642 0.637924 0.306121 37 208 166
0.322466 0.011911 -1.056401 -0.186306 -0.082948 0.978984 103 116 252
-0.215152 -0.182971 0.597455 -0.812022 0.583244 0.021130 23 201 130
0.069121 0.302242 -0.202830 -0.020118 -0.992452 -0.120971 124 0 112
-0.228629 -0.197799 0.244210 -0.870336 0.489168 -0.056836 16 189 120
0.307026 0.191333 -0.882056 -0.610183 -0.761540 0.218481 49 30 155
0.167958 -0.160568 0.338872 0.941054 0.291089 -0.172293 247 164 105
-0.274529 0.234165 0.436511 -0.623311 -0.779802 -0.058238 48 28 120
0.366264 0.125091 -0.621915 -0.956086 -0.285262 -0.067267 5 91 118
0.196835 -0.135810 0.432425 0.930499 0.342122 -0.130860 246 171 110
0.385047 -0.232341 0.330450 -0.567951 0.822726 0.023515 55 232 130
0.325814 0.263350 -0.197763 -0.553239 -0.832597 -0.026631 56 21 124
-0.251590 0.276113 -0.046012 -0.267323 -0.945075 -0.188073 93 7 103
-0.550325 -0.010752 0.278329 0.992881 -0.082056 -0.086337 254 117 116
-0.176730 0.112465 -0.407426 -0.080952 -0.332145 0.939748 117 85 247
0.143329 -0.230830 -0.784253 0.797608 0.595569 0.095498 229 203 139
0.056438 -0.204404 -0.356243 0.943521 0.329322 0.036278 247 169 132
0.251258 -0.238278 0.571920 0.773881 0.627251 -0.087543 226 207 116
-0.089798 -0.199824 -0.378690 -0.073519 0.645855 0.759912 118 209 224
-0.501603 0.062017 0.526154 0.988014 -0.135490 -0.073971 253 110 118
-0.473548 0.084998 0.625324 0.981038 -0.192672 -0.021032 252 102 124
0.449964 -0.133992 0.402488 -0.900746 0.432618 -0.038702 12 182 122
0.380882 -0.136977 -0.489247 -0.927985 0.369077 -0.051253 9 174 120
-0.533673 0.027149 0.405928 0.986016 -0.105639 -0.128889 253 114 111
-0.252140 -0.294757 -0.255687 0.053990 0.803282 0.593147 134 229 203
-0.435776 -0.277928 0.202537 0.485415 0.874074 -0.019174 189 238 125
0.224264 0.274513 -0.743463 0.312468 -0.945044 0.096209 167 7 139
-0.567468 -0.058427 0.011633 0.982243 0.164230 0.090707 252 148 139
-0.120267 -0.303555 -0.151112 -0.071894 0.974607 -0.212069 118 251 100
0.152385 0.070288 0.312639 0.997333 -0.058123 -0.044136 254 120 121
0.258023 0.261992 -0.782721 -0.406159 -0.913316 0.029817 75 11 131
0.440599 -0.136381 0.296780 -0.872743 0.487104 0.032399 16 189 131
0.035047 0.001643 -0.498902 0.998025 -0.035441 0.051871 254 122 134
0.317369 0.218644 -0.559995 -0.682538 -0.728281 -0.061218 40 34 119
-0.422812 0.203547 -0.190913 0.549244 -0.754751 0.358723 197 31 173
0.283555 0.150089 0.714428 -0.457312 -0.469269 -0.755416 69 67 31
0.231294 -0.164143 0.628229 0.888734 0.433477 -0.149160 240 182 108
-0.176352 -0.076682 0.110357 -0.996618 0.068551 -0.045316 0 136 121
-0.512881 0.132764 -0.167703 0.812323 -0.503570 0.294189 231 63 165
-0.354752 0.230885 -0.213762 0.481931 -0.810489 0.332940 188 24 169
0.272925 -0.273992 -0.605818 -0.427605 0.899734 -0.087366 72 242 116
-0.471003 -0.247739 0.391712 0.715584 0.697177 -0.043405 218 216 121
0.371616 -0.258820 0.467665 -0.563591 0.822018 -0.081559 55 232 117
-0.185811 -0.029134 0.618106 -0.999081 0.042837 0.001534 0 132 127
-0.363258 0.287341 -0.019958 0.063015 -0.996644 0.052256 135 0 134
-0.227309 0.161168 -0.328379 0.304683 -0.468481 0.829273 166 67 233
-0.302622 -0.202230 0.768847 -0.054034 0.683214 -0.728217 120 214 34
0.172642 0.234682 -0.898866 0.685108 -0.718899 0.117522 214 35 142
0.360470 -0.215845 0.658345 -0.572526 0.743148 -0.346331 54 222 83
0.265497 0.274213 -0.811704 -0.423193 -0.905411 -0.033745 73 12 123
-0.233481 0.046934 0.807405 -0.727606 -0.159123 -0.667285 34 107 42
0.104803 0.000749 -0.917286 0.968168 -0.120261 0.219516 250 112 155
-0.177733 0.018594 0.517565 -0.994117 -0.090654 0.059276 0 115 135
0.339311 -0.188575 -0.809466 -0.779902 0.612199 0.130255 28 205 144
0.109081 -0.171359 -0.847784 0.907606 0.375764 0.187224 243 175 151
0.187805 0.040661 0.500575 0.995197 -0.053445 -0.082015 254 120 117
0.029171 0.294032 -0.135073 0.420116 -0.809335 -0.410463 181 24 75
0.213086 0.238733 -0.338870 -0.239762 -0.921915 0.304283 96 9 166
0.160908 0.286607 -0.180554 0.215583 -0.976193 -0.023905 154 3 124
-0.192593 0.076437 0.670257 -0.960540 -0.215656 -0.175657 5 100 105
0.221995 -0.321167 -0.436606 -0.086132 0.996187 0.013885 116 254 129
0.367891 -0.128026 -0.882970 -0.907993 0.417467 -0.035639 11 180 122
-0.266136 -0.081380 0.815139 -0.492466 0.232522 -0.838696 64 157 20
-0.184958 0.040874 0.281943 -0.995589 -0.086488 0.036353 0 116 132
-0.346903 0.213267 -0.276298 0.514481 -0.692454 0.505783 193 39 191
0.181626 0.298615 -0.347364 0.093274 -0.995469 0.018495 139 0 129
0.044942 0.027955 0.044938 0.930147 -0.065432 -0.361311 246 119 81
-0.417173 -0.276941 0.354877 0.525185 0.850833 -0.016259 194 235 125
0.457936 -0.026095 0.094383 -0.994480 0.046444 0.094083 0 133 139
-0.495759 -0.243695 0.066089 0.653376 0.737511 -0.170812 210 221 105
-0.295926 0.145417 0.786023 -0.160989 -0.373952 -0.913369 106 79 11
-0.176881 -0.080307 0.516419 -0.976845 0.191341 0.095719 2 151 139
-0.518317 0.049505 0.497717 0.934738 -0.295232 -0.197743 246 89 102
0.144716 -0.194353 -0.900438 0.778263 0.526363 0.342416 226 194 171
0.390217 -0.183609 0.623739 -0.712166 0.636006 -0.297179 36 208 89
-0.474460 -0.214641 -0.239650 0.511198 0.467646 0.721099 192 187 219
0.084810 0.156795 -0.607075 0.901280 -0.430198 0.051220 242 72 134
-0.382604 -0.251821 -0.151109 0.514353 0.804357 0.297408 193 230 165
0.344586 -0.022505 0.751364 -0.130999 0.088035 -0.987466 110 138 1
0.092302 0.278751 -0.111051 0.492203 -0.819216 -0.294316 190 23 89
0.380098 -0.096830 -0.903287 -0.956561 0.290287 0.026935 5 164 130
-0.287988 0.106743 -0.337557 0.347139 -0.396234 0.849996 171 76 235
0.279453 -0.272901 -0.602969 -0.552828 0.833287 0.003879 57 233 127
-0.119492 0.198860 -0.050894 -0.404501 -0.532361 -0.743620 75 59 32
-0.301826 0.126006 0.783758 0.077488 -0.488224 -0.869272 137 65 16
0.462077 -0.022137 0.512718 -0.997955 0.040731 -0.049271 0 132 121
0.102464 0.101628 0.094099 0.966525 -0.230937 -0.111794 250 98 113
-0.551168 -0.173869 0.096367 0.898277 0.415694 -0.142466 242 180 109
0.204876 0.285090 -0.207800 -0.051874 -0.997773 0.041926 120 0 132
-0.285892 0.249102 0.432618 -0.443057 -0.896469 0.006611 71 13 128
0.340495 0.269082 0.453652 -0.283734 -0.944158 -0.167513 91 7 106
0.266240 0.089424 -1.041107 0.241262 -0.288919 0.926455 158 90 245
0.372871 0.073245 -0.728896 -0.989400 -0.144413 -0.015253 1 109 125
-0.076877 -0.112716 -0.029047 -0.498471 0.375071 -0.781568 63 175 27
0.356680 0.001686 0.737218 -0.627492 -0.014243 -0.778493 47 125 28
0.254124 -0.205354 0.622531 0.767512 0.637854 -0.063775 225 208 119
0.412351 0.072526 -0.308458 -0.986463 -0.152014 0.061501 1 108 135
0.381840 -0.169596 0.631437 -0.704948 0.582774 -0.404255 37 201 75
0.444380 -0.147836 0.304232 -0.914307 0.404526 0.020036 10 179 130
-0.508292 0.056252 -0.240245 0.753727 -0.179469 0.632207 223 104 208
0.208187 -0.032136 0.778936 0.085388 -0.002030 -0.996346 138 127 0
0.354065 -0.188557 -0.457548 -0.869251 0.493517 0.029049 16 190 131
0.346804 -0.200376 -0.403233 -0.832310 0.552817 0.040657 21 197 132
0.056587 0.073175 -0.006263 0.970941 -0.155679 -0.181760 251 107 104
0.465332 -0.013790 0.201447 -0.999973 0.004619 -0.005787 0 128 126
-0.396895 0.169615 0.772644 0.603466 -0.523557 -0.601429 204 60 50
-0.527636 -0.220538 0.043642 0.816404 0.573386 0.068649 231 200 136
0.370111 0.062146 -0.746619 -0.958638 -0.284381 -0.011909 5 91 125
-0.499846 0.034390 0.634597 0.935048 -0.012722 -0.354293 246 125 82
-0.005827 0.240109 -0.302138 0.051207 -0.914615 0.401071 134 10 178
0.135584 -0.232732 0.006649 0.638133 0.768649 -0.044332 208 225 121
-0.171934 0.096673 -0.386553 -0.028383 -0.305485 0.951774 123 88 248
-0.255629 -0.290255 -0.003588 -0.288299 0.949045 -0.127269 90 248 111
-0.413638 -0.257571 0.567855 0.605102 0.737382 -0.300198 204 221 89
-0.170253 0.009850 0.515031 -0.993082 0.014456 0.116527 0 129 142
-0.211367 0.144796 0.598002 -0.837967 -0.545311 0.021121 20 57 130
0.438082 -0.142942 0.196162 -0.921969 0.387098 -0.011361 9 176 126
0.107426 0.164013 -0.740922 0.844280 -0.526830 0.098190 235 60 140
-0.528573 -0.058899 -0.204380 0.890384 0.164348 0.424507 241 148 181
-0.569189 -0.015712 0.160804 0.989156 -0.080687 -0.122716 253 117 111
0.305496 0.213822 -0.699090 -0.660103 -0.750035 -0.041375 43 31 122
-0.339938 0.044845 -0.381910 0.140740 -0.136010 0.980660 145 110 252
0.353726 0.235475 0.152361 -0.550871 -0.834217 0.024948 57 21 130
0.350937 -0.161213 -0.693814 -0.894395 0.436608 -0.097114 13 183 115
0.300073 -0.275390 -0.414768 -0.487620 0.873030 -0.006754 65 238 126
0.063415 -0.229118 -0.003780 0.692834 0.543924 -0.473421 215 196 67
-0.188810 0.251234 -0.080636 -0.363163 -0.886951 -0.285362 81 14 91
-0.191668 0.131128 -0.367018 0.235038 -0.322208 0.917027 157 86 244
0.096218 0.009364 -0.900420 0.974327 -0.067066 0.214915 251 118 154
-0.455940 0.228520 0.162940 0.669771 -0.730135 -0.135314 212 34 110
0.277317 0.032667 -1.059976 -0.069304 -0.173018 0.982477 118 105 252
0.393861 0.085319 -0.462807 -0.986847 -0.151915 0.055266 1 108 134
0.321594 -0.094415 0.735346 0.115620 0.214061 -0.969954 142 154 3
0.111051 -0.256193 -0.020848 0.504330 0.780235 -0.369979 191 226 80
0.063815 0.091423 -0.584425 0.949924 -0.309447 0.043435 248 88 133
0.058419 -0.055638 -0.641009 0.988156 0.138265 0.066563 253 145 135
0.433017 -0.169167 0.400540 -0.902603 0.426658 -0.057199 12 181 120
0.205383 0.087563 0.581311 0.922203 -0.335761 -0.191850 245 84 103
-0.464365 -0.219316 0.563433 0.832558 0.545534 -0.096130 233 197 115
-0.394260 0.099517 -0.326763 0.410760 -0.276811 0.868707 179 92 238
-0.335807 -0.097689 0.808648 0.025153 0.431565 -0.901731 130 182 12
0.292175 -0.271814 -0.514130 -0.571761 0.820377 0.008449 54 232 128
0.429311 0.076065 -0.061305 -0.960894 -0.225147 0.161221 4 98 148
-0.496374 -0.252863 0.066292 0.726808 0.686820 -0.005289 220 215 126
-0.038032 -0.147489 -0.021215 -0.083170 0.456473 -0.885841 116 185 14
0.237741 -0.210542 0.513387 0.818859 0.568482 -0.079356 231 199 117
0.453109 0.042351 0.093658 -0.975499 -0.149602 0.161312 3 108 148
-0.218112 0.015317 -0.395254 0.338023 -0.102068 0.935587 170 114 246
0.111534 -0.152117 -0.863805 0.914350 0.390040 0.108782 244 177 141
0.424479 0.192131 0.530225 -0.876735 -0.456546 -0.151330 15 69 108
0.248853 -0.116742 -1.039160 0.077318 0.306143 0.948840 137 166 248
-0.174516 0.102745 0.526714 -0.939011 -0.301004 0.166300 7 89 148
-0.181556 0.008264 0.339433 -0.998627 -0.047215 0.022673 0 121 130
-0.229341 -0.210333 0.393771 -0.792173 0.606526 0.067740 26 204 136
0.225726 -0.089333 0.756369 0.157254 0.386397 -0.908828 147 176 11
0.313173 -0.084620 0.763314 -0.320162 0.442993 -0.837409 86 183 20
-0.072045 -0.228584 -0.071680 -0.298396 0.547501 -0.781795 89 197 27
0.309213 -0.161327 0.730059 -0.163144 0.551511 -0.818058 106 197 23
0.023619 0.235579 -0.066849 0.343762 -0.731754 -0.588526 171 34 52
0.329223 -0.233128 -0.452982 -0.706877 0.707014 -0.021385 37 217 124
0.366536 -0.045512 0.743746 -0.642470 0.208363 -0.737440 45 154 33
0.053391 0.236413 0.009277 0.307202 -0.631156 -0.712228 166 47 36
0.333639 0.117336 0.742369 -0.315263 -0.349524 -0.882294 87 82 15
0.385244 0.021251 -0.731054 -0.999865 -0.015801 0.004425 0 125 128
-0.005889 0.141443 -0.024562 0.495266 -0.400751 -0.770786 190 76 29
0.089002 0.101974 -0.814313 0.962106 -0.240241 0.128982 250 96 143
-0.427140 0.229187 -0.131485 0.498414 -0.857614 0.126816 191 18 143
0.286176 0.249175 -0.830999 -0.596993 -0.801973 -0.020932 51 25 124
-0.073081 0.241311 -0.274499 0.292640 -0.853980 0.430209 164 18 182
-0.343892 0.013323 0.699130 0.473946 -0.265175 -0.839677 187 93 20
-0.508420 0.034475 0.533384 0.910248 -0.321912 -0.260426 243 86 94
0.351615 -0.258825 0.373259 -0.487101 0.871128 -0.062206 65 238 119
-0.396181 0.228899 0.558815 0.563385 -0.822001 -0.083136 199 22 116
0.222008 0.259629 -0.793985 0.387481 -0.915957 0.104310 176 10 140
0.186817 -0.082773 0.444942 0.970997 0.232751 -0.054695 251 157 120
0.115989 -0.057757 0.163840 0.998440 0.054230 -0.013304 254 134 125
0.324379 0.188252 -0.603143 -0.831387 -0.544987 -0.108563 21 58 113
0.057058 -0.121918 -0.556496 0.960722 0.276403 0.024791 249 162 130
-0.415252 0.262524 -0.035039 0.299322 -0.953746 0.027852 165 5 131
0.186765 -0.010411 0.579102 0.989968 0.076485 -0.118797 253 137 112
0.385493 -0.213781 0.062053 -0.772080 0.627526 0.100516 29 207 140
0.292925 0.187599 -0.865721 -0.488115 -0.750796 0.445027 65 31 184
0.411243 -0.183636 -0.051073 -0.892940 0.448689 0.036556 13 184 132
0.436125 -0.122975 0.571480 -0.916961 0.347593 -0.195864 10 171 102
-0.228025 0.178074 0.160519 -0.877079 -0.479881 -0.021122 15 66 124
-0.476070 0.103042 0.590174 0.901280 -0.386039 -0.196643 242 78 102
0.375030 0.031558 -0.770796 -0.992670 -0.120125 -0.013258 0 112 125
0.122838 -0.303922 -0.077754 0.186205 0.931631 -0.312075 151 246 87
0.110091 -0.083722 0.122829 0.983140 0.177818 -0.042616 252 150 122
-0.175378 -0.041901 0.529469 -0.999817 -0.003799 0.018753 0 127 129
0.259612 0.275263 -0.824966 -0.394684 -0.918448 -0.026028 77 10 124
0.339095 -0.161952 -0.890532 -0.720531 0.690436 0.064289 35 215 135
0.358262 -0.133160 -0.598666 -0.934875 0.342878 -0.091887 8 171 115
0.270494 -0.228793 -0.931506 0.123483 0.768251 0.628126 143 225 207
-0.502412 -0.166157 0.409200 0.854354 0.504738 -0.123770 236 191 111
-0.118012 0.243336 -0.100687 -0.278228 -0.767615 -0.577370 92 29 53
0.416578 0.002275 -0.283281 -0.991710 -0.090032 0.091685 1 116 139
0.347140 0.111071 0.722542 -0.498998 -0.353626 -0.791170 63 82 26
0.148525 -0.235419 -0.742565 0.711978 0.696395 0.090122 218 216 138
-0.513790 -0.235261 0.057971 0.772168 0.632334 -0.062537 225 208 119
0.215190 0.294881 -0.580371 -0.239079 -0.965092 0.106951 97 4 141
0.279754 -0.306784 0.168939 0.223885 0.968553 -0.108541 156 250 113
0.449037 -0.046915 -0.027300 -0.982174 0.117755 0.146522 2 142 146
0.103775 -0.285598 -0.259953 0.376288 0.922969 -0.080844 175 245 117
0.345418 0.160103 -0.708553 -0.909618 -0.414068 -0.033799 11 74 123
-0.040035 0.270796 -0.149736 0.003165 -0.877448 -0.479661 127 15 66
0.365367 -0.136049 -0.914391 -0.900937 0.431295 0.047930 12 182 133
0.362981 -0.239184 0.407739 -0.465574 0.879119 -0.101937 68 239 114
0.129693 0.085557 -0.975941 0.882959 -0.266395 0.386545 240 93 176
0.381567 -0.054793 -0.876913 -0.986162 0.165113 0.014886 1 148 129
-0.323930 0.193042 0.741856 0.257450 -0.802628 -0.538059 160 25 58
-0.352354 -0.300981 -0.079901 0.169930 0.982816 0.072089 149 252 136
0.372868 -0.100893 -0.825923 -0.978470 0.206355 -0.003770 2 153 127
0.113938 0.055925 -0.917895 0.948881 -0.259729 0.179347 248 94 150
0.398255 0.069648 -0.346867 -0.976040 -0.217588 0.001090 3 99 127
0.441660 0.052599 -0.016719 -0.976012 -0.217198 0.015044 3 99 129
-0.164319 -0.057718 0.348748 -0.990044 0.138321 -0.026088 1 145 124
-0.523714 -0.207792 0.090166 0.866442 0.491609 0.087170 237 190 138
0.397424 0.124979 -0.218796 -0.903034 -0.388182 0.183970 12 78 150
0.353246 -0.142148 -1.044163 -0.593853 0.332740 0.732545 51 169 220
0.353498 0.174623 -0.487594 -0.850197 -0.525171 0.036875 19 60 132
0.258162 0.246828 0.307356 0.604107 -0.795314 -0.050304 204 26 121
0.183802 0.283639 -0.347422 0.054195 -0.996006 0.070959 134 0 136
-0.286267 0.237572 -0.237934 0.220582 -0.883271 0.413733 155 14 180
0.375815 -0.150295 -0.930687 -0.984182 0.176912 -0.009338 2 150 126
0.368712 0.183924 -0.262681 -0.828582 -0.558684 0.036391 21 56 132
0.439261 -0.142425 0.163903 -0.922578 0.381211 0.059396 9 176 135
-0.430176 -0.127507 0.775739 0.814856 0.372159 -0.444418 231 174 70
-0.552656 -0.026650 0.243561 0.999872 0.015996 -0.000025 254 129 127
0.269797 0.257886 0.279797 0.436511 -0.899038 -0.034479 183 12 123
0.050298 0.145685 -0.001867 0.846560 -0.373167 -0.379581 235 79 79
0.014110 -0.006532 0.062745 0.596157 -0.198992 -0.777817 203 102 28
0.245596 0.215491 0.456061 0.754945 -0.651816 -0.072074 223 44 118
0.300867 0.251890 -0.019164 -0.483821 -0.874443 0.035583 65 16 132
0.310231 -0.240638 -0.571764 -0.715518 0.692650 -0.090936 36 215 115
0.437407 -0.094557 -0.046141 -0.976214 0.193275 0.098239 3 152 140
-0.223213 0.199463 0.057216 -0.747016 -0.662557 -0.054629 32 43 120
-0.100898 -0.158468 -0.015772 -0.531948 0.375005 -0.759212 59 175 30
-0.207265 -0.170824 0.459538 -0.909779 0.412953 -0.042089 11 180 122
-0.132110 -0.062739 0.033822 -0.693341 0.242639 -0.678532 39 158 40
-0.215500 -0.268392 0.001699 -0.382001 0.895049 -0.230136 78 241 98
-0.265371 -0.241065 0.584011 -0.537866 0.832114 -0.135231 58 233 110
0.141622 0.275121 -0.024698 0.134362 -0.937318 -0.321530 144 7 86
0.164043 -0.195824 0.183610 0.848358 0.524312 -0.073392 235 194 118
0.333518 0.186051 -0.862469 -0.814347 -0.579783 -0.026282 23 53 124
-0.562394 0.065173 0.142739 0.949303 -0.246409 -0.195207 248 96 102
0.281397 0.109798 -1.040676 -0.037184 -0.432785 0.900730 122 72 242
-0.352363 -0.183499 -0.341006 0.263498 0.498720 0.825741 161 191 232
-0.184382 -0.095798 0.389701 -0.951293 0.308288 -0.000998 6 166 127
-0.561069 -0.038987 0.144981 0.996070 0.043246 -0.077296 254 133 117
-0.178833 -0.089505 0.514772 -0.978881 0.192280 0.069435 2 152 136
0.409239 0.018151 -0.291563 -0.991267 -0.128495 0.029656 1 111 131
0.401586 -0.198238 0.147426 -0.794806 0.602434 0.073196 26 204 136
0.136003 0.055327 0.237970 0.971886 -0.222858 -0.075971 251 99 117
-0.438358 0.226913 0.434653 0.641140 -0.736059 -0.217159 209 33 99
-0.202402 0.137706 0.098648 -0.816468 -0.420677 -0.395488 23 73 77
-0.229881 -0.206621 0.130443 -0.808619 0.587350 -0.033988 24 202 123
0.209216 -0.130266 0.482614 0.931126 0.354068 -0.087405 246 172 116
0.321794 -0.060547 -1.057948 -0.580538 0.128442 0.804039 53 143 230
0.331294 -0.242240 -0.354572 -0.633717 0.773000 -0.029555 46 226 123
0.329494 0.283597 0.466471 0.317351 -0.948088 0.020433 167 6 130
-0.383749 -0.067896 0.867150 0.022613 0.197346 -0.980073 130 152 2
0.112057 0.089431 -0.878181 0.924900 -0.369127 0.091134 245 80 139
-0.348959 0.074067 -0.365533 0.156486 -0.314485 0.936275 147 87 246
0.181453 -0.259306 0.081245 0.624938 0.774587 -0.097307 207 226 115
0.379352 0.034678 -0.782852 -0.992585 -0.120846 -0.013115 0 112 125
0.366031 0.150513 -0.427683 -0.927827 -0.373003 -0.002530 9 79 127
-0.502178 -0.226885 0.248832 0.737203 0.675642 -0.006309 221 213 126
0.137176 0.226924 -0.641589 0.676188 -0.731816 0.084940 213 34 138
0.233954 -0.293517 -0.409883 -0.214936 0.970162 -0.112200 100 251 113
0.180364 -0.046976 0.524758 0.988043 0.050780 -0.145578 253 133 108
-0.560601 -0.061805 0.088638 0.998648 0.046630 0.022982 254 133 130
0.324275 0.191935 -0.671843 -0.805066 -0.592349 -0.031483 24 51 123
0.022057 0.232505 -0.309567 0.369653 -0.848986 0.377597 174 19 175
0.386463 0.058521 -0.227708 -0.975851 -0.087090 -0.200326 3 116 101
-0.294651 -0.263806 0.532937 -0.431481 0.901781 -0.024815 72 242 124
-0.011758 -0.295020 -0.119229 -0.025401 0.934080 -0.356160 124 246 82
0.342356 0.162625 -0.867293 -0.880974 -0.404260 0.245884 15 75 158
0.103844 -0.179492 -0.657955 0.886806 0.460458 -0.039406 240 186 122
0.194910 -0.166326 -1.008628 0.592151 0.439131 0.675664 202 183 213
-0.346276 -0.260065 -0.219312 0.158029 0.862499 0.480753 147 237 188
-0.387334 0.265185 0.130886 0.310506 -0.950364 -0.019866 167 6 124
-0.543529 0.056500 -0.144539 0.966479 -0.183934 0.179126 250 104 150
0.435192 -0.153352 0.143426 -0.919974 0.383277 0.082143 10 176 137
-0.237014 0.197261 0.618481 -0.701138 -0.703280 -0.117486 38 37 112
0.390015 0.114026 -0.386021 -0.967600 -0.251512 0.022171 4 95 130
0.304183 0.199592 -0.900999 -0.612962 -0.754286 0.235222 49 31 157
0.313165 0.262324 0.372052 0.337231 -0.941172 -0.021697 170 7 124
0.316074 0.269911 0.264574 -0.028552 -0.998160 -0.053488 123 0 120
-0.130478 -0.297023 -0.136008 -0.080000 0.953433 -0.290803 117 249 90
0.457866 -0.109181 0.468026 -0.958257 0.285118 -0.021229 5 163 124
-0.191944 0.262187 -0.078310 -0.356221 -0.899860 -0.251711 82 12 95
-0.272169 0.240725 0.470151 -0.495959 -0.866870 0.050615 64 16 133
-0.553655 0.074171 0.167982 0.977282 -0.160981 -0.137860 252 106 109
-0.268453 -0.248783 0.183900 -0.700414 0.692033 -0.174672 38 215 105
0.437010 0.135629 0.218179 -0.913940 -0.399638 0.070727 10 76 136
-0.471284 -0.226121 0.463509 0.801736 0.591399 -0.086418 229 202 116
0.095056 -0.018266 -0.899102 0.966969 -0.021367 0.253996 250 124 159
0.355615 0.119432 -0.570510 -0.918065 -0.395486 -0.027352 10 77 124
-0.081918 -0.045960 -0.010524 -0.158562 0.011942 -0.987277 107 129 1
-0.435333 -0.283116 -0.045030 0.460506 0.885676 0.059268 186 240 135
0.286717 -0.250173 -0.902446 0.073888 0.958871 0.274057 136 249 162
0.439051 -0.004882 -0.090037 -0.979992 -0.096043 0.174331 2 115 149
0.327544 0.243026 -0.263811 -0.706156 -0.706070 -0.052994 37 37 120
-0.488748 0.188188 0.171943 0.738564 -0.669824 -0.076550 221 42 117
0.463961 0.014407 0.362321 -0.992613 -0.093750 -0.077005 0 115 117
0.383374 -0.011747 -0.664631 -0.995458 0.087316 -0.037932 0 138 122
0.463393 -0.059056 0.414975 -0.983674 0.165723 -0.070156 2 148 118
0.432251 0.044747 -0.080070 -0.984032 -0.173564 0.039445 2 105 132
-0.422621 -0.034819 -0.335902 0.280722 0.054575 0.958236 163 134 249
-0.329482 0.089101 -0.327056 0.411933 -0.344739 0.843485 180 83 235
0.230662 0.171904 0.669633 0.848947 -0.519470 -0.097155 235 61 115
0.193179 0.097680 0.525772 0.949834 -0.242828 -0.197103 248 96 102
-0.199873 0.025662 0.732134 -0.931517 -0.088542 -0.352756 8 116 82
-0.272487 -0.071795 0.799892 -0.530799 0.179547 -0.828260 59 150 21
0.315558 -0.262244 -0.144861 -0.322951 0.945008 -0.051604 86 247 120
-0.350397 -0.287657 0.514343 0.063192 0.996788 -0.049193 135 254 121
-0.520796 0.047969 -0.213667 0.734597 -0.264760 0.624715 221 93 207
0.459279 0.086506 0.357626 -0.960205 -0.278295 -0.023619 5 92 124
-0.518357 -0.099866 0.479023 0.941534 0.237674 -0.238801 247 157 97
-0.567363 0.022798 0.145548 0.950405 -0.176552 -0.256048 248 104 94
-0.508318 0.186038 0.038512 0.825487 -0.564382 0.006706 232 55 128
-0.261472 0.231392 0.638609 -0.531137 -0.829636 -0.172041 59 21 105
0.379609 -0.062272 -0.872697 -0.992446 0.121906 -0.013746 0 143 125
-0.285384 -0.318672 -0.133453 0.023356 0.982368 0.185491 130 252 151
0.314870 0.260098 -0.033797 -0.491425 -0.870919 -0.001388 64 16 127
-0.276999 0.230630 0.647104 -0.282240 -0.939774 -0.192786 91 7 102
0.180044 0.016238 0.542950 0.995326 -0.019851 -0.094512 254 124 115
-0.378151 -0.266935 0.518835 0.358473 0.928523 -0.096656 173 245 115
0.196440 0.151797 0.338578 0.887941 -0.453276 -0.078111 240 69 117
0.316425 0.025773 -1.049244 -0.203669 -0.150880 0.967344 101 108 250
-0.489938 0.014997 0.630106 0.981157 -0.088802 -0.171594 252 116 105
-0.406621 0.104483 0.800467 0.252236 -0.126445 -0.959369 159 111 5
0.303826 0.247146 0.117531 -0.405577 -0.912260 -0.057344 75 11 120
0.355109 -0.185455 -0.672908 -0.859608 0.504113 0.083329 17 191 138
0.052696 -0.113204 -0.512104 0.953512 0.298244 0.043182 249 165 133
0.380843 -0.079202 -0.963090 -0.958229 0.210873 0.193211 5 154 152
-0.186779 0.086460 0.628926 -0.931492 -0.213070 -0.294828 8 100 89
0.276293 -0.280830 -0.878703 -0.128104 0.991732 0.007563 111 253 128
-0.381342 0.237231 0.425525 0.484136 -0.874305 -0.034688 189 16 123
-0.502233 -0.053011 0.616831 0.989054 0.022957 -0.145758 253 130 108
0.473689 0.009812 0.317992 -0.987896 -0.140075 0.066633 1 109 135
-0.486391 0.121066 -0.294321 0.763952 -0.401052 0.505505 224 76 191
0.299454 0.259706 -0.167849 -0.469465 -0.881262 0.054588 67 15 134
-0.183752 0.073542 0.519622 -0.977596 -0.207762 0.033763 2 101 131
-0.126801 -0.156061 0.012636 -0.673278 0.328039 -0.662637 41 169 43
0.275053 0.273059 -0.867894 -0.458192 -0.888784 -0.011102 69 14 126
0.357010 0.114246 -0.781751 -0.921179 -0.368558 -0.124876 10 80 111
0.300679 -0.262006 -0.476876 -0.578986 0.814541 0.036034 53 231 132
0.228220 -0.184097 0.586421 0.902139 0.410843 -0.131729 242 179 110
0.465839 -0.047580 0.287579 -0.999483 0.032101 0.001907 0 131 127
-0.049601 0.135373 -0.037424 -0.150432 -0.194479 -0.969303 108 102 3
-0.533149 0.161846 0.079175 0.923950 -0.381678 -0.025272 245 78 124
-0.268720 -0.284965 0.053673 -0.517543 0.844419 -0.138226 61 235 109
0.151872 -0.066627 0.307032 0.973980 0.200708 -0.105263 251 153 114
-0.482917 0.188750 0.054588 0.722342 -0.684076 -0.101301 219 40 114
0.311915 0.152816 0.703914 -0.362601 -0.575471 -0.733044 81 54 34
0.209480 -0.123362 0.593131 0.953975 0.285282 -0.092450 249 163 115
0.259872 -0.217470 0.540360 0.716884 0.677295 -0.165371 218 213 106
-0.485796 0.061163 -0.252341 0.592646 -0.289862 0.751499 203 90 223
-0.496220 -0.150715 -0.186165 0.755302 0.320411 0.571713 223 168 200
0.306029 -0.270409 0.462483 0.463400 0.882338 -0.082099 186 239 117
0.201388 0.082476 0.634292 0.893381 -0.196044 -0.404274 241 102 75
0.344557 -0.037772 0.750413 -0.462680 0.274162 -0.843067 68 162 20
-0.560577 0.075953 -0.003339 0.949940 -0.311798 -0.019886 248 87 124
0.469001 0.018660 0.430319 -0.993498 -0.113630 0.007126 0 113 128
-0.422997 -0.254414 0.548663 0.659275 0.748957 -0.066483 211 222 119
0.381944 -0.012527 -0.560127 -0.990138 -0.114592 0.080590 1 112 137
-0.345319 -0.305531 0.252257 -0.253939 0.944132 -0.210070 95 247 100
-0.251137 -0.171127 0.779372 -0.621723 0.677987 -0.392166 48 213 77
-0.455289 0.079554 0.748328 0.859138 -0.252233 -0.445264 237 95 70
-0.468238 -0.168524 -0.238419 0.653451 0.469059 0.594126 210 187 203
-0.198578 -0.138936 0.658991 -0.936556 0.317342 -0.148852 8 167 108
-0.406734 -0.224796 -0.235371 0.543357 0.567798 0.618360 196 199 206
0.098385 0.121895 -0.825450 0.916268 -0.330129 0.226865 244 85 156
-0.192391 0.138303 0.560067 -0.900455 -0.398801 -0.173602 12 76 105
0.179666 0.210134 0.151824 0.775173 -0.626307 -0.082748 226 47 116
0.238115 0.279758 -0.029387 -0.196973 -0.975230 -0.100638 102 3 114
0.147752 -0.303624 -0.347710 0.354536 0.934722 0.024474 172 246 130
0.099735 0.143378 0.003647 0.909459 -0.408513 -0.077474 243 75 117
0.459783 -0.093986 0.212416 -0.966185 0.246216 0.076575 4 158 137
-0.221794 -0.192444 0.619991 -0.830975 0.556228 -0.009564 21 198 126
-0.493836 -0.225056 0.414009 0.807567 0.579485 -0.109692 230 201 113
0.400433 -0.218125 0.447198 -0.819632 0.571734 -0.036370 22 200 122
0.353943 0.228791 0.047738 -0.616665 -0.783636 0.075097 48 27 137
0.275691 -0.291826 -0.436327 -0.467832 0.883807 -0.004307 67 240 126
0.219359 0.295834 -0.652729 -0.068932 -0.997582 -0.008844 118 0 126
0.019587 0.035512 -0.461867 0.915002 -0.127382 0.382812 244 111 176
0.007947 0.166015 -0.038158 0.564991 -0.437908 -0.699301 199 71 38
-0.167437 -0.294115 -0.219095 0.046640 0.897006 0.439551 133 241 183
-0.435909 -0.279879 0.225176 0.434830 0.896868 -0.080935 182 241 117
-0.421021 0.191521 0.572008 0.607606 -0.778071 -0.159438 204 28 107
0.255883 -0.215169 0.636866 0.797701 0.576052 -0.178430 229 200 104
0.262049 0.266675 0.296747 0.562273 -0.825324 -0.051857 199 22 120
0.219460 -0.250598 0.269835 0.713140 0.694037 -0.098707 218 215 114
-0.355753 0.276412 -0.162041 0.265553 -0.951218 0.157055 161 6 147
0.241398 -0.306336 -0.270999 -0.247164 0.966970 0.062281 95 250 135
0.183312 0.214441 0.155008 0.756161 -0.644002 -0.116110 223 45 112
0.330065 0.213528 0.690707 -0.420498 -0.644128 -0.638968 73 45 46
0.329726 -0.219984 -0.917327 -0.733163 0.678795 -0.041347 34 214 122
-0.414212 0.244642 0.392423 0.412879 -0.890574 -0.190812 180 13 103
0.117576 0.085476 -0.927588 0.933557 -0.321920 0.157607 246 86 147
-0.502615 0.014442 0.528787 0.989339 -0.129110 -0.067364 253 111 118
-0.156644 -0.112079 -0.397468 -0.068845 0.166567 0.983624 118 148 252
0.153550 -0.275526 -0.002004 0.359523 0.895736 -0.261535 173 241 94
-0.414784 -0.027084 0.796292 0.695788 0.139021 -0.704664 216 145 37
-0.439976 -0.266177 0.116729 0.476411 0.878570 0.033869 188 239 131
0.194946 0.069106 0.514956 0.983956 -0.160788 -0.077319 252 106 117
-0.579107 -0.061401 0.056647 0.999400 0.034432 -0.003731 254 131 127
0.256622 -0.078887 -1.030937 0.002388 0.197970 0.980205 127 152 252
-0.165304 -0.052005 0.040464 -0.626976 0.047686 -0.777578 47 133 28
0.387274 0.179416 -0.167520 -0.851250 -0.509111 0.127199 18 62 143
-0.369409 0.035813 -0.360509 0.177090 -0.228436 0.957317 150 98 249
0.459418 -0.089475 0.309221 -0.960997 0.276528 -0.004096 4 162 126
-0.544577 0.108608 0.105792 0.934662 -0.352387 -0.047229 246 82 121
0.375838 -0.179750 0.615054 -0.629495 0.697723 -0.341933 47 216 83
-0.483999 0.062697 0.640112 0.929730 -0.339347 -0.142986 246 84 109
-0.262101 0.210685 0.353369 -0.669411 -0.740692 -0.057137 42 33 120
-0.197255 -0.120325 0.300738 -0.950989 0.307257 -0.034829 6 166 123
0.128598 0.199028 -0.805167 0.838002 -0.538982 0.085150 234 58 138
0.346573 -0.040311 -1.043001 -0.550569 0.117074 0.826539 57 142 232
0.326169 0.152722 -1.019321 -0.278849 -0.481250 0.831048 91 66 233
0.213112 0.043960 0.724856 0.904870 -0.111209 -0.410905 242 113 75
0.305309 0.225736 -0.641957 -0.728438 -0.674398 -0.120688 34 41 112
0.175212 -0.010719 0.474328 0.995236 0.058091 -0.078302 254 134 117
-0.246203 0.287414 -0.057131 -0.361732 -0.910258 -0.201444 81 11 101
0.434764 -0.142926 0.130854 -0.912752 0.404356 0.058149 11 179 134
0.304063 -0.245298 -0.810726 -0.631465 0.772463 0.067471 46 225 136
0.351746 0.145553 -0.786677 -0.896452 -0.441039 -0.043113 13 71 122
0.099551 0.253446 -0.374305 0.592739 -0.792529 0.143378 203 26 145
0.078279 -0.010733 -0.826850 0.992253 -0.086225 0.089442 254 116 138
0.318265 -0.013030 -1.050640 -0.304687 -0.067394 0.950065 88 118 248
0.391574 0.213319 0.415471 -0.663204 -0.748238 -0.017337 42 32 125
0.340435 0.238657 0.096873 -0.543056 -0.839696 0.000711 58 20 127
-0.230466 0.247041 -0.264088 0.072414 -0.830650 0.552066 136 21 197
0.396862 -0.168975 -0.230334 -0.915942 0.390913 0.090760 10 177 139
0.366829 0.003877 -1.044179 -0.822863 0.026366 0.567628 22 130 199
0.157688 0.041916 -1.016893 0.793236 -0.252773 0.553970 228 95 198
0.277324 -0.258787 -0.813421 -0.384092 0.923059 0.020857 78 245 130
-0.225186 0.194174 0.668014 -0.762433 -0.548844 -0.342733 30 57 83
-0.207744 0.146069 0.559023 -0.882639 -0.464691 -0.070790 14 68 118
0.279125 -0.271156 -0.277637 -0.473581 0.880678 -0.011252 67 239 126
0.238198 -0.259502 0.192773 0.546143 0.837427 -0.021081 197 234 124
-0.257223 0.268940 -0.083224 -0.175544 -0.964677 -0.196427 105 4 102
0.434107 0.145102 0.188815 -0.921818 -0.385844 0.037088 9 78 132
-0.472018 -0.151482 0.607595 0.712851 0.552143 -0.432414 218 197 72
0.330663 -0.050938 0.748071 -0.198966 0.047357 -0.978861 102 133 2
0.417255 -0.162902 -0.076068 -0.929987 0.341631 0.135693 8 171 144
0.379153 0.223280 0.361195 -0.661075 -0.749880 -0.025698 43 31 124
-0.318915 0.262096 0.444226 -0.387047 -0.917738 -0.089176 78 10 116
0.360151 0.209108 -0.042232 -0.815838 -0.576744 0.042140 23 53 132
0.207807 -0.313716 -0.349908 -0.075109 0.997000 0.018680 117 254 129
0.329872 -0.270416 0.308946 0.070016 0.993654 -0.088030 136 254 116
0.382386 0.151843 -0.330775 -0.910710 -0.405501 0.078591 11 75 137
-0.526859 -0.158350 0.285748 0.970757 0.240053 0.002233 251 158 127
0.210981 -0.145298 0.556873 0.869676 0.491866 -0.041615 238 190 122
0.376955 -0.091267 -0.745353 -0.968434 0.248236 0.022703 4 159 130
-0.502430 -0.220670 0.351756 0.790573 0.594467 -0.146982 228 203 108
-0.209712 -0.062890 0.750569 -0.962387 0.066730 -0.263361 4 136 93
-0.472724 -0.271548 0.137249 0.691302 0.719347 -0.068127 215 219 118
-0.374776 -0.289706 0.355559 0.036139 0.997552 -0.059862 132 254 119
0.097312 -0.017485 -0.902299 0.993098 0.041203 0.109808 254 132 141
-0.511174 -0.071301 0.517361 0.991613 0.076627 -0.104077 253 137 114
0.336756 0.157780 -0.704301 -0.838460 -0.510601 -0.190451 20 62 103
0.317226 0.217874 -0.433336 -0.733344 -0.678679 -0.040013 33 40 122
0.384023 0.140011 -0.241444 -0.882756 -0.436448 0.173940 14 71 149
0.253203 0.269594 -0.840651 -0.139935 -0.989693 0.030424 109 1 131
-0.441041 -0.278206 0.045827 0.416827 0.907986 -0.042637 180 243 122
-0.406196 0.227050 -0.217568 0.478608 -0.742173 0.469163 188 32 187
0.166068 -0.295264 -0.390906 0.224500 0.973854 0.034751 156 251 131
-0.330001 -0.269685 0.043092 -0.031080 0.997475 0.063860 123 254 135
0.199165 0.128433 0.480523 0.967473 -0.240048 -0.079827 250 96 117
-0.549154 0.056235 0.421473 0.917957 -0.141498 -0.370586 244 109 80
-0.162267 -0.154052 -0.365037 -0.027623 0.518634 0.854550 123 193 236
-0.417910 0.243662 -0.043820 0.371027 -0.927005 0.054781 174 9 134
-0.374610 -0.177588 -0.286063 0.422077 0.549949 0.720699 181 197 219
-0.531865 -0.157343 0.270798 0.958469 0.284066 -0.025370 249 163 124
-0.321065 -0.033669 -0.376929 0.212725 0.127931 0.968701 154 143 251
-0.532279 0.010516 -0.219164 0.818372 0.040234 0.573278 231 132 200
0.252510 0.111019 0.750488 0.096576 -0.290064 -0.952122 139 90 6
0.070935 0.061616 -0.732225 0.969968 -0.210411 0.122022 251 100 143
0.280883 -0.295630 -0.127544 -0.277348 0.960294 -0.030235 92 249 123
0.449429 0.142413 0.361844 -0.928192 -0.367970 0.055300 9 80 134
0.191726 -0.085030 0.552076 0.987032 0.141079 -0.076577 253 145 117
-0.185556 -0.294682 -0.255440 0.195754 0.877862 0.437080 152 239 183
-0.324556 0.184407 -0.297040 0.250560 -0.589336 0.768051 159 52 225
0.386753 0.205015 0.177094 -0.744042 -0.665641 0.057650 32 42 134
0.378299 0.226610 0.471112 -0.662804 -0.737012 -0.132306 42 33 110
0.436701 -0.165000 0.323933 -0.878350 0.478015 0.001804 15 188 127
0.069836 0.058067 0.020580 0.990088 -0.119780 -0.073339 253 112 118
-0.375481 -0.015643 0.855525 0.583356 0.013868 -0.812099 201 129 23
0.324448 0.242468 -0.016929 -0.603387 -0.792626 -0.087568 50 26 116
-0.066837 0.163264 -0.332352 0.423541 -0.695698 0.580188 181 38 201
0.331029 0.269825 0.230806 -0.287069 -0.956670 -0.048719 90 5 121
-0.409192 -0.146971 0.778855 0.525672 0.325622 -0.785900 194 169 27
0.379043 -0.067803 -0.711030 -0.989495 0.139130 -0.039275 1 145 122
0.014928 -0.166736 0.003238 0.664451 0.340629 -0.665189 212 170 42
-0.293247 0.203254 -0.311221 0.142795 -0.693387 0.706275 145 39 217
0.373553 0.145959 -0.387393 -0.940798 -0.338894 -0.007102 7 84 126
-0.434783 0.241052 -0.204093 0.512489 -0.789033 0.338796 192 26 170
-0.172607 0.210196 -0.324316 -0.066405 -0.779466 0.622915 119 28 206
0.338380 0.256135 0.168468 -0.439699 -0.898050 0.013070 71 12 129
0.070280 -0.117184 0.042370 0.869083 0.356780 -0.342642 238 172 83
0.133182 0.234230 -0.546357 0.668336 -0.740380 0.071857 212 33 136
-0.484251 0.167187 -0.200730 0.738993 -0.561183 0.372778 221 55 175
0.184273 -0.021333 0.592233 0.995013 0.007829 -0.099436 254 128 114
0.466918 -0.075210 0.264122 -0.973810 0.219266 0.060139 3 155 135
-0.389476 0.133519 0.761310 0.534422 -0.134685 -0.834418 195 110 21
0.208633 -0.137399 0.460682 0.893454 0.445485 -0.057305 241 184 120
-0.495333 -0.068671 0.602190 0.990506 0.108568 -0.084324 253 141 116
0.036952 0.008368 0.074772 0.809502 -0.184578 -0.557349 230 103 56
0.221794 -0.308601 -0.132621 -0.116982 0.993001 -0.016279 112 254 125
-0.241159 0.075783 -0.389044 -0.106933 -0.162626 0.980876 113 106 252
0.462307 -0.062293 0.210478 -0.971408 0.237413 -0.001183 3 157 127
-0.355365 -0.256330 -0.259092 0.440137 0.627155 0.642617 183 207 209
0.212921 0.051357 0.700406 0.940843 -0.125784 -0.314631 247 111 87
-0.490044 0.192604 -0.096235 0.782444 -0.616107 0.090520 227 48 139
0.275586 0.245752 -0.505083 -0.514284 -0.853016 -0.088748 61 18 116
0.258743 -0.291497 -0.790202 -0.143543 0.988782 0.041303 109 253 132
-0.226391 -0.182110 0.157237 -0.801877 0.570030 -0.179053 25 200 104
-0.014342 -0.268143 -0.064866 0.146992 0.812935 -0.563498 146 231 55
-0.367997 0.267673 0.127699 -0.072600 -0.997094 0.023080 118 0 130
0.309496 -0.273750 -0.287150 -0.544067 0.838158 0.038504 58 234 132
0.427380 -0.157953 0.058193 -0.934830 0.345748 0.080939 8 171 137
0.112048 -0.184816 -0.762726 0.833641 0.543389 0.098850 233 196 140
-0.316286 -0.037737 -0.377856 0.028148 0.067252 0.997339 131 136 254
0.323946 -0.166213 0.689043 -0.360944 0.640749 -0.677613 81 209 41
-0.524806 0.110098 0.272720 0.912331 -0.405760 -0.054875 243 75 120
0.372164 0.066818 -0.704965 -0.965307 -0.260613 0.016240 4 94 129
-0.005057 0.006978 0.018285 0.812787 -0.010130 -0.582472 231 126 53
-0.162989 -0.044553 0.107008 -0.953838 0.110040 -0.279435 5 141 91
0.357504 -0.150427 -0.842717 -0.864170 0.503017 0.013542 17 191 129
-0.150695 0.098067 0.025993 -0.741249 -0.315744 -0.592331 32 87 51
-0.364661 -0.221732 -0.231687 0.510604 0.704143 0.493422 192 217 190
0.360281 0.118379 -0.923533 -0.918071 -0.394756 -0.036242 10 77 122
0.104357 -0.296662 -0.270419 0.295706 0.952953 0.066620 165 249 135
0.181625 -0.248066 -0.861103 0.676957 0.727119 0.114136 213 220 142
-0.524552 -0.067159 0.563428 0.951668 0.156923 -0.264014 248 147 93
-0.161009 0.115546 0.046493 -0.815847 -0.340618 -0.467304 23 84 67
0.179654 -0.082508 0.554452 0.993176 0.092783 -0.070657 254 139 118
-0.392399 -0.056320 0.787427 0.329414 0.144606 -0.933046 169 145 8
0.249478 0.271608 0.037689 0.259501 -0.964588 -0.047216 160 4 121
-0.378621 -0.283806 -0.134979 0.293226 0.932796 0.209546 164 246 154
-0.208365 -0.202512 0.389922 -0.907380 0.419143 0.031302 11 180 131
0.450735 -0.105635 0.163620 -0.941956 0.319691 0.102551 7 168 140
0.136436 -0.039164 -1.025816 0.909654 0.133987 0.393162 243 144 177
-0.510410 0.031727 -0.224401 0.829319 -0.138619 0.541308 233 109 196
0.266986 -0.218521 0.658950 0.751026 0.642555 -0.151931 223 209 108
0.358275 0.241867 0.259781 -0.569510 -0.821540 -0.027035 54 22 124
0.058452 -0.148650 -0.489495 0.936830 0.343755 0.064675 246 171 135
0.224933 0.263578 0.126274 0.503734 -0.859987 -0.081701 191 17 117
-0.372285 -0.032790 0.801423 0.222992 -0.106190 -0.969019 155 113 3
-0.173280 0.194830 -0.364231 -0.010141 -0.585685 0.810476 126 52 230
0.082256 -0.183513 -0.572827 0.910957 0.411340 0.030929 243 179 131
0.252177 -0.271739 -0.825743 0.234582 0.953767 0.187880 157 249 151
-0.408093 -0.307490 0.117179 0.077261 0.996997 0.005203 137 254 128
0.312056 0.214964 -0.613464 -0.703822 -0.709780 0.029090 37 37 131
-0.319303 0.253741 -0.233493 0.360808 -0.813499 0.456110 173 23 185
0.039209 0.260441 -0.102157 0.265881 -0.803383 -0.532807 161 25 59
0.131563 -0.292687 -0.112308 0.296391 0.920428 -0.254880 165 244 95
-0.118722 -0.090113 0.030814 -0.824846 0.197645 -0.529685 22 152 59
0.306285 0.210941 -0.941542 -0.502729 -0.787440 0.356654 63 27 172
-0.207478 -0.168161 0.371969 -0.924758 0.378852 0.035967 9 175 132
-0.148184 -0.222233 0.017314 -0.670245 0.512616 -0.536653 42 192 59
0.210299 0.263722 0.065660 0.478118 -0.871609 -0.108172 188 16 113
0.153293 0.277950 -0.396220 0.451912 -0.890103 0.059101 185 14 135
-0.499119 -0.189231 0.460084 0.885923 0.452293 -0.102820 240 185 114
-0.086201 -0.308897 -0.212746 -0.051364 0.995027 0.085338 120 254 138
-0.218996 -0.134384 0.706214 -0.836350 0.482358 -0.260480 20 189 94
-0.506484 -0.038089 0.516097 0.994767 0.095775 -0.035584 254 139 122
0.255814 -0.287808 -0.633110 -0.184208 0.982798 0.013234 104 252 129
0.349511 0.165265 -0.802983 -0.878022 -0.475494 -0.054619 15 66 120
-0.345546 -0.286718 -0.150426 0.297569 0.946012 0.128511 165 248 143
-0.150162 -0.134237 -0.393832 -0.083947 0.241775 0.966694 116 158 250
0.228877 -0.153267 0.609629 0.881839 0.455324 -0.122635 239 185 111
-0.471641 0.226957 0.066113 0.619931 -0.738672 -0.264670 206 33 93
-0.275229 0.029839 0.824120 -0.022683 -0.057404 -0.998093 124 120 0
-0.230171 -0.071107 0.793353 -0.777924 0.076314 -0.623706 28 137 47
-0.334356 0.275636 -0.063799 0.099435 -0.988733 0.111894 140 1 141
0.208688 0.133042 -0.981856 0.237933 -0.607354 0.757964 157 50 224
0.257398 -0.296277 -0.561316 -0.266026 0.963955 -0.004644 93 250 126
-0.187050 -0.070613 -0.381569 -0.001816 0.249185 0.968454 127 159 250
-0.364278 -0.274785 0.535634 0.196238 0.980510 0.009507 152 252 128
-0.263615 -0.244146 0.456581 -0.684749 0.728227 0.028365 40 220 131
-0.241486 0.078667 0.813595 -0.664838 -0.258503 -0.700832 42 94 38
0.278197 0.215732 0.577071 0.602899 -0.795219 -0.064336 204 26 119
0.352731 -0.266080 0.334653 -0.261817 0.963858 -0.049298 94 250 121
0.036182 -0.120068 -0.027781 0.753255 0.439471 -0.489360 223 183 65
0.357861 0.164321 -0.736025 -0.905134 -0.424070 -0.029953 12 73 123
-0.271065 0.234953 0.474728 -0.578097 -0.814449 -0.049760 53 23 121
0.286943 0.249656 -0.239030 -0.479691 -0.867538 -0.131434 66 16 110
0.246522 -0.167453 0.710018 0.691680 0.458185 -0.558252 215 185 56
-0.207427 -0.143832 0.760609 0.036142 0.470446 -0.881689 132 187 15
0.070121 0.284170 -0.197628 0.132064 -0.978784 -0.156659 144 2 107
-0.471743 -0.253323 0.029901 0.519187 0.834755 -0.183383 193 233 104
0.299919 -0.247978 -0.762465 -0.623408 0.781708 0.017178 48 227 129
0.463892 -0.022143 0.150561 -0.993905 0.048982 0.098758 0 133 140
0.064801 -0.062698 -0.701461 0.996368 0.027818 0.080484 254 131 137
0.280322 -0.177201 -1.000533 -0.043925 0.470251 0.881439 121 187 239
0.371147 -0.166618 -0.388787 -0.914153 0.405181 0.012342 10 179 129
0.458198 0.028674 0.553336 -0.986469 -0.087046 -0.138933 1 116 109
-0.162100 -0.273726 -0.071206 -0.327009 0.876820 -0.352494 85 239 82
-0.163128 -0.305739 -0.115722 -0.187696 0.935754 -0.298553 103 246 89
0.102194 0.151743 -0.891749 0.276074 -0.396715 0.875443 162 76 239
-0.376574 -0.103920 -0.345119 0.416573 0.233165 0.878693 180 157 239
-0.492171 0.047319 -0.245322 0.791532 -0.173622 0.585946 228 105 202
0.279141 0.247949 -0.685909 -0.556412 -0.826990 -0.080589 56 22 117
0.345466 0.105529 -0.555459 -0.871863 -0.482644 -0.083126 16 65 116
0.127008 -0.245107 -0.438605 0.570530 0.818411 0.068547 200 231 136
-0.533385 0.156677 0.067213 0.923939 -0.382521 -0.003751 245 78 127
0.392927 0.004275 0.710795 -0.740541 0.132299 -0.658860 33 144 43
-0.262432 -0.289831 0.060210 -0.584392 0.789693 -0.186736 52 228 103
-0.097007 -0.043989 -0.005222 -0.593194 0.009571 -0.805003 51 128 24
0.395246 0.202015 0.355085 -0.758853 -0.650853 0.023086 30 44 130
-0.408481 -0.291082 0.279161 0.356786 0.932019 -0.063598 172 246 119
-0.073603 -0.283612 -0.080473 -0.134764 0.770156 -0.623457 110 225 48
0.118917 -0.224174 -0.658091 0.786459 0.614895 0.058193 227 205 134
0.407153 -0.211222 0.325027 -0.739132 0.673535 0.005885 33 213 128
0.134556 -0.290390 -0.421310 0.648962 0.760340 0.027038 210 224 130
0.241792 0.277679 -0.784593 -0.049708 -0.993323 0.104109 121 0 140
-0.465776 0.116809 -0.243980 0.641180 -0.507930 0.575235 209 62 200
0.428491 0.150896 0.235852 -0.889791 -0.434597 -0.139273 14 72 109
-0.252543 -0.228354 0.339640 -0.706553 0.706125 0.046587 37 217 133
-0.485767 0.110284 0.518886 0.892758 -0.422991 -0.155118 241 73 107
-0.410226 0.240091 0.292147 0.376742 -0.920876 -0.100269 175 10 114
-0.522205 0.060225 0.461189 0.958123 -0.138401 -0.250691 249 109 95
0.371287 -0.086963 -0.881007 -0.933531 0.350923 -0.073300 8 172 118
0.050681 -0.011790 -0.613141 0.994924 -0.082137 0.058136 254 117 134
0.415756 0.027889 -0.305677 -0.998250 -0.041607 0.042025 0 122 132
0.460272 -0.005703 0.118202 -0.996167 0.038480 0.078559 0 132 137
0.250063 0.271942 -0.726490 -0.368990 -0.929427 -0.003354 80 8 127
-0.022844 0.188122 -0.327463 0.650158 -0.644367 0.402599 210 45 178
0.343400 -0.076117 0.750060 -0.220125 0.360327 -0.906482 99 173 11
-0.441628 0.152659 -0.267316 0.393276 -0.605174 0.692170 177 50 215
0.381652 -0.240274 0.235323 -0.712327 0.691558 -0.119743 36 215 112
0.427375 0.159068 0.497391 -0.857146 -0.508032 -0.084874 18 62 116
0.181637 -0.237789 0.097929 0.677196 0.733581 -0.057135 213 221 120
-0.187189 0.114618 0.554998 -0.956559 -0.289926 0.030634 5 90 131
-0.517038 -0.082107 0.453741 0.936667 0.199966 -0.287522 246 152 90
-0.207518 0.150366 0.670727 -0.932001 -0.352654 -0.083725 8 82 116
0.230847 -0.020783 -1.039396 0.273709 0.015814 0.961682 162 129 250
0.341774 -0.165514 -0.914895 -0.875309 0.479642 0.061461 15 188 135
0.011581 0.148489 -0.016979 0.178180 -0.605232 -0.775852 150 50 28
-0.473799 0.073439 0.679959 0.899820 -0.197344 -0.389075 242 102 77
-0.234467 -0.133910 0.775665 -0.672031 0.458175 -0.581765 41 185 53
-0.257141 -0.005749 -0.391586 -0.066817 -0.109271 0.991764 118 113 253
0.243860 0.217877 0.666354 0.773845 -0.620422 -0.127438 226 48 111
0.239767 -0.303906 -0.073442 -0.085294 0.992569 -0.086789 116 254 116
-0.508082 -0.137396 0.553097 0.907248 0.389429 -0.158888 243 177 107
-0.158513 -0.276223 -0.068128 -0.300964 0.910871 -0.282375 89 243 91
0.001693 0.192855 -0.394408 0.506092 -0.696665 0.508457 192 38 192
0.227968 -0.189018 0.547346 0.887417 0.452964 -0.085526 240 185 116
0.081964 -0.052472 -0.822231 0.980269 0.168294 0.103684 252 148 140
-0.556928 -0.141604 0.041322 0.938623 0.344919 0.004261 247 171 128
0.112602 -0.265545 -0.047042 0.558507 0.780862 -0.279864 198 227 91
-0.496947 0.123420 0.570931 0.900697 -0.231965 -0.367338 242 97 80
0.022881 -0.113267 -0.366107 0.974268 0.190552 0.120383 251 151 142
-0.270392 -0.244742 0.457748 -0.631572 0.774229 -0.041064 46 226 122
-0.572154 -0.027347 0.132543 0.996996 0.021953 -0.074282 254 130 118
-0.128069 -0.122477 0.010662 -0.630303 0.243077 -0.737314 47 158 33
-0.550416 0.112457 0.004338 0.899125 -0.435010 -0.048386 242 72 121
0.035857 0.020086 -0.621739 0.897097 -0.081770 0.434201 241 117 182
-0.497438 0.184528 -0.143032 0.805575 -0.535065 0.254468 230 59 159
0.194689 0.230384 0.156354 0.709336 -0.699330 -0.088204 217 38 116
-0.577096 0.054014 0.056651 0.991636 -0.125957 -0.028151 253 111 123
0.142871 0.043055 0.290910 0.992778 -0.095832 -0.072172 254 115 118
-0.545377 0.058977 0.321237 0.946580 -0.240782 -0.214499 248 96 100
0.247032 -0.201187 0.553484 0.827182 0.554701 -0.089871 232 198 116
0.347754 -0.200255 -0.811892 -0.835593 0.545633 -0.063790 20 197 119
0.049842 -0.089407 -0.628351 0.997735 0.054102 0.039963 254 134 132
-0.181115 -0.082502 -0.400435 -0.080104 0.127912 0.988545 117 143 253
0.295751 0.235711 -0.906645 -0.533037 -0.845339 -0.035682 59 19 122
-0.268745 0.231198 0.695483 -0.440704 -0.887926 -0.131787 71 14 110
-0.414288 0.211734 0.609322 0.573058 -0.747851 -0.335148 200 32 84
-0.049185 0.155709 -0.356330 0.637993 -0.396245 0.660269 208 76 211
0.112431 -0.271105 -0.095805 0.439510 0.843515 -0.308728 183 235 88
0.318393 -0.229105 -0.724839 -0.722879 0.689321 -0.047787 35 215 121
-0.499751 -0.181532 -0.134757 0.766650 0.529099 0.363734 225 194 173
0.231078 -0.294155 -0.680242 0.316659 0.947830 0.036686 167 248 132
0.164580 0.304005 -0.260114 0.189119 -0.979323 -0.071839 151 2 118
0.208007 -0.112454 0.627933 0.942190 0.317574 -0.106889 247 167 113
0.037441 -0.052022 -0.481035 0.997114 -0.055922 0.051355 254 120 134
-0.213648 -0.108954 -0.389260 -0.070466 0.264648 0.961767 118 161 250
0.345788 -0.203118 -0.552690 -0.839836 0.542467 -0.020112 20 196 124
0.120181 -0.300765 -0.122589 0.400824 0.870797 -0.284698 178 238 91
0.105524 0.021985 -0.932818 0.983631 -0.145151 0.106779 252 108 141
-0.044642 -0.006838 0.028955 0.072361 -0.093723 -0.992965 136 115 0
-0.351426 0.011614 0.824892 0.139501 -0.136935 -0.980708 145 110 2
0.324523 0.268546 0.160146 -0.328443 -0.944483 -0.008803 85 7 126
0.260992 -0.308712 -0.306406 -0.278675 0.960278 -0.014376 91 249 125
0.399613 -0.030912 -0.391519 -0.995582 0.067726 0.065038 0 136 135
0.331299 -0.192764 -0.586689 -0.862681 0.481337 0.155230 17 188 147
-0.282573 0.192986 -0.342059 0.027057 -0.599559 0.799873 130 51 229
-0.340675 0.256619 0.551966 -0.157263 -0.967769 -0.196701 107 4 102
0.174699 0.163239 0.274412 0.901106 -0.426351 -0.078951 242 73 117
0.337491 -0.196218 -0.683095 -0.833572 0.548194 -0.068127 21 197 118
-0.243850 0.208130 0.385343 -0.746792 -0.665045 0.003969 32 42 128
-0.459482 0.230162 0.143523 0.611749 -0.790992 -0.009738 205 26 126
0.429599 0.153694 0.473770 -0.872849 -0.481180 -0.081241 16 66 117
-0.382231 0.211436 0.640589 0.540751 -0.771043 -0.336276 196 29 84
-0.422980 -0.151381 0.731405 0.600062 0.496998 -0.626831 204 190 47
0.359613 0.136406 -0.917147 -0.897870 -0.438392 -0.040510 13 71 122
0.374187 -0.157079 -0.345365 -0.886635 0.461625 0.027954 14 186 131
0.335163 -0.136500 -0.660335 -0.799127 0.466194 -0.379552 25 186 79
0.102003 0.021875 -0.943866 0.978459 -0.031189 0.204071 252 123 153
-0.353312 0.272048 0.368661 -0.177970 -0.981371 -0.072376 104 2 118
0.398966 -0.218850 0.199163 -0.744911 0.666399 -0.031957 32 212 123
-0.560850 0.039480 0.270313 0.969785 -0.167264 -0.177595 251 106 104
0.123340 -0.227740 -0.682906 0.779620 0.621829 0.074305 226 206 136
0.309637 0.222707 -0.963892 -0.689400 -0.723616 0.033282 39 35 131
0.388699 -0.014009 -0.563982 -0.995608 0.023198 -0.090698 0 130 115
0.373277 -0.104529 -0.822145 -0.944518 0.326825 -0.032723 7 169 123
-0.406417 0.234197 0.342456 0.438570 -0.895996 -0.069616 183 13 118
0.102940 -0.253473 -0.378848 0.679632 0.730841 0.063027 214 220 135
0.034516 -0.021364 -0.072041 0.995942 0.018497 -0.088071 254 129 116
0.249296 -0.288810 -0.659166 0.027332 0.998353 -0.050435 130 254 121
0.286573 -0.271452 -0.570355 -0.565570 0.824028 -0.033304 55 232 123
-0.234909 -0.042132 -0.395137 -0.099489 0.021102 0.994815 114 130 254
-0.480522 0.106553 0.624060 0.898039 -0.238709 -0.369518 242 97 80
0.442194 -0.138272 0.335354 -0.888919 0.458061 0.001786 14 185 127
-0.564276 0.063686 -0.111373 0.963946 -0.249560 0.092346 250 95 139
0.146117 0.019589 0.312637 0.987805 -0.128838 -0.087420 253 111 116
-0.012508 0.241570 -0.201263 0.511367 -0.852273 0.110151 192 18 141
0.097307 -0.193779 0.015340 0.812794 0.544907 -0.206016 231 196 101
0.309939 0.222051 -0.850055 -0.603594 -0.796237 -0.040998 50 25 122
-0.335264 0.271114 -0.037946 0.053756 -0.988862 -0.138790 134 1 109
-0.199825 0.197360 0.089173 -0.794053 -0.363330 -0.487311 26 81 65
-0.522574 -0.009140 0.487764 0.979032 -0.061748 -0.194125 252 119 102
-0.523388 0.142208 0.295532 0.860913 -0.459105 -0.219205 237 68 99
0.152433 -0.152456 -0.961136 0.862579 0.452692 0.225894 237 185 156
-0.219245 -0.243952 0.068941 -0.737271 0.651537 -0.178692 33 210 104
0.391087 0.116825 -0.383066 -0.950797 -0.307587 0.037095 6 88 132
-0.063312 -0.087927 -0.361240 0.626498 0.264289 0.733247 207 161 220
0.159208 0.127057 0.266835 0.951111 -0.304927 -0.049072 248 88 121
0.463131 -0.072511 0.424166 -0.985389 0.139822 -0.097254 1 145 115
0.353796 -0.267016 0.513917 -0.144215 0.984752 -0.097288 109 253 115
-0.561262 0.065433 0.026675 0.946563 -0.321489 -0.025763 248 86 124
0.430893 0.127425 0.553406 -0.915278 -0.386931 -0.112031 10 78 113
-0.271430 -0.242457 0.622873 -0.494384 0.867255 -0.058758 64 238 120
-0.094286 0.234239 -0.114264 -0.140977 -0.693105 -0.706917 109 39 37
0.341676 0.167876 -0.640432 -0.871629 -0.489902 -0.016096 16 65 125
-0.226771 0.076303 -0.395160 -0.051065 -0.177838 0.982734 120 104 252
0.126127 0.256808 -0.410793 0.567883 -0.818980 0.082347 199 23 137
-0.467461 0.037894 0.680420 0.990810 -0.101640 -0.089245 253 114 116
0.385615 0.076988 -0.826285 -0.982973 -0.158906 -0.092262 2 107 115
-0.382783 0.072973 -0.309268 0.588901 -0.371574 0.717725 202 80 219
0.466457 0.043339 0.216344 -0.989157 -0.144395 -0.026802 1 109 124
-0.176811 -0.238284 0.012349 -0.461511 0.839250 -0.287518 68 234 90
0.122660 0.101532 0.218178 0.759093 -0.183784 -0.624501 224 104 47
-0.462135 0.087488 0.637061 0.895949 -0.441117 -0.051883 241 71 120
0.161275 0.261364 -0.602437 0.556115 -0.828519 0.065518 198 21 135
0.236280 -0.184985 0.498942 0.765307 0.637833 -0.086460 225 208 116
-0.299447 0.016311 0.827992 -0.230359 0.081684 -0.969671 98 137 3
0.385215 -0.226925 0.147188 -0.785725 0.615467 0.061936 27 205 135
0.367351 0.141482 -0.891985 -0.913550 -0.406722 -0.001709 11 75 127
0.381015 -0.037067 -0.937742 -0.996486 0.080041 -0.024686 0 137 124
-0.342629 0.284234 0.002158 -0.001981 -0.999959 -0.008847 127 0 126
0.280215 0.245924 -0.940606 -0.465827 -0.844017 0.265784 68 19 161
-0.500259 0.001091 0.549039 0.993319 -0.021987 -0.113285 254 124 113
-0.191613 -0.116760 0.355698 -0.927615 0.359021 0.103126 9 173 140
-0.044241 -0.140368 -0.346888 0.772394 0.286007 0.567104 225 163 199
0.379584 0.078654 -0.982885 -0.985463 -0.167666 0.027413 1 106 130
0.251666 0.226106 -0.938586 -0.008060 -0.841477 0.540233 126 20 196
0.216547 0.217908 0.269185 0.761464 -0.642997 -0.082027 224 45 117
0.424589 0.119968 0.080850 -0.922098 -0.386570 0.017316 9 78 129
0.369653 -0.091859 -0.668204 -0.936092 0.341536 -0.084170 8 171 116
0.358257 -0.158509 -0.828941 -0.898735 0.435721 -0.049229 12 183 121
0.384020 -0.081664 -0.463385 -0.920313 0.376772 0.105196 10 175 140
-0.307851 0.065474 0.807127 0.035722 -0.230231 -0.972480 132 98 3
0.338382 -0.284448 0.354356 -0.189970 0.972432 -0.135232 103 251 110
0.383257 -0.067182 -0.754216 -0.988063 0.152428 -0.022306 1 146 124
0.255080 0.278643 -0.440449 -0.325808 -0.945436 -0.000624 85 6 127
0.184079 -0.055782 0.494373 0.977003 0.204254 -0.061194 252 153 119
0.405324 -0.075208 -0.291862 -0.985363 0.168893 -0.023115 1 149 124
0.346816 0.143954 -0.790482 -0.852608 -0.522354 0.014331 18 60 129
0.226434 0.284968 -0.741690 0.310467 -0.950583 -0.001627 167 6 127
0.289483 0.284474 0.143654 -0.250365 -0.968103 0.009684 95 4 128
0.260877 0.277692 -0.200285 -0.364313 -0.931119 -0.017155 81 8 125
0.282147 0.251636 -0.635583 -0.578977 -0.813788 -0.050350 53 23 121
0.340707 -0.199766 -0.803626 -0.827452 0.561167 -0.020365 21 199 124
0.339519 0.226412 -0.888645 -0.727934 -0.682718 -0.063312 34 40 119
0.395321 0.172493 -0.086814 -0.865905 -0.499147 0.032580 17 63 131
-0.491487 -0.117082 -0.214009 0.838756 0.330405 0.432806 234 169 182
0.340620 -0.200796 -0.526812 -0.801612 0.596540 0.039466 25 203 132
0.403173 -0.189857 0.231097 -0.749544 0.661800 0.014292 31 211 129
-0.256877 -0.232162 0.599070 -0.585512 0.810594 -0.010604 52 230 126
0.165326 0.037754 0.494446 0.994673 -0.076393 -0.069209 254 117 118
-0.193679 -0.108609 0.645009 -0.928830 0.314074 -0.196552 9 167 102
-0.543787 -0.181406 -0.124050 0.846038 0.519381 0.120259 235 193 142
0.120373 -0.033618 -0.962571 0.957631 0.061090 0.281444 249 135 163
-0.243485 -0.224018 0.555574 -0.725705 0.673001 -0.142903 34 213 109
-0.499545 -0.198664 -0.097093 0.683179 0.727795 0.059840 214 220 135
-0.479438 -0.217688 -0.044533 0.656971 0.680791 0.323903 211 214 168
-0.258767 -0.230714 0.601912 -0.601002 0.794165 -0.089996 50 228 116
-0.224876 -0.238825 -0.326389 0.115753 0.650903 0.750284 142 210 223
-0.199862 0.015805 0.685881 -0.842713 -0.075595 -0.533030 20 117 59
0.282821 -0.247417 0.427512 0.631504 0.765925 -0.120672 208 225 112
0.397865 0.098998 -0.300068 -0.959454 -0.279668 0.035112 5 91 131
-0.172566 -0.283651 -0.077727 -0.232588 0.926529 -0.295714 97 245 89
0.407839 0.058696 -0.356866 -0.982699 -0.173424 0.065014 2 105 135
0.440237 -0.116460 0.048122 -0.952590 0.282357 0.113344 6 163 141
0.347078 0.123579 -0.890965 -0.917130 -0.383312 0.109288 10 78 141
-0.300529 0.112680 0.833022 -0.041567 -0.363002 -0.930861 122 81 8
-0.259351 -0.090440 -0.366145 0.213145 0.290109 0.932956 154 164 246
0.217295 0.282433 -0.572358 0.241001 -0.967860 0.071867 158 4 136
0.308111 -0.286012 0.197491 -0.176056 0.983799 -0.033807 105 252 123
-0.172813 0.023558 0.443194 -0.996629 0.075406 -0.032333 0 137 123
0.469345 -0.052014 0.366800 -0.988180 0.153070 0.008345 1 147 128
0.385274 0.008673 -0.838077 -0.996905 -0.035838 -0.069966 0 122 118
-0.228731 0.191697 0.587332 -0.749779 -0.610776 -0.254527 31 49 95
0.474972 -0.043802 0.353981 -0.993048 0.105520 0.052171 0 140 134
0.064912 -0.225585 -0.396043 0.747210 0.626472 0.221835 222 207 155
0.320423 -0.227288 -0.500546 -0.668295 0.740569 -0.070280 42 221 118
0.065983 -0.045334 -0.738199 0.970176 0.167349 0.175364 251 148 149
-0.535565 -0.129841 -0.097150 0.898126 0.389277 0.204534 242 177 153
-0.429653 0.237623 0.303154 0.537703 -0.840403 -0.067815 196 20 118
0.175456 0.277449 -0.467682 0.366165 -0.929744 0.038716 174 8 132
0.275393 -0.295962 -0.341959 -0.542111 0.837900 -0.063562 58 234 119
-0.358707 -0.274011 0.547617 0.172656 0.981667 -0.080744 149 252 117
0.437633 0.124566 0.480955 -0.909819 -0.414726 -0.015231 11 74 125
-0.199486 0.132454 0.138725 -0.940204 -0.340582 0.004497 7 84 128
0.322741 0.208211 -0.764622 -0.775181 -0.631362 -0.021825 28 47 124
-0.560355 0.044640 0.117156 0.958266 -0.262468 -0.113296 249 94 113
0.379642 0.224545 0.333200 -0.581626 -0.813381 -0.011098 53 23 126
-0.568904 0.034455 0.038536 0.973280 -0.177082 -0.146179 251 104 108
-0.427162 0.237518 0.415497 0.634206 -0.768824 -0.081801 208 29 117
-0.284482 0.256981 0.155876 -0.501647 -0.864986 0.012207 63 17 129
-0.212930 0.140667 0.629605 -0.843730 -0.504505 -0.183287 19 63 104
0.108258 -0.012676 -0.954372 0.978962 -0.010912 0.203751 252 126 153
0.267407 -0.134098 -1.025649 -0.065282 0.300275 0.951616 119 165 248
0.092054 0.269488 -0.103412 0.168200 -0.948411 -0.268749 148 6 93
-0.198513 -0.191744 0.086819 -0.840078 0.513765 -0.174111 20 193 105
-0.559664 0.082304 0.165822 0.928997 -0.291582 -0.227914 245 90 98
-0.363259 -0.234538 -0.241625 0.435530 0.730277 0.526317 183 220 194
0.372139 -0.043733 -0.605292 -0.985348 0.106324 -0.133358 1 141 110
0.450796 -0.061906 0.024423 -0.985973 0.111404 0.124282 1 141 143
0.332710 -0.280788 0.298382 -0.239358 0.970656 -0.023123 96 251 124
0.369946 -0.102256 -0.965595 -0.944794 0.321172 0.064904 7 168 135
0.398661 0.064361 -0.241584 -0.949195 -0.310430 -0.051598 6 87 120
-0.268864 0.178077 -0.347238 -0.042420 -0.592420 0.804512 122 51 230
-0.561850 -0.032438 -0.176309 0.902401 0.090328 0.421324 242 139 181
-0.496881 -0.066216 0.607598 0.924581 0.244619 -0.292080 245 158 90
-0.233226 -0.216353 0.700335 -0.781781 0.584968 -0.215942 27 202 99
0.272342 0.220079 -0.945596 -0.123734 -0.869022 0.479053 111 16 188
-0.560769 -0.137256 -0.083474 0.945931 0.298710 0.126439 248 165 143
0.079373 -0.043256 -0.816362 0.997292 0.023497 0.069684 254 130 136
0.166377 -0.226469 -0.866192 0.728072 0.665641 0.163811 220 212 148
0.411914 -0.135386 -0.087086 -0.881367 0.468711 0.059182 15 187 135
0.337264 -0.213065 -0.838122 -0.757061 0.651726 -0.045961 30 210 121
-0.058282 0.167741 -0.052088 0.051994 -0.402188 -0.914080 134 76 10
-0.214324 -0.221265 -0.343651 -0.111804 0.536591 0.836403 113 195 234
-0.210463 -0.310404 -0.182851 -0.014223 0.998405 0.054631 125 254 134
-0.494070 -0.109196 -0.227913 0.726723 0.274506 0.629699 220 162 207
0.144278 0.287747 -0.279107 0.328091 -0.944497 0.016789 169 7 129
-0.262026 0.211147 0.264323 -0.700289 -0.710614 -0.067991 38 36 118
0.367846 -0.231171 -0.006082 -0.699688 0.713600 0.034823 38 218 131
0.341306 -0.167261 -0.586111 -0.848310 0.502474 -0.167005 19 191 106
0.367699 0.090100 -0.941497 -0.951727 -0.306446 -0.017521 6 88 125
0.383568 -0.032098 -0.813413 -0.991273 0.123029 -0.047337 1 143 121
-0.021733 0.258742 -0.162638 -0.189838 -0.927904 -0.320866 103 9 86
0.074436 -0.122993 -0.768998 0.979671 0.172713 0.102055 252 149 140
0.445215 0.118888 0.513644 -0.923621 -0.379114 -0.056546 9 79 120
-0.409426 0.264620 0.099276 0.383152 -0.912899 -0.140752 176 11 109
0.076809 0.188860 -0.535239 0.754265 -0.563971 0.336187 223 55 170
0.175725 0.049066 0.462228 0.987618 -0.134930 -0.080029 253 110 117
0.363176 -0.132992 -0.563736 -0.939978 0.340192 -0.026668 7 170 124
-0.219586 -0.206515 0.646567 -0.871946 0.485901 0.060095 16 189 135
-0.569580 -0.017361 0.185324 0.992717 0.081276 -0.088918 254 137 116
-0.471303 0.121624 -0.251383 0.752104 -0.427332 0.501723 223 73 191
0.348772 0.150033 -0.757108 -0.899055 -0.437481 -0.017634 12 71 125
-0.571638 -0.119340 0.127617 0.940852 0.246334 -0.232630 247 158 97
0.044158 0.193301 -0.039132 0.633658 -0.536275 -0.557572 208 59 56
-0.218806 -0.155738 0.219742 -0.876879 0.480643 0.008149 15 188 128
-0.587083 -0.068735 0.086066 0.957774 0.072244 -0.278299 249 136 92
0.228309 0.065345 -1.029445 0.288208 -0.378073 0.879771 164 79 239
0.060913 0.093793 -0.612490 0.972101 -0.226582 0.060659 251 98 135
-0.260888 0.267912 -0.028177 -0.217176 -0.905372 -0.364879 99 12 80
0.372374 0.069772 -0.880401 -0.961781 -0.273138 0.019304 4 92 129
-0.217955 -0.110095 -0.399737 -0.031802 0.301767 0.952851 123 165 248
-0.548213 0.027494 0.287877 0.984247 -0.155192 -0.084692 252 107 116
-0.246178 -0.236080 0.366470 -0.768898 0.638419 0.034882 29 208 131
-0.425638 0.227507 0.331740 0.622475 -0.782313 -0.022606 206 27 124
0.266865 0.238699 0.463008 0.666338 -0.741930 -0.074384 212 32 118
0.076084 0.174133 -0.605571 0.904031 -0.422506 0.064939 242 73 135
-0.431023 -0.218188 0.659388 0.736510 0.643800 -0.207546 221 209 101
0.084435 0.083257 -0.749305 0.943222 -0.322813 0.078257 247 86 137
-0.173126 0.058609 0.370800 -0.996436 -0.070043 0.047011 0 118 133
0.108714 -0.236120 -0.663591 0.854494 0.513071 0.081232 236 192 137
0.312061 -0.266575 0.536857 0.364925 0.927162 -0.084850 174 245 116
-0.233105 0.280350 -0.085737 -0.255408 -0.957519 -0.133883 94 5 110
0.238250 0.243921 0.350959 0.670855 -0.735577 -0.094231 213 33 115
0.340211 -0.257792 -0.093931 -0.657969 0.750308 0.064143 43 223 135
-0.468084 0.149237 0.570854 0.807910 -0.490616 -0.326462 230 64 85
0.065454 -0.257027 -0.355142 0.775958 0.615244 0.139157 226 205 145
-0.326133 -0.176654 -0.328798 0.306521 0.392707 0.867079 166 177 238
0.297204 -0.253996 0.615481 0.596125 0.799937 -0.068825 203 229 118
0.327077 -0.247992 -0.328128 -0.658647 0.751984 -0.026546 43 223 124
0.023063 0.221575 -0.077357 0.387536 -0.776528 -0.496810 176 28 64
0.357967 0.130946 -0.868706 -0.870260 -0.487344 -0.071721 16 65 118
0.367581 0.068999 -0.656958 -0.981788 -0.168575 -0.087609 2 106 116
0.153348 0.280276 -0.225998 0.131366 -0.990679 -0.036037 144 1 122
-0.492568 0.204167 -0.055747 0.736712 -0.674234 -0.051605 221 41 120
0.402752 0.078489 0.674324 -0.825114 -0.258967 -0.502119 22 94 63
-0.477339 0.112429 0.555452 0.900733 -0.423179 -0.097975 242 73 115
0.437687 -0.070819 -0.075202 -0.972101 0.117931 0.202763 3 142 153
0.208019 0.124922 0.461392 0.927098 -0.367133 -0.075518 245 80 117
0.392010 0.147226 0.627689 -0.769427 -0.483382 -0.417520 29 65 74
-0.451687 -0.174912 -0.237161 0.745203 0.382050 0.546545 222 176 197
-0.190780 -0.115874 0.612220 -0.898088 0.252775 -0.359921 12 159 81
-0.228075 0.160291 0.180828 -0.875115 -0.464747 -0.134848 15 68 110
0.148197 -0.054712 0.303414 0.978908 0.165364 -0.119972 252 148 112
0.388742 0.197039 0.088789 -0.764630 -0.626219 0.152284 30 47 146
0.321333 0.212554 -0.816340 -0.780743 -0.623516 -0.040848 27 48 122
0.281525 0.067340 -1.045402 0.004072 -0.232528 0.972581 128 97 251
-0.535975 -0.195328 0.099207 0.875935 0.479340 -0.054508 239 188 120
0.389038 -0.200720 0.007235 -0.758930 0.645813 0.083374 30 209 138
-0.219217 0.208103 0.579992 -0.815414 -0.578372 -0.024191 23 53 124
0.102554 -0.226647 -0.561699 0.819979 0.570002 0.052277 232 200 134
0.334633 -0.042029 -1.045972 -0.356699 0.207658 0.910848 82 153 243
0.327259 -0.253515 -0.262539 -0.707151 0.707011 0.008531 37 217 128
0.336474 0.235735 -0.071031 -0.592868 -0.805066 -0.019371 51 24 125
0.058705 0.178373 -0.130715 0.876638 -0.479181 -0.043485 239 66 121
0.351149 0.225803 -0.224328 -0.721348 -0.691146 0.044432 35 39 133
0.004330 0.283624 -0.192181 0.004409 -0.982513 -0.186143 128 2 103
0.378240 0.081494 -0.801753 -0.946591 -0.176479 -0.269854 6 104 93
-0.300534 0.224260 0.712062 0.080026 -0.809268 -0.581963 137 24 53
-0.481773 0.059705 0.591322 0.817911 -0.123180 -0.562004 231 111 55
-0.208374 -0.100199 0.230898 -0.969240 0.217642 -0.114919 3 155 112
-0.183255 -0.077673 0.621927 -0.934960 0.245350 -0.256228 8 158 94
0.210838 0.173006 0.578339 0.895418 -0.434888 -0.095384 241 72 115
0.463604 0.024714 0.244762 -0.990269 -0.123807 0.063561 1 111 135
-0.406693 0.120892 0.716334 0.558869 -0.404065 -0.724152 198 75 35
-0.157692 -0.252040 -0.286901 -0.033584 0.724110 0.688866 123 219 215
-0.394131 -0.033841 -0.350797 0.494357 0.144401 0.857181 190 145 236
0.264240 0.262511 -0.707886 -0.477929 -0.877229 -0.045316 66 15 121
0.147999 -0.117288 0.228263 0.952527 0.297025 -0.066852 248 165 118
-0.221930 0.098432 -0.386950 -0.009059 -0.278976 0.960255 126 91 249
-0.443947 0.179408 0.622069 0.747688 -0.634870 -0.194688 222 46 102
-0.354333 0.261247 0.568722 0.311276 -0.946753 -0.082254 167 6 117
0.224489 0.042197 -1.038931 0.387298 -0.154773 0.908871 176 107 243
-0.258315 0.171443 0.755132 -0.353582 -0.659608 -0.663247 82 43 42
0.331487 -0.150440 -1.026972 -0.329989 0.393049 0.858265 85 177 236
0.079298 -0.044588 -0.809682 0.988692 0.021174 0.148455 253 130 146
0.218207 -0.045635 -1.021723 0.284100 0.064805 0.956602 163 135 249
-0.531603 0.119325 0.142345 0.926284 -0.376796 0.004764 245 79 128
0.376272 0.068366 -0.790331 -0.977652 -0.171053 -0.122214 2 105 111
0.047153 -0.059751 -0.595967 0.989385 0.133059 0.058425 253 144 134
-0.328539 -0.286228 0.480833 -0.211023 0.977053 -0.028931 100 252 123
-0.201760 0.164203 -0.363783 -0.023838 -0.552492 0.833177 124 57 233
0.289390 0.269448 0.576495 0.562538 -0.814443 -0.142242 199 23 109
-0.256973 0.283969 -0.106534 -0.062289 -0.988909 -0.134829 119 1 110
0.284298 0.263495 -0.443636 -0.508370 -0.861130 -0.003769 62 17 127
-0.445840 0.126596 -0.271402 0.589183 -0.369353 0.718639 202 80 219
-0.212167 0.033476 0.771410 -0.884107 -0.123017 -0.450802 14 111 70
0.099472 0.156667 -0.784480 0.932962 -0.354134 0.064584 246 82 135
-0.329146 0.264272 0.275759 -0.391972 -0.918011 -0.060122 77 10 119
-0.527226 -0.043798 -0.247919 0.844169 0.186053 0.502755 235 151 191
0.147382 0.282094 -0.310985 0.272495 -0.962019 0.016300 162 4 129
0.334482 -0.261049 -0.319027 -0.712379 0.701152 0.030051 36 216 131
0.215039 0.202259 -0.960064 0.487127 -0.761188 0.428135 189 30 182
0.348822 0.121489 -0.939407 -0.871283 -0.355964 0.337870 16 82 170
0.225713 0.259128 0.060358 0.417804 -0.908537 0.000724 180 11 127
-0.342454 -0.040879 -0.377274 -0.015060 0.069994 0.997434 125 136 254
-0.488378 -0.181263 0.548926 0.867877 0.481542 -0.122095 238 188 111
-0.561569 -0.087635 0.186111 0.946516 0.245112 -0.209828 248 158 100
-0.254697 0.228987 0.347454 -0.636777 -0.765325 0.093765 46 29 139
0.184883 0.195541 0.279158 0.885617 -0.458088 -0.076404 240 69 117
-0.091215 -0.169972 -0.014112 -0.117977 0.332871 -0.935563 112 169 8
0.065742 0.102393 -0.610682 0.957595 -0.282183 0.058179 249 91 134
0.100473 -0.117576 -0.905987 0.978272 0.121624 0.167901 252 143 148
0.052092 -0.288840 -0.247037 0.558231 0.816805 0.145629 198 231 146
0.411638 0.041069 0.628456 -0.853215 0.040458 -0.519988 18 132 61
0.275585 0.171243 -1.004701 -0.153884 -0.677989 0.718784 107 41 219
-0.494605 0.179351 0.345585 0.837231 -0.535131 -0.112601 234 59 113
-0.393529 0.230752 0.480196 0.409031 -0.905496 -0.113009 179 12 113
-0.215539 0.020144 -0.405237 0.052235 -0.128244 0.990366 134 111 253
-0.273063 -0.208403 0.752406 -0.278787 0.764161 -0.581666 91 224 53
0.177958 -0.233592 -0.838108 0.666821 0.737466 0.107209 212 221 141
0.339933 0.061749 0.734195 -0.309914 -0.116021 -0.943659 87 112 7
0.044947 0.171827 -0.355873 0.919930 -0.381643 0.089874 244 78 138
0.427070 -0.150325 0.610251 -0.895080 0.349945 -0.276351 13 172 92
0.433456 0.026523 -0.173659 -0.987473 -0.126399 0.094450 1 111 139
-0.191686 0.075474 0.211553 -0.979304 -0.198066 0.041636 2 102 132
-0.040062 -0.252217 -0.107104 -0.190311 0.748232 -0.635555 103 222 46
0.334296 -0.000223 0.759767 -0.195935 0.128585 -0.972150 102 143 3
0.359139 0.132620 -0.969571 -0.873989 -0.485461 -0.021704 16 65 124
0.189442 -0.019167 0.616741 0.980674 0.176346 -0.084735 252 149 116
0.251175 -0.208660 0.501019 0.741575 0.668405 -0.057461 222 212 120
-0.430861 0.250766 0.094257 0.492222 -0.867806 -0.068042 190 16 118
0.118781 -0.162410 -0.876754 0.915007 0.387767 0.111352 244 176 141
0.166853 -0.291480 -0.435358 0.443609 0.895995 0.020092 184 241 130
0.313159 0.061943 -1.049360 -0.034976 -0.288028 0.956983 123 90 249
0.338991 -0.022228 -1.055849 -0.482666 0.012345 0.875718 65 129 239
-0.212453 0.156624 0.663105 -0.866652 -0.484951 -0.117199 17 65 112
0.321819 -0.280387 0.340947 -0.077219 0.993735 -0.080790 117 254 117
-0.192917 -0.125759 0.412662 -0.921693 0.379478 0.080488 9 175 137
0.166677 0.029977 0.616231 0.990434 -0.117697 -0.072033 253 112 118
0.339511 -0.189009 -0.845680 -0.812081 0.574891 -0.100122 23 200 114
0.362201 -0.148422 -0.705863 -0.865328 0.384523 -0.321481 17 176 86
-0.514221 0.012081 0.556079 0.958170 -0.131144 -0.254383 249 110 95
0.114161 -0.174103 -0.859134 0.895108 0.414305 0.164720 241 180 148
0.383504 -0.028696 -0.814710 -0.999544 -0.029966 0.003696 0 123 127
-0.267520 -0.161230 -0.359196 -0.044591 0.379069 0.924294 121 175 245
0.138616 -0.307325 -0.185880 0.093130 0.977227 -0.190666 139 252 103
0.126328 -0.221084 -0.698631 0.756482 0.650924 0.063497 223 210 135
0.290443 0.261204 0.421546 0.513268 -0.857296 -0.040003 192 18 122
0.362666 -0.118599 -0.721459 -0.926224 0.370682 0.068580 9 174 136
-0.339328 -0.109957 0.823904 0.055975 0.420129 -0.905737 134 181 12
0.444887 -0.104683 0.159344 -0.943336 0.326655 0.058428 7 169 134
-0.399162 -0.232392 0.727149 0.559956 0.555766 -0.614470 198 198 49
-0.366926 -0.134962 0.787611 0.459890 0.406574 -0.789429 186 179 26
0.257327 -0.287304 -0.563069 -0.460116 0.881917 0.102550 68 239 140
0.299268 0.092960 -1.033886 -0.270878 -0.307381 0.912218 92 88 243
0.194332 -0.060753 0.585131 0.992881 0.092179 -0.075430 254 139 117
0.424732 0.153545 0.437436 -0.863303 -0.495221 -0.097285 17 64 115
0.156074 -0.110821 0.236618 0.918033 0.391592 -0.062221 244 177 119
0.358676 0.197859 -0.341722 -0.826840 -0.561867 0.025318 22 55 130
0.262518 -0.267935 -0.884512 0.295162 0.938378 0.179796 165 247 150
0.143100 -0.314900 -0.224893 0.078075 0.996730 -0.020802 137 254 124
0.378657 -0.081086 -0.910653 -0.963748 0.263902 -0.039324 4 161 122
-0.076290 0.161269 -0.020678 -0.036451 -0.315616 -0.948187 122 87 6
0.329359 0.018446 0.753114 0.070442 -0.051536 -0.996184 136 120 0
-0.225377 -0.195062 0.406978 -0.839012 0.538542 0.077658 20 196 137
0.310037 -0.277355 -0.119274 -0.501967 0.863815 -0.043047 63 237 122
0.379588 -0.063017 -0.610167 -0.991575 0.061326 -0.114096 1 135 112
0.267039 -0.232186 0.578820 0.737990 0.665782 -0.110025 221 212 113
-0.161178 0.172880 -0.366521 -0.258233 -0.562140 0.785694 94 55 227
0.051195 -0.102680 -0.524162 0.984645 0.173375 0.020358 253 149 130
-0.253338 0.220384 0.263240 -0.785819 -0.618273 -0.015066 27 48 125
-0.435717 -0.060497 -0.334652 0.279905 0.050114 0.958719 163 133 249
-0.033977 -0.246004 -0.273832 0.571601 0.680426 0.458578 200 214 185
-0.228841 -0.208854 0.559638 -0.776731 0.626101 0.068463 28 207 136
-0.298261 -0.284887 0.408805 0.141821 0.987644 0.066676 145 253 136
0.269906 -0.277731 -0.482620 -0.550016 0.823916 0.136549 57 232 144
-0.456305 0.247414 0.034851 0.553183 -0.832189 -0.038079 198 21 122
-0.479842 -0.072110 0.651845 0.809519 0.050661 -0.584904 230 133 52
0.419224 0.152781 0.076145 -0.899686 -0.436294 0.014593 12 71 129
0.464360 0.058550 0.260572 -0.989714 -0.142332 0.014428 1 109 129
0.361211 -0.200384 0.657911 -0.387593 0.804908 -0.449328 78 230 70
0.244875 0.288489 -0.827563 -0.017065 -0.999801 0.010367 125 0 128
-0.178933 0.063295 0.426059 -0.980201 -0.188908 0.059330 2 103 135
-0.100749 0.185850 -0.049622 -0.566194 -0.610755 -0.553537 55 49 56
-0.426458 -0.240461 0.217112 0.346950 0.887167 -0.304236 171 240 88
0.319096 -0.265416 -0.063477 -0.563484 0.823695 0.063347 55 232 135
-0.531067 -0.052687 0.453521 0.976936 0.038704 -0.209995 252 132 100
0.447749 0.127948 0.360112 -0.923545 -0.382955 0.020254 9 78 130
-0.540999 0.021449 0.281507 0.995149 -0.076630 -0.061700 254 117 119
-0.403825 -0.110973 -0.353911 0.146722 0.362184 0.920486 146 173 244
-0.585886 -0.097576 -0.043734 0.987340 0.015775 0.157831 253 129 147
0.276618 0.259427 -0.803583 -0.512376 -0.858708 -0.009604 62 18 126
-0.564158 0.014356 0.212741 0.998299 -0.031830 -0.048845 254 123 121
0.101593 0.190260 -0.045438 0.865255 -0.494888 -0.080128 237 64 117
-0.133300 -0.113596 0.046191 -0.828588 0.232261 -0.509408 21 157 62
-0.178422 -0.029406 0.424604 -0.996961 0.072809 -0.027713 0 136 123
-0.279325 0.245723 0.231494 -0.467650 -0.883811 0.013445 67 14 129
0.459952 -0.014692 0.058668 -0.996480 0.043150 0.071876 0 133 136
0.382184 0.036777 -0.891554 -0.995892 -0.056033 -0.071136 0 120 118
0.034595 0.050773 -0.458829 0.997617 -0.056442 0.039687 254 120 132
-0.181107 -0.022759 0.597011 -0.998285 0.029235 0.050721 0 131 133
-0.396827 -0.011915 -0.331199 0.582047 -0.018423 0.812947 201 125 231
0.231471 -0.184095 0.531831 0.845489 0.518465 -0.127837 235 193 111
0.330700 -0.185013 -0.984874 -0.573104 0.497676 0.651054 54 190 210
0.203519 0.097972 0.496891 0.940379 -0.330415 -0.080705 247 85 117
0.140936 0.057912 -1.022674 0.809817 -0.249427 0.531021 230 95 195
0.223663 0.306773 -0.417514 -0.159951 -0.984638 -0.070023 107 1 118
0.366828 0.075059 -0.632677 -0.973746 -0.217822 -0.066119 3 99 119
0.475858 -0.026576 0.337364 -0.999098 0.015168 0.039673 0 129 132
0.230244 0.231649 0.366260 0.761370 -0.641982 -0.090413 224 45 115
0.365518 -0.114684 -0.929510 -0.959927 0.280231 0.003380 5 163 127
0.291569 -0.084912 -1.048093 -0.099388 0.124783 0.987194 114 143 253
0.381751 -0.051233 -0.926338 -0.993850 0.103227 0.040092 0 140 132
0.383497 -0.036114 -0.765677 -0.966433 0.253152 -0.043826 4 159 121
-0.261700 -0.233551 0.630047 -0.642443 0.765869 -0.026663 45 225 124
-0.451758 0.200945 0.501721 0.738574 -0.632542 -0.233236 221 46 97
0.446385 0.016995 -0.007461 -0.998760 -0.037843 -0.032364 0 122 123
0.297514 -0.270976 0.262415 0.137000 0.979610 -0.146954 144 252 108
-0.341276 0.167681 -0.319565 0.283126 -0.507920 0.813546 163 62 231
0.102981 0.285943 -0.095356 0.068877 -0.963517 -0.258632 136 4 94
-0.349387 0.161011 0.787304 0.264935 -0.557711 -0.786618 161 56 27
0.391722 -0.019485 -0.517288 -0.999468 0.018815 -0.026655 0 129 124
0.353414 -0.068555 -1.060506 -0.687067 0.190378 0.701210 39 151 216
0.309513 -0.252825 -0.524783 -0.670471 0.741873 0.009659 42 222 128
0.065152 -0.158631 -0.513480 0.933934 0.352592 0.058710 246 172 134
0.390484 0.188667 -0.059862 -0.826681 -0.557040 0.079409 22 56 137
0.128165 -0.123665 -0.995660 0.966871 0.213548 0.139850 250 154 145
-0.413676 -0.115365 -0.302549 0.544796 0.236578 0.804505 196 157 230
0.304370 -0.280122 0.426568 0.421888 0.899467 -0.113888 181 242 112
0.290254 0.238114 -0.672860 -0.646001 -0.762039 -0.044500 45 30 121
0.313829 0.214010 -0.445641 -0.753543 -0.655412 -0.051073 31 43 120
0.128020 0.269125 -0.433096 0.594939 -0.797929 0.096732 203 25 139
0.317161 -0.276232 0.403227 0.324418 0.938600 -0.117401 168 247 112
-0.241677 0.232238 -0.285367 0.166631 -0.827913 0.535531 148 21 195
0.086650 -0.119179 -0.820400 0.958892 0.253875 0.126780 249 159 143
-0.541988 -0.156795 0.205984 0.904910 0.417139 -0.084461 242 180 116
0.463893 0.008884 0.154550 -0.990990 -0.059049 0.120220 1 119 142
0.323823 0.204264 -0.513405 -0.811410 -0.580968 -0.063957 24 53 119
0.212580 -0.160236 0.451847 0.882418 0.447033 -0.146630 240 184 108
-0.234527 0.191816 0.612723 -0.596781 -0.800507 -0.055136 51 25 120
-0.568453 0.091477 0.048661 0.962049 -0.251912 -0.104891 250 95 114
0.057901 -0.244226 -0.031288 0.557357 0.663866 -0.498633 198 212 63
0.313559 -0.254633 -0.402003 -0.686378 0.726116 -0.040519 39 220 122
-0.408829 -0.307620 0.011057 0.241022 0.965443 0.099137 158 250 140
-0.433846 0.166463 0.567861 0.716645 -0.612108 -0.334283 218 49 84
0.056207 0.072585 -0.660964 0.994126 -0.103642 0.031187 254 114 131
0.472803 -0.063118 0.386636 -0.987432 0.157998 -0.003748 1 147 127
-0.420000 -0.087509 -0.319909 0.370609 0.277395 0.886398 174 162 240
0.218258 -0.226047 0.361299 0.819891 0.570028 -0.053357 232 200 120
0.037428 -0.276931 -0.115582 0.545470 0.834576 -0.077104 197 233 117
-0.306560 0.251638 0.489919 -0.247805 -0.968704 -0.014316 95 3 125
0.225790 0.280132 -0.703240 -0.126545 -0.988856 0.078428 111 1 137
0.087141 -0.273120 -0.272205 0.668024 0.742759 0.045309 212 222 133
0.260709 0.255305 0.457498 0.741357 -0.667925 -0.065312 222 42 119
-0.344054 -0.312138 0.218919 0.187500 0.980858 -0.052546 151 252 120
-0.348616 -0.279733 0.487596 -0.067977 0.993911 -0.086724 118 254 116
0.244248 0.121364 0.720457 0.857651 -0.295430 -0.420899 236 89 73
-0.338092 0.043284 0.816005 0.068057 -0.093988 -0.993245 136 115 0
0.345458 0.136547 -0.390624 -0.870232 -0.492195 -0.020965 16 64 124
-0.063990 0.179503 -0.358202 -0.038844 -0.630042 0.775589 122 47 226
0.125897 0.236550 -0.521483 0.669469 -0.737445 0.089365 212 33 138
0.075843 -0.021645 -0.801422 0.997493 0.023721 0.066670 254 130 136
-0.410033 0.185135 -0.249343 0.527085 -0.725240 0.442954 194 35 183
0.398000 0.119957 0.652741 -0.840817 -0.404381 -0.359866 20 75 81
0.389296 0.053667 -0.877710 -0.994029 -0.081511 -0.072543 0 117 118
-0.144446 0.051981 0.032888 -0.573724 -0.142294 -0.806594 54 109 24
0.358712 0.106454 -0.772499 -0.949628 -0.263067 -0.170303 6 93 105
-0.445526 0.232349 0.107753 0.549016 -0.830701 -0.092289 197 21 115
-0.294550 -0.010169 0.822319 -0.171375 -0.016472 -0.985068 105 125 1
-0.071235 0.047381 -0.365643 0.713825 -0.267958 0.647034 218 93 209
-0.057928 -0.079515 -0.031699 -0.397224 0.192025 -0.897407 76 151 13
0.383780 -0.046470 -0.644324 -0.998333 0.054849 0.017991 0 134 129
-0.052230 0.091067 -0.369988 0.780463 -0.172101 0.601048 227 105 204
-0.550118 0.047637 -0.150952 0.878361 -0.196764 0.435622 239 102 183
-0.156140 -0.082473 0.076133 -0.840804 0.204077 -0.501399 20 153 63
-0.171475 -0.259724 -0.028867 -0.455694 0.812720 -0.363083 69 231 81
0.322753 -0.204620 0.707408 -0.171781 0.799122 -0.576104 105 229 54
0.231073 -0.035477 -1.041779 0.250516 -0.056737 0.966448 159 120 250
-0.499635 -0.123655 0.465835 0.952062 0.294788 -0.081717 248 165 117
-0.478477 0.081261 0.655334 0.957477 -0.247829 -0.147709 249 95 108
-0.466464 0.036282 -0.248436 0.861363 -0.196876 0.468287 237 102 187
0.292110 -0.032681 -1.060211 -0.139881 0.106079 0.984470 109 141 253
-0.184845 -0.028096 0.509150 -0.988924 0.142276 -0.042275 1 145 122
-0.492564 0.092462 -0.229428 0.782548 -0.279254 0.556450 227 91 198
-0.363677 -0.166592 0.732761 0.546713 0.425661 -0.721053 197 181 35
-0.489002 -0.260187 0.225592 0.758443 0.651560 0.015255 224 210 129
0.356343 -0.174757 -0.801502 -0.924815 0.380417 -0.000836 9 176 127
0.046660 -0.083984 -0.662649 0.893233 0.013195 0.449401 241 129 184
0.208450 0.281388 0.006203 0.193583 -0.976925 -0.090242 152 2 115
0.329966 0.267073 0.473205 0.264700 -0.962050 -0.066291 161 4 119
0.226966 -0.154482 0.593585 0.141912 0.518812 -0.843027 145 193 20
0.275319 0.252183 -0.773923 -0.473136 -0.876708 -0.086746 67 15 116
0.088094 0.160156 -0.348700 -0.376536 -0.461048 0.803527 79 68 229
-0.082294 -0.259115 -0.103303 -0.233503 0.704692 -0.669989 97 217 42
-0.052299 -0.131754 -0.031759 -0.464328 0.318305 -0.826487 68 168 22
0.134584 0.245317 -0.507982 0.436926 -0.855224 0.278724 183 18 163
-0.348028 0.237337 -0.246689 0.232659 -0.813465 0.533051 157 23 195
-0.175903 0.090113 0.105892 -0.984872 -0.166618 -0.047590 1 106 121
0.226737 -0.307620 -0.490307 -0.068276 0.997586 -0.012654 118 254 125
0.099452 -0.249072 -0.453408 0.812074 0.581225 0.052084 231 201 134
-0.174827 -0.039101 0.513936 -0.994405 0.105526 -0.004782 0 140 126
-0.337726 -0.293457 0.174452 -0.277099 0.959403 -0.052560 92 249 120
0.377950 0.044248 -0.907338 -0.987009 -0.153696 -0.046797 1 107 121
0.075331 -0.285961 -0.067908 0.681191 0.621935 -0.386234 214 206 78
0.147888 -0.300740 -0.042125 0.010151 0.964484 -0.263947 128 250 93
0.375606 -0.055016 -0.788782 -0.993281 0.114800 0.014637 0 142 129
0.163607 0.293098 -0.417131 0.388946 -0.919439 0.057905 177 10 134
0.275497 0.100840 0.771465 -0.052248 -0.107654 -0.992815 120 113 0
0.269026 0.246560 -0.894903 -0.338504 -0.940919 -0.009246 84 7 126
0.393999 0.187414 0.124823 -0.808946 -0.584283 0.064968 24 53 135
-0.250327 0.218685 0.504588 -0.658076 -0.752218 -0.033228 43 31 123
0.186847 -0.019357 0.658379 0.994422 -0.036053 -0.099124 254 122 114
0.418038 0.163650 0.116200 -0.877555 -0.475271 0.063359 15 66 135
0.094717 0.270299 -0.182555 0.436314 -0.887594 -0.147671 183 14 108
-0.475096 -0.034820 0.601928 0.989388 0.130176 -0.064545 253 144 119
0.157664 0.070829 -1.009738 0.781126 -0.283105 0.556501 227 91 198
0.156656 -0.313313 -0.209438 0.038969 0.998999 -0.021983 132 254 124
-0.289588 0.240883 0.162411 -0.556071 -0.831132 -0.002231 56 21 127
0.383917 0.210822 0.162817 -0.731844 -0.680415 0.037955 34 40 132
-0.376587 0.188121 -0.250815 0.536293 -0.699066 0.472966 195 38 187
0.372044 -0.030609 -1.076409 -0.879170 0.089698 0.467990 15 138 187
0.331325 0.246329 0.047774 -0.500209 -0.865810 -0.012771 63 17 125
-0.102481 -0.237738 -0.028738 -0.237648 0.449400 -0.861140 97 184 17
-0.524837 -0.035076 0.560465 0.991429 0.012475 -0.130051 253 129 110
-0.183217 -0.050273 0.159216 -0.995449 0.089255 -0.033375 0 138 123
0.388455 -0.219409 -0.074419 -0.825583 0.544528 0.147993 22 196 146
0.046268 0.018247 0.070115 0.898633 -0.063368 -0.434100 242 119 72
0.422855 -0.181027 0.134956 -0.894876 0.443119 0.053304 13 183 134
-0.182176 -0.091402 0.363105 -0.970532 0.213107 0.112482 3 154 141
0.295811 0.069184 -1.049511 -0.046426 -0.202169 0.978250 121 101 252
0.379977 0.131369 0.682787 -0.812556 -0.274002 -0.514466 23 92 61
-0.493390 -0.026976 -0.224064 0.767871 0.049018 0.638726 225 133 208
0.308455 -0.237235 -0.542513 -0.606490 0.792841 -0.059780 50 228 119
-0.036464 0.081030 0.030236 0.111927 -0.158523 -0.980991 141 107 2
0.207707 -0.100672 0.630537 0.755243 0.338781 -0.561102 223 170 55
-0.284616 0.241362 0.556545 -0.453341 -0.889068 -0.063560 69 14 119
0.075735 0.169657 -0.449120 0.832868 -0.537380 0.132489 233 58 144
0.335330 -0.194194 -0.776287 -0.784551 0.612386 -0.097275 27 205 115
0.393711 0.027535 -0.412336 -0.990534 -0.137265 -0.000332 1 109 127
-0.507116 0.145223 0.218713 0.845572 -0.525808 -0.092382 235 60 115
0.301309 -0.268934 -0.514848 -0.552521 0.833496 -0.002304 57 233 127
0.418742 0.062248 -0.238448 -0.984736 -0.156316 0.076559 1 107 137
0.363452 -0.193377 -0.432797 -0.833816 0.551480 -0.024919 21 197 124
-0.202122 -0.122050 -0.391259 -0.100214 0.165996 0.981021 114 148 252
-0.258562 0.234252 0.376941 -0.603033 -0.797716 0.000030 50 25 127
-0.568934 0.038168 0.050312 0.974600 -0.191738 -0.115724 251 103 112
0.356771 -0.164547 -0.633821 -0.856259 0.516388 0.012814 18 193 129
-0.273682 -0.257566 0.141890 -0.681523 0.731630 -0.015624 40 220 125
0.276720 0.257530 0.201619 0.204906 -0.978141 -0.035397 153 2 122
-0.579853 -0.032658 -0.051731 0.998720 0.050553 -0.001560 254 133 127
0.329802 0.161279 -1.046125 -0.673643 -0.583269 0.453875 41 53 185
0.215214 -0.268492 0.026773 0.436066 0.889468 -0.136722 183 240 110
0.425469 0.047355 0.570811 -0.943515 -0.159352 -0.290493 7 107 90
-0.482785 -0.199991 0.501061 0.745363 0.656673 -0.114957 222 211 112
0.432486 0.128160 0.296754 -0.929456 -0.363710 -0.061865 8 81 119
-0.179481 -0.023653 0.570623 -0.998373 0.054844 -0.015599 0 134 125
0.067030 -0.002514 -0.751424 0.993722 -0.097424 0.055000 254 115 134
-0.312721 -0.040909 -0.389168 -0.044975 0.113965 0.992466 121 142 254
-0.578715 -0.007810 0.086748 0.996136 -0.025250 -0.084111 254 124 116
0.170429 -0.013312 0.416478 0.993272 0.098460 -0.060971 254 140 119
0.319386 0.145361 -1.020437 -0.633512 -0.609885 0.476133 46 49 188
-0.179089 0.254184 -0.079757 -0.294523 -0.887357 -0.354760 89 14 82
0.058342 0.262334 -0.096976 0.401784 -0.786788 -0.468545 178 27 67
-0.008970 -0.221086 -0.342125 0.740396 0.513395 0.433866 221 192 182
0.239239 0.220767 0.574839 0.826955 -0.553103 -0.101103 232 56 114
-0.182631 -0.066817 0.153923 -0.957151 0.093078 -0.274222 5 139 92
-0.301377 0.242874 0.344330 -0.474476 -0.877567 -0.068915 67 15 118
0.219106 0.254046 -0.862210 0.451711 -0.880930 0.141137 185 15 145
0.223106 -0.174366 0.483406 0.878239 0.476760 -0.037365 239 188 122
-0.205963 0.220458 -0.003479 -0.496519 -0.779068 -0.382782 64 28 78
0.157992 0.234829 -0.814822 0.700810 -0.708314 0.084598 216 37 138
-0.078591 -0.303017 -0.113068 0.011554 0.946478 -0.322561 128 248 86
-0.450400 0.201593 -0.187826 0.592130 -0.616769 0.518631 202 48 193
-0.543653 0.122726 -0.041437 0.881773 -0.471503 0.012704 239 67 129
-0.082474 -0.203318 -0.051672 -0.441975 0.541838 -0.714891 71 196 36
0.057260 -0.203127 -0.397902 0.845192 0.512438 0.151850 235 192 146
0.303571 -0.270441 -0.070422 -0.398178 0.914069 0.077022 76 244 137
0.295866 0.136192 -1.048140 -0.155048 -0.402995 0.901973 107 76 242
0.157306 0.229277 0.012436 0.577774 -0.799671 -0.163411 201 25 106
-0.479216 -0.203931 -0.198990 0.736356 0.464721 0.491747 221 186 190
-0.398144 -0.213498 -0.191598 0.621772 0.387975 0.680349 206 176 214
0.261919 0.227222 0.433174 0.608884 -0.790155 -0.070108 205 26 118
0.273895 0.277817 0.195548 0.323909 -0.944754 -0.050229 168 7 121
-0.448521 0.247153 0.292316 0.710198 -0.701522 -0.059047 218 38 119
-0.053524 -0.105319 -0.038094 -0.351098 0.285227 -0.891839 82 163 13
0.243461 -0.234267 0.453346 0.767952 0.635768 -0.077777 225 208 117
0.205003 0.293734 -0.538212 0.032126 -0.999463 0.006519 131 0 128
0.331206 0.255149 0.292756 -0.546826 -0.834838 -0.063461 57 21 119
-0.238893 0.218562 0.099113 -0.755920 -0.644083 -0.117222 31 45 112
-0.430682 -0.257466 0.387087 0.603091 0.797522 0.015519 204 229 129
-0.073799 -0.067716 -0.380615 0.497491 0.109343 0.860550 190 141 237
-0.415234 0.164377 0.684279 0.699658 -0.597582 -0.391632 216 51 77
0.291989 0.131528 -1.023518 -0.314870 -0.416555 0.852842 87 74 236
-0.455051 -0.141097 -0.292428 0.543715 0.331732 0.770927 196 169 225
0.044938 -0.138216 -0.412916 0.953314 0.298532 0.045519 249 165 133
0.157443 -0.262977 -0.598012 0.600375 0.797027 0.065551 204 229 135
-0.437678 -0.095338 -0.316123 0.472173 0.095766 0.876289 187 139 239
0.223687 0.178574 0.422598 0.807342 -0.584052 -0.084151 230 53 116
0.150820 0.260352 -0.465274 0.075043 -0.957378 0.278918 137 5 163
0.464018 -0.074031 0.370424 -0.976616 0.210678 -0.042845 2 154 122
0.350570 -0.239658 -0.164010 -0.662552 0.747159 0.052700 43 222 134
-0.080459 -0.001041 -0.016646 -0.649402 -0.014846 -0.760301 44 125 30
0.342917 -0.021809 -1.037945 -0.511584 0.017060 0.859064 62 129 237
0.267226 0.235702 0.559263 0.694461 -0.716031 -0.070877 216 36 118
0.158085 -0.307553 -0.232273 0.284149 0.957237 -0.054376 163 249 120
0.468949 -0.057104 0.333705 -0.985934 0.158764 0.052235 1 147 134
0.384618 0.189978 0.592634 -0.738741 -0.604795 -0.297464 33 50 89
0.260861 -0.271023 -0.594035 -0.293968 0.953489 -0.066643 90 249 119
0.380810 -0.074826 0.687542 -0.578531 0.272318 -0.768860 53 162 29
0.315980 -0.221094 -0.857201 -0.745675 0.661936 0.076214 32 211 137
-0.239485 -0.161044 0.754270 -0.683364 0.465926 -0.562073 40 186 55
0.168910 -0.242646 -0.726747 0.597901 0.800021 0.049810 203 229 133
0.329071 0.267966 0.413290 0.022128 -0.995451 -0.092671 130 0 115
-0.178600 0.064362 0.564073 -0.986147 -0.160443 0.042096 1 107 132
0.168981 -0.255847 -0.755632 0.658753 0.748091 0.080030 211 222 137
0.362018 -0.263126 0.213427 -0.531395 0.846550 -0.031198 59 235 123
-0.025240 0.214710 -0.332363 0.536658 -0.679719 0.499980 195 40 191
-0.497597 0.169907 -0.111275 0.779269 -0.582857 0.230257 226 53 156
0.273347 -0.265234 -0.490688 -0.541238 0.837076 0.079784 58 234 137
0.453935 -0.115643 0.237755 -0.945275 0.326129 0.009737 6 169 128
-0.504929 -0.228970 0.329974 0.717357 0.613216 -0.330704 218 205 85
0.040788 -0.125080 -0.411642 0.974909 0.217944 0.045305 251 155 133
-0.390296 0.275012 0.085749 -0.000319 -0.999623 -0.027440 127 0 124
0.076527 0.175159 -0.575321 0.882805 -0.453948 0.120775 240 69 142
0.142446 0.273393 -0.378461 0.441460 -0.895839 0.050839 183 13 133
0.355491 -0.252201 0.218406 -0.542145 0.838301 -0.057706 58 234 120
-0.337513 0.237351 0.524277 0.168890 -0.985621 0.005309 149 1 128
0.166604 0.252822 -0.017378 0.553972 -0.826264 -0.101995 198 22 114
0.352695 -0.179483 -0.813038 -0.847323 0.531029 0.007179 19 195 128
0.092128 -0.193958 0.043737 0.662503 0.533567 -0.525734 211 195 60
0.459788 -0.110000 0.336322 -0.971883 0.234355 0.022851 3 157 130
0.310254 -0.060593 0.763813 0.050083 0.102999 -0.993420 133 140 0
-0.478362 -0.088414 0.670720 0.978348 0.197323 -0.062434 252 152 119
0.364822 -0.253336 0.307626 -0.632077 0.773611 -0.044766 46 226 121
-0.468043 0.075777 -0.283909 0.574837 -0.181721 0.797834 200 104 229
0.338105 0.040963 0.749038 -0.003357 -0.082498 -0.996586 127 116 0
0.032954 0.130019 -0.468374 0.787828 -0.486238 0.378021 227 65 175
-0.202394 -0.194710 -0.310024 0.063328 0.703813 0.707557 135 217 217
0.239163 0.260394 -0.872113 0.285359 -0.921550 0.263280 163 10 161
0.470587 -0.042905 0.472051 -0.988222 0.118561 -0.096755 1 142 115
-0.261516 0.285702 -0.115978 -0.025360 -0.997246 -0.069694 124 0 118
-0.525653 0.075533 0.416511 0.928766 -0.252602 -0.271268 245 95 92
-0.196027 -0.301328 -0.208753 -0.015707 0.983400 0.180768 125 252 150
-0.197000 0.053253 -0.369569 0.303210 -0.175811 0.936565 166 105 246
0.345091 0.148576 -0.543521 -0.778080 -0.627713 -0.023845 28 47 124
0.197889 0.004767 0.637114 0.984064 -0.067000 -0.164708 252 118 106
-0.178484 -0.287595 -0.276976 -0.053639 0.809023 0.585325 120 230 202
0.383846 -0.035095 -0.583149 -0.999005 0.044565 0.001469 0 133 127
-0.078101 0.135958 -0.061981 0.052796 -0.377534 -0.924490 134 79 9
-0.202831 -0.103459 -0.395801 -0.109087 0.338730 0.934538 113 170 246
0.465507 0.028863 0.248814 -0.989051 -0.080373 -0.123768 1 117 111
-0.025634 0.270424 -0.141122 -0.228160 -0.776842 -0.586907 98 28 52
0.353832 -0.203301 -0.466724 -0.850968 0.521834 0.059520 19 194 135
-0.406582 -0.294564 0.375070 0.161765 0.980525 -0.111371 148 252 113
-0.186340 -0.087978 0.195424 -0.991503 0.127813 0.024214 1 143 130
0.408686 -0.198533 0.471581 -0.793135 0.607653 -0.041167 26 204 122
0.064487 0.114012 -0.512309 0.893316 -0.411993 0.179577 241 74 150
0.347266 -0.017400 0.747708 -0.226619 0.140855 -0.963745 98 145 4
0.408344 -0.214001 0.399648 -0.794149 0.607195 0.025351 26 204 130
-0.059245 -0.264450 -0.111718 -0.069959 0.832716 -0.549263 118 233 57
0.419494 0.041566 0.668487 -0.864918 -0.100925 -0.491662 17 114 64
-0.193613 -0.062621 0.266753 -0.983061 0.181376 -0.026343 2 150 124
0.273725 0.285107 -0.048126 -0.362448 -0.931546 -0.029212 81 8 123
0.259815 -0.165465 -0.351148 -0.651808 0.496431 0.573326 44 190 200
-0.211167 -0.179160 0.458504 -0.931640 0.363353 -0.004591 8 173 126
-0.213846 0.159632 0.445351 -0.847777 -0.520770 -0.100358 19 61 114
-0.399425 0.236389 -0.222745 0.525213 -0.734349 0.429980 194 33 182
-0.186196 0.211412 -0.316971 0.124055 -0.831767 0.541086 143 21 196
0.300017 -0.254889 -0.644820 -0.645271 0.760772 -0.069656 45 224 118
0.204538 0.272977 -0.751443 0.479126 -0.870311 0.114004 188 16 142
-0.180170 0.274944 -0.234554 -0.102578 -0.978149 0.180836 114 2 150
0.428424 0.138530 0.068433 -0.889897 -0.408006 0.203995 14 75 153
-0.422427 0.258608 -0.050782 0.503137 -0.863730 0.028700 191 17 131
-0.437238 0.103852 -0.288779 0.490954 -0.380795 0.783555 190 78 227
0.169486 -0.133709 0.291500 0.937840 0.340459 -0.067413 247 170 118
-0.351315 -0.312393 0.018633 -0.099352 0.994620 0.029333 114 254 131
-0.434039 0.157163 -0.249571 0.654549 -0.498392 0.568481 210 63 199
0.369227 0.088141 -0.859425 -0.953068 -0.298463 -0.050800 5 89 121
0.189312 0.028698 0.580908 0.996814 0.010896 -0.079015 254 128 117
-0.544988 -0.113450 -0.071686 0.955271 0.184983 0.230736 249 151 156
0.265290 0.268201 -0.795086 -0.436264 -0.899309 -0.030268 71 12 123
0.388441 -0.152631 -0.303048 -0.926134 0.377195 -0.000449 9 175 127
0.278077 -0.300117 -0.340835 -0.432174 0.901019 -0.037280 72 242 122
-0.483043 0.128501 0.449673 0.895384 -0.443935 -0.034777 241 70 123
0.128670 0.160272 -0.863861 0.821954 -0.546532 0.160293 232 57 147
-0.572392 0.024207 -0.009171 0.982234 -0.186100 0.024170 252 103 130
0.389646 -0.147787 -0.370741 -0.896472 0.421031 0.138096 13 181 145
0.142573 0.042723 0.226832 0.993237 -0.077113 -0.086795 254 117 116
0.269073 0.238932 0.459481 0.668496 -0.741041 -0.063023 212 33 119
-0.057163 0.187306 -0.337159 0.537074 -0.652692 0.534364 195 44 195
0.341201 0.259337 0.392289 -0.168679 -0.983605 -0.063785 105 2 119
-0.403342 -0.274669 0.431045 0.408960 0.903648 -0.127170 179 242 111
0.310866 0.139540 0.680052 -0.767724 -0.288337 -0.572243 29 90 54
-0.151852 -0.273291 -0.278522 -0.035777 0.831252 0.554743 122 233 198
0.291950 0.232889 0.558719 0.532082 -0.837355 -0.125398 195 20 111
0.411540 0.101903 -0.169458 -0.933430 -0.355679 0.046914 8 82 133
0.346108 -0.141515 0.707864 -0.095672 0.429400 -0.898032 115 182 13
-0.179744 -0.015030 0.315497 -0.997509 0.059102 0.038503 0 135 132
0.191596 -0.152224 0.474131 0.935575 0.348193 -0.058829 246 171 119
-0.258060 0.038847 0.189399 -0.628163 -0.021113 -0.777795 47 124 28
-0.446742 0.220611 0.295226 0.685242 -0.726109 -0.056653 214 34 120
0.244306 -0.154107 0.511317 0.813197 0.563086 -0.147119 231 199 108
0.086677 -0.083403 -0.816666 0.968435 0.185246 0.166787 250 151 148
0.439248 -0.147589 0.204731 -0.903414 0.426764 -0.041423 12 181 122
-0.366854 0.278133 0.035043 0.148440 -0.988917 0.002850 146 1 127
0.456207 0.048119 0.159479 -0.985100 -0.163415 0.053606 1 106 134
-0.234082 -0.317821 -0.166610 0.048896 0.922602 0.382642 133 245 176
0.168202 -0.164549 -0.994891 0.799832 0.410763 0.437655 229 179 183
-0.310517 0.260186 0.151478 -0.392996 -0.895405 -0.209295 77 13 100
0.160299 -0.310800 -0.306815 0.314692 0.946086 -0.076747 167 248 117
0.217908 -0.314526 -0.075316 -0.024590 0.999660 -0.008705 124 254 126
0.454499 0.134789 0.383036 -0.928262 -0.368688 0.048979 9 80 133
-0.166106 0.021699 0.486790 -0.990708 0.005269 0.135903 1 128 144
-0.313762 -0.285121 0.180170 -0.408227 0.909740 -0.075654 75 243 117
-0.175534 -0.078347 0.401999 -0.958799 0.247845 0.138842 5 159 145
0.130112 0.281464 -0.103616 0.201746 -0.917943 -0.341583 153 10 83
0.263790 -0.281491 -0.844877 0.247683 0.950951 0.185323 159 248 151
0.394694 0.173837 0.631135 -0.797253 -0.536310 -0.277055 25 59 92
-0.245640 0.121197 -0.387186 0.026354 -0.473294 0.880510 130 67 239
0.316106 0.138736 -1.026770 -0.411883 -0.501535 0.760799 74 63 224
0.035610 0.013800 -0.470884 0.997620 0.045136 0.052125 254 133 134
0.144278 0.232541 0.001615 0.596987 -0.776915 -0.200023 203 28 101
-0.483124 -0.183483 -0.198680 0.709439 0.407134 0.575273 217 179 200
0.174942 0.073838 0.419921 0.978092 -0.190920 -0.082985 252 103 116
0.326479 0.204744 -0.611149 -0.783257 -0.620973 -0.029998 27 48 123
0.431516 0.109418 0.084419 -0.943069 -0.330906 0.033492 7 85 131
0.297718 -0.245457 0.513172 0.548564 0.834578 -0.050574 197 233 121
-0.058378 -0.165349 -0.320817 0.569317 0.442533 0.692851 200 183 215
0.043464 0.019181 -0.491358 0.988432 -0.138974 0.060735 253 109 135
0.431474 -0.171550 0.239564 -0.872820 0.483227 0.068387 16 189 136
0.342903 -0.260827 0.562727 0.311582 0.930234 -0.193860 167 246 102
-0.214004 0.193593 -0.345161 0.030721 -0.749236 0.661590 131 31 211
0.351622 -0.241384 0.057817 -0.597178 0.801664 0.026707 51 229 130
0.332339 0.261114 0.204125 -0.409780 -0.911869 -0.024006 75 11 124
0.163525 -0.101931 0.340807 0.967026 0.229335 -0.110755 250 156 113
0.458591 -0.083668 0.185383 -0.979603 0.200058 0.018849 2 153 129
0.254903 0.258468 -0.925270 -0.133858 -0.981450 0.137250 110 2 144
-0.587414 -0.107082 0.123010 0.881540 0.207348 -0.424139 239 153 73
0.356754 0.216002 -0.168469 -0.763585 -0.645621 -0.010542 30 45 126
0.369221 0.220486 0.156186 -0.703515 -0.710664 0.004926 37 36 128
-0.259308 0.265562 -0.028563 -0.331786 -0.925090 -0.184734 85 9 103
-0.243199 -0.265402 0.076958 -0.615977 0.755798 -0.222129 48 223 99
0.392140 0.161678 -0.136549 -0.905711 -0.401651 -0.135512 12 76 110
-0.491366 0.170230 0.392342 0.833923 -0.530568 -0.151888 233 59 108
0.379689 -0.040946 -0.811039 -0.999426 -0.029180 -0.017181 0 123 125
0.195081 -0.077371 0.642454 0.977623 0.196237 -0.075792 252 152 117
-0.117049 0.036033 0.010260 -0.660717 -0.097300 -0.744302 43 115 32
-0.140699 0.212253 -0.047748 -0.423017 -0.833868 -0.354572 73 21 82
-0.568894 0.083183 0.041518 0.978282 -0.200945 0.050840 252 101 133
0.369168 -0.106973 -0.903997 -0.952664 0.295644 -0.070890 6 165 118
0.299311 -0.252452 -0.769658 -0.649790 0.759944 0.016037 44 224 129
-0.179850 0.101950 0.244764 -0.979648 -0.175488 0.097439 2 105 139
-0.453760 -0.255476 -0.157073 0.580407 0.739443 0.341103 201 221 170
0.387895 -0.042555 -0.840132 -0.976545 0.211148 0.042149 2 154 132
0.313014 -0.289797 0.144185 -0.318305 0.946310 -0.056380 86 248 120
0.109646 -0.170593 -0.785264 0.879449 0.464213 0.105242 239 186 140
-0.302163 0.219958 0.733848 0.236560 -0.693109 -0.680911 157 39 40
-0.179633 -0.088813 0.573332 -0.984762 0.171537 -0.028630 1 149 123
0.376057 0.229152 0.479707 -0.558065 -0.811115 -0.175086 56 24 105
-0.437139 -0.225244 0.619466 0.767253 0.628790 -0.126279 225 207 111
-0.451202 -0.181679 0.659643 0.748992 0.484273 -0.452206 222 189 69
0.218215 0.174816 0.509842 0.883823 -0.458036 -0.095185 240 69 115
0.108379 -0.235594 -0.529220 0.774836 0.631430 0.030422 226 208 131
-0.447966 -0.267167 0.120022 0.552899 0.833021 0.019491 197 233 129
-0.490558 -0.009043 0.650907 0.994581 -0.049167 -0.091602 254 121 115
0.379123 0.040665 -0.838440 -0.981754 -0.185949 -0.039772 2 103 122
0.202082 -0.215398 0.209490 0.740585 0.669145 -0.061473 221 212 119
-0.509446 -0.179298 0.384098 0.890907 0.452657 -0.037234 241 185 122
-0.471223 -0.172939 0.581662 0.885427 0.464159 -0.023967 240 186 124
-0.116853 0.270181 -0.171973 -0.083251 -0.969943 -0.228647 116 3 98
0.370563 -0.088417 -0.518111 -0.973582 0.216477 -0.072629 3 155 118
0.101735 0.054073 0.097677 0.969175 -0.199644 -0.144371 251 102 109
0.387906 0.024882 -0.892557 -0.995935 -0.027985 -0.085615 0 123 116
0.029871 -0.117273 -0.507600 0.963524 0.263333 0.047713 250 161 133
0.349282 -0.082460 -1.098008 -0.752940 0.242069 0.611951 31 158 205
0.058857 0.113739 -0.504696 0.938167 -0.329881 0.104980 247 85 140
0.313213 0.273358 0.557994 0.410161 -0.910001 -0.060548 179 11 119
-0.138020 0.241349 -0.095482 -0.308348 -0.796526 -0.520066 88 25 61
0.151888 -0.001529 0.581259 0.998059 -0.060953 -0.012768 254 119 125
-0.199389 0.138906 0.533640 -0.858011 -0.510412 0.057422 18 62 134
0.200777 -0.018856 -1.021009 -0.015965 0.101314 0.994726 125 140 254
0.099442 -0.278353 -0.146907 0.335488 0.883538 -0.326816 170 240 85
0.408894 0.136841 0.482230 -0.866718 -0.465041 -0.180379 16 68 104
0.274590 0.226112 0.555474 0.636626 -0.762531 -0.115128 208 30 112
0.198031 0.107635 0.634554 0.985540 -0.149498 -0.079763 253 108 117
0.069542 0.241081 -0.355898 0.693187 -0.687855 0.215283 215 39 154
0.306740 0.263303 0.407154 0.219562 -0.973460 -0.064561 155 3 119
-0.133544 0.184350 -0.007449 -0.712012 -0.458510 -0.531796 36 69 59
0.281424 0.245460 -0.849683 -0.524737 -0.839573 0.140595 60 20 145
-0.188242 -0.018427 0.635890 -0.996717 0.048649 0.064726 0 133 135
-0.113858 0.177422 -0.065460 -0.046014 -0.644719 -0.763033 121 45 30
0.300677 0.151144 0.739998 -0.021692 -0.305930 -0.951807 124 88 6
-0.164731 -0.225954 -0.302560 -0.022084 0.721762 0.691789 124 219 215
0.128661 -0.215797 -0.760257 0.831155 0.547206 0.098727 233 197 140
0.175446 -0.312373 -0.353314 -0.040722 0.998613 -0.033379 122 254 123
0.328845 -0.257553 0.409878 0.133591 0.990210 -0.040475 144 253 122
-0.113807 0.164079 -0.053262 -0.500648 -0.602866 -0.621212 63 50 48
-0.346838 0.025955 0.828581 0.240194 -0.051813 -0.969341 158 120 3
-0.215153 0.156233 0.153714 -0.886586 -0.452180 -0.097464 14 69 115
-0.527399 0.080045 0.376884 0.980442 -0.190249 -0.050385 252 103 121
0.297367 -0.277341 -0.721041 -0.524097 0.845253 -0.104262 60 235 114
0.439889 0.111617 0.035116 -0.964593 -0.244475 -0.098962 4 96 114
0.428931 -0.188873 0.394207 -0.868572 0.495554 0.003083 16 190 127
0.333788 -0.201360 -0.831276 -0.781890 0.613964 0.108146 27 205 141
-0.570226 -0.023361 0.050313 0.989656 -0.011050 0.143036 253 126 145
0.056507 0.157157 -0.406809 0.888827 -0.446509 0.103035 240 70 140
0.149523 0.129138 0.179930 0.923037 -0.381789 -0.047318 245 78 121
-0.434284 -0.295110 0.122302 0.398223 0.917189 0.013510 178 244 129
0.184616 -0.101007 0.566061 0.991448 0.102264 -0.081078 253 140 117
-0.470909 -0.223199 -0.144760 0.724035 0.630343 0.280073 219 207 163
-0.355466 0.008140 0.838364 0.162039 0.117058 -0.979817 148 142 2
-0.317593 -0.166863 0.813904 -0.087043 0.473747 -0.876349 116 187 15
-0.461113 0.188058 0.467293 0.808209 -0.572107 -0.139615 230 54 109
-0.123281 0.194219 -0.064426 -0.426033 -0.498982 -0.754660 73 63 31
-0.265371 -0.238413 0.350534 -0.751459 0.658480 -0.041383 31 211 122
0.355602 -0.064565 0.734725 -0.108065 0.034062 -0.993560 113 131 0
0.382335 -0.096507 -0.865458 -0.948110 0.314854 0.044221 6 167 133
0.201428 -0.093189 0.594262 0.976507 0.210392 -0.046566 252 154 121
0.425875 0.149849 0.519496 -0.869243 -0.481848 -0.110630 16 66 113
0.390793 -0.129171 -0.289054 -0.904786 0.415092 -0.095183 12 180 115
-0.421021 -0.281592 -0.006219 0.150303 0.985451 0.079349 146 253 137
0.404249 0.183137 0.171924 -0.824745 -0.563916 0.042354 22 55 132
0.057010 0.157544 -0.425910 0.903355 -0.408534 0.130571 242 75 144
0.382326 -0.236508 0.291549 -0.667444 0.744102 0.028830 42 222 131
-0.451091 0.207399 0.385298 0.689320 -0.716537 -0.106831 215 36 113
0.297979 0.281050 0.228324 0.066936 -0.996878 -0.041870 136 0 122
0.231621 0.291876 -0.506242 -0.172680 -0.984489 -0.031025 105 1 123
-0.359033 0.273549 0.341218 -0.108090 -0.994135 0.003454 113 0 127
0.416200 -0.058262 0.610689 -0.882215 0.233581 -0.408823 15 157 75
0.135943 0.225345 -0.805665 0.791574 -0.591223 0.154488 228 52 147
0.481221 0.121394 0.302277 -0.936952 -0.345095 0.055046 8 83 134
0.127405 -0.231261 0.035442 0.858638 0.507945 -0.068801 236 192 118
0.371098 -0.216660 -0.174936 -0.718204 0.693030 0.062387 35 215 135
-0.528266 0.033614 0.376123 0.973252 -0.184973 -0.136252 251 103 110
0.358097 -0.111568 -0.982035 -0.888902 0.228038 0.397306 14 156 178
-0.454671 -0.227168 0.461250 0.767910 0.631944 -0.104692 225 208 114
-0.195490 -0.151080 0.521671 -0.861264 0.467461 -0.199260 17 187 102
-0.222240 0.239463 -0.307904 0.049996 -0.721633 0.690468 133 35 215
0.101141 0.030211 -0.974013 0.963781 -0.058791 0.260133 250 120 160
0.175118 0.034167 -1.047485 0.697255 -0.131614 0.704637 216 110 217
0.188951 -0.092565 0.455450 0.987433 0.135677 -0.081037 253 144 117
-0.524459 -0.009649 -0.235284 0.831137 0.018425 0.555762 233 129 198
0.150624 -0.274256 -0.737513 0.721645 0.674075 0.157645 219 213 147
-0.480606 -0.248728 0.176820 0.593480 0.739748 -0.317103 203 221 87
-0.110955 -0.159787 -0.359683 0.014066 0.468443 0.883382 129 187 240
0.291311 -0.277805 -0.399704 -0.496559 0.867973 0.007173 64 238 128
0.328478 0.177032 -0.580768 -0.828554 -0.548880 -0.110583 21 57 113
-0.116127 0.116398 -0.013676 -0.669814 -0.470682 -0.574289 42 67 54
-0.113595 0.259258 -0.119507 -0.255859 -0.863096 -0.435432 94 17 71
0.374072 -0.037569 -0.777106 -0.955291 0.197647 -0.219896 5 152 99
0.023665 0.153697 -0.364893 0.902260 -0.381460 0.201036 242 78 153
-0.295282 0.264685 0.092596 -0.463036 -0.884770 -0.052722 68 14 120
-0.133159 -0.270461 -0.039428 -0.446080 0.638375 -0.627287 70 208 47
0.274586 0.227175 -0.955960 -0.123125 -0.909531 0.396980 111 11 178
-0.047237 -0.137314 -0.020370 -0.012062 0.342032 -0.939611 125 171 7
0.180508 -0.101660 0.415985 0.962408 0.245347 -0.116516 250 158 112
-0.036701 -0.158326 -0.337408 0.760994 0.399405 0.511237 224 178 192
0.445934 -0.127504 0.234714 -0.920253 0.388000 0.050902 10 176 133
-0.583858 -0.138077 -0.081472 0.949693 0.295405 0.104018 248 165 140
-0.545992 0.119005 0.107069 0.912724 -0.405655 -0.048763 243 75 121
0.131363 -0.141265 -0.920942 0.881669 0.433381 0.186656 239 182 151
0.073550 -0.032817 -0.785320 0.997811 -0.043878 0.049485 254 121 133
0.284309 0.169478 0.726222 -0.167258 -0.485025 -0.858357 106 65 18
0.207308 0.115628 0.562826 0.959967 -0.267642 -0.082648 249 93 116
0.351599 -0.161371 -0.818242 -0.834757 0.550590 0.005581 21 197 128
-0.536478 -0.185964 0.163553 0.909968 0.414671 -0.002466 243 180 127
-0.355850 0.105359 -0.349752 0.209607 -0.397693 0.893256 154 76 241
-0.551867 0.051057 0.329373 0.965351 -0.180987 -0.187993 250 104 103
0.445691 0.045904 0.036332 -0.982139 -0.157845 0.102414 2 107 140
-0.249541 -0.307813 -0.031943 -0.305446 0.936962 -0.169722 88 246 105
-0.572465 -0.094078 -0.079669 0.980447 0.188894 0.055157 252 151 134
0.230759 0.289261 -0.676444 -0.168855 -0.983581 -0.063686 105 2 119
0.351651 0.140982 -0.761812 -0.867106 -0.496592 -0.039027 16 64 122
-0.501832 -0.068879 -0.259902 0.820243 0.164902 0.547730 232 148 197
0.210598 -0.154476 0.585954 0.901562 0.422982 -0.090951 242 181 115
-0.518747 0.032112 0.478075 0.985784 0.008315 -0.167810 253 128 106
-0.071315 0.222878 -0.107554 -0.172915 -0.680871 -0.711699 105 40 36
0.450480 -0.028913 0.076451 -0.989188 0.142870 0.033088 1 145 131
0.077318 -0.061226 -0.818827 0.992593 0.092731 0.078486 254 139 137
0.168299 -0.284895 -0.620875 0.636899 0.768612 0.059961 208 225 135
-0.297904 -0.032782 -0.397005 -0.056056 -0.070059 0.995967 120 118 254
0.181250 -0.064927 0.411809 0.965535 0.236195 -0.109333 250 157 113
0.344338 0.064334 -1.054993 -0.218473 -0.326916 0.919454 99 85 244
0.370538 -0.079043 0.698332 -0.572264 0.316477 -0.756542 54 167 31
0.367967 0.035262 0.743250 -0.529053 -0.106019 -0.841940 60 113 20
0.446667 -0.047851 0.005165 -0.995860 0.053699 0.073345 0 134 136
0.226017 0.203604 0.414102 0.842758 -0.533924 -0.068450 234 59 118
0.021309 0.285406 -0.239636 0.291340 -0.950156 0.111013 164 6 141
-0.525889 0.102931 0.309911 0.945060 -0.322403 -0.054018 247 86 120
-0.387905 -0.202367 -0.277099 0.550398 0.416945 0.723338 197 180 219
-0.389949 -0.108766 -0.337607 0.444008 0.141611 0.884761 184 145 240
0.451483 -0.094460 0.080350 -0.979050 0.173983 0.105785 2 149 140
0.425093 0.163993 0.339214 -0.851264 -0.500871 -0.156452 18 63 107
0.446673 0.120432 0.477674 -0.929290 -0.361775 -0.074416 9 81 118
-0.279280 0.242834 0.511654 -0.543564 -0.831294 -0.116141 58 21 112
0.236863 -0.278702 -0.839684 0.369508 0.929227 -0.001338 174 245 127
0.186708 0.091902 0.430963 0.968503 -0.242973 -0.054455 250 96 120
-0.419659 0.233223 0.330072 0.557819 -0.829871 0.012351 198 21 129
-0.163080 0.266807 -0.232246 0.034662 -0.966430 0.254581 131 4 159
0.297658 0.168825 0.689447 0.237913 -0.587969 -0.773104 157 52 28
0.340281 0.200986 -1.017706 -0.749330 -0.593304 0.294101 31 51 164
0.072749 0.260235 -0.081997 0.547126 -0.718223 -0.429895 197 35 72
0.150994 0.022117 0.372143 0.979013 -0.039273 -0.199981 252 122 102
-0.484196 -0.114910 0.543983 0.944971 0.322797 -0.053218 247 168 120
0.267866 -0.274342 -0.783964 -0.335710 0.933915 -0.122886 84 246 111
0.188579 -0.052590 0.562888 0.991033 0.093368 -0.095588 253 139 115
0.238132 -0.306145 -0.381831 -0.253657 0.966730 0.033032 95 250 131
-0.139665 0.134071 0.012288 -0.751554 -0.255685 -0.608105 31 94 49
-0.197384 -0.104135 0.184582 -0.932757 0.357053 0.049782 8 173 133
0.060536 -0.009028 -0.661442 0.988640 0.046958 0.142776 253 133 145
0.246742 -0.257187 0.287574 0.596568 0.800153 -0.062154 203 229 119
-0.219148 0.144280 0.725376 -0.737634 -0.528374 -0.420377 33 60 73
-0.280130 0.240652 0.325665 -0.626942 -0.775148 -0.078029 47 28 117
-0.350284 0.260484 0.638826 0.352480 -0.918591 -0.178744 172 10 104
-0.080185 0.281252 -0.235221 0.126834 -0.983395 0.129799 143 2 144
0.273396 -0.278133 -0.910528 0.131617 0.938389 0.319534 144 247 168
0.256737 -0.197302 -0.999175 0.172118 0.542783 0.822048 149 196 232
0.194440 -0.228053 -0.912569 0.606648 0.720190 0.336608 204 219 170
0.237819 0.200312 -0.868171 0.037997 -0.685705 0.726887 132 40 220
0.052194 -0.052350 -0.619254 0.995115 0.097778 0.013588 254 139 129
-0.147553 -0.110597 -0.412804 -0.032428 0.256888 0.965897 123 160 250
-0.392362 0.206471 -0.273387 0.501799 -0.617288 0.605932 191 48 204
0.138071 -0.265781 -0.039642 0.618727 0.757232 -0.209230 206 224 100
-0.440928 -0.044252 0.725651 0.736784 0.078891 -0.671510 221 137 41
0.042706 0.036699 -0.517138 0.985472 -0.146906 0.085225 253 108 138
-0.180725 0.000443 0.486462 -0.996808 -0.063355 -0.048579 0 119 121
0.385594 -0.169670 -0.175043 -0.907110 0.420712 0.012356 11 181 129
0.432101 0.109981 0.003489 -0.952098 -0.289502 0.098483 6 90 140
-0.249548 0.148169 0.791846 -0.542302 -0.412728 -0.731822 58 74 34
0.424115 -0.025550 -0.200555 -0.998761 0.019072 -0.045969 0 129 121
-0.544386 -0.039472 -0.143885 0.967101 -0.050087 0.249415 250 121 159
-0.545688 -0.138575 0.208549 0.935787 0.335500 -0.108362 246 170 113
-0.504698 -0.217289 0.052174 0.725058 0.688307 0.022894 219 215 130
-0.218010 0.139621 0.228693 -0.904923 -0.425125 -0.019582 12 73 125
-0.424158 -0.172100 -0.288389 0.689307 0.264208 0.674574 215 161 213
0.310135 0.227687 -0.735635 -0.722366 -0.690654 -0.034414 35 39 123
0.349786 0.124317 -0.652040 -0.911145 -0.365738 -0.189869 11 80 103
0.120261 0.133682 0.114361 0.958078 -0.281072 -0.055539 249 91 120
-0.128402 0.222131 -0.074658 -0.414603 -0.729262 -0.544318 74 34 58
0.320514 0.120902 0.742521 -0.341073 -0.249088 -0.906435 84 95 11
0.346244 -0.166582 -0.859118 -0.829216 0.516939 0.212543 21 193 154
-0.434083 -0.275006 -0.136969 0.467349 0.795460 0.385782 187 228 176
-0.219489 -0.191284 0.524028 -0.847895 0.527974 0.048138 19 194 133
0.331277 0.184438 -0.719554 -0.832050 -0.552673 -0.047393 21 57 121
-0.126143 -0.283863 -0.083179 -0.307001 0.870846 -0.383898 88 238 78
-0.471070 -0.255484 -0.070238 0.608432 0.789345 0.082126 205 228 137
0.301839 -0.248927 0.520633 0.509879 0.857957 -0.062719 192 236 119
-0.473060 -0.227635 -0.077740 0.676510 0.723984 0.134837 213 219 144
0.118019 -0.195759 -0.854060 0.879565 0.460284 0.120437 239 186 142
0.211353 0.112072 0.596593 0.925793 -0.368102 -0.086069 245 80 116
0.093882 -0.094957 0.100078 0.975841 0.179883 -0.124001 251 150 111
0.342148 -0.250272 0.585084 0.245752 0.958195 -0.146520 158 249 108
0.113268 0.074358 -0.906324 0.924879 -0.346022 0.157695 245 83 147
-0.304697 -0.083915 -0.360697 0.388429 0.064537 0.919216 177 135 244
-0.220249 -0.188517 -0.338587 0.127943 0.601479 0.788577 143 204 228
0.300269 -0.270769 -0.843405 -0.661853 0.749420 -0.017917 43 223 125
-0.466346 -0.226406 0.463589 0.771896 0.630553 -0.081119 225 207 117
0.151230 -0.281980 -0.494648 0.576784 0.813391 0.075598 201 231 137
0.456311 0.078220 0.318320 -0.980490 -0.194425 -0.028942 2 102 123
-0.051307 0.249512 -0.114403 -0.052775 -0.760576 -0.647100 120 30 44
-0.390284 -0.275498 0.677954 0.563801 0.808452 -0.168923 199 230 105
0.247081 -0.295489 -0.781396 -0.265589 0.962194 -0.060382 93 250 119
0.171226 -0.044320 -1.020092 0.652714 0.152084 0.742182 210 146 222
0.287265 0.248960 -0.617175 -0.529723 -0.848144 0.006783 59 19 128
0.350192 -0.122758 -1.068845 -0.834899 0.322089 0.446321 21 168 184
0.368648 0.043915 -0.926460 -0.984909 -0.173015 -0.004423 1 105 126
-0.185299 0.074084 0.634854 -0.984207 -0.064094 -0.165008 2 119 106
0.250532 0.228740 0.368864 0.646085 -0.762523 -0.033647 209 30 123
-0.524755 -0.062904 -0.201674 0.844285 -0.019332 0.535546 235 125 195
-0.525048 -0.203821 -0.092249 0.837023 0.532797 0.124578 234 195 143
0.044407 -0.060984 -0.555156 0.991545 0.084093 0.098829 253 138 140
0.161830 0.186942 -0.932702 0.758978 -0.623575 0.187366 224 47 151
0.190149 -0.038739 -1.033603 0.526505 0.062942 0.847839 194 135 235
0.198994 0.085048 0.618213 0.975696 -0.205702 -0.075525 251 101 117
-0.526652 -0.150767 0.419426 0.792786 0.558277 -0.244575 228 198 96
-0.344372 -0.281367 0.468928 0.081135 0.993590 -0.078712 137 254 117
0.353277 -0.238158 -0.051110 -0.653179 0.754727 0.061197 44 223 135
0.426680 0.004202 -0.240601 -0.990923 -0.083642 0.105245 1 116 140
0.371500 -0.257403 0.522863 -0.406326 0.906423 -0.115313 75 243 112
0.359706 0.245566 0.420042 -0.547312 -0.820898 -0.163021 57 22 106
-0.496517 -0.047529 0.615586 0.953297 0.063732 -0.295235 249 135 89
0.230409 -0.262358 -0.885469 0.419171 0.844958 0.332178 180 235 169
-0.555821 -0.151771 0.149251 0.908603 0.382478 -0.167783 243 176 106
-0.039111 0.271127 -0.125806 0.009990 -0.735383 -0.677578 128 33 41
0.051148 0.018280 -0.601209 0.998153 -0.034993 0.049661 254 123 133
-0.531260 0.168674 0.084340 0.881342 -0.445826 -0.156449 239 70 107
0.192701 0.282994 -0.720057 0.481412 -0.869602 0.109704 188 16 141
-0.469576 -0.165989 0.673005 0.794429 0.553525 -0.249986 228 198 95
0.243212 0.262313 0.087924 0.273589 -0.960426 -0.052252 162 5 120
0.231859 -0.176665 0.590968 0.867377 0.478925 -0.135235 238 188 110
0.311237 -0.254300 -0.441269 -0.609956 0.792008 -0.026028 49 228 124
0.356342 -0.251243 0.579062 -0.400153 0.875180 -0.271916 76 239 92
0.069954 0.080834 -0.694680 0.959090 -0.277813 0.054461 249 92 134
0.382916 0.072042 -0.543379 -0.985821 -0.167741 -0.004461 1 106 126
-0.323020 0.078257 0.809758 0.016931 -0.412453 -0.910822 129 74 11
0.442375 0.127626 0.296598 -0.918769 -0.394783 0.003119 10 77 127
0.204827 -0.134798 0.459139 0.934428 0.351802 -0.055504 246 172 120
-0.371101 0.274412 -0.015628 0.134253 -0.990807 0.016638 144 1 129
0.268901 0.203764 -0.972070 -0.009766 -0.784979 0.619445 126 27 206
0.344827 0.243974 0.343984 -0.439865 -0.893398 -0.091425 71 13 115
-0.021723 -0.192248 -0.011042 0.105792 0.475394 -0.873389 140 188 16
0.135088 -0.214897 -0.862782 0.840016 0.535166 0.089279 234 195 138
0.319339 -0.232478 -0.392785 -0.724004 0.689413 0.022953 35 215 130
0.280496 -0.271737 -0.707022 -0.550671 0.828251 -0.103744 57 233 114
0.415032 0.048754 -0.235577 -0.933061 -0.243987 0.264325 8 96 161
0.332508 -0.182371 -0.926587 -0.771809 0.535877 0.342268 29 195 171
0.177315 -0.034457 0.453502 0.995829 0.044559 -0.079623 254 133 117
0.114123 -0.080786 -0.948338 0.974446 0.160743 0.156895 251 147 147
-0.214339 0.161419 0.342882 -0.884045 -0.467200 0.013708 14 67 129
0.422835 -0.113060 -0.074736 -0.931986 0.344013 0.114266 8 171 142
0.462167 -0.003266 0.122347 -0.990787 0.125275 0.051447 1 143 134
0.304820 -0.253573 0.666728 0.552470 0.829295 -0.083947 197 233 116
-0.550726 -0.020692 -0.207849 0.935215 -0.007113 0.354009 246 126 172
0.093007 0.170971 -0.714119 0.867080 -0.493312 0.069396 238 64 136
0.034173 -0.047380 -0.455719 0.988407 0.085408 0.125523 253 138 143
-0.002470 0.205788 -0.327919 0.410637 -0.796918 0.443056 179 25 183
0.285002 -0.245144 -0.452852 -0.633400 0.766753 -0.104377 46 225 114
-0.327620 -0.191430 -0.347300 0.114222 0.381807 0.917157 142 176 244
-0.057887 0.286505 -0.179273 -0.127097 -0.953856 -0.272038 111 5 92
0.300041 -0.297186 -0.165175 -0.425583 0.904798 -0.014815 73 242 125
-0.194459 -0.292510 -0.072280 -0.260169 0.961084 -0.092893 94 250 115
-0.389557 -0.290043 0.404419 0.082447 0.974590 -0.208271 138 251 100
0.307261 0.107524 -1.056704 -0.077395 -0.442138 0.893602 117 71 241
-0.096955 -0.096838 -0.006735 -0.577378 0.210890 -0.788771 53 154 26
-0.175669 0.211119 -0.030400 -0.480245 -0.751917 -0.451648 66 31 69
-0.522564 0.078884 0.477617 0.895097 -0.176602 -0.409405 241 104 75
-0.319236 0.162202 -0.358404 0.046049 -0.643753 0.763847 133 45 224
-0.376963 -0.108486 0.775377 0.629713 0.372356 -0.681772 207 174 40
-0.406517 0.285160 0.079439 0.172950 -0.984497 -0.029227 149 1 123
0.188241 -0.025789 0.615157 0.994165 -0.033087 -0.102671 254 123 114
