ply
format ascii 1.0
element vertex 1877
property float x
property float y
property float z
element face 5694
property list uchar int vertex_indices
end_header
-0.525000 -0.150000 -0.675000
-0.525000 -0.150000 -0.600000
-0.525000 -0.150000 -0.525000
-0.525000 -0.150000 -0.450000
-0.525000 -0.150000 -0.375000
-0.525000 -0.150000 -0.300000
-0.525000 -0.150000 -0.225000
-0.525000 -0.150000 -0.150000
-0.525000 -0.150000 -0.075000
-0.525000 -0.075000 -0.675000
-0.525000 -0.075000 -0.600000
-0.525000 -0.075000 -0.525000
-0.525000 -0.075000 -0.450000
-0.525000 -0.075000 -0.375000
-0.525000 -0.075000 -0.300000
-0.525000 -0.075000 -0.225000
-0.525000 -0.075000 -0.150000
-0.525000 -0.075000 -0.075000
-0.525000 0.000000 -0.675000
-0.525000 0.000000 -0.600000
-0.525000 0.000000 -0.525000
-0.525000 0.000000 -0.450000
-0.525000 0.000000 -0.375000
-0.525000 0.000000 -0.300000
-0.525000 0.000000 -0.225000
-0.525000 0.000000 -0.150000
-0.525000 0.000000 -0.075000
-0.525000 0.075000 -0.525000
-0.525000 0.075000 -0.450000
-0.525000 0.075000 -0.375000
-0.525000 0.075000 -0.300000
-0.525000 0.075000 -0.225000
-0.525000 0.075000 -0.150000
-0.525000 0.075000 -0.075000
-0.450000 -0.300000 -0.675000
-0.450000 -0.300000 -0.600000
-0.450000 -0.300000 -0.525000
-0.450000 -0.300000 -0.450000
-0.450000 -0.300000 -0.375000
-0.450000 -0.300000 -0.300000
-0.450000 -0.300000 -0.225000
-0.450000 -0.300000 -0.150000
-0.450000 -0.300000 -0.075000
-0.450000 -0.225000 -0.750000
-0.450000 -0.225000 -0.675000
-0.450000 -0.225000 -0.600000
-0.450000 -0.225000 -0.525000
-0.450000 -0.225000 -0.450000
-0.450000 -0.225000 -0.375000
-0.450000 -0.225000 -0.300000
-0.450000 -0.225000 -0.225000
-0.450000 -0.225000 -0.150000
-0.450000 -0.225000 -0.075000
-0.450000 -0.225000 0.000000
-0.450000 -0.150000 -0.750000
-0.450000 -0.150000 -0.675000
-0.450000 -0.150000 -0.600000
-0.450000 -0.150000 -0.525000
-0.450000 -0.150000 -0.450000
-0.450000 -0.150000 -0.375000
-0.450000 -0.150000 -0.300000
-0.450000 -0.150000 -0.225000
-0.450000 -0.150000 -0.150000
-0.450000 -0.150000 -0.075000
-0.450000 -0.150000 0.000000
-0.450000 -0.075000 -0.750000
-0.450000 -0.075000 -0.675000
-0.450000 -0.075000 -0.600000
-0.450000 -0.075000 -0.525000
-0.450000 -0.075000 -0.450000
-0.450000 -0.075000 -0.375000
-0.450000 -0.075000 -0.300000
-0.450000 -0.075000 -0.225000
-0.450000 -0.075000 -0.150000
-0.450000 -0.075000 -0.075000
-0.450000 -0.075000 0.000000
-0.450000 0.000000 -0.750000
-0.450000 0.000000 -0.675000
-0.450000 0.000000 -0.600000
-0.450000 0.000000 -0.525000
-0.450000 0.000000 -0.450000
-0.450000 0.000000 -0.375000
-0.450000 0.000000 -0.300000
-0.450000 0.000000 -0.225000
-0.450000 0.000000 -0.150000
-0.450000 0.000000 -0.075000
-0.450000 0.000000 0.000000
-0.450000 0.075000 -0.750000
-0.450000 0.075000 -0.675000
-0.450000 0.075000 -0.600000
-0.450000 0.075000 -0.525000
-0.450000 0.075000 -0.450000
-0.450000 0.075000 -0.375000
-0.450000 0.075000 -0.300000
-0.450000 0.075000 -0.225000
-0.450000 0.075000 -0.150000
-0.450000 0.075000 -0.075000
-0.450000 0.075000 0.000000
-0.450000 0.150000 -0.750000
-0.450000 0.150000 -0.675000
-0.450000 0.150000 -0.600000
-0.450000 0.150000 -0.525000
-0.450000 0.150000 -0.450000
-0.450000 0.150000 -0.375000
-0.450000 0.150000 -0.300000
-0.450000 0.150000 -0.225000
-0.450000 0.150000 -0.150000
-0.450000 0.150000 -0.075000
-0.450000 0.150000 0.000000
-0.450000 0.225000 -0.675000
-0.450000 0.225000 -0.600000
-0.450000 0.225000 -0.525000
-0.450000 0.225000 -0.450000
-0.450000 0.225000 -0.375000
-0.450000 0.225000 -0.300000
-0.450000 0.225000 -0.225000
-0.450000 0.225000 -0.150000
-0.450000 0.225000 -0.075000
-0.375000 -0.300000 -0.750000
-0.375000 -0.300000 -0.675000
-0.375000 -0.300000 -0.600000
-0.375000 -0.300000 -0.525000
-0.375000 -0.300000 -0.450000
-0.375000 -0.300000 -0.375000
-0.375000 -0.300000 -0.300000
-0.375000 -0.300000 -0.225000
-0.375000 -0.300000 -0.150000
-0.375000 -0.300000 -0.075000
-0.375000 -0.300000 0.000000
-0.375000 -0.300000 0.075000
-0.375000 -0.225000 -0.750000
-0.375000 -0.225000 -0.675000
-0.375000 -0.225000 -0.600000
-0.375000 -0.225000 -0.525000
-0.375000 -0.225000 -0.450000
-0.375000 -0.225000 -0.375000
-0.375000 -0.225000 -0.300000
-0.375000 -0.225000 -0.225000
-0.375000 -0.225000 -0.150000
-0.375000 -0.225000 -0.075000
-0.375000 -0.225000 0.000000
-0.375000 -0.225000 0.075000
-0.375000 -0.225000 0.150000
-0.375000 -0.150000 -0.825000
-0.375000 -0.150000 -0.750000
-0.375000 -0.150000 -0.675000
-0.375000 -0.150000 -0.600000
-0.375000 -0.150000 -0.525000
-0.375000 -0.150000 -0.450000
-0.375000 -0.150000 -0.375000
-0.375000 -0.150000 -0.300000
-0.375000 -0.150000 -0.225000
-0.375000 -0.150000 -0.150000
-0.375000 -0.150000 -0.075000
-0.375000 -0.150000 0.000000
-0.375000 -0.150000 0.075000
-0.375000 -0.150000 0.150000
-0.375000 -0.150000 0.225000
-0.375000 -0.075000 -0.825000
-0.375000 -0.075000 -0.750000
-0.375000 -0.075000 -0.675000
-0.375000 -0.075000 -0.600000
-0.375000 -0.075000 -0.525000
-0.375000 -0.075000 -0.450000
-0.375000 -0.075000 -0.375000
-0.375000 -0.075000 -0.300000
-0.375000 -0.075000 -0.225000
-0.375000 -0.075000 -0.150000
-0.375000 -0.075000 -0.075000
-0.375000 -0.075000 0.000000
-0.375000 -0.075000 0.075000
-0.375000 -0.075000 0.150000
-0.375000 -0.075000 0.225000
-0.375000 0.000000 -0.825000
-0.375000 0.000000 -0.750000
-0.375000 0.000000 -0.675000
-0.375000 0.000000 -0.600000
-0.375000 0.000000 -0.525000
-0.375000 0.000000 -0.450000
-0.375000 0.000000 -0.375000
-0.375000 0.000000 -0.300000
-0.375000 0.000000 -0.225000
-0.375000 0.000000 -0.150000
-0.375000 0.000000 -0.075000
-0.375000 0.000000 0.000000
-0.375000 0.000000 0.075000
-0.375000 0.000000 0.150000
-0.375000 0.000000 0.225000
-0.375000 0.075000 -0.825000
-0.375000 0.075000 -0.750000
-0.375000 0.075000 -0.675000
-0.375000 0.075000 -0.600000
-0.375000 0.075000 -0.525000
-0.375000 0.075000 -0.450000
-0.375000 0.075000 -0.375000
-0.375000 0.075000 -0.300000
-0.375000 0.075000 -0.225000
-0.375000 0.075000 -0.150000
-0.375000 0.075000 -0.075000
-0.375000 0.075000 0.000000
-0.375000 0.075000 0.075000
-0.375000 0.075000 0.150000
-0.375000 0.075000 0.225000
-0.375000 0.150000 -0.750000
-0.375000 0.150000 -0.675000
-0.375000 0.150000 -0.600000
-0.375000 0.150000 -0.525000
-0.375000 0.150000 -0.450000
-0.375000 0.150000 -0.375000
-0.375000 0.150000 -0.300000
-0.375000 0.150000 -0.225000
-0.375000 0.150000 -0.150000
-0.375000 0.150000 -0.075000
-0.375000 0.150000 0.000000
-0.375000 0.150000 0.075000
-0.375000 0.225000 -0.750000
-0.375000 0.225000 -0.675000
-0.375000 0.225000 -0.600000
-0.375000 0.225000 -0.525000
-0.375000 0.225000 -0.450000
-0.375000 0.225000 -0.375000
-0.375000 0.225000 -0.300000
-0.375000 0.225000 -0.225000
-0.375000 0.225000 -0.150000
-0.375000 0.225000 -0.075000
-0.375000 0.225000 0.000000
-0.300000 -0.300000 -0.750000
-0.300000 -0.300000 -0.675000
-0.300000 -0.300000 -0.600000
-0.300000 -0.300000 -0.525000
-0.300000 -0.300000 -0.450000
-0.300000 -0.300000 -0.375000
-0.300000 -0.300000 -0.300000
-0.300000 -0.300000 -0.225000
-0.300000 -0.300000 -0.150000
-0.300000 -0.300000 -0.075000
-0.300000 -0.300000 0.000000
-0.300000 -0.300000 0.075000
-0.300000 -0.300000 0.150000
-0.300000 -0.300000 0.225000
-0.300000 -0.225000 -0.825000
-0.300000 -0.225000 -0.750000
-0.300000 -0.225000 -0.675000
-0.300000 -0.225000 -0.600000
-0.300000 -0.225000 -0.525000
-0.300000 -0.225000 -0.450000
-0.300000 -0.225000 -0.375000
-0.300000 -0.225000 -0.300000
-0.300000 -0.225000 -0.225000
-0.300000 -0.225000 -0.150000
-0.300000 -0.225000 -0.075000
-0.300000 -0.225000 0.000000
-0.300000 -0.225000 0.075000
-0.300000 -0.225000 0.150000
-0.300000 -0.225000 0.225000
-0.300000 -0.225000 0.300000
-0.300000 -0.150000 -0.825000
-0.300000 -0.150000 -0.750000
-0.300000 -0.150000 -0.675000
-0.300000 -0.150000 -0.600000
-0.300000 -0.150000 -0.525000
-0.300000 -0.150000 -0.450000
-0.300000 -0.150000 -0.375000
-0.300000 -0.150000 -0.300000
-0.300000 -0.150000 -0.225000
-0.300000 -0.150000 -0.150000
-0.300000 -0.150000 -0.075000
-0.300000 -0.150000 0.000000
-0.300000 -0.150000 0.075000
-0.300000 -0.150000 0.150000
-0.300000 -0.150000 0.225000
-0.300000 -0.150000 0.300000
-0.300000 -0.150000 0.375000
-0.300000 -0.075000 -0.825000
-0.300000 -0.075000 -0.750000
-0.300000 -0.075000 -0.675000
-0.300000 -0.075000 -0.075000
-0.300000 -0.075000 0.000000
-0.300000 -0.075000 0.075000
-0.300000 -0.075000 0.150000
-0.300000 -0.075000 0.225000
-0.300000 -0.075000 0.300000
-0.300000 -0.075000 0.375000
-0.300000 0.000000 -0.825000
-0.300000 0.000000 -0.750000
-0.300000 0.000000 -0.675000
-0.300000 0.000000 -0.075000
-0.300000 0.000000 0.000000
-0.300000 0.000000 0.075000
-0.300000 0.000000 0.150000
-0.300000 0.000000 0.225000
-0.300000 0.000000 0.300000
-0.300000 0.000000 0.375000
-0.300000 0.075000 -0.825000
-0.300000 0.075000 -0.750000
-0.300000 0.075000 -0.675000
-0.300000 0.075000 -0.600000
-0.300000 0.075000 -0.525000
-0.300000 0.075000 -0.450000
-0.300000 0.075000 -0.375000
-0.300000 0.075000 -0.300000
-0.300000 0.075000 -0.225000
-0.300000 0.075000 -0.150000
-0.300000 0.075000 -0.075000
-0.300000 0.075000 0.000000
-0.300000 0.075000 0.075000
-0.300000 0.075000 0.150000
-0.300000 0.075000 0.225000
-0.300000 0.075000 0.300000
-0.300000 0.075000 0.375000
-0.300000 0.150000 -0.825000
-0.300000 0.150000 -0.750000
-0.300000 0.150000 -0.675000
-0.300000 0.150000 -0.600000
-0.300000 0.150000 -0.525000
-0.300000 0.150000 -0.450000
-0.300000 0.150000 -0.375000
-0.300000 0.150000 -0.300000
-0.300000 0.150000 -0.225000
-0.300000 0.150000 -0.150000
-0.300000 0.150000 -0.075000
-0.300000 0.150000 0.000000
-0.300000 0.150000 0.075000
-0.300000 0.150000 0.150000
-0.300000 0.150000 0.225000
-0.300000 0.150000 0.300000
-0.300000 0.225000 -0.750000
-0.300000 0.225000 -0.675000
-0.300000 0.225000 -0.600000
-0.300000 0.225000 -0.525000
-0.300000 0.225000 -0.450000
-0.300000 0.225000 -0.375000
-0.300000 0.225000 -0.300000
-0.300000 0.225000 -0.225000
-0.300000 0.225000 -0.150000
-0.300000 0.225000 -0.075000
-0.300000 0.225000 0.000000
-0.300000 0.225000 0.075000
-0.300000 0.225000 0.150000
-0.300000 0.225000 0.225000
-0.225000 -0.300000 -0.825000
-0.225000 -0.300000 -0.750000
-0.225000 -0.300000 -0.675000
-0.225000 -0.300000 -0.600000
-0.225000 -0.300000 -0.525000
-0.225000 -0.300000 -0.450000
-0.225000 -0.300000 -0.375000
-0.225000 -0.300000 -0.300000
-0.225000 -0.300000 -0.225000
-0.225000 -0.300000 -0.150000
-0.225000 -0.300000 -0.075000
-0.225000 -0.300000 0.000000
-0.225000 -0.300000 0.075000
-0.225000 -0.300000 0.150000
-0.225000 -0.300000 0.225000
-0.225000 -0.300000 0.300000
-0.225000 -0.300000 0.375000
-0.225000 -0.225000 -0.825000
-0.225000 -0.225000 -0.750000
-0.225000 -0.225000 -0.675000
-0.225000 -0.225000 -0.600000
-0.225000 -0.225000 -0.525000
-0.225000 -0.225000 -0.450000
-0.225000 -0.225000 -0.375000
-0.225000 -0.225000 -0.300000
-0.225000 -0.225000 -0.225000
-0.225000 -0.225000 -0.150000
-0.225000 -0.225000 -0.075000
-0.225000 -0.225000 0.000000
-0.225000 -0.225000 0.075000
-0.225000 -0.225000 0.150000
-0.225000 -0.225000 0.225000
-0.225000 -0.225000 0.300000
-0.225000 -0.225000 0.375000
-0.225000 -0.225000 0.450000
-0.225000 -0.150000 -0.825000
-0.225000 -0.150000 -0.750000
-0.225000 -0.150000 -0.675000
-0.225000 -0.150000 -0.600000
-0.225000 -0.150000 -0.525000
-0.225000 -0.150000 -0.450000
-0.225000 -0.150000 -0.375000
-0.225000 -0.150000 -0.300000
-0.225000 -0.150000 -0.225000
-0.225000 -0.150000 -0.150000
-0.225000 -0.150000 -0.075000
-0.225000 -0.150000 0.000000
-0.225000 -0.150000 0.075000
-0.225000 -0.150000 0.150000
-0.225000 -0.150000 0.225000
-0.225000 -0.150000 0.300000
-0.225000 -0.150000 0.375000
-0.225000 -0.150000 0.450000
-0.225000 -0.075000 -0.825000
-0.225000 -0.075000 -0.750000
-0.225000 -0.075000 -0.675000
-0.225000 -0.075000 -0.525000
-0.225000 -0.075000 -0.450000
-0.225000 -0.075000 -0.375000
-0.225000 -0.075000 -0.300000
-0.225000 -0.075000 -0.225000
-0.225000 -0.075000 -0.150000
-0.225000 -0.075000 -0.075000
-0.225000 -0.075000 0.075000
-0.225000 -0.075000 0.150000
-0.225000 -0.075000 0.225000
-0.225000 -0.075000 0.300000
-0.225000 -0.075000 0.375000
-0.225000 -0.075000 0.450000
-0.225000 0.000000 -0.825000
-0.225000 0.000000 -0.750000
-0.225000 0.000000 -0.675000
-0.225000 0.000000 -0.525000
-0.225000 0.000000 -0.450000
-0.225000 0.000000 -0.375000
-0.225000 0.000000 -0.300000
-0.225000 0.000000 -0.225000
-0.225000 0.000000 -0.150000
-0.225000 0.000000 -0.075000
-0.225000 0.000000 0.000000
-0.225000 0.000000 0.075000
-0.225000 0.000000 0.150000
-0.225000 0.000000 0.225000
-0.225000 0.000000 0.300000
-0.225000 0.000000 0.375000
-0.225000 0.000000 0.450000
-0.225000 0.075000 -0.825000
-0.225000 0.075000 -0.750000
-0.225000 0.075000 -0.675000
-0.225000 0.075000 -0.600000
-0.225000 0.075000 -0.525000
-0.225000 0.075000 -0.450000
-0.225000 0.075000 -0.375000
-0.225000 0.075000 -0.300000
-0.225000 0.075000 -0.225000
-0.225000 0.075000 -0.150000
-0.225000 0.075000 -0.075000
-0.225000 0.075000 0.000000
-0.225000 0.075000 0.075000
-0.225000 0.075000 0.150000
-0.225000 0.075000 0.225000
-0.225000 0.075000 0.300000
-0.225000 0.075000 0.375000
-0.225000 0.075000 0.450000
-0.225000 0.150000 -0.825000
-0.225000 0.150000 -0.750000
-0.225000 0.150000 -0.675000
-0.225000 0.150000 -0.600000
-0.225000 0.150000 -0.525000
-0.225000 0.150000 -0.450000
-0.225000 0.150000 -0.375000
-0.225000 0.150000 -0.300000
-0.225000 0.150000 -0.225000
-0.225000 0.150000 -0.150000
-0.225000 0.150000 -0.075000
-0.225000 0.150000 0.000000
-0.225000 0.150000 0.075000
-0.225000 0.150000 0.150000
-0.225000 0.150000 0.225000
-0.225000 0.150000 0.300000
-0.225000 0.150000 0.375000
-0.225000 0.150000 0.450000
-0.225000 0.225000 -0.750000
-0.225000 0.225000 -0.675000
-0.225000 0.225000 -0.600000
-0.225000 0.225000 -0.525000
-0.225000 0.225000 -0.450000
-0.225000 0.225000 -0.375000
-0.225000 0.225000 -0.300000
-0.225000 0.225000 -0.225000
-0.225000 0.225000 -0.150000
-0.225000 0.225000 -0.075000
-0.225000 0.225000 0.000000
-0.225000 0.225000 0.075000
-0.225000 0.225000 0.150000
-0.225000 0.225000 0.225000
-0.225000 0.225000 0.300000
-0.225000 0.225000 0.375000
-0.150000 -0.300000 -0.825000
-0.150000 -0.300000 -0.750000
-0.150000 -0.300000 -0.675000
-0.150000 -0.300000 -0.600000
-0.150000 -0.300000 -0.525000
-0.150000 -0.300000 -0.450000
-0.150000 -0.300000 -0.225000
-0.150000 -0.300000 -0.150000
-0.150000 -0.300000 -0.075000
-0.150000 -0.300000 0.000000
-0.150000 -0.300000 0.075000
-0.150000 -0.300000 0.150000
-0.150000 -0.300000 0.225000
-0.150000 -0.300000 0.300000
-0.150000 -0.300000 0.375000
-0.150000 -0.300000 0.450000
-0.150000 -0.300000 0.525000
-0.150000 -0.225000 -0.825000
-0.150000 -0.225000 -0.750000
-0.150000 -0.225000 -0.675000
-0.150000 -0.225000 -0.600000
-0.150000 -0.225000 -0.525000
-0.150000 -0.225000 -0.450000
-0.150000 -0.225000 -0.375000
-0.150000 -0.225000 -0.300000
-0.150000 -0.225000 -0.225000
-0.150000 -0.225000 -0.150000
-0.150000 -0.225000 -0.075000
-0.150000 -0.225000 0.000000
-0.150000 -0.225000 0.075000
-0.150000 -0.225000 0.150000
-0.150000 -0.225000 0.225000
-0.150000 -0.225000 0.300000
-0.150000 -0.225000 0.375000
-0.150000 -0.225000 0.450000
-0.150000 -0.225000 0.525000
-0.150000 -0.150000 -0.825000
-0.150000 -0.150000 -0.750000
-0.150000 -0.150000 -0.675000
-0.150000 -0.150000 -0.600000
-0.150000 -0.150000 -0.525000
-0.150000 -0.150000 -0.450000
-0.150000 -0.150000 -0.375000
-0.150000 -0.150000 -0.300000
-0.150000 -0.150000 -0.225000
-0.150000 -0.150000 -0.150000
-0.150000 -0.150000 -0.075000
-0.150000 -0.150000 0.000000
-0.150000 -0.150000 0.075000
-0.150000 -0.150000 0.150000
-0.150000 -0.150000 0.225000
-0.150000 -0.150000 0.300000
-0.150000 -0.150000 0.375000
-0.150000 -0.150000 0.450000
-0.150000 -0.150000 0.525000
-0.150000 -0.075000 -0.825000
-0.150000 -0.075000 -0.750000
-0.150000 -0.075000 -0.675000
-0.150000 -0.075000 -0.600000
-0.150000 -0.075000 -0.525000
-0.150000 -0.075000 -0.450000
-0.150000 -0.075000 -0.375000
-0.150000 -0.075000 -0.300000
-0.150000 -0.075000 -0.225000
-0.150000 -0.075000 -0.150000
-0.150000 -0.075000 -0.075000
-0.150000 -0.075000 0.000000
-0.150000 -0.075000 0.075000
-0.150000 -0.075000 0.225000
-0.150000 -0.075000 0.300000
-0.150000 -0.075000 0.375000
-0.150000 -0.075000 0.450000
-0.150000 -0.075000 0.525000
-0.150000 0.000000 -0.825000
-0.150000 0.000000 -0.750000
-0.150000 0.000000 -0.675000
-0.150000 0.000000 -0.600000
-0.150000 0.000000 -0.525000
-0.150000 0.000000 -0.450000
-0.150000 0.000000 -0.375000
-0.150000 0.000000 -0.300000
-0.150000 0.000000 -0.225000
-0.150000 0.000000 -0.150000
-0.150000 0.000000 -0.075000
-0.150000 0.000000 0.000000
-0.150000 0.000000 0.075000
-0.150000 0.000000 0.150000
-0.150000 0.000000 0.225000
-0.150000 0.000000 0.300000
-0.150000 0.000000 0.375000
-0.150000 0.000000 0.450000
-0.150000 0.000000 0.525000
-0.150000 0.075000 -0.825000
-0.150000 0.075000 -0.750000
-0.150000 0.075000 -0.675000
-0.150000 0.075000 -0.600000
-0.150000 0.075000 -0.525000
-0.150000 0.075000 -0.450000
-0.150000 0.075000 -0.375000
-0.150000 0.075000 -0.300000
-0.150000 0.075000 -0.225000
-0.150000 0.075000 -0.150000
-0.150000 0.075000 -0.075000
-0.150000 0.075000 0.000000
-0.150000 0.075000 0.075000
-0.150000 0.075000 0.150000
-0.150000 0.075000 0.225000
-0.150000 0.075000 0.300000
-0.150000 0.075000 0.375000
-0.150000 0.075000 0.450000
-0.150000 0.075000 0.525000
-0.150000 0.150000 -0.825000
-0.150000 0.150000 -0.750000
-0.150000 0.150000 -0.675000
-0.150000 0.150000 -0.600000
-0.150000 0.150000 -0.525000
-0.150000 0.150000 -0.450000
-0.150000 0.150000 -0.375000
-0.150000 0.150000 -0.300000
-0.150000 0.150000 -0.225000
-0.150000 0.150000 -0.150000
-0.150000 0.150000 -0.075000
-0.150000 0.150000 0.000000
-0.150000 0.150000 0.075000
-0.150000 0.150000 0.150000
-0.150000 0.150000 0.225000
-0.150000 0.150000 0.300000
-0.150000 0.150000 0.375000
-0.150000 0.150000 0.450000
-0.150000 0.150000 0.525000
-0.150000 0.225000 -0.750000
-0.150000 0.225000 -0.675000
-0.150000 0.225000 -0.600000
-0.150000 0.225000 -0.525000
-0.150000 0.225000 -0.450000
-0.150000 0.225000 -0.225000
-0.150000 0.225000 -0.150000
-0.150000 0.225000 -0.075000
-0.150000 0.225000 0.000000
-0.150000 0.225000 0.075000
-0.150000 0.225000 0.150000
-0.150000 0.225000 0.225000
-0.150000 0.225000 0.300000
-0.150000 0.225000 0.375000
-0.150000 0.225000 0.450000
-0.075000 -0.300000 -0.750000
-0.075000 -0.300000 -0.675000
-0.075000 -0.300000 -0.600000
-0.075000 -0.300000 -0.075000
-0.075000 -0.300000 0.000000
-0.075000 -0.300000 0.075000
-0.075000 -0.300000 0.150000
-0.075000 -0.300000 0.225000
-0.075000 -0.300000 0.300000
-0.075000 -0.300000 0.375000
-0.075000 -0.300000 0.450000
-0.075000 -0.300000 0.525000
-0.075000 -0.300000 0.600000
-0.075000 -0.225000 -0.825000
-0.075000 -0.225000 -0.750000
-0.075000 -0.225000 -0.675000
-0.075000 -0.225000 -0.600000
-0.075000 -0.225000 -0.525000
-0.075000 -0.225000 -0.450000
-0.075000 -0.225000 -0.150000
-0.075000 -0.225000 -0.075000
-0.075000 -0.225000 0.000000
-0.075000 -0.225000 0.075000
-0.075000 -0.225000 0.150000
-0.075000 -0.225000 0.225000
-0.075000 -0.225000 0.300000
-0.075000 -0.225000 0.375000
-0.075000 -0.225000 0.450000
-0.075000 -0.225000 0.525000
-0.075000 -0.225000 0.600000
-0.075000 -0.150000 -0.825000
-0.075000 -0.150000 -0.750000
-0.075000 -0.150000 -0.675000
-0.075000 -0.150000 -0.600000
-0.075000 -0.150000 -0.525000
-0.075000 -0.150000 -0.450000
-0.075000 -0.150000 -0.225000
-0.075000 -0.150000 -0.150000
-0.075000 -0.150000 -0.075000
-0.075000 -0.150000 0.000000
-0.075000 -0.150000 0.075000
-0.075000 -0.150000 0.150000
-0.075000 -0.150000 0.225000
-0.075000 -0.150000 0.300000
-0.075000 -0.150000 0.375000
-0.075000 -0.150000 0.450000
-0.075000 -0.150000 0.525000
-0.075000 -0.150000 0.600000
-0.075000 -0.150000 0.675000
-0.075000 -0.075000 -0.825000
-0.075000 -0.075000 -0.750000
-0.075000 -0.075000 -0.675000
-0.075000 -0.075000 -0.600000
-0.075000 -0.075000 -0.525000
-0.075000 -0.075000 -0.450000
-0.075000 -0.075000 -0.225000
-0.075000 -0.075000 -0.150000
-0.075000 -0.075000 -0.075000
-0.075000 -0.075000 0.000000
-0.075000 -0.075000 0.075000
-0.075000 -0.075000 0.150000
-0.075000 -0.075000 0.225000
-0.075000 -0.075000 0.375000
-0.075000 -0.075000 0.450000
-0.075000 -0.075000 0.525000
-0.075000 -0.075000 0.600000
-0.075000 -0.075000 0.675000
-0.075000 0.000000 -0.825000
-0.075000 0.000000 -0.750000
-0.075000 0.000000 -0.675000
-0.075000 0.000000 -0.600000
-0.075000 0.000000 -0.525000
-0.075000 0.000000 -0.450000
-0.075000 0.000000 -0.225000
-0.075000 0.000000 -0.150000
-0.075000 0.000000 -0.075000
-0.075000 0.000000 0.000000
-0.075000 0.000000 0.075000
-0.075000 0.000000 0.150000
-0.075000 0.000000 0.225000
-0.075000 0.000000 0.300000
-0.075000 0.000000 0.375000
-0.075000 0.000000 0.450000
-0.075000 0.000000 0.525000
-0.075000 0.000000 0.600000
-0.075000 0.000000 0.675000
-0.075000 0.075000 -0.825000
-0.075000 0.075000 -0.750000
-0.075000 0.075000 -0.675000
-0.075000 0.075000 -0.600000
-0.075000 0.075000 -0.525000
-0.075000 0.075000 -0.450000
-0.075000 0.075000 -0.225000
-0.075000 0.075000 -0.150000
-0.075000 0.075000 -0.075000
-0.075000 0.075000 0.000000
-0.075000 0.075000 0.075000
-0.075000 0.075000 0.150000
-0.075000 0.075000 0.225000
-0.075000 0.075000 0.300000
-0.075000 0.075000 0.375000
-0.075000 0.075000 0.450000
-0.075000 0.075000 0.525000
-0.075000 0.075000 0.600000
-0.075000 0.075000 0.675000
-0.075000 0.150000 -0.825000
-0.075000 0.150000 -0.750000
-0.075000 0.150000 -0.675000
-0.075000 0.150000 -0.600000
-0.075000 0.150000 -0.525000
-0.075000 0.150000 -0.450000
-0.075000 0.150000 -0.150000
-0.075000 0.150000 -0.075000
-0.075000 0.150000 0.000000
-0.075000 0.150000 0.075000
-0.075000 0.150000 0.150000
-0.075000 0.150000 0.225000
-0.075000 0.150000 0.300000
-0.075000 0.150000 0.375000
-0.075000 0.150000 0.450000
-0.075000 0.150000 0.525000
-0.075000 0.150000 0.600000
-0.075000 0.225000 -0.750000
-0.075000 0.225000 -0.675000
-0.075000 0.225000 -0.600000
-0.075000 0.225000 -0.525000
-0.075000 0.225000 -0.075000
-0.075000 0.225000 0.000000
-0.075000 0.225000 0.075000
-0.075000 0.225000 0.150000
-0.075000 0.225000 0.225000
-0.075000 0.225000 0.300000
-0.075000 0.225000 0.375000
-0.075000 0.225000 0.450000
-0.075000 0.225000 0.525000
-0.075000 0.225000 0.600000
0.000000 -0.300000 -0.750000
0.000000 -0.300000 -0.675000
0.000000 -0.300000 -0.600000
0.000000 -0.300000 0.150000
0.000000 -0.300000 0.225000
0.000000 -0.300000 0.300000
0.000000 -0.300000 0.375000
0.000000 -0.300000 0.450000
0.000000 -0.300000 0.525000
0.000000 -0.300000 0.600000
0.000000 -0.300000 0.675000
0.000000 -0.225000 -0.825000
0.000000 -0.225000 -0.750000
0.000000 -0.225000 -0.675000
0.000000 -0.225000 -0.600000
0.000000 -0.225000 -0.525000
0.000000 -0.225000 0.000000
0.000000 -0.225000 0.075000
0.000000 -0.225000 0.150000
0.000000 -0.225000 0.225000
0.000000 -0.225000 0.300000
0.000000 -0.225000 0.375000
0.000000 -0.225000 0.450000
0.000000 -0.225000 0.525000
0.000000 -0.225000 0.600000
0.000000 -0.225000 0.675000
0.000000 -0.225000 0.750000
0.000000 -0.150000 -0.825000
0.000000 -0.150000 -0.750000
0.000000 -0.150000 -0.675000
0.000000 -0.150000 -0.600000
0.000000 -0.150000 -0.525000
0.000000 -0.150000 -0.450000
0.000000 -0.150000 -0.225000
0.000000 -0.150000 -0.150000
0.000000 -0.150000 -0.075000
0.000000 -0.150000 0.000000
0.000000 -0.150000 0.075000
0.000000 -0.150000 0.150000
0.000000 -0.150000 0.225000
0.000000 -0.150000 0.300000
0.000000 -0.150000 0.375000
0.000000 -0.150000 0.450000
0.000000 -0.150000 0.525000
0.000000 -0.150000 0.600000
0.000000 -0.150000 0.675000
0.000000 -0.150000 0.750000
0.000000 -0.150000 0.825000
0.000000 -0.075000 -0.825000
0.000000 -0.075000 -0.750000
0.000000 -0.075000 -0.600000
0.000000 -0.075000 -0.525000
0.000000 -0.075000 -0.450000
0.000000 -0.075000 -0.225000
0.000000 -0.075000 -0.150000
0.000000 -0.075000 -0.075000
0.000000 -0.075000 0.000000
0.000000 -0.075000 0.075000
0.000000 -0.075000 0.150000
0.000000 -0.075000 0.225000
0.000000 -0.075000 0.300000
0.000000 -0.075000 0.375000
0.000000 -0.075000 0.450000
0.000000 -0.075000 0.525000
0.000000 -0.075000 0.600000
0.000000 -0.075000 0.675000
0.000000 -0.075000 0.750000
0.000000 -0.075000 0.825000
0.000000 0.000000 -0.825000
0.000000 0.000000 -0.750000
0.000000 0.000000 -0.600000
0.000000 0.000000 -0.525000
0.000000 0.000000 -0.450000
0.000000 0.000000 -0.225000
0.000000 0.000000 -0.150000
0.000000 0.000000 -0.075000
0.000000 0.000000 0.000000
0.000000 0.000000 0.075000
0.000000 0.000000 0.150000
0.000000 0.000000 0.225000
0.000000 0.000000 0.300000
0.000000 0.000000 0.375000
0.000000 0.000000 0.450000
0.000000 0.000000 0.525000
0.000000 0.000000 0.600000
0.000000 0.000000 0.675000
0.000000 0.000000 0.750000
0.000000 0.000000 0.825000
0.000000 0.075000 -0.825000
0.000000 0.075000 -0.750000
0.000000 0.075000 -0.675000
0.000000 0.075000 -0.600000
0.000000 0.075000 -0.525000
0.000000 0.075000 -0.450000
0.000000 0.075000 -0.225000
0.000000 0.075000 -0.150000
0.000000 0.075000 -0.075000
0.000000 0.075000 0.000000
0.000000 0.075000 0.075000
0.000000 0.075000 0.150000
0.000000 0.075000 0.225000
0.000000 0.075000 0.300000
0.000000 0.075000 0.375000
0.000000 0.075000 0.450000
0.000000 0.075000 0.525000
0.000000 0.075000 0.600000
0.000000 0.075000 0.675000
0.000000 0.075000 0.750000
0.000000 0.075000 0.825000
0.000000 0.150000 -0.825000
0.000000 0.150000 -0.750000
0.000000 0.150000 -0.675000
0.000000 0.150000 -0.600000
0.000000 0.150000 -0.525000
0.000000 0.150000 -0.450000
0.000000 0.150000 -0.225000
0.000000 0.150000 -0.150000
0.000000 0.150000 -0.075000
0.000000 0.150000 0.000000
0.000000 0.150000 0.075000
0.000000 0.150000 0.150000
0.000000 0.150000 0.225000
0.000000 0.150000 0.300000
0.000000 0.150000 0.375000
0.000000 0.150000 0.450000
0.000000 0.150000 0.525000
0.000000 0.150000 0.600000
0.000000 0.150000 0.675000
0.000000 0.150000 0.750000
0.000000 0.225000 -0.750000
0.000000 0.225000 -0.675000
0.000000 0.225000 -0.600000
0.000000 0.225000 -0.525000
0.000000 0.225000 0.150000
0.000000 0.225000 0.225000
0.000000 0.225000 0.300000
0.000000 0.225000 0.375000
0.000000 0.225000 0.450000
0.000000 0.225000 0.525000
0.000000 0.225000 0.600000
0.000000 0.225000 0.675000
0.075000 -0.300000 -0.750000
0.075000 -0.300000 -0.675000
0.075000 -0.300000 -0.600000
0.075000 -0.300000 -0.525000
0.075000 -0.300000 -0.450000
0.075000 -0.300000 -0.225000
0.075000 -0.300000 -0.150000
0.075000 -0.300000 -0.075000
0.075000 -0.300000 0.000000
0.075000 -0.300000 0.225000
0.075000 -0.300000 0.300000
0.075000 -0.300000 0.375000
0.075000 -0.300000 0.450000
0.075000 -0.300000 0.525000
0.075000 -0.300000 0.600000
0.075000 -0.300000 0.675000
0.075000 -0.300000 0.750000
0.075000 -0.300000 0.825000
0.075000 -0.225000 -0.825000
0.075000 -0.225000 -0.750000
0.075000 -0.225000 -0.675000
0.075000 -0.225000 -0.600000
0.075000 -0.225000 -0.525000
0.075000 -0.225000 -0.450000
0.075000 -0.225000 -0.375000
0.075000 -0.225000 -0.300000
0.075000 -0.225000 -0.225000
0.075000 -0.225000 -0.150000
0.075000 -0.225000 -0.075000
0.075000 -0.225000 0.000000
0.075000 -0.225000 0.075000
0.075000 -0.225000 0.150000
0.075000 -0.225000 0.225000
0.075000 -0.225000 0.300000
0.075000 -0.225000 0.375000
0.075000 -0.225000 0.450000
0.075000 -0.225000 0.525000
0.075000 -0.225000 0.600000
0.075000 -0.225000 0.675000
0.075000 -0.225000 0.750000
0.075000 -0.225000 0.825000
0.075000 -0.150000 -0.825000
0.075000 -0.150000 -0.750000
0.075000 -0.150000 -0.675000
0.075000 -0.150000 -0.600000
0.075000 -0.150000 -0.525000
0.075000 -0.150000 -0.450000
0.075000 -0.150000 -0.375000
0.075000 -0.150000 -0.300000
0.075000 -0.150000 -0.225000
0.075000 -0.150000 -0.150000
0.075000 -0.150000 -0.075000
0.075000 -0.150000 0.000000
0.075000 -0.150000 0.075000
0.075000 -0.150000 0.150000
0.075000 -0.150000 0.225000
0.075000 -0.150000 0.300000
0.075000 -0.150000 0.375000
0.075000 -0.150000 0.450000
0.075000 -0.150000 0.525000
0.075000 -0.150000 0.600000
0.075000 -0.150000 0.675000
0.075000 -0.150000 0.750000
0.075000 -0.150000 0.825000
0.075000 -0.150000 0.900000
0.075000 -0.075000 -0.825000
0.075000 -0.075000 -0.750000
0.075000 -0.075000 -0.600000
0.075000 -0.075000 -0.525000
0.075000 -0.075000 -0.450000
0.075000 -0.075000 -0.375000
0.075000 -0.075000 -0.300000
0.075000 -0.075000 -0.225000
0.075000 -0.075000 -0.150000
0.075000 -0.075000 -0.075000
0.075000 -0.075000 0.000000
0.075000 -0.075000 0.075000
0.075000 -0.075000 0.150000
0.075000 -0.075000 0.225000
0.075000 -0.075000 0.300000
0.075000 -0.075000 0.375000
0.075000 -0.075000 0.450000
0.075000 -0.075000 0.525000
0.075000 -0.075000 0.600000
0.075000 -0.075000 0.675000
0.075000 -0.075000 0.750000
0.075000 -0.075000 0.825000
0.075000 -0.075000 0.900000
0.075000 0.000000 -0.825000
0.075000 0.000000 -0.750000
0.075000 0.000000 -0.600000
0.075000 0.000000 -0.525000
0.075000 0.000000 -0.450000
0.075000 0.000000 -0.375000
0.075000 0.000000 -0.300000
0.075000 0.000000 -0.225000
0.075000 0.000000 -0.150000
0.075000 0.000000 -0.075000
0.075000 0.000000 0.000000
0.075000 0.000000 0.075000
0.075000 0.000000 0.150000
0.075000 0.000000 0.225000
0.075000 0.000000 0.300000
0.075000 0.000000 0.375000
0.075000 0.000000 0.450000
0.075000 0.000000 0.525000
0.075000 0.000000 0.600000
0.075000 0.000000 0.675000
0.075000 0.000000 0.750000
0.075000 0.000000 0.825000
0.075000 0.000000 0.900000
0.075000 0.075000 -0.825000
0.075000 0.075000 -0.750000
0.075000 0.075000 -0.675000
0.075000 0.075000 -0.600000
0.075000 0.075000 -0.525000
0.075000 0.075000 -0.450000
0.075000 0.075000 -0.375000
0.075000 0.075000 -0.300000
0.075000 0.075000 -0.225000
0.075000 0.075000 -0.150000
0.075000 0.075000 -0.075000
0.075000 0.075000 0.000000
0.075000 0.075000 0.075000
0.075000 0.075000 0.150000
0.075000 0.075000 0.225000
0.075000 0.075000 0.300000
0.075000 0.075000 0.375000
0.075000 0.075000 0.450000
0.075000 0.075000 0.525000
0.075000 0.075000 0.600000
0.075000 0.075000 0.675000
0.075000 0.075000 0.750000
0.075000 0.075000 0.825000
0.075000 0.075000 0.900000
0.075000 0.150000 -0.825000
0.075000 0.150000 -0.750000
0.075000 0.150000 -0.675000
0.075000 0.150000 -0.600000
0.075000 0.150000 -0.525000
0.075000 0.150000 -0.450000
0.075000 0.150000 -0.375000
0.075000 0.150000 -0.300000
0.075000 0.150000 -0.225000
0.075000 0.150000 -0.150000
0.075000 0.150000 -0.075000
0.075000 0.150000 0.000000
0.075000 0.150000 0.075000
0.075000 0.150000 0.225000
0.075000 0.150000 0.300000
0.075000 0.150000 0.375000
0.075000 0.150000 0.450000
0.075000 0.150000 0.525000
0.075000 0.150000 0.600000
0.075000 0.150000 0.675000
0.075000 0.150000 0.750000
0.075000 0.150000 0.825000
0.075000 0.225000 -0.750000
0.075000 0.225000 -0.675000
0.075000 0.225000 -0.600000
0.075000 0.225000 -0.525000
0.075000 0.225000 -0.450000
0.075000 0.225000 -0.225000
0.075000 0.225000 -0.150000
0.075000 0.225000 -0.075000
0.075000 0.225000 0.000000
0.075000 0.225000 0.225000
0.075000 0.225000 0.300000
0.075000 0.225000 0.375000
0.075000 0.225000 0.450000
0.075000 0.225000 0.525000
0.075000 0.225000 0.600000
0.075000 0.225000 0.675000
0.075000 0.225000 0.750000
0.150000 -0.300000 -0.750000
0.150000 -0.300000 -0.675000
0.150000 -0.300000 -0.600000
0.150000 -0.300000 -0.525000
0.150000 -0.300000 -0.450000
0.150000 -0.300000 -0.375000
0.150000 -0.300000 -0.300000
0.150000 -0.300000 -0.225000
0.150000 -0.300000 -0.150000
0.150000 -0.300000 -0.075000
0.150000 -0.300000 0.000000
0.150000 -0.300000 0.300000
0.150000 -0.300000 0.375000
0.150000 -0.300000 0.450000
0.150000 -0.300000 0.525000
0.150000 -0.300000 0.600000
0.150000 -0.300000 0.675000
0.150000 -0.300000 0.750000
0.150000 -0.300000 0.825000
0.150000 -0.225000 -0.825000
0.150000 -0.225000 -0.750000
0.150000 -0.225000 -0.675000
0.150000 -0.225000 -0.600000
0.150000 -0.225000 -0.525000
0.150000 -0.225000 -0.450000
0.150000 -0.225000 -0.375000
0.150000 -0.225000 -0.300000
0.150000 -0.225000 -0.225000
0.150000 -0.225000 -0.150000
0.150000 -0.225000 -0.075000
0.150000 -0.225000 0.000000
0.150000 -0.225000 0.075000
0.150000 -0.225000 0.300000
0.150000 -0.225000 0.375000
0.150000 -0.225000 0.450000
0.150000 -0.225000 0.525000
0.150000 -0.225000 0.600000
0.150000 -0.225000 0.675000
0.150000 -0.225000 0.750000
0.150000 -0.225000 0.825000
0.150000 -0.225000 0.900000
0.150000 -0.150000 -0.825000
0.150000 -0.150000 -0.750000
0.150000 -0.150000 -0.675000
0.150000 -0.150000 -0.600000
0.150000 -0.150000 -0.525000
0.150000 -0.150000 -0.450000
0.150000 -0.150000 -0.375000
0.150000 -0.150000 -0.300000
0.150000 -0.150000 -0.225000
0.150000 -0.150000 -0.150000
0.150000 -0.150000 -0.075000
0.150000 -0.150000 0.000000
0.150000 -0.150000 0.075000
0.150000 -0.150000 0.300000
0.150000 -0.150000 0.375000
0.150000 -0.150000 0.450000
0.150000 -0.150000 0.525000
0.150000 -0.150000 0.600000
0.150000 -0.150000 0.675000
0.150000 -0.150000 0.750000
0.150000 -0.150000 0.825000
0.150000 -0.150000 0.900000
0.150000 -0.075000 -0.825000
0.150000 -0.075000 -0.750000
0.150000 -0.075000 -0.600000
0.150000 -0.075000 -0.525000
0.150000 -0.075000 -0.450000
0.150000 -0.075000 -0.375000
0.150000 -0.075000 -0.300000
0.150000 -0.075000 -0.225000
0.150000 -0.075000 -0.150000
0.150000 -0.075000 -0.075000
0.150000 -0.075000 0.000000
0.150000 -0.075000 0.075000
0.150000 -0.075000 0.300000
0.150000 -0.075000 0.375000
0.150000 -0.075000 0.450000
0.150000 -0.075000 0.525000
0.150000 -0.075000 0.675000
0.150000 -0.075000 0.750000
0.150000 -0.075000 0.825000
0.150000 -0.075000 0.900000
0.150000 0.000000 -0.825000
0.150000 0.000000 -0.750000
0.150000 0.000000 -0.525000
0.150000 0.000000 -0.450000
0.150000 0.000000 -0.375000
0.150000 0.000000 -0.300000
0.150000 0.000000 -0.225000
0.150000 0.000000 -0.150000
0.150000 0.000000 -0.075000
0.150000 0.000000 0.000000
0.150000 0.000000 0.075000
0.150000 0.000000 0.300000
0.150000 0.000000 0.375000
0.150000 0.000000 0.450000
0.150000 0.000000 0.525000
0.150000 0.000000 0.675000
0.150000 0.000000 0.750000
0.150000 0.000000 0.825000
0.150000 0.000000 0.900000
0.150000 0.075000 -0.825000
0.150000 0.075000 -0.750000
0.150000 0.075000 -0.675000
0.150000 0.075000 -0.600000
0.150000 0.075000 -0.525000
0.150000 0.075000 -0.450000
0.150000 0.075000 -0.375000
0.150000 0.075000 -0.300000
0.150000 0.075000 -0.225000
0.150000 0.075000 -0.150000
0.150000 0.075000 -0.075000
0.150000 0.075000 0.000000
0.150000 0.075000 0.075000
0.150000 0.075000 0.300000
0.150000 0.075000 0.375000
0.150000 0.075000 0.450000
0.150000 0.075000 0.525000
0.150000 0.075000 0.600000
0.150000 0.075000 0.675000
0.150000 0.075000 0.750000
0.150000 0.075000 0.825000
0.150000 0.075000 0.900000
0.150000 0.150000 -0.825000
0.150000 0.150000 -0.750000
0.150000 0.150000 -0.675000
0.150000 0.150000 -0.600000
0.150000 0.150000 -0.525000
0.150000 0.150000 -0.450000
0.150000 0.150000 -0.375000
0.150000 0.150000 -0.300000
0.150000 0.150000 -0.225000
0.150000 0.150000 -0.150000
0.150000 0.150000 -0.075000
0.150000 0.150000 0.000000
0.150000 0.150000 0.075000
0.150000 0.150000 0.300000
0.150000 0.150000 0.375000
0.150000 0.150000 0.450000
0.150000 0.150000 0.525000
0.150000 0.150000 0.600000
0.150000 0.150000 0.675000
0.150000 0.150000 0.750000
0.150000 0.150000 0.825000
0.150000 0.150000 0.900000
0.150000 0.225000 -0.750000
0.150000 0.225000 -0.675000
0.150000 0.225000 -0.600000
0.150000 0.225000 -0.525000
0.150000 0.225000 -0.450000
0.150000 0.225000 -0.375000
0.150000 0.225000 -0.300000
0.150000 0.225000 -0.225000
0.150000 0.225000 -0.150000
0.150000 0.225000 -0.075000
0.150000 0.225000 0.000000
0.150000 0.225000 0.375000
0.150000 0.225000 0.450000
0.150000 0.225000 0.525000
0.150000 0.225000 0.600000
0.150000 0.225000 0.675000
0.150000 0.225000 0.750000
0.150000 0.225000 0.825000
0.225000 -0.375000 -0.300000
0.225000 -0.375000 -0.225000
0.225000 -0.375000 -0.150000
0.225000 -0.375000 -0.075000
0.225000 -0.300000 -0.750000
0.225000 -0.300000 -0.675000
0.225000 -0.300000 -0.600000
0.225000 -0.300000 -0.525000
0.225000 -0.300000 -0.450000
0.225000 -0.300000 -0.375000
0.225000 -0.300000 -0.300000
0.225000 -0.300000 -0.225000
0.225000 -0.300000 -0.150000
0.225000 -0.300000 -0.075000
0.225000 -0.300000 0.000000
0.225000 -0.300000 0.375000
0.225000 -0.300000 0.450000
0.225000 -0.300000 0.525000
0.225000 -0.300000 0.600000
0.225000 -0.300000 0.675000
0.225000 -0.300000 0.750000
0.225000 -0.300000 0.825000
0.225000 -0.300000 0.900000
0.225000 -0.225000 -0.825000
0.225000 -0.225000 -0.750000
0.225000 -0.225000 -0.675000
0.225000 -0.225000 -0.600000
0.225000 -0.225000 -0.525000
0.225000 -0.225000 -0.450000
0.225000 -0.225000 -0.375000
0.225000 -0.225000 -0.300000
0.225000 -0.225000 -0.225000
0.225000 -0.225000 -0.150000
0.225000 -0.225000 -0.075000
0.225000 -0.225000 0.000000
0.225000 -0.225000 0.075000
0.225000 -0.225000 0.375000
0.225000 -0.225000 0.450000
0.225000 -0.225000 0.525000
0.225000 -0.225000 0.600000
0.225000 -0.225000 0.675000
0.225000 -0.225000 0.750000
0.225000 -0.225000 0.825000
0.225000 -0.225000 0.900000
0.225000 -0.150000 -0.825000
0.225000 -0.150000 -0.750000
0.225000 -0.150000 -0.675000
0.225000 -0.150000 -0.525000
0.225000 -0.150000 -0.450000
0.225000 -0.150000 -0.375000
0.225000 -0.150000 -0.300000
0.225000 -0.150000 -0.225000
0.225000 -0.150000 -0.150000
0.225000 -0.150000 -0.075000
0.225000 -0.150000 0.000000
0.225000 -0.150000 0.075000
0.225000 -0.150000 0.300000
0.225000 -0.150000 0.375000
0.225000 -0.150000 0.450000
0.225000 -0.150000 0.525000
0.225000 -0.150000 0.600000
0.225000 -0.150000 0.750000
0.225000 -0.150000 0.825000
0.225000 -0.150000 0.900000
0.225000 -0.075000 -0.825000
0.225000 -0.075000 -0.750000
0.225000 -0.075000 -0.450000
0.225000 -0.075000 -0.375000
0.225000 -0.075000 -0.300000
0.225000 -0.075000 -0.225000
0.225000 -0.075000 0.000000
0.225000 -0.075000 0.075000
0.225000 -0.075000 0.300000
0.225000 -0.075000 0.375000
0.225000 -0.075000 0.450000
0.225000 -0.075000 0.525000
0.225000 -0.075000 0.600000
0.225000 -0.075000 0.750000
0.225000 -0.075000 0.825000
0.225000 -0.075000 0.900000
0.225000 -0.075000 0.975000
0.225000 0.000000 -0.825000
0.225000 0.000000 -0.750000
0.225000 0.000000 -0.675000
0.225000 0.000000 -0.450000
0.225000 0.000000 -0.375000
0.225000 0.000000 -0.300000
0.225000 0.000000 -0.225000
0.225000 0.000000 -0.075000
0.225000 0.000000 0.000000
0.225000 0.000000 0.075000
0.225000 0.000000 0.375000
0.225000 0.000000 0.450000
0.225000 0.000000 0.525000
0.225000 0.000000 0.600000
0.225000 0.000000 0.750000
0.225000 0.000000 0.825000
0.225000 0.000000 0.900000
0.225000 0.000000 0.975000
0.225000 0.075000 -0.825000
0.225000 0.075000 -0.750000
0.225000 0.075000 -0.675000
0.225000 0.075000 -0.525000
0.225000 0.075000 -0.450000
0.225000 0.075000 -0.375000
0.225000 0.075000 -0.300000
0.225000 0.075000 -0.225000
0.225000 0.075000 -0.150000
0.225000 0.075000 -0.075000
0.225000 0.075000 0.000000
0.225000 0.075000 0.075000
0.225000 0.075000 0.375000
0.225000 0.075000 0.450000
0.225000 0.075000 0.525000
0.225000 0.075000 0.600000
0.225000 0.075000 0.750000
0.225000 0.075000 0.825000
0.225000 0.075000 0.900000
0.225000 0.075000 0.975000
0.225000 0.150000 -0.825000
0.225000 0.150000 -0.750000
0.225000 0.150000 -0.675000
0.225000 0.150000 -0.600000
0.225000 0.150000 -0.525000
0.225000 0.150000 -0.450000
0.225000 0.150000 -0.375000
0.225000 0.150000 -0.300000
0.225000 0.150000 -0.225000
0.225000 0.150000 -0.150000
0.225000 0.150000 -0.075000
0.225000 0.150000 0.000000
0.225000 0.150000 0.075000
0.225000 0.150000 0.375000
0.225000 0.150000 0.450000
0.225000 0.150000 0.525000
0.225000 0.150000 0.600000
0.225000 0.150000 0.675000
0.225000 0.150000 0.750000
0.225000 0.150000 0.825000
0.225000 0.150000 0.900000
0.225000 0.225000 -0.750000
0.225000 0.225000 -0.675000
0.225000 0.225000 -0.600000
0.225000 0.225000 -0.525000
0.225000 0.225000 -0.450000
0.225000 0.225000 -0.375000
0.225000 0.225000 -0.300000
0.225000 0.225000 -0.225000
0.225000 0.225000 -0.150000
0.225000 0.225000 -0.075000
0.225000 0.225000 0.000000
0.225000 0.225000 0.375000
0.225000 0.225000 0.450000
0.225000 0.225000 0.525000
0.225000 0.225000 0.600000
0.225000 0.225000 0.675000
0.225000 0.225000 0.750000
0.225000 0.225000 0.825000
0.225000 0.225000 0.900000
0.300000 -0.375000 -0.300000
0.300000 -0.375000 -0.225000
0.300000 -0.375000 -0.150000
0.300000 -0.375000 -0.075000
0.300000 -0.300000 -0.750000
0.300000 -0.300000 -0.675000
0.300000 -0.300000 -0.600000
0.300000 -0.300000 -0.525000
0.300000 -0.300000 -0.450000
0.300000 -0.300000 -0.375000
0.300000 -0.300000 -0.300000
0.300000 -0.300000 -0.225000
0.300000 -0.300000 -0.150000
0.300000 -0.300000 -0.075000
0.300000 -0.300000 0.000000
0.300000 -0.300000 0.450000
0.300000 -0.300000 0.525000
0.300000 -0.300000 0.600000
0.300000 -0.300000 0.675000
0.300000 -0.300000 0.750000
0.300000 -0.300000 0.825000
0.300000 -0.300000 0.900000
0.300000 -0.225000 -0.825000
0.300000 -0.225000 -0.750000
0.300000 -0.225000 -0.675000
0.300000 -0.225000 -0.600000
0.300000 -0.225000 -0.525000
0.300000 -0.225000 -0.450000
0.300000 -0.225000 -0.375000
0.300000 -0.225000 -0.300000
0.300000 -0.225000 -0.225000
0.300000 -0.225000 -0.150000
0.300000 -0.225000 -0.075000
0.300000 -0.225000 0.000000
0.300000 -0.225000 0.075000
0.300000 -0.225000 0.450000
0.300000 -0.225000 0.525000
0.300000 -0.225000 0.600000
0.300000 -0.225000 0.675000
0.300000 -0.225000 0.750000
0.300000 -0.225000 0.825000
0.300000 -0.225000 0.900000
0.300000 -0.150000 -0.825000
0.300000 -0.150000 -0.750000
0.300000 -0.150000 -0.675000
0.300000 -0.150000 -0.600000
0.300000 -0.150000 -0.450000
0.300000 -0.150000 -0.375000
0.300000 -0.150000 -0.300000
0.300000 -0.150000 -0.225000
0.300000 -0.150000 -0.075000
0.300000 -0.150000 0.000000
0.300000 -0.150000 0.075000
0.300000 -0.150000 0.375000
0.300000 -0.150000 0.450000
0.300000 -0.150000 0.525000
0.300000 -0.150000 0.600000
0.300000 -0.150000 0.675000
0.300000 -0.150000 0.750000
0.300000 -0.150000 0.825000
0.300000 -0.150000 0.900000
0.300000 -0.075000 -0.825000
0.300000 -0.075000 -0.750000
0.300000 -0.075000 -0.675000
0.300000 -0.075000 -0.075000
0.300000 -0.075000 0.000000
0.300000 -0.075000 0.075000
0.300000 -0.075000 0.375000
0.300000 -0.075000 0.450000
0.300000 -0.075000 0.525000
0.300000 -0.075000 0.600000
0.300000 -0.075000 0.675000
0.300000 -0.075000 0.750000
0.300000 -0.075000 0.825000
0.300000 -0.075000 0.900000
0.300000 -0.075000 0.975000
0.300000 0.000000 -0.825000
0.300000 0.000000 -0.750000
0.300000 0.000000 -0.675000
0.300000 0.000000 -0.600000
0.300000 0.000000 -0.075000
0.300000 0.000000 0.000000
0.300000 0.000000 0.075000
0.300000 0.000000 0.375000
0.300000 0.000000 0.450000
0.300000 0.000000 0.525000
0.300000 0.000000 0.600000
0.300000 0.000000 0.675000
0.300000 0.000000 0.825000
0.300000 0.000000 0.900000
0.300000 0.000000 0.975000
0.300000 0.075000 -0.825000
0.300000 0.075000 -0.750000
0.300000 0.075000 -0.675000
0.300000 0.075000 -0.600000
0.300000 0.075000 -0.525000
0.300000 0.075000 -0.150000
0.300000 0.075000 -0.075000
0.300000 0.075000 0.000000
0.300000 0.075000 0.075000
0.300000 0.075000 0.375000
0.300000 0.075000 0.450000
0.300000 0.075000 0.525000
0.300000 0.075000 0.600000
0.300000 0.075000 0.675000
0.300000 0.075000 0.750000
0.300000 0.075000 0.825000
0.300000 0.075000 0.900000
0.300000 0.075000 0.975000
0.300000 0.150000 -0.825000
0.300000 0.150000 -0.750000
0.300000 0.150000 -0.675000
0.300000 0.150000 -0.600000
0.300000 0.150000 -0.525000
0.300000 0.150000 -0.450000
0.300000 0.150000 -0.375000
0.300000 0.150000 -0.300000
0.300000 0.150000 -0.225000
0.300000 0.150000 -0.150000
0.300000 0.150000 -0.075000
0.300000 0.150000 0.000000
0.300000 0.150000 0.075000
0.300000 0.150000 0.450000
0.300000 0.150000 0.525000
0.300000 0.150000 0.600000
0.300000 0.150000 0.675000
0.300000 0.150000 0.750000
0.300000 0.150000 0.825000
0.300000 0.150000 0.900000
0.300000 0.225000 -0.750000
0.300000 0.225000 -0.675000
0.300000 0.225000 -0.600000
0.300000 0.225000 -0.525000
0.300000 0.225000 -0.450000
0.300000 0.225000 -0.375000
0.300000 0.225000 -0.300000
0.300000 0.225000 -0.225000
0.300000 0.225000 -0.150000
0.300000 0.225000 -0.075000
0.300000 0.225000 0.000000
0.300000 0.225000 0.450000
0.300000 0.225000 0.525000
0.300000 0.225000 0.600000
0.300000 0.225000 0.675000
0.300000 0.225000 0.750000
0.300000 0.225000 0.825000
0.300000 0.225000 0.900000
0.375000 -0.375000 -0.300000
0.375000 -0.375000 -0.225000
0.375000 -0.375000 -0.150000
0.375000 -0.375000 -0.075000
0.375000 -0.300000 -0.750000
0.375000 -0.300000 -0.675000
0.375000 -0.300000 -0.600000
0.375000 -0.300000 -0.525000
0.375000 -0.300000 -0.450000
0.375000 -0.300000 -0.375000
0.375000 -0.300000 -0.300000
0.375000 -0.300000 -0.225000
0.375000 -0.300000 -0.150000
0.375000 -0.300000 -0.075000
0.375000 -0.300000 0.000000
0.375000 -0.300000 0.525000
0.375000 -0.300000 0.600000
0.375000 -0.300000 0.675000
0.375000 -0.300000 0.750000
0.375000 -0.300000 0.825000
0.375000 -0.300000 0.900000
0.375000 -0.225000 -0.825000
0.375000 -0.225000 -0.750000
0.375000 -0.225000 -0.675000
0.375000 -0.225000 -0.600000
0.375000 -0.225000 -0.525000
0.375000 -0.225000 -0.450000
0.375000 -0.225000 -0.375000
0.375000 -0.225000 -0.300000
0.375000 -0.225000 -0.225000
0.375000 -0.225000 -0.150000
0.375000 -0.225000 -0.075000
0.375000 -0.225000 0.000000
0.375000 -0.225000 0.075000
0.375000 -0.225000 0.525000
0.375000 -0.225000 0.600000
0.375000 -0.225000 0.675000
0.375000 -0.225000 0.750000
0.375000 -0.225000 0.825000
0.375000 -0.225000 0.900000
0.375000 -0.150000 -0.825000
0.375000 -0.150000 -0.750000
0.375000 -0.150000 -0.675000
0.375000 -0.150000 -0.600000
0.375000 -0.150000 -0.525000
0.375000 -0.150000 -0.450000
0.375000 -0.150000 -0.375000
0.375000 -0.150000 -0.300000
0.375000 -0.150000 -0.225000
0.375000 -0.150000 -0.150000
0.375000 -0.150000 -0.075000
0.375000 -0.150000 0.000000
0.375000 -0.150000 0.075000
0.375000 -0.150000 0.450000
0.375000 -0.150000 0.525000
0.375000 -0.150000 0.600000
0.375000 -0.150000 0.675000
0.375000 -0.150000 0.750000
0.375000 -0.150000 0.825000
0.375000 -0.150000 0.900000
0.375000 -0.075000 -0.825000
0.375000 -0.075000 -0.750000
0.375000 -0.075000 -0.675000
0.375000 -0.075000 -0.600000
0.375000 -0.075000 -0.075000
0.375000 -0.075000 0.000000
0.375000 -0.075000 0.075000
0.375000 -0.075000 0.450000
0.375000 -0.075000 0.525000
0.375000 -0.075000 0.600000
0.375000 -0.075000 0.675000
0.375000 -0.075000 0.750000
0.375000 -0.075000 0.825000
0.375000 -0.075000 0.900000
0.375000 -0.075000 0.975000
0.375000 0.000000 -0.825000
0.375000 0.000000 -0.750000
0.375000 0.000000 -0.675000
0.375000 0.000000 -0.600000
0.375000 0.000000 -0.525000
0.375000 0.000000 -0.450000
0.375000 0.000000 -0.225000
0.375000 0.000000 -0.150000
0.375000 0.000000 -0.075000
0.375000 0.000000 0.000000
0.375000 0.000000 0.075000
0.375000 0.000000 0.450000
0.375000 0.000000 0.525000
0.375000 0.000000 0.600000
0.375000 0.000000 0.675000
0.375000 0.000000 0.750000
0.375000 0.000000 0.825000
0.375000 0.000000 0.900000
0.375000 0.000000 0.975000
0.375000 0.075000 -0.825000
0.375000 0.075000 -0.750000
0.375000 0.075000 -0.675000
0.375000 0.075000 -0.600000
0.375000 0.075000 -0.525000
0.375000 0.075000 -0.450000
0.375000 0.075000 -0.375000
0.375000 0.075000 -0.300000
0.375000 0.075000 -0.225000
0.375000 0.075000 -0.150000
0.375000 0.075000 -0.075000
0.375000 0.075000 0.000000
0.375000 0.075000 0.075000
0.375000 0.075000 0.450000
0.375000 0.075000 0.525000
0.375000 0.075000 0.600000
0.375000 0.075000 0.675000
0.375000 0.075000 0.750000
0.375000 0.075000 0.825000
0.375000 0.075000 0.900000
0.375000 0.075000 0.975000
0.375000 0.150000 -0.750000
0.375000 0.150000 -0.675000
0.375000 0.150000 -0.600000
0.375000 0.150000 -0.525000
0.375000 0.150000 -0.450000
0.375000 0.150000 -0.375000
0.375000 0.150000 -0.300000
0.375000 0.150000 -0.225000
0.375000 0.150000 -0.150000
0.375000 0.150000 -0.075000
0.375000 0.150000 0.000000
0.375000 0.150000 0.075000
0.375000 0.150000 0.525000
0.375000 0.150000 0.600000
0.375000 0.150000 0.675000
0.375000 0.150000 0.750000
0.375000 0.150000 0.825000
0.375000 0.150000 0.900000
0.375000 0.225000 -0.750000
0.375000 0.225000 -0.675000
0.375000 0.225000 -0.600000
0.375000 0.225000 -0.525000
0.375000 0.225000 -0.450000
0.375000 0.225000 -0.375000
0.375000 0.225000 -0.300000
0.375000 0.225000 -0.225000
0.375000 0.225000 -0.150000
0.375000 0.225000 -0.075000
0.375000 0.225000 0.000000
0.375000 0.225000 0.525000
0.375000 0.225000 0.600000
0.375000 0.225000 0.675000
0.375000 0.225000 0.750000
0.375000 0.225000 0.825000
0.375000 0.225000 0.900000
0.450000 -0.300000 -0.675000
0.450000 -0.300000 -0.600000
0.450000 -0.300000 -0.525000
0.450000 -0.300000 -0.450000
0.450000 -0.300000 -0.375000
0.450000 -0.300000 -0.300000
0.450000 -0.300000 -0.225000
0.450000 -0.300000 -0.150000
0.450000 -0.300000 -0.075000
0.450000 -0.300000 0.000000
0.450000 -0.225000 -0.750000
0.450000 -0.225000 -0.675000
0.450000 -0.225000 -0.600000
0.450000 -0.225000 -0.525000
0.450000 -0.225000 -0.450000
0.450000 -0.225000 -0.375000
0.450000 -0.225000 -0.300000
0.450000 -0.225000 -0.225000
0.450000 -0.225000 -0.150000
0.450000 -0.225000 -0.075000
0.450000 -0.225000 0.000000
0.450000 -0.225000 0.600000
0.450000 -0.225000 0.675000
0.450000 -0.225000 0.750000
0.450000 -0.225000 0.825000
0.450000 -0.150000 -0.750000
0.450000 -0.150000 -0.675000
0.450000 -0.150000 -0.600000
0.450000 -0.150000 -0.525000
0.450000 -0.150000 -0.450000
0.450000 -0.150000 -0.375000
0.450000 -0.150000 -0.300000
0.450000 -0.150000 -0.225000
0.450000 -0.150000 -0.150000
0.450000 -0.150000 -0.075000
0.450000 -0.150000 0.000000
0.450000 -0.150000 0.600000
0.450000 -0.150000 0.675000
0.450000 -0.150000 0.750000
0.450000 -0.150000 0.825000
0.450000 -0.150000 0.900000
0.450000 -0.075000 -0.750000
0.450000 -0.075000 -0.675000
0.450000 -0.075000 -0.600000
0.450000 -0.075000 -0.525000
0.450000 -0.075000 -0.450000
0.450000 -0.075000 -0.375000
0.450000 -0.075000 -0.300000
0.450000 -0.075000 -0.225000
0.450000 -0.075000 -0.150000
0.450000 -0.075000 -0.075000
0.450000 -0.075000 0.000000
0.450000 -0.075000 0.525000
0.450000 -0.075000 0.600000
0.450000 -0.075000 0.675000
0.450000 -0.075000 0.750000
0.450000 -0.075000 0.825000
0.450000 -0.075000 0.900000
0.450000 0.000000 -0.750000
0.450000 0.000000 -0.675000
0.450000 0.000000 -0.600000
0.450000 0.000000 -0.525000
0.450000 0.000000 -0.450000
0.450000 0.000000 -0.375000
0.450000 0.000000 -0.300000
0.450000 0.000000 -0.225000
0.450000 0.000000 -0.150000
0.450000 0.000000 -0.075000
0.450000 0.000000 0.000000
0.450000 0.000000 0.525000
0.450000 0.000000 0.600000
0.450000 0.000000 0.675000
0.450000 0.000000 0.750000
0.450000 0.000000 0.825000
0.450000 0.000000 0.900000
0.450000 0.075000 -0.750000
0.450000 0.075000 -0.675000
0.450000 0.075000 -0.600000
0.450000 0.075000 -0.525000
0.450000 0.075000 -0.450000
0.450000 0.075000 -0.375000
0.450000 0.075000 -0.300000
0.450000 0.075000 -0.225000
0.450000 0.075000 -0.150000
0.450000 0.075000 -0.075000
0.450000 0.075000 0.000000
0.450000 0.075000 0.525000
0.450000 0.075000 0.600000
0.450000 0.075000 0.675000
0.450000 0.075000 0.750000
0.450000 0.075000 0.825000
0.450000 0.075000 0.900000
0.450000 0.150000 -0.675000
0.450000 0.150000 -0.600000
0.450000 0.150000 -0.525000
0.450000 0.150000 -0.450000
0.450000 0.150000 -0.375000
0.450000 0.150000 -0.300000
0.450000 0.150000 -0.225000
0.450000 0.150000 -0.150000
0.450000 0.150000 -0.075000
0.450000 0.150000 0.000000
0.450000 0.150000 0.600000
0.450000 0.150000 0.675000
0.450000 0.150000 0.750000
0.450000 0.150000 0.825000
0.450000 0.150000 0.900000
0.450000 0.225000 -0.600000
0.450000 0.225000 -0.525000
0.450000 0.225000 -0.450000
0.450000 0.225000 -0.375000
0.450000 0.225000 -0.300000
0.450000 0.225000 -0.225000
0.450000 0.225000 -0.150000
0.450000 0.225000 -0.075000
0.525000 -0.225000 -0.675000
0.525000 -0.225000 -0.600000
0.525000 -0.225000 -0.525000
0.525000 -0.225000 -0.450000
0.525000 -0.225000 -0.375000
0.525000 -0.225000 -0.300000
0.525000 -0.225000 -0.225000
0.525000 -0.225000 -0.150000
0.525000 -0.225000 -0.075000
0.525000 -0.225000 0.000000
0.525000 -0.150000 -0.675000
0.525000 -0.150000 -0.600000
0.525000 -0.150000 -0.525000
0.525000 -0.150000 -0.450000
0.525000 -0.150000 -0.375000
0.525000 -0.150000 -0.300000
0.525000 -0.150000 -0.225000
0.525000 -0.150000 -0.150000
0.525000 -0.150000 -0.075000
0.525000 -0.150000 0.000000
0.525000 -0.150000 0.675000
0.525000 -0.150000 0.750000
0.525000 -0.150000 0.825000
0.525000 -0.075000 -0.675000
0.525000 -0.075000 -0.600000
0.525000 -0.075000 -0.525000
0.525000 -0.075000 -0.450000
0.525000 -0.075000 -0.375000
0.525000 -0.075000 -0.300000
0.525000 -0.075000 -0.225000
0.525000 -0.075000 -0.150000
0.525000 -0.075000 -0.075000
0.525000 -0.075000 0.000000
0.525000 -0.075000 0.675000
0.525000 -0.075000 0.750000
0.525000 -0.075000 0.825000
0.525000 0.000000 -0.675000
0.525000 0.000000 -0.600000
0.525000 0.000000 -0.525000
0.525000 0.000000 -0.450000
0.525000 0.000000 -0.375000
0.525000 0.000000 -0.300000
0.525000 0.000000 -0.225000
0.525000 0.000000 -0.150000
0.525000 0.000000 -0.075000
0.525000 0.000000 0.000000
0.525000 0.000000 0.675000
0.525000 0.000000 0.750000
0.525000 0.000000 0.825000
0.525000 0.075000 -0.675000
0.525000 0.075000 -0.600000
0.525000 0.075000 -0.525000
0.525000 0.075000 -0.450000
0.525000 0.075000 -0.375000
0.525000 0.075000 -0.300000
0.525000 0.075000 -0.225000
0.525000 0.075000 -0.150000
0.525000 0.075000 -0.075000
0.525000 0.075000 0.000000
0.525000 0.075000 0.675000
0.525000 0.075000 0.750000
0.525000 0.075000 0.825000
0.525000 0.150000 -0.525000
0.525000 0.150000 -0.450000
0.525000 0.150000 -0.375000
0.525000 0.150000 -0.300000
0.525000 0.150000 -0.225000
0.525000 0.150000 -0.150000
4 0 9 66 55
4 1 56 67 10
4 0 55 56 1
4 66 9 10 67
4 0 1 10 9
4 55 66 67 56
4 1 10 67 56
4 2 57 68 11
4 1 56 57 2
4 67 10 11 68
4 1 2 11 10
4 56 67 68 57
4 2 11 68 57
4 3 58 69 12
4 2 57 58 3
4 68 11 12 69
4 2 3 12 11
4 57 68 69 58
4 3 12 69 58
4 4 59 70 13
4 3 58 59 4
4 69 12 13 70
4 3 4 13 12
4 58 69 70 59
4 4 13 70 59
4 5 60 71 14
4 4 59 60 5
4 70 13 14 71
4 4 5 14 13
4 59 70 71 60
4 5 14 71 60
4 6 61 72 15
4 5 60 61 6
4 71 14 15 72
4 5 6 15 14
4 60 71 72 61
4 6 15 72 61
4 7 62 73 16
4 6 61 62 7
4 72 15 16 73
4 6 7 16 15
4 61 72 73 62
4 7 16 73 62
4 8 63 74 17
4 7 62 63 8
4 73 16 17 74
4 7 8 17 16
4 62 73 74 63
4 9 18 77 66
4 10 67 78 19
4 9 66 67 10
4 77 18 19 78
4 9 10 19 18
4 66 77 78 67
4 10 19 78 67
4 11 68 79 20
4 10 67 68 11
4 78 19 20 79
4 10 11 20 19
4 67 78 79 68
4 11 20 79 68
4 12 69 80 21
4 11 68 69 12
4 79 20 21 80
4 11 12 21 20
4 68 79 80 69
4 12 21 80 69
4 13 70 81 22
4 12 69 70 13
4 80 21 22 81
4 12 13 22 21
4 69 80 81 70
4 13 22 81 70
4 14 71 82 23
4 13 70 71 14
4 81 22 23 82
4 13 14 23 22
4 70 81 82 71
4 14 23 82 71
4 15 72 83 24
4 14 71 72 15
4 82 23 24 83
4 14 15 24 23
4 71 82 83 72
4 15 24 83 72
4 16 73 84 25
4 15 72 73 16
4 83 24 25 84
4 15 16 25 24
4 72 83 84 73
4 16 25 84 73
4 17 74 85 26
4 16 73 74 17
4 84 25 26 85
4 16 17 26 25
4 73 84 85 74
4 20 27 90 79
4 21 80 91 28
4 20 79 80 21
4 90 27 28 91
4 20 21 28 27
4 79 90 91 80
4 21 28 91 80
4 22 81 92 29
4 21 80 81 22
4 91 28 29 92
4 21 22 29 28
4 80 91 92 81
4 22 29 92 81
4 23 82 93 30
4 22 81 82 23
4 92 29 30 93
4 22 23 30 29
4 81 92 93 82
4 23 30 93 82
4 24 83 94 31
4 23 82 83 24
4 93 30 31 94
4 23 24 31 30
4 82 93 94 83
4 24 31 94 83
4 25 84 95 32
4 24 83 84 25
4 94 31 32 95
4 24 25 32 31
4 83 94 95 84
4 25 32 95 84
4 26 85 96 33
4 25 84 85 26
4 95 32 33 96
4 25 26 33 32
4 84 95 96 85
4 34 44 131 119
4 35 120 132 45
4 34 119 120 35
4 131 44 45 132
4 34 35 45 44
4 119 131 132 120
4 35 45 132 120
4 36 121 133 46
4 35 120 121 36
4 132 45 46 133
4 35 36 46 45
4 120 132 133 121
4 36 46 133 121
4 37 122 134 47
4 36 121 122 37
4 133 46 47 134
4 36 37 47 46
4 121 133 134 122
4 37 47 134 122
4 38 123 135 48
4 37 122 123 38
4 134 47 48 135
4 37 38 48 47
4 122 134 135 123
4 38 48 135 123
4 39 124 136 49
4 38 123 124 39
4 135 48 49 136
4 38 39 49 48
4 123 135 136 124
4 39 49 136 124
4 40 125 137 50
4 39 124 125 40
4 136 49 50 137
4 39 40 50 49
4 124 136 137 125
4 40 50 137 125
4 41 126 138 51
4 40 125 126 41
4 137 50 51 138
4 40 41 51 50
4 125 137 138 126
4 41 51 138 126
4 42 127 139 52
4 41 126 127 42
4 138 51 52 139
4 41 42 52 51
4 126 138 139 127
4 43 54 144 130
4 44 131 145 55
4 43 130 131 44
4 144 54 55 145
4 43 44 55 54
4 130 144 145 131
4 44 55 145 131
4 45 132 146 56
4 44 131 132 45
4 145 55 56 146
4 44 45 56 55
4 131 145 146 132
4 45 56 146 132
4 46 133 147 57
4 45 132 133 46
4 146 56 57 147
4 45 46 57 56
4 132 146 147 133
4 46 57 147 133
4 47 134 148 58
4 46 133 134 47
4 147 57 58 148
4 46 47 58 57
4 133 147 148 134
4 47 58 148 134
4 48 135 149 59
4 47 134 135 48
4 148 58 59 149
4 47 48 59 58
4 134 148 149 135
4 48 59 149 135
4 49 136 150 60
4 48 135 136 49
4 149 59 60 150
4 48 49 60 59
4 135 149 150 136
4 49 60 150 136
4 50 137 151 61
4 49 136 137 50
4 150 60 61 151
4 49 50 61 60
4 136 150 151 137
4 50 61 151 137
4 51 138 152 62
4 50 137 138 51
4 151 61 62 152
4 50 51 62 61
4 137 151 152 138
4 51 62 152 138
4 52 139 153 63
4 51 138 139 52
4 152 62 63 153
4 51 52 63 62
4 138 152 153 139
4 52 63 153 139
4 53 140 154 64
4 52 139 140 53
4 153 63 64 154
4 52 53 64 63
4 139 153 154 140
4 54 65 159 144
4 55 145 160 66
4 54 144 145 55
4 159 65 66 160
4 54 55 66 65
4 144 159 160 145
4 55 66 160 145
4 56 146 161 67
4 55 145 146 56
4 160 66 67 161
4 55 56 67 66
4 145 160 161 146
4 56 67 161 146
4 57 147 162 68
4 56 146 147 57
4 161 67 68 162
4 56 57 68 67
4 146 161 162 147
4 57 68 162 147
4 58 148 163 69
4 57 147 148 58
4 162 68 69 163
4 57 58 69 68
4 147 162 163 148
4 58 69 163 148
4 59 149 164 70
4 58 148 149 59
4 163 69 70 164
4 58 59 70 69
4 148 163 164 149
4 59 70 164 149
4 60 150 165 71
4 59 149 150 60
4 164 70 71 165
4 59 60 71 70
4 149 164 165 150
4 60 71 165 150
4 61 151 166 72
4 60 150 151 61
4 165 71 72 166
4 60 61 72 71
4 150 165 166 151
4 61 72 166 151
4 62 152 167 73
4 61 151 152 62
4 166 72 73 167
4 61 62 73 72
4 151 166 167 152
4 62 73 167 152
4 63 153 168 74
4 62 152 153 63
4 167 73 74 168
4 62 63 74 73
4 152 167 168 153
4 63 74 168 153
4 64 154 169 75
4 63 153 154 64
4 168 74 75 169
4 63 64 75 74
4 153 168 169 154
4 65 76 174 159
4 66 160 175 77
4 65 159 160 66
4 174 76 77 175
4 65 66 77 76
4 159 174 175 160
4 66 77 175 160
4 67 161 176 78
4 66 160 161 67
4 175 77 78 176
4 66 67 78 77
4 160 175 176 161
4 73 84 182 167
4 74 168 183 85
4 73 167 168 74
4 182 84 85 183
4 73 74 85 84
4 167 182 183 168
4 74 85 183 168
4 75 169 184 86
4 74 168 169 75
4 183 85 86 184
4 74 75 86 85
4 168 183 184 169
4 76 87 189 174
4 77 175 190 88
4 76 174 175 77
4 189 87 88 190
4 76 77 88 87
4 174 189 190 175
4 77 88 190 175
4 78 176 191 89
4 77 175 176 78
4 190 88 89 191
4 77 78 89 88
4 175 190 191 176
4 78 89 191 176
4 79 177 192 90
4 78 176 177 79
4 191 89 90 192
4 78 79 90 89
4 176 191 192 177
4 79 90 192 177
4 80 178 193 91
4 79 177 178 80
4 192 90 91 193
4 79 80 91 90
4 177 192 193 178
4 80 91 193 178
4 81 179 194 92
4 80 178 179 81
4 193 91 92 194
4 80 81 92 91
4 178 193 194 179
4 81 92 194 179
4 82 180 195 93
4 81 179 180 82
4 194 92 93 195
4 81 82 93 92
4 179 194 195 180
4 82 93 195 180
4 83 181 196 94
4 82 180 181 83
4 195 93 94 196
4 82 83 94 93
4 180 195 196 181
4 83 94 196 181
4 84 182 197 95
4 83 181 182 84
4 196 94 95 197
4 83 84 95 94
4 181 196 197 182
4 84 95 197 182
4 85 183 198 96
4 84 182 183 85
4 197 95 96 198
4 84 85 96 95
4 182 197 198 183
4 85 96 198 183
4 86 184 199 97
4 85 183 184 86
4 198 96 97 199
4 85 86 97 96
4 183 198 199 184
4 87 98 203 189
4 88 190 204 99
4 87 189 190 88
4 203 98 99 204
4 87 88 99 98
4 189 203 204 190
4 88 99 204 190
4 89 191 205 100
4 88 190 191 89
4 204 99 100 205
4 88 89 100 99
4 190 204 205 191
4 89 100 205 191
4 90 192 206 101
4 89 191 192 90
4 205 100 101 206
4 89 90 101 100
4 191 205 206 192
4 90 101 206 192
4 91 193 207 102
4 90 192 193 91
4 206 101 102 207
4 90 91 102 101
4 192 206 207 193
4 91 102 207 193
4 92 194 208 103
4 91 193 194 92
4 207 102 103 208
4 91 92 103 102
4 193 207 208 194
4 92 103 208 194
4 93 195 209 104
4 92 194 195 93
4 208 103 104 209
4 92 93 104 103
4 194 208 209 195
4 93 104 209 195
4 94 196 210 105
4 93 195 196 94
4 209 104 105 210
4 93 94 105 104
4 195 209 210 196
4 94 105 210 196
4 95 197 211 106
4 94 196 197 95
4 210 105 106 211
4 94 95 106 105
4 196 210 211 197
4 95 106 211 197
4 96 198 212 107
4 95 197 198 96
4 211 106 107 212
4 95 96 107 106
4 197 211 212 198
4 96 107 212 198
4 97 199 213 108
4 96 198 199 97
4 212 107 108 213
4 96 97 108 107
4 198 212 213 199
4 99 109 216 204
4 100 205 217 110
4 99 204 205 100
4 216 109 110 217
4 99 100 110 109
4 204 216 217 205
4 100 110 217 205
4 101 206 218 111
4 100 205 206 101
4 217 110 111 218
4 100 101 111 110
4 205 217 218 206
4 101 111 218 206
4 102 207 219 112
4 101 206 207 102
4 218 111 112 219
4 101 102 112 111
4 206 218 219 207
4 102 112 219 207
4 103 208 220 113
4 102 207 208 103
4 219 112 113 220
4 102 103 113 112
4 207 219 220 208
4 103 113 220 208
4 104 209 221 114
4 103 208 209 104
4 220 113 114 221
4 103 104 114 113
4 208 220 221 209
4 104 114 221 209
4 105 210 222 115
4 104 209 210 105
4 221 114 115 222
4 104 105 115 114
4 209 221 222 210
4 105 115 222 210
4 106 211 223 116
4 105 210 211 106
4 222 115 116 223
4 105 106 116 115
4 210 222 223 211
4 106 116 223 211
4 107 212 224 117
4 106 211 212 107
4 223 116 117 224
4 106 107 117 116
4 211 223 224 212
4 118 130 241 226
4 119 227 242 131
4 118 226 227 119
4 241 130 131 242
4 118 119 131 130
4 226 241 242 227
4 119 131 242 227
4 120 228 243 132
4 119 227 228 120
4 242 131 132 243
4 119 120 132 131
4 227 242 243 228
4 120 132 243 228
4 121 229 244 133
4 120 228 229 121
4 243 132 133 244
4 120 121 133 132
4 228 243 244 229
4 121 133 244 229
4 122 230 245 134
4 121 229 230 122
4 244 133 134 245
4 121 122 134 133
4 229 244 245 230
4 122 134 245 230
4 123 231 246 135
4 122 230 231 123
4 245 134 135 246
4 122 123 135 134
4 230 245 246 231
4 123 135 246 231
4 124 232 247 136
4 123 231 232 124
4 246 135 136 247
4 123 124 136 135
4 231 246 247 232
4 124 136 247 232
4 125 233 248 137
4 124 232 233 125
4 247 136 137 248
4 124 125 137 136
4 232 247 248 233
4 125 137 248 233
4 126 234 249 138
4 125 233 234 126
4 248 137 138 249
4 125 126 138 137
4 233 248 249 234
4 126 138 249 234
4 127 235 250 139
4 126 234 235 127
4 249 138 139 250
4 126 127 139 138
4 234 249 250 235
4 127 139 250 235
4 128 236 251 140
4 127 235 236 128
4 250 139 140 251
4 127 128 140 139
4 235 250 251 236
4 128 140 251 236
4 129 237 252 141
4 128 236 237 129
4 251 140 141 252
4 128 129 141 140
4 236 251 252 237
4 130 144 257 241
4 131 242 258 145
4 130 241 242 131
4 257 144 145 258
4 130 131 145 144
4 241 257 258 242
4 131 145 258 242
4 132 243 259 146
4 131 242 243 132
4 258 145 146 259
4 131 132 146 145
4 242 258 259 243
4 138 152 265 249
4 139 250 266 153
4 138 249 250 139
4 265 152 153 266
4 138 139 153 152
4 249 265 266 250
4 139 153 266 250
4 140 251 267 154
4 139 250 251 140
4 266 153 154 267
4 139 140 154 153
4 250 266 267 251
4 140 154 267 251
4 141 252 268 155
4 140 251 252 141
4 267 154 155 268
4 140 141 155 154
4 251 267 268 252
4 141 155 268 252
4 142 253 269 156
4 141 252 253 142
4 268 155 156 269
4 141 142 156 155
4 252 268 269 253
4 143 158 273 256
4 144 257 274 159
4 143 256 257 144
4 273 158 159 274
4 143 144 159 158
4 256 273 274 257
4 144 159 274 257
4 145 258 275 160
4 144 257 258 145
4 274 159 160 275
4 144 145 160 159
4 257 274 275 258
4 153 168 276 266
4 154 267 277 169
4 153 266 267 154
4 276 168 169 277
4 153 154 169 168
4 266 276 277 267
4 154 169 277 267
4 155 268 278 170
4 154 267 268 155
4 277 169 170 278
4 154 155 170 169
4 267 277 278 268
4 155 170 278 268
4 156 269 279 171
4 155 268 269 156
4 278 170 171 279
4 155 156 171 170
4 268 278 279 269
4 156 171 279 269
4 157 270 280 172
4 156 269 270 157
4 279 171 172 280
4 156 157 172 171
4 269 279 280 270
4 158 173 283 273
4 159 274 284 174
4 158 273 274 159
4 283 173 174 284
4 158 159 174 173
4 273 283 284 274
4 159 174 284 274
4 160 275 285 175
4 159 274 275 160
4 284 174 175 285
4 159 160 175 174
4 274 284 285 275
4 168 183 286 276
4 169 277 287 184
4 168 276 277 169
4 286 183 184 287
4 168 169 184 183
4 276 286 287 277
4 169 184 287 277
4 170 278 288 185
4 169 277 278 170
4 287 184 185 288
4 169 170 185 184
4 277 287 288 278
4 170 185 288 278
4 171 279 289 186
4 170 278 279 171
4 288 185 186 289
4 170 171 186 185
4 278 288 289 279
4 171 186 289 279
4 172 280 290 187
4 171 279 280 172
4 289 186 187 290
4 171 172 187 186
4 279 289 290 280
4 173 188 293 283
4 174 284 294 189
4 173 283 284 174
4 293 188 189 294
4 173 174 189 188
4 283 293 294 284
4 174 189 294 284
4 175 285 295 190
4 174 284 285 175
4 294 189 190 295
4 174 175 190 189
4 284 294 295 285
4 183 198 303 286
4 184 287 304 199
4 183 286 287 184
4 303 198 199 304
4 183 184 199 198
4 286 303 304 287
4 184 199 304 287
4 185 288 305 200
4 184 287 288 185
4 304 199 200 305
4 184 185 200 199
4 287 304 305 288
4 185 200 305 288
4 186 289 306 201
4 185 288 289 186
4 305 200 201 306
4 185 186 201 200
4 288 305 306 289
4 186 201 306 289
4 187 290 307 202
4 186 289 290 187
4 306 201 202 307
4 186 187 202 201
4 289 306 307 290
4 189 203 311 294
4 190 295 312 204
4 189 294 295 190
4 311 203 204 312
4 189 190 204 203
4 294 311 312 295
4 190 204 312 295
4 191 296 313 205
4 190 295 296 191
4 312 204 205 313
4 190 191 205 204
4 295 312 313 296
4 197 211 319 302
4 198 303 320 212
4 197 302 303 198
4 319 211 212 320
4 197 198 212 211
4 302 319 320 303
4 198 212 320 303
4 199 304 321 213
4 198 303 304 199
4 320 212 213 321
4 198 199 213 212
4 303 320 321 304
4 199 213 321 304
4 200 305 322 214
4 199 304 305 200
4 321 213 214 322
4 199 200 214 213
4 304 321 322 305
4 203 215 326 311
4 204 312 327 216
4 203 311 312 204
4 326 215 216 327
4 203 204 216 215
4 311 326 327 312
4 204 216 327 312
4 205 313 328 217
4 204 312 313 205
4 327 216 217 328
4 204 205 217 216
4 312 327 328 313
4 205 217 328 313
4 206 314 329 218
4 205 313 314 206
4 328 217 218 329
4 205 206 218 217
4 313 328 329 314
4 206 218 329 314
4 207 315 330 219
4 206 314 315 207
4 329 218 219 330
4 206 207 219 218
4 314 329 330 315
4 207 219 330 315
4 208 316 331 220
4 207 315 316 208
4 330 219 220 331
4 207 208 220 219
4 315 330 331 316
4 208 220 331 316
4 209 317 332 221
4 208 316 317 209
4 331 220 221 332
4 208 209 221 220
4 316 331 332 317
4 209 221 332 317
4 210 318 333 222
4 209 317 318 210
4 332 221 222 333
4 209 210 222 221
4 317 332 333 318
4 210 222 333 318
4 211 319 334 223
4 210 318 319 211
4 333 222 223 334
4 210 211 223 222
4 318 333 334 319
4 211 223 334 319
4 212 320 335 224
4 211 319 320 212
4 334 223 224 335
4 211 212 224 223
4 319 334 335 320
4 212 224 335 320
4 213 321 336 225
4 212 320 321 213
4 335 224 225 336
4 212 213 225 224
4 320 335 336 321
4 226 241 358 341
4 227 342 359 242
4 226 341 342 227
4 358 241 242 359
4 226 227 242 241
4 341 358 359 342
4 227 242 359 342
4 228 343 360 243
4 227 342 343 228
4 359 242 243 360
4 227 228 243 242
4 342 359 360 343
4 228 243 360 343
4 229 344 361 244
4 228 343 344 229
4 360 243 244 361
4 228 229 244 243
4 343 360 361 344
4 229 244 361 344
4 230 345 362 245
4 229 344 345 230
4 361 244 245 362
4 229 230 245 244
4 344 361 362 345
4 230 245 362 345
4 231 346 363 246
4 230 345 346 231
4 362 245 246 363
4 230 231 246 245
4 345 362 363 346
4 231 246 363 346
4 232 347 364 247
4 231 346 347 232
4 363 246 247 364
4 231 232 247 246
4 346 363 364 347
4 232 247 364 347
4 233 348 365 248
4 232 347 348 233
4 364 247 248 365
4 232 233 248 247
4 347 364 365 348
4 233 248 365 348
4 234 349 366 249
4 233 348 349 234
4 365 248 249 366
4 233 234 249 248
4 348 365 366 349
4 234 249 366 349
4 235 350 367 250
4 234 349 350 235
4 366 249 250 367
4 234 235 250 249
4 349 366 367 350
4 235 250 367 350
4 236 351 368 251
4 235 350 351 236
4 367 250 251 368
4 235 236 251 250
4 350 367 368 351
4 236 251 368 351
4 237 352 369 252
4 236 351 352 237
4 368 251 252 369
4 236 237 252 251
4 351 368 369 352
4 237 252 369 352
4 238 353 370 253
4 237 352 353 238
4 369 252 253 370
4 237 238 253 252
4 352 369 370 353
4 238 253 370 353
4 239 354 371 254
4 238 353 354 239
4 370 253 254 371
4 238 239 254 253
4 353 370 371 354
4 240 256 375 357
4 241 358 376 257
4 240 357 358 241
4 375 256 257 376
4 240 241 257 256
4 357 375 376 358
4 241 257 376 358
4 242 359 377 258
4 241 358 359 242
4 376 257 258 377
4 241 242 258 257
4 358 376 377 359
4 244 260 379 361
4 245 362 380 261
4 244 361 362 245
4 379 260 261 380
4 244 245 261 260
4 361 379 380 362
4 245 261 380 362
4 246 363 381 262
4 245 362 363 246
4 380 261 262 381
4 245 246 262 261
4 362 380 381 363
4 246 262 381 363
4 247 364 382 263
4 246 363 364 247
4 381 262 263 382
4 246 247 263 262
4 363 381 382 364
4 247 263 382 364
4 248 365 383 264
4 247 364 365 248
4 382 263 264 383
4 247 248 264 263
4 364 382 383 365
4 248 264 383 365
4 249 366 384 265
4 248 365 366 249
4 383 264 265 384
4 248 249 265 264
4 365 383 384 366
4 251 267 386 368
4 252 369 387 268
4 251 368 369 252
4 386 267 268 387
4 251 252 268 267
4 368 386 387 369
4 252 268 387 369
4 253 370 388 269
4 252 369 370 253
4 387 268 269 388
4 252 253 269 268
4 369 387 388 370
4 253 269 388 370
4 254 371 389 270
4 253 370 371 254
4 388 269 270 389
4 253 254 270 269
4 370 388 389 371
4 254 270 389 371
4 255 372 390 271
4 254 371 372 255
4 389 270 271 390
4 254 255 271 270
4 371 389 390 372
4 256 273 393 375
4 257 376 394 274
4 256 375 376 257
4 393 273 274 394
4 256 257 274 273
4 375 393 394 376
4 257 274 394 376
4 258 377 395 275
4 257 376 377 258
4 394 274 275 395
4 257 258 275 274
4 376 394 395 377
4 268 278 403 387
4 269 388 404 279
4 268 387 388 269
4 403 278 279 404
4 268 269 279 278
4 387 403 404 388
4 269 279 404 388
4 270 389 405 280
4 269 388 389 270
4 404 279 280 405
4 269 270 280 279
4 388 404 405 389
4 270 280 405 389
4 271 390 406 281
4 270 389 390 271
4 405 280 281 406
4 270 271 281 280
4 389 405 406 390
4 271 281 406 390
4 272 391 407 282
4 271 390 391 272
4 406 281 282 407
4 271 272 282 281
4 390 406 407 391
4 273 283 409 393
4 274 394 410 284
4 273 393 394 274
4 409 283 284 410
4 273 274 284 283
4 393 409 410 394
4 279 289 421 404
4 280 405 422 290
4 279 404 405 280
4 421 289 290 422
4 279 280 290 289
4 404 421 422 405
4 280 290 422 405
4 281 406 423 291
4 280 405 406 281
4 422 290 291 423
4 280 281 291 290
4 405 422 423 406
4 281 291 423 406
4 282 407 424 292
4 281 406 407 282
4 423 291 292 424
4 281 282 292 291
4 406 423 424 407
4 283 293 426 409
4 284 410 427 294
4 283 409 410 284
4 426 293 294 427
4 283 284 294 293
4 409 426 427 410
4 284 294 427 410
4 285 411 428 295
4 284 410 411 285
4 427 294 295 428
4 284 285 295 294
4 410 427 428 411
4 287 304 437 419
4 288 420 438 305
4 287 419 420 288
4 437 304 305 438
4 287 288 305 304
4 419 437 438 420
4 288 305 438 420
4 289 421 439 306
4 288 420 421 289
4 438 305 306 439
4 288 289 306 305
4 420 438 439 421
4 289 306 439 421
4 290 422 440 307
4 289 421 422 290
4 439 306 307 440
4 289 290 307 306
4 421 439 440 422
4 290 307 440 422
4 291 423 441 308
4 290 422 423 291
4 440 307 308 441
4 290 291 308 307
4 422 440 441 423
4 291 308 441 423
4 292 424 442 309
4 291 423 424 292
4 441 308 309 442
4 291 292 309 308
4 423 441 442 424
4 293 310 444 426
4 294 427 445 311
4 293 426 427 294
4 444 310 311 445
4 293 294 311 310
4 426 444 445 427
4 294 311 445 427
4 295 428 446 312
4 294 427 428 295
4 445 311 312 446
4 294 295 312 311
4 427 445 446 428
4 297 314 448 430
4 298 431 449 315
4 297 430 431 298
4 448 314 315 449
4 297 298 315 314
4 430 448 449 431
4 298 315 449 431
4 299 432 450 316
4 298 431 432 299
4 449 315 316 450
4 298 299 316 315
4 431 449 450 432
4 299 316 450 432
4 300 433 451 317
4 299 432 433 300
4 450 316 317 451
4 299 300 317 316
4 432 450 451 433
4 300 317 451 433
4 301 434 452 318
4 300 433 434 301
4 451 317 318 452
4 300 301 318 317
4 433 451 452 434
4 301 318 452 434
4 302 435 453 319
4 301 434 435 302
4 452 318 319 453
4 301 302 319 318
4 434 452 453 435
4 304 321 455 437
4 305 438 456 322
4 304 437 438 305
4 455 321 322 456
4 304 305 322 321
4 437 455 456 438
4 305 322 456 438
4 306 439 457 323
4 305 438 439 306
4 456 322 323 457
4 305 306 323 322
4 438 456 457 439
4 306 323 457 439
4 307 440 458 324
4 306 439 440 307
4 457 323 324 458
4 306 307 324 323
4 439 457 458 440
4 307 324 458 440
4 308 441 459 325
4 307 440 441 308
4 458 324 325 459
4 307 308 325 324
4 440 458 459 441
4 311 326 462 445
4 312 446 463 327
4 311 445 446 312
4 462 326 327 463
4 311 312 327 326
4 445 462 463 446
4 312 327 463 446
4 313 447 464 328
4 312 446 447 313
4 463 327 328 464
4 312 313 328 327
4 446 463 464 447
4 313 328 464 447
4 314 448 465 329
4 313 447 448 314
4 464 328 329 465
4 313 314 329 328
4 447 464 465 448
4 314 329 465 448
4 315 449 466 330
4 314 448 449 315
4 465 329 330 466
4 314 315 330 329
4 448 465 466 449
4 315 330 466 449
4 316 450 467 331
4 315 449 450 316
4 466 330 331 467
4 315 316 331 330
4 449 466 467 450
4 316 331 467 450
4 317 451 468 332
4 316 450 451 317
4 467 331 332 468
4 316 317 332 331
4 450 467 468 451
4 317 332 468 451
4 318 452 469 333
4 317 451 452 318
4 468 332 333 469
4 317 318 333 332
4 451 468 469 452
4 318 333 469 452
4 319 453 470 334
4 318 452 453 319
4 469 333 334 470
4 318 319 334 333
4 452 469 470 453
4 319 334 470 453
4 320 454 471 335
4 319 453 454 320
4 470 334 335 471
4 319 320 335 334
4 453 470 471 454
4 320 335 471 454
4 321 455 472 336
4 320 454 455 321
4 471 335 336 472
4 320 321 336 335
4 454 471 472 455
4 321 336 472 455
4 322 456 473 337
4 321 455 456 322
4 472 336 337 473
4 321 322 337 336
4 455 472 473 456
4 322 337 473 456
4 323 457 474 338
4 322 456 457 323
4 473 337 338 474
4 322 323 338 337
4 456 473 474 457
4 323 338 474 457
4 324 458 475 339
4 323 457 458 324
4 474 338 339 475
4 323 324 339 338
4 457 474 475 458
4 340 357 495 478
4 341 479 496 358
4 340 478 479 341
4 495 357 358 496
4 340 341 358 357
4 478 495 496 479
4 341 358 496 479
4 342 480 497 359
4 341 479 480 342
4 496 358 359 497
4 341 342 359 358
4 479 496 497 480
4 342 359 497 480
4 343 481 498 360
4 342 480 481 343
4 497 359 360 498
4 342 343 360 359
4 480 497 498 481
4 343 360 498 481
4 344 482 499 361
4 343 481 482 344
4 498 360 361 499
4 343 344 361 360
4 481 498 499 482
4 344 361 499 482
4 345 483 500 362
4 344 482 483 345
4 499 361 362 500
4 344 345 362 361
4 482 499 500 483
4 348 365 503 484
4 349 485 504 366
4 348 484 485 349
4 503 365 366 504
4 348 349 366 365
4 484 503 504 485
4 349 366 504 485
4 350 486 505 367
4 349 485 486 350
4 504 366 367 505
4 349 350 367 366
4 485 504 505 486
4 350 367 505 486
4 351 487 506 368
4 350 486 487 351
4 505 367 368 506
4 350 351 368 367
4 486 505 506 487
4 351 368 506 487
4 352 488 507 369
4 351 487 488 352
4 506 368 369 507
4 351 352 369 368
4 487 506 507 488
4 352 369 507 488
4 353 489 508 370
4 352 488 489 353
4 507 369 370 508
4 352 353 370 369
4 488 507 508 489
4 353 370 508 489
4 354 490 509 371
4 353 489 490 354
4 508 370 371 509
4 353 354 371 370
4 489 508 509 490
4 354 371 509 490
4 355 491 510 372
4 354 490 491 355
4 509 371 372 510
4 354 355 372 371
4 490 509 510 491
4 355 372 510 491
4 356 492 511 373
4 355 491 492 356
4 510 372 373 511
4 355 356 373 372
4 491 510 511 492
4 357 375 514 495
4 358 496 515 376
4 357 495 496 358
4 514 375 376 515
4 357 358 376 375
4 495 514 515 496
4 358 376 515 496
4 359 497 516 377
4 358 496 497 359
4 515 376 377 516
4 358 359 377 376
4 496 515 516 497
4 359 377 516 497
4 360 498 517 378
4 359 497 498 360
4 516 377 378 517
4 359 360 378 377
4 497 516 517 498
4 360 378 517 498
4 361 499 518 379
4 360 498 499 361
4 517 378 379 518
4 360 361 379 378
4 498 517 518 499
4 361 379 518 499
4 362 500 519 380
4 361 499 500 362
4 518 379 380 519
4 361 362 380 379
4 499 518 519 500
4 362 380 519 500
4 363 501 520 381
4 362 500 501 363
4 519 380 381 520
4 362 363 381 380
4 500 519 520 501
4 363 381 520 501
4 364 502 521 382
4 363 501 502 364
4 520 381 382 521
4 363 364 382 381
4 501 520 521 502
4 364 382 521 502
4 365 503 522 383
4 364 502 503 365
4 521 382 383 522
4 364 365 383 382
4 502 521 522 503
4 365 383 522 503
4 366 504 523 384
4 365 503 504 366
4 522 383 384 523
4 365 366 384 383
4 503 522 523 504
4 366 384 523 504
4 367 505 524 385
4 366 504 505 367
4 523 384 385 524
4 366 367 385 384
4 504 523 524 505
4 367 385 524 505
4 368 506 525 386
4 367 505 506 368
4 524 385 386 525
4 367 368 386 385
4 505 524 525 506
4 370 388 527 508
4 371 509 528 389
4 370 508 509 371
4 527 388 389 528
4 370 371 389 388
4 508 527 528 509
4 371 389 528 509
4 372 510 529 390
4 371 509 510 372
4 528 389 390 529
4 371 372 390 389
4 509 528 529 510
4 372 390 529 510
4 373 511 530 391
4 372 510 511 373
4 529 390 391 530
4 372 373 391 390
4 510 529 530 511
4 373 391 530 511
4 374 512 531 392
4 373 511 512 374
4 530 391 392 531
4 373 374 392 391
4 511 530 531 512
4 375 393 533 514
4 376 515 534 394
4 375 514 515 376
4 533 393 394 534
4 375 376 394 393
4 514 533 534 515
4 379 396 537 518
4 380 519 538 397
4 379 518 519 380
4 537 396 397 538
4 379 380 397 396
4 518 537 538 519
4 380 397 538 519
4 381 520 539 398
4 380 519 520 381
4 538 397 398 539
4 380 381 398 397
4 519 538 539 520
4 381 398 539 520
4 382 521 540 399
4 381 520 521 382
4 539 398 399 540
4 381 382 399 398
4 520 539 540 521
4 382 399 540 521
4 383 522 541 400
4 382 521 522 383
4 540 399 400 541
4 382 383 400 399
4 521 540 541 522
4 383 400 541 522
4 384 523 542 401
4 383 522 523 384
4 541 400 401 542
4 383 384 401 400
4 522 541 542 523
4 384 401 542 523
4 385 524 543 402
4 384 523 524 385
4 542 401 402 543
4 384 385 402 401
4 523 542 543 524
4 389 405 546 528
4 390 529 547 406
4 389 528 529 390
4 546 405 406 547
4 389 390 406 405
4 528 546 547 529
4 390 406 547 529
4 391 530 548 407
4 390 529 530 391
4 547 406 407 548
4 390 391 407 406
4 529 547 548 530
4 391 407 548 530
4 392 531 549 408
4 391 530 531 392
4 548 407 408 549
4 391 392 408 407
4 530 548 549 531
4 393 409 551 533
4 394 534 552 410
4 393 533 534 394
4 551 409 410 552
4 393 394 410 409
4 533 551 552 534
4 396 412 555 537
4 397 538 556 413
4 396 537 538 397
4 555 412 413 556
4 396 397 413 412
4 537 555 556 538
4 397 413 556 538
4 398 539 557 414
4 397 538 539 398
4 556 413 414 557
4 397 398 414 413
4 538 556 557 539
4 398 414 557 539
4 399 540 558 415
4 398 539 540 399
4 557 414 415 558
4 398 399 415 414
4 539 557 558 540
4 399 415 558 540
4 400 541 559 416
4 399 540 541 400
4 558 415 416 559
4 399 400 416 415
4 540 558 559 541
4 400 416 559 541
4 401 542 560 417
4 400 541 542 401
4 559 416 417 560
4 400 401 417 416
4 541 559 560 542
4 406 423 566 547
4 407 548 567 424
4 406 547 548 407
4 566 423 424 567
4 406 407 424 423
4 547 566 567 548
4 407 424 567 548
4 408 549 568 425
4 407 548 549 408
4 567 424 425 568
4 407 408 425 424
4 548 567 568 549
4 409 426 570 551
4 410 552 571 427
4 409 551 552 410
4 570 426 427 571
4 409 410 427 426
4 551 570 571 552
4 412 430 574 555
4 413 556 575 431
4 412 555 556 413
4 574 430 431 575
4 412 413 431 430
4 555 574 575 556
4 413 431 575 556
4 414 557 576 432
4 413 556 557 414
4 575 431 432 576
4 413 414 432 431
4 556 575 576 557
4 414 432 576 557
4 415 558 577 433
4 414 557 558 415
4 576 432 433 577
4 414 415 433 432
4 557 576 577 558
4 415 433 577 558
4 416 559 578 434
4 415 558 559 416
4 577 433 434 578
4 415 416 434 433
4 558 577 578 559
4 416 434 578 559
4 417 560 579 435
4 416 559 560 417
4 578 434 435 579
4 416 417 435 434
4 559 578 579 560
4 417 435 579 560
4 418 561 580 436
4 417 560 561 418
4 579 435 436 580
4 417 418 436 435
4 560 579 580 561
4 422 440 584 565
4 423 566 585 441
4 422 565 566 423
4 584 440 441 585
4 422 423 441 440
4 565 584 585 566
4 423 441 585 566
4 424 567 586 442
4 423 566 567 424
4 585 441 442 586
4 423 424 442 441
4 566 585 586 567
4 424 442 586 567
4 425 568 587 443
4 424 567 568 425
4 586 442 443 587
4 424 425 443 442
4 567 586 587 568
4 426 444 589 570
4 427 571 590 445
4 426 570 571 427
4 589 444 445 590
4 426 427 445 444
4 570 589 590 571
4 427 445 590 571
4 428 572 591 446
4 427 571 572 428
4 590 445 446 591
4 427 428 446 445
4 571 590 591 572
4 429 447 592 573
4 430 574 593 448
4 429 573 574 430
4 592 447 448 593
4 429 430 448 447
4 573 592 593 574
4 430 448 593 574
4 431 575 594 449
4 430 574 575 431
4 593 448 449 594
4 430 431 449 448
4 574 593 594 575
4 431 449 594 575
4 432 576 595 450
4 431 575 576 432
4 594 449 450 595
4 431 432 450 449
4 575 594 595 576
4 432 450 595 576
4 433 577 596 451
4 432 576 577 433
4 595 450 451 596
4 432 433 451 450
4 576 595 596 577
4 433 451 596 577
4 434 578 597 452
4 433 577 578 434
4 596 451 452 597
4 433 434 452 451
4 577 596 597 578
4 434 452 597 578
4 435 579 598 453
4 434 578 579 435
4 597 452 453 598
4 434 435 453 452
4 578 597 598 579
4 435 453 598 579
4 436 580 599 454
4 435 579 580 436
4 598 453 454 599
4 435 436 454 453
4 579 598 599 580
4 436 454 599 580
4 437 581 600 455
4 436 580 581 437
4 599 454 455 600
4 436 437 455 454
4 580 599 600 581
4 439 457 602 583
4 440 584 603 458
4 439 583 584 440
4 602 457 458 603
4 439 440 458 457
4 583 602 603 584
4 440 458 603 584
4 441 585 604 459
4 440 584 585 441
4 603 458 459 604
4 440 441 459 458
4 584 603 604 585
4 441 459 604 585
4 442 586 605 460
4 441 585 586 442
4 604 459 460 605
4 441 442 460 459
4 585 604 605 586
4 442 460 605 586
4 443 587 606 461
4 442 586 587 443
4 605 460 461 606
4 442 443 461 460
4 586 605 606 587
4 445 462 608 590
4 446 591 609 463
4 445 590 591 446
4 608 462 463 609
4 445 446 463 462
4 590 608 609 591
4 446 463 609 591
4 447 592 610 464
4 446 591 592 447
4 609 463 464 610
4 446 447 464 463
4 591 609 610 592
4 447 464 610 592
4 448 593 611 465
4 447 592 593 448
4 610 464 465 611
4 447 448 465 464
4 592 610 611 593
4 448 465 611 593
4 449 594 612 466
4 448 593 594 449
4 611 465 466 612
4 448 449 466 465
4 593 611 612 594
4 452 469 613 597
4 453 598 614 470
4 452 597 598 453
4 613 469 470 614
4 452 453 470 469
4 597 613 614 598
4 453 470 614 598
4 454 599 615 471
4 453 598 599 454
4 614 470 471 615
4 453 454 471 470
4 598 614 615 599
4 454 471 615 599
4 455 600 616 472
4 454 599 600 455
4 615 471 472 616
4 454 455 472 471
4 599 615 616 600
4 455 472 616 600
4 456 601 617 473
4 455 600 601 456
4 616 472 473 617
4 455 456 473 472
4 600 616 617 601
4 456 473 617 601
4 457 602 618 474
4 456 601 602 457
4 617 473 474 618
4 456 457 474 473
4 601 617 618 602
4 457 474 618 602
4 458 603 619 475
4 457 602 603 458
4 618 474 475 619
4 457 458 475 474
4 602 618 619 603
4 458 475 619 603
4 459 604 620 476
4 458 603 604 459
4 619 475 476 620
4 458 459 476 475
4 603 619 620 604
4 459 476 620 604
4 460 605 621 477
4 459 604 605 460
4 620 476 477 621
4 459 460 477 476
4 604 620 621 605
4 479 496 637 623
4 480 624 638 497
4 479 623 624 480
4 637 496 497 638
4 479 480 497 496
4 623 637 638 624
4 480 497 638 624
4 481 625 639 498
4 480 624 625 481
4 638 497 498 639
4 480 481 498 497
4 624 638 639 625
4 486 505 643 626
4 487 627 644 506
4 486 626 627 487
4 643 505 506 644
4 486 487 506 505
4 626 643 644 627
4 487 506 644 627
4 488 628 645 507
4 487 627 628 488
4 644 506 507 645
4 487 488 507 506
4 627 644 645 628
4 488 507 645 628
4 489 629 646 508
4 488 628 629 489
4 645 507 508 646
4 488 489 508 507
4 628 645 646 629
4 489 508 646 629
4 490 630 647 509
4 489 629 630 490
4 646 508 509 647
4 489 490 509 508
4 629 646 647 630
4 490 509 647 630
4 491 631 648 510
4 490 630 631 491
4 647 509 510 648
4 490 491 510 509
4 630 647 648 631
4 491 510 648 631
4 492 632 649 511
4 491 631 632 492
4 648 510 511 649
4 491 492 511 510
4 631 648 649 632
4 492 511 649 632
4 493 633 650 512
4 492 632 633 493
4 649 511 512 650
4 492 493 512 511
4 632 649 650 633
4 493 512 650 633
4 494 634 651 513
4 493 633 634 494
4 650 512 513 651
4 493 494 513 512
4 633 650 651 634
4 495 514 653 636
4 496 637 654 515
4 495 636 637 496
4 653 514 515 654
4 495 496 515 514
4 636 653 654 637
4 496 515 654 637
4 497 638 655 516
4 496 637 638 497
4 654 515 516 655
4 496 497 516 515
4 637 654 655 638
4 497 516 655 638
4 498 639 656 517
4 497 638 639 498
4 655 516 517 656
4 497 498 517 516
4 638 655 656 639
4 498 517 656 639
4 499 640 657 518
4 498 639 640 499
4 656 517 518 657
4 498 499 518 517
4 639 656 657 640
4 499 518 657 640
4 500 641 658 519
4 499 640 641 500
4 657 518 519 658
4 499 500 519 518
4 640 657 658 641
4 504 523 660 642
4 505 643 661 524
4 504 642 643 505
4 660 523 524 661
4 504 505 524 523
4 642 660 661 643
4 505 524 661 643
4 506 644 662 525
4 505 643 644 506
4 661 524 525 662
4 505 506 525 524
4 643 661 662 644
4 506 525 662 644
4 507 645 663 526
4 506 644 645 507
4 662 525 526 663
4 506 507 526 525
4 644 662 663 645
4 507 526 663 645
4 508 646 664 527
4 507 645 646 508
4 663 526 527 664
4 507 508 527 526
4 645 663 664 646
4 508 527 664 646
4 509 647 665 528
4 508 646 647 509
4 664 527 528 665
4 508 509 528 527
4 646 664 665 647
4 510 529 666 648
4 511 649 667 530
4 510 648 649 511
4 666 529 530 667
4 510 511 530 529
4 648 666 667 649
4 511 530 667 649
4 512 650 668 531
4 511 649 650 512
4 667 530 531 668
4 511 512 531 530
4 649 667 668 650
4 512 531 668 650
4 513 651 669 532
4 512 650 651 513
4 668 531 532 669
4 512 513 532 531
4 650 668 669 651
4 514 533 672 653
4 515 654 673 534
4 514 653 654 515
4 672 533 534 673
4 514 515 534 533
4 653 672 673 654
4 517 536 675 656
4 518 657 676 537
4 517 656 657 518
4 675 536 537 676
4 517 518 537 536
4 656 675 676 657
4 518 537 676 657
4 519 658 677 538
4 518 657 658 519
4 676 537 538 677
4 518 519 538 537
4 657 676 677 658
4 522 541 678 659
4 523 660 679 542
4 522 659 660 523
4 678 541 542 679
4 522 523 542 541
4 659 678 679 660
4 523 542 679 660
4 524 661 680 543
4 523 660 661 524
4 679 542 543 680
4 523 524 543 542
4 660 679 680 661
4 524 543 680 661
4 525 662 681 544
4 524 661 662 525
4 680 543 544 681
4 524 525 544 543
4 661 680 681 662
4 525 544 681 662
4 526 663 682 545
4 525 662 663 526
4 681 544 545 682
4 525 526 545 544
4 662 681 682 663
4 530 548 685 667
4 531 668 686 549
4 530 667 668 531
4 685 548 549 686
4 530 531 549 548
4 667 685 686 668
4 531 549 686 668
4 532 669 687 550
4 531 668 669 532
4 686 549 550 687
4 531 532 550 549
4 668 686 687 669
4 533 551 690 672
4 534 673 691 552
4 533 672 673 534
4 690 551 552 691
4 533 534 552 551
4 672 690 691 673
4 535 553 692 674
4 536 675 693 554
4 535 674 675 536
4 692 553 554 693
4 535 536 554 553
4 674 692 693 675
4 536 554 693 675
4 537 676 694 555
4 536 675 676 537
4 693 554 555 694
4 536 537 555 554
4 675 693 694 676
4 537 555 694 676
4 538 677 695 556
4 537 676 677 538
4 694 555 556 695
4 537 538 556 555
4 676 694 695 677
4 541 559 696 678
4 542 679 697 560
4 541 678 679 542
4 696 559 560 697
4 541 542 560 559
4 678 696 697 679
4 542 560 697 679
4 543 680 698 561
4 542 679 680 543
4 697 560 561 698
4 542 543 561 560
4 679 697 698 680
4 543 561 698 680
4 544 681 699 562
4 543 680 681 544
4 698 561 562 699
4 543 544 562 561
4 680 698 699 681
4 544 562 699 681
4 545 682 700 563
4 544 681 682 545
4 699 562 563 700
4 544 545 563 562
4 681 699 700 682
4 548 567 704 685
4 549 686 705 568
4 548 685 686 549
4 704 567 568 705
4 548 549 568 567
4 685 704 705 686
4 549 568 705 686
4 550 687 706 569
4 549 686 687 550
4 705 568 569 706
4 549 550 569 568
4 686 705 706 687
4 551 570 709 690
4 552 691 710 571
4 551 690 691 552
4 709 570 571 710
4 551 552 571 570
4 690 709 710 691
4 554 573 712 693
4 555 694 713 574
4 554 693 694 555
4 712 573 574 713
4 554 555 574 573
4 693 712 713 694
4 555 574 713 694
4 556 695 714 575
4 555 694 695 556
4 713 574 575 714
4 555 556 575 574
4 694 713 714 695
4 559 578 715 696
4 560 697 716 579
4 559 696 697 560
4 715 578 579 716
4 559 560 579 578
4 696 715 716 697
4 560 579 716 697
4 561 698 717 580
4 560 697 698 561
4 716 579 580 717
4 560 561 580 579
4 697 716 717 698
4 561 580 717 698
4 562 699 718 581
4 561 698 699 562
4 717 580 581 718
4 561 562 581 580
4 698 717 718 699
4 562 581 718 699
4 563 700 719 582
4 562 699 700 563
4 718 581 582 719
4 562 563 582 581
4 699 718 719 700
4 563 582 719 700
4 564 701 720 583
4 563 700 701 564
4 719 582 583 720
4 563 564 583 582
4 700 719 720 701
4 567 586 723 704
4 568 705 724 587
4 567 704 705 568
4 723 586 587 724
4 567 568 587 586
4 704 723 724 705
4 568 587 724 705
4 569 706 725 588
4 568 705 706 569
4 724 587 588 725
4 568 569 588 587
4 705 724 725 706
4 570 589 728 709
4 571 710 729 590
4 570 709 710 571
4 728 589 590 729
4 570 571 590 589
4 709 728 729 710
4 571 590 729 710
4 572 711 730 591
4 571 710 711 572
4 729 590 591 730
4 571 572 591 590
4 710 729 730 711
4 572 591 730 711
4 573 712 731 592
4 572 711 712 573
4 730 591 592 731
4 572 573 592 591
4 711 730 731 712
4 573 592 731 712
4 574 713 732 593
4 573 712 713 574
4 731 592 593 732
4 573 574 593 592
4 712 731 732 713
4 574 593 732 713
4 575 714 733 594
4 574 713 714 575
4 732 593 594 733
4 574 575 594 593
4 713 732 733 714
4 579 598 734 716
4 580 717 735 599
4 579 716 717 580
4 734 598 599 735
4 579 580 599 598
4 716 734 735 717
4 580 599 735 717
4 581 718 736 600
4 580 717 718 581
4 735 599 600 736
4 580 581 600 599
4 717 735 736 718
4 581 600 736 718
4 582 719 737 601
4 581 718 719 582
4 736 600 601 737
4 581 582 601 600
4 718 736 737 719
4 582 601 737 719
4 583 720 738 602
4 582 719 720 583
4 737 601 602 738
4 582 583 602 601
4 719 737 738 720
4 583 602 738 720
4 584 721 739 603
4 583 720 721 584
4 738 602 603 739
4 583 584 603 602
4 720 738 739 721
4 585 604 740 722
4 586 723 741 605
4 585 722 723 586
4 740 604 605 741
4 585 586 605 604
4 722 740 741 723
4 586 605 741 723
4 587 724 742 606
4 586 723 724 587
4 741 605 606 742
4 586 587 606 605
4 723 741 742 724
4 587 606 742 724
4 588 725 743 607
4 587 724 725 588
4 742 606 607 743
4 587 588 607 606
4 724 742 743 725
4 590 608 745 729
4 591 730 746 609
4 590 729 730 591
4 745 608 609 746
4 590 591 609 608
4 729 745 746 730
4 591 609 746 730
4 592 731 747 610
4 591 730 731 592
4 746 609 610 747
4 591 592 610 609
4 730 746 747 731
4 592 610 747 731
4 593 732 748 611
4 592 731 732 593
4 747 610 611 748
4 592 593 611 610
4 731 747 748 732
4 599 615 749 735
4 600 736 750 616
4 599 735 736 600
4 749 615 616 750
4 599 600 616 615
4 735 749 750 736
4 600 616 750 736
4 601 737 751 617
4 600 736 737 601
4 750 616 617 751
4 600 601 617 616
4 736 750 751 737
4 601 617 751 737
4 602 738 752 618
4 601 737 738 602
4 751 617 618 752
4 601 602 618 617
4 737 751 752 738
4 602 618 752 738
4 603 739 753 619
4 602 738 739 603
4 752 618 619 753
4 602 603 619 618
4 738 752 753 739
4 603 619 753 739
4 604 740 754 620
4 603 739 740 604
4 753 619 620 754
4 603 604 620 619
4 739 753 754 740
4 604 620 754 740
4 605 741 755 621
4 604 740 741 605
4 754 620 621 755
4 604 605 621 620
4 740 754 755 741
4 605 621 755 741
4 606 742 756 622
4 605 741 742 606
4 755 621 622 756
4 605 606 622 621
4 741 755 756 742
4 623 637 771 759
4 624 760 772 638
4 623 759 760 624
4 771 637 638 772
4 623 624 638 637
4 759 771 772 760
4 624 638 772 760
4 625 761 773 639
4 624 760 761 625
4 772 638 639 773
4 624 625 639 638
4 760 772 773 761
4 629 646 777 762
4 630 763 778 647
4 629 762 763 630
4 777 646 647 778
4 629 630 647 646
4 762 777 778 763
4 630 647 778 763
4 631 764 779 648
4 630 763 764 631
4 778 647 648 779
4 630 631 648 647
4 763 778 779 764
4 631 648 779 764
4 632 765 780 649
4 631 764 765 632
4 779 648 649 780
4 631 632 649 648
4 764 779 780 765
4 632 649 780 765
4 633 766 781 650
4 632 765 766 633
4 780 649 650 781
4 632 633 650 649
4 765 780 781 766
4 633 650 781 766
4 634 767 782 651
4 633 766 767 634
4 781 650 651 782
4 633 634 651 650
4 766 781 782 767
4 634 651 782 767
4 635 768 783 652
4 634 767 768 635
4 782 651 652 783
4 634 635 652 651
4 767 782 783 768
4 636 653 786 770
4 637 771 787 654
4 636 770 771 637
4 786 653 654 787
4 636 637 654 653
4 770 786 787 771
4 637 654 787 771
4 638 772 788 655
4 637 771 772 638
4 787 654 655 788
4 637 638 655 654
4 771 787 788 772
4 638 655 788 772
4 639 773 789 656
4 638 772 773 639
4 788 655 656 789
4 638 639 656 655
4 772 788 789 773
4 639 656 789 773
4 640 774 790 657
4 639 773 774 640
4 789 656 657 790
4 639 640 657 656
4 773 789 790 774
4 644 662 795 775
4 645 776 796 663
4 644 775 776 645
4 795 662 663 796
4 644 645 663 662
4 775 795 796 776
4 645 663 796 776
4 646 777 797 664
4 645 776 777 646
4 796 663 664 797
4 645 646 664 663
4 776 796 797 777
4 646 664 797 777
4 647 778 798 665
4 646 777 778 647
4 797 664 665 798
4 646 647 665 664
4 777 797 798 778
4 647 665 798 778
4 648 779 799 666
4 647 778 779 648
4 798 665 666 799
4 647 648 666 665
4 778 798 799 779
4 650 668 801 781
4 651 782 802 669
4 650 781 782 651
4 801 668 669 802
4 650 651 669 668
4 781 801 802 782
4 651 669 802 782
4 652 783 803 670
4 651 782 783 652
4 802 669 670 803
4 651 652 670 669
4 782 802 803 783
4 653 672 807 786
4 654 787 808 673
4 653 786 787 654
4 807 672 673 808
4 653 654 673 672
4 786 807 808 787
4 656 675 809 789
4 657 790 810 676
4 656 789 790 657
4 809 675 676 810
4 656 657 676 675
4 789 809 810 790
4 661 680 814 794
4 662 795 815 681
4 661 794 795 662
4 814 680 681 815
4 661 662 681 680
4 794 814 815 795
4 662 681 815 795
4 663 796 816 682
4 662 795 796 663
4 815 681 682 816
4 662 663 682 681
4 795 815 816 796
4 663 682 816 796
4 664 797 817 683
4 663 796 797 664
4 816 682 683 817
4 663 664 683 682
4 796 816 817 797
4 664 683 817 797
4 665 798 818 684
4 664 797 798 665
4 817 683 684 818
4 664 665 684 683
4 797 817 818 798
4 668 686 821 801
4 669 802 822 687
4 668 801 802 669
4 821 686 687 822
4 668 669 687 686
4 801 821 822 802
4 669 687 822 802
4 670 803 823 688
4 669 802 803 670
4 822 687 688 823
4 669 670 688 687
4 802 822 823 803
4 670 688 823 803
4 671 804 824 689
4 670 803 804 671
4 823 688 689 824
4 670 671 689 688
4 803 823 824 804
4 672 690 827 807
4 673 808 828 691
4 672 807 808 673
4 827 690 691 828
4 672 673 691 690
4 807 827 828 808
4 675 693 829 809
4 676 810 830 694
4 675 809 810 676
4 829 693 694 830
4 675 676 694 693
4 809 829 830 810
4 680 698 834 814
4 681 815 835 699
4 680 814 815 681
4 834 698 699 835
4 680 681 699 698
4 814 834 835 815
4 681 699 835 815
4 682 816 836 700
4 681 815 816 682
4 835 699 700 836
4 681 682 700 699
4 815 835 836 816
4 682 700 836 816
4 683 817 837 701
4 682 816 817 683
4 836 700 701 837
4 682 683 701 700
4 816 836 837 817
4 683 701 837 817
4 684 818 838 702
4 683 817 818 684
4 837 701 702 838
4 683 684 702 701
4 817 837 838 818
4 686 705 841 821
4 687 822 842 706
4 686 821 822 687
4 841 705 706 842
4 686 687 706 705
4 821 841 842 822
4 687 706 842 822
4 688 823 843 707
4 687 822 823 688
4 842 706 707 843
4 687 688 707 706
4 822 842 843 823
4 688 707 843 823
4 689 824 844 708
4 688 823 824 689
4 843 707 708 844
4 688 689 708 707
4 823 843 844 824
4 690 709 847 827
4 691 828 848 710
4 690 827 828 691
4 847 709 710 848
4 690 691 710 709
4 827 847 848 828
4 693 712 850 829
4 694 830 851 713
4 693 829 830 694
4 850 712 713 851
4 693 694 713 712
4 829 850 851 830
4 698 717 855 834
4 699 835 856 718
4 698 834 835 699
4 855 717 718 856
4 698 699 718 717
4 834 855 856 835
4 699 718 856 835
4 700 836 857 719
4 699 835 836 700
4 856 718 719 857
4 699 700 719 718
4 835 856 857 836
4 700 719 857 836
4 701 837 858 720
4 700 836 837 701
4 857 719 720 858
4 700 701 720 719
4 836 857 858 837
4 701 720 858 837
4 702 838 859 721
4 701 837 838 702
4 858 720 721 859
4 701 702 721 720
4 837 858 859 838
4 702 721 859 838
4 703 839 860 722
4 702 838 839 703
4 859 721 722 860
4 702 703 722 721
4 838 859 860 839
4 705 724 862 841
4 706 842 863 725
4 705 841 842 706
4 862 724 725 863
4 705 706 725 724
4 841 862 863 842
4 706 725 863 842
4 707 843 864 726
4 706 842 843 707
4 863 725 726 864
4 706 707 726 725
4 842 863 864 843
4 707 726 864 843
4 708 844 865 727
4 707 843 844 708
4 864 726 727 865
4 707 708 727 726
4 843 864 865 844
4 709 728 868 847
4 710 848 869 729
4 709 847 848 710
4 868 728 729 869
4 709 710 729 728
4 847 868 869 848
4 710 729 869 848
4 711 849 870 730
4 710 848 849 711
4 869 729 730 870
4 710 711 730 729
4 848 869 870 849
4 711 730 870 849
4 712 850 871 731
4 711 849 850 712
4 870 730 731 871
4 711 712 731 730
4 849 870 871 850
4 712 731 871 850
4 713 851 872 732
4 712 850 851 713
4 871 731 732 872
4 712 713 732 731
4 850 871 872 851
4 718 736 877 856
4 719 857 878 737
4 718 856 857 719
4 877 736 737 878
4 718 719 737 736
4 856 877 878 857
4 719 737 878 857
4 720 858 879 738
4 719 857 858 720
4 878 737 738 879
4 719 720 738 737
4 857 878 879 858
4 720 738 879 858
4 721 859 880 739
4 720 858 859 721
4 879 738 739 880
4 720 721 739 738
4 858 879 880 859
4 721 739 880 859
4 722 860 881 740
4 721 859 860 722
4 880 739 740 881
4 721 722 740 739
4 859 880 881 860
4 723 741 882 861
4 724 862 883 742
4 723 861 862 724
4 882 741 742 883
4 723 724 742 741
4 861 882 883 862
4 724 742 883 862
4 725 863 884 743
4 724 862 863 725
4 883 742 743 884
4 724 725 743 742
4 862 883 884 863
4 725 743 884 863
4 726 864 885 744
4 725 863 864 726
4 884 743 744 885
4 725 726 744 743
4 863 884 885 864
4 729 745 888 869
4 730 870 889 746
4 729 869 870 730
4 888 745 746 889
4 729 730 746 745
4 869 888 889 870
4 730 746 889 870
4 731 871 890 747
4 730 870 871 731
4 889 746 747 890
4 730 731 747 746
4 870 889 890 871
4 738 752 892 879
4 739 880 893 753
4 738 879 880 739
4 892 752 753 893
4 738 739 753 752
4 879 892 893 880
4 739 753 893 880
4 740 881 894 754
4 739 880 881 740
4 893 753 754 894
4 739 740 754 753
4 880 893 894 881
4 740 754 894 881
4 741 882 895 755
4 740 881 882 741
4 894 754 755 895
4 740 741 755 754
4 881 894 895 882
4 741 755 895 882
4 742 883 896 756
4 741 882 883 742
4 895 755 756 896
4 741 742 756 755
4 882 895 896 883
4 742 756 896 883
4 743 884 897 757
4 742 883 884 743
4 896 756 757 897
4 742 743 757 756
4 883 896 897 884
4 743 757 897 884
4 744 885 898 758
4 743 884 885 744
4 897 757 758 898
4 743 744 758 757
4 884 897 898 885
4 759 771 919 900
4 760 901 920 772
4 759 900 901 760
4 919 771 772 920
4 759 760 772 771
4 900 919 920 901
4 760 772 920 901
4 761 902 921 773
4 760 901 902 761
4 920 772 773 921
4 760 761 773 772
4 901 920 921 902
4 763 778 932 909
4 764 910 933 779
4 763 909 910 764
4 932 778 779 933
4 763 764 779 778
4 909 932 933 910
4 764 779 933 910
4 765 911 934 780
4 764 910 911 765
4 933 779 780 934
4 764 765 780 779
4 910 933 934 911
4 765 780 934 911
4 766 912 935 781
4 765 911 912 766
4 934 780 781 935
4 765 766 781 780
4 911 934 935 912
4 766 781 935 912
4 767 913 936 782
4 766 912 913 767
4 935 781 782 936
4 766 767 782 781
4 912 935 936 913
4 767 782 936 913
4 768 914 937 783
4 767 913 914 768
4 936 782 783 937
4 767 768 783 782
4 913 936 937 914
4 768 783 937 914
4 769 915 938 784
4 768 914 915 769
4 937 783 784 938
4 768 769 784 783
4 914 937 938 915
4 770 786 941 918
4 771 919 942 787
4 770 918 919 771
4 941 786 787 942
4 770 771 787 786
4 918 941 942 919
4 771 787 942 919
4 772 920 943 788
4 771 919 920 772
4 942 787 788 943
4 771 772 788 787
4 919 942 943 920
4 772 788 943 920
4 773 921 944 789
4 772 920 921 773
4 943 788 789 944
4 772 773 789 788
4 920 943 944 921
4 773 789 944 921
4 774 922 945 790
4 773 921 922 774
4 944 789 790 945
4 773 774 790 789
4 921 944 945 922
4 777 797 954 931
4 778 932 955 798
4 777 931 932 778
4 954 797 798 955
4 777 778 798 797
4 931 954 955 932
4 778 798 955 932
4 779 933 956 799
4 778 932 933 779
4 955 798 799 956
4 778 779 799 798
4 932 955 956 933
4 779 799 956 933
4 780 934 957 800
4 779 933 934 780
4 956 799 800 957
4 779 780 800 799
4 933 956 957 934
4 782 802 959 936
4 783 937 960 803
4 782 936 937 783
4 959 802 803 960
4 782 783 803 802
4 936 959 960 937
4 783 803 960 937
4 784 938 961 804
4 783 937 938 784
4 960 803 804 961
4 783 784 804 803
4 937 960 961 938
4 784 804 961 938
4 785 939 962 805
4 784 938 939 785
4 961 804 805 962
4 784 785 805 804
4 938 961 962 939
4 786 807 965 941
4 787 942 966 808
4 786 941 942 787
4 965 807 808 966
4 786 787 808 807
4 941 965 966 942
4 789 809 967 944
4 790 945 968 810
4 789 944 945 790
4 967 809 810 968
4 789 790 810 809
4 944 967 968 945
4 790 810 968 945
4 791 946 969 811
4 790 945 946 791
4 968 810 811 969
4 790 791 811 810
4 945 968 969 946
4 792 812 972 949
4 793 950 973 813
4 792 949 950 793
4 972 812 813 973
4 792 793 813 812
4 949 972 973 950
4 793 813 973 950
4 794 951 974 814
4 793 950 951 794
4 973 813 814 974
4 793 794 814 813
4 950 973 974 951
4 794 814 974 951
4 795 952 975 815
4 794 951 952 795
4 974 814 815 975
4 794 795 815 814
4 951 974 975 952
4 797 817 977 954
4 798 955 978 818
4 797 954 955 798
4 977 817 818 978
4 797 798 818 817
4 954 977 978 955
4 798 818 978 955
4 799 956 979 819
4 798 955 956 799
4 978 818 819 979
4 798 799 819 818
4 955 978 979 956
4 799 819 979 956
4 800 957 980 820
4 799 956 957 800
4 979 819 820 980
4 799 800 820 819
4 956 979 980 957
4 802 822 982 959
4 803 960 983 823
4 802 959 960 803
4 982 822 823 983
4 802 803 823 822
4 959 982 983 960
4 803 823 983 960
4 804 961 984 824
4 803 960 961 804
4 983 823 824 984
4 803 804 824 823
4 960 983 984 961
4 804 824 984 961
4 805 962 985 825
4 804 961 962 805
4 984 824 825 985
4 804 805 825 824
4 961 984 985 962
4 805 825 985 962
4 806 963 986 826
4 805 962 963 806
4 985 825 826 986
4 805 806 826 825
4 962 985 986 963
4 807 827 988 965
4 808 966 989 828
4 807 965 966 808
4 988 827 828 989
4 807 808 828 827
4 965 988 989 966
4 809 829 990 967
4 810 968 991 830
4 809 967 968 810
4 990 829 830 991
4 809 810 830 829
4 967 990 991 968
4 810 830 991 968
4 811 969 992 831
4 810 968 969 811
4 991 830 831 992
4 810 811 831 830
4 968 991 992 969
4 812 832 995 972
4 813 973 996 833
4 812 972 973 813
4 995 832 833 996
4 812 813 833 832
4 972 995 996 973
4 813 833 996 973
4 814 974 997 834
4 813 973 974 814
4 996 833 834 997
4 813 814 834 833
4 973 996 997 974
4 814 834 997 974
4 815 975 998 835
4 814 974 975 815
4 997 834 835 998
4 814 815 835 834
4 974 997 998 975
4 817 837 1000 977
4 818 978 1001 838
4 817 977 978 818
4 1000 837 838 1001
4 817 818 838 837
4 977 1000 1001 978
4 818 838 1001 978
4 819 979 1002 839
4 818 978 979 819
4 1001 838 839 1002
4 818 819 839 838
4 978 1001 1002 979
4 819 839 1002 979
4 820 980 1003 840
4 819 979 980 820
4 1002 839 840 1003
4 819 820 840 839
4 979 1002 1003 980
4 823 843 1006 983
4 824 984 1007 844
4 823 983 984 824
4 1006 843 844 1007
4 823 824 844 843
4 983 1006 1007 984
4 824 844 1007 984
4 825 985 1008 845
4 824 984 985 825
4 1007 844 845 1008
4 824 825 845 844
4 984 1007 1008 985
4 825 845 1008 985
4 826 986 1009 846
4 825 985 986 826
4 1008 845 846 1009
4 825 826 846 845
4 985 1008 1009 986
4 827 847 1011 988
4 828 989 1012 848
4 827 988 989 828
4 1011 847 848 1012
4 827 828 848 847
4 988 1011 1012 989
4 829 850 1014 990
4 830 991 1015 851
4 829 990 991 830
4 1014 850 851 1015
4 829 830 851 850
4 990 1014 1015 991
4 830 851 1015 991
4 831 992 1016 852
4 830 991 992 831
4 1015 851 852 1016
4 830 831 852 851
4 991 1015 1016 992
4 832 853 1019 995
4 833 996 1020 854
4 832 995 996 833
4 1019 853 854 1020
4 832 833 854 853
4 995 1019 1020 996
4 833 854 1020 996
4 834 997 1021 855
4 833 996 997 834
4 1020 854 855 1021
4 833 834 855 854
4 996 1020 1021 997
4 834 855 1021 997
4 835 998 1022 856
4 834 997 998 835
4 1021 855 856 1022
4 834 835 856 855
4 997 1021 1022 998
4 837 858 1024 1000
4 838 1001 1025 859
4 837 1000 1001 838
4 1024 858 859 1025
4 837 838 859 858
4 1000 1024 1025 1001
4 838 859 1025 1001
4 839 1002 1026 860
4 838 1001 1002 839
4 1025 859 860 1026
4 838 839 860 859
4 1001 1025 1026 1002
4 839 860 1026 1002
4 840 1003 1027 861
4 839 1002 1003 840
4 1026 860 861 1027
4 839 840 861 860
4 1002 1026 1027 1003
4 842 863 1029 1005
4 843 1006 1030 864
4 842 1005 1006 843
4 1029 863 864 1030
4 842 843 864 863
4 1005 1029 1030 1006
4 843 864 1030 1006
4 844 1007 1031 865
4 843 1006 1007 844
4 1030 864 865 1031
4 843 844 865 864
4 1006 1030 1031 1007
4 844 865 1031 1007
4 845 1008 1032 866
4 844 1007 1008 845
4 1031 865 866 1032
4 844 845 866 865
4 1007 1031 1032 1008
4 845 866 1032 1008
4 846 1009 1033 867
4 845 1008 1009 846
4 1032 866 867 1033
4 845 846 867 866
4 1008 1032 1033 1009
4 847 868 1035 1011
4 848 1012 1036 869
4 847 1011 1012 848
4 1035 868 869 1036
4 847 848 869 868
4 1011 1035 1036 1012
4 848 869 1036 1012
4 849 1013 1037 870
4 848 1012 1013 849
4 1036 869 870 1037
4 848 849 870 869
4 1012 1036 1037 1013
4 849 870 1037 1013
4 850 1014 1038 871
4 849 1013 1014 850
4 1037 870 871 1038
4 849 850 871 870
4 1013 1037 1038 1014
4 850 871 1038 1014
4 851 1015 1039 872
4 850 1014 1015 851
4 1038 871 872 1039
4 850 851 872 871
4 1014 1038 1039 1015
4 851 872 1039 1015
4 852 1016 1040 873
4 851 1015 1016 852
4 1039 872 873 1040
4 851 852 873 872
4 1015 1039 1040 1016
4 853 874 1043 1019
4 854 1020 1044 875
4 853 1019 1020 854
4 1043 874 875 1044
4 853 854 875 874
4 1019 1043 1044 1020
4 854 875 1044 1020
4 855 1021 1045 876
4 854 1020 1021 855
4 1044 875 876 1045
4 854 855 876 875
4 1020 1044 1045 1021
4 859 880 1048 1025
4 860 1026 1049 881
4 859 1025 1026 860
4 1048 880 881 1049
4 859 860 881 880
4 1025 1048 1049 1026
4 860 881 1049 1026
4 861 1027 1050 882
4 860 1026 1027 861
4 1049 881 882 1050
4 860 861 882 881
4 1026 1049 1050 1027
4 861 882 1050 1027
4 862 1028 1051 883
4 861 1027 1028 862
4 1050 882 883 1051
4 861 862 883 882
4 1027 1050 1051 1028
4 863 884 1052 1029
4 864 1030 1053 885
4 863 1029 1030 864
4 1052 884 885 1053
4 863 864 885 884
4 1029 1052 1053 1030
4 864 885 1053 1030
4 865 1031 1054 886
4 864 1030 1031 865
4 1053 885 886 1054
4 864 865 886 885
4 1030 1053 1054 1031
4 865 886 1054 1031
4 866 1032 1055 887
4 865 1031 1032 866
4 1054 886 887 1055
4 865 866 887 886
4 1031 1054 1055 1032
4 869 888 1057 1036
4 870 1037 1058 889
4 869 1036 1037 870
4 1057 888 889 1058
4 869 870 889 888
4 1036 1057 1058 1037
4 870 889 1058 1037
4 871 1038 1059 890
4 870 1037 1038 871
4 1058 889 890 1059
4 870 871 890 889
4 1037 1058 1059 1038
4 871 890 1059 1038
4 872 1039 1060 891
4 871 1038 1039 872
4 1059 890 891 1060
4 871 872 891 890
4 1038 1059 1060 1039
4 880 893 1066 1048
4 881 1049 1067 894
4 880 1048 1049 881
4 1066 893 894 1067
4 880 881 894 893
4 1048 1066 1067 1049
4 881 894 1067 1049
4 882 1050 1068 895
4 881 1049 1050 882
4 1067 894 895 1068
4 881 882 895 894
4 1049 1067 1068 1050
4 882 895 1068 1050
4 883 1051 1069 896
4 882 1050 1051 883
4 1068 895 896 1069
4 882 883 896 895
4 1050 1068 1069 1051
4 883 896 1069 1051
4 884 1052 1070 897
4 883 1051 1052 884
4 1069 896 897 1070
4 883 884 897 896
4 1051 1069 1070 1052
4 884 897 1070 1052
4 885 1053 1071 898
4 884 1052 1053 885
4 1070 897 898 1071
4 884 885 898 897
4 1052 1070 1071 1053
4 885 898 1071 1053
4 886 1054 1072 899
4 885 1053 1054 886
4 1071 898 899 1072
4 885 886 899 898
4 1053 1071 1072 1054
4 900 919 1094 1074
4 901 1075 1095 920
4 900 1074 1075 901
4 1094 919 920 1095
4 900 901 920 919
4 1074 1094 1095 1075
4 901 920 1095 1075
4 902 1076 1096 921
4 901 1075 1076 902
4 1095 920 921 1096
4 901 902 921 920
4 1075 1095 1096 1076
4 902 921 1096 1076
4 903 1077 1097 922
4 902 1076 1077 903
4 1096 921 922 1097
4 902 903 922 921
4 1076 1096 1097 1077
4 903 922 1097 1077
4 904 1078 1098 923
4 903 1077 1078 904
4 1097 922 923 1098
4 903 904 923 922
4 1077 1097 1098 1078
4 905 926 1101 1081
4 906 1082 1102 927
4 905 1081 1082 906
4 1101 926 927 1102
4 905 906 927 926
4 1081 1101 1102 1082
4 906 927 1102 1082
4 907 1083 1103 928
4 906 1082 1083 907
4 1102 927 928 1103
4 906 907 928 927
4 1082 1102 1103 1083
4 907 928 1103 1083
4 908 1084 1104 929
4 907 1083 1084 908
4 1103 928 929 1104
4 907 908 929 928
4 1083 1103 1104 1084
4 910 933 1106 1085
4 911 1086 1107 934
4 910 1085 1086 911
4 1106 933 934 1107
4 910 911 934 933
4 1085 1106 1107 1086
4 911 934 1107 1086
4 912 1087 1108 935
4 911 1086 1087 912
4 1107 934 935 1108
4 911 912 935 934
4 1086 1107 1108 1087
4 912 935 1108 1087
4 913 1088 1109 936
4 912 1087 1088 913
4 1108 935 936 1109
4 912 913 936 935
4 1087 1108 1109 1088
4 913 936 1109 1088
4 914 1089 1110 937
4 913 1088 1089 914
4 1109 936 937 1110
4 913 914 937 936
4 1088 1109 1110 1089
4 914 937 1110 1089
4 915 1090 1111 938
4 914 1089 1090 915
4 1110 937 938 1111
4 914 915 938 937
4 1089 1110 1111 1090
4 915 938 1111 1090
4 916 1091 1112 939
4 915 1090 1091 916
4 1111 938 939 1112
4 915 916 939 938
4 1090 1111 1112 1091
4 916 939 1112 1091
4 917 1092 1113 940
4 916 1091 1092 917
4 1112 939 940 1113
4 916 917 940 939
4 1091 1112 1113 1092
4 918 941 1115 1093
4 919 1094 1116 942
4 918 1093 1094 919
4 1115 941 942 1116
4 918 919 942 941
4 1093 1115 1116 1094
4 919 942 1116 1094
4 920 1095 1117 943
4 919 1094 1095 920
4 1116 942 943 1117
4 919 920 943 942
4 1094 1116 1117 1095
4 920 943 1117 1095
4 921 1096 1118 944
4 920 1095 1096 921
4 1117 943 944 1118
4 920 921 944 943
4 1095 1117 1118 1096
4 921 944 1118 1096
4 922 1097 1119 945
4 921 1096 1097 922
4 1118 944 945 1119
4 921 922 945 944
4 1096 1118 1119 1097
4 922 945 1119 1097
4 923 1098 1120 946
4 922 1097 1098 923
4 1119 945 946 1120
4 922 923 946 945
4 1097 1119 1120 1098
4 923 946 1120 1098
4 924 1099 1121 947
4 923 1098 1099 924
4 1120 946 947 1121
4 923 924 947 946
4 1098 1120 1121 1099
4 925 948 1122 1100
4 926 1101 1123 949
4 925 1100 1101 926
4 1122 948 949 1123
4 925 926 949 948
4 1100 1122 1123 1101
4 926 949 1123 1101
4 927 1102 1124 950
4 926 1101 1102 927
4 1123 949 950 1124
4 926 927 950 949
4 1101 1123 1124 1102
4 927 950 1124 1102
4 928 1103 1125 951
4 927 1102 1103 928
4 1124 950 951 1125
4 927 928 951 950
4 1102 1124 1125 1103
4 928 951 1125 1103
4 929 1104 1126 952
4 928 1103 1104 929
4 1125 951 952 1126
4 928 929 952 951
4 1103 1125 1126 1104
4 929 952 1126 1104
4 930 1105 1127 953
4 929 1104 1105 930
4 1126 952 953 1127
4 929 930 953 952
4 1104 1126 1127 1105
4 933 956 1128 1106
4 934 1107 1129 957
4 933 1106 1107 934
4 1128 956 957 1129
4 933 934 957 956
4 1106 1128 1129 1107
4 934 957 1129 1107
4 935 1108 1130 958
4 934 1107 1108 935
4 1129 957 958 1130
4 934 935 958 957
4 1107 1129 1130 1108
4 937 960 1132 1110
4 938 1111 1133 961
4 937 1110 1111 938
4 1132 960 961 1133
4 937 938 961 960
4 1110 1132 1133 1111
4 938 961 1133 1111
4 939 1112 1134 962
4 938 1111 1112 939
4 1133 961 962 1134
4 938 939 962 961
4 1111 1133 1134 1112
4 939 962 1134 1112
4 940 1113 1135 963
4 939 1112 1113 940
4 1134 962 963 1135
4 939 940 963 962
4 1112 1134 1135 1113
4 941 965 1137 1115
4 942 1116 1138 966
4 941 1115 1116 942
4 1137 965 966 1138
4 941 942 966 965
4 1115 1137 1138 1116
4 944 967 1139 1118
4 945 1119 1140 968
4 944 1118 1119 945
4 1139 967 968 1140
4 944 945 968 967
4 1118 1139 1140 1119
4 945 968 1140 1119
4 946 1120 1141 969
4 945 1119 1120 946
4 1140 968 969 1141
4 945 946 969 968
4 1119 1140 1141 1120
4 946 969 1141 1120
4 947 1121 1142 970
4 946 1120 1121 947
4 1141 969 970 1142
4 946 947 970 969
4 1120 1141 1142 1121
4 948 971 1143 1122
4 949 1123 1144 972
4 948 1122 1123 949
4 1143 971 972 1144
4 948 949 972 971
4 1122 1143 1144 1123
4 949 972 1144 1123
4 950 1124 1145 973
4 949 1123 1124 950
4 1144 972 973 1145
4 949 950 973 972
4 1123 1144 1145 1124
4 950 973 1145 1124
4 951 1125 1146 974
4 950 1124 1125 951
4 1145 973 974 1146
4 950 951 974 973
4 1124 1145 1146 1125
4 951 974 1146 1125
4 952 1126 1147 975
4 951 1125 1126 952
4 1146 974 975 1147
4 951 952 975 974
4 1125 1146 1147 1126
4 952 975 1147 1126
4 953 1127 1148 976
4 952 1126 1127 953
4 1147 975 976 1148
4 952 953 976 975
4 1126 1147 1148 1127
4 956 979 1149 1128
4 957 1129 1150 980
4 956 1128 1129 957
4 1149 979 980 1150
4 956 957 980 979
4 1128 1149 1150 1129
4 957 980 1150 1129
4 958 1130 1151 981
4 957 1129 1130 958
4 1150 980 981 1151
4 957 958 981 980
4 1129 1150 1151 1130
4 961 984 1153 1133
4 962 1134 1154 985
4 961 1133 1134 962
4 1153 984 985 1154
4 961 962 985 984
4 1133 1153 1154 1134
4 962 985 1154 1134
4 963 1135 1155 986
4 962 1134 1135 963
4 1154 985 986 1155
4 962 963 986 985
4 1134 1154 1155 1135
4 963 986 1155 1135
4 964 1136 1156 987
4 963 1135 1136 964
4 1155 986 987 1156
4 963 964 987 986
4 1135 1155 1156 1136
4 965 988 1157 1137
4 966 1138 1158 989
4 965 1137 1138 966
4 1157 988 989 1158
4 965 966 989 988
4 1137 1157 1158 1138
4 968 991 1159 1140
4 969 1141 1160 992
4 968 1140 1141 969
4 1159 991 992 1160
4 968 969 992 991
4 1140 1159 1160 1141
4 969 992 1160 1141
4 970 1142 1161 993
4 969 1141 1142 970
4 1160 992 993 1161
4 969 970 993 992
4 1141 1160 1161 1142
4 970 993 1161 1142
4 971 1143 1162 994
4 970 1142 1143 971
4 1161 993 994 1162
4 970 971 994 993
4 1142 1161 1162 1143
4 971 994 1162 1143
4 972 1144 1163 995
4 971 1143 1144 972
4 1162 994 995 1163
4 971 972 995 994
4 1143 1162 1163 1144
4 972 995 1163 1144
4 973 1145 1164 996
4 972 1144 1145 973
4 1163 995 996 1164
4 972 973 996 995
4 1144 1163 1164 1145
4 974 997 1165 1146
4 975 1147 1166 998
4 974 1146 1147 975
4 1165 997 998 1166
4 974 975 998 997
4 1146 1165 1166 1147
4 975 998 1166 1147
4 976 1148 1167 999
4 975 1147 1148 976
4 1166 998 999 1167
4 975 976 999 998
4 1147 1166 1167 1148
4 979 1002 1168 1149
4 980 1150 1169 1003
4 979 1149 1150 980
4 1168 1002 1003 1169
4 979 980 1003 1002
4 1149 1168 1169 1150
4 985 1008 1173 1154
4 986 1155 1174 1009
4 985 1154 1155 986
4 1173 1008 1009 1174
4 985 986 1009 1008
4 1154 1173 1174 1155
4 986 1009 1174 1155
4 987 1156 1175 1010
4 986 1155 1156 987
4 1174 1009 1010 1175
4 986 987 1010 1009
4 1155 1174 1175 1156
4 988 1011 1176 1157
4 989 1158 1177 1012
4 988 1157 1158 989
4 1176 1011 1012 1177
4 988 989 1012 1011
4 1157 1176 1177 1158
4 991 1015 1180 1159
4 992 1160 1181 1016
4 991 1159 1160 992
4 1180 1015 1016 1181
4 991 992 1016 1015
4 1159 1180 1181 1160
4 992 1016 1181 1160
4 993 1161 1182 1017
4 992 1160 1161 993
4 1181 1016 1017 1182
4 992 993 1017 1016
4 1160 1181 1182 1161
4 993 1017 1182 1161
4 994 1162 1183 1018
4 993 1161 1162 994
4 1182 1017 1018 1183
4 993 994 1018 1017
4 1161 1182 1183 1162
4 994 1018 1183 1162
4 995 1163 1184 1019
4 994 1162 1163 995
4 1183 1018 1019 1184
4 994 995 1019 1018
4 1162 1183 1184 1163
4 995 1019 1184 1163
4 996 1164 1185 1020
4 995 1163 1164 996
4 1184 1019 1020 1185
4 995 996 1020 1019
4 1163 1184 1185 1164
4 996 1020 1185 1164
4 997 1165 1186 1021
4 996 1164 1165 997
4 1185 1020 1021 1186
4 996 997 1021 1020
4 1164 1185 1186 1165
4 997 1021 1186 1165
4 998 1166 1187 1022
4 997 1165 1166 998
4 1186 1021 1022 1187
4 997 998 1022 1021
4 1165 1186 1187 1166
4 998 1022 1187 1166
4 999 1167 1188 1023
4 998 1166 1167 999
4 1187 1022 1023 1188
4 998 999 1023 1022
4 1166 1187 1188 1167
4 1002 1026 1189 1168
4 1003 1169 1190 1027
4 1002 1168 1169 1003
4 1189 1026 1027 1190
4 1002 1003 1027 1026
4 1168 1189 1190 1169
4 1003 1027 1190 1169
4 1004 1170 1191 1028
4 1003 1169 1170 1004
4 1190 1027 1028 1191
4 1003 1004 1028 1027
4 1169 1190 1191 1170
4 1007 1031 1194 1172
4 1008 1173 1195 1032
4 1007 1172 1173 1008
4 1194 1031 1032 1195
4 1007 1008 1032 1031
4 1172 1194 1195 1173
4 1008 1032 1195 1173
4 1009 1174 1196 1033
4 1008 1173 1174 1009
4 1195 1032 1033 1196
4 1008 1009 1033 1032
4 1173 1195 1196 1174
4 1009 1033 1196 1174
4 1010 1175 1197 1034
4 1009 1174 1175 1010
4 1196 1033 1034 1197
4 1009 1010 1034 1033
4 1174 1196 1197 1175
4 1011 1035 1198 1176
4 1012 1177 1199 1036
4 1011 1176 1177 1012
4 1198 1035 1036 1199
4 1011 1012 1036 1035
4 1176 1198 1199 1177
4 1012 1036 1199 1177
4 1013 1178 1200 1037
4 1012 1177 1178 1013
4 1199 1036 1037 1200
4 1012 1013 1037 1036
4 1177 1199 1200 1178
4 1014 1038 1201 1179
4 1015 1180 1202 1039
4 1014 1179 1180 1015
4 1201 1038 1039 1202
4 1014 1015 1039 1038
4 1179 1201 1202 1180
4 1015 1039 1202 1180
4 1016 1181 1203 1040
4 1015 1180 1181 1016
4 1202 1039 1040 1203
4 1015 1016 1040 1039
4 1180 1202 1203 1181
4 1016 1040 1203 1181
4 1017 1182 1204 1041
4 1016 1181 1182 1017
4 1203 1040 1041 1204
4 1016 1017 1041 1040
4 1181 1203 1204 1182
4 1018 1042 1205 1183
4 1019 1184 1206 1043
4 1018 1183 1184 1019
4 1205 1042 1043 1206
4 1018 1019 1043 1042
4 1183 1205 1206 1184
4 1019 1043 1206 1184
4 1020 1185 1207 1044
4 1019 1184 1185 1020
4 1206 1043 1044 1207
4 1019 1020 1044 1043
4 1184 1206 1207 1185
4 1020 1044 1207 1185
4 1021 1186 1208 1045
4 1020 1185 1186 1021
4 1207 1044 1045 1208
4 1020 1021 1045 1044
4 1185 1207 1208 1186
4 1021 1045 1208 1186
4 1022 1187 1209 1046
4 1021 1186 1187 1022
4 1208 1045 1046 1209
4 1021 1022 1046 1045
4 1186 1208 1209 1187
4 1022 1046 1209 1187
4 1023 1188 1210 1047
4 1022 1187 1188 1023
4 1209 1046 1047 1210
4 1022 1023 1047 1046
4 1187 1209 1210 1188
4 1026 1049 1211 1189
4 1027 1190 1212 1050
4 1026 1189 1190 1027
4 1211 1049 1050 1212
4 1026 1027 1050 1049
4 1189 1211 1212 1190
4 1027 1050 1212 1190
4 1028 1191 1213 1051
4 1027 1190 1191 1028
4 1212 1050 1051 1213
4 1027 1028 1051 1050
4 1190 1212 1213 1191
4 1030 1053 1215 1193
4 1031 1194 1216 1054
4 1030 1193 1194 1031
4 1215 1053 1054 1216
4 1030 1031 1054 1053
4 1193 1215 1216 1194
4 1031 1054 1216 1194
4 1032 1195 1217 1055
4 1031 1194 1195 1032
4 1216 1054 1055 1217
4 1031 1032 1055 1054
4 1194 1216 1217 1195
4 1032 1055 1217 1195
4 1033 1196 1218 1056
4 1032 1195 1196 1033
4 1217 1055 1056 1218
4 1032 1033 1056 1055
4 1195 1217 1218 1196
4 1036 1057 1220 1199
4 1037 1200 1221 1058
4 1036 1199 1200 1037
4 1220 1057 1058 1221
4 1036 1037 1058 1057
4 1199 1220 1221 1200
4 1037 1058 1221 1200
4 1038 1201 1222 1059
4 1037 1200 1201 1038
4 1221 1058 1059 1222
4 1037 1038 1059 1058
4 1200 1221 1222 1201
4 1038 1059 1222 1201
4 1039 1202 1223 1060
4 1038 1201 1202 1039
4 1222 1059 1060 1223
4 1038 1039 1060 1059
4 1201 1222 1223 1202
4 1039 1060 1223 1202
4 1040 1203 1224 1061
4 1039 1202 1203 1040
4 1223 1060 1061 1224
4 1039 1040 1061 1060
4 1202 1223 1224 1203
4 1043 1062 1227 1206
4 1044 1207 1228 1063
4 1043 1206 1207 1044
4 1227 1062 1063 1228
4 1043 1044 1063 1062
4 1206 1227 1228 1207
4 1044 1063 1228 1207
4 1045 1208 1229 1064
4 1044 1207 1208 1045
4 1228 1063 1064 1229
4 1044 1045 1064 1063
4 1207 1228 1229 1208
4 1045 1064 1229 1208
4 1046 1209 1230 1065
4 1045 1208 1209 1046
4 1229 1064 1065 1230
4 1045 1046 1065 1064
4 1208 1229 1230 1209
4 1050 1068 1231 1212
4 1051 1213 1232 1069
4 1050 1212 1213 1051
4 1231 1068 1069 1232
4 1050 1051 1069 1068
4 1212 1231 1232 1213
4 1051 1069 1232 1213
4 1052 1214 1233 1070
4 1051 1213 1214 1052
4 1232 1069 1070 1233
4 1051 1052 1070 1069
4 1213 1232 1233 1214
4 1052 1070 1233 1214
4 1053 1215 1234 1071
4 1052 1214 1215 1053
4 1233 1070 1071 1234
4 1052 1053 1071 1070
4 1214 1233 1234 1215
4 1053 1071 1234 1215
4 1054 1216 1235 1072
4 1053 1215 1216 1054
4 1234 1071 1072 1235
4 1053 1054 1072 1071
4 1215 1234 1235 1216
4 1054 1072 1235 1216
4 1055 1217 1236 1073
4 1054 1216 1217 1055
4 1235 1072 1073 1236
4 1054 1055 1073 1072
4 1216 1235 1236 1217
4 1074 1094 1262 1242
4 1075 1243 1263 1095
4 1074 1242 1243 1075
4 1262 1094 1095 1263
4 1074 1075 1095 1094
4 1242 1262 1263 1243
4 1075 1095 1263 1243
4 1076 1244 1264 1096
4 1075 1243 1244 1076
4 1263 1095 1096 1264
4 1075 1076 1096 1095
4 1243 1263 1264 1244
4 1076 1096 1264 1244
4 1077 1245 1265 1097
4 1076 1244 1245 1077
4 1264 1096 1097 1265
4 1076 1077 1097 1096
4 1244 1264 1265 1245
4 1077 1097 1265 1245
4 1078 1246 1266 1098
4 1077 1245 1246 1078
4 1265 1097 1098 1266
4 1077 1078 1098 1097
4 1245 1265 1266 1246
4 1078 1098 1266 1246
4 1079 1247 1267 1099
4 1078 1246 1247 1079
4 1266 1098 1099 1267
4 1078 1079 1099 1098
4 1246 1266 1267 1247
4 1080 1100 1268 1248
4 1081 1249 1269 1101
4 1080 1248 1249 1081
4 1268 1100 1101 1269
4 1080 1081 1101 1100
4 1248 1268 1269 1249
4 1081 1101 1269 1249
4 1082 1250 1270 1102
4 1081 1249 1250 1082
4 1269 1101 1102 1270
4 1081 1082 1102 1101
4 1249 1269 1270 1250
4 1082 1102 1270 1250
4 1083 1251 1271 1103
4 1082 1250 1251 1083
4 1270 1102 1103 1271
4 1082 1083 1103 1102
4 1250 1270 1271 1251
4 1083 1103 1271 1251
4 1084 1252 1272 1104
4 1083 1251 1252 1084
4 1271 1103 1104 1272
4 1083 1084 1104 1103
4 1251 1271 1272 1252
4 1086 1107 1274 1253
4 1087 1254 1275 1108
4 1086 1253 1254 1087
4 1274 1107 1108 1275
4 1086 1087 1108 1107
4 1253 1274 1275 1254
4 1087 1108 1275 1254
4 1088 1255 1276 1109
4 1087 1254 1255 1088
4 1275 1108 1109 1276
4 1087 1088 1109 1108
4 1254 1275 1276 1255
4 1088 1109 1276 1255
4 1089 1256 1277 1110
4 1088 1255 1256 1089
4 1276 1109 1110 1277
4 1088 1089 1110 1109
4 1255 1276 1277 1256
4 1089 1110 1277 1256
4 1090 1257 1278 1111
4 1089 1256 1257 1090
4 1277 1110 1111 1278
4 1089 1090 1111 1110
4 1256 1277 1278 1257
4 1090 1111 1278 1257
4 1091 1258 1279 1112
4 1090 1257 1258 1091
4 1278 1111 1112 1279
4 1090 1091 1112 1111
4 1257 1278 1279 1258
4 1091 1112 1279 1258
4 1092 1259 1280 1113
4 1091 1258 1259 1092
4 1279 1112 1113 1280
4 1091 1092 1113 1112
4 1258 1279 1280 1259
4 1093 1115 1282 1261
4 1094 1262 1283 1116
4 1093 1261 1262 1094
4 1282 1115 1116 1283
4 1093 1094 1116 1115
4 1261 1282 1283 1262
4 1094 1116 1283 1262
4 1095 1263 1284 1117
4 1094 1262 1263 1095
4 1283 1116 1117 1284
4 1094 1095 1117 1116
4 1262 1283 1284 1263
4 1097 1119 1285 1265
4 1098 1266 1286 1120
4 1097 1265 1266 1098
4 1285 1119 1120 1286
4 1097 1098 1120 1119
4 1265 1285 1286 1266
4 1098 1120 1286 1266
4 1099 1267 1287 1121
4 1098 1266 1267 1099
4 1286 1120 1121 1287
4 1098 1099 1121 1120
4 1266 1286 1287 1267
4 1099 1121 1287 1267
4 1100 1268 1288 1122
4 1099 1267 1268 1100
4 1287 1121 1122 1288
4 1099 1100 1122 1121
4 1267 1287 1288 1268
4 1100 1122 1288 1268
4 1101 1269 1289 1123
4 1100 1268 1269 1101
4 1288 1122 1123 1289
4 1100 1101 1123 1122
4 1268 1288 1289 1269
4 1101 1123 1289 1269
4 1102 1270 1290 1124
4 1101 1269 1270 1102
4 1289 1123 1124 1290
4 1101 1102 1124 1123
4 1269 1289 1290 1270
4 1103 1125 1291 1271
4 1104 1272 1292 1126
4 1103 1271 1272 1104
4 1291 1125 1126 1292
4 1103 1104 1126 1125
4 1271 1291 1292 1272
4 1104 1126 1292 1272
4 1105 1273 1293 1127
4 1104 1272 1273 1105
4 1292 1126 1127 1293
4 1104 1105 1127 1126
4 1272 1292 1293 1273
4 1107 1129 1295 1274
4 1108 1275 1296 1130
4 1107 1274 1275 1108
4 1295 1129 1130 1296
4 1107 1108 1130 1129
4 1274 1295 1296 1275
4 1108 1130 1296 1275
4 1109 1276 1297 1131
4 1108 1275 1276 1109
4 1296 1130 1131 1297
4 1108 1109 1131 1130
4 1275 1296 1297 1276
4 1112 1134 1299 1279
4 1113 1280 1300 1135
4 1112 1279 1280 1113
4 1299 1134 1135 1300
4 1112 1113 1135 1134
4 1279 1299 1300 1280
4 1113 1135 1300 1280
4 1114 1281 1301 1136
4 1113 1280 1281 1114
4 1300 1135 1136 1301
4 1113 1114 1136 1135
4 1280 1300 1301 1281
4 1115 1137 1302 1282
4 1116 1283 1303 1138
4 1115 1282 1283 1116
4 1302 1137 1138 1303
4 1115 1116 1138 1137
4 1282 1302 1303 1283
4 1120 1141 1304 1286
4 1121 1287 1305 1142
4 1120 1286 1287 1121
4 1304 1141 1142 1305
4 1120 1121 1142 1141
4 1286 1304 1305 1287
4 1121 1142 1305 1287
4 1122 1288 1306 1143
4 1121 1287 1288 1122
4 1305 1142 1143 1306
4 1121 1122 1143 1142
4 1287 1305 1306 1288
4 1122 1143 1306 1288
4 1123 1289 1307 1144
4 1122 1288 1289 1123
4 1306 1143 1144 1307
4 1122 1123 1144 1143
4 1288 1306 1307 1289
4 1126 1147 1308 1292
4 1127 1293 1309 1148
4 1126 1292 1293 1127
4 1308 1147 1148 1309
4 1126 1127 1148 1147
4 1292 1308 1309 1293
4 1128 1149 1310 1294
4 1129 1295 1311 1150
4 1128 1294 1295 1129
4 1310 1149 1150 1311
4 1128 1129 1150 1149
4 1294 1310 1311 1295
4 1129 1150 1311 1295
4 1130 1296 1312 1151
4 1129 1295 1296 1130
4 1311 1150 1151 1312
4 1129 1130 1151 1150
4 1295 1311 1312 1296
4 1130 1151 1312 1296
4 1131 1297 1313 1152
4 1130 1296 1297 1131
4 1312 1151 1152 1313
4 1130 1131 1152 1151
4 1296 1312 1313 1297
4 1134 1154 1315 1299
4 1135 1300 1316 1155
4 1134 1299 1300 1135
4 1315 1154 1155 1316
4 1134 1135 1155 1154
4 1299 1315 1316 1300
4 1135 1155 1316 1300
4 1136 1301 1317 1156
4 1135 1300 1301 1136
4 1316 1155 1156 1317
4 1135 1136 1156 1155
4 1300 1316 1317 1301
4 1137 1157 1319 1302
4 1138 1303 1320 1158
4 1137 1302 1303 1138
4 1319 1157 1158 1320
4 1137 1138 1158 1157
4 1302 1319 1320 1303
4 1141 1160 1322 1304
4 1142 1305 1323 1161
4 1141 1304 1305 1142
4 1322 1160 1161 1323
4 1141 1142 1161 1160
4 1304 1322 1323 1305
4 1142 1161 1323 1305
4 1143 1306 1324 1162
4 1142 1305 1306 1143
4 1323 1161 1162 1324
4 1142 1143 1162 1161
4 1305 1323 1324 1306
4 1143 1162 1324 1306
4 1144 1307 1325 1163
4 1143 1306 1307 1144
4 1324 1162 1163 1325
4 1143 1144 1163 1162
4 1306 1324 1325 1307
4 1147 1166 1327 1308
4 1148 1309 1328 1167
4 1147 1308 1309 1148
4 1327 1166 1167 1328
4 1147 1148 1167 1166
4 1308 1327 1328 1309
4 1150 1169 1329 1311
4 1151 1312 1330 1170
4 1150 1311 1312 1151
4 1329 1169 1170 1330
4 1150 1151 1170 1169
4 1311 1329 1330 1312
4 1155 1174 1334 1316
4 1156 1317 1335 1175
4 1155 1316 1317 1156
4 1334 1174 1175 1335
4 1155 1156 1175 1174
4 1316 1334 1335 1317
4 1157 1176 1337 1319
4 1158 1320 1338 1177
4 1157 1319 1320 1158
4 1337 1176 1177 1338
4 1157 1158 1177 1176
4 1319 1337 1338 1320
4 1160 1181 1341 1322
4 1161 1323 1342 1182
4 1160 1322 1323 1161
4 1341 1181 1182 1342
4 1160 1161 1182 1181
4 1322 1341 1342 1323
4 1161 1182 1342 1323
4 1162 1324 1343 1183
4 1161 1323 1324 1162
4 1342 1182 1183 1343
4 1161 1162 1183 1182
4 1323 1342 1343 1324
4 1162 1183 1343 1324
4 1163 1325 1344 1184
4 1162 1324 1325 1163
4 1343 1183 1184 1344
4 1162 1163 1184 1183
4 1324 1343 1344 1325
4 1166 1187 1347 1327
4 1167 1328 1348 1188
4 1166 1327 1328 1167
4 1347 1187 1188 1348
4 1166 1167 1188 1187
4 1327 1347 1348 1328
4 1169 1190 1349 1329
4 1170 1330 1350 1191
4 1169 1329 1330 1170
4 1349 1190 1191 1350
4 1169 1170 1191 1190
4 1329 1349 1350 1330
4 1170 1191 1350 1330
4 1171 1331 1351 1192
4 1170 1330 1331 1171
4 1350 1191 1192 1351
4 1170 1171 1192 1191
4 1330 1350 1351 1331
4 1173 1195 1353 1333
4 1174 1334 1354 1196
4 1173 1333 1334 1174
4 1353 1195 1196 1354
4 1173 1174 1196 1195
4 1333 1353 1354 1334
4 1174 1196 1354 1334
4 1175 1335 1355 1197
4 1174 1334 1335 1175
4 1354 1196 1197 1355
4 1174 1175 1197 1196
4 1334 1354 1355 1335
4 1176 1198 1357 1337
4 1177 1338 1358 1199
4 1176 1337 1338 1177
4 1357 1198 1199 1358
4 1176 1177 1199 1198
4 1337 1357 1358 1338
4 1177 1199 1358 1338
4 1178 1339 1359 1200
4 1177 1338 1339 1178
4 1358 1199 1200 1359
4 1177 1178 1200 1199
4 1338 1358 1359 1339
4 1180 1202 1361 1340
4 1181 1341 1362 1203
4 1180 1340 1341 1181
4 1361 1202 1203 1362
4 1180 1181 1203 1202
4 1340 1361 1362 1341
4 1181 1203 1362 1341
4 1182 1342 1363 1204
4 1181 1341 1342 1182
4 1362 1203 1204 1363
4 1181 1182 1204 1203
4 1341 1362 1363 1342
4 1182 1204 1363 1342
4 1183 1343 1364 1205
4 1182 1342 1343 1183
4 1363 1204 1205 1364
4 1182 1183 1205 1204
4 1342 1363 1364 1343
4 1183 1205 1364 1343
4 1184 1344 1365 1206
4 1183 1343 1344 1184
4 1364 1205 1206 1365
4 1183 1184 1206 1205
4 1343 1364 1365 1344
4 1184 1206 1365 1344
4 1185 1345 1366 1207
4 1184 1344 1345 1185
4 1365 1206 1207 1366
4 1184 1185 1207 1206
4 1344 1365 1366 1345
4 1186 1208 1367 1346
4 1187 1347 1368 1209
4 1186 1346 1347 1187
4 1367 1208 1209 1368
4 1186 1187 1209 1208
4 1346 1367 1368 1347
4 1187 1209 1368 1347
4 1188 1348 1369 1210
4 1187 1347 1348 1188
4 1368 1209 1210 1369
4 1187 1188 1210 1209
4 1347 1368 1369 1348
4 1190 1212 1370 1349
4 1191 1350 1371 1213
4 1190 1349 1350 1191
4 1370 1212 1213 1371
4 1190 1191 1213 1212
4 1349 1370 1371 1350
4 1191 1213 1371 1350
4 1192 1351 1372 1214
4 1191 1350 1351 1192
4 1371 1213 1214 1372
4 1191 1192 1214 1213
4 1350 1371 1372 1351
4 1195 1217 1375 1353
4 1196 1354 1376 1218
4 1195 1353 1354 1196
4 1375 1217 1218 1376
4 1195 1196 1218 1217
4 1353 1375 1376 1354
4 1196 1218 1376 1354
4 1197 1355 1377 1219
4 1196 1354 1355 1197
4 1376 1218 1219 1377
4 1196 1197 1219 1218
4 1354 1376 1377 1355
4 1199 1220 1378 1358
4 1200 1359 1379 1221
4 1199 1358 1359 1200
4 1378 1220 1221 1379
4 1199 1200 1221 1220
4 1358 1378 1379 1359
4 1200 1221 1379 1359
4 1201 1360 1380 1222
4 1200 1359 1360 1201
4 1379 1221 1222 1380
4 1200 1201 1222 1221
4 1359 1379 1380 1360
4 1201 1222 1380 1360
4 1202 1361 1381 1223
4 1201 1360 1361 1202
4 1380 1222 1223 1381
4 1201 1202 1223 1222
4 1360 1380 1381 1361
4 1202 1223 1381 1361
4 1203 1362 1382 1224
4 1202 1361 1362 1203
4 1381 1223 1224 1382
4 1202 1203 1224 1223
4 1361 1381 1382 1362
4 1203 1224 1382 1362
4 1204 1363 1383 1225
4 1203 1362 1363 1204
4 1382 1224 1225 1383
4 1203 1204 1225 1224
4 1362 1382 1383 1363
4 1204 1225 1383 1363
4 1205 1364 1384 1226
4 1204 1363 1364 1205
4 1383 1225 1226 1384
4 1204 1205 1226 1225
4 1363 1383 1384 1364
4 1205 1226 1384 1364
4 1206 1365 1385 1227
4 1205 1364 1365 1206
4 1384 1226 1227 1385
4 1205 1206 1227 1226
4 1364 1384 1385 1365
4 1206 1227 1385 1365
4 1207 1366 1386 1228
4 1206 1365 1366 1207
4 1385 1227 1228 1386
4 1206 1207 1228 1227
4 1365 1385 1386 1366
4 1207 1228 1386 1366
4 1208 1367 1387 1229
4 1207 1366 1367 1208
4 1386 1228 1229 1387
4 1207 1208 1229 1228
4 1366 1386 1387 1367
4 1208 1229 1387 1367
4 1209 1368 1388 1230
4 1208 1367 1368 1209
4 1387 1229 1230 1388
4 1208 1209 1230 1229
4 1367 1387 1388 1368
4 1212 1231 1389 1370
4 1213 1371 1390 1232
4 1212 1370 1371 1213
4 1389 1231 1232 1390
4 1212 1213 1232 1231
4 1370 1389 1390 1371
4 1213 1232 1390 1371
4 1214 1372 1391 1233
4 1213 1371 1372 1214
4 1390 1232 1233 1391
4 1213 1214 1233 1232
4 1371 1390 1391 1372
4 1214 1233 1391 1372
4 1215 1373 1392 1234
4 1214 1372 1373 1215
4 1391 1233 1234 1392
4 1214 1215 1234 1233
4 1372 1391 1392 1373
4 1215 1234 1392 1373
4 1216 1374 1393 1235
4 1215 1373 1374 1216
4 1392 1234 1235 1393
4 1215 1216 1235 1234
4 1373 1392 1393 1374
4 1216 1235 1393 1374
4 1217 1375 1394 1236
4 1216 1374 1375 1217
4 1393 1235 1236 1394
4 1216 1217 1236 1235
4 1374 1393 1394 1375
4 1217 1236 1394 1375
4 1218 1376 1395 1237
4 1217 1375 1376 1218
4 1394 1236 1237 1395
4 1217 1218 1237 1236
4 1375 1394 1395 1376
4 1238 1248 1407 1397
4 1239 1398 1408 1249
4 1238 1397 1398 1239
4 1407 1248 1249 1408
4 1238 1239 1249 1248
4 1397 1407 1408 1398
4 1239 1249 1408 1398
4 1240 1399 1409 1250
4 1239 1398 1399 1240
4 1408 1249 1250 1409
4 1239 1240 1250 1249
4 1398 1408 1409 1399
4 1240 1250 1409 1399
4 1241 1400 1410 1251
4 1240 1399 1400 1241
4 1409 1250 1251 1410
4 1240 1241 1251 1250
4 1399 1409 1410 1400
4 1242 1262 1420 1401
4 1243 1402 1421 1263
4 1242 1401 1402 1243
4 1420 1262 1263 1421
4 1242 1243 1263 1262
4 1401 1420 1421 1402
4 1243 1263 1421 1402
4 1244 1403 1422 1264
4 1243 1402 1403 1244
4 1421 1263 1264 1422
4 1243 1244 1264 1263
4 1402 1421 1422 1403
4 1244 1264 1422 1403
4 1245 1404 1423 1265
4 1244 1403 1404 1245
4 1422 1264 1265 1423
4 1244 1245 1265 1264
4 1403 1422 1423 1404
4 1245 1265 1423 1404
4 1246 1405 1424 1266
4 1245 1404 1405 1246
4 1423 1265 1266 1424
4 1245 1246 1266 1265
4 1404 1423 1424 1405
4 1246 1266 1424 1405
4 1247 1406 1425 1267
4 1246 1405 1406 1247
4 1424 1266 1267 1425
4 1246 1247 1267 1266
4 1405 1424 1425 1406
4 1247 1267 1425 1406
4 1248 1407 1426 1268
4 1247 1406 1407 1248
4 1425 1267 1268 1426
4 1247 1248 1268 1267
4 1406 1425 1426 1407
4 1248 1268 1426 1407
4 1249 1408 1427 1269
4 1248 1407 1408 1249
4 1426 1268 1269 1427
4 1248 1249 1269 1268
4 1407 1426 1427 1408
4 1249 1269 1427 1408
4 1250 1409 1428 1270
4 1249 1408 1409 1250
4 1427 1269 1270 1428
4 1249 1250 1270 1269
4 1408 1427 1428 1409
4 1250 1270 1428 1409
4 1251 1410 1429 1271
4 1250 1409 1410 1251
4 1428 1270 1271 1429
4 1250 1251 1271 1270
4 1409 1428 1429 1410
4 1251 1271 1429 1410
4 1252 1411 1430 1272
4 1251 1410 1411 1252
4 1429 1271 1272 1430
4 1251 1252 1272 1271
4 1410 1429 1430 1411
4 1254 1275 1432 1412
4 1255 1413 1433 1276
4 1254 1412 1413 1255
4 1432 1275 1276 1433
4 1254 1255 1276 1275
4 1412 1432 1433 1413
4 1255 1276 1433 1413
4 1256 1414 1434 1277
4 1255 1413 1414 1256
4 1433 1276 1277 1434
4 1255 1256 1277 1276
4 1413 1433 1434 1414
4 1256 1277 1434 1414
4 1257 1415 1435 1278
4 1256 1414 1415 1257
4 1434 1277 1278 1435
4 1256 1257 1278 1277
4 1414 1434 1435 1415
4 1257 1278 1435 1415
4 1258 1416 1436 1279
4 1257 1415 1416 1258
4 1435 1278 1279 1436
4 1257 1258 1279 1278
4 1415 1435 1436 1416
4 1258 1279 1436 1416
4 1259 1417 1437 1280
4 1258 1416 1417 1259
4 1436 1279 1280 1437
4 1258 1259 1280 1279
4 1416 1436 1437 1417
4 1259 1280 1437 1417
4 1260 1418 1438 1281
4 1259 1417 1418 1260
4 1437 1280 1281 1438
4 1259 1260 1281 1280
4 1417 1437 1438 1418
4 1261 1282 1439 1419
4 1262 1420 1440 1283
4 1261 1419 1420 1262
4 1439 1282 1283 1440
4 1261 1262 1283 1282
4 1419 1439 1440 1420
4 1262 1283 1440 1420
4 1263 1421 1441 1284
4 1262 1420 1421 1263
4 1440 1283 1284 1441
4 1262 1263 1284 1283
4 1420 1440 1441 1421
4 1266 1286 1443 1424
4 1267 1425 1444 1287
4 1266 1424 1425 1267
4 1443 1286 1287 1444
4 1266 1267 1287 1286
4 1424 1443 1444 1425
4 1267 1287 1444 1425
4 1268 1426 1445 1288
4 1267 1425 1426 1268
4 1444 1287 1288 1445
4 1267 1268 1288 1287
4 1425 1444 1445 1426
4 1268 1288 1445 1426
4 1269 1427 1446 1289
4 1268 1426 1427 1269
4 1445 1288 1289 1446
4 1268 1269 1289 1288
4 1426 1445 1446 1427
4 1271 1291 1447 1429
4 1272 1430 1448 1292
4 1271 1429 1430 1272
4 1447 1291 1292 1448
4 1271 1272 1292 1291
4 1429 1447 1448 1430
4 1272 1292 1448 1430
4 1273 1431 1449 1293
4 1272 1430 1431 1273
4 1448 1292 1293 1449
4 1272 1273 1293 1292
4 1430 1448 1449 1431
4 1275 1296 1451 1432
4 1276 1433 1452 1297
4 1275 1432 1433 1276
4 1451 1296 1297 1452
4 1275 1276 1297 1296
4 1432 1451 1452 1433
4 1276 1297 1452 1433
4 1277 1434 1453 1298
4 1276 1433 1434 1277
4 1452 1297 1298 1453
4 1276 1277 1298 1297
4 1433 1452 1453 1434
4 1279 1299 1455 1436
4 1280 1437 1456 1300
4 1279 1436 1437 1280
4 1455 1299 1300 1456
4 1279 1280 1300 1299
4 1436 1455 1456 1437
4 1280 1300 1456 1437
4 1281 1438 1457 1301
4 1280 1437 1438 1281
4 1456 1300 1301 1457
4 1280 1281 1301 1300
4 1437 1456 1457 1438
4 1282 1302 1458 1439
4 1283 1440 1459 1303
4 1282 1439 1440 1283
4 1458 1302 1303 1459
4 1282 1283 1303 1302
4 1439 1458 1459 1440
4 1292 1308 1462 1448
4 1293 1449 1463 1309
4 1292 1448 1449 1293
4 1462 1308 1309 1463
4 1292 1293 1309 1308
4 1448 1462 1463 1449
4 1295 1311 1464 1450
4 1296 1451 1465 1312
4 1295 1450 1451 1296
4 1464 1311 1312 1465
4 1295 1296 1312 1311
4 1450 1464 1465 1451
4 1296 1312 1465 1451
4 1297 1452 1466 1313
4 1296 1451 1452 1297
4 1465 1312 1313 1466
4 1296 1297 1313 1312
4 1451 1465 1466 1452
4 1297 1313 1466 1452
4 1298 1453 1467 1314
4 1297 1452 1453 1298
4 1466 1313 1314 1467
4 1297 1298 1314 1313
4 1452 1466 1467 1453
4 1300 1316 1470 1456
4 1301 1457 1471 1317
4 1300 1456 1457 1301
4 1470 1316 1317 1471
4 1300 1301 1317 1316
4 1456 1470 1471 1457
4 1302 1319 1473 1458
4 1303 1459 1474 1320
4 1302 1458 1459 1303
4 1473 1319 1320 1474
4 1302 1303 1320 1319
4 1458 1473 1474 1459
4 1308 1327 1478 1462
4 1309 1463 1479 1328
4 1308 1462 1463 1309
4 1478 1327 1328 1479
4 1308 1309 1328 1327
4 1462 1478 1479 1463
4 1311 1329 1480 1464
4 1312 1465 1481 1330
4 1311 1464 1465 1312
4 1480 1329 1330 1481
4 1311 1312 1330 1329
4 1464 1480 1481 1465
4 1312 1330 1481 1465
4 1313 1466 1482 1331
4 1312 1465 1466 1313
4 1481 1330 1331 1482
4 1312 1313 1331 1330
4 1465 1481 1482 1466
4 1316 1334 1485 1470
4 1317 1471 1486 1335
4 1316 1470 1471 1317
4 1485 1334 1335 1486
4 1316 1317 1335 1334
4 1470 1485 1486 1471
4 1317 1335 1486 1471
4 1318 1472 1487 1336
4 1317 1471 1472 1318
4 1486 1335 1336 1487
4 1317 1318 1336 1335
4 1471 1486 1487 1472
4 1319 1337 1488 1473
4 1320 1474 1489 1338
4 1319 1473 1474 1320
4 1488 1337 1338 1489
4 1319 1320 1338 1337
4 1473 1488 1489 1474
4 1320 1338 1489 1474
4 1321 1475 1490 1339
4 1320 1474 1475 1321
4 1489 1338 1339 1490
4 1320 1321 1339 1338
4 1474 1489 1490 1475
4 1326 1346 1494 1477
4 1327 1478 1495 1347
4 1326 1477 1478 1327
4 1494 1346 1347 1495
4 1326 1327 1347 1346
4 1477 1494 1495 1478
4 1327 1347 1495 1478
4 1328 1479 1496 1348
4 1327 1478 1479 1328
4 1495 1347 1348 1496
4 1327 1328 1348 1347
4 1478 1495 1496 1479
4 1329 1349 1497 1480
4 1330 1481 1498 1350
4 1329 1480 1481 1330
4 1497 1349 1350 1498
4 1329 1330 1350 1349
4 1480 1497 1498 1481
4 1330 1350 1498 1481
4 1331 1482 1499 1351
4 1330 1481 1482 1331
4 1498 1350 1351 1499
4 1330 1331 1351 1350
4 1481 1498 1499 1482
4 1331 1351 1499 1482
4 1332 1483 1500 1352
4 1331 1482 1483 1332
4 1499 1351 1352 1500
4 1331 1332 1352 1351
4 1482 1499 1500 1483
4 1334 1354 1503 1485
4 1335 1486 1504 1355
4 1334 1485 1486 1335
4 1503 1354 1355 1504
4 1334 1335 1355 1354
4 1485 1503 1504 1486
4 1335 1355 1504 1486
4 1336 1487 1505 1356
4 1335 1486 1487 1336
4 1504 1355 1356 1505
4 1335 1336 1356 1355
4 1486 1504 1505 1487
4 1337 1357 1506 1488
4 1338 1489 1507 1358
4 1337 1488 1489 1338
4 1506 1357 1358 1507
4 1337 1338 1358 1357
4 1488 1506 1507 1489
4 1338 1358 1507 1489
4 1339 1490 1508 1359
4 1338 1489 1490 1339
4 1507 1358 1359 1508
4 1338 1339 1359 1358
4 1489 1507 1508 1490
4 1346 1367 1516 1494
4 1347 1495 1517 1368
4 1346 1494 1495 1347
4 1516 1367 1368 1517
4 1346 1347 1368 1367
4 1494 1516 1517 1495
4 1347 1368 1517 1495
4 1348 1496 1518 1369
4 1347 1495 1496 1348
4 1517 1368 1369 1518
4 1347 1348 1369 1368
4 1495 1517 1518 1496
4 1350 1371 1519 1498
4 1351 1499 1520 1372
4 1350 1498 1499 1351
4 1519 1371 1372 1520
4 1350 1351 1372 1371
4 1498 1519 1520 1499
4 1351 1372 1520 1499
4 1352 1500 1521 1373
4 1351 1499 1500 1352
4 1520 1372 1373 1521
4 1351 1352 1373 1372
4 1499 1520 1521 1500
4 1353 1375 1523 1502
4 1354 1503 1524 1376
4 1353 1502 1503 1354
4 1523 1375 1376 1524
4 1353 1354 1376 1375
4 1502 1523 1524 1503
4 1354 1376 1524 1503
4 1355 1504 1525 1377
4 1354 1503 1504 1355
4 1524 1376 1377 1525
4 1354 1355 1377 1376
4 1503 1524 1525 1504
4 1358 1378 1526 1507
4 1359 1508 1527 1379
4 1358 1507 1508 1359
4 1526 1378 1379 1527
4 1358 1359 1379 1378
4 1507 1526 1527 1508
4 1359 1379 1527 1508
4 1360 1509 1528 1380
4 1359 1508 1509 1360
4 1527 1379 1380 1528
4 1359 1360 1380 1379
4 1508 1527 1528 1509
4 1360 1380 1528 1509
4 1361 1510 1529 1381
4 1360 1509 1510 1361
4 1528 1380 1381 1529
4 1360 1361 1381 1380
4 1509 1528 1529 1510
4 1361 1381 1529 1510
4 1362 1511 1530 1382
4 1361 1510 1511 1362
4 1529 1381 1382 1530
4 1361 1362 1382 1381
4 1510 1529 1530 1511
4 1362 1382 1530 1511
4 1363 1512 1531 1383
4 1362 1511 1512 1363
4 1530 1382 1383 1531
4 1362 1363 1383 1382
4 1511 1530 1531 1512
4 1363 1383 1531 1512
4 1364 1513 1532 1384
4 1363 1512 1513 1364
4 1531 1383 1384 1532
4 1363 1364 1384 1383
4 1512 1531 1532 1513
4 1364 1384 1532 1513
4 1365 1514 1533 1385
4 1364 1513 1514 1365
4 1532 1384 1385 1533
4 1364 1365 1385 1384
4 1513 1532 1533 1514
4 1365 1385 1533 1514
4 1366 1515 1534 1386
4 1365 1514 1515 1366
4 1533 1385 1386 1534
4 1365 1366 1386 1385
4 1514 1533 1534 1515
4 1366 1386 1534 1515
4 1367 1516 1535 1387
4 1366 1515 1516 1367
4 1534 1386 1387 1535
4 1366 1367 1387 1386
4 1515 1534 1535 1516
4 1367 1387 1535 1516
4 1368 1517 1536 1388
4 1367 1516 1517 1368
4 1535 1387 1388 1536
4 1367 1368 1388 1387
4 1516 1535 1536 1517
4 1371 1390 1537 1519
4 1372 1520 1538 1391
4 1371 1519 1520 1372
4 1537 1390 1391 1538
4 1371 1372 1391 1390
4 1519 1537 1538 1520
4 1372 1391 1538 1520
4 1373 1521 1539 1392
4 1372 1520 1521 1373
4 1538 1391 1392 1539
4 1372 1373 1392 1391
4 1520 1538 1539 1521
4 1373 1392 1539 1521
4 1374 1522 1540 1393
4 1373 1521 1522 1374
4 1539 1392 1393 1540
4 1373 1374 1393 1392
4 1521 1539 1540 1522
4 1374 1393 1540 1522
4 1375 1523 1541 1394
4 1374 1522 1523 1375
4 1540 1393 1394 1541
4 1374 1375 1394 1393
4 1522 1540 1541 1523
4 1375 1394 1541 1523
4 1376 1524 1542 1395
4 1375 1523 1524 1376
4 1541 1394 1395 1542
4 1375 1376 1395 1394
4 1523 1541 1542 1524
4 1376 1395 1542 1524
4 1377 1525 1543 1396
4 1376 1524 1525 1377
4 1542 1395 1396 1543
4 1376 1377 1396 1395
4 1524 1542 1543 1525
4 1397 1407 1554 1544
4 1398 1545 1555 1408
4 1397 1544 1545 1398
4 1554 1407 1408 1555
4 1397 1398 1408 1407
4 1544 1554 1555 1545
4 1398 1408 1555 1545
4 1399 1546 1556 1409
4 1398 1545 1546 1399
4 1555 1408 1409 1556
4 1398 1399 1409 1408
4 1545 1555 1556 1546
4 1399 1409 1556 1546
4 1400 1547 1557 1410
4 1399 1546 1547 1400
4 1556 1409 1410 1557
4 1399 1400 1410 1409
4 1546 1556 1557 1547
4 1401 1420 1566 1548
4 1402 1549 1567 1421
4 1401 1548 1549 1402
4 1566 1420 1421 1567
4 1401 1402 1421 1420
4 1548 1566 1567 1549
4 1402 1421 1567 1549
4 1403 1550 1568 1422
4 1402 1549 1550 1403
4 1567 1421 1422 1568
4 1402 1403 1422 1421
4 1549 1567 1568 1550
4 1403 1422 1568 1550
4 1404 1551 1569 1423
4 1403 1550 1551 1404
4 1568 1422 1423 1569
4 1403 1404 1423 1422
4 1550 1568 1569 1551
4 1404 1423 1569 1551
4 1405 1552 1570 1424
4 1404 1551 1552 1405
4 1569 1423 1424 1570
4 1404 1405 1424 1423
4 1551 1569 1570 1552
4 1405 1424 1570 1552
4 1406 1553 1571 1425
4 1405 1552 1553 1406
4 1570 1424 1425 1571
4 1405 1406 1425 1424
4 1552 1570 1571 1553
4 1406 1425 1571 1553
4 1407 1554 1572 1426
4 1406 1553 1554 1407
4 1571 1425 1426 1572
4 1406 1407 1426 1425
4 1553 1571 1572 1554
4 1407 1426 1572 1554
4 1408 1555 1573 1427
4 1407 1554 1555 1408
4 1572 1426 1427 1573
4 1407 1408 1427 1426
4 1554 1572 1573 1555
4 1408 1427 1573 1555
4 1409 1556 1574 1428
4 1408 1555 1556 1409
4 1573 1427 1428 1574
4 1408 1409 1428 1427
4 1555 1573 1574 1556
4 1409 1428 1574 1556
4 1410 1557 1575 1429
4 1409 1556 1557 1410
4 1574 1428 1429 1575
4 1409 1410 1429 1428
4 1556 1574 1575 1557
4 1410 1429 1575 1557
4 1411 1558 1576 1430
4 1410 1557 1558 1411
4 1575 1429 1430 1576
4 1410 1411 1430 1429
4 1557 1575 1576 1558
4 1413 1433 1578 1559
4 1414 1560 1579 1434
4 1413 1559 1560 1414
4 1578 1433 1434 1579
4 1413 1414 1434 1433
4 1559 1578 1579 1560
4 1414 1434 1579 1560
4 1415 1561 1580 1435
4 1414 1560 1561 1415
4 1579 1434 1435 1580
4 1414 1415 1435 1434
4 1560 1579 1580 1561
4 1415 1435 1580 1561
4 1416 1562 1581 1436
4 1415 1561 1562 1416
4 1580 1435 1436 1581
4 1415 1416 1436 1435
4 1561 1580 1581 1562
4 1416 1436 1581 1562
4 1417 1563 1582 1437
4 1416 1562 1563 1417
4 1581 1436 1437 1582
4 1416 1417 1437 1436
4 1562 1581 1582 1563
4 1417 1437 1582 1563
4 1418 1564 1583 1438
4 1417 1563 1564 1418
4 1582 1437 1438 1583
4 1417 1418 1438 1437
4 1563 1582 1583 1564
4 1419 1439 1584 1565
4 1420 1566 1585 1440
4 1419 1565 1566 1420
4 1584 1439 1440 1585
4 1419 1420 1440 1439
4 1565 1584 1585 1566
4 1420 1440 1585 1566
4 1421 1567 1586 1441
4 1420 1566 1567 1421
4 1585 1440 1441 1586
4 1420 1421 1441 1440
4 1566 1585 1586 1567
4 1421 1441 1586 1567
4 1422 1568 1587 1442
4 1421 1567 1568 1422
4 1586 1441 1442 1587
4 1421 1422 1442 1441
4 1567 1586 1587 1568
4 1429 1447 1594 1575
4 1430 1576 1595 1448
4 1429 1575 1576 1430
4 1594 1447 1448 1595
4 1429 1430 1448 1447
4 1575 1594 1595 1576
4 1430 1448 1595 1576
4 1431 1577 1596 1449
4 1430 1576 1577 1431
4 1595 1448 1449 1596
4 1430 1431 1449 1448
4 1576 1595 1596 1577
4 1433 1452 1598 1578
4 1434 1579 1599 1453
4 1433 1578 1579 1434
4 1598 1452 1453 1599
4 1433 1434 1453 1452
4 1578 1598 1599 1579
4 1434 1453 1599 1579
4 1435 1580 1600 1454
4 1434 1579 1580 1435
4 1599 1453 1454 1600
4 1434 1435 1454 1453
4 1579 1599 1600 1580
4 1435 1454 1600 1580
4 1436 1581 1601 1455
4 1435 1580 1581 1436
4 1600 1454 1455 1601
4 1435 1436 1455 1454
4 1580 1600 1601 1581
4 1436 1455 1601 1581
4 1437 1582 1602 1456
4 1436 1581 1582 1437
4 1601 1455 1456 1602
4 1436 1437 1456 1455
4 1581 1601 1602 1582
4 1437 1456 1602 1582
4 1438 1583 1603 1457
4 1437 1582 1583 1438
4 1602 1456 1457 1603
4 1437 1438 1457 1456
4 1582 1602 1603 1583
4 1439 1458 1604 1584
4 1440 1585 1605 1459
4 1439 1584 1585 1440
4 1604 1458 1459 1605
4 1439 1440 1459 1458
4 1584 1604 1605 1585
4 1440 1459 1605 1585
4 1441 1586 1606 1460
4 1440 1585 1586 1441
4 1605 1459 1460 1606
4 1440 1441 1460 1459
4 1585 1605 1606 1586
4 1447 1461 1608 1594
4 1448 1595 1609 1462
4 1447 1594 1595 1448
4 1608 1461 1462 1609
4 1447 1448 1462 1461
4 1594 1608 1609 1595
4 1448 1462 1609 1595
4 1449 1596 1610 1463
4 1448 1595 1596 1449
4 1609 1462 1463 1610
4 1448 1449 1463 1462
4 1595 1609 1610 1596
4 1451 1465 1611 1597
4 1452 1598 1612 1466
4 1451 1597 1598 1452
4 1611 1465 1466 1612
4 1451 1452 1466 1465
4 1597 1611 1612 1598
4 1452 1466 1612 1598
4 1453 1599 1613 1467
4 1452 1598 1599 1453
4 1612 1466 1467 1613
4 1452 1453 1467 1466
4 1598 1612 1613 1599
4 1453 1467 1613 1599
4 1454 1600 1614 1468
4 1453 1599 1600 1454
4 1613 1467 1468 1614
4 1453 1454 1468 1467
4 1599 1613 1614 1600
4 1455 1469 1615 1601
4 1456 1602 1616 1470
4 1455 1601 1602 1456
4 1615 1469 1470 1616
4 1455 1456 1470 1469
4 1601 1615 1616 1602
4 1456 1470 1616 1602
4 1457 1603 1617 1471
4 1456 1602 1603 1457
4 1616 1470 1471 1617
4 1456 1457 1471 1470
4 1602 1616 1617 1603
4 1458 1473 1619 1604
4 1459 1605 1620 1474
4 1458 1604 1605 1459
4 1619 1473 1474 1620
4 1458 1459 1474 1473
4 1604 1619 1620 1605
4 1459 1474 1620 1605
4 1460 1606 1621 1475
4 1459 1605 1606 1460
4 1620 1474 1475 1621
4 1459 1460 1475 1474
4 1605 1620 1621 1606
4 1461 1477 1627 1608
4 1462 1609 1628 1478
4 1461 1608 1609 1462
4 1627 1477 1478 1628
4 1461 1462 1478 1477
4 1608 1627 1628 1609
4 1462 1478 1628 1609
4 1463 1610 1629 1479
4 1462 1609 1610 1463
4 1628 1478 1479 1629
4 1462 1463 1479 1478
4 1609 1628 1629 1610
4 1465 1481 1630 1611
4 1466 1612 1631 1482
4 1465 1611 1612 1466
4 1630 1481 1482 1631
4 1465 1466 1482 1481
4 1611 1630 1631 1612
4 1466 1482 1631 1612
4 1467 1613 1632 1483
4 1466 1612 1613 1467
4 1631 1482 1483 1632
4 1466 1467 1483 1482
4 1612 1631 1632 1613
4 1467 1483 1632 1613
4 1468 1614 1633 1484
4 1467 1613 1614 1468
4 1632 1483 1484 1633
4 1467 1468 1484 1483
4 1613 1632 1633 1614
4 1470 1485 1635 1616
4 1471 1617 1636 1486
4 1470 1616 1617 1471
4 1635 1485 1486 1636
4 1470 1471 1486 1485
4 1616 1635 1636 1617
4 1471 1486 1636 1617
4 1472 1618 1637 1487
4 1471 1617 1618 1472
4 1636 1486 1487 1637
4 1471 1472 1487 1486
4 1617 1636 1637 1618
4 1473 1488 1638 1619
4 1474 1620 1639 1489
4 1473 1619 1620 1474
4 1638 1488 1489 1639
4 1473 1474 1489 1488
4 1619 1638 1639 1620
4 1474 1489 1639 1620
4 1475 1621 1640 1490
4 1474 1620 1621 1475
4 1639 1489 1490 1640
4 1474 1475 1490 1489
4 1620 1639 1640 1621
4 1475 1490 1640 1621
4 1476 1622 1641 1491
4 1475 1621 1622 1476
4 1640 1490 1491 1641
4 1475 1476 1491 1490
4 1621 1640 1641 1622
4 1477 1494 1648 1627
4 1478 1628 1649 1495
4 1477 1627 1628 1478
4 1648 1494 1495 1649
4 1477 1478 1495 1494
4 1627 1648 1649 1628
4 1478 1495 1649 1628
4 1479 1629 1650 1496
4 1478 1628 1629 1479
4 1649 1495 1496 1650
4 1478 1479 1496 1495
4 1628 1649 1650 1629
4 1481 1498 1651 1630
4 1482 1631 1652 1499
4 1481 1630 1631 1482
4 1651 1498 1499 1652
4 1481 1482 1499 1498
4 1630 1651 1652 1631
4 1482 1499 1652 1631
4 1483 1632 1653 1500
4 1482 1631 1632 1483
4 1652 1499 1500 1653
4 1482 1483 1500 1499
4 1631 1652 1653 1632
4 1483 1500 1653 1632
4 1484 1633 1654 1501
4 1483 1632 1633 1484
4 1653 1500 1501 1654
4 1483 1484 1501 1500
4 1632 1653 1654 1633
4 1485 1503 1656 1635
4 1486 1636 1657 1504
4 1485 1635 1636 1486
4 1656 1503 1504 1657
4 1485 1486 1504 1503
4 1635 1656 1657 1636
4 1486 1504 1657 1636
4 1487 1637 1658 1505
4 1486 1636 1637 1487
4 1657 1504 1505 1658
4 1486 1487 1505 1504
4 1636 1657 1658 1637
4 1489 1507 1659 1639
4 1490 1640 1660 1508
4 1489 1639 1640 1490
4 1659 1507 1508 1660
4 1489 1490 1508 1507
4 1639 1659 1660 1640
4 1490 1508 1660 1640
4 1491 1641 1661 1509
4 1490 1640 1641 1491
4 1660 1508 1509 1661
4 1490 1491 1509 1508
4 1640 1660 1661 1641
4 1491 1509 1661 1641
4 1492 1642 1662 1510
4 1491 1641 1642 1492
4 1661 1509 1510 1662
4 1491 1492 1510 1509
4 1641 1661 1662 1642
4 1493 1515 1667 1647
4 1494 1648 1668 1516
4 1493 1647 1648 1494
4 1667 1515 1516 1668
4 1493 1494 1516 1515
4 1647 1667 1668 1648
4 1494 1516 1668 1648
4 1495 1649 1669 1517
4 1494 1648 1649 1495
4 1668 1516 1517 1669
4 1494 1495 1517 1516
4 1648 1668 1669 1649
4 1495 1517 1669 1649
4 1496 1650 1670 1518
4 1495 1649 1650 1496
4 1669 1517 1518 1670
4 1495 1496 1518 1517
4 1649 1669 1670 1650
4 1499 1520 1671 1652
4 1500 1653 1672 1521
4 1499 1652 1653 1500
4 1671 1520 1521 1672
4 1499 1500 1521 1520
4 1652 1671 1672 1653
4 1500 1521 1672 1653
4 1501 1654 1673 1522
4 1500 1653 1654 1501
4 1672 1521 1522 1673
4 1500 1501 1522 1521
4 1653 1672 1673 1654
4 1501 1522 1673 1654
4 1502 1655 1674 1523
4 1501 1654 1655 1502
4 1673 1522 1523 1674
4 1501 1502 1523 1522
4 1654 1673 1674 1655
4 1502 1523 1674 1655
4 1503 1656 1675 1524
4 1502 1655 1656 1503
4 1674 1523 1524 1675
4 1502 1503 1524 1523
4 1655 1674 1675 1656
4 1503 1524 1675 1656
4 1504 1657 1676 1525
4 1503 1656 1657 1504
4 1675 1524 1525 1676
4 1503 1504 1525 1524
4 1656 1675 1676 1657
4 1507 1526 1677 1659
4 1508 1660 1678 1527
4 1507 1659 1660 1508
4 1677 1526 1527 1678
4 1507 1508 1527 1526
4 1659 1677 1678 1660
4 1508 1527 1678 1660
4 1509 1661 1679 1528
4 1508 1660 1661 1509
4 1678 1527 1528 1679
4 1508 1509 1528 1527
4 1660 1678 1679 1661
4 1509 1528 1679 1661
4 1510 1662 1680 1529
4 1509 1661 1662 1510
4 1679 1528 1529 1680
4 1509 1510 1529 1528
4 1661 1679 1680 1662
4 1510 1529 1680 1662
4 1511 1663 1681 1530
4 1510 1662 1663 1511
4 1680 1529 1530 1681
4 1510 1511 1530 1529
4 1662 1680 1681 1663
4 1511 1530 1681 1663
4 1512 1664 1682 1531
4 1511 1663 1664 1512
4 1681 1530 1531 1682
4 1511 1512 1531 1530
4 1663 1681 1682 1664
4 1512 1531 1682 1664
4 1513 1665 1683 1532
4 1512 1664 1665 1513
4 1682 1531 1532 1683
4 1512 1513 1532 1531
4 1664 1682 1683 1665
4 1513 1532 1683 1665
4 1514 1666 1684 1533
4 1513 1665 1666 1514
4 1683 1532 1533 1684
4 1513 1514 1533 1532
4 1665 1683 1684 1666
4 1514 1533 1684 1666
4 1515 1667 1685 1534
4 1514 1666 1667 1515
4 1684 1533 1534 1685
4 1514 1515 1534 1533
4 1666 1684 1685 1667
4 1515 1534 1685 1667
4 1516 1668 1686 1535
4 1515 1667 1668 1516
4 1685 1534 1535 1686
4 1515 1516 1535 1534
4 1667 1685 1686 1668
4 1516 1535 1686 1668
4 1517 1669 1687 1536
4 1516 1668 1669 1517
4 1686 1535 1536 1687
4 1516 1517 1536 1535
4 1668 1686 1687 1669
4 1520 1538 1688 1671
4 1521 1672 1689 1539
4 1520 1671 1672 1521
4 1688 1538 1539 1689
4 1520 1521 1539 1538
4 1671 1688 1689 1672
4 1521 1539 1689 1672
4 1522 1673 1690 1540
4 1521 1672 1673 1522
4 1689 1539 1540 1690
4 1521 1522 1540 1539
4 1672 1689 1690 1673
4 1522 1540 1690 1673
4 1523 1674 1691 1541
4 1522 1673 1674 1523
4 1690 1540 1541 1691
4 1522 1523 1541 1540
4 1673 1690 1691 1674
4 1523 1541 1691 1674
4 1524 1675 1692 1542
4 1523 1674 1675 1524
4 1691 1541 1542 1692
4 1523 1524 1542 1541
4 1674 1691 1692 1675
4 1524 1542 1692 1675
4 1525 1676 1693 1543
4 1524 1675 1676 1525
4 1692 1542 1543 1693
4 1524 1525 1543 1542
4 1675 1692 1693 1676
4 1549 1567 1705 1694
4 1550 1695 1706 1568
4 1549 1694 1695 1550
4 1705 1567 1568 1706
4 1549 1550 1568 1567
4 1694 1705 1706 1695
4 1550 1568 1706 1695
4 1551 1696 1707 1569
4 1550 1695 1696 1551
4 1706 1568 1569 1707
4 1550 1551 1569 1568
4 1695 1706 1707 1696
4 1551 1569 1707 1696
4 1552 1697 1708 1570
4 1551 1696 1697 1552
4 1707 1569 1570 1708
4 1551 1552 1570 1569
4 1696 1707 1708 1697
4 1552 1570 1708 1697
4 1553 1698 1709 1571
4 1552 1697 1698 1553
4 1708 1570 1571 1709
4 1552 1553 1571 1570
4 1697 1708 1709 1698
4 1553 1571 1709 1698
4 1554 1699 1710 1572
4 1553 1698 1699 1554
4 1709 1571 1572 1710
4 1553 1554 1572 1571
4 1698 1709 1710 1699
4 1554 1572 1710 1699
4 1555 1700 1711 1573
4 1554 1699 1700 1555
4 1710 1572 1573 1711
4 1554 1555 1573 1572
4 1699 1710 1711 1700
4 1555 1573 1711 1700
4 1556 1701 1712 1574
4 1555 1700 1701 1556
4 1711 1573 1574 1712
4 1555 1556 1574 1573
4 1700 1711 1712 1701
4 1556 1574 1712 1701
4 1557 1702 1713 1575
4 1556 1701 1702 1557
4 1712 1574 1575 1713
4 1556 1557 1575 1574
4 1701 1712 1713 1702
4 1557 1575 1713 1702
4 1558 1703 1714 1576
4 1557 1702 1703 1558
4 1713 1575 1576 1714
4 1557 1558 1576 1575
4 1702 1713 1714 1703
4 1566 1585 1719 1704
4 1567 1705 1720 1586
4 1566 1704 1705 1567
4 1719 1585 1586 1720
4 1566 1567 1586 1585
4 1704 1719 1720 1705
4 1567 1586 1720 1705
4 1568 1706 1721 1587
4 1567 1705 1706 1568
4 1720 1586 1587 1721
4 1567 1568 1587 1586
4 1705 1720 1721 1706
4 1568 1587 1721 1706
4 1569 1707 1722 1588
4 1568 1706 1707 1569
4 1721 1587 1588 1722
4 1568 1569 1588 1587
4 1706 1721 1722 1707
4 1569 1588 1722 1707
4 1570 1708 1723 1589
4 1569 1707 1708 1570
4 1722 1588 1589 1723
4 1569 1570 1589 1588
4 1707 1722 1723 1708
4 1570 1589 1723 1708
4 1571 1709 1724 1590
4 1570 1708 1709 1571
4 1723 1589 1590 1724
4 1570 1571 1590 1589
4 1708 1723 1724 1709
4 1571 1590 1724 1709
4 1572 1710 1725 1591
4 1571 1709 1710 1572
4 1724 1590 1591 1725
4 1571 1572 1591 1590
4 1709 1724 1725 1710
4 1572 1591 1725 1710
4 1573 1711 1726 1592
4 1572 1710 1711 1573
4 1725 1591 1592 1726
4 1572 1573 1592 1591
4 1710 1725 1726 1711
4 1573 1592 1726 1711
4 1574 1712 1727 1593
4 1573 1711 1712 1574
4 1726 1592 1593 1727
4 1573 1574 1593 1592
4 1711 1726 1727 1712
4 1574 1593 1727 1712
4 1575 1713 1728 1594
4 1574 1712 1713 1575
4 1727 1593 1594 1728
4 1574 1575 1594 1593
4 1712 1727 1728 1713
4 1575 1594 1728 1713
4 1576 1714 1729 1595
4 1575 1713 1714 1576
4 1728 1594 1595 1729
4 1575 1576 1595 1594
4 1713 1728 1729 1714
4 1579 1599 1730 1715
4 1580 1716 1731 1600
4 1579 1715 1716 1580
4 1730 1599 1600 1731
4 1579 1580 1600 1599
4 1715 1730 1731 1716
4 1580 1600 1731 1716
4 1581 1717 1732 1601
4 1580 1716 1717 1581
4 1731 1600 1601 1732
4 1580 1581 1601 1600
4 1716 1731 1732 1717
4 1581 1601 1732 1717
4 1582 1718 1733 1602
4 1581 1717 1718 1582
4 1732 1601 1602 1733
4 1581 1582 1602 1601
4 1717 1732 1733 1718
4 1585 1605 1735 1719
4 1586 1720 1736 1606
4 1585 1719 1720 1586
4 1735 1605 1606 1736
4 1585 1586 1606 1605
4 1719 1735 1736 1720
4 1586 1606 1736 1720
4 1587 1721 1737 1607
4 1586 1720 1721 1587
4 1736 1606 1607 1737
4 1586 1587 1607 1606
4 1720 1736 1737 1721
4 1594 1608 1744 1728
4 1595 1729 1745 1609
4 1594 1728 1729 1595
4 1744 1608 1609 1745
4 1594 1595 1609 1608
4 1728 1744 1745 1729
4 1599 1613 1747 1730
4 1600 1731 1748 1614
4 1599 1730 1731 1600
4 1747 1613 1614 1748
4 1599 1600 1614 1613
4 1730 1747 1748 1731
4 1600 1614 1748 1731
4 1601 1732 1749 1615
4 1600 1731 1732 1601
4 1748 1614 1615 1749
4 1600 1601 1615 1614
4 1731 1748 1749 1732
4 1601 1615 1749 1732
4 1602 1733 1750 1616
4 1601 1732 1733 1602
4 1749 1615 1616 1750
4 1601 1602 1616 1615
4 1732 1749 1750 1733
4 1602 1616 1750 1733
4 1603 1734 1751 1617
4 1602 1733 1734 1603
4 1750 1616 1617 1751
4 1602 1603 1617 1616
4 1733 1750 1751 1734
4 1605 1620 1752 1735
4 1606 1736 1753 1621
4 1605 1735 1736 1606
4 1752 1620 1621 1753
4 1605 1606 1621 1620
4 1735 1752 1753 1736
4 1606 1621 1753 1736
4 1607 1737 1754 1622
4 1606 1736 1737 1607
4 1753 1621 1622 1754
4 1606 1607 1622 1621
4 1736 1753 1754 1737
4 1608 1627 1761 1744
4 1609 1745 1762 1628
4 1608 1744 1745 1609
4 1761 1627 1628 1762
4 1608 1609 1628 1627
4 1744 1761 1762 1745
4 1612 1631 1763 1746
4 1613 1747 1764 1632
4 1612 1746 1747 1613
4 1763 1631 1632 1764
4 1612 1613 1632 1631
4 1746 1763 1764 1747
4 1613 1632 1764 1747
4 1614 1748 1765 1633
4 1613 1747 1748 1614
4 1764 1632 1633 1765
4 1613 1614 1633 1632
4 1747 1764 1765 1748
4 1614 1633 1765 1748
4 1615 1749 1766 1634
4 1614 1748 1749 1615
4 1765 1633 1634 1766
4 1614 1615 1634 1633
4 1748 1765 1766 1749
4 1615 1634 1766 1749
4 1616 1750 1767 1635
4 1615 1749 1750 1616
4 1766 1634 1635 1767
4 1615 1616 1635 1634
4 1749 1766 1767 1750
4 1616 1635 1767 1750
4 1617 1751 1768 1636
4 1616 1750 1751 1617
4 1767 1635 1636 1768
4 1616 1617 1636 1635
4 1750 1767 1768 1751
4 1620 1639 1769 1752
4 1621 1753 1770 1640
4 1620 1752 1753 1621
4 1769 1639 1640 1770
4 1620 1621 1640 1639
4 1752 1769 1770 1753
4 1621 1640 1770 1753
4 1622 1754 1771 1641
4 1621 1753 1754 1622
4 1770 1640 1641 1771
4 1621 1622 1641 1640
4 1753 1770 1771 1754
4 1622 1641 1771 1754
4 1623 1755 1772 1642
4 1622 1754 1755 1623
4 1771 1641 1642 1772
4 1622 1623 1642 1641
4 1754 1771 1772 1755
4 1623 1642 1772 1755
4 1624 1756 1773 1643
4 1623 1755 1756 1624
4 1772 1642 1643 1773
4 1623 1624 1643 1642
4 1755 1772 1773 1756
4 1625 1646 1776 1759
4 1626 1760 1777 1647
4 1625 1759 1760 1626
4 1776 1646 1647 1777
4 1625 1626 1647 1646
4 1759 1776 1777 1760
4 1626 1647 1777 1760
4 1627 1761 1778 1648
4 1626 1760 1761 1627
4 1777 1647 1648 1778
4 1626 1627 1648 1647
4 1760 1777 1778 1761
4 1627 1648 1778 1761
4 1628 1762 1779 1649
4 1627 1761 1762 1628
4 1778 1648 1649 1779
4 1627 1628 1649 1648
4 1761 1778 1779 1762
4 1631 1652 1780 1763
4 1632 1764 1781 1653
4 1631 1763 1764 1632
4 1780 1652 1653 1781
4 1631 1632 1653 1652
4 1763 1780 1781 1764
4 1632 1653 1781 1764
4 1633 1765 1782 1654
4 1632 1764 1765 1633
4 1781 1653 1654 1782
4 1632 1633 1654 1653
4 1764 1781 1782 1765
4 1633 1654 1782 1765
4 1634 1766 1783 1655
4 1633 1765 1766 1634
4 1782 1654 1655 1783
4 1633 1634 1655 1654
4 1765 1782 1783 1766
4 1634 1655 1783 1766
4 1635 1767 1784 1656
4 1634 1766 1767 1635
4 1783 1655 1656 1784
4 1634 1635 1656 1655
4 1766 1783 1784 1767
4 1635 1656 1784 1767
4 1636 1768 1785 1657
4 1635 1767 1768 1636
4 1784 1656 1657 1785
4 1635 1636 1657 1656
4 1767 1784 1785 1768
4 1640 1660 1786 1770
4 1641 1771 1787 1661
4 1640 1770 1771 1641
4 1786 1660 1661 1787
4 1640 1641 1661 1660
4 1770 1786 1787 1771
4 1641 1661 1787 1771
4 1642 1772 1788 1662
4 1641 1771 1772 1642
4 1787 1661 1662 1788
4 1641 1642 1662 1661
4 1771 1787 1788 1772
4 1642 1662 1788 1772
4 1643 1773 1789 1663
4 1642 1772 1773 1643
4 1788 1662 1663 1789
4 1642 1643 1663 1662
4 1772 1788 1789 1773
4 1643 1663 1789 1773
4 1644 1774 1790 1664
4 1643 1773 1774 1644
4 1789 1663 1664 1790
4 1643 1644 1664 1663
4 1773 1789 1790 1774
4 1644 1664 1790 1774
4 1645 1775 1791 1665
4 1644 1774 1775 1645
4 1790 1664 1665 1791
4 1644 1645 1665 1664
4 1774 1790 1791 1775
4 1645 1665 1791 1775
4 1646 1776 1792 1666
4 1645 1775 1776 1646
4 1791 1665 1666 1792
4 1645 1646 1666 1665
4 1775 1791 1792 1776
4 1646 1666 1792 1776
4 1647 1777 1793 1667
4 1646 1776 1777 1647
4 1792 1666 1667 1793
4 1646 1647 1667 1666
4 1776 1792 1793 1777
4 1647 1667 1793 1777
4 1648 1778 1794 1668
4 1647 1777 1778 1648
4 1793 1667 1668 1794
4 1647 1648 1668 1667
4 1777 1793 1794 1778
4 1648 1668 1794 1778
4 1649 1779 1795 1669
4 1648 1778 1779 1649
4 1794 1668 1669 1795
4 1648 1649 1669 1668
4 1778 1794 1795 1779
4 1653 1672 1796 1781
4 1654 1782 1797 1673
4 1653 1781 1782 1654
4 1796 1672 1673 1797
4 1653 1654 1673 1672
4 1781 1796 1797 1782
4 1654 1673 1797 1782
4 1655 1783 1798 1674
4 1654 1782 1783 1655
4 1797 1673 1674 1798
4 1654 1655 1674 1673
4 1782 1797 1798 1783
4 1655 1674 1798 1783
4 1656 1784 1799 1675
4 1655 1783 1784 1656
4 1798 1674 1675 1799
4 1655 1656 1675 1674
4 1783 1798 1799 1784
4 1656 1675 1799 1784
4 1657 1785 1800 1676
4 1656 1784 1785 1657
4 1799 1675 1676 1800
4 1656 1657 1676 1675
4 1784 1799 1800 1785
4 1661 1679 1801 1787
4 1662 1788 1802 1680
4 1661 1787 1788 1662
4 1801 1679 1680 1802
4 1661 1662 1680 1679
4 1787 1801 1802 1788
4 1662 1680 1802 1788
4 1663 1789 1803 1681
4 1662 1788 1789 1663
4 1802 1680 1681 1803
4 1662 1663 1681 1680
4 1788 1802 1803 1789
4 1663 1681 1803 1789
4 1664 1790 1804 1682
4 1663 1789 1790 1664
4 1803 1681 1682 1804
4 1663 1664 1682 1681
4 1789 1803 1804 1790
4 1664 1682 1804 1790
4 1665 1791 1805 1683
4 1664 1790 1791 1665
4 1804 1682 1683 1805
4 1664 1665 1683 1682
4 1790 1804 1805 1791
4 1665 1683 1805 1791
4 1666 1792 1806 1684
4 1665 1791 1792 1666
4 1805 1683 1684 1806
4 1665 1666 1684 1683
4 1791 1805 1806 1792
4 1666 1684 1806 1792
4 1667 1793 1807 1685
4 1666 1792 1793 1667
4 1806 1684 1685 1807
4 1666 1667 1685 1684
4 1792 1806 1807 1793
4 1667 1685 1807 1793
4 1668 1794 1808 1686
4 1667 1793 1794 1668
4 1807 1685 1686 1808
4 1667 1668 1686 1685
4 1793 1807 1808 1794
4 1705 1720 1819 1809
4 1706 1810 1820 1721
4 1705 1809 1810 1706
4 1819 1720 1721 1820
4 1705 1706 1721 1720
4 1809 1819 1820 1810
4 1706 1721 1820 1810
4 1707 1811 1821 1722
4 1706 1810 1811 1707
4 1820 1721 1722 1821
4 1706 1707 1722 1721
4 1810 1820 1821 1811
4 1707 1722 1821 1811
4 1708 1812 1822 1723
4 1707 1811 1812 1708
4 1821 1722 1723 1822
4 1707 1708 1723 1722
4 1811 1821 1822 1812
4 1708 1723 1822 1812
4 1709 1813 1823 1724
4 1708 1812 1813 1709
4 1822 1723 1724 1823
4 1708 1709 1724 1723
4 1812 1822 1823 1813
4 1709 1724 1823 1813
4 1710 1814 1824 1725
4 1709 1813 1814 1710
4 1823 1724 1725 1824
4 1709 1710 1725 1724
4 1813 1823 1824 1814
4 1710 1725 1824 1814
4 1711 1815 1825 1726
4 1710 1814 1815 1711
4 1824 1725 1726 1825
4 1710 1711 1726 1725
4 1814 1824 1825 1815
4 1711 1726 1825 1815
4 1712 1816 1826 1727
4 1711 1815 1816 1712
4 1825 1726 1727 1826
4 1711 1712 1727 1726
4 1815 1825 1826 1816
4 1712 1727 1826 1816
4 1713 1817 1827 1728
4 1712 1816 1817 1713
4 1826 1727 1728 1827
4 1712 1713 1728 1727
4 1816 1826 1827 1817
4 1713 1728 1827 1817
4 1714 1818 1828 1729
4 1713 1817 1818 1714
4 1827 1728 1729 1828
4 1713 1714 1729 1728
4 1817 1827 1828 1818
4 1720 1736 1832 1819
4 1721 1820 1833 1737
4 1720 1819 1820 1721
4 1832 1736 1737 1833
4 1720 1721 1737 1736
4 1819 1832 1833 1820
4 1721 1737 1833 1820
4 1722 1821 1834 1738
4 1721 1820 1821 1722
4 1833 1737 1738 1834
4 1721 1722 1738 1737
4 1820 1833 1834 1821
4 1722 1738 1834 1821
4 1723 1822 1835 1739
4 1722 1821 1822 1723
4 1834 1738 1739 1835
4 1722 1723 1739 1738
4 1821 1834 1835 1822
4 1723 1739 1835 1822
4 1724 1823 1836 1740
4 1723 1822 1823 1724
4 1835 1739 1740 1836
4 1723 1724 1740 1739
4 1822 1835 1836 1823
4 1724 1740 1836 1823
4 1725 1824 1837 1741
4 1724 1823 1824 1725
4 1836 1740 1741 1837
4 1724 1725 1741 1740
4 1823 1836 1837 1824
4 1725 1741 1837 1824
4 1726 1825 1838 1742
4 1725 1824 1825 1726
4 1837 1741 1742 1838
4 1725 1726 1742 1741
4 1824 1837 1838 1825
4 1726 1742 1838 1825
4 1727 1826 1839 1743
4 1726 1825 1826 1727
4 1838 1742 1743 1839
4 1726 1727 1743 1742
4 1825 1838 1839 1826
4 1727 1743 1839 1826
4 1728 1827 1840 1744
4 1727 1826 1827 1728
4 1839 1743 1744 1840
4 1727 1728 1744 1743
4 1826 1839 1840 1827
4 1728 1744 1840 1827
4 1729 1828 1841 1745
4 1728 1827 1828 1729
4 1840 1744 1745 1841
4 1728 1729 1745 1744
4 1827 1840 1841 1828
4 1731 1748 1842 1829
4 1732 1830 1843 1749
4 1731 1829 1830 1732
4 1842 1748 1749 1843
4 1731 1732 1749 1748
4 1829 1842 1843 1830
4 1732 1749 1843 1830
4 1733 1831 1844 1750
4 1732 1830 1831 1733
4 1843 1749 1750 1844
4 1732 1733 1750 1749
4 1830 1843 1844 1831
4 1736 1753 1845 1832
4 1737 1833 1846 1754
4 1736 1832 1833 1737
4 1845 1753 1754 1846
4 1736 1737 1754 1753
4 1832 1845 1846 1833
4 1737 1754 1846 1833
4 1738 1834 1847 1755
4 1737 1833 1834 1738
4 1846 1754 1755 1847
4 1737 1738 1755 1754
4 1833 1846 1847 1834
4 1738 1755 1847 1834
4 1739 1835 1848 1756
4 1738 1834 1835 1739
4 1847 1755 1756 1848
4 1738 1739 1756 1755
4 1834 1847 1848 1835
4 1739 1756 1848 1835
4 1740 1836 1849 1757
4 1739 1835 1836 1740
4 1848 1756 1757 1849
4 1739 1740 1757 1756
4 1835 1848 1849 1836
4 1740 1757 1849 1836
4 1741 1837 1850 1758
4 1740 1836 1837 1741
4 1849 1757 1758 1850
4 1740 1741 1758 1757
4 1836 1849 1850 1837
4 1741 1758 1850 1837
4 1742 1838 1851 1759
4 1741 1837 1838 1742
4 1850 1758 1759 1851
4 1741 1742 1759 1758
4 1837 1850 1851 1838
4 1742 1759 1851 1838
4 1743 1839 1852 1760
4 1742 1838 1839 1743
4 1851 1759 1760 1852
4 1742 1743 1760 1759
4 1838 1851 1852 1839
4 1743 1760 1852 1839
4 1744 1840 1853 1761
4 1743 1839 1840 1744
4 1852 1760 1761 1853
4 1743 1744 1761 1760
4 1839 1852 1853 1840
4 1744 1761 1853 1840
4 1745 1841 1854 1762
4 1744 1840 1841 1745
4 1853 1761 1762 1854
4 1744 1745 1762 1761
4 1840 1853 1854 1841
4 1748 1765 1855 1842
4 1749 1843 1856 1766
4 1748 1842 1843 1749
4 1855 1765 1766 1856
4 1748 1749 1766 1765
4 1842 1855 1856 1843
4 1749 1766 1856 1843
4 1750 1844 1857 1767
4 1749 1843 1844 1750
4 1856 1766 1767 1857
4 1749 1750 1767 1766
4 1843 1856 1857 1844
4 1753 1770 1858 1845
4 1754 1846 1859 1771
4 1753 1845 1846 1754
4 1858 1770 1771 1859
4 1753 1754 1771 1770
4 1845 1858 1859 1846
4 1754 1771 1859 1846
4 1755 1847 1860 1772
4 1754 1846 1847 1755
4 1859 1771 1772 1860
4 1754 1755 1772 1771
4 1846 1859 1860 1847
4 1755 1772 1860 1847
4 1756 1848 1861 1773
4 1755 1847 1848 1756
4 1860 1772 1773 1861
4 1755 1756 1773 1772
4 1847 1860 1861 1848
4 1756 1773 1861 1848
4 1757 1849 1862 1774
4 1756 1848 1849 1757
4 1861 1773 1774 1862
4 1756 1757 1774 1773
4 1848 1861 1862 1849
4 1757 1774 1862 1849
4 1758 1850 1863 1775
4 1757 1849 1850 1758
4 1862 1774 1775 1863
4 1757 1758 1775 1774
4 1849 1862 1863 1850
4 1758 1775 1863 1850
4 1759 1851 1864 1776
4 1758 1850 1851 1759
4 1863 1775 1776 1864
4 1758 1759 1776 1775
4 1850 1863 1864 1851
4 1759 1776 1864 1851
4 1760 1852 1865 1777
4 1759 1851 1852 1760
4 1864 1776 1777 1865
4 1759 1760 1777 1776
4 1851 1864 1865 1852
4 1760 1777 1865 1852
4 1761 1853 1866 1778
4 1760 1852 1853 1761
4 1865 1777 1778 1866
4 1760 1761 1778 1777
4 1852 1865 1866 1853
4 1761 1778 1866 1853
4 1762 1854 1867 1779
4 1761 1853 1854 1762
4 1866 1778 1779 1867
4 1761 1762 1779 1778
4 1853 1866 1867 1854
4 1765 1782 1868 1855
4 1766 1856 1869 1783
4 1765 1855 1856 1766
4 1868 1782 1783 1869
4 1765 1766 1783 1782
4 1855 1868 1869 1856
4 1766 1783 1869 1856
4 1767 1857 1870 1784
4 1766 1856 1857 1767
4 1869 1783 1784 1870
4 1766 1767 1784 1783
4 1856 1869 1870 1857
4 1772 1788 1871 1860
4 1773 1861 1872 1789
4 1772 1860 1861 1773
4 1871 1788 1789 1872
4 1772 1773 1789 1788
4 1860 1871 1872 1861
4 1773 1789 1872 1861
4 1774 1862 1873 1790
4 1773 1861 1862 1774
4 1872 1789 1790 1873
4 1773 1774 1790 1789
4 1861 1872 1873 1862
4 1774 1790 1873 1862
4 1775 1863 1874 1791
4 1774 1862 1863 1775
4 1873 1790 1791 1874
4 1774 1775 1791 1790
4 1862 1873 1874 1863
4 1775 1791 1874 1863
4 1776 1864 1875 1792
4 1775 1863 1864 1776
4 1874 1791 1792 1875
4 1775 1776 1792 1791
4 1863 1874 1875 1864
4 1776 1792 1875 1864
4 1777 1865 1876 1793
4 1776 1864 1865 1777
4 1875 1792 1793 1876
4 1776 1777 1793 1792
4 1864 1875 1876 1865
