ply
format ascii 1.0
element vertex 1621
property float x
property float y
property float z
element face 4860
property list uchar int vertex_indices
end_header
-0.825000 -0.225000 0.225000
-0.825000 -0.225000 0.300000
-0.825000 -0.225000 0.375000
-0.825000 -0.225000 0.450000
-0.825000 -0.225000 0.525000
-0.825000 -0.150000 0.225000
-0.825000 -0.150000 0.300000
-0.825000 -0.150000 0.375000
-0.825000 -0.150000 0.450000
-0.825000 -0.150000 0.525000
-0.825000 -0.150000 0.600000
-0.825000 -0.075000 0.225000
-0.825000 -0.075000 0.300000
-0.825000 -0.075000 0.375000
-0.825000 -0.075000 0.450000
-0.825000 -0.075000 0.525000
-0.825000 -0.075000 0.600000
-0.825000 0.000000 0.225000
-0.825000 0.000000 0.300000
-0.825000 0.000000 0.375000
-0.825000 0.000000 0.450000
-0.825000 0.000000 0.525000
-0.825000 0.000000 0.600000
-0.825000 0.075000 0.225000
-0.825000 0.075000 0.300000
-0.825000 0.075000 0.375000
-0.825000 0.075000 0.450000
-0.825000 0.075000 0.525000
-0.825000 0.075000 0.600000
-0.825000 0.150000 0.225000
-0.825000 0.150000 0.300000
-0.825000 0.150000 0.375000
-0.825000 0.150000 0.450000
-0.825000 0.150000 0.525000
-0.825000 0.150000 0.600000
-0.750000 -0.300000 0.300000
-0.750000 -0.300000 0.375000
-0.750000 -0.300000 0.450000
-0.750000 -0.300000 0.525000
-0.750000 -0.300000 0.600000
-0.750000 -0.225000 0.225000
-0.750000 -0.225000 0.300000
-0.750000 -0.225000 0.375000
-0.750000 -0.225000 0.450000
-0.750000 -0.225000 0.525000
-0.750000 -0.225000 0.600000
-0.750000 -0.225000 0.675000
-0.750000 -0.150000 0.225000
-0.750000 -0.150000 0.300000
-0.750000 -0.150000 0.375000
-0.750000 -0.150000 0.450000
-0.750000 -0.150000 0.525000
-0.750000 -0.150000 0.600000
-0.750000 -0.150000 0.675000
-0.750000 -0.075000 0.225000
-0.750000 -0.075000 0.300000
-0.750000 -0.075000 0.375000
-0.750000 -0.075000 0.450000
-0.750000 -0.075000 0.525000
-0.750000 -0.075000 0.600000
-0.750000 -0.075000 0.675000
-0.750000 0.000000 0.225000
-0.750000 0.000000 0.300000
-0.750000 0.000000 0.375000
-0.750000 0.000000 0.450000
-0.750000 0.000000 0.525000
-0.750000 0.000000 0.600000
-0.750000 0.000000 0.675000
-0.750000 0.075000 0.225000
-0.750000 0.075000 0.300000
-0.750000 0.075000 0.375000
-0.750000 0.075000 0.450000
-0.750000 0.075000 0.525000
-0.750000 0.075000 0.600000
-0.750000 0.075000 0.675000
-0.750000 0.150000 0.225000
-0.750000 0.150000 0.300000
-0.750000 0.150000 0.375000
-0.750000 0.150000 0.450000
-0.750000 0.150000 0.525000
-0.750000 0.150000 0.600000
-0.750000 0.150000 0.675000
-0.750000 0.225000 0.300000
-0.750000 0.225000 0.375000
-0.750000 0.225000 0.450000
-0.750000 0.225000 0.525000
-0.750000 0.225000 0.600000
-0.675000 -0.300000 0.300000
-0.675000 -0.300000 0.375000
-0.675000 -0.300000 0.450000
-0.675000 -0.300000 0.525000
-0.675000 -0.300000 0.600000
-0.675000 -0.225000 0.225000
-0.675000 -0.225000 0.300000
-0.675000 -0.225000 0.375000
-0.675000 -0.225000 0.450000
-0.675000 -0.225000 0.525000
-0.675000 -0.225000 0.600000
-0.675000 -0.225000 0.675000
-0.675000 -0.150000 0.225000
-0.675000 -0.150000 0.300000
-0.675000 -0.150000 0.375000
-0.675000 -0.150000 0.450000
-0.675000 -0.150000 0.525000
-0.675000 -0.150000 0.600000
-0.675000 -0.150000 0.675000
-0.675000 -0.075000 0.225000
-0.675000 -0.075000 0.300000
-0.675000 -0.075000 0.450000
-0.675000 -0.075000 0.525000
-0.675000 -0.075000 0.600000
-0.675000 -0.075000 0.675000
-0.675000 0.000000 0.225000
-0.675000 0.000000 0.300000
-0.675000 0.000000 0.375000
-0.675000 0.000000 0.525000
-0.675000 0.000000 0.600000
-0.675000 0.000000 0.675000
-0.675000 0.075000 0.225000
-0.675000 0.075000 0.300000
-0.675000 0.075000 0.375000
-0.675000 0.075000 0.450000
-0.675000 0.075000 0.525000
-0.675000 0.075000 0.600000
-0.675000 0.075000 0.675000
-0.675000 0.150000 0.225000
-0.675000 0.150000 0.300000
-0.675000 0.150000 0.375000
-0.675000 0.150000 0.450000
-0.675000 0.150000 0.525000
-0.675000 0.150000 0.600000
-0.675000 0.150000 0.675000
-0.675000 0.225000 0.300000
-0.675000 0.225000 0.375000
-0.675000 0.225000 0.450000
-0.675000 0.225000 0.525000
-0.675000 0.225000 0.600000
-0.600000 -0.300000 0.300000
-0.600000 -0.300000 0.375000
-0.600000 -0.300000 0.450000
-0.600000 -0.300000 0.525000
-0.600000 -0.300000 0.600000
-0.600000 -0.225000 0.225000
-0.600000 -0.225000 0.300000
-0.600000 -0.225000 0.375000
-0.600000 -0.225000 0.450000
-0.600000 -0.225000 0.525000
-0.600000 -0.225000 0.600000
-0.600000 -0.225000 0.675000
-0.600000 -0.150000 0.225000
-0.600000 -0.150000 0.300000
-0.600000 -0.150000 0.375000
-0.600000 -0.150000 0.450000
-0.600000 -0.150000 0.525000
-0.600000 -0.150000 0.600000
-0.600000 -0.150000 0.675000
-0.600000 -0.075000 0.225000
-0.600000 -0.075000 0.300000
-0.600000 -0.075000 0.375000
-0.600000 -0.075000 0.600000
-0.600000 -0.075000 0.675000
-0.600000 0.000000 0.225000
-0.600000 0.000000 0.300000
-0.600000 0.000000 0.375000
-0.600000 0.000000 0.600000
-0.600000 0.000000 0.675000
-0.600000 0.075000 0.225000
-0.600000 0.075000 0.300000
-0.600000 0.075000 0.375000
-0.600000 0.075000 0.450000
-0.600000 0.075000 0.525000
-0.600000 0.075000 0.600000
-0.600000 0.075000 0.675000
-0.600000 0.150000 0.225000
-0.600000 0.150000 0.300000
-0.600000 0.150000 0.375000
-0.600000 0.150000 0.450000
-0.600000 0.150000 0.525000
-0.600000 0.150000 0.600000
-0.600000 0.150000 0.675000
-0.600000 0.225000 0.300000
-0.600000 0.225000 0.375000
-0.600000 0.225000 0.450000
-0.600000 0.225000 0.525000
-0.600000 0.225000 0.600000
-0.525000 -0.300000 0.375000
-0.525000 -0.300000 0.450000
-0.525000 -0.300000 0.525000
-0.525000 -0.300000 0.600000
-0.525000 -0.225000 0.225000
-0.525000 -0.225000 0.300000
-0.525000 -0.225000 0.375000
-0.525000 -0.225000 0.450000
-0.525000 -0.225000 0.525000
-0.525000 -0.225000 0.600000
-0.525000 -0.225000 0.675000
-0.525000 -0.150000 0.225000
-0.525000 -0.150000 0.300000
-0.525000 -0.150000 0.375000
-0.525000 -0.150000 0.450000
-0.525000 -0.150000 0.525000
-0.525000 -0.150000 0.600000
-0.525000 -0.150000 0.675000
-0.525000 -0.075000 0.225000
-0.525000 -0.075000 0.300000
-0.525000 -0.075000 0.375000
-0.525000 -0.075000 0.450000
-0.525000 -0.075000 0.600000
-0.525000 -0.075000 0.675000
-0.525000 0.000000 0.225000
-0.525000 0.000000 0.300000
-0.525000 0.000000 0.375000
-0.525000 0.000000 0.600000
-0.525000 0.000000 0.675000
-0.525000 0.075000 0.225000
-0.525000 0.075000 0.300000
-0.525000 0.075000 0.375000
-0.525000 0.075000 0.450000
-0.525000 0.075000 0.525000
-0.525000 0.075000 0.600000
-0.525000 0.075000 0.675000
-0.525000 0.150000 0.300000
-0.525000 0.150000 0.375000
-0.525000 0.150000 0.450000
-0.525000 0.150000 0.525000
-0.525000 0.150000 0.600000
-0.525000 0.150000 0.675000
-0.525000 0.225000 0.300000
-0.525000 0.225000 0.375000
-0.525000 0.225000 0.450000
-0.525000 0.225000 0.525000
-0.525000 0.225000 0.600000
-0.450000 -0.300000 0.375000
-0.450000 -0.300000 0.450000
-0.450000 -0.300000 0.525000
-0.450000 -0.300000 0.600000
-0.450000 -0.225000 0.300000
-0.450000 -0.225000 0.375000
-0.450000 -0.225000 0.450000
-0.450000 -0.225000 0.525000
-0.450000 -0.225000 0.600000
-0.450000 -0.225000 0.675000
-0.450000 -0.150000 0.225000
-0.450000 -0.150000 0.300000
-0.450000 -0.150000 0.375000
-0.450000 -0.150000 0.450000
-0.450000 -0.150000 0.525000
-0.450000 -0.150000 0.600000
-0.450000 -0.150000 0.675000
-0.450000 -0.075000 0.225000
-0.450000 -0.075000 0.300000
-0.450000 -0.075000 0.375000
-0.450000 -0.075000 0.450000
-0.450000 -0.075000 0.600000
-0.450000 -0.075000 0.675000
-0.450000 0.000000 0.225000
-0.450000 0.000000 0.300000
-0.450000 0.000000 0.375000
-0.450000 0.000000 0.450000
-0.450000 0.000000 0.600000
-0.450000 0.000000 0.675000
-0.450000 0.075000 0.300000
-0.450000 0.075000 0.375000
-0.450000 0.075000 0.450000
-0.450000 0.075000 0.525000
-0.450000 0.075000 0.600000
-0.450000 0.075000 0.675000
-0.450000 0.150000 0.300000
-0.450000 0.150000 0.375000
-0.450000 0.150000 0.450000
-0.450000 0.150000 0.525000
-0.450000 0.150000 0.600000
-0.450000 0.150000 0.675000
-0.450000 0.225000 0.375000
-0.450000 0.225000 0.450000
-0.450000 0.225000 0.525000
-0.450000 0.225000 0.600000
-0.375000 -0.300000 0.375000
-0.375000 -0.300000 0.450000
-0.375000 -0.300000 0.525000
-0.375000 -0.300000 0.600000
-0.375000 -0.225000 0.375000
-0.375000 -0.225000 0.450000
-0.375000 -0.225000 0.525000
-0.375000 -0.225000 0.600000
-0.375000 -0.225000 0.675000
-0.375000 -0.150000 0.300000
-0.375000 -0.150000 0.375000
-0.375000 -0.150000 0.450000
-0.375000 -0.150000 0.525000
-0.375000 -0.150000 0.600000
-0.375000 -0.150000 0.675000
-0.375000 -0.075000 0.300000
-0.375000 -0.075000 0.375000
-0.375000 -0.075000 0.450000
-0.375000 -0.075000 0.600000
-0.375000 -0.075000 0.675000
-0.375000 0.000000 0.300000
-0.375000 0.000000 0.375000
-0.375000 0.000000 0.450000
-0.375000 0.000000 0.600000
-0.375000 0.000000 0.675000
-0.375000 0.075000 0.300000
-0.375000 0.075000 0.375000
-0.375000 0.075000 0.450000
-0.375000 0.075000 0.525000
-0.375000 0.075000 0.600000
-0.375000 0.075000 0.675000
-0.375000 0.150000 0.300000
-0.375000 0.150000 0.375000
-0.375000 0.150000 0.450000
-0.375000 0.150000 0.525000
-0.375000 0.150000 0.600000
-0.375000 0.150000 0.675000
-0.375000 0.225000 0.375000
-0.375000 0.225000 0.450000
-0.375000 0.225000 0.525000
-0.375000 0.225000 0.600000
-0.300000 -0.300000 0.375000
-0.300000 -0.300000 0.450000
-0.300000 -0.300000 0.525000
-0.300000 -0.300000 0.600000
-0.300000 -0.225000 0.375000
-0.300000 -0.225000 0.450000
-0.300000 -0.225000 0.525000
-0.300000 -0.225000 0.600000
-0.300000 -0.225000 0.675000
-0.300000 -0.150000 0.300000
-0.300000 -0.150000 0.375000
-0.300000 -0.150000 0.450000
-0.300000 -0.150000 0.525000
-0.300000 -0.150000 0.600000
-0.300000 -0.150000 0.675000
-0.300000 -0.075000 0.300000
-0.300000 -0.075000 0.375000
-0.300000 -0.075000 0.450000
-0.300000 -0.075000 0.600000
-0.300000 -0.075000 0.675000
-0.300000 0.000000 0.300000
-0.300000 0.000000 0.375000
-0.300000 0.000000 0.450000
-0.300000 0.000000 0.600000
-0.300000 0.000000 0.675000
-0.300000 0.075000 0.300000
-0.300000 0.075000 0.375000
-0.300000 0.075000 0.450000
-0.300000 0.075000 0.525000
-0.300000 0.075000 0.600000
-0.300000 0.075000 0.675000
-0.300000 0.150000 0.375000
-0.300000 0.150000 0.450000
-0.300000 0.150000 0.525000
-0.300000 0.150000 0.600000
-0.300000 0.150000 0.675000
-0.300000 0.225000 0.375000
-0.300000 0.225000 0.450000
-0.300000 0.225000 0.525000
-0.300000 0.225000 0.600000
-0.225000 -0.300000 0.375000
-0.225000 -0.300000 0.450000
-0.225000 -0.300000 0.525000
-0.225000 -0.300000 0.600000
-0.225000 -0.225000 0.375000
-0.225000 -0.225000 0.450000
-0.225000 -0.225000 0.525000
-0.225000 -0.225000 0.600000
-0.225000 -0.225000 0.675000
-0.225000 -0.150000 0.300000
-0.225000 -0.150000 0.375000
-0.225000 -0.150000 0.450000
-0.225000 -0.150000 0.525000
-0.225000 -0.150000 0.600000
-0.225000 -0.150000 0.675000
-0.225000 -0.075000 0.300000
-0.225000 -0.075000 0.375000
-0.225000 -0.075000 0.450000
-0.225000 -0.075000 0.600000
-0.225000 -0.075000 0.675000
-0.225000 0.000000 0.300000
-0.225000 0.000000 0.375000
-0.225000 0.000000 0.450000
-0.225000 0.000000 0.600000
-0.225000 0.000000 0.675000
-0.225000 0.075000 0.300000
-0.225000 0.075000 0.375000
-0.225000 0.075000 0.450000
-0.225000 0.075000 0.525000
-0.225000 0.075000 0.600000
-0.225000 0.075000 0.675000
-0.225000 0.150000 0.375000
-0.225000 0.150000 0.450000
-0.225000 0.150000 0.525000
-0.225000 0.150000 0.600000
-0.225000 0.150000 0.675000
-0.225000 0.225000 0.375000
-0.225000 0.225000 0.450000
-0.225000 0.225000 0.525000
-0.225000 0.225000 0.600000
-0.150000 -0.300000 0.300000
-0.150000 -0.300000 0.375000
-0.150000 -0.300000 0.450000
-0.150000 -0.300000 0.525000
-0.150000 -0.300000 0.600000
-0.150000 -0.225000 -1.050000
-0.150000 -0.225000 -0.975000
-0.150000 -0.225000 -0.900000
-0.150000 -0.225000 -0.825000
-0.150000 -0.225000 -0.750000
-0.150000 -0.225000 -0.675000
-0.150000 -0.225000 0.300000
-0.150000 -0.225000 0.375000
-0.150000 -0.225000 0.450000
-0.150000 -0.225000 0.525000
-0.150000 -0.225000 0.600000
-0.150000 -0.225000 0.675000
-0.150000 -0.150000 -1.125000
-0.150000 -0.150000 -1.050000
-0.150000 -0.150000 -0.975000
-0.150000 -0.150000 -0.900000
-0.150000 -0.150000 -0.825000
-0.150000 -0.150000 -0.750000
-0.150000 -0.150000 -0.675000
-0.150000 -0.150000 -0.600000
-0.150000 -0.150000 0.225000
-0.150000 -0.150000 0.300000
-0.150000 -0.150000 0.375000
-0.150000 -0.150000 0.450000
-0.150000 -0.150000 0.525000
-0.150000 -0.150000 0.600000
-0.150000 -0.150000 0.675000
-0.150000 -0.075000 -1.125000
-0.150000 -0.075000 -1.050000
-0.150000 -0.075000 -0.975000
-0.150000 -0.075000 -0.900000
-0.150000 -0.075000 -0.825000
-0.150000 -0.075000 -0.750000
-0.150000 -0.075000 -0.675000
-0.150000 -0.075000 -0.600000
-0.150000 -0.075000 0.225000
-0.150000 -0.075000 0.300000
-0.150000 -0.075000 0.375000
-0.150000 -0.075000 0.450000
-0.150000 -0.075000 0.600000
-0.150000 -0.075000 0.675000
-0.150000 0.000000 -1.125000
-0.150000 0.000000 -1.050000
-0.150000 0.000000 -0.975000
-0.150000 0.000000 -0.900000
-0.150000 0.000000 -0.825000
-0.150000 0.000000 -0.750000
-0.150000 0.000000 -0.675000
-0.150000 0.000000 -0.600000
-0.150000 0.000000 0.225000
-0.150000 0.000000 0.300000
-0.150000 0.000000 0.375000
-0.150000 0.000000 0.450000
-0.150000 0.000000 0.600000
-0.150000 0.000000 0.675000
-0.150000 0.075000 -1.125000
-0.150000 0.075000 -1.050000
-0.150000 0.075000 -0.975000
-0.150000 0.075000 -0.900000
-0.150000 0.075000 -0.825000
-0.150000 0.075000 -0.750000
-0.150000 0.075000 -0.675000
-0.150000 0.075000 -0.600000
-0.150000 0.075000 0.225000
-0.150000 0.075000 0.300000
-0.150000 0.075000 0.375000
-0.150000 0.075000 0.450000
-0.150000 0.075000 0.525000
-0.150000 0.075000 0.600000
-0.150000 0.075000 0.675000
-0.150000 0.150000 -1.050000
-0.150000 0.150000 -0.975000
-0.150000 0.150000 -0.900000
-0.150000 0.150000 -0.825000
-0.150000 0.150000 -0.750000
-0.150000 0.150000 -0.675000
-0.150000 0.150000 -0.600000
-0.150000 0.150000 0.300000
-0.150000 0.150000 0.375000
-0.150000 0.150000 0.450000
-0.150000 0.150000 0.525000
-0.150000 0.150000 0.600000
-0.150000 0.150000 0.675000
-0.150000 0.225000 0.300000
-0.150000 0.225000 0.375000
-0.150000 0.225000 0.450000
-0.150000 0.225000 0.525000
-0.150000 0.225000 0.600000
-0.075000 -0.300000 -1.050000
-0.075000 -0.300000 -0.975000
-0.075000 -0.300000 -0.900000
-0.075000 -0.300000 -0.825000
-0.075000 -0.300000 -0.750000
-0.075000 -0.300000 -0.675000
-0.075000 -0.300000 -0.600000
-0.075000 -0.300000 -0.525000
-0.075000 -0.300000 0.225000
-0.075000 -0.300000 0.300000
-0.075000 -0.300000 0.375000
-0.075000 -0.300000 0.450000
-0.075000 -0.300000 0.525000
-0.075000 -0.300000 0.600000
-0.075000 -0.225000 -1.050000
-0.075000 -0.225000 -0.975000
-0.075000 -0.225000 -0.900000
-0.075000 -0.225000 -0.825000
-0.075000 -0.225000 -0.750000
-0.075000 -0.225000 -0.675000
-0.075000 -0.225000 -0.600000
-0.075000 -0.225000 -0.525000
-0.075000 -0.225000 0.150000
-0.075000 -0.225000 0.225000
-0.075000 -0.225000 0.300000
-0.075000 -0.225000 0.375000
-0.075000 -0.225000 0.450000
-0.075000 -0.225000 0.525000
-0.075000 -0.225000 0.600000
-0.075000 -0.225000 0.675000
-0.075000 -0.150000 -1.125000
-0.075000 -0.150000 -1.050000
-0.075000 -0.150000 -0.975000
-0.075000 -0.150000 -0.900000
-0.075000 -0.150000 -0.825000
-0.075000 -0.150000 -0.750000
-0.075000 -0.150000 -0.675000
-0.075000 -0.150000 -0.600000
-0.075000 -0.150000 -0.525000
-0.075000 -0.150000 -0.450000
-0.075000 -0.150000 0.075000
-0.075000 -0.150000 0.150000
-0.075000 -0.150000 0.225000
-0.075000 -0.150000 0.300000
-0.075000 -0.150000 0.375000
-0.075000 -0.150000 0.450000
-0.075000 -0.150000 0.525000
-0.075000 -0.150000 0.600000
-0.075000 -0.150000 0.675000
-0.075000 -0.075000 -1.125000
-0.075000 -0.075000 -1.050000
-0.075000 -0.075000 -0.975000
-0.075000 -0.075000 -0.900000
-0.075000 -0.075000 -0.825000
-0.075000 -0.075000 -0.750000
-0.075000 -0.075000 -0.675000
-0.075000 -0.075000 -0.600000
-0.075000 -0.075000 -0.525000
-0.075000 -0.075000 -0.450000
-0.075000 -0.075000 0.075000
-0.075000 -0.075000 0.150000
-0.075000 -0.075000 0.225000
-0.075000 -0.075000 0.300000
-0.075000 -0.075000 0.375000
-0.075000 -0.075000 0.450000
-0.075000 -0.075000 0.600000
-0.075000 -0.075000 0.675000
-0.075000 0.000000 -1.125000
-0.075000 0.000000 -1.050000
-0.075000 0.000000 -0.975000
-0.075000 0.000000 -0.900000
-0.075000 0.000000 -0.825000
-0.075000 0.000000 -0.750000
-0.075000 0.000000 -0.675000
-0.075000 0.000000 -0.600000
-0.075000 0.000000 -0.525000
-0.075000 0.000000 -0.450000
-0.075000 0.000000 0.075000
-0.075000 0.000000 0.150000
-0.075000 0.000000 0.225000
-0.075000 0.000000 0.300000
-0.075000 0.000000 0.375000
-0.075000 0.000000 0.450000
-0.075000 0.000000 0.600000
-0.075000 0.000000 0.675000
-0.075000 0.075000 -1.125000
-0.075000 0.075000 -1.050000
-0.075000 0.075000 -0.975000
-0.075000 0.075000 -0.900000
-0.075000 0.075000 -0.825000
-0.075000 0.075000 -0.750000
-0.075000 0.075000 -0.675000
-0.075000 0.075000 -0.600000
-0.075000 0.075000 -0.525000
-0.075000 0.075000 -0.450000
-0.075000 0.075000 0.075000
-0.075000 0.075000 0.150000
-0.075000 0.075000 0.225000
-0.075000 0.075000 0.300000
-0.075000 0.075000 0.375000
-0.075000 0.075000 0.450000
-0.075000 0.075000 0.525000
-0.075000 0.075000 0.600000
-0.075000 0.075000 0.675000
-0.075000 0.150000 -1.125000
-0.075000 0.150000 -1.050000
-0.075000 0.150000 -0.975000
-0.075000 0.150000 -0.900000
-0.075000 0.150000 -0.825000
-0.075000 0.150000 -0.750000
-0.075000 0.150000 -0.675000
-0.075000 0.150000 -0.600000
-0.075000 0.150000 -0.525000
-0.075000 0.150000 0.150000
-0.075000 0.150000 0.225000
-0.075000 0.150000 0.300000
-0.075000 0.150000 0.375000
-0.075000 0.150000 0.450000
-0.075000 0.150000 0.525000
-0.075000 0.150000 0.600000
-0.075000 0.150000 0.675000
-0.075000 0.225000 -1.050000
-0.075000 0.225000 -0.975000
-0.075000 0.225000 -0.900000
-0.075000 0.225000 -0.825000
-0.075000 0.225000 -0.750000
-0.075000 0.225000 -0.675000
-0.075000 0.225000 -0.600000
-0.075000 0.225000 -0.525000
-0.075000 0.225000 0.225000
-0.075000 0.225000 0.300000
-0.075000 0.225000 0.375000
-0.075000 0.225000 0.450000
-0.075000 0.225000 0.525000
-0.075000 0.225000 0.600000
0.000000 -0.300000 -1.050000
0.000000 -0.300000 -0.975000
0.000000 -0.300000 -0.900000
0.000000 -0.300000 -0.825000
0.000000 -0.300000 -0.750000
0.000000 -0.300000 -0.675000
0.000000 -0.300000 -0.600000
0.000000 -0.300000 -0.525000
0.000000 -0.300000 -0.450000
0.000000 -0.300000 0.075000
0.000000 -0.300000 0.150000
0.000000 -0.300000 0.225000
0.000000 -0.300000 0.300000
0.000000 -0.300000 0.375000
0.000000 -0.300000 0.450000
0.000000 -0.300000 0.525000
0.000000 -0.300000 0.600000
0.000000 -0.225000 -1.050000
0.000000 -0.225000 -0.975000
0.000000 -0.225000 -0.900000
0.000000 -0.225000 -0.825000
0.000000 -0.225000 -0.750000
0.000000 -0.225000 -0.675000
0.000000 -0.225000 -0.600000
0.000000 -0.225000 -0.525000
0.000000 -0.225000 -0.450000
0.000000 -0.225000 -0.375000
0.000000 -0.225000 -0.300000
0.000000 -0.225000 -0.225000
0.000000 -0.225000 -0.150000
0.000000 -0.225000 -0.075000
0.000000 -0.225000 0.000000
0.000000 -0.225000 0.075000
0.000000 -0.225000 0.150000
0.000000 -0.225000 0.225000
0.000000 -0.225000 0.300000
0.000000 -0.225000 0.375000
0.000000 -0.225000 0.450000
0.000000 -0.225000 0.525000
0.000000 -0.225000 0.600000
0.000000 -0.225000 0.675000
0.000000 -0.150000 -1.125000
0.000000 -0.150000 -1.050000
0.000000 -0.150000 -0.975000
0.000000 -0.150000 -0.900000
0.000000 -0.150000 -0.825000
0.000000 -0.150000 -0.750000
0.000000 -0.150000 -0.675000
0.000000 -0.150000 -0.600000
0.000000 -0.150000 -0.525000
0.000000 -0.150000 -0.450000
0.000000 -0.150000 -0.375000
0.000000 -0.150000 -0.300000
0.000000 -0.150000 -0.225000
0.000000 -0.150000 -0.150000
0.000000 -0.150000 -0.075000
0.000000 -0.150000 0.000000
0.000000 -0.150000 0.075000
0.000000 -0.150000 0.150000
0.000000 -0.150000 0.225000
0.000000 -0.150000 0.300000
0.000000 -0.150000 0.375000
0.000000 -0.150000 0.525000
0.000000 -0.150000 0.600000
0.000000 -0.150000 0.675000
0.000000 -0.075000 -1.125000
0.000000 -0.075000 -1.050000
0.000000 -0.075000 -0.975000
0.000000 -0.075000 -0.750000
0.000000 -0.075000 -0.675000
0.000000 -0.075000 -0.600000
0.000000 -0.075000 -0.525000
0.000000 -0.075000 -0.450000
0.000000 -0.075000 -0.375000
0.000000 -0.075000 -0.300000
0.000000 -0.075000 -0.225000
0.000000 -0.075000 -0.150000
0.000000 -0.075000 -0.075000
0.000000 -0.075000 0.000000
0.000000 -0.075000 0.075000
0.000000 -0.075000 0.150000
0.000000 -0.075000 0.225000
0.000000 -0.075000 0.300000
0.000000 -0.075000 0.375000
0.000000 -0.075000 0.525000
0.000000 -0.075000 0.600000
0.000000 -0.075000 0.675000
0.000000 0.000000 -1.125000
0.000000 0.000000 -1.050000
0.000000 0.000000 -0.975000
0.000000 0.000000 -0.675000
0.000000 0.000000 -0.600000
0.000000 0.000000 -0.525000
0.000000 0.000000 -0.450000
0.000000 0.000000 -0.375000
0.000000 0.000000 -0.300000
0.000000 0.000000 -0.225000
0.000000 0.000000 -0.150000
0.000000 0.000000 -0.075000
0.000000 0.000000 0.000000
0.000000 0.000000 0.075000
0.000000 0.000000 0.150000
0.000000 0.000000 0.225000
0.000000 0.000000 0.300000
0.000000 0.000000 0.375000
0.000000 0.000000 0.525000
0.000000 0.000000 0.600000
0.000000 0.000000 0.675000
0.000000 0.075000 -1.125000
0.000000 0.075000 -1.050000
0.000000 0.075000 -0.975000
0.000000 0.075000 -0.900000
0.000000 0.075000 -0.825000
0.000000 0.075000 -0.750000
0.000000 0.075000 -0.675000
0.000000 0.075000 -0.600000
0.000000 0.075000 -0.525000
0.000000 0.075000 -0.450000
0.000000 0.075000 -0.375000
0.000000 0.075000 -0.300000
0.000000 0.075000 -0.225000
0.000000 0.075000 -0.150000
0.000000 0.075000 -0.075000
0.000000 0.075000 0.000000
0.000000 0.075000 0.075000
0.000000 0.075000 0.150000
0.000000 0.075000 0.225000
0.000000 0.075000 0.300000
0.000000 0.075000 0.375000
0.000000 0.075000 0.525000
0.000000 0.075000 0.600000
0.000000 0.075000 0.675000
0.000000 0.150000 -1.125000
0.000000 0.150000 -1.050000
0.000000 0.150000 -0.975000
0.000000 0.150000 -0.900000
0.000000 0.150000 -0.825000
0.000000 0.150000 -0.750000
0.000000 0.150000 -0.675000
0.000000 0.150000 -0.600000
0.000000 0.150000 -0.525000
0.000000 0.150000 -0.450000
0.000000 0.150000 -0.375000
0.000000 0.150000 -0.300000
0.000000 0.150000 -0.225000
0.000000 0.150000 -0.150000
0.000000 0.150000 -0.075000
0.000000 0.150000 0.000000
0.000000 0.150000 0.075000
0.000000 0.150000 0.150000
0.000000 0.150000 0.225000
0.000000 0.150000 0.300000
0.000000 0.150000 0.375000
0.000000 0.150000 0.450000
0.000000 0.150000 0.525000
0.000000 0.150000 0.600000
0.000000 0.150000 0.675000
0.000000 0.225000 -1.050000
0.000000 0.225000 -0.975000
0.000000 0.225000 -0.900000
0.000000 0.225000 -0.825000
0.000000 0.225000 -0.750000
0.000000 0.225000 -0.675000
0.000000 0.225000 -0.600000
0.000000 0.225000 -0.525000
0.000000 0.225000 -0.450000
0.000000 0.225000 0.075000
0.000000 0.225000 0.150000
0.000000 0.225000 0.225000
0.000000 0.225000 0.300000
0.000000 0.225000 0.375000
0.000000 0.225000 0.450000
0.000000 0.225000 0.525000
0.000000 0.225000 0.600000
0.075000 -0.375000 -0.675000
0.075000 -0.375000 -0.600000
0.075000 -0.375000 -0.525000
0.075000 -0.375000 -0.450000
0.075000 -0.300000 -1.050000
0.075000 -0.300000 -0.975000
0.075000 -0.300000 -0.900000
0.075000 -0.300000 -0.825000
0.075000 -0.300000 -0.750000
0.075000 -0.300000 -0.675000
0.075000 -0.300000 -0.600000
0.075000 -0.300000 -0.525000
0.075000 -0.300000 -0.450000
0.075000 -0.300000 -0.375000
0.075000 -0.300000 -0.300000
0.075000 -0.300000 -0.225000
0.075000 -0.300000 -0.150000
0.075000 -0.300000 -0.075000
0.075000 -0.300000 0.000000
0.075000 -0.300000 0.075000
0.075000 -0.300000 0.150000
0.075000 -0.300000 0.225000
0.075000 -0.300000 0.300000
0.075000 -0.300000 0.375000
0.075000 -0.300000 0.450000
0.075000 -0.300000 0.525000
0.075000 -0.300000 0.600000
0.075000 -0.225000 -1.050000
0.075000 -0.225000 -0.975000
0.075000 -0.225000 -0.900000
0.075000 -0.225000 -0.825000
0.075000 -0.225000 -0.750000
0.075000 -0.225000 -0.675000
0.075000 -0.225000 -0.600000
0.075000 -0.225000 -0.525000
0.075000 -0.225000 -0.450000
0.075000 -0.225000 -0.375000
0.075000 -0.225000 -0.300000
0.075000 -0.225000 -0.225000
0.075000 -0.225000 -0.150000
0.075000 -0.225000 -0.075000
0.075000 -0.225000 0.000000
0.075000 -0.225000 0.075000
0.075000 -0.225000 0.150000
0.075000 -0.225000 0.225000
0.075000 -0.225000 0.300000
0.075000 -0.225000 0.375000
0.075000 -0.225000 0.450000
0.075000 -0.225000 0.525000
0.075000 -0.225000 0.600000
0.075000 -0.225000 0.675000
0.075000 -0.150000 -1.125000
0.075000 -0.150000 -1.050000
0.075000 -0.150000 -0.975000
0.075000 -0.150000 -0.900000
0.075000 -0.150000 -0.825000
0.075000 -0.150000 -0.600000
0.075000 -0.150000 -0.525000
0.075000 -0.150000 -0.450000
0.075000 -0.150000 -0.375000
0.075000 -0.150000 -0.300000
0.075000 -0.150000 -0.225000
0.075000 -0.150000 -0.150000
0.075000 -0.150000 -0.075000
0.075000 -0.150000 0.000000
0.075000 -0.150000 0.075000
0.075000 -0.150000 0.150000
0.075000 -0.150000 0.225000
0.075000 -0.150000 0.300000
0.075000 -0.150000 0.450000
0.075000 -0.150000 0.525000
0.075000 -0.150000 0.600000
0.075000 -0.150000 0.675000
0.075000 -0.075000 -1.125000
0.075000 -0.075000 -1.050000
0.075000 -0.075000 -0.975000
0.075000 -0.075000 -0.900000
0.075000 -0.075000 -0.600000
0.075000 -0.075000 -0.525000
0.075000 -0.075000 -0.450000
0.075000 -0.075000 -0.375000
0.075000 -0.075000 -0.300000
0.075000 -0.075000 -0.225000
0.075000 -0.075000 -0.150000
0.075000 -0.075000 -0.075000
0.075000 -0.075000 0.000000
0.075000 -0.075000 0.075000
0.075000 -0.075000 0.150000
0.075000 -0.075000 0.225000
0.075000 -0.075000 0.525000
0.075000 -0.075000 0.600000
0.075000 -0.075000 0.675000
0.075000 0.000000 -1.125000
0.075000 0.000000 -1.050000
0.075000 0.000000 -0.975000
0.075000 0.000000 -0.900000
0.075000 0.000000 -0.600000
0.075000 0.000000 -0.525000
0.075000 0.000000 -0.450000
0.075000 0.000000 -0.375000
0.075000 0.000000 -0.300000
0.075000 0.000000 -0.225000
0.075000 0.000000 -0.150000
0.075000 0.000000 -0.075000
0.075000 0.000000 0.000000
0.075000 0.000000 0.075000
0.075000 0.000000 0.150000
0.075000 0.000000 0.225000
0.075000 0.000000 0.525000
0.075000 0.000000 0.600000
0.075000 0.000000 0.675000
0.075000 0.075000 -1.125000
0.075000 0.075000 -1.050000
0.075000 0.075000 -0.975000
0.075000 0.075000 -0.900000
0.075000 0.075000 -0.825000
0.075000 0.075000 -0.600000
0.075000 0.075000 -0.525000
0.075000 0.075000 -0.450000
0.075000 0.075000 -0.375000
0.075000 0.075000 -0.300000
0.075000 0.075000 -0.225000
0.075000 0.075000 -0.150000
0.075000 0.075000 -0.075000
0.075000 0.075000 0.000000
0.075000 0.075000 0.075000
0.075000 0.075000 0.150000
0.075000 0.075000 0.225000
0.075000 0.075000 0.300000
0.075000 0.075000 0.450000
0.075000 0.075000 0.525000
0.075000 0.075000 0.600000
0.075000 0.075000 0.675000
0.075000 0.150000 -1.125000
0.075000 0.150000 -1.050000
0.075000 0.150000 -0.975000
0.075000 0.150000 -0.900000
0.075000 0.150000 -0.825000
0.075000 0.150000 -0.750000
0.075000 0.150000 -0.675000
0.075000 0.150000 -0.600000
0.075000 0.150000 -0.525000
0.075000 0.150000 -0.450000
0.075000 0.150000 -0.375000
0.075000 0.150000 -0.300000
0.075000 0.150000 -0.225000
0.075000 0.150000 -0.150000
0.075000 0.150000 -0.075000
0.075000 0.150000 0.000000
0.075000 0.150000 0.075000
0.075000 0.150000 0.150000
0.075000 0.150000 0.225000
0.075000 0.150000 0.300000
0.075000 0.150000 0.375000
0.075000 0.150000 0.450000
0.075000 0.150000 0.525000
0.075000 0.150000 0.600000
0.075000 0.150000 0.675000
0.075000 0.225000 -1.050000
0.075000 0.225000 -0.975000
0.075000 0.225000 -0.900000
0.075000 0.225000 -0.825000
0.075000 0.225000 -0.750000
0.075000 0.225000 -0.675000
0.075000 0.225000 -0.600000
0.075000 0.225000 -0.525000
0.075000 0.225000 -0.450000
0.075000 0.225000 -0.375000
0.075000 0.225000 -0.300000
0.075000 0.225000 -0.225000
0.075000 0.225000 -0.150000
0.075000 0.225000 -0.075000
0.075000 0.225000 0.000000
0.075000 0.225000 0.075000
0.075000 0.225000 0.150000
0.075000 0.225000 0.225000
0.075000 0.225000 0.300000
0.075000 0.225000 0.375000
0.075000 0.225000 0.450000
0.075000 0.225000 0.525000
0.075000 0.225000 0.600000
0.150000 -0.375000 -0.675000
0.150000 -0.375000 -0.600000
0.150000 -0.375000 -0.525000
0.150000 -0.375000 -0.450000
0.150000 -0.300000 -0.975000
0.150000 -0.300000 -0.900000
0.150000 -0.300000 -0.825000
0.150000 -0.300000 -0.750000
0.150000 -0.300000 -0.675000
0.150000 -0.300000 -0.600000
0.150000 -0.300000 -0.525000
0.150000 -0.300000 -0.450000
0.150000 -0.300000 -0.375000
0.150000 -0.300000 -0.300000
0.150000 -0.300000 -0.225000
0.150000 -0.300000 -0.150000
0.150000 -0.300000 -0.075000
0.150000 -0.300000 0.000000
0.150000 -0.300000 0.075000
0.150000 -0.300000 0.150000
0.150000 -0.300000 0.225000
0.150000 -0.300000 0.300000
0.150000 -0.300000 0.375000
0.150000 -0.300000 0.450000
0.150000 -0.300000 0.525000
0.150000 -0.300000 0.600000
0.150000 -0.225000 -1.050000
0.150000 -0.225000 -0.975000
0.150000 -0.225000 -0.900000
0.150000 -0.225000 -0.825000
0.150000 -0.225000 -0.750000
0.150000 -0.225000 -0.675000
0.150000 -0.225000 -0.600000
0.150000 -0.225000 -0.525000
0.150000 -0.225000 -0.450000
0.150000 -0.225000 -0.375000
0.150000 -0.225000 -0.300000
0.150000 -0.225000 -0.225000
0.150000 -0.225000 -0.150000
0.150000 -0.225000 -0.075000
0.150000 -0.225000 0.000000
0.150000 -0.225000 0.075000
0.150000 -0.225000 0.150000
0.150000 -0.225000 0.225000
0.150000 -0.225000 0.300000
0.150000 -0.225000 0.375000
0.150000 -0.225000 0.450000
0.150000 -0.225000 0.525000
0.150000 -0.225000 0.600000
0.150000 -0.150000 -1.125000
0.150000 -0.150000 -1.050000
0.150000 -0.150000 -0.975000
0.150000 -0.150000 -0.900000
0.150000 -0.150000 -0.825000
0.150000 -0.150000 -0.750000
0.150000 -0.150000 -0.675000
0.150000 -0.150000 -0.525000
0.150000 -0.150000 -0.450000
0.150000 -0.150000 -0.375000
0.150000 -0.150000 -0.300000
0.150000 -0.150000 -0.225000
0.150000 -0.150000 -0.150000
0.150000 -0.150000 -0.075000
0.150000 -0.150000 0.000000
0.150000 -0.150000 0.075000
0.150000 -0.150000 0.150000
0.150000 -0.150000 0.300000
0.150000 -0.150000 0.375000
0.150000 -0.150000 0.450000
0.150000 -0.150000 0.525000
0.150000 -0.150000 0.600000
0.150000 -0.075000 -1.125000
0.150000 -0.075000 -1.050000
0.150000 -0.075000 -0.975000
0.150000 -0.075000 -0.900000
0.150000 -0.075000 -0.825000
0.150000 -0.075000 -0.750000
0.150000 -0.075000 0.375000
0.150000 -0.075000 0.450000
0.150000 -0.075000 0.525000
0.150000 -0.075000 0.600000
0.150000 0.000000 -1.125000
0.150000 0.000000 -1.050000
0.150000 0.000000 -0.975000
0.150000 0.000000 -0.900000
0.150000 0.000000 -0.825000
0.150000 0.000000 -0.750000
0.150000 0.000000 0.375000
0.150000 0.000000 0.450000
0.150000 0.000000 0.525000
0.150000 0.000000 0.600000
0.150000 0.075000 -1.125000
0.150000 0.075000 -1.050000
0.150000 0.075000 -0.975000
0.150000 0.075000 -0.900000
0.150000 0.075000 -0.825000
0.150000 0.075000 -0.750000
0.150000 0.075000 -0.675000
0.150000 0.075000 -0.525000
0.150000 0.075000 -0.450000
0.150000 0.075000 -0.375000
0.150000 0.075000 -0.300000
0.150000 0.075000 -0.225000
0.150000 0.075000 -0.150000
0.150000 0.075000 -0.075000
0.150000 0.075000 0.000000
0.150000 0.075000 0.075000
0.150000 0.075000 0.150000
0.150000 0.075000 0.300000
0.150000 0.075000 0.375000
0.150000 0.075000 0.450000
0.150000 0.075000 0.525000
0.150000 0.075000 0.600000
0.150000 0.150000 -1.050000
0.150000 0.150000 -0.975000
0.150000 0.150000 -0.900000
0.150000 0.150000 -0.825000
0.150000 0.150000 -0.750000
0.150000 0.150000 -0.675000
0.150000 0.150000 -0.600000
0.150000 0.150000 -0.525000
0.150000 0.150000 -0.450000
0.150000 0.150000 -0.375000
0.150000 0.150000 -0.300000
0.150000 0.150000 -0.225000
0.150000 0.150000 -0.150000
0.150000 0.150000 -0.075000
0.150000 0.150000 0.000000
0.150000 0.150000 0.075000
0.150000 0.150000 0.150000
0.150000 0.150000 0.225000
0.150000 0.150000 0.300000
0.150000 0.150000 0.375000
0.150000 0.150000 0.450000
0.150000 0.150000 0.525000
0.150000 0.150000 0.600000
0.150000 0.225000 -1.050000
0.150000 0.225000 -0.975000
0.150000 0.225000 -0.900000
0.150000 0.225000 -0.825000
0.150000 0.225000 -0.750000
0.150000 0.225000 -0.675000
0.150000 0.225000 -0.600000
0.150000 0.225000 -0.525000
0.150000 0.225000 -0.450000
0.150000 0.225000 -0.375000
0.150000 0.225000 -0.300000
0.150000 0.225000 -0.225000
0.150000 0.225000 -0.150000
0.150000 0.225000 -0.075000
0.150000 0.225000 0.000000
0.150000 0.225000 0.075000
0.150000 0.225000 0.150000
0.150000 0.225000 0.225000
0.150000 0.225000 0.300000
0.150000 0.225000 0.375000
0.150000 0.225000 0.450000
0.150000 0.225000 0.525000
0.150000 0.225000 0.600000
0.150000 0.300000 -0.525000
0.150000 0.300000 -0.450000
0.150000 0.300000 -0.375000
0.150000 0.300000 -0.300000
0.150000 0.300000 -0.225000
0.150000 0.300000 -0.150000
0.225000 -0.375000 -0.675000
0.225000 -0.375000 -0.600000
0.225000 -0.375000 -0.525000
0.225000 -0.375000 -0.450000
0.225000 -0.300000 -0.900000
0.225000 -0.300000 -0.825000
0.225000 -0.300000 -0.750000
0.225000 -0.300000 -0.675000
0.225000 -0.300000 -0.600000
0.225000 -0.300000 -0.525000
0.225000 -0.300000 -0.450000
0.225000 -0.300000 -0.375000
0.225000 -0.300000 -0.300000
0.225000 -0.300000 -0.225000
0.225000 -0.300000 -0.150000
0.225000 -0.300000 -0.075000
0.225000 -0.300000 0.000000
0.225000 -0.300000 0.075000
0.225000 -0.300000 0.150000
0.225000 -0.300000 0.225000
0.225000 -0.300000 0.300000
0.225000 -0.300000 0.375000
0.225000 -0.300000 0.450000
0.225000 -0.300000 0.525000
0.225000 -0.225000 -0.975000
0.225000 -0.225000 -0.900000
0.225000 -0.225000 -0.825000
0.225000 -0.225000 -0.750000
0.225000 -0.225000 -0.675000
0.225000 -0.225000 -0.600000
0.225000 -0.225000 -0.525000
0.225000 -0.225000 -0.450000
0.225000 -0.225000 -0.375000
0.225000 -0.225000 -0.300000
0.225000 -0.225000 -0.225000
0.225000 -0.225000 -0.150000
0.225000 -0.225000 -0.075000
0.225000 -0.225000 0.000000
0.225000 -0.225000 0.075000
0.225000 -0.225000 0.150000
0.225000 -0.225000 0.225000
0.225000 -0.225000 0.300000
0.225000 -0.225000 0.375000
0.225000 -0.225000 0.450000
0.225000 -0.225000 0.525000
0.225000 -0.225000 0.600000
0.225000 -0.150000 -0.975000
0.225000 -0.150000 -0.900000
0.225000 -0.150000 -0.825000
0.225000 -0.150000 -0.750000
0.225000 -0.150000 -0.675000
0.225000 -0.150000 -0.600000
0.225000 -0.150000 -0.525000
0.225000 -0.150000 0.150000
0.225000 -0.150000 0.225000
0.225000 -0.150000 0.300000
0.225000 -0.150000 0.375000
0.225000 -0.150000 0.450000
0.225000 -0.150000 0.525000
0.225000 -0.150000 0.600000
0.225000 -0.075000 -1.050000
0.225000 -0.075000 -0.975000
0.225000 -0.075000 -0.900000
0.225000 -0.075000 -0.825000
0.225000 -0.075000 -0.750000
0.225000 -0.075000 -0.675000
0.225000 -0.075000 -0.600000
0.225000 -0.075000 0.225000
0.225000 -0.075000 0.300000
0.225000 -0.075000 0.375000
0.225000 -0.075000 0.450000
0.225000 -0.075000 0.525000
0.225000 -0.075000 0.600000
0.225000 0.000000 -1.050000
0.225000 0.000000 -0.975000
0.225000 0.000000 -0.900000
0.225000 0.000000 -0.825000
0.225000 0.000000 -0.750000
0.225000 0.000000 -0.675000
0.225000 0.000000 -0.600000
0.225000 0.000000 0.300000
0.225000 0.000000 0.375000
0.225000 0.000000 0.450000
0.225000 0.000000 0.525000
0.225000 0.000000 0.600000
0.225000 0.075000 -0.975000
0.225000 0.075000 -0.900000
0.225000 0.075000 -0.825000
0.225000 0.075000 -0.750000
0.225000 0.075000 -0.675000
0.225000 0.075000 -0.600000
0.225000 0.075000 -0.525000
0.225000 0.075000 0.150000
0.225000 0.075000 0.225000
0.225000 0.075000 0.300000
0.225000 0.075000 0.375000
0.225000 0.075000 0.450000
0.225000 0.075000 0.525000
0.225000 0.075000 0.600000
0.225000 0.150000 -0.975000
0.225000 0.150000 -0.900000
0.225000 0.150000 -0.825000
0.225000 0.150000 -0.750000
0.225000 0.150000 -0.675000
0.225000 0.150000 -0.600000
0.225000 0.150000 -0.525000
0.225000 0.150000 -0.450000
0.225000 0.150000 -0.375000
0.225000 0.150000 -0.300000
0.225000 0.150000 -0.225000
0.225000 0.150000 -0.150000
0.225000 0.150000 -0.075000
0.225000 0.150000 0.000000
0.225000 0.150000 0.075000
0.225000 0.150000 0.150000
0.225000 0.150000 0.225000
0.225000 0.150000 0.300000
0.225000 0.150000 0.375000
0.225000 0.150000 0.450000
0.225000 0.150000 0.525000
0.225000 0.150000 0.600000
0.225000 0.225000 -0.900000
0.225000 0.225000 -0.825000
0.225000 0.225000 -0.750000
0.225000 0.225000 -0.675000
0.225000 0.225000 -0.600000
0.225000 0.225000 -0.525000
0.225000 0.225000 -0.450000
0.225000 0.225000 -0.375000
0.225000 0.225000 -0.300000
0.225000 0.225000 -0.225000
0.225000 0.225000 -0.150000
0.225000 0.225000 -0.075000
0.225000 0.225000 0.000000
0.225000 0.225000 0.075000
0.225000 0.225000 0.150000
0.225000 0.225000 0.225000
0.225000 0.225000 0.300000
0.225000 0.225000 0.375000
0.225000 0.225000 0.450000
0.225000 0.225000 0.525000
0.225000 0.300000 -0.525000
0.225000 0.300000 -0.450000
0.225000 0.300000 -0.375000
0.225000 0.300000 -0.300000
0.225000 0.300000 -0.225000
0.225000 0.300000 -0.150000
0.300000 -0.375000 -0.600000
0.300000 -0.375000 -0.525000
0.300000 -0.375000 -0.450000
0.300000 -0.300000 -0.750000
0.300000 -0.300000 -0.675000
0.300000 -0.300000 -0.600000
0.300000 -0.300000 -0.525000
0.300000 -0.300000 -0.450000
0.300000 -0.300000 -0.375000
0.300000 -0.300000 -0.300000
0.300000 -0.300000 -0.225000
0.300000 -0.300000 -0.150000
0.300000 -0.300000 -0.075000
0.300000 -0.300000 0.000000
0.300000 -0.300000 0.075000
0.300000 -0.300000 0.150000
0.300000 -0.300000 0.225000
0.300000 -0.300000 0.300000
0.300000 -0.300000 0.375000
0.300000 -0.225000 -0.825000
0.300000 -0.225000 -0.750000
0.300000 -0.225000 -0.675000
0.300000 -0.225000 -0.600000
0.300000 -0.225000 -0.525000
0.300000 -0.225000 -0.450000
0.300000 -0.225000 -0.375000
0.300000 -0.225000 -0.300000
0.300000 -0.225000 -0.225000
0.300000 -0.225000 -0.150000
0.300000 -0.225000 -0.075000
0.300000 -0.225000 0.000000
0.300000 -0.225000 0.075000
0.300000 -0.225000 0.150000
0.300000 -0.225000 0.225000
0.300000 -0.225000 0.300000
0.300000 -0.225000 0.375000
0.300000 -0.225000 0.450000
0.300000 -0.150000 -0.825000
0.300000 -0.150000 -0.750000
0.300000 -0.150000 -0.675000
0.300000 -0.150000 -0.600000
0.300000 -0.150000 -0.525000
0.300000 -0.150000 -0.450000
0.300000 -0.150000 -0.375000
0.300000 -0.150000 -0.300000
0.300000 -0.150000 -0.225000
0.300000 -0.150000 -0.150000
0.300000 -0.150000 -0.075000
0.300000 -0.150000 0.000000
0.300000 -0.150000 0.075000
0.300000 -0.150000 0.150000
0.300000 -0.150000 0.225000
0.300000 -0.150000 0.300000
0.300000 -0.150000 0.375000
0.300000 -0.150000 0.450000
0.300000 -0.150000 0.525000
0.300000 -0.075000 -0.825000
0.300000 -0.075000 -0.750000
0.300000 -0.075000 -0.675000
0.300000 -0.075000 -0.600000
0.300000 -0.075000 -0.525000
0.300000 -0.075000 -0.075000
0.300000 -0.075000 0.000000
0.300000 -0.075000 0.075000
0.300000 -0.075000 0.150000
0.300000 -0.075000 0.225000
0.300000 -0.075000 0.300000
0.300000 -0.075000 0.375000
0.300000 -0.075000 0.450000
0.300000 -0.075000 0.525000
0.300000 0.000000 -0.825000
0.300000 0.000000 -0.750000
0.300000 0.000000 -0.675000
0.300000 0.000000 -0.600000
0.300000 0.000000 -0.525000
0.300000 0.000000 -0.450000
0.300000 0.000000 -0.375000
0.300000 0.000000 -0.300000
0.300000 0.000000 -0.225000
0.300000 0.000000 -0.150000
0.300000 0.000000 -0.075000
0.300000 0.000000 0.000000
0.300000 0.000000 0.075000
0.300000 0.000000 0.150000
0.300000 0.000000 0.225000
0.300000 0.000000 0.300000
0.300000 0.000000 0.375000
0.300000 0.000000 0.450000
0.300000 0.000000 0.525000
0.300000 0.075000 -0.825000
0.300000 0.075000 -0.750000
0.300000 0.075000 -0.675000
0.300000 0.075000 -0.600000
0.300000 0.075000 -0.525000
0.300000 0.075000 -0.450000
0.300000 0.075000 -0.375000
0.300000 0.075000 -0.300000
0.300000 0.075000 -0.225000
0.300000 0.075000 -0.150000
0.300000 0.075000 -0.075000
0.300000 0.075000 0.000000
0.300000 0.075000 0.075000
0.300000 0.075000 0.150000
0.300000 0.075000 0.225000
0.300000 0.075000 0.300000
0.300000 0.075000 0.375000
0.300000 0.075000 0.450000
0.300000 0.075000 0.525000
0.300000 0.150000 -0.825000
0.300000 0.150000 -0.750000
0.300000 0.150000 -0.675000
0.300000 0.150000 -0.600000
0.300000 0.150000 -0.525000
0.300000 0.150000 -0.450000
0.300000 0.150000 -0.375000
0.300000 0.150000 -0.300000
0.300000 0.150000 -0.225000
0.300000 0.150000 -0.150000
0.300000 0.150000 -0.075000
0.300000 0.150000 0.000000
0.300000 0.150000 0.075000
0.300000 0.150000 0.150000
0.300000 0.150000 0.225000
0.300000 0.150000 0.300000
0.300000 0.150000 0.375000
0.300000 0.150000 0.450000
0.300000 0.150000 0.525000
0.300000 0.225000 -0.750000
0.300000 0.225000 -0.675000
0.300000 0.225000 -0.600000
0.300000 0.225000 -0.525000
0.300000 0.225000 -0.450000
0.300000 0.225000 -0.375000
0.300000 0.225000 -0.300000
0.300000 0.225000 -0.225000
0.300000 0.225000 -0.150000
0.300000 0.225000 -0.075000
0.300000 0.225000 0.000000
0.300000 0.225000 0.075000
0.300000 0.225000 0.150000
0.300000 0.225000 0.225000
0.300000 0.225000 0.300000
0.300000 0.225000 0.375000
0.300000 0.300000 -0.525000
0.300000 0.300000 -0.450000
0.300000 0.300000 -0.375000
0.300000 0.300000 -0.300000
0.300000 0.300000 -0.225000
0.300000 0.300000 -0.150000
0.375000 -0.300000 -0.600000
0.375000 -0.300000 -0.525000
0.375000 -0.300000 -0.450000
0.375000 -0.300000 -0.375000
0.375000 -0.300000 -0.300000
0.375000 -0.300000 -0.225000
0.375000 -0.300000 -0.150000
0.375000 -0.300000 -0.075000
0.375000 -0.300000 0.000000
0.375000 -0.300000 0.075000
0.375000 -0.300000 0.150000
0.375000 -0.300000 0.225000
0.375000 -0.225000 -0.675000
0.375000 -0.225000 -0.600000
0.375000 -0.225000 -0.525000
0.375000 -0.225000 -0.450000
0.375000 -0.225000 -0.375000
0.375000 -0.225000 -0.300000
0.375000 -0.225000 -0.225000
0.375000 -0.225000 -0.150000
0.375000 -0.225000 -0.075000
0.375000 -0.225000 0.000000
0.375000 -0.225000 0.075000
0.375000 -0.225000 0.150000
0.375000 -0.225000 0.225000
0.375000 -0.225000 0.300000
0.375000 -0.150000 -0.750000
0.375000 -0.150000 -0.675000
0.375000 -0.150000 -0.600000
0.375000 -0.150000 -0.525000
0.375000 -0.150000 -0.450000
0.375000 -0.150000 -0.375000
0.375000 -0.150000 -0.300000
0.375000 -0.150000 -0.225000
0.375000 -0.150000 -0.150000
0.375000 -0.150000 -0.075000
0.375000 -0.150000 0.000000
0.375000 -0.150000 0.075000
0.375000 -0.150000 0.150000
0.375000 -0.150000 0.225000
0.375000 -0.150000 0.300000
0.375000 -0.075000 -0.750000
0.375000 -0.075000 -0.675000
0.375000 -0.075000 -0.600000
0.375000 -0.075000 -0.525000
0.375000 -0.075000 -0.450000
0.375000 -0.075000 -0.375000
0.375000 -0.075000 -0.300000
0.375000 -0.075000 -0.225000
0.375000 -0.075000 -0.150000
0.375000 -0.075000 -0.075000
0.375000 -0.075000 0.000000
0.375000 -0.075000 0.075000
0.375000 -0.075000 0.150000
0.375000 -0.075000 0.225000
0.375000 -0.075000 0.300000
0.375000 0.000000 -0.750000
0.375000 0.000000 -0.675000
0.375000 0.000000 -0.600000
0.375000 0.000000 -0.525000
0.375000 0.000000 -0.450000
0.375000 0.000000 -0.375000
0.375000 0.000000 -0.300000
0.375000 0.000000 -0.225000
0.375000 0.000000 -0.150000
0.375000 0.000000 -0.075000
0.375000 0.000000 0.000000
0.375000 0.000000 0.075000
0.375000 0.000000 0.150000
0.375000 0.000000 0.225000
0.375000 0.000000 0.300000
0.375000 0.075000 -0.750000
0.375000 0.075000 -0.675000
0.375000 0.075000 -0.600000
0.375000 0.075000 -0.525000
0.375000 0.075000 -0.450000
0.375000 0.075000 -0.375000
0.375000 0.075000 -0.300000
0.375000 0.075000 -0.225000
0.375000 0.075000 -0.150000
0.375000 0.075000 -0.075000
0.375000 0.075000 0.000000
0.375000 0.075000 0.075000
0.375000 0.075000 0.150000
0.375000 0.075000 0.225000
0.375000 0.075000 0.300000
0.375000 0.150000 -0.675000
0.375000 0.150000 -0.600000
0.375000 0.150000 -0.525000
0.375000 0.150000 -0.450000
0.375000 0.150000 -0.375000
0.375000 0.150000 -0.300000
0.375000 0.150000 -0.225000
0.375000 0.150000 -0.150000
0.375000 0.150000 -0.075000
0.375000 0.150000 0.000000
0.375000 0.150000 0.075000
0.375000 0.150000 0.150000
0.375000 0.150000 0.225000
0.375000 0.150000 0.300000
0.375000 0.225000 -0.600000
0.375000 0.225000 -0.525000
0.375000 0.225000 -0.450000
0.375000 0.225000 -0.375000
0.375000 0.225000 -0.300000
0.375000 0.225000 -0.225000
0.375000 0.225000 -0.150000
0.375000 0.225000 -0.075000
0.375000 0.225000 0.000000
0.375000 0.225000 0.075000
0.375000 0.225000 0.150000
0.375000 0.225000 0.225000
0.450000 -0.225000 -0.600000
0.450000 -0.225000 -0.525000
0.450000 -0.225000 -0.450000
0.450000 -0.225000 -0.375000
0.450000 -0.225000 -0.300000
0.450000 -0.225000 -0.225000
0.450000 -0.225000 -0.150000
0.450000 -0.225000 -0.075000
0.450000 -0.225000 0.000000
0.450000 -0.150000 -0.675000
0.450000 -0.150000 -0.600000
0.450000 -0.150000 -0.525000
0.450000 -0.150000 -0.450000
0.450000 -0.150000 -0.375000
0.450000 -0.150000 -0.300000
0.450000 -0.150000 -0.225000
0.450000 -0.150000 -0.150000
0.450000 -0.150000 -0.075000
0.450000 -0.150000 0.000000
0.450000 -0.150000 0.075000
0.450000 -0.150000 0.150000
0.450000 -0.150000 0.225000
0.450000 -0.075000 -0.675000
0.450000 -0.075000 -0.600000
0.450000 -0.075000 -0.525000
0.450000 -0.075000 -0.450000
0.450000 -0.075000 -0.375000
0.450000 -0.075000 -0.300000
0.450000 -0.075000 -0.225000
0.450000 -0.075000 -0.150000
0.450000 -0.075000 -0.075000
0.450000 -0.075000 0.000000
0.450000 -0.075000 0.075000
0.450000 -0.075000 0.150000
0.450000 -0.075000 0.225000
0.450000 -0.075000 0.300000
0.450000 0.000000 -0.675000
0.450000 0.000000 -0.600000
0.450000 0.000000 -0.525000
0.450000 0.000000 -0.450000
0.450000 0.000000 -0.375000
0.450000 0.000000 -0.300000
0.450000 0.000000 -0.225000
0.450000 0.000000 -0.150000
0.450000 0.000000 -0.075000
0.450000 0.000000 0.000000
0.450000 0.000000 0.075000
0.450000 0.000000 0.150000
0.450000 0.000000 0.225000
0.450000 0.000000 0.300000
0.450000 0.075000 -0.600000
0.450000 0.075000 -0.525000
0.450000 0.075000 -0.450000
0.450000 0.075000 -0.375000
0.450000 0.075000 -0.300000
0.450000 0.075000 -0.225000
0.450000 0.075000 -0.150000
0.450000 0.075000 -0.075000
0.450000 0.075000 0.000000
0.450000 0.075000 0.075000
0.450000 0.075000 0.150000
0.450000 0.075000 0.225000
0.450000 0.075000 0.300000
0.450000 0.150000 -0.525000
0.450000 0.150000 -0.450000
0.450000 0.150000 -0.375000
0.450000 0.150000 -0.300000
4 0 5 47 40
4 1 41 48 6
4 0 40 41 1
4 47 5 6 48
4 0 1 6 5
4 40 47 48 41
4 1 6 48 41
4 2 42 49 7
4 1 41 42 2
4 48 6 7 49
4 1 2 7 6
4 41 48 49 42
4 2 7 49 42
4 3 43 50 8
4 2 42 43 3
4 49 7 8 50
4 2 3 8 7
4 42 49 50 43
4 3 8 50 43
4 4 44 51 9
4 3 43 44 4
4 50 8 9 51
4 3 4 9 8
4 43 50 51 44
4 5 11 54 47
4 6 48 55 12
4 5 47 48 6
4 54 11 12 55
4 5 6 12 11
4 47 54 55 48
4 6 12 55 48
4 7 49 56 13
4 6 48 49 7
4 55 12 13 56
4 6 7 13 12
4 48 55 56 49
4 7 13 56 49
4 8 50 57 14
4 7 49 50 8
4 56 13 14 57
4 7 8 14 13
4 49 56 57 50
4 8 14 57 50
4 9 51 58 15
4 8 50 51 9
4 57 14 15 58
4 8 9 15 14
4 50 57 58 51
4 9 15 58 51
4 10 52 59 16
4 9 51 52 10
4 58 15 16 59
4 9 10 16 15
4 51 58 59 52
4 11 17 61 54
4 12 55 62 18
4 11 54 55 12
4 61 17 18 62
4 11 12 18 17
4 54 61 62 55
4 12 18 62 55
4 13 56 63 19
4 12 55 56 13
4 62 18 19 63
4 12 13 19 18
4 55 62 63 56
4 13 19 63 56
4 14 57 64 20
4 13 56 57 14
4 63 19 20 64
4 13 14 20 19
4 56 63 64 57
4 14 20 64 57
4 15 58 65 21
4 14 57 58 15
4 64 20 21 65
4 14 15 21 20
4 57 64 65 58
4 15 21 65 58
4 16 59 66 22
4 15 58 59 16
4 65 21 22 66
4 15 16 22 21
4 58 65 66 59
4 17 23 68 61
4 18 62 69 24
4 17 61 62 18
4 68 23 24 69
4 17 18 24 23
4 61 68 69 62
4 18 24 69 62
4 19 63 70 25
4 18 62 63 19
4 69 24 25 70
4 18 19 25 24
4 62 69 70 63
4 19 25 70 63
4 20 64 71 26
4 19 63 64 20
4 70 25 26 71
4 19 20 26 25
4 63 70 71 64
4 20 26 71 64
4 21 65 72 27
4 20 64 65 21
4 71 26 27 72
4 20 21 27 26
4 64 71 72 65
4 21 27 72 65
4 22 66 73 28
4 21 65 66 22
4 72 27 28 73
4 21 22 28 27
4 65 72 73 66
4 23 29 75 68
4 24 69 76 30
4 23 68 69 24
4 75 29 30 76
4 23 24 30 29
4 68 75 76 69
4 24 30 76 69
4 25 70 77 31
4 24 69 70 25
4 76 30 31 77
4 24 25 31 30
4 69 76 77 70
4 25 31 77 70
4 26 71 78 32
4 25 70 71 26
4 77 31 32 78
4 25 26 32 31
4 70 77 78 71
4 26 32 78 71
4 27 72 79 33
4 26 71 72 27
4 78 32 33 79
4 26 27 33 32
4 71 78 79 72
4 27 33 79 72
4 28 73 80 34
4 27 72 73 28
4 79 33 34 80
4 27 28 34 33
4 72 79 80 73
4 35 41 93 87
4 36 88 94 42
4 35 87 88 36
4 93 41 42 94
4 35 36 42 41
4 87 93 94 88
4 36 42 94 88
4 37 89 95 43
4 36 88 89 37
4 94 42 43 95
4 36 37 43 42
4 88 94 95 89
4 37 43 95 89
4 38 90 96 44
4 37 89 90 38
4 95 43 44 96
4 37 38 44 43
4 89 95 96 90
4 38 44 96 90
4 39 91 97 45
4 38 90 91 39
4 96 44 45 97
4 38 39 45 44
4 90 96 97 91
4 40 47 99 92
4 41 93 100 48
4 40 92 93 41
4 99 47 48 100
4 40 41 48 47
4 92 99 100 93
4 41 48 100 93
4 42 94 101 49
4 41 93 94 42
4 100 48 49 101
4 41 42 49 48
4 93 100 101 94
4 42 49 101 94
4 43 95 102 50
4 42 94 95 43
4 101 49 50 102
4 42 43 50 49
4 94 101 102 95
4 43 50 102 95
4 44 96 103 51
4 43 95 96 44
4 102 50 51 103
4 43 44 51 50
4 95 102 103 96
4 44 51 103 96
4 45 97 104 52
4 44 96 97 45
4 103 51 52 104
4 44 45 52 51
4 96 103 104 97
4 45 52 104 97
4 46 98 105 53
4 45 97 98 46
4 104 52 53 105
4 45 46 53 52
4 97 104 105 98
4 47 54 106 99
4 48 100 107 55
4 47 99 100 48
4 106 54 55 107
4 47 48 55 54
4 99 106 107 100
4 50 57 108 102
4 51 103 109 58
4 50 102 103 51
4 108 57 58 109
4 50 51 58 57
4 102 108 109 103
4 51 58 109 103
4 52 104 110 59
4 51 103 104 52
4 109 58 59 110
4 51 52 59 58
4 103 109 110 104
4 52 59 110 104
4 53 105 111 60
4 52 104 105 53
4 110 59 60 111
4 52 53 60 59
4 104 110 111 105
4 54 61 112 106
4 55 107 113 62
4 54 106 107 55
4 112 61 62 113
4 54 55 62 61
4 106 112 113 107
4 58 65 115 109
4 59 110 116 66
4 58 109 110 59
4 115 65 66 116
4 58 59 66 65
4 109 115 116 110
4 59 66 116 110
4 60 111 117 67
4 59 110 111 60
4 116 66 67 117
4 59 60 67 66
4 110 116 117 111
4 61 68 118 112
4 62 113 119 69
4 61 112 113 62
4 118 68 69 119
4 61 62 69 68
4 112 118 119 113
4 65 72 122 115
4 66 116 123 73
4 65 115 116 66
4 122 72 73 123
4 65 66 73 72
4 115 122 123 116
4 66 73 123 116
4 67 117 124 74
4 66 116 117 67
4 123 73 74 124
4 66 67 74 73
4 116 123 124 117
4 68 75 125 118
4 69 119 126 76
4 68 118 119 69
4 125 75 76 126
4 68 69 76 75
4 118 125 126 119
4 69 76 126 119
4 70 120 127 77
4 69 119 120 70
4 126 76 77 127
4 69 70 77 76
4 119 126 127 120
4 70 77 127 120
4 71 121 128 78
4 70 120 121 71
4 127 77 78 128
4 70 71 78 77
4 120 127 128 121
4 71 78 128 121
4 72 122 129 79
4 71 121 122 72
4 128 78 79 129
4 71 72 79 78
4 121 128 129 122
4 72 79 129 122
4 73 123 130 80
4 72 122 123 73
4 129 79 80 130
4 72 73 80 79
4 122 129 130 123
4 73 80 130 123
4 74 124 131 81
4 73 123 124 74
4 130 80 81 131
4 73 74 81 80
4 123 130 131 124
4 76 82 132 126
4 77 127 133 83
4 76 126 127 77
4 132 82 83 133
4 76 77 83 82
4 126 132 133 127
4 77 83 133 127
4 78 128 134 84
4 77 127 128 78
4 133 83 84 134
4 77 78 84 83
4 127 133 134 128
4 78 84 134 128
4 79 129 135 85
4 78 128 129 79
4 134 84 85 135
4 78 79 85 84
4 128 134 135 129
4 79 85 135 129
4 80 130 136 86
4 79 129 130 80
4 135 85 86 136
4 79 80 86 85
4 129 135 136 130
4 87 93 143 137
4 88 138 144 94
4 87 137 138 88
4 143 93 94 144
4 87 88 94 93
4 137 143 144 138
4 88 94 144 138
4 89 139 145 95
4 88 138 139 89
4 144 94 95 145
4 88 89 95 94
4 138 144 145 139
4 89 95 145 139
4 90 140 146 96
4 89 139 140 90
4 145 95 96 146
4 89 90 96 95
4 139 145 146 140
4 90 96 146 140
4 91 141 147 97
4 90 140 141 91
4 146 96 97 147
4 90 91 97 96
4 140 146 147 141
4 92 99 149 142
4 93 143 150 100
4 92 142 143 93
4 149 99 100 150
4 92 93 100 99
4 142 149 150 143
4 93 100 150 143
4 94 144 151 101
4 93 143 144 94
4 150 100 101 151
4 93 94 101 100
4 143 150 151 144
4 94 101 151 144
4 95 145 152 102
4 94 144 145 95
4 151 101 102 152
4 94 95 102 101
4 144 151 152 145
4 96 103 153 146
4 97 147 154 104
4 96 146 147 97
4 153 103 104 154
4 96 97 104 103
4 146 153 154 147
4 97 104 154 147
4 98 148 155 105
4 97 147 148 98
4 154 104 105 155
4 97 98 105 104
4 147 154 155 148
4 99 106 156 149
4 100 150 157 107
4 99 149 150 100
4 156 106 107 157
4 99 100 107 106
4 149 156 157 150
4 104 110 159 154
4 105 155 160 111
4 104 154 155 105
4 159 110 111 160
4 104 105 111 110
4 154 159 160 155
4 106 112 161 156
4 107 157 162 113
4 106 156 157 107
4 161 112 113 162
4 106 107 113 112
4 156 161 162 157
4 110 116 164 159
4 111 160 165 117
4 110 159 160 111
4 164 116 117 165
4 110 111 117 116
4 159 164 165 160
4 112 118 166 161
4 113 162 167 119
4 112 161 162 113
4 166 118 119 167
4 112 113 119 118
4 161 166 167 162
4 113 119 167 162
4 114 163 168 120
4 113 162 163 114
4 167 119 120 168
4 113 114 120 119
4 162 167 168 163
4 116 123 171 164
4 117 165 172 124
4 116 164 165 117
4 171 123 124 172
4 116 117 124 123
4 164 171 172 165
4 118 125 173 166
4 119 167 174 126
4 118 166 167 119
4 173 125 126 174
4 118 119 126 125
4 166 173 174 167
4 119 126 174 167
4 120 168 175 127
4 119 167 168 120
4 174 126 127 175
4 119 120 127 126
4 167 174 175 168
4 122 129 177 170
4 123 171 178 130
4 122 170 171 123
4 177 129 130 178
4 122 123 130 129
4 170 177 178 171
4 123 130 178 171
4 124 172 179 131
4 123 171 172 124
4 178 130 131 179
4 123 124 131 130
4 171 178 179 172
4 126 132 180 174
4 127 175 181 133
4 126 174 175 127
4 180 132 133 181
4 126 127 133 132
4 174 180 181 175
4 127 133 181 175
4 128 176 182 134
4 127 175 176 128
4 181 133 134 182
4 127 128 134 133
4 175 181 182 176
4 128 134 182 176
4 129 177 183 135
4 128 176 177 129
4 182 134 135 183
4 128 129 135 134
4 176 182 183 177
4 129 135 183 177
4 130 178 184 136
4 129 177 178 130
4 183 135 136 184
4 129 130 136 135
4 177 183 184 178
4 138 144 191 185
4 139 186 192 145
4 138 185 186 139
4 191 144 145 192
4 138 139 145 144
4 185 191 192 186
4 139 145 192 186
4 140 187 193 146
4 139 186 187 140
4 192 145 146 193
4 139 140 146 145
4 186 192 193 187
4 140 146 193 187
4 141 188 194 147
4 140 187 188 141
4 193 146 147 194
4 140 141 147 146
4 187 193 194 188
4 142 149 196 189
4 143 190 197 150
4 142 189 190 143
4 196 149 150 197
4 142 143 150 149
4 189 196 197 190
4 143 150 197 190
4 144 191 198 151
4 143 190 191 144
4 197 150 151 198
4 143 144 151 150
4 190 197 198 191
4 144 151 198 191
4 145 192 199 152
4 144 191 192 145
4 198 151 152 199
4 144 145 152 151
4 191 198 199 192
4 146 153 200 193
4 147 194 201 154
4 146 193 194 147
4 200 153 154 201
4 146 147 154 153
4 193 200 201 194
4 147 154 201 194
4 148 195 202 155
4 147 194 195 148
4 201 154 155 202
4 147 148 155 154
4 194 201 202 195
4 149 156 203 196
4 150 197 204 157
4 149 196 197 150
4 203 156 157 204
4 149 150 157 156
4 196 203 204 197
4 150 157 204 197
4 151 198 205 158
4 150 197 198 151
4 204 157 158 205
4 150 151 158 157
4 197 204 205 198
4 154 159 207 201
4 155 202 208 160
4 154 201 202 155
4 207 159 160 208
4 154 155 160 159
4 201 207 208 202
4 156 161 209 203
4 157 204 210 162
4 156 203 204 157
4 209 161 162 210
4 156 157 162 161
4 203 209 210 204
4 157 162 210 204
4 158 205 211 163
4 157 204 205 158
4 210 162 163 211
4 157 158 163 162
4 204 210 211 205
4 159 164 212 207
4 160 208 213 165
4 159 207 208 160
4 212 164 165 213
4 159 160 165 164
4 207 212 213 208
4 161 166 214 209
4 162 210 215 167
4 161 209 210 162
4 214 166 167 215
4 161 162 167 166
4 209 214 215 210
4 162 167 215 210
4 163 211 216 168
4 162 210 211 163
4 215 167 168 216
4 162 163 168 167
4 210 215 216 211
4 164 171 219 212
4 165 213 220 172
4 164 212 213 165
4 219 171 172 220
4 164 165 172 171
4 212 219 220 213
4 167 174 221 215
4 168 216 222 175
4 167 215 216 168
4 221 174 175 222
4 167 168 175 174
4 215 221 222 216
4 168 175 222 216
4 169 217 223 176
4 168 216 217 169
4 222 175 176 223
4 168 169 176 175
4 216 222 223 217
4 170 177 224 218
4 171 219 225 178
4 170 218 219 171
4 224 177 178 225
4 170 171 178 177
4 218 224 225 219
4 171 178 225 219
4 172 220 226 179
4 171 219 220 172
4 225 178 179 226
4 171 172 179 178
4 219 225 226 220
4 174 180 227 221
4 175 222 228 181
4 174 221 222 175
4 227 180 181 228
4 174 175 181 180
4 221 227 228 222
4 175 181 228 222
4 176 223 229 182
4 175 222 223 176
4 228 181 182 229
4 175 176 182 181
4 222 228 229 223
4 176 182 229 223
4 177 224 230 183
4 176 223 224 177
4 229 182 183 230
4 176 177 183 182
4 223 229 230 224
4 177 183 230 224
4 178 225 231 184
4 177 224 225 178
4 230 183 184 231
4 177 178 184 183
4 224 230 231 225
4 185 191 237 232
4 186 233 238 192
4 185 232 233 186
4 237 191 192 238
4 185 186 192 191
4 232 237 238 233
4 186 192 238 233
4 187 234 239 193
4 186 233 234 187
4 238 192 193 239
4 186 187 193 192
4 233 238 239 234
4 187 193 239 234
4 188 235 240 194
4 187 234 235 188
4 239 193 194 240
4 187 188 194 193
4 234 239 240 235
4 190 197 243 236
4 191 237 244 198
4 190 236 237 191
4 243 197 198 244
4 190 191 198 197
4 236 243 244 237
4 191 198 244 237
4 192 238 245 199
4 191 237 238 192
4 244 198 199 245
4 191 192 199 198
4 237 244 245 238
4 193 200 246 239
4 194 240 247 201
4 193 239 240 194
4 246 200 201 247
4 193 194 201 200
4 239 246 247 240
4 194 201 247 240
4 195 241 248 202
4 194 240 241 195
4 247 201 202 248
4 194 195 202 201
4 240 247 248 241
4 196 203 249 242
4 197 243 250 204
4 196 242 243 197
4 249 203 204 250
4 196 197 204 203
4 242 249 250 243
4 197 204 250 243
4 198 244 251 205
4 197 243 244 198
4 250 204 205 251
4 197 198 205 204
4 243 250 251 244
4 198 205 251 244
4 199 245 252 206
4 198 244 245 199
4 251 205 206 252
4 198 199 206 205
4 244 251 252 245
4 201 207 253 247
4 202 248 254 208
4 201 247 248 202
4 253 207 208 254
4 201 202 208 207
4 247 253 254 248
4 203 209 255 249
4 204 250 256 210
4 203 249 250 204
4 255 209 210 256
4 203 204 210 209
4 249 255 256 250
4 204 210 256 250
4 205 251 257 211
4 204 250 251 205
4 256 210 211 257
4 204 205 211 210
4 250 256 257 251
4 207 212 259 253
4 208 254 260 213
4 207 253 254 208
4 259 212 213 260
4 207 208 213 212
4 253 259 260 254
4 210 215 261 256
4 211 257 262 216
4 210 256 257 211
4 261 215 216 262
4 210 211 216 215
4 256 261 262 257
4 212 219 265 259
4 213 260 266 220
4 212 259 260 213
4 265 219 220 266
4 212 213 220 219
4 259 265 266 260
4 215 221 267 261
4 216 262 268 222
4 215 261 262 216
4 267 221 222 268
4 215 216 222 221
4 261 267 268 262
4 216 222 268 262
4 217 263 269 223
4 216 262 263 217
4 268 222 223 269
4 216 217 223 222
4 262 268 269 263
4 218 224 270 264
4 219 265 271 225
4 218 264 265 219
4 270 224 225 271
4 218 219 225 224
4 264 270 271 265
4 219 225 271 265
4 220 266 272 226
4 219 265 266 220
4 271 225 226 272
4 219 220 226 225
4 265 271 272 266
4 222 228 273 268
4 223 269 274 229
4 222 268 269 223
4 273 228 229 274
4 222 223 229 228
4 268 273 274 269
4 223 229 274 269
4 224 270 275 230
4 223 269 270 224
4 274 229 230 275
4 223 224 230 229
4 269 274 275 270
4 224 230 275 270
4 225 271 276 231
4 224 270 271 225
4 275 230 231 276
4 224 225 231 230
4 270 275 276 271
4 232 237 281 277
4 233 278 282 238
4 232 277 278 233
4 281 237 238 282
4 232 233 238 237
4 277 281 282 278
4 233 238 282 278
4 234 279 283 239
4 233 278 279 234
4 282 238 239 283
4 233 234 239 238
4 278 282 283 279
4 234 239 283 279
4 235 280 284 240
4 234 279 280 235
4 283 239 240 284
4 234 235 240 239
4 279 283 284 280
4 237 244 287 281
4 238 282 288 245
4 237 281 282 238
4 287 244 245 288
4 237 238 245 244
4 281 287 288 282
4 239 246 289 283
4 240 284 290 247
4 239 283 284 240
4 289 246 247 290
4 239 240 247 246
4 283 289 290 284
4 240 247 290 284
4 241 285 291 248
4 240 284 285 241
4 290 247 248 291
4 240 241 248 247
4 284 290 291 285
4 243 250 292 286
4 244 287 293 251
4 243 286 287 244
4 292 250 251 293
4 243 244 251 250
4 286 292 293 287
4 244 251 293 287
4 245 288 294 252
4 244 287 288 245
4 293 251 252 294
4 244 245 252 251
4 287 293 294 288
4 247 253 295 290
4 248 291 296 254
4 247 290 291 248
4 295 253 254 296
4 247 248 254 253
4 290 295 296 291
4 250 256 297 292
4 251 293 298 257
4 250 292 293 251
4 297 256 257 298
4 250 251 257 256
4 292 297 298 293
4 253 259 300 295
4 254 296 301 260
4 253 295 296 254
4 300 259 260 301
4 253 254 260 259
4 295 300 301 296
4 256 261 302 297
4 257 298 303 262
4 256 297 298 257
4 302 261 262 303
4 256 257 262 261
4 297 302 303 298
4 257 262 303 298
4 258 299 304 263
4 257 298 299 258
4 303 262 263 304
4 257 258 263 262
4 298 303 304 299
4 259 265 306 300
4 260 301 307 266
4 259 300 301 260
4 306 265 266 307
4 259 260 266 265
4 300 306 307 301
4 261 267 308 302
4 262 303 309 268
4 261 302 303 262
4 308 267 268 309
4 261 262 268 267
4 302 308 309 303
4 262 268 309 303
4 263 304 310 269
4 262 303 304 263
4 309 268 269 310
4 262 263 269 268
4 303 309 310 304
4 264 270 311 305
4 265 306 312 271
4 264 305 306 265
4 311 270 271 312
4 264 265 271 270
4 305 311 312 306
4 265 271 312 306
4 266 307 313 272
4 265 306 307 266
4 312 271 272 313
4 265 266 272 271
4 306 312 313 307
4 268 273 314 309
4 269 310 315 274
4 268 309 310 269
4 314 273 274 315
4 268 269 274 273
4 309 314 315 310
4 269 274 315 310
4 270 311 316 275
4 269 310 311 270
4 315 274 275 316
4 269 270 275 274
4 310 315 316 311
4 270 275 316 311
4 271 312 317 276
4 270 311 312 271
4 316 275 276 317
4 270 271 276 275
4 311 316 317 312
4 277 281 322 318
4 278 319 323 282
4 277 318 319 278
4 322 281 282 323
4 277 278 282 281
4 318 322 323 319
4 278 282 323 319
4 279 320 324 283
4 278 319 320 279
4 323 282 283 324
4 278 279 283 282
4 319 323 324 320
4 279 283 324 320
4 280 321 325 284
4 279 320 321 280
4 324 283 284 325
4 279 280 284 283
4 320 324 325 321
4 281 287 328 322
4 282 323 329 288
4 281 322 323 282
4 328 287 288 329
4 281 282 288 287
4 322 328 329 323
4 283 289 330 324
4 284 325 331 290
4 283 324 325 284
4 330 289 290 331
4 283 284 290 289
4 324 330 331 325
4 284 290 331 325
4 285 326 332 291
4 284 325 326 285
4 331 290 291 332
4 284 285 291 290
4 325 331 332 326
4 287 293 334 328
4 288 329 335 294
4 287 328 329 288
4 334 293 294 335
4 287 288 294 293
4 328 334 335 329
4 290 295 336 331
4 291 332 337 296
4 290 331 332 291
4 336 295 296 337
4 290 291 296 295
4 331 336 337 332
4 292 297 338 333
4 293 334 339 298
4 292 333 334 293
4 338 297 298 339
4 292 293 298 297
4 333 338 339 334
4 293 298 339 334
4 294 335 340 299
4 293 334 335 294
4 339 298 299 340
4 293 294 299 298
4 334 339 340 335
4 295 300 341 336
4 296 337 342 301
4 295 336 337 296
4 341 300 301 342
4 295 296 301 300
4 336 341 342 337
4 297 302 343 338
4 298 339 344 303
4 297 338 339 298
4 343 302 303 344
4 297 298 303 302
4 338 343 344 339
4 298 303 344 339
4 299 340 345 304
4 298 339 340 299
4 344 303 304 345
4 298 299 304 303
4 339 344 345 340
4 300 306 347 341
4 301 342 348 307
4 300 341 342 301
4 347 306 307 348
4 300 301 307 306
4 341 347 348 342
4 303 309 349 344
4 304 345 350 310
4 303 344 345 304
4 349 309 310 350
4 303 304 310 309
4 344 349 350 345
4 305 311 351 346
4 306 347 352 312
4 305 346 347 306
4 351 311 312 352
4 305 306 312 311
4 346 351 352 347
4 306 312 352 347
4 307 348 353 313
4 306 347 348 307
4 352 312 313 353
4 306 307 313 312
4 347 352 353 348
4 309 314 354 349
4 310 350 355 315
4 309 349 350 310
4 354 314 315 355
4 309 310 315 314
4 349 354 355 350
4 310 315 355 350
4 311 351 356 316
4 310 350 351 311
4 355 315 316 356
4 310 311 316 315
4 350 355 356 351
4 311 316 356 351
4 312 352 357 317
4 311 351 352 312
4 356 316 317 357
4 311 312 317 316
4 351 356 357 352
4 318 322 362 358
4 319 359 363 323
4 318 358 359 319
4 362 322 323 363
4 318 319 323 322
4 358 362 363 359
4 319 323 363 359
4 320 360 364 324
4 319 359 360 320
4 363 323 324 364
4 319 320 324 323
4 359 363 364 360
4 320 324 364 360
4 321 361 365 325
4 320 360 361 321
4 364 324 325 365
4 320 321 325 324
4 360 364 365 361
4 322 328 368 362
4 323 363 369 329
4 322 362 363 323
4 368 328 329 369
4 322 323 329 328
4 362 368 369 363
4 324 330 370 364
4 325 365 371 331
4 324 364 365 325
4 370 330 331 371
4 324 325 331 330
4 364 370 371 365
4 325 331 371 365
4 326 366 372 332
4 325 365 366 326
4 371 331 332 372
4 325 326 332 331
4 365 371 372 366
4 327 333 373 367
4 328 368 374 334
4 327 367 368 328
4 373 333 334 374
4 327 328 334 333
4 367 373 374 368
4 328 334 374 368
4 329 369 375 335
4 328 368 369 329
4 374 334 335 375
4 328 329 335 334
4 368 374 375 369
4 331 336 376 371
4 332 372 377 337
4 331 371 372 332
4 376 336 337 377
4 331 332 337 336
4 371 376 377 372
4 333 338 378 373
4 334 374 379 339
4 333 373 374 334
4 378 338 339 379
4 333 334 339 338
4 373 378 379 374
4 334 339 379 374
4 335 375 380 340
4 334 374 375 335
4 379 339 340 380
4 334 335 340 339
4 374 379 380 375
4 336 341 381 376
4 337 377 382 342
4 336 376 377 337
4 381 341 342 382
4 336 337 342 341
4 376 381 382 377
4 338 343 383 378
4 339 379 384 344
4 338 378 379 339
4 383 343 344 384
4 338 339 344 343
4 378 383 384 379
4 339 344 384 379
4 340 380 385 345
4 339 379 380 340
4 384 344 345 385
4 339 340 345 344
4 379 384 385 380
4 341 347 387 381
4 342 382 388 348
4 341 381 382 342
4 387 347 348 388
4 341 342 348 347
4 381 387 388 382
4 344 349 389 384
4 345 385 390 350
4 344 384 385 345
4 389 349 350 390
4 344 345 350 349
4 384 389 390 385
4 346 351 391 386
4 347 387 392 352
4 346 386 387 347
4 391 351 352 392
4 346 347 352 351
4 386 391 392 387
4 347 352 392 387
4 348 388 393 353
4 347 387 388 348
4 392 352 353 393
4 347 348 353 352
4 387 392 393 388
4 349 354 394 389
4 350 390 395 355
4 349 389 390 350
4 394 354 355 395
4 349 350 355 354
4 389 394 395 390
4 350 355 395 390
4 351 391 396 356
4 350 390 391 351
4 395 355 356 396
4 350 351 356 355
4 390 395 396 391
4 351 356 396 391
4 352 392 397 357
4 351 391 392 352
4 396 356 357 397
4 351 352 357 356
4 391 396 397 392
4 358 362 410 399
4 359 400 411 363
4 358 399 400 359
4 410 362 363 411
4 358 359 363 362
4 399 410 411 400
4 359 363 411 400
4 360 401 412 364
4 359 400 401 360
4 411 363 364 412
4 359 360 364 363
4 400 411 412 401
4 360 364 412 401
4 361 402 413 365
4 360 401 402 361
4 412 364 365 413
4 360 361 365 364
4 401 412 413 402
4 362 368 425 410
4 363 411 426 369
4 362 410 411 363
4 425 368 369 426
4 362 363 369 368
4 410 425 426 411
4 364 370 427 412
4 365 413 428 371
4 364 412 413 365
4 427 370 371 428
4 364 365 371 370
4 412 427 428 413
4 365 371 428 413
4 366 414 429 372
4 365 413 414 366
4 428 371 372 429
4 365 366 372 371
4 413 428 429 414
4 367 373 439 424
4 368 425 440 374
4 367 424 425 368
4 439 373 374 440
4 367 368 374 373
4 424 439 440 425
4 368 374 440 425
4 369 426 441 375
4 368 425 426 369
4 440 374 375 441
4 368 369 375 374
4 425 440 441 426
4 371 376 442 428
4 372 429 443 377
4 371 428 429 372
4 442 376 377 443
4 371 372 377 376
4 428 442 443 429
4 373 378 453 439
4 374 440 454 379
4 373 439 440 374
4 453 378 379 454
4 373 374 379 378
4 439 453 454 440
4 374 379 454 440
4 375 441 455 380
4 374 440 441 375
4 454 379 380 455
4 374 375 380 379
4 440 454 455 441
4 376 381 456 442
4 377 443 457 382
4 376 442 443 377
4 456 381 382 457
4 376 377 382 381
4 442 456 457 443
4 378 383 467 453
4 379 454 468 384
4 378 453 454 379
4 467 383 384 468
4 378 379 384 383
4 453 467 468 454
4 379 384 468 454
4 380 455 469 385
4 379 454 455 380
4 468 384 385 469
4 379 380 385 384
4 454 468 469 455
4 381 387 471 456
4 382 457 472 388
4 381 456 457 382
4 471 387 388 472
4 381 382 388 387
4 456 471 472 457
4 384 389 481 468
4 385 469 482 390
4 384 468 469 385
4 481 389 390 482
4 384 385 390 389
4 468 481 482 469
4 385 390 482 469
4 386 470 483 391
4 385 469 470 386
4 482 390 391 483
4 385 386 391 390
4 469 482 483 470
4 386 391 483 470
4 387 471 484 392
4 386 470 471 387
4 483 391 392 484
4 386 387 392 391
4 470 483 484 471
4 387 392 484 471
4 388 472 485 393
4 387 471 472 388
4 484 392 393 485
4 387 388 393 392
4 471 484 485 472
4 389 394 487 481
4 390 482 488 395
4 389 481 482 390
4 487 394 395 488
4 389 390 395 394
4 481 487 488 482
4 390 395 488 482
4 391 483 489 396
4 390 482 483 391
4 488 395 396 489
4 390 391 396 395
4 482 488 489 483
4 391 396 489 483
4 392 484 490 397
4 391 483 484 392
4 489 396 397 490
4 391 392 397 396
4 483 489 490 484
4 398 409 515 500
4 399 501 516 410
4 398 500 501 399
4 515 409 410 516
4 398 399 410 409
4 500 515 516 501
4 399 410 516 501
4 400 502 517 411
4 399 501 502 400
4 516 410 411 517
4 399 400 411 410
4 501 516 517 502
4 400 411 517 502
4 401 503 518 412
4 400 502 503 401
4 517 411 412 518
4 400 401 412 411
4 502 517 518 503
4 401 412 518 503
4 402 504 519 413
4 401 503 504 402
4 518 412 413 519
4 401 402 413 412
4 503 518 519 504
4 403 416 522 505
4 404 506 523 417
4 403 505 506 404
4 522 416 417 523
4 403 404 417 416
4 505 522 523 506
4 404 417 523 506
4 405 507 524 418
4 404 506 507 405
4 523 417 418 524
4 404 405 418 417
4 506 523 524 507
4 405 418 524 507
4 406 508 525 419
4 405 507 508 406
4 524 418 419 525
4 405 406 419 418
4 507 524 525 508
4 406 419 525 508
4 407 509 526 420
4 406 508 509 407
4 525 419 420 526
4 406 407 420 419
4 508 525 526 509
4 407 420 526 509
4 408 510 527 421
4 407 509 510 408
4 526 420 421 527
4 407 408 421 420
4 509 526 527 510
4 409 424 534 515
4 410 516 535 425
4 409 515 516 410
4 534 424 425 535
4 409 410 425 424
4 515 534 535 516
4 410 425 535 516
4 411 517 536 426
4 410 516 517 411
4 535 425 426 536
4 410 411 426 425
4 516 535 536 517
4 412 427 537 518
4 413 519 538 428
4 412 518 519 413
4 537 427 428 538
4 412 413 428 427
4 518 537 538 519
4 413 428 538 519
4 414 520 539 429
4 413 519 520 414
4 538 428 429 539
4 413 414 429 428
4 519 538 539 520
4 415 430 540 521
4 416 522 541 431
4 415 521 522 416
4 540 430 431 541
4 415 416 431 430
4 521 540 541 522
4 416 431 541 522
4 417 523 542 432
4 416 522 523 417
4 541 431 432 542
4 416 417 432 431
4 522 541 542 523
4 417 432 542 523
4 418 524 543 433
4 417 523 524 418
4 542 432 433 543
4 417 418 433 432
4 523 542 543 524
4 418 433 543 524
4 419 525 544 434
4 418 524 525 419
4 543 433 434 544
4 418 419 434 433
4 524 543 544 525
4 419 434 544 525
4 420 526 545 435
4 419 525 526 420
4 544 434 435 545
4 419 420 435 434
4 525 544 545 526
4 420 435 545 526
4 421 527 546 436
4 420 526 527 421
4 545 435 436 546
4 420 421 436 435
4 526 545 546 527
4 421 436 546 527
4 422 528 547 437
4 421 527 528 422
4 546 436 437 547
4 421 422 437 436
4 527 546 547 528
4 423 438 552 533
4 424 534 553 439
4 423 533 534 424
4 552 438 439 553
4 423 424 439 438
4 533 552 553 534
4 424 439 553 534
4 425 535 554 440
4 424 534 535 425
4 553 439 440 554
4 424 425 440 439
4 534 553 554 535
4 425 440 554 535
4 426 536 555 441
4 425 535 536 426
4 554 440 441 555
4 425 426 441 440
4 535 554 555 536
4 428 442 556 538
4 429 539 557 443
4 428 538 539 429
4 556 442 443 557
4 428 429 443 442
4 538 556 557 539
4 430 444 558 540
4 431 541 559 445
4 430 540 541 431
4 558 444 445 559
4 430 431 445 444
4 540 558 559 541
4 431 445 559 541
4 432 542 560 446
4 431 541 542 432
4 559 445 446 560
4 431 432 446 445
4 541 559 560 542
4 432 446 560 542
4 433 543 561 447
4 432 542 543 433
4 560 446 447 561
4 432 433 447 446
4 542 560 561 543
4 433 447 561 543
4 434 544 562 448
4 433 543 544 434
4 561 447 448 562
4 433 434 448 447
4 543 561 562 544
4 434 448 562 544
4 435 545 563 449
4 434 544 545 435
4 562 448 449 563
4 434 435 449 448
4 544 562 563 545
4 435 449 563 545
4 436 546 564 450
4 435 545 546 436
4 563 449 450 564
4 435 436 450 449
4 545 563 564 546
4 436 450 564 546
4 437 547 565 451
4 436 546 547 437
4 564 450 451 565
4 436 437 451 450
4 546 564 565 547
4 438 452 570 552
4 439 553 571 453
4 438 552 553 439
4 570 452 453 571
4 438 439 453 452
4 552 570 571 553
4 439 453 571 553
4 440 554 572 454
4 439 553 554 440
4 571 453 454 572
4 439 440 454 453
4 553 571 572 554
4 442 456 574 556
4 443 557 575 457
4 442 556 557 443
4 574 456 457 575
4 442 443 457 456
4 556 574 575 557
4 444 458 576 558
4 445 559 577 459
4 444 558 559 445
4 576 458 459 577
4 444 445 459 458
4 558 576 577 559
4 445 459 577 559
4 446 560 578 460
4 445 559 560 446
4 577 459 460 578
4 445 446 460 459
4 559 577 578 560
4 446 460 578 560
4 447 561 579 461
4 446 560 561 447
4 578 460 461 579
4 446 447 461 460
4 560 578 579 561
4 447 461 579 561
4 448 562 580 462
4 447 561 562 448
4 579 461 462 580
4 447 448 462 461
4 561 579 580 562
4 448 462 580 562
4 449 563 581 463
4 448 562 563 449
4 580 462 463 581
4 448 449 463 462
4 562 580 581 563
4 449 463 581 563
4 450 564 582 464
4 449 563 564 450
4 581 463 464 582
4 449 450 464 463
4 563 581 582 564
4 450 464 582 564
4 451 565 583 465
4 450 564 565 451
4 582 464 465 583
4 450 451 465 464
4 564 582 583 565
4 452 466 588 570
4 453 571 589 467
4 452 570 571 453
4 588 466 467 589
4 452 453 467 466
4 570 588 589 571
4 453 467 589 571
4 454 572 590 468
4 453 571 572 454
4 589 467 468 590
4 453 454 468 467
4 571 589 590 572
4 454 468 590 572
4 455 573 591 469
4 454 572 573 455
4 590 468 469 591
4 454 455 469 468
4 572 590 591 573
4 456 471 593 574
4 457 575 594 472
4 456 574 575 457
4 593 471 472 594
4 456 457 472 471
4 574 593 594 575
4 459 473 596 577
4 460 578 597 474
4 459 577 578 460
4 596 473 474 597
4 459 460 474 473
4 577 596 597 578
4 460 474 597 578
4 461 579 598 475
4 460 578 579 461
4 597 474 475 598
4 460 461 475 474
4 578 597 598 579
4 461 475 598 579
4 462 580 599 476
4 461 579 580 462
4 598 475 476 599
4 461 462 476 475
4 579 598 599 580
4 462 476 599 580
4 463 581 600 477
4 462 580 581 463
4 599 476 477 600
4 462 463 477 476
4 580 599 600 581
4 463 477 600 581
4 464 582 601 478
4 463 581 582 464
4 600 477 478 601
4 463 464 478 477
4 581 600 601 582
4 464 478 601 582
4 465 583 602 479
4 464 582 583 465
4 601 478 479 602
4 464 465 479 478
4 582 601 602 583
4 467 480 606 589
4 468 590 607 481
4 467 589 590 468
4 606 480 481 607
4 467 468 481 480
4 589 606 607 590
4 468 481 607 590
4 469 591 608 482
4 468 590 591 469
4 607 481 482 608
4 468 469 482 481
4 590 607 608 591
4 470 483 609 592
4 471 593 610 484
4 470 592 593 471
4 609 483 484 610
4 470 471 484 483
4 592 609 610 593
4 471 484 610 593
4 472 594 611 485
4 471 593 594 472
4 610 484 485 611
4 471 472 485 484
4 593 610 611 594
4 480 486 621 606
4 481 607 622 487
4 480 606 607 481
4 621 486 487 622
4 480 481 487 486
4 606 621 622 607
4 481 487 622 607
4 482 608 623 488
4 481 607 608 482
4 622 487 488 623
4 481 482 488 487
4 607 622 623 608
4 482 488 623 608
4 483 609 624 489
4 482 608 609 483
4 623 488 489 624
4 482 483 489 488
4 608 623 624 609
4 483 489 624 609
4 484 610 625 490
4 483 609 610 484
4 624 489 490 625
4 483 484 490 489
4 609 624 625 610
4 491 505 643 626
4 492 627 644 506
4 491 626 627 492
4 643 505 506 644
4 491 492 506 505
4 626 643 644 627
4 492 506 644 627
4 493 628 645 507
4 492 627 628 493
4 644 506 507 645
4 492 493 507 506
4 627 644 645 628
4 493 507 645 628
4 494 629 646 508
4 493 628 629 494
4 645 507 508 646
4 493 494 508 507
4 628 645 646 629
4 494 508 646 629
4 495 630 647 509
4 494 629 630 495
4 646 508 509 647
4 494 495 509 508
4 629 646 647 630
4 495 509 647 630
4 496 631 648 510
4 495 630 631 496
4 647 509 510 648
4 495 496 510 509
4 630 647 648 631
4 496 510 648 631
4 497 632 649 511
4 496 631 632 497
4 648 510 511 649
4 496 497 511 510
4 631 648 649 632
4 497 511 649 632
4 498 633 650 512
4 497 632 633 498
4 649 511 512 650
4 497 498 512 511
4 632 649 650 633
4 499 514 660 637
4 500 638 661 515
4 499 637 638 500
4 660 514 515 661
4 499 500 515 514
4 637 660 661 638
4 500 515 661 638
4 501 639 662 516
4 500 638 639 501
4 661 515 516 662
4 500 501 516 515
4 638 661 662 639
4 501 516 662 639
4 502 640 663 517
4 501 639 640 502
4 662 516 517 663
4 501 502 517 516
4 639 662 663 640
4 502 517 663 640
4 503 641 664 518
4 502 640 641 503
4 663 517 518 664
4 502 503 518 517
4 640 663 664 641
4 503 518 664 641
4 504 642 665 519
4 503 641 642 504
4 664 518 519 665
4 503 504 519 518
4 641 664 665 642
4 505 522 668 643
4 506 644 669 523
4 505 643 644 506
4 668 522 523 669
4 505 506 523 522
4 643 668 669 644
4 506 523 669 644
4 507 645 670 524
4 506 644 645 507
4 669 523 524 670
4 506 507 524 523
4 644 669 670 645
4 507 524 670 645
4 508 646 671 525
4 507 645 646 508
4 670 524 525 671
4 507 508 525 524
4 645 670 671 646
4 508 525 671 646
4 509 647 672 526
4 508 646 647 509
4 671 525 526 672
4 508 509 526 525
4 646 671 672 647
4 509 526 672 647
4 510 648 673 527
4 509 647 648 510
4 672 526 527 673
4 509 510 527 526
4 647 672 673 648
4 510 527 673 648
4 511 649 674 528
4 510 648 649 511
4 673 527 528 674
4 510 511 528 527
4 648 673 674 649
4 511 528 674 649
4 512 650 675 529
4 511 649 650 512
4 674 528 529 675
4 511 512 529 528
4 649 674 675 650
4 513 532 684 659
4 514 660 685 533
4 513 659 660 514
4 684 532 533 685
4 513 514 533 532
4 659 684 685 660
4 514 533 685 660
4 515 661 686 534
4 514 660 661 515
4 685 533 534 686
4 514 515 534 533
4 660 685 686 661
4 515 534 686 661
4 516 662 687 535
4 515 661 662 516
4 686 534 535 687
4 515 516 535 534
4 661 686 687 662
4 518 537 688 664
4 519 665 689 538
4 518 664 665 519
4 688 537 538 689
4 518 519 538 537
4 664 688 689 665
4 519 538 689 665
4 520 666 690 539
4 519 665 666 520
4 689 538 539 690
4 519 520 539 538
4 665 689 690 666
4 521 540 691 667
4 522 668 692 541
4 521 667 668 522
4 691 540 541 692
4 521 522 541 540
4 667 691 692 668
4 522 541 692 668
4 523 669 693 542
4 522 668 669 523
4 692 541 542 693
4 522 523 542 541
4 668 692 693 669
4 526 545 694 672
4 527 673 695 546
4 526 672 673 527
4 694 545 546 695
4 526 527 546 545
4 672 694 695 673
4 527 546 695 673
4 528 674 696 547
4 527 673 674 528
4 695 546 547 696
4 527 528 547 546
4 673 695 696 674
4 528 547 696 674
4 529 675 697 548
4 528 674 675 529
4 696 547 548 697
4 528 529 548 547
4 674 696 697 675
4 529 548 697 675
4 530 676 698 549
4 529 675 676 530
4 697 548 549 698
4 529 530 549 548
4 675 697 698 676
4 531 550 705 683
4 532 684 706 551
4 531 683 684 532
4 705 550 551 706
4 531 532 551 550
4 683 705 706 684
4 532 551 706 684
4 533 685 707 552
4 532 684 685 533
4 706 551 552 707
4 532 533 552 551
4 684 706 707 685
4 533 552 707 685
4 534 686 708 553
4 533 685 686 534
4 707 552 553 708
4 533 534 553 552
4 685 707 708 686
4 534 553 708 686
4 535 687 709 554
4 534 686 687 535
4 708 553 554 709
4 534 535 554 553
4 686 708 709 687
4 538 556 711 689
4 539 690 712 557
4 538 689 690 539
4 711 556 557 712
4 538 539 557 556
4 689 711 712 690
4 540 558 713 691
4 541 692 714 559
4 540 691 692 541
4 713 558 559 714
4 540 541 559 558
4 691 713 714 692
4 546 564 716 695
4 547 696 717 565
4 546 695 696 547
4 716 564 565 717
4 546 547 565 564
4 695 716 717 696
4 547 565 717 696
4 548 697 718 566
4 547 696 697 548
4 717 565 566 718
4 547 548 566 565
4 696 717 718 697
4 548 566 718 697
4 549 698 719 567
4 548 697 698 549
4 718 566 567 719
4 548 549 567 566
4 697 718 719 698
4 550 568 726 705
4 551 706 727 569
4 550 705 706 551
4 726 568 569 727
4 550 551 569 568
4 705 726 727 706
4 551 569 727 706
4 552 707 728 570
4 551 706 707 552
4 727 569 570 728
4 551 552 570 569
4 706 727 728 707
4 552 570 728 707
4 553 708 729 571
4 552 707 708 553
4 728 570 571 729
4 552 553 571 570
4 707 728 729 708
4 556 574 732 711
4 557 712 733 575
4 556 711 712 557
4 732 574 575 733
4 556 557 575 574
4 711 732 733 712
4 558 576 734 713
4 559 714 735 577
4 558 713 714 559
4 734 576 577 735
4 558 559 577 576
4 713 734 735 714
4 559 577 735 714
4 560 715 736 578
4 559 714 715 560
4 735 577 578 736
4 559 560 578 577
4 714 735 736 715
4 564 582 740 716
4 565 717 741 583
4 564 716 717 565
4 740 582 583 741
4 564 565 583 582
4 716 740 741 717
4 565 583 741 717
4 566 718 742 584
4 565 717 718 566
4 741 583 584 742
4 565 566 584 583
4 717 741 742 718
4 566 584 742 718
4 567 719 743 585
4 566 718 719 567
4 742 584 585 743
4 566 567 585 584
4 718 742 743 719
4 568 586 750 726
4 569 727 751 587
4 568 726 727 569
4 750 586 587 751
4 568 569 587 586
4 726 750 751 727
4 569 587 751 727
4 570 728 752 588
4 569 727 728 570
4 751 587 588 752
4 569 570 588 587
4 727 751 752 728
4 570 588 752 728
4 571 729 753 589
4 570 728 729 571
4 752 588 589 753
4 570 571 589 588
4 728 752 753 729
4 571 589 753 729
4 572 730 754 590
4 571 729 730 572
4 753 589 590 754
4 571 572 590 589
4 729 753 754 730
4 574 593 756 732
4 575 733 757 594
4 574 732 733 575
4 756 593 594 757
4 574 575 594 593
4 732 756 757 733
4 576 595 758 734
4 577 735 759 596
4 576 734 735 577
4 758 595 596 759
4 576 577 596 595
4 734 758 759 735
4 577 596 759 735
4 578 736 760 597
4 577 735 736 578
4 759 596 597 760
4 577 578 597 596
4 735 759 760 736
4 578 597 760 736
4 579 737 761 598
4 578 736 737 579
4 760 597 598 761
4 578 579 598 597
4 736 760 761 737
4 579 598 761 737
4 580 738 762 599
4 579 737 738 580
4 761 598 599 762
4 579 580 599 598
4 737 761 762 738
4 580 599 762 738
4 581 739 763 600
4 580 738 739 581
4 762 599 600 763
4 580 581 600 599
4 738 762 763 739
4 581 600 763 739
4 582 740 764 601
4 581 739 740 582
4 763 600 601 764
4 581 582 601 600
4 739 763 764 740
4 582 601 764 740
4 583 741 765 602
4 582 740 741 583
4 764 601 602 765
4 582 583 602 601
4 740 764 765 741
4 583 602 765 741
4 584 742 766 603
4 583 741 742 584
4 765 602 603 766
4 583 584 603 602
4 741 765 766 742
4 587 604 775 751
4 588 752 776 605
4 587 751 752 588
4 775 604 605 776
4 587 588 605 604
4 751 775 776 752
4 588 605 776 752
4 589 753 777 606
4 588 752 753 589
4 776 605 606 777
4 588 589 606 605
4 752 776 777 753
4 589 606 777 753
4 590 754 778 607
4 589 753 754 590
4 777 606 607 778
4 589 590 607 606
4 753 777 778 754
4 592 609 780 755
4 593 756 781 610
4 592 755 756 593
4 780 609 610 781
4 592 593 610 609
4 755 780 781 756
4 593 610 781 756
4 594 757 782 611
4 593 756 757 594
4 781 610 611 782
4 593 594 611 610
4 756 781 782 757
4 596 612 783 759
4 597 760 784 613
4 596 759 760 597
4 783 612 613 784
4 596 597 613 612
4 759 783 784 760
4 597 613 784 760
4 598 761 785 614
4 597 760 761 598
4 784 613 614 785
4 597 598 614 613
4 760 784 785 761
4 598 614 785 761
4 599 762 786 615
4 598 761 762 599
4 785 614 615 786
4 598 599 615 614
4 761 785 786 762
4 599 615 786 762
4 600 763 787 616
4 599 762 763 600
4 786 615 616 787
4 599 600 616 615
4 762 786 787 763
4 600 616 787 763
4 601 764 788 617
4 600 763 764 601
4 787 616 617 788
4 600 601 617 616
4 763 787 788 764
4 601 617 788 764
4 602 765 789 618
4 601 764 765 602
4 788 617 618 789
4 601 602 618 617
4 764 788 789 765
4 602 618 789 765
4 603 766 790 619
4 602 765 766 603
4 789 618 619 790
4 602 603 619 618
4 765 789 790 766
4 605 620 794 776
4 606 777 795 621
4 605 776 777 606
4 794 620 621 795
4 605 606 621 620
4 776 794 795 777
4 606 621 795 777
4 607 778 796 622
4 606 777 778 607
4 795 621 622 796
4 606 607 622 621
4 777 795 796 778
4 607 622 796 778
4 608 779 797 623
4 607 778 779 608
4 796 622 623 797
4 607 608 623 622
4 778 796 797 779
4 608 623 797 779
4 609 780 798 624
4 608 779 780 609
4 797 623 624 798
4 608 609 624 623
4 779 797 798 780
4 609 624 798 780
4 610 781 799 625
4 609 780 781 610
4 798 624 625 799
4 609 610 625 624
4 780 798 799 781
4 626 643 827 804
4 627 805 828 644
4 626 804 805 627
4 827 643 644 828
4 626 627 644 643
4 804 827 828 805
4 627 644 828 805
4 628 806 829 645
4 627 805 806 628
4 828 644 645 829
4 627 628 645 644
4 805 828 829 806
4 628 645 829 806
4 629 807 830 646
4 628 806 807 629
4 829 645 646 830
4 628 629 646 645
4 806 829 830 807
4 629 646 830 807
4 630 808 831 647
4 629 807 808 630
4 830 646 647 831
4 629 630 647 646
4 807 830 831 808
4 630 647 831 808
4 631 809 832 648
4 630 808 809 631
4 831 647 648 832
4 630 631 648 647
4 808 831 832 809
4 631 648 832 809
4 632 810 833 649
4 631 809 810 632
4 832 648 649 833
4 631 632 649 648
4 809 832 833 810
4 632 649 833 810
4 633 811 834 650
4 632 810 811 633
4 833 649 650 834
4 632 633 650 649
4 810 833 834 811
4 633 650 834 811
4 634 812 835 651
4 633 811 812 634
4 834 650 651 835
4 633 634 651 650
4 811 834 835 812
4 635 658 842 819
4 636 820 843 659
4 635 819 820 636
4 842 658 659 843
4 635 636 659 658
4 819 842 843 820
4 636 659 843 820
4 637 821 844 660
4 636 820 821 637
4 843 659 660 844
4 636 637 660 659
4 820 843 844 821
4 637 660 844 821
4 638 822 845 661
4 637 821 822 638
4 844 660 661 845
4 637 638 661 660
4 821 844 845 822
4 638 661 845 822
4 639 823 846 662
4 638 822 823 639
4 845 661 662 846
4 638 639 662 661
4 822 845 846 823
4 639 662 846 823
4 640 824 847 663
4 639 823 824 640
4 846 662 663 847
4 639 640 663 662
4 823 846 847 824
4 640 663 847 824
4 641 825 848 664
4 640 824 825 641
4 847 663 664 848
4 640 641 664 663
4 824 847 848 825
4 641 664 848 825
4 642 826 849 665
4 641 825 826 642
4 848 664 665 849
4 641 642 665 664
4 825 848 849 826
4 643 668 852 827
4 644 828 853 669
4 643 827 828 644
4 852 668 669 853
4 643 644 669 668
4 827 852 853 828
4 644 669 853 828
4 645 829 854 670
4 644 828 829 645
4 853 669 670 854
4 644 645 670 669
4 828 853 854 829
4 649 674 856 833
4 650 834 857 675
4 649 833 834 650
4 856 674 675 857
4 649 650 675 674
4 833 856 857 834
4 650 675 857 834
4 651 835 858 676
4 650 834 835 651
4 857 675 676 858
4 650 651 676 675
4 834 857 858 835
4 651 676 858 835
4 652 836 859 677
4 651 835 836 652
4 858 676 677 859
4 651 652 677 676
4 835 858 859 836
4 652 677 859 836
4 653 837 860 678
4 652 836 837 653
4 859 677 678 860
4 652 653 678 677
4 836 859 860 837
4 653 678 860 837
4 654 838 861 679
4 653 837 838 654
4 860 678 679 861
4 653 654 679 678
4 837 860 861 838
4 654 679 861 838
4 655 839 862 680
4 654 838 839 655
4 861 679 680 862
4 654 655 680 679
4 838 861 862 839
4 655 680 862 839
4 656 840 863 681
4 655 839 840 656
4 862 680 681 863
4 655 656 681 680
4 839 862 863 840
4 656 681 863 840
4 657 841 864 682
4 656 840 841 657
4 863 681 682 864
4 656 657 682 681
4 840 863 864 841
4 657 682 864 841
4 658 842 865 683
4 657 841 842 658
4 864 682 683 865
4 657 658 683 682
4 841 864 865 842
4 658 683 865 842
4 659 843 866 684
4 658 842 843 659
4 865 683 684 866
4 658 659 684 683
4 842 865 866 843
4 659 684 866 843
4 660 844 867 685
4 659 843 844 660
4 866 684 685 867
4 659 660 685 684
4 843 866 867 844
4 660 685 867 844
4 661 845 868 686
4 660 844 845 661
4 867 685 686 868
4 660 661 686 685
4 844 867 868 845
4 664 688 870 848
4 665 849 871 689
4 664 848 849 665
4 870 688 689 871
4 664 665 689 688
4 848 870 871 849
4 665 689 871 849
4 666 850 872 690
4 665 849 850 666
4 871 689 690 872
4 665 666 690 689
4 849 871 872 850
4 667 691 873 851
4 668 852 874 692
4 667 851 852 668
4 873 691 692 874
4 667 668 692 691
4 851 873 874 852
4 668 692 874 852
4 669 853 875 693
4 668 852 853 669
4 874 692 693 875
4 668 669 693 692
4 852 874 875 853
4 674 696 877 856
4 675 857 878 697
4 674 856 857 675
4 877 696 697 878
4 674 675 697 696
4 856 877 878 857
4 675 697 878 857
4 676 858 879 698
4 675 857 858 676
4 878 697 698 879
4 675 676 698 697
4 857 878 879 858
4 676 698 879 858
4 677 859 880 699
4 676 858 859 677
4 879 698 699 880
4 676 677 699 698
4 858 879 880 859
4 677 699 880 859
4 678 860 881 700
4 677 859 860 678
4 880 699 700 881
4 677 678 700 699
4 859 880 881 860
4 678 700 881 860
4 679 861 882 701
4 678 860 861 679
4 881 700 701 882
4 678 679 701 700
4 860 881 882 861
4 679 701 882 861
4 680 862 883 702
4 679 861 862 680
4 882 701 702 883
4 679 680 702 701
4 861 882 883 862
4 680 702 883 862
4 681 863 884 703
4 680 862 863 681
4 883 702 703 884
4 680 681 703 702
4 862 883 884 863
4 681 703 884 863
4 682 864 885 704
4 681 863 864 682
4 884 703 704 885
4 681 682 704 703
4 863 884 885 864
4 682 704 885 864
4 683 865 886 705
4 682 864 865 683
4 885 704 705 886
4 682 683 705 704
4 864 885 886 865
4 683 705 886 865
4 684 866 887 706
4 683 865 866 684
4 886 705 706 887
4 683 684 706 705
4 865 886 887 866
4 684 706 887 866
4 685 867 888 707
4 684 866 867 685
4 887 706 707 888
4 684 685 707 706
4 866 887 888 867
4 688 710 889 870
4 689 871 890 711
4 688 870 871 689
4 889 710 711 890
4 688 689 711 710
4 870 889 890 871
4 689 711 890 871
4 690 872 891 712
4 689 871 872 690
4 890 711 712 891
4 689 690 712 711
4 871 890 891 872
4 691 713 892 873
4 692 874 893 714
4 691 873 874 692
4 892 713 714 893
4 691 692 714 713
4 873 892 893 874
4 697 718 897 878
4 698 879 898 719
4 697 878 879 698
4 897 718 719 898
4 697 698 719 718
4 878 897 898 879
4 698 719 898 879
4 699 880 899 720
4 698 879 880 699
4 898 719 720 899
4 698 699 720 719
4 879 898 899 880
4 699 720 899 880
4 700 881 900 721
4 699 880 881 700
4 899 720 721 900
4 699 700 721 720
4 880 899 900 881
4 700 721 900 881
4 701 882 901 722
4 700 881 882 701
4 900 721 722 901
4 700 701 722 721
4 881 900 901 882
4 701 722 901 882
4 702 883 902 723
4 701 882 883 702
4 901 722 723 902
4 701 702 723 722
4 882 901 902 883
4 702 723 902 883
4 703 884 903 724
4 702 883 884 703
4 902 723 724 903
4 702 703 724 723
4 883 902 903 884
4 703 724 903 884
4 704 885 904 725
4 703 884 885 704
4 903 724 725 904
4 703 704 725 724
4 884 903 904 885
4 704 725 904 885
4 705 886 905 726
4 704 885 886 705
4 904 725 726 905
4 704 705 726 725
4 885 904 905 886
4 705 726 905 886
4 706 887 906 727
4 705 886 887 706
4 905 726 727 906
4 705 706 727 726
4 886 905 906 887
4 711 732 909 890
4 712 891 910 733
4 711 890 891 712
4 909 732 733 910
4 711 712 733 732
4 890 909 910 891
4 713 734 911 892
4 714 893 912 735
4 713 892 893 714
4 911 734 735 912
4 713 714 735 734
4 892 911 912 893
4 714 735 912 893
4 715 894 913 736
4 714 893 894 715
4 912 735 736 913
4 714 715 736 735
4 893 912 913 894
4 717 741 916 896
4 718 897 917 742
4 717 896 897 718
4 916 741 742 917
4 717 718 742 741
4 896 916 917 897
4 718 742 917 897
4 719 898 918 743
4 718 897 898 719
4 917 742 743 918
4 718 719 743 742
4 897 917 918 898
4 719 743 918 898
4 720 899 919 744
4 719 898 899 720
4 918 743 744 919
4 719 720 744 743
4 898 918 919 899
4 720 744 919 899
4 721 900 920 745
4 720 899 900 721
4 919 744 745 920
4 720 721 745 744
4 899 919 920 900
4 721 745 920 900
4 722 901 921 746
4 721 900 901 722
4 920 745 746 921
4 721 722 746 745
4 900 920 921 901
4 722 746 921 901
4 723 902 922 747
4 722 901 902 723
4 921 746 747 922
4 722 723 747 746
4 901 921 922 902
4 723 747 922 902
4 724 903 923 748
4 723 902 903 724
4 922 747 748 923
4 723 724 748 747
4 902 922 923 903
4 724 748 923 903
4 725 904 924 749
4 724 903 904 725
4 923 748 749 924
4 724 725 749 748
4 903 923 924 904
4 725 749 924 904
4 726 905 925 750
4 725 904 905 726
4 924 749 750 925
4 725 726 750 749
4 904 924 925 905
4 726 750 925 905
4 727 906 926 751
4 726 905 906 727
4 925 750 751 926
4 726 727 751 750
4 905 925 926 906
4 727 751 926 906
4 728 907 927 752
4 727 906 907 728
4 926 751 752 927
4 727 728 752 751
4 906 926 927 907
4 731 755 930 908
4 732 909 931 756
4 731 908 909 732
4 930 755 756 931
4 731 732 756 755
4 908 930 931 909
4 732 756 931 909
4 733 910 932 757
4 732 909 910 733
4 931 756 757 932
4 732 733 757 756
4 909 931 932 910
4 734 758 933 911
4 735 912 934 759
4 734 911 912 735
4 933 758 759 934
4 734 735 759 758
4 911 933 934 912
4 735 759 934 912
4 736 913 935 760
4 735 912 913 736
4 934 759 760 935
4 735 736 760 759
4 912 934 935 913
4 741 765 940 916
4 742 917 941 766
4 741 916 917 742
4 940 765 766 941
4 741 742 766 765
4 916 940 941 917
4 742 766 941 917
4 743 918 942 767
4 742 917 918 743
4 941 766 767 942
4 742 743 767 766
4 917 941 942 918
4 743 767 942 918
4 744 919 943 768
4 743 918 919 744
4 942 767 768 943
4 743 744 768 767
4 918 942 943 919
4 744 768 943 919
4 745 920 944 769
4 744 919 920 745
4 943 768 769 944
4 744 745 769 768
4 919 943 944 920
4 745 769 944 920
4 746 921 945 770
4 745 920 921 746
4 944 769 770 945
4 745 746 770 769
4 920 944 945 921
4 746 770 945 921
4 747 922 946 771
4 746 921 922 747
4 945 770 771 946
4 746 747 771 770
4 921 945 946 922
4 747 771 946 922
4 748 923 947 772
4 747 922 923 748
4 946 771 772 947
4 747 748 772 771
4 922 946 947 923
4 748 772 947 923
4 749 924 948 773
4 748 923 924 749
4 947 772 773 948
4 748 749 773 772
4 923 947 948 924
4 749 773 948 924
4 750 925 949 774
4 749 924 925 750
4 948 773 774 949
4 749 750 774 773
4 924 948 949 925
4 750 774 949 925
4 751 926 950 775
4 750 925 926 751
4 949 774 775 950
4 750 751 775 774
4 925 949 950 926
4 751 775 950 926
4 752 927 951 776
4 751 926 927 752
4 950 775 776 951
4 751 752 776 775
4 926 950 951 927
4 752 776 951 927
4 753 928 952 777
4 752 927 928 753
4 951 776 777 952
4 752 753 777 776
4 927 951 952 928
4 755 780 955 930
4 756 931 956 781
4 755 930 931 756
4 955 780 781 956
4 755 756 781 780
4 930 955 956 931
4 756 781 956 931
4 757 932 957 782
4 756 931 932 757
4 956 781 782 957
4 756 757 782 781
4 931 956 957 932
4 759 783 958 934
4 760 935 959 784
4 759 934 935 760
4 958 783 784 959
4 759 760 784 783
4 934 958 959 935
4 760 784 959 935
4 761 936 960 785
4 760 935 936 761
4 959 784 785 960
4 760 761 785 784
4 935 959 960 936
4 761 785 960 936
4 762 937 961 786
4 761 936 937 762
4 960 785 786 961
4 761 762 786 785
4 936 960 961 937
4 762 786 961 937
4 763 938 962 787
4 762 937 938 763
4 961 786 787 962
4 762 763 787 786
4 937 961 962 938
4 763 787 962 938
4 764 939 963 788
4 763 938 939 764
4 962 787 788 963
4 763 764 788 787
4 938 962 963 939
4 764 788 963 939
4 765 940 964 789
4 764 939 940 765
4 963 788 789 964
4 764 765 789 788
4 939 963 964 940
4 765 789 964 940
4 766 941 965 790
4 765 940 941 766
4 964 789 790 965
4 765 766 790 789
4 940 964 965 941
4 766 790 965 941
4 767 942 966 791
4 766 941 942 767
4 965 790 791 966
4 766 767 791 790
4 941 965 966 942
4 774 792 973 949
4 775 950 974 793
4 774 949 950 775
4 973 792 793 974
4 774 775 793 792
4 949 973 974 950
4 775 793 974 950
4 776 951 975 794
4 775 950 951 776
4 974 793 794 975
4 775 776 794 793
4 950 974 975 951
4 776 794 975 951
4 777 952 976 795
4 776 951 952 777
4 975 794 795 976
4 776 777 795 794
4 951 975 976 952
4 777 795 976 952
4 778 953 977 796
4 777 952 953 778
4 976 795 796 977
4 777 778 796 795
4 952 976 977 953
4 778 796 977 953
4 779 954 978 797
4 778 953 954 779
4 977 796 797 978
4 778 779 797 796
4 953 977 978 954
4 779 797 978 954
4 780 955 979 798
4 779 954 955 780
4 978 797 798 979
4 779 780 798 797
4 954 978 979 955
4 780 798 979 955
4 781 956 980 799
4 780 955 956 781
4 979 798 799 980
4 780 781 799 798
4 955 979 980 956
4 800 809 989 981
4 801 982 990 810
4 800 981 982 801
4 989 809 810 990
4 800 801 810 809
4 981 989 990 982
4 801 810 990 982
4 802 983 991 811
4 801 982 983 802
4 990 810 811 991
4 801 802 811 810
4 982 990 991 983
4 802 811 991 983
4 803 984 992 812
4 802 983 984 803
4 991 811 812 992
4 802 803 812 811
4 983 991 992 984
4 805 828 1008 985
4 806 986 1009 829
4 805 985 986 806
4 1008 828 829 1009
4 805 806 829 828
4 985 1008 1009 986
4 806 829 1009 986
4 807 987 1010 830
4 806 986 987 807
4 1009 829 830 1010
4 806 807 830 829
4 986 1009 1010 987
4 807 830 1010 987
4 808 988 1011 831
4 807 987 988 808
4 1010 830 831 1011
4 807 808 831 830
4 987 1010 1011 988
4 808 831 1011 988
4 809 989 1012 832
4 808 988 989 809
4 1011 831 832 1012
4 808 809 832 831
4 988 1011 1012 989
4 809 832 1012 989
4 810 990 1013 833
4 809 989 990 810
4 1012 832 833 1013
4 809 810 833 832
4 989 1012 1013 990
4 810 833 1013 990
4 811 991 1014 834
4 810 990 991 811
4 1013 833 834 1014
4 810 811 834 833
4 990 1013 1014 991
4 811 834 1014 991
4 812 992 1015 835
4 811 991 992 812
4 1014 834 835 1015
4 811 812 835 834
4 991 1014 1015 992
4 812 835 1015 992
4 813 993 1016 836
4 812 992 993 813
4 1015 835 836 1016
4 812 813 836 835
4 992 1015 1016 993
4 813 836 1016 993
4 814 994 1017 837
4 813 993 994 814
4 1016 836 837 1017
4 813 814 837 836
4 993 1016 1017 994
4 814 837 1017 994
4 815 995 1018 838
4 814 994 995 815
4 1017 837 838 1018
4 814 815 838 837
4 994 1017 1018 995
4 815 838 1018 995
4 816 996 1019 839
4 815 995 996 816
4 1018 838 839 1019
4 815 816 839 838
4 995 1018 1019 996
4 816 839 1019 996
4 817 997 1020 840
4 816 996 997 817
4 1019 839 840 1020
4 816 817 840 839
4 996 1019 1020 997
4 817 840 1020 997
4 818 998 1021 841
4 817 997 998 818
4 1020 840 841 1021
4 817 818 841 840
4 997 1020 1021 998
4 818 841 1021 998
4 819 999 1022 842
4 818 998 999 819
4 1021 841 842 1022
4 818 819 842 841
4 998 1021 1022 999
4 819 842 1022 999
4 820 1000 1023 843
4 819 999 1000 820
4 1022 842 843 1023
4 819 820 843 842
4 999 1022 1023 1000
4 820 843 1023 1000
4 821 1001 1024 844
4 820 1000 1001 821
4 1023 843 844 1024
4 820 821 844 843
4 1000 1023 1024 1001
4 821 844 1024 1001
4 822 1002 1025 845
4 821 1001 1002 822
4 1024 844 845 1025
4 821 822 845 844
4 1001 1024 1025 1002
4 822 845 1025 1002
4 823 1003 1026 846
4 822 1002 1003 823
4 1025 845 846 1026
4 822 823 846 845
4 1002 1025 1026 1003
4 823 846 1026 1003
4 824 1004 1027 847
4 823 1003 1004 824
4 1026 846 847 1027
4 823 824 847 846
4 1003 1026 1027 1004
4 824 847 1027 1004
4 825 1005 1028 848
4 824 1004 1005 825
4 1027 847 848 1028
4 824 825 848 847
4 1004 1027 1028 1005
4 825 848 1028 1005
4 826 1006 1029 849
4 825 1005 1006 826
4 1028 848 849 1029
4 825 826 849 848
4 1005 1028 1029 1006
4 827 852 1031 1007
4 828 1008 1032 853
4 827 1007 1008 828
4 1031 852 853 1032
4 827 828 853 852
4 1007 1031 1032 1008
4 828 853 1032 1008
4 829 1009 1033 854
4 828 1008 1009 829
4 1032 853 854 1033
4 828 829 854 853
4 1008 1032 1033 1009
4 829 854 1033 1009
4 830 1010 1034 855
4 829 1009 1010 830
4 1033 854 855 1034
4 829 830 855 854
4 1009 1033 1034 1010
4 834 857 1037 1014
4 835 1015 1038 858
4 834 1014 1015 835
4 1037 857 858 1038
4 834 835 858 857
4 1014 1037 1038 1015
4 835 858 1038 1015
4 836 1016 1039 859
4 835 1015 1016 836
4 1038 858 859 1039
4 835 836 859 858
4 1015 1038 1039 1016
4 836 859 1039 1016
4 837 1017 1040 860
4 836 1016 1017 837
4 1039 859 860 1040
4 836 837 860 859
4 1016 1039 1040 1017
4 837 860 1040 1017
4 838 1018 1041 861
4 837 1017 1018 838
4 1040 860 861 1041
4 837 838 861 860
4 1017 1040 1041 1018
4 838 861 1041 1018
4 839 1019 1042 862
4 838 1018 1019 839
4 1041 861 862 1042
4 838 839 862 861
4 1018 1041 1042 1019
4 839 862 1042 1019
4 840 1020 1043 863
4 839 1019 1020 840
4 1042 862 863 1043
4 839 840 863 862
4 1019 1042 1043 1020
4 840 863 1043 1020
4 841 1021 1044 864
4 840 1020 1021 841
4 1043 863 864 1044
4 840 841 864 863
4 1020 1043 1044 1021
4 841 864 1044 1021
4 842 1022 1045 865
4 841 1021 1022 842
4 1044 864 865 1045
4 841 842 865 864
4 1021 1044 1045 1022
4 842 865 1045 1022
4 843 1023 1046 866
4 842 1022 1023 843
4 1045 865 866 1046
4 842 843 866 865
4 1022 1045 1046 1023
4 847 869 1049 1027
4 848 1028 1050 870
4 847 1027 1028 848
4 1049 869 870 1050
4 847 848 870 869
4 1027 1049 1050 1028
4 848 870 1050 1028
4 849 1029 1051 871
4 848 1028 1029 849
4 1050 870 871 1051
4 848 849 871 870
4 1028 1050 1051 1029
4 851 873 1052 1030
4 852 1031 1053 874
4 851 1030 1031 852
4 1052 873 874 1053
4 851 852 874 873
4 1030 1052 1053 1031
4 852 874 1053 1031
4 853 1032 1054 875
4 852 1031 1032 853
4 1053 874 875 1054
4 852 853 875 874
4 1031 1053 1054 1032
4 853 875 1054 1032
4 854 1033 1055 876
4 853 1032 1033 854
4 1054 875 876 1055
4 853 854 876 875
4 1032 1054 1055 1033
4 870 889 1060 1050
4 871 1051 1061 890
4 870 1050 1051 871
4 1060 889 890 1061
4 870 871 890 889
4 1050 1060 1061 1051
4 873 892 1062 1052
4 874 1053 1063 893
4 873 1052 1053 874
4 1062 892 893 1063
4 873 874 893 892
4 1052 1062 1063 1053
4 874 893 1063 1053
4 875 1054 1064 894
4 874 1053 1054 875
4 1063 893 894 1064
4 874 875 894 893
4 1053 1063 1064 1054
4 875 894 1064 1054
4 876 1055 1065 895
4 875 1054 1055 876
4 1064 894 895 1065
4 875 876 895 894
4 1054 1064 1065 1055
4 889 908 1070 1060
4 890 1061 1071 909
4 889 1060 1061 890
4 1070 908 909 1071
4 889 890 909 908
4 1060 1070 1071 1061
4 892 911 1072 1062
4 893 1063 1073 912
4 892 1062 1063 893
4 1072 911 912 1073
4 892 893 912 911
4 1062 1072 1073 1063
4 893 912 1073 1063
4 894 1064 1074 913
4 893 1063 1064 894
4 1073 912 913 1074
4 893 894 913 912
4 1063 1073 1074 1064
4 894 913 1074 1064
4 895 1065 1075 914
4 894 1064 1065 895
4 1074 913 914 1075
4 894 895 914 913
4 1064 1074 1075 1065
4 908 930 1092 1070
4 909 1071 1093 931
4 908 1070 1071 909
4 1092 930 931 1093
4 908 909 931 930
4 1070 1092 1093 1071
4 912 934 1094 1073
4 913 1074 1095 935
4 912 1073 1074 913
4 1094 934 935 1095
4 912 913 935 934
4 1073 1094 1095 1074
4 913 935 1095 1074
4 914 1075 1096 936
4 913 1074 1075 914
4 1095 935 936 1096
4 913 914 936 935
4 1074 1095 1096 1075
4 914 936 1096 1075
4 915 1076 1097 937
4 914 1075 1076 915
4 1096 936 937 1097
4 914 915 937 936
4 1075 1096 1097 1076
4 917 941 1101 1079
4 918 1080 1102 942
4 917 1079 1080 918
4 1101 941 942 1102
4 917 918 942 941
4 1079 1101 1102 1080
4 918 942 1102 1080
4 919 1081 1103 943
4 918 1080 1081 919
4 1102 942 943 1103
4 918 919 943 942
4 1080 1102 1103 1081
4 919 943 1103 1081
4 920 1082 1104 944
4 919 1081 1082 920
4 1103 943 944 1104
4 919 920 944 943
4 1081 1103 1104 1082
4 920 944 1104 1082
4 921 1083 1105 945
4 920 1082 1083 921
4 1104 944 945 1105
4 920 921 945 944
4 1082 1104 1105 1083
4 921 945 1105 1083
4 922 1084 1106 946
4 921 1083 1084 922
4 1105 945 946 1106
4 921 922 946 945
4 1083 1105 1106 1084
4 922 946 1106 1084
4 923 1085 1107 947
4 922 1084 1085 923
4 1106 946 947 1107
4 922 923 947 946
4 1084 1106 1107 1085
4 923 947 1107 1085
4 924 1086 1108 948
4 923 1085 1086 924
4 1107 947 948 1108
4 923 924 948 947
4 1085 1107 1108 1086
4 924 948 1108 1086
4 925 1087 1109 949
4 924 1086 1087 925
4 1108 948 949 1109
4 924 925 949 948
4 1086 1108 1109 1087
4 925 949 1109 1087
4 926 1088 1110 950
4 925 1087 1088 926
4 1109 949 950 1110
4 925 926 950 949
4 1087 1109 1110 1088
4 929 954 1114 1091
4 930 1092 1115 955
4 929 1091 1092 930
4 1114 954 955 1115
4 929 930 955 954
4 1091 1114 1115 1092
4 930 955 1115 1092
4 931 1093 1116 956
4 930 1092 1093 931
4 1115 955 956 1116
4 930 931 956 955
4 1092 1115 1116 1093
4 934 958 1117 1094
4 935 1095 1118 959
4 934 1094 1095 935
4 1117 958 959 1118
4 934 935 959 958
4 1094 1117 1118 1095
4 935 959 1118 1095
4 936 1096 1119 960
4 935 1095 1096 936
4 1118 959 960 1119
4 935 936 960 959
4 1095 1118 1119 1096
4 936 960 1119 1096
4 937 1097 1120 961
4 936 1096 1097 937
4 1119 960 961 1120
4 936 937 961 960
4 1096 1119 1120 1097
4 937 961 1120 1097
4 938 1098 1121 962
4 937 1097 1098 938
4 1120 961 962 1121
4 937 938 962 961
4 1097 1120 1121 1098
4 938 962 1121 1098
4 939 1099 1122 963
4 938 1098 1099 939
4 1121 962 963 1122
4 938 939 963 962
4 1098 1121 1122 1099
4 939 963 1122 1099
4 940 1100 1123 964
4 939 1099 1100 940
4 1122 963 964 1123
4 939 940 964 963
4 1099 1122 1123 1100
4 940 964 1123 1100
4 941 1101 1124 965
4 940 1100 1101 941
4 1123 964 965 1124
4 940 941 965 964
4 1100 1123 1124 1101
4 941 965 1124 1101
4 942 1102 1125 966
4 941 1101 1102 942
4 1124 965 966 1125
4 941 942 966 965
4 1101 1124 1125 1102
4 942 966 1125 1102
4 943 1103 1126 967
4 942 1102 1103 943
4 1125 966 967 1126
4 942 943 967 966
4 1102 1125 1126 1103
4 943 967 1126 1103
4 944 1104 1127 968
4 943 1103 1104 944
4 1126 967 968 1127
4 943 944 968 967
4 1103 1126 1127 1104
4 944 968 1127 1104
4 945 1105 1128 969
4 944 1104 1105 945
4 1127 968 969 1128
4 944 945 969 968
4 1104 1127 1128 1105
4 945 969 1128 1105
4 946 1106 1129 970
4 945 1105 1106 946
4 1128 969 970 1129
4 945 946 970 969
4 1105 1128 1129 1106
4 946 970 1129 1106
4 947 1107 1130 971
4 946 1106 1107 947
4 1129 970 971 1130
4 946 947 971 970
4 1106 1129 1130 1107
4 947 971 1130 1107
4 948 1108 1131 972
4 947 1107 1108 948
4 1130 971 972 1131
4 947 948 972 971
4 1107 1130 1131 1108
4 948 972 1131 1108
4 949 1109 1132 973
4 948 1108 1109 949
4 1131 972 973 1132
4 948 949 973 972
4 1108 1131 1132 1109
4 949 973 1132 1109
4 950 1110 1133 974
4 949 1109 1110 950
4 1132 973 974 1133
4 949 950 974 973
4 1109 1132 1133 1110
4 950 974 1133 1110
4 951 1111 1134 975
4 950 1110 1111 951
4 1133 974 975 1134
4 950 951 975 974
4 1110 1133 1134 1111
4 951 975 1134 1111
4 952 1112 1135 976
4 951 1111 1112 952
4 1134 975 976 1135
4 951 952 976 975
4 1111 1134 1135 1112
4 952 976 1135 1112
4 953 1113 1136 977
4 952 1112 1113 953
4 1135 976 977 1136
4 952 953 977 976
4 1112 1135 1136 1113
4 953 977 1136 1113
4 954 1114 1137 978
4 953 1113 1114 954
4 1136 977 978 1137
4 953 954 978 977
4 1113 1136 1137 1114
4 954 978 1137 1114
4 955 1115 1138 979
4 954 1114 1115 955
4 1137 978 979 1138
4 954 955 979 978
4 1114 1137 1138 1115
4 955 979 1138 1115
4 956 1116 1139 980
4 955 1115 1116 956
4 1138 979 980 1139
4 955 956 980 979
4 1115 1138 1139 1116
4 981 989 1153 1146
4 982 1147 1154 990
4 981 1146 1147 982
4 1153 989 990 1154
4 981 982 990 989
4 1146 1153 1154 1147
4 982 990 1154 1147
4 983 1148 1155 991
4 982 1147 1148 983
4 1154 990 991 1155
4 982 983 991 990
4 1147 1154 1155 1148
4 983 991 1155 1148
4 984 1149 1156 992
4 983 1148 1149 984
4 1155 991 992 1156
4 983 984 992 991
4 1148 1155 1156 1149
4 986 1009 1171 1150
4 987 1151 1172 1010
4 986 1150 1151 987
4 1171 1009 1010 1172
4 986 987 1010 1009
4 1150 1171 1172 1151
4 987 1010 1172 1151
4 988 1152 1173 1011
4 987 1151 1152 988
4 1172 1010 1011 1173
4 987 988 1011 1010
4 1151 1172 1173 1152
4 988 1011 1173 1152
4 989 1153 1174 1012
4 988 1152 1153 989
4 1173 1011 1012 1174
4 988 989 1012 1011
4 1152 1173 1174 1153
4 989 1012 1174 1153
4 990 1154 1175 1013
4 989 1153 1154 990
4 1174 1012 1013 1175
4 989 990 1013 1012
4 1153 1174 1175 1154
4 990 1013 1175 1154
4 991 1155 1176 1014
4 990 1154 1155 991
4 1175 1013 1014 1176
4 990 991 1014 1013
4 1154 1175 1176 1155
4 991 1014 1176 1155
4 992 1156 1177 1015
4 991 1155 1156 992
4 1176 1014 1015 1177
4 991 992 1015 1014
4 1155 1176 1177 1156
4 992 1015 1177 1156
4 993 1157 1178 1016
4 992 1156 1157 993
4 1177 1015 1016 1178
4 992 993 1016 1015
4 1156 1177 1178 1157
4 993 1016 1178 1157
4 994 1158 1179 1017
4 993 1157 1158 994
4 1178 1016 1017 1179
4 993 994 1017 1016
4 1157 1178 1179 1158
4 994 1017 1179 1158
4 995 1159 1180 1018
4 994 1158 1159 995
4 1179 1017 1018 1180
4 994 995 1018 1017
4 1158 1179 1180 1159
4 995 1018 1180 1159
4 996 1160 1181 1019
4 995 1159 1160 996
4 1180 1018 1019 1181
4 995 996 1019 1018
4 1159 1180 1181 1160
4 996 1019 1181 1160
4 997 1161 1182 1020
4 996 1160 1161 997
4 1181 1019 1020 1182
4 996 997 1020 1019
4 1160 1181 1182 1161
4 997 1020 1182 1161
4 998 1162 1183 1021
4 997 1161 1162 998
4 1182 1020 1021 1183
4 997 998 1021 1020
4 1161 1182 1183 1162
4 998 1021 1183 1162
4 999 1163 1184 1022
4 998 1162 1163 999
4 1183 1021 1022 1184
4 998 999 1022 1021
4 1162 1183 1184 1163
4 999 1022 1184 1163
4 1000 1164 1185 1023
4 999 1163 1164 1000
4 1184 1022 1023 1185
4 999 1000 1023 1022
4 1163 1184 1185 1164
4 1000 1023 1185 1164
4 1001 1165 1186 1024
4 1000 1164 1165 1001
4 1185 1023 1024 1186
4 1000 1001 1024 1023
4 1164 1185 1186 1165
4 1001 1024 1186 1165
4 1002 1166 1187 1025
4 1001 1165 1166 1002
4 1186 1024 1025 1187
4 1001 1002 1025 1024
4 1165 1186 1187 1166
4 1002 1025 1187 1166
4 1003 1167 1188 1026
4 1002 1166 1167 1003
4 1187 1025 1026 1188
4 1002 1003 1026 1025
4 1166 1187 1188 1167
4 1003 1026 1188 1167
4 1004 1168 1189 1027
4 1003 1167 1168 1004
4 1188 1026 1027 1189
4 1003 1004 1027 1026
4 1167 1188 1189 1168
4 1004 1027 1189 1168
4 1005 1169 1190 1028
4 1004 1168 1169 1005
4 1189 1027 1028 1190
4 1004 1005 1028 1027
4 1168 1189 1190 1169
4 1008 1032 1192 1170
4 1009 1171 1193 1033
4 1008 1170 1171 1009
4 1192 1032 1033 1193
4 1008 1009 1033 1032
4 1170 1192 1193 1171
4 1009 1033 1193 1171
4 1010 1172 1194 1034
4 1009 1171 1172 1010
4 1193 1033 1034 1194
4 1009 1010 1034 1033
4 1171 1193 1194 1172
4 1010 1034 1194 1172
4 1011 1173 1195 1035
4 1010 1172 1173 1011
4 1194 1034 1035 1195
4 1010 1011 1035 1034
4 1172 1194 1195 1173
4 1011 1035 1195 1173
4 1012 1174 1196 1036
4 1011 1173 1174 1012
4 1195 1035 1036 1196
4 1011 1012 1036 1035
4 1173 1195 1196 1174
4 1025 1047 1201 1187
4 1026 1188 1202 1048
4 1025 1187 1188 1026
4 1201 1047 1048 1202
4 1025 1026 1048 1047
4 1187 1201 1202 1188
4 1026 1048 1202 1188
4 1027 1189 1203 1049
4 1026 1188 1189 1027
4 1202 1048 1049 1203
4 1026 1027 1049 1048
4 1188 1202 1203 1189
4 1027 1049 1203 1189
4 1028 1190 1204 1050
4 1027 1189 1190 1028
4 1203 1049 1050 1204
4 1027 1028 1050 1049
4 1189 1203 1204 1190
4 1028 1050 1204 1190
4 1029 1191 1205 1051
4 1028 1190 1191 1029
4 1204 1050 1051 1205
4 1028 1029 1051 1050
4 1190 1204 1205 1191
4 1032 1054 1207 1192
4 1033 1193 1208 1055
4 1032 1192 1193 1033
4 1207 1054 1055 1208
4 1032 1033 1055 1054
4 1192 1207 1208 1193
4 1033 1055 1208 1193
4 1034 1194 1209 1056
4 1033 1193 1194 1034
4 1208 1055 1056 1209
4 1033 1034 1056 1055
4 1193 1208 1209 1194
4 1034 1056 1209 1194
4 1035 1195 1210 1057
4 1034 1194 1195 1035
4 1209 1056 1057 1210
4 1034 1035 1057 1056
4 1194 1209 1210 1195
4 1048 1058 1215 1202
4 1049 1203 1216 1059
4 1048 1202 1203 1049
4 1215 1058 1059 1216
4 1048 1049 1059 1058
4 1202 1215 1216 1203
4 1049 1059 1216 1203
4 1050 1204 1217 1060
4 1049 1203 1204 1050
4 1216 1059 1060 1217
4 1049 1050 1060 1059
4 1203 1216 1217 1204
4 1050 1060 1217 1204
4 1051 1205 1218 1061
4 1050 1204 1205 1051
4 1217 1060 1061 1218
4 1050 1051 1061 1060
4 1204 1217 1218 1205
4 1053 1063 1219 1206
4 1054 1207 1220 1064
4 1053 1206 1207 1054
4 1219 1063 1064 1220
4 1053 1054 1064 1063
4 1206 1219 1220 1207
4 1054 1064 1220 1207
4 1055 1208 1221 1065
4 1054 1207 1208 1055
4 1220 1064 1065 1221
4 1054 1055 1065 1064
4 1207 1220 1221 1208
4 1055 1065 1221 1208
4 1056 1209 1222 1066
4 1055 1208 1209 1056
4 1221 1065 1066 1222
4 1055 1056 1066 1065
4 1208 1221 1222 1209
4 1056 1066 1222 1209
4 1057 1210 1223 1067
4 1056 1209 1210 1057
4 1222 1066 1067 1223
4 1056 1057 1067 1066
4 1209 1222 1223 1210
4 1059 1069 1228 1216
4 1060 1217 1229 1070
4 1059 1216 1217 1060
4 1228 1069 1070 1229
4 1059 1060 1070 1069
4 1216 1228 1229 1217
4 1060 1070 1229 1217
4 1061 1218 1230 1071
4 1060 1217 1218 1061
4 1229 1070 1071 1230
4 1060 1061 1071 1070
4 1217 1229 1230 1218
4 1064 1074 1231 1220
4 1065 1221 1232 1075
4 1064 1220 1221 1065
4 1231 1074 1075 1232
4 1064 1065 1075 1074
4 1220 1231 1232 1221
4 1065 1075 1232 1221
4 1066 1222 1233 1076
4 1065 1221 1222 1066
4 1232 1075 1076 1233
4 1065 1066 1076 1075
4 1221 1232 1233 1222
4 1066 1076 1233 1222
4 1067 1223 1234 1077
4 1066 1222 1223 1067
4 1233 1076 1077 1234
4 1066 1067 1077 1076
4 1222 1233 1234 1223
4 1068 1090 1241 1227
4 1069 1228 1242 1091
4 1068 1227 1228 1069
4 1241 1090 1091 1242
4 1068 1069 1091 1090
4 1227 1241 1242 1228
4 1069 1091 1242 1228
4 1070 1229 1243 1092
4 1069 1228 1229 1070
4 1242 1091 1092 1243
4 1069 1070 1092 1091
4 1228 1242 1243 1229
4 1070 1092 1243 1229
4 1071 1230 1244 1093
4 1070 1229 1230 1071
4 1243 1092 1093 1244
4 1070 1071 1093 1092
4 1229 1243 1244 1230
4 1074 1095 1245 1231
4 1075 1232 1246 1096
4 1074 1231 1232 1075
4 1245 1095 1096 1246
4 1074 1075 1096 1095
4 1231 1245 1246 1232
4 1075 1096 1246 1232
4 1076 1233 1247 1097
4 1075 1232 1233 1076
4 1246 1096 1097 1247
4 1075 1076 1097 1096
4 1232 1246 1247 1233
4 1076 1097 1247 1233
4 1077 1234 1248 1098
4 1076 1233 1234 1077
4 1247 1097 1098 1248
4 1076 1077 1098 1097
4 1233 1247 1248 1234
4 1077 1098 1248 1234
4 1078 1235 1249 1099
4 1077 1234 1235 1078
4 1248 1098 1099 1249
4 1077 1078 1099 1098
4 1234 1248 1249 1235
4 1089 1112 1262 1240
4 1090 1241 1263 1113
4 1089 1240 1241 1090
4 1262 1112 1113 1263
4 1089 1090 1113 1112
4 1240 1262 1263 1241
4 1090 1113 1263 1241
4 1091 1242 1264 1114
4 1090 1241 1242 1091
4 1263 1113 1114 1264
4 1090 1091 1114 1113
4 1241 1263 1264 1242
4 1091 1114 1264 1242
4 1092 1243 1265 1115
4 1091 1242 1243 1092
4 1264 1114 1115 1265
4 1091 1092 1115 1114
4 1242 1264 1265 1243
4 1092 1115 1265 1243
4 1093 1244 1266 1116
4 1092 1243 1244 1093
4 1265 1115 1116 1266
4 1092 1093 1116 1115
4 1243 1265 1266 1244
4 1096 1119 1267 1246
4 1097 1247 1268 1120
4 1096 1246 1247 1097
4 1267 1119 1120 1268
4 1096 1097 1120 1119
4 1246 1267 1268 1247
4 1097 1120 1268 1247
4 1098 1248 1269 1121
4 1097 1247 1248 1098
4 1268 1120 1121 1269
4 1097 1098 1121 1120
4 1247 1268 1269 1248
4 1098 1121 1269 1248
4 1099 1249 1270 1122
4 1098 1248 1249 1099
4 1269 1121 1122 1270
4 1098 1099 1122 1121
4 1248 1269 1270 1249
4 1099 1122 1270 1249
4 1100 1250 1271 1123
4 1099 1249 1250 1100
4 1270 1122 1123 1271
4 1099 1100 1123 1122
4 1249 1270 1271 1250
4 1100 1123 1271 1250
4 1101 1251 1272 1124
4 1100 1250 1251 1101
4 1271 1123 1124 1272
4 1100 1101 1124 1123
4 1250 1271 1272 1251
4 1101 1124 1272 1251
4 1102 1252 1273 1125
4 1101 1251 1252 1102
4 1272 1124 1125 1273
4 1101 1102 1125 1124
4 1251 1272 1273 1252
4 1102 1125 1273 1252
4 1103 1253 1274 1126
4 1102 1252 1253 1103
4 1273 1125 1126 1274
4 1102 1103 1126 1125
4 1252 1273 1274 1253
4 1103 1126 1274 1253
4 1104 1254 1275 1127
4 1103 1253 1254 1104
4 1274 1126 1127 1275
4 1103 1104 1127 1126
4 1253 1274 1275 1254
4 1104 1127 1275 1254
4 1105 1255 1276 1128
4 1104 1254 1255 1105
4 1275 1127 1128 1276
4 1104 1105 1128 1127
4 1254 1275 1276 1255
4 1105 1128 1276 1255
4 1106 1256 1277 1129
4 1105 1255 1256 1106
4 1276 1128 1129 1277
4 1105 1106 1129 1128
4 1255 1276 1277 1256
4 1106 1129 1277 1256
4 1107 1257 1278 1130
4 1106 1256 1257 1107
4 1277 1129 1130 1278
4 1106 1107 1130 1129
4 1256 1277 1278 1257
4 1107 1130 1278 1257
4 1108 1258 1279 1131
4 1107 1257 1258 1108
4 1278 1130 1131 1279
4 1107 1108 1131 1130
4 1257 1278 1279 1258
4 1108 1131 1279 1258
4 1109 1259 1280 1132
4 1108 1258 1259 1109
4 1279 1131 1132 1280
4 1108 1109 1132 1131
4 1258 1279 1280 1259
4 1109 1132 1280 1259
4 1110 1260 1281 1133
4 1109 1259 1260 1110
4 1280 1132 1133 1281
4 1109 1110 1133 1132
4 1259 1280 1281 1260
4 1110 1133 1281 1260
4 1111 1261 1282 1134
4 1110 1260 1261 1111
4 1281 1133 1134 1282
4 1110 1111 1134 1133
4 1260 1281 1282 1261
4 1111 1134 1282 1261
4 1112 1262 1283 1135
4 1111 1261 1262 1112
4 1282 1134 1135 1283
4 1111 1112 1135 1134
4 1261 1282 1283 1262
4 1112 1135 1283 1262
4 1113 1263 1284 1136
4 1112 1262 1263 1113
4 1283 1135 1136 1284
4 1112 1113 1136 1135
4 1262 1283 1284 1263
4 1113 1136 1284 1263
4 1114 1264 1285 1137
4 1113 1263 1264 1114
4 1284 1136 1137 1285
4 1113 1114 1137 1136
4 1263 1284 1285 1264
4 1114 1137 1285 1264
4 1115 1265 1286 1138
4 1114 1264 1265 1115
4 1285 1137 1138 1286
4 1114 1115 1138 1137
4 1264 1285 1286 1265
4 1124 1140 1287 1272
4 1125 1273 1288 1141
4 1124 1272 1273 1125
4 1287 1140 1141 1288
4 1124 1125 1141 1140
4 1272 1287 1288 1273
4 1125 1141 1288 1273
4 1126 1274 1289 1142
4 1125 1273 1274 1126
4 1288 1141 1142 1289
4 1125 1126 1142 1141
4 1273 1288 1289 1274
4 1126 1142 1289 1274
4 1127 1275 1290 1143
4 1126 1274 1275 1127
4 1289 1142 1143 1290
4 1126 1127 1143 1142
4 1274 1289 1290 1275
4 1127 1143 1290 1275
4 1128 1276 1291 1144
4 1127 1275 1276 1128
4 1290 1143 1144 1291
4 1127 1128 1144 1143
4 1275 1290 1291 1276
4 1128 1144 1291 1276
4 1129 1277 1292 1145
4 1128 1276 1277 1129
4 1291 1144 1145 1292
4 1128 1129 1145 1144
4 1276 1291 1292 1277
4 1147 1154 1298 1293
4 1148 1294 1299 1155
4 1147 1293 1294 1148
4 1298 1154 1155 1299
4 1147 1148 1155 1154
4 1293 1298 1299 1294
4 1148 1155 1299 1294
4 1149 1295 1300 1156
4 1148 1294 1295 1149
4 1299 1155 1156 1300
4 1148 1149 1156 1155
4 1294 1299 1300 1295
4 1152 1173 1313 1296
4 1153 1297 1314 1174
4 1152 1296 1297 1153
4 1313 1173 1174 1314
4 1152 1153 1174 1173
4 1296 1313 1314 1297
4 1153 1174 1314 1297
4 1154 1298 1315 1175
4 1153 1297 1298 1154
4 1314 1174 1175 1315
4 1153 1154 1175 1174
4 1297 1314 1315 1298
4 1154 1175 1315 1298
4 1155 1299 1316 1176
4 1154 1298 1299 1155
4 1315 1175 1176 1316
4 1154 1155 1176 1175
4 1298 1315 1316 1299
4 1155 1176 1316 1299
4 1156 1300 1317 1177
4 1155 1299 1300 1156
4 1316 1176 1177 1317
4 1155 1156 1177 1176
4 1299 1316 1317 1300
4 1156 1177 1317 1300
4 1157 1301 1318 1178
4 1156 1300 1301 1157
4 1317 1177 1178 1318
4 1156 1157 1178 1177
4 1300 1317 1318 1301
4 1157 1178 1318 1301
4 1158 1302 1319 1179
4 1157 1301 1302 1158
4 1318 1178 1179 1319
4 1157 1158 1179 1178
4 1301 1318 1319 1302
4 1158 1179 1319 1302
4 1159 1303 1320 1180
4 1158 1302 1303 1159
4 1319 1179 1180 1320
4 1158 1159 1180 1179
4 1302 1319 1320 1303
4 1159 1180 1320 1303
4 1160 1304 1321 1181
4 1159 1303 1304 1160
4 1320 1180 1181 1321
4 1159 1160 1181 1180
4 1303 1320 1321 1304
4 1160 1181 1321 1304
4 1161 1305 1322 1182
4 1160 1304 1305 1161
4 1321 1181 1182 1322
4 1160 1161 1182 1181
4 1304 1321 1322 1305
4 1161 1182 1322 1305
4 1162 1306 1323 1183
4 1161 1305 1306 1162
4 1322 1182 1183 1323
4 1161 1162 1183 1182
4 1305 1322 1323 1306
4 1162 1183 1323 1306
4 1163 1307 1324 1184
4 1162 1306 1307 1163
4 1323 1183 1184 1324
4 1162 1163 1184 1183
4 1306 1323 1324 1307
4 1163 1184 1324 1307
4 1164 1308 1325 1185
4 1163 1307 1308 1164
4 1324 1184 1185 1325
4 1163 1164 1185 1184
4 1307 1324 1325 1308
4 1164 1185 1325 1308
4 1165 1309 1326 1186
4 1164 1308 1309 1165
4 1325 1185 1186 1326
4 1164 1165 1186 1185
4 1308 1325 1326 1309
4 1165 1186 1326 1309
4 1166 1310 1327 1187
4 1165 1309 1310 1166
4 1326 1186 1187 1327
4 1165 1166 1187 1186
4 1309 1326 1327 1310
4 1166 1187 1327 1310
4 1167 1311 1328 1188
4 1166 1310 1311 1167
4 1327 1187 1188 1328
4 1166 1167 1188 1187
4 1310 1327 1328 1311
4 1172 1194 1330 1312
4 1173 1313 1331 1195
4 1172 1312 1313 1173
4 1330 1194 1195 1331
4 1172 1173 1195 1194
4 1312 1330 1331 1313
4 1173 1195 1331 1313
4 1174 1314 1332 1196
4 1173 1313 1314 1174
4 1331 1195 1196 1332
4 1173 1174 1196 1195
4 1313 1331 1332 1314
4 1174 1196 1332 1314
4 1175 1315 1333 1197
4 1174 1314 1315 1175
4 1332 1196 1197 1333
4 1174 1175 1197 1196
4 1314 1332 1333 1315
4 1175 1197 1333 1315
4 1176 1316 1334 1198
4 1175 1315 1316 1176
4 1333 1197 1198 1334
4 1175 1176 1198 1197
4 1315 1333 1334 1316
4 1185 1199 1343 1325
4 1186 1326 1344 1200
4 1185 1325 1326 1186
4 1343 1199 1200 1344
4 1185 1186 1200 1199
4 1325 1343 1344 1326
4 1186 1200 1344 1326
4 1187 1327 1345 1201
4 1186 1326 1327 1187
4 1344 1200 1201 1345
4 1186 1187 1201 1200
4 1326 1344 1345 1327
4 1187 1201 1345 1327
4 1188 1328 1346 1202
4 1187 1327 1328 1188
4 1345 1201 1202 1346
4 1187 1188 1202 1201
4 1327 1345 1346 1328
4 1188 1202 1346 1328
4 1189 1329 1347 1203
4 1188 1328 1329 1189
4 1346 1202 1203 1347
4 1188 1189 1203 1202
4 1328 1346 1347 1329
4 1194 1209 1349 1330
4 1195 1331 1350 1210
4 1194 1330 1331 1195
4 1349 1209 1210 1350
4 1194 1195 1210 1209
4 1330 1349 1350 1331
4 1195 1210 1350 1331
4 1196 1332 1351 1211
4 1195 1331 1332 1196
4 1350 1210 1211 1351
4 1195 1196 1211 1210
4 1331 1350 1351 1332
4 1196 1211 1351 1332
4 1197 1333 1352 1212
4 1196 1332 1333 1197
4 1351 1211 1212 1352
4 1196 1197 1212 1211
4 1332 1351 1352 1333
4 1200 1213 1358 1344
4 1201 1345 1359 1214
4 1200 1344 1345 1201
4 1358 1213 1214 1359
4 1200 1201 1214 1213
4 1344 1358 1359 1345
4 1201 1214 1359 1345
4 1202 1346 1360 1215
4 1201 1345 1346 1202
4 1359 1214 1215 1360
4 1201 1202 1215 1214
4 1345 1359 1360 1346
4 1202 1215 1360 1346
4 1203 1347 1361 1216
4 1202 1346 1347 1203
4 1360 1215 1216 1361
4 1202 1203 1216 1215
4 1346 1360 1361 1347
4 1203 1216 1361 1347
4 1204 1348 1362 1217
4 1203 1347 1348 1204
4 1361 1216 1217 1362
4 1203 1204 1217 1216
4 1347 1361 1362 1348
4 1209 1222 1363 1349
4 1210 1350 1364 1223
4 1209 1349 1350 1210
4 1363 1222 1223 1364
4 1209 1210 1223 1222
4 1349 1363 1364 1350
4 1210 1223 1364 1350
4 1211 1351 1365 1224
4 1210 1350 1351 1211
4 1364 1223 1224 1365
4 1210 1211 1224 1223
4 1350 1364 1365 1351
4 1214 1226 1378 1359
4 1215 1360 1379 1227
4 1214 1359 1360 1215
4 1378 1226 1227 1379
4 1214 1215 1227 1226
4 1359 1378 1379 1360
4 1215 1227 1379 1360
4 1216 1361 1380 1228
4 1215 1360 1361 1216
4 1379 1227 1228 1380
4 1215 1216 1228 1227
4 1360 1379 1380 1361
4 1216 1228 1380 1361
4 1217 1362 1381 1229
4 1216 1361 1362 1217
4 1380 1228 1229 1381
4 1216 1217 1229 1228
4 1361 1380 1381 1362
4 1222 1233 1382 1363
4 1223 1364 1383 1234
4 1222 1363 1364 1223
4 1382 1233 1234 1383
4 1222 1223 1234 1233
4 1363 1382 1383 1364
4 1223 1234 1383 1364
4 1224 1365 1384 1235
4 1223 1364 1365 1224
4 1383 1234 1235 1384
4 1223 1224 1235 1234
4 1364 1383 1384 1365
4 1224 1235 1384 1365
4 1225 1366 1385 1236
4 1224 1365 1366 1225
4 1384 1235 1236 1385
4 1224 1225 1236 1235
4 1365 1384 1385 1366
4 1226 1240 1397 1378
4 1227 1379 1398 1241
4 1226 1378 1379 1227
4 1397 1240 1241 1398
4 1226 1227 1241 1240
4 1378 1397 1398 1379
4 1227 1241 1398 1379
4 1228 1380 1399 1242
4 1227 1379 1380 1228
4 1398 1241 1242 1399
4 1227 1228 1242 1241
4 1379 1398 1399 1380
4 1228 1242 1399 1380
4 1229 1381 1400 1243
4 1228 1380 1381 1229
4 1399 1242 1243 1400
4 1228 1229 1243 1242
4 1380 1399 1400 1381
4 1233 1247 1401 1382
4 1234 1383 1402 1248
4 1233 1382 1383 1234
4 1401 1247 1248 1402
4 1233 1234 1248 1247
4 1382 1401 1402 1383
4 1234 1248 1402 1383
4 1235 1384 1403 1249
4 1234 1383 1384 1235
4 1402 1248 1249 1403
4 1234 1235 1249 1248
4 1383 1402 1403 1384
4 1235 1249 1403 1384
4 1236 1385 1404 1250
4 1235 1384 1385 1236
4 1403 1249 1250 1404
4 1235 1236 1250 1249
4 1384 1403 1404 1385
4 1236 1250 1404 1385
4 1237 1386 1405 1251
4 1236 1385 1386 1237
4 1404 1250 1251 1405
4 1236 1237 1251 1250
4 1385 1404 1405 1386
4 1238 1260 1414 1395
4 1239 1396 1415 1261
4 1238 1395 1396 1239
4 1414 1260 1261 1415
4 1238 1239 1261 1260
4 1395 1414 1415 1396
4 1239 1261 1415 1396
4 1240 1397 1416 1262
4 1239 1396 1397 1240
4 1415 1261 1262 1416
4 1239 1240 1262 1261
4 1396 1415 1416 1397
4 1240 1262 1416 1397
4 1241 1398 1417 1263
4 1240 1397 1398 1241
4 1416 1262 1263 1417
4 1240 1241 1263 1262
4 1397 1416 1417 1398
4 1241 1263 1417 1398
4 1242 1399 1418 1264
4 1241 1398 1399 1242
4 1417 1263 1264 1418
4 1241 1242 1264 1263
4 1398 1417 1418 1399
4 1242 1264 1418 1399
4 1243 1400 1419 1265
4 1242 1399 1400 1243
4 1418 1264 1265 1419
4 1242 1243 1265 1264
4 1399 1418 1419 1400
4 1248 1269 1420 1402
4 1249 1403 1421 1270
4 1248 1402 1403 1249
4 1420 1269 1270 1421
4 1248 1249 1270 1269
4 1402 1420 1421 1403
4 1249 1270 1421 1403
4 1250 1404 1422 1271
4 1249 1403 1404 1250
4 1421 1270 1271 1422
4 1249 1250 1271 1270
4 1403 1421 1422 1404
4 1250 1271 1422 1404
4 1251 1405 1423 1272
4 1250 1404 1405 1251
4 1422 1271 1272 1423
4 1250 1251 1272 1271
4 1404 1422 1423 1405
4 1251 1272 1423 1405
4 1252 1406 1424 1273
4 1251 1405 1406 1252
4 1423 1272 1273 1424
4 1251 1252 1273 1272
4 1405 1423 1424 1406
4 1252 1273 1424 1406
4 1253 1407 1425 1274
4 1252 1406 1407 1253
4 1424 1273 1274 1425
4 1252 1253 1274 1273
4 1406 1424 1425 1407
4 1253 1274 1425 1407
4 1254 1408 1426 1275
4 1253 1407 1408 1254
4 1425 1274 1275 1426
4 1253 1254 1275 1274
4 1407 1425 1426 1408
4 1254 1275 1426 1408
4 1255 1409 1427 1276
4 1254 1408 1409 1255
4 1426 1275 1276 1427
4 1254 1255 1276 1275
4 1408 1426 1427 1409
4 1255 1276 1427 1409
4 1256 1410 1428 1277
4 1255 1409 1410 1256
4 1427 1276 1277 1428
4 1255 1256 1277 1276
4 1409 1427 1428 1410
4 1256 1277 1428 1410
4 1257 1411 1429 1278
4 1256 1410 1411 1257
4 1428 1277 1278 1429
4 1256 1257 1278 1277
4 1410 1428 1429 1411
4 1257 1278 1429 1411
4 1258 1412 1430 1279
4 1257 1411 1412 1258
4 1429 1278 1279 1430
4 1257 1258 1279 1278
4 1411 1429 1430 1412
4 1258 1279 1430 1412
4 1259 1413 1431 1280
4 1258 1412 1413 1259
4 1430 1279 1280 1431
4 1258 1259 1280 1279
4 1412 1430 1431 1413
4 1259 1280 1431 1413
4 1260 1414 1432 1281
4 1259 1413 1414 1260
4 1431 1280 1281 1432
4 1259 1260 1281 1280
4 1413 1431 1432 1414
4 1260 1281 1432 1414
4 1261 1415 1433 1282
4 1260 1414 1415 1261
4 1432 1281 1282 1433
4 1260 1261 1282 1281
4 1414 1432 1433 1415
4 1261 1282 1433 1415
4 1262 1416 1434 1283
4 1261 1415 1416 1262
4 1433 1282 1283 1434
4 1261 1262 1283 1282
4 1415 1433 1434 1416
4 1262 1283 1434 1416
4 1263 1417 1435 1284
4 1262 1416 1417 1263
4 1434 1283 1284 1435
4 1262 1263 1284 1283
4 1416 1434 1435 1417
4 1272 1287 1436 1423
4 1273 1424 1437 1288
4 1272 1423 1424 1273
4 1436 1287 1288 1437
4 1272 1273 1288 1287
4 1423 1436 1437 1424
4 1273 1288 1437 1424
4 1274 1425 1438 1289
4 1273 1424 1425 1274
4 1437 1288 1289 1438
4 1273 1274 1289 1288
4 1424 1437 1438 1425
4 1274 1289 1438 1425
4 1275 1426 1439 1290
4 1274 1425 1426 1275
4 1438 1289 1290 1439
4 1274 1275 1290 1289
4 1425 1438 1439 1426
4 1275 1290 1439 1426
4 1276 1427 1440 1291
4 1275 1426 1427 1276
4 1439 1290 1291 1440
4 1275 1276 1291 1290
4 1426 1439 1440 1427
4 1276 1291 1440 1427
4 1277 1428 1441 1292
4 1276 1427 1428 1277
4 1440 1291 1292 1441
4 1276 1277 1292 1291
4 1427 1440 1441 1428
4 1298 1315 1455 1442
4 1299 1443 1456 1316
4 1298 1442 1443 1299
4 1455 1315 1316 1456
4 1298 1299 1316 1315
4 1442 1455 1456 1443
4 1299 1316 1456 1443
4 1300 1444 1457 1317
4 1299 1443 1444 1300
4 1456 1316 1317 1457
4 1299 1300 1317 1316
4 1443 1456 1457 1444
4 1300 1317 1457 1444
4 1301 1445 1458 1318
4 1300 1444 1445 1301
4 1457 1317 1318 1458
4 1300 1301 1318 1317
4 1444 1457 1458 1445
4 1301 1318 1458 1445
4 1302 1446 1459 1319
4 1301 1445 1446 1302
4 1458 1318 1319 1459
4 1301 1302 1319 1318
4 1445 1458 1459 1446
4 1302 1319 1459 1446
4 1303 1447 1460 1320
4 1302 1446 1447 1303
4 1459 1319 1320 1460
4 1302 1303 1320 1319
4 1446 1459 1460 1447
4 1303 1320 1460 1447
4 1304 1448 1461 1321
4 1303 1447 1448 1304
4 1460 1320 1321 1461
4 1303 1304 1321 1320
4 1447 1460 1461 1448
4 1304 1321 1461 1448
4 1305 1449 1462 1322
4 1304 1448 1449 1305
4 1461 1321 1322 1462
4 1304 1305 1322 1321
4 1448 1461 1462 1449
4 1305 1322 1462 1449
4 1306 1450 1463 1323
4 1305 1449 1450 1306
4 1462 1322 1323 1463
4 1305 1306 1323 1322
4 1449 1462 1463 1450
4 1306 1323 1463 1450
4 1307 1451 1464 1324
4 1306 1450 1451 1307
4 1463 1323 1324 1464
4 1306 1307 1324 1323
4 1450 1463 1464 1451
4 1307 1324 1464 1451
4 1308 1452 1465 1325
4 1307 1451 1452 1308
4 1464 1324 1325 1465
4 1307 1308 1325 1324
4 1451 1464 1465 1452
4 1308 1325 1465 1452
4 1309 1453 1466 1326
4 1308 1452 1453 1309
4 1465 1325 1326 1466
4 1308 1309 1326 1325
4 1452 1465 1466 1453
4 1314 1332 1469 1454
4 1315 1455 1470 1333
4 1314 1454 1455 1315
4 1469 1332 1333 1470
4 1314 1315 1333 1332
4 1454 1469 1470 1455
4 1315 1333 1470 1455
4 1316 1456 1471 1334
4 1315 1455 1456 1316
4 1470 1333 1334 1471
4 1315 1316 1334 1333
4 1455 1470 1471 1456
4 1316 1334 1471 1456
4 1317 1457 1472 1335
4 1316 1456 1457 1317
4 1471 1334 1335 1472
4 1316 1317 1335 1334
4 1456 1471 1472 1457
4 1317 1335 1472 1457
4 1318 1458 1473 1336
4 1317 1457 1458 1318
4 1472 1335 1336 1473
4 1317 1318 1336 1335
4 1457 1472 1473 1458
4 1318 1336 1473 1458
4 1319 1459 1474 1337
4 1318 1458 1459 1319
4 1473 1336 1337 1474
4 1318 1319 1337 1336
4 1458 1473 1474 1459
4 1319 1337 1474 1459
4 1320 1460 1475 1338
4 1319 1459 1460 1320
4 1474 1337 1338 1475
4 1319 1320 1338 1337
4 1459 1474 1475 1460
4 1320 1338 1475 1460
4 1321 1461 1476 1339
4 1320 1460 1461 1321
4 1475 1338 1339 1476
4 1320 1321 1339 1338
4 1460 1475 1476 1461
4 1321 1339 1476 1461
4 1322 1462 1477 1340
4 1321 1461 1462 1322
4 1476 1339 1340 1477
4 1321 1322 1340 1339
4 1461 1476 1477 1462
4 1322 1340 1477 1462
4 1323 1463 1478 1341
4 1322 1462 1463 1323
4 1477 1340 1341 1478
4 1322 1323 1341 1340
4 1462 1477 1478 1463
4 1323 1341 1478 1463
4 1324 1464 1479 1342
4 1323 1463 1464 1324
4 1478 1341 1342 1479
4 1323 1324 1342 1341
4 1463 1478 1479 1464
4 1324 1342 1479 1464
4 1325 1465 1480 1343
4 1324 1464 1465 1325
4 1479 1342 1343 1480
4 1324 1325 1343 1342
4 1464 1479 1480 1465
4 1325 1343 1480 1465
4 1326 1466 1481 1344
4 1325 1465 1466 1326
4 1480 1343 1344 1481
4 1325 1326 1344 1343
4 1465 1480 1481 1466
4 1326 1344 1481 1466
4 1327 1467 1482 1345
4 1326 1466 1467 1327
4 1481 1344 1345 1482
4 1326 1327 1345 1344
4 1466 1481 1482 1467
4 1331 1350 1483 1468
4 1332 1469 1484 1351
4 1331 1468 1469 1332
4 1483 1350 1351 1484
4 1331 1332 1351 1350
4 1468 1483 1484 1469
4 1332 1351 1484 1469
4 1333 1470 1485 1352
4 1332 1469 1470 1333
4 1484 1351 1352 1485
4 1332 1333 1352 1351
4 1469 1484 1485 1470
4 1333 1352 1485 1470
4 1334 1471 1486 1353
4 1333 1470 1471 1334
4 1485 1352 1353 1486
4 1333 1334 1353 1352
4 1470 1485 1486 1471
4 1340 1354 1492 1477
4 1341 1478 1493 1355
4 1340 1477 1478 1341
4 1492 1354 1355 1493
4 1340 1341 1355 1354
4 1477 1492 1493 1478
4 1341 1355 1493 1478
4 1342 1479 1494 1356
4 1341 1478 1479 1342
4 1493 1355 1356 1494
4 1341 1342 1356 1355
4 1478 1493 1494 1479
4 1342 1356 1494 1479
4 1343 1480 1495 1357
4 1342 1479 1480 1343
4 1494 1356 1357 1495
4 1342 1343 1357 1356
4 1479 1494 1495 1480
4 1343 1357 1495 1480
4 1344 1481 1496 1358
4 1343 1480 1481 1344
4 1495 1357 1358 1496
4 1343 1344 1358 1357
4 1480 1495 1496 1481
4 1344 1358 1496 1481
4 1345 1482 1497 1359
4 1344 1481 1482 1345
4 1496 1358 1359 1497
4 1344 1345 1359 1358
4 1481 1496 1497 1482
4 1350 1364 1498 1483
4 1351 1484 1499 1365
4 1350 1483 1484 1351
4 1498 1364 1365 1499
4 1350 1351 1365 1364
4 1483 1498 1499 1484
4 1351 1365 1499 1484
4 1352 1485 1500 1366
4 1351 1484 1485 1352
4 1499 1365 1366 1500
4 1351 1352 1366 1365
4 1484 1499 1500 1485
4 1352 1366 1500 1485
4 1353 1486 1501 1367
4 1352 1485 1486 1353
4 1500 1366 1367 1501
4 1352 1353 1367 1366
4 1485 1500 1501 1486
4 1357 1376 1510 1495
4 1358 1496 1511 1377
4 1357 1495 1496 1358
4 1510 1376 1377 1511
4 1357 1358 1377 1376
4 1495 1510 1511 1496
4 1358 1377 1511 1496
4 1359 1497 1512 1378
4 1358 1496 1497 1359
4 1511 1377 1378 1512
4 1358 1359 1378 1377
4 1496 1511 1512 1497
4 1364 1383 1513 1498
4 1365 1499 1514 1384
4 1364 1498 1499 1365
4 1513 1383 1384 1514
4 1364 1365 1384 1383
4 1498 1513 1514 1499
4 1365 1384 1514 1499
4 1366 1500 1515 1385
4 1365 1499 1500 1366
4 1514 1384 1385 1515
4 1365 1366 1385 1384
4 1499 1514 1515 1500
4 1366 1385 1515 1500
4 1367 1501 1516 1386
4 1366 1500 1501 1367
4 1515 1385 1386 1516
4 1366 1367 1386 1385
4 1500 1515 1516 1501
4 1367 1386 1516 1501
4 1368 1502 1517 1387
4 1367 1501 1502 1368
4 1516 1386 1387 1517
4 1367 1368 1387 1386
4 1501 1516 1517 1502
4 1369 1388 1518 1503
4 1370 1504 1519 1389
4 1369 1503 1504 1370
4 1518 1388 1389 1519
4 1369 1370 1389 1388
4 1503 1518 1519 1504
4 1370 1389 1519 1504
4 1371 1505 1520 1390
4 1370 1504 1505 1371
4 1519 1389 1390 1520
4 1370 1371 1390 1389
4 1504 1519 1520 1505
4 1371 1390 1520 1505
4 1372 1506 1521 1391
4 1371 1505 1506 1372
4 1520 1390 1391 1521
4 1371 1372 1391 1390
4 1505 1520 1521 1506
4 1372 1391 1521 1506
4 1373 1507 1522 1392
4 1372 1506 1507 1373
4 1521 1391 1392 1522
4 1372 1373 1392 1391
4 1506 1521 1522 1507
4 1373 1392 1522 1507
4 1374 1508 1523 1393
4 1373 1507 1508 1374
4 1522 1392 1393 1523
4 1373 1374 1393 1392
4 1507 1522 1523 1508
4 1374 1393 1523 1508
4 1375 1509 1524 1394
4 1374 1508 1509 1375
4 1523 1393 1394 1524
4 1374 1375 1394 1393
4 1508 1523 1524 1509
4 1375 1394 1524 1509
4 1376 1510 1525 1395
4 1375 1509 1510 1376
4 1524 1394 1395 1525
4 1375 1376 1395 1394
4 1509 1524 1525 1510
4 1376 1395 1525 1510
4 1377 1511 1526 1396
4 1376 1510 1511 1377
4 1525 1395 1396 1526
4 1376 1377 1396 1395
4 1510 1525 1526 1511
4 1377 1396 1526 1511
4 1378 1512 1527 1397
4 1377 1511 1512 1378
4 1526 1396 1397 1527
4 1377 1378 1397 1396
4 1511 1526 1527 1512
4 1384 1403 1528 1514
4 1385 1515 1529 1404
4 1384 1514 1515 1385
4 1528 1403 1404 1529
4 1384 1385 1404 1403
4 1514 1528 1529 1515
4 1385 1404 1529 1515
4 1386 1516 1530 1405
4 1385 1515 1516 1386
4 1529 1404 1405 1530
4 1385 1386 1405 1404
4 1515 1529 1530 1516
4 1386 1405 1530 1516
4 1387 1517 1531 1406
4 1386 1516 1517 1387
4 1530 1405 1406 1531
4 1386 1387 1406 1405
4 1516 1530 1531 1517
4 1387 1406 1531 1517
4 1388 1518 1532 1407
4 1387 1517 1518 1388
4 1531 1406 1407 1532
4 1387 1388 1407 1406
4 1517 1531 1532 1518
4 1388 1407 1532 1518
4 1389 1519 1533 1408
4 1388 1518 1519 1389
4 1532 1407 1408 1533
4 1388 1389 1408 1407
4 1518 1532 1533 1519
4 1389 1408 1533 1519
4 1390 1520 1534 1409
4 1389 1519 1520 1390
4 1533 1408 1409 1534
4 1389 1390 1409 1408
4 1519 1533 1534 1520
4 1390 1409 1534 1520
4 1391 1521 1535 1410
4 1390 1520 1521 1391
4 1534 1409 1410 1535
4 1390 1391 1410 1409
4 1520 1534 1535 1521
4 1391 1410 1535 1521
4 1392 1522 1536 1411
4 1391 1521 1522 1392
4 1535 1410 1411 1536
4 1391 1392 1411 1410
4 1521 1535 1536 1522
4 1392 1411 1536 1522
4 1393 1523 1537 1412
4 1392 1522 1523 1393
4 1536 1411 1412 1537
4 1392 1393 1412 1411
4 1522 1536 1537 1523
4 1393 1412 1537 1523
4 1394 1524 1538 1413
4 1393 1523 1524 1394
4 1537 1412 1413 1538
4 1393 1394 1413 1412
4 1523 1537 1538 1524
4 1394 1413 1538 1524
4 1395 1525 1539 1414
4 1394 1524 1525 1395
4 1538 1413 1414 1539
4 1394 1395 1414 1413
4 1524 1538 1539 1525
4 1395 1414 1539 1525
4 1396 1526 1540 1415
4 1395 1525 1526 1396
4 1539 1414 1415 1540
4 1395 1396 1415 1414
4 1525 1539 1540 1526
4 1396 1415 1540 1526
4 1397 1527 1541 1416
4 1396 1526 1527 1397
4 1540 1415 1416 1541
4 1396 1397 1416 1415
4 1526 1540 1541 1527
4 1404 1422 1542 1529
4 1405 1530 1543 1423
4 1404 1529 1530 1405
4 1542 1422 1423 1543
4 1404 1405 1423 1422
4 1529 1542 1543 1530
4 1405 1423 1543 1530
4 1406 1531 1544 1424
4 1405 1530 1531 1406
4 1543 1423 1424 1544
4 1405 1406 1424 1423
4 1530 1543 1544 1531
4 1406 1424 1544 1531
4 1407 1532 1545 1425
4 1406 1531 1532 1407
4 1544 1424 1425 1545
4 1406 1407 1425 1424
4 1531 1544 1545 1532
4 1407 1425 1545 1532
4 1408 1533 1546 1426
4 1407 1532 1533 1408
4 1545 1425 1426 1546
4 1407 1408 1426 1425
4 1532 1545 1546 1533
4 1408 1426 1546 1533
4 1409 1534 1547 1427
4 1408 1533 1534 1409
4 1546 1426 1427 1547
4 1408 1409 1427 1426
4 1533 1546 1547 1534
4 1409 1427 1547 1534
4 1410 1535 1548 1428
4 1409 1534 1535 1410
4 1547 1427 1428 1548
4 1409 1410 1428 1427
4 1534 1547 1548 1535
4 1410 1428 1548 1535
4 1411 1536 1549 1429
4 1410 1535 1536 1411
4 1548 1428 1429 1549
4 1410 1411 1429 1428
4 1535 1548 1549 1536
4 1411 1429 1549 1536
4 1412 1537 1550 1430
4 1411 1536 1537 1412
4 1549 1429 1430 1550
4 1411 1412 1430 1429
4 1536 1549 1550 1537
4 1412 1430 1550 1537
4 1413 1538 1551 1431
4 1412 1537 1538 1413
4 1550 1430 1431 1551
4 1412 1413 1431 1430
4 1537 1550 1551 1538
4 1413 1431 1551 1538
4 1414 1539 1552 1432
4 1413 1538 1539 1414
4 1551 1431 1432 1552
4 1413 1414 1432 1431
4 1538 1551 1552 1539
4 1414 1432 1552 1539
4 1415 1540 1553 1433
4 1414 1539 1540 1415
4 1552 1432 1433 1553
4 1414 1415 1433 1432
4 1539 1552 1553 1540
4 1455 1470 1564 1554
4 1456 1555 1565 1471
4 1455 1554 1555 1456
4 1564 1470 1471 1565
4 1455 1456 1471 1470
4 1554 1564 1565 1555
4 1456 1471 1565 1555
4 1457 1556 1566 1472
4 1456 1555 1556 1457
4 1565 1471 1472 1566
4 1456 1457 1472 1471
4 1555 1565 1566 1556
4 1457 1472 1566 1556
4 1458 1557 1567 1473
4 1457 1556 1557 1458
4 1566 1472 1473 1567
4 1457 1458 1473 1472
4 1556 1566 1567 1557
4 1458 1473 1567 1557
4 1459 1558 1568 1474
4 1458 1557 1558 1459
4 1567 1473 1474 1568
4 1458 1459 1474 1473
4 1557 1567 1568 1558
4 1459 1474 1568 1558
4 1460 1559 1569 1475
4 1459 1558 1559 1460
4 1568 1474 1475 1569
4 1459 1460 1475 1474
4 1558 1568 1569 1559
4 1460 1475 1569 1559
4 1461 1560 1570 1476
4 1460 1559 1560 1461
4 1569 1475 1476 1570
4 1460 1461 1476 1475
4 1559 1569 1570 1560
4 1461 1476 1570 1560
4 1462 1561 1571 1477
4 1461 1560 1561 1462
4 1570 1476 1477 1571
4 1461 1462 1477 1476
4 1560 1570 1571 1561
4 1462 1477 1571 1561
4 1463 1562 1572 1478
4 1462 1561 1562 1463
4 1571 1477 1478 1572
4 1462 1463 1478 1477
4 1561 1571 1572 1562
4 1469 1484 1576 1563
4 1470 1564 1577 1485
4 1469 1563 1564 1470
4 1576 1484 1485 1577
4 1469 1470 1485 1484
4 1563 1576 1577 1564
4 1470 1485 1577 1564
4 1471 1565 1578 1486
4 1470 1564 1565 1471
4 1577 1485 1486 1578
4 1470 1471 1486 1485
4 1564 1577 1578 1565
4 1471 1486 1578 1565
4 1472 1566 1579 1487
4 1471 1565 1566 1472
4 1578 1486 1487 1579
4 1471 1472 1487 1486
4 1565 1578 1579 1566
4 1472 1487 1579 1566
4 1473 1567 1580 1488
4 1472 1566 1567 1473
4 1579 1487 1488 1580
4 1472 1473 1488 1487
4 1566 1579 1580 1567
4 1473 1488 1580 1567
4 1474 1568 1581 1489
4 1473 1567 1568 1474
4 1580 1488 1489 1581
4 1473 1474 1489 1488
4 1567 1580 1581 1568
4 1474 1489 1581 1568
4 1475 1569 1582 1490
4 1474 1568 1569 1475
4 1581 1489 1490 1582
4 1474 1475 1490 1489
4 1568 1581 1582 1569
4 1475 1490 1582 1569
4 1476 1570 1583 1491
4 1475 1569 1570 1476
4 1582 1490 1491 1583
4 1475 1476 1491 1490
4 1569 1582 1583 1570
4 1476 1491 1583 1570
4 1477 1571 1584 1492
4 1476 1570 1571 1477
4 1583 1491 1492 1584
4 1476 1477 1492 1491
4 1570 1583 1584 1571
4 1477 1492 1584 1571
4 1478 1572 1585 1493
4 1477 1571 1572 1478
4 1584 1492 1493 1585
4 1477 1478 1493 1492
4 1571 1584 1585 1572
4 1478 1493 1585 1572
4 1479 1573 1586 1494
4 1478 1572 1573 1479
4 1585 1493 1494 1586
4 1478 1479 1494 1493
4 1572 1585 1586 1573
4 1479 1494 1586 1573
4 1480 1574 1587 1495
4 1479 1573 1574 1480
4 1586 1494 1495 1587
4 1479 1480 1495 1494
4 1573 1586 1587 1574
4 1480 1495 1587 1574
4 1481 1575 1588 1496
4 1480 1574 1575 1481
4 1587 1495 1496 1588
4 1480 1481 1496 1495
4 1574 1587 1588 1575
4 1484 1499 1590 1576
4 1485 1577 1591 1500
4 1484 1576 1577 1485
4 1590 1499 1500 1591
4 1484 1485 1500 1499
4 1576 1590 1591 1577
4 1485 1500 1591 1577
4 1486 1578 1592 1501
4 1485 1577 1578 1486
4 1591 1500 1501 1592
4 1485 1486 1501 1500
4 1577 1591 1592 1578
4 1486 1501 1592 1578
4 1487 1579 1593 1502
4 1486 1578 1579 1487
4 1592 1501 1502 1593
4 1486 1487 1502 1501
4 1578 1592 1593 1579
4 1487 1502 1593 1579
4 1488 1580 1594 1503
4 1487 1579 1580 1488
4 1593 1502 1503 1594
4 1487 1488 1503 1502
4 1579 1593 1594 1580
4 1488 1503 1594 1580
4 1489 1581 1595 1504
4 1488 1580 1581 1489
4 1594 1503 1504 1595
4 1488 1489 1504 1503
4 1580 1594 1595 1581
4 1489 1504 1595 1581
4 1490 1582 1596 1505
4 1489 1581 1582 1490
4 1595 1504 1505 1596
4 1489 1490 1505 1504
4 1581 1595 1596 1582
4 1490 1505 1596 1582
4 1491 1583 1597 1506
4 1490 1582 1583 1491
4 1596 1505 1506 1597
4 1490 1491 1506 1505
4 1582 1596 1597 1583
4 1491 1506 1597 1583
4 1492 1584 1598 1507
4 1491 1583 1584 1492
4 1597 1506 1507 1598
4 1491 1492 1507 1506
4 1583 1597 1598 1584
4 1492 1507 1598 1584
4 1493 1585 1599 1508
4 1492 1584 1585 1493
4 1598 1507 1508 1599
4 1492 1493 1508 1507
4 1584 1598 1599 1585
4 1493 1508 1599 1585
4 1494 1586 1600 1509
4 1493 1585 1586 1494
4 1599 1508 1509 1600
4 1493 1494 1509 1508
4 1585 1599 1600 1586
4 1494 1509 1600 1586
4 1495 1587 1601 1510
4 1494 1586 1587 1495
4 1600 1509 1510 1601
4 1494 1495 1510 1509
4 1586 1600 1601 1587
4 1495 1510 1601 1587
4 1496 1588 1602 1511
4 1495 1587 1588 1496
4 1601 1510 1511 1602
4 1495 1496 1511 1510
4 1587 1601 1602 1588
4 1496 1511 1602 1588
4 1497 1589 1603 1512
4 1496 1588 1589 1497
4 1602 1511 1512 1603
4 1496 1497 1512 1511
4 1588 1602 1603 1589
4 1500 1515 1604 1591
4 1501 1592 1605 1516
4 1500 1591 1592 1501
4 1604 1515 1516 1605
4 1500 1501 1516 1515
4 1591 1604 1605 1592
4 1501 1516 1605 1592
4 1502 1593 1606 1517
4 1501 1592 1593 1502
4 1605 1516 1517 1606
4 1501 1502 1517 1516
4 1592 1605 1606 1593
4 1502 1517 1606 1593
4 1503 1594 1607 1518
4 1502 1593 1594 1503
4 1606 1517 1518 1607
4 1502 1503 1518 1517
4 1593 1606 1607 1594
4 1503 1518 1607 1594
4 1504 1595 1608 1519
4 1503 1594 1595 1504
4 1607 1518 1519 1608
4 1503 1504 1519 1518
4 1594 1607 1608 1595
4 1504 1519 1608 1595
4 1505 1596 1609 1520
4 1504 1595 1596 1505
4 1608 1519 1520 1609
4 1504 1505 1520 1519
4 1595 1608 1609 1596
4 1505 1520 1609 1596
4 1506 1597 1610 1521
4 1505 1596 1597 1506
4 1609 1520 1521 1610
4 1505 1506 1521 1520
4 1596 1609 1610 1597
4 1506 1521 1610 1597
4 1507 1598 1611 1522
4 1506 1597 1598 1507
4 1610 1521 1522 1611
4 1506 1507 1522 1521
4 1597 1610 1611 1598
4 1507 1522 1611 1598
4 1508 1599 1612 1523
4 1507 1598 1599 1508
4 1611 1522 1523 1612
4 1507 1508 1523 1522
4 1598 1611 1612 1599
4 1508 1523 1612 1599
4 1509 1600 1613 1524
4 1508 1599 1600 1509
4 1612 1523 1524 1613
4 1508 1509 1524 1523
4 1599 1612 1613 1600
4 1509 1524 1613 1600
4 1510 1601 1614 1525
4 1509 1600 1601 1510
4 1613 1524 1525 1614
4 1509 1510 1525 1524
4 1600 1613 1614 1601
4 1510 1525 1614 1601
4 1511 1602 1615 1526
4 1510 1601 1602 1511
4 1614 1525 1526 1615
4 1510 1511 1526 1525
4 1601 1614 1615 1602
4 1511 1526 1615 1602
4 1512 1603 1616 1527
4 1511 1602 1603 1512
4 1615 1526 1527 1616
4 1511 1512 1527 1526
4 1602 1615 1616 1603
4 1516 1530 1617 1605
4 1517 1606 1618 1531
4 1516 1605 1606 1517
4 1617 1530 1531 1618
4 1516 1517 1531 1530
4 1605 1617 1618 1606
4 1517 1531 1618 1606
4 1518 1607 1619 1532
4 1517 1606 1607 1518
4 1618 1531 1532 1619
4 1517 1518 1532 1531
4 1606 1618 1619 1607
4 1518 1532 1619 1607
4 1519 1608 1620 1533
4 1518 1607 1608 1519
4 1619 1532 1533 1620
4 1518 1519 1533 1532
4 1607 1619 1620 1608
