ply
format ascii 1.0
element vertex 1322
property float x
property float y
property float z
element face 3996
property list uchar int vertex_indices
end_header
-0.450000 -0.225000 0.375000
-0.450000 -0.225000 0.450000
-0.450000 -0.225000 0.525000
-0.450000 -0.150000 0.300000
-0.450000 -0.150000 0.375000
-0.450000 -0.150000 0.450000
-0.450000 -0.150000 0.525000
-0.450000 -0.150000 0.600000
-0.450000 -0.075000 0.300000
-0.450000 -0.075000 0.375000
-0.450000 -0.075000 0.450000
-0.450000 -0.075000 0.525000
-0.450000 -0.075000 0.600000
-0.450000 0.000000 0.300000
-0.450000 0.000000 0.375000
-0.450000 0.000000 0.450000
-0.450000 0.000000 0.525000
-0.450000 0.000000 0.600000
-0.450000 0.075000 0.300000
-0.450000 0.075000 0.375000
-0.450000 0.075000 0.450000
-0.450000 0.075000 0.525000
-0.450000 0.075000 0.600000
-0.450000 0.150000 0.375000
-0.450000 0.150000 0.450000
-0.450000 0.150000 0.525000
-0.375000 -0.300000 0.375000
-0.375000 -0.300000 0.450000
-0.375000 -0.300000 0.525000
-0.375000 -0.225000 0.300000
-0.375000 -0.225000 0.375000
-0.375000 -0.225000 0.450000
-0.375000 -0.225000 0.525000
-0.375000 -0.225000 0.600000
-0.375000 -0.150000 0.225000
-0.375000 -0.150000 0.300000
-0.375000 -0.150000 0.375000
-0.375000 -0.150000 0.450000
-0.375000 -0.150000 0.525000
-0.375000 -0.150000 0.600000
-0.375000 -0.075000 0.225000
-0.375000 -0.075000 0.300000
-0.375000 -0.075000 0.375000
-0.375000 -0.075000 0.450000
-0.375000 -0.075000 0.525000
-0.375000 -0.075000 0.600000
-0.375000 0.000000 0.225000
-0.375000 0.000000 0.300000
-0.375000 0.000000 0.375000
-0.375000 0.000000 0.450000
-0.375000 0.000000 0.525000
-0.375000 0.000000 0.600000
-0.375000 0.075000 0.225000
-0.375000 0.075000 0.300000
-0.375000 0.075000 0.375000
-0.375000 0.075000 0.450000
-0.375000 0.075000 0.525000
-0.375000 0.075000 0.600000
-0.375000 0.150000 0.300000
-0.375000 0.150000 0.375000
-0.375000 0.150000 0.450000
-0.375000 0.150000 0.525000
-0.375000 0.150000 0.600000
-0.375000 0.225000 0.375000
-0.375000 0.225000 0.450000
-0.375000 0.225000 0.525000
-0.375000 0.225000 0.600000
-0.300000 -0.300000 -0.900000
-0.300000 -0.300000 -0.825000
-0.300000 -0.300000 -0.750000
-0.300000 -0.300000 -0.675000
-0.300000 -0.300000 -0.600000
-0.300000 -0.300000 -0.525000
-0.300000 -0.300000 -0.450000
-0.300000 -0.300000 -0.375000
-0.300000 -0.300000 -0.300000
-0.300000 -0.300000 -0.225000
-0.300000 -0.300000 0.300000
-0.300000 -0.300000 0.375000
-0.300000 -0.300000 0.450000
-0.300000 -0.300000 0.525000
-0.300000 -0.300000 0.600000
-0.300000 -0.225000 -0.975000
-0.300000 -0.225000 -0.900000
-0.300000 -0.225000 -0.825000
-0.300000 -0.225000 -0.750000
-0.300000 -0.225000 -0.675000
-0.300000 -0.225000 -0.600000
-0.300000 -0.225000 -0.525000
-0.300000 -0.225000 -0.450000
-0.300000 -0.225000 -0.375000
-0.300000 -0.225000 -0.300000
-0.300000 -0.225000 -0.225000
-0.300000 -0.225000 -0.150000
-0.300000 -0.225000 0.225000
-0.300000 -0.225000 0.300000
-0.300000 -0.225000 0.375000
-0.300000 -0.225000 0.450000
-0.300000 -0.225000 0.525000
-0.300000 -0.225000 0.600000
-0.300000 -0.150000 -1.050000
-0.300000 -0.150000 -0.975000
-0.300000 -0.150000 -0.900000
-0.300000 -0.150000 -0.825000
-0.300000 -0.150000 -0.750000
-0.300000 -0.150000 -0.675000
-0.300000 -0.150000 -0.600000
-0.300000 -0.150000 -0.525000
-0.300000 -0.150000 -0.450000
-0.300000 -0.150000 -0.375000
-0.300000 -0.150000 -0.300000
-0.300000 -0.150000 -0.225000
-0.300000 -0.150000 -0.150000
-0.300000 -0.150000 -0.075000
-0.300000 -0.150000 0.225000
-0.300000 -0.150000 0.300000
-0.300000 -0.150000 0.375000
-0.300000 -0.150000 0.450000
-0.300000 -0.150000 0.525000
-0.300000 -0.150000 0.600000
-0.300000 -0.075000 -1.050000
-0.300000 -0.075000 -0.975000
-0.300000 -0.075000 -0.900000
-0.300000 -0.075000 -0.825000
-0.300000 -0.075000 -0.750000
-0.300000 -0.075000 -0.675000
-0.300000 -0.075000 -0.600000
-0.300000 -0.075000 -0.525000
-0.300000 -0.075000 -0.450000
-0.300000 -0.075000 -0.375000
-0.300000 -0.075000 -0.300000
-0.300000 -0.075000 -0.225000
-0.300000 -0.075000 -0.150000
-0.300000 -0.075000 -0.075000
-0.300000 -0.075000 0.225000
-0.300000 -0.075000 0.300000
-0.300000 -0.075000 0.375000
-0.300000 -0.075000 0.450000
-0.300000 -0.075000 0.525000
-0.300000 -0.075000 0.600000
-0.300000 0.000000 -1.050000
-0.300000 0.000000 -0.975000
-0.300000 0.000000 -0.900000
-0.300000 0.000000 -0.825000
-0.300000 0.000000 -0.750000
-0.300000 0.000000 -0.675000
-0.300000 0.000000 -0.600000
-0.300000 0.000000 -0.525000
-0.300000 0.000000 -0.450000
-0.300000 0.000000 -0.375000
-0.300000 0.000000 -0.300000
-0.300000 0.000000 -0.225000
-0.300000 0.000000 -0.150000
-0.300000 0.000000 -0.075000
-0.300000 0.000000 0.225000
-0.300000 0.000000 0.300000
-0.300000 0.000000 0.375000
-0.300000 0.000000 0.450000
-0.300000 0.000000 0.525000
-0.300000 0.000000 0.600000
-0.300000 0.075000 -1.050000
-0.300000 0.075000 -0.975000
-0.300000 0.075000 -0.900000
-0.300000 0.075000 -0.825000
-0.300000 0.075000 -0.750000
-0.300000 0.075000 -0.675000
-0.300000 0.075000 -0.600000
-0.300000 0.075000 -0.525000
-0.300000 0.075000 -0.450000
-0.300000 0.075000 -0.375000
-0.300000 0.075000 -0.300000
-0.300000 0.075000 -0.225000
-0.300000 0.075000 -0.150000
-0.300000 0.075000 -0.075000
-0.300000 0.075000 0.225000
-0.300000 0.075000 0.300000
-0.300000 0.075000 0.375000
-0.300000 0.075000 0.450000
-0.300000 0.075000 0.525000
-0.300000 0.075000 0.600000
-0.300000 0.150000 -1.050000
-0.300000 0.150000 -0.975000
-0.300000 0.150000 -0.900000
-0.300000 0.150000 -0.825000
-0.300000 0.150000 -0.750000
-0.300000 0.150000 -0.675000
-0.300000 0.150000 -0.600000
-0.300000 0.150000 -0.525000
-0.300000 0.150000 -0.450000
-0.300000 0.150000 -0.375000
-0.300000 0.150000 -0.300000
-0.300000 0.150000 -0.225000
-0.300000 0.150000 -0.150000
-0.300000 0.150000 0.225000
-0.300000 0.150000 0.300000
-0.300000 0.150000 0.375000
-0.300000 0.150000 0.450000
-0.300000 0.150000 0.525000
-0.300000 0.150000 0.600000
-0.300000 0.225000 -0.900000
-0.300000 0.225000 -0.825000
-0.300000 0.225000 -0.750000
-0.300000 0.225000 -0.675000
-0.300000 0.225000 -0.600000
-0.300000 0.225000 -0.525000
-0.300000 0.225000 -0.450000
-0.300000 0.225000 -0.375000
-0.300000 0.225000 -0.300000
-0.300000 0.225000 -0.225000
-0.300000 0.225000 0.375000
-0.300000 0.225000 0.450000
-0.300000 0.225000 0.525000
-0.300000 0.225000 0.600000
-0.225000 -0.300000 -1.050000
-0.225000 -0.300000 -0.975000
-0.225000 -0.300000 -0.900000
-0.225000 -0.300000 -0.825000
-0.225000 -0.300000 -0.750000
-0.225000 -0.300000 -0.675000
-0.225000 -0.300000 -0.600000
-0.225000 -0.300000 -0.525000
-0.225000 -0.300000 -0.450000
-0.225000 -0.300000 -0.375000
-0.225000 -0.300000 -0.300000
-0.225000 -0.300000 -0.225000
-0.225000 -0.300000 -0.150000
-0.225000 -0.300000 -0.075000
-0.225000 -0.300000 0.000000
-0.225000 -0.300000 0.300000
-0.225000 -0.300000 0.375000
-0.225000 -0.300000 0.450000
-0.225000 -0.300000 0.525000
-0.225000 -0.300000 0.600000
-0.225000 -0.225000 -1.050000
-0.225000 -0.225000 -0.975000
-0.225000 -0.225000 -0.900000
-0.225000 -0.225000 -0.825000
-0.225000 -0.225000 -0.750000
-0.225000 -0.225000 -0.675000
-0.225000 -0.225000 -0.600000
-0.225000 -0.225000 -0.525000
-0.225000 -0.225000 -0.450000
-0.225000 -0.225000 -0.375000
-0.225000 -0.225000 -0.300000
-0.225000 -0.225000 -0.225000
-0.225000 -0.225000 -0.150000
-0.225000 -0.225000 -0.075000
-0.225000 -0.225000 0.000000
-0.225000 -0.225000 0.075000
-0.225000 -0.225000 0.150000
-0.225000 -0.225000 0.225000
-0.225000 -0.225000 0.300000
-0.225000 -0.225000 0.375000
-0.225000 -0.225000 0.450000
-0.225000 -0.225000 0.525000
-0.225000 -0.225000 0.600000
-0.225000 -0.225000 0.675000
-0.225000 -0.150000 -1.125000
-0.225000 -0.150000 -1.050000
-0.225000 -0.150000 -0.975000
-0.225000 -0.150000 -0.900000
-0.225000 -0.150000 -0.825000
-0.225000 -0.150000 -0.750000
-0.225000 -0.150000 -0.675000
-0.225000 -0.150000 -0.600000
-0.225000 -0.150000 -0.525000
-0.225000 -0.150000 -0.450000
-0.225000 -0.150000 -0.375000
-0.225000 -0.150000 -0.300000
-0.225000 -0.150000 -0.225000
-0.225000 -0.150000 -0.150000
-0.225000 -0.150000 -0.075000
-0.225000 -0.150000 0.000000
-0.225000 -0.150000 0.075000
-0.225000 -0.150000 0.150000
-0.225000 -0.150000 0.225000
-0.225000 -0.150000 0.300000
-0.225000 -0.150000 0.375000
-0.225000 -0.150000 0.450000
-0.225000 -0.150000 0.525000
-0.225000 -0.150000 0.600000
-0.225000 -0.150000 0.675000
-0.225000 -0.075000 -1.125000
-0.225000 -0.075000 -1.050000
-0.225000 -0.075000 -0.975000
-0.225000 -0.075000 -0.900000
-0.225000 -0.075000 -0.825000
-0.225000 -0.075000 -0.750000
-0.225000 -0.075000 -0.675000
-0.225000 -0.075000 -0.600000
-0.225000 -0.075000 -0.525000
-0.225000 -0.075000 -0.450000
-0.225000 -0.075000 -0.375000
-0.225000 -0.075000 -0.300000
-0.225000 -0.075000 -0.225000
-0.225000 -0.075000 -0.150000
-0.225000 -0.075000 -0.075000
-0.225000 -0.075000 0.000000
-0.225000 -0.075000 0.075000
-0.225000 -0.075000 0.150000
-0.225000 -0.075000 0.225000
-0.225000 -0.075000 0.300000
-0.225000 -0.075000 0.375000
-0.225000 -0.075000 0.450000
-0.225000 -0.075000 0.525000
-0.225000 -0.075000 0.600000
-0.225000 -0.075000 0.675000
-0.225000 0.000000 -1.125000
-0.225000 0.000000 -1.050000
-0.225000 0.000000 -0.975000
-0.225000 0.000000 -0.900000
-0.225000 0.000000 -0.825000
-0.225000 0.000000 -0.750000
-0.225000 0.000000 -0.675000
-0.225000 0.000000 -0.600000
-0.225000 0.000000 -0.525000
-0.225000 0.000000 -0.450000
-0.225000 0.000000 -0.375000
-0.225000 0.000000 -0.300000
-0.225000 0.000000 -0.225000
-0.225000 0.000000 -0.150000
-0.225000 0.000000 -0.075000
-0.225000 0.000000 0.000000
-0.225000 0.000000 0.075000
-0.225000 0.000000 0.150000
-0.225000 0.000000 0.225000
-0.225000 0.000000 0.300000
-0.225000 0.000000 0.375000
-0.225000 0.000000 0.450000
-0.225000 0.000000 0.525000
-0.225000 0.000000 0.600000
-0.225000 0.000000 0.675000
-0.225000 0.075000 -1.125000
-0.225000 0.075000 -1.050000
-0.225000 0.075000 -0.975000
-0.225000 0.075000 -0.900000
-0.225000 0.075000 -0.825000
-0.225000 0.075000 -0.750000
-0.225000 0.075000 -0.675000
-0.225000 0.075000 -0.600000
-0.225000 0.075000 -0.525000
-0.225000 0.075000 -0.450000
-0.225000 0.075000 -0.375000
-0.225000 0.075000 -0.300000
-0.225000 0.075000 -0.225000
-0.225000 0.075000 -0.150000
-0.225000 0.075000 -0.075000
-0.225000 0.075000 0.000000
-0.225000 0.075000 0.075000
-0.225000 0.075000 0.150000
-0.225000 0.075000 0.225000
-0.225000 0.075000 0.300000
-0.225000 0.075000 0.375000
-0.225000 0.075000 0.450000
-0.225000 0.075000 0.525000
-0.225000 0.075000 0.600000
-0.225000 0.075000 0.675000
-0.225000 0.150000 -1.050000
-0.225000 0.150000 -0.975000
-0.225000 0.150000 -0.900000
-0.225000 0.150000 -0.825000
-0.225000 0.150000 -0.750000
-0.225000 0.150000 -0.675000
-0.225000 0.150000 -0.600000
-0.225000 0.150000 -0.525000
-0.225000 0.150000 -0.450000
-0.225000 0.150000 -0.375000
-0.225000 0.150000 -0.300000
-0.225000 0.150000 -0.225000
-0.225000 0.150000 -0.150000
-0.225000 0.150000 -0.075000
-0.225000 0.150000 0.000000
-0.225000 0.150000 0.075000
-0.225000 0.150000 0.150000
-0.225000 0.150000 0.225000
-0.225000 0.150000 0.300000
-0.225000 0.150000 0.375000
-0.225000 0.150000 0.450000
-0.225000 0.150000 0.525000
-0.225000 0.150000 0.600000
-0.225000 0.150000 0.675000
-0.225000 0.225000 -1.050000
-0.225000 0.225000 -0.975000
-0.225000 0.225000 -0.900000
-0.225000 0.225000 -0.825000
-0.225000 0.225000 -0.750000
-0.225000 0.225000 -0.675000
-0.225000 0.225000 -0.600000
-0.225000 0.225000 -0.525000
-0.225000 0.225000 -0.450000
-0.225000 0.225000 -0.375000
-0.225000 0.225000 -0.300000
-0.225000 0.225000 -0.225000
-0.225000 0.225000 -0.150000
-0.225000 0.225000 -0.075000
-0.225000 0.225000 0.000000
-0.225000 0.225000 0.375000
-0.225000 0.225000 0.450000
-0.225000 0.225000 0.525000
-0.225000 0.225000 0.600000
-0.150000 -0.300000 -1.050000
-0.150000 -0.300000 -0.975000
-0.150000 -0.300000 -0.900000
-0.150000 -0.300000 -0.825000
-0.150000 -0.300000 -0.750000
-0.150000 -0.300000 -0.675000
-0.150000 -0.300000 -0.600000
-0.150000 -0.300000 -0.525000
-0.150000 -0.300000 -0.450000
-0.150000 -0.300000 -0.375000
-0.150000 -0.300000 -0.300000
-0.150000 -0.300000 -0.225000
-0.150000 -0.300000 -0.150000
-0.150000 -0.300000 -0.075000
-0.150000 -0.300000 0.000000
-0.150000 -0.300000 0.075000
-0.150000 -0.300000 0.150000
-0.150000 -0.300000 0.375000
-0.150000 -0.300000 0.450000
-0.150000 -0.300000 0.525000
-0.150000 -0.300000 0.600000
-0.150000 -0.225000 -1.050000
-0.150000 -0.225000 -0.975000
-0.150000 -0.225000 -0.900000
-0.150000 -0.225000 -0.825000
-0.150000 -0.225000 -0.750000
-0.150000 -0.225000 -0.675000
-0.150000 -0.225000 -0.600000
-0.150000 -0.225000 -0.525000
-0.150000 -0.225000 -0.450000
-0.150000 -0.225000 -0.375000
-0.150000 -0.225000 -0.300000
-0.150000 -0.225000 -0.225000
-0.150000 -0.225000 -0.150000
-0.150000 -0.225000 -0.075000
-0.150000 -0.225000 0.000000
-0.150000 -0.225000 0.075000
-0.150000 -0.225000 0.150000
-0.150000 -0.225000 0.225000
-0.150000 -0.225000 0.300000
-0.150000 -0.225000 0.375000
-0.150000 -0.225000 0.450000
-0.150000 -0.225000 0.525000
-0.150000 -0.225000 0.600000
-0.150000 -0.225000 0.675000
-0.150000 -0.150000 -1.125000
-0.150000 -0.150000 -1.050000
-0.150000 -0.150000 -0.975000
-0.150000 -0.150000 -0.900000
-0.150000 -0.150000 -0.825000
-0.150000 -0.150000 -0.300000
-0.150000 -0.150000 -0.225000
-0.150000 -0.150000 -0.150000
-0.150000 -0.150000 -0.075000
-0.150000 -0.150000 0.000000
-0.150000 -0.150000 0.075000
-0.150000 -0.150000 0.150000
-0.150000 -0.150000 0.225000
-0.150000 -0.150000 0.300000
-0.150000 -0.150000 0.375000
-0.150000 -0.150000 0.450000
-0.150000 -0.150000 0.525000
-0.150000 -0.150000 0.600000
-0.150000 -0.150000 0.675000
-0.150000 -0.075000 -1.125000
-0.150000 -0.075000 -1.050000
-0.150000 -0.075000 -0.975000
-0.150000 -0.075000 -0.900000
-0.150000 -0.075000 -0.225000
-0.150000 -0.075000 -0.150000
-0.150000 -0.075000 -0.075000
-0.150000 -0.075000 0.000000
-0.150000 -0.075000 0.075000
-0.150000 -0.075000 0.150000
-0.150000 -0.075000 0.225000
-0.150000 -0.075000 0.300000
-0.150000 -0.075000 0.375000
-0.150000 -0.075000 0.450000
-0.150000 -0.075000 0.525000
-0.150000 -0.075000 0.600000
-0.150000 -0.075000 0.675000
-0.150000 0.000000 -1.125000
-0.150000 0.000000 -1.050000
-0.150000 0.000000 -0.975000
-0.150000 0.000000 -0.225000
-0.150000 0.000000 -0.150000
-0.150000 0.000000 -0.075000
-0.150000 0.000000 0.000000
-0.150000 0.000000 0.075000
-0.150000 0.000000 0.150000
-0.150000 0.000000 0.225000
-0.150000 0.000000 0.300000
-0.150000 0.000000 0.375000
-0.150000 0.000000 0.450000
-0.150000 0.000000 0.600000
-0.150000 0.000000 0.675000
-0.150000 0.075000 -1.125000
-0.150000 0.075000 -1.050000
-0.150000 0.075000 -0.975000
-0.150000 0.075000 -0.900000
-0.150000 0.075000 -0.825000
-0.150000 0.075000 -0.300000
-0.150000 0.075000 -0.225000
-0.150000 0.075000 -0.150000
-0.150000 0.075000 -0.075000
-0.150000 0.075000 0.000000
-0.150000 0.075000 0.075000
-0.150000 0.075000 0.150000
-0.150000 0.075000 0.225000
-0.150000 0.075000 0.300000
-0.150000 0.075000 0.375000
-0.150000 0.075000 0.450000
-0.150000 0.075000 0.525000
-0.150000 0.075000 0.600000
-0.150000 0.075000 0.675000
-0.150000 0.150000 -1.125000
-0.150000 0.150000 -1.050000
-0.150000 0.150000 -0.975000
-0.150000 0.150000 -0.900000
-0.150000 0.150000 -0.825000
-0.150000 0.150000 -0.750000
-0.150000 0.150000 -0.675000
-0.150000 0.150000 -0.600000
-0.150000 0.150000 -0.525000
-0.150000 0.150000 -0.450000
-0.150000 0.150000 -0.375000
-0.150000 0.150000 -0.300000
-0.150000 0.150000 -0.225000
-0.150000 0.150000 -0.150000
-0.150000 0.150000 -0.075000
-0.150000 0.150000 0.000000
-0.150000 0.150000 0.075000
-0.150000 0.150000 0.150000
-0.150000 0.150000 0.225000
-0.150000 0.150000 0.300000
-0.150000 0.150000 0.375000
-0.150000 0.150000 0.450000
-0.150000 0.150000 0.525000
-0.150000 0.150000 0.600000
-0.150000 0.150000 0.675000
-0.150000 0.225000 -1.050000
-0.150000 0.225000 -0.975000
-0.150000 0.225000 -0.900000
-0.150000 0.225000 -0.825000
-0.150000 0.225000 -0.750000
-0.150000 0.225000 -0.675000
-0.150000 0.225000 -0.600000
-0.150000 0.225000 -0.525000
-0.150000 0.225000 -0.450000
-0.150000 0.225000 -0.375000
-0.150000 0.225000 -0.300000
-0.150000 0.225000 -0.225000
-0.150000 0.225000 -0.150000
-0.150000 0.225000 -0.075000
-0.150000 0.225000 0.000000
-0.150000 0.225000 0.075000
-0.150000 0.225000 0.150000
-0.150000 0.225000 0.375000
-0.150000 0.225000 0.450000
-0.150000 0.225000 0.525000
-0.150000 0.225000 0.600000
-0.075000 -0.300000 -1.050000
-0.075000 -0.300000 -0.975000
-0.075000 -0.300000 -0.900000
-0.075000 -0.300000 -0.825000
-0.075000 -0.300000 -0.750000
-0.075000 -0.300000 -0.675000
-0.075000 -0.300000 -0.600000
-0.075000 -0.300000 -0.525000
-0.075000 -0.300000 -0.450000
-0.075000 -0.300000 -0.375000
-0.075000 -0.300000 -0.300000
-0.075000 -0.300000 -0.225000
-0.075000 -0.300000 -0.150000
-0.075000 -0.300000 -0.075000
-0.075000 -0.300000 0.000000
-0.075000 -0.300000 0.075000
-0.075000 -0.300000 0.150000
-0.075000 -0.300000 0.225000
-0.075000 -0.300000 0.375000
-0.075000 -0.300000 0.450000
-0.075000 -0.300000 0.525000
-0.075000 -0.300000 0.600000
-0.075000 -0.300000 0.675000
-0.075000 -0.225000 -1.050000
-0.075000 -0.225000 -0.975000
-0.075000 -0.225000 -0.900000
-0.075000 -0.225000 -0.825000
-0.075000 -0.225000 -0.750000
-0.075000 -0.225000 -0.675000
-0.075000 -0.225000 -0.600000
-0.075000 -0.225000 -0.525000
-0.075000 -0.225000 -0.450000
-0.075000 -0.225000 -0.375000
-0.075000 -0.225000 -0.300000
-0.075000 -0.225000 -0.225000
-0.075000 -0.225000 -0.150000
-0.075000 -0.225000 -0.075000
-0.075000 -0.225000 0.000000
-0.075000 -0.225000 0.075000
-0.075000 -0.225000 0.150000
-0.075000 -0.225000 0.225000
-0.075000 -0.225000 0.300000
-0.075000 -0.225000 0.375000
-0.075000 -0.225000 0.450000
-0.075000 -0.225000 0.525000
-0.075000 -0.225000 0.600000
-0.075000 -0.225000 0.675000
-0.075000 -0.150000 -1.125000
-0.075000 -0.150000 -1.050000
-0.075000 -0.150000 -0.975000
-0.075000 -0.150000 -0.900000
-0.075000 -0.150000 -0.825000
-0.075000 -0.150000 -0.750000
-0.075000 -0.150000 -0.675000
-0.075000 -0.150000 -0.600000
-0.075000 -0.150000 -0.525000
-0.075000 -0.150000 -0.450000
-0.075000 -0.150000 -0.375000
-0.075000 -0.150000 -0.300000
-0.075000 -0.150000 -0.075000
-0.075000 -0.150000 0.000000
-0.075000 -0.150000 0.075000
-0.075000 -0.150000 0.150000
-0.075000 -0.150000 0.225000
-0.075000 -0.150000 0.300000
-0.075000 -0.150000 0.375000
-0.075000 -0.150000 0.450000
-0.075000 -0.150000 0.525000
-0.075000 -0.150000 0.600000
-0.075000 -0.150000 0.675000
-0.075000 -0.075000 -1.125000
-0.075000 -0.075000 -1.050000
-0.075000 -0.075000 -0.975000
-0.075000 -0.075000 -0.750000
-0.075000 -0.075000 -0.675000
-0.075000 -0.075000 -0.600000
-0.075000 -0.075000 -0.525000
-0.075000 -0.075000 -0.450000
-0.075000 -0.075000 -0.375000
-0.075000 -0.075000 0.075000
-0.075000 -0.075000 0.150000
-0.075000 -0.075000 0.225000
-0.075000 -0.075000 0.300000
-0.075000 -0.075000 0.375000
-0.075000 -0.075000 0.450000
-0.075000 -0.075000 0.600000
-0.075000 -0.075000 0.675000
-0.075000 0.000000 -1.125000
-0.075000 0.000000 -1.050000
-0.075000 0.000000 -0.975000
-0.075000 0.000000 -0.750000
-0.075000 0.000000 -0.675000
-0.075000 0.000000 -0.600000
-0.075000 0.000000 -0.525000
-0.075000 0.000000 -0.450000
-0.075000 0.000000 -0.375000
-0.075000 0.000000 0.075000
-0.075000 0.000000 0.150000
-0.075000 0.000000 0.225000
-0.075000 0.000000 0.300000
-0.075000 0.000000 0.375000
-0.075000 0.000000 0.450000
-0.075000 0.000000 0.600000
-0.075000 0.000000 0.675000
-0.075000 0.075000 -1.125000
-0.075000 0.075000 -1.050000
-0.075000 0.075000 -0.975000
-0.075000 0.075000 -0.900000
-0.075000 0.075000 -0.825000
-0.075000 0.075000 -0.750000
-0.075000 0.075000 -0.675000
-0.075000 0.075000 -0.600000
-0.075000 0.075000 -0.525000
-0.075000 0.075000 -0.450000
-0.075000 0.075000 -0.375000
-0.075000 0.075000 -0.300000
-0.075000 0.075000 -0.075000
-0.075000 0.075000 0.000000
-0.075000 0.075000 0.075000
-0.075000 0.075000 0.150000
-0.075000 0.075000 0.225000
-0.075000 0.075000 0.300000
-0.075000 0.075000 0.375000
-0.075000 0.075000 0.450000
-0.075000 0.075000 0.525000
-0.075000 0.075000 0.600000
-0.075000 0.075000 0.675000
-0.075000 0.150000 -1.125000
-0.075000 0.150000 -1.050000
-0.075000 0.150000 -0.975000
-0.075000 0.150000 -0.900000
-0.075000 0.150000 -0.825000
-0.075000 0.150000 -0.750000
-0.075000 0.150000 -0.675000
-0.075000 0.150000 -0.600000
-0.075000 0.150000 -0.525000
-0.075000 0.150000 -0.450000
-0.075000 0.150000 -0.375000
-0.075000 0.150000 -0.300000
-0.075000 0.150000 -0.225000
-0.075000 0.150000 -0.150000
-0.075000 0.150000 -0.075000
-0.075000 0.150000 0.000000
-0.075000 0.150000 0.075000
-0.075000 0.150000 0.150000
-0.075000 0.150000 0.225000
-0.075000 0.150000 0.300000
-0.075000 0.150000 0.375000
-0.075000 0.150000 0.450000
-0.075000 0.150000 0.525000
-0.075000 0.150000 0.600000
-0.075000 0.150000 0.675000
-0.075000 0.225000 -1.050000
-0.075000 0.225000 -0.975000
-0.075000 0.225000 -0.900000
-0.075000 0.225000 -0.825000
-0.075000 0.225000 -0.750000
-0.075000 0.225000 -0.675000
-0.075000 0.225000 -0.600000
-0.075000 0.225000 -0.525000
-0.075000 0.225000 -0.450000
-0.075000 0.225000 -0.375000
-0.075000 0.225000 -0.300000
-0.075000 0.225000 -0.225000
-0.075000 0.225000 -0.150000
-0.075000 0.225000 -0.075000
-0.075000 0.225000 0.000000
-0.075000 0.225000 0.075000
-0.075000 0.225000 0.150000
-0.075000 0.225000 0.225000
-0.075000 0.225000 0.375000
-0.075000 0.225000 0.450000
-0.075000 0.225000 0.525000
-0.075000 0.225000 0.600000
-0.075000 0.225000 0.675000
0.000000 -0.300000 -1.050000
0.000000 -0.300000 -0.975000
0.000000 -0.300000 -0.900000
0.000000 -0.300000 -0.825000
0.000000 -0.300000 -0.750000
0.000000 -0.300000 -0.675000
0.000000 -0.300000 -0.600000
0.000000 -0.300000 -0.525000
0.000000 -0.300000 -0.450000
0.000000 -0.300000 -0.375000
0.000000 -0.300000 -0.300000
0.000000 -0.300000 -0.225000
0.000000 -0.300000 -0.150000
0.000000 -0.300000 -0.075000
0.000000 -0.300000 0.000000
0.000000 -0.300000 0.075000
0.000000 -0.300000 0.150000
0.000000 -0.300000 0.225000
0.000000 -0.300000 0.300000
0.000000 -0.300000 0.375000
0.000000 -0.300000 0.450000
0.000000 -0.300000 0.525000
0.000000 -0.300000 0.600000
0.000000 -0.300000 0.675000
0.000000 -0.225000 -1.050000
0.000000 -0.225000 -0.975000
0.000000 -0.225000 -0.900000
0.000000 -0.225000 -0.825000
0.000000 -0.225000 -0.750000
0.000000 -0.225000 -0.675000
0.000000 -0.225000 -0.600000
0.000000 -0.225000 -0.525000
0.000000 -0.225000 -0.450000
0.000000 -0.225000 -0.375000
0.000000 -0.225000 -0.300000
0.000000 -0.225000 -0.225000
0.000000 -0.225000 -0.150000
0.000000 -0.225000 -0.075000
0.000000 -0.225000 0.000000
0.000000 -0.225000 0.075000
0.000000 -0.225000 0.150000
0.000000 -0.225000 0.225000
0.000000 -0.225000 0.300000
0.000000 -0.225000 0.375000
0.000000 -0.225000 0.450000
0.000000 -0.225000 0.525000
0.000000 -0.225000 0.600000
0.000000 -0.225000 0.675000
0.000000 -0.150000 -1.125000
0.000000 -0.150000 -1.050000
0.000000 -0.150000 -0.975000
0.000000 -0.150000 -0.900000
0.000000 -0.150000 -0.825000
0.000000 -0.150000 -0.750000
0.000000 -0.150000 -0.675000
0.000000 -0.150000 -0.600000
0.000000 -0.150000 -0.525000
0.000000 -0.150000 -0.450000
0.000000 -0.150000 -0.375000
0.000000 -0.150000 -0.300000
0.000000 -0.150000 -0.225000
0.000000 -0.150000 -0.150000
0.000000 -0.150000 -0.075000
0.000000 -0.150000 0.075000
0.000000 -0.150000 0.150000
0.000000 -0.150000 0.225000
0.000000 -0.150000 0.300000
0.000000 -0.150000 0.375000
0.000000 -0.150000 0.450000
0.000000 -0.150000 0.525000
0.000000 -0.150000 0.600000
0.000000 -0.150000 0.675000
0.000000 -0.075000 -1.125000
0.000000 -0.075000 -1.050000
0.000000 -0.075000 -0.975000
0.000000 -0.075000 -0.900000
0.000000 -0.075000 -0.825000
0.000000 -0.075000 -0.750000
0.000000 -0.075000 -0.675000
0.000000 -0.075000 -0.600000
0.000000 -0.075000 -0.525000
0.000000 -0.075000 -0.450000
0.000000 -0.075000 -0.375000
0.000000 -0.075000 -0.300000
0.000000 -0.075000 -0.225000
0.000000 -0.075000 0.150000
0.000000 -0.075000 0.225000
0.000000 -0.075000 0.300000
0.000000 -0.075000 0.375000
0.000000 -0.075000 0.450000
0.000000 -0.075000 0.600000
0.000000 -0.075000 0.675000
0.000000 0.000000 -1.125000
0.000000 0.000000 -1.050000
0.000000 0.000000 -0.975000
0.000000 0.000000 -0.900000
0.000000 0.000000 -0.825000
0.000000 0.000000 -0.750000
0.000000 0.000000 -0.675000
0.000000 0.000000 -0.600000
0.000000 0.000000 -0.525000
0.000000 0.000000 -0.450000
0.000000 0.000000 -0.375000
0.000000 0.000000 -0.300000
0.000000 0.000000 0.150000
0.000000 0.000000 0.225000
0.000000 0.000000 0.300000
0.000000 0.000000 0.375000
0.000000 0.000000 0.450000
0.000000 0.000000 0.600000
0.000000 0.000000 0.675000
0.000000 0.075000 -1.125000
0.000000 0.075000 -1.050000
0.000000 0.075000 -0.975000
0.000000 0.075000 -0.900000
0.000000 0.075000 -0.825000
0.000000 0.075000 -0.750000
0.000000 0.075000 -0.675000
0.000000 0.075000 -0.600000
0.000000 0.075000 -0.525000
0.000000 0.075000 -0.450000
0.000000 0.075000 -0.375000
0.000000 0.075000 -0.300000
0.000000 0.075000 -0.225000
0.000000 0.075000 -0.150000
0.000000 0.075000 0.075000
0.000000 0.075000 0.150000
0.000000 0.075000 0.225000
0.000000 0.075000 0.300000
0.000000 0.075000 0.375000
0.000000 0.075000 0.450000
0.000000 0.075000 0.525000
0.000000 0.075000 0.600000
0.000000 0.075000 0.675000
0.000000 0.150000 -1.125000
0.000000 0.150000 -1.050000
0.000000 0.150000 -0.975000
0.000000 0.150000 -0.900000
0.000000 0.150000 -0.825000
0.000000 0.150000 -0.750000
0.000000 0.150000 -0.675000
0.000000 0.150000 -0.600000
0.000000 0.150000 -0.525000
0.000000 0.150000 -0.450000
0.000000 0.150000 -0.375000
0.000000 0.150000 -0.300000
0.000000 0.150000 -0.225000
0.000000 0.150000 -0.150000
0.000000 0.150000 -0.075000
0.000000 0.150000 0.000000
0.000000 0.150000 0.075000
0.000000 0.150000 0.150000
0.000000 0.150000 0.225000
0.000000 0.150000 0.300000
0.000000 0.150000 0.375000
0.000000 0.150000 0.450000
0.000000 0.150000 0.525000
0.000000 0.150000 0.600000
0.000000 0.150000 0.675000
0.000000 0.225000 -1.050000
0.000000 0.225000 -0.975000
0.000000 0.225000 -0.900000
0.000000 0.225000 -0.825000
0.000000 0.225000 -0.750000
0.000000 0.225000 -0.675000
0.000000 0.225000 -0.600000
0.000000 0.225000 -0.525000
0.000000 0.225000 -0.450000
0.000000 0.225000 -0.375000
0.000000 0.225000 -0.300000
0.000000 0.225000 -0.225000
0.000000 0.225000 -0.150000
0.000000 0.225000 -0.075000
0.000000 0.225000 0.000000
0.000000 0.225000 0.075000
0.000000 0.225000 0.150000
0.000000 0.225000 0.225000
0.000000 0.225000 0.300000
0.000000 0.225000 0.375000
0.000000 0.225000 0.450000
0.000000 0.225000 0.525000
0.000000 0.225000 0.600000
0.000000 0.225000 0.675000
0.075000 -0.300000 -0.375000
0.075000 -0.300000 -0.300000
0.075000 -0.300000 -0.225000
0.075000 -0.300000 -0.150000
0.075000 -0.300000 -0.075000
0.075000 -0.300000 0.000000
0.075000 -0.300000 0.075000
0.075000 -0.300000 0.150000
0.075000 -0.300000 0.225000
0.075000 -0.300000 0.300000
0.075000 -0.300000 0.375000
0.075000 -0.300000 0.450000
0.075000 -0.300000 0.525000
0.075000 -0.300000 0.600000
0.075000 -0.300000 0.675000
0.075000 -0.225000 -1.050000
0.075000 -0.225000 -0.975000
0.075000 -0.225000 -0.900000
0.075000 -0.225000 -0.825000
0.075000 -0.225000 -0.750000
0.075000 -0.225000 -0.450000
0.075000 -0.225000 -0.375000
0.075000 -0.225000 -0.300000
0.075000 -0.225000 -0.225000
0.075000 -0.225000 -0.150000
0.075000 -0.225000 -0.075000
0.075000 -0.225000 0.000000
0.075000 -0.225000 0.075000
0.075000 -0.225000 0.150000
0.075000 -0.225000 0.225000
0.075000 -0.225000 0.300000
0.075000 -0.225000 0.375000
0.075000 -0.225000 0.450000
0.075000 -0.225000 0.525000
0.075000 -0.225000 0.600000
0.075000 -0.225000 0.675000
0.075000 -0.150000 -1.125000
0.075000 -0.150000 -1.050000
0.075000 -0.150000 -0.975000
0.075000 -0.150000 -0.900000
0.075000 -0.150000 -0.825000
0.075000 -0.150000 -0.750000
0.075000 -0.150000 -0.675000
0.075000 -0.150000 -0.525000
0.075000 -0.150000 -0.450000
0.075000 -0.150000 -0.375000
0.075000 -0.150000 -0.300000
0.075000 -0.150000 -0.225000
0.075000 -0.150000 -0.150000
0.075000 -0.150000 -0.075000
0.075000 -0.150000 0.000000
0.075000 -0.150000 0.075000
0.075000 -0.150000 0.150000
0.075000 -0.150000 0.225000
0.075000 -0.150000 0.300000
0.075000 -0.150000 0.375000
0.075000 -0.150000 0.450000
0.075000 -0.150000 0.525000
0.075000 -0.150000 0.600000
0.075000 -0.150000 0.675000
0.075000 -0.075000 -1.125000
0.075000 -0.075000 -1.050000
0.075000 -0.075000 -0.975000
0.075000 -0.075000 -0.900000
0.075000 -0.075000 -0.825000
0.075000 -0.075000 -0.750000
0.075000 -0.075000 -0.675000
0.075000 -0.075000 -0.525000
0.075000 -0.075000 -0.450000
0.075000 -0.075000 -0.375000
0.075000 -0.075000 -0.300000
0.075000 -0.075000 -0.225000
0.075000 -0.075000 -0.150000
0.075000 -0.075000 -0.075000
0.075000 -0.075000 0.000000
0.075000 -0.075000 0.075000
0.075000 -0.075000 0.150000
0.075000 -0.075000 0.300000
0.075000 -0.075000 0.375000
0.075000 -0.075000 0.450000
0.075000 -0.075000 0.600000
0.075000 -0.075000 0.675000
0.075000 0.000000 -1.125000
0.075000 0.000000 -1.050000
0.075000 0.000000 -0.975000
0.075000 0.000000 -0.900000
0.075000 0.000000 -0.825000
0.075000 0.000000 -0.750000
0.075000 0.000000 -0.675000
0.075000 0.000000 -0.525000
0.075000 0.000000 -0.450000
0.075000 0.000000 -0.375000
0.075000 0.000000 -0.300000
0.075000 0.000000 -0.225000
0.075000 0.000000 -0.150000
0.075000 0.000000 -0.075000
0.075000 0.000000 0.000000
0.075000 0.000000 0.075000
0.075000 0.000000 0.150000
0.075000 0.000000 0.300000
0.075000 0.000000 0.375000
0.075000 0.000000 0.450000
0.075000 0.000000 0.600000
0.075000 0.000000 0.675000
0.075000 0.075000 -1.125000
0.075000 0.075000 -1.050000
0.075000 0.075000 -0.975000
0.075000 0.075000 -0.900000
0.075000 0.075000 -0.825000
0.075000 0.075000 -0.750000
0.075000 0.075000 -0.675000
0.075000 0.075000 -0.525000
0.075000 0.075000 -0.450000
0.075000 0.075000 -0.375000
0.075000 0.075000 -0.300000
0.075000 0.075000 -0.225000
0.075000 0.075000 -0.150000
0.075000 0.075000 -0.075000
0.075000 0.075000 0.000000
0.075000 0.075000 0.075000
0.075000 0.075000 0.150000
0.075000 0.075000 0.225000
0.075000 0.075000 0.300000
0.075000 0.075000 0.375000
0.075000 0.075000 0.450000
0.075000 0.075000 0.600000
0.075000 0.075000 0.675000
0.075000 0.150000 -1.050000
0.075000 0.150000 -0.975000
0.075000 0.150000 -0.900000
0.075000 0.150000 -0.825000
0.075000 0.150000 -0.750000
0.075000 0.150000 -0.675000
0.075000 0.150000 -0.450000
0.075000 0.150000 -0.375000
0.075000 0.150000 -0.300000
0.075000 0.150000 -0.225000
0.075000 0.150000 -0.150000
0.075000 0.150000 -0.075000
0.075000 0.150000 0.000000
0.075000 0.150000 0.075000
0.075000 0.150000 0.150000
0.075000 0.150000 0.225000
0.075000 0.150000 0.300000
0.075000 0.150000 0.375000
0.075000 0.150000 0.450000
0.075000 0.150000 0.525000
0.075000 0.150000 0.600000
0.075000 0.150000 0.675000
0.075000 0.225000 -0.375000
0.075000 0.225000 -0.300000
0.075000 0.225000 -0.225000
0.075000 0.225000 -0.150000
0.075000 0.225000 -0.075000
0.075000 0.225000 0.000000
0.075000 0.225000 0.075000
0.075000 0.225000 0.150000
0.075000 0.225000 0.225000
0.075000 0.225000 0.300000
0.075000 0.225000 0.375000
0.075000 0.225000 0.450000
0.075000 0.225000 0.525000
0.075000 0.225000 0.600000
0.075000 0.225000 0.675000
0.150000 -0.300000 -0.150000
0.150000 -0.300000 -0.075000
0.150000 -0.300000 0.000000
0.150000 -0.300000 0.075000
0.150000 -0.300000 0.150000
0.150000 -0.300000 0.225000
0.150000 -0.300000 0.300000
0.150000 -0.300000 0.375000
0.150000 -0.300000 0.450000
0.150000 -0.300000 0.525000
0.150000 -0.300000 0.600000
0.150000 -0.300000 0.675000
0.150000 -0.225000 -0.375000
0.150000 -0.225000 -0.300000
0.150000 -0.225000 -0.225000
0.150000 -0.225000 -0.150000
0.150000 -0.225000 -0.075000
0.150000 -0.225000 0.000000
0.150000 -0.225000 0.075000
0.150000 -0.225000 0.150000
0.150000 -0.225000 0.225000
0.150000 -0.225000 0.300000
0.150000 -0.225000 0.375000
0.150000 -0.225000 0.450000
0.150000 -0.225000 0.525000
0.150000 -0.225000 0.600000
0.150000 -0.225000 0.675000
0.150000 -0.150000 -1.125000
0.150000 -0.150000 -1.050000
0.150000 -0.150000 -0.975000
0.150000 -0.150000 -0.375000
0.150000 -0.150000 -0.300000
0.150000 -0.150000 -0.225000
0.150000 -0.150000 -0.150000
0.150000 -0.150000 -0.075000
0.150000 -0.150000 0.000000
0.150000 -0.150000 0.075000
0.150000 -0.150000 0.150000
0.150000 -0.150000 0.225000
0.150000 -0.150000 0.300000
0.150000 -0.150000 0.375000
0.150000 -0.150000 0.450000
0.150000 -0.150000 0.525000
0.150000 -0.150000 0.600000
0.150000 -0.150000 0.675000
0.150000 -0.075000 -1.125000
0.150000 -0.075000 -1.050000
0.150000 -0.075000 -0.975000
0.150000 -0.075000 -0.375000
0.150000 -0.075000 -0.300000
0.150000 -0.075000 -0.225000
0.150000 -0.075000 -0.150000
0.150000 -0.075000 -0.075000
0.150000 -0.075000 0.000000
0.150000 -0.075000 0.075000
0.150000 -0.075000 0.150000
0.150000 -0.075000 0.225000
0.150000 -0.075000 0.300000
0.150000 -0.075000 0.375000
0.150000 -0.075000 0.600000
0.150000 -0.075000 0.675000
0.150000 0.000000 -1.125000
0.150000 0.000000 -1.050000
0.150000 0.000000 -0.975000
0.150000 0.000000 -0.375000
0.150000 0.000000 -0.300000
0.150000 0.000000 -0.225000
0.150000 0.000000 -0.150000
0.150000 0.000000 -0.075000
0.150000 0.000000 0.000000
0.150000 0.000000 0.075000
0.150000 0.000000 0.150000
0.150000 0.000000 0.225000
0.150000 0.000000 0.300000
0.150000 0.000000 0.375000
0.150000 0.000000 0.600000
0.150000 0.000000 0.675000
0.150000 0.075000 -1.125000
0.150000 0.075000 -1.050000
0.150000 0.075000 -0.975000
0.150000 0.075000 -0.375000
0.150000 0.075000 -0.300000
0.150000 0.075000 -0.225000
0.150000 0.075000 -0.150000
0.150000 0.075000 -0.075000
0.150000 0.075000 0.000000
0.150000 0.075000 0.075000
0.150000 0.075000 0.150000
0.150000 0.075000 0.225000
0.150000 0.075000 0.300000
0.150000 0.075000 0.375000
0.150000 0.075000 0.450000
0.150000 0.075000 0.525000
0.150000 0.075000 0.600000
0.150000 0.075000 0.675000
0.150000 0.150000 -0.375000
0.150000 0.150000 -0.300000
0.150000 0.150000 -0.225000
0.150000 0.150000 -0.150000
0.150000 0.150000 -0.075000
0.150000 0.150000 0.000000
0.150000 0.150000 0.075000
0.150000 0.150000 0.150000
0.150000 0.150000 0.225000
0.150000 0.150000 0.300000
0.150000 0.150000 0.375000
0.150000 0.150000 0.450000
0.150000 0.150000 0.525000
0.150000 0.150000 0.600000
0.150000 0.150000 0.675000
0.150000 0.225000 -0.225000
0.150000 0.225000 -0.150000
0.150000 0.225000 -0.075000
0.150000 0.225000 0.000000
0.150000 0.225000 0.075000
0.150000 0.225000 0.150000
0.150000 0.225000 0.225000
0.150000 0.225000 0.300000
0.150000 0.225000 0.375000
0.150000 0.225000 0.450000
0.150000 0.225000 0.525000
0.150000 0.225000 0.600000
0.150000 0.225000 0.675000
0.225000 -0.300000 0.225000
0.225000 -0.300000 0.300000
0.225000 -0.300000 0.375000
0.225000 -0.300000 0.450000
0.225000 -0.300000 0.525000
0.225000 -0.300000 0.600000
0.225000 -0.300000 0.675000
0.225000 -0.225000 0.075000
0.225000 -0.225000 0.150000
0.225000 -0.225000 0.225000
0.225000 -0.225000 0.300000
0.225000 -0.225000 0.375000
0.225000 -0.225000 0.450000
0.225000 -0.225000 0.525000
0.225000 -0.225000 0.600000
0.225000 -0.225000 0.675000
0.225000 -0.150000 0.075000
0.225000 -0.150000 0.150000
0.225000 -0.150000 0.225000
0.225000 -0.150000 0.300000
0.225000 -0.150000 0.375000
0.225000 -0.150000 0.450000
0.225000 -0.150000 0.525000
0.225000 -0.150000 0.600000
0.225000 -0.150000 0.675000
0.225000 -0.075000 0.075000
0.225000 -0.075000 0.150000
0.225000 -0.075000 0.225000
0.225000 -0.075000 0.300000
0.225000 -0.075000 0.375000
0.225000 -0.075000 0.450000
0.225000 -0.075000 0.525000
0.225000 -0.075000 0.600000
0.225000 -0.075000 0.675000
0.225000 0.000000 0.075000
0.225000 0.000000 0.150000
0.225000 0.000000 0.225000
0.225000 0.000000 0.300000
0.225000 0.000000 0.375000
0.225000 0.000000 0.450000
0.225000 0.000000 0.525000
0.225000 0.000000 0.600000
0.225000 0.000000 0.675000
0.225000 0.075000 0.075000
0.225000 0.075000 0.150000
0.225000 0.075000 0.225000
0.225000 0.075000 0.300000
0.225000 0.075000 0.375000
0.225000 0.075000 0.450000
0.225000 0.075000 0.525000
0.225000 0.075000 0.600000
0.225000 0.075000 0.675000
0.225000 0.150000 0.075000
0.225000 0.150000 0.150000
0.225000 0.150000 0.225000
0.225000 0.150000 0.300000
0.225000 0.150000 0.375000
0.225000 0.150000 0.450000
0.225000 0.150000 0.525000
0.225000 0.150000 0.600000
0.225000 0.150000 0.675000
0.225000 0.225000 0.225000
0.225000 0.225000 0.300000
0.225000 0.225000 0.375000
0.225000 0.225000 0.450000
0.225000 0.225000 0.525000
0.225000 0.225000 0.600000
0.225000 0.225000 0.675000
0.300000 -0.300000 0.375000
0.300000 -0.300000 0.450000
0.300000 -0.300000 0.525000
0.300000 -0.300000 0.600000
0.300000 -0.300000 0.675000
0.300000 -0.225000 0.300000
0.300000 -0.225000 0.375000
0.300000 -0.225000 0.450000
0.300000 -0.225000 0.525000
0.300000 -0.225000 0.600000
0.300000 -0.225000 0.675000
0.300000 -0.150000 0.225000
0.300000 -0.150000 0.300000
0.300000 -0.150000 0.375000
0.300000 -0.150000 0.450000
0.300000 -0.150000 0.525000
0.300000 -0.150000 0.600000
0.300000 -0.150000 0.675000
0.300000 -0.075000 0.225000
0.300000 -0.075000 0.300000
0.300000 -0.075000 0.375000
0.300000 -0.075000 0.450000
0.300000 -0.075000 0.525000
0.300000 -0.075000 0.600000
0.300000 -0.075000 0.675000
0.300000 0.000000 0.225000
0.300000 0.000000 0.300000
0.300000 0.000000 0.375000
0.300000 0.000000 0.450000
0.300000 0.000000 0.525000
0.300000 0.000000 0.600000
0.300000 0.000000 0.675000
0.300000 0.075000 0.225000
0.300000 0.075000 0.300000
0.300000 0.075000 0.375000
0.300000 0.075000 0.450000
0.300000 0.075000 0.525000
0.300000 0.075000 0.600000
0.300000 0.075000 0.675000
0.300000 0.150000 0.300000
0.300000 0.150000 0.375000
0.300000 0.150000 0.450000
0.300000 0.150000 0.525000
0.300000 0.150000 0.600000
0.300000 0.150000 0.675000
0.300000 0.225000 0.450000
0.300000 0.225000 0.525000
0.300000 0.225000 0.600000
4 0 4 36 30
4 1 31 37 5
4 0 30 31 1
4 36 4 5 37
4 0 1 5 4
4 30 36 37 31
4 1 5 37 31
4 2 32 38 6
4 1 31 32 2
4 37 5 6 38
4 1 2 6 5
4 31 37 38 32
4 3 8 41 35
4 4 36 42 9
4 3 35 36 4
4 41 8 9 42
4 3 4 9 8
4 35 41 42 36
4 4 9 42 36
4 5 37 43 10
4 4 36 37 5
4 42 9 10 43
4 4 5 10 9
4 36 42 43 37
4 5 10 43 37
4 6 38 44 11
4 5 37 38 6
4 43 10 11 44
4 5 6 11 10
4 37 43 44 38
4 6 11 44 38
4 7 39 45 12
4 6 38 39 7
4 44 11 12 45
4 6 7 12 11
4 38 44 45 39
4 8 13 47 41
4 9 42 48 14
4 8 41 42 9
4 47 13 14 48
4 8 9 14 13
4 41 47 48 42
4 9 14 48 42
4 10 43 49 15
4 9 42 43 10
4 48 14 15 49
4 9 10 15 14
4 42 48 49 43
4 10 15 49 43
4 11 44 50 16
4 10 43 44 11
4 49 15 16 50
4 10 11 16 15
4 43 49 50 44
4 11 16 50 44
4 12 45 51 17
4 11 44 45 12
4 50 16 17 51
4 11 12 17 16
4 44 50 51 45
4 13 18 53 47
4 14 48 54 19
4 13 47 48 14
4 53 18 19 54
4 13 14 19 18
4 47 53 54 48
4 14 19 54 48
4 15 49 55 20
4 14 48 49 15
4 54 19 20 55
4 14 15 20 19
4 48 54 55 49
4 15 20 55 49
4 16 50 56 21
4 15 49 50 16
4 55 20 21 56
4 15 16 21 20
4 49 55 56 50
4 16 21 56 50
4 17 51 57 22
4 16 50 51 17
4 56 21 22 57
4 16 17 22 21
4 50 56 57 51
4 19 23 59 54
4 20 55 60 24
4 19 54 55 20
4 59 23 24 60
4 19 20 24 23
4 54 59 60 55
4 20 24 60 55
4 21 56 61 25
4 20 55 56 21
4 60 24 25 61
4 20 21 25 24
4 55 60 61 56
4 26 30 96 78
4 27 79 97 31
4 26 78 79 27
4 96 30 31 97
4 26 27 31 30
4 78 96 97 79
4 27 31 97 79
4 28 80 98 32
4 27 79 80 28
4 97 31 32 98
4 27 28 32 31
4 79 97 98 80
4 29 35 115 95
4 30 96 116 36
4 29 95 96 30
4 115 35 36 116
4 29 30 36 35
4 95 115 116 96
4 30 36 116 96
4 31 97 117 37
4 30 96 97 31
4 116 36 37 117
4 30 31 37 36
4 96 116 117 97
4 31 37 117 97
4 32 98 118 38
4 31 97 98 32
4 117 37 38 118
4 31 32 38 37
4 97 117 118 98
4 32 38 118 98
4 33 99 119 39
4 32 98 99 33
4 118 38 39 119
4 32 33 39 38
4 98 118 119 99
4 34 40 134 114
4 35 115 135 41
4 34 114 115 35
4 134 40 41 135
4 34 35 41 40
4 114 134 135 115
4 35 41 135 115
4 36 116 136 42
4 35 115 116 36
4 135 41 42 136
4 35 36 42 41
4 115 135 136 116
4 36 42 136 116
4 37 117 137 43
4 36 116 117 37
4 136 42 43 137
4 36 37 43 42
4 116 136 137 117
4 37 43 137 117
4 38 118 138 44
4 37 117 118 38
4 137 43 44 138
4 37 38 44 43
4 117 137 138 118
4 38 44 138 118
4 39 119 139 45
4 38 118 119 39
4 138 44 45 139
4 38 39 45 44
4 118 138 139 119
4 40 46 154 134
4 41 135 155 47
4 40 134 135 41
4 154 46 47 155
4 40 41 47 46
4 134 154 155 135
4 41 47 155 135
4 42 136 156 48
4 41 135 136 42
4 155 47 48 156
4 41 42 48 47
4 135 155 156 136
4 44 50 158 138
4 45 139 159 51
4 44 138 139 45
4 158 50 51 159
4 44 45 51 50
4 138 158 159 139
4 46 52 174 154
4 47 155 175 53
4 46 154 155 47
4 174 52 53 175
4 46 47 53 52
4 154 174 175 155
4 47 53 175 155
4 48 156 176 54
4 47 155 156 48
4 175 53 54 176
4 47 48 54 53
4 155 175 176 156
4 48 54 176 156
4 49 157 177 55
4 48 156 157 49
4 176 54 55 177
4 48 49 55 54
4 156 176 177 157
4 49 55 177 157
4 50 158 178 56
4 49 157 158 50
4 177 55 56 178
4 49 50 56 55
4 157 177 178 158
4 50 56 178 158
4 51 159 179 57
4 50 158 159 51
4 178 56 57 179
4 50 51 57 56
4 158 178 179 159
4 53 58 194 175
4 54 176 195 59
4 53 175 176 54
4 194 58 59 195
4 53 54 59 58
4 175 194 195 176
4 54 59 195 176
4 55 177 196 60
4 54 176 177 55
4 195 59 60 196
4 54 55 60 59
4 176 195 196 177
4 55 60 196 177
4 56 178 197 61
4 55 177 178 56
4 196 60 61 197
4 55 56 61 60
4 177 196 197 178
4 56 61 197 178
4 57 179 198 62
4 56 178 179 57
4 197 61 62 198
4 56 57 62 61
4 178 197 198 179
4 59 63 209 195
4 60 196 210 64
4 59 195 196 60
4 209 63 64 210
4 59 60 64 63
4 195 209 210 196
4 60 64 210 196
4 61 197 211 65
4 60 196 197 61
4 210 64 65 211
4 60 61 65 64
4 196 210 211 197
4 61 65 211 197
4 62 198 212 66
4 61 197 198 62
4 211 65 66 212
4 61 62 66 65
4 197 211 212 198
4 67 83 235 215
4 68 216 236 84
4 67 215 216 68
4 235 83 84 236
4 67 68 84 83
4 215 235 236 216
4 68 84 236 216
4 69 217 237 85
4 68 216 217 69
4 236 84 85 237
4 68 69 85 84
4 216 236 237 217
4 69 85 237 217
4 70 218 238 86
4 69 217 218 70
4 237 85 86 238
4 69 70 86 85
4 217 237 238 218
4 70 86 238 218
4 71 219 239 87
4 70 218 219 71
4 238 86 87 239
4 70 71 87 86
4 218 238 239 219
4 71 87 239 219
4 72 220 240 88
4 71 219 220 72
4 239 87 88 240
4 71 72 88 87
4 219 239 240 220
4 72 88 240 220
4 73 221 241 89
4 72 220 221 73
4 240 88 89 241
4 72 73 89 88
4 220 240 241 221
4 73 89 241 221
4 74 222 242 90
4 73 221 222 74
4 241 89 90 242
4 73 74 90 89
4 221 241 242 222
4 74 90 242 222
4 75 223 243 91
4 74 222 223 75
4 242 90 91 243
4 74 75 91 90
4 222 242 243 223
4 75 91 243 223
4 76 224 244 92
4 75 223 224 76
4 243 91 92 244
4 75 76 92 91
4 223 243 244 224
4 77 95 251 228
4 78 229 252 96
4 77 228 229 78
4 251 95 96 252
4 77 78 96 95
4 228 251 252 229
4 78 96 252 229
4 79 230 253 97
4 78 229 230 79
4 252 96 97 253
4 78 79 97 96
4 229 252 253 230
4 79 97 253 230
4 80 231 254 98
4 79 230 231 80
4 253 97 98 254
4 79 80 98 97
4 230 253 254 231
4 80 98 254 231
4 81 232 255 99
4 80 231 232 81
4 254 98 99 255
4 80 81 99 98
4 231 254 255 232
4 82 101 259 234
4 83 235 260 102
4 82 234 235 83
4 259 101 102 260
4 82 83 102 101
4 234 259 260 235
4 83 102 260 235
4 84 236 261 103
4 83 235 236 84
4 260 102 103 261
4 83 84 103 102
4 235 260 261 236
4 84 103 261 236
4 85 237 262 104
4 84 236 237 85
4 261 103 104 262
4 84 85 104 103
4 236 261 262 237
4 85 104 262 237
4 86 238 263 105
4 85 237 238 86
4 262 104 105 263
4 85 86 105 104
4 237 262 263 238
4 86 105 263 238
4 87 239 264 106
4 86 238 239 87
4 263 105 106 264
4 86 87 106 105
4 238 263 264 239
4 87 106 264 239
4 88 240 265 107
4 87 239 240 88
4 264 106 107 265
4 87 88 107 106
4 239 264 265 240
4 88 107 265 240
4 89 241 266 108
4 88 240 241 89
4 265 107 108 266
4 88 89 108 107
4 240 265 266 241
4 89 108 266 241
4 90 242 267 109
4 89 241 242 90
4 266 108 109 267
4 89 90 109 108
4 241 266 267 242
4 90 109 267 242
4 91 243 268 110
4 90 242 243 91
4 267 109 110 268
4 90 91 110 109
4 242 267 268 243
4 91 110 268 243
4 92 244 269 111
4 91 243 244 92
4 268 110 111 269
4 91 92 111 110
4 243 268 269 244
4 92 111 269 244
4 93 245 270 112
4 92 244 245 93
4 269 111 112 270
4 92 93 112 111
4 244 269 270 245
4 94 114 275 250
4 95 251 276 115
4 94 250 251 95
4 275 114 115 276
4 94 95 115 114
4 250 275 276 251
4 95 115 276 251
4 96 252 277 116
4 95 251 252 96
4 276 115 116 277
4 95 96 116 115
4 251 276 277 252
4 96 116 277 252
4 97 253 278 117
4 96 252 253 97
4 277 116 117 278
4 96 97 117 116
4 252 277 278 253
4 97 117 278 253
4 98 254 279 118
4 97 253 254 98
4 278 117 118 279
4 97 98 118 117
4 253 278 279 254
4 98 118 279 254
4 99 255 280 119
4 98 254 255 99
4 279 118 119 280
4 98 99 119 118
4 254 279 280 255
4 100 120 283 258
4 101 259 284 121
4 100 258 259 101
4 283 120 121 284
4 100 101 121 120
4 258 283 284 259
4 101 121 284 259
4 102 260 285 122
4 101 259 260 102
4 284 121 122 285
4 101 102 122 121
4 259 284 285 260
4 102 122 285 260
4 103 261 286 123
4 102 260 261 103
4 285 122 123 286
4 102 103 123 122
4 260 285 286 261
4 103 123 286 261
4 104 262 287 124
4 103 261 262 104
4 286 123 124 287
4 103 104 124 123
4 261 286 287 262
4 104 124 287 262
4 105 263 288 125
4 104 262 263 105
4 287 124 125 288
4 104 105 125 124
4 262 287 288 263
4 105 125 288 263
4 106 264 289 126
4 105 263 264 106
4 288 125 126 289
4 105 106 126 125
4 263 288 289 264
4 106 126 289 264
4 107 265 290 127
4 106 264 265 107
4 289 126 127 290
4 106 107 127 126
4 264 289 290 265
4 107 127 290 265
4 108 266 291 128
4 107 265 266 108
4 290 127 128 291
4 107 108 128 127
4 265 290 291 266
4 108 128 291 266
4 109 267 292 129
4 108 266 267 109
4 291 128 129 292
4 108 109 129 128
4 266 291 292 267
4 109 129 292 267
4 110 268 293 130
4 109 267 268 110
4 292 129 130 293
4 109 110 130 129
4 267 292 293 268
4 110 130 293 268
4 111 269 294 131
4 110 268 269 111
4 293 130 131 294
4 110 111 131 130
4 268 293 294 269
4 111 131 294 269
4 112 270 295 132
4 111 269 270 112
4 294 131 132 295
4 111 112 132 131
4 269 294 295 270
4 112 132 295 270
4 113 271 296 133
4 112 270 271 113
4 295 132 133 296
4 112 113 133 132
4 270 295 296 271
4 114 134 300 275
4 115 276 301 135
4 114 275 276 115
4 300 134 135 301
4 114 115 135 134
4 275 300 301 276
4 115 135 301 276
4 116 277 302 136
4 115 276 277 116
4 301 135 136 302
4 115 116 136 135
4 276 301 302 277
4 118 138 304 279
4 119 280 305 139
4 118 279 280 119
4 304 138 139 305
4 118 119 139 138
4 279 304 305 280
4 120 140 308 283
4 121 284 309 141
4 120 283 284 121
4 308 140 141 309
4 120 121 141 140
4 283 308 309 284
4 121 141 309 284
4 122 285 310 142
4 121 284 285 122
4 309 141 142 310
4 121 122 142 141
4 284 309 310 285
4 122 142 310 285
4 123 286 311 143
4 122 285 286 123
4 310 142 143 311
4 122 123 143 142
4 285 310 311 286
4 123 143 311 286
4 124 287 312 144
4 123 286 287 124
4 311 143 144 312
4 123 124 144 143
4 286 311 312 287
4 124 144 312 287
4 125 288 313 145
4 124 287 288 125
4 312 144 145 313
4 124 125 145 144
4 287 312 313 288
4 125 145 313 288
4 126 289 314 146
4 125 288 289 126
4 313 145 146 314
4 125 126 146 145
4 288 313 314 289
4 126 146 314 289
4 127 290 315 147
4 126 289 290 127
4 314 146 147 315
4 126 127 147 146
4 289 314 315 290
4 127 147 315 290
4 128 291 316 148
4 127 290 291 128
4 315 147 148 316
4 127 128 148 147
4 290 315 316 291
4 128 148 316 291
4 129 292 317 149
4 128 291 292 129
4 316 148 149 317
4 128 129 149 148
4 291 316 317 292
4 129 149 317 292
4 130 293 318 150
4 129 292 293 130
4 317 149 150 318
4 129 130 150 149
4 292 317 318 293
4 130 150 318 293
4 131 294 319 151
4 130 293 294 131
4 318 150 151 319
4 130 131 151 150
4 293 318 319 294
4 131 151 319 294
4 132 295 320 152
4 131 294 295 132
4 319 151 152 320
4 131 132 152 151
4 294 319 320 295
4 132 152 320 295
4 133 296 321 153
4 132 295 296 133
4 320 152 153 321
4 132 133 153 152
4 295 320 321 296
4 134 154 325 300
4 135 301 326 155
4 134 300 301 135
4 325 154 155 326
4 134 135 155 154
4 300 325 326 301
4 135 155 326 301
4 136 302 327 156
4 135 301 302 136
4 326 155 156 327
4 135 136 156 155
4 301 326 327 302
4 138 158 329 304
4 139 305 330 159
4 138 304 305 139
4 329 158 159 330
4 138 139 159 158
4 304 329 330 305
4 140 160 333 308
4 141 309 334 161
4 140 308 309 141
4 333 160 161 334
4 140 141 161 160
4 308 333 334 309
4 141 161 334 309
4 142 310 335 162
4 141 309 310 142
4 334 161 162 335
4 141 142 162 161
4 309 334 335 310
4 142 162 335 310
4 143 311 336 163
4 142 310 311 143
4 335 162 163 336
4 142 143 163 162
4 310 335 336 311
4 143 163 336 311
4 144 312 337 164
4 143 311 312 144
4 336 163 164 337
4 143 144 164 163
4 311 336 337 312
4 144 164 337 312
4 145 313 338 165
4 144 312 313 145
4 337 164 165 338
4 144 145 165 164
4 312 337 338 313
4 145 165 338 313
4 146 314 339 166
4 145 313 314 146
4 338 165 166 339
4 145 146 166 165
4 313 338 339 314
4 146 166 339 314
4 147 315 340 167
4 146 314 315 147
4 339 166 167 340
4 146 147 167 166
4 314 339 340 315
4 147 167 340 315
4 148 316 341 168
4 147 315 316 148
4 340 167 168 341
4 147 148 168 167
4 315 340 341 316
4 148 168 341 316
4 149 317 342 169
4 148 316 317 149
4 341 168 169 342
4 148 149 169 168
4 316 341 342 317
4 149 169 342 317
4 150 318 343 170
4 149 317 318 150
4 342 169 170 343
4 149 150 170 169
4 317 342 343 318
4 150 170 343 318
4 151 319 344 171
4 150 318 319 151
4 343 170 171 344
4 150 151 171 170
4 318 343 344 319
4 151 171 344 319
4 152 320 345 172
4 151 319 320 152
4 344 171 172 345
4 151 152 172 171
4 319 344 345 320
4 152 172 345 320
4 153 321 346 173
4 152 320 321 153
4 345 172 173 346
4 152 153 173 172
4 320 345 346 321
4 154 174 350 325
4 155 326 351 175
4 154 325 326 155
4 350 174 175 351
4 154 155 175 174
4 325 350 351 326
4 155 175 351 326
4 156 327 352 176
4 155 326 327 156
4 351 175 176 352
4 155 156 176 175
4 326 351 352 327
4 158 178 354 329
4 159 330 355 179
4 158 329 330 159
4 354 178 179 355
4 158 159 179 178
4 329 354 355 330
4 160 180 357 333
4 161 334 358 181
4 160 333 334 161
4 357 180 181 358
4 160 161 181 180
4 333 357 358 334
4 161 181 358 334
4 162 335 359 182
4 161 334 335 162
4 358 181 182 359
4 161 162 182 181
4 334 358 359 335
4 162 182 359 335
4 163 336 360 183
4 162 335 336 163
4 359 182 183 360
4 162 163 183 182
4 335 359 360 336
4 163 183 360 336
4 164 337 361 184
4 163 336 337 164
4 360 183 184 361
4 163 164 184 183
4 336 360 361 337
4 164 184 361 337
4 165 338 362 185
4 164 337 338 165
4 361 184 185 362
4 164 165 185 184
4 337 361 362 338
4 165 185 362 338
4 166 339 363 186
4 165 338 339 166
4 362 185 186 363
4 165 166 186 185
4 338 362 363 339
4 166 186 363 339
4 167 340 364 187
4 166 339 340 167
4 363 186 187 364
4 166 167 187 186
4 339 363 364 340
4 167 187 364 340
4 168 341 365 188
4 167 340 341 168
4 364 187 188 365
4 167 168 188 187
4 340 364 365 341
4 168 188 365 341
4 169 342 366 189
4 168 341 342 169
4 365 188 189 366
4 168 169 189 188
4 341 365 366 342
4 169 189 366 342
4 170 343 367 190
4 169 342 343 170
4 366 189 190 367
4 169 170 190 189
4 342 366 367 343
4 170 190 367 343
4 171 344 368 191
4 170 343 344 171
4 367 190 191 368
4 170 171 191 190
4 343 367 368 344
4 171 191 368 344
4 172 345 369 192
4 171 344 345 172
4 368 191 192 369
4 171 172 192 191
4 344 368 369 345
4 174 193 374 350
4 175 351 375 194
4 174 350 351 175
4 374 193 194 375
4 174 175 194 193
4 350 374 375 351
4 175 194 375 351
4 176 352 376 195
4 175 351 352 176
4 375 194 195 376
4 175 176 195 194
4 351 375 376 352
4 176 195 376 352
4 177 353 377 196
4 176 352 353 177
4 376 195 196 377
4 176 177 196 195
4 352 376 377 353
4 177 196 377 353
4 178 354 378 197
4 177 353 354 178
4 377 196 197 378
4 177 178 197 196
4 353 377 378 354
4 178 197 378 354
4 179 355 379 198
4 178 354 355 179
4 378 197 198 379
4 178 179 198 197
4 354 378 379 355
4 182 199 383 359
4 183 360 384 200
4 182 359 360 183
4 383 199 200 384
4 182 183 200 199
4 359 383 384 360
4 183 200 384 360
4 184 361 385 201
4 183 360 361 184
4 384 200 201 385
4 183 184 201 200
4 360 384 385 361
4 184 201 385 361
4 185 362 386 202
4 184 361 362 185
4 385 201 202 386
4 184 185 202 201
4 361 385 386 362
4 185 202 386 362
4 186 363 387 203
4 185 362 363 186
4 386 202 203 387
4 185 186 203 202
4 362 386 387 363
4 186 203 387 363
4 187 364 388 204
4 186 363 364 187
4 387 203 204 388
4 186 187 204 203
4 363 387 388 364
4 187 204 388 364
4 188 365 389 205
4 187 364 365 188
4 388 204 205 389
4 187 188 205 204
4 364 388 389 365
4 188 205 389 365
4 189 366 390 206
4 188 365 366 189
4 389 205 206 390
4 188 189 206 205
4 365 389 390 366
4 189 206 390 366
4 190 367 391 207
4 189 366 367 190
4 390 206 207 391
4 189 190 207 206
4 366 390 391 367
4 190 207 391 367
4 191 368 392 208
4 190 367 368 191
4 391 207 208 392
4 190 191 208 207
4 367 391 392 368
4 195 209 396 376
4 196 377 397 210
4 195 376 377 196
4 396 209 210 397
4 195 196 210 209
4 376 396 397 377
4 196 210 397 377
4 197 378 398 211
4 196 377 378 197
4 397 210 211 398
4 196 197 211 210
4 377 397 398 378
4 197 211 398 378
4 198 379 399 212
4 197 378 379 198
4 398 211 212 399
4 197 198 212 211
4 378 398 399 379
4 213 233 421 400
4 214 401 422 234
4 213 400 401 214
4 421 233 234 422
4 213 214 234 233
4 400 421 422 401
4 214 234 422 401
4 215 402 423 235
4 214 401 402 215
4 422 234 235 423
4 214 215 235 234
4 401 422 423 402
4 215 235 423 402
4 216 403 424 236
4 215 402 403 216
4 423 235 236 424
4 215 216 236 235
4 402 423 424 403
4 216 236 424 403
4 217 404 425 237
4 216 403 404 217
4 424 236 237 425
4 216 217 237 236
4 403 424 425 404
4 217 237 425 404
4 218 405 426 238
4 217 404 405 218
4 425 237 238 426
4 217 218 238 237
4 404 425 426 405
4 218 238 426 405
4 219 406 427 239
4 218 405 406 219
4 426 238 239 427
4 218 219 239 238
4 405 426 427 406
4 219 239 427 406
4 220 407 428 240
4 219 406 407 220
4 427 239 240 428
4 219 220 240 239
4 406 427 428 407
4 220 240 428 407
4 221 408 429 241
4 220 407 408 221
4 428 240 241 429
4 220 221 241 240
4 407 428 429 408
4 221 241 429 408
4 222 409 430 242
4 221 408 409 222
4 429 241 242 430
4 221 222 242 241
4 408 429 430 409
4 222 242 430 409
4 223 410 431 243
4 222 409 410 223
4 430 242 243 431
4 222 223 243 242
4 409 430 431 410
4 223 243 431 410
4 224 411 432 244
4 223 410 411 224
4 431 243 244 432
4 223 224 244 243
4 410 431 432 411
4 224 244 432 411
4 225 412 433 245
4 224 411 412 225
4 432 244 245 433
4 224 225 245 244
4 411 432 433 412
4 225 245 433 412
4 226 413 434 246
4 225 412 413 226
4 433 245 246 434
4 225 226 246 245
4 412 433 434 413
4 226 246 434 413
4 227 414 435 247
4 226 413 414 227
4 434 246 247 435
4 226 227 247 246
4 413 434 435 414
4 229 252 440 417
4 230 418 441 253
4 229 417 418 230
4 440 252 253 441
4 229 230 253 252
4 417 440 441 418
4 230 253 441 418
4 231 419 442 254
4 230 418 419 231
4 441 253 254 442
4 230 231 254 253
4 418 441 442 419
4 231 254 442 419
4 232 420 443 255
4 231 419 420 232
4 442 254 255 443
4 231 232 255 254
4 419 442 443 420
4 233 258 446 421
4 234 422 447 259
4 233 421 422 234
4 446 258 259 447
4 233 234 259 258
4 421 446 447 422
4 234 259 447 422
4 235 423 448 260
4 234 422 423 235
4 447 259 260 448
4 234 235 260 259
4 422 447 448 423
4 235 260 448 423
4 236 424 449 261
4 235 423 424 236
4 448 260 261 449
4 235 236 261 260
4 423 448 449 424
4 243 268 450 431
4 244 432 451 269
4 243 431 432 244
4 450 268 269 451
4 243 244 269 268
4 431 450 451 432
4 244 269 451 432
4 245 433 452 270
4 244 432 433 245
4 451 269 270 452
4 244 245 270 269
4 432 451 452 433
4 245 270 452 433
4 246 434 453 271
4 245 433 434 246
4 452 270 271 453
4 245 246 271 270
4 433 452 453 434
4 246 271 453 434
4 247 435 454 272
4 246 434 435 247
4 453 271 272 454
4 246 247 272 271
4 434 453 454 435
4 247 272 454 435
4 248 436 455 273
4 247 435 436 248
4 454 272 273 455
4 247 248 273 272
4 435 454 455 436
4 248 273 455 436
4 249 437 456 274
4 248 436 437 249
4 455 273 274 456
4 248 249 274 273
4 436 455 456 437
4 251 276 458 439
4 252 440 459 277
4 251 439 440 252
4 458 276 277 459
4 251 252 277 276
4 439 458 459 440
4 252 277 459 440
4 253 441 460 278
4 252 440 441 253
4 459 277 278 460
4 252 253 278 277
4 440 459 460 441
4 254 279 461 442
4 255 443 462 280
4 254 442 443 255
4 461 279 280 462
4 254 255 280 279
4 442 461 462 443
4 255 280 462 443
4 256 444 463 281
4 255 443 444 256
4 462 280 281 463
4 255 256 281 280
4 443 462 463 444
4 257 282 464 445
4 258 446 465 283
4 257 445 446 258
4 464 282 283 465
4 257 258 283 282
4 445 464 465 446
4 258 283 465 446
4 259 447 466 284
4 258 446 447 259
4 465 283 284 466
4 258 259 284 283
4 446 465 466 447
4 259 284 466 447
4 260 448 467 285
4 259 447 448 260
4 466 284 285 467
4 259 260 285 284
4 447 466 467 448
4 269 294 468 451
4 270 452 469 295
4 269 451 452 270
4 468 294 295 469
4 269 270 295 294
4 451 468 469 452
4 270 295 469 452
4 271 453 470 296
4 270 452 453 271
4 469 295 296 470
4 270 271 296 295
4 452 469 470 453
4 271 296 470 453
4 272 454 471 297
4 271 453 454 272
4 470 296 297 471
4 271 272 297 296
4 453 470 471 454
4 272 297 471 454
4 273 455 472 298
4 272 454 455 273
4 471 297 298 472
4 272 273 298 297
4 454 471 472 455
4 273 298 472 455
4 274 456 473 299
4 273 455 456 274
4 472 298 299 473
4 273 274 299 298
4 455 472 473 456
4 275 300 474 457
4 276 458 475 301
4 275 457 458 276
4 474 300 301 475
4 275 276 301 300
4 457 474 475 458
4 276 301 475 458
4 277 459 476 302
4 276 458 459 277
4 475 301 302 476
4 276 277 302 301
4 458 475 476 459
4 277 302 476 459
4 278 460 477 303
4 277 459 460 278
4 476 302 303 477
4 277 278 303 302
4 459 476 477 460
4 279 304 478 461
4 280 462 479 305
4 279 461 462 280
4 478 304 305 479
4 279 280 305 304
4 461 478 479 462
4 280 305 479 462
4 281 463 480 306
4 280 462 463 281
4 479 305 306 480
4 280 281 306 305
4 462 479 480 463
4 282 307 481 464
4 283 465 482 308
4 282 464 465 283
4 481 307 308 482
4 282 283 308 307
4 464 481 482 465
4 283 308 482 465
4 284 466 483 309
4 283 465 466 284
4 482 308 309 483
4 283 284 309 308
4 465 482 483 466
4 295 320 485 469
4 296 470 486 321
4 295 469 470 296
4 485 320 321 486
4 295 296 321 320
4 469 485 486 470
4 296 321 486 470
4 297 471 487 322
4 296 470 471 297
4 486 321 322 487
4 296 297 322 321
4 470 486 487 471
4 297 322 487 471
4 298 472 488 323
4 297 471 472 298
4 487 322 323 488
4 297 298 323 322
4 471 487 488 472
4 298 323 488 472
4 299 473 489 324
4 298 472 473 299
4 488 323 324 489
4 298 299 324 323
4 472 488 489 473
4 300 325 490 474
4 301 475 491 326
4 300 474 475 301
4 490 325 326 491
4 300 301 326 325
4 474 490 491 475
4 301 326 491 475
4 302 476 492 327
4 301 475 476 302
4 491 326 327 492
4 301 302 327 326
4 475 491 492 476
4 302 327 492 476
4 303 477 493 328
4 302 476 477 303
4 492 327 328 493
4 302 303 328 327
4 476 492 493 477
4 305 330 494 479
4 306 480 495 331
4 305 479 480 306
4 494 330 331 495
4 305 306 331 330
4 479 494 495 480
4 307 332 496 481
4 308 482 497 333
4 307 481 482 308
4 496 332 333 497
4 307 308 333 332
4 481 496 497 482
4 308 333 497 482
4 309 483 498 334
4 308 482 483 309
4 497 333 334 498
4 308 309 334 333
4 482 497 498 483
4 319 344 502 484
4 320 485 503 345
4 319 484 485 320
4 502 344 345 503
4 319 320 345 344
4 484 502 503 485
4 320 345 503 485
4 321 486 504 346
4 320 485 486 321
4 503 345 346 504
4 320 321 346 345
4 485 503 504 486
4 321 346 504 486
4 322 487 505 347
4 321 486 487 322
4 504 346 347 505
4 321 322 347 346
4 486 504 505 487
4 322 347 505 487
4 323 488 506 348
4 322 487 488 323
4 505 347 348 506
4 322 323 348 347
4 487 505 506 488
4 323 348 506 488
4 324 489 507 349
4 323 488 489 324
4 506 348 349 507
4 323 324 349 348
4 488 506 507 489
4 325 350 508 490
4 326 491 509 351
4 325 490 491 326
4 508 350 351 509
4 325 326 351 350
4 490 508 509 491
4 326 351 509 491
4 327 492 510 352
4 326 491 492 327
4 509 351 352 510
4 326 327 352 351
4 491 509 510 492
4 330 355 513 494
4 331 495 514 356
4 330 494 495 331
4 513 355 356 514
4 330 331 356 355
4 494 513 514 495
4 333 357 516 497
4 334 498 517 358
4 333 497 498 334
4 516 357 358 517
4 333 334 358 357
4 497 516 517 498
4 334 358 517 498
4 335 499 518 359
4 334 498 499 335
4 517 358 359 518
4 334 335 359 358
4 498 517 518 499
4 335 359 518 499
4 336 500 519 360
4 335 499 500 336
4 518 359 360 519
4 335 336 360 359
4 499 518 519 500
4 343 367 526 501
4 344 502 527 368
4 343 501 502 344
4 526 367 368 527
4 343 344 368 367
4 501 526 527 502
4 344 368 527 502
4 345 503 528 369
4 344 502 503 345
4 527 368 369 528
4 344 345 369 368
4 502 527 528 503
4 345 369 528 503
4 346 504 529 370
4 345 503 504 346
4 528 369 370 529
4 345 346 370 369
4 503 528 529 504
4 346 370 529 504
4 347 505 530 371
4 346 504 505 347
4 529 370 371 530
4 346 347 371 370
4 504 529 530 505
4 347 371 530 505
4 348 506 531 372
4 347 505 506 348
4 530 371 372 531
4 347 348 372 371
4 505 530 531 506
4 348 372 531 506
4 349 507 532 373
4 348 506 507 349
4 531 372 373 532
4 348 349 373 372
4 506 531 532 507
4 350 374 533 508
4 351 509 534 375
4 350 508 509 351
4 533 374 375 534
4 350 351 375 374
4 508 533 534 509
4 351 375 534 509
4 352 510 535 376
4 351 509 510 352
4 534 375 376 535
4 351 352 376 375
4 509 534 535 510
4 352 376 535 510
4 353 511 536 377
4 352 510 511 353
4 535 376 377 536
4 352 353 377 376
4 510 535 536 511
4 354 378 537 512
4 355 513 538 379
4 354 512 513 355
4 537 378 379 538
4 354 355 379 378
4 512 537 538 513
4 355 379 538 513
4 356 514 539 380
4 355 513 514 356
4 538 379 380 539
4 355 356 380 379
4 513 538 539 514
4 357 381 540 516
4 358 517 541 382
4 357 516 517 358
4 540 381 382 541
4 357 358 382 381
4 516 540 541 517
4 358 382 541 517
4 359 518 542 383
4 358 517 518 359
4 541 382 383 542
4 358 359 383 382
4 517 541 542 518
4 359 383 542 518
4 360 519 543 384
4 359 518 519 360
4 542 383 384 543
4 359 360 384 383
4 518 542 543 519
4 360 384 543 519
4 361 520 544 385
4 360 519 520 361
4 543 384 385 544
4 360 361 385 384
4 519 543 544 520
4 361 385 544 520
4 362 521 545 386
4 361 520 521 362
4 544 385 386 545
4 361 362 386 385
4 520 544 545 521
4 362 386 545 521
4 363 522 546 387
4 362 521 522 363
4 545 386 387 546
4 362 363 387 386
4 521 545 546 522
4 363 387 546 522
4 364 523 547 388
4 363 522 523 364
4 546 387 388 547
4 363 364 388 387
4 522 546 547 523
4 364 388 547 523
4 365 524 548 389
4 364 523 524 365
4 547 388 389 548
4 364 365 389 388
4 523 547 548 524
4 365 389 548 524
4 366 525 549 390
4 365 524 525 366
4 548 389 390 549
4 365 366 390 389
4 524 548 549 525
4 366 390 549 525
4 367 526 550 391
4 366 525 526 367
4 549 390 391 550
4 366 367 391 390
4 525 549 550 526
4 367 391 550 526
4 368 527 551 392
4 367 526 527 368
4 550 391 392 551
4 367 368 392 391
4 526 550 551 527
4 368 392 551 527
4 369 528 552 393
4 368 527 528 369
4 551 392 393 552
4 368 369 393 392
4 527 551 552 528
4 369 393 552 528
4 370 529 553 394
4 369 528 529 370
4 552 393 394 553
4 369 370 394 393
4 528 552 553 529
4 370 394 553 529
4 371 530 554 395
4 370 529 530 371
4 553 394 395 554
4 370 371 395 394
4 529 553 554 530
4 376 396 557 535
4 377 536 558 397
4 376 535 536 377
4 557 396 397 558
4 376 377 397 396
4 535 557 558 536
4 377 397 558 536
4 378 537 559 398
4 377 536 537 378
4 558 397 398 559
4 377 378 398 397
4 536 558 559 537
4 378 398 559 537
4 379 538 560 399
4 378 537 538 379
4 559 398 399 560
4 378 379 399 398
4 537 559 560 538
4 400 421 584 561
4 401 562 585 422
4 400 561 562 401
4 584 421 422 585
4 400 401 422 421
4 561 584 585 562
4 401 422 585 562
4 402 563 586 423
4 401 562 563 402
4 585 422 423 586
4 401 402 423 422
4 562 585 586 563
4 402 423 586 563
4 403 564 587 424
4 402 563 564 403
4 586 423 424 587
4 402 403 424 423
4 563 586 587 564
4 403 424 587 564
4 404 565 588 425
4 403 564 565 404
4 587 424 425 588
4 403 404 425 424
4 564 587 588 565
4 404 425 588 565
4 405 566 589 426
4 404 565 566 405
4 588 425 426 589
4 404 405 426 425
4 565 588 589 566
4 405 426 589 566
4 406 567 590 427
4 405 566 567 406
4 589 426 427 590
4 405 406 427 426
4 566 589 590 567
4 406 427 590 567
4 407 568 591 428
4 406 567 568 407
4 590 427 428 591
4 406 407 428 427
4 567 590 591 568
4 407 428 591 568
4 408 569 592 429
4 407 568 569 408
4 591 428 429 592
4 407 408 429 428
4 568 591 592 569
4 408 429 592 569
4 409 570 593 430
4 408 569 570 409
4 592 429 430 593
4 408 409 430 429
4 569 592 593 570
4 409 430 593 570
4 410 571 594 431
4 409 570 571 410
4 593 430 431 594
4 409 410 431 430
4 570 593 594 571
4 410 431 594 571
4 411 572 595 432
4 410 571 572 411
4 594 431 432 595
4 410 411 432 431
4 571 594 595 572
4 411 432 595 572
4 412 573 596 433
4 411 572 573 412
4 595 432 433 596
4 411 412 433 432
4 572 595 596 573
4 412 433 596 573
4 413 574 597 434
4 412 573 574 413
4 596 433 434 597
4 412 413 434 433
4 573 596 597 574
4 413 434 597 574
4 414 575 598 435
4 413 574 575 414
4 597 434 435 598
4 413 414 435 434
4 574 597 598 575
4 414 435 598 575
4 415 576 599 436
4 414 575 576 415
4 598 435 436 599
4 414 415 436 435
4 575 598 599 576
4 415 436 599 576
4 416 577 600 437
4 415 576 577 416
4 599 436 437 600
4 415 416 437 436
4 576 599 600 577
4 417 440 603 579
4 418 580 604 441
4 417 579 580 418
4 603 440 441 604
4 417 418 441 440
4 579 603 604 580
4 418 441 604 580
4 419 581 605 442
4 418 580 581 419
4 604 441 442 605
4 418 419 442 441
4 580 604 605 581
4 419 442 605 581
4 420 582 606 443
4 419 581 582 420
4 605 442 443 606
4 419 420 443 442
4 581 605 606 582
4 421 446 609 584
4 422 585 610 447
4 421 584 585 422
4 609 446 447 610
4 421 422 447 446
4 584 609 610 585
4 434 453 620 597
4 435 598 621 454
4 434 597 598 435
4 620 453 454 621
4 434 435 454 453
4 597 620 621 598
4 435 454 621 598
4 436 599 622 455
4 435 598 599 436
4 621 454 455 622
4 435 436 455 454
4 598 621 622 599
4 436 455 622 599
4 437 600 623 456
4 436 599 600 437
4 622 455 456 623
4 436 437 456 455
4 599 622 623 600
4 437 456 623 600
4 438 601 624 457
4 437 600 601 438
4 623 456 457 624
4 437 438 457 456
4 600 623 624 601
4 440 459 626 603
4 441 604 627 460
4 440 603 604 441
4 626 459 460 627
4 440 441 460 459
4 603 626 627 604
4 441 460 627 604
4 442 605 628 461
4 441 604 605 442
4 627 460 461 628
4 441 442 461 460
4 604 627 628 605
4 442 461 628 605
4 443 606 629 462
4 442 605 606 443
4 628 461 462 629
4 442 443 462 461
4 605 628 629 606
4 443 462 629 606
4 444 607 630 463
4 443 606 607 444
4 629 462 463 630
4 443 444 463 462
4 606 629 630 607
4 445 464 631 608
4 446 609 632 465
4 445 608 609 446
4 631 464 465 632
4 445 446 465 464
4 608 631 632 609
4 446 465 632 609
4 447 610 633 466
4 446 609 610 447
4 632 465 466 633
4 446 447 466 465
4 609 632 633 610
4 455 472 640 622
4 456 623 641 473
4 455 622 623 456
4 640 472 473 641
4 455 456 473 472
4 622 640 641 623
4 456 473 641 623
4 457 624 642 474
4 456 623 624 457
4 641 473 474 642
4 456 457 474 473
4 623 641 642 624
4 458 475 643 625
4 459 626 644 476
4 458 625 626 459
4 643 475 476 644
4 458 459 476 475
4 625 643 644 626
4 459 476 644 626
4 460 627 645 477
4 459 626 627 460
4 644 476 477 645
4 459 460 477 476
4 626 644 645 627
4 462 479 646 629
4 463 630 647 480
4 462 629 630 463
4 646 479 480 647
4 462 463 480 479
4 629 646 647 630
4 464 481 648 631
4 465 632 649 482
4 464 631 632 465
4 648 481 482 649
4 464 465 482 481
4 631 648 649 632
4 472 488 657 640
4 473 641 658 489
4 472 640 641 473
4 657 488 489 658
4 472 473 489 488
4 640 657 658 641
4 473 489 658 641
4 474 642 659 490
4 473 641 642 474
4 658 489 490 659
4 473 474 490 489
4 641 658 659 642
4 474 490 659 642
4 475 643 660 491
4 474 642 643 475
4 659 490 491 660
4 474 475 491 490
4 642 659 660 643
4 475 491 660 643
4 476 644 661 492
4 475 643 644 476
4 660 491 492 661
4 475 476 492 491
4 643 660 661 644
4 476 492 661 644
4 477 645 662 493
4 476 644 645 477
4 661 492 493 662
4 476 477 493 492
4 644 661 662 645
4 479 494 663 646
4 480 647 664 495
4 479 646 647 480
4 663 494 495 664
4 479 480 495 494
4 646 663 664 647
4 481 496 665 648
4 482 649 666 497
4 481 648 649 482
4 665 496 497 666
4 481 482 497 496
4 648 665 666 649
4 482 497 666 649
4 483 650 667 498
4 482 649 650 483
4 666 497 498 667
4 482 483 498 497
4 649 666 667 650
4 488 506 679 657
4 489 658 680 507
4 488 657 658 489
4 679 506 507 680
4 488 489 507 506
4 657 679 680 658
4 489 507 680 658
4 490 659 681 508
4 489 658 659 490
4 680 507 508 681
4 489 490 508 507
4 658 680 681 659
4 492 510 683 661
4 493 662 684 511
4 492 661 662 493
4 683 510 511 684
4 492 493 511 510
4 661 683 684 662
4 494 513 686 663
4 495 664 687 514
4 494 663 664 495
4 686 513 514 687
4 494 495 514 513
4 663 686 687 664
4 496 515 688 665
4 497 666 689 516
4 496 665 666 497
4 688 515 516 689
4 496 497 516 515
4 665 688 689 666
4 497 516 689 666
4 498 667 690 517
4 497 666 667 498
4 689 516 517 690
4 497 498 517 516
4 666 689 690 667
4 504 529 702 677
4 505 678 703 530
4 504 677 678 505
4 702 529 530 703
4 504 505 530 529
4 677 702 703 678
4 505 530 703 678
4 506 679 704 531
4 505 678 679 506
4 703 530 531 704
4 505 506 531 530
4 678 703 704 679
4 506 531 704 679
4 507 680 705 532
4 506 679 680 507
4 704 531 532 705
4 506 507 532 531
4 679 704 705 680
4 507 532 705 680
4 508 681 706 533
4 507 680 681 508
4 705 532 533 706
4 507 508 533 532
4 680 705 706 681
4 509 534 707 682
4 510 683 708 535
4 509 682 683 510
4 707 534 535 708
4 509 510 535 534
4 682 707 708 683
4 510 535 708 683
4 511 684 709 536
4 510 683 684 511
4 708 535 536 709
4 510 511 536 535
4 683 708 709 684
4 512 537 710 685
4 513 686 711 538
4 512 685 686 513
4 710 537 538 711
4 512 513 538 537
4 685 710 711 686
4 513 538 711 686
4 514 687 712 539
4 513 686 687 514
4 711 538 539 712
4 513 514 539 538
4 686 711 712 687
4 516 540 713 689
4 517 690 714 541
4 516 689 690 517
4 713 540 541 714
4 516 517 541 540
4 689 713 714 690
4 517 541 714 690
4 518 691 715 542
4 517 690 691 518
4 714 541 542 715
4 517 518 542 541
4 690 714 715 691
4 518 542 715 691
4 519 692 716 543
4 518 691 692 519
4 715 542 543 716
4 518 519 543 542
4 691 715 716 692
4 519 543 716 692
4 520 693 717 544
4 519 692 693 520
4 716 543 544 717
4 519 520 544 543
4 692 716 717 693
4 520 544 717 693
4 521 694 718 545
4 520 693 694 521
4 717 544 545 718
4 520 521 545 544
4 693 717 718 694
4 521 545 718 694
4 522 695 719 546
4 521 694 695 522
4 718 545 546 719
4 521 522 546 545
4 694 718 719 695
4 522 546 719 695
4 523 696 720 547
4 522 695 696 523
4 719 546 547 720
4 522 523 547 546
4 695 719 720 696
4 523 547 720 696
4 524 697 721 548
4 523 696 697 524
4 720 547 548 721
4 523 524 548 547
4 696 720 721 697
4 524 548 721 697
4 525 698 722 549
4 524 697 698 525
4 721 548 549 722
4 524 525 549 548
4 697 721 722 698
4 525 549 722 698
4 526 699 723 550
4 525 698 699 526
4 722 549 550 723
4 525 526 550 549
4 698 722 723 699
4 526 550 723 699
4 527 700 724 551
4 526 699 700 527
4 723 550 551 724
4 526 527 551 550
4 699 723 724 700
4 527 551 724 700
4 528 701 725 552
4 527 700 701 528
4 724 551 552 725
4 527 528 552 551
4 700 724 725 701
4 528 552 725 701
4 529 702 726 553
4 528 701 702 529
4 725 552 553 726
4 528 529 553 552
4 701 725 726 702
4 529 553 726 702
4 530 703 727 554
4 529 702 703 530
4 726 553 554 727
4 529 530 554 553
4 702 726 727 703
4 530 554 727 703
4 531 704 728 555
4 530 703 704 531
4 727 554 555 728
4 530 531 555 554
4 703 727 728 704
4 531 555 728 704
4 532 705 729 556
4 531 704 705 532
4 728 555 556 729
4 531 532 556 555
4 704 728 729 705
4 535 557 731 708
4 536 709 732 558
4 535 708 709 536
4 731 557 558 732
4 535 536 558 557
4 708 731 732 709
4 536 558 732 709
4 537 710 733 559
4 536 709 710 537
4 732 558 559 733
4 536 537 559 558
4 709 732 733 710
4 537 559 733 710
4 538 711 734 560
4 537 710 711 538
4 733 559 560 734
4 537 538 560 559
4 710 733 734 711
4 561 584 760 736
4 562 737 761 585
4 561 736 737 562
4 760 584 585 761
4 561 562 585 584
4 736 760 761 737
4 562 585 761 737
4 563 738 762 586
4 562 737 738 563
4 761 585 586 762
4 562 563 586 585
4 737 761 762 738
4 563 586 762 738
4 564 739 763 587
4 563 738 739 564
4 762 586 587 763
4 563 564 587 586
4 738 762 763 739
4 564 587 763 739
4 565 740 764 588
4 564 739 740 565
4 763 587 588 764
4 564 565 588 587
4 739 763 764 740
4 565 588 764 740
4 566 741 765 589
4 565 740 741 566
4 764 588 589 765
4 565 566 589 588
4 740 764 765 741
4 566 589 765 741
4 567 742 766 590
4 566 741 742 567
4 765 589 590 766
4 566 567 590 589
4 741 765 766 742
4 567 590 766 742
4 568 743 767 591
4 567 742 743 568
4 766 590 591 767
4 567 568 591 590
4 742 766 767 743
4 568 591 767 743
4 569 744 768 592
4 568 743 744 569
4 767 591 592 768
4 568 569 592 591
4 743 767 768 744
4 569 592 768 744
4 570 745 769 593
4 569 744 745 570
4 768 592 593 769
4 569 570 593 592
4 744 768 769 745
4 570 593 769 745
4 571 746 770 594
4 570 745 746 571
4 769 593 594 770
4 570 571 594 593
4 745 769 770 746
4 571 594 770 746
4 572 747 771 595
4 571 746 747 572
4 770 594 595 771
4 571 572 595 594
4 746 770 771 747
4 572 595 771 747
4 573 748 772 596
4 572 747 748 573
4 771 595 596 772
4 572 573 596 595
4 747 771 772 748
4 573 596 772 748
4 574 749 773 597
4 573 748 749 574
4 772 596 597 773
4 573 574 597 596
4 748 772 773 749
4 574 597 773 749
4 575 750 774 598
4 574 749 750 575
4 773 597 598 774
4 574 575 598 597
4 749 773 774 750
4 575 598 774 750
4 576 751 775 599
4 575 750 751 576
4 774 598 599 775
4 575 576 599 598
4 750 774 775 751
4 576 599 775 751
4 577 752 776 600
4 576 751 752 577
4 775 599 600 776
4 576 577 600 599
4 751 775 776 752
4 577 600 776 752
4 578 753 777 601
4 577 752 753 578
4 776 600 601 777
4 577 578 601 600
4 752 776 777 753
4 580 604 780 756
4 581 757 781 605
4 580 756 757 581
4 780 604 605 781
4 580 581 605 604
4 756 780 781 757
4 581 605 781 757
4 582 758 782 606
4 581 757 758 582
4 781 605 606 782
4 581 582 606 605
4 757 781 782 758
4 582 606 782 758
4 583 759 783 607
4 582 758 759 583
4 782 606 607 783
4 582 583 607 606
4 758 782 783 759
4 584 609 785 760
4 585 761 786 610
4 584 760 761 585
4 785 609 610 786
4 584 585 610 609
4 760 785 786 761
4 585 610 786 761
4 586 762 787 611
4 585 761 762 586
4 786 610 611 787
4 585 586 611 610
4 761 786 787 762
4 586 611 787 762
4 587 763 788 612
4 586 762 763 587
4 787 611 612 788
4 586 587 612 611
4 762 787 788 763
4 587 612 788 763
4 588 764 789 613
4 587 763 764 588
4 788 612 613 789
4 587 588 613 612
4 763 788 789 764
4 588 613 789 764
4 589 765 790 614
4 588 764 765 589
4 789 613 614 790
4 588 589 614 613
4 764 789 790 765
4 589 614 790 765
4 590 766 791 615
4 589 765 766 590
4 790 614 615 791
4 589 590 615 614
4 765 790 791 766
4 590 615 791 766
4 591 767 792 616
4 590 766 767 591
4 791 615 616 792
4 590 591 616 615
4 766 791 792 767
4 591 616 792 767
4 592 768 793 617
4 591 767 768 592
4 792 616 617 793
4 591 592 617 616
4 767 792 793 768
4 592 617 793 768
4 593 769 794 618
4 592 768 769 593
4 793 617 618 794
4 592 593 618 617
4 768 793 794 769
4 593 618 794 769
4 594 770 795 619
4 593 769 770 594
4 794 618 619 795
4 593 594 619 618
4 769 794 795 770
4 599 622 799 775
4 600 776 800 623
4 599 775 776 600
4 799 622 623 800
4 599 600 623 622
4 775 799 800 776
4 600 623 800 776
4 601 777 801 624
4 600 776 777 601
4 800 623 624 801
4 600 601 624 623
4 776 800 801 777
4 601 624 801 777
4 602 778 802 625
4 601 777 778 602
4 801 624 625 802
4 601 602 625 624
4 777 801 802 778
4 603 626 803 779
4 604 780 804 627
4 603 779 780 604
4 803 626 627 804
4 603 604 627 626
4 779 803 804 780
4 604 627 804 780
4 605 781 805 628
4 604 780 781 605
4 804 627 628 805
4 604 605 628 627
4 780 804 805 781
4 606 629 806 782
4 607 783 807 630
4 606 782 783 607
4 806 629 630 807
4 606 607 630 629
4 782 806 807 783
4 608 631 808 784
4 609 785 809 632
4 608 784 785 609
4 808 631 632 809
4 608 609 632 631
4 784 808 809 785
4 609 632 809 785
4 610 786 810 633
4 609 785 786 610
4 809 632 633 810
4 609 610 633 632
4 785 809 810 786
4 613 634 813 789
4 614 790 814 635
4 613 789 790 614
4 813 634 635 814
4 613 614 635 634
4 789 813 814 790
4 614 635 814 790
4 615 791 815 636
4 614 790 791 615
4 814 635 636 815
4 614 615 636 635
4 790 814 815 791
4 615 636 815 791
4 616 792 816 637
4 615 791 792 616
4 815 636 637 816
4 615 616 637 636
4 791 815 816 792
4 616 637 816 792
4 617 793 817 638
4 616 792 793 617
4 816 637 638 817
4 616 617 638 637
4 792 816 817 793
4 617 638 817 793
4 618 794 818 639
4 617 793 794 618
4 817 638 639 818
4 617 618 639 638
4 793 817 818 794
4 623 641 821 800
4 624 801 822 642
4 623 800 801 624
4 821 641 642 822
4 623 624 642 641
4 800 821 822 801
4 624 642 822 801
4 625 802 823 643
4 624 801 802 625
4 822 642 643 823
4 624 625 643 642
4 801 822 823 802
4 626 644 824 803
4 627 804 825 645
4 626 803 804 627
4 824 644 645 825
4 626 627 645 644
4 803 824 825 804
4 629 646 826 806
4 630 807 827 647
4 629 806 807 630
4 826 646 647 827
4 629 630 647 646
4 806 826 827 807
4 631 648 828 808
4 632 809 829 649
4 631 808 809 632
4 828 648 649 829
4 631 632 649 648
4 808 828 829 809
4 634 651 833 813
4 635 814 834 652
4 634 813 814 635
4 833 651 652 834
4 634 635 652 651
4 813 833 834 814
4 635 652 834 814
4 636 815 835 653
4 635 814 815 636
4 834 652 653 835
4 635 636 653 652
4 814 834 835 815
4 636 653 835 815
4 637 816 836 654
4 636 815 816 637
4 835 653 654 836
4 636 637 654 653
4 815 835 836 816
4 637 654 836 816
4 638 817 837 655
4 637 816 817 638
4 836 654 655 837
4 637 638 655 654
4 816 836 837 817
4 641 658 840 821
4 642 822 841 659
4 641 821 822 642
4 840 658 659 841
4 641 642 659 658
4 821 840 841 822
4 642 659 841 822
4 643 823 842 660
4 642 822 823 643
4 841 659 660 842
4 642 643 660 659
4 822 841 842 823
4 644 661 843 824
4 645 825 844 662
4 644 824 825 645
4 843 661 662 844
4 644 645 662 661
4 824 843 844 825
4 646 663 845 826
4 647 827 846 664
4 646 826 827 647
4 845 663 664 846
4 646 647 664 663
4 826 845 846 827
4 648 665 847 828
4 649 829 848 666
4 648 828 829 649
4 847 665 666 848
4 648 649 666 665
4 828 847 848 829
4 649 666 848 829
4 650 830 849 667
4 649 829 830 650
4 848 666 667 849
4 649 650 667 666
4 829 848 849 830
4 651 670 852 833
4 652 834 853 671
4 651 833 834 652
4 852 670 671 853
4 651 652 671 670
4 833 852 853 834
4 652 671 853 834
4 653 835 854 672
4 652 834 835 653
4 853 671 672 854
4 652 653 672 671
4 834 853 854 835
4 653 672 854 835
4 654 836 855 673
4 653 835 836 654
4 854 672 673 855
4 653 654 673 672
4 835 854 855 836
4 654 673 855 836
4 655 837 856 674
4 654 836 837 655
4 855 673 674 856
4 654 655 674 673
4 836 855 856 837
4 655 674 856 837
4 656 838 857 675
4 655 837 838 656
4 856 674 675 857
4 655 656 675 674
4 837 856 857 838
4 658 680 862 840
4 659 841 863 681
4 658 840 841 659
4 862 680 681 863
4 658 659 681 680
4 840 862 863 841
4 659 681 863 841
4 660 842 864 682
4 659 841 842 660
4 863 681 682 864
4 659 660 682 681
4 841 863 864 842
4 661 683 865 843
4 662 844 866 684
4 661 843 844 662
4 865 683 684 866
4 661 662 684 683
4 843 865 866 844
4 663 686 868 845
4 664 846 869 687
4 663 845 846 664
4 868 686 687 869
4 663 664 687 686
4 845 868 869 846
4 665 688 870 847
4 666 848 871 689
4 665 847 848 666
4 870 688 689 871
4 665 666 689 688
4 847 870 871 848
4 666 689 871 848
4 667 849 872 690
4 666 848 849 667
4 871 689 690 872
4 666 667 690 689
4 848 871 872 849
4 667 690 872 849
4 668 850 873 691
4 667 849 850 668
4 872 690 691 873
4 667 668 691 690
4 849 872 873 850
4 668 691 873 850
4 669 851 874 692
4 668 850 851 669
4 873 691 692 874
4 668 669 692 691
4 850 873 874 851
4 669 692 874 851
4 670 852 875 693
4 669 851 852 670
4 874 692 693 875
4 669 670 693 692
4 851 874 875 852
4 670 693 875 852
4 671 853 876 694
4 670 852 853 671
4 875 693 694 876
4 670 671 694 693
4 852 875 876 853
4 671 694 876 853
4 672 854 877 695
4 671 853 854 672
4 876 694 695 877
4 671 672 695 694
4 853 876 877 854
4 672 695 877 854
4 673 855 878 696
4 672 854 855 673
4 877 695 696 878
4 672 673 696 695
4 854 877 878 855
4 673 696 878 855
4 674 856 879 697
4 673 855 856 674
4 878 696 697 879
4 673 674 697 696
4 855 878 879 856
4 674 697 879 856
4 675 857 880 698
4 674 856 857 675
4 879 697 698 880
4 674 675 698 697
4 856 879 880 857
4 675 698 880 857
4 676 858 881 699
4 675 857 858 676
4 880 698 699 881
4 675 676 699 698
4 857 880 881 858
4 679 704 886 861
4 680 862 887 705
4 679 861 862 680
4 886 704 705 887
4 679 680 705 704
4 861 886 887 862
4 680 705 887 862
4 681 863 888 706
4 680 862 863 681
4 887 705 706 888
4 680 681 706 705
4 862 887 888 863
4 681 706 888 863
4 682 864 889 707
4 681 863 864 682
4 888 706 707 889
4 681 682 707 706
4 863 888 889 864
4 683 708 890 865
4 684 866 891 709
4 683 865 866 684
4 890 708 709 891
4 683 684 709 708
4 865 890 891 866
4 685 710 892 867
4 686 868 893 711
4 685 867 868 686
4 892 710 711 893
4 685 686 711 710
4 867 892 893 868
4 686 711 893 868
4 687 869 894 712
4 686 868 869 687
4 893 711 712 894
4 686 687 712 711
4 868 893 894 869
4 689 713 895 871
4 690 872 896 714
4 689 871 872 690
4 895 713 714 896
4 689 690 714 713
4 871 895 896 872
4 690 714 896 872
4 691 873 897 715
4 690 872 873 691
4 896 714 715 897
4 690 691 715 714
4 872 896 897 873
4 691 715 897 873
4 692 874 898 716
4 691 873 874 692
4 897 715 716 898
4 691 692 716 715
4 873 897 898 874
4 692 716 898 874
4 693 875 899 717
4 692 874 875 693
4 898 716 717 899
4 692 693 717 716
4 874 898 899 875
4 693 717 899 875
4 694 876 900 718
4 693 875 876 694
4 899 717 718 900
4 693 694 718 717
4 875 899 900 876
4 694 718 900 876
4 695 877 901 719
4 694 876 877 695
4 900 718 719 901
4 694 695 719 718
4 876 900 901 877
4 695 719 901 877
4 696 878 902 720
4 695 877 878 696
4 901 719 720 902
4 695 696 720 719
4 877 901 902 878
4 696 720 902 878
4 697 879 903 721
4 696 878 879 697
4 902 720 721 903
4 696 697 721 720
4 878 902 903 879
4 697 721 903 879
4 698 880 904 722
4 697 879 880 698
4 903 721 722 904
4 697 698 722 721
4 879 903 904 880
4 698 722 904 880
4 699 881 905 723
4 698 880 881 699
4 904 722 723 905
4 698 699 723 722
4 880 904 905 881
4 699 723 905 881
4 700 882 906 724
4 699 881 882 700
4 905 723 724 906
4 699 700 724 723
4 881 905 906 882
4 700 724 906 882
4 701 883 907 725
4 700 882 883 701
4 906 724 725 907
4 700 701 725 724
4 882 906 907 883
4 701 725 907 883
4 702 884 908 726
4 701 883 884 702
4 907 725 726 908
4 701 702 726 725
4 883 907 908 884
4 702 726 908 884
4 703 885 909 727
4 702 884 885 703
4 908 726 727 909
4 702 703 727 726
4 884 908 909 885
4 703 727 909 885
4 704 886 910 728
4 703 885 886 704
4 909 727 728 910
4 703 704 728 727
4 885 909 910 886
4 704 728 910 886
4 705 887 911 729
4 704 886 887 705
4 910 728 729 911
4 704 705 729 728
4 886 910 911 887
4 705 729 911 887
4 706 888 912 730
4 705 887 888 706
4 911 729 730 912
4 705 706 730 729
4 887 911 912 888
4 708 731 914 890
4 709 891 915 732
4 708 890 891 709
4 914 731 732 915
4 708 709 732 731
4 890 914 915 891
4 709 732 915 891
4 710 892 916 733
4 709 891 892 710
4 915 732 733 916
4 709 710 733 732
4 891 915 916 892
4 710 733 916 892
4 711 893 917 734
4 710 892 893 711
4 916 733 734 917
4 710 711 734 733
4 892 916 917 893
4 711 734 917 893
4 712 894 918 735
4 711 893 894 712
4 917 734 735 918
4 711 712 735 734
4 893 917 918 894
4 745 769 940 919
4 746 920 941 770
4 745 919 920 746
4 940 769 770 941
4 745 746 770 769
4 919 940 941 920
4 746 770 941 920
4 747 921 942 771
4 746 920 921 747
4 941 770 771 942
4 746 747 771 770
4 920 941 942 921
4 747 771 942 921
4 748 922 943 772
4 747 921 922 748
4 942 771 772 943
4 747 748 772 771
4 921 942 943 922
4 748 772 943 922
4 749 923 944 773
4 748 922 923 749
4 943 772 773 944
4 748 749 773 772
4 922 943 944 923
4 749 773 944 923
4 750 924 945 774
4 749 923 924 750
4 944 773 774 945
4 749 750 774 773
4 923 944 945 924
4 750 774 945 924
4 751 925 946 775
4 750 924 925 751
4 945 774 775 946
4 750 751 775 774
4 924 945 946 925
4 751 775 946 925
4 752 926 947 776
4 751 925 926 752
4 946 775 776 947
4 751 752 776 775
4 925 946 947 926
4 752 776 947 926
4 753 927 948 777
4 752 926 927 753
4 947 776 777 948
4 752 753 777 776
4 926 947 948 927
4 753 777 948 927
4 754 928 949 778
4 753 927 928 754
4 948 777 778 949
4 753 754 778 777
4 927 948 949 928
4 754 778 949 928
4 755 929 950 779
4 754 928 929 755
4 949 778 779 950
4 754 755 779 778
4 928 949 950 929
4 755 779 950 929
4 756 930 951 780
4 755 929 930 756
4 950 779 780 951
4 755 756 780 779
4 929 950 951 930
4 756 780 951 930
4 757 931 952 781
4 756 930 931 757
4 951 780 781 952
4 756 757 781 780
4 930 951 952 931
4 757 781 952 931
4 758 932 953 782
4 757 931 932 758
4 952 781 782 953
4 757 758 782 781
4 931 952 953 932
4 758 782 953 932
4 759 933 954 783
4 758 932 933 759
4 953 782 783 954
4 758 759 783 782
4 932 953 954 933
4 760 785 956 934
4 761 935 957 786
4 760 934 935 761
4 956 785 786 957
4 760 761 786 785
4 934 956 957 935
4 761 786 957 935
4 762 936 958 787
4 761 935 936 762
4 957 786 787 958
4 761 762 787 786
4 935 957 958 936
4 762 787 958 936
4 763 937 959 788
4 762 936 937 763
4 958 787 788 959
4 762 763 788 787
4 936 958 959 937
4 763 788 959 937
4 764 938 960 789
4 763 937 938 764
4 959 788 789 960
4 763 764 789 788
4 937 959 960 938
4 768 793 963 939
4 769 940 964 794
4 768 939 940 769
4 963 793 794 964
4 768 769 794 793
4 939 963 964 940
4 769 794 964 940
4 770 941 965 795
4 769 940 941 770
4 964 794 795 965
4 769 770 795 794
4 940 964 965 941
4 770 795 965 941
4 771 942 966 796
4 770 941 942 771
4 965 795 796 966
4 770 771 796 795
4 941 965 966 942
4 771 796 966 942
4 772 943 967 797
4 771 942 943 772
4 966 796 797 967
4 771 772 797 796
4 942 966 967 943
4 772 797 967 943
4 773 944 968 798
4 772 943 944 773
4 967 797 798 968
4 772 773 798 797
4 943 967 968 944
4 775 799 970 946
4 776 947 971 800
4 775 946 947 776
4 970 799 800 971
4 775 776 800 799
4 946 970 971 947
4 777 801 972 948
4 778 949 973 802
4 777 948 949 778
4 972 801 802 973
4 777 778 802 801
4 948 972 973 949
4 778 802 973 949
4 779 950 974 803
4 778 949 950 779
4 973 802 803 974
4 778 779 803 802
4 949 973 974 950
4 779 803 974 950
4 780 951 975 804
4 779 950 951 780
4 974 803 804 975
4 779 780 804 803
4 950 974 975 951
4 780 804 975 951
4 781 952 976 805
4 780 951 952 781
4 975 804 805 976
4 780 781 805 804
4 951 975 976 952
4 782 806 977 953
4 783 954 978 807
4 782 953 954 783
4 977 806 807 978
4 782 783 807 806
4 953 977 978 954
4 784 808 979 955
4 785 956 980 809
4 784 955 956 785
4 979 808 809 980
4 784 785 809 808
4 955 979 980 956
4 785 809 980 956
4 786 957 981 810
4 785 956 957 786
4 980 809 810 981
4 785 786 810 809
4 956 980 981 957
4 786 810 981 957
4 787 958 982 811
4 786 957 958 787
4 981 810 811 982
4 786 787 811 810
4 957 981 982 958
4 787 811 982 958
4 788 959 983 812
4 787 958 959 788
4 982 811 812 983
4 787 788 812 811
4 958 982 983 959
4 788 812 983 959
4 789 960 984 813
4 788 959 960 789
4 983 812 813 984
4 788 789 813 812
4 959 983 984 960
4 789 813 984 960
4 790 961 985 814
4 789 960 961 790
4 984 813 814 985
4 789 790 814 813
4 960 984 985 961
4 792 816 986 962
4 793 963 987 817
4 792 962 963 793
4 986 816 817 987
4 792 793 817 816
4 962 986 987 963
4 793 817 987 963
4 794 964 988 818
4 793 963 964 794
4 987 817 818 988
4 793 794 818 817
4 963 987 988 964
4 794 818 988 964
4 795 965 989 819
4 794 964 965 795
4 988 818 819 989
4 794 795 819 818
4 964 988 989 965
4 795 819 989 965
4 796 966 990 820
4 795 965 966 796
4 989 819 820 990
4 795 796 820 819
4 965 989 990 966
4 802 823 996 973
4 803 974 997 824
4 802 973 974 803
4 996 823 824 997
4 802 803 824 823
4 973 996 997 974
4 803 824 997 974
4 804 975 998 825
4 803 974 975 804
4 997 824 825 998
4 803 804 825 824
4 974 997 998 975
4 806 826 999 977
4 807 978 1000 827
4 806 977 978 807
4 999 826 827 1000
4 806 807 827 826
4 977 999 1000 978
4 808 828 1001 979
4 809 980 1002 829
4 808 979 980 809
4 1001 828 829 1002
4 808 809 829 828
4 979 1001 1002 980
4 809 829 1002 980
4 810 981 1003 830
4 809 980 981 810
4 1002 829 830 1003
4 809 810 830 829
4 980 1002 1003 981
4 810 830 1003 981
4 811 982 1004 831
4 810 981 982 811
4 1003 830 831 1004
4 810 811 831 830
4 981 1003 1004 982
4 811 831 1004 982
4 812 983 1005 832
4 811 982 983 812
4 1004 831 832 1005
4 811 812 832 831
4 982 1004 1005 983
4 812 832 1005 983
4 813 984 1006 833
4 812 983 984 813
4 1005 832 833 1006
4 812 813 833 832
4 983 1005 1006 984
4 813 833 1006 984
4 814 985 1007 834
4 813 984 985 814
4 1006 833 834 1007
4 813 814 834 833
4 984 1006 1007 985
4 816 836 1008 986
4 817 987 1009 837
4 816 986 987 817
4 1008 836 837 1009
4 816 817 837 836
4 986 1008 1009 987
4 817 837 1009 987
4 818 988 1010 838
4 817 987 988 818
4 1009 837 838 1010
4 817 818 838 837
4 987 1009 1010 988
4 818 838 1010 988
4 819 989 1011 839
4 818 988 989 819
4 1010 838 839 1011
4 818 819 839 838
4 988 1010 1011 989
4 824 843 1019 997
4 825 998 1020 844
4 824 997 998 825
4 1019 843 844 1020
4 824 825 844 843
4 997 1019 1020 998
4 826 845 1021 999
4 827 1000 1022 846
4 826 999 1000 827
4 1021 845 846 1022
4 826 827 846 845
4 999 1021 1022 1000
4 828 847 1023 1001
4 829 1002 1024 848
4 828 1001 1002 829
4 1023 847 848 1024
4 828 829 848 847
4 1001 1023 1024 1002
4 829 848 1024 1002
4 830 1003 1025 849
4 829 1002 1003 830
4 1024 848 849 1025
4 829 830 849 848
4 1002 1024 1025 1003
4 830 849 1025 1003
4 831 1004 1026 850
4 830 1003 1004 831
4 1025 849 850 1026
4 830 831 850 849
4 1003 1025 1026 1004
4 831 850 1026 1004
4 832 1005 1027 851
4 831 1004 1005 832
4 1026 850 851 1027
4 831 832 851 850
4 1004 1026 1027 1005
4 832 851 1027 1005
4 833 1006 1028 852
4 832 1005 1006 833
4 1027 851 852 1028
4 832 833 852 851
4 1005 1027 1028 1006
4 833 852 1028 1006
4 834 1007 1029 853
4 833 1006 1007 834
4 1028 852 853 1029
4 833 834 853 852
4 1006 1028 1029 1007
4 836 855 1030 1008
4 837 1009 1031 856
4 836 1008 1009 837
4 1030 855 856 1031
4 836 837 856 855
4 1008 1030 1031 1009
4 837 856 1031 1009
4 838 1010 1032 857
4 837 1009 1010 838
4 1031 856 857 1032
4 837 838 857 856
4 1009 1031 1032 1010
4 838 857 1032 1010
4 839 1011 1033 858
4 838 1010 1011 839
4 1032 857 858 1033
4 838 839 858 857
4 1010 1032 1033 1011
4 842 864 1041 1018
4 843 1019 1042 865
4 842 1018 1019 843
4 1041 864 865 1042
4 842 843 865 864
4 1018 1041 1042 1019
4 843 865 1042 1019
4 844 1020 1043 866
4 843 1019 1020 844
4 1042 865 866 1043
4 843 844 866 865
4 1019 1042 1043 1020
4 845 868 1044 1021
4 846 1022 1045 869
4 845 1021 1022 846
4 1044 868 869 1045
4 845 846 869 868
4 1021 1044 1045 1022
4 848 871 1046 1024
4 849 1025 1047 872
4 848 1024 1025 849
4 1046 871 872 1047
4 848 849 872 871
4 1024 1046 1047 1025
4 849 872 1047 1025
4 850 1026 1048 873
4 849 1025 1026 850
4 1047 872 873 1048
4 849 850 873 872
4 1025 1047 1048 1026
4 850 873 1048 1026
4 851 1027 1049 874
4 850 1026 1027 851
4 1048 873 874 1049
4 850 851 874 873
4 1026 1048 1049 1027
4 851 874 1049 1027
4 852 1028 1050 875
4 851 1027 1028 852
4 1049 874 875 1050
4 851 852 875 874
4 1027 1049 1050 1028
4 852 875 1050 1028
4 853 1029 1051 876
4 852 1028 1029 853
4 1050 875 876 1051
4 852 853 876 875
4 1028 1050 1051 1029
4 856 879 1052 1031
4 857 1032 1053 880
4 856 1031 1032 857
4 1052 879 880 1053
4 856 857 880 879
4 1031 1052 1053 1032
4 857 880 1053 1032
4 858 1033 1054 881
4 857 1032 1033 858
4 1053 880 881 1054
4 857 858 881 880
4 1032 1053 1054 1033
4 858 881 1054 1033
4 859 1034 1055 882
4 858 1033 1034 859
4 1054 881 882 1055
4 858 859 882 881
4 1033 1054 1055 1034
4 859 882 1055 1034
4 860 1035 1056 883
4 859 1034 1035 860
4 1055 882 883 1056
4 859 860 883 882
4 1034 1055 1056 1035
4 863 888 1061 1040
4 864 1041 1062 889
4 863 1040 1041 864
4 1061 888 889 1062
4 863 864 889 888
4 1040 1061 1062 1041
4 864 889 1062 1041
4 865 1042 1063 890
4 864 1041 1042 865
4 1062 889 890 1063
4 864 865 890 889
4 1041 1062 1063 1042
4 865 890 1063 1042
4 866 1043 1064 891
4 865 1042 1043 866
4 1063 890 891 1064
4 865 866 891 890
4 1042 1063 1064 1043
4 868 893 1066 1044
4 869 1045 1067 894
4 868 1044 1045 869
4 1066 893 894 1067
4 868 869 894 893
4 1044 1066 1067 1045
4 880 904 1068 1053
4 881 1054 1069 905
4 880 1053 1054 881
4 1068 904 905 1069
4 880 881 905 904
4 1053 1068 1069 1054
4 881 905 1069 1054
4 882 1055 1070 906
4 881 1054 1055 882
4 1069 905 906 1070
4 881 882 906 905
4 1054 1069 1070 1055
4 882 906 1070 1055
4 883 1056 1071 907
4 882 1055 1056 883
4 1070 906 907 1071
4 882 883 907 906
4 1055 1070 1071 1056
4 883 907 1071 1056
4 884 1057 1072 908
4 883 1056 1057 884
4 1071 907 908 1072
4 883 884 908 907
4 1056 1071 1072 1057
4 884 908 1072 1057
4 885 1058 1073 909
4 884 1057 1058 885
4 1072 908 909 1073
4 884 885 909 908
4 1057 1072 1073 1058
4 885 909 1073 1058
4 886 1059 1074 910
4 885 1058 1059 886
4 1073 909 910 1074
4 885 886 910 909
4 1058 1073 1074 1059
4 886 910 1074 1059
4 887 1060 1075 911
4 886 1059 1060 887
4 1074 910 911 1075
4 886 887 911 910
4 1059 1074 1075 1060
4 887 911 1075 1060
4 888 1061 1076 912
4 887 1060 1061 888
4 1075 911 912 1076
4 887 888 912 911
4 1060 1075 1076 1061
4 888 912 1076 1061
4 889 1062 1077 913
4 888 1061 1062 889
4 1076 912 913 1077
4 888 889 913 912
4 1061 1076 1077 1062
4 889 913 1077 1062
4 890 1063 1078 914
4 889 1062 1063 890
4 1077 913 914 1078
4 889 890 914 913
4 1062 1077 1078 1063
4 890 914 1078 1063
4 891 1064 1079 915
4 890 1063 1064 891
4 1078 914 915 1079
4 890 891 915 914
4 1063 1078 1079 1064
4 891 915 1079 1064
4 892 1065 1080 916
4 891 1064 1065 892
4 1079 915 916 1080
4 891 892 916 915
4 1064 1079 1080 1065
4 892 916 1080 1065
4 893 1066 1081 917
4 892 1065 1066 893
4 1080 916 917 1081
4 892 893 917 916
4 1065 1080 1081 1066
4 893 917 1081 1066
4 894 1067 1082 918
4 893 1066 1067 894
4 1081 917 918 1082
4 893 894 918 917
4 1066 1081 1082 1067
4 922 943 1098 1083
4 923 1084 1099 944
4 922 1083 1084 923
4 1098 943 944 1099
4 922 923 944 943
4 1083 1098 1099 1084
4 923 944 1099 1084
4 924 1085 1100 945
4 923 1084 1085 924
4 1099 944 945 1100
4 923 924 945 944
4 1084 1099 1100 1085
4 924 945 1100 1085
4 925 1086 1101 946
4 924 1085 1086 925
4 1100 945 946 1101
4 924 925 946 945
4 1085 1100 1101 1086
4 925 946 1101 1086
4 926 1087 1102 947
4 925 1086 1087 926
4 1101 946 947 1102
4 925 926 947 946
4 1086 1101 1102 1087
4 926 947 1102 1087
4 927 1088 1103 948
4 926 1087 1088 927
4 1102 947 948 1103
4 926 927 948 947
4 1087 1102 1103 1088
4 927 948 1103 1088
4 928 1089 1104 949
4 927 1088 1089 928
4 1103 948 949 1104
4 927 928 949 948
4 1088 1103 1104 1089
4 928 949 1104 1089
4 929 1090 1105 950
4 928 1089 1090 929
4 1104 949 950 1105
4 928 929 950 949
4 1089 1104 1105 1090
4 929 950 1105 1090
4 930 1091 1106 951
4 929 1090 1091 930
4 1105 950 951 1106
4 929 930 951 950
4 1090 1105 1106 1091
4 930 951 1106 1091
4 931 1092 1107 952
4 930 1091 1092 931
4 1106 951 952 1107
4 930 931 952 951
4 1091 1106 1107 1092
4 931 952 1107 1092
4 932 1093 1108 953
4 931 1092 1093 932
4 1107 952 953 1108
4 931 932 953 952
4 1092 1107 1108 1093
4 932 953 1108 1093
4 933 1094 1109 954
4 932 1093 1094 933
4 1108 953 954 1109
4 932 933 954 953
4 1093 1108 1109 1094
4 940 964 1113 1095
4 941 1096 1114 965
4 940 1095 1096 941
4 1113 964 965 1114
4 940 941 965 964
4 1095 1113 1114 1096
4 941 965 1114 1096
4 942 1097 1115 966
4 941 1096 1097 942
4 1114 965 966 1115
4 941 942 966 965
4 1096 1114 1115 1097
4 942 966 1115 1097
4 943 1098 1116 967
4 942 1097 1098 943
4 1115 966 967 1116
4 942 943 967 966
4 1097 1115 1116 1098
4 943 967 1116 1098
4 944 1099 1117 968
4 943 1098 1099 944
4 1116 967 968 1117
4 943 944 968 967
4 1098 1116 1117 1099
4 944 968 1117 1099
4 945 1100 1118 969
4 944 1099 1100 945
4 1117 968 969 1118
4 944 945 969 968
4 1099 1117 1118 1100
4 945 969 1118 1100
4 946 1101 1119 970
4 945 1100 1101 946
4 1118 969 970 1119
4 945 946 970 969
4 1100 1118 1119 1101
4 946 970 1119 1101
4 947 1102 1120 971
4 946 1101 1102 947
4 1119 970 971 1120
4 946 947 971 970
4 1101 1119 1120 1102
4 947 971 1120 1102
4 948 1103 1121 972
4 947 1102 1103 948
4 1120 971 972 1121
4 947 948 972 971
4 1102 1120 1121 1103
4 948 972 1121 1103
4 949 1104 1122 973
4 948 1103 1104 949
4 1121 972 973 1122
4 948 949 973 972
4 1103 1121 1122 1104
4 949 973 1122 1104
4 950 1105 1123 974
4 949 1104 1105 950
4 1122 973 974 1123
4 949 950 974 973
4 1104 1122 1123 1105
4 950 974 1123 1105
4 951 1106 1124 975
4 950 1105 1106 951
4 1123 974 975 1124
4 950 951 975 974
4 1105 1123 1124 1106
4 953 977 1126 1108
4 954 1109 1127 978
4 953 1108 1109 954
4 1126 977 978 1127
4 953 954 978 977
4 1108 1126 1127 1109
4 955 979 1128 1110
4 956 1111 1129 980
4 955 1110 1111 956
4 1128 979 980 1129
4 955 956 980 979
4 1110 1128 1129 1111
4 956 980 1129 1111
4 957 1112 1130 981
4 956 1111 1112 957
4 1129 980 981 1130
4 956 957 981 980
4 1111 1129 1130 1112
4 964 988 1131 1113
4 965 1114 1132 989
4 964 1113 1114 965
4 1131 988 989 1132
4 964 965 989 988
4 1113 1131 1132 1114
4 965 989 1132 1114
4 966 1115 1133 990
4 965 1114 1115 966
4 1132 989 990 1133
4 965 966 990 989
4 1114 1132 1133 1115
4 966 990 1133 1115
4 967 1116 1134 991
4 966 1115 1116 967
4 1133 990 991 1134
4 966 967 991 990
4 1115 1133 1134 1116
4 967 991 1134 1116
4 968 1117 1135 992
4 967 1116 1117 968
4 1134 991 992 1135
4 967 968 992 991
4 1116 1134 1135 1117
4 968 992 1135 1117
4 969 1118 1136 993
4 968 1117 1118 969
4 1135 992 993 1136
4 968 969 993 992
4 1117 1135 1136 1118
4 969 993 1136 1118
4 970 1119 1137 994
4 969 1118 1119 970
4 1136 993 994 1137
4 969 970 994 993
4 1118 1136 1137 1119
4 970 994 1137 1119
4 971 1120 1138 995
4 970 1119 1120 971
4 1137 994 995 1138
4 970 971 995 994
4 1119 1137 1138 1120
4 977 999 1142 1126
4 978 1127 1143 1000
4 977 1126 1127 978
4 1142 999 1000 1143
4 977 978 1000 999
4 1126 1142 1143 1127
4 979 1001 1144 1128
4 980 1129 1145 1002
4 979 1128 1129 980
4 1144 1001 1002 1145
4 979 980 1002 1001
4 1128 1144 1145 1129
4 980 1002 1145 1129
4 981 1130 1146 1003
4 980 1129 1130 981
4 1145 1002 1003 1146
4 980 981 1003 1002
4 1129 1145 1146 1130
4 988 1010 1147 1131
4 989 1132 1148 1011
4 988 1131 1132 989
4 1147 1010 1011 1148
4 988 989 1011 1010
4 1131 1147 1148 1132
4 989 1011 1148 1132
4 990 1133 1149 1012
4 989 1132 1133 990
4 1148 1011 1012 1149
4 989 990 1012 1011
4 1132 1148 1149 1133
4 990 1012 1149 1133
4 991 1134 1150 1013
4 990 1133 1134 991
4 1149 1012 1013 1150
4 990 991 1013 1012
4 1133 1149 1150 1134
4 991 1013 1150 1134
4 992 1135 1151 1014
4 991 1134 1135 992
4 1150 1013 1014 1151
4 991 992 1014 1013
4 1134 1150 1151 1135
4 992 1014 1151 1135
4 993 1136 1152 1015
4 992 1135 1136 993
4 1151 1014 1015 1152
4 992 993 1015 1014
4 1135 1151 1152 1136
4 993 1015 1152 1136
4 994 1137 1153 1016
4 993 1136 1137 994
4 1152 1015 1016 1153
4 993 994 1016 1015
4 1136 1152 1153 1137
4 994 1016 1153 1137
4 995 1138 1154 1017
4 994 1137 1138 995
4 1153 1016 1017 1154
4 994 995 1017 1016
4 1137 1153 1154 1138
4 999 1021 1158 1142
4 1000 1143 1159 1022
4 999 1142 1143 1000
4 1158 1021 1022 1159
4 999 1000 1022 1021
4 1142 1158 1159 1143
4 1001 1023 1160 1144
4 1002 1145 1161 1024
4 1001 1144 1145 1002
4 1160 1023 1024 1161
4 1001 1002 1024 1023
4 1144 1160 1161 1145
4 1002 1024 1161 1145
4 1003 1146 1162 1025
4 1002 1145 1146 1003
4 1161 1024 1025 1162
4 1002 1003 1025 1024
4 1145 1161 1162 1146
4 1010 1032 1163 1147
4 1011 1148 1164 1033
4 1010 1147 1148 1011
4 1163 1032 1033 1164
4 1010 1011 1033 1032
4 1147 1163 1164 1148
4 1011 1033 1164 1148
4 1012 1149 1165 1034
4 1011 1148 1149 1012
4 1164 1033 1034 1165
4 1011 1012 1034 1033
4 1148 1164 1165 1149
4 1012 1034 1165 1149
4 1013 1150 1166 1035
4 1012 1149 1150 1013
4 1165 1034 1035 1166
4 1012 1013 1035 1034
4 1149 1165 1166 1150
4 1013 1035 1166 1150
4 1014 1151 1167 1036
4 1013 1150 1151 1014
4 1166 1035 1036 1167
4 1013 1014 1036 1035
4 1150 1166 1167 1151
4 1014 1036 1167 1151
4 1015 1152 1168 1037
4 1014 1151 1152 1015
4 1167 1036 1037 1168
4 1014 1015 1037 1036
4 1151 1167 1168 1152
4 1015 1037 1168 1152
4 1016 1153 1169 1038
4 1015 1152 1153 1016
4 1168 1037 1038 1169
4 1015 1016 1038 1037
4 1152 1168 1169 1153
4 1016 1038 1169 1153
4 1017 1154 1170 1039
4 1016 1153 1154 1017
4 1169 1038 1039 1170
4 1016 1017 1039 1038
4 1153 1169 1170 1154
4 1021 1044 1176 1158
4 1022 1159 1177 1045
4 1021 1158 1159 1022
4 1176 1044 1045 1177
4 1021 1022 1045 1044
4 1158 1176 1177 1159
4 1032 1053 1178 1163
4 1033 1164 1179 1054
4 1032 1163 1164 1033
4 1178 1053 1054 1179
4 1032 1033 1054 1053
4 1163 1178 1179 1164
4 1033 1054 1179 1164
4 1034 1165 1180 1055
4 1033 1164 1165 1034
4 1179 1054 1055 1180
4 1033 1034 1055 1054
4 1164 1179 1180 1165
4 1034 1055 1180 1165
4 1035 1166 1181 1056
4 1034 1165 1166 1035
4 1180 1055 1056 1181
4 1034 1035 1056 1055
4 1165 1180 1181 1166
4 1035 1056 1181 1166
4 1036 1167 1182 1057
4 1035 1166 1167 1036
4 1181 1056 1057 1182
4 1035 1036 1057 1056
4 1166 1181 1182 1167
4 1036 1057 1182 1167
4 1037 1168 1183 1058
4 1036 1167 1168 1037
4 1182 1057 1058 1183
4 1036 1037 1058 1057
4 1167 1182 1183 1168
4 1037 1058 1183 1168
4 1038 1169 1184 1059
4 1037 1168 1169 1038
4 1183 1058 1059 1184
4 1037 1038 1059 1058
4 1168 1183 1184 1169
4 1038 1059 1184 1169
4 1039 1170 1185 1060
4 1038 1169 1170 1039
4 1184 1059 1060 1185
4 1038 1039 1060 1059
4 1169 1184 1185 1170
4 1039 1060 1185 1170
4 1040 1171 1186 1061
4 1039 1170 1171 1040
4 1185 1060 1061 1186
4 1039 1040 1061 1060
4 1170 1185 1186 1171
4 1040 1061 1186 1171
4 1041 1172 1187 1062
4 1040 1171 1172 1041
4 1186 1061 1062 1187
4 1040 1041 1062 1061
4 1171 1186 1187 1172
4 1044 1066 1191 1176
4 1045 1177 1192 1067
4 1044 1176 1177 1045
4 1191 1066 1067 1192
4 1044 1045 1067 1066
4 1176 1191 1192 1177
4 1055 1070 1193 1180
4 1056 1181 1194 1071
4 1055 1180 1181 1056
4 1193 1070 1071 1194
4 1055 1056 1071 1070
4 1180 1193 1194 1181
4 1056 1071 1194 1181
4 1057 1182 1195 1072
4 1056 1181 1182 1057
4 1194 1071 1072 1195
4 1056 1057 1072 1071
4 1181 1194 1195 1182
4 1057 1072 1195 1182
4 1058 1183 1196 1073
4 1057 1182 1183 1058
4 1195 1072 1073 1196
4 1057 1058 1073 1072
4 1182 1195 1196 1183
4 1058 1073 1196 1183
4 1059 1184 1197 1074
4 1058 1183 1184 1059
4 1196 1073 1074 1197
4 1058 1059 1074 1073
4 1183 1196 1197 1184
4 1059 1074 1197 1184
4 1060 1185 1198 1075
4 1059 1184 1185 1060
4 1197 1074 1075 1198
4 1059 1060 1075 1074
4 1184 1197 1198 1185
4 1060 1075 1198 1185
4 1061 1186 1199 1076
4 1060 1185 1186 1061
4 1198 1075 1076 1199
4 1060 1061 1076 1075
4 1185 1198 1199 1186
4 1061 1076 1199 1186
4 1062 1187 1200 1077
4 1061 1186 1187 1062
4 1199 1076 1077 1200
4 1061 1062 1077 1076
4 1186 1199 1200 1187
4 1062 1077 1200 1187
4 1063 1188 1201 1078
4 1062 1187 1188 1063
4 1200 1077 1078 1201
4 1062 1063 1078 1077
4 1187 1200 1201 1188
4 1063 1078 1201 1188
4 1064 1189 1202 1079
4 1063 1188 1189 1064
4 1201 1078 1079 1202
4 1063 1064 1079 1078
4 1188 1201 1202 1189
4 1064 1079 1202 1189
4 1065 1190 1203 1080
4 1064 1189 1190 1065
4 1202 1079 1080 1203
4 1064 1065 1080 1079
4 1189 1202 1203 1190
4 1065 1080 1203 1190
4 1066 1191 1204 1081
4 1065 1190 1191 1066
4 1203 1080 1081 1204
4 1065 1066 1081 1080
4 1190 1203 1204 1191
4 1066 1081 1204 1191
4 1067 1192 1205 1082
4 1066 1191 1192 1067
4 1204 1081 1082 1205
4 1066 1067 1082 1081
4 1191 1204 1205 1192
4 1088 1103 1215 1206
4 1089 1207 1216 1104
4 1088 1206 1207 1089
4 1215 1103 1104 1216
4 1088 1089 1104 1103
4 1206 1215 1216 1207
4 1089 1104 1216 1207
4 1090 1208 1217 1105
4 1089 1207 1208 1090
4 1216 1104 1105 1217
4 1089 1090 1105 1104
4 1207 1216 1217 1208
4 1090 1105 1217 1208
4 1091 1209 1218 1106
4 1090 1208 1209 1091
4 1217 1105 1106 1218
4 1090 1091 1106 1105
4 1208 1217 1218 1209
4 1091 1106 1218 1209
4 1092 1210 1219 1107
4 1091 1209 1210 1092
4 1218 1106 1107 1219
4 1091 1092 1107 1106
4 1209 1218 1219 1210
4 1092 1107 1219 1210
4 1093 1211 1220 1108
4 1092 1210 1211 1093
4 1219 1107 1108 1220
4 1092 1093 1108 1107
4 1210 1219 1220 1211
4 1093 1108 1220 1211
4 1094 1212 1221 1109
4 1093 1211 1212 1094
4 1220 1108 1109 1221
4 1093 1094 1109 1108
4 1211 1220 1221 1212
4 1101 1119 1222 1213
4 1102 1214 1223 1120
4 1101 1213 1214 1102
4 1222 1119 1120 1223
4 1101 1102 1120 1119
4 1213 1222 1223 1214
4 1102 1120 1223 1214
4 1103 1215 1224 1121
4 1102 1214 1215 1103
4 1223 1120 1121 1224
4 1102 1103 1121 1120
4 1214 1223 1224 1215
4 1103 1121 1224 1215
4 1104 1216 1225 1122
4 1103 1215 1216 1104
4 1224 1121 1122 1225
4 1103 1104 1122 1121
4 1215 1224 1225 1216
4 1104 1122 1225 1216
4 1105 1217 1226 1123
4 1104 1216 1217 1105
4 1225 1122 1123 1226
4 1104 1105 1123 1122
4 1216 1225 1226 1217
4 1105 1123 1226 1217
4 1106 1218 1227 1124
4 1105 1217 1218 1106
4 1226 1123 1124 1227
4 1105 1106 1124 1123
4 1217 1226 1227 1218
4 1107 1125 1228 1219
4 1108 1220 1229 1126
4 1107 1219 1220 1108
4 1228 1125 1126 1229
4 1107 1108 1126 1125
4 1219 1228 1229 1220
4 1108 1126 1229 1220
4 1109 1221 1230 1127
4 1108 1220 1221 1109
4 1229 1126 1127 1230
4 1108 1109 1127 1126
4 1220 1229 1230 1221
4 1119 1137 1231 1222
4 1120 1223 1232 1138
4 1119 1222 1223 1120
4 1231 1137 1138 1232
4 1119 1120 1138 1137
4 1222 1231 1232 1223
4 1120 1138 1232 1223
4 1121 1224 1233 1139
4 1120 1223 1224 1121
4 1232 1138 1139 1233
4 1120 1121 1139 1138
4 1223 1232 1233 1224
4 1121 1139 1233 1224
4 1122 1225 1234 1140
4 1121 1224 1225 1122
4 1233 1139 1140 1234
4 1121 1122 1140 1139
4 1224 1233 1234 1225
4 1122 1140 1234 1225
4 1123 1226 1235 1141
4 1122 1225 1226 1123
4 1234 1140 1141 1235
4 1122 1123 1141 1140
4 1225 1234 1235 1226
4 1126 1142 1238 1229
4 1127 1230 1239 1143
4 1126 1229 1230 1127
4 1238 1142 1143 1239
4 1126 1127 1143 1142
4 1229 1238 1239 1230
4 1137 1153 1240 1231
4 1138 1232 1241 1154
4 1137 1231 1232 1138
4 1240 1153 1154 1241
4 1137 1138 1154 1153
4 1231 1240 1241 1232
4 1138 1154 1241 1232
4 1139 1233 1242 1155
4 1138 1232 1233 1139
4 1241 1154 1155 1242
4 1138 1139 1155 1154
4 1232 1241 1242 1233
4 1139 1155 1242 1233
4 1140 1234 1243 1156
4 1139 1233 1234 1140
4 1242 1155 1156 1243
4 1139 1140 1156 1155
4 1233 1242 1243 1234
4 1142 1158 1247 1238
4 1143 1239 1248 1159
4 1142 1238 1239 1143
4 1247 1158 1159 1248
4 1142 1143 1159 1158
4 1238 1247 1248 1239
4 1153 1169 1249 1240
4 1154 1241 1250 1170
4 1153 1240 1241 1154
4 1249 1169 1170 1250
4 1153 1154 1170 1169
4 1240 1249 1250 1241
4 1154 1170 1250 1241
4 1155 1242 1251 1171
4 1154 1241 1242 1155
4 1250 1170 1171 1251
4 1154 1155 1171 1170
4 1241 1250 1251 1242
4 1155 1171 1251 1242
4 1156 1243 1252 1172
4 1155 1242 1243 1156
4 1251 1171 1172 1252
4 1155 1156 1172 1171
4 1242 1251 1252 1243
4 1156 1172 1252 1243
4 1157 1244 1253 1173
4 1156 1243 1244 1157
4 1252 1172 1173 1253
4 1156 1157 1173 1172
4 1243 1252 1253 1244
4 1158 1176 1256 1247
4 1159 1248 1257 1177
4 1158 1247 1248 1159
4 1256 1176 1177 1257
4 1158 1159 1177 1176
4 1247 1256 1257 1248
4 1169 1184 1258 1249
4 1170 1250 1259 1185
4 1169 1249 1250 1170
4 1258 1184 1185 1259
4 1169 1170 1185 1184
4 1249 1258 1259 1250
4 1170 1185 1259 1250
4 1171 1251 1260 1186
4 1170 1250 1251 1171
4 1259 1185 1186 1260
4 1170 1171 1186 1185
4 1250 1259 1260 1251
4 1171 1186 1260 1251
4 1172 1252 1261 1187
4 1171 1251 1252 1172
4 1260 1186 1187 1261
4 1171 1172 1187 1186
4 1251 1260 1261 1252
4 1172 1187 1261 1252
4 1173 1253 1262 1188
4 1172 1252 1253 1173
4 1261 1187 1188 1262
4 1172 1173 1188 1187
4 1252 1261 1262 1253
4 1173 1188 1262 1253
4 1174 1254 1263 1189
4 1173 1253 1254 1174
4 1262 1188 1189 1263
4 1173 1174 1189 1188
4 1253 1262 1263 1254
4 1174 1189 1263 1254
4 1175 1255 1264 1190
4 1174 1254 1255 1175
4 1263 1189 1190 1264
4 1174 1175 1190 1189
4 1254 1263 1264 1255
4 1175 1190 1264 1255
4 1176 1256 1265 1191
4 1175 1255 1256 1176
4 1264 1190 1191 1265
4 1175 1176 1191 1190
4 1255 1264 1265 1256
4 1176 1191 1265 1256
4 1177 1257 1266 1192
4 1176 1256 1257 1177
4 1265 1191 1192 1266
4 1176 1177 1192 1191
4 1256 1265 1266 1257
4 1186 1199 1267 1260
4 1187 1261 1268 1200
4 1186 1260 1261 1187
4 1267 1199 1200 1268
4 1186 1187 1200 1199
4 1260 1267 1268 1261
4 1187 1200 1268 1261
4 1188 1262 1269 1201
4 1187 1261 1262 1188
4 1268 1200 1201 1269
4 1187 1188 1201 1200
4 1261 1268 1269 1262
4 1188 1201 1269 1262
4 1189 1263 1270 1202
4 1188 1262 1263 1189
4 1269 1201 1202 1270
4 1188 1189 1202 1201
4 1262 1269 1270 1263
4 1189 1202 1270 1263
4 1190 1264 1271 1203
4 1189 1263 1264 1190
4 1270 1202 1203 1271
4 1189 1190 1203 1202
4 1263 1270 1271 1264
4 1190 1203 1271 1264
4 1191 1265 1272 1204
4 1190 1264 1265 1191
4 1271 1203 1204 1272
4 1190 1191 1204 1203
4 1264 1271 1272 1265
4 1191 1204 1272 1265
4 1192 1266 1273 1205
4 1191 1265 1266 1192
4 1272 1204 1205 1273
4 1191 1192 1205 1204
4 1265 1272 1273 1266
4 1208 1217 1280 1274
4 1209 1275 1281 1218
4 1208 1274 1275 1209
4 1280 1217 1218 1281
4 1208 1209 1218 1217
4 1274 1280 1281 1275
4 1209 1218 1281 1275
4 1210 1276 1282 1219
4 1209 1275 1276 1210
4 1281 1218 1219 1282
4 1209 1210 1219 1218
4 1275 1281 1282 1276
4 1210 1219 1282 1276
4 1211 1277 1283 1220
4 1210 1276 1277 1211
4 1282 1219 1220 1283
4 1210 1211 1220 1219
4 1276 1282 1283 1277
4 1211 1220 1283 1277
4 1212 1278 1284 1221
4 1211 1277 1278 1212
4 1283 1220 1221 1284
4 1211 1212 1221 1220
4 1277 1283 1284 1278
4 1216 1225 1286 1279
4 1217 1280 1287 1226
4 1216 1279 1280 1217
4 1286 1225 1226 1287
4 1216 1217 1226 1225
4 1279 1286 1287 1280
4 1217 1226 1287 1280
4 1218 1281 1288 1227
4 1217 1280 1281 1218
4 1287 1226 1227 1288
4 1217 1218 1227 1226
4 1280 1287 1288 1281
4 1218 1227 1288 1281
4 1219 1282 1289 1228
4 1218 1281 1282 1219
4 1288 1227 1228 1289
4 1218 1219 1228 1227
4 1281 1288 1289 1282
4 1219 1228 1289 1282
4 1220 1283 1290 1229
4 1219 1282 1283 1220
4 1289 1228 1229 1290
4 1219 1220 1229 1228
4 1282 1289 1290 1283
4 1220 1229 1290 1283
4 1221 1284 1291 1230
4 1220 1283 1284 1221
4 1290 1229 1230 1291
4 1220 1221 1230 1229
4 1283 1290 1291 1284
4 1224 1233 1292 1285
4 1225 1286 1293 1234
4 1224 1285 1286 1225
4 1292 1233 1234 1293
4 1224 1225 1234 1233
4 1285 1292 1293 1286
4 1225 1234 1293 1286
4 1226 1287 1294 1235
4 1225 1286 1287 1226
4 1293 1234 1235 1294
4 1225 1226 1235 1234
4 1286 1293 1294 1287
4 1226 1235 1294 1287
4 1227 1288 1295 1236
4 1226 1287 1288 1227
4 1294 1235 1236 1295
4 1226 1227 1236 1235
4 1287 1294 1295 1288
4 1227 1236 1295 1288
4 1228 1289 1296 1237
4 1227 1288 1289 1228
4 1295 1236 1237 1296
4 1227 1228 1237 1236
4 1288 1295 1296 1289
4 1228 1237 1296 1289
4 1229 1290 1297 1238
4 1228 1289 1290 1229
4 1296 1237 1238 1297
4 1228 1229 1238 1237
4 1289 1296 1297 1290
4 1229 1238 1297 1290
4 1230 1291 1298 1239
4 1229 1290 1291 1230
4 1297 1238 1239 1298
4 1229 1230 1239 1238
4 1290 1297 1298 1291
4 1233 1242 1299 1292
4 1234 1293 1300 1243
4 1233 1292 1293 1234
4 1299 1242 1243 1300
4 1233 1234 1243 1242
4 1292 1299 1300 1293
4 1234 1243 1300 1293
4 1235 1294 1301 1244
4 1234 1293 1294 1235
4 1300 1243 1244 1301
4 1234 1235 1244 1243
4 1293 1300 1301 1294
4 1235 1244 1301 1294
4 1236 1295 1302 1245
4 1235 1294 1295 1236
4 1301 1244 1245 1302
4 1235 1236 1245 1244
4 1294 1301 1302 1295
4 1236 1245 1302 1295
4 1237 1296 1303 1246
4 1236 1295 1296 1237
4 1302 1245 1246 1303
4 1236 1237 1246 1245
4 1295 1302 1303 1296
4 1237 1246 1303 1296
4 1238 1297 1304 1247
4 1237 1296 1297 1238
4 1303 1246 1247 1304
4 1237 1238 1247 1246
4 1296 1303 1304 1297
4 1238 1247 1304 1297
4 1239 1298 1305 1248
4 1238 1297 1298 1239
4 1304 1247 1248 1305
4 1238 1239 1248 1247
4 1297 1304 1305 1298
4 1242 1251 1306 1299
4 1243 1300 1307 1252
4 1242 1299 1300 1243
4 1306 1251 1252 1307
4 1242 1243 1252 1251
4 1299 1306 1307 1300
4 1243 1252 1307 1300
4 1244 1301 1308 1253
4 1243 1300 1301 1244
4 1307 1252 1253 1308
4 1243 1244 1253 1252
4 1300 1307 1308 1301
4 1244 1253 1308 1301
4 1245 1302 1309 1254
4 1244 1301 1302 1245
4 1308 1253 1254 1309
4 1244 1245 1254 1253
4 1301 1308 1309 1302
4 1245 1254 1309 1302
4 1246 1303 1310 1255
4 1245 1302 1303 1246
4 1309 1254 1255 1310
4 1245 1246 1255 1254
4 1302 1309 1310 1303
4 1246 1255 1310 1303
4 1247 1304 1311 1256
4 1246 1303 1304 1247
4 1310 1255 1256 1311
4 1246 1247 1256 1255
4 1303 1310 1311 1304
4 1247 1256 1311 1304
4 1248 1305 1312 1257
4 1247 1304 1305 1248
4 1311 1256 1257 1312
4 1247 1248 1257 1256
4 1304 1311 1312 1305
4 1252 1261 1313 1307
4 1253 1308 1314 1262
4 1252 1307 1308 1253
4 1313 1261 1262 1314
4 1252 1253 1262 1261
4 1307 1313 1314 1308
4 1253 1262 1314 1308
4 1254 1309 1315 1263
4 1253 1308 1309 1254
4 1314 1262 1263 1315
4 1253 1254 1263 1262
4 1308 1314 1315 1309
4 1254 1263 1315 1309
4 1255 1310 1316 1264
4 1254 1309 1310 1255
4 1315 1263 1264 1316
4 1254 1255 1264 1263
4 1309 1315 1316 1310
4 1255 1264 1316 1310
4 1256 1311 1317 1265
4 1255 1310 1311 1256
4 1316 1264 1265 1317
4 1255 1256 1265 1264
4 1310 1316 1317 1311
4 1256 1265 1317 1311
4 1257 1312 1318 1266
4 1256 1311 1312 1257
4 1317 1265 1266 1318
4 1256 1257 1266 1265
4 1311 1317 1318 1312
4 1263 1270 1319 1315
4 1264 1316 1320 1271
4 1263 1315 1316 1264
4 1319 1270 1271 1320
4 1263 1264 1271 1270
4 1315 1319 1320 1316
4 1264 1271 1320 1316
4 1265 1317 1321 1272
4 1264 1316 1317 1265
4 1320 1271 1272 1321
4 1264 1265 1272 1271
4 1316 1320 1321 1317
