ply
format ascii 1.0
element vertex 2005
property float x
property float y
property float z
element face 6132
property list uchar int vertex_indices
end_header
-0.675000 -0.225000 -0.825000
-0.675000 -0.225000 -0.750000
-0.675000 -0.225000 -0.675000
-0.675000 -0.225000 -0.600000
-0.675000 -0.150000 -0.825000
-0.675000 -0.150000 -0.750000
-0.675000 -0.150000 -0.675000
-0.675000 -0.150000 -0.600000
-0.675000 -0.150000 -0.525000
-0.675000 -0.075000 -0.825000
-0.675000 -0.075000 -0.750000
-0.675000 -0.075000 -0.675000
-0.675000 -0.075000 -0.600000
-0.675000 -0.075000 -0.525000
-0.675000 0.000000 -0.825000
-0.675000 0.000000 -0.750000
-0.675000 0.000000 -0.675000
-0.675000 0.000000 -0.600000
-0.675000 0.000000 -0.525000
-0.675000 0.075000 -0.825000
-0.675000 0.075000 -0.750000
-0.675000 0.075000 -0.675000
-0.675000 0.075000 -0.600000
-0.675000 0.150000 -0.825000
-0.675000 0.150000 -0.750000
-0.675000 0.150000 -0.675000
-0.675000 0.150000 -0.600000
-0.600000 -0.300000 -0.825000
-0.600000 -0.300000 -0.750000
-0.600000 -0.300000 -0.675000
-0.600000 -0.300000 -0.600000
-0.600000 -0.300000 -0.525000
-0.600000 -0.300000 -0.450000
-0.600000 -0.225000 -0.825000
-0.600000 -0.225000 -0.750000
-0.600000 -0.225000 -0.675000
-0.600000 -0.225000 -0.600000
-0.600000 -0.225000 -0.525000
-0.600000 -0.225000 -0.450000
-0.600000 -0.225000 -0.375000
-0.600000 -0.150000 -0.825000
-0.600000 -0.150000 -0.750000
-0.600000 -0.150000 -0.675000
-0.600000 -0.150000 -0.600000
-0.600000 -0.150000 -0.525000
-0.600000 -0.150000 -0.450000
-0.600000 -0.150000 -0.375000
-0.600000 -0.075000 -0.825000
-0.600000 -0.075000 -0.750000
-0.600000 -0.075000 -0.675000
-0.600000 -0.075000 -0.600000
-0.600000 -0.075000 -0.525000
-0.600000 -0.075000 -0.450000
-0.600000 -0.075000 -0.375000
-0.600000 -0.075000 -0.300000
-0.600000 0.000000 -0.825000
-0.600000 0.000000 -0.750000
-0.600000 0.000000 -0.675000
-0.600000 0.000000 -0.600000
-0.600000 0.000000 -0.525000
-0.600000 0.000000 -0.450000
-0.600000 0.000000 -0.375000
-0.600000 0.000000 -0.300000
-0.600000 0.075000 -0.825000
-0.600000 0.075000 -0.750000
-0.600000 0.075000 -0.675000
-0.600000 0.075000 -0.600000
-0.600000 0.075000 -0.525000
-0.600000 0.075000 -0.450000
-0.600000 0.075000 -0.375000
-0.600000 0.150000 -0.825000
-0.600000 0.150000 -0.750000
-0.600000 0.150000 -0.675000
-0.600000 0.150000 -0.600000
-0.600000 0.150000 -0.525000
-0.600000 0.150000 -0.450000
-0.600000 0.225000 -0.825000
-0.600000 0.225000 -0.750000
-0.600000 0.225000 -0.675000
-0.600000 0.225000 -0.600000
-0.600000 0.225000 -0.525000
-0.600000 0.225000 -0.450000
-0.525000 -0.375000 -0.675000
-0.525000 -0.375000 -0.600000
-0.525000 -0.375000 -0.525000
-0.525000 -0.300000 -0.825000
-0.525000 -0.300000 -0.750000
-0.525000 -0.300000 -0.675000
-0.525000 -0.300000 -0.600000
-0.525000 -0.300000 -0.525000
-0.525000 -0.300000 -0.450000
-0.525000 -0.300000 -0.375000
-0.525000 -0.225000 -0.825000
-0.525000 -0.225000 -0.750000
-0.525000 -0.225000 -0.675000
-0.525000 -0.225000 -0.600000
-0.525000 -0.225000 -0.525000
-0.525000 -0.225000 -0.450000
-0.525000 -0.225000 -0.375000
-0.525000 -0.225000 -0.300000
-0.525000 -0.150000 -0.825000
-0.525000 -0.150000 -0.750000
-0.525000 -0.150000 -0.675000
-0.525000 -0.150000 -0.600000
-0.525000 -0.150000 -0.525000
-0.525000 -0.150000 -0.450000
-0.525000 -0.150000 -0.375000
-0.525000 -0.150000 -0.300000
-0.525000 -0.075000 -0.825000
-0.525000 -0.075000 -0.750000
-0.525000 -0.075000 -0.600000
-0.525000 -0.075000 -0.525000
-0.525000 -0.075000 -0.450000
-0.525000 -0.075000 -0.375000
-0.525000 -0.075000 -0.300000
-0.525000 0.000000 -0.825000
-0.525000 0.000000 -0.750000
-0.525000 0.000000 -0.600000
-0.525000 0.000000 -0.525000
-0.525000 0.000000 -0.450000
-0.525000 0.000000 -0.375000
-0.525000 0.000000 -0.300000
-0.525000 0.075000 -0.825000
-0.525000 0.075000 -0.750000
-0.525000 0.075000 -0.675000
-0.525000 0.075000 -0.600000
-0.525000 0.075000 -0.525000
-0.525000 0.075000 -0.450000
-0.525000 0.075000 -0.375000
-0.525000 0.075000 -0.300000
-0.525000 0.150000 -0.825000
-0.525000 0.150000 -0.750000
-0.525000 0.150000 -0.675000
-0.525000 0.150000 -0.600000
-0.525000 0.150000 -0.525000
-0.525000 0.150000 -0.450000
-0.525000 0.150000 -0.375000
-0.525000 0.225000 -0.825000
-0.525000 0.225000 -0.750000
-0.525000 0.225000 -0.675000
-0.525000 0.225000 -0.600000
-0.525000 0.225000 -0.525000
-0.525000 0.225000 -0.450000
-0.525000 0.225000 -0.375000
-0.450000 -0.375000 -0.675000
-0.450000 -0.375000 -0.600000
-0.450000 -0.375000 -0.525000
-0.450000 -0.375000 -0.450000
-0.450000 -0.300000 -0.825000
-0.450000 -0.300000 -0.750000
-0.450000 -0.300000 -0.675000
-0.450000 -0.300000 -0.600000
-0.450000 -0.300000 -0.525000
-0.450000 -0.300000 -0.450000
-0.450000 -0.300000 -0.375000
-0.450000 -0.300000 -0.300000
-0.450000 -0.225000 -0.825000
-0.450000 -0.225000 -0.750000
-0.450000 -0.225000 -0.675000
-0.450000 -0.225000 -0.600000
-0.450000 -0.225000 -0.525000
-0.450000 -0.225000 -0.450000
-0.450000 -0.225000 -0.375000
-0.450000 -0.225000 -0.300000
-0.450000 -0.150000 -0.825000
-0.450000 -0.150000 -0.750000
-0.450000 -0.150000 -0.600000
-0.450000 -0.150000 -0.525000
-0.450000 -0.150000 -0.450000
-0.450000 -0.150000 -0.375000
-0.450000 -0.150000 -0.300000
-0.450000 -0.150000 -0.225000
-0.450000 -0.075000 -0.825000
-0.450000 -0.075000 -0.750000
-0.450000 -0.075000 -0.450000
-0.450000 -0.075000 -0.375000
-0.450000 -0.075000 -0.300000
-0.450000 -0.075000 -0.225000
-0.450000 0.000000 -0.825000
-0.450000 0.000000 -0.750000
-0.450000 0.000000 -0.525000
-0.450000 0.000000 -0.450000
-0.450000 0.000000 -0.375000
-0.450000 0.000000 -0.300000
-0.450000 0.000000 -0.225000
-0.450000 0.075000 -0.825000
-0.450000 0.075000 -0.750000
-0.450000 0.075000 -0.525000
-0.450000 0.075000 -0.450000
-0.450000 0.075000 -0.375000
-0.450000 0.075000 -0.300000
-0.450000 0.075000 -0.225000
-0.450000 0.150000 -0.825000
-0.450000 0.150000 -0.750000
-0.450000 0.150000 -0.675000
-0.450000 0.150000 -0.600000
-0.450000 0.150000 -0.525000
-0.450000 0.150000 -0.450000
-0.450000 0.150000 -0.375000
-0.450000 0.150000 -0.300000
-0.450000 0.150000 -0.225000
-0.450000 0.225000 -0.825000
-0.450000 0.225000 -0.750000
-0.450000 0.225000 -0.675000
-0.450000 0.225000 -0.600000
-0.450000 0.225000 -0.525000
-0.450000 0.225000 -0.450000
-0.450000 0.225000 -0.375000
-0.450000 0.225000 -0.300000
-0.450000 0.300000 -0.750000
-0.450000 0.300000 -0.675000
-0.450000 0.300000 -0.600000
-0.450000 0.300000 -0.525000
-0.375000 -0.375000 -0.750000
-0.375000 -0.375000 -0.675000
-0.375000 -0.375000 -0.600000
-0.375000 -0.375000 -0.525000
-0.375000 -0.375000 -0.450000
-0.375000 -0.300000 -0.825000
-0.375000 -0.300000 -0.750000
-0.375000 -0.300000 -0.675000
-0.375000 -0.300000 -0.600000
-0.375000 -0.300000 -0.525000
-0.375000 -0.300000 -0.450000
-0.375000 -0.300000 -0.375000
-0.375000 -0.300000 -0.300000
-0.375000 -0.300000 0.525000
-0.375000 -0.300000 0.600000
-0.375000 -0.300000 0.675000
-0.375000 -0.300000 0.750000
-0.375000 -0.300000 0.825000
-0.375000 -0.225000 -0.825000
-0.375000 -0.225000 -0.750000
-0.375000 -0.225000 -0.675000
-0.375000 -0.225000 -0.600000
-0.375000 -0.225000 -0.525000
-0.375000 -0.225000 -0.450000
-0.375000 -0.225000 -0.375000
-0.375000 -0.225000 -0.300000
-0.375000 -0.225000 -0.225000
-0.375000 -0.225000 0.450000
-0.375000 -0.225000 0.525000
-0.375000 -0.225000 0.600000
-0.375000 -0.225000 0.675000
-0.375000 -0.225000 0.750000
-0.375000 -0.225000 0.825000
-0.375000 -0.225000 0.900000
-0.375000 -0.150000 -0.825000
-0.375000 -0.150000 -0.750000
-0.375000 -0.150000 -0.450000
-0.375000 -0.150000 -0.375000
-0.375000 -0.150000 -0.300000
-0.375000 -0.150000 -0.225000
-0.375000 -0.150000 0.450000
-0.375000 -0.150000 0.525000
-0.375000 -0.150000 0.600000
-0.375000 -0.150000 0.675000
-0.375000 -0.150000 0.750000
-0.375000 -0.150000 0.825000
-0.375000 -0.150000 0.900000
-0.375000 -0.075000 -0.825000
-0.375000 -0.075000 -0.750000
-0.375000 -0.075000 -0.375000
-0.375000 -0.075000 -0.300000
-0.375000 -0.075000 -0.225000
-0.375000 -0.075000 0.450000
-0.375000 -0.075000 0.525000
-0.375000 -0.075000 0.600000
-0.375000 -0.075000 0.675000
-0.375000 -0.075000 0.750000
-0.375000 -0.075000 0.825000
-0.375000 -0.075000 0.900000
-0.375000 0.000000 -0.825000
-0.375000 0.000000 -0.750000
-0.375000 0.000000 -0.450000
-0.375000 0.000000 -0.375000
-0.375000 0.000000 -0.300000
-0.375000 0.000000 -0.225000
-0.375000 0.000000 0.450000
-0.375000 0.000000 0.525000
-0.375000 0.000000 0.600000
-0.375000 0.000000 0.675000
-0.375000 0.000000 0.750000
-0.375000 0.000000 0.825000
-0.375000 0.000000 0.900000
-0.375000 0.075000 -0.825000
-0.375000 0.075000 -0.750000
-0.375000 0.075000 -0.450000
-0.375000 0.075000 -0.375000
-0.375000 0.075000 -0.300000
-0.375000 0.075000 -0.225000
-0.375000 0.075000 0.450000
-0.375000 0.075000 0.525000
-0.375000 0.075000 0.600000
-0.375000 0.075000 0.675000
-0.375000 0.075000 0.750000
-0.375000 0.075000 0.825000
-0.375000 0.075000 0.900000
-0.375000 0.150000 -0.825000
-0.375000 0.150000 -0.750000
-0.375000 0.150000 -0.675000
-0.375000 0.150000 -0.600000
-0.375000 0.150000 -0.525000
-0.375000 0.150000 -0.450000
-0.375000 0.150000 -0.375000
-0.375000 0.150000 -0.300000
-0.375000 0.150000 -0.225000
-0.375000 0.150000 0.450000
-0.375000 0.150000 0.525000
-0.375000 0.150000 0.600000
-0.375000 0.150000 0.675000
-0.375000 0.150000 0.750000
-0.375000 0.150000 0.825000
-0.375000 0.150000 0.900000
-0.375000 0.225000 -0.825000
-0.375000 0.225000 -0.750000
-0.375000 0.225000 -0.675000
-0.375000 0.225000 -0.600000
-0.375000 0.225000 -0.525000
-0.375000 0.225000 -0.450000
-0.375000 0.225000 -0.375000
-0.375000 0.225000 -0.300000
-0.375000 0.225000 -0.225000
-0.375000 0.225000 0.525000
-0.375000 0.225000 0.600000
-0.375000 0.225000 0.675000
-0.375000 0.225000 0.750000
-0.375000 0.225000 0.825000
-0.375000 0.300000 -0.750000
-0.375000 0.300000 -0.675000
-0.375000 0.300000 -0.600000
-0.375000 0.300000 -0.525000
-0.300000 -0.375000 -0.750000
-0.300000 -0.375000 -0.675000
-0.300000 -0.375000 -0.600000
-0.300000 -0.375000 -0.525000
-0.300000 -0.375000 -0.450000
-0.300000 -0.300000 -0.825000
-0.300000 -0.300000 -0.750000
-0.300000 -0.300000 -0.675000
-0.300000 -0.300000 -0.600000
-0.300000 -0.300000 -0.525000
-0.300000 -0.300000 -0.450000
-0.300000 -0.300000 -0.375000
-0.300000 -0.300000 -0.300000
-0.300000 -0.300000 -0.225000
-0.300000 -0.300000 0.525000
-0.300000 -0.300000 0.600000
-0.300000 -0.300000 0.675000
-0.300000 -0.300000 0.750000
-0.300000 -0.300000 0.825000
-0.300000 -0.300000 0.900000
-0.300000 -0.225000 -0.825000
-0.300000 -0.225000 -0.750000
-0.300000 -0.225000 -0.675000
-0.300000 -0.225000 -0.600000
-0.300000 -0.225000 -0.525000
-0.300000 -0.225000 -0.450000
-0.300000 -0.225000 -0.375000
-0.300000 -0.225000 -0.300000
-0.300000 -0.225000 -0.225000
-0.300000 -0.225000 -0.150000
-0.300000 -0.225000 0.450000
-0.300000 -0.225000 0.525000
-0.300000 -0.225000 0.600000
-0.300000 -0.225000 0.675000
-0.300000 -0.225000 0.750000
-0.300000 -0.225000 0.825000
-0.300000 -0.225000 0.900000
-0.300000 -0.150000 -0.825000
-0.300000 -0.150000 -0.750000
-0.300000 -0.150000 -0.600000
-0.300000 -0.150000 -0.525000
-0.300000 -0.150000 -0.375000
-0.300000 -0.150000 -0.300000
-0.300000 -0.150000 -0.225000
-0.300000 -0.150000 -0.150000
-0.300000 -0.150000 0.375000
-0.300000 -0.150000 0.450000
-0.300000 -0.150000 0.525000
-0.300000 -0.150000 0.600000
-0.300000 -0.150000 0.675000
-0.300000 -0.150000 0.750000
-0.300000 -0.150000 0.825000
-0.300000 -0.150000 0.900000
-0.300000 -0.075000 -0.825000
-0.300000 -0.075000 -0.750000
-0.300000 -0.075000 -0.375000
-0.300000 -0.075000 -0.300000
-0.300000 -0.075000 -0.225000
-0.300000 -0.075000 -0.150000
-0.300000 -0.075000 0.375000
-0.300000 -0.075000 0.450000
-0.300000 -0.075000 0.525000
-0.300000 -0.075000 0.600000
-0.300000 -0.075000 0.675000
-0.300000 -0.075000 0.750000
-0.300000 -0.075000 0.825000
-0.300000 -0.075000 0.900000
-0.300000 0.000000 -0.825000
-0.300000 0.000000 -0.750000
-0.300000 0.000000 -0.300000
-0.300000 0.000000 -0.225000
-0.300000 0.000000 -0.150000
-0.300000 0.000000 0.375000
-0.300000 0.000000 0.450000
-0.300000 0.000000 0.525000
-0.300000 0.000000 0.600000
-0.300000 0.000000 0.675000
-0.300000 0.000000 0.750000
-0.300000 0.000000 0.825000
-0.300000 0.000000 0.900000
-0.300000 0.075000 -0.825000
-0.300000 0.075000 -0.750000
-0.300000 0.075000 -0.375000
-0.300000 0.075000 -0.300000
-0.300000 0.075000 -0.225000
-0.300000 0.075000 -0.150000
-0.300000 0.075000 0.375000
-0.300000 0.075000 0.450000
-0.300000 0.075000 0.525000
-0.300000 0.075000 0.600000
-0.300000 0.075000 0.675000
-0.300000 0.075000 0.750000
-0.300000 0.075000 0.825000
-0.300000 0.075000 0.900000
-0.300000 0.150000 -0.825000
-0.300000 0.150000 -0.750000
-0.300000 0.150000 -0.675000
-0.300000 0.150000 -0.600000
-0.300000 0.150000 -0.525000
-0.300000 0.150000 -0.450000
-0.300000 0.150000 -0.375000
-0.300000 0.150000 -0.300000
-0.300000 0.150000 -0.225000
-0.300000 0.150000 -0.150000
-0.300000 0.150000 0.450000
-0.300000 0.150000 0.525000
-0.300000 0.150000 0.600000
-0.300000 0.150000 0.675000
-0.300000 0.150000 0.750000
-0.300000 0.150000 0.825000
-0.300000 0.150000 0.900000
-0.300000 0.225000 -0.825000
-0.300000 0.225000 -0.750000
-0.300000 0.225000 -0.675000
-0.300000 0.225000 -0.600000
-0.300000 0.225000 -0.525000
-0.300000 0.225000 -0.450000
-0.300000 0.225000 -0.375000
-0.300000 0.225000 -0.300000
-0.300000 0.225000 -0.225000
-0.300000 0.225000 0.450000
-0.300000 0.225000 0.525000
-0.300000 0.225000 0.600000
-0.300000 0.225000 0.675000
-0.300000 0.225000 0.750000
-0.300000 0.225000 0.825000
-0.300000 0.225000 0.900000
-0.300000 0.300000 -0.750000
-0.300000 0.300000 -0.675000
-0.300000 0.300000 -0.600000
-0.300000 0.300000 -0.525000
-0.300000 0.300000 -0.450000
-0.225000 -0.375000 -0.750000
-0.225000 -0.375000 -0.675000
-0.225000 -0.375000 -0.600000
-0.225000 -0.375000 -0.525000
-0.225000 -0.375000 -0.450000
-0.225000 -0.300000 -0.825000
-0.225000 -0.300000 -0.750000
-0.225000 -0.300000 -0.675000
-0.225000 -0.300000 -0.600000
-0.225000 -0.300000 -0.525000
-0.225000 -0.300000 -0.450000
-0.225000 -0.300000 -0.375000
-0.225000 -0.300000 -0.300000
-0.225000 -0.300000 -0.225000
-0.225000 -0.300000 -0.150000
-0.225000 -0.300000 0.450000
-0.225000 -0.300000 0.525000
-0.225000 -0.300000 0.600000
-0.225000 -0.300000 0.675000
-0.225000 -0.300000 0.750000
-0.225000 -0.300000 0.825000
-0.225000 -0.300000 0.900000
-0.225000 -0.225000 -0.825000
-0.225000 -0.225000 -0.750000
-0.225000 -0.225000 -0.675000
-0.225000 -0.225000 -0.600000
-0.225000 -0.225000 -0.525000
-0.225000 -0.225000 -0.450000
-0.225000 -0.225000 -0.375000
-0.225000 -0.225000 -0.300000
-0.225000 -0.225000 -0.225000
-0.225000 -0.225000 -0.150000
-0.225000 -0.225000 -0.075000
-0.225000 -0.225000 0.450000
-0.225000 -0.225000 0.525000
-0.225000 -0.225000 0.600000
-0.225000 -0.225000 0.675000
-0.225000 -0.225000 0.750000
-0.225000 -0.225000 0.825000
-0.225000 -0.225000 0.900000
-0.225000 -0.150000 -0.825000
-0.225000 -0.150000 -0.750000
-0.225000 -0.150000 -0.600000
-0.225000 -0.150000 -0.525000
-0.225000 -0.150000 -0.450000
-0.225000 -0.150000 -0.375000
-0.225000 -0.150000 -0.300000
-0.225000 -0.150000 -0.225000
-0.225000 -0.150000 -0.150000
-0.225000 -0.150000 -0.075000
-0.225000 -0.150000 0.000000
-0.225000 -0.150000 0.375000
-0.225000 -0.150000 0.450000
-0.225000 -0.150000 0.525000
-0.225000 -0.150000 0.600000
-0.225000 -0.150000 0.675000
-0.225000 -0.150000 0.750000
-0.225000 -0.150000 0.825000
-0.225000 -0.150000 0.900000
-0.225000 -0.075000 -0.825000
-0.225000 -0.075000 -0.750000
-0.225000 -0.075000 -0.600000
-0.225000 -0.075000 -0.525000
-0.225000 -0.075000 -0.300000
-0.225000 -0.075000 -0.225000
-0.225000 -0.075000 -0.150000
-0.225000 -0.075000 -0.075000
-0.225000 -0.075000 0.000000
-0.225000 -0.075000 0.375000
-0.225000 -0.075000 0.450000
-0.225000 -0.075000 0.525000
-0.225000 -0.075000 0.600000
-0.225000 -0.075000 0.825000
-0.225000 -0.075000 0.900000
-0.225000 0.000000 -0.825000
-0.225000 0.000000 -0.750000
-0.225000 0.000000 -0.600000
-0.225000 0.000000 -0.525000
-0.225000 0.000000 -0.300000
-0.225000 0.000000 -0.225000
-0.225000 0.000000 -0.150000
-0.225000 0.000000 -0.075000
-0.225000 0.000000 0.000000
-0.225000 0.000000 0.375000
-0.225000 0.000000 0.450000
-0.225000 0.000000 0.525000
-0.225000 0.000000 0.600000
-0.225000 0.000000 0.825000
-0.225000 0.000000 0.900000
-0.225000 0.075000 -0.825000
-0.225000 0.075000 -0.750000
-0.225000 0.075000 -0.600000
-0.225000 0.075000 -0.525000
-0.225000 0.075000 -0.450000
-0.225000 0.075000 -0.375000
-0.225000 0.075000 -0.300000
-0.225000 0.075000 -0.225000
-0.225000 0.075000 -0.150000
-0.225000 0.075000 -0.075000
-0.225000 0.075000 0.000000
-0.225000 0.075000 0.375000
-0.225000 0.075000 0.450000
-0.225000 0.075000 0.525000
-0.225000 0.075000 0.600000
-0.225000 0.075000 0.675000
-0.225000 0.075000 0.750000
-0.225000 0.075000 0.825000
-0.225000 0.075000 0.900000
-0.225000 0.150000 -0.825000
-0.225000 0.150000 -0.750000
-0.225000 0.150000 -0.675000
-0.225000 0.150000 -0.600000
-0.225000 0.150000 -0.525000
-0.225000 0.150000 -0.450000
-0.225000 0.150000 -0.375000
-0.225000 0.150000 -0.300000
-0.225000 0.150000 -0.225000
-0.225000 0.150000 -0.150000
-0.225000 0.150000 -0.075000
-0.225000 0.150000 0.450000
-0.225000 0.150000 0.525000
-0.225000 0.150000 0.600000
-0.225000 0.150000 0.675000
-0.225000 0.150000 0.750000
-0.225000 0.150000 0.825000
-0.225000 0.150000 0.900000
-0.225000 0.225000 -0.825000
-0.225000 0.225000 -0.750000
-0.225000 0.225000 -0.675000
-0.225000 0.225000 -0.600000
-0.225000 0.225000 -0.525000
-0.225000 0.225000 -0.450000
-0.225000 0.225000 -0.375000
-0.225000 0.225000 -0.300000
-0.225000 0.225000 -0.225000
-0.225000 0.225000 -0.150000
-0.225000 0.225000 0.450000
-0.225000 0.225000 0.525000
-0.225000 0.225000 0.600000
-0.225000 0.225000 0.675000
-0.225000 0.225000 0.750000
-0.225000 0.225000 0.825000
-0.225000 0.225000 0.900000
-0.225000 0.300000 -0.750000
-0.225000 0.300000 -0.675000
-0.225000 0.300000 -0.600000
-0.225000 0.300000 -0.525000
-0.225000 0.300000 -0.450000
-0.150000 -0.300000 -0.825000
-0.150000 -0.300000 -0.750000
-0.150000 -0.300000 -0.675000
-0.150000 -0.300000 -0.600000
-0.150000 -0.300000 -0.525000
-0.150000 -0.300000 -0.450000
-0.150000 -0.300000 -0.375000
-0.150000 -0.300000 -0.300000
-0.150000 -0.300000 -0.225000
-0.150000 -0.300000 -0.150000
-0.150000 -0.300000 -0.075000
-0.150000 -0.300000 0.450000
-0.150000 -0.300000 0.525000
-0.150000 -0.300000 0.600000
-0.150000 -0.300000 0.675000
-0.150000 -0.300000 0.750000
-0.150000 -0.300000 0.825000
-0.150000 -0.300000 0.900000
-0.150000 -0.225000 -0.825000
-0.150000 -0.225000 -0.750000
-0.150000 -0.225000 -0.675000
-0.150000 -0.225000 -0.600000
-0.150000 -0.225000 -0.525000
-0.150000 -0.225000 -0.450000
-0.150000 -0.225000 -0.375000
-0.150000 -0.225000 -0.300000
-0.150000 -0.225000 -0.225000
-0.150000 -0.225000 -0.150000
-0.150000 -0.225000 -0.075000
-0.150000 -0.225000 0.000000
-0.150000 -0.225000 0.075000
-0.150000 -0.225000 0.450000
-0.150000 -0.225000 0.525000
-0.150000 -0.225000 0.600000
-0.150000 -0.225000 0.675000
-0.150000 -0.225000 0.750000
-0.150000 -0.225000 0.825000
-0.150000 -0.225000 0.900000
-0.150000 -0.150000 -0.825000
-0.150000 -0.150000 -0.750000
-0.150000 -0.150000 -0.675000
-0.150000 -0.150000 -0.600000
-0.150000 -0.150000 -0.525000
-0.150000 -0.150000 -0.450000
-0.150000 -0.150000 -0.375000
-0.150000 -0.150000 -0.300000
-0.150000 -0.150000 -0.225000
-0.150000 -0.150000 -0.150000
-0.150000 -0.150000 -0.075000
-0.150000 -0.150000 0.000000
-0.150000 -0.150000 0.075000
-0.150000 -0.150000 0.375000
-0.150000 -0.150000 0.450000
-0.150000 -0.150000 0.525000
-0.150000 -0.150000 0.600000
-0.150000 -0.150000 0.675000
-0.150000 -0.150000 0.750000
-0.150000 -0.150000 0.825000
-0.150000 -0.150000 0.900000
-0.150000 -0.075000 -0.825000
-0.150000 -0.075000 -0.750000
-0.150000 -0.075000 -0.600000
-0.150000 -0.075000 -0.525000
-0.150000 -0.075000 -0.450000
-0.150000 -0.075000 -0.375000
-0.150000 -0.075000 -0.300000
-0.150000 -0.075000 -0.225000
-0.150000 -0.075000 -0.150000
-0.150000 -0.075000 -0.075000
-0.150000 -0.075000 0.000000
-0.150000 -0.075000 0.075000
-0.150000 -0.075000 0.375000
-0.150000 -0.075000 0.450000
-0.150000 -0.075000 0.525000
-0.150000 -0.075000 0.600000
-0.150000 -0.075000 0.675000
-0.150000 -0.075000 0.825000
-0.150000 -0.075000 0.900000
-0.150000 0.000000 -0.825000
-0.150000 0.000000 -0.750000
-0.150000 0.000000 -0.600000
-0.150000 0.000000 -0.525000
-0.150000 0.000000 -0.450000
-0.150000 0.000000 -0.375000
-0.150000 0.000000 -0.300000
-0.150000 0.000000 -0.225000
-0.150000 0.000000 -0.150000
-0.150000 0.000000 -0.075000
-0.150000 0.000000 0.000000
-0.150000 0.000000 0.075000
-0.150000 0.000000 0.375000
-0.150000 0.000000 0.450000
-0.150000 0.000000 0.525000
-0.150000 0.000000 0.600000
-0.150000 0.000000 0.675000
-0.150000 0.000000 0.825000
-0.150000 0.000000 0.900000
-0.150000 0.075000 -0.825000
-0.150000 0.075000 -0.750000
-0.150000 0.075000 -0.600000
-0.150000 0.075000 -0.525000
-0.150000 0.075000 -0.450000
-0.150000 0.075000 -0.375000
-0.150000 0.075000 -0.300000
-0.150000 0.075000 -0.225000
-0.150000 0.075000 -0.150000
-0.150000 0.075000 -0.075000
-0.150000 0.075000 0.000000
-0.150000 0.075000 0.075000
-0.150000 0.075000 0.375000
-0.150000 0.075000 0.450000
-0.150000 0.075000 0.525000
-0.150000 0.075000 0.600000
-0.150000 0.075000 0.675000
-0.150000 0.075000 0.825000
-0.150000 0.075000 0.900000
-0.150000 0.150000 -0.825000
-0.150000 0.150000 -0.750000
-0.150000 0.150000 -0.675000
-0.150000 0.150000 -0.600000
-0.150000 0.150000 -0.525000
-0.150000 0.150000 -0.450000
-0.150000 0.150000 -0.375000
-0.150000 0.150000 -0.300000
-0.150000 0.150000 -0.225000
-0.150000 0.150000 -0.150000
-0.150000 0.150000 -0.075000
-0.150000 0.150000 0.000000
-0.150000 0.150000 0.450000
-0.150000 0.150000 0.525000
-0.150000 0.150000 0.600000
-0.150000 0.150000 0.675000
-0.150000 0.150000 0.750000
-0.150000 0.150000 0.825000
-0.150000 0.150000 0.900000
-0.150000 0.225000 -0.825000
-0.150000 0.225000 -0.750000
-0.150000 0.225000 -0.675000
-0.150000 0.225000 -0.600000
-0.150000 0.225000 -0.525000
-0.150000 0.225000 -0.450000
-0.150000 0.225000 -0.375000
-0.150000 0.225000 -0.300000
-0.150000 0.225000 -0.225000
-0.150000 0.225000 -0.150000
-0.150000 0.225000 -0.075000
-0.150000 0.225000 0.450000
-0.150000 0.225000 0.525000
-0.150000 0.225000 0.600000
-0.150000 0.225000 0.675000
-0.150000 0.225000 0.750000
-0.150000 0.225000 0.825000
-0.150000 0.225000 0.900000
-0.075000 -0.300000 -0.825000
-0.075000 -0.300000 -0.750000
-0.075000 -0.300000 -0.675000
-0.075000 -0.300000 -0.600000
-0.075000 -0.300000 -0.525000
-0.075000 -0.300000 -0.375000
-0.075000 -0.300000 -0.300000
-0.075000 -0.300000 -0.225000
-0.075000 -0.300000 -0.150000
-0.075000 -0.300000 -0.075000
-0.075000 -0.300000 0.000000
-0.075000 -0.300000 0.075000
-0.075000 -0.300000 0.600000
-0.075000 -0.300000 0.675000
-0.075000 -0.300000 0.750000
-0.075000 -0.300000 0.825000
-0.075000 -0.300000 0.900000
-0.075000 -0.225000 -0.825000
-0.075000 -0.225000 -0.750000
-0.075000 -0.225000 -0.675000
-0.075000 -0.225000 -0.600000
-0.075000 -0.225000 -0.525000
-0.075000 -0.225000 -0.450000
-0.075000 -0.225000 -0.375000
-0.075000 -0.225000 -0.300000
-0.075000 -0.225000 -0.225000
-0.075000 -0.225000 -0.150000
-0.075000 -0.225000 -0.075000
-0.075000 -0.225000 0.000000
-0.075000 -0.225000 0.075000
-0.075000 -0.225000 0.150000
-0.075000 -0.225000 0.525000
-0.075000 -0.225000 0.600000
-0.075000 -0.225000 0.675000
-0.075000 -0.225000 0.750000
-0.075000 -0.225000 0.825000
-0.075000 -0.225000 0.900000
-0.075000 -0.150000 -0.825000
-0.075000 -0.150000 -0.750000
-0.075000 -0.150000 -0.675000
-0.075000 -0.150000 -0.600000
-0.075000 -0.150000 -0.525000
-0.075000 -0.150000 -0.450000
-0.075000 -0.150000 -0.375000
-0.075000 -0.150000 -0.300000
-0.075000 -0.150000 -0.225000
-0.075000 -0.150000 -0.150000
-0.075000 -0.150000 -0.075000
-0.075000 -0.150000 0.000000
-0.075000 -0.150000 0.075000
-0.075000 -0.150000 0.150000
-0.075000 -0.150000 0.225000
-0.075000 -0.150000 0.450000
-0.075000 -0.150000 0.525000
-0.075000 -0.150000 0.600000
-0.075000 -0.150000 0.675000
-0.075000 -0.150000 0.750000
-0.075000 -0.150000 0.825000
-0.075000 -0.150000 0.900000
-0.075000 -0.075000 -0.825000
-0.075000 -0.075000 -0.750000
-0.075000 -0.075000 -0.600000
-0.075000 -0.075000 -0.525000
-0.075000 -0.075000 -0.450000
-0.075000 -0.075000 -0.375000
-0.075000 -0.075000 -0.300000
-0.075000 -0.075000 -0.150000
-0.075000 -0.075000 -0.075000
-0.075000 -0.075000 0.000000
-0.075000 -0.075000 0.075000
-0.075000 -0.075000 0.150000
-0.075000 -0.075000 0.225000
-0.075000 -0.075000 0.450000
-0.075000 -0.075000 0.525000
-0.075000 -0.075000 0.600000
-0.075000 -0.075000 0.675000
-0.075000 -0.075000 0.825000
-0.075000 -0.075000 0.900000
-0.075000 0.000000 -0.825000
-0.075000 0.000000 -0.750000
-0.075000 0.000000 -0.600000
-0.075000 0.000000 -0.525000
-0.075000 0.000000 -0.450000
-0.075000 0.000000 -0.375000
-0.075000 0.000000 -0.300000
-0.075000 0.000000 -0.150000
-0.075000 0.000000 -0.075000
-0.075000 0.000000 0.000000
-0.075000 0.000000 0.075000
-0.075000 0.000000 0.150000
-0.075000 0.000000 0.225000
-0.075000 0.000000 0.450000
-0.075000 0.000000 0.525000
-0.075000 0.000000 0.600000
-0.075000 0.000000 0.675000
-0.075000 0.000000 0.825000
-0.075000 0.000000 0.900000
-0.075000 0.075000 -0.825000
-0.075000 0.075000 -0.750000
-0.075000 0.075000 -0.600000
-0.075000 0.075000 -0.525000
-0.075000 0.075000 -0.450000
-0.075000 0.075000 -0.375000
-0.075000 0.075000 -0.300000
-0.075000 0.075000 -0.225000
-0.075000 0.075000 -0.150000
-0.075000 0.075000 -0.075000
-0.075000 0.075000 0.000000
-0.075000 0.075000 0.075000
-0.075000 0.075000 0.150000
-0.075000 0.075000 0.225000
-0.075000 0.075000 0.450000
-0.075000 0.075000 0.525000
-0.075000 0.075000 0.600000
-0.075000 0.075000 0.675000
-0.075000 0.075000 0.825000
-0.075000 0.075000 0.900000
-0.075000 0.150000 -0.825000
-0.075000 0.150000 -0.750000
-0.075000 0.150000 -0.675000
-0.075000 0.150000 -0.600000
-0.075000 0.150000 -0.525000
-0.075000 0.150000 -0.450000
-0.075000 0.150000 -0.375000
-0.075000 0.150000 -0.300000
-0.075000 0.150000 -0.225000
-0.075000 0.150000 -0.150000
-0.075000 0.150000 -0.075000
-0.075000 0.150000 0.000000
-0.075000 0.150000 0.075000
-0.075000 0.150000 0.150000
-0.075000 0.150000 0.525000
-0.075000 0.150000 0.600000
-0.075000 0.150000 0.675000
-0.075000 0.150000 0.750000
-0.075000 0.150000 0.825000
-0.075000 0.150000 0.900000
-0.075000 0.225000 -0.825000
-0.075000 0.225000 -0.750000
-0.075000 0.225000 -0.675000
-0.075000 0.225000 -0.600000
-0.075000 0.225000 -0.525000
-0.075000 0.225000 -0.450000
-0.075000 0.225000 -0.375000
-0.075000 0.225000 -0.300000
-0.075000 0.225000 -0.225000
-0.075000 0.225000 -0.150000
-0.075000 0.225000 -0.075000
-0.075000 0.225000 0.000000
-0.075000 0.225000 0.075000
-0.075000 0.225000 0.600000
-0.075000 0.225000 0.675000
-0.075000 0.225000 0.750000
-0.075000 0.225000 0.825000
-0.075000 0.225000 0.900000
0.000000 -0.300000 -0.825000
0.000000 -0.300000 -0.750000
0.000000 -0.300000 -0.675000
0.000000 -0.300000 -0.600000
0.000000 -0.300000 -0.525000
0.000000 -0.300000 -0.300000
0.000000 -0.300000 -0.225000
0.000000 -0.300000 -0.150000
0.000000 -0.300000 -0.075000
0.000000 -0.300000 0.000000
0.000000 -0.300000 0.075000
0.000000 -0.300000 0.150000
0.000000 -0.300000 0.225000
0.000000 -0.300000 0.525000
0.000000 -0.300000 0.600000
0.000000 -0.300000 0.675000
0.000000 -0.300000 0.750000
0.000000 -0.300000 0.825000
0.000000 -0.300000 0.900000
0.000000 -0.225000 -0.825000
0.000000 -0.225000 -0.750000
0.000000 -0.225000 -0.675000
0.000000 -0.225000 -0.600000
0.000000 -0.225000 -0.525000
0.000000 -0.225000 -0.450000
0.000000 -0.225000 -0.375000
0.000000 -0.225000 -0.300000
0.000000 -0.225000 -0.225000
0.000000 -0.225000 -0.150000
0.000000 -0.225000 -0.075000
0.000000 -0.225000 0.000000
0.000000 -0.225000 0.075000
0.000000 -0.225000 0.150000
0.000000 -0.225000 0.225000
0.000000 -0.225000 0.300000
0.000000 -0.225000 0.375000
0.000000 -0.225000 0.450000
0.000000 -0.225000 0.525000
0.000000 -0.225000 0.600000
0.000000 -0.225000 0.675000
0.000000 -0.225000 0.750000
0.000000 -0.225000 0.825000
0.000000 -0.225000 0.900000
0.000000 -0.150000 -0.825000
0.000000 -0.150000 -0.750000
0.000000 -0.150000 -0.675000
0.000000 -0.150000 -0.600000
0.000000 -0.150000 -0.525000
0.000000 -0.150000 -0.450000
0.000000 -0.150000 -0.375000
0.000000 -0.150000 -0.300000
0.000000 -0.150000 -0.225000
0.000000 -0.150000 -0.150000
0.000000 -0.150000 -0.075000
0.000000 -0.150000 0.000000
0.000000 -0.150000 0.075000
0.000000 -0.150000 0.150000
0.000000 -0.150000 0.225000
0.000000 -0.150000 0.300000
0.000000 -0.150000 0.375000
0.000000 -0.150000 0.450000
0.000000 -0.150000 0.525000
0.000000 -0.150000 0.600000
0.000000 -0.150000 0.675000
0.000000 -0.150000 0.750000
0.000000 -0.150000 0.825000
0.000000 -0.150000 0.900000
0.000000 -0.075000 -0.825000
0.000000 -0.075000 -0.750000
0.000000 -0.075000 -0.600000
0.000000 -0.075000 -0.525000
0.000000 -0.075000 -0.450000
0.000000 -0.075000 -0.375000
0.000000 -0.075000 -0.300000
0.000000 -0.075000 -0.225000
0.000000 -0.075000 -0.075000
0.000000 -0.075000 0.000000
0.000000 -0.075000 0.075000
0.000000 -0.075000 0.150000
0.000000 -0.075000 0.225000
0.000000 -0.075000 0.300000
0.000000 -0.075000 0.375000
0.000000 -0.075000 0.450000
0.000000 -0.075000 0.525000
0.000000 -0.075000 0.600000
0.000000 -0.075000 0.675000
0.000000 -0.075000 0.825000
0.000000 -0.075000 0.900000
0.000000 0.000000 -0.825000
0.000000 0.000000 -0.750000
0.000000 0.000000 -0.600000
0.000000 0.000000 -0.525000
0.000000 0.000000 -0.450000
0.000000 0.000000 -0.375000
0.000000 0.000000 -0.300000
0.000000 0.000000 -0.225000
0.000000 0.000000 -0.075000
0.000000 0.000000 0.000000
0.000000 0.000000 0.075000
0.000000 0.000000 0.150000
0.000000 0.000000 0.225000
0.000000 0.000000 0.300000
0.000000 0.000000 0.375000
0.000000 0.000000 0.450000
0.000000 0.000000 0.525000
0.000000 0.000000 0.600000
0.000000 0.000000 0.675000
0.000000 0.000000 0.825000
0.000000 0.000000 0.900000
0.000000 0.075000 -0.825000
0.000000 0.075000 -0.750000
0.000000 0.075000 -0.600000
0.000000 0.075000 -0.525000
0.000000 0.075000 -0.450000
0.000000 0.075000 -0.375000
0.000000 0.075000 -0.300000
0.000000 0.075000 -0.225000
0.000000 0.075000 -0.150000
0.000000 0.075000 -0.075000
0.000000 0.075000 0.000000
0.000000 0.075000 0.075000
0.000000 0.075000 0.150000
0.000000 0.075000 0.225000
0.000000 0.075000 0.300000
0.000000 0.075000 0.375000
0.000000 0.075000 0.450000
0.000000 0.075000 0.525000
0.000000 0.075000 0.600000
0.000000 0.075000 0.675000
0.000000 0.075000 0.825000
0.000000 0.075000 0.900000
0.000000 0.150000 -0.825000
0.000000 0.150000 -0.750000
0.000000 0.150000 -0.675000
0.000000 0.150000 -0.600000
0.000000 0.150000 -0.525000
0.000000 0.150000 -0.375000
0.000000 0.150000 -0.300000
0.000000 0.150000 -0.225000
0.000000 0.150000 -0.150000
0.000000 0.150000 -0.075000
0.000000 0.150000 0.000000
0.000000 0.150000 0.075000
0.000000 0.150000 0.150000
0.000000 0.150000 0.225000
0.000000 0.150000 0.300000
0.000000 0.150000 0.375000
0.000000 0.150000 0.450000
0.000000 0.150000 0.525000
0.000000 0.150000 0.600000
0.000000 0.150000 0.675000
0.000000 0.150000 0.750000
0.000000 0.150000 0.825000
0.000000 0.150000 0.900000
0.000000 0.225000 -0.825000
0.000000 0.225000 -0.750000
0.000000 0.225000 -0.675000
0.000000 0.225000 -0.600000
0.000000 0.225000 -0.525000
0.000000 0.225000 -0.375000
0.000000 0.225000 -0.300000
0.000000 0.225000 -0.225000
0.000000 0.225000 -0.150000
0.000000 0.225000 -0.075000
0.000000 0.225000 0.000000
0.000000 0.225000 0.075000
0.000000 0.225000 0.150000
0.000000 0.225000 0.525000
0.000000 0.225000 0.600000
0.000000 0.225000 0.675000
0.000000 0.225000 0.750000
0.000000 0.225000 0.825000
0.000000 0.225000 0.900000
0.075000 -0.300000 -0.825000
0.075000 -0.300000 -0.750000
0.075000 -0.300000 -0.675000
0.075000 -0.300000 -0.600000
0.075000 -0.300000 -0.525000
0.075000 -0.300000 -0.300000
0.075000 -0.300000 -0.225000
0.075000 -0.300000 -0.150000
0.075000 -0.300000 -0.075000
0.075000 -0.300000 0.000000
0.075000 -0.300000 0.075000
0.075000 -0.300000 0.150000
0.075000 -0.300000 0.225000
0.075000 -0.300000 0.300000
0.075000 -0.300000 0.375000
0.075000 -0.300000 0.450000
0.075000 -0.300000 0.525000
0.075000 -0.300000 0.600000
0.075000 -0.300000 0.675000
0.075000 -0.300000 0.750000
0.075000 -0.300000 0.825000
0.075000 -0.300000 0.900000
0.075000 -0.225000 -0.825000
0.075000 -0.225000 -0.750000
0.075000 -0.225000 -0.675000
0.075000 -0.225000 -0.600000
0.075000 -0.225000 -0.525000
0.075000 -0.225000 -0.450000
0.075000 -0.225000 -0.300000
0.075000 -0.225000 -0.225000
0.075000 -0.225000 -0.150000
0.075000 -0.225000 -0.075000
0.075000 -0.225000 0.000000
0.075000 -0.225000 0.075000
0.075000 -0.225000 0.150000
0.075000 -0.225000 0.225000
0.075000 -0.225000 0.300000
0.075000 -0.225000 0.375000
0.075000 -0.225000 0.450000
0.075000 -0.225000 0.525000
0.075000 -0.225000 0.600000
0.075000 -0.225000 0.675000
0.075000 -0.225000 0.750000
0.075000 -0.225000 0.825000
0.075000 -0.225000 0.900000
0.075000 -0.150000 -0.825000
0.075000 -0.150000 -0.750000
0.075000 -0.150000 -0.675000
0.075000 -0.150000 -0.600000
0.075000 -0.150000 -0.525000
0.075000 -0.150000 -0.450000
0.075000 -0.150000 -0.375000
0.075000 -0.150000 -0.300000
0.075000 -0.150000 -0.225000
0.075000 -0.150000 -0.150000
0.075000 -0.150000 -0.075000
0.075000 -0.150000 0.000000
0.075000 -0.150000 0.075000
0.075000 -0.150000 0.150000
0.075000 -0.150000 0.225000
0.075000 -0.150000 0.300000
0.075000 -0.150000 0.375000
0.075000 -0.150000 0.450000
0.075000 -0.150000 0.525000
0.075000 -0.150000 0.600000
0.075000 -0.150000 0.675000
0.075000 -0.150000 0.750000
0.075000 -0.150000 0.825000
0.075000 -0.150000 0.900000
0.075000 -0.075000 -0.825000
0.075000 -0.075000 -0.750000
0.075000 -0.075000 -0.600000
0.075000 -0.075000 -0.525000
0.075000 -0.075000 -0.450000
0.075000 -0.075000 -0.375000
0.075000 -0.075000 -0.300000
0.075000 -0.075000 -0.225000
0.075000 -0.075000 -0.150000
0.075000 -0.075000 -0.075000
0.075000 -0.075000 0.075000
0.075000 -0.075000 0.150000
0.075000 -0.075000 0.225000
0.075000 -0.075000 0.300000
0.075000 -0.075000 0.375000
0.075000 -0.075000 0.450000
0.075000 -0.075000 0.525000
0.075000 -0.075000 0.600000
0.075000 -0.075000 0.825000
0.075000 -0.075000 0.900000
0.075000 0.000000 -0.825000
0.075000 0.000000 -0.750000
0.075000 0.000000 -0.600000
0.075000 0.000000 -0.525000
0.075000 0.000000 -0.450000
0.075000 0.000000 -0.375000
0.075000 0.000000 -0.300000
0.075000 0.000000 -0.225000
0.075000 0.000000 -0.150000
0.075000 0.000000 0.075000
0.075000 0.000000 0.150000
0.075000 0.000000 0.225000
0.075000 0.000000 0.300000
0.075000 0.000000 0.375000
0.075000 0.000000 0.450000
0.075000 0.000000 0.525000
0.075000 0.000000 0.600000
0.075000 0.000000 0.825000
0.075000 0.000000 0.900000
0.075000 0.075000 -0.825000
0.075000 0.075000 -0.750000
0.075000 0.075000 -0.675000
0.075000 0.075000 -0.600000
0.075000 0.075000 -0.525000
0.075000 0.075000 -0.450000
0.075000 0.075000 -0.375000
0.075000 0.075000 -0.300000
0.075000 0.075000 -0.225000
0.075000 0.075000 -0.150000
0.075000 0.075000 -0.075000
0.075000 0.075000 0.000000
0.075000 0.075000 0.075000
0.075000 0.075000 0.150000
0.075000 0.075000 0.225000
0.075000 0.075000 0.300000
0.075000 0.075000 0.375000
0.075000 0.075000 0.450000
0.075000 0.075000 0.525000
0.075000 0.075000 0.600000
0.075000 0.075000 0.675000
0.075000 0.075000 0.825000
0.075000 0.075000 0.900000
0.075000 0.150000 -0.825000
0.075000 0.150000 -0.750000
0.075000 0.150000 -0.675000
0.075000 0.150000 -0.600000
0.075000 0.150000 -0.525000
0.075000 0.150000 -0.450000
0.075000 0.150000 -0.375000
0.075000 0.150000 -0.300000
0.075000 0.150000 -0.225000
0.075000 0.150000 -0.150000
0.075000 0.150000 -0.075000
0.075000 0.150000 0.000000
0.075000 0.150000 0.075000
0.075000 0.150000 0.150000
0.075000 0.150000 0.225000
0.075000 0.150000 0.300000
0.075000 0.150000 0.375000
0.075000 0.150000 0.450000
0.075000 0.150000 0.525000
0.075000 0.150000 0.600000
0.075000 0.150000 0.675000
0.075000 0.150000 0.750000
0.075000 0.150000 0.825000
0.075000 0.150000 0.900000
0.075000 0.225000 -0.825000
0.075000 0.225000 -0.750000
0.075000 0.225000 -0.675000
0.075000 0.225000 -0.600000
0.075000 0.225000 -0.525000
0.075000 0.225000 -0.300000
0.075000 0.225000 -0.225000
0.075000 0.225000 -0.150000
0.075000 0.225000 -0.075000
0.075000 0.225000 0.000000
0.075000 0.225000 0.075000
0.075000 0.225000 0.150000
0.075000 0.225000 0.225000
0.075000 0.225000 0.300000
0.075000 0.225000 0.375000
0.075000 0.225000 0.450000
0.075000 0.225000 0.525000
0.075000 0.225000 0.600000
0.075000 0.225000 0.675000
0.075000 0.225000 0.750000
0.075000 0.225000 0.825000
0.075000 0.225000 0.900000
0.150000 -0.300000 -0.750000
0.150000 -0.300000 -0.675000
0.150000 -0.300000 -0.600000
0.150000 -0.300000 -0.525000
0.150000 -0.300000 -0.225000
0.150000 -0.300000 -0.150000
0.150000 -0.300000 -0.075000
0.150000 -0.300000 0.000000
0.150000 -0.300000 0.075000
0.150000 -0.300000 0.150000
0.150000 -0.300000 0.225000
0.150000 -0.300000 0.300000
0.150000 -0.300000 0.375000
0.150000 -0.300000 0.450000
0.150000 -0.300000 0.525000
0.150000 -0.300000 0.600000
0.150000 -0.300000 0.675000
0.150000 -0.300000 0.750000
0.150000 -0.300000 0.825000
0.150000 -0.300000 0.900000
0.150000 -0.225000 -0.825000
0.150000 -0.225000 -0.750000
0.150000 -0.225000 -0.675000
0.150000 -0.225000 -0.600000
0.150000 -0.225000 -0.525000
0.150000 -0.225000 -0.450000
0.150000 -0.225000 -0.300000
0.150000 -0.225000 -0.225000
0.150000 -0.225000 -0.150000
0.150000 -0.225000 -0.075000
0.150000 -0.225000 0.000000
0.150000 -0.225000 0.075000
0.150000 -0.225000 0.150000
0.150000 -0.225000 0.225000
0.150000 -0.225000 0.300000
0.150000 -0.225000 0.375000
0.150000 -0.225000 0.450000
0.150000 -0.225000 0.525000
0.150000 -0.225000 0.600000
0.150000 -0.225000 0.675000
0.150000 -0.225000 0.750000
0.150000 -0.225000 0.825000
0.150000 -0.225000 0.900000
0.150000 -0.150000 -0.825000
0.150000 -0.150000 -0.750000
0.150000 -0.150000 -0.675000
0.150000 -0.150000 -0.600000
0.150000 -0.150000 -0.525000
0.150000 -0.150000 -0.450000
0.150000 -0.150000 -0.375000
0.150000 -0.150000 -0.300000
0.150000 -0.150000 -0.225000
0.150000 -0.150000 -0.150000
0.150000 -0.150000 -0.075000
0.150000 -0.150000 0.000000
0.150000 -0.150000 0.075000
0.150000 -0.150000 0.150000
0.150000 -0.150000 0.225000
0.150000 -0.150000 0.300000
0.150000 -0.150000 0.375000
0.150000 -0.150000 0.450000
0.150000 -0.150000 0.525000
0.150000 -0.150000 0.600000
0.150000 -0.150000 0.675000
0.150000 -0.150000 0.750000
0.150000 -0.150000 0.825000
0.150000 -0.150000 0.900000
0.150000 -0.075000 -0.825000
0.150000 -0.075000 -0.750000
0.150000 -0.075000 -0.675000
0.150000 -0.075000 -0.525000
0.150000 -0.075000 -0.450000
0.150000 -0.075000 -0.375000
0.150000 -0.075000 -0.300000
0.150000 -0.075000 -0.225000
0.150000 -0.075000 -0.150000
0.150000 -0.075000 -0.075000
0.150000 -0.075000 0.000000
0.150000 -0.075000 0.825000
0.150000 -0.075000 0.900000
0.150000 0.000000 -0.825000
0.150000 0.000000 -0.750000
0.150000 0.000000 -0.675000
0.150000 0.000000 -0.600000
0.150000 0.000000 -0.525000
0.150000 0.000000 -0.450000
0.150000 0.000000 -0.375000
0.150000 0.000000 -0.300000
0.150000 0.000000 -0.225000
0.150000 0.000000 -0.150000
0.150000 0.000000 -0.075000
0.150000 0.000000 0.000000
0.150000 0.000000 0.075000
0.150000 0.000000 0.375000
0.150000 0.000000 0.450000
0.150000 0.000000 0.525000
0.150000 0.000000 0.825000
0.150000 0.000000 0.900000
0.150000 0.075000 -0.825000
0.150000 0.075000 -0.750000
0.150000 0.075000 -0.675000
0.150000 0.075000 -0.600000
0.150000 0.075000 -0.525000
0.150000 0.075000 -0.450000
0.150000 0.075000 -0.375000
0.150000 0.075000 -0.300000
0.150000 0.075000 -0.225000
0.150000 0.075000 -0.150000
0.150000 0.075000 -0.075000
0.150000 0.075000 0.000000
0.150000 0.075000 0.075000
0.150000 0.075000 0.150000
0.150000 0.075000 0.225000
0.150000 0.075000 0.300000
0.150000 0.075000 0.375000
0.150000 0.075000 0.450000
0.150000 0.075000 0.525000
0.150000 0.075000 0.600000
0.150000 0.075000 0.675000
0.150000 0.075000 0.750000
0.150000 0.075000 0.825000
0.150000 0.075000 0.900000
0.150000 0.150000 -0.825000
0.150000 0.150000 -0.750000
0.150000 0.150000 -0.675000
0.150000 0.150000 -0.600000
0.150000 0.150000 -0.525000
0.150000 0.150000 -0.450000
0.150000 0.150000 -0.300000
0.150000 0.150000 -0.225000
0.150000 0.150000 -0.150000
0.150000 0.150000 -0.075000
0.150000 0.150000 0.000000
0.150000 0.150000 0.075000
0.150000 0.150000 0.150000
0.150000 0.150000 0.225000
0.150000 0.150000 0.300000
0.150000 0.150000 0.375000
0.150000 0.150000 0.450000
0.150000 0.150000 0.525000
0.150000 0.150000 0.600000
0.150000 0.150000 0.675000
0.150000 0.150000 0.750000
0.150000 0.150000 0.825000
0.150000 0.150000 0.900000
0.150000 0.225000 -0.825000
0.150000 0.225000 -0.750000
0.150000 0.225000 -0.675000
0.150000 0.225000 -0.600000
0.150000 0.225000 -0.525000
0.150000 0.225000 -0.450000
0.150000 0.225000 -0.225000
0.150000 0.225000 -0.150000
0.150000 0.225000 -0.075000
0.150000 0.225000 0.000000
0.150000 0.225000 0.075000
0.150000 0.225000 0.150000
0.150000 0.225000 0.225000
0.150000 0.225000 0.300000
0.150000 0.225000 0.375000
0.150000 0.225000 0.450000
0.150000 0.225000 0.525000
0.150000 0.225000 0.600000
0.150000 0.225000 0.675000
0.150000 0.225000 0.750000
0.150000 0.225000 0.825000
0.150000 0.225000 0.900000
0.225000 -0.300000 -0.750000
0.225000 -0.300000 -0.675000
0.225000 -0.300000 -0.600000
0.225000 -0.300000 -0.525000
0.225000 -0.300000 -0.450000
0.225000 -0.300000 -0.150000
0.225000 -0.300000 -0.075000
0.225000 -0.300000 0.000000
0.225000 -0.300000 0.075000
0.225000 -0.300000 0.150000
0.225000 -0.300000 0.225000
0.225000 -0.300000 0.300000
0.225000 -0.300000 0.375000
0.225000 -0.300000 0.450000
0.225000 -0.300000 0.525000
0.225000 -0.300000 0.600000
0.225000 -0.300000 0.675000
0.225000 -0.300000 0.750000
0.225000 -0.300000 0.825000
0.225000 -0.225000 -0.825000
0.225000 -0.225000 -0.750000
0.225000 -0.225000 -0.675000
0.225000 -0.225000 -0.600000
0.225000 -0.225000 -0.525000
0.225000 -0.225000 -0.450000
0.225000 -0.225000 -0.150000
0.225000 -0.225000 -0.075000
0.225000 -0.225000 0.000000
0.225000 -0.225000 0.075000
0.225000 -0.225000 0.150000
0.225000 -0.225000 0.225000
0.225000 -0.225000 0.300000
0.225000 -0.225000 0.375000
0.225000 -0.225000 0.450000
0.225000 -0.225000 0.525000
0.225000 -0.225000 0.600000
0.225000 -0.225000 0.675000
0.225000 -0.225000 0.750000
0.225000 -0.225000 0.825000
0.225000 -0.225000 0.900000
0.225000 -0.150000 -0.825000
0.225000 -0.150000 -0.750000
0.225000 -0.150000 -0.675000
0.225000 -0.150000 -0.600000
0.225000 -0.150000 -0.525000
0.225000 -0.150000 -0.450000
0.225000 -0.150000 -0.375000
0.225000 -0.150000 -0.225000
0.225000 -0.150000 -0.150000
0.225000 -0.150000 -0.075000
0.225000 -0.150000 0.000000
0.225000 -0.150000 0.075000
0.225000 -0.150000 0.150000
0.225000 -0.150000 0.225000
0.225000 -0.150000 0.300000
0.225000 -0.150000 0.375000
0.225000 -0.150000 0.450000
0.225000 -0.150000 0.525000
0.225000 -0.150000 0.600000
0.225000 -0.150000 0.675000
0.225000 -0.150000 0.750000
0.225000 -0.150000 0.825000
0.225000 -0.150000 0.900000
0.225000 -0.075000 -0.825000
0.225000 -0.075000 -0.750000
0.225000 -0.075000 -0.675000
0.225000 -0.075000 -0.525000
0.225000 -0.075000 -0.450000
0.225000 -0.075000 -0.375000
0.225000 -0.075000 -0.225000
0.225000 -0.075000 -0.150000
0.225000 -0.075000 -0.075000
0.225000 -0.075000 0.000000
0.225000 -0.075000 0.075000
0.225000 -0.075000 0.150000
0.225000 -0.075000 0.225000
0.225000 -0.075000 0.300000
0.225000 -0.075000 0.375000
0.225000 -0.075000 0.450000
0.225000 -0.075000 0.525000
0.225000 -0.075000 0.600000
0.225000 -0.075000 0.675000
0.225000 -0.075000 0.750000
0.225000 -0.075000 0.825000
0.225000 -0.075000 0.900000
0.225000 0.000000 -0.825000
0.225000 0.000000 -0.750000
0.225000 0.000000 -0.675000
0.225000 0.000000 -0.525000
0.225000 0.000000 -0.450000
0.225000 0.000000 -0.375000
0.225000 0.000000 -0.225000
0.225000 0.000000 -0.150000
0.225000 0.000000 -0.075000
0.225000 0.000000 0.000000
0.225000 0.000000 0.075000
0.225000 0.000000 0.150000
0.225000 0.000000 0.225000
0.225000 0.000000 0.300000
0.225000 0.000000 0.375000
0.225000 0.000000 0.450000
0.225000 0.000000 0.525000
0.225000 0.000000 0.600000
0.225000 0.000000 0.675000
0.225000 0.000000 0.750000
0.225000 0.000000 0.825000
0.225000 0.000000 0.900000
0.225000 0.075000 -0.825000
0.225000 0.075000 -0.750000
0.225000 0.075000 -0.675000
0.225000 0.075000 -0.600000
0.225000 0.075000 -0.525000
0.225000 0.075000 -0.450000
0.225000 0.075000 -0.375000
0.225000 0.075000 -0.225000
0.225000 0.075000 -0.150000
0.225000 0.075000 -0.075000
0.225000 0.075000 0.000000
0.225000 0.075000 0.075000
0.225000 0.075000 0.150000
0.225000 0.075000 0.225000
0.225000 0.075000 0.300000
0.225000 0.075000 0.375000
0.225000 0.075000 0.450000
0.225000 0.075000 0.525000
0.225000 0.075000 0.600000
0.225000 0.075000 0.675000
0.225000 0.075000 0.750000
0.225000 0.075000 0.825000
0.225000 0.075000 0.900000
0.225000 0.150000 -0.825000
0.225000 0.150000 -0.750000
0.225000 0.150000 -0.675000
0.225000 0.150000 -0.600000
0.225000 0.150000 -0.525000
0.225000 0.150000 -0.450000
0.225000 0.150000 -0.375000
0.225000 0.150000 -0.225000
0.225000 0.150000 -0.150000
0.225000 0.150000 -0.075000
0.225000 0.150000 0.000000
0.225000 0.150000 0.075000
0.225000 0.150000 0.150000
0.225000 0.150000 0.225000
0.225000 0.150000 0.300000
0.225000 0.150000 0.375000
0.225000 0.150000 0.450000
0.225000 0.150000 0.525000
0.225000 0.150000 0.600000
0.225000 0.150000 0.675000
0.225000 0.150000 0.750000
0.225000 0.150000 0.825000
0.225000 0.150000 0.900000
0.225000 0.225000 -0.750000
0.225000 0.225000 -0.675000
0.225000 0.225000 -0.600000
0.225000 0.225000 -0.525000
0.225000 0.225000 -0.450000
0.225000 0.225000 -0.150000
0.225000 0.225000 -0.075000
0.225000 0.225000 0.000000
0.225000 0.225000 0.075000
0.225000 0.225000 0.150000
0.225000 0.225000 0.225000
0.225000 0.225000 0.300000
0.225000 0.225000 0.375000
0.225000 0.225000 0.450000
0.225000 0.225000 0.525000
0.225000 0.225000 0.600000
0.225000 0.225000 0.675000
0.225000 0.225000 0.750000
0.225000 0.225000 0.825000
0.225000 0.225000 0.900000
0.300000 -0.300000 -0.750000
0.300000 -0.300000 -0.675000
0.300000 -0.300000 -0.600000
0.300000 -0.300000 -0.525000
0.300000 -0.300000 -0.450000
0.300000 -0.300000 0.000000
0.300000 -0.300000 0.075000
0.300000 -0.300000 0.150000
0.300000 -0.300000 0.225000
0.300000 -0.300000 0.300000
0.300000 -0.300000 0.450000
0.300000 -0.300000 0.525000
0.300000 -0.225000 -0.750000
0.300000 -0.225000 -0.675000
0.300000 -0.225000 -0.600000
0.300000 -0.225000 -0.525000
0.300000 -0.225000 -0.450000
0.300000 -0.225000 -0.375000
0.300000 -0.225000 -0.075000
0.300000 -0.225000 0.000000
0.300000 -0.225000 0.075000
0.300000 -0.225000 0.150000
0.300000 -0.225000 0.225000
0.300000 -0.225000 0.300000
0.300000 -0.225000 0.375000
0.300000 -0.225000 0.450000
0.300000 -0.225000 0.525000
0.300000 -0.225000 0.600000
0.300000 -0.225000 0.675000
0.300000 -0.225000 0.750000
0.300000 -0.225000 0.825000
0.300000 -0.225000 0.900000
0.300000 -0.150000 -0.750000
0.300000 -0.150000 -0.675000
0.300000 -0.150000 -0.600000
0.300000 -0.150000 -0.525000
0.300000 -0.150000 -0.450000
0.300000 -0.150000 -0.375000
0.300000 -0.150000 -0.150000
0.300000 -0.150000 -0.075000
0.300000 -0.150000 0.000000
0.300000 -0.150000 0.075000
0.300000 -0.150000 0.150000
0.300000 -0.150000 0.225000
0.300000 -0.150000 0.300000
0.300000 -0.150000 0.375000
0.300000 -0.150000 0.450000
0.300000 -0.150000 0.525000
0.300000 -0.150000 0.600000
0.300000 -0.150000 0.675000
0.300000 -0.150000 0.750000
0.300000 -0.150000 0.825000
0.300000 -0.150000 0.900000
0.300000 -0.075000 -0.750000
0.300000 -0.075000 -0.675000
0.300000 -0.075000 -0.600000
0.300000 -0.075000 -0.525000
0.300000 -0.075000 -0.450000
0.300000 -0.075000 -0.375000
0.300000 -0.075000 -0.150000
0.300000 -0.075000 -0.075000
0.300000 -0.075000 0.000000
0.300000 -0.075000 0.075000
0.300000 -0.075000 0.150000
0.300000 -0.075000 0.225000
0.300000 -0.075000 0.300000
0.300000 -0.075000 0.375000
0.300000 -0.075000 0.450000
0.300000 -0.075000 0.525000
0.300000 -0.075000 0.600000
0.300000 -0.075000 0.675000
0.300000 -0.075000 0.750000
0.300000 -0.075000 0.825000
0.300000 -0.075000 0.900000
0.300000 0.000000 -0.750000
0.300000 0.000000 -0.675000
0.300000 0.000000 -0.600000
0.300000 0.000000 -0.525000
0.300000 0.000000 -0.450000
0.300000 0.000000 -0.375000
0.300000 0.000000 -0.150000
0.300000 0.000000 -0.075000
0.300000 0.000000 0.000000
0.300000 0.000000 0.075000
0.300000 0.000000 0.150000
0.300000 0.000000 0.225000
0.300000 0.000000 0.300000
0.300000 0.000000 0.375000
0.300000 0.000000 0.450000
0.300000 0.000000 0.525000
0.300000 0.000000 0.600000
0.300000 0.000000 0.675000
0.300000 0.000000 0.750000
0.300000 0.000000 0.825000
0.300000 0.000000 0.900000
0.300000 0.075000 -0.750000
0.300000 0.075000 -0.675000
0.300000 0.075000 -0.600000
0.300000 0.075000 -0.525000
0.300000 0.075000 -0.450000
0.300000 0.075000 -0.375000
0.300000 0.075000 -0.150000
0.300000 0.075000 -0.075000
0.300000 0.075000 0.000000
0.300000 0.075000 0.075000
0.300000 0.075000 0.150000
0.300000 0.075000 0.225000
0.300000 0.075000 0.300000
0.300000 0.075000 0.375000
0.300000 0.075000 0.450000
0.300000 0.075000 0.525000
0.300000 0.075000 0.600000
0.300000 0.075000 0.675000
0.300000 0.075000 0.750000
0.300000 0.075000 0.825000
0.300000 0.075000 0.900000
0.300000 0.150000 -0.750000
0.300000 0.150000 -0.675000
0.300000 0.150000 -0.600000
0.300000 0.150000 -0.525000
0.300000 0.150000 -0.450000
0.300000 0.150000 -0.375000
0.300000 0.150000 0.000000
0.300000 0.150000 0.075000
0.300000 0.150000 0.150000
0.300000 0.150000 0.225000
0.300000 0.150000 0.300000
0.300000 0.150000 0.375000
0.300000 0.150000 0.450000
0.300000 0.150000 0.525000
0.300000 0.150000 0.600000
0.300000 0.150000 0.675000
0.300000 0.150000 0.750000
0.300000 0.150000 0.825000
0.300000 0.150000 0.900000
0.300000 0.225000 -0.750000
0.300000 0.225000 -0.675000
0.300000 0.225000 -0.600000
0.300000 0.225000 -0.525000
0.300000 0.225000 -0.450000
0.300000 0.225000 0.075000
0.300000 0.225000 0.150000
0.300000 0.225000 0.225000
0.300000 0.225000 0.300000
0.300000 0.225000 0.450000
0.300000 0.225000 0.525000
0.375000 -0.300000 -0.675000
0.375000 -0.300000 -0.600000
0.375000 -0.300000 -0.525000
0.375000 -0.300000 -0.450000
0.375000 -0.225000 -0.750000
0.375000 -0.225000 -0.675000
0.375000 -0.225000 -0.600000
0.375000 -0.225000 -0.525000
0.375000 -0.225000 -0.450000
0.375000 -0.225000 -0.375000
0.375000 -0.150000 -0.750000
0.375000 -0.150000 -0.675000
0.375000 -0.150000 -0.600000
0.375000 -0.150000 -0.525000
0.375000 -0.150000 -0.450000
0.375000 -0.150000 -0.375000
0.375000 -0.075000 -0.750000
0.375000 -0.075000 -0.675000
0.375000 -0.075000 -0.600000
0.375000 -0.075000 -0.525000
0.375000 -0.075000 -0.450000
0.375000 -0.075000 -0.375000
0.375000 -0.075000 0.225000
0.375000 -0.075000 0.300000
0.375000 0.000000 -0.750000
0.375000 0.000000 -0.675000
0.375000 0.000000 -0.600000
0.375000 0.000000 -0.450000
0.375000 0.000000 -0.375000
0.375000 0.000000 -0.300000
0.375000 0.000000 0.225000
0.375000 0.000000 0.300000
0.375000 0.075000 -0.750000
0.375000 0.075000 -0.675000
0.375000 0.075000 -0.600000
0.375000 0.075000 -0.525000
0.375000 0.075000 -0.450000
0.375000 0.075000 -0.375000
0.375000 0.075000 -0.300000
0.375000 0.075000 0.225000
0.375000 0.075000 0.300000
0.375000 0.150000 -0.750000
0.375000 0.150000 -0.675000
0.375000 0.150000 -0.600000
0.375000 0.150000 -0.525000
0.375000 0.150000 -0.450000
0.375000 0.150000 -0.375000
0.375000 0.225000 -0.675000
0.375000 0.225000 -0.600000
0.375000 0.225000 -0.525000
0.375000 0.225000 -0.450000
0.375000 0.225000 -0.375000
0.450000 -0.300000 -0.675000
0.450000 -0.300000 -0.600000
0.450000 -0.300000 -0.525000
0.450000 -0.300000 -0.450000
0.450000 -0.300000 -0.375000
0.450000 -0.225000 -0.675000
0.450000 -0.225000 -0.600000
0.450000 -0.225000 -0.525000
0.450000 -0.225000 -0.450000
0.450000 -0.225000 -0.375000
0.450000 -0.150000 -0.675000
0.450000 -0.150000 -0.600000
0.450000 -0.150000 -0.525000
0.450000 -0.150000 -0.450000
0.450000 -0.150000 -0.375000
0.450000 -0.150000 -0.300000
0.450000 -0.075000 -0.675000
0.450000 -0.075000 -0.600000
0.450000 -0.075000 -0.450000
0.450000 -0.075000 -0.375000
0.450000 -0.075000 -0.300000
0.450000 0.000000 -0.675000
0.450000 0.000000 -0.600000
0.450000 0.000000 -0.450000
0.450000 0.000000 -0.375000
0.450000 0.000000 -0.300000
0.450000 0.075000 -0.675000
0.450000 0.075000 -0.600000
0.450000 0.075000 -0.525000
0.450000 0.075000 -0.450000
0.450000 0.075000 -0.375000
0.450000 0.075000 -0.300000
0.450000 0.150000 -0.675000
0.450000 0.150000 -0.600000
0.450000 0.150000 -0.525000
0.450000 0.150000 -0.450000
0.450000 0.150000 -0.375000
0.450000 0.150000 -0.300000
0.450000 0.225000 -0.675000
0.450000 0.225000 -0.600000
0.450000 0.225000 -0.525000
0.450000 0.225000 -0.450000
0.450000 0.225000 -0.375000
0.525000 -0.300000 -0.600000
0.525000 -0.300000 -0.525000
0.525000 -0.300000 -0.450000
0.525000 -0.300000 -0.375000
0.525000 -0.225000 -0.675000
0.525000 -0.225000 -0.600000
0.525000 -0.225000 -0.525000
0.525000 -0.225000 -0.450000
0.525000 -0.225000 -0.375000
0.525000 -0.150000 -0.675000
0.525000 -0.150000 -0.600000
0.525000 -0.150000 -0.525000
0.525000 -0.150000 -0.450000
0.525000 -0.150000 -0.375000
0.525000 -0.150000 -0.300000
0.525000 -0.075000 -0.675000
0.525000 -0.075000 -0.600000
0.525000 -0.075000 -0.450000
0.525000 -0.075000 -0.375000
0.525000 -0.075000 -0.300000
0.525000 0.000000 -0.675000
0.525000 0.000000 -0.600000
0.525000 0.000000 -0.525000
0.525000 0.000000 -0.450000
0.525000 0.000000 -0.375000
0.525000 0.000000 -0.300000
0.525000 0.075000 -0.675000
0.525000 0.075000 -0.600000
0.525000 0.075000 -0.525000
0.525000 0.075000 -0.450000
0.525000 0.075000 -0.375000
0.525000 0.075000 -0.300000
0.525000 0.150000 -0.675000
0.525000 0.150000 -0.600000
0.525000 0.150000 -0.525000
0.525000 0.150000 -0.450000
0.525000 0.150000 -0.375000
0.525000 0.150000 -0.300000
0.525000 0.225000 -0.600000
0.525000 0.225000 -0.525000
0.525000 0.225000 -0.450000
0.525000 0.225000 -0.375000
0.600000 -0.300000 -0.600000
0.600000 -0.300000 -0.525000
0.600000 -0.300000 -0.450000
0.600000 -0.300000 -0.375000
0.600000 -0.225000 -0.675000
0.600000 -0.225000 -0.600000
0.600000 -0.225000 -0.525000
0.600000 -0.225000 -0.450000
0.600000 -0.225000 -0.375000
0.600000 -0.150000 -0.675000
0.600000 -0.150000 -0.600000
0.600000 -0.150000 -0.525000
0.600000 -0.150000 -0.450000
0.600000 -0.150000 -0.375000
0.600000 -0.150000 -0.300000
0.600000 -0.075000 -0.675000
0.600000 -0.075000 -0.600000
0.600000 -0.075000 -0.525000
0.600000 -0.075000 -0.450000
0.600000 -0.075000 -0.375000
0.600000 -0.075000 -0.300000
0.600000 0.000000 -0.675000
0.600000 0.000000 -0.600000
0.600000 0.000000 -0.525000
0.600000 0.000000 -0.450000
0.600000 0.000000 -0.375000
0.600000 0.000000 -0.300000
0.600000 0.075000 -0.675000
0.600000 0.075000 -0.600000
0.600000 0.075000 -0.525000
0.600000 0.075000 -0.450000
0.600000 0.075000 -0.375000
0.600000 0.075000 -0.300000
0.600000 0.150000 -0.675000
0.600000 0.150000 -0.600000
0.600000 0.150000 -0.525000
0.600000 0.150000 -0.450000
0.600000 0.150000 -0.375000
0.600000 0.150000 -0.300000
0.600000 0.225000 -0.600000
0.600000 0.225000 -0.525000
0.600000 0.225000 -0.450000
0.600000 0.225000 -0.375000
0.675000 -0.300000 -0.600000
0.675000 -0.300000 -0.525000
0.675000 -0.300000 -0.450000
0.675000 -0.300000 -0.375000
0.675000 -0.225000 -0.600000
0.675000 -0.225000 -0.525000
0.675000 -0.225000 -0.450000
0.675000 -0.225000 -0.375000
0.675000 -0.150000 -0.675000
0.675000 -0.150000 -0.600000
0.675000 -0.150000 -0.525000
0.675000 -0.150000 -0.450000
0.675000 -0.150000 -0.375000
0.675000 -0.150000 -0.300000
0.675000 -0.075000 -0.675000
0.675000 -0.075000 -0.600000
0.675000 -0.075000 -0.525000
0.675000 -0.075000 -0.450000
0.675000 -0.075000 -0.375000
0.675000 -0.075000 -0.300000
0.675000 0.000000 -0.675000
0.675000 0.000000 -0.600000
0.675000 0.000000 -0.525000
0.675000 0.000000 -0.450000
0.675000 0.000000 -0.375000
0.675000 0.000000 -0.300000
0.675000 0.075000 -0.675000
0.675000 0.075000 -0.600000
0.675000 0.075000 -0.525000
0.675000 0.075000 -0.450000
0.675000 0.075000 -0.375000
0.675000 0.075000 -0.300000
0.675000 0.150000 -0.600000
0.675000 0.150000 -0.525000
0.675000 0.150000 -0.450000
0.675000 0.150000 -0.375000
0.675000 0.150000 -0.300000
0.675000 0.225000 -0.600000
0.675000 0.225000 -0.525000
0.675000 0.225000 -0.450000
0.675000 0.225000 -0.375000
0.750000 -0.225000 -0.600000
0.750000 -0.225000 -0.525000
0.750000 -0.225000 -0.450000
0.750000 -0.225000 -0.375000
0.750000 -0.150000 -0.600000
0.750000 -0.150000 -0.525000
0.750000 -0.150000 -0.450000
0.750000 -0.150000 -0.375000
0.750000 -0.150000 -0.300000
0.750000 -0.075000 -0.600000
0.750000 -0.075000 -0.525000
0.750000 -0.075000 -0.450000
0.750000 -0.075000 -0.375000
0.750000 -0.075000 -0.300000
0.750000 0.000000 -0.600000
0.750000 0.000000 -0.525000
0.750000 0.000000 -0.450000
0.750000 0.000000 -0.375000
0.750000 0.000000 -0.300000
0.750000 0.075000 -0.600000
0.750000 0.075000 -0.525000
0.750000 0.075000 -0.450000
0.750000 0.075000 -0.375000
0.750000 0.075000 -0.300000
0.750000 0.150000 -0.600000
0.750000 0.150000 -0.525000
0.750000 0.150000 -0.450000
0.750000 0.150000 -0.375000
4 0 4 40 33
4 1 34 41 5
4 0 33 34 1
4 40 4 5 41
4 0 1 5 4
4 33 40 41 34
4 1 5 41 34
4 2 35 42 6
4 1 34 35 2
4 41 5 6 42
4 1 2 6 5
4 34 41 42 35
4 2 6 42 35
4 3 36 43 7
4 2 35 36 3
4 42 6 7 43
4 2 3 7 6
4 35 42 43 36
4 4 9 47 40
4 5 41 48 10
4 4 40 41 5
4 47 9 10 48
4 4 5 10 9
4 40 47 48 41
4 5 10 48 41
4 6 42 49 11
4 5 41 42 6
4 48 10 11 49
4 5 6 11 10
4 41 48 49 42
4 6 11 49 42
4 7 43 50 12
4 6 42 43 7
4 49 11 12 50
4 6 7 12 11
4 42 49 50 43
4 7 12 50 43
4 8 44 51 13
4 7 43 44 8
4 50 12 13 51
4 7 8 13 12
4 43 50 51 44
4 9 14 55 47
4 10 48 56 15
4 9 47 48 10
4 55 14 15 56
4 9 10 15 14
4 47 55 56 48
4 10 15 56 48
4 11 49 57 16
4 10 48 49 11
4 56 15 16 57
4 10 11 16 15
4 48 56 57 49
4 11 16 57 49
4 12 50 58 17
4 11 49 50 12
4 57 16 17 58
4 11 12 17 16
4 49 57 58 50
4 12 17 58 50
4 13 51 59 18
4 12 50 51 13
4 58 17 18 59
4 12 13 18 17
4 50 58 59 51
4 14 19 63 55
4 15 56 64 20
4 14 55 56 15
4 63 19 20 64
4 14 15 20 19
4 55 63 64 56
4 15 20 64 56
4 16 57 65 21
4 15 56 57 16
4 64 20 21 65
4 15 16 21 20
4 56 64 65 57
4 16 21 65 57
4 17 58 66 22
4 16 57 58 17
4 65 21 22 66
4 16 17 22 21
4 57 65 66 58
4 19 23 70 63
4 20 64 71 24
4 19 63 64 20
4 70 23 24 71
4 19 20 24 23
4 63 70 71 64
4 20 24 71 64
4 21 65 72 25
4 20 64 65 21
4 71 24 25 72
4 20 21 25 24
4 64 71 72 65
4 21 25 72 65
4 22 66 73 26
4 21 65 66 22
4 72 25 26 73
4 21 22 26 25
4 65 72 73 66
4 27 33 92 85
4 28 86 93 34
4 27 85 86 28
4 92 33 34 93
4 27 28 34 33
4 85 92 93 86
4 28 34 93 86
4 29 87 94 35
4 28 86 87 29
4 93 34 35 94
4 28 29 35 34
4 86 93 94 87
4 29 35 94 87
4 30 88 95 36
4 29 87 88 30
4 94 35 36 95
4 29 30 36 35
4 87 94 95 88
4 30 36 95 88
4 31 89 96 37
4 30 88 89 31
4 95 36 37 96
4 30 31 37 36
4 88 95 96 89
4 31 37 96 89
4 32 90 97 38
4 31 89 90 32
4 96 37 38 97
4 31 32 38 37
4 89 96 97 90
4 33 40 100 92
4 34 93 101 41
4 33 92 93 34
4 100 40 41 101
4 33 34 41 40
4 92 100 101 93
4 34 41 101 93
4 35 94 102 42
4 34 93 94 35
4 101 41 42 102
4 34 35 42 41
4 93 101 102 94
4 35 42 102 94
4 36 95 103 43
4 35 94 95 36
4 102 42 43 103
4 35 36 43 42
4 94 102 103 95
4 36 43 103 95
4 37 96 104 44
4 36 95 96 37
4 103 43 44 104
4 36 37 44 43
4 95 103 104 96
4 37 44 104 96
4 38 97 105 45
4 37 96 97 38
4 104 44 45 105
4 37 38 45 44
4 96 104 105 97
4 38 45 105 97
4 39 98 106 46
4 38 97 98 39
4 105 45 46 106
4 38 39 46 45
4 97 105 106 98
4 40 47 108 100
4 41 101 109 48
4 40 100 101 41
4 108 47 48 109
4 40 41 48 47
4 100 108 109 101
4 43 50 110 103
4 44 104 111 51
4 43 103 104 44
4 110 50 51 111
4 43 44 51 50
4 103 110 111 104
4 44 51 111 104
4 45 105 112 52
4 44 104 105 45
4 111 51 52 112
4 44 45 52 51
4 104 111 112 105
4 45 52 112 105
4 46 106 113 53
4 45 105 106 46
4 112 52 53 113
4 45 46 53 52
4 105 112 113 106
4 47 55 115 108
4 48 109 116 56
4 47 108 109 48
4 115 55 56 116
4 47 48 56 55
4 108 115 116 109
4 50 58 117 110
4 51 111 118 59
4 50 110 111 51
4 117 58 59 118
4 50 51 59 58
4 110 117 118 111
4 51 59 118 111
4 52 112 119 60
4 51 111 112 52
4 118 59 60 119
4 51 52 60 59
4 111 118 119 112
4 52 60 119 112
4 53 113 120 61
4 52 112 113 53
4 119 60 61 120
4 52 53 61 60
4 112 119 120 113
4 53 61 120 113
4 54 114 121 62
4 53 113 114 54
4 120 61 62 121
4 53 54 62 61
4 113 120 121 114
4 55 63 122 115
4 56 116 123 64
4 55 115 116 56
4 122 63 64 123
4 55 56 64 63
4 115 122 123 116
4 58 66 125 117
4 59 118 126 67
4 58 117 118 59
4 125 66 67 126
4 58 59 67 66
4 117 125 126 118
4 59 67 126 118
4 60 119 127 68
4 59 118 119 60
4 126 67 68 127
4 59 60 68 67
4 118 126 127 119
4 60 68 127 119
4 61 120 128 69
4 60 119 120 61
4 127 68 69 128
4 60 61 69 68
4 119 127 128 120
4 63 70 130 122
4 64 123 131 71
4 63 122 123 64
4 130 70 71 131
4 63 64 71 70
4 122 130 131 123
4 64 71 131 123
4 65 124 132 72
4 64 123 124 65
4 131 71 72 132
4 64 65 72 71
4 123 131 132 124
4 65 72 132 124
4 66 125 133 73
4 65 124 125 66
4 132 72 73 133
4 65 66 73 72
4 124 132 133 125
4 66 73 133 125
4 67 126 134 74
4 66 125 126 67
4 133 73 74 134
4 66 67 74 73
4 125 133 134 126
4 67 74 134 126
4 68 127 135 75
4 67 126 127 68
4 134 74 75 135
4 67 68 75 74
4 126 134 135 127
4 70 76 137 130
4 71 131 138 77
4 70 130 131 71
4 137 76 77 138
4 70 71 77 76
4 130 137 138 131
4 71 77 138 131
4 72 132 139 78
4 71 131 132 72
4 138 77 78 139
4 71 72 78 77
4 131 138 139 132
4 72 78 139 132
4 73 133 140 79
4 72 132 133 73
4 139 78 79 140
4 72 73 79 78
4 132 139 140 133
4 73 79 140 133
4 74 134 141 80
4 73 133 134 74
4 140 79 80 141
4 73 74 80 79
4 133 140 141 134
4 74 80 141 134
4 75 135 142 81
4 74 134 135 75
4 141 80 81 142
4 74 75 81 80
4 134 141 142 135
4 82 87 150 144
4 83 145 151 88
4 82 144 145 83
4 150 87 88 151
4 82 83 88 87
4 144 150 151 145
4 83 88 151 145
4 84 146 152 89
4 83 145 146 84
4 151 88 89 152
4 83 84 89 88
4 145 151 152 146
4 85 92 156 148
4 86 149 157 93
4 85 148 149 86
4 156 92 93 157
4 85 86 93 92
4 148 156 157 149
4 86 93 157 149
4 87 150 158 94
4 86 149 150 87
4 157 93 94 158
4 86 87 94 93
4 149 157 158 150
4 87 94 158 150
4 88 151 159 95
4 87 150 151 88
4 158 94 95 159
4 87 88 95 94
4 150 158 159 151
4 88 95 159 151
4 89 152 160 96
4 88 151 152 89
4 159 95 96 160
4 88 89 96 95
4 151 159 160 152
4 89 96 160 152
4 90 153 161 97
4 89 152 153 90
4 160 96 97 161
4 89 90 97 96
4 152 160 161 153
4 90 97 161 153
4 91 154 162 98
4 90 153 154 91
4 161 97 98 162
4 90 91 98 97
4 153 161 162 154
4 92 100 164 156
4 93 157 165 101
4 92 156 157 93
4 164 100 101 165
4 92 93 101 100
4 156 164 165 157
4 95 103 166 159
4 96 160 167 104
4 95 159 160 96
4 166 103 104 167
4 95 96 104 103
4 159 166 167 160
4 96 104 167 160
4 97 161 168 105
4 96 160 161 97
4 167 104 105 168
4 96 97 105 104
4 160 167 168 161
4 97 105 168 161
4 98 162 169 106
4 97 161 162 98
4 168 105 106 169
4 97 98 106 105
4 161 168 169 162
4 98 106 169 162
4 99 163 170 107
4 98 162 163 99
4 169 106 107 170
4 98 99 107 106
4 162 169 170 163
4 100 108 172 164
4 101 165 173 109
4 100 164 165 101
4 172 108 109 173
4 100 101 109 108
4 164 172 173 165
4 105 112 174 168
4 106 169 175 113
4 105 168 169 106
4 174 112 113 175
4 105 106 113 112
4 168 174 175 169
4 106 113 175 169
4 107 170 176 114
4 106 169 170 107
4 175 113 114 176
4 106 107 114 113
4 169 175 176 170
4 108 115 178 172
4 109 173 179 116
4 108 172 173 109
4 178 115 116 179
4 108 109 116 115
4 172 178 179 173
4 112 119 181 174
4 113 175 182 120
4 112 174 175 113
4 181 119 120 182
4 112 113 120 119
4 174 181 182 175
4 113 120 182 175
4 114 176 183 121
4 113 175 176 114
4 182 120 121 183
4 113 114 121 120
4 175 182 183 176
4 115 122 185 178
4 116 179 186 123
4 115 178 179 116
4 185 122 123 186
4 115 116 123 122
4 178 185 186 179
4 118 126 187 180
4 119 181 188 127
4 118 180 181 119
4 187 126 127 188
4 118 119 127 126
4 180 187 188 181
4 119 127 188 181
4 120 182 189 128
4 119 181 182 120
4 188 127 128 189
4 119 120 128 127
4 181 188 189 182
4 120 128 189 182
4 121 183 190 129
4 120 182 183 121
4 189 128 129 190
4 120 121 129 128
4 182 189 190 183
4 122 130 192 185
4 123 186 193 131
4 122 185 186 123
4 192 130 131 193
4 122 123 131 130
4 185 192 193 186
4 126 134 196 187
4 127 188 197 135
4 126 187 188 127
4 196 134 135 197
4 126 127 135 134
4 187 196 197 188
4 127 135 197 188
4 128 189 198 136
4 127 188 189 128
4 197 135 136 198
4 127 128 136 135
4 188 197 198 189
4 130 137 201 192
4 131 193 202 138
4 130 192 193 131
4 201 137 138 202
4 130 131 138 137
4 192 201 202 193
4 131 138 202 193
4 132 194 203 139
4 131 193 194 132
4 202 138 139 203
4 131 132 139 138
4 193 202 203 194
4 132 139 203 194
4 133 195 204 140
4 132 194 195 133
4 203 139 140 204
4 132 133 140 139
4 194 203 204 195
4 133 140 204 195
4 134 196 205 141
4 133 195 196 134
4 204 140 141 205
4 133 134 141 140
4 195 204 205 196
4 134 141 205 196
4 135 197 206 142
4 134 196 197 135
4 205 141 142 206
4 134 135 142 141
4 196 205 206 197
4 135 142 206 197
4 136 198 207 143
4 135 197 198 136
4 206 142 143 207
4 135 136 143 142
4 197 206 207 198
4 144 150 220 214
4 145 215 221 151
4 144 214 215 145
4 220 150 151 221
4 144 145 151 150
4 214 220 221 215
4 145 151 221 215
4 146 216 222 152
4 145 215 216 146
4 221 151 152 222
4 145 146 152 151
4 215 221 222 216
4 146 152 222 216
4 147 217 223 153
4 146 216 217 147
4 222 152 153 223
4 146 147 153 152
4 216 222 223 217
4 148 156 231 218
4 149 219 232 157
4 148 218 219 149
4 231 156 157 232
4 148 149 157 156
4 218 231 232 219
4 149 157 232 219
4 150 220 233 158
4 149 219 220 150
4 232 157 158 233
4 149 150 158 157
4 219 232 233 220
4 150 158 233 220
4 151 221 234 159
4 150 220 221 151
4 233 158 159 234
4 150 151 159 158
4 220 233 234 221
4 151 159 234 221
4 152 222 235 160
4 151 221 222 152
4 234 159 160 235
4 151 152 160 159
4 221 234 235 222
4 152 160 235 222
4 153 223 236 161
4 152 222 223 153
4 235 160 161 236
4 152 153 161 160
4 222 235 236 223
4 153 161 236 223
4 154 224 237 162
4 153 223 224 154
4 236 161 162 237
4 153 154 162 161
4 223 236 237 224
4 154 162 237 224
4 155 225 238 163
4 154 224 225 155
4 237 162 163 238
4 154 155 163 162
4 224 237 238 225
4 156 164 247 231
4 157 232 248 165
4 156 231 232 157
4 247 164 165 248
4 156 157 165 164
4 231 247 248 232
4 161 168 249 236
4 162 237 250 169
4 161 236 237 162
4 249 168 169 250
4 161 162 169 168
4 236 249 250 237
4 162 169 250 237
4 163 238 251 170
4 162 237 238 163
4 250 169 170 251
4 162 163 170 169
4 237 250 251 238
4 164 172 260 247
4 165 248 261 173
4 164 247 248 165
4 260 172 173 261
4 164 165 173 172
4 247 260 261 248
4 169 175 262 250
4 170 251 263 176
4 169 250 251 170
4 262 175 176 263
4 169 170 176 175
4 250 262 263 251
4 170 176 263 251
4 171 252 264 177
4 170 251 252 171
4 263 176 177 264
4 170 171 177 176
4 251 263 264 252
4 172 178 272 260
4 173 261 273 179
4 172 260 261 173
4 272 178 179 273
4 172 173 179 178
4 260 272 273 261
4 175 182 275 262
4 176 263 276 183
4 175 262 263 176
4 275 182 183 276
4 175 176 183 182
4 262 275 276 263
4 176 183 276 263
4 177 264 277 184
4 176 263 264 177
4 276 183 184 277
4 176 177 184 183
4 263 276 277 264
4 178 185 285 272
4 179 273 286 186
4 178 272 273 179
4 285 185 186 286
4 178 179 186 185
4 272 285 286 273
4 181 188 287 274
4 182 275 288 189
4 181 274 275 182
4 287 188 189 288
4 181 182 189 188
4 274 287 288 275
4 182 189 288 275
4 183 276 289 190
4 182 275 276 183
4 288 189 190 289
4 182 183 190 189
4 275 288 289 276
4 183 190 289 276
4 184 277 290 191
4 183 276 277 184
4 289 190 191 290
4 183 184 191 190
4 276 289 290 277
4 185 192 298 285
4 186 286 299 193
4 185 285 286 186
4 298 192 193 299
4 185 186 193 192
4 285 298 299 286
4 188 197 303 287
4 189 288 304 198
4 188 287 288 189
4 303 197 198 304
4 188 189 198 197
4 287 303 304 288
4 189 198 304 288
4 190 289 305 199
4 189 288 289 190
4 304 198 199 305
4 189 190 199 198
4 288 304 305 289
4 190 199 305 289
4 191 290 306 200
4 190 289 290 191
4 305 199 200 306
4 190 191 200 199
4 289 305 306 290
4 192 201 314 298
4 193 299 315 202
4 192 298 299 193
4 314 201 202 315
4 192 193 202 201
4 298 314 315 299
4 193 202 315 299
4 194 300 316 203
4 193 299 300 194
4 315 202 203 316
4 193 194 203 202
4 299 315 316 300
4 194 203 316 300
4 195 301 317 204
4 194 300 301 195
4 316 203 204 317
4 194 195 204 203
4 300 316 317 301
4 195 204 317 301
4 196 302 318 205
4 195 301 302 196
4 317 204 205 318
4 195 196 205 204
4 301 317 318 302
4 196 205 318 302
4 197 303 319 206
4 196 302 303 197
4 318 205 206 319
4 196 197 206 205
4 302 318 319 303
4 197 206 319 303
4 198 304 320 207
4 197 303 304 198
4 319 206 207 320
4 197 198 207 206
4 303 319 320 304
4 198 207 320 304
4 199 305 321 208
4 198 304 305 199
4 320 207 208 321
4 198 199 208 207
4 304 320 321 305
4 202 209 328 315
4 203 316 329 210
4 202 315 316 203
4 328 209 210 329
4 202 203 210 209
4 315 328 329 316
4 203 210 329 316
4 204 317 330 211
4 203 316 317 204
4 329 210 211 330
4 203 204 211 210
4 316 329 330 317
4 204 211 330 317
4 205 318 331 212
4 204 317 318 205
4 330 211 212 331
4 204 205 212 211
4 317 330 331 318
4 213 219 338 332
4 214 333 339 220
4 213 332 333 214
4 338 219 220 339
4 213 214 220 219
4 332 338 339 333
4 214 220 339 333
4 215 334 340 221
4 214 333 334 215
4 339 220 221 340
4 214 215 221 220
4 333 339 340 334
4 215 221 340 334
4 216 335 341 222
4 215 334 335 216
4 340 221 222 341
4 215 216 222 221
4 334 340 341 335
4 216 222 341 335
4 217 336 342 223
4 216 335 336 217
4 341 222 223 342
4 216 217 223 222
4 335 341 342 336
4 218 231 352 337
4 219 338 353 232
4 218 337 338 219
4 352 231 232 353
4 218 219 232 231
4 337 352 353 338
4 219 232 353 338
4 220 339 354 233
4 219 338 339 220
4 353 232 233 354
4 219 220 233 232
4 338 353 354 339
4 221 234 355 340
4 222 341 356 235
4 221 340 341 222
4 355 234 235 356
4 221 222 235 234
4 340 355 356 341
4 222 235 356 341
4 223 342 357 236
4 222 341 342 223
4 356 235 236 357
4 222 223 236 235
4 341 356 357 342
4 223 236 357 342
4 224 343 358 237
4 223 342 343 224
4 357 236 237 358
4 223 224 237 236
4 342 357 358 343
4 224 237 358 343
4 225 344 359 238
4 224 343 344 225
4 358 237 238 359
4 224 225 238 237
4 343 358 359 344
4 226 241 363 346
4 227 347 364 242
4 226 346 347 227
4 363 241 242 364
4 226 227 242 241
4 346 363 364 347
4 227 242 364 347
4 228 348 365 243
4 227 347 348 228
4 364 242 243 365
4 227 228 243 242
4 347 364 365 348
4 228 243 365 348
4 229 349 366 244
4 228 348 349 229
4 365 243 244 366
4 228 229 244 243
4 348 365 366 349
4 229 244 366 349
4 230 350 367 245
4 229 349 350 230
4 366 244 245 367
4 229 230 245 244
4 349 366 367 350
4 231 247 369 352
4 232 353 370 248
4 231 352 353 232
4 369 247 248 370
4 231 232 248 247
4 352 369 370 353
4 237 250 373 358
4 238 359 374 251
4 237 358 359 238
4 373 250 251 374
4 237 238 251 250
4 358 373 374 359
4 238 251 374 359
4 239 360 375 252
4 238 359 360 239
4 374 251 252 375
4 238 239 252 251
4 359 374 375 360
4 240 253 378 362
4 241 363 379 254
4 240 362 363 241
4 378 253 254 379
4 240 241 254 253
4 362 378 379 363
4 241 254 379 363
4 242 364 380 255
4 241 363 364 242
4 379 254 255 380
4 241 242 255 254
4 363 379 380 364
4 242 255 380 364
4 243 365 381 256
4 242 364 365 243
4 380 255 256 381
4 242 243 256 255
4 364 380 381 365
4 243 256 381 365
4 244 366 382 257
4 243 365 366 244
4 381 256 257 382
4 243 244 257 256
4 365 381 382 366
4 244 257 382 366
4 245 367 383 258
4 244 366 367 245
4 382 257 258 383
4 244 245 258 257
4 366 382 383 367
4 245 258 383 367
4 246 368 384 259
4 245 367 368 246
4 383 258 259 384
4 245 246 259 258
4 367 383 384 368
4 247 260 385 369
4 248 370 386 261
4 247 369 370 248
4 385 260 261 386
4 247 248 261 260
4 369 385 386 370
4 250 262 387 373
4 251 374 388 263
4 250 373 374 251
4 387 262 263 388
4 250 251 263 262
4 373 387 388 374
4 251 263 388 374
4 252 375 389 264
4 251 374 375 252
4 388 263 264 389
4 251 252 264 263
4 374 388 389 375
4 253 265 392 378
4 254 379 393 266
4 253 378 379 254
4 392 265 266 393
4 253 254 266 265
4 378 392 393 379
4 254 266 393 379
4 255 380 394 267
4 254 379 380 255
4 393 266 267 394
4 254 255 267 266
4 379 393 394 380
4 255 267 394 380
4 256 381 395 268
4 255 380 381 256
4 394 267 268 395
4 255 256 268 267
4 380 394 395 381
4 256 268 395 381
4 257 382 396 269
4 256 381 382 257
4 395 268 269 396
4 256 257 269 268
4 381 395 396 382
4 257 269 396 382
4 258 383 397 270
4 257 382 383 258
4 396 269 270 397
4 257 258 270 269
4 382 396 397 383
4 258 270 397 383
4 259 384 398 271
4 258 383 384 259
4 397 270 271 398
4 258 259 271 270
4 383 397 398 384
4 260 272 399 385
4 261 386 400 273
4 260 385 386 261
4 399 272 273 400
4 260 261 273 272
4 385 399 400 386
4 263 276 401 388
4 264 389 402 277
4 263 388 389 264
4 401 276 277 402
4 263 264 277 276
4 388 401 402 389
4 265 278 405 392
4 266 393 406 279
4 265 392 393 266
4 405 278 279 406
4 265 266 279 278
4 392 405 406 393
4 266 279 406 393
4 267 394 407 280
4 266 393 394 267
4 406 279 280 407
4 266 267 280 279
4 393 406 407 394
4 267 280 407 394
4 268 395 408 281
4 267 394 395 268
4 407 280 281 408
4 267 268 281 280
4 394 407 408 395
4 268 281 408 395
4 269 396 409 282
4 268 395 396 269
4 408 281 282 409
4 268 269 282 281
4 395 408 409 396
4 269 282 409 396
4 270 397 410 283
4 269 396 397 270
4 409 282 283 410
4 269 270 283 282
4 396 409 410 397
4 270 283 410 397
4 271 398 411 284
4 270 397 398 271
4 410 283 284 411
4 270 271 284 283
4 397 410 411 398
4 272 285 412 399
4 273 400 413 286
4 272 399 400 273
4 412 285 286 413
4 272 273 286 285
4 399 412 413 400
4 276 289 415 401
4 277 402 416 290
4 276 401 402 277
4 415 289 290 416
4 276 277 290 289
4 401 415 416 402
4 278 291 419 405
4 279 406 420 292
4 278 405 406 279
4 419 291 292 420
4 278 279 292 291
4 405 419 420 406
4 279 292 420 406
4 280 407 421 293
4 279 406 407 280
4 420 292 293 421
4 279 280 293 292
4 406 420 421 407
4 280 293 421 407
4 281 408 422 294
4 280 407 408 281
4 421 293 294 422
4 280 281 294 293
4 407 421 422 408
4 281 294 422 408
4 282 409 423 295
4 281 408 409 282
4 422 294 295 423
4 281 282 295 294
4 408 422 423 409
4 282 295 423 409
4 283 410 424 296
4 282 409 410 283
4 423 295 296 424
4 282 283 296 295
4 409 423 424 410
4 283 296 424 410
4 284 411 425 297
4 283 410 411 284
4 424 296 297 425
4 283 284 297 296
4 410 424 425 411
4 285 298 426 412
4 286 413 427 299
4 285 412 413 286
4 426 298 299 427
4 285 286 299 298
4 412 426 427 413
4 288 304 432 414
4 289 415 433 305
4 288 414 415 289
4 432 304 305 433
4 288 289 305 304
4 414 432 433 415
4 289 305 433 415
4 290 416 434 306
4 289 415 416 290
4 433 305 306 434
4 289 290 306 305
4 415 433 434 416
4 291 307 436 419
4 292 420 437 308
4 291 419 420 292
4 436 307 308 437
4 291 292 308 307
4 419 436 437 420
4 292 308 437 420
4 293 421 438 309
4 292 420 421 293
4 437 308 309 438
4 292 293 309 308
4 420 437 438 421
4 293 309 438 421
4 294 422 439 310
4 293 421 422 294
4 438 309 310 439
4 293 294 310 309
4 421 438 439 422
4 294 310 439 422
4 295 423 440 311
4 294 422 423 295
4 439 310 311 440
4 294 295 311 310
4 422 439 440 423
4 295 311 440 423
4 296 424 441 312
4 295 423 424 296
4 440 311 312 441
4 295 296 312 311
4 423 440 441 424
4 296 312 441 424
4 297 425 442 313
4 296 424 425 297
4 441 312 313 442
4 296 297 313 312
4 424 441 442 425
4 298 314 443 426
4 299 427 444 315
4 298 426 427 299
4 443 314 315 444
4 298 299 315 314
4 426 443 444 427
4 299 315 444 427
4 300 428 445 316
4 299 427 428 300
4 444 315 316 445
4 299 300 316 315
4 427 444 445 428
4 300 316 445 428
4 301 429 446 317
4 300 428 429 301
4 445 316 317 446
4 300 301 317 316
4 428 445 446 429
4 301 317 446 429
4 302 430 447 318
4 301 429 430 302
4 446 317 318 447
4 301 302 318 317
4 429 446 447 430
4 302 318 447 430
4 303 431 448 319
4 302 430 431 303
4 447 318 319 448
4 302 303 319 318
4 430 447 448 431
4 303 319 448 431
4 304 432 449 320
4 303 431 432 304
4 448 319 320 449
4 303 304 320 319
4 431 448 449 432
4 304 320 449 432
4 305 433 450 321
4 304 432 433 305
4 449 320 321 450
4 304 305 321 320
4 432 449 450 433
4 305 321 450 433
4 306 434 451 322
4 305 433 434 306
4 450 321 322 451
4 305 306 322 321
4 433 450 451 434
4 308 323 453 437
4 309 438 454 324
4 308 437 438 309
4 453 323 324 454
4 308 309 324 323
4 437 453 454 438
4 309 324 454 438
4 310 439 455 325
4 309 438 439 310
4 454 324 325 455
4 309 310 325 324
4 438 454 455 439
4 310 325 455 439
4 311 440 456 326
4 310 439 440 311
4 455 325 326 456
4 310 311 326 325
4 439 455 456 440
4 311 326 456 440
4 312 441 457 327
4 311 440 441 312
4 456 326 327 457
4 311 312 327 326
4 440 456 457 441
4 315 328 459 444
4 316 445 460 329
4 315 444 445 316
4 459 328 329 460
4 315 316 329 328
4 444 459 460 445
4 316 329 460 445
4 317 446 461 330
4 316 445 446 317
4 460 329 330 461
4 316 317 330 329
4 445 460 461 446
4 317 330 461 446
4 318 447 462 331
4 317 446 447 318
4 461 330 331 462
4 317 318 331 330
4 446 461 462 447
4 332 338 470 464
4 333 465 471 339
4 332 464 465 333
4 470 338 339 471
4 332 333 339 338
4 464 470 471 465
4 333 339 471 465
4 334 466 472 340
4 333 465 466 334
4 471 339 340 472
4 333 334 340 339
4 465 471 472 466
4 334 340 472 466
4 335 467 473 341
4 334 466 467 335
4 472 340 341 473
4 334 335 341 340
4 466 472 473 467
4 335 341 473 467
4 336 468 474 342
4 335 467 468 336
4 473 341 342 474
4 335 336 342 341
4 467 473 474 468
4 337 352 486 469
4 338 470 487 353
4 337 469 470 338
4 486 352 353 487
4 337 338 353 352
4 469 486 487 470
4 338 353 487 470
4 339 471 488 354
4 338 470 471 339
4 487 353 354 488
4 338 339 354 353
4 470 487 488 471
4 339 354 488 471
4 340 472 489 355
4 339 471 472 340
4 488 354 355 489
4 339 340 355 354
4 471 488 489 472
4 340 355 489 472
4 341 473 490 356
4 340 472 473 341
4 489 355 356 490
4 340 341 356 355
4 472 489 490 473
4 341 356 490 473
4 342 474 491 357
4 341 473 474 342
4 490 356 357 491
4 341 342 357 356
4 473 490 491 474
4 342 357 491 474
4 343 475 492 358
4 342 474 475 343
4 491 357 358 492
4 342 343 358 357
4 474 491 492 475
4 343 358 492 475
4 344 476 493 359
4 343 475 476 344
4 492 358 359 493
4 343 344 359 358
4 475 492 493 476
4 344 359 493 476
4 345 477 494 360
4 344 476 477 345
4 493 359 360 494
4 344 345 360 359
4 476 493 494 477
4 346 363 498 480
4 347 481 499 364
4 346 480 481 347
4 498 363 364 499
4 346 347 364 363
4 480 498 499 481
4 347 364 499 481
4 348 482 500 365
4 347 481 482 348
4 499 364 365 500
4 347 348 365 364
4 481 499 500 482
4 348 365 500 482
4 349 483 501 366
4 348 482 483 349
4 500 365 366 501
4 348 349 366 365
4 482 500 501 483
4 349 366 501 483
4 350 484 502 367
4 349 483 484 350
4 501 366 367 502
4 349 350 367 366
4 483 501 502 484
4 350 367 502 484
4 351 485 503 368
4 350 484 485 351
4 502 367 368 503
4 350 351 368 367
4 484 502 503 485
4 352 369 504 486
4 353 487 505 370
4 352 486 487 353
4 504 369 370 505
4 352 353 370 369
4 486 504 505 487
4 355 371 506 489
4 356 490 507 372
4 355 489 490 356
4 506 371 372 507
4 355 356 372 371
4 489 506 507 490
4 358 373 509 492
4 359 493 510 374
4 358 492 493 359
4 509 373 374 510
4 358 359 374 373
4 492 509 510 493
4 359 374 510 493
4 360 494 511 375
4 359 493 494 360
4 510 374 375 511
4 359 360 375 374
4 493 510 511 494
4 360 375 511 494
4 361 495 512 376
4 360 494 495 361
4 511 375 376 512
4 360 361 376 375
4 494 511 512 495
4 362 378 516 497
4 363 498 517 379
4 362 497 498 363
4 516 378 379 517
4 362 363 379 378
4 497 516 517 498
4 363 379 517 498
4 364 499 518 380
4 363 498 499 364
4 517 379 380 518
4 363 364 380 379
4 498 517 518 499
4 364 380 518 499
4 365 500 519 381
4 364 499 500 365
4 518 380 381 519
4 364 365 381 380
4 499 518 519 500
4 366 382 520 501
4 367 502 521 383
4 366 501 502 367
4 520 382 383 521
4 366 367 383 382
4 501 520 521 502
4 367 383 521 502
4 368 503 522 384
4 367 502 503 368
4 521 383 384 522
4 367 368 384 383
4 502 521 522 503
4 369 385 523 504
4 370 505 524 386
4 369 504 505 370
4 523 385 386 524
4 369 370 386 385
4 504 523 524 505
4 374 388 527 510
4 375 511 528 389
4 374 510 511 375
4 527 388 389 528
4 374 375 389 388
4 510 527 528 511
4 375 389 528 511
4 376 512 529 390
4 375 511 512 376
4 528 389 390 529
4 375 376 390 389
4 511 528 529 512
4 377 391 532 515
4 378 516 533 392
4 377 515 516 378
4 532 391 392 533
4 377 378 392 391
4 515 532 533 516
4 378 392 533 516
4 379 517 534 393
4 378 516 517 379
4 533 392 393 534
4 378 379 393 392
4 516 533 534 517
4 383 397 536 521
4 384 522 537 398
4 383 521 522 384
4 536 397 398 537
4 383 384 398 397
4 521 536 537 522
4 385 399 538 523
4 386 524 539 400
4 385 523 524 386
4 538 399 400 539
4 385 386 400 399
4 523 538 539 524
4 388 401 542 527
4 389 528 543 402
4 388 527 528 389
4 542 401 402 543
4 388 389 402 401
4 527 542 543 528
4 389 402 543 528
4 390 529 544 403
4 389 528 529 390
4 543 402 403 544
4 389 390 403 402
4 528 543 544 529
4 391 404 547 532
4 392 533 548 405
4 391 532 533 392
4 547 404 405 548
4 391 392 405 404
4 532 547 548 533
4 397 410 551 536
4 398 537 552 411
4 397 536 537 398
4 551 410 411 552
4 397 398 411 410
4 536 551 552 537
4 399 412 553 538
4 400 539 554 413
4 399 538 539 400
4 553 412 413 554
4 399 400 413 412
4 538 553 554 539
4 401 415 559 542
4 402 543 560 416
4 401 542 543 402
4 559 415 416 560
4 401 402 416 415
4 542 559 560 543
4 402 416 560 543
4 403 544 561 417
4 402 543 544 403
4 560 416 417 561
4 402 403 417 416
4 543 560 561 544
4 404 418 564 547
4 405 548 565 419
4 404 547 548 405
4 564 418 419 565
4 404 405 419 418
4 547 564 565 548
4 405 419 565 548
4 406 549 566 420
4 405 548 549 406
4 565 419 420 566
4 405 406 420 419
4 548 565 566 549
4 410 424 570 551
4 411 552 571 425
4 410 551 552 411
4 570 424 425 571
4 410 411 425 424
4 551 570 571 552
4 412 426 572 553
4 413 554 573 427
4 412 553 554 413
4 572 426 427 573
4 412 413 427 426
4 553 572 573 554
4 414 432 578 558
4 415 559 579 433
4 414 558 559 415
4 578 432 433 579
4 414 415 433 432
4 558 578 579 559
4 415 433 579 559
4 416 560 580 434
4 415 559 560 416
4 579 433 434 580
4 415 416 434 433
4 559 579 580 560
4 416 434 580 560
4 417 561 581 435
4 416 560 561 417
4 580 434 435 581
4 416 417 435 434
4 560 580 581 561
4 419 436 583 565
4 420 566 584 437
4 419 565 566 420
4 583 436 437 584
4 419 420 437 436
4 565 583 584 566
4 420 437 584 566
4 421 567 585 438
4 420 566 567 421
4 584 437 438 585
4 420 421 438 437
4 566 584 585 567
4 421 438 585 567
4 422 568 586 439
4 421 567 568 422
4 585 438 439 586
4 421 422 439 438
4 567 585 586 568
4 423 440 587 569
4 424 570 588 441
4 423 569 570 424
4 587 440 441 588
4 423 424 441 440
4 569 587 588 570
4 424 441 588 570
4 425 571 589 442
4 424 570 571 425
4 588 441 442 589
4 424 425 442 441
4 570 588 589 571
4 426 443 590 572
4 427 573 591 444
4 426 572 573 427
4 590 443 444 591
4 426 427 444 443
4 572 590 591 573
4 427 444 591 573
4 428 574 592 445
4 427 573 574 428
4 591 444 445 592
4 427 428 445 444
4 573 591 592 574
4 428 445 592 574
4 429 575 593 446
4 428 574 575 429
4 592 445 446 593
4 428 429 446 445
4 574 592 593 575
4 429 446 593 575
4 430 576 594 447
4 429 575 576 430
4 593 446 447 594
4 429 430 447 446
4 575 593 594 576
4 430 447 594 576
4 431 577 595 448
4 430 576 577 431
4 594 447 448 595
4 430 431 448 447
4 576 594 595 577
4 431 448 595 577
4 432 578 596 449
4 431 577 578 432
4 595 448 449 596
4 431 432 449 448
4 577 595 596 578
4 432 449 596 578
4 433 579 597 450
4 432 578 579 433
4 596 449 450 597
4 432 433 450 449
4 578 596 597 579
4 433 450 597 579
4 434 580 598 451
4 433 579 580 434
4 597 450 451 598
4 433 434 451 450
4 579 597 598 580
4 436 452 600 583
4 437 584 601 453
4 436 583 584 437
4 600 452 453 601
4 436 437 453 452
4 583 600 601 584
4 437 453 601 584
4 438 585 602 454
4 437 584 585 438
4 601 453 454 602
4 437 438 454 453
4 584 601 602 585
4 438 454 602 585
4 439 586 603 455
4 438 585 586 439
4 602 454 455 603
4 438 439 455 454
4 585 602 603 586
4 439 455 603 586
4 440 587 604 456
4 439 586 587 440
4 603 455 456 604
4 439 440 456 455
4 586 603 604 587
4 440 456 604 587
4 441 588 605 457
4 440 587 588 441
4 604 456 457 605
4 440 441 457 456
4 587 604 605 588
4 441 457 605 588
4 442 589 606 458
4 441 588 589 442
4 605 457 458 606
4 441 442 458 457
4 588 605 606 589
4 444 459 607 591
4 445 592 608 460
4 444 591 592 445
4 607 459 460 608
4 444 445 460 459
4 591 607 608 592
4 445 460 608 592
4 446 593 609 461
4 445 592 593 446
4 608 460 461 609
4 445 446 461 460
4 592 608 609 593
4 446 461 609 593
4 447 594 610 462
4 446 593 594 447
4 609 461 462 610
4 446 447 462 461
4 593 609 610 594
4 447 462 610 594
4 448 595 611 463
4 447 594 595 448
4 610 462 463 611
4 447 448 463 462
4 594 610 611 595
4 469 486 630 612
4 470 613 631 487
4 469 612 613 470
4 630 486 487 631
4 469 470 487 486
4 612 630 631 613
4 470 487 631 613
4 471 614 632 488
4 470 613 614 471
4 631 487 488 632
4 470 471 488 487
4 613 631 632 614
4 471 488 632 614
4 472 615 633 489
4 471 614 615 472
4 632 488 489 633
4 471 472 489 488
4 614 632 633 615
4 472 489 633 615
4 473 616 634 490
4 472 615 616 473
4 633 489 490 634
4 472 473 490 489
4 615 633 634 616
4 473 490 634 616
4 474 617 635 491
4 473 616 617 474
4 634 490 491 635
4 473 474 491 490
4 616 634 635 617
4 474 491 635 617
4 475 618 636 492
4 474 617 618 475
4 635 491 492 636
4 474 475 492 491
4 617 635 636 618
4 475 492 636 618
4 476 619 637 493
4 475 618 619 476
4 636 492 493 637
4 475 476 493 492
4 618 636 637 619
4 476 493 637 619
4 477 620 638 494
4 476 619 620 477
4 637 493 494 638
4 476 477 494 493
4 619 637 638 620
4 477 494 638 620
4 478 621 639 495
4 477 620 621 478
4 638 494 495 639
4 477 478 495 494
4 620 638 639 621
4 479 497 643 623
4 480 624 644 498
4 479 623 624 480
4 643 497 498 644
4 479 480 498 497
4 623 643 644 624
4 480 498 644 624
4 481 625 645 499
4 480 624 625 481
4 644 498 499 645
4 480 481 499 498
4 624 644 645 625
4 481 499 645 625
4 482 626 646 500
4 481 625 626 482
4 645 499 500 646
4 481 482 500 499
4 625 645 646 626
4 482 500 646 626
4 483 627 647 501
4 482 626 627 483
4 646 500 501 647
4 482 483 501 500
4 626 646 647 627
4 483 501 647 627
4 484 628 648 502
4 483 627 628 484
4 647 501 502 648
4 483 484 502 501
4 627 647 648 628
4 484 502 648 628
4 485 629 649 503
4 484 628 629 485
4 648 502 503 649
4 484 485 503 502
4 628 648 649 629
4 486 504 650 630
4 487 631 651 505
4 486 630 631 487
4 650 504 505 651
4 486 487 505 504
4 630 650 651 631
4 489 506 653 633
4 490 634 654 507
4 489 633 634 490
4 653 506 507 654
4 489 490 507 506
4 633 653 654 634
4 490 507 654 634
4 491 635 655 508
4 490 634 635 491
4 654 507 508 655
4 490 491 508 507
4 634 654 655 635
4 491 508 655 635
4 492 636 656 509
4 491 635 636 492
4 655 508 509 656
4 491 492 509 508
4 635 655 656 636
4 492 509 656 636
4 493 637 657 510
4 492 636 637 493
4 656 509 510 657
4 492 493 510 509
4 636 656 657 637
4 493 510 657 637
4 494 638 658 511
4 493 637 638 494
4 657 510 511 658
4 493 494 511 510
4 637 657 658 638
4 494 511 658 638
4 495 639 659 512
4 494 638 639 495
4 658 511 512 659
4 494 495 512 511
4 638 658 659 639
4 495 512 659 639
4 496 640 660 513
4 495 639 640 496
4 659 512 513 660
4 495 496 513 512
4 639 659 660 640
4 497 516 664 643
4 498 644 665 517
4 497 643 644 498
4 664 516 517 665
4 497 498 517 516
4 643 664 665 644
4 498 517 665 644
4 499 645 666 518
4 498 644 645 499
4 665 517 518 666
4 498 499 518 517
4 644 665 666 645
4 499 518 666 645
4 500 646 667 519
4 499 645 646 500
4 666 518 519 667
4 499 500 519 518
4 645 666 667 646
4 502 521 669 648
4 503 649 670 522
4 502 648 649 503
4 669 521 522 670
4 502 503 522 521
4 648 669 670 649
4 504 523 671 650
4 505 651 672 524
4 504 650 651 505
4 671 523 524 672
4 504 505 524 523
4 650 671 672 651
4 506 525 673 653
4 507 654 674 526
4 506 653 654 507
4 673 525 526 674
4 506 507 526 525
4 653 673 674 654
4 511 528 678 658
4 512 659 679 529
4 511 658 659 512
4 678 528 529 679
4 511 512 529 528
4 658 678 679 659
4 512 529 679 659
4 513 660 680 530
4 512 659 660 513
4 679 529 530 680
4 512 513 530 529
4 659 679 680 660
4 513 530 680 660
4 514 661 681 531
4 513 660 661 514
4 680 530 531 681
4 513 514 531 530
4 660 680 681 661
4 515 532 683 663
4 516 664 684 533
4 515 663 664 516
4 683 532 533 684
4 515 516 533 532
4 663 683 684 664
4 516 533 684 664
4 517 665 685 534
4 516 664 665 517
4 684 533 534 685
4 516 517 534 533
4 664 684 685 665
4 517 534 685 665
4 518 666 686 535
4 517 665 666 518
4 685 534 535 686
4 517 518 535 534
4 665 685 686 666
4 521 536 688 669
4 522 670 689 537
4 521 669 670 522
4 688 536 537 689
4 521 522 537 536
4 669 688 689 670
4 523 538 690 671
4 524 672 691 539
4 523 671 672 524
4 690 538 539 691
4 523 524 539 538
4 671 690 691 672
4 525 540 692 673
4 526 674 693 541
4 525 673 674 526
4 692 540 541 693
4 525 526 541 540
4 673 692 693 674
4 528 543 697 678
4 529 679 698 544
4 528 678 679 529
4 697 543 544 698
4 528 529 544 543
4 678 697 698 679
4 529 544 698 679
4 530 680 699 545
4 529 679 680 530
4 698 544 545 699
4 529 530 545 544
4 679 698 699 680
4 530 545 699 680
4 531 681 700 546
4 530 680 681 531
4 699 545 546 700
4 530 531 546 545
4 680 699 700 681
4 532 547 702 683
4 533 684 703 548
4 532 683 684 533
4 702 547 548 703
4 532 533 548 547
4 683 702 703 684
4 533 548 703 684
4 534 685 704 549
4 533 684 685 534
4 703 548 549 704
4 533 534 549 548
4 684 703 704 685
4 534 549 704 685
4 535 686 705 550
4 534 685 686 535
4 704 549 550 705
4 534 535 550 549
4 685 704 705 686
4 536 551 707 688
4 537 689 708 552
4 536 688 689 537
4 707 551 552 708
4 536 537 552 551
4 688 707 708 689
4 538 553 709 690
4 539 691 710 554
4 538 690 691 539
4 709 553 554 710
4 538 539 554 553
4 690 709 710 691
4 543 560 716 697
4 544 698 717 561
4 543 697 698 544
4 716 560 561 717
4 543 544 561 560
4 697 716 717 698
4 544 561 717 698
4 545 699 718 562
4 544 698 699 545
4 717 561 562 718
4 544 545 562 561
4 698 717 718 699
4 545 562 718 699
4 546 700 719 563
4 545 699 700 546
4 718 562 563 719
4 545 546 563 562
4 699 718 719 700
4 547 564 721 702
4 548 703 722 565
4 547 702 703 548
4 721 564 565 722
4 547 548 565 564
4 702 721 722 703
4 548 565 722 703
4 549 704 723 566
4 548 703 704 549
4 722 565 566 723
4 548 549 566 565
4 703 722 723 704
4 549 566 723 704
4 550 705 724 567
4 549 704 705 550
4 723 566 567 724
4 549 550 567 566
4 704 723 724 705
4 551 570 726 707
4 552 708 727 571
4 551 707 708 552
4 726 570 571 727
4 551 552 571 570
4 707 726 727 708
4 553 572 728 709
4 554 710 729 573
4 553 709 710 554
4 728 572 573 729
4 553 554 573 572
4 709 728 729 710
4 555 575 731 711
4 556 712 732 576
4 555 711 712 556
4 731 575 576 732
4 555 556 576 575
4 711 731 732 712
4 556 576 732 712
4 557 713 733 577
4 556 712 713 557
4 732 576 577 733
4 556 557 577 576
4 712 732 733 713
4 557 577 733 713
4 558 714 734 578
4 557 713 714 558
4 733 577 578 734
4 557 558 578 577
4 713 733 734 714
4 559 579 735 715
4 560 716 736 580
4 559 715 716 560
4 735 579 580 736
4 559 560 580 579
4 715 735 736 716
4 560 580 736 716
4 561 717 737 581
4 560 716 717 561
4 736 580 581 737
4 560 561 581 580
4 716 736 737 717
4 561 581 737 717
4 562 718 738 582
4 561 717 718 562
4 737 581 582 738
4 561 562 582 581
4 717 737 738 718
4 565 583 740 722
4 566 723 741 584
4 565 722 723 566
4 740 583 584 741
4 565 566 584 583
4 722 740 741 723
4 566 584 741 723
4 567 724 742 585
4 566 723 724 567
4 741 584 585 742
4 566 567 585 584
4 723 741 742 724
4 567 585 742 724
4 568 725 743 586
4 567 724 725 568
4 742 585 586 743
4 567 568 586 585
4 724 742 743 725
4 570 588 745 726
4 571 727 746 589
4 570 726 727 571
4 745 588 589 746
4 570 571 589 588
4 726 745 746 727
4 572 590 747 728
4 573 729 748 591
4 572 728 729 573
4 747 590 591 748
4 572 573 591 590
4 728 747 748 729
4 573 591 748 729
4 574 730 749 592
4 573 729 730 574
4 748 591 592 749
4 573 574 592 591
4 729 748 749 730
4 574 592 749 730
4 575 731 750 593
4 574 730 731 575
4 749 592 593 750
4 574 575 593 592
4 730 749 750 731
4 575 593 750 731
4 576 732 751 594
4 575 731 732 576
4 750 593 594 751
4 575 576 594 593
4 731 750 751 732
4 576 594 751 732
4 577 733 752 595
4 576 732 733 577
4 751 594 595 752
4 576 577 595 594
4 732 751 752 733
4 577 595 752 733
4 578 734 753 596
4 577 733 734 578
4 752 595 596 753
4 577 578 596 595
4 733 752 753 734
4 578 596 753 734
4 579 735 754 597
4 578 734 735 579
4 753 596 597 754
4 578 579 597 596
4 734 753 754 735
4 579 597 754 735
4 580 736 755 598
4 579 735 736 580
4 754 597 598 755
4 579 580 598 597
4 735 754 755 736
4 580 598 755 736
4 581 737 756 599
4 580 736 737 581
4 755 598 599 756
4 580 581 599 598
4 736 755 756 737
4 583 600 758 740
4 584 741 759 601
4 583 740 741 584
4 758 600 601 759
4 583 584 601 600
4 740 758 759 741
4 584 601 759 741
4 585 742 760 602
4 584 741 742 585
4 759 601 602 760
4 584 585 602 601
4 741 759 760 742
4 585 602 760 742
4 586 743 761 603
4 585 742 743 586
4 760 602 603 761
4 585 586 603 602
4 742 760 761 743
4 586 603 761 743
4 587 744 762 604
4 586 743 744 587
4 761 603 604 762
4 586 587 604 603
4 743 761 762 744
4 587 604 762 744
4 588 745 763 605
4 587 744 745 588
4 762 604 605 763
4 587 588 605 604
4 744 762 763 745
4 588 605 763 745
4 589 746 764 606
4 588 745 746 589
4 763 605 606 764
4 588 589 606 605
4 745 763 764 746
4 612 630 782 765
4 613 766 783 631
4 612 765 766 613
4 782 630 631 783
4 612 613 631 630
4 765 782 783 766
4 613 631 783 766
4 614 767 784 632
4 613 766 767 614
4 783 631 632 784
4 613 614 632 631
4 766 783 784 767
4 614 632 784 767
4 615 768 785 633
4 614 767 768 615
4 784 632 633 785
4 614 615 633 632
4 767 784 785 768
4 615 633 785 768
4 616 769 786 634
4 615 768 769 616
4 785 633 634 786
4 615 616 634 633
4 768 785 786 769
4 618 636 788 770
4 619 771 789 637
4 618 770 771 619
4 788 636 637 789
4 618 619 637 636
4 770 788 789 771
4 619 637 789 771
4 620 772 790 638
4 619 771 772 620
4 789 637 638 790
4 619 620 638 637
4 771 789 790 772
4 620 638 790 772
4 621 773 791 639
4 620 772 773 621
4 790 638 639 791
4 620 621 639 638
4 772 790 791 773
4 621 639 791 773
4 622 774 792 640
4 621 773 774 622
4 791 639 640 792
4 621 622 640 639
4 773 791 792 774
4 625 645 797 777
4 626 778 798 646
4 625 777 778 626
4 797 645 646 798
4 625 626 646 645
4 777 797 798 778
4 626 646 798 778
4 627 779 799 647
4 626 778 779 627
4 798 646 647 799
4 626 627 647 646
4 778 798 799 779
4 627 647 799 779
4 628 780 800 648
4 627 779 780 628
4 799 647 648 800
4 627 628 648 647
4 779 799 800 780
4 628 648 800 780
4 629 781 801 649
4 628 780 781 629
4 800 648 649 801
4 628 629 649 648
4 780 800 801 781
4 630 650 802 782
4 631 783 803 651
4 630 782 783 631
4 802 650 651 803
4 630 631 651 650
4 782 802 803 783
4 632 652 804 784
4 633 785 805 653
4 632 784 785 633
4 804 652 653 805
4 632 633 653 652
4 784 804 805 785
4 633 653 805 785
4 634 786 806 654
4 633 785 786 634
4 805 653 654 806
4 633 634 654 653
4 785 805 806 786
4 635 655 807 787
4 636 788 808 656
4 635 787 788 636
4 807 655 656 808
4 635 636 656 655
4 787 807 808 788
4 636 656 808 788
4 637 789 809 657
4 636 788 789 637
4 808 656 657 809
4 636 637 657 656
4 788 808 809 789
4 637 657 809 789
4 638 790 810 658
4 637 789 790 638
4 809 657 658 810
4 637 638 658 657
4 789 809 810 790
4 638 658 810 790
4 639 791 811 659
4 638 790 791 639
4 810 658 659 811
4 638 639 659 658
4 790 810 811 791
4 639 659 811 791
4 640 792 812 660
4 639 791 792 640
4 811 659 660 812
4 639 640 660 659
4 791 811 812 792
4 640 660 812 792
4 641 793 813 661
4 640 792 793 641
4 812 660 661 813
4 640 641 661 660
4 792 812 813 793
4 641 661 813 793
4 642 794 814 662
4 641 793 794 642
4 813 661 662 814
4 641 642 662 661
4 793 813 814 794
4 644 665 818 796
4 645 797 819 666
4 644 796 797 645
4 818 665 666 819
4 644 645 666 665
4 796 818 819 797
4 645 666 819 797
4 646 798 820 667
4 645 797 798 646
4 819 666 667 820
4 645 646 667 666
4 797 819 820 798
4 646 667 820 798
4 647 799 821 668
4 646 798 799 647
4 820 667 668 821
4 646 647 668 667
4 798 820 821 799
4 648 669 822 800
4 649 801 823 670
4 648 800 801 649
4 822 669 670 823
4 648 649 670 669
4 800 822 823 801
4 650 671 824 802
4 651 803 825 672
4 650 802 803 651
4 824 671 672 825
4 650 651 672 671
4 802 824 825 803
4 653 673 826 805
4 654 806 827 674
4 653 805 806 654
4 826 673 674 827
4 653 654 674 673
4 805 826 827 806
4 654 674 827 806
4 655 807 828 675
4 654 806 807 655
4 827 674 675 828
4 654 655 675 674
4 806 827 828 807
4 655 675 828 807
4 656 808 829 676
4 655 807 808 656
4 828 675 676 829
4 655 656 676 675
4 807 828 829 808
4 656 676 829 808
4 657 809 830 677
4 656 808 809 657
4 829 676 677 830
4 656 657 677 676
4 808 829 830 809
4 659 679 831 811
4 660 812 832 680
4 659 811 812 660
4 831 679 680 832
4 659 660 680 679
4 811 831 832 812
4 660 680 832 812
4 661 813 833 681
4 660 812 813 661
4 832 680 681 833
4 660 661 681 680
4 812 832 833 813
4 661 681 833 813
4 662 814 834 682
4 661 813 814 662
4 833 681 682 834
4 661 662 682 681
4 813 833 834 814
4 664 684 837 817
4 665 818 838 685
4 664 817 818 665
4 837 684 685 838
4 664 665 685 684
4 817 837 838 818
4 665 685 838 818
4 666 819 839 686
4 665 818 819 666
4 838 685 686 839
4 665 666 686 685
4 818 838 839 819
4 666 686 839 819
4 667 820 840 687
4 666 819 820 667
4 839 686 687 840
4 666 667 687 686
4 819 839 840 820
4 669 688 841 822
4 670 823 842 689
4 669 822 823 670
4 841 688 689 842
4 669 670 689 688
4 822 841 842 823
4 671 690 843 824
4 672 825 844 691
4 671 824 825 672
4 843 690 691 844
4 671 672 691 690
4 824 843 844 825
4 673 692 845 826
4 674 827 846 693
4 673 826 827 674
4 845 692 693 846
4 673 674 693 692
4 826 845 846 827
4 674 693 846 827
4 675 828 847 694
4 674 827 828 675
4 846 693 694 847
4 674 675 694 693
4 827 846 847 828
4 675 694 847 828
4 676 829 848 695
4 675 828 829 676
4 847 694 695 848
4 675 676 695 694
4 828 847 848 829
4 676 695 848 829
4 677 830 849 696
4 676 829 830 677
4 848 695 696 849
4 676 677 696 695
4 829 848 849 830
4 680 699 851 832
4 681 833 852 700
4 680 832 833 681
4 851 699 700 852
4 680 681 700 699
4 832 851 852 833
4 681 700 852 833
4 682 834 853 701
4 681 833 834 682
4 852 700 701 853
4 681 682 701 700
4 833 852 853 834
4 684 703 856 837
4 685 838 857 704
4 684 837 838 685
4 856 703 704 857
4 684 685 704 703
4 837 856 857 838
4 685 704 857 838
4 686 839 858 705
4 685 838 839 686
4 857 704 705 858
4 685 686 705 704
4 838 857 858 839
4 686 705 858 839
4 687 840 859 706
4 686 839 840 687
4 858 705 706 859
4 686 687 706 705
4 839 858 859 840
4 688 707 860 841
4 689 842 861 708
4 688 841 842 689
4 860 707 708 861
4 688 689 708 707
4 841 860 861 842
4 690 709 862 843
4 691 844 863 710
4 690 843 844 691
4 862 709 710 863
4 690 691 710 709
4 843 862 863 844
4 692 711 864 845
4 693 846 865 712
4 692 845 846 693
4 864 711 712 865
4 692 693 712 711
4 845 864 865 846
4 693 712 865 846
4 694 847 866 713
4 693 846 847 694
4 865 712 713 866
4 693 694 713 712
4 846 865 866 847
4 694 713 866 847
4 695 848 867 714
4 694 847 848 695
4 866 713 714 867
4 694 695 714 713
4 847 866 867 848
4 695 714 867 848
4 696 849 868 715
4 695 848 849 696
4 867 714 715 868
4 695 696 715 714
4 848 867 868 849
4 698 717 870 850
4 699 851 871 718
4 698 850 851 699
4 870 717 718 871
4 698 699 718 717
4 850 870 871 851
4 699 718 871 851
4 700 852 872 719
4 699 851 852 700
4 871 718 719 872
4 699 700 719 718
4 851 871 872 852
4 700 719 872 852
4 701 853 873 720
4 700 852 853 701
4 872 719 720 873
4 700 701 720 719
4 852 872 873 853
4 703 722 876 856
4 704 857 877 723
4 703 856 857 704
4 876 722 723 877
4 703 704 723 722
4 856 876 877 857
4 704 723 877 857
4 705 858 878 724
4 704 857 858 705
4 877 723 724 878
4 704 705 724 723
4 857 877 878 858
4 705 724 878 858
4 706 859 879 725
4 705 858 859 706
4 878 724 725 879
4 705 706 725 724
4 858 878 879 859
4 707 726 880 860
4 708 861 881 727
4 707 860 861 708
4 880 726 727 881
4 707 708 727 726
4 860 880 881 861
4 709 728 882 862
4 710 863 883 729
4 709 862 863 710
4 882 728 729 883
4 709 710 729 728
4 862 882 883 863
4 711 731 885 864
4 712 865 886 732
4 711 864 865 712
4 885 731 732 886
4 711 712 732 731
4 864 885 886 865
4 712 732 886 865
4 713 866 887 733
4 712 865 866 713
4 886 732 733 887
4 712 713 733 732
4 865 886 887 866
4 713 733 887 866
4 714 867 888 734
4 713 866 867 714
4 887 733 734 888
4 713 714 734 733
4 866 887 888 867
4 714 734 888 867
4 715 868 889 735
4 714 867 868 715
4 888 734 735 889
4 714 715 735 734
4 867 888 889 868
4 716 736 890 869
4 717 870 891 737
4 716 869 870 717
4 890 736 737 891
4 716 717 737 736
4 869 890 891 870
4 717 737 891 870
4 718 871 892 738
4 717 870 871 718
4 891 737 738 892
4 717 718 738 737
4 870 891 892 871
4 718 738 892 871
4 719 872 893 739
4 718 871 872 719
4 892 738 739 893
4 718 719 739 738
4 871 892 893 872
4 723 741 896 877
4 724 878 897 742
4 723 877 878 724
4 896 741 742 897
4 723 724 742 741
4 877 896 897 878
4 724 742 897 878
4 725 879 898 743
4 724 878 879 725
4 897 742 743 898
4 724 725 743 742
4 878 897 898 879
4 726 745 900 880
4 727 881 901 746
4 726 880 881 727
4 900 745 746 901
4 726 727 746 745
4 880 900 901 881
4 728 747 902 882
4 729 883 903 748
4 728 882 883 729
4 902 747 748 903
4 728 729 748 747
4 882 902 903 883
4 729 748 903 883
4 730 884 904 749
4 729 883 884 730
4 903 748 749 904
4 729 730 749 748
4 883 903 904 884
4 730 749 904 884
4 731 885 905 750
4 730 884 885 731
4 904 749 750 905
4 730 731 750 749
4 884 904 905 885
4 731 750 905 885
4 732 886 906 751
4 731 885 886 732
4 905 750 751 906
4 731 732 751 750
4 885 905 906 886
4 733 752 907 887
4 734 888 908 753
4 733 887 888 734
4 907 752 753 908
4 733 734 753 752
4 887 907 908 888
4 734 753 908 888
4 735 889 909 754
4 734 888 889 735
4 908 753 754 909
4 734 735 754 753
4 888 908 909 889
4 735 754 909 889
4 736 890 910 755
4 735 889 890 736
4 909 754 755 910
4 735 736 755 754
4 889 909 910 890
4 736 755 910 890
4 737 891 911 756
4 736 890 891 737
4 910 755 756 911
4 736 737 756 755
4 890 910 911 891
4 737 756 911 891
4 738 892 912 757
4 737 891 892 738
4 911 756 757 912
4 737 738 757 756
4 891 911 912 892
4 742 760 915 897
4 743 898 916 761
4 742 897 898 743
4 915 760 761 916
4 742 743 761 760
4 897 915 916 898
4 743 761 916 898
4 744 899 917 762
4 743 898 899 744
4 916 761 762 917
4 743 744 762 761
4 898 916 917 899
4 744 762 917 899
4 745 900 918 763
4 744 899 900 745
4 917 762 763 918
4 744 745 763 762
4 899 917 918 900
4 745 763 918 900
4 746 901 919 764
4 745 900 901 746
4 918 763 764 919
4 745 746 764 763
4 900 918 919 901
4 765 782 939 920
4 766 921 940 783
4 765 920 921 766
4 939 782 783 940
4 765 766 783 782
4 920 939 940 921
4 766 783 940 921
4 767 922 941 784
4 766 921 922 767
4 940 783 784 941
4 766 767 784 783
4 921 940 941 922
4 767 784 941 922
4 768 923 942 785
4 767 922 923 768
4 941 784 785 942
4 767 768 785 784
4 922 941 942 923
4 768 785 942 923
4 769 924 943 786
4 768 923 924 769
4 942 785 786 943
4 768 769 786 785
4 923 942 943 924
4 771 789 946 925
4 772 926 947 790
4 771 925 926 772
4 946 789 790 947
4 771 772 790 789
4 925 946 947 926
4 772 790 947 926
4 773 927 948 791
4 772 926 927 773
4 947 790 791 948
4 772 773 791 790
4 926 947 948 927
4 773 791 948 927
4 774 928 949 792
4 773 927 928 774
4 948 791 792 949
4 773 774 792 791
4 927 948 949 928
4 774 792 949 928
4 775 929 950 793
4 774 928 929 775
4 949 792 793 950
4 774 775 793 792
4 928 949 950 929
4 775 793 950 929
4 776 930 951 794
4 775 929 930 776
4 950 793 794 951
4 775 776 794 793
4 929 950 951 930
4 778 798 959 935
4 779 936 960 799
4 778 935 936 779
4 959 798 799 960
4 778 779 799 798
4 935 959 960 936
4 779 799 960 936
4 780 937 961 800
4 779 936 937 780
4 960 799 800 961
4 779 780 800 799
4 936 960 961 937
4 780 800 961 937
4 781 938 962 801
4 780 937 938 781
4 961 800 801 962
4 780 781 801 800
4 937 961 962 938
4 782 802 963 939
4 783 940 964 803
4 782 939 940 783
4 963 802 803 964
4 782 783 803 802
4 939 963 964 940
4 784 804 965 941
4 785 942 966 805
4 784 941 942 785
4 965 804 805 966
4 784 785 805 804
4 941 965 966 942
4 785 805 966 942
4 786 943 967 806
4 785 942 943 786
4 966 805 806 967
4 785 786 806 805
4 942 966 967 943
4 788 808 969 945
4 789 946 970 809
4 788 945 946 789
4 969 808 809 970
4 788 789 809 808
4 945 969 970 946
4 789 809 970 946
4 790 947 971 810
4 789 946 947 790
4 970 809 810 971
4 789 790 810 809
4 946 970 971 947
4 791 811 972 948
4 792 949 973 812
4 791 948 949 792
4 972 811 812 973
4 791 792 812 811
4 948 972 973 949
4 792 812 973 949
4 793 950 974 813
4 792 949 950 793
4 973 812 813 974
4 792 793 813 812
4 949 973 974 950
4 793 813 974 950
4 794 951 975 814
4 793 950 951 794
4 974 813 814 975
4 793 794 814 813
4 950 974 975 951
4 794 814 975 951
4 795 952 976 815
4 794 951 952 795
4 975 814 815 976
4 794 795 815 814
4 951 975 976 952
4 797 819 982 958
4 798 959 983 820
4 797 958 959 798
4 982 819 820 983
4 797 798 820 819
4 958 982 983 959
4 798 820 983 959
4 799 960 984 821
4 798 959 960 799
4 983 820 821 984
4 798 799 821 820
4 959 983 984 960
4 800 822 985 961
4 801 962 986 823
4 800 961 962 801
4 985 822 823 986
4 800 801 823 822
4 961 985 986 962
4 802 824 987 963
4 803 964 988 825
4 802 963 964 803
4 987 824 825 988
4 802 803 825 824
4 963 987 988 964
4 805 826 989 966
4 806 967 990 827
4 805 966 967 806
4 989 826 827 990
4 805 806 827 826
4 966 989 990 967
4 806 827 990 967
4 807 968 991 828
4 806 967 968 807
4 990 827 828 991
4 806 807 828 827
4 967 990 991 968
4 807 828 991 968
4 808 969 992 829
4 807 968 969 808
4 991 828 829 992
4 807 808 829 828
4 968 991 992 969
4 808 829 992 969
4 809 970 993 830
4 808 969 970 809
4 992 829 830 993
4 808 809 830 829
4 969 992 993 970
4 812 832 995 973
4 813 974 996 833
4 812 973 974 813
4 995 832 833 996
4 812 813 833 832
4 973 995 996 974
4 813 833 996 974
4 814 975 997 834
4 813 974 975 814
4 996 833 834 997
4 813 814 834 833
4 974 996 997 975
4 814 834 997 975
4 815 976 998 835
4 814 975 976 815
4 997 834 835 998
4 814 815 835 834
4 975 997 998 976
4 815 835 998 976
4 816 977 999 836
4 815 976 977 816
4 998 835 836 999
4 815 816 836 835
4 976 998 999 977
4 819 839 1004 982
4 820 983 1005 840
4 819 982 983 820
4 1004 839 840 1005
4 819 820 840 839
4 982 1004 1005 983
4 822 841 1006 985
4 823 986 1007 842
4 822 985 986 823
4 1006 841 842 1007
4 822 823 842 841
4 985 1006 1007 986
4 824 843 1008 987
4 825 988 1009 844
4 824 987 988 825
4 1008 843 844 1009
4 824 825 844 843
4 987 1008 1009 988
4 826 845 1010 989
4 827 990 1011 846
4 826 989 990 827
4 1010 845 846 1011
4 826 827 846 845
4 989 1010 1011 990
4 827 846 1011 990
4 828 991 1012 847
4 827 990 991 828
4 1011 846 847 1012
4 827 828 847 846
4 990 1011 1012 991
4 829 848 1013 992
4 830 993 1014 849
4 829 992 993 830
4 1013 848 849 1014
4 829 830 849 848
4 992 1013 1014 993
4 833 852 1017 996
4 834 997 1018 853
4 833 996 997 834
4 1017 852 853 1018
4 833 834 853 852
4 996 1017 1018 997
4 834 853 1018 997
4 835 998 1019 854
4 834 997 998 835
4 1018 853 854 1019
4 834 835 854 853
4 997 1018 1019 998
4 835 854 1019 998
4 836 999 1020 855
4 835 998 999 836
4 1019 854 855 1020
4 835 836 855 854
4 998 1019 1020 999
4 839 858 1025 1004
4 840 1005 1026 859
4 839 1004 1005 840
4 1025 858 859 1026
4 839 840 859 858
4 1004 1025 1026 1005
4 841 860 1027 1006
4 842 1007 1028 861
4 841 1006 1007 842
4 1027 860 861 1028
4 841 842 861 860
4 1006 1027 1028 1007
4 843 862 1029 1008
4 844 1009 1030 863
4 843 1008 1009 844
4 1029 862 863 1030
4 843 844 863 862
4 1008 1029 1030 1009
4 845 864 1031 1010
4 846 1011 1032 865
4 845 1010 1011 846
4 1031 864 865 1032
4 845 846 865 864
4 1010 1031 1032 1011
4 846 865 1032 1011
4 847 1012 1033 866
4 846 1011 1012 847
4 1032 865 866 1033
4 846 847 866 865
4 1011 1032 1033 1012
4 848 867 1034 1013
4 849 1014 1035 868
4 848 1013 1014 849
4 1034 867 868 1035
4 848 849 868 867
4 1013 1034 1035 1014
4 851 871 1038 1016
4 852 1017 1039 872
4 851 1016 1017 852
4 1038 871 872 1039
4 851 852 872 871
4 1016 1038 1039 1017
4 852 872 1039 1017
4 853 1018 1040 873
4 852 1017 1018 853
4 1039 872 873 1040
4 852 853 873 872
4 1017 1039 1040 1018
4 853 873 1040 1018
4 854 1019 1041 874
4 853 1018 1019 854
4 1040 873 874 1041
4 853 854 874 873
4 1018 1040 1041 1019
4 854 874 1041 1019
4 855 1020 1042 875
4 854 1019 1020 855
4 1041 874 875 1042
4 854 855 875 874
4 1019 1041 1042 1020
4 858 878 1047 1025
4 859 1026 1048 879
4 858 1025 1026 859
4 1047 878 879 1048
4 858 859 879 878
4 1025 1047 1048 1026
4 860 880 1049 1027
4 861 1028 1050 881
4 860 1027 1028 861
4 1049 880 881 1050
4 860 861 881 880
4 1027 1049 1050 1028
4 862 882 1051 1029
4 863 1030 1052 883
4 862 1029 1030 863
4 1051 882 883 1052
4 862 863 883 882
4 1029 1051 1052 1030
4 864 885 1054 1031
4 865 1032 1055 886
4 864 1031 1032 865
4 1054 885 886 1055
4 864 865 886 885
4 1031 1054 1055 1032
4 867 888 1056 1034
4 868 1035 1057 889
4 867 1034 1035 868
4 1056 888 889 1057
4 867 868 889 888
4 1034 1056 1057 1035
4 868 889 1057 1035
4 869 1036 1058 890
4 868 1035 1036 869
4 1057 889 890 1058
4 868 869 890 889
4 1035 1057 1058 1036
4 870 891 1059 1037
4 871 1038 1060 892
4 870 1037 1038 871
4 1059 891 892 1060
4 870 871 892 891
4 1037 1059 1060 1038
4 871 892 1060 1038
4 872 1039 1061 893
4 871 1038 1039 872
4 1060 892 893 1061
4 871 872 893 892
4 1038 1060 1061 1039
4 872 893 1061 1039
4 873 1040 1062 894
4 872 1039 1040 873
4 1061 893 894 1062
4 872 873 894 893
4 1039 1061 1062 1040
4 873 894 1062 1040
4 874 1041 1063 895
4 873 1040 1041 874
4 1062 894 895 1063
4 873 874 895 894
4 1040 1062 1063 1041
4 878 897 1069 1047
4 879 1048 1070 898
4 878 1047 1048 879
4 1069 897 898 1070
4 878 879 898 897
4 1047 1069 1070 1048
4 880 900 1072 1049
4 881 1050 1073 901
4 880 1049 1050 881
4 1072 900 901 1073
4 880 881 901 900
4 1049 1072 1073 1050
4 882 902 1074 1051
4 883 1052 1075 903
4 882 1051 1052 883
4 1074 902 903 1075
4 882 883 903 902
4 1051 1074 1075 1052
4 883 903 1075 1052
4 884 1053 1076 904
4 883 1052 1053 884
4 1075 903 904 1076
4 883 884 904 903
4 1052 1075 1076 1053
4 884 904 1076 1053
4 885 1054 1077 905
4 884 1053 1054 885
4 1076 904 905 1077
4 884 885 905 904
4 1053 1076 1077 1054
4 885 905 1077 1054
4 886 1055 1078 906
4 885 1054 1055 886
4 1077 905 906 1078
4 885 886 906 905
4 1054 1077 1078 1055
4 888 908 1079 1056
4 889 1057 1080 909
4 888 1056 1057 889
4 1079 908 909 1080
4 888 889 909 908
4 1056 1079 1080 1057
4 889 909 1080 1057
4 890 1058 1081 910
4 889 1057 1058 890
4 1080 909 910 1081
4 889 890 910 909
4 1057 1080 1081 1058
4 890 910 1081 1058
4 891 1059 1082 911
4 890 1058 1059 891
4 1081 910 911 1082
4 890 891 911 910
4 1058 1081 1082 1059
4 891 911 1082 1059
4 892 1060 1083 912
4 891 1059 1060 892
4 1082 911 912 1083
4 891 892 912 911
4 1059 1082 1083 1060
4 892 912 1083 1060
4 893 1061 1084 913
4 892 1060 1061 893
4 1083 912 913 1084
4 892 893 913 912
4 1060 1083 1084 1061
4 893 913 1084 1061
4 894 1062 1085 914
4 893 1061 1062 894
4 1084 913 914 1085
4 893 894 914 913
4 1061 1084 1085 1062
4 897 915 1088 1069
4 898 1070 1089 916
4 897 1069 1070 898
4 1088 915 916 1089
4 897 898 916 915
4 1069 1088 1089 1070
4 898 916 1089 1070
4 899 1071 1090 917
4 898 1070 1071 899
4 1089 916 917 1090
4 898 899 917 916
4 1070 1089 1090 1071
4 899 917 1090 1071
4 900 1072 1091 918
4 899 1071 1072 900
4 1090 917 918 1091
4 899 900 918 917
4 1071 1090 1091 1072
4 900 918 1091 1072
4 901 1073 1092 919
4 900 1072 1073 901
4 1091 918 919 1092
4 900 901 919 918
4 1072 1091 1092 1073
4 920 939 1115 1093
4 921 1094 1116 940
4 920 1093 1094 921
4 1115 939 940 1116
4 920 921 940 939
4 1093 1115 1116 1094
4 921 940 1116 1094
4 922 1095 1117 941
4 921 1094 1095 922
4 1116 940 941 1117
4 921 922 941 940
4 1094 1116 1117 1095
4 922 941 1117 1095
4 923 1096 1118 942
4 922 1095 1096 923
4 1117 941 942 1118
4 922 923 942 941
4 1095 1117 1118 1096
4 923 942 1118 1096
4 924 1097 1119 943
4 923 1096 1097 924
4 1118 942 943 1119
4 923 924 943 942
4 1096 1118 1119 1097
4 925 946 1121 1098
4 926 1099 1122 947
4 925 1098 1099 926
4 1121 946 947 1122
4 925 926 947 946
4 1098 1121 1122 1099
4 926 947 1122 1099
4 927 1100 1123 948
4 926 1099 1100 927
4 1122 947 948 1123
4 926 927 948 947
4 1099 1122 1123 1100
4 927 948 1123 1100
4 928 1101 1124 949
4 927 1100 1101 928
4 1123 948 949 1124
4 927 928 949 948
4 1100 1123 1124 1101
4 928 949 1124 1101
4 929 1102 1125 950
4 928 1101 1102 929
4 1124 949 950 1125
4 928 929 950 949
4 1101 1124 1125 1102
4 929 950 1125 1102
4 930 1103 1126 951
4 929 1102 1103 930
4 1125 950 951 1126
4 929 930 951 950
4 1102 1125 1126 1103
4 930 951 1126 1103
4 931 1104 1127 952
4 930 1103 1104 931
4 1126 951 952 1127
4 930 931 952 951
4 1103 1126 1127 1104
4 931 952 1127 1104
4 932 1105 1128 953
4 931 1104 1105 932
4 1127 952 953 1128
4 931 932 953 952
4 1104 1127 1128 1105
4 933 957 1132 1109
4 934 1110 1133 958
4 933 1109 1110 934
4 1132 957 958 1133
4 933 934 958 957
4 1109 1132 1133 1110
4 934 958 1133 1110
4 935 1111 1134 959
4 934 1110 1111 935
4 1133 958 959 1134
4 934 935 959 958
4 1110 1133 1134 1111
4 935 959 1134 1111
4 936 1112 1135 960
4 935 1111 1112 936
4 1134 959 960 1135
4 935 936 960 959
4 1111 1134 1135 1112
4 936 960 1135 1112
4 937 1113 1136 961
4 936 1112 1113 937
4 1135 960 961 1136
4 936 937 961 960
4 1112 1135 1136 1113
4 937 961 1136 1113
4 938 1114 1137 962
4 937 1113 1114 938
4 1136 961 962 1137
4 937 938 962 961
4 1113 1136 1137 1114
4 939 963 1138 1115
4 940 1116 1139 964
4 939 1115 1116 940
4 1138 963 964 1139
4 939 940 964 963
4 1115 1138 1139 1116
4 940 964 1139 1116
4 941 1117 1140 965
4 940 1116 1117 941
4 1139 964 965 1140
4 940 941 965 964
4 1116 1139 1140 1117
4 942 966 1141 1118
4 943 1119 1142 967
4 942 1118 1119 943
4 1141 966 967 1142
4 942 943 967 966
4 1118 1141 1142 1119
4 943 967 1142 1119
4 944 1120 1143 968
4 943 1119 1120 944
4 1142 967 968 1143
4 943 944 968 967
4 1119 1142 1143 1120
4 946 970 1145 1121
4 947 1122 1146 971
4 946 1121 1122 947
4 1145 970 971 1146
4 946 947 971 970
4 1121 1145 1146 1122
4 947 971 1146 1122
4 948 1123 1147 972
4 947 1122 1123 948
4 1146 971 972 1147
4 947 948 972 971
4 1122 1146 1147 1123
4 950 974 1149 1125
4 951 1126 1150 975
4 950 1125 1126 951
4 1149 974 975 1150
4 950 951 975 974
4 1125 1149 1150 1126
4 951 975 1150 1126
4 952 1127 1151 976
4 951 1126 1127 952
4 1150 975 976 1151
4 951 952 976 975
4 1126 1150 1151 1127
4 952 976 1151 1127
4 953 1128 1152 977
4 952 1127 1128 953
4 1151 976 977 1152
4 952 953 977 976
4 1127 1151 1152 1128
4 953 977 1152 1128
4 954 1129 1153 978
4 953 1128 1129 954
4 1152 977 978 1153
4 953 954 978 977
4 1128 1152 1153 1129
4 954 978 1153 1129
4 955 1130 1154 979
4 954 1129 1130 955
4 1153 978 979 1154
4 954 955 979 978
4 1129 1153 1154 1130
4 955 979 1154 1130
4 956 1131 1155 980
4 955 1130 1131 956
4 1154 979 980 1155
4 955 956 980 979
4 1130 1154 1155 1131
4 956 980 1155 1131
4 957 1132 1156 981
4 956 1131 1132 957
4 1155 980 981 1156
4 956 957 981 980
4 1131 1155 1156 1132
4 957 981 1156 1132
4 958 1133 1157 982
4 957 1132 1133 958
4 1156 981 982 1157
4 957 958 982 981
4 1132 1156 1157 1133
4 958 982 1157 1133
4 959 1134 1158 983
4 958 1133 1134 959
4 1157 982 983 1158
4 958 959 983 982
4 1133 1157 1158 1134
4 961 985 1160 1136
4 962 1137 1161 986
4 961 1136 1137 962
4 1160 985 986 1161
4 961 962 986 985
4 1136 1160 1161 1137
4 963 987 1162 1138
4 964 1139 1163 988
4 963 1138 1139 964
4 1162 987 988 1163
4 963 964 988 987
4 1138 1162 1163 1139
4 966 989 1164 1141
4 967 1142 1165 990
4 966 1141 1142 967
4 1164 989 990 1165
4 966 967 990 989
4 1141 1164 1165 1142
4 967 990 1165 1142
4 968 1143 1166 991
4 967 1142 1143 968
4 1165 990 991 1166
4 967 968 991 990
4 1142 1165 1166 1143
4 969 992 1167 1144
4 970 1145 1168 993
4 969 1144 1145 970
4 1167 992 993 1168
4 969 970 993 992
4 1144 1167 1168 1145
4 970 993 1168 1145
4 971 1146 1169 994
4 970 1145 1146 971
4 1168 993 994 1169
4 970 971 994 993
4 1145 1168 1169 1146
4 975 997 1172 1150
4 976 1151 1173 998
4 975 1150 1151 976
4 1172 997 998 1173
4 975 976 998 997
4 1150 1172 1173 1151
4 976 998 1173 1151
4 977 1152 1174 999
4 976 1151 1152 977
4 1173 998 999 1174
4 976 977 999 998
4 1151 1173 1174 1152
4 977 999 1174 1152
4 978 1153 1175 1000
4 977 1152 1153 978
4 1174 999 1000 1175
4 977 978 1000 999
4 1152 1174 1175 1153
4 978 1000 1175 1153
4 979 1154 1176 1001
4 978 1153 1154 979
4 1175 1000 1001 1176
4 978 979 1001 1000
4 1153 1175 1176 1154
4 979 1001 1176 1154
4 980 1155 1177 1002
4 979 1154 1155 980
4 1176 1001 1002 1177
4 979 980 1002 1001
4 1154 1176 1177 1155
4 980 1002 1177 1155
4 981 1156 1178 1003
4 980 1155 1156 981
4 1177 1002 1003 1178
4 980 981 1003 1002
4 1155 1177 1178 1156
4 981 1003 1178 1156
4 982 1157 1179 1004
4 981 1156 1157 982
4 1178 1003 1004 1179
4 981 982 1004 1003
4 1156 1178 1179 1157
4 985 1006 1180 1160
4 986 1161 1181 1007
4 985 1160 1161 986
4 1180 1006 1007 1181
4 985 986 1007 1006
4 1160 1180 1181 1161
4 987 1008 1182 1162
4 988 1163 1183 1009
4 987 1162 1163 988
4 1182 1008 1009 1183
4 987 988 1009 1008
4 1162 1182 1183 1163
4 989 1010 1184 1164
4 990 1165 1185 1011
4 989 1164 1165 990
4 1184 1010 1011 1185
4 989 990 1011 1010
4 1164 1184 1185 1165
4 990 1011 1185 1165
4 991 1166 1186 1012
4 990 1165 1166 991
4 1185 1011 1012 1186
4 990 991 1012 1011
4 1165 1185 1186 1166
4 992 1013 1187 1167
4 993 1168 1188 1014
4 992 1167 1168 993
4 1187 1013 1014 1188
4 992 993 1014 1013
4 1167 1187 1188 1168
4 993 1014 1188 1168
4 994 1169 1189 1015
4 993 1168 1169 994
4 1188 1014 1015 1189
4 993 994 1015 1014
4 1168 1188 1189 1169
4 997 1018 1191 1172
4 998 1173 1192 1019
4 997 1172 1173 998
4 1191 1018 1019 1192
4 997 998 1019 1018
4 1172 1191 1192 1173
4 998 1019 1192 1173
4 999 1174 1193 1020
4 998 1173 1174 999
4 1192 1019 1020 1193
4 998 999 1020 1019
4 1173 1192 1193 1174
4 999 1020 1193 1174
4 1000 1175 1194 1021
4 999 1174 1175 1000
4 1193 1020 1021 1194
4 999 1000 1021 1020
4 1174 1193 1194 1175
4 1000 1021 1194 1175
4 1001 1176 1195 1022
4 1000 1175 1176 1001
4 1194 1021 1022 1195
4 1000 1001 1022 1021
4 1175 1194 1195 1176
4 1001 1022 1195 1176
4 1002 1177 1196 1023
4 1001 1176 1177 1002
4 1195 1022 1023 1196
4 1001 1002 1023 1022
4 1176 1195 1196 1177
4 1002 1023 1196 1177
4 1003 1178 1197 1024
4 1002 1177 1178 1003
4 1196 1023 1024 1197
4 1002 1003 1024 1023
4 1177 1196 1197 1178
4 1003 1024 1197 1178
4 1004 1179 1198 1025
4 1003 1178 1179 1004
4 1197 1024 1025 1198
4 1003 1004 1025 1024
4 1178 1197 1198 1179
4 1006 1027 1199 1180
4 1007 1181 1200 1028
4 1006 1180 1181 1007
4 1199 1027 1028 1200
4 1006 1007 1028 1027
4 1180 1199 1200 1181
4 1008 1029 1201 1182
4 1009 1183 1202 1030
4 1008 1182 1183 1009
4 1201 1029 1030 1202
4 1008 1009 1030 1029
4 1182 1201 1202 1183
4 1010 1031 1204 1184
4 1011 1185 1205 1032
4 1010 1184 1185 1011
4 1204 1031 1032 1205
4 1010 1011 1032 1031
4 1184 1204 1205 1185
4 1011 1032 1205 1185
4 1012 1186 1206 1033
4 1011 1185 1186 1012
4 1205 1032 1033 1206
4 1011 1012 1033 1032
4 1185 1205 1206 1186
4 1013 1034 1207 1187
4 1014 1188 1208 1035
4 1013 1187 1188 1014
4 1207 1034 1035 1208
4 1013 1014 1035 1034
4 1187 1207 1208 1188
4 1014 1035 1208 1188
4 1015 1189 1209 1036
4 1014 1188 1189 1015
4 1208 1035 1036 1209
4 1014 1015 1036 1035
4 1188 1208 1209 1189
4 1018 1040 1213 1191
4 1019 1192 1214 1041
4 1018 1191 1192 1019
4 1213 1040 1041 1214
4 1018 1019 1041 1040
4 1191 1213 1214 1192
4 1019 1041 1214 1192
4 1020 1193 1215 1042
4 1019 1192 1193 1020
4 1214 1041 1042 1215
4 1019 1020 1042 1041
4 1192 1214 1215 1193
4 1020 1042 1215 1193
4 1021 1194 1216 1043
4 1020 1193 1194 1021
4 1215 1042 1043 1216
4 1020 1021 1043 1042
4 1193 1215 1216 1194
4 1021 1043 1216 1194
4 1022 1195 1217 1044
4 1021 1194 1195 1022
4 1216 1043 1044 1217
4 1021 1022 1044 1043
4 1194 1216 1217 1195
4 1022 1044 1217 1195
4 1023 1196 1218 1045
4 1022 1195 1196 1023
4 1217 1044 1045 1218
4 1022 1023 1045 1044
4 1195 1217 1218 1196
4 1023 1045 1218 1196
4 1024 1197 1219 1046
4 1023 1196 1197 1024
4 1218 1045 1046 1219
4 1023 1024 1046 1045
4 1196 1218 1219 1197
4 1024 1046 1219 1197
4 1025 1198 1220 1047
4 1024 1197 1198 1025
4 1219 1046 1047 1220
4 1024 1025 1047 1046
4 1197 1219 1220 1198
4 1027 1049 1222 1199
4 1028 1200 1223 1050
4 1027 1199 1200 1028
4 1222 1049 1050 1223
4 1027 1028 1050 1049
4 1199 1222 1223 1200
4 1029 1051 1224 1201
4 1030 1202 1225 1052
4 1029 1201 1202 1030
4 1224 1051 1052 1225
4 1029 1030 1052 1051
4 1201 1224 1225 1202
4 1031 1054 1227 1204
4 1032 1205 1228 1055
4 1031 1204 1205 1032
4 1227 1054 1055 1228
4 1031 1032 1055 1054
4 1204 1227 1228 1205
4 1034 1056 1230 1207
4 1035 1208 1231 1057
4 1034 1207 1208 1035
4 1230 1056 1057 1231
4 1034 1035 1057 1056
4 1207 1230 1231 1208
4 1035 1057 1231 1208
4 1036 1209 1232 1058
4 1035 1208 1209 1036
4 1231 1057 1058 1232
4 1035 1036 1058 1057
4 1208 1231 1232 1209
4 1036 1058 1232 1209
4 1037 1210 1233 1059
4 1036 1209 1210 1037
4 1232 1058 1059 1233
4 1036 1037 1059 1058
4 1209 1232 1233 1210
4 1038 1060 1234 1211
4 1039 1212 1235 1061
4 1038 1211 1212 1039
4 1234 1060 1061 1235
4 1038 1039 1061 1060
4 1211 1234 1235 1212
4 1039 1061 1235 1212
4 1040 1213 1236 1062
4 1039 1212 1213 1040
4 1235 1061 1062 1236
4 1039 1040 1062 1061
4 1212 1235 1236 1213
4 1040 1062 1236 1213
4 1041 1214 1237 1063
4 1040 1213 1214 1041
4 1236 1062 1063 1237
4 1040 1041 1063 1062
4 1213 1236 1237 1214
4 1041 1063 1237 1214
4 1042 1215 1238 1064
4 1041 1214 1215 1042
4 1237 1063 1064 1238
4 1041 1042 1064 1063
4 1214 1237 1238 1215
4 1042 1064 1238 1215
4 1043 1216 1239 1065
4 1042 1215 1216 1043
4 1238 1064 1065 1239
4 1042 1043 1065 1064
4 1215 1238 1239 1216
4 1043 1065 1239 1216
4 1044 1217 1240 1066
4 1043 1216 1217 1044
4 1239 1065 1066 1240
4 1043 1044 1066 1065
4 1216 1239 1240 1217
4 1044 1066 1240 1217
4 1045 1218 1241 1067
4 1044 1217 1218 1045
4 1240 1066 1067 1241
4 1044 1045 1067 1066
4 1217 1240 1241 1218
4 1045 1067 1241 1218
4 1046 1219 1242 1068
4 1045 1218 1219 1046
4 1241 1067 1068 1242
4 1045 1046 1068 1067
4 1218 1241 1242 1219
4 1046 1068 1242 1219
4 1047 1220 1243 1069
4 1046 1219 1220 1047
4 1242 1068 1069 1243
4 1046 1047 1069 1068
4 1219 1242 1243 1220
4 1047 1069 1243 1220
4 1048 1221 1244 1070
4 1047 1220 1221 1048
4 1243 1069 1070 1244
4 1047 1048 1070 1069
4 1220 1243 1244 1221
4 1049 1072 1246 1222
4 1050 1223 1247 1073
4 1049 1222 1223 1050
4 1246 1072 1073 1247
4 1049 1050 1073 1072
4 1222 1246 1247 1223
4 1051 1074 1248 1224
4 1052 1225 1249 1075
4 1051 1224 1225 1052
4 1248 1074 1075 1249
4 1051 1052 1075 1074
4 1224 1248 1249 1225
4 1052 1075 1249 1225
4 1053 1226 1250 1076
4 1052 1225 1226 1053
4 1249 1075 1076 1250
4 1052 1053 1076 1075
4 1225 1249 1250 1226
4 1053 1076 1250 1226
4 1054 1227 1251 1077
4 1053 1226 1227 1054
4 1250 1076 1077 1251
4 1053 1054 1077 1076
4 1226 1250 1251 1227
4 1054 1077 1251 1227
4 1055 1228 1252 1078
4 1054 1227 1228 1055
4 1251 1077 1078 1252
4 1054 1055 1078 1077
4 1227 1251 1252 1228
4 1057 1080 1253 1231
4 1058 1232 1254 1081
4 1057 1231 1232 1058
4 1253 1080 1081 1254
4 1057 1058 1081 1080
4 1231 1253 1254 1232
4 1058 1081 1254 1232
4 1059 1233 1255 1082
4 1058 1232 1233 1059
4 1254 1081 1082 1255
4 1058 1059 1082 1081
4 1232 1254 1255 1233
4 1059 1082 1255 1233
4 1060 1234 1256 1083
4 1059 1233 1234 1060
4 1255 1082 1083 1256
4 1059 1060 1083 1082
4 1233 1255 1256 1234
4 1060 1083 1256 1234
4 1061 1235 1257 1084
4 1060 1234 1235 1061
4 1256 1083 1084 1257
4 1060 1061 1084 1083
4 1234 1256 1257 1235
4 1061 1084 1257 1235
4 1062 1236 1258 1085
4 1061 1235 1236 1062
4 1257 1084 1085 1258
4 1061 1062 1085 1084
4 1235 1257 1258 1236
4 1062 1085 1258 1236
4 1063 1237 1259 1086
4 1062 1236 1237 1063
4 1258 1085 1086 1259
4 1062 1063 1086 1085
4 1236 1258 1259 1237
4 1068 1087 1264 1242
4 1069 1243 1265 1088
4 1068 1242 1243 1069
4 1264 1087 1088 1265
4 1068 1069 1088 1087
4 1242 1264 1265 1243
4 1069 1088 1265 1243
4 1070 1244 1266 1089
4 1069 1243 1244 1070
4 1265 1088 1089 1266
4 1069 1070 1089 1088
4 1243 1265 1266 1244
4 1070 1089 1266 1244
4 1071 1245 1267 1090
4 1070 1244 1245 1071
4 1266 1089 1090 1267
4 1070 1071 1090 1089
4 1244 1266 1267 1245
4 1071 1090 1267 1245
4 1072 1246 1268 1091
4 1071 1245 1246 1072
4 1267 1090 1091 1268
4 1071 1072 1091 1090
4 1245 1267 1268 1246
4 1072 1091 1268 1246
4 1073 1247 1269 1092
4 1072 1246 1247 1073
4 1268 1091 1092 1269
4 1072 1073 1092 1091
4 1246 1268 1269 1247
4 1094 1116 1291 1270
4 1095 1271 1292 1117
4 1094 1270 1271 1095
4 1291 1116 1117 1292
4 1094 1095 1117 1116
4 1270 1291 1292 1271
4 1095 1117 1292 1271
4 1096 1272 1293 1118
4 1095 1271 1272 1096
4 1292 1117 1118 1293
4 1095 1096 1118 1117
4 1271 1292 1293 1272
4 1096 1118 1293 1272
4 1097 1273 1294 1119
4 1096 1272 1273 1097
4 1293 1118 1119 1294
4 1096 1097 1119 1118
4 1272 1293 1294 1273
4 1099 1122 1297 1274
4 1100 1275 1298 1123
4 1099 1274 1275 1100
4 1297 1122 1123 1298
4 1099 1100 1123 1122
4 1274 1297 1298 1275
4 1100 1123 1298 1275
4 1101 1276 1299 1124
4 1100 1275 1276 1101
4 1298 1123 1124 1299
4 1100 1101 1124 1123
4 1275 1298 1299 1276
4 1101 1124 1299 1276
4 1102 1277 1300 1125
4 1101 1276 1277 1102
4 1299 1124 1125 1300
4 1101 1102 1125 1124
4 1276 1299 1300 1277
4 1102 1125 1300 1277
4 1103 1278 1301 1126
4 1102 1277 1278 1103
4 1300 1125 1126 1301
4 1102 1103 1126 1125
4 1277 1300 1301 1278
4 1103 1126 1301 1278
4 1104 1279 1302 1127
4 1103 1278 1279 1104
4 1301 1126 1127 1302
4 1103 1104 1127 1126
4 1278 1301 1302 1279
4 1104 1127 1302 1279
4 1105 1280 1303 1128
4 1104 1279 1280 1105
4 1302 1127 1128 1303
4 1104 1105 1128 1127
4 1279 1302 1303 1280
4 1105 1128 1303 1280
4 1106 1281 1304 1129
4 1105 1280 1281 1106
4 1303 1128 1129 1304
4 1105 1106 1129 1128
4 1280 1303 1304 1281
4 1106 1129 1304 1281
4 1107 1282 1305 1130
4 1106 1281 1282 1107
4 1304 1129 1130 1305
4 1106 1107 1130 1129
4 1281 1304 1305 1282
4 1107 1130 1305 1282
4 1108 1283 1306 1131
4 1107 1282 1283 1108
4 1305 1130 1131 1306
4 1107 1108 1131 1130
4 1282 1305 1306 1283
4 1108 1131 1306 1283
4 1109 1284 1307 1132
4 1108 1283 1284 1109
4 1306 1131 1132 1307
4 1108 1109 1132 1131
4 1283 1306 1307 1284
4 1109 1132 1307 1284
4 1110 1285 1308 1133
4 1109 1284 1285 1110
4 1307 1132 1133 1308
4 1109 1110 1133 1132
4 1284 1307 1308 1285
4 1110 1133 1308 1285
4 1111 1286 1309 1134
4 1110 1285 1286 1111
4 1308 1133 1134 1309
4 1110 1111 1134 1133
4 1285 1308 1309 1286
4 1111 1134 1309 1286
4 1112 1287 1310 1135
4 1111 1286 1287 1112
4 1309 1134 1135 1310
4 1111 1112 1135 1134
4 1286 1309 1310 1287
4 1112 1135 1310 1287
4 1113 1288 1311 1136
4 1112 1287 1288 1113
4 1310 1135 1136 1311
4 1112 1113 1136 1135
4 1287 1310 1311 1288
4 1113 1136 1311 1288
4 1114 1289 1312 1137
4 1113 1288 1289 1114
4 1311 1136 1137 1312
4 1113 1114 1137 1136
4 1288 1311 1312 1289
4 1115 1138 1313 1290
4 1116 1291 1314 1139
4 1115 1290 1291 1116
4 1313 1138 1139 1314
4 1115 1116 1139 1138
4 1290 1313 1314 1291
4 1116 1139 1314 1291
4 1117 1292 1315 1140
4 1116 1291 1292 1117
4 1314 1139 1140 1315
4 1116 1117 1140 1139
4 1291 1314 1315 1292
4 1118 1141 1316 1293
4 1119 1294 1317 1142
4 1118 1293 1294 1119
4 1316 1141 1142 1317
4 1118 1119 1142 1141
4 1293 1316 1317 1294
4 1119 1142 1317 1294
4 1120 1295 1318 1143
4 1119 1294 1295 1120
4 1317 1142 1143 1318
4 1119 1120 1143 1142
4 1294 1317 1318 1295
4 1121 1145 1320 1296
4 1122 1297 1321 1146
4 1121 1296 1297 1122
4 1320 1145 1146 1321
4 1121 1122 1146 1145
4 1296 1320 1321 1297
4 1122 1146 1321 1297
4 1123 1298 1322 1147
4 1122 1297 1298 1123
4 1321 1146 1147 1322
4 1122 1123 1147 1146
4 1297 1321 1322 1298
4 1123 1147 1322 1298
4 1124 1299 1323 1148
4 1123 1298 1299 1124
4 1322 1147 1148 1323
4 1123 1124 1148 1147
4 1298 1322 1323 1299
4 1127 1151 1326 1302
4 1128 1303 1327 1152
4 1127 1302 1303 1128
4 1326 1151 1152 1327
4 1127 1128 1152 1151
4 1302 1326 1327 1303
4 1128 1152 1327 1303
4 1129 1304 1328 1153
4 1128 1303 1304 1129
4 1327 1152 1153 1328
4 1128 1129 1153 1152
4 1303 1327 1328 1304
4 1129 1153 1328 1304
4 1130 1305 1329 1154
4 1129 1304 1305 1130
4 1328 1153 1154 1329
4 1129 1130 1154 1153
4 1304 1328 1329 1305
4 1130 1154 1329 1305
4 1131 1306 1330 1155
4 1130 1305 1306 1131
4 1329 1154 1155 1330
4 1130 1131 1155 1154
4 1305 1329 1330 1306
4 1131 1155 1330 1306
4 1132 1307 1331 1156
4 1131 1306 1307 1132
4 1330 1155 1156 1331
4 1131 1132 1156 1155
4 1306 1330 1331 1307
4 1132 1156 1331 1307
4 1133 1308 1332 1157
4 1132 1307 1308 1133
4 1331 1156 1157 1332
4 1132 1133 1157 1156
4 1307 1331 1332 1308
4 1135 1159 1334 1310
4 1136 1311 1335 1160
4 1135 1310 1311 1136
4 1334 1159 1160 1335
4 1135 1136 1160 1159
4 1310 1334 1335 1311
4 1136 1160 1335 1311
4 1137 1312 1336 1161
4 1136 1311 1312 1137
4 1335 1160 1161 1336
4 1136 1137 1161 1160
4 1311 1335 1336 1312
4 1138 1162 1337 1313
4 1139 1314 1338 1163
4 1138 1313 1314 1139
4 1337 1162 1163 1338
4 1138 1139 1163 1162
4 1313 1337 1338 1314
4 1142 1165 1340 1317
4 1143 1318 1341 1166
4 1142 1317 1318 1143
4 1340 1165 1166 1341
4 1142 1143 1166 1165
4 1317 1340 1341 1318
4 1145 1168 1343 1320
4 1146 1321 1344 1169
4 1145 1320 1321 1146
4 1343 1168 1169 1344
4 1145 1146 1169 1168
4 1320 1343 1344 1321
4 1146 1169 1344 1321
4 1147 1322 1345 1170
4 1146 1321 1322 1147
4 1344 1169 1170 1345
4 1146 1147 1170 1169
4 1321 1344 1345 1322
4 1147 1170 1345 1322
4 1148 1323 1346 1171
4 1147 1322 1323 1148
4 1345 1170 1171 1346
4 1147 1148 1171 1170
4 1322 1345 1346 1323
4 1160 1180 1348 1335
4 1161 1336 1349 1181
4 1160 1335 1336 1161
4 1348 1180 1181 1349
4 1160 1161 1181 1180
4 1335 1348 1349 1336
4 1162 1182 1350 1337
4 1163 1338 1351 1183
4 1162 1337 1338 1163
4 1350 1182 1183 1351
4 1162 1163 1183 1182
4 1337 1350 1351 1338
4 1165 1185 1354 1340
4 1166 1341 1355 1186
4 1165 1340 1341 1166
4 1354 1185 1186 1355
4 1165 1166 1186 1185
4 1340 1354 1355 1341
4 1168 1188 1357 1343
4 1169 1344 1358 1189
4 1168 1343 1344 1169
4 1357 1188 1189 1358
4 1168 1169 1189 1188
4 1343 1357 1358 1344
4 1169 1189 1358 1344
4 1170 1345 1359 1190
4 1169 1344 1345 1170
4 1358 1189 1190 1359
4 1169 1170 1190 1189
4 1344 1358 1359 1345
4 1180 1199 1366 1348
4 1181 1349 1367 1200
4 1180 1348 1349 1181
4 1366 1199 1200 1367
4 1180 1181 1200 1199
4 1348 1366 1367 1349
4 1182 1201 1368 1350
4 1183 1351 1369 1202
4 1182 1350 1351 1183
4 1368 1201 1202 1369
4 1182 1183 1202 1201
4 1350 1368 1369 1351
4 1184 1204 1371 1353
4 1185 1354 1372 1205
4 1184 1353 1354 1185
4 1371 1204 1205 1372
4 1184 1185 1205 1204
4 1353 1371 1372 1354
4 1185 1205 1372 1354
4 1186 1355 1373 1206
4 1185 1354 1355 1186
4 1372 1205 1206 1373
4 1185 1186 1206 1205
4 1354 1372 1373 1355
4 1188 1208 1375 1357
4 1189 1358 1376 1209
4 1188 1357 1358 1189
4 1375 1208 1209 1376
4 1188 1189 1209 1208
4 1357 1375 1376 1358
4 1189 1209 1376 1358
4 1190 1359 1377 1210
4 1189 1358 1359 1190
4 1376 1209 1210 1377
4 1189 1190 1210 1209
4 1358 1376 1377 1359
4 1195 1217 1384 1363
4 1196 1364 1385 1218
4 1195 1363 1364 1196
4 1384 1217 1218 1385
4 1195 1196 1218 1217
4 1363 1384 1385 1364
4 1196 1218 1385 1364
4 1197 1365 1386 1219
4 1196 1364 1365 1197
4 1385 1218 1219 1386
4 1196 1197 1219 1218
4 1364 1385 1386 1365
4 1199 1222 1390 1366
4 1200 1367 1391 1223
4 1199 1366 1367 1200
4 1390 1222 1223 1391
4 1199 1200 1223 1222
4 1366 1390 1391 1367
4 1201 1224 1392 1368
4 1202 1369 1393 1225
4 1201 1368 1369 1202
4 1392 1224 1225 1393
4 1201 1202 1225 1224
4 1368 1392 1393 1369
4 1202 1225 1393 1369
4 1203 1370 1394 1226
4 1202 1369 1370 1203
4 1393 1225 1226 1394
4 1202 1203 1226 1225
4 1369 1393 1394 1370
4 1204 1227 1395 1371
4 1205 1372 1396 1228
4 1204 1371 1372 1205
4 1395 1227 1228 1396
4 1204 1205 1228 1227
4 1371 1395 1396 1372
4 1205 1228 1396 1372
4 1206 1373 1397 1229
4 1205 1372 1373 1206
4 1396 1228 1229 1397
4 1205 1206 1229 1228
4 1372 1396 1397 1373
4 1208 1231 1398 1375
4 1209 1376 1399 1232
4 1208 1375 1376 1209
4 1398 1231 1232 1399
4 1208 1209 1232 1231
4 1375 1398 1399 1376
4 1209 1232 1399 1376
4 1210 1377 1400 1233
4 1209 1376 1377 1210
4 1399 1232 1233 1400
4 1209 1210 1233 1232
4 1376 1399 1400 1377
4 1210 1233 1400 1377
4 1211 1378 1401 1234
4 1210 1377 1378 1211
4 1400 1233 1234 1401
4 1210 1211 1234 1233
4 1377 1400 1401 1378
4 1213 1236 1403 1380
4 1214 1381 1404 1237
4 1213 1380 1381 1214
4 1403 1236 1237 1404
4 1213 1214 1237 1236
4 1380 1403 1404 1381
4 1214 1237 1404 1381
4 1215 1382 1405 1238
4 1214 1381 1382 1215
4 1404 1237 1238 1405
4 1214 1215 1238 1237
4 1381 1404 1405 1382
4 1215 1238 1405 1382
4 1216 1383 1406 1239
4 1215 1382 1383 1216
4 1405 1238 1239 1406
4 1215 1216 1239 1238
4 1382 1405 1406 1383
4 1216 1239 1406 1383
4 1217 1384 1407 1240
4 1216 1383 1384 1217
4 1406 1239 1240 1407
4 1216 1217 1240 1239
4 1383 1406 1407 1384
4 1217 1240 1407 1384
4 1218 1385 1408 1241
4 1217 1384 1385 1218
4 1407 1240 1241 1408
4 1217 1218 1241 1240
4 1384 1407 1408 1385
4 1218 1241 1408 1385
4 1219 1386 1409 1242
4 1218 1385 1386 1219
4 1408 1241 1242 1409
4 1218 1219 1242 1241
4 1385 1408 1409 1386
4 1219 1242 1409 1386
4 1220 1387 1410 1243
4 1219 1386 1387 1220
4 1409 1242 1243 1410
4 1219 1220 1243 1242
4 1386 1409 1410 1387
4 1222 1246 1413 1390
4 1223 1391 1414 1247
4 1222 1390 1391 1223
4 1413 1246 1247 1414
4 1222 1223 1247 1246
4 1390 1413 1414 1391
4 1224 1248 1415 1392
4 1225 1393 1416 1249
4 1224 1392 1393 1225
4 1415 1248 1249 1416
4 1224 1225 1249 1248
4 1392 1415 1416 1393
4 1225 1249 1416 1393
4 1226 1394 1417 1250
4 1225 1393 1394 1226
4 1416 1249 1250 1417
4 1225 1226 1250 1249
4 1393 1416 1417 1394
4 1226 1250 1417 1394
4 1227 1395 1418 1251
4 1226 1394 1395 1227
4 1417 1250 1251 1418
4 1226 1227 1251 1250
4 1394 1417 1418 1395
4 1227 1251 1418 1395
4 1228 1396 1419 1252
4 1227 1395 1396 1228
4 1418 1251 1252 1419
4 1227 1228 1252 1251
4 1395 1418 1419 1396
4 1232 1254 1421 1399
4 1233 1400 1422 1255
4 1232 1399 1400 1233
4 1421 1254 1255 1422
4 1232 1233 1255 1254
4 1399 1421 1422 1400
4 1233 1255 1422 1400
4 1234 1401 1423 1256
4 1233 1400 1401 1234
4 1422 1255 1256 1423
4 1233 1234 1256 1255
4 1400 1422 1423 1401
4 1234 1256 1423 1401
4 1235 1402 1424 1257
4 1234 1401 1402 1235
4 1423 1256 1257 1424
4 1234 1235 1257 1256
4 1401 1423 1424 1402
4 1235 1257 1424 1402
4 1236 1403 1425 1258
4 1235 1402 1403 1236
4 1424 1257 1258 1425
4 1235 1236 1258 1257
4 1402 1424 1425 1403
4 1236 1258 1425 1403
4 1237 1404 1426 1259
4 1236 1403 1404 1237
4 1425 1258 1259 1426
4 1236 1237 1259 1258
4 1403 1425 1426 1404
4 1237 1259 1426 1404
4 1238 1405 1427 1260
4 1237 1404 1405 1238
4 1426 1259 1260 1427
4 1237 1238 1260 1259
4 1404 1426 1427 1405
4 1238 1260 1427 1405
4 1239 1406 1428 1261
4 1238 1405 1406 1239
4 1427 1260 1261 1428
4 1238 1239 1261 1260
4 1405 1427 1428 1406
4 1239 1261 1428 1406
4 1240 1407 1429 1262
4 1239 1406 1407 1240
4 1428 1261 1262 1429
4 1239 1240 1262 1261
4 1406 1428 1429 1407
4 1240 1262 1429 1407
4 1241 1408 1430 1263
4 1240 1407 1408 1241
4 1429 1262 1263 1430
4 1240 1241 1263 1262
4 1407 1429 1430 1408
4 1241 1263 1430 1408
4 1242 1409 1431 1264
4 1241 1408 1409 1242
4 1430 1263 1264 1431
4 1241 1242 1264 1263
4 1408 1430 1431 1409
4 1242 1264 1431 1409
4 1243 1410 1432 1265
4 1242 1409 1410 1243
4 1431 1264 1265 1432
4 1242 1243 1265 1264
4 1409 1431 1432 1410
4 1243 1265 1432 1410
4 1244 1411 1433 1266
4 1243 1410 1411 1244
4 1432 1265 1266 1433
4 1243 1244 1266 1265
4 1410 1432 1433 1411
4 1244 1266 1433 1411
4 1245 1412 1434 1267
4 1244 1411 1412 1245
4 1433 1266 1267 1434
4 1244 1245 1267 1266
4 1411 1433 1434 1412
4 1245 1267 1434 1412
4 1246 1413 1435 1268
4 1245 1412 1413 1246
4 1434 1267 1268 1435
4 1245 1246 1268 1267
4 1412 1434 1435 1413
4 1246 1268 1435 1413
4 1247 1414 1436 1269
4 1246 1413 1414 1247
4 1435 1268 1269 1436
4 1246 1247 1269 1268
4 1413 1435 1436 1414
4 1270 1291 1457 1437
4 1271 1438 1458 1292
4 1270 1437 1438 1271
4 1457 1291 1292 1458
4 1270 1271 1292 1291
4 1437 1457 1458 1438
4 1271 1292 1458 1438
4 1272 1439 1459 1293
4 1271 1438 1439 1272
4 1458 1292 1293 1459
4 1271 1272 1293 1292
4 1438 1458 1459 1439
4 1272 1293 1459 1439
4 1273 1440 1460 1294
4 1272 1439 1440 1273
4 1459 1293 1294 1460
4 1272 1273 1294 1293
4 1439 1459 1460 1440
4 1275 1298 1462 1442
4 1276 1443 1463 1299
4 1275 1442 1443 1276
4 1462 1298 1299 1463
4 1275 1276 1299 1298
4 1442 1462 1463 1443
4 1276 1299 1463 1443
4 1277 1444 1464 1300
4 1276 1443 1444 1277
4 1463 1299 1300 1464
4 1276 1277 1300 1299
4 1443 1463 1464 1444
4 1277 1300 1464 1444
4 1278 1445 1465 1301
4 1277 1444 1445 1278
4 1464 1300 1301 1465
4 1277 1278 1301 1300
4 1444 1464 1465 1445
4 1278 1301 1465 1445
4 1279 1446 1466 1302
4 1278 1445 1446 1279
4 1465 1301 1302 1466
4 1278 1279 1302 1301
4 1445 1465 1466 1446
4 1279 1302 1466 1446
4 1280 1447 1467 1303
4 1279 1446 1447 1280
4 1466 1302 1303 1467
4 1279 1280 1303 1302
4 1446 1466 1467 1447
4 1280 1303 1467 1447
4 1281 1448 1468 1304
4 1280 1447 1448 1281
4 1467 1303 1304 1468
4 1280 1281 1304 1303
4 1447 1467 1468 1448
4 1281 1304 1468 1448
4 1282 1449 1469 1305
4 1281 1448 1449 1282
4 1468 1304 1305 1469
4 1281 1282 1305 1304
4 1448 1468 1469 1449
4 1282 1305 1469 1449
4 1283 1450 1470 1306
4 1282 1449 1450 1283
4 1469 1305 1306 1470
4 1282 1283 1306 1305
4 1449 1469 1470 1450
4 1283 1306 1470 1450
4 1284 1451 1471 1307
4 1283 1450 1451 1284
4 1470 1306 1307 1471
4 1283 1284 1307 1306
4 1450 1470 1471 1451
4 1284 1307 1471 1451
4 1285 1452 1472 1308
4 1284 1451 1452 1285
4 1471 1307 1308 1472
4 1284 1285 1308 1307
4 1451 1471 1472 1452
4 1285 1308 1472 1452
4 1286 1453 1473 1309
4 1285 1452 1453 1286
4 1472 1308 1309 1473
4 1285 1286 1309 1308
4 1452 1472 1473 1453
4 1286 1309 1473 1453
4 1287 1454 1474 1310
4 1286 1453 1454 1287
4 1473 1309 1310 1474
4 1286 1287 1310 1309
4 1453 1473 1474 1454
4 1287 1310 1474 1454
4 1288 1455 1475 1311
4 1287 1454 1455 1288
4 1474 1310 1311 1475
4 1287 1288 1311 1310
4 1454 1474 1475 1455
4 1290 1313 1477 1456
4 1291 1457 1478 1314
4 1290 1456 1457 1291
4 1477 1313 1314 1478
4 1290 1291 1314 1313
4 1456 1477 1478 1457
4 1291 1314 1478 1457
4 1292 1458 1479 1315
4 1291 1457 1458 1292
4 1478 1314 1315 1479
4 1291 1292 1315 1314
4 1457 1478 1479 1458
4 1293 1316 1480 1459
4 1294 1460 1481 1317
4 1293 1459 1460 1294
4 1480 1316 1317 1481
4 1293 1294 1317 1316
4 1459 1480 1481 1460
4 1294 1317 1481 1460
4 1295 1461 1482 1318
4 1294 1460 1461 1295
4 1481 1317 1318 1482
4 1294 1295 1318 1317
4 1460 1481 1482 1461
4 1298 1322 1485 1462
4 1299 1463 1486 1323
4 1298 1462 1463 1299
4 1485 1322 1323 1486
4 1298 1299 1323 1322
4 1462 1485 1486 1463
4 1299 1323 1486 1463
4 1300 1464 1487 1324
4 1299 1463 1464 1300
4 1486 1323 1324 1487
4 1299 1300 1324 1323
4 1463 1486 1487 1464
4 1300 1324 1487 1464
4 1301 1465 1488 1325
4 1300 1464 1465 1301
4 1487 1324 1325 1488
4 1300 1301 1325 1324
4 1464 1487 1488 1465
4 1303 1327 1490 1467
4 1304 1468 1491 1328
4 1303 1467 1468 1304
4 1490 1327 1328 1491
4 1303 1304 1328 1327
4 1467 1490 1491 1468
4 1304 1328 1491 1468
4 1305 1469 1492 1329
4 1304 1468 1469 1305
4 1491 1328 1329 1492
4 1304 1305 1329 1328
4 1468 1491 1492 1469
4 1305 1329 1492 1469
4 1306 1470 1493 1330
4 1305 1469 1470 1306
4 1492 1329 1330 1493
4 1305 1306 1330 1329
4 1469 1492 1493 1470
4 1306 1330 1493 1470
4 1307 1471 1494 1331
4 1306 1470 1471 1307
4 1493 1330 1331 1494
4 1306 1307 1331 1330
4 1470 1493 1494 1471
4 1307 1331 1494 1471
4 1308 1472 1495 1332
4 1307 1471 1472 1308
4 1494 1331 1332 1495
4 1307 1308 1332 1331
4 1471 1494 1495 1472
4 1308 1332 1495 1472
4 1309 1473 1496 1333
4 1308 1472 1473 1309
4 1495 1332 1333 1496
4 1308 1309 1333 1332
4 1472 1495 1496 1473
4 1309 1333 1496 1473
4 1310 1474 1497 1334
4 1309 1473 1474 1310
4 1496 1333 1334 1497
4 1309 1310 1334 1333
4 1473 1496 1497 1474
4 1310 1334 1497 1474
4 1311 1475 1498 1335
4 1310 1474 1475 1311
4 1497 1334 1335 1498
4 1310 1311 1335 1334
4 1474 1497 1498 1475
4 1311 1335 1498 1475
4 1312 1476 1499 1336
4 1311 1475 1476 1312
4 1498 1335 1336 1499
4 1311 1312 1336 1335
4 1475 1498 1499 1476
4 1313 1337 1500 1477
4 1314 1478 1501 1338
4 1313 1477 1478 1314
4 1500 1337 1338 1501
4 1313 1314 1338 1337
4 1477 1500 1501 1478
4 1314 1338 1501 1478
4 1315 1479 1502 1339
4 1314 1478 1479 1315
4 1501 1338 1339 1502
4 1314 1315 1339 1338
4 1478 1501 1502 1479
4 1317 1340 1503 1481
4 1318 1482 1504 1341
4 1317 1481 1482 1318
4 1503 1340 1341 1504
4 1317 1318 1341 1340
4 1481 1503 1504 1482
4 1318 1341 1504 1482
4 1319 1483 1505 1342
4 1318 1482 1483 1319
4 1504 1341 1342 1505
4 1318 1319 1342 1341
4 1482 1504 1505 1483
4 1321 1344 1506 1484
4 1322 1485 1507 1345
4 1321 1484 1485 1322
4 1506 1344 1345 1507
4 1321 1322 1345 1344
4 1484 1506 1507 1485
4 1322 1345 1507 1485
4 1323 1486 1508 1346
4 1322 1485 1486 1323
4 1507 1345 1346 1508
4 1322 1323 1346 1345
4 1485 1507 1508 1486
4 1323 1346 1508 1486
4 1324 1487 1509 1347
4 1323 1486 1487 1324
4 1508 1346 1347 1509
4 1323 1324 1347 1346
4 1486 1508 1509 1487
4 1335 1348 1520 1498
4 1336 1499 1521 1349
4 1335 1498 1499 1336
4 1520 1348 1349 1521
4 1335 1336 1349 1348
4 1498 1520 1521 1499
4 1337 1350 1522 1500
4 1338 1501 1523 1351
4 1337 1500 1501 1338
4 1522 1350 1351 1523
4 1337 1338 1351 1350
4 1500 1522 1523 1501
4 1338 1351 1523 1501
4 1339 1502 1524 1352
4 1338 1501 1502 1339
4 1523 1351 1352 1524
4 1338 1339 1352 1351
4 1501 1523 1524 1502
4 1340 1354 1525 1503
4 1341 1504 1526 1355
4 1340 1503 1504 1341
4 1525 1354 1355 1526
4 1340 1341 1355 1354
4 1503 1525 1526 1504
4 1341 1355 1526 1504
4 1342 1505 1527 1356
4 1341 1504 1505 1342
4 1526 1355 1356 1527
4 1341 1342 1356 1355
4 1504 1526 1527 1505
4 1344 1358 1528 1506
4 1345 1507 1529 1359
4 1344 1506 1507 1345
4 1528 1358 1359 1529
4 1344 1345 1359 1358
4 1506 1528 1529 1507
4 1345 1359 1529 1507
4 1346 1508 1530 1360
4 1345 1507 1508 1346
4 1529 1359 1360 1530
4 1345 1346 1360 1359
4 1507 1529 1530 1508
4 1348 1366 1542 1520
4 1349 1521 1543 1367
4 1348 1520 1521 1349
4 1542 1366 1367 1543
4 1348 1349 1367 1366
4 1520 1542 1543 1521
4 1350 1368 1544 1522
4 1351 1523 1545 1369
4 1350 1522 1523 1351
4 1544 1368 1369 1545
4 1350 1351 1369 1368
4 1522 1544 1545 1523
4 1351 1369 1545 1523
4 1352 1524 1546 1370
4 1351 1523 1524 1352
4 1545 1369 1370 1546
4 1351 1352 1370 1369
4 1523 1545 1546 1524
4 1354 1372 1548 1525
4 1355 1526 1549 1373
4 1354 1525 1526 1355
4 1548 1372 1373 1549
4 1354 1355 1373 1372
4 1525 1548 1549 1526
4 1355 1373 1549 1526
4 1356 1527 1550 1374
4 1355 1526 1527 1356
4 1549 1373 1374 1550
4 1355 1356 1374 1373
4 1526 1549 1550 1527
4 1358 1376 1551 1528
4 1359 1529 1552 1377
4 1358 1528 1529 1359
4 1551 1376 1377 1552
4 1358 1359 1377 1376
4 1528 1551 1552 1529
4 1359 1377 1552 1529
4 1360 1530 1553 1378
4 1359 1529 1530 1360
4 1552 1377 1378 1553
4 1359 1360 1378 1377
4 1529 1552 1553 1530
4 1360 1378 1553 1530
4 1361 1531 1554 1379
4 1360 1530 1531 1361
4 1553 1378 1379 1554
4 1360 1361 1379 1378
4 1530 1553 1554 1531
4 1361 1379 1554 1531
4 1362 1532 1555 1380
4 1361 1531 1532 1362
4 1554 1379 1380 1555
4 1361 1362 1380 1379
4 1531 1554 1555 1532
4 1366 1390 1565 1542
4 1367 1543 1566 1391
4 1366 1542 1543 1367
4 1565 1390 1391 1566
4 1366 1367 1391 1390
4 1542 1565 1566 1543
4 1368 1392 1567 1544
4 1369 1545 1568 1393
4 1368 1544 1545 1369
4 1567 1392 1393 1568
4 1368 1369 1393 1392
4 1544 1567 1568 1545
4 1369 1393 1568 1545
4 1370 1546 1569 1394
4 1369 1545 1546 1370
4 1568 1393 1394 1569
4 1369 1370 1394 1393
4 1545 1568 1569 1546
4 1371 1395 1570 1547
4 1372 1548 1571 1396
4 1371 1547 1548 1372
4 1570 1395 1396 1571
4 1371 1372 1396 1395
4 1547 1570 1571 1548
4 1372 1396 1571 1548
4 1373 1549 1572 1397
4 1372 1548 1549 1373
4 1571 1396 1397 1572
4 1372 1373 1397 1396
4 1548 1571 1572 1549
4 1376 1399 1574 1551
4 1377 1552 1575 1400
4 1376 1551 1552 1377
4 1574 1399 1400 1575
4 1376 1377 1400 1399
4 1551 1574 1575 1552
4 1377 1400 1575 1552
4 1378 1553 1576 1401
4 1377 1552 1553 1378
4 1575 1400 1401 1576
4 1377 1378 1401 1400
4 1552 1575 1576 1553
4 1378 1401 1576 1553
4 1379 1554 1577 1402
4 1378 1553 1554 1379
4 1576 1401 1402 1577
4 1378 1379 1402 1401
4 1553 1576 1577 1554
4 1379 1402 1577 1554
4 1380 1555 1578 1403
4 1379 1554 1555 1380
4 1577 1402 1403 1578
4 1379 1380 1403 1402
4 1554 1577 1578 1555
4 1380 1403 1578 1555
4 1381 1556 1579 1404
4 1380 1555 1556 1381
4 1578 1403 1404 1579
4 1380 1381 1404 1403
4 1555 1578 1579 1556
4 1381 1404 1579 1556
4 1382 1557 1580 1405
4 1381 1556 1557 1382
4 1579 1404 1405 1580
4 1381 1382 1405 1404
4 1556 1579 1580 1557
4 1382 1405 1580 1557
4 1383 1558 1581 1406
4 1382 1557 1558 1383
4 1580 1405 1406 1581
4 1382 1383 1406 1405
4 1557 1580 1581 1558
4 1383 1406 1581 1558
4 1384 1559 1582 1407
4 1383 1558 1559 1384
4 1581 1406 1407 1582
4 1383 1384 1407 1406
4 1558 1581 1582 1559
4 1384 1407 1582 1559
4 1385 1560 1583 1408
4 1384 1559 1560 1385
4 1582 1407 1408 1583
4 1384 1385 1408 1407
4 1559 1582 1583 1560
4 1385 1408 1583 1560
4 1386 1561 1584 1409
4 1385 1560 1561 1386
4 1583 1408 1409 1584
4 1385 1386 1409 1408
4 1560 1583 1584 1561
4 1386 1409 1584 1561
4 1387 1562 1585 1410
4 1386 1561 1562 1387
4 1584 1409 1410 1585
4 1386 1387 1410 1409
4 1561 1584 1585 1562
4 1387 1410 1585 1562
4 1388 1563 1586 1411
4 1387 1562 1563 1388
4 1585 1410 1411 1586
4 1387 1388 1411 1410
4 1562 1585 1586 1563
4 1388 1411 1586 1563
4 1389 1564 1587 1412
4 1388 1563 1564 1389
4 1586 1411 1412 1587
4 1388 1389 1412 1411
4 1563 1586 1587 1564
4 1389 1412 1587 1564
4 1390 1565 1588 1413
4 1389 1564 1565 1390
4 1587 1412 1413 1588
4 1389 1390 1413 1412
4 1564 1587 1588 1565
4 1390 1413 1588 1565
4 1391 1566 1589 1414
4 1390 1565 1566 1391
4 1588 1413 1414 1589
4 1390 1391 1414 1413
4 1565 1588 1589 1566
4 1393 1416 1590 1568
4 1394 1569 1591 1417
4 1393 1568 1569 1394
4 1590 1416 1417 1591
4 1393 1394 1417 1416
4 1568 1590 1591 1569
4 1394 1417 1591 1569
4 1395 1570 1592 1418
4 1394 1569 1570 1395
4 1591 1417 1418 1592
4 1394 1395 1418 1417
4 1569 1591 1592 1570
4 1395 1418 1592 1570
4 1396 1571 1593 1419
4 1395 1570 1571 1396
4 1592 1418 1419 1593
4 1395 1396 1419 1418
4 1570 1592 1593 1571
4 1396 1419 1593 1571
4 1397 1572 1594 1420
4 1396 1571 1572 1397
4 1593 1419 1420 1594
4 1396 1397 1420 1419
4 1571 1593 1594 1572
4 1400 1422 1595 1575
4 1401 1576 1596 1423
4 1400 1575 1576 1401
4 1595 1422 1423 1596
4 1400 1401 1423 1422
4 1575 1595 1596 1576
4 1401 1423 1596 1576
4 1402 1577 1597 1424
4 1401 1576 1577 1402
4 1596 1423 1424 1597
4 1401 1402 1424 1423
4 1576 1596 1597 1577
4 1402 1424 1597 1577
4 1403 1578 1598 1425
4 1402 1577 1578 1403
4 1597 1424 1425 1598
4 1402 1403 1425 1424
4 1577 1597 1598 1578
4 1403 1425 1598 1578
4 1404 1579 1599 1426
4 1403 1578 1579 1404
4 1598 1425 1426 1599
4 1403 1404 1426 1425
4 1578 1598 1599 1579
4 1404 1426 1599 1579
4 1405 1580 1600 1427
4 1404 1579 1580 1405
4 1599 1426 1427 1600
4 1404 1405 1427 1426
4 1579 1599 1600 1580
4 1405 1427 1600 1580
4 1406 1581 1601 1428
4 1405 1580 1581 1406
4 1600 1427 1428 1601
4 1405 1406 1428 1427
4 1580 1600 1601 1581
4 1406 1428 1601 1581
4 1407 1582 1602 1429
4 1406 1581 1582 1407
4 1601 1428 1429 1602
4 1406 1407 1429 1428
4 1581 1601 1602 1582
4 1407 1429 1602 1582
4 1408 1583 1603 1430
4 1407 1582 1583 1408
4 1602 1429 1430 1603
4 1407 1408 1430 1429
4 1582 1602 1603 1583
4 1408 1430 1603 1583
4 1409 1584 1604 1431
4 1408 1583 1584 1409
4 1603 1430 1431 1604
4 1408 1409 1431 1430
4 1583 1603 1604 1584
4 1409 1431 1604 1584
4 1410 1585 1605 1432
4 1409 1584 1585 1410
4 1604 1431 1432 1605
4 1409 1410 1432 1431
4 1584 1604 1605 1585
4 1410 1432 1605 1585
4 1411 1586 1606 1433
4 1410 1585 1586 1411
4 1605 1432 1433 1606
4 1410 1411 1433 1432
4 1585 1605 1606 1586
4 1411 1433 1606 1586
4 1412 1587 1607 1434
4 1411 1586 1587 1412
4 1606 1433 1434 1607
4 1411 1412 1434 1433
4 1586 1606 1607 1587
4 1412 1434 1607 1587
4 1413 1588 1608 1435
4 1412 1587 1588 1413
4 1607 1434 1435 1608
4 1412 1413 1435 1434
4 1587 1607 1608 1588
4 1413 1435 1608 1588
4 1414 1589 1609 1436
4 1413 1588 1589 1414
4 1608 1435 1436 1609
4 1413 1414 1436 1435
4 1588 1608 1609 1589
4 1437 1457 1622 1610
4 1438 1611 1623 1458
4 1437 1610 1611 1438
4 1622 1457 1458 1623
4 1437 1438 1458 1457
4 1610 1622 1623 1611
4 1438 1458 1623 1611
4 1439 1612 1624 1459
4 1438 1611 1612 1439
4 1623 1458 1459 1624
4 1438 1439 1459 1458
4 1611 1623 1624 1612
4 1439 1459 1624 1612
4 1440 1613 1625 1460
4 1439 1612 1613 1440
4 1624 1459 1460 1625
4 1439 1440 1460 1459
4 1612 1624 1625 1613
4 1440 1460 1625 1613
4 1441 1614 1626 1461
4 1440 1613 1614 1441
4 1625 1460 1461 1626
4 1440 1441 1461 1460
4 1613 1625 1626 1614
4 1444 1464 1629 1615
4 1445 1616 1630 1465
4 1444 1615 1616 1445
4 1629 1464 1465 1630
4 1444 1445 1465 1464
4 1615 1629 1630 1616
4 1445 1465 1630 1616
4 1446 1617 1631 1466
4 1445 1616 1617 1446
4 1630 1465 1466 1631
4 1445 1446 1466 1465
4 1616 1630 1631 1617
4 1446 1466 1631 1617
4 1447 1618 1632 1467
4 1446 1617 1618 1447
4 1631 1466 1467 1632
4 1446 1447 1467 1466
4 1617 1631 1632 1618
4 1447 1467 1632 1618
4 1448 1619 1633 1468
4 1447 1618 1619 1448
4 1632 1467 1468 1633
4 1447 1448 1468 1467
4 1618 1632 1633 1619
4 1450 1470 1635 1620
4 1451 1621 1636 1471
4 1450 1620 1621 1451
4 1635 1470 1471 1636
4 1450 1451 1471 1470
4 1620 1635 1636 1621
4 1457 1478 1642 1622
4 1458 1623 1643 1479
4 1457 1622 1623 1458
4 1642 1478 1479 1643
4 1457 1458 1479 1478
4 1622 1642 1643 1623
4 1458 1479 1643 1623
4 1459 1624 1644 1480
4 1458 1623 1624 1459
4 1643 1479 1480 1644
4 1458 1459 1480 1479
4 1623 1643 1644 1624
4 1459 1480 1644 1624
4 1460 1625 1645 1481
4 1459 1624 1625 1460
4 1644 1480 1481 1645
4 1459 1460 1481 1480
4 1624 1644 1645 1625
4 1460 1481 1645 1625
4 1461 1626 1646 1482
4 1460 1625 1626 1461
4 1645 1481 1482 1646
4 1460 1461 1482 1481
4 1625 1645 1646 1626
4 1463 1486 1649 1628
4 1464 1629 1650 1487
4 1463 1628 1629 1464
4 1649 1486 1487 1650
4 1463 1464 1487 1486
4 1628 1649 1650 1629
4 1464 1487 1650 1629
4 1465 1630 1651 1488
4 1464 1629 1630 1465
4 1650 1487 1488 1651
4 1464 1465 1488 1487
4 1629 1650 1651 1630
4 1465 1488 1651 1630
4 1466 1631 1652 1489
4 1465 1630 1631 1466
4 1651 1488 1489 1652
4 1465 1466 1489 1488
4 1630 1651 1652 1631
4 1466 1489 1652 1631
4 1467 1632 1653 1490
4 1466 1631 1632 1467
4 1652 1489 1490 1653
4 1466 1467 1490 1489
4 1631 1652 1653 1632
4 1467 1490 1653 1632
4 1468 1633 1654 1491
4 1467 1632 1633 1468
4 1653 1490 1491 1654
4 1467 1468 1491 1490
4 1632 1653 1654 1633
4 1468 1491 1654 1633
4 1469 1634 1655 1492
4 1468 1633 1634 1469
4 1654 1491 1492 1655
4 1468 1469 1492 1491
4 1633 1654 1655 1634
4 1469 1492 1655 1634
4 1470 1635 1656 1493
4 1469 1634 1635 1470
4 1655 1492 1493 1656
4 1469 1470 1493 1492
4 1634 1655 1656 1635
4 1470 1493 1656 1635
4 1471 1636 1657 1494
4 1470 1635 1636 1471
4 1656 1493 1494 1657
4 1470 1471 1494 1493
4 1635 1656 1657 1636
4 1471 1494 1657 1636
4 1472 1637 1658 1495
4 1471 1636 1637 1472
4 1657 1494 1495 1658
4 1471 1472 1495 1494
4 1636 1657 1658 1637
4 1472 1495 1658 1637
4 1473 1638 1659 1496
4 1472 1637 1638 1473
4 1658 1495 1496 1659
4 1472 1473 1496 1495
4 1637 1658 1659 1638
4 1473 1496 1659 1638
4 1474 1639 1660 1497
4 1473 1638 1639 1474
4 1659 1496 1497 1660
4 1473 1474 1497 1496
4 1638 1659 1660 1639
4 1474 1497 1660 1639
4 1475 1640 1661 1498
4 1474 1639 1640 1475
4 1660 1497 1498 1661
4 1474 1475 1498 1497
4 1639 1660 1661 1640
4 1475 1498 1661 1640
4 1476 1641 1662 1499
4 1475 1640 1641 1476
4 1661 1498 1499 1662
4 1475 1476 1499 1498
4 1640 1661 1662 1641
4 1478 1501 1663 1642
4 1479 1643 1664 1502
4 1478 1642 1643 1479
4 1663 1501 1502 1664
4 1478 1479 1502 1501
4 1642 1663 1664 1643
4 1481 1503 1666 1645
4 1482 1646 1667 1504
4 1481 1645 1646 1482
4 1666 1503 1504 1667
4 1481 1482 1504 1503
4 1645 1666 1667 1646
4 1482 1504 1667 1646
4 1483 1647 1668 1505
4 1482 1646 1647 1483
4 1667 1504 1505 1668
4 1482 1483 1505 1504
4 1646 1667 1668 1647
4 1485 1507 1669 1648
4 1486 1649 1670 1508
4 1485 1648 1649 1486
4 1669 1507 1508 1670
4 1485 1486 1508 1507
4 1648 1669 1670 1649
4 1486 1508 1670 1649
4 1487 1650 1671 1509
4 1486 1649 1650 1487
4 1670 1508 1509 1671
4 1486 1487 1509 1508
4 1649 1670 1671 1650
4 1487 1509 1671 1650
4 1488 1651 1672 1510
4 1487 1650 1651 1488
4 1671 1509 1510 1672
4 1487 1488 1510 1509
4 1650 1671 1672 1651
4 1488 1510 1672 1651
4 1489 1652 1673 1511
4 1488 1651 1652 1489
4 1672 1510 1511 1673
4 1488 1489 1511 1510
4 1651 1672 1673 1652
4 1489 1511 1673 1652
4 1490 1653 1674 1512
4 1489 1652 1653 1490
4 1673 1511 1512 1674
4 1489 1490 1512 1511
4 1652 1673 1674 1653
4 1490 1512 1674 1653
4 1491 1654 1675 1513
4 1490 1653 1654 1491
4 1674 1512 1513 1675
4 1490 1491 1513 1512
4 1653 1674 1675 1654
4 1491 1513 1675 1654
4 1492 1655 1676 1514
4 1491 1654 1655 1492
4 1675 1513 1514 1676
4 1491 1492 1514 1513
4 1654 1675 1676 1655
4 1492 1514 1676 1655
4 1493 1656 1677 1515
4 1492 1655 1656 1493
4 1676 1514 1515 1677
4 1492 1493 1515 1514
4 1655 1676 1677 1656
4 1493 1515 1677 1656
4 1494 1657 1678 1516
4 1493 1656 1657 1494
4 1677 1515 1516 1678
4 1493 1494 1516 1515
4 1656 1677 1678 1657
4 1494 1516 1678 1657
4 1495 1658 1679 1517
4 1494 1657 1658 1495
4 1678 1516 1517 1679
4 1494 1495 1517 1516
4 1657 1678 1679 1658
4 1495 1517 1679 1658
4 1496 1659 1680 1518
4 1495 1658 1659 1496
4 1679 1517 1518 1680
4 1495 1496 1518 1517
4 1658 1679 1680 1659
4 1496 1518 1680 1659
4 1497 1660 1681 1519
4 1496 1659 1660 1497
4 1680 1518 1519 1681
4 1496 1497 1519 1518
4 1659 1680 1681 1660
4 1497 1519 1681 1660
4 1498 1661 1682 1520
4 1497 1660 1661 1498
4 1681 1519 1520 1682
4 1497 1498 1520 1519
4 1660 1681 1682 1661
4 1498 1520 1682 1661
4 1499 1662 1683 1521
4 1498 1661 1662 1499
4 1682 1520 1521 1683
4 1498 1499 1521 1520
4 1661 1682 1683 1662
4 1501 1523 1684 1663
4 1502 1664 1685 1524
4 1501 1663 1664 1502
4 1684 1523 1524 1685
4 1501 1502 1524 1523
4 1663 1684 1685 1664
4 1503 1525 1687 1666
4 1504 1667 1688 1526
4 1503 1666 1667 1504
4 1687 1525 1526 1688
4 1503 1504 1526 1525
4 1666 1687 1688 1667
4 1504 1526 1688 1667
4 1505 1668 1689 1527
4 1504 1667 1668 1505
4 1688 1526 1527 1689
4 1504 1505 1527 1526
4 1667 1688 1689 1668
4 1507 1529 1690 1669
4 1508 1670 1691 1530
4 1507 1669 1670 1508
4 1690 1529 1530 1691
4 1507 1508 1530 1529
4 1669 1690 1691 1670
4 1508 1530 1691 1670
4 1509 1671 1692 1531
4 1508 1670 1671 1509
4 1691 1530 1531 1692
4 1508 1509 1531 1530
4 1670 1691 1692 1671
4 1509 1531 1692 1671
4 1510 1672 1693 1532
4 1509 1671 1672 1510
4 1692 1531 1532 1693
4 1509 1510 1532 1531
4 1671 1692 1693 1672
4 1510 1532 1693 1672
4 1511 1673 1694 1533
4 1510 1672 1673 1511
4 1693 1532 1533 1694
4 1510 1511 1533 1532
4 1672 1693 1694 1673
4 1511 1533 1694 1673
4 1512 1674 1695 1534
4 1511 1673 1674 1512
4 1694 1533 1534 1695
4 1511 1512 1534 1533
4 1673 1694 1695 1674
4 1512 1534 1695 1674
4 1513 1675 1696 1535
4 1512 1674 1675 1513
4 1695 1534 1535 1696
4 1512 1513 1535 1534
4 1674 1695 1696 1675
4 1513 1535 1696 1675
4 1514 1676 1697 1536
4 1513 1675 1676 1514
4 1696 1535 1536 1697
4 1513 1514 1536 1535
4 1675 1696 1697 1676
4 1514 1536 1697 1676
4 1515 1677 1698 1537
4 1514 1676 1677 1515
4 1697 1536 1537 1698
4 1514 1515 1537 1536
4 1676 1697 1698 1677
4 1515 1537 1698 1677
4 1516 1678 1699 1538
4 1515 1677 1678 1516
4 1698 1537 1538 1699
4 1515 1516 1538 1537
4 1677 1698 1699 1678
4 1516 1538 1699 1678
4 1517 1679 1700 1539
4 1516 1678 1679 1517
4 1699 1538 1539 1700
4 1516 1517 1539 1538
4 1678 1699 1700 1679
4 1517 1539 1700 1679
4 1518 1680 1701 1540
4 1517 1679 1680 1518
4 1700 1539 1540 1701
4 1517 1518 1540 1539
4 1679 1700 1701 1680
4 1518 1540 1701 1680
4 1519 1681 1702 1541
4 1518 1680 1681 1519
4 1701 1540 1541 1702
4 1518 1519 1541 1540
4 1680 1701 1702 1681
4 1519 1541 1702 1681
4 1520 1682 1703 1542
4 1519 1681 1682 1520
4 1702 1541 1542 1703
4 1519 1520 1542 1541
4 1681 1702 1703 1682
4 1520 1542 1703 1682
4 1521 1683 1704 1543
4 1520 1682 1683 1521
4 1703 1542 1543 1704
4 1520 1521 1543 1542
4 1682 1703 1704 1683
4 1523 1545 1705 1684
4 1524 1685 1706 1546
4 1523 1684 1685 1524
4 1705 1545 1546 1706
4 1523 1524 1546 1545
4 1684 1705 1706 1685
4 1525 1548 1708 1687
4 1526 1688 1709 1549
4 1525 1687 1688 1526
4 1708 1548 1549 1709
4 1525 1526 1549 1548
4 1687 1708 1709 1688
4 1526 1549 1709 1688
4 1527 1689 1710 1550
4 1526 1688 1689 1527
4 1709 1549 1550 1710
4 1526 1527 1550 1549
4 1688 1709 1710 1689
4 1529 1552 1711 1690
4 1530 1691 1712 1553
4 1529 1690 1691 1530
4 1711 1552 1553 1712
4 1529 1530 1553 1552
4 1690 1711 1712 1691
4 1530 1553 1712 1691
4 1531 1692 1713 1554
4 1530 1691 1692 1531
4 1712 1553 1554 1713
4 1530 1531 1554 1553
4 1691 1712 1713 1692
4 1531 1554 1713 1692
4 1532 1693 1714 1555
4 1531 1692 1693 1532
4 1713 1554 1555 1714
4 1531 1532 1555 1554
4 1692 1713 1714 1693
4 1532 1555 1714 1693
4 1533 1694 1715 1556
4 1532 1693 1694 1533
4 1714 1555 1556 1715
4 1532 1533 1556 1555
4 1693 1714 1715 1694
4 1533 1556 1715 1694
4 1534 1695 1716 1557
4 1533 1694 1695 1534
4 1715 1556 1557 1716
4 1533 1534 1557 1556
4 1694 1715 1716 1695
4 1534 1557 1716 1695
4 1535 1696 1717 1558
4 1534 1695 1696 1535
4 1716 1557 1558 1717
4 1534 1535 1558 1557
4 1695 1716 1717 1696
4 1535 1558 1717 1696
4 1536 1697 1718 1559
4 1535 1696 1697 1536
4 1717 1558 1559 1718
4 1535 1536 1559 1558
4 1696 1717 1718 1697
4 1536 1559 1718 1697
4 1537 1698 1719 1560
4 1536 1697 1698 1537
4 1718 1559 1560 1719
4 1536 1537 1560 1559
4 1697 1718 1719 1698
4 1537 1560 1719 1698
4 1538 1699 1720 1561
4 1537 1698 1699 1538
4 1719 1560 1561 1720
4 1537 1538 1561 1560
4 1698 1719 1720 1699
4 1538 1561 1720 1699
4 1539 1700 1721 1562
4 1538 1699 1700 1539
4 1720 1561 1562 1721
4 1538 1539 1562 1561
4 1699 1720 1721 1700
4 1539 1562 1721 1700
4 1540 1701 1722 1563
4 1539 1700 1701 1540
4 1721 1562 1563 1722
4 1539 1540 1563 1562
4 1700 1721 1722 1701
4 1540 1563 1722 1701
4 1541 1702 1723 1564
4 1540 1701 1702 1541
4 1722 1563 1564 1723
4 1540 1541 1564 1563
4 1701 1722 1723 1702
4 1541 1564 1723 1702
4 1542 1703 1724 1565
4 1541 1702 1703 1542
4 1723 1564 1565 1724
4 1541 1542 1565 1564
4 1702 1723 1724 1703
4 1542 1565 1724 1703
4 1543 1704 1725 1566
4 1542 1703 1704 1543
4 1724 1565 1566 1725
4 1542 1543 1566 1565
4 1703 1724 1725 1704
4 1545 1568 1726 1705
4 1546 1706 1727 1569
4 1545 1705 1706 1546
4 1726 1568 1569 1727
4 1545 1546 1569 1568
4 1705 1726 1727 1706
4 1546 1569 1727 1706
4 1547 1707 1728 1570
4 1546 1706 1707 1547
4 1727 1569 1570 1728
4 1546 1547 1570 1569
4 1706 1727 1728 1707
4 1548 1571 1729 1708
4 1549 1709 1730 1572
4 1548 1708 1709 1549
4 1729 1571 1572 1730
4 1548 1549 1572 1571
4 1708 1729 1730 1709
4 1549 1572 1730 1709
4 1550 1710 1731 1573
4 1549 1709 1710 1550
4 1730 1572 1573 1731
4 1549 1550 1573 1572
4 1709 1730 1731 1710
4 1554 1577 1732 1713
4 1555 1714 1733 1578
4 1554 1713 1714 1555
4 1732 1577 1578 1733
4 1554 1555 1578 1577
4 1713 1732 1733 1714
4 1555 1578 1733 1714
4 1556 1715 1734 1579
4 1555 1714 1715 1556
4 1733 1578 1579 1734
4 1555 1556 1579 1578
4 1714 1733 1734 1715
4 1556 1579 1734 1715
4 1557 1716 1735 1580
4 1556 1715 1716 1557
4 1734 1579 1580 1735
4 1556 1557 1580 1579
4 1715 1734 1735 1716
4 1557 1580 1735 1716
4 1558 1717 1736 1581
4 1557 1716 1717 1558
4 1735 1580 1581 1736
4 1557 1558 1581 1580
4 1716 1735 1736 1717
4 1558 1581 1736 1717
4 1559 1718 1737 1582
4 1558 1717 1718 1559
4 1736 1581 1582 1737
4 1558 1559 1582 1581
4 1717 1736 1737 1718
4 1559 1582 1737 1718
4 1560 1719 1738 1583
4 1559 1718 1719 1560
4 1737 1582 1583 1738
4 1559 1560 1583 1582
4 1718 1737 1738 1719
4 1560 1583 1738 1719
4 1561 1720 1739 1584
4 1560 1719 1720 1561
4 1738 1583 1584 1739
4 1560 1561 1584 1583
4 1719 1738 1739 1720
4 1561 1584 1739 1720
4 1562 1721 1740 1585
4 1561 1720 1721 1562
4 1739 1584 1585 1740
4 1561 1562 1585 1584
4 1720 1739 1740 1721
4 1562 1585 1740 1721
4 1563 1722 1741 1586
4 1562 1721 1722 1563
4 1740 1585 1586 1741
4 1562 1563 1586 1585
4 1721 1740 1741 1722
4 1563 1586 1741 1722
4 1564 1723 1742 1587
4 1563 1722 1723 1564
4 1741 1586 1587 1742
4 1563 1564 1587 1586
4 1722 1741 1742 1723
4 1564 1587 1742 1723
4 1565 1724 1743 1588
4 1564 1723 1724 1565
4 1742 1587 1588 1743
4 1564 1565 1588 1587
4 1723 1742 1743 1724
4 1565 1588 1743 1724
4 1566 1725 1744 1589
4 1565 1724 1725 1566
4 1743 1588 1589 1744
4 1565 1566 1589 1588
4 1724 1743 1744 1725
4 1568 1590 1745 1726
4 1569 1727 1746 1591
4 1568 1726 1727 1569
4 1745 1590 1591 1746
4 1568 1569 1591 1590
4 1726 1745 1746 1727
4 1569 1591 1746 1727
4 1570 1728 1747 1592
4 1569 1727 1728 1570
4 1746 1591 1592 1747
4 1569 1570 1592 1591
4 1727 1746 1747 1728
4 1570 1592 1747 1728
4 1571 1729 1748 1593
4 1570 1728 1729 1571
4 1747 1592 1593 1748
4 1570 1571 1593 1592
4 1728 1747 1748 1729
4 1571 1593 1748 1729
4 1572 1730 1749 1594
4 1571 1729 1730 1572
4 1748 1593 1594 1749
4 1571 1572 1594 1593
4 1729 1748 1749 1730
4 1578 1598 1750 1733
4 1579 1734 1751 1599
4 1578 1733 1734 1579
4 1750 1598 1599 1751
4 1578 1579 1599 1598
4 1733 1750 1751 1734
4 1579 1599 1751 1734
4 1580 1735 1752 1600
4 1579 1734 1735 1580
4 1751 1599 1600 1752
4 1579 1580 1600 1599
4 1734 1751 1752 1735
4 1580 1600 1752 1735
4 1581 1736 1753 1601
4 1580 1735 1736 1581
4 1752 1600 1601 1753
4 1580 1581 1601 1600
4 1735 1752 1753 1736
4 1583 1603 1754 1738
4 1584 1739 1755 1604
4 1583 1738 1739 1584
4 1754 1603 1604 1755
4 1583 1584 1604 1603
4 1738 1754 1755 1739
4 1611 1623 1761 1756
4 1612 1757 1762 1624
4 1611 1756 1757 1612
4 1761 1623 1624 1762
4 1611 1612 1624 1623
4 1756 1761 1762 1757
4 1612 1624 1762 1757
4 1613 1758 1763 1625
4 1612 1757 1758 1613
4 1762 1624 1625 1763
4 1612 1613 1625 1624
4 1757 1762 1763 1758
4 1613 1625 1763 1758
4 1614 1759 1764 1626
4 1613 1758 1759 1614
4 1763 1625 1626 1764
4 1613 1614 1626 1625
4 1758 1763 1764 1759
4 1622 1642 1766 1760
4 1623 1761 1767 1643
4 1622 1760 1761 1623
4 1766 1642 1643 1767
4 1622 1623 1643 1642
4 1760 1766 1767 1761
4 1623 1643 1767 1761
4 1624 1762 1768 1644
4 1623 1761 1762 1624
4 1767 1643 1644 1768
4 1623 1624 1644 1643
4 1761 1767 1768 1762
4 1624 1644 1768 1762
4 1625 1763 1769 1645
4 1624 1762 1763 1625
4 1768 1644 1645 1769
4 1624 1625 1645 1644
4 1762 1768 1769 1763
4 1625 1645 1769 1763
4 1626 1764 1770 1646
4 1625 1763 1764 1626
4 1769 1645 1646 1770
4 1625 1626 1646 1645
4 1763 1769 1770 1764
4 1626 1646 1770 1764
4 1627 1765 1771 1647
4 1626 1764 1765 1627
4 1770 1646 1647 1771
4 1626 1627 1647 1646
4 1764 1770 1771 1765
4 1642 1663 1772 1766
4 1643 1767 1773 1664
4 1642 1766 1767 1643
4 1772 1663 1664 1773
4 1642 1643 1664 1663
4 1766 1772 1773 1767
4 1643 1664 1773 1767
4 1644 1768 1774 1665
4 1643 1767 1768 1644
4 1773 1664 1665 1774
4 1643 1644 1665 1664
4 1767 1773 1774 1768
4 1645 1666 1775 1769
4 1646 1770 1776 1667
4 1645 1769 1770 1646
4 1775 1666 1667 1776
4 1645 1646 1667 1666
4 1769 1775 1776 1770
4 1646 1667 1776 1770
4 1647 1771 1777 1668
4 1646 1770 1771 1647
4 1776 1667 1668 1777
4 1646 1647 1668 1667
4 1770 1776 1777 1771
4 1663 1684 1780 1772
4 1664 1773 1781 1685
4 1663 1772 1773 1664
4 1780 1684 1685 1781
4 1663 1664 1685 1684
4 1772 1780 1781 1773
4 1664 1685 1781 1773
4 1665 1774 1782 1686
4 1664 1773 1774 1665
4 1781 1685 1686 1782
4 1664 1665 1686 1685
4 1773 1781 1782 1774
4 1667 1688 1783 1776
4 1668 1777 1784 1689
4 1667 1776 1777 1668
4 1783 1688 1689 1784
4 1667 1668 1689 1688
4 1776 1783 1784 1777
4 1674 1695 1786 1778
4 1675 1779 1787 1696
4 1674 1778 1779 1675
4 1786 1695 1696 1787
4 1674 1675 1696 1695
4 1778 1786 1787 1779
4 1684 1705 1788 1780
4 1685 1781 1789 1706
4 1684 1780 1781 1685
4 1788 1705 1706 1789
4 1684 1685 1706 1705
4 1780 1788 1789 1781
4 1685 1706 1789 1781
4 1686 1782 1790 1707
4 1685 1781 1782 1686
4 1789 1706 1707 1790
4 1685 1686 1707 1706
4 1781 1789 1790 1782
4 1688 1709 1792 1783
4 1689 1784 1793 1710
4 1688 1783 1784 1689
4 1792 1709 1710 1793
4 1688 1689 1710 1709
4 1783 1792 1793 1784
4 1695 1716 1795 1786
4 1696 1787 1796 1717
4 1695 1786 1787 1696
4 1795 1716 1717 1796
4 1695 1696 1717 1716
4 1786 1795 1796 1787
4 1705 1726 1797 1788
4 1706 1789 1798 1727
4 1705 1788 1789 1706
4 1797 1726 1727 1798
4 1705 1706 1727 1726
4 1788 1797 1798 1789
4 1706 1727 1798 1789
4 1707 1790 1799 1728
4 1706 1789 1790 1707
4 1798 1727 1728 1799
4 1706 1707 1728 1727
4 1789 1798 1799 1790
4 1708 1729 1800 1791
4 1709 1792 1801 1730
4 1708 1791 1792 1709
4 1800 1729 1730 1801
4 1708 1709 1730 1729
4 1791 1800 1801 1792
4 1709 1730 1801 1792
4 1710 1793 1802 1731
4 1709 1792 1793 1710
4 1801 1730 1731 1802
4 1709 1710 1731 1730
4 1792 1801 1802 1793
4 1727 1746 1803 1798
4 1728 1799 1804 1747
4 1727 1798 1799 1728
4 1803 1746 1747 1804
4 1727 1728 1747 1746
4 1798 1803 1804 1799
4 1728 1747 1804 1799
4 1729 1800 1805 1748
4 1728 1799 1800 1729
4 1804 1747 1748 1805
4 1728 1729 1748 1747
4 1799 1804 1805 1800
4 1729 1748 1805 1800
4 1730 1801 1806 1749
4 1729 1800 1801 1730
4 1805 1748 1749 1806
4 1729 1730 1749 1748
4 1800 1805 1806 1801
4 1756 1761 1813 1808
4 1757 1809 1814 1762
4 1756 1808 1809 1757
4 1813 1761 1762 1814
4 1756 1757 1762 1761
4 1808 1813 1814 1809
4 1757 1762 1814 1809
4 1758 1810 1815 1763
4 1757 1809 1810 1758
4 1814 1762 1763 1815
4 1757 1758 1763 1762
4 1809 1814 1815 1810
4 1758 1763 1815 1810
4 1759 1811 1816 1764
4 1758 1810 1811 1759
4 1815 1763 1764 1816
4 1758 1759 1764 1763
4 1810 1815 1816 1811
4 1761 1767 1818 1813
4 1762 1814 1819 1768
4 1761 1813 1814 1762
4 1818 1767 1768 1819
4 1761 1762 1768 1767
4 1813 1818 1819 1814
4 1762 1768 1819 1814
4 1763 1815 1820 1769
4 1762 1814 1815 1763
4 1819 1768 1769 1820
4 1762 1763 1769 1768
4 1814 1819 1820 1815
4 1763 1769 1820 1815
4 1764 1816 1821 1770
4 1763 1815 1816 1764
4 1820 1769 1770 1821
4 1763 1764 1770 1769
4 1815 1820 1821 1816
4 1764 1770 1821 1816
4 1765 1817 1822 1771
4 1764 1816 1817 1765
4 1821 1770 1771 1822
4 1764 1765 1771 1770
4 1816 1821 1822 1817
4 1767 1773 1824 1818
4 1768 1819 1825 1774
4 1767 1818 1819 1768
4 1824 1773 1774 1825
4 1767 1768 1774 1773
4 1818 1824 1825 1819
4 1770 1776 1826 1821
4 1771 1822 1827 1777
4 1770 1821 1822 1771
4 1826 1776 1777 1827
4 1770 1771 1777 1776
4 1821 1826 1827 1822
4 1773 1781 1829 1824
4 1774 1825 1830 1782
4 1773 1824 1825 1774
4 1829 1781 1782 1830
4 1773 1774 1782 1781
4 1824 1829 1830 1825
4 1776 1783 1831 1826
4 1777 1827 1832 1784
4 1776 1826 1827 1777
4 1831 1783 1784 1832
4 1776 1777 1784 1783
4 1826 1831 1832 1827
4 1781 1789 1834 1829
4 1782 1830 1835 1790
4 1781 1829 1830 1782
4 1834 1789 1790 1835
4 1781 1782 1790 1789
4 1829 1834 1835 1830
4 1783 1792 1837 1831
4 1784 1832 1838 1793
4 1783 1831 1832 1784
4 1837 1792 1793 1838
4 1783 1784 1793 1792
4 1831 1837 1838 1832
4 1784 1793 1838 1832
4 1785 1833 1839 1794
4 1784 1832 1833 1785
4 1838 1793 1794 1839
4 1784 1785 1794 1793
4 1832 1838 1839 1833
4 1789 1798 1840 1834
4 1790 1835 1841 1799
4 1789 1834 1835 1790
4 1840 1798 1799 1841
4 1789 1790 1799 1798
4 1834 1840 1841 1835
4 1790 1799 1841 1835
4 1791 1836 1842 1800
4 1790 1835 1836 1791
4 1841 1799 1800 1842
4 1790 1791 1800 1799
4 1835 1841 1842 1836
4 1791 1800 1842 1836
4 1792 1837 1843 1801
4 1791 1836 1837 1792
4 1842 1800 1801 1843
4 1791 1792 1801 1800
4 1836 1842 1843 1837
4 1792 1801 1843 1837
4 1793 1838 1844 1802
4 1792 1837 1838 1793
4 1843 1801 1802 1844
4 1792 1793 1802 1801
4 1837 1843 1844 1838
4 1798 1803 1846 1840
4 1799 1841 1847 1804
4 1798 1840 1841 1799
4 1846 1803 1804 1847
4 1798 1799 1804 1803
4 1840 1846 1847 1841
4 1799 1804 1847 1841
4 1800 1842 1848 1805
4 1799 1841 1842 1800
4 1847 1804 1805 1848
4 1799 1800 1805 1804
4 1841 1847 1848 1842
4 1800 1805 1848 1842
4 1801 1843 1849 1806
4 1800 1842 1843 1801
4 1848 1805 1806 1849
4 1800 1801 1806 1805
4 1842 1848 1849 1843
4 1801 1806 1849 1843
4 1802 1844 1850 1807
4 1801 1843 1844 1802
4 1849 1806 1807 1850
4 1801 1802 1807 1806
4 1843 1849 1850 1844
4 1809 1814 1856 1851
4 1810 1852 1857 1815
4 1809 1851 1852 1810
4 1856 1814 1815 1857
4 1809 1810 1815 1814
4 1851 1856 1857 1852
4 1810 1815 1857 1852
4 1811 1853 1858 1816
4 1810 1852 1853 1811
4 1857 1815 1816 1858
4 1810 1811 1816 1815
4 1852 1857 1858 1853
4 1811 1816 1858 1853
4 1812 1854 1859 1817
4 1811 1853 1854 1812
4 1858 1816 1817 1859
4 1811 1812 1817 1816
4 1853 1858 1859 1854
4 1813 1818 1860 1855
4 1814 1856 1861 1819
4 1813 1855 1856 1814
4 1860 1818 1819 1861
4 1813 1814 1819 1818
4 1855 1860 1861 1856
4 1814 1819 1861 1856
4 1815 1857 1862 1820
4 1814 1856 1857 1815
4 1861 1819 1820 1862
4 1814 1815 1820 1819
4 1856 1861 1862 1857
4 1815 1820 1862 1857
4 1816 1858 1863 1821
4 1815 1857 1858 1816
4 1862 1820 1821 1863
4 1815 1816 1821 1820
4 1857 1862 1863 1858
4 1816 1821 1863 1858
4 1817 1859 1864 1822
4 1816 1858 1859 1817
4 1863 1821 1822 1864
4 1816 1817 1822 1821
4 1858 1863 1864 1859
4 1818 1824 1866 1860
4 1819 1861 1867 1825
4 1818 1860 1861 1819
4 1866 1824 1825 1867
4 1818 1819 1825 1824
4 1860 1866 1867 1861
4 1821 1826 1868 1863
4 1822 1864 1869 1827
4 1821 1863 1864 1822
4 1868 1826 1827 1869
4 1821 1822 1827 1826
4 1863 1868 1869 1864
4 1822 1827 1869 1864
4 1823 1865 1870 1828
4 1822 1864 1865 1823
4 1869 1827 1828 1870
4 1822 1823 1828 1827
4 1864 1869 1870 1865
4 1824 1829 1871 1866
4 1825 1867 1872 1830
4 1824 1866 1867 1825
4 1871 1829 1830 1872
4 1824 1825 1830 1829
4 1866 1871 1872 1867
4 1826 1831 1874 1868
4 1827 1869 1875 1832
4 1826 1868 1869 1827
4 1874 1831 1832 1875
4 1826 1827 1832 1831
4 1868 1874 1875 1869
4 1827 1832 1875 1869
4 1828 1870 1876 1833
4 1827 1869 1870 1828
4 1875 1832 1833 1876
4 1827 1828 1833 1832
4 1869 1875 1876 1870
4 1829 1834 1877 1871
4 1830 1872 1878 1835
4 1829 1871 1872 1830
4 1877 1834 1835 1878
4 1829 1830 1835 1834
4 1871 1877 1878 1872
4 1831 1837 1880 1874
4 1832 1875 1881 1838
4 1831 1874 1875 1832
4 1880 1837 1838 1881
4 1831 1832 1838 1837
4 1874 1880 1881 1875
4 1832 1838 1881 1875
4 1833 1876 1882 1839
4 1832 1875 1876 1833
4 1881 1838 1839 1882
4 1832 1833 1839 1838
4 1875 1881 1882 1876
4 1834 1840 1883 1877
4 1835 1878 1884 1841
4 1834 1877 1878 1835
4 1883 1840 1841 1884
4 1834 1835 1841 1840
4 1877 1883 1884 1878
4 1835 1841 1884 1878
4 1836 1879 1885 1842
4 1835 1878 1879 1836
4 1884 1841 1842 1885
4 1835 1836 1842 1841
4 1878 1884 1885 1879
4 1837 1843 1886 1880
4 1838 1881 1887 1844
4 1837 1880 1881 1838
4 1886 1843 1844 1887
4 1837 1838 1844 1843
4 1880 1886 1887 1881
4 1838 1844 1887 1881
4 1839 1882 1888 1845
4 1838 1881 1882 1839
4 1887 1844 1845 1888
4 1838 1839 1845 1844
4 1881 1887 1888 1882
4 1841 1847 1889 1884
4 1842 1885 1890 1848
4 1841 1884 1885 1842
4 1889 1847 1848 1890
4 1841 1842 1848 1847
4 1884 1889 1890 1885
4 1842 1848 1890 1885
4 1843 1886 1891 1849
4 1842 1885 1886 1843
4 1890 1848 1849 1891
4 1842 1843 1849 1848
4 1885 1890 1891 1886
4 1843 1849 1891 1886
4 1844 1887 1892 1850
4 1843 1886 1887 1844
4 1891 1849 1850 1892
4 1843 1844 1850 1849
4 1886 1891 1892 1887
4 1851 1856 1898 1893
4 1852 1894 1899 1857
4 1851 1893 1894 1852
4 1898 1856 1857 1899
4 1851 1852 1857 1856
4 1893 1898 1899 1894
4 1852 1857 1899 1894
4 1853 1895 1900 1858
4 1852 1894 1895 1853
4 1899 1857 1858 1900
4 1852 1853 1858 1857
4 1894 1899 1900 1895
4 1853 1858 1900 1895
4 1854 1896 1901 1859
4 1853 1895 1896 1854
4 1900 1858 1859 1901
4 1853 1854 1859 1858
4 1895 1900 1901 1896
4 1855 1860 1902 1897
4 1856 1898 1903 1861
4 1855 1897 1898 1856
4 1902 1860 1861 1903
4 1855 1856 1861 1860
4 1897 1902 1903 1898
4 1856 1861 1903 1898
4 1857 1899 1904 1862
4 1856 1898 1899 1857
4 1903 1861 1862 1904
4 1856 1857 1862 1861
4 1898 1903 1904 1899
4 1858 1863 1905 1900
4 1859 1901 1906 1864
4 1858 1900 1901 1859
4 1905 1863 1864 1906
4 1858 1859 1864 1863
4 1900 1905 1906 1901
4 1860 1866 1908 1902
4 1861 1903 1909 1867
4 1860 1902 1903 1861
4 1908 1866 1867 1909
4 1860 1861 1867 1866
4 1902 1908 1909 1903
4 1863 1868 1911 1905
4 1864 1906 1912 1869
4 1863 1905 1906 1864
4 1911 1868 1869 1912
4 1863 1864 1869 1868
4 1905 1911 1912 1906
4 1864 1869 1912 1906
4 1865 1907 1913 1870
4 1864 1906 1907 1865
4 1912 1869 1870 1913
4 1864 1865 1870 1869
4 1906 1912 1913 1907
4 1866 1871 1914 1908
4 1867 1909 1915 1872
4 1866 1908 1909 1867
4 1914 1871 1872 1915
4 1866 1867 1872 1871
4 1908 1914 1915 1909
4 1869 1875 1918 1912
4 1870 1913 1919 1876
4 1869 1912 1913 1870
4 1918 1875 1876 1919
4 1869 1870 1876 1875
4 1912 1918 1919 1913
4 1871 1877 1920 1914
4 1872 1915 1921 1878
4 1871 1914 1915 1872
4 1920 1877 1878 1921
4 1871 1872 1878 1877
4 1914 1920 1921 1915
4 1872 1878 1921 1915
4 1873 1916 1922 1879
4 1872 1915 1916 1873
4 1921 1878 1879 1922
4 1872 1873 1879 1878
4 1915 1921 1922 1916
4 1875 1881 1924 1918
4 1876 1919 1925 1882
4 1875 1918 1919 1876
4 1924 1881 1882 1925
4 1875 1876 1882 1881
4 1918 1924 1925 1919
4 1877 1883 1926 1920
4 1878 1921 1927 1884
4 1877 1920 1921 1878
4 1926 1883 1884 1927
4 1877 1878 1884 1883
4 1920 1926 1927 1921
4 1878 1884 1927 1921
4 1879 1922 1928 1885
4 1878 1921 1922 1879
4 1927 1884 1885 1928
4 1878 1879 1885 1884
4 1921 1927 1928 1922
4 1880 1886 1929 1923
4 1881 1924 1930 1887
4 1880 1923 1924 1881
4 1929 1886 1887 1930
4 1880 1881 1887 1886
4 1923 1929 1930 1924
4 1881 1887 1930 1924
4 1882 1925 1931 1888
4 1881 1924 1925 1882
4 1930 1887 1888 1931
4 1881 1882 1888 1887
4 1924 1930 1931 1925
4 1884 1889 1932 1927
4 1885 1928 1933 1890
4 1884 1927 1928 1885
4 1932 1889 1890 1933
4 1884 1885 1890 1889
4 1927 1932 1933 1928
4 1885 1890 1933 1928
4 1886 1929 1934 1891
4 1885 1928 1929 1886
4 1933 1890 1891 1934
4 1885 1886 1891 1890
4 1928 1933 1934 1929
4 1886 1891 1934 1929
4 1887 1930 1935 1892
4 1886 1929 1930 1887
4 1934 1891 1892 1935
4 1886 1887 1892 1891
4 1929 1934 1935 1930
4 1893 1898 1940 1936
4 1894 1937 1941 1899
4 1893 1936 1937 1894
4 1940 1898 1899 1941
4 1893 1894 1899 1898
4 1936 1940 1941 1937
4 1894 1899 1941 1937
4 1895 1938 1942 1900
4 1894 1937 1938 1895
4 1941 1899 1900 1942
4 1894 1895 1900 1899
4 1937 1941 1942 1938
4 1895 1900 1942 1938
4 1896 1939 1943 1901
4 1895 1938 1939 1896
4 1942 1900 1901 1943
4 1895 1896 1901 1900
4 1938 1942 1943 1939
4 1898 1903 1945 1940
4 1899 1941 1946 1904
4 1898 1940 1941 1899
4 1945 1903 1904 1946
4 1898 1899 1904 1903
4 1940 1945 1946 1941
4 1899 1904 1946 1941
4 1900 1942 1947 1905
4 1899 1941 1942 1900
4 1946 1904 1905 1947
4 1899 1900 1905 1904
4 1941 1946 1947 1942
4 1900 1905 1947 1942
4 1901 1943 1948 1906
4 1900 1942 1943 1901
4 1947 1905 1906 1948
4 1900 1901 1906 1905
4 1942 1947 1948 1943
4 1902 1908 1950 1944
4 1903 1945 1951 1909
4 1902 1944 1945 1903
4 1950 1908 1909 1951
4 1902 1903 1909 1908
4 1944 1950 1951 1945
4 1903 1909 1951 1945
4 1904 1946 1952 1910
4 1903 1945 1946 1904
4 1951 1909 1910 1952
4 1903 1904 1910 1909
4 1945 1951 1952 1946
4 1905 1911 1953 1947
4 1906 1948 1954 1912
4 1905 1947 1948 1906
4 1953 1911 1912 1954
4 1905 1906 1912 1911
4 1947 1953 1954 1948
4 1906 1912 1954 1948
4 1907 1949 1955 1913
4 1906 1948 1949 1907
4 1954 1912 1913 1955
4 1906 1907 1913 1912
4 1948 1954 1955 1949
4 1908 1914 1956 1950
4 1909 1951 1957 1915
4 1908 1950 1951 1909
4 1956 1914 1915 1957
4 1908 1909 1915 1914
4 1950 1956 1957 1951
4 1909 1915 1957 1951
4 1910 1952 1958 1916
4 1909 1951 1952 1910
4 1957 1915 1916 1958
4 1909 1910 1916 1915
4 1951 1957 1958 1952
4 1912 1918 1960 1954
4 1913 1955 1961 1919
4 1912 1954 1955 1913
4 1960 1918 1919 1961
4 1912 1913 1919 1918
4 1954 1960 1961 1955
4 1914 1920 1962 1956
4 1915 1957 1963 1921
4 1914 1956 1957 1915
4 1962 1920 1921 1963
4 1914 1915 1921 1920
4 1956 1962 1963 1957
4 1915 1921 1963 1957
4 1916 1958 1964 1922
4 1915 1957 1958 1916
4 1963 1921 1922 1964
4 1915 1916 1922 1921
4 1957 1963 1964 1958
4 1917 1923 1965 1959
4 1918 1960 1966 1924
4 1917 1959 1960 1918
4 1965 1923 1924 1966
4 1917 1918 1924 1923
4 1959 1965 1966 1960
4 1918 1924 1966 1960
4 1919 1961 1967 1925
4 1918 1960 1961 1919
4 1966 1924 1925 1967
4 1918 1919 1925 1924
4 1960 1966 1967 1961
4 1921 1927 1968 1963
4 1922 1964 1969 1928
4 1921 1963 1964 1922
4 1968 1927 1928 1969
4 1921 1922 1928 1927
4 1963 1968 1969 1964
4 1922 1928 1969 1964
4 1923 1965 1970 1929
4 1922 1964 1965 1923
4 1969 1928 1929 1970
4 1922 1923 1929 1928
4 1964 1969 1970 1965
4 1923 1929 1970 1965
4 1924 1966 1971 1930
4 1923 1965 1966 1924
4 1970 1929 1930 1971
4 1923 1924 1930 1929
4 1965 1970 1971 1966
4 1924 1930 1971 1966
4 1925 1967 1972 1931
4 1924 1966 1967 1925
4 1971 1930 1931 1972
4 1924 1925 1931 1930
4 1966 1971 1972 1967
4 1927 1932 1973 1968
4 1928 1969 1974 1933
4 1927 1968 1969 1928
4 1973 1932 1933 1974
4 1927 1928 1933 1932
4 1968 1973 1974 1969
4 1928 1933 1974 1969
4 1929 1970 1975 1934
4 1928 1969 1970 1929
4 1974 1933 1934 1975
4 1928 1929 1934 1933
4 1969 1974 1975 1970
4 1929 1934 1975 1970
4 1930 1971 1976 1935
4 1929 1970 1971 1930
4 1975 1934 1935 1976
4 1929 1930 1935 1934
4 1970 1975 1976 1971
4 1940 1945 1981 1977
4 1941 1978 1982 1946
4 1940 1977 1978 1941
4 1981 1945 1946 1982
4 1940 1941 1946 1945
4 1977 1981 1982 1978
4 1941 1946 1982 1978
4 1942 1979 1983 1947
4 1941 1978 1979 1942
4 1982 1946 1947 1983
4 1941 1942 1947 1946
4 1978 1982 1983 1979
4 1942 1947 1983 1979
4 1943 1980 1984 1948
4 1942 1979 1980 1943
4 1983 1947 1948 1984
4 1942 1943 1948 1947
4 1979 1983 1984 1980
4 1945 1951 1986 1981
4 1946 1982 1987 1952
4 1945 1981 1982 1946
4 1986 1951 1952 1987
4 1945 1946 1952 1951
4 1981 1986 1987 1982
4 1946 1952 1987 1982
4 1947 1983 1988 1953
4 1946 1982 1983 1947
4 1987 1952 1953 1988
4 1946 1947 1953 1952
4 1982 1987 1988 1983
4 1947 1953 1988 1983
4 1948 1984 1989 1954
4 1947 1983 1984 1948
4 1988 1953 1954 1989
4 1947 1948 1954 1953
4 1983 1988 1989 1984
4 1948 1954 1989 1984
4 1949 1985 1990 1955
4 1948 1984 1985 1949
4 1989 1954 1955 1990
4 1948 1949 1955 1954
4 1984 1989 1990 1985
4 1951 1957 1991 1986
4 1952 1987 1992 1958
4 1951 1986 1987 1952
4 1991 1957 1958 1992
4 1951 1952 1958 1957
4 1986 1991 1992 1987
4 1952 1958 1992 1987
4 1953 1988 1993 1959
4 1952 1987 1988 1953
4 1992 1958 1959 1993
4 1952 1953 1959 1958
4 1987 1992 1993 1988
4 1953 1959 1993 1988
4 1954 1989 1994 1960
4 1953 1988 1989 1954
4 1993 1959 1960 1994
4 1953 1954 1960 1959
4 1988 1993 1994 1989
4 1954 1960 1994 1989
4 1955 1990 1995 1961
4 1954 1989 1990 1955
4 1994 1960 1961 1995
4 1954 1955 1961 1960
4 1989 1994 1995 1990
4 1957 1963 1996 1991
4 1958 1992 1997 1964
4 1957 1991 1992 1958
4 1996 1963 1964 1997
4 1957 1958 1964 1963
4 1991 1996 1997 1992
4 1958 1964 1997 1992
4 1959 1993 1998 1965
4 1958 1992 1993 1959
4 1997 1964 1965 1998
4 1958 1959 1965 1964
4 1992 1997 1998 1993
4 1959 1965 1998 1993
4 1960 1994 1999 1966
4 1959 1993 1994 1960
4 1998 1965 1966 1999
4 1959 1960 1966 1965
4 1993 1998 1999 1994
4 1960 1966 1999 1994
4 1961 1995 2000 1967
4 1960 1994 1995 1961
4 1999 1966 1967 2000
4 1960 1961 1967 1966
4 1994 1999 2000 1995
4 1963 1968 2001 1996
4 1964 1997 2002 1969
4 1963 1996 1997 1964
4 2001 1968 1969 2002
4 1963 1964 1969 1968
4 1996 2001 2002 1997
4 1964 1969 2002 1997
4 1965 1998 2003 1970
4 1964 1997 1998 1965
4 2002 1969 1970 2003
4 1964 1965 1970 1969
4 1997 2002 2003 1998
4 1965 1970 2003 1998
4 1966 1999 2004 1971
4 1965 1998 1999 1966
4 2003 1970 1971 2004
4 1965 1966 1971 1970
4 1998 2003 2004 1999
