v -0.824182 -0.174194 -0.890323
v -0.849356 -0.135484 -0.890323
v -0.868236 -0.096774 -0.890323
v -0.815836 -0.096774 -0.812903
v -0.827123 -0.058065 -0.967742
v -0.880823 -0.058065 -0.890323
v -0.833350 -0.058065 -0.812903
v -0.836204 -0.019355 -0.967742
v -0.887117 -0.019355 -0.890323
v -0.842108 -0.019355 -0.812903
v -0.836204 0.019355 -0.967742
v -0.887117 0.019355 -0.890323
v -0.842108 0.019355 -0.812903
v -0.827123 0.058065 -0.967742
v -0.880823 0.058065 -0.890323
v -0.833350 0.058065 -0.812903
v -0.868236 0.096774 -0.890323
v -0.815836 0.096774 -0.812903
v -0.849356 0.135484 -0.890323
v -0.824182 0.174194 -0.890323
v -0.812903 -0.188068 -0.890323
v -0.812903 -0.174194 -0.905361
v -0.812903 -0.174194 -0.873917
v -0.812903 -0.135484 -0.938926
v -0.812903 -0.135484 -0.837300
v -0.812903 -0.101095 -0.812903
v -0.812903 -0.096774 -0.964100
v -0.812903 -0.088374 -0.967742
v -0.812903 -0.096774 -0.811423
v -0.812903 -0.058065 -0.974598
v -0.812903 -0.058065 -0.802579
v -0.812903 -0.019355 -0.978976
v -0.812903 -0.019355 -0.798157
v -0.812903 0.019355 -0.978976
v -0.812903 0.019355 -0.798157
v -0.812903 0.058065 -0.974598
v -0.812903 0.088374 -0.967742
v -0.812903 0.058065 -0.802579
v -0.812903 0.096774 -0.964100
v -0.812903 0.096774 -0.811423
v -0.812903 0.101095 -0.812903
v -0.812903 0.135484 -0.938926
v -0.812903 0.135484 -0.837300
v -0.812903 0.174194 -0.905361
v -0.812903 0.174194 -0.873917
v -0.812903 0.188068 -0.890323
v -0.735484 -0.192244 -0.890323
v -0.661446 -0.212903 -0.812903
v -0.735484 -0.174194 -0.908806
v -0.735484 -0.174194 -0.861976
v -0.702413 -0.174194 -0.812903
v -0.735484 -0.135484 -0.940518
v -0.735484 -0.135484 -0.813345
v -0.735484 -0.135015 -0.812903
v -0.735186 -0.135484 -0.812903
v -0.660161 -0.135484 -0.735484
v -0.735484 -0.096774 -0.964301
v -0.735484 -0.088374 -0.967742
v -0.735484 -0.096774 -0.797297
v -0.675493 -0.096774 -0.735484
v -0.735484 -0.058065 -0.974598
v -0.735484 -0.058065 -0.786765
v -0.685714 -0.058065 -0.735484
v -0.735484 -0.019355 -0.978976
v -0.735484 -0.019355 -0.781499
v -0.690825 -0.019355 -0.735484
v -0.735484 0.019355 -0.978976
v -0.735484 0.019355 -0.781499
v -0.690825 0.019355 -0.735484
v -0.735484 0.058065 -0.974598
v -0.735484 0.088374 -0.967742
v -0.735484 0.058065 -0.786765
v -0.685714 0.058065 -0.735484
v -0.735484 0.096774 -0.964301
v -0.735484 0.096774 -0.797297
v -0.735484 0.135015 -0.812903
v -0.675493 0.096774 -0.735484
v -0.735484 0.135484 -0.940518
v -0.735484 0.135484 -0.813345
v -0.735186 0.135484 -0.812903
v -0.660161 0.135484 -0.735484
v -0.735484 0.174194 -0.908806
v -0.735484 0.174194 -0.861976
v -0.735484 0.192244 -0.890323
v -0.702413 0.174194 -0.812903
v -0.661446 0.212903 -0.812903
v -0.658065 -0.215566 -0.812903
v -0.658065 -0.212903 -0.848203
v -0.658065 -0.209091 -0.890323
v -0.645106 -0.212903 -0.890323
v -0.658065 -0.212903 -0.809354
v -0.658065 -0.174194 -0.919546
v -0.658065 -0.174194 -0.766355
v -0.658065 -0.139454 -0.735484
v -0.584462 -0.174194 0.503226
v -0.581694 -0.174194 0.580645
v -0.658065 -0.135484 -0.945479
v -0.658065 -0.135484 -0.733859
v -0.599379 -0.135484 0.503226
v -0.597004 -0.135484 0.580645
v -0.658065 -0.096774 -0.964928
v -0.658065 -0.088374 -0.967742
v -0.658065 -0.096774 -0.721973
v -0.610568 -0.096774 0.503226
v -0.608486 -0.096774 0.580645
v -0.658065 -0.058065 -0.974598
v -0.658065 -0.058065 -0.714048
v -0.618027 -0.058065 0.503226
v -0.616140 -0.058065 0.580645
v -0.658065 -0.019355 -0.978976
v -0.658065 -0.019355 -0.710086
v -0.621756 -0.019355 0.503226
v -0.619968 -0.019355 0.580645
v -0.658065 0.019355 -0.978976
v -0.658065 0.019355 -0.710086
v -0.621756 0.019355 0.503226
v -0.619968 0.019355 0.580645
v -0.658065 0.058065 -0.974598
v -0.658065 0.088374 -0.967742
v -0.658065 0.058065 -0.714048
v -0.618027 0.058065 0.503226
v -0.616140 0.058065 0.580645
v -0.658065 0.096774 -0.964928
v -0.658065 0.096774 -0.721973
v -0.610568 0.096774 0.503226
v -0.608486 0.096774 0.580645
v -0.658065 0.135484 -0.945479
v -0.658065 0.135484 -0.733859
v -0.658065 0.139454 -0.735484
v -0.599379 0.135484 0.503226
v -0.597004 0.135484 0.580645
v -0.658065 0.174194 -0.919546
v -0.658065 0.209091 -0.890323
v -0.658065 0.174194 -0.766355
v -0.584462 0.174194 0.503226
v -0.581694 0.174194 0.580645
v -0.658065 0.212903 -0.848203
v -0.645106 0.212903 -0.890323
v -0.658065 0.212903 -0.809354
v -0.658065 0.215566 -0.812903
v -0.580645 -0.228707 -0.890323
v -0.580645 -0.240873 -0.812903
v -0.580645 -0.212903 -0.903064
v -0.580645 -0.212903 -0.786935
v -0.580645 -0.182116 0.503226
v -0.517928 -0.212903 0.503226
v -0.580645 -0.176316 0.580645
v -0.512898 -0.212903 0.580645
v -0.580645 -0.174194 -0.929073
v -0.580645 -0.174194 -0.756986
v -0.580645 -0.139454 -0.735484
v -0.544641 -0.174194 -0.735484
v -0.580645 -0.174194 0.498419
v -0.504535 -0.174194 0.425806
v -0.580645 -0.174194 0.581694
v -0.580645 -0.135484 -0.949879
v -0.580645 -0.135484 -0.733808
v -0.580645 -0.135484 0.479630
v -0.524229 -0.135484 0.425806
v -0.580645 -0.135484 0.597004
v -0.514505 -0.135484 0.658065
v -0.580645 -0.096774 -0.965484
v -0.580645 -0.088374 -0.967742
v -0.580645 -0.096774 -0.721553
v -0.515528 -0.096774 -0.658065
v -0.580645 -0.096774 0.465539
v -0.538999 -0.096774 0.425806
v -0.580645 -0.096774 0.608486
v -0.526942 -0.096774 0.658065
v -0.580645 -0.058065 -0.974598
v -0.580645 -0.058065 -0.713383
v -0.523908 -0.058065 -0.658065
v -0.580645 -0.058065 0.456144
v -0.548846 -0.058065 0.425806
v -0.580645 -0.058065 0.616140
v -0.535233 -0.058065 0.658065
v -0.580645 -0.019355 -0.978976
v -0.580645 -0.019355 -0.709298
v -0.528098 -0.019355 -0.658065
v -0.580645 -0.019355 0.451447
v -0.553770 -0.019355 0.425806
v -0.580645 -0.019355 0.619968
v -0.539379 -0.019355 0.658065
v -0.580645 0.019355 -0.978976
v -0.580645 0.019355 -0.709298
v -0.528098 0.019355 -0.658065
v -0.580645 0.019355 0.451447
v -0.553770 0.019355 0.425806
v -0.580645 0.019355 0.619968
v -0.539379 0.019355 0.658065
v -0.580645 0.058065 -0.974598
v -0.580645 0.088374 -0.967742
v -0.580645 0.058065 -0.713383
v -0.523908 0.058065 -0.658065
v -0.580645 0.058065 0.456144
v -0.548846 0.058065 0.425806
v -0.580645 0.058065 0.616140
v -0.535233 0.058065 0.658065
v -0.580645 0.096774 -0.965484
v -0.580645 0.096774 -0.721553
v -0.515528 0.096774 -0.658065
v -0.580645 0.096774 0.465539
v -0.538999 0.096774 0.425806
v -0.580645 0.096774 0.608486
v -0.526942 0.096774 0.658065
v -0.580645 0.135484 -0.949879
v -0.580645 0.135484 -0.733808
v -0.580645 0.139454 -0.735484
v -0.580645 0.135484 0.479630
v -0.524229 0.135484 0.425806
v -0.580645 0.135484 0.597004
v -0.514505 0.135484 0.658065
v -0.580645 0.174194 -0.929073
v -0.580645 0.174194 -0.756986
v -0.544641 0.174194 -0.735484
v -0.580645 0.174194 0.498419
v -0.504535 0.174194 0.425806
v -0.580645 0.182116 0.503226
v -0.580645 0.174194 0.581694
v -0.580645 0.176316 0.580645
v -0.580645 0.212903 -0.903064
v -0.580645 0.228707 -0.890323
v -0.580645 0.212903 -0.786935
v -0.580645 0.240873 -0.812903
v -0.517928 0.212903 0.503226
v -0.512898 0.212903 0.580645
v -0.503226 -0.229410 -0.890323
v -0.503226 -0.251289 -0.812903
v -0.501318 -0.251613 -0.812903
v -0.503226 -0.218918 0.503226
v -0.450384 -0.251613 0.503226
v -0.503226 -0.217256 0.580645
v -0.430754 -0.251613 0.580645
v -0.503226 -0.212903 -0.903535
v -0.503226 -0.212903 -0.745367
v -0.503226 -0.206162 -0.735484
v -0.490555 -0.212903 -0.735484
v -0.503226 -0.212903 0.490489
v -0.503226 -0.176252 0.425806
v -0.454118 -0.212903 0.425806
v -0.503226 -0.212903 0.588156
v -0.503226 -0.174194 -0.929354
v -0.503226 -0.174194 -0.696464
v -0.503226 -0.174194 0.424375
v -0.503226 -0.174194 0.643821
v -0.503226 -0.161812 0.658065
v -0.478639 -0.174194 0.658065
v -0.503226 -0.135484 -0.950009
v -0.503226 -0.135484 -0.658666
v -0.503226 -0.134662 -0.658065
v -0.501837 -0.135484 -0.658065
v -0.503226 -0.135484 0.402851
v -0.444594 -0.135484 0.348387
v -0.503226 -0.135484 0.670553
v -0.503226 -0.096774 -0.965501
v -0.503226 -0.088374 -0.967742
v -0.503226 -0.096774 -0.645508
v -0.503226 -0.096774 0.386708
v -0.461973 -0.096774 0.348387
v -0.503226 -0.096774 0.684325
v -0.503226 -0.058065 -0.974598
v -0.503226 -0.058065 -0.636955
v -0.503226 -0.058065 0.375946
v -0.473558 -0.058065 0.348387
v -0.503226 -0.058065 0.693506
v -0.503226 -0.019355 -0.978976
v -0.503226 -0.019355 -0.632679
v -0.503226 -0.019355 0.370565
v -0.479351 -0.019355 0.348387
v -0.503226 -0.019355 0.698096
v -0.503226 0.019355 -0.978976
v -0.503226 0.019355 -0.632679
v -0.503226 0.019355 0.370565
v -0.479351 0.019355 0.348387
v -0.503226 0.019355 0.698096
v -0.503226 0.058065 -0.974598
v -0.503226 0.088374 -0.967742
v -0.503226 0.058065 -0.636955
v -0.503226 0.058065 0.375946
v -0.473558 0.058065 0.348387
v -0.503226 0.058065 0.693506
v -0.503226 0.096774 -0.965501
v -0.503226 0.096774 -0.645508
v -0.503226 0.134662 -0.658065
v -0.503226 0.096774 0.386708
v -0.461973 0.096774 0.348387
v -0.503226 0.096774 0.684325
v -0.503226 0.135484 -0.950009
v -0.503226 0.135484 -0.658666
v -0.501837 0.135484 -0.658065
v -0.503226 0.135484 0.402851
v -0.444594 0.135484 0.348387
v -0.503226 0.135484 0.670553
v -0.503226 0.161812 0.658065
v -0.503226 0.174194 -0.929354
v -0.503226 0.174194 -0.696464
v -0.503226 0.206162 -0.735484
v -0.503226 0.174194 0.424375
v -0.503226 0.176252 0.425806
v -0.503226 0.174194 0.643821
v -0.478639 0.174194 0.658065
v -0.503226 0.212903 -0.903535
v -0.503226 0.229410 -0.890323
v -0.503226 0.212903 -0.745367
v -0.503226 0.251289 -0.812903
v -0.490555 0.212903 -0.735484
v -0.503226 0.212903 0.490489
v -0.454118 0.212903 0.425806
v -0.503226 0.218918 0.503226
v -0.503226 0.212903 0.588156
v -0.503226 0.217256 0.580645
v -0.501318 0.251613 -0.812903
v -0.450384 0.251613 0.503226
v -0.430754 0.251613 0.580645
v -0.425806 -0.262618 -0.812903
v -0.425806 -0.264648 0.503226
v -0.367355 -0.290323 0.503226
v -0.425806 -0.253623 0.580645
v -0.425806 -0.251613 -0.841270
v -0.425806 -0.229410 -0.890323
v -0.425806 -0.251613 -0.769390
v -0.425806 -0.241608 -0.735484
v -0.391317 -0.251613 -0.735484
v -0.425806 -0.251613 0.470800
v -0.425806 -0.230512 0.425806
v -0.382956 -0.251613 0.425806
v -0.425806 -0.251613 0.583913
v -0.425806 -0.212903 -0.903535
v -0.425806 -0.212903 -0.700912
v -0.425806 -0.212903 0.400906
v -0.355273 -0.212903 0.348387
v -0.425806 -0.212903 0.637837
v -0.425806 -0.195478 0.658065
v -0.425806 -0.174194 -0.929354
v -0.425806 -0.174194 -0.662062
v -0.425806 -0.169215 -0.658065
v -0.415668 -0.174194 -0.658065
v -0.425806 -0.174194 0.355290
v -0.425806 -0.166871 0.348387
v -0.416536 -0.174194 0.348387
v -0.425806 -0.174194 0.669031
v -0.425806 -0.135484 -0.950009
v -0.425806 -0.135484 -0.645065
v -0.425806 -0.135484 0.328548
v -0.425806 -0.135484 0.684986
v -0.425806 -0.096774 -0.965501
v -0.425806 -0.088374 -0.967742
v -0.425806 -0.096774 -0.633877
v -0.425806 -0.096774 0.310198
v -0.425806 -0.096774 0.696952
v -0.425806 -0.058065 -0.974598
v -0.425806 -0.058065 -0.626418
v -0.355345 -0.058065 -0.580645
v -0.425806 -0.058065 0.297965
v -0.348880 -0.058065 0.270968
v -0.425806 -0.058065 0.704929
v -0.425806 -0.019355 -0.978976
v -0.425806 -0.019355 -0.622688
v -0.361086 -0.019355 -0.580645
v -0.425806 -0.019355 0.291848
v -0.366310 -0.019355 0.270968
v -0.425806 -0.019355 0.708918
v -0.425806 0.019355 -0.978976
v -0.425806 0.019355 -0.622688
v -0.361086 0.019355 -0.580645
v -0.425806 0.019355 0.291848
v -0.366310 0.019355 0.270968
v -0.425806 0.019355 0.708918
v -0.425806 0.058065 -0.974598
v -0.425806 0.088374 -0.967742
v -0.425806 0.058065 -0.626418
v -0.355345 0.058065 -0.580645
v -0.425806 0.058065 0.297965
v -0.348880 0.058065 0.270968
v -0.425806 0.058065 0.704929
v -0.425806 0.096774 -0.965501
v -0.425806 0.096774 -0.633877
v -0.425806 0.096774 0.310198
v -0.425806 0.096774 0.696952
v -0.425806 0.135484 -0.950009
v -0.425806 0.135484 -0.645065
v -0.425806 0.169215 -0.658065
v -0.425806 0.135484 0.328548
v -0.425806 0.166871 0.348387
v -0.425806 0.135484 0.684986
v -0.425806 0.174194 -0.929354
v -0.425806 0.174194 -0.662062
v -0.415668 0.174194 -0.658065
v -0.425806 0.174194 0.355290
v -0.416536 0.174194 0.348387
v -0.425806 0.174194 0.669031
v -0.425806 0.195478 0.658065
v -0.425806 0.212903 -0.903535
v -0.425806 0.229410 -0.890323
v -0.425806 0.212903 -0.700912
v -0.425806 0.241608 -0.735484
v -0.425806 0.212903 0.400906
v -0.355273 0.212903 0.348387
v -0.425806 0.230512 0.425806
v -0.425806 0.212903 0.637837
v -0.425806 0.251613 -0.841270
v -0.425806 0.251613 -0.769390
v -0.425806 0.262618 -0.812903
v -0.391317 0.251613 -0.735484
v -0.425806 0.251613 0.470800
v -0.382956 0.251613 0.425806
v -0.425806 0.264648 0.503226
v -0.425806 0.251613 0.583913
v -0.425806 0.253623 0.580645
v -0.367355 0.290323 0.503226
v -0.348387 -0.297613 0.503226
v -0.348387 -0.269801 -0.812903
v -0.348387 -0.262287 -0.735484
v -0.348387 -0.290323 0.483349
v -0.348387 -0.266204 0.425806
v -0.348387 -0.290323 0.522095
v -0.348387 -0.264470 0.580645
v -0.348387 -0.251613 -0.850736
v -0.348387 -0.229410 -0.890323
v -0.348387 -0.251613 -0.719781
v -0.348387 -0.251613 0.400514
v -0.348387 -0.216529 0.348387
v -0.348387 -0.251613 0.597986
v -0.348387 -0.212903 -0.903535
v -0.348387 -0.212903 -0.670969
v -0.348387 -0.200622 -0.658065
v -0.326783 -0.212903 -0.658065
v -0.348387 -0.212903 0.345393
v -0.348387 -0.212903 0.642740
v -0.348387 -0.196997 0.658065
v -0.348387 -0.174194 -0.929354
v -0.348387 -0.174194 -0.634471
v -0.287119 -0.174194 -0.580645
v -0.348387 -0.174194 0.318759
v -0.348387 -0.174194 0.669696
v -0.348387 -0.135484 -0.950009
v -0.348387 -0.135484 -0.606826
v -0.318587 -0.135484 -0.580645
v -0.348387 -0.135484 0.297451
v -0.285118 -0.135484 0.270968
v -0.348387 -0.135484 0.685491
v -0.348387 -0.096774 -0.965501
v -0.348387 -0.088374 -0.967742
v -0.348387 -0.096774 -0.586091
v -0.348387 -0.081523 -0.580645
v -0.342188 -0.096774 -0.580645
v -0.348387 -0.096774 0.281471
v -0.348387 -0.058612 0.270968
v -0.323295 -0.096774 0.270968
v -0.348387 -0.096774 0.697337
v -0.348387 -0.058065 -0.974598
v -0.348387 -0.058065 -0.573825
v -0.348387 -0.058065 0.270819
v -0.348387 -0.058065 0.705235
v -0.348387 -0.019355 -0.978976
v -0.348387 -0.019355 -0.568198
v -0.348387 -0.019355 0.265546
v -0.348387 -0.019355 0.709184
v -0.348387 0.019355 -0.978976
v -0.348387 0.019355 -0.568198
v -0.348387 0.019355 0.265546
v -0.348387 0.019355 0.709184
v -0.348387 0.058065 -0.974598
v -0.348387 0.088374 -0.967742
v -0.348387 0.058065 -0.573825
v -0.348387 0.081523 -0.580645
v -0.348387 0.058065 0.270819
v -0.348387 0.058612 0.270968
v -0.348387 0.058065 0.705235
v -0.348387 0.096774 -0.965501
v -0.348387 0.096774 -0.586091
v -0.342188 0.096774 -0.580645
v -0.348387 0.096774 0.281471
v -0.323295 0.096774 0.270968
v -0.348387 0.096774 0.697337
v -0.348387 0.135484 -0.950009
v -0.348387 0.135484 -0.606826
v -0.318587 0.135484 -0.580645
v -0.348387 0.135484 0.297451
v -0.285118 0.135484 0.270968
v -0.348387 0.135484 0.685491
v -0.348387 0.174194 -0.929354
v -0.348387 0.174194 -0.634471
v -0.348387 0.200622 -0.658065
v -0.287119 0.174194 -0.580645
v -0.348387 0.174194 0.318759
v -0.348387 0.174194 0.669696
v -0.348387 0.196997 0.658065
v -0.348387 0.212903 -0.903535
v -0.348387 0.229410 -0.890323
v -0.348387 0.212903 -0.670969
v -0.326783 0.212903 -0.658065
v -0.348387 0.212903 0.345393
v -0.348387 0.216529 0.348387
v -0.348387 0.212903 0.642740
v -0.348387 0.251613 -0.850736
v -0.348387 0.269801 -0.812903
v -0.348387 0.251613 -0.719781
v -0.348387 0.262287 -0.735484
v -0.348387 0.251613 0.400514
v -0.348387 0.266204 0.425806
v -0.348387 0.251613 0.597986
v -0.348387 0.264470 0.580645
v -0.348387 0.290323 0.483349
v -0.348387 0.290323 0.522095
v -0.348387 0.297613 0.503226
v -0.270968 -0.313374 0.503226
v -0.270968 -0.260868 -0.812903
v -0.270968 -0.273859 -0.735484
v -0.270968 -0.290323 0.429736
v -0.270968 -0.288914 0.425806
v -0.254920 -0.290323 0.425806
v -0.270968 -0.290323 0.542300
v -0.270968 -0.264470 0.580645
v -0.270968 -0.251613 -0.832415
v -0.270968 -0.219568 -0.890323
v -0.237042 -0.251613 -0.812903
v -0.270968 -0.251613 -0.682915
v -0.270968 -0.239344 -0.658065
v -0.237744 -0.251613 -0.658065
v -0.270968 -0.251613 0.368599
v -0.270968 -0.236238 0.348387
v -0.218647 -0.251613 0.348387
v -0.270968 -0.251613 0.597986
v -0.270968 -0.212903 -0.896261
v -0.258834 -0.212903 -0.890323
v -0.270968 -0.212903 -0.613029
v -0.270968 -0.190089 -0.580645
v -0.270968 -0.212903 0.324048
v -0.212011 -0.212903 0.270968
v -0.270968 -0.212903 0.642740
v -0.270968 -0.196997 0.658065
v -0.270968 -0.174194 -0.925005
v -0.200103 -0.174194 -0.890323
v -0.270968 -0.174194 -0.572796
v -0.217030 -0.174194 0.193548
v -0.270968 -0.174194 0.290402
v -0.270968 -0.146244 0.270968
v -0.249382 -0.174194 0.270968
v -0.270968 -0.174194 0.669696
v -0.270968 -0.135484 -0.948000
v -0.270968 -0.135484 -0.557504
v -0.215657 -0.135484 0.116129
v -0.270968 -0.135484 0.260708
v -0.236160 -0.135484 0.193548
v -0.270968 -0.135484 0.685491
v -0.270968 -0.096774 -0.965247
v -0.270968 -0.088374 -0.967742
v -0.270968 -0.096774 -0.546035
v -0.232442 -0.096774 0.116129
v -0.270968 -0.096774 0.233026
v -0.250507 -0.096774 0.193548
v -0.270968 -0.096774 0.697337
v -0.270968 -0.058065 -0.974598
v -0.248216 -0.058065 -0.967742
v -0.270968 -0.058065 -0.538389
v -0.243632 -0.058065 0.116129
v -0.270968 -0.058065 0.214571
v -0.260072 -0.058065 0.193548
v -0.270968 -0.058065 0.705235
v -0.270968 -0.019355 -0.978976
v -0.233687 -0.019355 -0.967742
v -0.270968 -0.019355 -0.534566
v -0.249228 -0.019355 0.116129
v -0.270968 -0.019355 0.205344
v -0.264854 -0.019355 0.193548
v -0.270968 -0.019355 0.709184
v -0.270968 0.019355 -0.978976
v -0.233687 0.019355 -0.967742
v -0.270968 0.019355 -0.534566
v -0.249228 0.019355 0.116129
v -0.270968 0.019355 0.205344
v -0.264854 0.019355 0.193548
v -0.270968 0.019355 0.709184
v -0.270968 0.058065 -0.974598
v -0.270968 0.088374 -0.967742
v -0.248216 0.058065 -0.967742
v -0.270968 0.058065 -0.538389
v -0.243632 0.058065 0.116129
v -0.270968 0.058065 0.214571
v -0.260072 0.058065 0.193548
v -0.270968 0.058065 0.705235
v -0.270968 0.096774 -0.965247
v -0.270968 0.096774 -0.546035
v -0.232442 0.096774 0.116129
v -0.270968 0.096774 0.233026
v -0.250507 0.096774 0.193548
v -0.270968 0.096774 0.697337
v -0.270968 0.135484 -0.948000
v -0.270968 0.135484 -0.557504
v -0.215657 0.135484 0.116129
v -0.270968 0.135484 0.260708
v -0.236160 0.135484 0.193548
v -0.270968 0.146244 0.270968
v -0.270968 0.135484 0.685491
v -0.270968 0.174194 -0.925005
v -0.200103 0.174194 -0.890323
v -0.270968 0.174194 -0.572796
v -0.270968 0.190089 -0.580645
v -0.217030 0.174194 0.193548
v -0.270968 0.174194 0.290402
v -0.249382 0.174194 0.270968
v -0.270968 0.174194 0.669696
v -0.270968 0.196997 0.658065
v -0.270968 0.212903 -0.896261
v -0.270968 0.219568 -0.890323
v -0.258834 0.212903 -0.890323
v -0.270968 0.212903 -0.613029
v -0.270968 0.239344 -0.658065
v -0.270968 0.212903 0.324048
v -0.212011 0.212903 0.270968
v -0.270968 0.236238 0.348387
v -0.270968 0.212903 0.642740
v -0.270968 0.251613 -0.832415
v -0.270968 0.260868 -0.812903
v -0.237042 0.251613 -0.812903
v -0.270968 0.251613 -0.682915
v -0.270968 0.273859 -0.735484
v -0.237744 0.251613 -0.658065
v -0.270968 0.251613 0.368599
v -0.218647 0.251613 0.348387
v -0.270968 0.288914 0.425806
v -0.270968 0.251613 0.597986
v -0.270968 0.264470 0.580645
v -0.270968 0.290323 0.429736
v -0.254920 0.290323 0.425806
v -0.270968 0.290323 0.542300
v -0.270968 0.313374 0.503226
v -0.193548 -0.295036 0.425806
v -0.193548 -0.315956 0.503226
v -0.193548 -0.275888 -0.735484
v -0.193548 -0.265603 -0.658065
v -0.193548 -0.290323 0.414766
v -0.193548 -0.257935 0.348387
v -0.158373 -0.290323 0.425806
v -0.193548 -0.290323 0.548579
v -0.193548 -0.269610 0.580645
v -0.193548 -0.251613 -0.787486
v -0.193548 -0.237770 -0.812903
v -0.193548 -0.251613 -0.638044
v -0.193548 -0.251613 0.329447
v -0.193548 -0.228840 0.270968
v -0.130929 -0.251613 0.270968
v -0.193548 -0.251613 0.606400
v -0.193548 -0.212903 -0.844607
v -0.193548 -0.212903 -0.590562
v -0.193548 -0.203201 -0.580645
v -0.172481 -0.212903 -0.580645
v -0.138468 -0.212903 0.116129
v -0.193548 -0.212903 0.196271
v -0.193548 -0.212206 0.193548
v -0.192400 -0.212903 0.193548
v -0.193548 -0.212903 0.653882
v -0.193548 -0.208812 0.658065
v -0.184570 -0.212903 0.658065
v -0.193548 -0.174194 -0.885732
v -0.193548 -0.168793 -0.890323
v -0.193548 -0.174194 -0.561611
v -0.131323 -0.174194 -0.503226
v -0.122908 -0.174194 0.038710
v -0.193548 -0.174194 0.116889
v -0.193548 -0.173722 0.116129
v -0.193017 -0.174194 0.116129
v -0.193548 -0.174194 0.681424
v -0.134467 -0.174194 0.735484
v -0.193548 -0.135484 -0.912156
v -0.166771 -0.135484 -0.890323
v -0.193548 -0.135484 -0.541290
v -0.152981 -0.135484 -0.503226
v -0.193548 -0.135484 0.095758
v -0.141664 -0.135484 0.038710
v -0.193548 -0.135484 0.702320
v -0.157304 -0.135484 0.735484
v -0.193548 -0.096774 -0.931187
v -0.143432 -0.096774 -0.890323
v -0.193548 -0.096774 -0.526049
v -0.169224 -0.096774 -0.503226
v -0.193548 -0.096774 0.080291
v -0.155731 -0.096774 0.038710
v -0.193548 -0.096774 0.717992
v -0.174432 -0.096774 0.735484
v -0.193548 -0.058065 -0.943873
v -0.127872 -0.058065 -0.890323
v -0.193548 -0.058065 -0.515889
v -0.180052 -0.058065 -0.503226
v -0.193548 -0.058065 0.069980
v -0.165108 -0.058065 0.038710
v -0.193548 -0.058065 0.728440
v -0.185851 -0.058065 0.735484
v -0.193548 -0.019355 -0.950217
v -0.120092 -0.019355 -0.890323
v -0.193548 -0.019355 -0.510809
v -0.185467 -0.019355 -0.503226
v -0.193548 -0.019355 0.064825
v -0.169797 -0.019355 0.038710
v -0.193548 -0.019355 0.733664
v -0.191560 -0.019355 0.735484
v -0.193548 0.019355 -0.950217
v -0.120092 0.019355 -0.890323
v -0.193548 0.019355 -0.510809
v -0.185467 0.019355 -0.503226
v -0.193548 0.019355 0.064825
v -0.169797 0.019355 0.038710
v -0.193548 0.019355 0.733664
v -0.191560 0.019355 0.735484
v -0.193548 0.058065 -0.943873
v -0.127872 0.058065 -0.890323
v -0.193548 0.058065 -0.515889
v -0.180052 0.058065 -0.503226
v -0.193548 0.058065 0.069980
v -0.165108 0.058065 0.038710
v -0.193548 0.058065 0.728440
v -0.185851 0.058065 0.735484
v -0.193548 0.096774 -0.931187
v -0.143432 0.096774 -0.890323
v -0.193548 0.096774 -0.526049
v -0.169224 0.096774 -0.503226
v -0.193548 0.096774 0.080291
v -0.155731 0.096774 0.038710
v -0.193548 0.096774 0.717992
v -0.174432 0.096774 0.735484
v -0.193548 0.135484 -0.912156
v -0.193548 0.168793 -0.890323
v -0.166771 0.135484 -0.890323
v -0.193548 0.135484 -0.541290
v -0.152981 0.135484 -0.503226
v -0.193548 0.135484 0.095758
v -0.141664 0.135484 0.038710
v -0.193548 0.173722 0.116129
v -0.193548 0.135484 0.702320
v -0.157304 0.135484 0.735484
v -0.193548 0.174194 -0.885732
v -0.193548 0.174194 -0.561611
v -0.193548 0.203201 -0.580645
v -0.131323 0.174194 -0.503226
v -0.122908 0.174194 0.038710
v -0.193548 0.174194 0.116889
v -0.193017 0.174194 0.116129
v -0.193548 0.212206 0.193548
v -0.193548 0.174194 0.681424
v -0.193548 0.208812 0.658065
v -0.134467 0.174194 0.735484
v -0.193548 0.212903 -0.844607
v -0.193548 0.237770 -0.812903
v -0.193548 0.212903 -0.590562
v -0.172481 0.212903 -0.580645
v -0.138468 0.212903 0.116129
v -0.193548 0.212903 0.196271
v -0.192400 0.212903 0.193548
v -0.193548 0.228840 0.270968
v -0.193548 0.212903 0.653882
v -0.184570 0.212903 0.658065
v -0.193548 0.251613 -0.787486
v -0.193548 0.275888 -0.735484
v -0.193548 0.251613 -0.638044
v -0.193548 0.265603 -0.658065
v -0.193548 0.251613 0.329447
v -0.130929 0.251613 0.270968
v -0.193548 0.257935 0.348387
v -0.193548 0.251613 0.606400
v -0.193548 0.269610 0.580645
v -0.193548 0.290323 0.414766
v -0.193548 0.295036 0.425806
v -0.158373 0.290323 0.425806
v -0.193548 0.290323 0.548579
v -0.193548 0.315956 0.503226
v -0.116129 -0.307344 0.503226
v -0.116129 -0.264324 -0.735484
v -0.116129 -0.277634 -0.658065
v -0.116129 -0.256226 0.270968
v -0.116129 -0.261317 0.348387
v -0.116129 -0.290323 0.445129
v -0.116129 -0.283853 0.425806
v -0.116129 -0.290323 0.572255
v -0.055066 -0.290323 0.503226
v -0.116129 -0.287958 0.580645
v -0.109824 -0.290323 0.580645
v -0.116129 -0.251613 -0.758424
v -0.116129 -0.216396 -0.812903
v -0.077828 -0.251613 -0.735484
v -0.116129 -0.251613 -0.608525
v -0.116129 -0.234529 -0.580645
v -0.079637 -0.251613 -0.580645
v -0.116129 -0.226113 0.116129
v -0.050893 -0.251613 0.116129
v -0.116129 -0.251613 0.195540
v -0.116129 -0.251471 0.193548
v -0.108790 -0.251613 0.270968
v -0.102432 -0.251613 0.348387
v -0.057263 -0.251613 0.425806
v -0.116129 -0.251613 0.640203
v -0.116129 -0.238896 0.658065
v -0.088838 -0.251613 0.658065
v -0.116129 -0.212903 -0.815515
v -0.102621 -0.212903 -0.812903
v -0.116129 -0.212903 -0.533851
v -0.116129 -0.195919 -0.503226
v -0.116129 -0.212903 0.087830
v -0.116129 -0.185387 0.038710
v -0.060927 -0.212903 0.038710
v -0.056003 -0.212903 0.270968
v -0.055602 -0.212903 0.348387
v -0.116129 -0.212903 0.711685
v -0.116129 -0.199060 0.735484
v -0.116129 -0.174194 -0.839632
v -0.116129 -0.174194 -0.491108
v -0.116129 -0.174194 0.032340
v -0.048770 -0.174194 -0.038710
v -0.116129 -0.174194 0.750288
v -0.116129 -0.135484 -0.858925
v -0.116129 -0.135484 -0.473835
v -0.116129 -0.135484 0.014718
v -0.065476 -0.135484 -0.038710
v -0.116129 -0.135484 0.768725
v -0.116129 -0.096774 -0.873395
v -0.116129 -0.096774 -0.460881
v -0.116129 -0.096774 0.001501
v -0.078007 -0.096774 -0.038710
v -0.116129 -0.096774 0.782552
v -0.116129 -0.058065 -0.883042
v -0.116129 -0.058065 -0.452244
v -0.116129 -0.058065 -0.007310
v -0.086360 -0.058065 -0.038710
v -0.116129 -0.058065 0.791771
v -0.116129 -0.019355 -0.887866
v -0.116129 -0.019355 -0.447926
v -0.116129 -0.019355 -0.011715
v -0.090537 -0.019355 -0.038710
v -0.116129 -0.019355 0.796380
v -0.116129 0.019355 -0.887866
v -0.116129 0.019355 -0.447926
v -0.116129 0.019355 -0.011715
v -0.090537 0.019355 -0.038710
v -0.116129 0.019355 0.796380
v -0.116129 0.058065 -0.883042
v -0.116129 0.058065 -0.452244
v -0.116129 0.058065 -0.007310
v -0.086360 0.058065 -0.038710
v -0.116129 0.058065 0.791771
v -0.116129 0.096774 -0.873395
v -0.116129 0.096774 -0.460881
v -0.116129 0.096774 0.001501
v -0.078007 0.096774 -0.038710
v -0.116129 0.096774 0.782552
v -0.116129 0.135484 -0.858925
v -0.116129 0.135484 -0.473835
v -0.116129 0.135484 0.014718
v -0.065476 0.135484 -0.038710
v -0.116129 0.135484 0.768725
v -0.116129 0.174194 -0.839632
v -0.116129 0.174194 -0.491108
v -0.116129 0.195919 -0.503226
v -0.116129 0.174194 0.032340
v -0.048770 0.174194 -0.038710
v -0.116129 0.185387 0.038710
v -0.116129 0.174194 0.750288
v -0.116129 0.199060 0.735484
v -0.116129 0.212903 -0.815515
v -0.116129 0.216396 -0.812903
v -0.102621 0.212903 -0.812903
v -0.116129 0.212903 -0.533851
v -0.116129 0.234529 -0.580645
v -0.116129 0.212903 0.087830
v -0.060927 0.212903 0.038710
v -0.116129 0.226113 0.116129
v -0.116129 0.251471 0.193548
v -0.056003 0.212903 0.270968
v -0.055602 0.212903 0.348387
v -0.116129 0.212903 0.711685
v -0.116129 0.238896 0.658065
v -0.116129 0.251613 -0.758424
v -0.116129 0.264324 -0.735484
v -0.077828 0.251613 -0.735484
v -0.116129 0.251613 -0.608525
v -0.116129 0.277634 -0.658065
v -0.079637 0.251613 -0.580645
v -0.050893 0.251613 0.116129
v -0.116129 0.251613 0.195540
v -0.116129 0.256226 0.270968
v -0.108790 0.251613 0.270968
v -0.116129 0.261317 0.348387
v -0.102432 0.251613 0.348387
v -0.116129 0.283853 0.425806
v -0.057263 0.251613 0.425806
v -0.116129 0.251613 0.640203
v -0.116129 0.287958 0.580645
v -0.088838 0.251613 0.658065
v -0.116129 0.290323 0.445129
v -0.116129 0.290323 0.572255
v -0.116129 0.307344 0.503226
v -0.055066 0.290323 0.503226
v -0.109824 0.290323 0.580645
v -0.038710 -0.313658 0.580645
v -0.038710 -0.279838 -0.658065
v -0.038710 -0.268036 -0.580645
v -0.038710 -0.255695 0.116129
v -0.038710 -0.290323 0.515880
v -0.038710 -0.285112 0.503226
v -0.038710 -0.290323 0.626166
v 0.024040 -0.290323 0.580645
v -0.038710 -0.271635 0.658065
v -0.038710 -0.251613 -0.711094
v -0.038710 -0.236468 -0.735484
v -0.038710 -0.251613 -0.557559
v -0.038710 -0.251613 0.105362
v -0.038710 -0.222132 0.038710
v -0.038710 -0.251613 0.133868
v -0.031883 -0.251613 0.116129
v -0.038710 -0.235591 0.193548
v -0.038710 -0.251613 0.443825
v -0.038710 -0.239758 0.425806
v 0.018862 -0.251613 0.503226
v -0.038710 -0.251613 0.685715
v -0.038710 -0.212903 -0.780991
v -0.038710 -0.193073 -0.812903
v 0.034136 -0.212903 -0.735484
v -0.038710 -0.212903 -0.510917
v -0.038710 -0.205244 -0.503226
v -0.019567 -0.212903 -0.503226
v -0.038710 -0.212903 0.011174
v -0.038710 -0.192840 -0.038710
v 0.011174 -0.212903 -0.038710
v 0.023612 -0.212903 0.116129
v -0.038710 -0.212903 0.243209
v 0.004776 -0.212903 0.193548
v -0.038710 -0.197685 0.270968
v -0.038710 -0.212903 0.374871
v -0.038710 -0.196148 0.348387
v 0.019588 -0.212903 0.425806
v -0.038710 -0.212903 0.731537
v -0.038710 -0.208902 0.735484
v -0.038710 -0.174194 -0.826529
v -0.026054 -0.174194 -0.812903
v -0.038710 -0.174194 -0.485927
v 0.028819 -0.174194 -0.425806
v -0.038710 -0.174194 -0.048770
v 0.032340 -0.174194 -0.116129
v -0.021081 -0.174194 0.270968
v -0.022865 -0.174194 0.348387
v -0.038710 -0.174194 0.754694
v -0.038710 -0.135484 -0.848878
v -0.005296 -0.135484 -0.812903
v -0.038710 -0.135484 -0.468674
v 0.009440 -0.135484 -0.425806
v -0.038710 -0.135484 -0.065476
v 0.014718 -0.135484 -0.116129
v 0.002159 -0.135484 0.270968
v -0.000517 -0.135484 0.348387
v -0.038710 -0.135484 0.771833
v -0.038710 -0.096774 -0.865639
v 0.010272 -0.096774 -0.812903
v -0.038710 -0.096774 -0.455735
v -0.005094 -0.096774 -0.425806
v -0.038710 -0.096774 -0.078007
v 0.001501 -0.096774 -0.116129
v 0.019588 -0.096774 0.270968
v 0.016245 -0.096774 0.348387
v -0.038710 -0.096774 0.784688
v -0.038710 -0.058065 -0.876814
v 0.020651 -0.058065 -0.812903
v -0.038710 -0.058065 -0.447108
v -0.014783 -0.058065 -0.425806
v -0.038710 -0.058065 -0.086360
v -0.007310 -0.058065 -0.116129
v 0.031208 -0.058065 0.270968
v 0.027420 -0.058065 0.348387
v -0.038710 -0.058065 0.793258
v -0.038710 -0.019355 -0.882401
v 0.025841 -0.019355 -0.812903
v -0.038710 -0.019355 -0.442795
v -0.019628 -0.019355 -0.425806
v -0.038710 -0.019355 -0.090537
v -0.011715 -0.019355 -0.116129
v 0.037018 -0.019355 0.270968
v 0.033007 -0.019355 0.348387
v -0.038710 -0.019355 0.797543
v -0.038710 0.019355 -0.882401
v 0.025841 0.019355 -0.812903
v -0.038710 0.019355 -0.442795
v -0.019628 0.019355 -0.425806
v -0.038710 0.019355 -0.090537
v -0.011715 0.019355 -0.116129
v 0.037018 0.019355 0.270968
v 0.033007 0.019355 0.348387
v -0.038710 0.019355 0.797543
v -0.038710 0.058065 -0.876814
v 0.020651 0.058065 -0.812903
v -0.038710 0.058065 -0.447108
v -0.014783 0.058065 -0.425806
v -0.038710 0.058065 -0.086360
v -0.007310 0.058065 -0.116129
v 0.031208 0.058065 0.270968
v 0.027420 0.058065 0.348387
v -0.038710 0.058065 0.793258
v -0.038710 0.096774 -0.865639
v 0.010272 0.096774 -0.812903
v -0.038710 0.096774 -0.455735
v -0.005094 0.096774 -0.425806
v -0.038710 0.096774 -0.078007
v 0.001501 0.096774 -0.116129
v 0.019588 0.096774 0.270968
v 0.016245 0.096774 0.348387
v -0.038710 0.096774 0.784688
v -0.038710 0.135484 -0.848878
v -0.005296 0.135484 -0.812903
v -0.038710 0.135484 -0.468674
v 0.009440 0.135484 -0.425806
v -0.038710 0.135484 -0.065476
v 0.014718 0.135484 -0.116129
v 0.002159 0.135484 0.270968
v -0.000517 0.135484 0.348387
v -0.038710 0.135484 0.771833
v -0.038710 0.174194 -0.826529
v -0.038710 0.193073 -0.812903
v -0.026054 0.174194 -0.812903
v -0.038710 0.174194 -0.485927
v -0.038710 0.205244 -0.503226
v 0.028819 0.174194 -0.425806
v -0.038710 0.174194 -0.048770
v 0.032340 0.174194 -0.116129
v -0.038710 0.192840 -0.038710
v -0.038710 0.197685 0.270968
v -0.021081 0.174194 0.270968
v -0.038710 0.196148 0.348387
v -0.022865 0.174194 0.348387
v -0.038710 0.174194 0.754694
v -0.038710 0.208902 0.735484
v -0.038710 0.212903 -0.780991
v -0.038710 0.236468 -0.735484
v 0.034136 0.212903 -0.735484
v -0.038710 0.212903 -0.510917
v -0.019567 0.212903 -0.503226
v -0.038710 0.212903 0.011174
v 0.011174 0.212903 -0.038710
v -0.038710 0.222132 0.038710
v 0.023612 0.212903 0.116129
v -0.038710 0.212903 0.243209
v -0.038710 0.235591 0.193548
v 0.004776 0.212903 0.193548
v -0.038710 0.212903 0.374871
v -0.038710 0.239758 0.425806
v 0.019588 0.212903 0.425806
v -0.038710 0.212903 0.731537
v -0.038710 0.251613 -0.711094
v -0.038710 0.279838 -0.658065
v -0.038710 0.251613 -0.557559
v -0.038710 0.268036 -0.580645
v -0.038710 0.251613 0.105362
v -0.038710 0.251613 0.133868
v -0.038710 0.255695 0.116129
v -0.031883 0.251613 0.116129
v -0.038710 0.251613 0.443825
v -0.038710 0.285112 0.503226
v 0.018862 0.251613 0.503226
v -0.038710 0.251613 0.685715
v -0.038710 0.271635 0.658065
v -0.038710 0.290323 0.515880
v -0.038710 0.290323 0.626166
v -0.038710 0.313658 0.580645
v 0.024040 0.290323 0.580645
v 0.038710 -0.268910 -0.658065
v 0.038710 -0.280712 -0.580645
v 0.038710 -0.284088 0.580645
v 0.038710 -0.268345 0.658065
v 0.038710 -0.251613 -0.683944
v 0.085001 -0.251613 -0.658065
v 0.038710 -0.251613 -0.531267
v 0.038710 -0.232334 -0.503226
v 0.084812 -0.251613 -0.503226
v 0.038710 -0.222132 -0.038710
v 0.105362 -0.251613 -0.038710
v 0.038710 -0.223922 0.038710
v 0.038710 -0.251613 0.523536
v 0.038710 -0.238139 0.503226
v 0.038710 -0.251613 0.682612
v 0.038710 -0.212903 -0.733587
v 0.038710 -0.211128 -0.735484
v 0.038710 -0.212903 -0.464171
v 0.038710 -0.189999 -0.425806
v 0.038710 -0.212903 -0.060927
v 0.038710 -0.185387 -0.116129
v 0.087830 -0.212903 -0.116129
v 0.038710 -0.212903 0.078294
v 0.078294 -0.212903 0.038710
v 0.038710 -0.200265 0.116129
v 0.038710 -0.191659 0.193548
v 0.038710 -0.212903 0.445837
v 0.038710 -0.202333 0.425806
v 0.109002 -0.212903 0.503226
v 0.038710 -0.212903 0.731290
v 0.038710 -0.208902 0.735484
v 0.038710 -0.174194 -0.756895
v 0.038710 -0.174194 -0.415212
v 0.038710 -0.174194 -0.122908
v 0.054145 -0.174194 0.116129
v 0.038710 -0.174194 0.207468
v 0.047582 -0.174194 0.193548
v 0.038710 -0.174194 0.406606
v 0.057215 -0.174194 0.425806
v 0.038710 -0.174194 0.754694
v 0.038710 -0.135484 -0.774846
v 0.038710 -0.135484 -0.394454
v 0.038710 -0.135484 -0.141664
v 0.095758 -0.135484 -0.193548
v 0.072478 -0.135484 0.116129
v 0.038710 -0.135484 0.232149
v 0.063314 -0.135484 0.193548
v 0.038710 -0.135484 0.385475
v 0.077581 -0.135484 0.425806
v 0.038710 -0.135484 0.771833
v 0.038710 -0.096774 -0.788310
v 0.038710 -0.096774 -0.378885
v 0.038710 -0.096774 -0.155731
v 0.080291 -0.096774 -0.193548
v 0.086228 -0.096774 0.116129
v 0.038710 -0.096774 0.250660
v 0.075112 -0.096774 0.193548
v 0.038710 -0.096774 0.369627
v 0.092855 -0.096774 0.425806
v 0.038710 -0.096774 0.784688
v 0.038710 -0.058065 -0.797286
v 0.038710 -0.058065 -0.368506
v 0.038710 -0.058065 -0.165108
v 0.069980 -0.058065 -0.193548
v 0.095394 -0.058065 0.116129
v 0.038710 -0.058065 0.263001
v 0.082978 -0.058065 0.193548
v 0.038710 -0.058065 0.359062
v 0.103038 -0.058065 0.425806
v 0.038710 -0.058065 0.793258
v 0.038710 -0.019355 -0.801774
v 0.038710 -0.019355 -0.363317
v 0.038710 -0.019355 -0.169797
v 0.064825 -0.019355 -0.193548
v 0.099978 -0.019355 0.116129
v 0.038710 -0.019355 0.269171
v 0.086911 -0.019355 0.193548
v 0.038710 -0.019355 0.353779
v 0.108129 -0.019355 0.425806
v 0.038710 -0.019355 0.797543
v 0.038710 0.019355 -0.801774
v 0.038710 0.019355 -0.363317
v 0.038710 0.019355 -0.169797
v 0.064825 0.019355 -0.193548
v 0.099978 0.019355 0.116129
v 0.038710 0.019355 0.269171
v 0.086911 0.019355 0.193548
v 0.038710 0.019355 0.353779
v 0.108129 0.019355 0.425806
v 0.038710 0.019355 0.797543
v 0.038710 0.058065 -0.797286
v 0.038710 0.058065 -0.368506
v 0.038710 0.058065 -0.165108
v 0.069980 0.058065 -0.193548
v 0.095394 0.058065 0.116129
v 0.038710 0.058065 0.263001
v 0.082978 0.058065 0.193548
v 0.038710 0.058065 0.359062
v 0.103038 0.058065 0.425806
v 0.038710 0.058065 0.793258
v 0.038710 0.096774 -0.788310
v 0.038710 0.096774 -0.378885
v 0.038710 0.096774 -0.155731
v 0.080291 0.096774 -0.193548
v 0.086228 0.096774 0.116129
v 0.038710 0.096774 0.250660
v 0.075112 0.096774 0.193548
v 0.038710 0.096774 0.369627
v 0.092855 0.096774 0.425806
v 0.038710 0.096774 0.784688
v 0.038710 0.135484 -0.774846
v 0.038710 0.135484 -0.394454
v 0.038710 0.135484 -0.141664
v 0.095758 0.135484 -0.193548
v 0.072478 0.135484 0.116129
v 0.038710 0.135484 0.232149
v 0.063314 0.135484 0.193548
v 0.038710 0.135484 0.385475
v 0.077581 0.135484 0.425806
v 0.038710 0.135484 0.771833
v 0.038710 0.174194 -0.756895
v 0.038710 0.211128 -0.735484
v 0.038710 0.174194 -0.415212
v 0.038710 0.189999 -0.425806
v 0.038710 0.174194 -0.122908
v 0.038710 0.185387 -0.116129
v 0.038710 0.200265 0.116129
v 0.054145 0.174194 0.116129
v 0.038710 0.174194 0.207468
v 0.038710 0.191659 0.193548
v 0.047582 0.174194 0.193548
v 0.038710 0.174194 0.406606
v 0.038710 0.202333 0.425806
v 0.057215 0.174194 0.425806
v 0.038710 0.174194 0.754694
v 0.038710 0.208902 0.735484
v 0.038710 0.212903 -0.733587
v 0.038710 0.212903 -0.464171
v 0.038710 0.232334 -0.503226
v 0.038710 0.212903 -0.060927
v 0.087830 0.212903 -0.116129
v 0.038710 0.222132 -0.038710
v 0.038710 0.212903 0.078294
v 0.038710 0.223922 0.038710
v 0.078294 0.212903 0.038710
v 0.038710 0.212903 0.445837
v 0.038710 0.238139 0.503226
v 0.109002 0.212903 0.503226
v 0.038710 0.212903 0.731290
v 0.038710 0.251613 -0.683944
v 0.038710 0.268910 -0.658065
v 0.085001 0.251613 -0.658065
v 0.038710 0.251613 -0.531267
v 0.038710 0.280712 -0.580645
v 0.084812 0.251613 -0.503226
v 0.105362 0.251613 -0.038710
v 0.038710 0.251613 0.523536
v 0.038710 0.284088 0.580645
v 0.038710 0.251613 0.682612
v 0.038710 0.268345 0.658065
v 0.116129 -0.280646 -0.580645
v 0.116129 -0.262838 -0.503226
v 0.116129 -0.255695 -0.038710
v 0.116129 -0.269509 0.580645
v 0.116129 -0.266887 0.658065
v 0.116129 -0.251613 -0.635920
v 0.116129 -0.238043 -0.658065
v 0.116129 -0.251613 -0.483991
v 0.116129 -0.251613 -0.050893
v 0.116129 -0.226113 -0.116129
v 0.179277 -0.251613 -0.116129
v 0.116129 -0.251613 -0.031883
v 0.116129 -0.251613 0.554635
v 0.116129 -0.251613 0.681110
v 0.116129 -0.212903 -0.711132
v 0.116129 -0.199060 -0.735484
v 0.184302 -0.212903 -0.658065
v 0.116129 -0.212903 -0.427136
v 0.116129 -0.211817 -0.425806
v 0.143815 -0.212903 -0.425806
v 0.116129 -0.212903 -0.138468
v 0.116129 -0.212903 0.023612
v 0.116129 -0.200265 0.038710
v 0.116129 -0.212903 0.506413
v 0.116129 -0.209833 0.503226
v 0.129942 -0.212903 0.503226
v 0.116129 -0.212903 0.731171
v 0.116129 -0.208902 0.735484
v 0.116129 -0.174194 -0.750288
v 0.134467 -0.174194 -0.735484
v 0.116129 -0.174194 -0.403553
v 0.116129 -0.174194 -0.193017
v 0.116129 -0.173722 -0.193548
v 0.116889 -0.174194 -0.193548
v 0.116129 -0.174194 0.054145
v 0.116129 -0.174194 0.481192
v 0.116129 -0.174194 0.754694
v 0.116129 -0.135484 -0.768725
v 0.157304 -0.135484 -0.735484
v 0.116129 -0.135484 -0.385236
v 0.116129 -0.135484 -0.216527
v 0.116129 -0.135484 0.072478
v 0.116129 -0.135484 0.462046
v 0.182154 -0.135484 0.425806
v 0.116129 -0.135484 0.771833
v 0.116129 -0.096774 -0.782552
v 0.174432 -0.096774 -0.735484
v 0.116129 -0.096774 -0.371499
v 0.116129 -0.096774 -0.233973
v 0.116129 -0.096774 0.086228
v 0.116129 -0.096774 0.447687
v 0.155993 -0.096774 0.425806
v 0.116129 -0.096774 0.784688
v 0.116129 -0.058065 -0.791771
v 0.185851 -0.058065 -0.735484
v 0.116129 -0.058065 -0.362341
v 0.116129 -0.058065 -0.245603
v 0.116129 -0.058065 0.095394
v 0.116129 -0.058065 0.438114
v 0.138552 -0.058065 0.425806
v 0.116129 -0.058065 0.793258
v 0.116129 -0.019355 -0.796380
v 0.191560 -0.019355 -0.735484
v 0.116129 -0.019355 -0.357761
v 0.116129 -0.019355 -0.251419
v 0.116129 -0.019355 0.099978
v 0.116129 -0.019355 0.433328
v 0.129832 -0.019355 0.425806
v 0.116129 -0.019355 0.797543
v 0.116129 0.019355 -0.796380
v 0.191560 0.019355 -0.735484
v 0.116129 0.019355 -0.357761
v 0.116129 0.019355 -0.251419
v 0.116129 0.019355 0.099978
v 0.116129 0.019355 0.433328
v 0.129832 0.019355 0.425806
v 0.116129 0.019355 0.797543
v 0.116129 0.058065 -0.791771
v 0.185851 0.058065 -0.735484
v 0.116129 0.058065 -0.362341
v 0.116129 0.058065 -0.245603
v 0.116129 0.058065 0.095394
v 0.116129 0.058065 0.438114
v 0.138552 0.058065 0.425806
v 0.116129 0.058065 0.793258
v 0.116129 0.096774 -0.782552
v 0.174432 0.096774 -0.735484
v 0.116129 0.096774 -0.371499
v 0.116129 0.096774 -0.233973
v 0.116129 0.096774 0.086228
v 0.116129 0.096774 0.447687
v 0.155993 0.096774 0.425806
v 0.116129 0.096774 0.784688
v 0.116129 0.135484 -0.768725
v 0.157304 0.135484 -0.735484
v 0.116129 0.135484 -0.385236
v 0.116129 0.135484 -0.216527
v 0.116129 0.173722 -0.193548
v 0.116129 0.135484 0.072478
v 0.116129 0.135484 0.462046
v 0.182154 0.135484 0.425806
v 0.116129 0.135484 0.771833
v 0.116129 0.174194 -0.750288
v 0.116129 0.199060 -0.735484
v 0.134467 0.174194 -0.735484
v 0.116129 0.174194 -0.403553
v 0.116129 0.211817 -0.425806
v 0.116129 0.174194 -0.193017
v 0.116889 0.174194 -0.193548
v 0.116129 0.174194 0.054145
v 0.116129 0.200265 0.038710
v 0.116129 0.174194 0.481192
v 0.116129 0.209833 0.503226
v 0.116129 0.174194 0.754694
v 0.116129 0.208902 0.735484
v 0.116129 0.212903 -0.711132
v 0.116129 0.238043 -0.658065
v 0.184302 0.212903 -0.658065
v 0.116129 0.212903 -0.427136
v 0.143815 0.212903 -0.425806
v 0.116129 0.212903 -0.138468
v 0.116129 0.226113 -0.116129
v 0.116129 0.212903 0.023612
v 0.116129 0.212903 0.506413
v 0.129942 0.212903 0.503226
v 0.116129 0.212903 0.731171
v 0.116129 0.251613 -0.635920
v 0.116129 0.280646 -0.580645
v 0.116129 0.251613 -0.483991
v 0.116129 0.262838 -0.503226
v 0.116129 0.251613 -0.050893
v 0.179277 0.251613 -0.116129
v 0.116129 0.251613 -0.031883
v 0.116129 0.255695 -0.038710
v 0.116129 0.251613 0.554635
v 0.116129 0.269509 0.580645
v 0.116129 0.251613 0.681110
v 0.116129 0.266887 0.658065
v 0.193548 -0.269610 -0.580645
v 0.193548 -0.267405 -0.503226
v 0.193548 -0.256553 -0.116129
v 0.193548 -0.262344 -0.038710
v 0.193548 -0.276794 0.580645
v 0.193548 -0.267615 0.658065
v 0.193548 -0.251613 -0.606400
v 0.247916 -0.251613 -0.580645
v 0.193548 -0.251613 -0.477529
v 0.193548 -0.214529 -0.425806
v 0.193548 -0.251613 -0.126032
v 0.193548 -0.251613 -0.024236
v 0.235497 -0.251613 -0.038710
v 0.193548 -0.251613 0.540251
v 0.193548 -0.224685 0.503226
v 0.193548 -0.251613 0.681871
v 0.193548 -0.212903 -0.653882
v 0.193548 -0.208812 -0.658065
v 0.193548 -0.212903 -0.424679
v 0.193548 -0.212903 -0.192550
v 0.193548 -0.212206 -0.193548
v 0.195828 -0.212903 -0.193548
v 0.193548 -0.212903 0.020518
v 0.193548 -0.194021 0.038710
v 0.193548 -0.212903 0.488374
v 0.193548 -0.212903 0.731232
v 0.193548 -0.208902 0.735484
v 0.193548 -0.174194 -0.681424
v 0.193548 -0.174194 -0.402302
v 0.193548 -0.174194 -0.217030
v 0.193548 -0.174194 0.048628
v 0.193548 -0.174194 0.447710
v 0.193548 -0.148129 0.425806
v 0.234173 -0.174194 0.425806
v 0.193548 -0.174194 0.754694
v 0.193548 -0.135484 -0.702320
v 0.193548 -0.135484 -0.384401
v 0.264957 -0.135484 -0.348387
v 0.193548 -0.135484 -0.236160
v 0.260708 -0.135484 -0.270968
v 0.193548 -0.135484 0.064120
v 0.193548 -0.135484 0.418315
v 0.193548 -0.135484 0.771833
v 0.193548 -0.096774 -0.717992
v 0.193548 -0.096774 -0.370975
v 0.238336 -0.096774 -0.348387
v 0.193548 -0.096774 -0.250507
v 0.233026 -0.096774 -0.270968
v 0.193548 -0.096774 0.075738
v 0.193548 -0.096774 0.401113
v 0.193548 -0.096774 0.784688
v 0.193548 -0.058065 -0.728440
v 0.193548 -0.058065 -0.362024
v 0.220588 -0.058065 -0.348387
v 0.193548 -0.058065 -0.260072
v 0.214571 -0.058065 -0.270968
v 0.193548 -0.058065 0.083484
v 0.193548 -0.058065 0.389646
v 0.193548 -0.058065 0.793258
v 0.193548 -0.019355 -0.733664
v 0.193548 -0.019355 -0.357549
v 0.211714 -0.019355 -0.348387
v 0.193548 -0.019355 -0.264854
v 0.205344 -0.019355 -0.270968
v 0.193548 -0.019355 0.087357
v 0.193548 -0.019355 0.383912
v 0.193548 -0.019355 0.797543
v 0.193548 0.019355 -0.733664
v 0.193548 0.019355 -0.357549
v 0.211714 0.019355 -0.348387
v 0.193548 0.019355 -0.264854
v 0.205344 0.019355 -0.270968
v 0.193548 0.019355 0.087357
v 0.193548 0.019355 0.383912
v 0.193548 0.019355 0.797543
v 0.193548 0.058065 -0.728440
v 0.193548 0.058065 -0.362024
v 0.220588 0.058065 -0.348387
v 0.193548 0.058065 -0.260072
v 0.214571 0.058065 -0.270968
v 0.193548 0.058065 0.083484
v 0.193548 0.058065 0.389646
v 0.193548 0.058065 0.793258
v 0.193548 0.096774 -0.717992
v 0.193548 0.096774 -0.370975
v 0.238336 0.096774 -0.348387
v 0.193548 0.096774 -0.250507
v 0.233026 0.096774 -0.270968
v 0.193548 0.096774 0.075738
v 0.193548 0.096774 0.401113
v 0.193548 0.096774 0.784688
v 0.193548 0.135484 -0.702320
v 0.193548 0.135484 -0.384401
v 0.264957 0.135484 -0.348387
v 0.193548 0.135484 -0.236160
v 0.260708 0.135484 -0.270968
v 0.193548 0.135484 0.064120
v 0.193548 0.135484 0.418315
v 0.193548 0.148129 0.425806
v 0.193548 0.135484 0.771833
v 0.193548 0.174194 -0.681424
v 0.193548 0.208812 -0.658065
v 0.193548 0.174194 -0.402302
v 0.193548 0.174194 -0.217030
v 0.193548 0.212206 -0.193548
v 0.193548 0.174194 0.048628
v 0.193548 0.194021 0.038710
v 0.193548 0.174194 0.447710
v 0.234173 0.174194 0.425806
v 0.193548 0.174194 0.754694
v 0.193548 0.208902 0.735484
v 0.193548 0.212903 -0.653882
v 0.193548 0.212903 -0.424679
v 0.193548 0.214529 -0.425806
v 0.193548 0.212903 -0.192550
v 0.195828 0.212903 -0.193548
v 0.193548 0.212903 0.020518
v 0.193548 0.212903 0.488374
v 0.193548 0.224685 0.503226
v 0.193548 0.212903 0.731232
v 0.193548 0.251613 -0.606400
v 0.193548 0.269610 -0.580645
v 0.247916 0.251613 -0.580645
v 0.193548 0.251613 -0.477529
v 0.193548 0.267405 -0.503226
v 0.193548 0.251613 -0.126032
v 0.193548 0.256553 -0.116129
v 0.193548 0.251613 -0.024236
v 0.193548 0.262344 -0.038710
v 0.235497 0.251613 -0.038710
v 0.193548 0.251613 0.540251
v 0.193548 0.276794 0.580645
v 0.193548 0.251613 0.681871
v 0.193548 0.267615 0.658065
v 0.270968 -0.270336 -0.503226
v 0.270968 -0.269378 -0.116129
v 0.270968 -0.252907 0.580645
v 0.270968 -0.265227 0.658065
v 0.270968 -0.251613 -0.558229
v 0.270968 -0.242711 -0.580645
v 0.270968 -0.251613 -0.464478
v 0.270968 -0.229813 -0.425806
v 0.342185 -0.251613 -0.425806
v 0.270968 -0.251613 -0.155957
v 0.270968 -0.232050 -0.193548
v 0.270968 -0.251613 -0.064883
v 0.346369 -0.251613 -0.116129
v 0.270968 -0.241027 -0.038710
v 0.270968 -0.251613 0.577656
v 0.270968 -0.214009 0.503226
v 0.273852 -0.251613 0.580645
v 0.270968 -0.251613 0.679292
v 0.270968 -0.212903 -0.631416
v 0.270968 -0.194129 -0.658065
v 0.337494 -0.212903 -0.580645
v 0.270968 -0.212903 -0.407265
v 0.325531 -0.212903 -0.348387
v 0.270968 -0.212903 -0.214713
v 0.326626 -0.212903 -0.270968
v 0.270968 -0.212903 0.009194
v 0.331990 -0.212903 -0.038710
v 0.270968 -0.192109 0.038710
v 0.270968 -0.212903 0.498367
v 0.270968 -0.193079 0.425806
v 0.272143 -0.212903 0.503226
v 0.347775 -0.212903 0.580645
v 0.270968 -0.212903 0.731027
v 0.270968 -0.208902 0.735484
v 0.270968 -0.174194 -0.668428
v 0.291879 -0.174194 -0.658065
v 0.270968 -0.174194 -0.371893
v 0.270968 -0.142039 -0.348387
v 0.292751 -0.174194 -0.348387
v 0.270968 -0.174194 -0.250371
v 0.270968 -0.146244 -0.270968
v 0.291346 -0.174194 -0.270968
v 0.270968 -0.174194 0.047784
v 0.289461 -0.174194 0.038710
v 0.270968 -0.174194 0.412770
v 0.288714 -0.174194 0.425806
v 0.306399 -0.174194 0.503226
v 0.270968 -0.174194 0.754694
v 0.270968 -0.135484 -0.684528
v 0.324363 -0.135484 -0.658065
v 0.270968 -0.135484 0.063469
v 0.321429 -0.135484 0.038710
v 0.270968 -0.135484 0.391393
v 0.317813 -0.135484 0.425806
v 0.333804 -0.135484 0.503226
v 0.270968 -0.135484 0.771833
v 0.270968 -0.096774 -0.696603
v 0.270968 -0.096774 0.075233
v 0.345405 -0.096774 0.038710
v 0.270968 -0.096774 0.375360
v 0.339637 -0.096774 0.425806
v 0.270968 -0.096774 0.784688
v 0.270968 -0.058065 -0.704652
v 0.270968 -0.058065 0.083076
v 0.270968 -0.058065 0.364672
v 0.270968 -0.058065 0.793258
v 0.270968 -0.019355 -0.708677
v 0.270968 -0.019355 0.086997
v 0.270968 -0.019355 0.359327
v 0.270968 -0.019355 0.797543
v 0.270968 0.019355 -0.708677
v 0.270968 0.019355 0.086997
v 0.270968 0.019355 0.359327
v 0.270968 0.019355 0.797543
v 0.270968 0.058065 -0.704652
v 0.270968 0.058065 0.083076
v 0.270968 0.058065 0.364672
v 0.270968 0.058065 0.793258
v 0.270968 0.096774 -0.696603
v 0.270968 0.096774 0.075233
v 0.345405 0.096774 0.038710
v 0.270968 0.096774 0.375360
v 0.339637 0.096774 0.425806
v 0.270968 0.096774 0.784688
v 0.270968 0.135484 -0.684528
v 0.324363 0.135484 -0.658065
v 0.270968 0.142039 -0.348387
v 0.270968 0.146244 -0.270968
v 0.270968 0.135484 0.063469
v 0.321429 0.135484 0.038710
v 0.270968 0.135484 0.391393
v 0.317813 0.135484 0.425806
v 0.333804 0.135484 0.503226
v 0.270968 0.135484 0.771833
v 0.270968 0.174194 -0.668428
v 0.270968 0.194129 -0.658065
v 0.291879 0.174194 -0.658065
v 0.270968 0.174194 -0.371893
v 0.292751 0.174194 -0.348387
v 0.270968 0.174194 -0.250371
v 0.291346 0.174194 -0.270968
v 0.270968 0.174194 0.047784
v 0.270968 0.192109 0.038710
v 0.289461 0.174194 0.038710
v 0.270968 0.174194 0.412770
v 0.270968 0.193079 0.425806
v 0.288714 0.174194 0.425806
v 0.306399 0.174194 0.503226
v 0.270968 0.174194 0.754694
v 0.270968 0.208902 0.735484
v 0.270968 0.212903 -0.631416
v 0.270968 0.242711 -0.580645
v 0.337494 0.212903 -0.580645
v 0.270968 0.212903 -0.407265
v 0.270968 0.229813 -0.425806
v 0.325531 0.212903 -0.348387
v 0.270968 0.212903 -0.214713
v 0.326626 0.212903 -0.270968
v 0.270968 0.232050 -0.193548
v 0.270968 0.212903 0.009194
v 0.270968 0.241027 -0.038710
v 0.331990 0.212903 -0.038710
v 0.270968 0.212903 0.498367
v 0.270968 0.214009 0.503226
v 0.272143 0.212903 0.503226
v 0.347775 0.212903 0.580645
v 0.270968 0.212903 0.731027
v 0.270968 0.251613 -0.558229
v 0.270968 0.251613 -0.464478
v 0.270968 0.270336 -0.503226
v 0.342185 0.251613 -0.425806
v 0.270968 0.251613 -0.155957
v 0.270968 0.251613 -0.064883
v 0.270968 0.269378 -0.116129
v 0.346369 0.251613 -0.116129
v 0.270968 0.251613 0.577656
v 0.270968 0.252907 0.580645
v 0.273852 0.251613 0.580645
v 0.270968 0.251613 0.679292
v 0.270968 0.265227 0.658065
v 0.348387 -0.252521 -0.503226
v 0.348387 -0.253240 -0.425806
v 0.348387 -0.261752 0.658065
v 0.348387 -0.251613 -0.505063
v 0.350071 -0.251613 -0.503226
v 0.348387 -0.251613 -0.417693
v 0.348387 -0.235396 -0.348387
v 0.396634 -0.251613 -0.348387
v 0.348387 -0.232801 -0.270968
v 0.424878 -0.251613 -0.270968
v 0.348387 -0.248684 -0.193548
v 0.348387 -0.251058 -0.116129
v 0.348387 -0.251613 0.640059
v 0.348387 -0.251613 0.675063
v 0.348387 -0.212903 -0.572182
v 0.348387 -0.207046 -0.580645
v 0.411596 -0.212903 -0.503226
v 0.348387 -0.212903 -0.051509
v 0.408348 -0.212903 -0.116129
v 0.348387 -0.203835 -0.038710
v 0.348387 -0.212903 0.581133
v 0.348387 -0.212519 0.580645
v 0.348387 -0.212903 0.730692
v 0.348387 -0.208902 0.735484
v 0.348387 -0.174194 -0.609974
v 0.381362 -0.174194 -0.580645
v 0.348387 -0.174194 -0.012249
v 0.377619 -0.174194 -0.038710
v 0.348387 -0.174194 0.546052
v 0.348387 -0.174194 0.754694
v 0.348387 -0.135484 -0.637619
v 0.348387 -0.097314 -0.658065
v 0.412446 -0.135484 -0.580645
v 0.348387 -0.135484 0.015397
v 0.408160 -0.135484 -0.038710
v 0.348387 -0.135484 0.518100
v 0.348387 -0.108020 0.503226
v 0.348387 -0.135484 0.771833
v 0.348387 -0.096774 -0.658303
v 0.348607 -0.096774 -0.658065
v 0.348387 -0.096774 0.036131
v 0.348387 -0.089553 0.038710
v 0.348387 -0.096774 0.470698
v 0.348387 -0.073493 0.425806
v 0.353978 -0.096774 0.503226
v 0.348387 -0.096774 0.784688
v 0.348387 -0.058065 -0.669721
v 0.359110 -0.058065 -0.658065
v 0.348387 -0.058065 0.047930
v 0.356830 -0.058065 0.038710
v 0.348387 -0.058065 0.419126
v 0.352175 -0.058065 0.425806
v 0.366807 -0.058065 0.503226
v 0.348387 -0.058065 0.793258
v 0.348387 -0.019355 -0.675429
v 0.364362 -0.019355 -0.658065
v 0.348387 -0.019355 0.053598
v 0.362019 -0.019355 0.038710
v 0.348387 -0.019355 0.410745
v 0.356926 -0.019355 0.425806
v 0.373221 -0.019355 0.503226
v 0.348387 -0.019355 0.797543
v 0.348387 0.019355 -0.675429
v 0.364362 0.019355 -0.658065
v 0.348387 0.019355 0.053598
v 0.362019 0.019355 0.038710
v 0.348387 0.019355 0.410745
v 0.356926 0.019355 0.425806
v 0.373221 0.019355 0.503226
v 0.348387 0.019355 0.797543
v 0.348387 0.058065 -0.669721
v 0.359110 0.058065 -0.658065
v 0.348387 0.058065 0.047930
v 0.348387 0.089553 0.038710
v 0.356830 0.058065 0.038710
v 0.348387 0.058065 0.419126
v 0.348387 0.073493 0.425806
v 0.352175 0.058065 0.425806
v 0.366807 0.058065 0.503226
v 0.348387 0.058065 0.793258
v 0.348387 0.096774 -0.658303
v 0.348387 0.097314 -0.658065
v 0.348607 0.096774 -0.658065
v 0.348387 0.096774 0.036131
v 0.348387 0.096774 0.470698
v 0.348387 0.108020 0.503226
v 0.353978 0.096774 0.503226
v 0.348387 0.096774 0.784688
v 0.348387 0.135484 -0.637619
v 0.412446 0.135484 -0.580645
v 0.348387 0.135484 0.015397
v 0.408160 0.135484 -0.038710
v 0.348387 0.135484 0.518100
v 0.348387 0.135484 0.771833
v 0.348387 0.174194 -0.609974
v 0.348387 0.207046 -0.580645
v 0.381362 0.174194 -0.580645
v 0.348387 0.174194 -0.012249
v 0.348387 0.203835 -0.038710
v 0.377619 0.174194 -0.038710
v 0.348387 0.174194 0.546052
v 0.348387 0.212519 0.580645
v 0.348387 0.174194 0.754694
v 0.348387 0.208902 0.735484
v 0.348387 0.212903 -0.572182
v 0.411596 0.212903 -0.503226
v 0.348387 0.235396 -0.348387
v 0.348387 0.232801 -0.270968
v 0.348387 0.248684 -0.193548
v 0.348387 0.212903 -0.051509
v 0.348387 0.251058 -0.116129
v 0.408348 0.212903 -0.116129
v 0.348387 0.212903 0.581133
v 0.348387 0.212903 0.730692
v 0.348387 0.251613 -0.505063
v 0.348387 0.252521 -0.503226
v 0.350071 0.251613 -0.503226
v 0.348387 0.251613 -0.417693
v 0.348387 0.253240 -0.425806
v 0.396634 0.251613 -0.348387
v 0.424878 0.251613 -0.270968
v 0.348387 0.251613 0.640059
v 0.348387 0.251613 0.675063
v 0.348387 0.261752 0.658065
v 0.425806 -0.252968 -0.425806
v 0.425806 -0.260018 -0.348387
v 0.425806 -0.251809 -0.270968
v 0.425806 -0.260218 0.658065
v 0.425806 -0.251613 -0.428293
v 0.428293 -0.251613 -0.425806
v 0.443668 -0.251613 -0.348387
v 0.425806 -0.251613 -0.269818
v 0.426121 -0.251613 -0.270968
v 0.425806 -0.236461 -0.193548
v 0.425806 -0.251613 0.646458
v 0.425806 -0.251613 0.672987
v 0.425806 -0.212903 -0.489166
v 0.425806 -0.202174 -0.503226
v 0.489166 -0.212903 -0.425806
v 0.479459 -0.212903 -0.270968
v 0.425806 -0.212903 -0.140940
v 0.452217 -0.212903 -0.193548
v 0.425806 -0.199572 -0.116129
v 0.425806 -0.212903 0.601705
v 0.425806 -0.191045 0.580645
v 0.425806 -0.212903 0.730527
v 0.425806 -0.208902 0.735484
v 0.425806 -0.174194 -0.533205
v 0.456831 -0.174194 -0.503226
v 0.488383 -0.174194 -0.193548
v 0.425806 -0.174194 -0.089664
v 0.452939 -0.174194 -0.116129
v 0.425806 -0.174194 0.572375
v 0.425806 -0.174194 0.754694
v 0.425806 -0.135484 -0.566383
v 0.425806 -0.113298 -0.580645
v 0.491167 -0.135484 -0.503226
v 0.425806 -0.135484 -0.057370
v 0.486048 -0.135484 -0.116129
v 0.425806 -0.105662 -0.038710
v 0.425806 -0.135484 0.557175
v 0.425806 -0.135484 0.771833
v 0.425806 -0.096774 -0.586849
v 0.431536 -0.096774 -0.580645
v 0.425806 -0.096774 -0.035373
v 0.428963 -0.096774 -0.038710
v 0.425806 -0.096774 0.545776
v 0.425806 -0.096774 0.784688
v 0.425806 -0.058065 -0.596539
v 0.440485 -0.058065 -0.580645
v 0.425806 -0.058065 -0.025683
v 0.438127 -0.058065 -0.038710
v 0.425806 -0.058065 0.538176
v 0.425806 -0.058065 0.793258
v 0.425806 -0.019355 -0.601383
v 0.444959 -0.019355 -0.580645
v 0.425806 -0.019355 -0.020839
v 0.442709 -0.019355 -0.038710
v 0.425806 -0.019355 0.534376
v 0.425806 -0.019355 0.797543
v 0.425806 0.019355 -0.601383
v 0.444959 0.019355 -0.580645
v 0.425806 0.019355 -0.020839
v 0.442709 0.019355 -0.038710
v 0.425806 0.019355 0.534376
v 0.425806 0.019355 0.797543
v 0.425806 0.058065 -0.596539
v 0.440485 0.058065 -0.580645
v 0.425806 0.058065 -0.025683
v 0.438127 0.058065 -0.038710
v 0.425806 0.058065 0.538176
v 0.425806 0.058065 0.793258
v 0.425806 0.096774 -0.586849
v 0.425806 0.113298 -0.580645
v 0.431536 0.096774 -0.580645
v 0.425806 0.096774 -0.035373
v 0.425806 0.105662 -0.038710
v 0.428963 0.096774 -0.038710
v 0.425806 0.096774 0.545776
v 0.425806 0.096774 0.784688
v 0.425806 0.135484 -0.566383
v 0.491167 0.135484 -0.503226
v 0.425806 0.135484 -0.057370
v 0.486048 0.135484 -0.116129
v 0.425806 0.135484 0.557175
v 0.425806 0.135484 0.771833
v 0.425806 0.174194 -0.533205
v 0.425806 0.202174 -0.503226
v 0.456831 0.174194 -0.503226
v 0.488383 0.174194 -0.193548
v 0.425806 0.174194 -0.089664
v 0.425806 0.199572 -0.116129
v 0.452939 0.174194 -0.116129
v 0.425806 0.174194 0.572375
v 0.425806 0.191045 0.580645
v 0.425806 0.174194 0.754694
v 0.425806 0.208902 0.735484
v 0.425806 0.212903 -0.489166
v 0.489166 0.212903 -0.425806
v 0.479459 0.212903 -0.270968
v 0.425806 0.212903 -0.140940
v 0.425806 0.236460 -0.193548
v 0.452217 0.212903 -0.193548
v 0.425806 0.212903 0.601705
v 0.425806 0.212903 0.730527
v 0.425806 0.251613 -0.428293
v 0.425806 0.252968 -0.425806
v 0.428293 0.251613 -0.425806
v 0.425806 0.260018 -0.348387
v 0.443668 0.251613 -0.348387
v 0.425806 0.251613 -0.269818
v 0.425806 0.251809 -0.270968
v 0.426121 0.251613 -0.270968
v 0.425806 0.251613 0.646458
v 0.425806 0.251613 0.672987
v 0.425806 0.260218 0.658065
v 0.503226 -0.260218 0.658065
v 0.503226 -0.218918 -0.348387
v 0.503226 -0.251613 0.646458
v 0.503226 -0.251613 0.672987
v 0.503226 -0.212903 -0.379523
v 0.503226 -0.202174 -0.425806
v 0.503226 -0.212903 -0.328371
v 0.517928 -0.212903 -0.348387
v 0.503226 -0.192204 -0.270968
v 0.503226 -0.212903 0.601705
v 0.503226 -0.191045 0.580645
v 0.503226 -0.212903 0.730527
v 0.503226 -0.208902 0.735484
v 0.503226 -0.174194 -0.456831
v 0.533205 -0.174194 -0.425806
v 0.503226 -0.174194 -0.229833
v 0.518500 -0.174194 -0.270968
v 0.503226 -0.154335 -0.193548
v 0.503226 -0.174194 0.572375
v 0.503226 -0.174194 0.754694
v 0.503226 -0.135484 -0.491167
v 0.503226 -0.117358 -0.503226
v 0.566383 -0.135484 -0.425806
v 0.544762 -0.135484 -0.270968
v 0.503226 -0.135484 -0.156064
v 0.510683 -0.135484 -0.193548
v 0.503226 -0.108707 -0.116129
v 0.503226 -0.135484 0.557175
v 0.503226 -0.135484 0.771833
v 0.503226 -0.096774 -0.510236
v 0.510236 -0.096774 -0.503226
v 0.564459 -0.096774 -0.270968
v 0.522169 -0.096774 -0.193548
v 0.503226 -0.096774 -0.111950
v 0.507366 -0.096774 -0.116129
v 0.503226 -0.096774 0.545776
v 0.503226 -0.096774 0.784688
v 0.503226 -0.058065 -0.519025
v 0.519025 -0.058065 -0.503226
v 0.577590 -0.058065 -0.270968
v 0.529826 -0.058065 -0.193548
v 0.503226 -0.058065 -0.102912
v 0.516319 -0.058065 -0.116129
v 0.503226 -0.058065 0.538176
v 0.503226 -0.058065 0.793258
v 0.503226 -0.019355 -0.523419
v 0.523419 -0.019355 -0.503226
v 0.533654 -0.019355 -0.193548
v 0.503226 -0.019355 -0.098393
v 0.520796 -0.019355 -0.116129
v 0.503226 -0.019355 0.534376
v 0.503226 -0.019355 0.797543
v 0.503226 0.019355 -0.523419
v 0.523419 0.019355 -0.503226
v 0.533654 0.019355 -0.193548
v 0.503226 0.019355 -0.098393
v 0.520796 0.019355 -0.116129
v 0.503226 0.019355 0.534376
v 0.503226 0.019355 0.797543
v 0.503226 0.058065 -0.519025
v 0.519025 0.058065 -0.503226
v 0.577590 0.058065 -0.270968
v 0.529826 0.058065 -0.193548
v 0.503226 0.058065 -0.102912
v 0.516319 0.058065 -0.116129
v 0.503226 0.058065 0.538176
v 0.503226 0.058065 0.793258
v 0.503226 0.096774 -0.510236
v 0.503226 0.117358 -0.503226
v 0.510236 0.096774 -0.503226
v 0.564459 0.096774 -0.270968
v 0.522169 0.096774 -0.193548
v 0.503226 0.096774 -0.111950
v 0.503226 0.108707 -0.116129
v 0.507366 0.096774 -0.116129
v 0.503226 0.096774 0.545776
v 0.503226 0.096774 0.784688
v 0.503226 0.135484 -0.491167
v 0.566383 0.135484 -0.425806
v 0.544762 0.135484 -0.270968
v 0.503226 0.135484 -0.156064
v 0.503226 0.154335 -0.193548
v 0.510683 0.135484 -0.193548
v 0.503226 0.135484 0.557175
v 0.503226 0.135484 0.771833
v 0.503226 0.174194 -0.456831
v 0.503226 0.202174 -0.425806
v 0.533205 0.174194 -0.425806
v 0.503226 0.174194 -0.229833
v 0.503226 0.192204 -0.270968
v 0.518500 0.174194 -0.270968
v 0.503226 0.174194 0.572375
v 0.503226 0.191045 0.580645
v 0.503226 0.174194 0.754694
v 0.503226 0.208902 0.735484
v 0.503226 0.212903 -0.379523
v 0.503226 0.212903 -0.328371
v 0.503226 0.218918 -0.348387
v 0.517928 0.212903 -0.348387
v 0.503226 0.212903 0.601705
v 0.503226 0.212903 0.730527
v 0.503226 0.251613 0.646458
v 0.503226 0.251613 0.672987
v 0.503226 0.260218 0.658065
v 0.580645 -0.260218 0.658065
v 0.580645 -0.251613 0.646458
v 0.580645 -0.251613 0.672987
v 0.580645 -0.182116 -0.348387
v 0.580645 -0.212903 0.601705
v 0.580645 -0.191045 0.580645
v 0.580645 -0.212903 0.730527
v 0.580645 -0.208902 0.735484
v 0.580645 -0.174194 -0.360137
v 0.580645 -0.174194 -0.340834
v 0.584462 -0.174194 -0.348387
v 0.580645 -0.174194 0.572375
v 0.580645 -0.174194 0.754694
v 0.580645 -0.135484 -0.406065
v 0.580645 -0.113298 -0.425806
v 0.580645 -0.135484 -0.311309
v 0.599379 -0.135484 -0.348387
v 0.580645 -0.135484 0.557175
v 0.580645 -0.135484 0.771833
v 0.580645 -0.096774 -0.431536
v 0.586849 -0.096774 -0.425806
v 0.580645 -0.096774 -0.289165
v 0.610568 -0.096774 -0.348387
v 0.580645 -0.096774 0.545776
v 0.580645 -0.096774 0.784688
v 0.580645 -0.058065 -0.440485
v 0.596539 -0.058065 -0.425806
v 0.580645 -0.058065 -0.274402
v 0.618027 -0.058065 -0.348387
v 0.580645 -0.040054 -0.270968
v 0.580645 -0.058065 0.538176
v 0.580645 -0.058065 0.793258
v 0.580645 -0.019355 -0.444959
v 0.601383 -0.019355 -0.425806
v 0.621756 -0.019355 -0.348387
v 0.580645 -0.019355 -0.267736
v 0.583752 -0.019355 -0.270968
v 0.580645 -0.019355 0.534376
v 0.580645 -0.019355 0.797543
v 0.580645 0.019355 -0.444959
v 0.601383 0.019355 -0.425806
v 0.621756 0.019355 -0.348387
v 0.580645 0.019355 -0.267736
v 0.580645 0.040054 -0.270968
v 0.583752 0.019355 -0.270968
v 0.580645 0.019355 0.534376
v 0.580645 0.019355 0.797543
v 0.580645 0.058065 -0.440485
v 0.596539 0.058065 -0.425806
v 0.580645 0.058065 -0.274402
v 0.618027 0.058065 -0.348387
v 0.580645 0.058065 0.538176
v 0.580645 0.058065 0.793258
v 0.580645 0.096774 -0.431536
v 0.580645 0.113298 -0.425806
v 0.586849 0.096774 -0.425806
v 0.580645 0.096774 -0.289165
v 0.610568 0.096774 -0.348387
v 0.580645 0.096774 0.545776
v 0.580645 0.096774 0.784688
v 0.580645 0.135484 -0.406065
v 0.580645 0.135484 -0.311309
v 0.599379 0.135484 -0.348387
v 0.580645 0.135484 0.557175
v 0.580645 0.135484 0.771833
v 0.580645 0.174194 -0.360137
v 0.580645 0.174194 -0.340834
v 0.580645 0.182116 -0.348387
v 0.584462 0.174194 -0.348387
v 0.580645 0.174194 0.572375
v 0.580645 0.191045 0.580645
v 0.580645 0.174194 0.754694
v 0.580645 0.208902 0.735484
v 0.580645 0.212903 0.601705
v 0.580645 0.212903 0.730527
v 0.580645 0.251613 0.646458
v 0.580645 0.251613 0.672987
v 0.580645 0.260218 0.658065
v 0.658065 -0.260218 0.658065
v 0.658065 -0.251613 0.646458
v 0.658065 -0.251613 0.672987
v 0.682743 -0.251613 0.658065
v 0.658065 -0.212903 0.601705
v 0.658065 -0.191045 0.580645
v 0.658065 -0.212903 0.730527
v 0.658065 -0.208902 0.735484
v 0.658065 -0.174194 0.572375
v 0.658065 -0.174194 0.754694
v 0.658065 -0.135484 0.557175
v 0.658065 -0.135484 0.771833
v 0.658065 -0.096774 0.545776
v 0.658065 -0.096774 0.784688
v 0.658065 -0.058065 0.538176
v 0.658065 -0.058065 0.793258
v 0.658065 -0.019355 0.534376
v 0.658065 -0.019355 0.797543
v 0.658065 0.019355 0.534376
v 0.658065 0.019355 0.797543
v 0.658065 0.058065 0.538176
v 0.658065 0.058065 0.793258
v 0.658065 0.096774 0.545776
v 0.658065 0.096774 0.784688
v 0.658065 0.135484 0.557175
v 0.658065 0.135484 0.771833
v 0.658065 0.174194 0.572375
v 0.658065 0.191045 0.580645
v 0.658065 0.174194 0.754694
v 0.658065 0.208902 0.735484
v 0.658065 0.212903 0.601705
v 0.658065 0.212903 0.730527
v 0.658065 0.251613 0.646458
v 0.658065 0.251613 0.672987
v 0.658065 0.260218 0.658065
v 0.682743 0.251613 0.658065
v 0.735484 -0.230158 0.658065
v 0.735484 -0.212903 0.621561
v 0.735484 -0.189695 0.580645
v 0.735484 -0.212903 0.704998
v 0.771255 -0.212903 0.658065
v 0.735484 -0.199454 0.735484
v 0.735484 -0.174194 0.572971
v 0.745794 -0.174194 0.580645
v 0.735484 -0.174194 0.750477
v 0.735484 -0.135484 0.557641
v 0.766392 -0.135484 0.580645
v 0.735484 -0.135484 0.768858
v 0.735484 -0.096774 0.546143
v 0.781840 -0.096774 0.580645
v 0.735484 -0.096774 0.782644
v 0.735484 -0.058065 0.538478
v 0.792139 -0.058065 0.580645
v 0.735484 -0.058065 0.791835
v 0.735484 -0.019355 0.534645
v 0.797289 -0.019355 0.580645
v 0.735484 -0.019355 0.796430
v 0.735484 0.019355 0.534645
v 0.797289 0.019355 0.580645
v 0.735484 0.019355 0.796430
v 0.735484 0.058065 0.538478
v 0.792139 0.058065 0.580645
v 0.735484 0.058065 0.791835
v 0.735484 0.096774 0.546143
v 0.781840 0.096774 0.580645
v 0.735484 0.096774 0.782644
v 0.735484 0.135484 0.557641
v 0.766392 0.135484 0.580645
v 0.735484 0.135484 0.768858
v 0.735484 0.174194 0.572971
v 0.735484 0.189695 0.580645
v 0.745794 0.174194 0.580645
v 0.735484 0.174194 0.750477
v 0.735484 0.199454 0.735484
v 0.735484 0.212903 0.621561
v 0.735484 0.212903 0.704998
v 0.735484 0.230158 0.658065
v 0.771255 0.212903 0.658065
v 0.812903 -0.188796 0.658065
v 0.812903 -0.191130 0.735484
v 0.812903 -0.174194 0.648277
v 0.823517 -0.174194 0.658065
v 0.812903 -0.174194 0.746222
v 0.826242 -0.174194 0.735484
v 0.812903 -0.135484 0.627518
v 0.846025 -0.135484 0.658065
v 0.812903 -0.135484 0.765856
v 0.850632 -0.135484 0.735484
v 0.812903 -0.096774 0.611950
v 0.862907 -0.096774 0.658065
v 0.812903 -0.096774 0.780582
v 0.868924 -0.096774 0.735484
v 0.812903 -0.058065 0.601571
v 0.874161 -0.058065 0.658065
v 0.812903 -0.058065 0.790399
v 0.881119 -0.058065 0.735484
v 0.812903 -0.019355 0.596381
v 0.879788 -0.019355 0.658065
v 0.812903 -0.019355 0.795307
v 0.887217 -0.019355 0.735484
v 0.812903 0.019355 0.596381
v 0.879788 0.019355 0.658065
v 0.812903 0.019355 0.795307
v 0.887217 0.019355 0.735484
v 0.812903 0.058065 0.601571
v 0.874161 0.058065 0.658065
v 0.812903 0.058065 0.790399
v 0.881119 0.058065 0.735484
v 0.812903 0.096774 0.611950
v 0.862907 0.096774 0.658065
v 0.812903 0.096774 0.780582
v 0.868924 0.096774 0.735484
v 0.812903 0.135484 0.627518
v 0.846025 0.135484 0.658065
v 0.812903 0.135484 0.765856
v 0.850632 0.135484 0.735484
v 0.812903 0.174194 0.648277
v 0.812903 0.188796 0.658065
v 0.823517 0.174194 0.658065
v 0.812903 0.174194 0.746222
v 0.812903 0.191130 0.735484
v 0.826242 0.174194 0.735484
f 22 1 21
f 21 1 23
f 24 1 22
f 2 1 24
f 23 2 25
f 1 2 23
f 27 2 24
f 3 2 27
f 25 4 26
f 25 2 4
f 2 3 4
f 26 4 29
f 30 5 28
f 28 3 27
f 28 5 3
f 5 6 3
f 3 6 4
f 4 6 7
f 29 7 31
f 4 7 29
f 32 5 30
f 8 5 32
f 5 8 6
f 6 8 9
f 6 9 7
f 7 9 10
f 31 10 33
f 7 10 31
f 34 8 32
f 11 8 34
f 8 11 9
f 9 11 12
f 9 12 10
f 10 12 13
f 33 13 35
f 10 13 33
f 36 11 34
f 14 11 36
f 11 14 12
f 12 14 15
f 12 15 13
f 13 15 16
f 35 16 38
f 13 16 35
f 36 37 14
f 39 14 37
f 39 17 14
f 17 15 14
f 15 17 16
f 16 17 18
f 38 18 40
f 16 18 38
f 42 17 39
f 19 17 42
f 41 19 43
f 41 18 19
f 18 17 19
f 18 41 40
f 44 19 42
f 20 19 44
f 43 20 45
f 19 20 43
f 44 46 20
f 20 46 45
f 22 47 49
f 21 47 22
f 21 50 47
f 23 50 21
f 49 52 22
f 52 24 22
f 50 23 53
f 53 23 25
f 52 57 24
f 57 27 24
f 53 25 26
f 54 53 26
f 26 59 54
f 29 59 26
f 30 58 61
f 28 58 30
f 58 28 27
f 57 58 27
f 59 29 62
f 62 29 31
f 61 64 30
f 64 32 30
f 62 31 65
f 65 31 33
f 64 67 32
f 67 34 32
f 65 33 68
f 68 33 35
f 67 70 34
f 70 36 34
f 68 35 72
f 72 35 38
f 70 37 36
f 71 37 70
f 37 71 74
f 39 37 74
f 72 38 75
f 75 38 40
f 74 78 39
f 78 42 39
f 43 79 76
f 41 43 76
f 76 40 41
f 75 40 76
f 78 82 42
f 82 44 42
f 79 43 83
f 83 43 45
f 82 46 44
f 84 46 82
f 84 45 46
f 83 45 84
f 88 48 87
f 87 48 91
f 49 89 92
f 47 89 49
f 88 51 48
f 88 47 51
f 88 89 47
f 50 51 47
f 91 51 93
f 48 51 91
f 92 97 49
f 97 52 49
f 55 51 50
f 53 55 50
f 93 56 94
f 93 51 56
f 51 55 56
f 94 56 98
f 97 101 52
f 101 57 52
f 55 53 54
f 54 59 60
f 54 60 55
f 55 60 56
f 98 60 103
f 56 60 98
f 61 102 106
f 58 102 61
f 102 58 57
f 101 102 57
f 63 60 59
f 62 63 59
f 103 63 107
f 60 63 103
f 106 110 61
f 110 64 61
f 66 63 62
f 65 66 62
f 107 66 111
f 63 66 107
f 110 114 64
f 114 67 64
f 69 66 65
f 68 69 65
f 111 69 115
f 66 69 111
f 114 118 67
f 118 70 67
f 73 69 68
f 72 73 68
f 115 73 120
f 69 73 115
f 118 71 70
f 119 71 118
f 71 119 123
f 74 71 123
f 77 73 72
f 75 77 72
f 120 77 124
f 73 77 120
f 123 127 74
f 127 78 74
f 76 79 80
f 75 76 80
f 75 80 77
f 77 80 81
f 124 81 128
f 77 81 124
f 127 132 78
f 132 82 78
f 85 80 79
f 83 85 79
f 129 85 134
f 129 81 85
f 81 80 85
f 81 129 128
f 132 84 82
f 133 84 132
f 83 84 133
f 83 133 86
f 83 86 85
f 86 133 137
f 134 86 139
f 85 86 134
f 137 140 86
f 86 140 139
f 143 90 141
f 88 141 90
f 88 87 141
f 87 142 141
f 87 144 142
f 91 144 87
f 90 92 89
f 90 143 92
f 143 149 92
f 90 89 88
f 144 91 150
f 150 91 93
f 153 95 145
f 145 96 147
f 95 96 145
f 147 96 155
f 149 156 92
f 156 97 92
f 150 93 94
f 151 150 94
f 94 157 151
f 98 157 94
f 158 95 153
f 99 95 158
f 95 99 96
f 96 99 100
f 155 100 160
f 96 100 155
f 156 162 97
f 162 101 97
f 157 98 164
f 164 98 103
f 166 99 158
f 104 99 166
f 99 104 100
f 100 104 105
f 160 105 168
f 100 105 160
f 106 163 170
f 102 163 106
f 163 102 101
f 162 163 101
f 164 103 171
f 171 103 107
f 173 104 166
f 108 104 173
f 104 108 105
f 105 108 109
f 168 109 175
f 105 109 168
f 170 177 106
f 177 110 106
f 171 107 178
f 178 107 111
f 180 108 173
f 112 108 180
f 108 112 109
f 109 112 113
f 175 113 182
f 109 113 175
f 177 184 110
f 184 114 110
f 178 111 185
f 185 111 115
f 187 112 180
f 116 112 187
f 112 116 113
f 113 116 117
f 182 117 189
f 113 117 182
f 184 191 114
f 191 118 114
f 185 115 193
f 193 115 120
f 195 116 187
f 121 116 195
f 116 121 117
f 117 121 122
f 189 122 197
f 117 122 189
f 191 119 118
f 192 119 191
f 119 192 199
f 123 119 199
f 193 120 200
f 200 120 124
f 202 121 195
f 125 121 202
f 121 125 122
f 122 125 126
f 197 126 204
f 122 126 197
f 199 206 123
f 206 127 123
f 200 124 207
f 207 124 128
f 209 125 202
f 130 125 209
f 125 130 126
f 126 130 131
f 204 131 211
f 126 131 204
f 206 213 127
f 213 132 127
f 134 214 208
f 129 134 208
f 208 128 129
f 207 128 208
f 216 130 209
f 135 130 216
f 130 135 131
f 131 135 136
f 211 136 219
f 131 136 211
f 133 221 138
f 133 132 221
f 132 213 221
f 133 138 137
f 214 134 223
f 223 134 139
f 216 218 135
f 135 220 136
f 218 220 135
f 136 220 219
f 221 222 138
f 138 140 137
f 138 222 140
f 222 224 140
f 224 139 140
f 223 139 224
f 143 227 234
f 141 227 143
f 227 141 228
f 141 142 228
f 142 235 228
f 144 235 142
f 238 146 230
f 230 148 232
f 146 148 230
f 232 148 241
f 234 242 143
f 242 149 143
f 152 236 235
f 152 235 150
f 150 235 144
f 236 152 243
f 244 154 239
f 146 153 145
f 238 153 146
f 238 154 153
f 238 239 154
f 148 146 145
f 147 148 145
f 147 241 148
f 147 155 241
f 155 245 241
f 242 248 149
f 248 156 149
f 152 150 151
f 151 243 152
f 151 157 243
f 157 249 243
f 252 154 244
f 159 154 252
f 154 159 158
f 153 154 158
f 161 246 245
f 161 245 160
f 160 245 155
f 246 161 254
f 248 255 156
f 255 162 156
f 165 250 249
f 165 249 164
f 164 249 157
f 250 165 257
f 258 159 252
f 167 159 258
f 159 167 166
f 158 159 166
f 169 161 160
f 168 169 160
f 254 169 260
f 161 169 254
f 170 256 261
f 163 256 170
f 256 163 162
f 255 256 162
f 172 165 164
f 171 172 164
f 257 172 262
f 165 172 257
f 263 167 258
f 174 167 263
f 167 174 173
f 166 167 173
f 176 169 168
f 175 176 168
f 260 176 265
f 169 176 260
f 261 266 170
f 266 177 170
f 179 172 171
f 178 179 171
f 262 179 267
f 172 179 262
f 268 174 263
f 181 174 268
f 174 181 180
f 173 174 180
f 183 176 175
f 182 183 175
f 265 183 270
f 176 183 265
f 266 271 177
f 271 184 177
f 186 179 178
f 185 186 178
f 267 186 272
f 179 186 267
f 273 181 268
f 188 181 273
f 181 188 187
f 180 181 187
f 190 183 182
f 189 190 182
f 270 190 275
f 183 190 270
f 271 276 184
f 276 191 184
f 194 186 185
f 193 194 185
f 272 194 278
f 186 194 272
f 279 188 273
f 196 188 279
f 188 196 195
f 187 188 195
f 198 190 189
f 197 198 189
f 275 198 281
f 190 198 275
f 276 192 191
f 277 192 276
f 192 277 282
f 199 192 282
f 201 194 193
f 200 201 193
f 278 201 283
f 194 201 278
f 285 196 279
f 203 196 285
f 196 203 202
f 195 196 202
f 205 198 197
f 204 205 197
f 281 205 287
f 198 205 281
f 282 288 199
f 288 206 199
f 284 201 200
f 284 200 289
f 289 200 207
f 201 284 283
f 291 203 285
f 210 203 291
f 203 210 209
f 202 203 209
f 212 205 204
f 211 212 204
f 287 212 293
f 205 212 287
f 288 295 206
f 295 213 206
f 208 214 215
f 215 207 208
f 215 296 207
f 296 289 207
f 298 210 291
f 217 210 298
f 210 217 216
f 209 210 216
f 294 212 211
f 294 211 300
f 300 211 219
f 212 294 293
f 295 302 213
f 302 221 213
f 297 215 214
f 297 214 304
f 304 214 223
f 215 297 296
f 298 299 217
f 307 225 218
f 299 307 218
f 299 218 216
f 299 216 217
f 220 218 225
f 226 220 225
f 226 219 220
f 226 310 219
f 310 300 219
f 302 222 221
f 303 222 302
f 303 305 222
f 222 305 224
f 305 223 224
f 304 223 305
f 307 309 225
f 225 311 226
f 309 311 225
f 226 311 310
f 319 229 315
f 315 229 321
f 324 231 316
f 316 233 318
f 231 233 316
f 318 233 327
f 234 320 328
f 227 320 234
f 229 319 320
f 229 320 228
f 228 320 227
f 228 235 237
f 229 228 237
f 229 237 322
f 229 322 321
f 322 237 329
f 330 240 325
f 231 238 230
f 324 238 231
f 324 240 238
f 324 325 240
f 233 231 230
f 232 233 230
f 232 327 233
f 232 241 327
f 241 332 327
f 328 334 234
f 334 242 234
f 237 235 236
f 236 329 237
f 236 243 329
f 243 335 329
f 240 244 239
f 240 330 244
f 330 338 244
f 240 239 238
f 247 333 332
f 247 332 245
f 245 332 241
f 333 247 341
f 334 342 242
f 342 248 242
f 251 336 335
f 251 335 249
f 249 335 243
f 336 251 343
f 344 253 339
f 339 253 252
f 339 252 338
f 338 252 244
f 247 245 246
f 246 341 247
f 246 254 341
f 254 345 341
f 342 346 248
f 346 255 248
f 251 249 250
f 250 343 251
f 250 257 343
f 257 348 343
f 349 253 344
f 259 253 349
f 253 259 258
f 252 253 258
f 345 254 350
f 350 254 260
f 261 347 351
f 256 347 261
f 347 256 255
f 346 347 255
f 348 257 352
f 352 257 262
f 354 259 349
f 264 259 354
f 259 264 263
f 258 259 263
f 350 260 356
f 356 260 265
f 351 357 261
f 357 266 261
f 352 262 358
f 358 262 267
f 360 264 354
f 269 264 360
f 264 269 268
f 263 264 268
f 356 265 362
f 362 265 270
f 357 363 266
f 363 271 266
f 358 267 364
f 364 267 272
f 366 269 360
f 274 269 366
f 269 274 273
f 268 269 273
f 362 270 368
f 368 270 275
f 363 369 271
f 369 276 271
f 364 272 371
f 371 272 278
f 373 274 366
f 280 274 373
f 274 280 279
f 273 274 279
f 368 275 375
f 375 275 281
f 369 277 276
f 370 277 369
f 277 370 376
f 282 277 376
f 371 278 377
f 377 278 283
f 378 280 373
f 286 280 378
f 280 286 285
f 279 280 285
f 375 281 379
f 379 281 287
f 376 380 282
f 380 288 282
f 284 289 290
f 290 283 284
f 290 381 283
f 381 377 283
f 383 286 378
f 292 286 383
f 286 292 291
f 285 286 291
f 379 287 385
f 385 287 293
f 380 386 288
f 386 295 288
f 382 290 289
f 382 289 387
f 387 289 296
f 290 382 381
f 383 384 292
f 292 384 389
f 292 389 291
f 291 389 298
f 294 300 301
f 301 293 294
f 301 391 293
f 391 385 293
f 386 393 295
f 393 302 295
f 297 304 306
f 306 296 297
f 306 395 296
f 395 387 296
f 299 397 308
f 299 298 397
f 298 389 397
f 299 308 307
f 392 301 300
f 392 300 400
f 400 300 310
f 301 392 391
f 393 303 302
f 394 303 393
f 401 312 305
f 401 305 394
f 394 305 303
f 312 402 396
f 305 312 396
f 305 396 306
f 305 306 304
f 306 396 395
f 397 399 308
f 405 313 309
f 399 405 309
f 399 309 307
f 399 307 308
f 311 309 313
f 314 311 313
f 314 310 311
f 314 408 310
f 408 400 310
f 401 403 312
f 312 403 402
f 405 407 313
f 313 409 314
f 407 409 313
f 314 409 408
f 414 317 411
f 411 317 416
f 319 412 418
f 315 412 319
f 323 315 321
f 323 413 315
f 413 412 315
f 413 323 420
f 421 326 415
f 317 324 316
f 414 324 317
f 414 326 324
f 414 415 326
f 416 317 316
f 416 316 417
f 417 316 318
f 318 423 417
f 327 423 318
f 328 419 424
f 320 419 328
f 419 320 319
f 418 419 319
f 323 321 322
f 322 420 323
f 322 329 420
f 329 425 420
f 428 331 422
f 326 330 325
f 421 330 326
f 421 331 330
f 421 422 331
f 326 325 324
f 423 327 429
f 429 327 332
f 424 431 328
f 431 334 328
f 337 426 425
f 337 425 335
f 335 425 329
f 426 337 432
f 434 331 428
f 340 331 434
f 331 340 338
f 330 331 338
f 429 332 333
f 430 429 333
f 333 435 430
f 341 435 333
f 431 436 334
f 436 342 334
f 337 335 336
f 336 432 337
f 336 343 432
f 343 437 432
f 340 344 339
f 340 434 344
f 434 439 344
f 340 339 338
f 435 341 441
f 441 341 345
f 436 442 342
f 442 346 342
f 437 343 444
f 444 343 348
f 439 447 344
f 447 349 344
f 441 345 450
f 450 345 350
f 351 443 451
f 347 443 351
f 443 347 346
f 442 443 346
f 353 445 444
f 353 444 352
f 352 444 348
f 445 353 452
f 453 355 448
f 448 355 354
f 448 354 447
f 447 354 349
f 450 350 454
f 454 350 356
f 451 455 351
f 455 357 351
f 359 353 352
f 358 359 352
f 452 359 456
f 353 359 452
f 457 355 453
f 361 355 457
f 355 361 360
f 354 355 360
f 454 356 458
f 458 356 362
f 455 459 357
f 459 363 357
f 365 359 358
f 364 365 358
f 456 365 460
f 359 365 456
f 461 361 457
f 367 361 461
f 361 367 366
f 360 361 366
f 458 362 462
f 462 362 368
f 459 463 363
f 463 369 363
f 372 365 364
f 371 372 364
f 460 372 465
f 365 372 460
f 467 367 461
f 374 367 467
f 367 374 373
f 366 367 373
f 462 368 469
f 469 368 375
f 463 370 369
f 464 370 463
f 370 464 470
f 376 370 470
f 466 372 371
f 466 371 471
f 471 371 377
f 372 466 465
f 467 468 374
f 374 468 473
f 374 473 373
f 373 473 378
f 469 375 475
f 475 375 379
f 470 476 376
f 476 380 376
f 471 377 477
f 477 377 381
f 473 479 378
f 479 383 378
f 475 379 481
f 481 379 385
f 476 482 380
f 482 386 380
f 382 387 388
f 388 381 382
f 388 483 381
f 483 477 381
f 384 486 390
f 384 383 486
f 383 479 486
f 384 390 389
f 481 385 487
f 487 385 391
f 482 489 386
f 489 393 386
f 484 388 387
f 484 387 491
f 491 387 395
f 388 484 483
f 493 390 486
f 398 390 493
f 390 398 397
f 389 390 397
f 400 495 488
f 392 400 488
f 488 391 392
f 487 391 488
f 489 394 393
f 490 394 489
f 394 490 496
f 401 394 496
f 396 402 404
f 404 395 396
f 404 498 395
f 498 491 395
f 493 494 398
f 500 406 399
f 494 500 399
f 494 399 397
f 494 397 398
f 399 406 405
f 495 400 502
f 502 400 408
f 496 403 401
f 497 403 496
f 402 499 404
f 402 403 499
f 403 497 499
f 404 499 498
f 500 501 406
f 504 410 407
f 501 504 407
f 501 407 405
f 501 405 406
f 410 505 503
f 410 503 407
f 407 503 409
f 503 408 409
f 502 408 503
f 504 506 410
f 410 506 505
f 414 507 510
f 411 507 414
f 411 513 507
f 416 513 411
f 418 508 515
f 412 508 418
f 508 412 509
f 412 413 509
f 413 518 509
f 420 518 413
f 421 511 521
f 415 511 421
f 511 415 414
f 510 511 414
f 513 416 417
f 514 513 417
f 417 524 514
f 423 524 417
f 424 516 525
f 419 516 424
f 516 419 418
f 515 516 418
f 427 519 518
f 427 518 425
f 425 518 420
f 519 427 527
f 428 522 529
f 422 522 428
f 522 422 421
f 521 522 421
f 524 423 531
f 531 423 429
f 525 533 424
f 533 431 424
f 427 425 426
f 426 432 433
f 427 426 433
f 427 433 528
f 427 528 527
f 528 433 535
f 529 537 428
f 537 434 428
f 531 429 430
f 532 531 430
f 430 540 532
f 435 540 430
f 533 541 431
f 541 436 431
f 438 433 432
f 437 438 432
f 535 438 542
f 433 438 535
f 544 440 538
f 538 440 439
f 538 439 537
f 537 439 434
f 540 435 546
f 546 435 441
f 541 547 436
f 547 442 436
f 446 438 437
f 444 446 437
f 542 446 549
f 438 446 542
f 551 440 544
f 449 440 551
f 440 449 447
f 439 440 447
f 546 441 553
f 553 441 450
f 451 548 554
f 443 548 451
f 548 443 442
f 547 548 442
f 446 444 445
f 445 549 446
f 445 452 549
f 452 556 549
f 449 453 448
f 449 551 453
f 551 558 453
f 449 448 447
f 553 450 560
f 560 450 454
f 554 561 451
f 561 455 451
f 556 452 563
f 563 452 456
f 558 565 453
f 565 457 453
f 560 454 567
f 567 454 458
f 561 568 455
f 568 459 455
f 563 456 570
f 570 456 460
f 565 572 457
f 572 461 457
f 567 458 574
f 574 458 462
f 568 575 459
f 575 463 459
f 570 460 578
f 578 460 465
f 572 580 461
f 580 467 461
f 574 462 582
f 582 462 469
f 575 464 463
f 576 464 575
f 464 576 583
f 470 464 583
f 466 471 472
f 472 465 466
f 472 584 465
f 584 578 465
f 468 586 474
f 468 467 586
f 467 580 586
f 468 474 473
f 582 469 588
f 588 469 475
f 583 589 470
f 589 476 470
f 478 472 471
f 477 478 471
f 584 478 590
f 472 478 584
f 592 474 586
f 480 474 592
f 474 480 479
f 473 474 479
f 588 475 595
f 595 475 481
f 589 596 476
f 596 482 476
f 485 478 477
f 483 485 477
f 590 485 598
f 478 485 590
f 592 594 480
f 480 594 601
f 480 601 479
f 479 601 486
f 595 481 603
f 603 481 487
f 596 605 482
f 605 489 482
f 484 491 492
f 492 608 599
f 484 492 599
f 484 599 485
f 484 485 483
f 485 599 598
f 601 610 486
f 610 493 486
f 495 613 604
f 488 495 604
f 604 487 488
f 603 487 604
f 605 490 489
f 606 490 605
f 490 606 614
f 496 490 614
f 609 492 491
f 609 491 617
f 617 491 498
f 492 609 608
f 610 494 493
f 612 494 610
f 494 612 620
f 500 494 620
f 613 495 623
f 623 495 502
f 614 497 496
f 615 497 614
f 615 618 497
f 497 618 499
f 618 498 499
f 617 498 618
f 620 501 500
f 622 501 620
f 501 622 625
f 504 501 625
f 505 627 624
f 503 505 624
f 624 502 503
f 623 502 624
f 625 506 504
f 628 506 625
f 628 505 506
f 627 505 628
f 633 512 629
f 510 629 512
f 510 507 629
f 507 630 629
f 507 636 630
f 513 636 507
f 508 517 515
f 517 631 638
f 517 508 631
f 508 509 631
f 520 509 518
f 520 632 509
f 632 631 509
f 632 520 640
f 641 523 634
f 512 521 511
f 633 521 512
f 633 523 521
f 633 634 523
f 512 511 510
f 636 513 514
f 637 636 514
f 514 644 637
f 524 644 514
f 516 526 525
f 526 639 645
f 516 639 526
f 516 517 639
f 516 515 517
f 517 638 639
f 520 518 519
f 519 640 520
f 519 527 640
f 527 646 640
f 650 530 642
f 523 529 522
f 641 529 523
f 641 530 529
f 641 642 530
f 523 522 521
f 644 524 653
f 653 524 531
f 534 525 526
f 533 525 534
f 645 656 534
f 526 645 534
f 646 527 528
f 647 646 528
f 528 658 647
f 535 658 528
f 661 536 651
f 651 530 650
f 651 536 530
f 536 539 530
f 530 539 537
f 529 530 537
f 653 531 532
f 654 653 532
f 532 664 654
f 540 664 532
f 657 533 534
f 657 666 533
f 666 541 533
f 534 656 657
f 658 535 668
f 668 535 542
f 670 543 662
f 662 536 661
f 662 543 536
f 543 545 536
f 544 538 539
f 544 539 545
f 545 539 536
f 539 538 537
f 664 540 672
f 672 540 546
f 666 674 541
f 674 547 541
f 668 542 676
f 676 542 549
f 678 543 670
f 550 543 678
f 543 550 545
f 545 550 552
f 545 552 551
f 544 545 551
f 672 546 680
f 680 546 553
f 548 555 554
f 555 548 547
f 555 547 682
f 682 547 674
f 676 549 684
f 684 549 556
f 686 550 678
f 557 550 686
f 550 557 552
f 552 557 559
f 552 559 558
f 551 552 558
f 680 553 688
f 688 553 560
f 562 554 555
f 561 554 562
f 682 690 562
f 555 682 562
f 684 556 692
f 692 556 563
f 694 557 686
f 564 557 694
f 557 564 559
f 559 564 566
f 559 566 565
f 558 559 565
f 688 560 696
f 696 560 567
f 569 561 562
f 568 561 569
f 690 698 569
f 562 690 569
f 692 563 700
f 700 563 570
f 702 564 694
f 571 564 702
f 564 571 566
f 566 571 573
f 566 573 572
f 565 566 572
f 696 567 704
f 704 567 574
f 577 568 569
f 575 568 577
f 698 706 577
f 569 698 577
f 700 570 708
f 708 570 578
f 710 571 702
f 579 571 710
f 571 579 573
f 573 579 581
f 573 581 580
f 572 573 580
f 704 574 712
f 712 574 582
f 577 576 575
f 576 577 706
f 576 706 583
f 583 706 714
f 708 578 716
f 716 578 584
f 718 579 710
f 585 579 718
f 579 585 581
f 581 585 587
f 581 587 586
f 580 581 586
f 712 582 720
f 720 582 588
f 714 722 583
f 722 589 583
f 716 584 725
f 725 584 590
f 727 585 718
f 591 585 727
f 585 591 587
f 587 591 593
f 587 593 592
f 586 587 592
f 720 588 730
f 730 588 595
f 597 722 723
f 597 596 722
f 596 589 722
f 723 732 597
f 725 590 733
f 733 590 598
f 727 729 591
f 737 591 729
f 737 600 591
f 600 593 591
f 594 592 593
f 594 593 602
f 602 593 600
f 594 602 601
f 730 595 740
f 740 595 603
f 607 596 597
f 605 596 607
f 732 743 607
f 597 732 607
f 608 745 734
f 599 608 734
f 734 598 599
f 733 598 734
f 737 739 600
f 748 600 739
f 748 611 600
f 611 602 600
f 602 611 610
f 601 602 610
f 613 751 741
f 604 613 741
f 741 603 604
f 740 603 741
f 607 606 605
f 606 616 614
f 607 616 606
f 607 744 616
f 607 743 744
f 744 753 616
f 609 617 619
f 619 608 609
f 619 755 608
f 755 745 608
f 748 750 611
f 757 621 612
f 750 757 612
f 750 612 610
f 750 610 611
f 612 621 620
f 751 613 760
f 760 613 623
f 616 615 614
f 753 615 616
f 753 754 615
f 754 618 615
f 617 756 619
f 617 618 756
f 618 754 756
f 619 756 755
f 757 759 621
f 762 626 622
f 759 762 622
f 759 622 620
f 759 620 621
f 622 626 625
f 627 765 761
f 624 627 761
f 761 623 624
f 760 623 761
f 762 763 626
f 626 628 625
f 626 763 628
f 763 766 628
f 766 627 628
f 765 627 766
f 629 635 633
f 635 767 772
f 635 629 767
f 629 630 767
f 630 774 767
f 636 774 630
f 638 768 778
f 631 768 638
f 768 631 769
f 631 632 769
f 632 781 769
f 640 781 632
f 786 643 770
f 641 770 643
f 641 634 770
f 634 771 770
f 633 635 773
f 633 773 634
f 634 773 771
f 635 772 773
f 774 636 637
f 776 774 637
f 637 791 776
f 644 791 637
f 645 779 794
f 639 779 645
f 779 639 638
f 778 779 638
f 648 782 781
f 648 781 646
f 646 781 640
f 782 648 796
f 798 649 784
f 784 652 787
f 649 652 784
f 643 650 642
f 786 650 643
f 786 652 650
f 786 787 652
f 643 642 641
f 655 792 791
f 655 791 653
f 653 791 644
f 792 655 803
f 794 805 645
f 805 656 645
f 648 646 647
f 647 658 659
f 648 647 659
f 648 659 797
f 648 797 796
f 797 659 806
f 807 660 799
f 799 649 798
f 799 660 649
f 660 663 649
f 661 651 652
f 661 652 663
f 663 652 649
f 652 651 650
f 655 653 654
f 654 664 665
f 655 654 665
f 655 665 804
f 655 804 803
f 804 665 809
f 657 667 666
f 667 657 656
f 667 656 810
f 810 656 805
f 669 659 658
f 668 669 658
f 806 669 811
f 659 669 806
f 812 660 807
f 671 660 812
f 670 662 663
f 670 663 671
f 671 663 660
f 663 662 661
f 673 665 664
f 672 673 664
f 809 673 814
f 665 673 809
f 675 666 667
f 674 666 675
f 810 815 675
f 667 810 675
f 677 669 668
f 676 677 668
f 811 677 816
f 669 677 811
f 817 671 812
f 679 671 817
f 671 679 678
f 670 671 678
f 681 673 672
f 680 681 672
f 814 681 819
f 673 681 814
f 683 674 675
f 682 674 683
f 815 820 683
f 675 815 683
f 685 677 676
f 684 685 676
f 816 685 821
f 677 685 816
f 822 679 817
f 687 679 822
f 679 687 686
f 678 679 686
f 689 681 680
f 688 689 680
f 819 689 824
f 681 689 819
f 691 682 683
f 690 682 691
f 820 825 691
f 683 820 691
f 693 685 684
f 692 693 684
f 821 693 826
f 685 693 821
f 827 687 822
f 695 687 827
f 687 695 694
f 686 687 694
f 697 689 688
f 696 697 688
f 824 697 829
f 689 697 824
f 699 690 691
f 698 690 699
f 825 830 699
f 691 825 699
f 701 693 692
f 700 701 692
f 826 701 831
f 693 701 826
f 832 695 827
f 703 695 832
f 695 703 702
f 694 695 702
f 705 697 696
f 704 705 696
f 829 705 834
f 697 705 829
f 707 698 699
f 706 698 707
f 830 835 707
f 699 830 707
f 709 701 700
f 708 709 700
f 831 709 836
f 701 709 831
f 837 703 832
f 711 703 837
f 703 711 710
f 702 703 710
f 713 705 704
f 712 713 704
f 834 713 839
f 705 713 834
f 715 706 707
f 714 706 715
f 835 840 715
f 707 835 715
f 717 709 708
f 716 717 708
f 836 717 841
f 709 717 836
f 842 711 837
f 719 711 842
f 711 719 718
f 710 711 718
f 721 713 712
f 720 721 712
f 839 721 844
f 713 721 839
f 724 714 715
f 722 714 724
f 840 845 724
f 715 840 724
f 726 717 716
f 725 726 716
f 841 726 846
f 717 726 841
f 847 719 842
f 728 719 847
f 719 728 727
f 718 719 727
f 731 721 720
f 730 731 720
f 844 731 849
f 721 731 844
f 724 723 722
f 723 724 845
f 723 845 732
f 732 845 850
f 735 726 725
f 733 735 725
f 846 735 851
f 726 735 846
f 853 728 847
f 736 728 853
f 729 727 728
f 729 728 738
f 738 728 736
f 729 738 737
f 742 731 730
f 740 742 730
f 849 742 856
f 731 742 849
f 850 858 732
f 858 743 732
f 734 745 746
f 746 861 852
f 734 746 852
f 734 852 735
f 734 735 733
f 735 852 851
f 853 855 736
f 863 736 855
f 863 747 736
f 747 738 736
f 739 737 738
f 739 738 749
f 749 738 747
f 739 749 748
f 741 751 752
f 752 869 857
f 741 752 857
f 741 857 742
f 741 742 740
f 742 857 856
f 858 744 743
f 859 744 858
f 744 859 871
f 753 744 871
f 862 746 745
f 862 745 874
f 874 745 755
f 746 862 861
f 863 865 747
f 747 866 749
f 865 866 747
f 878 758 750
f 866 878 750
f 866 750 748
f 866 748 749
f 750 758 757
f 870 752 751
f 870 751 885
f 885 751 760
f 752 870 869
f 871 754 753
f 872 754 871
f 872 875 754
f 754 875 756
f 875 755 756
f 874 755 875
f 878 879 758
f 758 759 757
f 758 879 759
f 879 881 759
f 764 762 759
f 764 759 883
f 883 759 881
f 883 888 764
f 765 889 886
f 761 765 886
f 886 760 761
f 885 760 886
f 764 763 762
f 888 763 764
f 888 890 763
f 890 766 763
f 890 765 766
f 889 765 890
f 767 775 772
f 775 767 774
f 897 777 893
f 893 777 899
f 768 780 778
f 780 894 902
f 780 768 894
f 768 769 894
f 783 769 781
f 783 895 769
f 895 894 769
f 895 783 904
f 905 785 896
f 896 785 907
f 770 788 786
f 771 788 770
f 789 788 771
f 773 789 771
f 790 789 773
f 790 898 910
f 773 898 790
f 773 775 898
f 773 772 775
f 777 897 898
f 777 898 776
f 775 774 898
f 774 776 898
f 776 791 793
f 777 776 793
f 777 793 901
f 777 901 899
f 901 793 913
f 779 795 794
f 795 903 914
f 779 903 795
f 779 780 903
f 779 778 780
f 780 902 903
f 783 781 782
f 782 904 783
f 782 796 904
f 796 917 904
f 920 800 906
f 785 798 784
f 905 798 785
f 905 800 798
f 905 906 800
f 907 785 784
f 907 784 909
f 909 784 787
f 786 909 787
f 786 801 909
f 786 788 801
f 801 924 909
f 788 789 801
f 789 802 801
f 911 927 802
f 911 802 790
f 790 802 789
f 790 910 911
f 793 791 792
f 792 913 793
f 792 803 913
f 803 930 913
f 915 794 795
f 915 932 794
f 932 805 794
f 795 914 915
f 917 796 797
f 918 917 797
f 797 934 918
f 806 934 797
f 936 808 921
f 800 807 799
f 920 807 800
f 920 808 807
f 920 921 808
f 800 799 798
f 924 801 926
f 801 802 928
f 926 801 928
f 802 927 928
f 930 803 804
f 931 930 804
f 804 940 931
f 809 940 804
f 932 941 805
f 941 810 805
f 934 806 943
f 943 806 811
f 945 808 936
f 813 808 945
f 808 813 812
f 807 808 812
f 940 809 949
f 949 809 814
f 941 950 810
f 950 815 810
f 943 811 952
f 952 811 816
f 954 813 945
f 818 813 954
f 813 818 817
f 812 813 817
f 949 814 958
f 958 814 819
f 950 959 815
f 959 820 815
f 952 816 961
f 961 816 821
f 963 818 954
f 823 818 963
f 818 823 822
f 817 818 822
f 958 819 967
f 967 819 824
f 959 968 820
f 968 825 820
f 961 821 970
f 970 821 826
f 972 823 963
f 828 823 972
f 823 828 827
f 822 823 827
f 967 824 976
f 976 824 829
f 968 977 825
f 977 830 825
f 970 826 979
f 979 826 831
f 981 828 972
f 833 828 981
f 828 833 832
f 827 828 832
f 976 829 985
f 985 829 834
f 977 986 830
f 986 835 830
f 979 831 988
f 988 831 836
f 990 833 981
f 838 833 990
f 833 838 837
f 832 833 837
f 985 834 994
f 994 834 839
f 986 995 835
f 995 840 835
f 988 836 997
f 997 836 841
f 999 838 990
f 843 838 999
f 838 843 842
f 837 838 842
f 994 839 1003
f 1003 839 844
f 995 1004 840
f 1004 845 840
f 997 841 1006
f 1006 841 846
f 1008 843 999
f 848 843 1008
f 843 848 847
f 842 843 847
f 1003 844 1012
f 1012 844 849
f 1004 1013 845
f 1013 850 845
f 1006 846 1016
f 1016 846 851
f 1019 848 1008
f 854 848 1019
f 848 854 853
f 847 848 853
f 1012 849 1026
f 1026 849 856
f 860 1013 1014
f 860 858 1013
f 858 850 1013
f 1014 1028 860
f 861 1031 1017
f 852 861 1017
f 1017 851 852
f 1016 851 1017
f 1019 1021 854
f 1033 864 855
f 1021 1033 855
f 1021 855 853
f 1021 853 854
f 855 864 863
f 1037 1022 867
f 1022 1024 868
f 867 1022 868
f 1024 1040 868
f 869 1043 1027
f 857 869 1027
f 1027 856 857
f 1026 856 1027
f 860 859 858
f 859 873 871
f 860 873 859
f 860 1029 873
f 860 1028 1029
f 1029 1044 873
f 862 874 876
f 876 861 862
f 876 1046 861
f 1046 1031 861
f 1033 1035 864
f 1048 877 865
f 1035 1048 865
f 1035 865 863
f 1035 863 864
f 877 1049 1038
f 877 1038 865
f 865 1038 866
f 1037 867 880
f 1037 880 866
f 1037 866 1038
f 878 866 880
f 867 868 880
f 868 882 880
f 1040 1041 884
f 1040 884 868
f 868 884 882
f 1041 1052 884
f 870 885 887
f 887 869 870
f 887 1055 869
f 1055 1043 869
f 873 872 871
f 1044 872 873
f 1044 1045 872
f 1045 875 872
f 874 1047 876
f 874 875 1047
f 875 1045 1047
f 876 1047 1046
f 1048 1050 877
f 877 1050 1049
f 880 879 878
f 882 879 880
f 881 879 882
f 884 881 882
f 883 881 884
f 883 891 888
f 884 891 883
f 884 1053 891
f 884 1052 1053
f 889 891 1053
f 889 1053 886
f 1057 892 1053
f 892 886 1053
f 892 1058 1056
f 886 892 1056
f 886 1056 887
f 886 887 885
f 887 1056 1055
f 891 890 888
f 1057 1059 892
f 891 889 890
f 892 1059 1058
f 893 900 897
f 893 899 900
f 902 1061 1065
f 894 1061 902
f 1061 894 1062
f 894 895 1062
f 895 1067 1062
f 904 1067 895
f 896 908 905
f 896 907 908
f 898 912 910
f 912 1063 1073
f 898 1063 912
f 898 900 1063
f 898 897 900
f 900 899 901
f 900 901 1063
f 1063 901 1064
f 901 1075 1064
f 913 1075 901
f 903 916 914
f 916 903 902
f 916 902 1076
f 1076 902 1065
f 919 1068 1067
f 919 1067 917
f 917 1067 904
f 1068 919 1078
f 1080 922 1070
f 920 1070 922
f 920 906 1070
f 906 1072 1070
f 905 1072 906
f 905 923 1072
f 905 908 923
f 923 1083 1072
f 909 908 907
f 909 925 908
f 925 923 908
f 909 924 925
f 911 929 927
f 929 1074 1087
f 911 1074 929
f 911 912 1074
f 911 910 912
f 912 1073 1074
f 1075 913 1090
f 1090 913 930
f 915 933 932
f 933 1077 1092
f 915 1077 933
f 915 916 1077
f 915 914 916
f 916 1076 1077
f 919 917 918
f 918 934 935
f 919 918 935
f 919 935 1079
f 919 1079 1078
f 1079 935 1093
f 1094 937 1081
f 922 936 921
f 1080 936 922
f 1080 937 936
f 1080 1081 937
f 922 921 920
f 1083 923 1085
f 923 925 1086
f 1085 923 1086
f 1096 926 938
f 1086 926 1096
f 1086 924 926
f 1086 925 924
f 928 938 926
f 939 938 928
f 939 1088 1098
f 928 1088 939
f 928 929 1088
f 928 927 929
f 929 1087 1088
f 1090 930 931
f 1091 1090 931
f 931 1100 1091
f 940 1100 931
f 942 932 933
f 941 932 942
f 1092 1101 942
f 933 1092 942
f 944 935 934
f 943 944 934
f 1093 944 1102
f 935 944 1093
f 1103 937 1094
f 946 937 1103
f 937 946 945
f 936 937 945
f 1106 1096 938
f 947 1106 938
f 938 939 947
f 939 948 947
f 1098 1108 948
f 939 1098 948
f 1100 940 1110
f 1110 940 949
f 951 941 942
f 950 941 951
f 1101 1111 951
f 942 1101 951
f 953 944 943
f 952 953 943
f 1102 953 1112
f 944 953 1102
f 1113 946 1103
f 955 946 1113
f 946 955 954
f 945 946 954
f 1116 1106 947
f 956 1116 947
f 947 948 956
f 948 957 956
f 1108 1118 957
f 948 1108 957
f 1110 949 1120
f 1120 949 958
f 960 950 951
f 959 950 960
f 1111 1121 960
f 951 1111 960
f 962 953 952
f 961 962 952
f 1112 962 1122
f 953 962 1112
f 1123 955 1113
f 964 955 1123
f 955 964 963
f 954 955 963
f 1126 1116 956
f 965 1126 956
f 956 957 965
f 957 966 965
f 1118 1128 966
f 957 1118 966
f 1120 958 1130
f 1130 958 967
f 969 959 960
f 968 959 969
f 1121 1131 969
f 960 1121 969
f 971 962 961
f 970 971 961
f 1122 971 1132
f 962 971 1122
f 1133 964 1123
f 973 964 1133
f 964 973 972
f 963 964 972
f 1136 1126 965
f 974 1136 965
f 965 966 974
f 966 975 974
f 1128 1138 975
f 966 1128 975
f 1130 967 1140
f 1140 967 976
f 978 968 969
f 977 968 978
f 1131 1141 978
f 969 1131 978
f 980 971 970
f 979 980 970
f 1132 980 1142
f 971 980 1132
f 1143 973 1133
f 982 973 1143
f 973 982 981
f 972 973 981
f 1146 1136 974
f 983 1146 974
f 974 975 983
f 975 984 983
f 1138 1148 984
f 975 1138 984
f 1140 976 1150
f 1150 976 985
f 987 977 978
f 986 977 987
f 1141 1151 987
f 978 1141 987
f 989 980 979
f 988 989 979
f 1142 989 1152
f 980 989 1142
f 1153 982 1143
f 991 982 1153
f 982 991 990
f 981 982 990
f 1156 1146 983
f 992 1156 983
f 983 984 992
f 984 993 992
f 1148 1158 993
f 984 1148 993
f 1150 985 1160
f 1160 985 994
f 996 986 987
f 995 986 996
f 1151 1161 996
f 987 1151 996
f 998 989 988
f 997 998 988
f 1152 998 1162
f 989 998 1152
f 1163 991 1153
f 1000 991 1163
f 991 1000 999
f 990 991 999
f 1166 1156 992
f 1001 1166 992
f 992 993 1001
f 993 1002 1001
f 1158 1168 1002
f 993 1158 1002
f 1160 994 1170
f 1170 994 1003
f 1005 995 996
f 1004 995 1005
f 1161 1171 1005
f 996 1161 1005
f 1007 998 997
f 1006 1007 997
f 1162 1007 1172
f 998 1007 1162
f 1173 1000 1163
f 1009 1000 1173
f 1000 1009 1008
f 999 1000 1008
f 1176 1166 1001
f 1010 1176 1001
f 1001 1002 1010
f 1002 1011 1010
f 1168 1178 1011
f 1002 1168 1011
f 1170 1003 1180
f 1180 1003 1012
f 1015 1004 1005
f 1013 1004 1015
f 1171 1181 1015
f 1005 1171 1015
f 1018 1007 1006
f 1016 1018 1006
f 1172 1018 1183
f 1007 1018 1172
f 1185 1009 1173
f 1020 1009 1185
f 1009 1020 1019
f 1008 1009 1019
f 1189 1176 1010
f 1023 1189 1010
f 1010 1011 1023
f 1011 1025 1023
f 1178 1192 1025
f 1011 1178 1025
f 1180 1012 1195
f 1195 1012 1026
f 1015 1014 1013
f 1014 1030 1028
f 1015 1030 1014
f 1015 1182 1030
f 1015 1181 1182
f 1182 1197 1030
f 1017 1031 1032
f 1032 1198 1184
f 1017 1032 1184
f 1017 1184 1018
f 1017 1018 1016
f 1018 1184 1183
f 1185 1186 1020
f 1200 1034 1021
f 1186 1200 1021
f 1186 1021 1019
f 1186 1019 1020
f 1021 1034 1033
f 1203 1187 1036
f 1187 1190 1039
f 1036 1187 1039
f 1023 1022 1037
f 1189 1023 1037
f 1189 1037 1039
f 1189 1039 1190
f 1025 1022 1023
f 1024 1022 1025
f 1024 1042 1040
f 1025 1042 1024
f 1025 1193 1042
f 1025 1192 1193
f 1193 1206 1042
f 1043 1209 1196
f 1027 1043 1196
f 1196 1026 1027
f 1195 1026 1196
f 1030 1029 1028
f 1029 1030 1197
f 1029 1197 1044
f 1044 1197 1210
f 1199 1032 1031
f 1199 1031 1213
f 1213 1031 1046
f 1032 1199 1198
f 1200 1202 1034
f 1034 1035 1033
f 1034 1202 1035
f 1202 1204 1035
f 1203 1036 1051
f 1203 1051 1035
f 1203 1035 1204
f 1048 1035 1051
f 1049 1039 1038
f 1049 1051 1039
f 1051 1036 1039
f 1039 1037 1038
f 1042 1041 1040
f 1041 1054 1052
f 1042 1054 1041
f 1042 1207 1054
f 1042 1206 1207
f 1207 1217 1054
f 1209 1043 1219
f 1219 1043 1055
f 1210 1045 1044
f 1211 1045 1210
f 1211 1214 1045
f 1045 1214 1047
f 1214 1046 1047
f 1213 1046 1214
f 1051 1050 1048
f 1051 1049 1050
f 1054 1053 1052
f 1053 1060 1057
f 1054 1060 1053
f 1054 1218 1060
f 1054 1217 1218
f 1058 1060 1218
f 1058 1218 1056
f 1056 1218 1220
f 1220 1055 1056
f 1219 1055 1220
f 1060 1059 1057
f 1060 1058 1059
f 1061 1066 1065
f 1066 1221 1226
f 1066 1061 1221
f 1061 1062 1221
f 1069 1062 1067
f 1069 1222 1062
f 1222 1221 1062
f 1222 1069 1228
f 1229 1071 1223
f 1223 1071 1232
f 1073 1224 1233
f 1063 1224 1073
f 1224 1063 1225
f 1063 1064 1225
f 1064 1234 1225
f 1075 1234 1064
f 1227 1065 1066
f 1227 1235 1065
f 1235 1076 1065
f 1066 1226 1227
f 1069 1067 1068
f 1068 1228 1069
f 1068 1078 1228
f 1078 1238 1228
f 1241 1082 1230
f 1071 1080 1070
f 1229 1080 1071
f 1229 1082 1080
f 1229 1230 1082
f 1071 1070 1072
f 1071 1072 1242
f 1071 1242 1232
f 1084 1242 1072
f 1072 1083 1084
f 1074 1089 1087
f 1089 1074 1073
f 1089 1073 1244
f 1244 1073 1233
f 1234 1075 1247
f 1247 1075 1090
f 1092 1236 1249
f 1077 1236 1092
f 1236 1077 1076
f 1235 1236 1076
f 1238 1078 1079
f 1239 1238 1079
f 1079 1251 1239
f 1093 1251 1079
f 1082 1094 1081
f 1082 1241 1094
f 1241 1252 1094
f 1082 1081 1080
f 1242 1084 1243
f 1255 1085 1095
f 1243 1085 1255
f 1243 1083 1085
f 1243 1084 1083
f 1086 1095 1085
f 1097 1095 1086
f 1086 1096 1097
f 1088 1099 1098
f 1099 1245 1256
f 1088 1245 1099
f 1088 1089 1245
f 1088 1087 1089
f 1089 1244 1245
f 1247 1090 1091
f 1248 1247 1091
f 1091 1257 1248
f 1100 1257 1091
f 1249 1258 1092
f 1258 1101 1092
f 1251 1093 1260
f 1260 1093 1102
f 1261 1104 1253
f 1253 1104 1103
f 1253 1103 1252
f 1252 1103 1094
f 1262 1255 1095
f 1105 1262 1095
f 1095 1097 1105
f 1097 1107 1105
f 1097 1106 1107
f 1096 1106 1097
f 1109 1098 1099
f 1108 1098 1109
f 1256 1263 1109
f 1099 1256 1109
f 1257 1100 1265
f 1265 1100 1110
f 1258 1266 1101
f 1266 1111 1101
f 1260 1102 1268
f 1268 1102 1112
f 1269 1104 1261
f 1114 1104 1269
f 1104 1114 1113
f 1103 1104 1113
f 1270 1262 1105
f 1115 1270 1105
f 1105 1107 1115
f 1107 1117 1115
f 1107 1116 1117
f 1106 1116 1107
f 1119 1108 1109
f 1118 1108 1119
f 1263 1271 1119
f 1109 1263 1119
f 1265 1110 1273
f 1273 1110 1120
f 1266 1274 1111
f 1274 1121 1111
f 1268 1112 1276
f 1276 1112 1122
f 1277 1114 1269
f 1124 1114 1277
f 1114 1124 1123
f 1113 1114 1123
f 1278 1270 1115
f 1125 1278 1115
f 1115 1117 1125
f 1117 1127 1125
f 1117 1126 1127
f 1116 1126 1117
f 1129 1118 1119
f 1128 1118 1129
f 1271 1279 1129
f 1119 1271 1129
f 1273 1120 1281
f 1281 1120 1130
f 1274 1282 1121
f 1282 1131 1121
f 1276 1122 1284
f 1284 1122 1132
f 1285 1124 1277
f 1134 1124 1285
f 1124 1134 1133
f 1123 1124 1133
f 1286 1278 1125
f 1135 1286 1125
f 1125 1127 1135
f 1127 1137 1135
f 1127 1136 1137
f 1126 1136 1127
f 1139 1128 1129
f 1138 1128 1139
f 1279 1287 1139
f 1129 1279 1139
f 1281 1130 1289
f 1289 1130 1140
f 1282 1290 1131
f 1290 1141 1131
f 1284 1132 1292
f 1292 1132 1142
f 1293 1134 1285
f 1144 1134 1293
f 1134 1144 1143
f 1133 1134 1143
f 1294 1286 1135
f 1145 1294 1135
f 1135 1137 1145
f 1137 1147 1145
f 1137 1146 1147
f 1136 1146 1137
f 1149 1138 1139
f 1148 1138 1149
f 1287 1295 1149
f 1139 1287 1149
f 1289 1140 1297
f 1297 1140 1150
f 1290 1298 1141
f 1298 1151 1141
f 1292 1142 1300
f 1300 1142 1152
f 1301 1144 1293
f 1154 1144 1301
f 1144 1154 1153
f 1143 1144 1153
f 1302 1294 1145
f 1155 1302 1145
f 1145 1147 1155
f 1147 1157 1155
f 1147 1156 1157
f 1146 1156 1147
f 1159 1148 1149
f 1158 1148 1159
f 1295 1303 1159
f 1149 1295 1159
f 1297 1150 1305
f 1305 1150 1160
f 1298 1306 1151
f 1306 1161 1151
f 1300 1152 1308
f 1308 1152 1162
f 1309 1154 1301
f 1164 1154 1309
f 1154 1164 1163
f 1153 1154 1163
f 1310 1302 1155
f 1165 1310 1155
f 1155 1157 1165
f 1157 1167 1165
f 1157 1166 1167
f 1156 1166 1157
f 1169 1158 1159
f 1168 1158 1169
f 1303 1311 1169
f 1159 1303 1169
f 1305 1160 1313
f 1313 1160 1170
f 1306 1314 1161
f 1314 1171 1161
f 1308 1162 1316
f 1316 1162 1172
f 1317 1164 1309
f 1174 1164 1317
f 1164 1174 1173
f 1163 1164 1173
f 1319 1310 1165
f 1175 1319 1165
f 1165 1167 1175
f 1167 1177 1175
f 1167 1176 1177
f 1166 1176 1167
f 1179 1168 1169
f 1178 1168 1179
f 1311 1320 1179
f 1169 1311 1179
f 1313 1170 1322
f 1322 1170 1180
f 1314 1323 1171
f 1323 1181 1171
f 1316 1172 1326
f 1326 1172 1183
f 1317 1318 1174
f 1174 1318 1328
f 1174 1328 1173
f 1173 1328 1185
f 1330 1319 1175
f 1188 1330 1175
f 1175 1177 1188
f 1177 1191 1188
f 1177 1189 1191
f 1176 1189 1177
f 1194 1178 1179
f 1192 1178 1194
f 1320 1332 1194
f 1179 1320 1194
f 1322 1180 1334
f 1334 1180 1195
f 1323 1182 1181
f 1324 1182 1323
f 1182 1324 1336
f 1197 1182 1336
f 1198 1339 1327
f 1184 1198 1327
f 1327 1183 1184
f 1326 1183 1327
f 1186 1341 1201
f 1186 1185 1341
f 1185 1328 1341
f 1186 1201 1200
f 1343 1331 1205
f 1188 1187 1203
f 1330 1188 1203
f 1330 1203 1205
f 1330 1205 1331
f 1191 1187 1188
f 1190 1187 1191
f 1191 1189 1190
f 1194 1193 1192
f 1193 1208 1206
f 1194 1208 1193
f 1194 1333 1208
f 1194 1332 1333
f 1333 1344 1208
f 1209 1346 1335
f 1196 1209 1335
f 1335 1195 1196
f 1334 1195 1335
f 1212 1336 1337
f 1212 1210 1336
f 1210 1197 1336
f 1337 1347 1212
f 1199 1213 1215
f 1215 1198 1199
f 1215 1349 1198
f 1349 1339 1198
f 1341 1342 1201
f 1351 1216 1202
f 1342 1351 1202
f 1342 1202 1200
f 1342 1200 1201
f 1216 1353 1343
f 1216 1343 1204
f 1216 1204 1202
f 1204 1343 1205
f 1205 1203 1204
f 1208 1207 1206
f 1207 1208 1344
f 1207 1344 1217
f 1217 1344 1355
f 1346 1209 1357
f 1357 1209 1219
f 1212 1211 1210
f 1347 1211 1212
f 1347 1348 1211
f 1348 1214 1211
f 1213 1350 1215
f 1213 1214 1350
f 1214 1348 1350
f 1215 1350 1349
f 1351 1354 1216
f 1216 1354 1353
f 1355 1218 1217
f 1356 1218 1355
f 1356 1358 1218
f 1218 1358 1220
f 1358 1219 1220
f 1357 1219 1358
f 1226 1359 1365
f 1221 1359 1226
f 1359 1221 1360
f 1221 1222 1360
f 1222 1367 1360
f 1228 1367 1222
f 1369 1231 1361
f 1229 1361 1231
f 1229 1223 1361
f 1223 1362 1361
f 1223 1370 1362
f 1232 1370 1223
f 1233 1363 1372
f 1224 1363 1233
f 1363 1224 1364
f 1224 1225 1364
f 1225 1374 1364
f 1234 1374 1225
f 1227 1237 1235
f 1237 1227 1226
f 1237 1226 1375
f 1375 1226 1365
f 1240 1368 1367
f 1240 1367 1238
f 1238 1367 1228
f 1368 1240 1377
f 1231 1241 1230
f 1231 1369 1241
f 1369 1378 1241
f 1231 1230 1229
f 1370 1232 1381
f 1381 1232 1242
f 1383 1246 1373
f 1373 1246 1244
f 1373 1244 1372
f 1372 1244 1233
f 1374 1234 1384
f 1384 1234 1247
f 1236 1250 1249
f 1250 1376 1386
f 1236 1376 1250
f 1236 1237 1376
f 1236 1235 1237
f 1237 1375 1376
f 1240 1238 1239
f 1239 1377 1240
f 1239 1251 1377
f 1251 1387 1377
f 1388 1254 1379
f 1379 1254 1252
f 1379 1252 1378
f 1378 1252 1241
f 1381 1242 1243
f 1382 1381 1243
f 1243 1389 1382
f 1255 1389 1243
f 1246 1256 1245
f 1246 1383 1256
f 1383 1390 1256
f 1246 1245 1244
f 1384 1247 1248
f 1385 1384 1248
f 1248 1393 1385
f 1257 1393 1248
f 1259 1249 1250
f 1258 1249 1259
f 1386 1394 1259
f 1250 1386 1259
f 1387 1251 1395
f 1395 1251 1260
f 1254 1261 1253
f 1254 1388 1261
f 1388 1397 1261
f 1254 1253 1252
f 1389 1255 1399
f 1399 1255 1262
f 1400 1264 1391
f 1391 1264 1263
f 1391 1263 1390
f 1390 1263 1256
f 1393 1257 1401
f 1401 1257 1265
f 1267 1258 1259
f 1266 1258 1267
f 1394 1402 1267
f 1259 1394 1267
f 1395 1260 1403
f 1403 1260 1268
f 1397 1405 1261
f 1405 1269 1261
f 1399 1262 1407
f 1407 1262 1270
f 1408 1264 1400
f 1272 1264 1408
f 1264 1272 1271
f 1263 1264 1271
f 1401 1265 1409
f 1409 1265 1273
f 1275 1266 1267
f 1274 1266 1275
f 1402 1410 1275
f 1267 1402 1275
f 1403 1268 1411
f 1411 1268 1276
f 1405 1413 1269
f 1413 1277 1269
f 1407 1270 1415
f 1415 1270 1278
f 1416 1272 1408
f 1280 1272 1416
f 1272 1280 1279
f 1271 1272 1279
f 1409 1273 1417
f 1417 1273 1281
f 1283 1274 1275
f 1282 1274 1283
f 1410 1418 1283
f 1275 1410 1283
f 1411 1276 1419
f 1419 1276 1284
f 1413 1421 1277
f 1421 1285 1277
f 1415 1278 1423
f 1423 1278 1286
f 1424 1280 1416
f 1288 1280 1424
f 1280 1288 1287
f 1279 1280 1287
f 1417 1281 1425
f 1425 1281 1289
f 1291 1282 1283
f 1290 1282 1291
f 1418 1426 1291
f 1283 1418 1291
f 1419 1284 1427
f 1427 1284 1292
f 1421 1429 1285
f 1429 1293 1285
f 1423 1286 1431
f 1431 1286 1294
f 1432 1288 1424
f 1296 1288 1432
f 1288 1296 1295
f 1287 1288 1295
f 1425 1289 1433
f 1433 1289 1297
f 1299 1290 1291
f 1298 1290 1299
f 1426 1434 1299
f 1291 1426 1299
f 1427 1292 1435
f 1435 1292 1300
f 1429 1437 1293
f 1437 1301 1293
f 1431 1294 1439
f 1439 1294 1302
f 1440 1296 1432
f 1304 1296 1440
f 1296 1304 1303
f 1295 1296 1303
f 1433 1297 1441
f 1441 1297 1305
f 1307 1298 1299
f 1306 1298 1307
f 1434 1442 1307
f 1299 1434 1307
f 1435 1300 1443
f 1443 1300 1308
f 1437 1445 1301
f 1445 1309 1301
f 1439 1302 1447
f 1447 1302 1310
f 1448 1304 1440
f 1312 1304 1448
f 1304 1312 1311
f 1303 1304 1311
f 1441 1305 1449
f 1449 1305 1313
f 1315 1306 1307
f 1314 1306 1315
f 1442 1450 1315
f 1307 1442 1315
f 1443 1308 1451
f 1451 1308 1316
f 1445 1453 1309
f 1453 1317 1309
f 1447 1310 1455
f 1455 1310 1319
f 1456 1312 1448
f 1321 1312 1456
f 1312 1321 1320
f 1311 1312 1320
f 1449 1313 1458
f 1458 1313 1322
f 1325 1314 1315
f 1323 1314 1325
f 1450 1459 1325
f 1315 1450 1325
f 1451 1316 1461
f 1461 1316 1326
f 1318 1462 1329
f 1318 1317 1462
f 1317 1453 1462
f 1318 1329 1328
f 1455 1319 1464
f 1464 1319 1330
f 1456 1457 1321
f 1321 1457 1466
f 1321 1466 1320
f 1320 1466 1332
f 1458 1322 1468
f 1468 1322 1334
f 1325 1324 1323
f 1324 1338 1336
f 1325 1338 1324
f 1325 1460 1338
f 1325 1459 1460
f 1460 1470 1338
f 1327 1339 1340
f 1340 1326 1327
f 1340 1471 1326
f 1471 1461 1326
f 1462 1463 1329
f 1329 1463 1473
f 1329 1473 1328
f 1328 1473 1341
f 1343 1475 1465
f 1331 1343 1465
f 1465 1330 1331
f 1464 1330 1465
f 1333 1476 1345
f 1333 1332 1476
f 1332 1466 1476
f 1333 1345 1344
f 1346 1478 1469
f 1335 1346 1469
f 1469 1334 1335
f 1468 1334 1469
f 1338 1337 1336
f 1337 1338 1470
f 1337 1470 1347
f 1347 1470 1479
f 1472 1340 1339
f 1472 1339 1482
f 1482 1339 1349
f 1340 1472 1471
f 1342 1484 1352
f 1342 1341 1484
f 1341 1473 1484
f 1342 1352 1351
f 1475 1343 1486
f 1486 1343 1353
f 1476 1477 1345
f 1345 1477 1489
f 1345 1489 1344
f 1344 1489 1355
f 1478 1346 1491
f 1491 1346 1357
f 1479 1348 1347
f 1480 1348 1479
f 1480 1483 1348
f 1348 1483 1350
f 1483 1349 1350
f 1482 1349 1483
f 1484 1485 1352
f 1352 1354 1351
f 1352 1485 1354
f 1485 1487 1354
f 1487 1353 1354
f 1486 1353 1487
f 1489 1356 1355
f 1490 1356 1489
f 1490 1492 1356
f 1356 1492 1358
f 1492 1357 1358
f 1491 1357 1492
f 1359 1366 1365
f 1366 1493 1497
f 1366 1359 1493
f 1359 1360 1493
f 1360 1499 1493
f 1367 1499 1360
f 1369 1494 1502
f 1361 1494 1369
f 1504 1362 1371
f 1504 1494 1362
f 1494 1361 1362
f 1362 1370 1371
f 1372 1495 1507
f 1363 1495 1372
f 1495 1363 1496
f 1363 1364 1496
f 1364 1510 1496
f 1374 1510 1364
f 1498 1365 1366
f 1498 1511 1365
f 1511 1375 1365
f 1366 1497 1498
f 1499 1367 1368
f 1500 1499 1368
f 1368 1514 1500
f 1377 1514 1368
f 1516 1380 1503
f 1503 1380 1378
f 1503 1378 1502
f 1502 1378 1369
f 1504 1371 1506
f 1371 1518 1506
f 1371 1370 1518
f 1370 1381 1518
f 1383 1508 1521
f 1373 1508 1383
f 1508 1373 1372
f 1507 1508 1372
f 1510 1374 1525
f 1525 1374 1384
f 1386 1512 1527
f 1376 1512 1386
f 1512 1376 1375
f 1511 1512 1375
f 1514 1377 1529
f 1529 1377 1387
f 1380 1388 1379
f 1380 1516 1388
f 1516 1532 1388
f 1380 1379 1378
f 1518 1381 1382
f 1520 1518 1382
f 1382 1535 1520
f 1389 1535 1382
f 1537 1392 1522
f 1522 1392 1390
f 1522 1390 1521
f 1521 1390 1383
f 1525 1384 1385
f 1526 1525 1385
f 1385 1540 1526
f 1393 1540 1385
f 1527 1541 1386
f 1541 1394 1386
f 1396 1530 1529
f 1396 1529 1395
f 1395 1529 1387
f 1530 1398 1533
f 1396 1398 1530
f 1533 1398 1397
f 1533 1397 1532
f 1532 1397 1388
f 1535 1389 1543
f 1543 1389 1399
f 1392 1400 1391
f 1392 1537 1400
f 1537 1545 1400
f 1392 1391 1390
f 1540 1393 1548
f 1548 1393 1401
f 1541 1549 1394
f 1549 1402 1394
f 1404 1396 1395
f 1403 1404 1395
f 1396 1404 1398
f 1398 1404 1406
f 1398 1406 1405
f 1397 1398 1405
f 1543 1399 1550
f 1550 1399 1407
f 1545 1552 1400
f 1552 1408 1400
f 1548 1401 1554
f 1554 1401 1409
f 1549 1555 1402
f 1555 1410 1402
f 1412 1404 1403
f 1411 1412 1403
f 1404 1412 1406
f 1406 1412 1414
f 1406 1414 1413
f 1405 1406 1413
f 1550 1407 1556
f 1556 1407 1415
f 1552 1557 1408
f 1557 1416 1408
f 1554 1409 1558
f 1558 1409 1417
f 1555 1559 1410
f 1559 1418 1410
f 1420 1412 1411
f 1419 1420 1411
f 1412 1420 1414
f 1414 1420 1422
f 1414 1422 1421
f 1413 1414 1421
f 1556 1415 1560
f 1560 1415 1423
f 1557 1561 1416
f 1561 1424 1416
f 1558 1417 1562
f 1562 1417 1425
f 1559 1563 1418
f 1563 1426 1418
f 1428 1420 1419
f 1427 1428 1419
f 1420 1428 1422
f 1422 1428 1430
f 1422 1430 1429
f 1421 1422 1429
f 1560 1423 1564
f 1564 1423 1431
f 1561 1565 1424
f 1565 1432 1424
f 1562 1425 1566
f 1566 1425 1433
f 1563 1567 1426
f 1567 1434 1426
f 1436 1428 1427
f 1435 1436 1427
f 1428 1436 1430
f 1430 1436 1438
f 1430 1438 1437
f 1429 1430 1437
f 1564 1431 1568
f 1568 1431 1439
f 1565 1569 1432
f 1569 1440 1432
f 1566 1433 1570
f 1570 1433 1441
f 1567 1571 1434
f 1571 1442 1434
f 1444 1436 1435
f 1443 1444 1435
f 1436 1444 1438
f 1438 1444 1446
f 1438 1446 1445
f 1437 1438 1445
f 1568 1439 1572
f 1572 1439 1447
f 1569 1574 1440
f 1574 1448 1440
f 1570 1441 1576
f 1576 1441 1449
f 1571 1577 1442
f 1577 1450 1442
f 1452 1444 1443
f 1451 1452 1443
f 1444 1452 1446
f 1446 1452 1454
f 1446 1454 1453
f 1445 1446 1453
f 1572 1447 1581
f 1581 1447 1455
f 1574 1583 1448
f 1583 1456 1448
f 1576 1449 1586
f 1586 1449 1458
f 1577 1587 1450
f 1587 1459 1450
f 1579 1452 1451
f 1579 1451 1590
f 1590 1451 1461
f 1452 1580 1454
f 1579 1580 1452
f 1454 1580 1592
f 1454 1592 1453
f 1453 1592 1462
f 1581 1455 1594
f 1594 1455 1464
f 1457 1597 1467
f 1457 1456 1597
f 1456 1583 1597
f 1457 1467 1466
f 1586 1458 1601
f 1601 1458 1468
f 1587 1460 1459
f 1588 1460 1587
f 1460 1588 1603
f 1470 1460 1603
f 1590 1461 1606
f 1606 1461 1471
f 1463 1609 1474
f 1463 1462 1609
f 1462 1592 1609
f 1463 1474 1473
f 1475 1612 1595
f 1465 1475 1595
f 1595 1464 1465
f 1594 1464 1595
f 1597 1598 1467
f 1467 1598 1615
f 1467 1615 1466
f 1466 1615 1476
f 1478 1619 1602
f 1469 1478 1602
f 1602 1468 1469
f 1601 1468 1602
f 1481 1603 1604
f 1481 1479 1603
f 1479 1470 1603
f 1604 1620 1481
f 1482 1621 1607
f 1472 1482 1607
f 1607 1471 1472
f 1606 1471 1607
f 1609 1611 1474
f 1474 1611 1624
f 1474 1624 1473
f 1473 1624 1484
f 1625 1613 1488
f 1613 1486 1488
f 1613 1612 1486
f 1612 1475 1486
f 1615 1477 1476
f 1616 1477 1615
f 1477 1616 1628
f 1489 1477 1628
f 1619 1478 1631
f 1631 1478 1491
f 1481 1480 1479
f 1620 1480 1481
f 1620 1622 1480
f 1622 1483 1480
f 1622 1482 1483
f 1621 1482 1622
f 1624 1485 1484
f 1626 1485 1624
f 1488 1626 1625
f 1488 1487 1626
f 1487 1485 1626
f 1488 1486 1487
f 1628 1490 1489
f 1629 1490 1628
f 1629 1632 1490
f 1490 1632 1492
f 1632 1491 1492
f 1631 1491 1632
f 1497 1633 1636
f 1493 1633 1497
f 1501 1493 1499
f 1501 1634 1493
f 1634 1633 1493
f 1634 1501 1638
f 1494 1505 1502
f 1494 1504 1505
f 1495 1509 1507
f 1509 1635 1645
f 1509 1495 1635
f 1495 1496 1635
f 1496 1646 1635
f 1510 1646 1496
f 1498 1513 1511
f 1513 1498 1497
f 1513 1497 1647
f 1647 1497 1636
f 1501 1499 1500
f 1500 1514 1515
f 1501 1500 1515
f 1501 1515 1639
f 1501 1639 1638
f 1639 1517 1641
f 1515 1517 1639
f 1516 1641 1517
f 1516 1503 1641
f 1503 1643 1641
f 1502 1505 1644
f 1502 1644 1503
f 1503 1644 1643
f 1650 1506 1519
f 1644 1506 1650
f 1644 1504 1506
f 1644 1505 1504
f 1506 1518 1519
f 1508 1523 1521
f 1507 1523 1508
f 1507 1509 1523
f 1509 1524 1523
f 1645 1653 1524
f 1509 1645 1524
f 1646 1510 1655
f 1655 1510 1525
f 1512 1528 1527
f 1528 1648 1657
f 1512 1648 1528
f 1512 1513 1648
f 1512 1511 1513
f 1513 1647 1648
f 1531 1515 1514
f 1529 1531 1514
f 1515 1531 1517
f 1517 1531 1534
f 1517 1534 1532
f 1516 1517 1532
f 1650 1519 1652
f 1659 1520 1536
f 1652 1520 1659
f 1652 1518 1520
f 1652 1519 1518
f 1520 1535 1536
f 1522 1538 1537
f 1521 1538 1522
f 1521 1523 1538
f 1523 1539 1538
f 1654 1661 1539
f 1654 1539 1524
f 1524 1539 1523
f 1524 1653 1654
f 1655 1525 1526
f 1656 1655 1526
f 1526 1662 1656
f 1540 1662 1526
f 1542 1527 1528
f 1541 1527 1542
f 1657 1663 1542
f 1528 1657 1542
f 1531 1529 1530
f 1534 1531 1530
f 1533 1534 1530
f 1534 1533 1532
f 1666 1659 1536
f 1544 1666 1536
f 1536 1543 1544
f 1535 1543 1536
f 1546 1537 1538
f 1545 1537 1546
f 1538 1539 1546
f 1539 1547 1546
f 1661 1668 1547
f 1539 1661 1547
f 1662 1540 1670
f 1670 1540 1548
f 1664 1541 1542
f 1664 1671 1541
f 1671 1549 1541
f 1542 1663 1664
f 1673 1666 1544
f 1551 1673 1544
f 1544 1550 1551
f 1543 1550 1544
f 1553 1545 1546
f 1552 1545 1553
f 1669 1675 1553
f 1669 1553 1547
f 1547 1553 1546
f 1547 1668 1669
f 1670 1548 1678
f 1678 1548 1554
f 1671 1679 1549
f 1679 1555 1549
f 1673 1551 1674
f 1551 1681 1674
f 1551 1550 1681
f 1550 1556 1681
f 1676 1552 1553
f 1676 1683 1552
f 1683 1557 1552
f 1553 1675 1676
f 1678 1554 1686
f 1686 1554 1558
f 1679 1687 1555
f 1687 1559 1555
f 1681 1556 1689
f 1689 1556 1560
f 1683 1691 1557
f 1691 1561 1557
f 1686 1558 1694
f 1694 1558 1562
f 1687 1695 1559
f 1695 1563 1559
f 1689 1560 1697
f 1697 1560 1564
f 1691 1699 1561
f 1699 1565 1561
f 1694 1562 1702
f 1702 1562 1566
f 1695 1703 1563
f 1703 1567 1563
f 1697 1564 1705
f 1705 1564 1568
f 1699 1708 1565
f 1708 1569 1565
f 1702 1566 1712
f 1712 1566 1570
f 1703 1713 1567
f 1713 1571 1567
f 1716 1706 1573
f 1706 1572 1573
f 1706 1705 1572
f 1705 1568 1572
f 1575 1708 1709
f 1575 1574 1708
f 1574 1569 1708
f 1709 1717 1575
f 1712 1570 1720
f 1720 1570 1576
f 1578 1713 1714
f 1578 1577 1713
f 1577 1571 1713
f 1714 1721 1578
f 1723 1716 1573
f 1582 1723 1573
f 1573 1581 1582
f 1572 1581 1573
f 1584 1574 1575
f 1583 1574 1584
f 1717 1718 1585
f 1717 1585 1575
f 1575 1585 1584
f 1718 1725 1585
f 1720 1576 1726
f 1726 1576 1586
f 1589 1577 1578
f 1587 1577 1589
f 1721 1727 1589
f 1578 1721 1589
f 1579 1590 1591
f 1580 1579 1591
f 1593 1580 1591
f 1580 1593 1592
f 1730 1723 1582
f 1596 1730 1582
f 1582 1594 1596
f 1581 1594 1582
f 1599 1583 1584
f 1597 1583 1599
f 1584 1585 1599
f 1585 1600 1599
f 1725 1733 1600
f 1585 1725 1600
f 1726 1586 1735
f 1735 1586 1601
f 1589 1588 1587
f 1588 1605 1603
f 1589 1605 1588
f 1589 1728 1605
f 1589 1727 1728
f 1728 1737 1605
f 1608 1591 1590
f 1606 1608 1590
f 1591 1608 1593
f 1593 1608 1610
f 1593 1610 1609
f 1592 1593 1609
f 1742 1731 1614
f 1596 1595 1612
f 1730 1596 1612
f 1730 1612 1614
f 1730 1614 1731
f 1596 1594 1595
f 1599 1598 1597
f 1598 1617 1615
f 1598 1599 1617
f 1599 1600 1617
f 1733 1734 1618
f 1733 1618 1600
f 1600 1618 1617
f 1734 1745 1618
f 1619 1746 1736
f 1602 1619 1736
f 1736 1601 1602
f 1735 1601 1736
f 1605 1604 1603
f 1604 1605 1737
f 1604 1737 1620
f 1620 1737 1747
f 1607 1621 1623
f 1623 1750 1739
f 1607 1623 1739
f 1607 1739 1608
f 1607 1608 1606
f 1608 1740 1610
f 1739 1740 1608
f 1610 1611 1609
f 1610 1740 1611
f 1740 1741 1611
f 1627 1624 1611
f 1627 1611 1743
f 1743 1611 1741
f 1614 1613 1625
f 1742 1614 1625
f 1742 1625 1627
f 1742 1627 1743
f 1614 1612 1613
f 1617 1616 1615
f 1616 1630 1628
f 1616 1617 1630
f 1617 1618 1630
f 1745 1754 1630
f 1618 1745 1630
f 1746 1619 1755
f 1755 1619 1631
f 1747 1622 1620
f 1748 1622 1747
f 1621 1751 1623
f 1621 1622 1751
f 1622 1748 1751
f 1623 1751 1750
f 1627 1626 1624
f 1627 1625 1626
f 1630 1629 1628
f 1754 1629 1630
f 1754 1756 1629
f 1756 1632 1629
f 1756 1631 1632
f 1755 1631 1756
f 1633 1637 1636
f 1637 1757 1761
f 1637 1633 1757
f 1633 1634 1757
f 1640 1634 1638
f 1640 1758 1634
f 1758 1757 1634
f 1758 1642 1759
f 1640 1642 1758
f 1759 1642 1764
f 1645 1760 1767
f 1635 1760 1645
f 1635 1768 1760
f 1646 1768 1635
f 1649 1636 1637
f 1647 1636 1649
f 1761 1769 1649
f 1637 1761 1649
f 1640 1638 1639
f 1642 1640 1639
f 1641 1642 1639
f 1764 1642 1641
f 1764 1641 1766
f 1766 1641 1643
f 1773 1644 1651
f 1773 1766 1644
f 1766 1643 1644
f 1644 1650 1651
f 1767 1776 1645
f 1776 1653 1645
f 1768 1646 1778
f 1778 1646 1655
f 1648 1658 1657
f 1658 1770 1780
f 1648 1770 1658
f 1648 1649 1770
f 1648 1647 1649
f 1649 1769 1770
f 1773 1651 1775
f 1783 1652 1660
f 1775 1652 1783
f 1775 1650 1652
f 1775 1651 1650
f 1652 1659 1660
f 1661 1777 1785
f 1654 1777 1661
f 1777 1654 1653
f 1776 1777 1653
f 1778 1655 1656
f 1779 1778 1656
f 1656 1786 1779
f 1662 1786 1656
f 1665 1657 1658
f 1663 1657 1665
f 1780 1787 1665
f 1658 1780 1665
f 1790 1783 1660
f 1667 1790 1660
f 1660 1666 1667
f 1659 1666 1660
f 1785 1793 1661
f 1793 1668 1661
f 1786 1662 1794
f 1794 1662 1670
f 1664 1672 1671
f 1672 1788 1795
f 1664 1788 1672
f 1664 1665 1788
f 1664 1663 1665
f 1665 1787 1788
f 1790 1667 1792
f 1667 1797 1792
f 1667 1666 1797
f 1666 1673 1797
f 1669 1677 1675
f 1677 1669 1668
f 1677 1668 1799
f 1799 1668 1793
f 1794 1670 1800
f 1800 1670 1678
f 1680 1671 1672
f 1679 1671 1680
f 1795 1801 1680
f 1672 1795 1680
f 1674 1682 1803
f 1674 1803 1673
f 1673 1803 1797
f 1674 1681 1682
f 1676 1684 1683
f 1675 1684 1676
f 1675 1677 1684
f 1677 1685 1684
f 1799 1805 1685
f 1677 1799 1685
f 1800 1678 1806
f 1806 1678 1686
f 1688 1679 1680
f 1687 1679 1688
f 1801 1807 1688
f 1680 1801 1688
f 1809 1803 1682
f 1690 1809 1682
f 1682 1689 1690
f 1681 1689 1682
f 1692 1683 1684
f 1691 1683 1692
f 1684 1685 1692
f 1685 1693 1692
f 1805 1811 1693
f 1685 1805 1693
f 1806 1686 1812
f 1812 1686 1694
f 1696 1687 1688
f 1695 1687 1696
f 1807 1813 1696
f 1688 1807 1696
f 1815 1809 1690
f 1698 1815 1690
f 1690 1697 1698
f 1689 1697 1690
f 1700 1691 1692
f 1699 1691 1700
f 1692 1693 1700
f 1693 1701 1700
f 1811 1817 1701
f 1693 1811 1701
f 1812 1694 1818
f 1818 1694 1702
f 1704 1695 1696
f 1703 1695 1704
f 1813 1819 1704
f 1696 1813 1704
f 1821 1815 1698
f 1707 1821 1698
f 1698 1705 1707
f 1697 1705 1698
f 1710 1699 1700
f 1708 1699 1710
f 1700 1701 1710
f 1701 1711 1710
f 1817 1823 1711
f 1701 1817 1711
f 1818 1702 1824
f 1824 1702 1712
f 1715 1703 1704
f 1713 1703 1715
f 1819 1825 1715
f 1704 1819 1715
f 1707 1706 1716
f 1707 1716 1821
f 1821 1716 1828
f 1707 1705 1706
f 1710 1709 1708
f 1709 1719 1717
f 1709 1710 1719
f 1710 1711 1719
f 1823 1831 1719
f 1711 1823 1719
f 1824 1712 1832
f 1832 1712 1720
f 1715 1714 1713
f 1714 1722 1721
f 1715 1722 1714
f 1715 1826 1722
f 1715 1825 1826
f 1826 1833 1722
f 1835 1829 1724
f 1829 1723 1724
f 1829 1828 1723
f 1828 1716 1723
f 1719 1718 1717
f 1718 1719 1831
f 1718 1831 1725
f 1725 1831 1837
f 1832 1720 1838
f 1838 1720 1726
f 1729 1721 1722
f 1727 1721 1729
f 1833 1839 1729
f 1722 1833 1729
f 1843 1835 1724
f 1732 1843 1724
f 1724 1730 1732
f 1723 1730 1724
f 1837 1846 1725
f 1846 1733 1725
f 1838 1726 1848
f 1848 1726 1735
f 1729 1728 1727
f 1728 1738 1737
f 1729 1738 1728
f 1729 1840 1738
f 1729 1839 1840
f 1840 1850 1738
f 1853 1844 1744
f 1732 1731 1742
f 1843 1732 1742
f 1843 1742 1744
f 1843 1744 1844
f 1732 1730 1731
f 1846 1734 1733
f 1847 1734 1846
f 1734 1847 1856
f 1745 1734 1856
f 1746 1857 1849
f 1736 1746 1849
f 1849 1735 1736
f 1848 1735 1849
f 1749 1737 1738
f 1747 1737 1749
f 1850 1858 1749
f 1738 1850 1749
f 1739 1750 1752
f 1740 1739 1752
f 1753 1740 1752
f 1753 1863 1854
f 1753 1854 1740
f 1740 1854 1741
f 1744 1854 1853
f 1744 1743 1854
f 1743 1741 1854
f 1744 1742 1743
f 1856 1866 1745
f 1866 1754 1745
f 1857 1746 1867
f 1867 1746 1755
f 1749 1748 1747
f 1858 1748 1749
f 1858 1859 1748
f 1859 1751 1748
f 1750 1861 1752
f 1750 1751 1861
f 1751 1859 1861
f 1752 1864 1753
f 1861 1864 1752
f 1753 1864 1863
f 1866 1756 1754
f 1868 1756 1866
f 1868 1755 1756
f 1867 1755 1868
f 1757 1762 1761
f 1758 1762 1757
f 1763 1762 1758
f 1759 1763 1758
f 1765 1763 1759
f 1759 1764 1765
f 1767 1869 1871
f 1760 1869 1767
f 1760 1872 1869
f 1768 1872 1760
f 1771 1761 1762
f 1769 1761 1771
f 1870 1873 1771
f 1870 1771 1763
f 1763 1771 1762
f 1875 1870 1763
f 1875 1763 1772
f 1772 1763 1765
f 1766 1765 1764
f 1766 1774 1765
f 1774 1772 1765
f 1766 1773 1774
f 1871 1878 1767
f 1878 1776 1767
f 1872 1768 1880
f 1880 1768 1778
f 1770 1781 1780
f 1781 1874 1882
f 1770 1874 1781
f 1770 1771 1874
f 1770 1769 1771
f 1771 1873 1874
f 1875 1772 1877
f 1884 1877 1772
f 1884 1772 1782
f 1782 1772 1774
f 1775 1774 1773
f 1775 1784 1774
f 1784 1782 1774
f 1775 1783 1784
f 1785 1879 1887
f 1777 1879 1785
f 1879 1777 1776
f 1878 1879 1776
f 1880 1778 1779
f 1881 1880 1779
f 1779 1888 1881
f 1786 1888 1779
f 1789 1780 1781
f 1787 1780 1789
f 1882 1889 1789
f 1781 1882 1789
f 1884 1782 1886
f 1893 1886 1782
f 1893 1782 1791
f 1791 1782 1784
f 1784 1790 1791
f 1783 1790 1784
f 1887 1896 1785
f 1896 1793 1785
f 1888 1786 1897
f 1897 1786 1794
f 1788 1796 1795
f 1796 1890 1898
f 1788 1890 1796
f 1788 1789 1890
f 1788 1787 1789
f 1789 1889 1890
f 1893 1791 1895
f 1902 1792 1798
f 1895 1792 1902
f 1895 1790 1792
f 1895 1791 1790
f 1792 1797 1798
f 1896 1904 1793
f 1904 1799 1793
f 1897 1794 1905
f 1905 1794 1800
f 1802 1795 1796
f 1801 1795 1802
f 1898 1906 1802
f 1796 1898 1802
f 1910 1902 1798
f 1804 1910 1798
f 1798 1803 1804
f 1797 1803 1798
f 1904 1912 1799
f 1912 1805 1799
f 1905 1800 1913
f 1913 1800 1806
f 1808 1801 1802
f 1807 1801 1808
f 1906 1914 1808
f 1802 1906 1808
f 1917 1910 1804
f 1810 1917 1804
f 1804 1809 1810
f 1803 1809 1804
f 1912 1919 1805
f 1919 1811 1805
f 1913 1806 1920
f 1920 1806 1812
f 1814 1807 1808
f 1813 1807 1814
f 1914 1921 1814
f 1808 1914 1814
f 1924 1917 1810
f 1816 1924 1810
f 1810 1815 1816
f 1809 1815 1810
f 1919 1926 1811
f 1926 1817 1811
f 1920 1812 1927
f 1927 1812 1818
f 1820 1813 1814
f 1819 1813 1820
f 1921 1928 1820
f 1814 1921 1820
f 1932 1924 1816
f 1822 1932 1816
f 1816 1821 1822
f 1815 1821 1816
f 1926 1934 1817
f 1934 1823 1817
f 1927 1818 1935
f 1935 1818 1824
f 1827 1819 1820
f 1825 1819 1827
f 1928 1936 1827
f 1820 1928 1827
f 1941 1932 1822
f 1830 1941 1822
f 1822 1828 1830
f 1821 1828 1822
f 1934 1944 1823
f 1944 1831 1823
f 1935 1824 1945
f 1945 1824 1832
f 1827 1826 1825
f 1826 1834 1833
f 1827 1834 1826
f 1827 1937 1834
f 1827 1936 1937
f 1937 1946 1834
f 1949 1942 1836
f 1830 1829 1835
f 1941 1830 1835
f 1941 1835 1836
f 1941 1836 1942
f 1830 1828 1829
f 1944 1952 1831
f 1952 1837 1831
f 1945 1832 1953
f 1953 1832 1838
f 1841 1833 1834
f 1839 1833 1841
f 1946 1954 1841
f 1834 1946 1841
f 1957 1950 1842
f 1950 1949 1836
f 1950 1836 1842
f 1842 1836 1845
f 1836 1843 1845
f 1835 1843 1836
f 1952 1960 1837
f 1960 1846 1837
f 1953 1838 1962
f 1962 1838 1848
f 1841 1840 1839
f 1840 1851 1850
f 1841 1851 1840
f 1841 1955 1851
f 1841 1954 1955
f 1955 1964 1851
f 1965 1958 1852
f 1958 1957 1842
f 1958 1842 1852
f 1852 1842 1855
f 1853 1845 1844
f 1853 1855 1845
f 1855 1842 1845
f 1845 1843 1844
f 1960 1847 1846
f 1961 1847 1960
f 1847 1961 1968
f 1856 1847 1968
f 1857 1969 1963
f 1849 1857 1963
f 1963 1848 1849
f 1962 1848 1963
f 1860 1850 1851
f 1858 1850 1860
f 1964 1966 1862
f 1964 1862 1851
f 1851 1862 1860
f 1966 1965 1852
f 1966 1852 1862
f 1862 1852 1865
f 1863 1855 1854
f 1863 1865 1855
f 1865 1852 1855
f 1855 1853 1854
f 1968 1970 1856
f 1970 1866 1856
f 1969 1857 1971
f 1971 1857 1867
f 1860 1859 1858
f 1862 1859 1860
f 1861 1859 1862
f 1865 1861 1862
f 1864 1861 1865
f 1865 1863 1864
f 1970 1868 1866
f 1972 1868 1970
f 1972 1867 1868
f 1971 1867 1972
f 1871 1973 1974
f 1869 1973 1871
f 1869 1975 1973
f 1872 1975 1869
f 1870 1876 1873
f 1870 1875 1876
f 1974 1977 1871
f 1977 1878 1871
f 1975 1872 1979
f 1979 1872 1880
f 1874 1883 1882
f 1883 1976 1981
f 1874 1976 1883
f 1874 1876 1976
f 1874 1873 1876
f 1982 1877 1885
f 1976 1877 1982
f 1976 1875 1877
f 1976 1876 1875
f 1877 1884 1885
f 1887 1978 1984
f 1879 1978 1887
f 1978 1879 1878
f 1977 1978 1878
f 1979 1880 1881
f 1980 1979 1881
f 1881 1985 1980
f 1888 1985 1881
f 1891 1882 1883
f 1889 1882 1891
f 1981 1986 1891
f 1883 1981 1891
f 1988 1982 1885
f 1892 1988 1885
f 1886 1885 1884
f 1886 1894 1885
f 1894 1892 1885
f 1886 1893 1894
f 1984 1990 1887
f 1990 1896 1887
f 1985 1888 1991
f 1991 1888 1897
f 1890 1899 1898
f 1899 1987 1992
f 1890 1987 1899
f 1890 1891 1987
f 1890 1889 1891
f 1891 1986 1987
f 1994 1988 1892
f 1900 1994 1892
f 1892 1894 1900
f 1894 1901 1900
f 1895 1894 1893
f 1895 1903 1894
f 1903 1901 1894
f 1895 1902 1903
f 1990 1996 1896
f 1996 1904 1896
f 1991 1897 1997
f 1997 1897 1905
f 1907 1898 1899
f 1906 1898 1907
f 1992 1998 1907
f 1899 1992 1907
f 2000 1994 1900
f 1908 2000 1900
f 1900 1901 1908
f 1901 1909 1908
f 1901 1903 1909
f 1903 1911 1909
f 1903 1910 1911
f 1902 1910 1903
f 1996 2003 1904
f 2003 1912 1904
f 1997 1905 2004
f 2004 1905 1913
f 1915 1906 1907
f 1914 1906 1915
f 1998 2005 1915
f 1907 1998 1915
f 2000 1908 2002
f 2008 2002 1908
f 2008 1908 1916
f 1916 1908 1909
f 1909 1911 1916
f 1911 1918 1916
f 1911 1917 1918
f 1910 1917 1911
f 2003 2010 1912
f 2010 1919 1912
f 2004 1913 2011
f 2011 1913 1920
f 1922 1914 1915
f 1921 1914 1922
f 2005 2012 1922
f 1915 2005 1922
f 2015 2008 1916
f 1923 2015 1916
f 1916 1918 1923
f 1918 1925 1923
f 1918 1924 1925
f 1917 1924 1918
f 2010 2018 1919
f 2018 1926 1919
f 2011 1920 2019
f 2019 1920 1927
f 1929 1921 1922
f 1928 1921 1929
f 2012 2020 1929
f 1922 2012 1929
f 2022 2016 1930
f 2016 2015 1923
f 2016 1923 1930
f 1930 1923 1931
f 1923 1925 1931
f 1925 1933 1931
f 1925 1932 1933
f 1924 1932 1925
f 2018 2024 1926
f 2024 1934 1926
f 2019 1927 2025
f 2025 1927 1935
f 1938 1928 1929
f 1936 1928 1938
f 2020 2026 1938
f 1929 2020 1938
f 2029 2022 1930
f 1939 2029 1930
f 1930 1931 1939
f 1931 1940 1939
f 1931 1933 1940
f 1933 1943 1940
f 1933 1941 1943
f 1932 1941 1933
f 2024 2031 1934
f 2031 1944 1934
f 2025 1935 2032
f 2032 1935 1945
f 1938 1937 1936
f 1937 1947 1946
f 1938 1947 1937
f 1938 2027 1947
f 1938 2026 2027
f 2027 2033 1947
f 2034 2029 1939
f 1948 2034 1939
f 1939 1940 1948
f 1940 1951 1948
f 1949 1943 1942
f 1949 1951 1943
f 1951 1940 1943
f 1943 1941 1942
f 2031 2036 1944
f 2036 1952 1944
f 2032 1945 2037
f 2037 1945 1953
f 1956 1946 1947
f 1954 1946 1956
f 2033 2038 1956
f 1947 2033 1956
f 2039 2034 1948
f 1959 2039 1948
f 1957 1951 1950
f 1957 1959 1951
f 1959 1948 1951
f 1951 1949 1950
f 2036 2042 1952
f 2042 1960 1952
f 2037 1953 2044
f 2044 1953 1962
f 1956 1955 1954
f 1955 1967 1964
f 1956 1967 1955
f 1956 2040 1967
f 1956 2038 2040
f 1959 1958 1965
f 2039 1959 1965
f 2039 1965 1967
f 2039 1967 2040
f 1959 1957 1958
f 2042 1961 1960
f 2043 1961 2042
f 1961 2043 2046
f 1968 1961 2046
f 1969 2047 2045
f 1963 1969 2045
f 2045 1962 1963
f 2044 1962 2045
f 1967 1966 1964
f 1967 1965 1966
f 2046 2048 1968
f 2048 1970 1968
f 2047 1969 2049
f 2049 1969 1971
f 2048 1972 1970
f 2050 1972 2048
f 2050 1971 1972
f 2049 1971 2050
f 1974 2051 2052
f 1973 2051 1974
f 1973 2053 2051
f 1975 2053 1973
f 2052 2055 1974
f 2055 1977 1974
f 2053 1975 2057
f 2057 1975 1979
f 1976 1983 1981
f 1976 1982 1983
f 1984 2056 2059
f 1978 2056 1984
f 2056 1978 1977
f 2055 2056 1977
f 2057 1979 1980
f 2058 2057 1980
f 1980 2060 2058
f 1985 2060 1980
f 1989 1981 1983
f 1986 1981 1989
f 1983 1988 1989
f 1982 1988 1983
f 2059 2061 1984
f 2061 1990 1984
f 2060 1985 2062
f 2062 1985 1991
f 1987 1993 1992
f 1986 1993 1987
f 1986 1989 1993
f 1989 1995 1993
f 1989 1994 1995
f 1988 1994 1989
f 2061 2063 1990
f 2063 1996 1990
f 2062 1991 2064
f 2064 1991 1997
f 1999 1992 1993
f 1998 1992 1999
f 1993 1995 1999
f 1995 2001 1999
f 1995 2000 2001
f 1994 2000 1995
f 2063 2065 1996
f 2065 2003 1996
f 2064 1997 2066
f 2066 1997 2004
f 2006 1998 1999
f 2005 1998 2006
f 1999 2001 2006
f 2001 2007 2006
f 2002 2001 2000
f 2002 2009 2001
f 2009 2007 2001
f 2002 2008 2009
f 2065 2067 2003
f 2067 2010 2003
f 2066 2004 2068
f 2068 2004 2011
f 2013 2005 2006
f 2012 2005 2013
f 2006 2007 2013
f 2007 2014 2013
f 2007 2009 2014
f 2009 2017 2014
f 2009 2015 2017
f 2008 2015 2009
f 2067 2069 2010
f 2069 2018 2010
f 2068 2011 2070
f 2070 2011 2019
f 2021 2012 2013
f 2020 2012 2021
f 2013 2014 2021
f 2014 2023 2021
f 2022 2017 2016
f 2022 2023 2017
f 2023 2014 2017
f 2017 2015 2016
f 2069 2071 2018
f 2071 2024 2018
f 2070 2019 2072
f 2072 2019 2025
f 2028 2020 2021
f 2026 2020 2028
f 2021 2023 2028
f 2023 2030 2028
f 2023 2029 2030
f 2022 2029 2023
f 2071 2073 2024
f 2073 2031 2024
f 2072 2025 2074
f 2074 2025 2032
f 2028 2027 2026
f 2027 2035 2033
f 2027 2028 2035
f 2028 2030 2035
f 2030 2034 2035
f 2029 2034 2030
f 2073 2075 2031
f 2075 2036 2031
f 2074 2032 2076
f 2076 2032 2037
f 2041 2033 2035
f 2038 2033 2041
f 2035 2039 2041
f 2034 2039 2035
f 2075 2077 2036
f 2077 2042 2036
f 2076 2037 2079
f 2079 2037 2044
f 2041 2040 2038
f 2041 2039 2040
f 2077 2043 2042
f 2078 2043 2077
f 2043 2078 2081
f 2046 2043 2081
f 2047 2082 2080
f 2045 2047 2080
f 2080 2044 2045
f 2079 2044 2080
f 2081 2083 2046
f 2083 2048 2046
f 2082 2047 2084
f 2084 2047 2049
f 2083 2050 2048
f 2085 2050 2083
f 2085 2049 2050
f 2084 2049 2085
f 2051 2054 2052
f 2051 2053 2054
f 2087 2052 2054
f 2087 2088 2052
f 2088 2055 2052
f 2054 2090 2087
f 2054 2053 2090
f 2053 2057 2090
f 2059 2089 2093
f 2056 2089 2059
f 2089 2056 2055
f 2088 2089 2055
f 2090 2057 2058
f 2092 2090 2058
f 2058 2095 2092
f 2060 2095 2058
f 2093 2096 2059
f 2096 2061 2059
f 2095 2060 2098
f 2098 2060 2062
f 2096 2099 2061
f 2099 2063 2061
f 2098 2062 2101
f 2101 2062 2064
f 2099 2102 2063
f 2102 2065 2063
f 2101 2064 2104
f 2104 2064 2066
f 2102 2105 2065
f 2105 2067 2065
f 2104 2066 2107
f 2107 2066 2068
f 2105 2108 2067
f 2108 2069 2067
f 2107 2068 2110
f 2110 2068 2070
f 2108 2111 2069
f 2111 2071 2069
f 2110 2070 2113
f 2113 2070 2072
f 2111 2114 2071
f 2114 2073 2071
f 2113 2072 2116
f 2116 2072 2074
f 2114 2117 2073
f 2117 2075 2073
f 2116 2074 2119
f 2119 2074 2076
f 2117 2120 2075
f 2120 2077 2075
f 2119 2076 2123
f 2123 2076 2079
f 2120 2078 2077
f 2121 2078 2120
f 2078 2121 2125
f 2081 2078 2125
f 2082 2126 2124
f 2080 2082 2124
f 2124 2079 2080
f 2123 2079 2124
f 2086 2125 2127
f 2086 2083 2125
f 2083 2081 2125
f 2127 2084 2086
f 2127 2126 2084
f 2126 2082 2084
f 2086 2085 2083
f 2086 2084 2085
f 2087 2091 2088
f 2087 2090 2091
f 2089 2094 2093
f 2094 2129 2131
f 2089 2129 2094
f 2089 2091 2129
f 2089 2088 2091
f 2091 2090 2092
f 2091 2092 2129
f 2129 2092 2130
f 2092 2133 2130
f 2095 2133 2092
f 2097 2093 2094
f 2096 2093 2097
f 2131 2135 2097
f 2094 2131 2097
f 2133 2095 2137
f 2137 2095 2098
f 2100 2096 2097
f 2099 2096 2100
f 2135 2139 2100
f 2097 2135 2100
f 2137 2098 2141
f 2141 2098 2101
f 2103 2099 2100
f 2102 2099 2103
f 2139 2143 2103
f 2100 2139 2103
f 2141 2101 2145
f 2145 2101 2104
f 2106 2102 2103
f 2105 2102 2106
f 2143 2147 2106
f 2103 2143 2106
f 2145 2104 2149
f 2149 2104 2107
f 2109 2105 2106
f 2108 2105 2109
f 2147 2151 2109
f 2106 2147 2109
f 2149 2107 2153
f 2153 2107 2110
f 2112 2108 2109
f 2111 2108 2112
f 2151 2155 2112
f 2109 2151 2112
f 2153 2110 2157
f 2157 2110 2113
f 2115 2111 2112
f 2114 2111 2115
f 2155 2159 2115
f 2112 2155 2115
f 2157 2113 2161
f 2161 2113 2116
f 2118 2114 2115
f 2117 2114 2118
f 2159 2163 2118
f 2115 2159 2118
f 2161 2116 2165
f 2165 2116 2119
f 2122 2117 2118
f 2120 2117 2122
f 2163 2167 2122
f 2118 2163 2122
f 2165 2119 2170
f 2170 2119 2123
f 2122 2121 2120
f 2121 2128 2125
f 2122 2128 2121
f 2122 2168 2128
f 2122 2167 2168
f 2126 2128 2168
f 2126 2168 2124
f 2124 2168 2171
f 2171 2123 2124
f 2170 2123 2171
f 2128 2127 2125
f 2128 2126 2127
f 2129 2132 2131
f 2130 2132 2129
f 2134 2132 2130
f 2130 2133 2134
f 2136 2131 2132
f 2135 2131 2136
f 2132 2134 2136
f 2134 2138 2136
f 2134 2137 2138
f 2133 2137 2134
f 2140 2135 2136
f 2139 2135 2140
f 2136 2138 2140
f 2138 2142 2140
f 2138 2141 2142
f 2137 2141 2138
f 2144 2139 2140
f 2143 2139 2144
f 2140 2142 2144
f 2142 2146 2144
f 2142 2145 2146
f 2141 2145 2142
f 2148 2143 2144
f 2147 2143 2148
f 2144 2146 2148
f 2146 2150 2148
f 2146 2149 2150
f 2145 2149 2146
f 2152 2147 2148
f 2151 2147 2152
f 2148 2150 2152
f 2150 2154 2152
f 2150 2153 2154
f 2149 2153 2150
f 2156 2151 2152
f 2155 2151 2156
f 2152 2154 2156
f 2154 2158 2156
f 2154 2157 2158
f 2153 2157 2154
f 2160 2155 2156
f 2159 2155 2160
f 2156 2158 2160
f 2158 2162 2160
f 2158 2161 2162
f 2157 2161 2158
f 2164 2159 2160
f 2163 2159 2164
f 2160 2162 2164
f 2162 2166 2164
f 2162 2165 2166
f 2161 2165 2162
f 2169 2163 2164
f 2167 2163 2169
f 2164 2166 2169
f 2166 2172 2169
f 2166 2170 2172
f 2165 2170 2166
f 2169 2168 2167
f 2172 2168 2169
f 2171 2168 2172
f 2172 2170 2171
